0,1,2,3,4,5,6,7
0.67704636,-0.40170938,-0.27186233,0.5686276,-0.39518481,0.7174286,0.7723681,0.45271552
0.66240853,-0.33110172,1.359053,0.70140755,-0.53024954,-0.34312236,1.0616863,0.6436175
0.36538896,0.87983894,0.38615716,-0.6205537,0.8793819,0.5051785,-0.41223636,0.29250777
0.71104795,0.66860765,1.041061,2.127644,1.2853065,-0.91968536,0.17312792,1.6376301
0.9258948,1.5388566,-1.1606616,0.56480926,1.0791463,0.64190954,0.39505008,0.36888266
0.5497627,0.51549935,0.6222127,0.32999477,-0.7872438,0.12386256,-0.17382765,0.12705773
0.2608764,0.33316404,-0.32410783,1.7153372,-0.0992755,0.25794703,-0.21881852,0.33760577
1.1310381,-0.08592339,1.1373286,-0.18488768,0.1874925,0.17074907,0.3220786,0.6893302
0.89446455,0.23019932,0.0124002695,0.9932166,1.1313523,-0.4608789,1.1065984,0.6127382
0.34234384,-0.44494587,0.02355656,0.45952097,-0.13476066,0.6964277,0.59939414,0.83228475
0.11088542,-0.072392896,0.67278546,0.3275797,0.25177348,-0.3543117,-0.28952357,0.15722103
1.0445825,0.1659352,1.1502322,1.0399747,0.60872585,1.5798321,-0.24390824,-0.08377811
0.8159326,-0.13363232,0.09213434,0.6971259,-1.0911099,0.08248538,0.72285587,1.0927013
-0.27919605,0.6557301,0.2824514,0.79436016,-0.5377562,-0.22578728,1.501803,1.4253728
0.7888162,0.81694645,0.17290507,0.5380598,-0.06473546,0.9893602,-0.31286493,-0.011675507
-0.016708128,-0.29613435,1.2159061,1.4517344,0.67923623,1.783589,0.5561933,1.4081184
-0.6991388,1.5741115,-0.008442521,0.9923194,0.7259787,-0.10365908,0.26581165,0.23867509
0.6213998,0.40638173,1.2287756,0.9341685,0.32184535,-0.5969888,2.1903563,-0.07990137
1.0968747,0.44491166,0.2858383,0.035853,-0.31098294,-0.65054303,-0.12729229,0.27261743
0.012928586,0.10883224,0.094302416,0.22293141,-0.29411644,-0.105311275,0.019938016,0.34674096
1.0212196,-0.48568332,0.20462126,0.7525963,0.20727895,0.52826655,-0.29562217,0.21275283
0.14148591,-0.23951972,0.11567135,0.28578398,-0.049388066,0.06897692,-0.22810991,0.3232926
0.061833896,0.6901008,0.97535324,0.31407964,0.073817775,-0.79523295,1.0190649,-0.40516275
0.46417764,-0.5513966,0.1811417,0.6944063,-0.35552126,0.67902684,0.68136984,-0.09904751
-0.17232308,0.9769536,0.21966907,0.120671004,0.38266927,0.2327928,-0.4954796,0.5271123
0.53997177,0.15703247,0.18562654,0.2342417,0.6484482,0.18824935,1.3470447,-0.33026537
0.1406275,0.11459677,0.98907995,1.4569414,-0.6518999,-0.4969936,-0.047191903,0.4467609
0.12757593,-0.22024874,0.61328596,0.69031936,0.40219885,0.12387765,-0.53627497,0.1324622
-0.42991135,-0.04700534,0.5077608,0.5029361,0.25331715,0.62558603,1.0711235,0.43339714
1.896953,-0.007957235,1.0844387,0.28737804,0.36394,0.24548298,-0.6291266,0.102237135
1.4210122,-0.7857889,0.18689929,0.14858767,0.1804191,-0.01733242,0.98607534,0.44695038
0.3341836,0.0022442788,1.3719798,1.2812618,-0.7151881,0.63722885,0.067545235,0.5526409
0.2113052,0.9272541,0.25778982,0.88000566,-0.46463948,-0.38423944,0.19353747,1.1626394
0.48671052,-0.19008078,0.99077165,0.07557803,-0.48640835,0.6697367,0.2993013,0.41385132
-0.77610606,0.29730803,0.47327203,1.1448305,-0.11668195,0.43922493,0.03640666,0.2629855
0.19588694,-0.013295963,-0.15228768,-0.026662007,0.86722344,0.19711287,0.022220869,0.40368736
0.09082725,-0.2717098,-0.07579325,0.40824255,-0.3894754,0.3999101,0.02721305,0.5719776
0.07827406,1.6636392,1.3372742,-0.036474682,-0.6377004,0.57065105,0.7329405,0.73076874
0.6598656,-0.12110479,-0.3913638,0.86286265,-0.6238851,0.3230207,0.32058096,0.5413395
0.235454,1.4033827,0.63268405,0.36530983,-0.3350979,0.79354423,-1.0036926,0.432306
0.59797376,0.15204479,-0.799675,1.50119,-0.20908527,0.47067142,0.9744709,0.2382016
0.49291158,0.31041312,-0.049295932,0.08583634,-0.47143298,1.1096916,0.040176667,1.0040734
0.43813452,1.5784202,-0.33411038,1.401725,-0.8009475,0.29130325,2.7515361,1.299484
0.13852671,-0.03961481,-0.06520967,-0.04498402,0.044286206,0.18483046,-0.20268854,0.45287076
-0.19103119,-0.1795686,0.3570994,0.1379951,0.20881817,-0.21952993,-0.06410188,0.6551588
-0.42189014,1.3233932,1.06971,0.38428584,0.68224066,1.1610032,0.71552414,1.3478158
0.39207757,0.020402655,-0.33051348,-0.3066217,0.25344253,0.31055886,-0.24208747,0.44036698
2.122226,-0.19073828,-0.16244219,-0.44709918,1.690878,1.1351136,0.38819605,0.40538508
0.6311713,-0.08439328,-0.3397382,0.51170945,0.35162103,0.6639748,-0.2525072,0.38259447
1.4216753,-0.5898815,0.16707306,0.526249,0.41630125,0.62537885,1.6548294,0.13998152
0.5568588,-0.061787084,0.25649756,0.38583413,-1.0637324,0.057772696,1.0493969,1.6894107
0.980186,-0.2520885,0.3973719,2.0531023,0.15949215,0.9749074,0.1742389,-0.14605102
0.4747799,-0.33085418,0.30431092,1.1359181,-0.5369689,0.08452233,-0.5843628,0.41897276
0.49927327,-0.23364623,1.3413471,1.3083272,0.19005539,1.437016,0.029462812,0.8850014
-0.0057970732,0.10905273,0.05663064,0.808214,-0.12278922,-0.19167563,0.33490792,0.17298992
0.37552032,-0.16095433,0.13583973,0.06450646,0.24105377,-0.43546444,0.41478527,0.490991
-0.21888396,-0.11375934,0.02499175,0.11161166,-0.19343214,0.39575928,0.10296276,0.6109412
0.18470514,0.3759424,0.7221551,0.7730777,0.08385356,-0.2448431,0.14527582,-0.3212887
0.7593273,-0.58127785,0.34329063,1.142934,-0.43401408,0.40271354,0.6797217,0.34519422
0.4134771,1.0413743,1.326826,0.6322937,0.054378048,1.5724835,0.9941363,0.35506994
-0.416288,1.2411721,-0.30227387,0.24562845,0.15420642,0.24711767,0.07070481,0.39793882
0.21093431,-0.82523453,0.71099377,0.31885797,1.5862956,-0.31792274,0.85238224,0.5913224
0.7449159,1.0526589,3.0,0.31613296,-0.37472862,1.0236363,0.67716223,0.19850606
0.53649145,0.740982,0.9754606,-0.04063738,0.010111049,1.0604502,0.2637497,0.006095752
1.7629448,0.7846103,0.45258284,2.0255663,1.9432192,1.5244904,-0.8083124,1.5465069
0.44190428,0.4742849,1.2496268,-0.49332234,-0.14715402,-0.18327433,1.0857574,0.23642723
0.31398776,-0.17457451,0.25499257,-0.32221785,0.5076266,0.004639305,0.14621839,0.13112311
-0.2696031,-0.41307557,1.1952742,0.7150762,1.3040645,-0.2733575,0.111448325,0.8164273
0.6693245,0.007863328,0.20384759,0.2371065,0.19142874,0.73366576,0.016950717,-0.14812976
0.9841877,-0.2687772,-0.28393668,0.6796048,-0.3923052,-0.032854244,0.4408892,0.18759593
-0.16754785,-0.6830815,0.70425165,1.2344344,0.7887252,0.3363124,-0.30073503,0.5067105
-1.3380783,0.051141486,1.0758039,1.3966813,1.110986,1.2437934,0.3925971,0.7921688
0.4870979,0.51088244,-0.2027633,1.306958,-0.22138737,-0.22774777,0.6481344,-0.14379758
0.009287655,0.08819911,-0.02082713,0.055151455,-0.7474305,0.5815084,0.33699524,0.65982676
-0.42436385,0.34371763,0.45709872,0.408416,-0.063371345,0.35637486,0.14980944,-0.05701469
0.23661205,-0.42983383,0.12185563,0.8715598,-0.44103312,0.3154062,-0.2225136,0.37081566
-0.49392673,1.8076371,1.3875804,-0.20935184,0.6252844,1.2661151,-0.17223367,0.84458464
-0.079576276,0.73118275,-0.13441844,0.87396103,0.6794192,-0.5276855,1.3086677,0.13919404
-0.29428217,0.37713456,0.5210276,0.27390516,-0.11859925,0.054100238,-0.36301252,0.29284334
-0.086131714,0.19045195,0.0019576997,-0.29640996,0.017355874,0.38942704,-0.15273596,0.43680137
0.77388203,-0.019166365,1.0357437,0.021708101,1.3019401,-0.94036365,0.48535946,0.9263161
-0.25998372,0.06360757,0.19689438,0.46803573,-0.31911957,0.383166,-0.06400787,0.7106372
1.3001629,-0.07394494,1.0419787,-0.51100034,1.6699107,0.08652479,0.5603855,1.1585746
1.6945893,-0.29115856,-0.573933,1.0283018,0.066817835,0.8628336,0.2693404,0.5798236
0.8382839,-0.5235411,-0.026871666,0.9197559,0.44358903,0.3909257,0.6292975,-0.2789134
0.20943728,0.52868426,0.3992625,0.032738894,-0.2144361,-0.71202964,0.34701702,0.5604007
0.19619846,0.38469905,0.7326119,1.2157807,1.4859017,1.7768699,0.023519313,1.250639
0.6163032,0.48763222,0.10034768,-0.1530852,1.6443193,0.43036127,0.09895636,0.19781086
0.97635764,-0.1322323,0.132352,0.95359105,-0.51490396,0.5543977,0.121868335,-0.05969669
-0.4565418,1.6855868,0.15123822,-0.62964106,-0.13503964,0.7075918,0.076791696,1.0736613
1.2543743,0.38813877,-0.0448751,0.2755176,0.57451427,-0.030338839,-0.4443484,0.14885513
0.7533175,0.90136653,0.094787106,-0.083978124,-0.2648071,0.03424819,0.07508645,0.5968474
-0.18900472,1.2962669,-0.08328761,-0.24536669,0.33772737,0.5629896,-0.3468797,0.9161626
1.5468076,1.007276,0.19305353,0.11222145,-0.44724602,0.69508773,0.0880939,0.113013215
-0.67903227,0.41643012,0.92984843,0.30126268,1.2091924,-0.7536827,-0.027663404,0.576372
-0.2684141,1.1400839,0.18448547,0.7864618,0.54914063,-0.38266993,-0.4634866,-0.007073149
0.5422637,0.34449905,-0.29758656,0.17339985,0.36734158,-0.75933546,1.0036119,0.70367944
0.75639176,-0.3128112,0.06763756,-0.11698712,0.2738402,1.0668697,0.17395937,0.8164418
-0.19382465,-0.089039005,0.13829064,0.5478901,-0.3908608,0.3562508,0.08823507,0.46194148
-0.48437533,0.12449901,1.5676192,0.9664069,1.1126282,0.9722012,0.8494168,0.35884404
0.673,1.095367,-0.51063776,0.9404193,-0.2140397,-0.51799834,0.40951276,0.4375828
-0.17114606,0.23592655,0.9987496,-0.10452827,-0.121331796,0.67939633,-0.12498409,1.6147078
0.37547603,1.7963856,-0.46717644,0.27961335,0.34915948,0.7495144,0.89730805,0.06958862
0.36337504,-0.41560632,-0.19191574,-0.21073309,0.34855556,0.3795308,-0.21065834,0.59678376
1.452515,-0.6986971,1.2657905,0.17220494,-0.16396774,0.3973115,0.8771637,0.12564278
-0.041181743,0.06513749,1.0014334,1.0103945,0.958926,-0.9119121,0.5171117,1.286495
0.24057397,0.20104183,-0.043226674,1.101832,-0.36840641,-0.07457268,0.0015220405,0.0025640428
0.10967427,0.14550398,0.4222818,0.09446154,0.390185,0.98329663,-0.17088562,0.1827181
0.7602369,0.914333,0.14922337,2.486139,1.2834227,1.2281096,-0.061895452,2.4621723
0.25865173,-0.108993664,0.41702974,-0.12272871,0.6369909,1.1991495,0.33791965,0.4389006
0.96807414,-0.35445702,0.5647734,1.5139971,0.0243171,-0.30746537,0.8913935,-0.35694513
0.25467733,-0.33554792,0.10850169,0.46560952,-0.5730105,0.69433945,0.06498968,0.53783566
-0.06205274,-0.03634025,0.2756831,0.45779112,-0.35722214,-0.0736175,0.2670376,0.887017
-0.65322167,0.7547833,0.40030944,0.4303107,0.1388014,0.19472168,0.52013683,-0.07596809
0.12919763,-0.294679,0.31567156,0.5885578,-0.2058012,0.5456348,0.12173342,0.002257362
0.20275912,-0.3694576,-0.09109828,1.2427541,-0.21195321,0.6767763,0.8386293,0.32203916
-0.09843495,1.2356031,0.12299277,-0.30519494,-0.25239664,0.23334384,-0.2506246,0.63027734
0.86912364,-0.13491745,0.49576312,1.1134579,-0.15530764,0.5303609,-0.18251567,0.00468038
0.021735497,0.5701119,1.4526125,0.5952057,-0.7354135,-0.64217114,0.4544592,0.5690502
0.97969204,0.39704734,0.6819108,-0.5422301,0.4478652,0.3532982,0.58802515,0.2000961
1.0998641,0.9409437,0.18874781,-0.32232788,0.58134747,-0.84763,1.2342492,0.8037415
1.2430686,1.3361751,-0.18022735,-0.10897037,-0.11681895,0.57245815,-0.49003968,0.12401733
0.49969468,0.9783436,0.8568049,-0.5114807,0.1468407,0.23634014,-0.18867266,-0.14960104
0.31997618,0.382473,-0.1552652,0.094799295,0.22422753,-0.65002316,0.68312854,0.7190021
0.19236904,-0.3149935,1.3584775,0.15988488,0.58927906,-0.23925203,1.4138945,1.1640944
-0.08203608,-0.81219673,0.7729552,1.1204599,-0.24114136,0.4972545,-0.2470799,0.9700164
-0.4915729,1.5014395,0.42410982,-0.62756675,-0.33377337,0.030460477,-0.043785766,1.0093186
-0.45667687,1.4964417,0.16911973,0.41435394,0.8447403,-0.371215,0.0772864,0.6316479
2.175495,-0.38596958,1.1997453,1.2799529,-0.108412966,0.19493282,-0.40752342,0.38591605
-0.35237756,-0.053529397,0.0981863,0.17309937,0.0895514,0.42546624,-0.038083576,0.76605856
0.2155155,0.028562114,1.0632063,0.68663806,1.9803529,1.0779529,0.8819293,-0.010825098
0.18813953,-0.5666133,1.0318264,0.92319787,0.9771575,0.14804679,-0.032273773,0.20938136
-0.79534084,0.32487214,0.76292497,1.0996604,-0.039567783,-0.16237965,0.40130582,0.593305
-0.40380368,-0.15450014,1.7810436,0.7129046,1.0042305,-0.7519531,0.6981699,2.1796622
1.306985,-0.40045267,1.5063623,-0.5782712,0.80459887,0.17244461,0.56624836,0.19023512
0.17078882,-0.8266699,0.7187892,0.3466956,0.73607856,-0.15418145,0.7902816,0.33526772
-0.12395581,0.5878559,0.6748549,-0.054371543,0.52092737,-1.0068747,0.53657705,0.2997216
1.6051985,0.30026096,1.4939045,-0.5577391,0.98368424,0.12167571,0.24519892,0.30710742
-0.6624295,-0.24001364,1.106974,1.1910545,0.35732508,-0.33839175,-0.23920473,1.0888305
0.3842898,0.6001409,1.2692875,1.787946,0.02830328,-0.6259988,0.13844177,-0.18994975
0.36561748,0.091947064,0.17716078,0.5298892,-0.8698454,0.30922636,0.16571186,0.30675146
-0.5324107,0.6089915,1.052862,0.8497301,0.3877017,-0.5339414,0.8343615,-0.12813926
1.0584105,0.3262536,-1.058706,1.2833608,0.41486079,0.99668,0.7997715,0.62196356
0.70714074,-0.17862497,0.61004066,0.27609685,-0.13996421,0.5326778,0.24565756,-0.34106135
0.7554969,1.3943511,1.2675724,1.1963706,-0.5146423,1.2472501,-0.5792692,0.27517396
0.12920882,0.49992502,0.40033048,1.3691399,-0.55796343,0.3330109,-0.7578283,0.25508565
0.290737,0.25198942,0.06174837,0.234723,0.3803202,-0.17103463,-0.45135027,0.18646577
0.46029368,0.16313751,-0.28887802,0.7445975,-0.2565993,0.39425826,0.0418199,0.5105275
0.0125229135,-0.20905928,1.0749388,0.06524495,1.1031848,-0.33389556,0.43665943,-0.13309884
0.54019624,1.2864968,1.6330807,0.38165292,-0.04286425,-0.24405822,-0.004869954,0.24333239
0.28276765,-0.038937077,-0.067919865,0.74155384,-0.25112808,0.3266609,-0.16809712,0.28666055
0.5399452,1.5370263,2.1830754,1.4563673,0.59717,0.7863998,0.039024517,0.48596215
0.20429283,0.14792293,-0.091248006,0.781068,-0.032937676,0.27423942,-0.4023882,0.32160223
0.18803415,0.40582192,0.47827035,-0.3995444,-0.1191134,-0.09500396,-0.077308275,0.09299446
-0.043087266,0.6089871,0.16700819,1.1206251,0.7113359,0.4908281,-0.70418626,0.18758087
0.35334876,0.44008237,0.2678885,0.9227739,-1.1068907,0.8839486,0.21341227,0.705618
-0.47726962,0.22543506,0.4322303,1.2086881,0.60096216,0.18685645,-0.86765254,0.63354546
0.16068414,0.4805054,-0.37122494,0.01313404,-0.009254858,-0.097935066,0.18411417,0.56153536
-0.26150987,0.714987,1.0180238,0.65369207,2.6422296,0.24975331,0.25827655,0.42813963
0.55548006,0.062827215,1.1332623,0.62208515,0.2283863,0.9024384,-0.20014821,0.29052684
0.03194605,-0.1367722,0.6623902,0.6652249,0.034422323,-0.34217685,-0.72299606,0.4956793
1.2515018,0.9686928,2.4095461,-0.02925957,0.3258782,-0.27870822,-0.47319064,0.1616481
0.23779923,-0.2558456,0.28723982,1.079119,0.75141114,0.10839389,-0.08885017,-0.06070727
0.84740734,0.016216949,0.5874587,0.0988679,0.13103883,0.14325947,-0.38286665,0.26592943
1.0675675,-0.6562456,0.5570812,0.23450476,0.702906,0.35880488,0.3487949,-0.29236665
0.84058017,0.84513426,0.26102558,-0.366987,-0.22490127,0.7687703,0.2566091,0.81594706
-0.4761509,-0.43648827,1.2643319,0.947107,0.7012735,0.19874431,1.3922628,1.1625583
0.07488797,-0.039062366,0.08977901,0.33153287,-0.28676385,0.41525432,0.061308943,0.15751877
0.019103695,0.17459537,0.4206959,-0.3016564,-0.010841265,-0.050810218,0.34677416,1.2244121
0.20097044,0.38854825,-0.034143776,-0.094067134,0.20834379,0.65607584,-0.1467127,1.3608872
-0.47652134,0.30691445,0.3453406,0.06785754,0.8141928,0.50843203,-0.19200505,0.5159918
0.8647468,-0.6806855,1.5683206,0.6041404,1.0810411,1.2014222,0.5141403,-0.9433372
0.39329943,0.43349653,-0.15003802,-0.33593875,0.83759063,-0.059495464,-0.027597187,0.47722012
-1.1495796,0.23487107,1.3060308,1.2225294,1.8606067,0.6475564,-0.44049242,0.5972554
0.30283862,0.46206456,-0.2861101,-0.5811382,0.10044408,0.14607415,0.39478323,0.6360965
0.49218675,-0.053531125,0.22512782,0.47745827,0.84825164,-0.33927727,0.2977877,0.2462079
0.03761536,0.40407962,0.50485814,-0.4014654,0.22651386,-0.20051375,0.23687874,0.019325525
0.51162744,-0.18704404,-0.05496785,1.5130923,0.56061304,0.9351316,-0.34662142,0.36238536
0.73459446,-0.18258323,0.29025215,-0.14272153,0.8554763,0.34638533,-0.4307646,0.39751092
0.24661008,-0.4980836,0.37303317,0.61214274,0.73971415,0.8313926,-0.22482297,0.42948946
0.066416375,0.16416015,-0.3249144,0.3379511,0.540132,0.6608035,0.028051713,0.65164036
-0.053660586,1.7804766,0.11846789,1.8037044,-0.36100113,1.08457,0.73435515,-0.68386334
-0.15898442,0.32842147,1.1234877,1.5972459,0.40618122,-0.62782604,-0.636587,0.540215
-0.1379982,-0.14184783,0.17137696,0.0507086,-0.49276167,0.6216526,0.8152849,0.97025275
-0.4001896,0.77667594,0.08354774,1.030375,-0.0030275881,0.46074995,0.13058032,-0.17691082
-0.058865942,-0.4535874,0.31672847,0.29236943,1.4191395,0.1657848,0.54006803,1.3722675
0.88611,0.45986992,-0.13153677,1.5182955,0.09908523,0.04411447,1.0272329,-0.084979266
0.08352704,0.82237625,1.1653655,0.8447368,0.17466392,1.0439432,0.54286927,-0.5231653
0.03196977,0.1187046,1.1209952,0.9311997,1.1158972,-0.3285722,-0.5268081,1.2518712
0.71125907,0.45842075,1.1156192,1.2960728,0.0033350736,-0.87115216,-0.20325182,0.5651593
1.0443716,1.097861,-0.17180823,0.09032844,0.42130166,-0.50522625,0.08829401,1.2957742
0.9884171,-0.05909948,-0.4326434,1.3135047,-0.44127178,0.5874826,0.6419887,-0.078957796
-0.63177365,-0.11496784,0.7204058,1.5501485,1.6294348,0.009461895,0.8267967,0.580055
-0.5122599,0.38457853,0.09957905,0.041573294,-0.17197673,0.73522025,-0.0851072,0.9081047
0.9454086,0.56433994,-0.8352636,0.8575278,-0.4744761,0.20070815,-0.08902206,0.30430782
0.20230722,-0.32940745,-0.05946383,0.36922064,-0.3766783,0.64643717,0.4081404,0.47620282
1.5833929,-0.092026845,-1.0476586,0.7978156,0.09226294,0.18703271,1.4530054,0.5439769
0.11323137,0.08531533,1.134803,1.8849783,0.4079417,0.13594648,0.7882212,-0.56410956
-0.57553655,1.5098976,1.7967827,0.6683998,-0.9181668,1.2397969,0.8362805,0.88988316
0.014289819,1.0673169,0.9746103,0.029354978,0.44390422,-1.0993769,-0.060027882,0.17847358
1.07466,-1.2071635,1.3770924,-0.10032617,2.2582922,0.35816795,1.2896044,1.0356915
0.22900599,-0.06354825,0.09088448,0.03861805,-0.5937759,0.5804976,0.2815043,0.657582
0.12757227,0.298464,0.17427784,-0.17222297,0.35325783,-0.09754288,0.26858306,-0.0019940585
1.3321328,0.7246175,-0.09258658,-0.009098738,0.036145225,0.14347208,0.66242915,0.047521435
0.016326986,0.6686566,0.331155,0.0034310445,0.8487055,-0.6718004,0.424952,0.014668368
0.6274403,0.48969227,2.7907634,0.2845179,0.046310857,-0.55669945,-0.0043032556,0.2569421
0.36946687,-0.33213985,-0.11370364,1.440257,-0.6126395,0.87577033,0.3140853,0.3099113
0.38562465,0.60750973,-0.40615475,-0.1280083,0.07484521,-0.30650243,0.45375428,0.884495
0.0913945,0.5213167,-0.122872606,0.9647375,-0.11913946,-0.15175924,-0.29353422,0.3574143
0.108726166,-0.2082677,-0.04471773,-0.048879974,0.27766132,0.028764993,-0.0080103595,0.69373304
0.49659756,0.41009307,0.23063973,0.49675682,-0.3119099,0.7306253,-0.6066773,0.23297626
0.14530012,1.1062356,-0.22260003,0.011701308,1.2357028,0.5678574,-0.53394073,1.4029264
0.32129472,-0.20825344,-0.14051573,-0.076313086,0.3278913,-0.025752395,0.20273818,0.40913847
-0.33695823,0.13091096,0.77770424,0.069447555,0.3491757,-0.5297135,-0.10408437,0.5211861
1.3579487,-0.03029801,0.33501023,1.3020372,0.22469492,0.48709702,-0.95355433,0.42933825
1.4280814,1.4498094,1.1435275,-0.60492617,-0.7804531,1.0395713,-0.5702663,1.3308583
-0.081715636,1.369641,1.1007756,0.23917496,-1.1837498,0.7798027,-0.04715024,0.64932215
1.4156665,-0.0072423965,0.18017979,-0.32997543,0.4962678,0.32797635,0.24803154,0.8410574
0.8850896,-0.18706472,0.12616886,1.7680624,0.7823803,1.2935089,-0.096482106,0.33715808
0.36583415,0.3194688,-0.22867306,0.6949083,0.0074997544,0.26474822,-0.5093429,0.17312887
-0.016866725,-0.18599753,0.680135,0.21415153,-0.27968174,-0.26217037,-0.16347116,0.4887538
0.33523378,1.422839,-0.36857283,0.26716346,-0.07589109,-0.36341923,0.25708604,0.3272689
-0.046889834,0.61657983,0.107820526,-0.2734398,0.2361704,-0.03526242,-0.15683998,0.22010146
1.761536,0.23705827,0.31643605,0.269317,0.6340694,0.5430665,-0.92255074,0.45492494
0.7527997,-0.20623721,1.5803868,0.2796422,0.09996013,-0.17245924,0.0453877,0.5624298
-0.18959138,-0.11249299,1.1172031,2.0226722,2.2725492,0.1760891,1.1580831,0.5097538
0.6757428,-0.13054265,0.8641155,1.1386207,-0.55822784,-0.6149789,0.6666083,1.1814426
-0.43471423,-0.023420408,0.6161168,1.0450995,0.5236577,-0.12999389,-0.21930131,1.0851874
-0.36292222,0.4322096,0.36856788,-0.11513413,0.45206314,0.7331829,0.6222014,0.7865808
0.762707,0.7268914,0.13063858,0.31411484,-1.098324,0.19952418,0.015461756,0.27005342
0.94754535,-0.20419933,0.6858047,0.43697014,1.2029798,1.3250016,-0.9017427,0.078894705
-0.16907704,0.7574547,0.30135876,-0.006461799,-1.0963485,0.69659305,0.6210459,0.73093843
0.91746753,0.14985876,0.32721335,0.49992839,-0.34439695,1.0374725,1.0538129,0.07457167
-0.41651207,0.4054219,0.5564137,2.3537652,-0.0062618107,0.6417544,0.38713613,1.0835357
-0.38043848,-0.3496278,0.48259914,1.102334,0.30489087,0.05069302,0.2556636,0.4111303
1.371276,1.3396013,0.5117929,-0.00039546192,0.36929458,-0.8030785,1.062404,-0.019603506
0.59816766,0.36189002,0.9247575,0.30671263,0.47876936,-0.527404,-0.2906754,0.13854702
0.56512094,0.6062215,-0.40641654,0.42511702,0.8172988,-0.3916422,1.7689496,0.24326989
-0.09078603,-0.19018702,0.62495923,0.44249308,1.56652,-0.0068068355,0.4463667,0.15164444
0.93129975,0.5890702,-0.40432918,0.25076494,0.101455405,0.5096897,1.389944,0.26032448
-0.22383595,1.5343122,0.38329154,0.27309653,-0.7027186,0.22443438,0.20955218,1.7053871
0.63272786,-0.34237152,0.44391513,0.60761935,0.169657,-0.28496534,-0.10804547,0.33503348
-0.38636163,-0.24381347,0.60108167,0.8928764,0.5007675,-0.15361863,-0.3628488,0.48231113
1.1348802,0.6780758,0.673537,0.8735774,-0.002768144,-0.28064495,-0.5508876,1.1343697
0.63675827,0.40697783,0.18144475,1.4899068,-0.44376504,-0.32707188,-0.5076167,0.16625643
-0.48625574,0.28580534,0.43185574,0.4657096,0.40118587,0.9807372,-0.09182725,0.45881492
1.2271489,-0.6807893,0.5593056,1.2408612,2.0587919,0.44375622,1.6224204,0.42618954
-0.14915574,0.62886435,-0.068670616,0.7343913,0.32071322,0.78714854,1.1670198,0.7423037
-0.18650073,1.0559492,0.85625505,0.5567972,-0.9496874,0.8554002,-0.06324166,0.52146554
-0.79033893,-0.07079266,0.77854276,0.99127316,0.69329745,0.696309,0.62162,0.1525211
-0.46272993,0.43238252,0.83497465,0.47284916,0.81652033,0.7896009,1.2460474,0.61111593
0.5735687,-0.28670096,-0.507585,-0.028979488,0.42059243,0.39510286,0.29082763,0.4813865
0.5006532,-0.05363895,0.5811884,0.6904258,-0.15436773,1.3067863,0.7807443,0.80544084
0.89771074,-0.32706064,-0.40668857,0.33607098,0.85226333,0.7909843,0.12109064,0.36933774
0.38100347,0.22392796,0.968175,0.27943876,1.1462271,0.4849319,0.020074442,-0.25872377
-0.6470985,0.6445415,0.4688756,0.3104732,0.7764712,0.5679709,-0.18572682,0.36228725
0.118363604,-0.17595775,0.5919527,1.0592701,0.6375094,0.7891667,-0.7730969,0.2485732
0.40036172,0.18290861,1.285668,1.084574,-0.7285643,0.41571748,-0.41546372,0.11818391
-0.12720963,2.069419,0.6304694,0.12946388,-0.21889816,0.13670518,-0.18932082,0.23553652
0.9002492,0.091936424,-0.32139915,0.10892919,0.4747197,0.2442685,-0.12192201,0.06687848
0.2355895,0.40554255,0.64879227,-0.13703993,0.61212814,0.9972087,-0.4252979,0.23941731
0.8063031,1.4387658,-0.089279786,-0.5566359,1.2680807,0.12289066,0.35727766,-0.04493682
0.38459614,0.8737241,-0.29151565,0.7645522,0.40624797,-0.5292368,0.13842995,1.3446938
0.5890371,0.2335393,0.41271806,-0.21051148,0.093026266,-0.21574184,0.04540389,0.07486287
1.2132947,-0.3121289,0.91938686,0.94494355,-0.5091521,0.7817122,0.13116264,-0.4786687
0.24393582,-0.118954584,0.42539793,0.7150778,-0.3608123,0.76157826,0.27647597,-0.024344832
0.19309202,0.0767362,0.3659476,0.3868805,-0.23827125,-0.5837393,0.25320724,0.38468143
0.15281725,-0.17910488,1.3728366,0.776497,0.447268,0.92176837,0.12003376,0.92249095
-0.20692259,0.5379232,0.5058842,0.65293527,-0.44865012,0.47282556,-0.089708485,0.05540412
-1.0704721,0.5924221,0.0810917,0.8471007,0.5130418,0.8732684,-0.07061332,0.9508556
1.1040794,0.47116297,1.997383,-0.40880322,0.3816406,-0.816702,1.0658015,0.8207661
0.2232497,-0.19025438,-0.07455324,0.021142095,0.50944793,0.31631282,0.11634164,0.22854662
0.6680193,0.54983836,1.6493841,2.1160288,1.1369798,-0.08646789,0.26356742,-0.594943
-0.03891202,0.15797636,0.46878123,0.30680692,-0.2751212,-0.039146185,-0.427753,0.16051167
0.4177065,1.5436801,1.1382091,-0.85555285,-0.22416078,-0.72384095,0.58373606,0.1930517
0.008358378,-0.13314587,0.1739694,0.8485892,0.006402716,0.40895683,0.18788673,0.31238794
0.68899876,0.24621452,-0.11923279,0.18157607,1.2778635,-0.7472875,1.1863499,0.70109195
0.121229716,-0.22228517,0.0815835,0.18599042,-0.07599509,0.30403256,-0.16667123,0.7304191
0.08344639,0.50704646,0.27476126,-0.22447261,2.0753613,0.27729672,0.50341105,1.4298928
0.5276929,1.1885734,0.8045868,-0.025305755,-1.315551,-0.25927085,1.2745095,1.3933892
-0.34783617,0.07104342,1.0589536,0.9190613,1.1408949,0.4156327,-1.1617166,0.48238865
0.26841763,-0.15068214,-0.06202516,0.09541486,0.38011318,-0.04787615,0.3969777,0.16148132
-0.29270753,-0.08842057,0.23097129,0.17764837,-0.047998622,0.20874316,-0.1823951,0.43902823
-0.4958869,1.4601392,0.6218303,0.88706356,-0.024942711,0.019085541,-0.5715683,-0.24936455
-0.020241022,0.80122435,-0.08335462,1.1154485,0.2673842,-0.46411705,-0.0013369895,0.20667486
1.4740661,0.9510188,0.5466194,0.16254751,-0.64841944,-0.30276716,0.4624093,0.68037766
-0.034757026,0.431161,-0.09697436,0.7037069,-0.3463894,0.07741369,0.50840694,0.14578874
0.9376866,0.4642778,0.65997696,0.17134008,1.3561863,-0.49570012,0.7820872,-0.14269695
-0.84097487,0.94961405,0.54673976,0.2527917,-0.18811332,0.27679026,-0.10576367,0.22970912
-1.0303549,0.61007035,0.7087016,0.42824236,0.23465723,0.60526186,0.12235127,0.36700833
1.0835468,0.19551419,0.99989235,0.18442208,-0.96028286,0.62551093,1.118895,0.30479205
-0.04103373,-0.109525934,0.57626694,1.224885,-0.8571681,0.64295816,0.485536,0.52719355
0.26381406,-0.008729711,0.4345941,0.34731248,0.4714346,0.84584117,0.16972592,-0.3001068
0.40657374,-0.0021165758,0.25105008,0.26297188,1.9396214,-0.41557455,0.23790699,1.4073691
-0.37616143,0.52326775,0.41334063,0.6299266,0.35471088,0.26136643,0.6636096,-0.3379572
0.78667504,0.15925695,0.5306914,0.5005922,0.1053112,-0.10131045,-0.8005355,0.19572145
-0.008555967,-0.07719162,-0.0884818,0.8237751,-0.2153454,0.14879704,0.24657701,0.43962502
0.30787253,0.25899208,1.0420392,0.47769815,-1.1800253,0.7009391,0.90327084,0.9514506
0.48450202,0.66521394,-0.41174966,-0.34525222,0.07501285,0.6566834,0.34478775,0.42674124
0.4623235,0.06017448,-0.31123054,1.1956879,-0.53718215,0.39452392,0.3594404,0.22184125
0.5458468,0.93042356,-0.06564112,0.2543836,-0.42907733,-0.14602268,-0.21687374,0.5767748
-0.34716105,0.95806146,1.7008926,-0.25966686,1.1608179,1.306081,0.1139461,0.40268204
0.7899601,0.58105415,0.19909362,0.4479355,-0.2896096,1.0137377,1.2904565,0.84316164
0.074004285,1.0413344,0.114440694,1.1754621,-0.5023488,0.7558476,-0.36820468,0.3264513
1.3804754,1.7371145,0.5877686,-0.23976335,-0.22576116,0.9038412,0.8912659,0.52678585
0.084271014,0.74473494,0.74031097,-0.28735167,0.16724022,1.6729916,0.39422372,0.8020876
0.01396906,-0.36844093,0.314556,0.49678648,-0.0065458864,0.060747504,0.2179005,0.083014354
0.2425462,-0.4872287,0.51108867,0.38882372,-0.31427336,0.8831723,0.09108569,0.4074067
0.6828419,-0.15400793,0.6432046,0.4618744,0.103575185,1.3324016,0.9435767,0.45279765
0.58368725,0.23878507,0.022936001,0.27015716,0.6891849,0.44499746,0.7562685,-0.3952173
1.7178247,0.5444208,0.8642778,1.0560244,-1.1898074,1.0387356,0.0638343,0.52629393
2.1552591,-0.03020598,0.20623784,0.95019877,-0.42546356,0.8494948,0.2222953,0.13105957
1.0266167,0.4042127,0.093992114,0.4739575,-0.13226049,0.3800079,-0.3572208,0.12116582
0.27734637,-0.03948988,-0.4797529,0.38489094,0.5201865,0.32286763,0.0957019,0.50450367
1.3634492,0.17222814,-0.52168673,0.43095174,-0.7782441,0.42783895,0.71807253,0.19547603
1.1969128,-0.4463846,0.23107314,0.26399595,0.41638523,0.48908484,-0.4699882,0.23445955
0.30529052,0.31500596,-0.03053923,0.13651817,0.9060236,0.52343184,-0.85827184,0.84956133
0.23485222,0.78013104,0.9597836,0.22702026,-0.07034926,1.4249748,-0.58924824,0.7537033
-0.42177996,1.2997663,-0.42577434,0.3676121,0.24264464,0.31566864,0.569359,0.50362855
0.950854,0.70425826,0.27183694,-0.3880631,0.7325719,-1.2846568,1.4227825,1.2821443
0.285881,0.5684507,0.30055833,-0.40723747,0.20809911,0.8827397,-0.39913195,0.5909391
1.4599307,0.5908958,-0.3763389,0.51854825,1.3266792,1.0408443,0.4345679,1.3527586
1.4735926,0.56645167,-0.11539431,-0.28636852,0.78709656,0.3708439,-0.49380228,0.33866426
0.0153349005,-0.0077575,0.49255925,0.26971322,0.74306005,0.018325113,-0.72171134,1.0516976
-0.5623535,0.57595706,0.6157187,0.76583314,1.8134004,0.1771611,0.70335156,0.236983
0.16802803,-0.09240489,0.64836156,0.16714063,0.71897733,0.45466623,0.24022678,-0.3687572
0.6185359,-0.10160728,0.7721733,0.6692477,0.19050004,1.4843915,0.5994854,0.43700954
-0.17710075,0.63320386,0.20699151,0.56522983,-0.47371107,1.4973025,0.25833753,0.65164286
1.4277171,1.2594892,0.38005757,1.0388165,0.16721065,0.5790746,0.57395875,-0.17216104
0.24999562,0.58823645,0.8816333,-0.16731218,0.67199796,0.5462177,1.2038484,-0.6478565
0.107783705,0.114592806,-0.037269205,0.8356824,0.15717448,-0.029916555,0.014106089,0.344015
0.26076266,0.346927,0.4844705,0.80078954,-0.37156558,-0.056630194,-0.7800599,0.3055293
0.044060327,1.3589929,1.650312,-0.33759573,1.0814263,-0.49061823,-0.12799533,1.0066851
-0.38149822,0.1977158,0.6646763,2.1901147,0.5072462,0.19958925,0.26535538,-0.037238
0.20557842,0.13057764,0.19274709,0.05046148,-0.032276526,-0.125093,1.7459584,0.85281134
0.16312444,0.2537951,0.23244028,0.784628,-0.07496418,-0.20878631,-0.2140179,0.15274295
-0.15032277,-0.05006425,0.30409905,0.15776256,0.051375568,-0.07110253,-0.4068715,0.29412192
-0.23953569,0.38148087,0.16669713,0.17274012,-0.5357592,0.46043625,0.529633,0.19540599
0.45729086,1.1823201,-0.7482398,-0.00090237707,0.20717146,0.12452901,0.20043679,0.995234
0.14884871,-0.27160102,0.088895895,0.38204774,-0.29056138,0.28008175,-0.01461065,0.21146284
-0.81900275,0.4727472,0.2826714,0.8471522,0.37691045,0.12933871,0.35657254,0.53342974
0.23044726,-0.2419203,0.23955789,0.7097301,-0.04394898,0.60887307,0.16703217,0.20140852
0.75678295,0.32995468,-0.34897447,-0.09476692,-0.37358123,0.9581853,1.3073248,1.3455324
0.58528167,-0.17510952,0.21810189,0.44599548,0.59407234,0.3977428,-0.19067307,-0.09098384
0.35363784,0.32188457,0.20239021,-0.30528218,0.26179397,-0.3376391,0.43643898,0.2608493
0.59258586,-0.34722805,-0.40114784,0.49265382,0.94970375,0.8711267,0.63790846,0.63203603
-0.21718025,0.5156959,0.09409103,0.55166316,0.52838546,-0.28936577,-0.09571532,0.53375447
1.9751655,0.22102712,0.10019021,1.3893578,0.56117624,0.22788554,0.3655026,-0.4233724
0.5334994,0.80271477,0.49496,0.19904453,-0.47193962,0.4949625,-0.62925464,0.10451689
-0.7888342,0.8133349,0.95140946,1.9755068,-0.5089196,1.6264226,0.29100814,-0.084489465
1.4038681,1.8213745,1.0764012,0.84341115,-1.4819152,0.6050627,1.0604084,0.63971585
-0.07700919,0.19295263,-0.13051881,0.090578735,-0.036028445,0.114081964,0.84550995,0.46014324
0.5741168,0.18595468,1.4392108,0.26298946,-0.20685394,0.83333576,0.2530546,0.29810008
0.3346107,-0.062852934,0.15997301,1.012629,0.9677164,0.32114404,0.80490345,0.46122068
1.0623305,-0.8111037,0.3090967,1.3599447,-0.3478405,0.6075049,0.6393373,0.2498009
0.33936593,0.95484173,1.666789,0.22021139,0.4883573,0.05432403,-0.669617,0.3633995
-0.2918388,0.049244747,0.24349678,1.0540752,-0.11492057,-0.00700213,1.2321659,1.2825305
-0.063562654,1.7694288,0.90033644,0.1373454,1.0489936,0.23475343,-0.34248388,0.29510802
1.2445614,-0.6151397,0.3740375,0.18839164,-0.356435,0.49451992,0.36470956,0.39639735
0.81018454,0.7432651,-0.5412935,0.06652108,-0.25168818,-0.07442574,0.62449557,0.8316696
0.35415304,-0.30270642,-0.025546,0.73490506,-0.349998,0.08447268,-0.29086038,0.3567206
-0.20522133,0.83399117,-0.013387933,0.39961842,-0.5774322,0.23626493,1.116153,0.26670766
0.5782453,0.0216773,-0.16061746,-0.07058073,-0.113221884,-0.0029337853,-0.09929501,0.2914238
0.34255815,1.0658416,0.8949756,1.6764563,1.0110874,0.24735013,-0.7540696,1.4481814
0.602452,1.8628213,0.92825556,0.5861636,-0.5086733,-0.19417787,-0.4264231,0.24614689
0.3901079,-0.18293436,0.834636,0.98565835,-0.4403075,0.27998683,-0.45677516,0.44591793
0.7249191,0.11565791,0.3926384,-0.46185187,1.4434872,0.35426062,0.14765583,0.226485
0.75331855,0.47048652,-0.49636966,0.07786808,-0.34165907,0.60966665,-0.043000855,0.43056357
0.1175908,-0.03511645,0.627894,1.4911675,1.3432125,0.4326523,-0.08534426,-0.014488563
0.33076787,0.69458663,1.129378,0.584227,-0.34357095,0.36595622,-0.8483,1.1251587
0.28124455,0.99630976,0.6459034,0.83892757,-0.27965277,0.0063125268,-0.7132085,-0.23127705
0.101673,1.0548583,1.0294185,-0.36629194,0.26752442,1.0222555,-0.4029057,0.8461885
0.7991038,0.49114513,0.25632098,-0.91462404,1.0177022,-0.102785915,-0.30612513,0.60728043
0.1302599,0.4312138,0.06825128,-0.07415334,0.24663629,-0.5534227,0.101554744,0.6446875
-0.1910736,0.6889332,0.4687435,-0.04352519,-0.253066,-0.36966902,0.46523622,-0.0078094304
-0.40342548,-0.10395332,0.2456184,0.8338972,0.22999792,0.86368597,0.0787055,0.38633475
-0.27370742,0.90309554,-0.13535623,0.9922038,0.36966276,-0.13456059,1.3010368,1.1513677
0.66650355,-0.30768454,0.27552658,0.7876922,0.030921832,-0.22834799,-0.48243722,0.31085494
0.33610976,-0.115310386,0.16033515,1.0770669,-0.7209342,0.71808106,0.6515326,0.11250779
-0.5453048,0.4164946,0.5878221,1.1002128,0.18547408,0.38593477,-0.42244807,0.08247725
-0.61215764,-0.047430485,0.3255192,0.70614105,0.49045056,0.42870295,0.9341719,0.24936782
0.1784735,-0.6215799,1.2042637,1.0644636,0.45512468,-0.8848945,0.22944582,1.326397
0.21705034,0.055227026,0.6995768,-0.10282431,-0.16984801,0.6830088,0.141894,0.33631432
0.85932297,0.40908659,-0.7258091,1.6263179,-0.29333347,0.7108745,0.43232098,0.18067628
0.6733411,1.6617645,0.89015406,0.22303265,-0.7892533,-0.19895571,0.27894118,-0.17590326
0.73229724,0.26173437,-0.053073183,2.0773425,-0.33802414,-0.25793016,0.19578129,-0.08046807
0.3852119,-0.22518985,0.21463475,0.5035605,0.14558841,0.3110463,-0.26085806,-0.08960308
1.007473,1.0671787,-1.0643104,0.78067607,0.11593278,-0.14167808,0.8479182,0.64485395
-0.4436442,1.8800927,-0.2899813,0.19220316,0.026441738,0.7638187,1.2690336,1.8224027
0.015110619,-0.045228526,0.6415551,0.7283118,-0.7372387,0.18331406,0.22191118,0.31712055
0.4318818,0.10424079,-0.05703625,1.8994555,-0.09130652,0.23677093,0.13057725,0.4242671
-0.9844642,0.5085765,1.8347524,1.4525384,0.43526828,1.2025647,1.0330496,-0.3018297
0.69349676,-0.19496731,0.5505931,0.9461445,0.51194745,0.39495298,0.128214,0.22411925
0.79377204,0.5135838,0.5345867,-0.28595164,0.64379364,-1.04424,1.1696752,0.29871476
0.088946894,0.18700975,-0.060830474,0.07202873,0.67376953,-0.50261253,0.7266781,0.63376856
0.71448666,1.2309759,0.41211474,2.095722,1.1840714,1.5156016,-0.04273952,0.1411568
0.85697216,1.2897966,1.1866059,0.20910248,0.2615401,-1.5274943,0.45362183,1.1147034
0.38411188,-0.24170478,0.2621085,-0.14646009,0.2122505,-0.102624565,0.059952036,0.29914716
-0.11283346,0.4532755,-0.43337697,1.5378133,-0.022745267,0.0865798,0.751327,0.51742876
0.13097386,-0.4425528,0.10787086,0.26319098,0.9937349,-0.12719905,0.4456144,0.6720827
-0.14006034,-0.17787038,0.41559738,0.78627497,0.565355,-0.11410433,-0.3969814,1.1368315
0.5115662,-0.022128955,-0.27852607,0.35075107,0.2918871,0.66607636,0.36953148,0.12832463
0.7170262,-0.15336026,-0.036200225,0.1715671,0.4259711,0.3239484,-0.46796796,0.84110117
0.11527858,0.117574364,0.49012226,-0.14618775,0.03810674,0.16990611,-0.38735452,0.13410303
0.7415115,0.17402749,0.4769019,0.12591758,-0.67134184,1.1064918,0.48170203,0.78722346
-0.44344637,-0.2514119,0.28627193,0.16157511,1.1253272,0.37836248,-0.42065936,1.0718815
0.15317777,0.22797777,0.41724288,0.52281296,-0.3619848,-0.53756094,0.6019069,0.8306719
0.4794977,-0.42649823,-0.37503076,0.101664744,1.1384542,0.33986565,0.44999686,0.6035737
0.8123179,-0.3369122,0.2056375,-0.3212661,0.36655152,0.102160454,0.28624934,0.38113993
-0.098389216,0.48686004,0.30687422,-0.45882538,0.42969662,0.25611523,-0.35841224,0.10328949
0.32823724,-0.838995,0.46391857,1.0403026,0.16033752,0.5744421,0.18973579,-0.040862978
0.17468533,0.07408197,0.4000998,1.0850613,0.29681382,0.040088236,-0.037339136,-0.100392625
0.3506941,0.6759491,-0.48905742,-0.24126026,0.16731583,0.29362738,0.17417815,0.38525525
0.9953473,0.5418453,1.9987048,-0.102348156,0.43641078,-1.3211448,1.0980502,0.6775025
0.12621415,0.68299735,-0.267168,-0.54224706,0.58210117,0.52792466,-0.30194715,1.1602465
0.48332897,0.3223192,-0.120968774,0.03618817,-0.3789128,0.37409955,1.170354,0.27558452
1.7908086,0.3310004,-0.09206046,2.1357882,-0.6603792,0.7076243,0.1554308,-0.095237
-0.114129566,0.7170807,0.65357447,0.18310177,1.1395937,0.382685,-0.8955098,0.70471704
-0.2368339,0.013816759,0.25479782,0.3780034,0.6682564,0.13921428,-0.41552946,0.55476034
-0.26975113,-0.36032677,1.6998736,1.3741575,0.011938885,1.3195454,0.010195864,0.5837828
1.4868538,0.9314024,-0.10231076,2.5429928,-0.21456341,0.74512935,-0.7794092,0.2696326
-0.17685384,0.4393223,1.3240639,1.5840721,0.87374055,-0.37429208,1.5889637,1.566935
0.766461,1.3085942,0.447325,0.820165,0.2248723,1.623175,0.31955162,-0.2246995
0.12871036,0.12909636,0.26620883,0.21016622,0.11739941,-0.65775883,0.44092223,0.22947542
-0.4323014,0.45525986,0.2961902,0.2561194,0.009280607,0.48575464,-0.19027771,0.2741206
0.3818747,-0.16853185,-0.39521104,0.216548,-0.01654701,0.31222677,1.32702,0.85785544
1.015656,0.17271353,0.7701083,1.0875918,0.017416492,-0.14923066,-1.0311893,0.4340595
0.4266268,-0.56974125,0.86358464,0.43736348,-0.2861665,0.63255763,0.38879925,-0.07846016
0.7346422,1.2383615,-0.32687813,0.044849053,0.4303618,0.341586,-0.05069883,0.24760784
1.3530934,0.23872791,0.52761424,0.33321816,-0.5335862,-0.23524782,0.22065017,0.19481845
0.2986654,0.39137292,-0.45241868,1.2454283,-0.51682687,0.24924058,0.2733104,0.4138807
1.1950529,-0.35171193,0.39272523,0.5271436,0.26194847,0.33774507,-0.3008104,0.27440667
0.5141941,-0.27343088,0.4262246,0.9621873,0.082631215,0.15073204,-0.5714666,0.06649706
1.8103517,0.3299467,-0.4012757,0.028607141,-0.33468693,0.358654,0.7455839,1.3390746
0.8567854,0.11115061,-0.24225394,1.4715751,0.75521016,-0.041018978,2.2978237,0.4707865
0.15266171,0.41417104,1.0117188,0.36929762,0.9276653,-0.72249246,1.6515627,0.5328059
0.9408756,-0.66041666,-0.038210228,1.8796514,-0.18549295,0.833214,0.3468478,0.025964528
-0.08323005,-0.016128674,-0.11289509,0.20207374,0.41856223,0.35997102,-0.25012752,0.8390305
-0.82056254,0.6106867,0.2941737,1.1231496,0.5539913,-0.31641236,0.8768317,0.7727168
1.5189728,0.5248978,0.75609404,0.6084232,-0.5011031,0.36297315,1.3389543,-0.010454148
0.42056242,0.20057629,0.86285144,0.42033294,0.3912462,-0.75823903,0.79518265,0.2593778
-0.11055312,-0.112835005,0.20165992,0.1010081,-0.12265198,0.55377555,0.23682411,0.2403125
-0.29091498,0.45651495,0.030964285,0.17187479,-0.018927172,0.63659364,-0.52660745,0.60745966
0.28053853,0.511293,0.17345014,-0.23533559,-0.22099824,-0.6115668,0.39581367,0.37297624
0.7058217,0.979288,0.34234264,0.2592023,0.18298407,0.73813516,-1.030523,0.42689764
0.41182,1.2741162,-0.3394655,-0.4682481,1.7490032,-0.025329396,0.5112893,0.69964397
-1.0287542,0.81009495,0.86170775,1.4174588,0.03546741,0.43871772,1.0070461,0.77858984
-0.32802388,-0.13481355,0.051432565,0.53861815,-0.22869094,0.54988796,0.012978142,0.69404924
0.09693984,-0.28978926,0.34475285,0.49998406,-0.5597225,0.69382405,0.49609002,0.28556234
0.57821894,1.2904472,1.0073297,0.5527289,-0.74802107,0.06970957,-0.05291169,0.27499658
0.12630874,-0.097523525,0.1002723,0.06604153,-0.2949261,0.12948576,-0.010051826,0.35914367
-0.23596749,0.4104916,0.10187514,0.53341967,0.12693918,0.24063273,-0.58022213,0.30524468
0.6357497,-0.30260777,0.2624169,-0.32091638,0.13368733,-0.21071327,0.095501356,0.34854805
-0.1722197,0.7326328,0.6056134,0.8657296,0.4175738,-0.4221313,-0.47909006,0.08156863
1.6616632,-0.10119845,0.0291266,1.0473485,-0.1954851,0.14074954,0.71214443,0.05309035
0.23490956,0.4675579,-0.19470431,0.51941544,0.7598577,0.14670709,0.6300032,0.20820066
0.8925449,1.3652239,1.1298095,-0.73305076,1.2941569,-0.5243331,1.0696913,-0.16519812
0.5156884,-0.19332854,-0.23586257,0.46061227,0.039492384,0.28076202,-0.49098697,0.5205362
0.7636549,0.19956164,-0.050380453,0.88230336,-0.80829656,-0.32848638,0.4606882,1.6247635
0.8162243,0.66390187,0.03238687,0.19719814,0.11576916,0.8469708,0.46486977,-0.50384176
1.3486202,0.067958996,0.055963293,1.0829495,-1.4372581,0.8717096,0.67270166,1.1528137
0.5646142,-0.85391307,0.8728275,0.6501325,0.0676638,1.0947379,0.5615331,0.14849356
0.4042554,-0.30472934,0.8491658,-0.20956627,0.23129606,0.55846715,0.23140986,0.5554909
0.27874944,-0.11437224,-0.08569439,-0.15203813,0.12737498,0.09852846,0.09090616,0.28701463
0.36637446,0.00425072,0.45021236,0.13450536,-0.10699086,0.8428614,1.4464955,0.124134764
0.47182256,0.13278483,0.82528573,-0.29436785,-1.034906,0.13219084,0.53374785,0.9148539
0.54093856,-0.34277838,-0.34293032,-0.09378793,0.36842036,0.30912623,0.26823914,0.43654537
0.07546565,0.035522446,0.15690236,1.0217867,-0.34408456,0.35228074,-0.27131534,0.32357332
0.58593595,-0.19740833,-0.19803633,0.6301806,-0.058174506,0.6601471,0.2717166,0.60691524
0.24785018,2.142254,-0.6629595,0.93714136,1.2852615,0.31853282,-0.35342345,1.5191733
0.08749632,0.026698261,0.33684966,0.30389014,-0.63264763,-0.009389006,0.300302,0.7573708
-0.33439183,1.3732972,0.53662276,0.8009115,-0.44867665,0.4242203,0.3516465,-0.051723808
0.7409271,-0.38569486,0.06369592,0.98089796,-0.98450834,0.3539316,1.0571482,0.79926294
-0.6855855,1.3490077,0.2762047,0.84956676,0.272071,0.2831677,-0.63236934,0.3921179
-0.4435012,0.07379682,0.2623684,0.3530499,-0.45577794,0.661848,0.40143254,1.0943683
0.30674905,-0.031141654,0.86414933,0.7520134,1.618289,0.80621403,-0.81770694,1.0144687
-0.67804754,0.7158604,0.7590384,0.5272906,1.0766119,-0.53637296,0.34269175,0.81264865
0.4144375,1.1419424,0.78537077,-0.75178653,0.25866014,0.13341416,0.07494952,1.0679551
-0.7170455,-0.54247797,0.91199195,0.5541663,0.75410956,0.5141105,-0.26810563,0.9081845
0.25843528,-0.055336222,0.1169741,1.6713154,0.008974448,0.8680463,0.29666343,-0.36180717
0.33522364,-0.21090007,-0.34328884,0.24183688,0.017326683,0.39846832,-0.102521904,0.4658561
1.2199571,0.54948604,0.20526265,0.5245545,-0.68950933,0.7335729,-0.21413523,0.47536552
0.69151443,0.07559864,-0.108090684,-0.27880302,0.9193633,0.32715395,-0.45261583,0.60233676
0.028429598,0.4456402,0.013803974,0.09945746,0.05866386,-0.4995504,0.4347886,0.28104037
-0.49864098,0.29533428,0.626566,0.5595391,0.038862646,0.05497817,0.13634208,0.10805508
1.180015,0.3933727,-0.42645508,1.2179021,1.2462697,1.0156032,-0.08588434,0.40200153
0.84311336,0.61422193,0.051283583,-0.6226153,0.53917307,0.87550616,-0.72347575,0.48484343
-0.20309651,-0.353554,0.9437748,0.7060547,1.2287534,-0.30074224,-0.8698254,1.1282878
-1.1304141,1.3130897,0.41457063,0.47540358,0.008660272,0.20852199,0.55521244,1.5244368
0.36980808,-0.07172726,-0.357929,0.13703117,-0.20126943,0.33007437,0.055423714,0.5832279
-0.7763143,1.1877874,1.5220674,0.18247074,1.2546896,0.6667273,0.6125987,-0.3753171
0.29456767,-0.38256854,0.47338682,0.18590127,-0.04888019,0.8841833,0.07484728,0.7895734
0.16081199,-0.34001696,0.9413465,0.4440323,0.16891573,-0.16469467,-0.5191154,0.41125214
2.1697252,0.01097475,1.3805555,0.0776191,1.3455385,0.6004573,0.718475,0.22427708
0.7480994,1.39812,0.13084702,0.26288295,0.31083065,-0.15922368,0.002010113,-0.056553468
0.11528038,0.2991374,-0.20809193,1.2751864,-0.15308739,0.6751982,0.47608286,-0.08922516
0.2990006,0.6907631,0.4819495,0.031918034,0.45224434,-0.31804067,1.497821,0.17909817
-0.27808008,0.2046154,0.47946846,1.7572722,1.8360186,-0.060942963,1.0480719,0.53856367
0.93350464,-0.87579405,0.28735143,1.2033777,-0.21032505,0.53833896,0.15918536,0.14551514
0.06464604,0.35596257,1.7727822,1.2152951,0.6589609,1.2556517,-0.12473885,0.692726
1.4681143,-0.61558187,0.2787252,0.61357737,0.04820983,0.14600217,-0.15124443,0.15114048
0.465073,-0.08107008,1.140829,1.2492352,0.1834303,-0.84019065,-0.41421893,1.4300202
0.19527107,-0.44437277,0.1282056,-0.24851304,0.9603371,0.26565903,0.2458252,1.0107431
0.53980553,-0.1248201,0.13078646,0.523837,-1.0867237,0.48611197,0.54740083,0.87696767
0.94337386,0.7295642,0.078500435,-0.08114161,0.9762039,-0.55462706,0.5654505,1.2127832
0.55681396,0.20559917,1.9728066,1.5522162,0.9564449,-0.23911592,0.14564131,0.010410219
-0.5174295,0.50337946,0.42216516,1.2586119,0.57303107,1.4232707,0.09286542,0.47388113
0.4268755,-0.09074892,-0.10009819,-0.19084477,-0.22566806,0.2558499,0.61582595,0.3640916
-0.47879538,0.6978091,1.4321386,0.48949066,-0.7842694,0.9277162,0.1331258,1.1752574
-0.35663596,0.0175585,0.09467674,0.8232694,0.6047681,0.4949734,-0.44596198,0.95209956
1.1727139,0.3522234,1.6473562,-0.42924586,0.5522684,0.17566258,0.11682973,0.02629307
1.2134584,0.6321651,2.355859,1.2222583,0.20110007,0.94578665,-0.8431875,0.16734305
-0.77386445,1.0680203,0.8244312,0.48900905,-0.35890532,0.9868772,0.76191324,-0.039487734
0.30343685,0.9233492,0.7523414,-0.2922666,-0.16881816,-0.6560833,-0.2612582,0.27877745
-0.372546,-0.064622596,0.67026925,0.49896428,0.10531643,-0.46912873,-0.40654448,0.53982204
0.17726502,0.21231107,0.30447483,-0.19915509,-0.09279029,-0.29305175,1.2038573,0.4571276
0.25836578,-0.36242235,0.04417502,0.4369749,-0.25872308,0.10207544,-0.20966594,0.3462555
-0.31665942,-0.36384535,0.99069786,0.44861826,0.4107026,-0.16198355,0.005223392,0.92264956
-1.0163244,0.88054466,0.6770282,0.7053233,0.5244463,-0.41524005,0.872714,1.0481881
-0.08882644,0.07382356,1.3218995,1.6144185,1.4219924,-0.5040123,-0.4763838,0.8450784
0.19169793,0.19114219,-0.16014637,-0.2863197,0.7007391,0.27316773,-0.19091307,0.7303423
1.0742515,-0.05646129,0.5566404,0.8249634,-0.35799283,0.8513447,0.2651751,-0.27562943
-0.25311133,0.05967824,0.057683967,1.1565048,-0.3464409,0.7409879,0.65120775,0.2302281
0.16658041,-0.44226432,1.4538785,1.4676551,1.1859287,1.0444726,0.09554776,1.4557365
0.4620396,0.107847914,-0.113382846,1.0978328,-0.043439522,0.15798095,0.6862323,-0.032011002
-0.044011712,-0.07362534,0.8902614,-0.031133257,0.6796149,-0.85941446,0.2623149,0.82166755
-0.09883026,1.1012479,0.73373955,1.5823691,1.5182658,-0.41342264,-0.4974743,0.6763664
-0.26638415,0.10144465,0.0789418,0.80634934,-0.5129327,0.315951,0.21532595,0.3841801
0.4757608,0.55373675,-0.33895892,-0.05369728,0.3011114,-0.040664077,-0.18894719,0.24254774
0.20152259,-0.43466288,0.79083794,0.66675186,1.4829088,0.25369278,-0.17860672,1.2815616
-0.2945177,0.7058455,1.5047373,0.81407785,-0.3602575,-0.3834751,0.41574195,0.31264746
0.055413216,-0.56019264,0.34304726,0.9004895,0.9829653,0.7827688,0.014538927,0.46564147
0.37126008,1.5999203,0.59973204,-1.079252,-0.2306533,0.656196,0.96619076,0.6799996
0.65078014,-0.31783533,0.2472589,0.69253963,-0.2964707,0.17623119,0.10632458,0.2657456
0.4606016,-0.072159335,0.31258827,0.61096597,0.028043464,-0.21008825,-0.66012615,0.8427598
0.7579781,1.4311113,0.3714615,0.12807178,0.867707,0.22935562,-0.8782452,0.44073698
-0.02512408,0.20430784,-0.15687852,0.38034797,-0.0009969324,0.2960946,-0.16612382,0.53434634
-0.05379641,1.5087032,1.1132436,1.189785,-0.79349905,-0.15440515,0.91162103,0.4157008
0.6967178,0.9994457,-0.6060253,0.7761629,-0.18215166,-0.1258602,0.04204057,-0.013962984
0.0734178,-0.04181178,-0.042103663,0.44690645,-0.036076143,0.16900994,-0.14473094,0.3942172
1.4819854,-0.35662538,-0.021512762,-0.26774865,0.974538,0.4521926,0.21631898,0.77135086
-0.24988583,-0.15508021,0.22447231,0.06252128,0.5817732,0.48358393,-0.24358788,0.7690427
0.48472244,-0.6584749,0.54355526,0.69076884,1.5850705,-0.2800734,1.8997117,-0.068065494
-0.43432426,0.21992584,0.4774559,0.08111879,0.66334456,-0.62329936,0.029477512,1.0046282
0.3861259,0.7564427,-0.3842669,-0.74842405,0.19341989,0.094465725,0.2858718,0.88462037
0.63189435,-0.025058463,-0.22224794,-0.05241532,-0.14001851,0.34082144,-0.40711877,0.3716385
0.9340678,0.39953142,-0.5833006,0.061630078,0.2165597,0.24497603,0.06413873,0.019927546
1.0934541,-1.2889965,0.75399494,0.5118448,0.76285815,0.0002539158,0.82128936,0.9523351
-0.11887143,-0.17831208,0.47355992,0.627901,1.9970771,0.29799426,-0.05417838,1.5067852
0.0035336427,-0.14657642,0.1378713,0.9040908,0.19276744,-0.2934137,0.19155484,0.69942427
1.9597574,-0.1236666,1.1675647,0.054131545,0.4238444,-0.28870678,0.11138982,0.5342571
-0.36110854,0.5317379,0.5032688,0.20432493,-0.10351762,0.43447024,-0.33778748,0.2574046
0.55223006,0.4330516,0.69081867,-0.534903,0.39230758,0.07744391,0.62125,-0.09279302
-0.09601248,1.0529097,-0.111083016,1.0199643,0.45676053,-0.03700547,-0.6988246,0.98901296
0.043594237,0.18627343,-0.11137885,-0.09791262,-0.25243104,0.42913115,-0.16700225,0.5714326
0.5267912,-0.9400108,1.6905527,0.5107881,-0.050952658,0.4642013,0.35893708,0.29384458
0.4229361,-0.17838739,-0.4104488,0.06275703,0.019440472,0.18482822,0.49183038,0.42269772
0.93532795,0.25648004,0.7424108,1.2391908,0.10404332,0.06777349,-0.9482205,-0.023483098
-0.24389204,0.5283945,-0.033058584,0.008591421,-0.16210257,0.9205295,-0.5856767,0.97519755
-0.022937603,1.5024666,0.6582073,-0.47026947,0.31199276,1.4819674,2.006737,1.151959
0.12677965,-0.31203687,0.7838625,0.70034283,0.114461705,-0.848999,0.1830136,0.57138425
1.2009743,1.3714454,0.5401423,1.0463704,-0.6364257,0.91347694,0.51069915,-0.7395033
-0.3229577,0.6101717,-0.016403273,0.27710733,0.35723636,0.020544209,0.055945825,0.33763292
0.4928157,-0.5365587,-0.058422968,-0.13732621,0.39426553,0.3594237,-0.20015803,0.5211961
0.22762817,0.3860312,0.9240908,-0.37385407,-0.58733237,0.02857133,0.16977136,0.37694487
-0.05290863,0.86844355,0.3121453,-0.32641673,0.41726565,0.3045655,-0.6503901,0.8376262
-0.016810253,0.3512367,-0.021171898,0.9013428,-0.07423405,-0.48069292,0.93620485,1.2423906
0.30553952,-0.046613097,-0.27098852,0.0899611,0.6196061,0.22942959,0.6418658,0.087461345
0.8715627,0.07286142,-0.4339111,-0.20186347,0.6046878,0.41802743,0.8781205,0.56046224
0.14856905,0.8051898,0.5463207,-0.025922231,0.92398995,0.024047367,-0.18316834,0.34463817
-0.16712752,-0.09589292,1.0892665,0.18291041,0.9462057,0.4289661,0.21187769,-0.1520566
-0.050150156,0.33117032,-0.34370202,0.7683514,0.82635933,-0.16887975,0.7019343,0.79956365
1.3121542,-0.5241421,1.1821675,0.5450896,0.5925817,-0.40226722,0.48497215,0.070322916
0.25736865,0.69293153,-0.11407778,0.4292324,0.44715554,-0.57714766,1.4341583,-0.023080483
1.0783769,-0.731774,0.15833005,0.9426441,-0.4118197,0.43442273,0.08076701,-0.004249826
-0.07876038,1.0067556,0.6342323,-0.023602083,0.8701393,-0.83230144,1.1699101,-0.059014007
0.97157824,-0.16263221,0.20739561,0.20628208,0.13308428,0.60441387,0.654032,-0.055620193
0.044957634,-0.67749834,0.5405178,0.5714888,0.09564263,0.15938783,0.4614894,0.5847863
0.12594059,0.44963837,1.1644951,0.7800997,-0.3687945,0.32601714,1.491428,0.4573009
0.20571995,0.7772306,0.7222177,-0.3261896,0.3317992,0.0835137,-0.45425156,1.3376958
0.29691634,0.25932807,1.8561243,0.57530135,0.4645334,0.98898184,-0.23195645,0.12537956
0.36771026,0.5345851,0.31018156,-0.041034237,-0.00075493753,-0.64203453,-0.026206503,0.26000518
0.031099614,0.06135252,0.5292171,-0.04816199,-0.59893084,0.04385009,-0.009550111,0.58305055
0.21206334,-0.13385937,-0.2905416,0.106533356,0.16999418,0.38661128,1.018447,0.35229445
1.496018,1.1302654,0.4681071,-0.22841895,0.8415764,0.9325996,0.12610729,0.08986285
-0.39752337,0.8728542,0.8205758,0.33765888,-0.15212648,0.935918,1.1033044,-0.4052542
0.8604014,0.14616857,0.8813038,1.6407388,-0.79447895,-0.5819879,-0.04212895,1.1733327
0.3437925,1.617112,0.48379368,0.019290678,-0.30094975,0.53600353,-0.36191323,0.17270789
1.38,0.4995529,0.52333015,1.0487453,-0.9987013,0.9980773,0.6287993,-0.5653713
0.66649294,-0.4208008,0.68393135,1.01445,-0.30184573,-0.09591025,-0.28584245,0.4163598
0.9748931,0.41707033,1.2276602,-0.5338064,1.2383742,0.3308829,-0.089292645,0.20123821
1.3342856,-0.4166882,1.6354455,0.53568894,-0.19919448,1.9754925,0.8045621,0.23984438
-0.32535538,0.54946244,1.0858196,1.667006,0.01668398,0.3136962,0.8674973,-0.3535929
0.45254758,0.4113378,-0.29327577,-0.08769112,0.309021,0.23444563,-0.3932236,0.24130529
0.71205765,0.6526304,-0.16388337,-0.2812622,-0.2552898,-0.757706,0.59348613,0.53699565
0.24036983,0.09619659,-0.19947143,-0.029365472,0.26843816,0.18516552,-0.17099825,0.52096987
0.4214883,-0.084901586,-0.21770947,0.86094046,-0.47886378,0.4930154,1.0477147,0.9278092
0.20710286,0.20975639,0.8878817,0.7447434,-1.7938933,0.6635336,0.6975005,1.3468261
-0.20123026,0.77953637,1.1558808,-0.11486011,0.16105236,-0.37826866,-0.0821976,0.27296782
1.5564893,2.089321,0.12509148,0.47673264,0.35533082,-0.2928684,-0.022912113,1.0105153
0.2276816,0.008339867,0.25537032,0.5196265,-0.8722009,0.19260065,0.2364924,1.0586305
0.8608494,-0.09703793,-0.22024332,-0.58266586,1.2813983,0.32448587,0.14689347,0.5511961
0.04458423,-0.04885818,0.9879167,0.63993764,0.58325195,-1.1212901,0.31025437,0.6011606
-0.45726117,0.13621207,0.59295267,0.7322664,-0.018050864,-0.46678388,0.10569953,0.29378155
-0.46937785,1.1026369,0.033394232,-0.35993052,0.24120282,0.2816667,0.14122374,0.9367076
0.82472193,-0.5917767,0.7744638,-0.018496566,1.2607671,0.89559007,0.13544501,0.090997204
0.4175548,0.046686217,0.10986765,-0.06784842,-0.5546174,0.088408664,1.0239452,1.4294498
1.7668632,-0.5450034,0.3953591,1.0236979,0.35185045,1.3657852,1.6857272,-0.8207171
0.12657371,1.1503272,-0.22222115,-0.41875222,0.4893843,1.1480836,0.18205185,0.96499753
0.29698423,-0.18470173,0.39242876,0.22941792,0.48395842,-0.44776148,0.13828339,0.05807604
0.549256,-0.14576264,1.0268599,-0.016557373,-0.03498949,0.8875948,0.24387509,0.63496447
0.7144729,-0.026861683,0.6593642,1.3289554,-0.52247995,0.97423255,-0.1510537,-0.014146566
0.17003307,-0.2753743,-0.13351585,0.03995357,0.4447533,0.31554073,-0.0576051,0.27364114
1.3515159,-0.78378975,1.1457074,1.1992261,0.70579344,0.16103977,1.0743016,1.434954
0.7532445,-0.7139886,0.13662633,1.3319783,-0.55030304,0.754368,0.10262341,0.2087385
0.30023116,-0.86528474,0.35958353,0.4008379,-0.16217847,0.26004708,-0.4746845,0.5597312
0.3736425,0.48960572,0.22642213,0.9510396,0.25475907,-0.79303414,0.43798286,1.2462156
-0.24792364,0.93247145,0.7106136,0.16073924,0.7708653,-0.07326548,-0.9528609,0.32662147
0.51099575,-0.28896058,0.072796345,1.2781153,-0.049390107,0.6097435,-0.07374949,0.27698684
0.9002963,0.71800065,-0.9092982,-0.14470226,0.16963662,0.7086575,-0.101621166,0.9248899
-0.08864018,-0.21235682,0.63204277,0.090696916,0.13131483,-0.19004887,-0.5640139,0.3547315
-0.17475593,0.47640854,0.06380552,1.0069993,-0.8054718,0.6727018,0.6010635,0.18462938
-0.017605267,-0.18270518,0.27278745,0.85821706,0.8812435,0.017114729,-0.58804214,1.1304057
0.30786228,-0.004085675,0.0922427,-0.6022474,1.7825972,0.6580515,0.3303674,0.64433575
0.07003471,0.1349709,-0.1581467,-0.32150036,0.4007975,0.13594645,0.70279515,0.77580094
-0.70223194,0.78347987,0.8812371,1.3278224,0.33992875,-0.3310265,0.5235488,0.12794465
0.14752416,0.57194567,0.4881174,0.35300517,-0.8538424,0.06821084,0.32656175,0.1999383
0.91455996,-0.58977526,2.3540506,1.0778351,0.68156475,1.243858,0.74417704,-0.16596803
0.21933854,0.7842567,0.6462432,-0.13867447,0.8706925,-0.59011024,0.7034367,1.5354211
1.5988343,-0.6133832,0.7670118,0.40152645,0.82771665,0.92306983,1.3032233,0.7108207
0.7144954,-0.20361103,-0.22087313,-0.5195545,1.6754744,0.41780618,0.6240651,0.72453886
0.24186343,-0.089423046,0.43004894,1.2745361,-0.3195799,-0.107577205,0.021967988,0.41021985
-0.011301793,0.2016639,0.23468487,0.5407015,0.15536208,0.12536383,0.065502994,-0.27072504
0.47596154,-0.16618834,-0.13255973,0.3765188,-0.6091744,0.6760522,0.7198979,0.5681359
0.32641006,0.46296835,0.5248573,-0.018599212,-0.39506894,-0.005450949,-0.12329344,0.1490618
0.3623755,0.117948875,0.18350463,1.952838,0.033153042,0.20357734,0.011256872,0.0060112774
0.7878102,0.32607758,-0.35452467,1.223841,0.15301438,0.5066916,-0.18549679,0.8228803
1.0771947,0.8829755,0.71609986,-0.04839111,0.013158098,0.6014747,-0.9441809,0.59275424
2.334957,-0.8316614,0.7241159,0.48277125,0.9973666,0.06832807,1.6489197,1.0765241
0.9106773,0.012494668,-0.06710434,-0.520297,0.73945874,0.34621507,0.26955947,0.19360432
-0.24900347,-0.30461872,0.34816092,0.09589337,1.1572384,0.14571658,0.44651255,0.29911238
0.41187435,0.46218932,2.6395314,-0.5236433,0.74417466,0.09980537,0.26922315,0.976053
-0.40095747,0.5716171,0.34477967,0.74358666,0.26452306,0.60564315,-0.08797672,-0.12945703
1.4036002,0.36637682,-0.18539058,0.05354839,1.3766552,0.7247926,1.2351393,-0.026452646
1.269947,1.2117274,-0.79218245,0.725963,-0.29382396,1.5353829,-0.07246565,0.7306484
0.1987513,0.43300897,-0.40541017,0.37385413,1.0412551,0.1790986,0.3458271,0.7734293
1.5282366,0.32635182,-0.5870777,1.6674129,-0.9102997,0.0691832,-0.027945617,0.7048873
0.99444824,0.9436134,0.14461525,0.03884483,0.19288994,-0.42674053,-0.45726344,0.6390883
0.9108729,0.32221895,0.18542412,-0.020061329,0.07233055,-0.18750116,-0.09335504,0.2135665
-1.3553213,1.1604643,1.0754251,0.8821509,0.56697667,-0.16848058,0.70007783,1.016439
0.093149245,-0.011236921,0.41465515,1.1039648,0.507687,-0.25219855,-0.6118954,0.51765364
2.067813,-0.37968338,0.5184277,-0.063536994,0.01023902,0.3056996,1.4832505,0.3045676
1.37044,-0.043902293,0.22043353,0.09712864,2.7234154,0.43755317,0.33030185,0.808915
0.41465276,0.33738983,-0.3433894,1.0549473,-0.09454109,-0.12428862,-0.17607552,0.4501633
-0.5783746,-0.024024382,0.711602,0.70831573,-0.19874354,0.6073482,0.22375749,0.16895798
0.17593834,1.4954805,1.53348,0.7194477,0.8133119,-0.33187854,-0.41104254,-0.73042476
0.79043955,0.877471,-0.083498076,0.082727805,-0.19055454,-0.26432654,-0.47643393,0.47658002
0.92955506,0.45376068,-0.060034677,1.3015273,0.20769383,0.021101952,-0.6056638,0.5636459
0.17271322,-0.51350516,0.5334605,0.4713814,0.058103323,0.4383923,-0.3786934,0.5741127
0.7034096,0.60166293,-0.19369574,0.14010555,-0.18160443,-0.5100828,0.9486969,1.2053394
-0.12113967,-0.30049163,0.15062326,0.6055456,-0.13988815,0.6205175,-0.09743688,0.5225568
-0.17887598,-0.30212164,0.18393049,0.5622539,0.6850957,0.22253925,-0.5010338,0.6783159
0.64292455,-0.87085456,0.2390913,0.86558807,-0.06647484,0.85728085,0.3512049,0.33387405
0.4575257,0.093841925,-0.17295955,1.0833701,-0.89715,0.520653,0.4561323,0.46867257
-0.430217,2.8911004,0.7176163,0.2963095,-0.65647393,0.44834763,0.24048597,-0.046402186
-0.23687252,0.38244236,2.8732822,0.60528713,-0.09785311,1.6426611,0.8992414,0.7914051
0.380891,0.069676265,-0.009401396,0.08642263,0.6046576,-0.10048044,-0.2764503,0.31768143
1.5002826,1.2215099,0.18649362,-0.42364654,0.5753851,0.23846713,-0.8615181,0.3636923
0.008340837,-0.6301788,0.49641204,1.0911096,0.56868756,1.4917833,0.7125357,0.39845207
0.3873682,0.71552753,-0.18960275,0.09970417,-0.3775441,0.035555676,-0.34675685,0.11403289
0.24468529,-0.15664558,-0.029092327,0.5896706,-0.18551318,-0.026582703,0.10089725,0.20444892
0.24378178,-0.4054879,0.02862484,0.2665925,-0.3266195,0.42560035,0.054824464,0.36241576
0.212183,-0.18641195,0.36353153,0.9425761,-0.1636314,-0.053361654,-0.40411934,0.33987534
1.355044,0.29405004,0.19577168,0.0035107657,0.51489884,-0.25004265,0.39627546,0.28401607
0.34758458,-0.103073865,-0.01498425,0.26077875,-0.1600435,-0.14021058,0.06720491,0.038497187
0.26383233,0.06740482,-0.10388918,-0.108112775,-0.7358472,0.6559519,0.7628327,0.8291005
0.30399528,0.15961616,0.8093567,-0.34450144,0.64509046,0.73372126,-0.62686837,0.19168419
-0.18813616,0.16417836,-0.025189638,1.7105412,-0.18895404,0.80389506,0.24900891,0.7758052
0.01996743,0.639419,-0.121179536,0.3247603,0.6525081,0.20753554,-0.6093171,0.44884565
-0.04230748,0.5716461,1.9835495,1.2089406,-0.03465633,-1.1758671,0.37146917,0.7580157
-0.5795772,-0.09461345,0.7370924,1.0235661,0.8410359,0.12747355,-0.33620656,0.2905218
0.83409274,-1.1415226,0.7510946,0.7553174,0.21201308,0.5859176,0.9264404,1.0205818
0.20006177,0.66055816,0.9921144,0.3595587,0.18083434,-1.0783067,0.013203101,1.109009
-0.022042826,-0.42673928,0.40122288,0.19803119,-0.0445351,0.4245262,0.059708804,1.0420554
-0.094263665,-0.08041678,0.18234839,0.1766611,0.0637909,0.013933048,0.039556924,0.32440293
0.26229233,-0.838106,1.4500204,1.1812593,0.6152728,1.1799791,0.29874212,-0.37833005
1.478418,0.16763566,1.2334665,0.23727128,-0.08425115,-0.7364081,1.0609947,0.8964898
0.99147207,0.47966588,-0.4580921,1.278678,0.43442792,0.8255904,0.33984318,0.2958493
1.0815774,0.81816363,-0.3901809,0.98276037,0.1570874,0.27250814,-0.78279316,0.7547182
0.6840989,0.9901718,0.5532409,-0.1988048,0.4604274,-1.8255978,1.1334293,0.8030123
1.1854163,0.58689475,-0.6812203,1.1012448,-0.0431879,0.4558056,0.9839727,0.049583957
0.26458365,0.099363774,0.23902085,0.041881554,-0.5362198,-0.14070188,0.39088562,0.34509468
0.7972718,0.64962727,-0.013047665,-0.16576275,-0.16500561,0.1182878,-0.13811226,-0.06934103
0.2951071,-0.42051625,-0.098439366,0.7150869,0.14159401,0.04311487,-0.07258775,0.41011968
0.34705368,-0.1433662,0.2446833,0.89437693,-0.8224304,0.58290285,0.50361466,0.49510106
0.13114557,1.2299199,0.14153297,0.04220397,-1.1978998,0.6504163,0.6276241,1.3877585
0.5100015,0.1489229,0.56166077,0.006445013,0.6294894,0.6356778,-0.67746454,1.2880164
-0.32203957,0.5000832,0.2109849,0.49881163,-0.10976744,-0.10293406,-0.14542446,0.22572663
0.14083195,0.6100347,-0.10385406,-0.0040782616,-0.8240153,0.7726335,1.2495447,0.43367064
-0.4844375,0.8211771,0.72212344,0.25355124,-0.084770426,1.639847,0.3754869,0.71289754
0.7110437,-0.26818264,0.724259,0.3517394,0.31461275,-0.16158786,-0.48634395,0.25505608
0.06842619,-0.571348,0.08119178,0.18042636,-0.09222035,0.3726762,-0.06649428,0.52306765
0.18134472,-0.54480845,0.011048004,0.55781347,1.0528123,0.3608663,0.03445553,1.0285572
0.94370025,-0.21755882,1.6516371,0.80440384,0.06644745,-0.9225693,0.03464473,0.9247611
-0.07172472,-0.07363728,0.2111584,0.46953312,-0.12364738,0.05656965,0.13018245,0.10659142
0.3686272,0.38852108,0.084520206,0.41218188,0.9835182,0.81428665,-0.86468846,0.59989953
0.7843615,-0.6558952,0.7028237,0.6321108,-0.5293228,0.08293368,0.54961675,0.5251655
0.048325192,0.2989092,-0.47199237,1.2264316,-0.035096735,0.11583856,1.0936086,0.60297644
1.1744965,-0.089005485,1.4168843,0.40686268,-1.1306093,-0.6259725,-0.027937705,0.99976975
0.6773903,1.293223,-0.039742857,0.29350126,-0.91269773,0.29162195,-0.08562566,0.06354499
1.0688043,-0.06236328,-0.774391,0.59907067,-0.11398746,0.98657876,0.52853626,1.0019429
-0.13904613,-0.12573972,0.23485225,0.23977533,0.116544925,0.0031681359,-0.07151581,0.17526454
0.20424238,0.1452993,0.15430155,-0.38993797,0.38834733,0.15820622,-0.30538565,0.7410068
0.33076903,-0.3560357,-0.1812722,0.11448049,0.7719893,0.15655975,0.268208,0.68209213
0.08637536,-0.4362104,0.6046999,1.0498842,-0.2895341,0.4356903,0.033284396,0.32755727
0.7618003,-0.042153195,-0.25816518,-0.17259791,1.2493361,0.3151561,1.1807822,0.6268419
0.64203066,0.6742815,1.9115565,1.705895,0.18540682,-0.26775593,0.50180537,-0.097016335
0.12447066,0.46178198,-0.35214555,-0.568253,0.013951413,0.2370934,0.5353462,1.1870549
1.1303008,1.424464,-0.1351843,-0.18266207,0.35657102,1.0366839,-0.79484576,0.6403351
0.9636424,0.07829063,1.3746299,0.129893,-0.73095316,-0.48867744,1.808771,0.7801437
1.2559199,0.34952807,2.110584,-0.3487335,0.506931,-0.145563,0.30879682,-0.11763799
0.5161537,0.7239631,-0.15897112,0.1795491,0.33003676,0.058819756,-0.32953098,0.6175617
0.5480802,0.78426087,-0.56764317,-0.23947582,0.49488264,-0.50684696,1.0098735,1.217196
0.06022183,0.23974256,-0.07674275,0.0802304,0.10917777,0.026289567,-0.18327533,0.65668166
0.21385694,-0.22383882,0.57872474,1.8771839,0.71335447,-0.09386653,-0.11137576,1.2111926
0.82515395,0.872878,0.39226973,1.0401903,-0.8998639,1.1531616,-0.20758094,0.82398665
0.27477464,0.11644296,0.52951646,-0.051814176,0.36654317,-0.40022475,0.39942572,1.0838026
0.058557183,0.69292074,0.40157837,-0.30014977,-0.8970745,0.29700473,0.7961506,1.2780147
0.40693733,1.0048821,0.7386038,-0.5594521,0.7981329,-0.7502172,0.017790144,0.9101458
0.9703895,0.28800976,0.7657951,0.5986192,-1.5361843,1.0319668,0.4156029,1.3102177
0.18265012,0.47717905,-0.48821044,1.6755129,-0.037692443,0.322051,0.11541438,0.40485352
0.80323684,0.13258494,-0.34306496,0.19820765,-0.25356704,0.33509576,0.7838351,0.040357344
0.52703416,0.28461546,-0.40605688,-0.17405865,0.057927147,-0.042446688,0.09331148,0.30551952
0.34893444,0.62769747,1.461032,0.723576,-0.2487187,-0.77277106,-0.23490566,0.036754966
0.4072829,0.9844096,-0.18424188,0.6717737,0.24016435,-0.5756577,0.20199367,0.86558264
-0.20051554,0.9475228,1.4906427,1.1111895,0.6441564,-0.22423702,0.2860982,-0.6112644
0.5596325,0.046403453,0.0004569441,0.24864182,0.4229669,-0.448187,0.2644412,-0.026560426
-0.9179156,1.8615834,0.4946444,0.28412437,-0.19120793,0.7687985,-0.009857291,0.9621147
-0.11293707,0.2454608,-0.047639936,1.154299,0.72268546,0.6527318,-0.17545736,0.95729035
1.7674484,0.94434524,1.8728608,0.6943132,-0.40606534,-0.86869687,1.1075023,0.12930933
0.25261933,0.5317244,-0.53750205,1.1214852,-0.10617152,0.18327126,0.6805137,-0.14042735
0.47449842,0.36921638,0.033736765,0.553292,-0.34799916,-0.13139567,1.6368953,0.28474778
0.7524,0.96267337,0.69436145,-0.06630907,-0.16672467,0.29406172,-0.84057146,-0.13805449
0.53556985,-0.29696417,0.861832,1.1252372,0.83763915,0.42091456,-0.72739434,-0.02923876
0.6992665,0.17276113,0.21326615,0.8246457,-0.3622802,-0.1524185,0.05622862,0.27847448
-0.3835402,0.9445845,0.12775694,-0.023487628,-0.5920525,0.6277544,0.24059972,0.5535649
1.3487369,-0.22504319,-0.5751789,0.13665017,0.51610965,0.4762212,0.6403482,0.13409358
0.59268945,1.0153087,0.5404418,0.36088654,-1.1170692,0.31811622,1.1824303,1.0713782
-0.0048622787,0.17219771,-0.13528858,0.31052482,-0.30001366,0.19724202,0.14131531,0.41502374
-0.046670206,0.21416077,0.22740382,-0.2777696,0.78571385,0.2260912,0.50551593,-0.03306307
0.34050125,0.40892506,-0.33189774,-0.4014798,0.7480056,0.17948169,0.037465278,0.8371912
-0.80308646,0.6017754,0.9921143,1.5158902,-0.7897621,1.1480927,0.2654232,0.6470218
1.554574,0.87933934,-0.019894764,-0.1726757,1.2306595,-0.028645188,0.1947122,1.295361
-0.51572055,-0.09843917,1.2586784,0.9748598,0.12682875,0.073697194,0.5633092,0.024951383
-0.12667215,1.5169809,-0.030130371,-0.14505965,0.37573352,0.07496724,0.6207829,1.2115889
0.7208112,-0.9795606,0.77038527,1.0278473,0.61546963,0.6726827,-0.2116466,0.091772795
0.39884612,-0.5201404,1.0232934,0.6078402,0.17325108,-0.29777706,0.101828955,1.1622394
0.30435026,-0.09165047,-0.39414752,0.032027416,-0.00066125393,0.59678996,0.1876827,0.656716
0.15190512,-0.15006556,-0.1293994,0.0024890453,0.371312,0.33343238,-0.33908224,0.64214003
0.45323783,-0.42222238,-0.12713672,0.7490962,-0.62671703,0.7271272,0.74057966,0.6266186
1.3431119,0.71258533,-0.29020685,1.1380225,0.18462493,0.75947744,-0.16327247,0.055287898
-0.0989678,0.26130086,-0.5178664,0.6220563,-0.398229,1.0619597,0.5477792,1.3705125
0.0926982,-0.30775607,0.4486367,0.0134134665,-0.23176686,0.39286795,-0.32489088,0.75319195
-0.5163109,-0.083448485,0.3264091,0.0851629,0.56732076,0.34970242,-0.42832482,0.9681592
1.1290716,-0.33557224,0.84183323,0.40787864,0.70088214,1.1724403,1.019425,0.2713831
0.3263827,-0.21332915,-0.038801387,-0.2828985,1.0495719,0.5153111,0.4035462,0.6655154
0.20887554,2.323709,0.6615416,-0.35405037,-0.8026275,0.9680191,0.24449565,2.389264
-0.14373958,0.73705304,0.8075113,-0.633286,0.89183146,0.93062425,-0.07087153,0.5451009
1.6643721,-0.7415452,1.0140525,1.177317,0.30025697,0.5720736,-0.22204535,-0.003667295
-0.2661697,-0.33940202,0.97807443,1.069869,0.14202982,-0.28396663,-0.41215906,0.32234418
-0.4472938,0.15381758,0.41653508,0.7568535,0.6803065,-0.24489757,-0.2339054,0.82237244
0.06352827,0.26476496,0.2663809,0.060274534,-0.078031704,0.48471582,-0.49322262,0.18771124
-0.080625586,0.30746502,0.20246083,1.0614183,0.3606591,-0.09843813,-0.51282555,0.28280175
-0.30674404,0.056353465,0.37269837,0.42195398,-0.5749517,0.43212265,0.52254814,0.37117097
0.3374962,0.07241392,0.30051482,-0.14916363,-0.41832936,0.3450847,-0.188747,0.36999708
0.5246098,-0.60819495,0.26887083,0.043288782,0.60278535,0.354411,0.42839995,1.1973267
0.15984133,-0.31035638,-0.007382497,0.25524926,-0.3909492,0.34929466,-0.016734013,0.35840338
-0.2961887,-0.013853684,0.38010758,1.0220774,-0.70918506,1.2531633,0.57915896,1.2881224
0.5042137,1.037938,0.4667102,0.5063903,-0.03392957,1.2307844,0.053456813,0.2594134
1.3752352,0.62896216,-0.12954606,0.48731378,1.2207658,-0.046982944,0.33308062,1.1292273
0.6004634,0.36054868,0.052668653,1.4203293,-0.09928848,0.6482028,-0.7541436,0.3889758
0.026778169,0.4599378,-0.24764915,1.0516863,0.9065414,0.3781582,-0.20911062,0.45379347
0.60514075,0.77768123,0.57480747,-0.70840317,0.443007,0.22702235,-0.020590095,0.86332345
0.06881026,1.2909628,0.65655553,0.7398932,0.4067381,0.57790136,1.0520753,1.4587482
0.098314635,-0.1742733,0.908988,0.94860333,-0.13471292,-0.5647507,-0.393455,0.43027467
-0.18625367,0.32831532,0.49205905,1.8254133,0.88353395,-0.6390748,-0.07706689,1.2183526
0.91643304,0.34939396,0.4499809,-0.26035282,-0.3376217,0.8217746,0.116171576,0.4578635
1.1534616,0.29578537,2.2277627,-0.26421943,0.7925355,-1.3017346,0.96714836,0.4493467
-0.29402605,-0.18287125,0.25881365,0.07306595,0.42317402,0.031923197,-0.10719143,0.7050455
-0.48024556,0.22176029,0.2352997,0.8124925,0.16299811,0.18247637,-0.18794306,0.23752108
0.15238672,-0.05346687,0.5419926,0.024266481,0.5780309,-0.646049,0.48095983,0.43855476
0.30766934,-0.018253908,0.2015751,0.07129006,0.08441006,-0.4262972,0.17146373,0.22553754
0.7497621,-0.04188992,1.0896549,0.6664199,1.7107911,0.63972646,-1.4859158,1.1313188
-0.6004233,0.7669264,0.581986,-0.10125423,1.1780906,0.39682183,0.40706432,1.2829816
0.97641,-0.56375873,0.7007389,0.2761167,0.14920904,0.9775634,-0.108151205,1.1428121
0.32527417,-0.5310066,0.7116248,-0.067070164,0.56996524,-0.09583607,0.61725074,0.31707734
0.69461304,2.106773,0.70711094,-0.69527537,0.72647065,-0.40632427,-0.218792,0.6163435
0.8622458,-0.16058348,0.3947568,1.028315,-0.019610897,0.3941898,-0.5801136,0.30842507
0.83231896,-0.16658969,-0.0078085363,-0.37399748,0.90859115,0.8040719,-0.22477712,0.36199754
0.12060066,-0.25870323,0.059028506,0.43747362,-0.51499844,0.99796194,0.72144383,0.48724917
-0.51519567,0.39723235,1.5856789,0.94317335,-0.27107388,0.17692077,1.0392011,0.37747532
0.36527985,0.028254285,-0.16783784,0.20909423,0.5709128,0.4633782,-0.18659157,0.34506208
-0.36121675,-0.31303394,0.3230192,1.2473434,0.5229894,1.2051368,-0.27538943,0.82770514
0.19376919,0.03685206,0.18787223,0.21839249,-0.35537905,0.14558092,0.0009261579,0.15502733
-0.8637716,1.1438512,1.2918013,0.70345855,0.16471781,0.15955675,-0.5212874,0.79606384
0.43510804,-0.44710094,0.012523025,0.1995123,-0.36516792,0.5257362,0.09238722,0.4378934
-0.45599326,0.5851145,0.3980912,-0.3174142,-0.19730036,0.2672599,-0.29382482,0.8131801
0.6566176,-0.11919458,0.31142753,-0.45821556,0.9479945,0.2425263,0.23285253,0.23566328
0.37371394,-0.04636644,0.10606776,0.95249736,-0.7510606,0.7174835,0.30472097,0.09008379
-0.1767802,0.17036611,0.23482448,0.89109296,-0.36646175,0.5849152,0.508403,-0.082899585
0.6350214,0.039160177,0.545229,-0.46841416,1.4305372,0.36431894,-0.034283966,-0.009251311
1.3449279,-0.19324304,1.0282199,0.24351868,1.735526,1.0575552,1.152367,0.17794716
0.026553603,0.5433325,0.2344949,0.69257814,-0.036853433,0.2660824,-0.20149879,-0.17929202
0.21452102,0.04793197,0.10150123,0.6278504,0.2076024,0.044882074,0.8475509,0.098369956
-0.24216568,0.44462985,0.17658459,0.010231443,-0.90881056,0.90321183,0.9004075,1.1998798
0.44852573,-0.44143015,0.3268618,0.45289686,0.017733455,0.7387143,0.33460632,-0.045948207
0.7390258,0.4843403,0.26760733,-0.64163536,0.14731766,-0.39735186,0.6696818,0.43189514
0.0953458,0.6532308,2.009119,0.18878376,-0.25193274,-0.10748026,-0.7699407,0.56914496
0.897473,-0.22093923,0.048872158,-0.17720577,0.85321635,0.10228169,0.18696167,0.6200748
0.24305561,-0.41149956,0.44256443,0.501259,0.3413835,-0.23450696,0.8397297,0.26689672
1.0548967,-0.13729163,0.09158167,0.19282159,0.3877043,0.554335,0.7401556,-0.39063698
1.2244536,-0.32620418,0.9997213,-0.15435505,0.060762063,-0.072100565,0.50391513,0.26686573
0.3743885,0.4112183,-0.19978438,1.2866826,-0.112251535,-0.6152427,0.83280855,1.1053724
-0.6941772,0.78628546,0.54872894,2.043803,0.18855463,0.060960352,-0.16440402,0.20086527
0.28757954,-0.45930094,0.26720768,0.0362468,0.6804774,0.09956465,-0.2901788,0.49867433
0.18031988,-0.67262745,0.4184975,1.1560295,0.50065726,0.95037675,0.3324643,0.05587925
0.12721828,0.532601,-0.27058917,-0.029026322,-0.025986463,0.36976692,0.43833372,0.7708123
1.0836066,-0.33910662,0.7228568,1.3139429,-0.5351536,0.33829707,-0.34442884,-0.10541721
0.6086107,0.302032,0.7362318,0.53327507,2.227779,1.3496308,1.4514822,0.006961584
-0.48416844,0.8522932,-0.121739194,0.11909637,0.40814018,0.34018165,0.33122194,0.78445095
1.0171573,0.63526064,-1.0781091,0.115939096,0.5919625,0.3115877,0.3148296,0.6599411
0.68443805,0.030091926,-0.0018144995,0.9400428,-0.28761452,0.75758314,-0.08985225,0.098946765
0.7901753,0.64845175,-0.47410846,0.06531854,0.83876705,-0.33756244,0.8934302,0.23846978
-0.21402231,0.4673283,0.7623266,-0.18180478,0.8962494,-0.07017541,0.104134314,-0.007986203
0.6493467,0.43782556,1.6063124,1.0411471,-0.4165328,-0.7603449,0.19589637,1.3343676
-0.41903004,0.38154912,0.2797138,0.30510992,0.63810897,-0.063544214,-0.3571044,0.48549807
-0.13386816,-0.42453706,0.25436604,0.40912467,0.325434,0.6030688,0.31484804,0.07752456
0.041356713,-0.30262727,0.27624434,0.17541677,0.10506928,-0.17103136,-0.25959927,0.39005753
0.17440432,-0.10213913,1.1529182,-0.25697738,0.44968444,0.77411044,0.055556912,-0.008426756
0.52413124,0.15876745,0.34297848,0.75904965,0.042079464,-0.004342526,-0.63822275,-0.03327699
0.65687406,0.13546516,-0.39182872,0.32322267,0.77812374,0.2545712,0.25515756,0.3483617
0.20265666,0.47152418,-0.024451211,1.0361239,-0.048335448,0.75599515,-0.52057946,0.32222974
1.0007288,1.0197419,-0.27988088,-0.20589045,1.6165838,1.0443695,0.019007124,0.9885562
0.33661968,0.66335034,0.105229795,0.34279704,0.014846548,-0.56302893,0.38707393,-0.06958328
1.161654,0.6861695,-0.03558062,0.99210066,0.15889181,-0.088768035,-0.8477732,1.1348866
0.471372,-0.6902997,0.67553324,0.8145328,-0.27791965,0.20110434,1.0945852,0.57462585
0.45735118,0.97239834,1.8905468,0.80026156,-0.41380268,0.76342,-0.48512563,1.5724629
0.011901729,1.218455,0.16250725,0.2229749,-1.1105955,0.44555524,0.52782506,0.64741194
-0.6718082,0.2073208,0.55727047,1.0394509,0.29311818,0.60807663,-0.2948085,0.26314527
1.2510482,-0.1806169,0.3548829,1.2075047,-0.7145987,0.68574536,-0.1741846,-0.18363416
0.42860478,-0.28029364,-0.34574926,-0.19721338,0.36572355,0.29614294,-0.14380115,0.6333285
1.4876236,1.1844189,0.2583856,0.34114423,0.33729416,-0.19444683,-0.2749964,0.066853926
0.6161121,-0.4713952,0.48063207,1.597642,-0.08323951,0.6761198,-0.21417104,0.35703307
0.43057588,-0.11070828,-0.19702245,0.24641469,0.28179014,0.24563816,-0.2644472,0.30928123
0.16768548,0.3224941,0.042706475,1.0135994,0.2570262,0.1255134,1.4289092,0.2141524
0.36277524,1.0828058,0.9322492,-0.0070963576,-0.35931706,0.8801808,0.05625619,0.14447999
0.082182445,-0.24639176,-0.047486305,0.32161933,1.2508439,0.8735013,-0.024638476,0.6572539
-0.70249677,-0.038378075,0.886428,2.2905595,0.8964152,0.94339335,0.78039473,0.09836501
0.72964233,-0.18819068,0.12706248,1.0477976,0.13491721,0.42607063,-0.4862464,0.22055563
0.039194614,-0.19940615,0.25107387,-0.033200078,0.36082536,-0.18153894,0.023509447,0.32262546
0.7205476,-0.6170582,0.007955834,0.37262738,0.49531662,0.7484685,0.42601532,-0.04450731
0.66504455,-0.21891735,-0.25297415,1.4693604,0.33384657,0.269132,2.0465062,0.26210284
0.11213484,0.18582405,-0.35797292,0.70336336,-0.71566015,0.92449147,0.8222498,0.9323354
0.35426593,0.06682454,-0.2342486,0.34322697,0.53243303,0.2021401,1.4655945,0.12212916
0.07295254,-0.21297878,0.14632809,0.38812193,0.06776567,0.16211073,-0.36384553,0.46029824
-0.28858626,0.5210389,2.0519013,1.729523,-0.53775007,-0.2289697,-0.5926695,0.69890714
0.6181442,1.0366696,0.26026282,1.2675458,1.0993382,0.37720272,-1.37471,0.42121467
-0.037654407,-0.21807352,-0.09048988,0.08074251,0.505801,0.21487184,-0.12450289,0.6804894
0.13502415,-0.31897753,0.57398385,1.048457,0.008335039,-0.3914663,-0.43264857,0.6391456
0.66931444,0.072260484,-0.18303426,0.12615873,-0.27183247,0.1467725,0.14059989,0.2628184
0.19297472,0.5173891,0.20725274,0.6932409,-0.9998743,0.23778374,0.4972808,-0.078658044
0.53009874,0.16693695,1.1478473,0.12059544,-1.0247402,-0.039645687,0.3591166,0.8920824
0.5467891,0.47525442,-0.21710713,1.0226504,0.07945134,-0.6174635,0.650377,0.69207466
0.01007504,0.02424322,1.1080893,-0.53253555,2.2777054,1.0390244,-0.37506175,0.71447575
0.30490234,-0.4748016,-0.20716508,0.17102475,0.5443782,0.1452623,-0.042249717,0.73948646
0.6018589,0.56698096,1.5179794,-0.3235911,1.1353898,-0.7911724,1.2019126,-0.12922165
0.03609688,0.8982299,-0.4536773,-0.015398748,1.0483733,0.80005264,0.054500833,1.0037374
0.086773984,0.5107073,0.01205615,-0.22790024,-0.25675684,-0.28863725,0.47948644,0.40374982
0.01787242,0.30264795,0.0034450144,0.0305621,0.12941292,0.26082242,-0.47982362,0.19896246
0.9286568,0.22656064,1.0447555,1.8184181,1.5801908,0.18848485,0.52471507,0.07649052
-0.28650284,1.1773351,-0.009160504,-0.11343665,0.26383895,0.4659252,-0.38441965,0.44626728
0.29657197,0.110397354,0.05034867,0.03167587,-0.38315678,0.45538086,0.348391,0.5045463
0.27945718,-0.34171396,1.2908845,0.19063094,0.29988962,0.7119415,1.0112238,0.26524848
0.15131347,-0.6285302,0.6992564,1.3877673,0.9088525,0.6828331,-0.39342424,0.9117675
0.5659125,0.2611382,-0.56239843,-0.20312634,1.4277767,0.32690424,0.5391218,0.6298716
-0.25432137,0.209136,0.8825009,1.121947,0.25206316,-0.777463,0.5654233,0.22571771
0.036420614,-0.012334183,0.46371078,0.53163177,0.5154375,-0.7864906,0.373859,0.4888943
0.054181267,-0.40097797,1.066788,0.042426378,0.658339,-0.46975976,0.78267866,0.6243452
-0.07103374,0.060380444,0.2768402,0.3165623,0.11518246,0.41397226,-0.20047319,0.19224943
-0.78526455,1.7709702,0.59666014,0.13205409,0.61690545,0.25067806,0.04225076,0.09077241
0.6669594,0.0005659908,0.5497839,1.093245,-0.13619913,0.568352,-0.6801089,0.2146328
0.12935707,0.6175017,2.0757422,-0.35725984,0.9304951,-0.16730979,0.16325325,0.14969088
0.49320576,0.30484617,-0.25383234,-0.42269447,0.25230718,0.6744758,-0.3088941,0.89693725
0.16440779,0.19043836,0.3403737,-0.17762294,0.28970742,0.10850554,0.4914753,-0.1298492
0.1811491,1.0767123,-0.27304518,1.6547347,-0.006325498,0.22235014,-0.07330841,-0.18942574
1.5491837,0.92992467,-0.41620398,-0.3749424,0.7100746,0.12816235,-0.36991146,0.26820293
0.31836563,0.3325277,-0.21805291,0.8784897,-0.38044375,-0.33118984,0.33051917,0.27151233
-0.03774894,-0.5447809,0.4821704,0.2202715,0.5897088,0.17748708,-0.34573546,0.3679003
-0.33388582,-0.14643574,0.34075648,0.899836,-0.30598766,0.84792227,0.21837746,0.44982687
-0.605293,0.8791559,1.3655996,0.93845564,0.7457646,0.005693674,0.6438148,-0.32663423
-0.018654857,-0.39781326,0.14261341,0.21229172,-0.16471784,0.5602973,0.17279692,0.4781271
1.7412468,0.88331187,1.209522,0.3303568,-1.553285,0.956932,0.5160129,0.4083855
0.19333458,-0.43433797,1.0906436,0.63734037,0.72455686,-0.55361986,0.09594891,0.23007149
0.200982,0.041919217,0.30612272,0.040169246,0.5793931,0.90173364,-0.5777673,0.34530288
-0.03132259,0.03867702,0.02042158,0.145596,-0.6236803,0.5364565,-0.05813174,0.77511394
-0.32651016,-0.47567868,0.31908017,0.569407,0.6752865,0.7111561,0.09275985,0.9469134
0.9783465,-0.07594772,1.1583885,0.55421156,0.39685208,-0.10206826,-0.22952391,-0.3897698
-0.10851037,-0.078188464,0.17127487,0.68812925,-0.3037054,0.21265462,-0.0730088,0.39042774
0.5518103,-0.27561718,-0.011642262,0.43017346,0.17557533,-0.6261612,0.6887058,0.18905371
0.28455922,0.32089818,-0.39206386,0.26963368,-0.012234241,0.09377164,-0.016082363,0.20503737
0.8976385,0.8876037,-0.5767776,0.8192867,0.53196627,-0.45711875,-0.010999065,0.35156664
0.38490725,-0.12449221,-0.21066426,0.8231413,-0.15230449,0.43763557,-0.06625258,0.4222268
-0.1561043,-0.31809515,0.6107166,1.2131735,0.29409224,0.48136774,-0.039556608,0.31138778
0.1990442,-0.13975888,0.019910038,0.2882354,-0.010006145,0.0751046,0.19861998,0.07089115
-0.15340102,-0.07296972,0.6347497,0.5410102,0.2385914,-0.74987274,1.1743761,1.2138013
-0.23310441,0.08387868,0.50087994,0.31856778,0.044743143,0.03738766,0.3173517,-0.2009744
-0.005077161,0.5610075,1.828839,1.1145545,-0.498473,-0.50164276,0.2920332,0.515419
0.6620687,0.49565703,0.49309778,-0.034110926,1.5382432,1.1357542,-0.494314,0.35833287
0.7733977,0.11052416,-0.34035516,0.15849116,-0.34390318,0.29957354,0.90656245,0.53751373
0.0902354,0.041376457,-0.008120179,0.53275186,-0.6815539,0.4182995,0.39698598,0.4163224
0.6021455,0.7073996,-0.23286371,-0.45805636,0.2641549,0.19930172,0.020094937,0.3305542
0.57984823,0.7761079,-0.56603986,0.89185673,0.19861071,0.17416814,-0.470267,0.24791588
0.12933624,0.24413346,-0.23307629,0.02464747,1.1654989,0.2135796,-0.27659333,1.1989299
-0.24819729,0.47887826,0.8667792,1.0160575,-0.31759894,-0.6886627,0.2803653,0.14664125
-0.32249537,1.0954455,0.71332973,1.2331591,0.03616698,0.7115576,1.2654077,-0.023925856
-0.5350146,0.8648552,-0.015367165,0.23642439,0.1815463,0.2446619,-0.35248643,0.6007983
0.55442953,0.22255866,1.072195,-0.40890276,-0.2737941,-0.5168552,0.20356788,0.73727995
1.0478063,0.04358445,0.6829309,0.13658093,-0.8726023,-0.66344273,0.01899234,0.4364937
-0.23678628,-0.14349522,1.0587652,0.53690094,-0.024784222,0.99427617,0.25609887,0.13649866
0.81401086,-0.5510042,0.46416694,0.6364213,0.20428999,0.3206443,-0.21875247,0.236662
-0.07145477,0.4541217,0.3095204,0.17206994,0.39450836,0.9807918,-0.88844067,0.3884512
0.43725514,0.29422498,0.44394928,0.008997478,0.36484867,-0.16746584,1.3856157,-0.07326026
-0.031122603,0.7762653,0.68340325,0.99994475,0.2582125,-0.21836907,-1.1093243,0.7734718
0.19713673,-0.16815595,-0.14130066,0.24522686,0.03162566,0.26697794,0.053461798,0.3490932
-0.34308383,0.7946558,0.47965986,-0.58046925,0.9714803,0.71975976,0.29711545,1.1579181
0.51257116,-0.32698733,-0.3414986,0.074475974,0.62237513,0.21570967,0.9799096,0.47823274
1.754804,-0.34500057,0.4643908,-0.22729209,0.67336375,0.64558816,0.14977328,0.49028236
-0.10948642,-0.25615877,0.16831991,0.20580816,-0.3138476,0.40163535,-0.17924067,0.49558997
-0.6613312,-0.044675425,0.58160186,0.46731466,0.100675404,0.32504803,0.24062146,1.5785341
0.99138933,0.015489712,0.049625933,0.568174,0.36395895,0.31637412,-0.39268595,0.75733495
0.5852069,0.7174197,1.0705099,0.07171198,0.4147449,1.0532088,-0.024405459,0.47234252
0.10647634,0.2070169,0.54320616,-0.412454,-0.23517679,0.3503899,-0.35800177,0.95795095
0.8494511,0.8931311,-0.4974661,0.14539272,0.56507915,0.2600783,-0.09680375,0.39841396
1.1085765,0.8544322,-0.2607348,-0.3657007,0.13280566,0.39241496,1.2530841,1.035293
1.0158553,0.037220106,0.5890223,0.06913289,0.020727232,1.2010331,0.70203996,-0.24759305
0.99893767,-0.07608186,0.05155556,-0.029634558,-0.3421433,0.45755175,0.6124167,0.5826887
0.4771098,0.99515593,-0.46950346,0.38423845,0.5186291,-0.026778266,-0.24747463,0.30066723
-0.077202484,-0.10145812,0.055557787,-0.15228587,0.9909408,0.1859687,0.8168817,0.48376557
-0.33241948,0.86460567,0.08127615,0.34350675,-0.5107233,1.3958819,0.07565828,1.0189854
0.39774698,-0.34327304,-0.004435703,0.07760707,-0.19179936,0.28950822,-0.26681846,0.4351888
-0.35013056,0.37200326,0.19855249,0.41525707,0.20125245,0.05325429,-0.13488622,0.14928824
0.7481915,-0.42985713,0.69066393,0.85971034,-0.84077406,1.1617279,0.5782755,0.60707986
-0.018059108,0.12220453,0.31049636,0.27227408,-0.057905838,-0.56450075,0.41024014,0.68211967
0.38472852,-0.0042566806,1.2107984,0.0763808,0.70725375,-0.45957637,0.11218647,0.19532888
-0.13531023,0.17896898,0.6379474,-0.19931349,-0.41132718,-0.13029246,0.3372807,0.9537702
0.1731199,-0.24939208,0.18013695,0.08271624,0.18016793,0.6884347,-0.29926756,0.40294766
0.5750498,-0.2749216,1.5260042,0.6135044,0.3806033,-0.63656586,-0.6558843,1.221021
-0.033016756,0.49160457,0.29365823,0.24909002,-0.25773633,0.15159076,-0.42797104,0.114298046
0.040038638,-0.5898404,0.6134053,0.04548206,0.26713073,0.33245087,-0.16927783,0.7134482
0.30347732,0.41686803,1.0540202,-0.5278041,0.81080943,0.65537614,1.3751773,0.92592096
-0.17786083,1.2307537,0.3919261,-0.7204603,0.4430557,0.98909813,-0.45776755,0.73908067
0.15944728,-0.13240659,0.14822695,0.23986414,-0.008512437,0.13836253,-0.37804198,0.252292
-0.187406,1.8449188,1.3292809,0.45802405,1.5705328,-0.7816708,0.14733385,1.3007386
0.044968463,-0.3940946,0.44488984,0.18152535,0.11817941,0.9549223,-0.023527907,0.52829134
0.9616191,0.10301249,0.26604417,1.1326698,1.5584486,0.66031283,0.5723261,0.32598084
1.078976,-0.494811,0.12404683,1.319115,0.6078623,1.2038943,1.5987427,-0.16488048
0.13501166,1.2509907,-0.42885238,0.06999819,-0.057120577,1.2015712,0.34883016,0.6869117
0.11359199,0.1592553,0.25359172,0.6542688,0.23068275,0.45018938,0.4776229,0.12104289
0.5031092,-0.7719945,0.6679995,0.3583156,1.2104813,0.55702037,0.3790562,0.2044834
-0.14272013,-0.014082149,1.2293006,1.5080383,-0.21318866,0.37196398,0.33728483,-0.20565963
0.6770736,-0.6299,0.9432945,0.946642,-0.2208174,0.8352605,0.47800004,0.17689878
0.2875836,-0.041970596,0.13162805,0.23666403,-0.20811777,0.296566,-0.64561456,0.3723312
0.035610832,0.16244377,0.22663072,0.7269192,0.6036373,1.3863201,0.33650613,0.14094089
-0.13541657,0.48048067,0.52398616,0.7654849,0.9978457,-0.5450524,0.29086283,-0.12158719
0.097823106,0.13455985,0.5428111,0.30084884,0.08013873,1.0470855,-0.79805577,0.7109913
0.869493,-0.24724852,-0.35850066,0.24155018,0.35189578,0.3991261,0.48684868,0.053817444
0.23300889,0.38578784,0.64012694,0.78425485,-1.294083,1.0411509,-0.11855649,1.3682231
0.017622612,0.844591,0.65857124,-0.35878298,1.6107038,0.7891059,-0.8869545,1.3703074
1.33362,2.115052,-1.0450038,0.23913684,0.09204437,0.21115929,0.16729958,0.5035372
0.25457573,0.38985103,-0.42491114,1.2048347,-0.43972367,0.7911072,-0.1935899,0.60626465
0.12387579,-0.4443956,-0.030352458,0.39529243,-0.20703967,0.56230664,0.107536465,1.0530479
0.81718236,0.110383436,0.107468985,2.1229424,-0.03572242,1.1248977,-0.40595186,-0.0097595155
1.0256032,0.30462426,0.9592944,-0.40362576,-0.39937758,0.25243202,1.6879517,0.90565604
0.1453295,-0.2782393,-0.115517825,-0.10421903,0.7661094,0.46343774,-0.35009095,0.69917
-0.6086129,0.1628087,0.3848408,0.061373197,0.6567643,0.53853786,-0.25175306,1.623151
0.1341234,-0.20497368,0.33809823,1.0958216,-0.32083,-0.042019963,0.0910115,0.7799415
2.447017,0.5464983,-0.3096584,1.6827059,1.1863123,0.7146524,0.9992196,-0.34570962
0.19598833,0.019130662,-0.17616881,-0.18339896,0.17795783,0.67768437,0.91117984,1.0883298
-0.3270468,-0.3534007,0.6888163,0.59632957,0.1345845,0.3432235,-0.59202546,0.6023792
-0.9572805,0.005901471,0.353804,1.2296468,0.47383147,0.78428876,0.7463175,0.83394575
-0.27346647,-0.628698,1.0792078,1.4112269,1.2753292,0.5864439,0.26054832,0.13214403
0.1943936,0.07895817,-0.06258099,-0.04100927,0.07569505,0.03182154,-0.00656327,0.20480269
0.64800847,0.8266914,0.47417563,-0.37905213,0.080769554,0.5054179,-0.53075576,0.4102107
1.1623534,0.012346432,0.47837555,0.002467759,-1.3211517,-0.06458977,1.2825314,1.0789171
0.98144317,0.67843235,-0.5426677,-0.21707293,0.66707736,0.37142554,-0.54527545,0.44404867
2.0303621,-0.44984466,-0.35230213,0.28588867,0.6944113,0.28038645,1.2833465,0.351063
-0.6723012,1.2432871,1.6391172,0.0958501,0.9043044,0.14096864,-0.24447823,1.3992707
-0.016192913,-0.17322536,0.1403825,-0.044834234,0.13986015,0.21585354,-0.29478022,0.30785853
0.33480287,0.2613122,0.20029339,0.43346408,0.3212117,0.9974439,0.08555066,-0.21036342
1.0880834,-0.33330852,0.25671947,1.4878877,-0.32668293,0.8688909,0.6057631,-0.7080686
0.43730024,0.65363616,0.08195907,-0.6916111,0.9887846,0.5954702,-0.2693722,0.56523734
-0.46377787,0.4864298,0.72776014,-0.09128972,-0.051919848,0.49708587,-0.1170516,0.63708794
-0.9464535,1.8735646,1.477691,0.09235036,0.44770783,0.71016806,0.61135286,-0.47199917
0.7770366,-0.5012552,0.44912142,0.15281856,0.29522955,0.3689599,0.6344184,-0.17000398
0.3602368,-0.34025592,0.6399363,0.37470368,-0.45149916,-0.16461572,0.1250053,1.0025804
0.19659767,0.5472049,0.6940824,-0.13590106,-1.2142707,0.4882503,0.46655622,1.008595
0.08045218,-0.16052519,0.48291254,0.084845744,0.31304443,0.15646702,-0.3408145,0.002191767
0.1109925,0.9359946,-0.04681088,-0.16284475,1.5809491,0.062087134,0.21858716,0.6831192
0.49279615,0.9663777,0.002968058,-0.11172087,-0.1954176,-0.1259982,0.015631987,-0.18123484
0.37299886,0.92962873,0.022561148,-0.018925063,0.34350586,-0.8713307,0.4791604,-0.10272829
0.45267007,0.93154633,0.18904057,-0.6039605,0.4454565,0.5809019,0.70562977,0.026554935
0.46761426,0.6034619,-0.430044,0.59366477,0.27004898,0.79869866,0.53144145,-0.059551537
0.52737236,-0.32825875,0.7525652,1.8967977,-0.020390466,0.25921535,-0.22667249,0.18797392
0.992052,0.0919527,-0.53477585,-0.2943264,1.0896329,0.4890449,-0.06807249,0.58472824
0.55189294,0.35592276,0.6725355,0.23747951,1.2162876,-0.17778689,-0.56081766,0.7219424
1.1827415,0.17988478,-0.46001303,1.3492908,-0.63944244,0.2713843,-0.14121312,0.124835044
-0.23665366,0.729701,0.085681796,-0.29270312,-0.5439573,0.5184773,-0.034628894,0.5802996
0.30224326,0.43111497,1.2804354,0.8800789,-0.2193925,1.5916995,1.7657744,-0.22707206
0.020116307,0.865545,0.71210504,0.86734575,0.12844302,0.3518383,-1.0459768,-0.003469929
1.006763,0.57918227,-0.17595626,1.2576919,1.0201,1.595731,0.52644163,-0.25646648
0.86804175,1.087699,0.35227448,-0.4556177,-0.20294301,-0.82274425,0.45106873,0.521408
0.14848149,-0.50135934,-0.110569835,0.4117283,0.091309294,0.3554092,0.24793981,0.8723753
0.2143822,-0.8578143,0.38374233,0.45945117,0.44760573,0.47884107,0.016196238,0.41615146
1.108622,0.92430377,1.2311811,-0.66777444,1.4367342,-0.32826608,0.1542664,0.07154786
-0.35543033,1.0592817,0.2831449,-0.14887789,-0.62157047,1.0217224,0.0020178691,0.81766486
1.532444,-0.27741915,0.5379464,1.3874538,-0.88849646,0.5317618,-0.050955124,0.09291923
0.5061785,-0.056669667,0.11004722,0.10463166,0.064403936,0.18885654,-0.3236715,0.267823
-0.24436271,0.20735286,0.30096722,0.18649697,-0.06546149,1.0071676,-0.19756047,0.9852002
0.37404355,0.020246789,0.0025430024,-0.34019378,1.5904515,-0.1909115,1.2196351,0.8617875
0.33322904,0.06456871,-0.14252074,-0.26754567,0.40986496,0.1290094,0.08485507,0.39903277
-0.029084712,0.3101384,0.590177,-0.38647532,0.49965465,-0.27544278,-0.21386571,0.5719868
2.5219376,0.501435,1.2497822,0.54953116,0.13777716,-0.41445833,0.1790639,0.6111274
0.13695808,-0.27816844,0.17707853,-0.029063873,-0.22927056,-0.042947248,0.044399723,0.42516923
1.0408461,-0.12686767,1.0534706,2.2992735,2.482144,0.50472367,0.26836613,0.863686
1.4944984,0.9734551,1.0341187,0.48218736,0.2023346,0.6258424,0.68208927,-0.29317957
0.6646415,-0.37797034,-0.22771366,1.2912904,-0.18086536,0.74555767,0.51559925,0.06862791
-0.32362187,-0.43821317,0.28380036,0.45344737,0.06344424,0.33686775,-0.054197963,0.6688667
1.2714926,0.4156025,0.36370492,1.5641062,0.6924724,-0.72325945,0.721516,0.82908195
-0.09558996,0.1904005,0.11384702,0.971181,-0.36875045,0.27288035,0.26391944,-0.08632542
0.6940625,0.85515606,-0.14200498,1.1349616,-0.477606,-0.29732063,-0.3485319,-0.1311953
1.4534727,1.9080312,-0.90114295,0.19038115,1.161377,-0.3933411,1.507892,1.0885032
0.465135,0.012011886,0.011997871,0.6912735,0.14385591,0.06404007,-0.27435452,0.10625279
-0.2984058,0.11380492,0.21041182,0.7380216,-0.30913997,0.3174794,0.09219551,0.23475485
-0.4989973,0.041898534,0.47117108,1.1089561,0.09482758,0.04607396,-0.011956226,0.25030234
0.32008812,-0.35802585,-0.0019864887,0.12955755,-0.4347754,0.35424152,-0.06487554,0.37465727
0.8988689,0.111892775,0.04150732,1.7805443,0.06342788,0.96614736,0.35338873,-0.74114823
-0.32119584,0.894568,-0.019607082,-0.06633165,-0.17792107,0.17079988,-0.03279956,0.27595338
-0.36228868,0.8853563,0.12227608,1.5049846,1.3128693,1.1160586,1.1841408,1.5154893
-0.26260895,0.33380193,0.1960415,0.13431862,-0.23797153,0.06563789,-0.09208194,0.2516908
-0.17921951,0.5670593,0.0059043616,0.10375927,-0.7546534,0.3427451,0.73034817,0.6241803
0.78522986,-0.06648262,0.7044667,1.1703067,-0.67748076,0.30784816,-0.49815765,0.28890908
0.31815872,0.87314755,0.22917421,-0.91096026,0.20672344,0.6364274,0.4885848,0.5843091
0.08460957,-0.13188063,0.50144917,-0.15952179,0.50949407,-0.08102967,-0.5437014,0.6673405
0.52343374,0.638438,0.5786287,-0.09319543,-0.6714318,0.7729558,0.21603541,0.038773082
0.5581328,1.0251497,1.3620635,1.3385713,-0.8354477,-0.16621727,-0.41471872,-0.14295086
1.318843,-0.25696105,0.22072747,0.25194606,-0.7812702,0.23203093,1.2933244,0.39137924
-0.06710726,0.1825398,0.44280207,0.23280972,-0.5971706,0.032375738,0.25840035,0.39263242
0.81944543,1.0273219,-0.116233185,-0.13446805,0.15472557,-0.8321424,1.2070214,1.501426
-0.56727004,-0.30110556,0.35619467,0.9675088,0.73830956,0.63117355,-0.4417189,0.80482095
0.50603914,0.2808013,1.2025516,1.8479168,1.772414,-0.75727403,0.2523685,0.57873124
0.75306016,0.58009005,-0.7771673,1.1180687,0.09666033,0.37995148,1.5168369,-0.33970135
-0.2891966,-0.045418724,1.0528611,0.69949305,0.53085065,0.20510334,0.05882155,-0.24755883
-0.33091685,0.56145644,-0.034086958,0.4656285,-0.3454821,0.31441325,0.7953884,0.31057847
0.69372183,2.270943,0.7676822,0.09653219,-0.34587568,0.22186688,-0.6238002,0.5393482
1.3212818,0.4610898,0.71424806,0.51974535,1.726247,0.5413911,0.037941672,0.10722403
0.14263436,0.045353875,-0.05426292,0.29782745,0.082494706,0.44244617,-0.4689136,0.29406536
0.4571183,0.12513576,0.09576918,0.640963,0.08406456,0.5822353,-0.60841763,0.4542663
-0.06293579,0.056386724,-0.23318909,0.37127343,-0.00031374395,0.25360152,0.47147384,0.32304615
0.90273637,1.9172336,-0.10128577,-0.34434658,1.234167,1.3617346,0.58156025,0.4267004
-0.68028206,2.0891955,2.3672943,0.5851378,-0.15250452,0.48198533,1.0775877,0.8694543
-0.046337336,0.2707988,0.17444731,0.34897813,0.69010085,-0.25987637,-0.41451976,1.0519212
0.40689728,-0.0028181225,0.04077121,1.300818,-0.5872888,0.15925378,0.22906564,-0.0936946
-0.48959383,0.04084964,0.38261014,0.1816355,-0.20096205,0.47563624,-0.013040351,0.6535974
0.2494044,-0.5870728,0.42350006,0.8249591,0.28394276,0.023421004,0.5947326,-0.05579564
-0.09085327,0.2265955,0.15401134,-0.32307547,-0.046822473,-0.02617161,0.40914926,0.71529174
-0.5596518,1.8830854,0.47501624,0.68127847,0.84209317,0.26605886,-0.2544943,0.54064316
0.6381839,1.1058508,0.7207364,-0.16356537,-0.26169622,0.32235083,0.35880965,-0.4304827
0.13951105,0.85124743,0.3032445,0.8616906,1.8336565,-0.19771647,0.39372757,0.21424744
0.04008086,0.11945377,-0.12504117,0.35578468,0.56511134,-0.19866052,0.0074512013,0.7710954
-0.011378199,-0.06362827,0.1897024,0.2167598,0.64970285,-0.25477868,-0.25681472,0.7371417
0.41827577,0.13577579,0.7820858,0.29229054,0.47442883,1.4155658,0.2742333,1.4496508
1.4429451,0.45088553,0.38532418,-0.4758198,0.8376449,0.52193177,0.95534503,0.3637063
0.8385011,1.4062146,1.5725957,0.07769405,1.5040892,0.61825746,1.1737655,-1.1952689
0.1159058,-0.20042764,0.4633881,0.014108978,0.28008297,0.9271306,-0.21507613,0.56224597
0.3386742,0.6221332,0.5514282,0.82505816,-0.990714,0.033584073,0.7099206,-0.0026122928
0.18309349,0.16350044,1.4390737,0.38743982,-0.7198886,0.6916594,1.1826271,0.42022598
-0.6263213,0.7417877,0.16565444,1.3895279,0.29692787,0.31143546,-0.055010203,0.42371783
0.92669004,1.368119,-1.017803,1.0070183,0.36843973,-0.025502384,1.1636063,0.4814344
-0.95939845,0.76749945,1.0532023,0.93890995,0.12769185,0.52069443,-0.40038943,0.21633576
0.63318545,2.4037056,-0.16424026,0.9452655,0.73051125,0.13064691,-0.16739972,0.24945113
1.4255298,-0.46437573,-0.36259854,1.5013835,-0.71669835,0.4403181,0.89485765,0.22785732
0.15456599,-0.08978571,0.01674439,-0.06435851,0.43974108,-0.020043463,0.3079955,0.1818358
-0.6453632,-0.018623814,0.8115985,0.68286663,0.41072285,0.11980747,0.5099091,0.12768124
-0.47258803,0.37288266,0.16161719,1.2005005,-0.17608519,0.54681826,0.19670163,0.27886713
0.43767703,-0.21447049,-0.025740102,0.94923794,0.1452127,0.71841294,-0.29532862,0.13274589
-0.020281442,-0.055141434,0.27435246,0.59701383,-0.5880158,0.56599534,0.3748262,0.5503814
1.6241124,0.09565906,-0.5439941,1.848604,-0.7554675,0.82027984,0.6840891,-0.14956707
-0.3358851,0.018017396,0.53679645,0.23230818,0.72148377,-0.328043,-0.5575829,0.8385353
0.42331252,0.21567468,-0.06862508,0.2701226,0.68210644,-0.30192408,-0.2739111,0.42036548
-0.5106136,0.38221157,0.6442459,1.1550636,-0.4578516,0.24683426,0.8829187,0.9963285
0.16669294,0.14925168,-0.30280095,0.45461756,0.1337841,-0.1179162,1.0463794,0.46903634
-0.2525619,1.0898967,-0.26848686,0.54005224,-0.21639292,0.0713914,1.1258116,0.17435735
0.04314556,0.2457783,-0.15408386,-0.32026848,0.4318257,0.48660746,1.0058812,1.1951802
0.5805132,-0.18805213,0.23248193,0.24307153,-0.3963583,0.23087102,-0.33534038,0.33822823
0.42815712,0.45865577,0.8545176,0.615702,0.092106536,0.6763224,-0.8553096,0.5343131
1.2271194,0.18941383,1.2392534,-0.4057093,0.52707905,1.8373893,0.6551781,0.3373018
0.4145755,0.39880866,0.833381,-0.49750927,0.2406169,-0.4921584,0.4972591,0.3429503
0.38397267,-0.27542102,0.42764676,0.40221116,-0.40866083,0.29404795,1.5947343,0.8639387
0.06519702,0.36733526,0.2027304,-0.38900557,0.05371873,0.6602144,0.027343253,0.6902806
0.90181893,0.6753665,0.9738928,0.19085771,-0.65301377,0.01820492,-0.57768536,0.15254422
0.23777997,-0.59877765,0.7242817,0.66234976,0.5479199,0.112942114,-0.02446307,0.81328887
-0.012548037,0.33712387,-0.19386901,0.42278737,-0.3694365,0.10544959,0.47267297,0.16627546
0.22206637,0.057247818,0.053100787,1.102433,-0.29916942,0.17251393,-0.3417125,0.13010955
0.24867985,0.45961916,0.09275131,0.86658627,-0.72516805,0.07488258,0.4576298,-0.033427685
-0.019463733,1.2413607,0.8785852,-0.2054902,-0.47092754,0.7650099,-0.2214906,0.3086151
0.32862464,-0.241585,0.12667188,0.6582814,0.14703907,0.00020436198,-0.2143979,0.09866303
1.6237499,-0.26983267,0.2398635,0.489484,-0.570846,0.74902165,0.23076071,0.30390885
1.1652442,0.013447031,0.82862365,-0.03380406,1.6642604,0.052223206,-0.46769667,1.0036321
0.17443451,0.037072316,0.2902915,0.56263244,0.2397753,0.370666,-0.54943043,0.16396137
0.12095546,0.22042905,0.6872945,-0.14693749,0.65564686,1.0724988,-0.1906173,0.034953117
0.25003377,0.34457576,0.53932655,-0.3314642,-0.2779153,0.32726064,0.44304407,0.47582632
0.39272964,0.9816525,-0.1456628,0.31635168,0.4932983,-0.016003206,-0.61895543,0.18716736
0.19090626,0.4107228,0.64135826,0.47416827,-0.7410847,-0.4949528,0.3040813,0.26378864
0.40369654,0.98861027,0.7541679,0.33942744,1.5502654,0.7724149,-0.8751468,0.38137764
0.17933312,1.0217725,1.2896532,0.70541567,-0.6438399,-0.31712317,-0.14178498,0.22574505
-0.17134842,0.39907694,0.5072405,0.608136,-0.5049494,0.8963951,0.039028816,0.077818274
0.006426707,0.18607932,-0.42016804,0.8380801,-0.19543843,0.7164346,0.33300376,0.45513275
-0.028270282,-0.07614766,0.38046432,-0.17084134,-0.21334104,0.5043719,-0.3291836,0.83830065
1.2994347,-1.3257644,0.36030763,1.0341864,-0.03109841,1.143241,0.67503816,0.6014695
0.21598616,-0.2228456,0.37828475,0.5108772,-0.19943418,-0.2558984,-0.23710127,0.46981516
0.32364216,0.6516922,-0.3019628,-0.31990424,-0.29528475,-0.2227206,1.1365491,0.68314385
-0.13267493,-0.08001591,0.4581954,-0.21133184,1.2273349,0.21171567,0.9010692,1.5549779
0.39037356,-0.20068736,-0.031748578,-0.40261865,1.5098506,0.41395962,0.23641111,0.7386652
0.6731464,1.4432213,-0.28064126,0.123519115,-0.10676406,-0.66186255,0.53476703,0.86542416
0.15859377,0.59323245,1.6309725,1.4156657,1.945375,2.14492,-0.17221235,-0.3850093
0.38649946,-0.0145679265,-0.015690148,0.337267,-0.20240952,0.1780224,-0.53273654,0.4951434
-0.26425257,0.24248509,0.7545965,0.42489156,0.01519312,-0.416461,0.58669156,0.009694353
0.78475446,0.38489574,0.23846322,1.0790224,1.2977338,0.016093373,-0.93243957,0.8618884
2.0814652,-0.054155067,0.5114408,0.041322745,0.6565271,0.901468,0.032632582,-0.16976294
0.11531918,0.44195634,0.13736136,0.24635535,-0.5655739,0.61405015,-0.17852919,0.549331
0.43427852,-0.58158237,0.14754269,0.29601407,0.40911168,0.3684271,0.06296775,-0.0031686723
0.2205581,-0.0540469,-0.13437526,0.1871688,-0.13742255,0.34723854,0.7064695,0.0715214
0.5929225,0.033809736,-0.41691452,0.034899447,0.50195545,0.14182498,0.1466151,0.4401682
-0.14325956,0.1301174,1.6380292,1.0030489,1.0332533,0.39433354,-0.24018823,-0.2991834
-0.107524075,-0.41026652,0.28485414,0.5910404,0.46678478,0.12878618,0.63152057,-0.1240108
0.6812593,1.4339824,-0.58279884,0.61281246,1.2984899,-0.32224327,-0.041039802,0.95940924
0.03057502,0.4499771,-0.08838309,0.0054982603,-0.40264475,0.43528423,-0.19622685,0.5046065
-0.13653347,0.48941463,0.34540874,0.61356205,0.67171377,0.47844815,-0.91408974,0.2903957
0.5062112,0.16893466,0.114145726,0.1828416,-0.05835657,1.1837275,0.083695546,0.22339387
0.33963782,-0.020883247,-0.04153943,0.1843755,0.031116039,0.3226056,-0.3704923,0.34554002
-0.06538429,-0.42089665,0.04497377,0.59231555,0.078030266,0.13634771,-0.08082806,0.7448462
0.32291064,1.055147,1.1470768,0.1564937,-0.0561233,-0.64587784,-0.3787581,0.2980652
-0.14987636,0.16693182,0.66062987,-0.21943077,0.60368454,-0.15467477,-0.5538692,0.36734423
0.5588219,1.2928991,1.3141003,0.96706545,1.1086448,0.44837242,1.5770794,0.26460367
0.13532695,0.5817017,0.70727307,-0.529468,0.93589044,0.019563258,0.23677923,-0.050187826
-0.3374928,0.16348349,0.76097786,0.067768894,0.21948388,-0.41728377,0.54985917,0.114331186
-0.17063525,0.18611817,-0.07124272,-0.112224676,0.5964239,0.34883463,1.1144587,0.40026692
-0.3707821,0.7627348,-0.07666291,0.45350072,0.21028128,0.19123667,0.67217404,-0.040168077
1.2758449,0.46391034,-0.63934743,0.7638102,0.3431188,1.0096169,-0.15767945,0.93285805
-0.49200192,0.37938607,0.39470422,0.18927461,-0.46280152,0.3402399,0.38384998,0.3405131
0.98624414,-0.2114814,1.3225628,0.64164776,0.891015,-0.122709155,-0.35843852,0.55701816
0.5867865,0.50908697,0.19753125,-0.16356507,0.6767996,-1.3054018,0.9344147,0.8328624
0.59755087,-0.13852526,-0.38448822,0.30158916,-0.47825807,0.10200873,0.37318912,0.25593188
0.6611691,0.2910185,-0.5800762,0.8596025,0.2813146,0.9779134,-0.18834864,0.49864867
0.13424031,0.2864846,0.6848178,0.04624567,0.33235878,-0.06408325,0.7425547,-0.54315364
0.6984422,-0.55917114,-0.22019304,0.01304812,1.1209886,0.31767297,0.70716876,0.48758173
0.25374937,-0.09974088,0.38805556,0.5613497,0.07686554,-0.5406799,0.1489983,0.43343815
0.058801513,0.10943715,0.70742214,0.12959737,-0.43832833,-0.29247832,1.2039722,1.0845591
-0.034775548,-0.026391521,0.25080925,1.4283838,-0.07651523,0.16732329,1.0416209,1.1178912
-0.8223419,0.47418135,0.36279598,1.0119934,-0.28958285,0.641985,-0.21941894,0.6092205
-0.41891697,0.34577107,0.121460244,1.0210553,-0.15161179,0.5265744,-0.12471407,1.0601425
0.8706141,1.1562206,0.37727112,-0.2364012,-0.014980957,0.25532195,-0.53866696,0.14203486
1.3406373,0.035391077,1.2423718,1.0112398,0.516459,1.1867033,-0.75893855,0.3649428
0.65546066,0.5372151,0.06325033,0.013566263,0.27259153,0.85187054,-0.4933398,0.58557767
0.26702207,1.0532758,0.33571452,0.63345593,-0.02650778,-0.34447017,-0.39388034,-0.029935002
0.37719557,0.41376317,0.5600057,0.6152331,0.55146855,1.0817432,-0.3282078,0.12669478
1.0505751,-0.18992831,-0.46413344,0.40674242,-0.2868454,0.018087879,1.194081,0.56797016
-0.21419498,0.9569146,0.908354,-0.06065706,-0.77311796,0.8424267,0.24885167,0.6299332
0.15911493,0.49271083,0.5554023,0.40872133,0.5561808,0.7440162,0.8509925,-0.738636
0.97750044,0.5430455,0.64507747,0.34572938,-1.4274007,-0.23851162,0.9768318,2.0969486
0.17525354,0.96990794,-0.021782368,0.23799759,-0.38740903,0.3439535,-0.58038145,0.24633916
0.9371903,-0.14669664,-0.12761272,0.22958872,0.37365705,0.14583345,-0.35817477,0.5652208
-0.0709875,0.16560565,0.2282314,0.25614536,1.7157005,1.927319,0.6237584,1.1945627
0.14516163,0.07539387,-0.27876627,-0.11791635,-0.10278843,0.11988515,0.7741094,0.666139
0.11908081,0.52555275,0.322174,-0.07671165,-0.38993442,-0.203904,-0.027821207,0.054915905
2.3791637,-0.5065868,0.2209772,0.5043667,-0.3764311,0.6075404,0.3579074,0.49343413
0.81459737,0.82367814,-0.10369973,0.275412,0.64710563,0.4207896,-0.43085167,-0.071783796
0.31460655,-0.09865923,0.0009586215,-0.2622147,0.51279867,-0.057063743,0.1261846,0.3823027
0.6581066,-0.1574821,1.4236633,-0.17071214,0.0977657,1.4034014,1.1411775,0.50572443
0.55296606,-0.1303982,0.15118958,0.035612293,-0.3025086,0.73582834,0.4514191,0.62763876
-0.26769343,-0.22672276,-0.009957388,0.14728802,0.019475766,0.41304508,0.35862842,0.55509996
0.048009798,1.0628375,-0.556681,0.34069857,0.26525617,0.14218083,1.4882673,0.5145966
0.19133037,0.6613727,-0.15413453,-0.21328741,-0.27901793,0.49998474,0.118357204,0.36891153
1.2279917,-1.0527993,0.7889247,0.54123443,0.27077723,0.45140564,1.0598788,0.06113735
0.63707185,-0.4921813,0.9166931,0.7297493,0.38510782,-0.13959706,0.46120766,-0.24243021
0.28893667,-0.43932253,0.043626726,-0.18422541,0.18438567,0.21538173,0.36969426,0.51588076
0.29315087,0.15207814,0.86593807,0.13894317,-0.5551943,-0.5348847,-0.30695954,0.5940217
0.5061766,0.5084282,0.1392142,-0.49377063,-0.5389438,0.17684041,0.3673827,0.60977197
-0.6249235,1.192204,0.42051107,0.7746587,0.15157092,-0.008218057,0.4737153,-0.39653337
-0.06607942,1.2544411,0.42216802,0.21932006,-0.4204005,-0.30798346,0.65335256,-0.04696235
1.3025491,-0.1810912,0.38922787,2.0413451,2.2050083,1.0122871,0.78572696,1.2086579
0.51239026,-0.2547387,0.03646318,-0.26951444,0.4414962,0.21671274,0.14318606,0.26231524
0.80120015,0.07266472,1.0003861,0.32196555,-0.27754384,0.85265774,1.5164264,0.2486017
1.1254331,0.44918525,1.1718034,0.47042885,0.092852905,0.3227176,-1.0505928,0.124257386
0.36642897,-0.18939294,-0.1991366,-0.01094906,0.14574356,0.12495481,1.0009311,0.56116164
0.4058536,1.0945833,-0.57926005,0.12768625,0.53626895,-0.46727657,0.7348209,0.8389379
0.44824055,1.1363506,1.7145126,0.8976959,-0.13867591,0.46203402,-1.0807043,0.9109032
0.6655509,0.88448805,-0.13904525,0.93831265,0.23811282,0.19631034,0.79185647,-0.5627359
-0.20460492,0.26922667,0.66229105,0.6074763,-0.11295618,0.3378862,0.35385966,-0.42388356
1.4406972,0.56604457,2.066269,0.47248676,-0.728729,-0.5411894,-0.4209419,0.7075299
0.31843796,0.15598173,-0.19736703,0.43166777,-0.08318372,0.017667681,0.06852419,0.34288487
-0.005538702,0.2650323,0.20546913,-0.1315046,0.48996156,-0.25814545,0.11207551,0.28071648
0.9207254,0.66121316,0.093539014,0.17343238,0.36311316,-1.2915435,1.2332451,0.78369975
-0.11011139,0.5581945,-0.11229208,1.3668988,-0.037062302,1.0984384,-0.5282559,0.8942454
-0.005571291,-0.63940084,0.68783915,1.1271298,0.67009205,-0.2610982,0.7966561,0.1586873
0.35193786,0.18138416,-0.007179633,0.23254445,-0.3651778,-0.28155118,0.49064425,0.579847
0.5058669,0.12816606,-0.022514269,0.81530696,0.85843986,0.92973757,0.27290544,1.1918278
0.33887538,-0.35234892,0.25467938,0.7630692,-0.5625963,0.1666623,0.109885745,0.4587714
0.0123576,0.6528908,0.090106785,-0.4438031,0.78372025,0.80955476,-0.7879837,0.9820272
2.6871703,1.3338317,0.81775826,-0.53085506,0.74608296,0.6690702,0.4321308,0.38245088
0.7341067,0.8459253,-0.15444334,-0.1732006,0.24991886,-0.06901476,-0.4358285,0.10863734
0.20538563,-0.06838402,0.05745537,0.9490032,-0.00042004883,0.40606353,0.105948634,0.104484424
0.5706288,-0.18736537,0.33358002,2.2316554,0.028442904,0.08301163,-0.3463469,0.75430775
-0.04902123,0.28353447,1.0855985,0.5482834,-0.9839397,1.4858775,0.77621776,0.5160328
0.81892306,0.39769864,-0.29892397,0.28015715,0.61205274,0.10073109,-0.38160917,0.14783975
-0.60768974,1.5031096,1.3571647,0.48579177,0.6666729,-0.97314095,1.6494199,0.41352358
0.8390312,0.05819784,0.6578861,0.35446206,-0.3786524,-0.04143384,-0.0445998,-0.13945696
-0.21128172,0.74691844,-0.013958827,1.3737772,1.1707697,0.43132466,-0.5304339,0.7770277
-0.005062215,0.8568344,-0.10323788,1.3062308,-0.31492174,-0.03569159,-0.3290501,0.32663685
1.0760276,-0.017356232,0.0044024736,-0.4212636,0.22062679,0.6333617,0.6697386,0.8916121
0.009453934,0.13563538,0.03757453,-0.020887598,0.02421236,0.078623965,-0.10045516,0.3149859
-0.08804877,2.249012,0.5737017,1.7613657,0.21281828,0.1851573,1.3020428,1.209832
-0.2432343,0.4824732,0.801922,0.0546695,0.033533618,-0.37964138,-0.17496468,0.26893312
-0.15238437,0.43260294,-0.18773676,1.4812984,-0.6726599,0.9787619,0.90787375,0.5109766
0.10606496,-0.43118298,0.6993504,0.55054635,0.11755702,-0.08147867,-0.36802968,1.0245528
0.0024150442,1.255359,0.86048925,0.16020912,-0.14932881,0.7664957,-0.123304084,0.4061883
-0.15021956,-0.2698335,0.7606701,0.97918445,0.6051693,-0.7168854,0.22026566,0.8685077
-0.23275322,0.1457331,1.3950475,1.3056175,0.17610519,0.207237,-0.5939459,0.66996
-0.12105567,0.40110236,0.0018245876,0.32135978,-0.9034082,0.67331314,0.3376195,0.49941438
0.4067297,0.08523701,0.8212479,0.41585663,0.042673036,0.23228851,0.4910448,-0.6958182
-0.042982876,0.26326346,0.33203208,0.89883,-0.13862665,0.38448384,-0.8853076,0.3505655
0.5625834,0.6828085,-0.7231445,0.12047965,0.117930904,0.258927,0.12003716,0.5083651
0.5830296,-0.051639244,-0.1521232,0.6907068,0.71056736,0.5769161,0.63480085,-0.21584857
-0.23194987,-0.1809305,0.24241073,0.70736295,0.10238937,-0.072313696,0.31273445,0.30440935
-0.013130918,0.21520229,-0.034797564,0.3407892,-0.6591706,0.388847,0.23717229,0.4087998
2.1143854,0.26732743,1.3217994,1.5061713,0.6616398,-0.43223464,0.22999366,0.63397235
0.2267617,0.35700107,0.09243819,0.28995338,0.57897705,0.263686,1.2365512,-0.029114574
0.034984276,-0.5215414,0.103331186,0.14673358,0.87150687,0.33145243,0.05204534,0.43591872
-0.10926669,0.2645102,-0.045144975,0.7637716,0.2624684,0.24458967,-0.390969,0.59692466
-0.1650137,0.2268667,-0.016683295,0.43278843,-0.7517969,0.5962064,0.5922318,0.7182179
0.74116445,0.028245166,-0.5075573,0.7537156,-0.36858594,0.5860455,-0.110194385,0.34911096
-0.66124374,0.80316603,0.41614336,0.84999377,-0.44800782,0.47325113,0.101324394,0.15151528
-0.21507585,0.9783062,0.4177389,0.5728997,0.49486852,-1.2528915,1.4272722,0.2360857
0.3815161,0.40820926,-0.019721746,-0.23307535,-0.3800215,-0.47573745,0.6836149,0.6595779
0.9174406,-0.01057969,-0.1167807,0.98709756,-0.47663063,-0.007523291,-0.4097275,0.25563544
0.46132237,-0.8352134,0.30916613,0.18920963,-0.12697701,0.46147424,0.013234375,0.69970644
0.6352087,-0.3626296,-0.14677076,0.23502663,0.5909912,-0.016069844,1.2625259,0.26662606
-0.54879963,0.63158077,0.43339002,0.4617879,0.17438039,0.56896275,-0.23680937,0.16770288
0.679077,0.3967616,-0.510582,0.4994301,0.37504265,0.1989091,0.91855544,0.107820965
0.5808806,1.4836577,0.1508132,0.11631217,-1.0747826,0.40980935,0.11699459,0.52741426
-0.53070766,0.12295875,0.29203796,0.7471537,0.015442513,0.18681678,0.45759037,0.23694423
0.54280216,-0.2695527,-0.44973016,0.27475774,0.12185125,0.5436636,0.46901852,0.31583613
-0.53350806,2.2961192,1.3896586,1.4343865,0.73284465,-0.35178587,0.037795667,-0.06190446
0.67892444,-0.050736383,0.95872355,0.7615455,-0.88491315,-0.5126502,-0.10179687,1.3519292
0.10416929,-0.24560852,0.016614646,0.19879329,0.011148199,0.02849716,0.22413293,0.41663307
0.41144013,0.65449065,-0.37025905,0.3110201,0.37368798,0.32201815,-0.39785916,0.50174326
0.9941183,-0.020900205,0.6285225,0.11180035,0.2519518,-0.27121532,-0.30684847,0.15520407
-0.82401186,2.1917772,0.7101598,-0.23376077,-0.101750195,0.26715592,0.63302904,0.25721967
0.5523385,-0.25390318,0.3660516,1.4317968,-0.14414878,0.29634848,-0.33733225,0.24161568
0.10002591,-0.15734671,0.23525983,0.48086944,-0.36747926,0.053542163,-0.14625521,0.39420274
-0.20084125,1.075076,0.565642,0.7538951,-0.77188784,0.38164097,1.1631364,0.106632575
1.2812697,0.30567014,-0.34435976,1.0603868,0.60490495,0.15355988,-0.46187094,0.35188842
0.6885486,0.26914018,0.3929059,1.1933291,0.9856232,1.0573694,-0.33690414,1.0892246
0.48119837,-0.606932,0.8901797,0.63126725,-0.4227267,0.41125402,0.05727739,0.2418239
1.2062236,0.24625416,0.10419281,-0.2537507,0.046451822,0.1329838,0.4096597,0.3885592
0.70089334,0.1477577,0.8604202,1.7547932,-0.19794862,1.4737846,0.9853599,0.20702732
-0.31140167,0.10171498,0.12642437,0.76105255,0.8612116,0.41069627,-0.6593023,0.7821585
0.19974145,0.2555043,-0.068821356,1.5789963,-0.16534926,0.5250999,0.15845351,-0.1768536
-0.24125567,-0.06710257,0.5425747,0.28658882,0.25757465,1.0555097,-0.15800197,0.34198388
0.99002516,-0.1733899,-0.02014266,-0.02760388,0.47296405,0.4960987,-0.123804525,0.2965622
-0.59423417,0.060570404,0.46568817,0.8882714,-0.15920003,0.3509448,0.029753087,0.20390013
0.7987996,0.11182873,-0.33079892,-0.32021692,1.5011532,0.08701661,0.9383679,0.8805149
2.1757736,0.08037715,-0.4192605,1.6255138,0.17696686,0.18958476,1.3572453,-0.20210505
-0.030337326,0.08173333,0.88991046,0.33960292,0.54723924,-1.1985359,0.4233736,0.25912145
0.7111076,-0.12446268,1.2460256,0.97420824,0.33225906,0.39353332,0.59603983,1.1721884
-0.14886674,0.7661368,-0.28131443,1.6250376,-0.007710099,0.07199836,0.14877819,0.63114744
1.381319,-0.22130696,0.5187585,0.7118593,-0.1424021,0.46233284,-0.42322195,-0.122273415
0.452828,0.7726879,1.686891,-0.17009419,-0.55354494,1.3673065,0.024774166,1.0744302
0.1537275,-0.18132122,1.6846834,0.64844036,0.22048052,-1.4123809,-0.0016329526,0.7539889
0.36097527,-0.14326169,-0.12075861,0.24740508,1.5444971,0.64663184,-0.6758123,1.2165241
-0.7486153,0.7340327,0.40925807,0.6883486,0.39117515,-0.09956938,-0.16505927,0.47074756
-0.24916345,-0.044638827,0.6198844,0.7145633,-0.26378584,-0.38977793,-0.11286951,0.76601887
0.011577889,0.06465201,0.3627305,-0.26521742,0.574047,0.0029437765,-0.16354634,0.10225773
0.434276,0.629745,2.374665,-0.16836762,0.9146841,0.018279284,-0.4323149,0.07767825
0.10570693,-0.7484719,0.2359272,0.48934212,0.7671563,0.39765957,0.4621798,0.09758763
0.8615401,1.1353058,1.4727496,1.0599849,-0.34210813,-0.317622,-0.55650693,-0.48841763
0.042509787,2.04569,-0.058690414,0.7730699,0.4529426,-0.075553864,0.47422042,-0.37700456
1.1455997,-0.5820332,0.97589386,0.98370296,-0.40366364,1.1524575,1.3521396,-0.5347251
0.6423739,0.64879894,-0.0106514245,-0.1526039,1.2973747,-0.40873808,0.8686183,0.1716254
0.8452262,-0.29070038,-0.24922349,0.54090804,0.15611388,0.28265905,0.28950417,-0.18722972
1.5230681,-0.05259563,1.6545697,0.5033764,-0.12354247,0.9277915,0.22053953,1.4551634
-0.2140334,0.083489224,-0.051982656,-0.024821922,-0.27923578,0.726026,0.61235684,0.83290017
0.17836708,1.1831582,0.8388964,0.117078826,0.48666394,-0.4003092,0.08418955,0.013638794
0.2527033,1.1767333,-0.5393469,0.088901095,-0.18695594,-0.094548255,0.34969816,0.37924606
-1.0815874,0.20320319,0.8153407,1.2827005,0.89738226,0.1637992,0.50556266,0.2543105
-0.34070173,-0.12230544,0.36785442,0.15635836,0.07856252,0.2704604,-0.52966636,0.44553012
0.123553745,0.12420513,-0.088888794,-0.11536465,-0.61299187,0.46147305,0.1402043,0.51693857
0.44916174,-0.36818457,0.9431532,-0.06372092,0.4550264,-0.34474203,0.211508,0.015856355
0.27315772,-0.06771885,-0.27445078,-0.18580249,0.5049106,0.2964536,-0.18036395,0.693118
0.59437007,2.015844,0.8260102,0.7457579,0.5834934,0.52600324,0.33929226,0.114987716
-0.7233576,0.2873668,0.8684379,0.3008638,0.3908196,-0.42558038,0.4221857,0.7753791
0.50047207,1.610567,-0.1478007,-1.0485588,0.7312934,0.6713666,0.07859647,1.175768
0.2933475,-0.343054,-0.1437053,0.0074951053,0.37835613,0.34912026,0.2354018,0.31398255
0.43605685,-0.5668811,0.051819935,0.4524392,0.6997657,0.25834644,-0.023014734,0.18153185
-0.45410344,1.5405058,-0.30601734,0.14302465,0.043757886,0.39940327,0.3902836,0.32435822
0.4674036,0.13390632,0.41478014,0.23753262,0.79021966,0.22853695,-0.5396176,0.029058516
0.60047215,0.51849574,0.20366101,0.52043957,0.97547716,1.1409593,1.8221751,0.40518433
1.7089919,1.470473,-1.2802814,0.67023253,0.21638896,0.08334184,0.8970825,1.281529
-0.19419235,0.013032243,0.3950311,1.4878583,0.11283307,0.20737699,-0.5116382,0.63258356
1.1093749,-0.26495135,0.23570894,0.5370618,-0.15973993,-0.09680292,2.088456,0.58965534
1.821417,-0.78455997,0.7180245,0.60875404,0.18092562,0.9975868,0.26319754,-0.4065277
0.1944902,0.058600813,0.277588,0.71628505,-0.68213135,0.068671495,-0.10844584,0.42442137
0.26535755,0.36468238,0.63660645,-0.11704943,0.5908961,0.97615916,0.6628284,-0.21124333
0.6333716,0.8719278,0.43192476,-0.03964375,-0.25205404,-0.10585858,0.021677425,0.3070506
0.49423957,0.030639872,0.6779859,0.23996001,0.5129148,1.2508196,0.3209705,-0.33972445
0.21577263,1.094554,-0.064863876,-0.10937438,-0.9492715,1.4724984,0.92647344,1.3364296
-0.9362057,0.4776649,0.7978048,1.7092992,-0.5911505,1.1360453,0.58928716,0.49214372
0.39267954,0.4232738,-0.4550258,0.27320585,0.52780074,-0.40364712,0.65649956,0.82378066
0.5562414,1.158905,-0.9301096,0.51332086,1.1781611,0.039490506,1.7496958,0.6646285
-0.8145301,2.4883158,0.17265333,1.90941,-0.32828838,1.0172496,0.5890798,-0.04654765
0.39765677,0.021390721,0.81368613,0.48957425,-0.5625048,1.1445439,0.22245876,0.121854335
-0.009983908,-0.7336211,0.251796,1.1390122,-0.12888597,0.7848438,0.6768694,0.36096126
0.48119226,-0.54049546,0.45576608,-0.12770262,0.45208985,0.28648508,-0.15614332,0.19601771
-0.21152785,0.6994137,-0.12600516,0.06350145,0.32713562,0.24322951,-0.15786348,0.36170453
0.37827995,-0.013402864,-0.043171182,1.1163337,-0.1384318,0.29673678,-0.34636706,0.40781343
0.8356039,-0.962026,1.093753,-0.005520202,0.68691343,0.63548976,0.6707209,0.742153
-0.23699555,0.39354384,1.1275134,0.4291958,-0.6558779,1.377715,0.4103252,0.7056979
1.1694177,1.0897057,1.2027634,0.48254538,-0.1949343,-0.8804748,0.381447,-0.3740034
-0.65985936,0.24065079,0.71083784,1.2184116,-0.24349855,0.0752192,0.1536366,0.43252313
0.52693343,0.6266116,0.6274784,-0.7434611,-0.33077073,-0.022386074,0.45165125,0.5074248
1.1401693,0.5533195,-0.59594226,0.42037103,0.4473071,0.17747034,1.8256406,-0.0245412
0.00548058,1.9279928,-0.6111906,0.51401806,0.60183847,0.27684698,0.42574146,0.92644405
0.124579705,0.5189399,-0.37413085,0.6440754,-0.30357993,0.11230342,0.18931277,0.7484853
0.69208825,-0.3525775,-0.24808021,0.8957215,-0.5748439,0.2475683,-0.08335821,0.40203905
0.84018195,1.7353264,0.8205884,0.35191068,0.18587215,0.88156277,-1.6219566,1.0683452
0.049797706,1.4576341,1.5060734,0.22787601,-0.027628765,0.64123535,-0.688394,0.10371511
-0.49707147,-0.3296845,1.0655893,0.9803608,1.430882,0.114931256,0.53426224,0.8118931
-0.23271546,0.18462223,0.48814023,0.58891606,0.17356692,-0.23918718,-0.36875895,0.32254294
-0.27348867,0.13298957,0.080325425,0.19125772,-0.8160746,0.9733288,0.7499494,1.1740274
-0.63483477,1.0346249,0.22856465,0.31816092,0.32220966,-0.09938066,0.5491589,0.3318561
0.7086817,0.38926017,0.35117823,0.17369229,-0.56410587,-0.54569966,-0.4014069,0.5730085
0.14116222,-0.15205508,-0.014399901,-0.08322976,0.054847896,0.16275325,-0.18996273,0.42870063
0.051882006,0.6948331,-0.34888804,-0.070594214,1.5687089,0.62675285,-0.49949387,1.3459142
1.2433583,-0.07820614,1.1892012,0.6383926,0.6520172,0.014229462,-0.45757544,0.21686487
0.26803082,-0.11189838,-0.24398394,1.0276102,0.24026026,0.34544137,-0.08792693,0.29705465
0.24410406,0.22471909,-0.28189576,0.39858857,-0.143261,0.6843243,0.9486554,0.18561205
0.5255639,-0.19338237,0.6122824,0.7242441,-0.4128508,-0.5398461,-0.28772518,0.24989398
0.534363,0.00032560527,0.5235425,-0.035949416,-0.22829412,0.49009204,0.97000706,0.62632847
0.80276203,-0.16339268,1.0478753,1.2349486,1.5286789,-0.035067603,0.636229,0.6651325
-0.21742064,1.3065188,-0.09558757,-0.1541714,0.09993474,0.7828877,-0.060117677,0.58365774
0.77192545,1.1285665,-0.41648257,1.1961753,0.41420442,-0.63492805,2.2260911,-0.33583158
2.3506126,1.0120844,0.07553138,1.9847951,1.0297135,0.033675134,-0.27946016,0.38447514
0.205116,0.759405,0.6744824,0.28518885,0.054792598,0.59831077,-0.59764236,-0.029044107
1.1055756,-0.054714516,1.5929685,-0.24649939,-0.42120475,-0.39765966,1.1564983,0.706067
-0.14511698,1.2928774,0.38020247,-0.23172885,-0.10853073,0.10183756,0.19817065,-0.3347547
0.1568959,0.36849314,0.4328733,0.6912629,-0.35978812,0.23267725,-0.6857347,0.61315227
0.027110161,0.10263036,-0.085328594,1.0624698,0.0030253083,0.6712337,0.9877705,0.2783625
1.0153115,0.14297245,1.0526501,0.9737694,-0.914573,0.770244,0.17527092,-0.13181686
0.090181686,0.3612221,1.0605775,0.4339362,-0.58585143,0.025877953,0.6275062,-0.39448202
0.59585357,0.3574059,0.24526832,1.8183279,-1.0629271,0.87724566,1.2074175,0.041474953
1.3767021,0.494429,0.15634821,2.4575462,0.3354144,0.72568315,-0.63738936,-0.117617965
0.10932804,0.61305416,0.20699131,-0.09750285,-0.38573104,-0.08866179,0.20137352,-0.059001952
0.3868443,0.44099742,0.10163805,0.8225693,0.48804486,-0.3569823,0.35851976,-0.12918314
0.39392173,0.034352466,-0.5810068,0.21268255,-0.18063383,0.6032969,0.06662927,0.7114331
0.11314479,0.072843716,1.0734742,0.32398018,1.443471,0.5143998,-0.46266726,0.20143826
0.6195725,0.4289133,0.4863925,-0.662867,0.5404957,-0.59119517,0.25728622,0.73551345
-0.26975635,-0.015452057,0.2381446,0.8167802,-0.1429946,0.24423994,-0.028734216,0.16236953
0.33743495,0.08340593,0.46938652,-0.21258718,-0.47391683,0.10203008,0.5388473,1.6517494
0.22964421,-0.044368833,-0.22973655,0.98493487,-0.25904214,0.2614252,0.01356825,0.26306412
0.5652806,1.1548053,0.36012313,-0.8460186,1.1862936,0.48023847,0.32246852,0.1874834
0.22633263,0.16638006,0.06313441,-0.10864601,0.3862847,-0.18302414,0.30149862,0.117084265
0.29081455,0.14636587,0.31368792,0.19982505,0.07890664,0.42926812,-0.69615334,0.11114636
0.76206404,-0.4187233,0.6155233,0.65533274,-0.08738868,-0.5128187,0.7399153,0.52389127
-0.01246538,1.2095227,0.06814131,0.258618,1.0448948,-0.45310885,0.1951715,0.48672557
-0.6597649,0.8254356,0.22718953,0.5626382,0.81214887,-0.0806452,0.56220907,0.24683912
1.1910871,-0.05071427,1.5530034,0.16557571,0.882482,1.0803959,-0.65459126,0.3707645
1.532206,0.3913188,1.3161759,0.4399352,-0.9918272,0.19242433,1.4919988,0.551311
-0.76079255,0.051900715,0.6283232,0.8952809,-0.06742765,0.29081345,0.04049204,0.44990608
0.66781497,-0.0043602735,0.31585503,0.4008355,0.9308211,1.706929,0.36700487,0.016187474
-0.021887518,-0.21338888,-0.01984696,-0.2483795,0.6563002,0.65377223,0.7797044,1.0879691
0.24954909,0.23072003,-0.4202075,0.7155012,-0.019246563,-0.11493918,-0.0069330907,0.60691357
0.65660137,-0.39477968,0.46750993,0.39952603,0.17311,0.694971,-0.49637717,0.44819272
1.2368876,-0.26187217,0.2030251,0.06979931,0.5175278,0.74331874,-0.61456937,0.24686027
0.15842256,0.1484402,0.09608594,0.5523318,-0.027063534,0.14516659,-0.42959753,0.14215222
0.10440595,0.5720231,-0.25119817,0.57839406,0.49703646,-0.013590984,0.94585335,0.21809629
0.22368449,0.32350492,1.1539251,0.54378754,-0.45748287,1.1752316,2.1240032,0.4401418
1.4808537,0.92738116,0.21537106,-0.49364486,0.7254136,0.87139726,0.8315914,0.8801322
0.27407154,-0.037663713,1.4608616,0.30445823,1.0479887,1.4047832,-0.3401912,0.6326897
-0.44084254,0.28023744,0.350967,0.6509656,0.096842095,-0.20655769,-0.0018081707,0.1738295
0.07705429,0.3098821,-0.100576565,-0.1987896,0.5396358,-0.24141806,0.48158798,0.44301558
0.24594975,0.34874094,1.6547931,0.15475851,-0.02321504,1.6448133,-0.13183376,0.5009308
0.7350524,-0.119669154,0.18909365,0.4637941,0.93275654,1.0660734,-0.7419567,0.52419573
0.1194505,0.14558221,0.50486803,0.63446766,0.2459568,0.6423258,-0.8319839,0.32078725
0.7357385,0.4055885,-0.3424676,2.0261254,-0.39958036,0.11228323,1.4589132,-0.23975009
1.922269,1.077705,-0.7814248,-0.079940476,1.7007223,0.5508825,0.25241446,0.072016776
0.032775313,-0.3436042,0.4445333,-0.0047978684,0.718945,-0.35026646,0.56892174,0.4724658
1.0217243,0.5250545,-0.19988413,0.40400305,0.5953866,0.40113333,1.2482963,0.015592337
-0.5012904,0.29706746,0.81852186,1.5144017,1.697813,-0.022292212,-0.010917688,0.24498832
0.21189806,0.66713053,-0.13524337,-0.08017809,0.36091307,-0.89962494,0.7295578,0.583406
0.4981868,0.42506504,-0.39721,0.33768058,0.34382048,-0.027262911,-0.13490596,0.18307537
-0.5143053,-0.012730107,0.58474076,0.28356755,0.37425604,0.20629902,-0.4786153,0.5569985
1.1007975,-0.66403866,0.5244229,1.7022406,-0.26027006,0.6648794,0.31491607,0.23819023
0.47451478,2.1322584,-0.236872,1.6435524,-0.34802032,-0.5949112,0.68811834,0.38767537
0.007959345,0.9210771,-0.13801636,0.50833666,-0.013290852,-0.15109193,1.0395386,-0.28366023
-0.24342358,1.5571151,0.99020594,0.8098437,0.094871536,0.70195895,-0.27718857,0.39088792
0.214917,-0.19035764,1.761098,0.76291186,0.23490207,0.04820603,0.7402852,1.95771
-0.54165924,1.4731444,0.39580506,-0.21721235,-0.07699557,0.79909325,-0.38914004,1.0346417
-0.08288001,-0.12581976,0.19334947,0.004882358,-0.28070366,0.281929,0.082196504,0.41001403
-0.47945026,0.13244605,0.4219749,0.3263601,-0.18291368,0.37595502,0.082589224,0.28349245
-0.46439973,0.27633494,0.56625795,0.8564693,2.135934,0.43695903,-0.32636008,0.8788843
0.64443713,1.2922885,-0.2284969,0.5562413,0.16490014,-0.50389874,0.15363036,1.3950015
-0.7418521,1.8292655,1.727861,-0.60809076,0.07811718,1.3373523,-0.1602848,1.5384499
0.17111331,0.14406215,0.12605985,0.9728922,-0.42996633,0.3798653,-0.30692288,0.17870952
-0.45119867,0.8214713,0.14894862,0.013961978,-0.23237081,1.2007501,-0.123871885,0.90865076
-0.13007864,-0.06852488,0.5731292,0.39887375,0.09043802,-0.43499088,-0.2632145,0.21822184
0.11455548,0.16345148,-0.2001778,-0.2381989,0.25832558,0.00782942,0.96845704,1.0157373
0.055660754,-0.35440236,0.9430629,2.5401223,1.6077397,0.5248884,1.4697789,0.1452601
0.39472744,0.59704846,0.42822886,0.040184315,-0.38413173,-0.87836015,0.2316443,0.45669243
-0.48942307,0.1047207,0.84349585,0.16081783,0.94097096,-0.59600794,0.25788113,0.30236912
0.94758755,0.14603327,-0.61614734,1.2000866,-0.7665646,0.4555578,0.09531456,0.35655695
0.19376612,-0.24920915,1.0753053,0.9151083,0.26177973,-0.12964869,-0.59714264,0.27769575
0.56811136,0.56815755,0.44792724,-0.05023513,0.75896555,-0.6286782,0.64202964,1.3908877
0.09113217,-0.11262193,-0.14219905,0.67653877,-0.4133501,0.17628083,0.14554103,0.4477386
0.9309619,0.8862597,-0.6784822,1.4852843,0.18545969,0.34497443,-0.6270166,0.4158696
1.7529072,-0.0019789487,1.4523627,1.1797156,0.22199751,0.34106028,-0.42676517,-0.0013707578
1.400398,0.7299662,1.1600364,0.4755681,0.51911455,-0.47649056,-0.9099398,1.5471356
2.4671247,-0.28890872,0.16681017,1.3017617,-0.7265911,0.9280663,0.83100706,-0.08576761
1.2881793,-0.3701375,0.19176771,-0.27778232,0.9754594,1.013711,0.013422599,1.2174851
0.067977004,1.2333841,0.30989707,1.270601,-0.005181715,1.3040628,1.4076982,-0.30233812
0.21773893,0.28646994,0.020533264,0.30442303,-1.0646057,0.6195541,0.9057552,0.6585817
0.04928314,0.49314594,1.2766291,1.4711016,0.23412092,-0.0851367,-0.6756662,0.30637938
-0.16256729,0.35635448,0.06621024,-0.007118173,0.20722118,-0.10665721,-0.037637543,0.45238
-0.08180877,0.7444128,1.07261,1.0981636,0.6821193,0.13665219,-1.2835294,0.84618855
0.75616866,0.20275937,0.08482583,0.74234366,-0.47906357,0.5640891,0.12765877,0.16074789
0.23306441,0.003235057,-0.29453236,-0.050888576,0.46924716,0.049458124,-0.056189857,0.5524771
0.33084652,-0.3086444,-0.009799942,0.3592644,-0.37049592,0.5326627,0.4867275,0.13188991
-0.18050864,0.2504936,0.35767967,1.2213389,0.08811809,1.0488982,0.5375159,2.1590183
0.14303228,0.01295878,-0.058813795,0.28906253,-0.7092381,0.5600302,0.5180339,0.8659917
-0.10090115,0.44468325,0.5510063,0.2662837,0.3916496,-0.3560144,-0.7554173,0.33391884
1.0171251,-0.41572654,-0.13808645,0.7160966,-0.35628957,0.68384933,0.71713436,0.33852655
0.043434426,1.3809654,1.6183916,-0.414141,-1.3180503,0.23099375,0.20396632,1.068898
1.1025859,1.085143,-0.112955734,-0.11072209,0.89238864,0.7029526,-0.1357906,0.98112476
-0.28989926,0.39511943,0.03409283,0.21324632,-0.33140248,0.34597272,0.028784266,0.35570577
0.8217335,-0.13568638,0.49835426,-0.26138905,0.5461448,0.1658133,0.7452814,0.2820342
1.3560513,-0.16374685,0.69443053,1.964747,-0.9141397,0.6757433,-0.16085264,-0.037294626
0.25798154,0.69287384,0.8972255,0.15134135,-0.013804659,-0.13198192,0.11524794,-0.5738076
0.091843516,0.55474246,1.4342383,0.53759426,0.74992573,1.2613492,1.7167416,2.308475
0.8253315,-0.079289004,-0.045859084,0.75682807,0.11125435,0.10000677,-0.5607164,0.10642338
-0.07356081,0.13590717,0.14917523,-0.13854176,0.12139664,0.030172281,-0.306715,0.29371846
0.045227252,-0.5979562,1.3369744,0.6332043,2.0315056,0.15735857,1.0072403,-0.2608254
-0.33468607,0.16673873,0.12050925,0.72699314,-0.77932614,0.56158555,0.4305599,0.5659444
-0.583358,-0.4907055,0.64164585,0.39603487,-0.11668715,0.5605098,-0.22538587,0.9946134
-0.48528352,-0.12784751,-0.061448753,0.2122033,0.2348822,0.84508294,0.3278019,1.3121419
0.90468585,-0.15314867,-0.025864303,1.2031491,-0.44218117,-0.23683268,-0.37851298,0.19714262
0.1745913,0.5248724,1.065465,1.0946699,-0.118965045,0.1348486,-0.9552106,0.19921462
0.46287057,-0.076956585,0.6151826,0.07516134,-0.27456915,-0.3890174,0.09681005,0.15219378
-0.5880397,0.5049572,0.39776784,1.000313,0.64018697,-0.13329217,-0.33530232,0.47312433
1.211413,0.68606126,0.8333665,1.1656514,0.95897764,0.9159079,0.09646114,-0.898988
0.952903,1.7105485,-0.14309703,0.12704802,-0.00010357797,1.3254732,0.5728978,1.1783137
0.03673759,0.43607843,0.175001,0.03577891,-0.19486599,-0.10411605,-0.2257942,0.30239353
1.1817302,-0.5259297,-0.36580765,1.3975004,-0.18552487,0.30798665,0.8558743,0.2677409
1.1755987,-0.133693,-0.47073287,-0.11567918,0.87210786,0.07428646,0.66878164,0.75414985
1.030675,0.2956372,1.0078729,0.14480045,-0.55008763,-0.6530472,-0.06525582,1.6724247
0.27492064,-0.40491295,0.7328233,0.036285914,0.9330329,0.2190136,-0.12470889,0.4493505
0.8632113,0.29421282,-0.74321795,0.0030241236,0.09320824,0.41707474,0.6824201,0.88009953
0.9636096,0.20112424,0.00239712,0.28931853,1.0593023,0.41637534,-0.70695335,0.9520248
1.9715747,1.0945117,-0.28154182,0.7681181,0.8131626,-0.17241716,0.015971323,0.6317345
0.64684385,0.23004864,1.2922837,-0.8203264,0.7321489,0.11665797,0.7314225,1.9211549
0.61379963,0.011058524,0.4195612,-0.2465212,0.4130965,-0.26977062,-0.30463013,0.708887
-0.11033832,-0.3073014,0.3992324,-0.02337242,0.23403148,-0.09429096,-0.3546769,0.67663103
0.7548737,-0.23843421,0.35918102,1.5966954,-0.60600597,0.12009971,-0.11600954,0.08021586
0.7124055,-0.7647078,0.6767109,0.9319772,0.12917961,0.45298284,-0.22253352,0.42777565
0.11093651,-0.11828807,-0.020393625,-0.025896445,-0.2657367,0.24799392,0.2502803,0.30086428
0.5796555,-0.12917943,0.1506721,-0.38290167,1.5105693,0.58142674,0.15953805,0.26252866
0.08230924,0.41478175,1.142762,-0.157931,-0.3914969,0.20391522,0.25326177,0.4255527
-0.41588274,0.58897144,0.021120436,1.7391632,-0.034001306,0.5284991,0.964101,0.07472786
-0.19638038,0.5568411,-0.1969245,0.71121544,-0.119395584,0.0867929,0.7394591,0.20130983
-0.76763934,0.20995428,0.8365307,1.6804221,1.0520965,0.43955007,0.097193524,0.083060145
0.3192877,0.44152415,0.24875052,-0.11334539,-0.052900925,1.061365,0.74000645,2.2195883
0.61512035,1.5882071,-0.4697808,1.2064047,-0.111134544,-0.2494806,0.46994162,0.532998
0.5992126,-0.4964277,0.63023984,0.75209564,0.27020413,0.67643225,-0.20740007,-0.27803665
1.1549338,-0.48362648,-0.19081013,-0.09240594,0.73340267,0.7231653,0.067067586,0.24596262
-0.11605381,0.10217966,0.05227104,0.11094998,0.12940958,-0.13152528,-0.15105595,0.5115589
0.27879933,-0.08583416,1.8976825,0.35258105,-0.80984014,-0.432594,1.1037682,0.81094563
0.057937257,0.67238384,0.66893405,0.11669511,-0.46057296,0.59251666,0.18126546,-0.10427837
0.19437346,0.6697339,0.5784104,-0.42167827,0.0054397434,0.8315579,0.34250823,0.08498594
1.1828164,0.1267169,0.49391955,-0.4025042,0.14931203,0.74628305,0.24825038,0.31783867
0.9689965,0.68087775,-0.08566657,-0.5851723,0.9118606,0.042064697,0.9212472,0.85802066
-0.5640327,0.50755405,0.5753137,1.2379527,0.6513318,1.1484847,-0.833955,0.56578684
1.266945,0.08397429,0.5751233,2.0750973,-0.17828195,0.72653913,-0.6079198,0.72911173
0.34087038,-0.09815043,-0.050011605,0.90316194,-0.25167942,0.4108204,0.047222868,0.19680433
0.108813785,0.6981337,0.9944392,-0.2189014,0.7387004,0.5770221,-0.6865211,0.17737243
0.22232011,0.32203507,0.4937151,1.3920119,-0.9113477,0.37217364,0.50992554,0.18792862
-0.07021662,-0.15156505,0.18523973,0.29840606,0.014456749,0.18104665,-0.3465356,0.37507072
0.7834974,0.681804,0.33183402,-0.22184226,0.3571006,0.5410642,-0.46459034,-0.0070688426
0.23672214,-0.442437,0.28044677,0.7983272,1.3195732,0.58913386,-0.34077856,0.7140122
0.81630296,0.6361129,1.1132874,1.7978158,-0.3867333,-0.70544565,-0.23021632,0.5901445
0.21222436,0.34407872,-0.23446228,0.21756652,-0.55884826,0.83475184,0.5032502,0.49777794
0.67167085,-0.27663797,0.19742844,0.30988273,-0.22339804,0.08699912,-0.3263149,0.0682109
0.30597633,1.08689,-0.27277952,-0.35281903,0.91340286,1.3324982,0.35752636,1.0423288
-0.86846066,0.6348232,0.9517062,2.0657287,0.5810777,0.25424844,0.6140258,-0.11937931
0.12508237,-0.010120854,0.7106497,0.8662801,-0.6970154,0.7180821,0.61848706,-0.04758455
0.2744327,0.42809546,0.86903405,1.8711967,-0.24842249,0.3024904,0.5842455,0.4091295
0.41724837,0.9620918,0.25093532,-0.19708267,0.12081076,0.3682962,-0.111985765,-0.17862368
0.028257221,0.93755573,-0.12410666,0.5856812,0.09915085,0.7045337,1.0967113,0.32628357
1.5278591,0.07026182,0.15597497,0.25291196,0.1909752,1.8835096,0.18927222,0.9819267
0.38234708,-0.124472216,-0.18230261,0.009503923,0.51269937,0.65321743,-0.03644967,1.0121528
-0.5134085,0.58503336,0.10536513,1.4106624,-0.5108549,0.7499633,0.032438695,0.8519158
1.0531029,-0.1781993,-0.23935659,1.2010372,-0.9527412,0.41048905,0.052513935,0.2230046
0.23103896,-0.2870261,0.72575474,0.040578857,-0.37528735,0.27543396,0.0787006,0.7970424
0.23196694,-0.018280014,1.030766,0.6537867,-0.8152706,-0.26135942,0.7153594,0.5990672
0.29578853,-0.2000906,0.62005925,0.70695543,-0.9040728,0.40826878,0.18280442,0.5968695
0.99548143,0.68465984,0.18601376,-0.44340548,0.4650634,0.6063234,-0.6526092,0.30341938
0.1427854,0.3214054,0.94191986,0.018017877,-0.019750848,-0.4289528,-0.44722795,0.49864286
-0.39762527,-0.31167018,1.0136144,0.9065507,0.5952466,-0.16806895,0.15935881,1.5906942
-0.29338905,0.73548555,0.5165848,0.98246396,1.0309844,-1.0165145,1.2664658,0.121271834
0.07605674,0.38627672,-0.17962499,-0.026020952,0.41486943,0.5867367,-0.6314439,0.7126572
0.8394073,-0.024698004,0.37577683,0.7530872,-0.4397576,0.09700362,-0.18740326,0.432912
-0.49243513,0.06940834,0.9806018,0.8904723,0.49484962,-0.01802519,-0.8545973,0.3250255
0.33471057,0.62559205,1.1474766,0.2605909,-0.13543768,0.14349242,2.2553926,-0.07991359
-0.15283692,-0.06097828,0.2741286,0.216474,-0.5934532,0.92546713,0.47353575,0.7929034
0.8476477,0.55865884,-0.5166227,0.9141982,-0.44119006,0.11804706,0.3729221,0.09753792
1.0848796,0.6854135,1.1385142,1.1616757,-1.3220887,0.062494904,-0.006633678,0.74592865
-0.09336748,-0.39326626,0.8891286,0.591227,0.39321804,0.87198067,0.73000664,0.26387542
-0.10868987,1.3702134,1.0772218,-0.29340893,0.4407426,-0.19395155,-0.69137746,0.8330353
1.0976055,0.18027206,-0.5177465,0.4671827,0.9365222,0.62422603,-0.09790662,0.43733752
0.5890288,-0.5765786,0.51801,0.008861899,0.1304186,0.36629933,0.042377323,-0.029631734
0.48585898,0.16311805,0.82963896,1.24768,0.53183156,-0.4806499,0.35021642,-0.3759175
0.17253011,-0.039142117,0.8700659,0.7049473,-0.3765483,0.11569856,-0.0790594,0.25824738
-0.11854667,0.053680226,0.47239542,-0.35586044,0.29987353,0.5325043,0.6385765,1.0264814
0.007943824,0.71407104,0.24078819,1.0735785,0.14746408,-0.51507604,1.3595078,-0.20709437
2.7175696,0.31916475,0.36747038,-0.30475733,0.52811575,1.6110697,0.37651518,1.3749391
-0.36723337,-0.29059833,1.2428063,0.58544755,0.10087496,-0.6178089,0.4367133,0.890447
-0.14448833,-0.38945383,0.53082997,1.4035919,0.7691166,0.23414929,-0.18252182,0.8745105
0.16600865,-0.688155,0.8498053,0.55645084,-0.44923234,0.6673584,0.6668679,0.38799566
0.18381533,-0.293194,0.09496516,-0.038521245,-0.08728142,0.06525943,0.027010472,0.55473006
0.5196623,0.18695913,0.016610041,1.0368493,-1.1731143,0.91799235,0.26582953,0.91798854
0.32997578,-0.7605467,0.8635256,1.0229878,0.9582207,-0.031079322,0.797594,0.9731989
-0.16198719,0.5149293,0.6724208,-0.03820125,-0.16491024,-0.28572166,-0.56829983,0.328099
1.1932503,-0.25604588,0.58639765,1.1027203,-0.48928404,0.038257897,-0.69657993,0.46808523
1.3323306,-0.15485527,0.5673455,-0.16920775,1.521893,0.4851049,0.5002979,-0.16672757
0.28581974,0.15472503,-0.24055378,0.75154084,-0.30780566,0.4104258,0.48754156,-0.13720196
0.781797,-0.23968823,0.8474378,1.9963849,-0.01747267,0.19356662,0.5286557,1.1670824
0.24359995,-0.4835682,0.5762805,0.4586767,-0.014010429,-0.08720015,-0.19446851,0.7470038
0.14835961,-0.6161931,1.286515,-0.04810644,0.3174685,-0.09370884,-0.036238488,0.7136107
0.4878355,0.7345222,-0.035033956,0.07644934,0.21727146,-1.1152278,1.0909652,0.40720668
1.7016784,0.49398917,1.1897055,1.8729174,-0.7561319,0.4934131,2.3592591,0.020562679
-0.07806077,-0.070832506,0.10959924,0.10173412,0.2868023,0.03153108,0.51293075,0.32386905
0.5457265,-0.038927183,-0.4661277,0.22396418,0.3435712,0.34107044,0.38874018,0.31501073
-0.07032511,-0.20337887,0.590511,0.6349889,0.9100284,0.2053673,-0.45995802,1.0413127
1.0589579,0.9309695,0.04308118,1.0654188,0.49163133,0.3539615,-1.3616902,0.3440391
0.7019932,1.0252868,0.09409469,0.0022259504,0.30403155,-0.025096372,-0.117737375,0.33743095
-0.27441016,0.78269744,0.31775546,0.17100391,-1.2204196,1.0643604,0.62732714,0.7566902
0.4625186,0.33604968,-0.4238181,-0.08529467,0.22195853,0.31889045,0.8864499,0.19347683
0.009266049,0.3785565,0.08716746,1.1817826,-0.13219939,0.35392487,0.71422046,-0.53424954
1.2032496,-0.036403283,0.4719662,0.049075007,-0.6141541,-0.20942855,-0.073520504,0.3527562
0.7135894,0.2744665,-0.26894015,1.010659,-0.16344263,0.37046707,-0.6423679,0.30177325
0.5839938,0.10688962,0.54537684,-0.39139786,0.40743905,0.36850244,0.691369,-0.086990505
0.19793433,0.4709459,-0.25495708,1.7357951,-0.67669356,0.24927983,0.974872,0.19337586
0.023176752,1.5786747,1.9390129,2.276556,-0.06913279,0.08986056,-0.31091538,0.103557974
0.08712815,0.1716717,-0.2538604,0.38150236,0.4890175,0.14519234,-0.063532196,1.3475766
-0.87796915,-0.093222484,0.38568562,1.0270543,0.8926281,0.7812245,1.125966,0.8394807
0.038280487,0.37632287,-0.08160463,-0.018863373,-0.013192564,-0.030685857,-0.012346372,0.21017922
1.0962592,-0.58618027,-0.1169544,1.4490123,-0.32527757,0.5155323,0.23266579,-0.0034856051
0.24948156,-0.113606706,-0.26593268,0.60930765,0.17758934,0.54699045,0.47723255,0.23872967
1.0064447,1.3450297,0.934325,-0.7113045,0.65177625,0.55561686,-0.026617,-0.23516467
-0.32526055,-0.00079883635,0.45427662,1.2529948,-0.13097693,0.5824628,0.25771308,0.23445171
-0.22566602,-0.026639476,0.969234,1.0127454,-0.21176706,0.5859595,-0.27487403,1.0148567
0.09137931,0.17791615,1.0939014,0.85031503,0.92015666,-0.3981176,-0.400428,0.94224846
-0.33061057,0.8156071,1.10302,0.42949733,-0.13197233,0.05578828,0.033184987,0.22384793
0.1037141,0.083676234,0.8818262,0.088106565,-0.63760227,0.5281458,-0.09771689,0.5503332
1.8224643,0.26102734,1.1404103,0.22884804,0.40452123,0.27503574,-0.39325783,0.26365995
0.008996556,0.34972835,0.3439412,0.0009757355,-0.51769215,-0.1298292,-0.033569746,0.47003695
-0.31478935,-0.18096249,0.97057116,0.65856814,0.044454902,-0.4363444,-0.14218703,0.3277433
0.44720685,0.1722972,0.20892826,0.7463013,-0.13888995,0.8335485,-0.16110314,0.12339551
0.7075699,-0.2540456,0.2736184,-0.66529274,0.4986105,0.34291327,0.4754316,0.9376121
1.0050875,-0.9465027,-0.005720243,0.7369595,0.3506469,0.36178896,0.55108684,-0.1342895
0.13050479,0.22773744,-0.17125095,-0.14676136,0.7001853,0.16172105,0.4551327,0.31058636
0.049354486,-0.14792322,0.069873154,0.13331547,-0.10999401,0.23200215,-0.4263905,0.54688877
0.7733622,0.06707145,-0.94782364,0.08428999,0.98536146,0.619105,0.4851448,0.74117225
0.47786328,0.7328491,-0.2799616,-0.6200063,0.5854237,0.36428598,0.17674555,0.45845312
-0.16409034,0.6472526,0.15116484,-0.11077716,0.024151891,-0.19344884,-0.20390384,0.31286526
-0.35409597,-0.520109,1.1618946,1.6324596,1.5272064,-0.19721594,0.41411966,1.2069117
0.31472284,0.14265464,-0.08857043,0.001788348,0.4356587,-0.48559994,0.08308508,0.5821751
0.8198922,-0.14956428,0.6477489,0.47309074,0.64237493,0.095010705,-0.33665034,0.14057307
1.5388771,0.28613907,0.43078935,1.712682,0.384479,1.6520687,0.55294335,0.16488591
0.08285487,0.32085687,-0.26026922,-0.01944942,-0.02636534,0.3790235,0.011858026,0.93876374
1.5283206,0.18376471,-0.12182702,0.9983786,-1.0030085,0.23059201,0.33559498,0.42992753
-1.029835,0.86417496,1.0706066,1.2038777,0.064664826,1.3647372,0.24700315,-0.022574306
0.21430397,1.7414652,-0.15820731,-0.42029205,-0.0011515468,0.25168008,-0.41481975,0.078293175
-0.059254713,0.15494077,-0.10715848,0.21173331,1.4856662,0.54710543,-0.24610128,1.053368
0.10730133,-0.18711811,0.03140223,-0.023800775,0.19012766,-0.076983094,0.30725625,0.47469735
-0.09403349,-0.09087254,0.003510654,0.12170013,0.03658115,0.5035665,-0.33134493,0.7422369
0.6612918,1.928137,0.9023386,0.5394862,-0.48183423,0.24507964,0.2949549,0.184359
0.8909117,0.8104694,0.52789575,0.2525471,2.22824,0.30884722,-0.17470406,0.49265534
0.60749096,0.01146628,-0.14037834,-0.34955585,0.7851468,0.20438512,0.37218317,0.17724212
0.15114954,0.16999073,-0.10047409,0.18527383,-0.16712256,0.08386557,0.398805,0.48469603
0.82930315,0.5914353,2.0256627,-0.38122085,0.34878975,0.59275866,-0.10072645,0.3800261
0.86953425,0.11988847,0.5429138,0.56220686,-0.16815157,-0.637242,-0.061679978,0.6711759
0.0053353347,-0.1265714,1.088809,-0.16888553,0.4507302,-0.28023368,0.27428845,0.057805233
0.4990004,0.8892631,0.22733451,-0.59434897,-0.36226207,0.4621604,0.67910767,0.582821
-0.7581844,-0.17874403,0.7663952,0.23551437,0.37129205,0.63255394,-0.8768951,0.88591444
-0.4427953,0.8275586,1.2500726,0.9089444,-0.20332126,-0.23692384,0.48982748,0.008655176
0.29156584,0.044750586,0.3625644,-0.5252326,0.91452515,0.590256,-0.024493767,0.2681342
1.5930377,0.6215234,-0.16256197,0.44336185,0.073210195,0.5507896,-0.7997269,0.7437397
0.65391225,0.35576785,0.5225274,-0.084795035,0.0833513,0.10113851,1.5923332,0.37344402
1.5052339,0.69132054,-0.27906573,1.0025429,-0.42737085,0.2850135,0.532271,0.15080754
0.9040118,0.27387697,0.018245548,0.35299495,-0.5478621,-0.22308806,0.12984817,0.13210677
0.6225558,0.8686515,0.31796646,-0.3059086,-0.07508366,-0.9304056,1.8329017,1.5656763
0.7233631,1.5474072,-0.50113213,0.14130768,0.5896308,-0.2707138,-0.2596291,0.35729316
0.8563799,-0.57587457,0.2773778,0.6759422,-0.30748892,0.18219697,-0.24624155,0.06988081
-0.07827959,-0.035328582,0.06463275,0.44854432,0.067565404,0.20152396,-0.23690991,0.46587986
0.790662,0.039290056,-0.17947058,-0.37381354,1.039574,-0.0057195723,0.64026946,0.3892566
0.74499387,0.34751993,0.28394043,0.19348735,-0.21168195,0.071612954,0.5769482,-0.05624205
-0.53756034,0.2697628,0.5153684,0.39485407,0.82134604,0.23406981,-0.41361603,0.27443823
-0.40990564,0.38294715,0.18579453,0.45420852,0.5813815,0.5144226,1.3905474,-0.040356725
1.6103209,-0.27716744,1.1527256,-0.08199867,-0.6237256,1.0015888,0.6039253,0.6510009
0.15280464,-0.1273887,0.12977922,0.42442957,-0.5913859,0.41749263,0.33860472,0.26354343
0.7711866,0.16592596,-0.3138532,0.8959431,0.2418874,1.1647298,0.13739268,0.21954867
0.2325483,-0.12580371,-0.084635615,-0.086132385,0.25896773,0.107910186,0.125128,0.28111976
0.7261912,1.248215,0.030294195,2.2081144,-0.3523546,0.18946826,0.3213402,-0.5319888
-0.14598987,-0.19816102,0.35985005,0.1916641,0.04264851,0.042954758,-0.32024992,0.30115724
0.17609814,0.34925896,0.06308438,-0.6705664,1.6043568,0.6447368,-0.15539224,1.0826137
0.90147835,-0.018960282,0.32014567,0.40000567,-0.2550792,-0.4787619,-0.40222993,0.31456277
-0.35431305,0.5546638,0.28555065,1.0597382,0.044272497,0.35768104,-0.81634074,0.34429717
1.689308,1.2116791,-0.47537756,1.0448605,0.9967595,-0.30351275,0.5665625,0.30605495
0.090950646,0.96604174,0.71363956,0.19290614,-0.35895377,-0.38606572,-0.23376612,-0.008072242
0.44136238,0.018743917,-0.0860578,0.56688577,0.1182604,-0.036259726,-0.27654544,0.793854
0.5199154,0.19565924,0.36757195,0.36722115,0.109206095,0.43677926,1.7068244,0.94922566
-0.23331758,0.031569287,0.47935587,0.975328,0.75578296,0.30817506,0.7697626,-0.16142601
-0.43684047,0.93132985,0.1984655,0.38027474,0.22909811,0.5304129,-0.21115483,0.7699301
1.0408791,1.0199143,-0.34855372,1.0049559,-0.1494929,1.1523092,0.6737016,-0.14187929
0.094293654,0.103278756,0.27736172,-0.07714801,-0.0049460977,-0.21620232,0.5262216,0.35569265
0.0809282,0.7224638,-0.14434306,-0.2870923,0.49335957,-0.13508143,-0.031669434,0.4128154
1.0395824,-0.04684414,-0.5130604,0.35560235,0.725443,0.901253,0.0003895224,0.58122796
0.6002728,0.75591916,-0.7968798,0.24047506,-0.004374221,0.29433936,-0.0005632504,0.39826658
0.8063355,-0.5063764,0.18143004,1.7625158,-0.5754706,0.12504683,-0.00295251,0.45653576
0.5383603,-0.01413773,0.24374086,1.0792718,-0.31098264,0.1410664,-0.24316628,0.03353115
0.40767115,1.1822902,0.9844072,0.017932199,-0.025949463,-0.2030881,-0.42950246,-0.21058163
-0.42194608,0.11508535,0.20003426,0.54311013,0.754582,-0.22787905,0.11935146,1.1456302
0.25943482,0.39739823,0.014550284,0.30192137,-0.71811765,-0.16475174,0.8548289,1.4653282
0.2086097,0.16464481,-0.14394794,0.26934993,-0.844058,0.470924,0.5333725,0.46354544
0.39887017,-0.85297585,0.14312711,0.73480105,0.061913222,0.52242994,0.5088473,0.15641806
0.27766475,-0.275501,1.2061564,0.8339493,0.3821193,-0.4709605,0.37758425,0.13158938
1.3431447,-0.21994533,0.30304393,-0.2585078,0.7803856,1.0057526,1.3050636,0.00019565225
0.8369676,-0.5127732,0.40345538,0.2551691,-0.6845944,0.39782083,0.3851011,0.5525602
0.505458,0.17969501,-0.24342115,1.0869098,-0.14386056,0.4130327,-0.0161052,-0.0013709813
0.92353666,-0.83178186,0.3105793,0.689786,-0.44907779,1.0742682,0.41823077,0.43503514
-0.40465906,1.1672717,1.4727386,2.242688,0.05860029,-0.32731307,0.8808896,-0.068476856
0.61154544,-0.3812166,-0.14908694,-0.30659315,-0.034901455,0.21737713,0.101401374,0.6566262
-0.5493333,0.21962507,0.7639892,0.4650705,0.00351049,-0.09483461,-0.35474506,0.22215255
0.479543,-0.26541346,-0.24685828,0.18005234,0.38795692,0.42922866,0.18741752,0.23898241
0.5759318,0.8560265,1.2855127,0.43827572,-0.7534043,1.2488725,1.3855151,0.3186479
0.8006343,0.03555523,-0.09218626,0.96924895,-0.5170339,0.101080894,-0.42209604,0.20876855
0.6456071,-0.2705294,0.31212416,0.8993305,-0.46394587,0.21718028,-0.16075353,0.6602521
-0.24056542,0.14874072,0.43318993,0.27440655,-0.29759812,0.9468266,0.14964832,0.46429592
0.5659944,0.21357314,0.85735655,0.6866081,-0.8635343,0.5324282,0.1588578,0.36092257
0.000331223,-0.7786327,0.8086812,0.81493956,-0.24965082,0.57786894,-0.061810765,0.66321313
-0.14468664,-0.27901918,0.47056085,-0.010585524,0.24402303,0.023829535,-0.183754,0.6441635
-0.26382846,0.3774718,0.49850196,0.5136681,-0.54967904,0.28934667,1.1277012,1.0757532
-0.15883365,0.26827955,0.86644757,0.34092095,-0.4814607,-0.33114135,-0.1202291,0.556018
1.1476474,0.44145042,-0.097717434,-0.03595534,0.6546531,-0.12741089,1.0289662,0.020547032
0.019464202,-0.083269194,0.41566467,1.7045715,-0.22370662,-0.24962157,-0.17295726,0.7645487
0.3715268,0.8379004,-0.11439152,0.039536268,-0.019743308,-0.09457913,-0.27974218,0.19429705
-0.3472512,-0.040320605,0.09852579,0.57475525,0.07693802,0.17320608,0.6288871,0.6011663
1.2326745,0.34619093,1.5470138,0.7694414,-0.13587283,-0.35456836,0.06501087,-0.06928094
-0.039554805,-0.12853009,0.09716951,0.282276,-0.10814178,0.2978751,0.09967585,0.20585328
0.4676215,0.8908487,-0.51530707,-0.43488947,0.5182462,0.9499742,0.21835582,1.8205984
-0.09594073,1.0690777,0.40624988,0.23522833,-0.13282155,0.4234886,0.25328556,-0.4069699
-0.35462886,0.23698314,0.45294535,0.19266206,0.22848642,0.12120531,-0.11670879,1.506275
0.6532142,-0.13752346,0.19056171,0.70938975,-0.21315588,0.21308003,-0.5013373,0.28328806
0.43174592,0.55060804,0.37464172,-0.49788085,-0.0007776767,0.75236243,-0.50614613,0.7907909
-0.24085984,1.1180481,0.9621854,0.7121527,-0.2835204,1.4909098,0.7902467,0.44753367
-0.4550856,1.513325,-0.055955186,0.52458227,-0.6179595,0.2062516,1.2603098,0.66173494
0.64818925,-0.40769362,1.4783481,0.68532836,-0.16440736,-1.0045325,0.037499376,1.4180486
-0.36808965,0.2514034,0.33692217,1.2421166,-0.19884421,0.09420964,1.5731674,1.0553595
0.7138449,-0.53509873,1.5123779,0.5329164,0.27398032,-0.23422286,0.9703902,0.6142421
0.82267743,0.26991427,-0.6648763,1.63484,-0.36407787,0.7265215,-0.08929195,0.58887494
1.4863682,0.7977114,0.13857387,-0.04202144,-0.7386009,0.63682014,1.2208787,0.3775547
-0.17745388,0.30453134,0.037781835,0.009254254,-0.16318054,0.39486432,-0.36424783,0.49335948
0.21844721,-0.064357355,0.2730627,-0.32746372,0.71686715,-0.034178868,0.92602366,0.39591622
0.48323557,1.056852,-0.55139893,-0.057191975,0.7733673,-0.025402158,-0.12747099,0.59292245
1.2382683,-0.26150644,0.33840126,-0.6616915,1.1512129,0.15749554,0.49674693,0.31838435
-0.49488416,-0.2497348,0.51931995,0.72797066,0.80911726,-0.067195386,-0.22877131,0.6223917
0.09379017,1.5767187,0.8111258,-0.52519125,-0.42258453,0.35661,-0.18919903,0.3098492
0.24186254,-0.17185818,0.17859656,0.2691619,0.07343437,0.48881158,1.0954844,-0.24606624
0.033880956,-0.1399772,0.21248533,0.6562211,-0.38842082,0.45487034,0.06320254,0.26401192
0.014135323,1.4758466,-0.35513985,1.9273044,0.40940213,0.31731737,-0.23019281,-0.1337966
0.5639153,-0.5684913,1.3635237,-0.22522876,0.8516178,0.9746872,0.09824278,0.28789297
-0.55700725,0.16700087,0.9821256,0.89707345,-0.34810776,-0.04505092,-0.021639923,0.4652001
-0.0074206814,0.6061286,0.8532668,0.7691234,1.0939287,-1.505364,1.1474092,0.1003643
0.17864433,0.240451,1.0304952,-0.29116848,-0.31332898,-0.46922022,0.6542991,0.84508616
-0.15904665,-0.11753397,0.1048553,-0.13555008,0.25850832,0.12667859,-0.1297139,0.66337514
0.8624664,0.4151693,-0.55379915,-0.29999217,-0.22065268,-0.35797504,0.5130417,0.7495822
0.60332954,0.6716472,0.5255,-0.6820665,0.37806416,-0.34163535,0.2158057,1.4410682
0.32431528,-0.43903518,0.6477282,0.3010802,-0.042400986,-0.24847743,-0.18215223,0.4913999
1.0478873,0.17385416,0.78956497,0.36026856,-1.3979379,0.049714,0.68807536,1.0771735
0.25850433,-0.4356314,1.0974858,0.45942962,-0.4619524,-0.14500634,-0.06453369,0.699862
0.088886134,0.19353984,0.077147886,0.21399865,1.108774,-0.5656811,0.20198835,1.1264019
0.011193264,-0.35761464,0.244098,0.1697574,0.068500705,0.02495303,-0.2434459,0.37743124
0.5313734,-0.5619038,0.33617347,0.9929622,-0.7043584,0.74955773,0.57298595,0.3973927
-0.26132444,0.24844323,0.37868178,0.25384986,0.5917674,-0.4207828,0.44139144,-0.011777103
0.66619605,-0.0067786723,-0.36425507,-0.052575506,0.4681664,0.641068,1.2176641,0.54123473
0.3826542,0.49030274,0.99894154,1.0702863,-0.42724115,-0.46914065,-0.8487015,0.17490585
-0.4419295,0.7124053,0.6143196,-0.26036158,1.3540578,0.7769448,1.0491762,1.2824848
0.60927355,-0.23423041,-0.055618197,0.29508567,-0.35095716,0.27073938,-0.37686676,0.34102762
0.8311209,0.40042508,0.05048144,-0.023771621,1.350445,0.45743346,-0.43672884,0.30163366
0.601869,0.35670012,-0.07372318,0.43965384,0.24206297,-0.77095586,0.15402617,0.5876441
0.27024865,-0.2561754,1.2435488,0.58551484,-0.2272154,-0.5000628,-0.37660328,0.53456396
-0.3113648,0.2874813,0.7341167,1.0597374,0.6311495,0.5951943,1.2556857,0.21679127
-0.11172954,-0.5911124,1.0109385,0.060679853,0.83381504,-0.17085117,-0.36903024,1.1978339
0.08073114,0.41307932,0.41960907,-0.0017582923,-0.39660168,0.29534465,-0.33047575,0.30387563
0.5240847,-0.6236026,0.43180472,0.5600759,-0.024683684,0.33672512,0.24482223,-0.21699375
0.7007849,-0.15827198,0.17918615,0.31745172,-0.049010053,0.24549466,0.09679393,-0.008701235
-0.09624047,0.118784174,0.21325296,0.7492993,0.8227123,-0.14789087,0.093814984,0.6481929
-0.35929105,-0.0362076,0.8420102,0.29507786,0.607561,-0.622353,-0.45937333,0.5862788
1.171424,-0.4758953,0.15181105,0.443437,-0.43682504,-0.06519663,0.17858593,0.26108593
1.1299322,0.16500072,-0.72626793,1.1870542,0.2250614,0.3448425,0.90016824,-0.2901567
-0.3737893,0.31919408,0.19577573,0.47187585,-0.17049007,1.339783,0.92026836,1.1646885
-0.11361516,0.9390411,0.76436776,-0.40625075,0.48589104,1.092919,1.3435609,0.18650012
0.15691042,0.7859175,0.6067704,0.53096426,-0.37078577,0.7498847,-0.72289836,0.33471745
-0.027955689,0.5049236,-0.3965732,0.70333254,-0.10625364,0.021590203,0.8837965,0.5128532
1.0760051,-0.08725797,0.11261657,0.27272177,-0.29321933,0.94310915,1.0111759,-0.033632755
0.19237012,0.28942823,-0.10034607,0.07534559,1.0204386,0.18341728,-0.5710684,0.9293009
-0.2369492,0.19465588,0.1408089,0.1322635,0.7895636,0.14020173,-0.3177099,0.63934314
0.16946414,1.7606217,1.1388067,-0.44806924,-0.5986294,0.45551097,-0.5685371,0.24563032
1.5841235,-0.7672637,1.0242661,0.44004932,0.8864593,0.96620727,-0.10813795,0.053885624
-1.0565954,0.7385151,0.8877894,1.1766925,-0.20124476,0.83669555,0.69364333,0.09694232
1.0760577,1.0914263,-0.74851876,-0.14436579,0.14759268,0.5139513,-0.09216305,0.54905224
1.1636071,-0.34716588,0.06432414,0.6101426,-0.7009756,0.26938614,0.8825508,0.049832866
-0.8723884,0.76662326,0.44230324,0.6306001,0.25416264,-0.29175836,0.073314495,0.446986
-0.8890682,1.4151796,1.1892698,1.6065469,0.50164807,1.1487212,0.03951905,1.0967293
-1.1662663,0.31412137,0.8068472,1.5119178,1.5951126,-0.16193497,-0.20002423,1.0476699
1.0583059,-0.45674688,-0.06339443,0.73406535,-0.24938308,0.51641047,0.29424965,0.11475733
0.3914039,0.11506073,0.12855165,0.010992996,0.6594065,0.33866993,-0.36441398,0.007547036
0.51694775,1.621163,0.57796276,-0.33659843,0.10208066,-0.34826377,0.1178853,-0.12067264
0.26005954,-0.14960967,0.07569733,0.37373683,-0.47023976,0.1753144,-0.0612417,0.4165147
0.14606008,0.31671,0.17996797,-0.03666932,1.0720071,0.0423157,1.4119405,-0.10952988
-0.7040306,0.7839209,0.22886585,0.21423233,-0.59043974,0.2607464,0.3305907,0.82544565
-0.017325077,-0.06309694,-0.28737175,0.17406788,0.36310917,0.36664972,0.13254848,0.48101178
0.2567427,0.3616994,-0.40843606,0.3020916,0.1873116,-0.21397263,0.20515792,0.48386902
-0.33306482,-0.09563185,0.7137654,0.049432717,0.07979735,0.026690722,-0.2496761,0.3055082
0.66929775,-0.007995889,-0.31692082,1.4294326,-0.45274007,0.25774693,0.012220522,0.04569655
0.69681996,0.9913136,0.64290607,0.6711993,-0.8663362,0.8800925,1.3775787,-0.35652983
0.49108073,0.48809624,0.2586376,0.29011747,-0.68212956,0.18723498,-0.47368667,0.20104694
-0.33241454,-0.54087,1.0855762,0.8179197,0.40767193,-0.3656905,0.85812217,1.0907938
-0.28588954,0.90722644,1.6264545,1.2368296,-0.116742775,0.6130134,-0.8410153,0.43870988
0.09846462,0.9278858,1.0133862,-0.72785544,0.42030847,1.5736814,1.6867446,0.8993047
0.27746063,0.58079696,-0.3482523,0.2894392,-0.59627056,0.6330286,0.82020396,1.2221252
0.7344776,-0.56459665,1.0515965,1.5301855,-0.33255726,0.35846493,0.18665837,0.3149766
0.4343036,0.775923,-0.663682,0.3964358,0.29987365,-0.09773126,0.21225227,0.45098662
0.16203117,-0.1647424,0.43884748,0.05355569,0.43812376,0.42581192,-0.0637569,-0.18489012
-0.6851867,0.5341132,1.1377119,0.45815217,-0.06251435,0.22135338,-0.28479072,1.0121411
0.07716929,0.14133696,1.0430753,2.1221013,-0.29923666,0.38672835,0.24892248,0.23562396
0.6855872,-0.32648975,1.5435692,0.629232,-0.21930416,-0.5886611,0.1528283,0.55791676
0.0169754,0.30206686,0.13926652,0.622865,0.29125023,-0.20690519,-0.40768167,0.2445622
-0.10205323,-0.4926567,0.78409326,1.6311512,1.3184597,0.3920123,-0.5874248,0.9218911
0.51044273,-0.047119394,-0.08448957,-0.33295447,0.945632,0.4187361,0.0902718,0.30301833
1.4136125,-0.10758336,-0.109070286,1.0403938,0.29707396,0.84720945,-0.60695934,0.24664529
0.7396396,-0.4243731,-0.12389089,0.12206359,0.8333387,0.17764205,-0.059117194,0.3461209
0.6735014,-0.52353597,-0.53621054,0.42044866,0.12436788,1.1818048,1.4918677,1.1715097
0.49912682,0.46310467,0.5105449,0.78080726,0.28186935,0.52048373,1.5055429,-1.0468744
-0.3927897,1.1645845,0.30438104,0.3311212,1.229714,0.5867437,0.28215507,-0.008963823
0.556263,0.49642044,-0.3436851,0.06359307,0.18035735,-0.5697058,0.49806276,0.3964997
0.4291703,-0.6194715,1.1274505,0.6269792,1.7031481,-0.18097484,-0.3937022,1.2182877
-0.20998555,-0.12570797,0.24408744,0.38303664,-0.6039596,0.52695096,-0.08585513,0.7153104
0.5688606,-0.4465409,-0.28629,0.3319218,0.5106108,1.1170102,2.0962644,0.9996978
-0.51572007,0.48827386,0.011511743,1.6526401,-0.4184311,0.82945734,0.20414492,0.4305846
-0.6259635,0.19375919,0.9834938,1.2065781,-0.55776614,1.0676615,0.6880708,0.38588393
0.6837314,0.15971456,0.6130546,0.8531793,-1.103008,0.06907737,0.25520897,0.50896597
0.80360395,-0.69220656,2.3944774,0.40616,1.7272556,0.44791108,0.67316073,0.7842205
-0.8801845,0.5494211,1.0763214,0.45940116,1.037719,0.46309486,-0.706955,0.3914433
-0.032825954,-0.30345422,0.21733168,0.7600277,-0.11646406,0.58661526,-0.07028634,0.49007767
1.2692698,0.6665133,1.0045102,0.87062687,-1.2124231,-0.34193516,1.0754396,0.89642817
0.3030861,-0.43836927,0.5279397,1.3509198,0.979472,0.58074343,0.290684,1.2176558
-0.61137766,1.8924688,0.07199528,0.8906204,-0.046059236,1.3138332,0.3018751,0.24855098
-0.1554623,-0.2096157,0.34150922,-0.15823218,0.08048774,0.18273832,-0.2318487,0.5200795
0.8456735,-0.40522903,0.51418453,0.4851714,-0.17675559,0.043892443,1.1630563,0.5163343
1.5671843,-0.17752828,1.3221835,-0.712922,0.885668,-0.37309092,2.107714,1.8055192
0.10741044,1.1867489,-0.073684394,-0.2580414,0.51836914,-0.39401084,0.39553607,0.5221878
1.0825692,0.23680125,0.67968524,-0.24018246,-0.75776666,0.8033998,0.52747303,0.44905388
-0.35758352,0.121598855,0.34410393,-0.10440371,0.3694172,-0.13171706,0.26628157,1.2660253
1.0648744,0.4865772,0.353365,0.9661295,1.1110041,1.9897237,-0.68277967,0.20533015
0.11926649,0.029017031,-0.06504163,0.17271249,0.01752127,0.20432884,-0.31987152,0.3198236
0.5817428,-0.26501358,0.27630243,0.029168464,0.22107483,-0.062224418,0.7658924,0.29919875
0.40101838,0.82588243,0.7615143,0.38359436,0.34271014,0.2329341,1.0404913,1.0366364
-0.8778036,0.41158235,0.50859237,0.35903805,-0.28196532,0.5428417,0.0643145,0.5779325
-0.5022713,-0.26159537,0.512164,0.99427086,0.6569679,0.27708948,-0.4364545,0.5651129
0.6405553,0.023485348,-0.07678458,0.39845952,0.52964216,0.18497819,-0.23400241,1.0664794
0.6912665,0.13367014,1.0746207,-0.32303965,-0.29929644,0.8836351,0.2640954,0.44766682
0.75423944,1.0453385,-0.2843449,0.90942985,-0.047951743,-0.6313958,-0.017419482,1.0386897
-0.085691534,0.9400865,0.69500154,-0.45906797,1.2154399,0.61197776,-0.8264374,0.5276121
-0.109821044,-0.2010421,0.18439099,0.13090903,0.008206874,0.17865156,-0.05463336,0.20399734
-0.022416644,1.301788,0.18726876,-0.25630224,1.0687126,-0.29054946,0.4169238,0.093324244
1.0211724,0.46924776,-0.327825,0.8981256,1.3848702,0.11112094,0.53150636,1.1290454
0.22003743,0.06338887,1.1685387,2.3537202,-0.6236865,-0.079995096,-0.0011544456,1.2692583
-0.26768997,-0.14803548,0.7469566,0.67750466,-0.4854949,1.483145,0.46786377,1.1679155
-0.17350793,1.016347,0.7010172,-0.22046432,-0.076139525,0.4155012,-0.07559395,0.06129621
-0.40131423,2.0051591,-0.00034072995,0.47413462,0.8395983,0.94299513,-0.009007307,0.24070665
1.0675118,1.1892693,-0.71338713,0.35052577,1.12611,1.4162285,-0.80141574,1.1405649
0.4856284,1.1607803,-0.33384633,-0.24300033,1.066775,-0.5215813,0.6467075,0.4927084
-0.006865859,-0.17083271,0.019479975,0.14408495,-0.11035861,0.22972918,0.24388856,0.41418993
0.19021878,1.1690708,0.4725796,-0.14344555,-0.5791702,-0.47033948,-0.14454277,0.44464925
0.7200609,1.680601,1.2878898,-0.566723,-0.51983136,-0.977522,1.1998938,0.5525037
1.0780829,-0.46354914,0.13069128,2.0363574,0.5379256,0.97198653,1.2639005,0.94282925
0.6626765,0.5012897,0.8325746,-0.84794366,0.034692004,-0.38758624,0.1058128,0.72877526
0.5373767,0.47291172,0.3104086,-0.42586604,0.42164737,-0.104426265,0.5005003,-0.09262641
-0.1117939,0.5983545,-0.18299131,0.12228132,-0.16069172,0.3971625,-0.08022383,0.91700244
1.383686,0.5734165,1.160282,0.61254865,2.1250775,0.20488648,-0.47637355,2.8018396
0.22345856,0.16004337,0.35979664,0.37352064,-0.5287884,0.08308403,0.19176552,0.06961567
0.11727158,0.11129993,-0.2659189,0.15498474,0.14328669,0.023058772,0.20845586,0.76955295
0.7831144,0.6374706,-0.15312614,-0.1514886,0.23561059,-0.69609904,0.90612656,0.35158414
0.8325385,0.593696,1.4072192,-0.36767098,-0.45576102,0.4096307,0.26269636,0.45039707
0.2764272,0.6040124,0.19037385,0.47589573,-0.008417353,-0.3437775,0.015358143,0.33829647
0.21881714,-0.06826244,0.25777662,0.16221994,1.0500746,-0.10448772,0.5697449,0.018185541
0.029282074,-0.2595355,0.95561564,0.4328034,0.35823905,-0.08214927,-0.15108238,0.09386958
0.44124815,0.6255683,0.64158946,0.45351538,-0.7656123,-0.46287638,0.0832588,0.54140055
0.13255319,0.8092649,0.75483847,-0.33896908,-0.35338086,0.8779053,-0.31914535,0.8837768
0.4745774,0.09997864,-0.5573234,-0.28279534,0.74568325,0.6671083,0.07673126,0.82684755
0.6494208,0.45408148,0.312693,-0.35979438,0.23839162,-0.86804307,0.81207657,0.88002115
-0.16686475,0.67105234,0.15458277,-0.0024803355,-0.08108497,0.36108747,-0.46879557,0.36876443
0.046307832,0.20754032,0.33502325,-0.11517348,0.5198729,-0.37465197,0.52675027,-0.012899801
0.8616883,0.027162984,0.12859203,0.042978432,-0.6590539,-0.0006775707,-0.24423133,0.3381874
0.5132724,-0.01389347,-0.10355921,0.07069084,-0.052384704,-0.28501645,0.39912084,0.6051236
0.075621255,-0.38744718,1.5137049,1.346492,0.7113795,-0.71735656,0.9125323,1.4058486
0.3267453,0.8592225,2.1200433,0.74941516,-0.7686413,0.44355798,0.29695553,-0.04628697
0.22763386,-0.33055222,0.11700549,0.33364505,-0.015489951,0.43229994,0.2804606,-0.06871341
1.2365582,0.58025956,0.5989639,0.7121907,-0.58202785,1.0549171,1.1174852,0.53094393
-0.15115887,0.38461703,0.59125847,0.042770237,0.95977134,-0.5932691,0.3187092,0.48362926
1.3964902,-0.36443347,0.14805155,-0.41134846,0.33016133,0.28125292,1.7252216,1.3724594
0.50476336,-0.04349102,0.4720949,1.566672,-0.29049265,0.5789728,0.52592593,-0.5859661
-0.057624124,1.1748011,0.24504578,0.7024946,-0.44626957,1.4114041,0.15008676,0.15529582
0.53462404,0.22429435,0.7281623,0.73941547,-0.8872681,0.21565548,-0.0071836277,0.19518973
0.015581217,-0.19618922,0.52746993,0.38388187,0.08232768,-0.30134478,-0.52677447,0.23437503
-0.5821298,0.57229644,1.4866129,0.42413267,0.5968907,0.9495064,0.8148161,-0.3991137
0.23362693,0.67724603,-0.55364144,-0.016898818,0.25871766,0.16303602,0.2691578,1.0480833
-0.29784694,-0.18965684,0.5542133,0.7203056,0.24050406,-0.12885097,0.7672191,1.512964
-0.6222428,0.92254937,-0.34979683,0.17136851,0.013764583,0.5211935,0.61939424,0.89349353
0.64911425,1.6602172,0.68982184,0.03177824,-0.41545236,0.056215614,1.647293,0.0252342
-0.24037063,-0.13805532,0.0041662008,0.02348994,0.3956163,0.28292048,0.03797342,0.6863796
-0.46249896,0.2752874,0.19799243,-0.23824671,-0.08439566,0.2988513,0.33666548,0.7949628
-0.52857417,0.044868186,0.42592472,0.44547027,1.313657,-0.047683716,0.9941065,0.4203031
0.18717939,-0.18726854,-0.0053683817,0.022399094,-0.10539773,0.114308596,-0.081322715,0.33068877
0.67649573,1.6197288,1.7085254,1.2485296,1.2177342,-0.25897583,-0.66351813,1.4293398
-0.21120512,-0.099444345,0.45980942,0.82540035,0.7917047,-0.29783294,-0.1849133,0.5323586
0.5689767,-0.11812873,0.20650825,0.0030254573,0.13199748,-0.13979994,0.12235949,0.10327481
0.18165389,-0.779087,0.48604327,0.26095966,0.15086514,0.17541216,0.55095047,0.82629025
0.3398324,0.24512105,-0.05495456,0.15785015,1.1978089,-0.10340817,0.03600552,0.535292
0.548469,0.49973965,0.11795272,0.5105992,-0.6735977,0.6236866,-0.13819489,0.17763929
0.15367365,0.09235512,0.043046206,0.95454746,0.0056176484,-0.16046113,-0.2899243,0.23185146
0.21512443,-0.06881969,-0.12102823,-0.17813858,-0.4078933,0.5031984,-0.056571513,0.85048735
-0.14838934,1.0109097,0.3101013,-0.45623323,-0.42846078,0.4780175,-0.36201936,0.5090652
0.25645772,-0.38193613,0.36296937,0.18046209,0.019507185,-0.08401482,-0.11896512,0.18819812
0.6276101,0.53246766,0.9314495,0.13263561,-0.43447477,-0.5738065,-0.23457786,0.114048466
1.643215,-0.16580589,0.7157703,-0.18201861,0.32890254,0.7116355,0.21560885,-0.19237316
0.13986564,0.34367454,-0.38192654,1.1477637,-0.17939894,0.36204055,0.66844165,0.046042696
-0.41227716,1.0346166,1.2865442,0.89082235,1.2683116,0.48985958,-0.48209515,-0.20639831
1.1978096,0.5385629,0.11546287,0.7710055,0.15221794,1.6513596,-0.13626097,0.43250132
-0.21803868,1.0840741,0.60779196,-0.2108944,0.0423999,-0.72018063,0.9659094,0.29845572
0.5303456,0.16779195,0.6540126,-0.33151102,-0.096293494,-0.09952453,-0.09354188,1.5861424
0.3826468,-0.055103943,-0.39130247,0.2680216,-0.17647807,0.5842868,-0.29789278,0.6152507
0.63737303,0.471834,0.36062974,1.5070359,0.2758869,-0.27633262,0.22430019,0.44905785
0.2539624,-0.049629286,0.82940495,0.8809891,0.7052403,-0.19553187,-0.07353632,0.53612834
-0.103007026,-0.32391894,0.8996415,0.8637622,-0.5897598,1.3227377,0.5593093,0.94590676
-0.33966997,0.58972955,1.1941375,2.3375883,0.836437,0.3214548,0.16434048,-0.3445506
-0.11866336,-0.25440207,0.31545573,0.0020978898,0.15133044,0.096381985,-0.30032817,0.44956923
0.0685414,0.6722203,0.26279917,0.55275375,-0.10552697,-0.2417272,-0.2995282,0.93131095
0.74814767,-0.33871472,-0.18700747,0.23574904,-0.29162258,0.43345013,0.3030995,0.25089
0.95014364,-0.06608941,-0.04852949,-0.31916186,0.5611278,-0.33628342,0.8601727,0.7328119
0.7552702,-0.43634838,-0.3806846,-0.059888132,0.2963913,0.7212191,0.09047499,0.5872364
-0.5414994,0.68936354,0.48537725,0.6433762,-1.0492055,1.0157219,0.890022,1.3445605
0.7532514,-0.61884993,0.45985645,0.08213311,1.006989,0.70786494,-0.2480856,0.3731746
0.6902382,0.2597819,-0.36417127,1.4412204,-0.18792726,0.34832752,-0.32742527,0.17736891
0.28562245,-0.565154,0.3159918,0.33079198,0.5708414,0.0033292398,-0.13760611,0.51825213
0.38113174,0.068479344,-0.24555655,-0.23870218,-0.080847755,0.078768626,0.1873668,0.378907
0.5942973,0.70555025,0.74551165,-0.41925713,-0.466362,-0.8994813,0.82406265,0.22742882
-0.0029622316,-0.012208298,0.52765226,1.4305005,1.0978236,0.10450662,-0.21879816,0.3892939
0.6908555,1.0379313,0.26867992,0.15829071,-0.16521849,-0.6258265,0.21590266,0.7426652
0.29198352,0.5576268,-0.13898142,0.33606574,0.81386936,-0.5467696,0.19565897,0.57579195
-0.048071504,-0.5078659,0.63026875,0.6017656,0.14601661,-0.19247392,-0.24535339,0.3180642
1.1098595,-0.18344443,-0.17492355,0.6488494,0.29858994,0.3318642,-0.0695513,-0.21126896
1.733863,0.19046174,-0.3655783,1.4269445,-0.7478612,-0.18293914,0.8646611,0.6401075
-0.49462268,0.39004362,0.11623316,0.7670502,-0.030023426,0.74285114,0.93745524,0.44640476
0.30028078,1.3544221,1.0531964,0.7960053,-0.44138473,-0.050689667,-0.15502474,0.6399094
-0.023621537,0.4835071,-0.2834828,0.68075407,1.3733168,0.561799,-0.25124723,1.264338
-0.31376353,1.4630038,0.25664216,-0.08323509,0.5265762,-0.623832,0.79136777,-0.03389539
0.348402,0.077621326,-0.07025091,0.5907946,0.2047166,-0.09278111,-0.49823868,0.5671706
0.18462229,0.8226369,-0.33579582,-0.23091933,0.8929699,-0.27304947,0.5521788,0.49903113
0.06988186,-0.09033803,-0.058852553,0.41984335,-0.26126385,0.34583557,0.02943164,0.34540582
0.36245903,0.591557,0.4003085,-0.392525,-0.5239582,0.34954977,0.4351647,0.30206728
0.5501069,-0.45636564,-0.03588353,-0.06529675,0.38207048,0.46405485,0.068802975,0.35271454
1.25711,0.24935274,0.08873798,0.26729986,1.1692591,-0.3248606,0.803484,0.46711594
0.5014698,-0.08628167,0.15243001,0.61925036,0.21031015,-0.8258586,0.12004835,0.55589616
0.4909998,-0.040443704,0.43303782,-0.056445427,-0.41182226,0.22224921,0.16059509,0.06289245
0.65928835,-0.37889183,0.5537917,0.58207566,1.3022187,0.47006446,0.040268518,0.8767564
1.1753142,1.1205878,-0.057641357,0.60615784,-0.5644522,-0.13677792,-0.2358635,0.079053104
-0.28896868,-0.15520717,0.8614446,1.1039726,0.88032407,-0.74438226,0.18161751,1.3490237
0.0310722,0.48431343,-0.16073234,0.24783906,0.15357567,0.08723965,0.2636408,1.3223501
-0.1918563,1.1074969,0.36913773,-0.28445286,0.92565614,0.76087,0.65110475,-0.05367823
-0.09691245,0.028973684,0.7737527,0.81146204,0.52184373,1.3159755,0.94451684,-0.15052804
0.54482156,0.5644208,0.3321916,0.07886175,0.2861796,0.4990451,-0.78510815,0.13387164
-0.4581649,0.62355727,0.7693504,1.5216613,-0.22610666,1.0756989,-0.6837926,0.221203
-0.1654894,0.24836563,0.99854034,0.05855743,0.11006726,0.014960334,-0.27724478,-0.030032784
0.44747066,0.09546763,0.27746266,0.81835204,-0.39799273,0.25220174,-0.37937877,0.079863295
0.25834337,1.75022,-0.15658732,1.8705342,0.45401382,1.0989724,0.5565974,-0.55955195
0.06403454,-0.19327466,0.13250281,0.89264303,-0.3150041,0.26050168,-0.096405275,0.4737478
-0.7194696,2.3146737,1.2363683,0.10025328,0.090389505,-0.025552496,-0.19131605,0.45780963
0.35562629,0.4754222,1.6597509,0.44863638,-0.8151271,0.42181283,0.8089641,0.38618416
-0.2186133,0.6827158,0.4710164,-0.23034593,-0.26269352,-0.27609238,0.7883711,0.47984514
0.49662137,-0.008354798,-0.13359104,-0.2615396,-0.3064106,0.27452195,0.39534822,0.8366492
0.74708366,-0.21679728,0.4844969,0.6718916,0.01975502,-0.87641495,0.19172081,0.32143033
-0.04285176,0.009326085,1.124233,0.38462925,1.4828131,0.3732493,-0.84962946,1.0992222
-0.01860445,-0.098442405,0.108057566,0.56529707,-0.37128675,0.44345695,0.32296175,0.21325414
0.3622239,-0.51463014,0.67628825,0.6579806,0.3248793,0.23089567,0.7725013,-0.46639174
0.4458821,-0.24667887,0.26056886,0.8749594,0.38494265,0.23573397,-0.19126348,0.21532123
-0.13877913,-0.1445234,0.9522548,0.22778603,1.6314007,-0.59747815,0.46821088,0.49044105
-0.47646406,0.82754177,-0.3467257,0.116663545,0.62041587,0.35132825,0.5922896,0.8994034
0.44659507,0.49124944,0.14863908,-0.1626051,1.0205778,0.06452983,-0.6496013,0.47561586
-0.4832578,0.36687386,0.36339194,0.4223309,-0.24020942,-0.02408731,0.39795095,0.35634962
0.540677,-0.13440476,0.60565263,1.2473431,-0.70078653,0.47960904,-0.18907097,0.44781077
1.0576402,0.9358151,-0.011388928,-0.45485327,0.6165008,0.08734754,-0.24758196,0.2673891
0.18376395,0.62072855,0.50815386,0.11719913,-0.88821524,1.182279,1.6140462,0.62541986
0.38642234,0.70228565,0.9940095,0.36484712,0.9513105,2.0049496,1.3384783,-0.47710556
0.42091328,-0.5430447,0.0389791,0.2691469,0.17237838,0.27073544,0.15838322,0.3337973
0.9848582,0.9310191,1.0069444,-0.28566808,-0.31514812,0.14775938,0.08934337,-0.1145165
-0.65251774,1.6563277,0.1022407,-0.06990499,-0.21341915,0.6416317,-0.16732438,0.63347065
0.4058062,0.15510847,0.8001263,0.56616074,0.59561723,-1.3045435,0.22231665,0.34308815
-0.3299278,0.79843974,0.3963545,0.06908474,0.30226234,0.6794732,-0.7656958,0.9539952
1.4285642,0.7809042,-0.022543073,1.6557968,-0.8496012,1.3958263,0.31913596,0.88133216
0.55713046,0.339979,0.54580724,-0.4659997,-0.07457183,0.55174756,0.6967714,0.17698088
-0.5116271,0.32148564,-0.004473865,1.0467316,0.4335922,0.757785,0.2630648,0.43669182
-0.32940212,0.09498593,0.2326419,1.0436362,-0.017361686,0.64733577,0.5861575,-0.04321173
1.3586695,0.9345449,-0.7358674,0.8858414,0.06920798,0.32681653,-0.4149715,-0.106157064
0.31391743,0.34340674,0.10262486,0.498116,0.62142086,-0.54303694,-0.25117207,0.7488734
-0.090942964,-0.33887482,1.3141702,0.35419527,0.23717475,-0.4530084,-0.2145641,0.6064317
1.1705132,-1.214494,0.88419646,0.18956271,0.3647815,0.38322645,-0.32615492,0.5869687
0.4371548,0.7301979,0.8186239,-0.35232374,0.5994404,-0.93562126,1.1683248,1.5792481
0.48338717,0.16821373,-0.1382014,0.6680421,-0.12797181,0.087523334,-0.11995847,0.35053512
1.007435,-0.32284063,0.12669505,0.07848566,0.8345622,0.66369665,0.35706016,-0.068643466
1.149738,0.42657816,0.14266862,0.9042383,0.38520455,0.49998426,-0.051856242,-0.43525946
0.2804182,0.3657446,0.95657206,0.11948475,0.86086446,-0.7272078,0.3422527,0.7891327
0.43864954,0.44127923,-0.09445453,-0.16856623,1.2297127,-0.21843183,0.86464375,0.16917485
-0.26565838,-0.5496268,0.5964304,1.0689392,-0.20722364,0.7429172,0.32268843,0.8414916
-0.088968456,0.19330393,0.9829633,0.35034797,0.8615695,-0.24569726,-0.2825757,0.6741707
0.19272953,0.59331584,0.10402632,0.8963408,-0.4274575,0.6102667,0.20587474,0.13113354
0.7774064,0.28335685,0.5906903,0.23144183,-0.12346326,0.07508039,0.9739239,-0.19745955
0.17304096,0.06692828,1.2972914,0.543624,-0.4176038,0.518841,0.23996681,0.23517662
0.5785879,1.3635644,1.8916997,-0.6438957,1.5269481,1.079792,0.40891963,1.3862973
0.06492433,-0.19330084,0.12154421,0.0019943267,0.08453923,0.07111892,0.024195476,0.36044025
0.20102802,-0.06427392,-0.074270904,-0.11222231,-0.21490063,0.4278636,0.632916,0.2897001
0.79976815,0.08534752,0.7625428,0.2395285,1.6254725,1.394868,0.2106199,1.086648
0.38265076,0.26622927,-0.3647992,0.096939735,0.4091345,0.31974524,0.5931203,0.0016323924
0.7080542,-0.7674415,0.5266488,0.13406575,0.24698783,0.8990494,0.078295544,0.9613148
0.58792144,0.52890193,0.61251616,0.41956466,0.31229645,-0.7796807,0.32608116,-0.37512636
0.32319838,1.5329248,-0.4451688,-0.16577211,0.11204149,1.48967,-0.33804604,1.1278901
0.048310585,0.19924007,-0.10132289,0.46487942,0.5828412,0.7050892,-0.1662663,0.42510995
0.18565947,-0.7174322,0.6047382,1.0662851,0.94583136,0.9835086,-0.18523683,0.08508147
0.3439499,0.21942009,0.01714252,-0.37747708,0.1949967,-0.08436185,-0.08203567,0.4713081
0.06345751,0.44423658,0.3820976,-0.029322729,1.0247662,0.32921082,0.8242504,2.6191516
-0.10060603,-0.29418087,0.13915183,0.82331747,0.7863899,0.01703713,1.0141804,0.40408564
-0.19206494,0.33102375,1.4679817,1.2264864,-1.1991377,0.7611641,0.20524634,0.9339069
0.22025421,0.10662709,0.10062267,0.08432501,-0.5930699,0.16837135,0.09690352,0.3576536
-0.14568436,1.2071083,0.49099296,-0.49513683,0.66650504,0.63025326,-0.9253691,0.38855216
-0.2734836,0.7648215,-0.21447276,0.805566,-0.68944055,0.36015612,0.7967956,0.27868304
-0.014876962,-0.37517482,0.37508714,0.4182701,0.6068091,0.21334526,-0.31071526,0.41055188
-0.31089988,-0.19950356,0.3967573,1.2058794,1.0118986,0.0249409,0.5326926,0.19062787
0.7653536,-0.40601808,0.6489083,0.6337092,0.3725664,0.5068623,-0.45508257,-0.13821813
0.16015473,-0.35015595,0.35554773,0.49663535,-0.13664307,0.13561584,-0.1443522,0.3015332
0.42868844,0.10484676,1.2041444,-0.104808934,0.7462421,0.85701185,-0.09764809,-0.056327477
0.3609422,0.018128619,0.3182545,0.5886981,-0.42227566,-0.1377044,-0.3485926,0.08966179
0.28423932,-0.3080191,0.18842456,0.05612874,-0.28526157,0.28113824,-0.26080766,0.29654086
1.0839838,-0.043897316,-0.34251332,1.1924177,0.54257554,0.61664486,0.060874976,-0.039958954
0.4483586,-0.88847744,0.47044712,0.99875003,0.31779867,0.774366,0.31741726,0.81168693
-0.02331901,0.7983509,-0.20920052,0.8776035,0.36597067,0.27169156,1.1831439,-0.23984706
-0.114294164,0.5067026,0.02609685,-0.22970814,0.21947165,0.18042469,1.1208265,0.5580721
0.542794,0.5891383,1.1908356,0.6223587,-0.33576053,-0.7382822,-0.19782473,-0.07992005
0.5604857,0.060570136,-0.15631966,0.21484074,-0.5422599,0.11958428,0.72383034,0.20843136
0.19416735,-0.083558515,-0.0055629015,-0.12864375,0.6046739,0.10593627,0.28493807,0.18070151
0.08863433,0.3435198,-0.26959538,0.06506968,0.04551518,0.034058213,-0.12642437,0.46028042
-0.27406156,0.44054753,-0.14095013,0.8133093,0.85930675,-0.17665938,0.6720471,1.0104029
0.031760897,0.098658815,0.6270894,1.2309573,0.48462564,-0.3247282,-0.35506645,0.5827025
-0.159596,0.7173127,0.51668876,0.2826419,0.39153755,0.3434013,-1.1511629,0.22371143
0.49895486,1.4903435,-0.17799003,0.5839918,0.017898515,1.5315361,0.2202674,0.55062056
-0.5124752,0.14442642,0.27001435,0.65919214,-0.24592377,0.3082384,0.04279554,0.49112543
0.926769,-0.58141583,0.70714074,1.5985856,-0.55423695,-0.6472639,-0.4815671,0.85051167
0.679988,0.7143851,0.3419367,1.4955169,-0.28358412,0.97354764,0.6193555,0.5096092
0.3871204,-0.037980214,0.6379342,1.7370532,-0.2861997,-0.1687462,-0.7320419,0.66111636
-0.3730998,1.2658515,0.5107692,0.55381876,0.43013752,0.3163043,1.1530308,0.2735983
-0.20766187,-0.12246241,1.1767919,0.75178146,1.313478,-0.09614837,0.17375015,0.3928805
2.140784,-0.65030706,0.51217157,0.21536908,0.47284955,1.4985486,0.9842867,-0.21707696
0.53675604,0.49270606,0.95526457,-0.1735951,-0.5491813,0.5067655,1.4451076,0.28384328
0.75680083,-0.04001628,-0.24019478,0.24851,1.050873,0.46595564,1.3027663,0.035341322
0.4595184,-0.1644351,0.5360231,2.127967,-0.18075718,0.8062564,0.2780853,-0.053318277
0.32491815,-0.4290191,0.5029751,1.0437587,-0.5073094,0.38887042,0.029705068,0.5112845
0.10070458,0.0013275892,-0.07341753,0.290611,-0.4283926,0.31176025,0.2863376,0.49435282
0.2730572,-0.35794806,-0.087772354,-0.038251385,0.31711444,0.27093178,0.22751078,0.20046519
0.81927687,-0.104811445,0.55267036,-0.122716285,0.9673523,-0.067245364,0.7130513,0.42887184
0.523317,0.22782828,0.1454372,0.3421444,0.3066097,-0.3711491,0.08908187,0.28791887
0.99837804,0.43472582,0.1674681,-0.15410063,0.56453997,-0.14113422,1.3325809,0.10662543
0.25350523,0.43076396,-0.18667842,0.07381201,0.53878033,0.020409197,-0.18681687,1.0790789
2.48046,0.6573172,0.030086294,0.1975038,-0.27620995,-0.0952501,0.22767787,0.26659688
0.0001244098,0.028435007,0.44685632,1.9054863,-0.15607809,0.028461993,0.25365147,0.23081833
-0.047326587,-0.22604229,0.75634766,0.011929043,0.33196723,1.0028174,-0.070240766,1.9014362
0.13971251,2.6297755,1.545774,0.7029647,-0.40170318,-0.47757864,0.47044784,0.036577925
0.4624902,0.23640461,0.5775802,1.4010298,-0.98892564,1.1796596,0.69206446,0.5229888
0.034547992,0.06123458,0.5945641,0.6480375,1.0050492,0.31647485,1.773944,-0.41865623
-0.5900549,0.83352447,0.21380393,0.0017605945,0.26619208,0.29062283,0.0008999845,0.60001546
0.8692115,-0.050045684,1.4246604,0.63815165,0.25149852,-0.8106724,-0.15981394,0.41338378
0.08767168,0.33443713,0.39274496,0.14430326,-0.6013222,0.03978941,0.31597185,1.7435776
0.17995867,0.011819527,0.041414104,0.5682749,-0.006155461,0.13886856,-0.4254596,0.4808544
0.6700099,-0.10621576,0.18972866,0.056368902,-0.17204522,0.63412714,1.6852627,0.663897
0.19648325,-0.1478738,0.48044467,1.431318,-0.77566326,0.5500656,-0.10808823,0.5228799
1.0171629,-0.2677155,-0.04459949,-0.42464176,0.024907544,0.26523226,0.055337258,0.40862328
0.042437404,0.087103024,0.28332415,0.3825695,0.024621263,1.0381494,-0.50245124,0.3501963
0.48362923,-0.12817805,-0.2501889,0.92634654,0.2973308,0.4661517,-0.32804915,0.6413346
0.046137944,0.11668226,-0.1303788,1.0083078,-0.2119803,0.32251066,0.2838169,0.18449843
-0.25265524,-0.5099812,0.65458155,0.6656801,0.9561508,-0.099150404,-0.53417945,0.7601827
0.10877681,1.0123557,0.47028923,-0.06592346,0.79404414,0.6693674,-0.9152773,1.0205092
0.94963604,1.6792015,-0.46492463,0.36965445,-0.30583173,0.5427446,-0.031695455,-0.0783833
0.08186767,0.67411643,-0.5145736,0.8928053,-0.0032438189,0.21215303,0.5295283,0.1176559
0.5183036,-0.1502923,-0.058084667,1.4288387,-0.24439321,0.43748888,-0.025404649,-0.008188844
0.60563064,0.18477245,0.22441001,0.6853027,-0.676757,-0.3046377,0.081053846,0.17622527
0.3809848,0.34161812,-0.009514168,-0.6058552,-0.03332691,0.65799296,-0.3267839,0.9828216
-0.13818482,0.6749814,0.3285582,1.8460588,0.3006688,0.5083941,-0.2559983,0.29592836
0.72206646,1.0822593,-0.0001720488,0.16423301,0.9350124,-0.6753545,0.22379464,1.7021623
0.51131755,0.048483327,0.81929755,-0.36255744,0.014628008,-0.33439815,0.24292475,0.33632815
0.57396036,-0.04904835,0.7140927,0.5921028,-0.58011067,0.71710265,0.30289918,-0.1564666
-0.4906852,0.93845266,0.08130242,1.228159,-0.4023338,0.7210596,-0.65577656,0.8577298
0.9545147,0.68282557,1.6827818,0.3944221,-0.32882977,0.18162909,0.39702633,-0.43507588
0.044516668,0.083507225,1.6714869,-0.010172285,0.5065466,0.977572,-0.1492645,0.11583032
0.45643985,-0.036765352,0.8228575,0.8456357,-0.018119857,-1.0804117,0.85197884,0.6923224
-0.39001188,1.5215762,0.6170366,1.7800148,-0.49604172,1.1372648,-0.3850087,0.102143124
0.030635506,1.6547691,0.8611631,0.26328975,0.045551017,-0.38396755,-0.998532,0.65411824
0.19347417,0.12597671,0.31063724,1.0509156,-0.040103406,0.110270604,-0.25628278,-0.11305024
0.4989995,-0.4069351,-0.34200323,0.56161076,0.79542917,0.6692554,1.0611652,0.83820224
-0.14424545,-0.22771858,0.97826743,0.70696497,-0.0597229,-0.5274575,-0.30234718,0.46575904
0.41733423,0.48577,-0.7551061,2.2462647,-0.23281275,1.4130468,0.24856438,0.8487216
0.7084765,-0.29154778,0.2082291,1.0369922,-0.20344703,0.17895353,-0.62148005,0.49129885
-0.32612702,-0.305785,0.62455124,0.7600497,-0.112201646,0.91071063,0.4728022,0.72628725
-0.015596509,-0.74366194,0.84105587,0.85744613,0.042768314,0.44809476,0.282488,0.392206
0.37105557,-0.53142154,-0.019788936,0.34359255,-0.28995633,0.3469129,0.009391701,0.28346372
0.7233282,0.5836035,2.4218385,-0.31856173,-0.5074309,1.3532228,1.5013009,0.25779846
-0.06757617,0.81680524,0.5286429,0.59860617,-0.86063385,0.6418428,0.63803256,-0.015454739
0.4095102,-0.008550093,0.33968556,-0.07650129,0.41710818,-0.23925835,0.37675607,-0.0750899
-0.28641406,0.64393276,-0.079869926,-0.17098656,0.20970002,0.8655337,-0.37551054,0.9390211
0.51445496,-0.08514239,1.025436,-0.33056226,0.5219343,0.20072573,1.1991094,0.8854439
0.27671543,1.3886449,1.1757932,-0.2939664,0.35663563,-0.5377676,-0.4414632,0.35800102
0.8017096,0.68565786,1.2715901,1.0118388,0.48432487,-0.97248924,-0.35591045,0.28224045
0.45667824,0.30156142,0.3646363,0.64118826,-0.6993564,0.33771855,-0.19577171,-0.038990244
0.96190345,-0.70753217,0.31972176,0.32245907,0.97285813,0.8164498,-0.12692897,0.06102527
0.57019323,0.1034704,0.4223162,0.17408264,-0.74010426,-0.50230813,0.2679423,0.69943535
0.47096264,-0.32763493,0.55673337,1.0847497,-0.43359357,-0.0021580383,0.04218511,0.515592
-0.024223775,0.22789155,0.41955382,0.17316443,0.036867842,-0.44782257,-0.25790283,0.107182145
-0.4387085,2.076571,1.5345587,0.4598574,-0.076030955,0.019769609,-0.23036216,0.8488339
0.19376579,0.49322832,0.9265851,0.7417529,-1.0231376,0.9078578,0.053149745,0.4277143
1.4736873,-0.069664136,0.27344537,0.08381947,1.4156381,0.74856573,0.3530263,-0.31406766
-0.08671884,1.041289,1.0643944,-0.19481912,0.32739347,-0.37533063,0.8231911,-0.41427672
-0.027444858,0.26611662,0.40980893,0.012925133,0.041309208,0.45657927,0.32886913,-0.22044107
0.18853128,0.6906542,-0.15945251,1.231535,-0.54521847,0.33148277,1.5529567,-0.044395357
1.0188823,-0.17780788,0.17185341,-0.31738874,0.9161748,0.2576479,0.9676325,0.43246308
-0.5853292,0.48671657,0.40594876,2.2686136,1.2215765,-0.51056385,0.9778077,0.78527826
0.18368676,0.3618784,-0.3612017,0.39415944,0.6659967,0.50466037,-0.41082108,0.9022075
-0.26147887,0.14441733,0.22166137,1.246676,-0.207592,0.07089886,0.5863643,1.397145
0.5155324,-0.07953122,0.21603315,0.4075014,-0.40135014,-0.119908825,-0.16307555,0.28300548
-0.02800697,-0.15361045,0.48381078,-0.047757663,-0.14421584,-0.07503505,0.4366332,1.3500512
-0.47319487,0.21722446,0.6639801,1.0471857,0.49294567,0.5404556,-0.6319758,0.2876189
0.0886115,-0.08349924,0.3944183,-0.06390954,-0.43249965,0.496837,-0.006336422,0.48223808
-0.028069697,0.5947229,-0.09810625,0.098294534,-0.57968277,0.24855016,0.8709113,1.2635539
0.1425077,0.5370272,0.03158927,0.38313755,-0.08827144,-0.07595363,0.07185448,0.18236548
0.8362859,0.5715337,-0.87387514,0.83868915,0.06262909,0.17708749,0.12374691,0.2925085
-0.009894453,0.55843747,-0.07557611,0.095784776,2.1783588,0.6149791,0.27595004,1.2373406
0.78861874,1.1499126,-0.7143058,1.0788163,0.25154126,0.040988475,-0.35043463,0.12611143
-0.022650562,0.27352285,-0.1624233,0.18275763,0.35464984,0.0011958256,0.05414805,0.28213906
0.40693304,1.253974,0.21210633,1.459122,-0.6837273,0.32123613,-0.30521938,0.012218893
2.1454031,1.2215091,-0.16768672,0.15395269,0.46973932,0.8117917,-0.3215874,-0.20170093
0.08832099,0.5495179,-0.14054514,1.079217,0.14077298,-0.21331984,1.0173596,-0.22178784
-0.66905874,-0.11766298,1.0712401,0.50153935,0.1981195,0.7565067,-0.16755757,1.0667657
0.3170718,0.29781753,0.2002626,-0.4773536,0.20037375,-0.22004545,0.15674809,0.5315718
0.07739968,0.6462091,-0.2584042,1.0653763,0.6927066,-0.21604228,0.7342576,0.37106723
0.052398875,0.32974714,0.4161346,0.43528423,-0.57670605,0.35814345,0.1695634,0.06615749
0.6395558,0.38008845,0.1836947,1.6779475,0.07162435,1.0682893,-0.24509494,1.3403969
-0.32183155,0.83540756,1.7797201,0.10151177,-0.08881931,-0.4879768,0.17221546,0.3187117
0.46837196,0.621052,0.83360803,-0.31589377,0.52855533,-1.2790837,0.640328,0.6582622
0.45113242,0.64542836,-0.53635806,-0.08110782,0.40299147,-0.12574139,1.1696526,0.75085664
0.8361051,1.0020581,0.13986576,0.14595084,1.004602,-0.0894648,2.037448,-0.29898712
-0.17235339,0.62914264,1.7772697,0.60105246,-0.24469127,0.55238295,2.0740414,0.40141708
0.17928514,0.34779286,-0.11597584,0.6531231,0.3361601,-0.6208305,0.60919195,0.1979673
0.49674776,-0.47372645,0.9660418,0.35348162,1.5366957,0.019674666,-0.120730825,0.35040656
0.010560721,0.9337801,1.6789579,-0.034983404,-0.5750808,-0.053241163,-0.5595589,0.6948777
0.075820446,0.57229435,-0.4779231,-0.1677467,0.17153756,0.04623872,0.68553084,0.86903787
0.35089967,0.08178283,-0.010258898,0.06706181,-0.25862575,-0.29800662,0.8045426,0.68074995
-0.1875126,0.96645665,0.82309234,0.8031253,0.27425253,-0.7686416,0.7082953,-0.17693752
-0.3773255,-0.49248517,1.0219469,0.28763673,0.80910665,-0.3349746,0.0034716488,1.2827834
-0.092565335,0.60770756,-0.23232864,1.3397224,-0.23041289,0.48699284,0.031348996,0.59742093
-0.20986202,1.081401,0.52549976,-0.12965453,0.6780987,-0.3154446,0.49623963,-0.28739488
-0.7906471,0.40352327,0.67214656,0.59535384,0.4838583,1.6939732,0.29778907,0.7964986
0.20719072,-0.13202918,0.22498015,0.25779408,-0.1903883,-0.007480696,0.6356818,0.3901075
0.42448184,0.09099184,0.4722768,0.2191599,0.2629658,0.49982795,0.28890875,-0.5143765
0.3380768,0.621987,0.32874835,0.40104783,-0.33869773,0.62916356,1.2558256,-0.49146473
-0.15170705,0.5592404,0.9179382,0.77633226,-1.1239206,0.6116098,0.55777246,0.37552184
0.2883421,-0.32187068,0.089595735,0.2352652,-0.42863786,0.35296112,0.068590365,0.35139036
1.9466007,0.14171599,1.2450539,-0.10231636,0.028589562,0.3801172,0.39869246,-0.1378574
0.36089474,-0.05508496,-0.025835231,0.6724338,-0.0021122843,0.41799164,-0.4501819,0.36413375
0.8526283,-0.7232127,1.1926712,1.9614222,0.16416939,-0.14828882,-0.15896039,0.47375178
0.4312845,0.3944726,1.1337094,0.418918,-1.1597294,0.84661007,0.022301374,0.84302515
0.16305918,-0.32154953,0.8820118,0.12592608,0.71041274,0.4215529,-0.8453505,0.80348504
0.8366762,-0.026152864,0.43016762,0.53171533,0.3291157,0.3060583,-0.89521307,-0.09649429
0.8181486,0.07725458,0.7822321,0.43601054,-0.003376767,-0.7189888,-0.6457066,0.82937807
-0.040316217,0.5658062,0.5375944,-0.11762229,0.23668541,0.2802213,-0.73960674,0.17209476
0.5985335,-0.0015344173,0.43002212,-0.066268705,1.555974,-0.2186181,0.1453709,0.7106657
0.3935968,0.12043004,0.030294254,-0.3771775,0.7122923,0.120902956,1.1751298,0.7613348
-0.30392635,-0.11811943,0.9978182,1.146765,0.70331746,-0.39584765,-0.55915815,1.0891242
1.2060364,0.6457901,0.06086068,-0.31834003,-0.15646045,-0.55682254,0.97048396,0.61162615
0.9073477,-0.26343587,-0.41381758,0.7168626,-0.36288,0.67421246,0.34276447,0.10433304
0.50807333,0.1429811,-0.22783454,0.29142222,0.15113224,0.75925046,-0.44485283,0.93389535
0.4139202,-0.029197976,0.49019217,-0.2679215,-0.05985877,0.46391046,0.43290842,0.068432786
0.29149672,0.11180122,0.3995672,-0.123577334,-0.0814946,-0.44288695,0.3587571,1.3231919
0.48626843,-0.5129649,0.79044884,1.604805,0.023903742,0.29034305,0.5139383,0.59927845
0.5152256,-0.19597067,1.3171171,0.2802496,0.30366325,0.07400724,-0.53246814,0.23113663
0.22115493,0.42020595,0.7154882,-0.49531373,-0.15582739,-0.28674692,1.0985152,0.59495234
0.4875503,0.18797217,-0.046648607,0.70871884,0.6318716,0.10774991,-0.7363481,0.5618738
0.7634535,-0.061634198,1.1854628,0.060731493,0.5998059,-0.22572607,-0.31284323,0.27179712
1.2848116,-0.54967177,-0.08652593,0.62361217,0.91737014,0.6398735,0.20290047,0.646528
0.12893812,0.15681052,0.014205642,-0.15761283,-0.55078155,0.35751727,0.18369886,0.42037028
0.17272612,0.14984502,-0.11488289,0.10237315,0.30401015,-0.00696937,-0.25725162,0.59568554
0.24702835,-0.1317022,0.6311121,0.22785926,-0.60264486,0.5500182,0.5200353,0.3243783
0.34279814,-0.20250084,-0.013568595,0.3954437,0.07204254,0.2225396,-0.16943036,0.35205066
-0.020675309,0.98926616,-0.4944501,0.23190472,0.49107945,-0.02529858,0.5295819,0.27663583
0.4731755,-0.5755291,1.0231323,0.05190102,0.18004797,-0.046298087,0.16879205,0.7140484
0.75301826,0.50853205,-0.39148444,-0.36076197,1.1702354,0.25337958,0.21324712,0.8663907
0.42667475,1.0779911,0.11226115,0.8452234,-0.1942222,0.907717,-1.0775675,0.94004744
-0.097801946,0.97424173,-0.281698,0.3719085,0.5369914,0.50445044,0.19364966,0.20513389
0.057416283,0.5252348,0.17791079,0.26211366,0.46892947,-0.55926913,0.40611035,0.065306455
0.06340664,0.8023993,1.6501666,0.22822395,0.2196718,-0.09420346,1.2491535,-0.72491956
0.21278834,0.46081668,1.0984476,2.20944,1.7600455,-0.5406533,0.57710737,1.0360548
0.10736723,0.15072794,0.11715543,0.267991,0.003624931,-0.41429985,0.015232433,0.18417376
0.054857217,1.3627844,0.94568473,0.21280867,-1.2791003,-0.16253185,-0.019791776,1.1738837
0.0027252324,-0.3605019,0.11993428,0.070613064,0.7037578,0.5852665,-0.73787755,0.6140262
0.46965227,1.669829,0.07790147,1.436482,0.6711489,0.52335006,-0.24534176,0.43741587
0.85923177,0.86230356,0.9161031,0.40011963,-0.16409712,-1.136807,0.03860949,1.2309439
0.041090652,0.5892932,0.8144853,-0.0424347,-0.4492678,0.6036976,-0.1719246,0.3799197
-0.24911556,0.9567963,0.033603564,0.5801489,-0.47463512,0.3684976,0.49155024,-0.08037494
0.13168415,0.03624405,0.03912759,0.0038515627,0.40218282,-0.1788593,0.754312,0.2830389
0.7878552,0.010984108,0.7556092,-0.21024707,1.1264348,0.57521373,-0.27738878,0.662051
0.16719154,0.30992985,0.051348716,0.6747138,0.5924097,-0.10929155,1.5808109,1.3226403
0.24862969,-0.12213993,0.04972402,0.9475513,-0.6960618,0.7066367,0.65207916,0.037995532
0.28423187,-0.12475835,0.38925505,0.32215464,1.1779106,-0.4946208,0.49963745,0.40299037
0.628689,0.85985893,0.1259266,0.09035328,0.19650476,0.53728163,1.8412606,0.2041829
-0.18166754,-0.039564386,0.49058044,0.5002682,0.16935787,0.022972383,0.047315814,0.00976678
0.5797047,-0.1419221,0.026947975,-0.26075026,0.24150887,0.19101162,0.21501043,0.48814785
1.0690408,0.71050054,3.0,0.08066925,0.1044714,-0.18228352,-0.09828862,0.96652913
1.2010362,-0.49871165,0.4399377,0.785144,0.6259635,0.6654261,-0.086758904,0.35984132
1.1243025,0.9150777,0.5780425,1.1071812,0.73481065,0.37966824,0.8798985,-0.87815845
-0.6023265,-0.36301577,0.7476667,0.93678004,1.1579273,0.6822825,0.42317513,0.1513825
-0.12985298,-0.34680927,0.55936486,0.07867134,-0.01717192,-0.055367053,-0.24973994,0.8680321
0.034699626,-0.10307132,0.08279492,1.1789227,-0.68334574,0.8325968,0.27094105,0.4650771
0.82854974,0.3449664,0.28341395,0.11135448,0.34962517,-0.33919263,0.7955144,-0.40276206
0.012021825,0.48367053,0.8459196,-0.15214872,-0.8611874,0.0039593354,0.21210538,1.2688955
0.8033672,0.109871075,-0.7118592,0.8356024,-0.8525633,0.60126215,1.3602017,0.864697
0.7654665,0.84129184,-0.85650855,0.08394468,0.73823196,0.087501496,0.27553388,1.0160526
1.3485681,0.5709542,0.23971538,-0.09174559,-0.4963767,0.84143615,0.17497471,0.40042785
0.6202044,1.4421234,0.28782886,-0.86436504,1.1937236,1.3343027,-0.006608007,0.56441486
-0.056541964,-0.009703055,-0.19455673,0.4838251,0.24028018,0.20743135,-0.24815701,0.669894
0.11227847,0.39951342,0.51506615,1.1394608,-0.0598308,0.6072197,-0.4149212,-0.25650066
0.35759836,-0.13080038,-0.050525427,-0.14974165,0.5025413,0.2844029,0.73012334,0.39234126
0.05473564,0.56477964,-0.07006338,0.18786165,-0.64027256,0.5083387,0.20264576,0.3265183
0.19970316,-0.062249184,0.07328609,0.22291219,-0.32095188,0.19124973,-0.14314891,0.23027146
0.21856695,0.8749442,-0.22035043,0.42085537,0.50036556,0.2409266,-0.6177909,0.78825843
1.6312088,0.13489209,0.6673765,0.54571867,-1.0059131,0.43913257,0.22168693,0.19318408
0.4095297,-0.54462224,0.017181955,0.8021639,-0.5401552,0.7039015,0.39649054,0.38075382
0.32869884,0.28284514,0.05921778,0.105429955,0.16746368,-0.47930896,0.09643351,0.61284405
0.8484606,0.16251181,0.11531,1.2997334,0.70492405,0.8542123,-0.3744724,-0.11141932
-0.26300678,-0.46790457,0.76645815,0.71066135,0.9452813,0.77807146,-0.13838558,0.06040491
0.09221418,-0.16574387,0.5848763,0.8375501,-0.8690725,0.7495795,0.2955588,0.5616292
0.3073131,0.26278317,0.13253242,0.092053175,0.6859708,-0.7578089,0.70578796,0.9280499
0.36665934,0.69187564,0.5309982,-0.69695884,0.86126715,-0.35264242,1.0374287,0.8334924
0.5214948,0.15456317,0.11375125,1.0909352,-0.13340102,-0.014007896,0.5602888,1.3382694
-0.2962982,0.12474345,0.52715313,-0.00273595,-0.01844488,0.8020608,0.056925062,1.6390586
0.66653234,1.0555141,-0.6138766,0.300937,0.29821116,0.14168859,0.1644019,-0.12284744
0.5906449,-0.45068884,0.8777863,0.23579267,0.7101482,1.1373906,0.31303832,-0.21001142
0.1798512,0.076507494,0.19093421,0.57832664,1.0299432,-0.08036506,-0.15371977,1.0761936
0.11248435,-0.24915533,0.5505979,0.2570905,0.44485527,-0.44367117,-0.22840472,0.71813124
-0.4118123,0.16363703,0.14230469,0.5699281,1.004486,0.53469074,1.4150256,1.2698634
0.6290765,0.5004531,0.15351847,-0.5772473,0.81930864,-0.34785444,0.81733876,0.34704703
0.5742804,-0.28360373,1.4087385,0.39087343,0.29095453,-1.5557032,1.273193,1.200748
0.71913165,-0.044430777,0.10846284,1.2250812,-0.31559318,-0.12924196,0.15450607,-0.035603583
-0.5367284,-0.09448458,1.115154,0.121742524,0.5197259,-0.36550486,-0.024127858,0.8539994
0.25048554,0.5412396,-0.18681033,0.7532278,-0.40172815,-0.3699542,0.22619806,0.1883726
0.94068205,-0.050130382,0.5036137,0.2983331,0.4650777,-0.10525961,-0.34488353,1.5862174
0.636266,0.7614551,-0.49004018,0.2408643,-0.033941403,0.33644533,0.12435693,1.0429142
0.20544505,0.68227494,-0.13420464,0.4532429,-0.22255592,0.59727174,-0.5255341,0.39854783
0.40729827,0.21119659,0.5561693,0.17486548,0.068934664,-0.6492897,0.8905736,0.20937045
0.57984275,-0.01414673,-0.073808834,0.37455234,-0.101673976,-0.36130863,0.5633909,0.57991457
0.60580534,0.29406583,0.091923036,0.21881121,1.0263964,0.34317333,-0.91950864,0.49473017
0.7391179,0.38265628,0.06866155,0.56515765,0.5143505,0.24254125,-0.9781826,0.34156325
0.039045986,0.002897963,0.14067194,0.7364123,0.056116447,0.3117965,-0.7786926,0.3999689
0.34377742,0.22024222,-0.17736702,-0.2303442,0.618645,0.66242725,0.5275331,0.2761617
2.0927336,0.3444835,1.0291488,1.8088301,1.3244113,0.27754948,-0.85185486,1.1558087
0.4779107,-0.06904428,0.18641059,-0.16247451,0.26079664,0.81135345,0.40793866,0.1588147
1.498987,-0.569775,2.0343015,1.0776272,-0.15429686,0.339816,0.07952225,1.0195922
0.32311884,-0.52077967,0.3713205,0.28605497,-0.019808903,-0.05939439,-0.35306248,0.43339515
0.97305924,0.8574268,2.1411989,-0.4261612,1.5783943,0.77096534,1.1074845,-0.049673572
0.29221407,0.1877958,0.047922343,0.47439924,0.34410226,0.46263924,-0.7041889,0.139807
0.48983842,0.1335495,0.16970676,0.9254358,-0.832998,0.1847806,-0.15663897,-0.026014656
0.3989894,-0.010631219,-0.3981384,0.4449105,-0.14407595,0.27722746,-0.005073977,0.29307175
-0.6438618,0.82894105,0.008725762,1.1683483,0.051919125,0.17214976,0.4054819,0.34963205
0.5603876,0.18970035,-0.36897254,1.0516983,1.4696758,1.7447591,1.1612111,0.87669486
1.006467,-0.22054853,0.690718,0.37316275,0.76810676,0.83947223,-0.49371484,0.00400123
0.22537583,0.28922546,-0.04298009,-0.21423301,-0.068115845,0.07148202,0.027224435,0.2744032
0.6103806,-0.52591467,0.55172163,-0.15943614,-0.107438385,0.051788565,0.59001243,0.9372985
0.4835671,-0.73808634,0.72379917,0.22188708,0.21077038,-0.1665526,0.3548232,0.3007393
-0.082876585,1.0111128,-0.07164849,0.5463566,0.84190565,0.29654914,-0.6730358,0.55762255
0.58327645,0.63540196,0.5076477,0.37355077,0.36906356,1.0917095,-0.61831504,0.27005106
1.272549,-0.29208052,-0.38224536,1.4658211,0.020396307,1.2585946,0.50714326,-0.065383315
-0.9616074,0.19903012,0.34072208,1.0937338,0.027012177,0.9013165,0.648219,1.0085208
2.9953988,0.84160584,1.6354014,0.5244278,-0.7621011,0.77004194,-0.41106918,0.1105777
0.543722,0.7755886,0.48474407,-0.9255515,-0.02681972,0.16144526,0.38950726,1.1430495
0.3789872,-0.014953181,-0.07360922,-0.17381242,-0.2568565,-0.06992337,0.47725004,0.43245494
1.6053879,1.355224,-0.33301556,0.92859846,1.238092,1.2482579,-0.13431029,0.15664877
0.02636867,0.21272796,0.03407277,0.21143135,0.85115415,-0.167923,1.3784243,0.14720139
0.5115326,-0.073603824,-0.18673263,0.18541747,-0.2454087,0.07878679,0.1602062,0.43085694
0.048758842,0.14915709,0.6172969,-0.32246625,0.6657068,0.41750672,-0.76160663,0.56067955
-0.09441153,-0.119333014,0.7185005,0.34774858,0.24894059,-0.32726792,0.30145025,1.3894951
0.050745808,-0.2031991,0.19965902,0.71006376,-0.45128012,0.32782698,0.12977578,0.18484567
1.6332402,1.1572374,0.8509192,0.9146035,-0.40925878,0.6236597,-0.8706058,0.114852846
0.59674567,-0.46413463,0.99561775,1.6013628,-0.4514907,0.45791444,0.17028868,0.23425801
1.7508544,0.61029285,-0.19909082,0.6262696,0.24416776,-0.56273645,0.41173378,-0.26312637
1.7766019,-0.13160993,-0.5593131,0.7447079,0.25387007,0.14293861,0.032536976,0.18248534
-0.025349736,1.4547358,0.20807314,1.04967,0.38190895,0.57053506,0.3741993,-0.7385217
0.5791884,0.58382773,0.45214057,1.5933988,-0.059844628,-0.66369224,0.9655679,0.422262
-0.0990132,0.49496812,1.0139782,1.2478063,-0.6395711,1.3431842,1.4147881,0.24132285
1.0531287,1.4149078,2.359339,1.389487,-0.28311425,1.5332091,-1.039909,1.3378057
1.2346195,0.10821672,-0.44581604,1.2854497,-0.08517139,0.023735434,0.7317799,0.43618762
0.5071866,-0.5459924,0.34115314,0.045764215,0.06954752,0.022570103,0.9468463,0.5022414
1.0194417,0.11234735,-0.44580376,0.7374189,0.20257975,1.4278207,0.09709781,1.1876321
0.071128555,0.17530407,1.0078093,-0.33541468,1.296076,-0.6053622,0.7805657,0.24022995
-0.60449404,0.8525753,0.90004516,0.021414958,-0.4776386,0.26180005,-0.2319334,0.585969
0.14849976,0.22260886,0.12560841,0.32522926,0.13784714,0.06019628,-0.33765873,0.23143809
0.07677311,-0.2705029,0.10555172,0.031019457,0.78881377,0.19047481,-0.2927364,0.5987897
0.6145261,-0.60920155,0.8182236,0.6635437,1.4759245,0.040864483,-0.027999079,1.2279458
0.6205129,0.5797439,-0.3984688,0.3974835,-0.049165145,0.2544326,-0.3017393,-0.0327089
0.61609125,0.11747523,-0.012713656,-0.2206606,0.032641634,-0.42731047,0.32870904,0.34944493
0.29056206,-0.54070693,0.51914495,0.9723224,-0.35712224,-0.21879157,0.037460998,0.67935365
-0.24398783,0.36605227,1.428501,0.7405686,0.0854664,0.05361992,-0.3394607,0.61153877
-0.37781617,0.41643304,0.009479679,0.43891326,0.018400632,0.45085326,-0.23807578,0.38202357
-0.20946202,0.7908184,0.4526176,-0.040211223,0.6560297,1.4931717,0.08860279,0.513158
0.21387544,-0.34833688,1.2248971,0.19396839,0.75087494,0.5146531,-0.11141034,-0.23627302
0.82577,0.64342904,-0.18573345,-0.7403402,0.81594884,0.52779895,1.4739605,0.65989476
0.8883777,0.6569075,-0.34756064,0.595663,-0.6874996,-0.04152915,0.6380281,1.1869962
0.40076643,-0.20255359,0.28889567,1.065431,-1.1482404,0.93724597,0.84038955,0.673806
0.3169453,0.37355858,0.9623474,0.7975597,-0.4272458,-0.32287067,-0.87808275,0.5984194
0.423283,-0.23789378,0.07079083,0.7790951,0.68864,0.37926716,-0.27724501,0.7458657
0.44743344,0.23296817,-0.022362828,-0.21975127,-0.06676932,-0.49185705,1.1102498,1.4934016
0.4145321,0.12863354,0.25240895,0.20400338,1.9603837,-0.4913047,0.5716045,1.0919884
0.51118934,0.14494954,-0.3233145,0.24432892,0.16171445,-0.33285832,0.6441689,0.7411686
0.29240486,-0.6927683,0.4358428,0.18223833,0.0906101,0.6338878,0.107393034,0.20429964
2.203964,0.11792694,-0.36706126,0.5961205,-1.0406343,0.8261787,1.4173741,1.0389419
0.23018721,0.13969286,0.7675608,-0.26364192,-0.39554423,0.1959996,0.62569743,1.001652
0.9973878,-0.5418878,0.41975248,0.9251371,1.2178632,0.5864612,-1.1620122,1.0415785
0.07272351,-0.10583583,0.007665798,0.50236315,-0.5032956,0.47683376,0.33725536,0.32899827
0.4061964,0.06904261,-0.016022772,1.5528231,0.6555661,0.613798,0.19593658,0.7996137
0.42683107,-0.39615268,0.11828325,0.15784352,0.42849523,0.47169253,-0.5549995,0.59066486
0.18182334,-0.6594877,0.41530544,0.44606465,-0.15988825,0.5225121,0.050291248,0.23516074
0.3906155,0.17962189,0.4572308,0.31595045,0.9869335,-0.51280487,0.15579118,0.6520433
-0.12706974,0.51828736,0.4958288,1.0289831,-0.71585494,0.8087739,0.030604398,0.105271325
0.55015117,1.1270565,0.67712677,-0.93717057,1.1478757,-0.5065876,0.831206,0.5208448
-0.5149457,0.41510814,1.0010858,1.3494167,0.607815,-0.4394915,1.2431291,1.1542888
-0.062477536,0.60507214,1.4814409,0.06377568,0.61613125,0.0893541,-0.6411479,-0.042904437
-0.21559948,0.12875278,0.004330173,0.38460597,0.27650005,0.11103219,-0.067262396,0.4697699
0.50469726,-0.15162234,0.30411193,0.25297433,0.9398535,-0.3467285,1.808417,0.27958506
0.003322132,0.8613596,-0.28635842,1.2133483,0.40915334,-0.49627215,0.7225768,0.40124455
0.46751824,-0.29139996,0.111172006,1.3973043,-0.45977324,1.2302629,0.7544742,1.3216839
0.27668738,-0.4499066,-0.029299363,0.21609166,-0.398912,0.3370806,-0.01583648,0.44227782
0.42699555,0.22902958,-0.59499633,0.49852023,-0.0926273,0.37449062,-0.01847616,0.3961714
0.7110297,-0.18929087,0.51430744,0.89072734,0.7575441,-0.46709073,2.2875073,0.20666018
0.63527364,-0.30035484,-0.36945927,0.1360406,0.19489321,-0.10080995,0.1648663,0.581648
0.26953033,0.04453425,0.7510458,0.93809336,-0.34226525,-0.88334453,0.9364981,0.5436969
0.55802953,-0.3074171,0.38895923,0.17080498,0.081910655,1.0199404,-0.079793,0.4473827
0.5121379,-0.055827513,0.30568957,-0.14472643,0.850502,0.50345963,-0.44824386,0.4237414
1.4342045,0.099224135,1.6608523,0.50049436,-0.40632832,-0.65732586,1.0222199,0.9443947
0.48353353,0.1622123,0.560537,-0.20114863,-0.14773707,0.32757932,-0.25975263,0.19842273
0.18654537,0.26995754,-0.069232285,0.291693,0.72362363,0.24778084,-0.66219085,0.8661504
0.15868524,0.26083094,-0.07863966,-0.13081008,0.16156636,0.1785696,0.12514813,0.051231302
-0.38250878,1.1382245,-0.046255097,-0.13269058,-0.62900454,0.62519014,0.8221058,0.9296813
1.2104162,0.27385062,0.7774708,-0.0022188053,-0.08584462,-0.6159897,1.0084456,-0.064694166
0.6397431,0.34415656,-0.078777105,-0.4887856,0.41078776,0.11502904,0.22541998,0.19672969
0.77171516,1.1393878,-0.6244533,1.0043224,0.54059315,-0.046768934,-0.19223593,0.5345689
0.8898936,0.68566155,-0.7512185,0.07515859,1.067459,0.2990473,-0.4539088,0.786801
0.14553024,0.09115782,0.15727024,-0.17163703,0.15408188,-0.07522604,0.16397125,0.19545595
0.564903,1.1348884,1.2463071,-0.4240882,0.6443506,0.5239943,-0.714474,1.1827872
-0.0828628,-0.02218172,0.08884362,-0.042395182,-0.21749727,0.19284606,0.043042846,0.68499726
-0.6409033,0.87866485,0.48109418,0.49003986,-0.80412775,0.15492508,0.9115861,0.61213285
0.16213712,-0.23743491,0.16254652,1.1496332,0.0330745,0.680019,-0.04785321,0.3358418
2.0642765,1.1999419,0.335787,-0.95644885,1.1007135,0.0741065,0.5530172,0.80252767
0.59710974,-0.09411664,1.3381182,0.9659749,0.07104547,-1.3757353,0.030592127,0.6527915
0.7251777,-0.10572906,1.3498257,0.79796636,1.306085,-0.04982066,-0.20162076,0.15099223
1.0954131,-0.9789003,0.7420783,0.63177514,-0.17768003,0.41388586,0.5417407,0.24895373
1.3817679,0.5565884,1.8012636,1.0394561,0.71757776,-0.5374322,-1.009821,0.64645904
-0.057566658,-0.32542753,0.28316927,0.9815732,1.5212941,1.0334663,-0.3554063,0.61432016
-0.06595833,0.28765738,0.40238267,0.28159323,-0.84274817,0.78332627,0.953402,0.5960686
0.24439621,-0.73192215,1.0524049,0.74638766,1.4213893,0.4456096,0.23859467,0.20647979
-0.97821957,0.35847402,1.2170652,0.79977083,1.1024578,-0.09495561,-0.97080594,1.0851843
-0.15570769,0.62787586,0.7094637,0.064328305,0.30891037,0.78858787,1.2247142,-0.43783075
0.21176344,0.49805903,-0.32799894,0.79457253,-1.1685491,0.6399483,0.58070093,0.6737652
0.1384657,-0.33647913,1.5791025,0.7361696,0.9741084,0.61334413,-1.1233615,0.79128945
0.5736037,0.22632448,-0.37482005,-0.22587189,0.41750455,0.16292955,-0.15407334,0.38379124
1.5748268,1.4005603,0.48893023,-0.51579493,0.72957784,-0.34137228,0.19416565,0.67082924
0.39422217,0.93879163,0.91550124,-0.71339,0.039381877,-0.27886117,0.28981373,0.016081825
0.08086963,0.31612504,0.049666457,0.13288723,-0.49597186,0.19117993,0.6101329,0.54963404
0.25034794,-0.16212918,0.4787416,0.55635655,-0.65291697,-0.22785059,0.021912588,0.6196218
0.91628367,-0.3965631,1.8361348,0.882008,-0.6059372,0.66735303,0.21453796,0.44513345
0.297236,-0.675866,0.5298963,2.1220279,0.29032964,1.2859678,0.348018,0.2925989
0.9619354,0.3499254,-0.12297584,1.0961084,-0.11160357,-0.6725736,1.5559561,0.56444633
-0.5476276,1.8145523,0.40561396,0.23060504,0.37204015,-0.06570855,1.5420941,-0.28073657
0.46546254,1.0402002,-0.90144897,1.072916,-0.42318374,0.3346297,0.28246054,0.82365716
0.9838204,-0.74789536,0.5682721,0.19817594,0.061105415,0.4800524,0.5801437,0.65659827
0.20261773,0.9320634,0.44964957,0.7705739,0.1508436,-0.3688924,1.2532054,0.200432
0.37990943,-0.13938178,1.056215,2.9391587,-0.49168563,-0.030590564,-0.22527395,0.4964298
1.3499402,0.37174517,2.0728998,-0.1012641,-0.86627895,-0.9328451,0.32044286,1.0674208
-0.24813464,0.34353608,-0.0077969283,-0.045769073,-0.21461113,0.58045673,0.46542263,0.43896076
0.17263663,0.44241118,-0.380234,0.1285659,0.55430794,0.38351393,-0.44533405,0.79398847
-0.72476155,0.15774427,0.8529489,1.7742486,0.022008345,1.0492847,1.2383168,0.37286288
0.44149247,-0.32695574,0.042051055,0.23994476,-0.273816,0.32271972,-0.29160392,0.44854397
-0.7053534,1.6192945,1.072635,0.15826318,-0.83484095,0.48018742,0.63361615,0.131034
0.67524534,-0.09650265,-0.1080177,0.039484967,0.4978847,0.34267268,1.2402593,0.43970323
-0.51133305,0.5796883,1.3555156,0.59352976,0.27472502,-0.58393663,0.42039126,-0.32122418
-0.06818368,1.136723,1.1810459,-0.31550428,0.5268306,0.4490741,1.3861215,-0.65927696
0.32136193,0.612842,1.6764406,2.2483962,-0.7457158,-0.09782198,0.43744972,0.61230993
0.600876,-0.44113624,0.8221806,-0.057584174,1.345195,0.5964898,0.6191705,0.4562113
-0.62037027,0.7103267,0.69081664,0.41375223,0.18531837,-0.4569071,1.0267872,0.48949093
0.8283389,0.18740241,1.3400091,-0.5562152,0.9033271,0.61979675,0.042227842,-0.005116537
0.25313336,0.437245,0.443785,0.19738463,-0.3162877,-0.7972579,-0.16282837,0.19663931
-0.67493606,0.892079,0.32740596,1.1296244,0.80128366,-0.11822924,-0.40404108,0.53996146
-0.31573263,0.07898198,0.7736425,0.7684224,-0.20151769,1.331149,0.9460975,-0.18053648
0.004383933,0.09702824,0.48481232,-0.008483373,0.029930055,1.1879758,0.640457,0.23070294
0.11422145,0.034474343,-0.16491549,0.111724675,-0.36272275,0.5712155,0.093734704,0.3543834
0.19370663,0.23846398,-0.05584921,0.45935264,1.6575634,-0.32241416,0.7587984,0.88265526
-0.47937545,-0.21664259,0.5300419,0.80670637,0.26869965,0.6826091,0.16816774,0.01648198
-0.16126633,0.8287597,0.4575128,-0.39816937,0.09554683,-0.1752528,0.074934475,-0.113908485
1.1433259,-0.17186098,-0.45734584,0.7748111,0.569543,0.7170034,0.84815246,-0.30388483
0.3230709,1.1952215,-0.70157933,0.78719157,-0.254852,-0.1774753,0.46285066,0.30309516
-0.5865868,0.7380496,0.39352572,-0.11804307,-0.1252528,0.24647865,0.3313789,0.39566466
0.039013393,-0.5789309,2.010452,1.7105964,0.5508322,0.5497356,0.12829435,1.213978
1.1073544,0.6431946,0.012985453,-0.79987186,-0.093421146,0.15566374,0.4028562,1.6426005
0.33281115,-0.1714048,-0.0036843717,0.42320818,-0.7129208,0.5545589,0.52241606,0.41056392
0.9187202,0.109993026,0.12099865,1.5602269,-0.26737303,0.40357316,-0.7856857,0.27471906
0.3352882,0.75260216,0.5636702,-0.37694654,0.29949462,0.7175447,-0.16054009,1.1346507
0.25906637,0.17914808,-0.17863838,0.8879274,0.30566436,0.18587063,-0.36034387,0.62039006
0.62819296,1.2201391,2.0294378,-0.15248701,-0.5128432,0.8461353,-0.3716996,0.9230058
-0.14458722,0.9575169,2.1668596,0.29539296,-0.46212244,0.8509852,-0.0589771,0.8788839
0.526238,0.89274466,-0.024564132,-0.35972747,0.45570946,-0.7164649,0.5453586,0.9764224
1.0915262,-0.07927568,0.012477323,0.15229899,-0.31607962,0.5026744,-0.10631021,0.053995274
1.8527288,0.6144795,1.3940984,-0.647283,0.25024503,0.0019040108,0.8230968,1.5441394
-0.38193646,0.008914813,0.639759,0.17118713,1.0810201,-0.17879644,0.40211484,2.10173
-0.4501663,1.0961279,0.6454482,0.84797,-0.29701847,1.2392112,0.26567125,0.42648822
-0.26027015,0.92752093,0.6325469,1.8949463,2.4031096,0.09406568,-0.36253116,1.4702023
-0.057143167,0.49034977,0.32894343,-0.17912576,-0.21716009,0.8286312,-0.12861358,0.6944319
0.84808487,0.21793528,-0.15468337,0.2636126,-0.57572407,0.19137184,-0.06971847,-0.080939844
0.48216018,-0.10154803,0.28571713,-0.3036713,0.89632493,0.85753536,-0.31514692,0.35481262
1.0419277,-0.6049286,0.3694695,0.13277245,-0.055586234,0.5405418,1.119512,0.4966632
0.73731,-0.56595886,0.3410542,-0.01116129,0.69262546,-0.1412561,0.5936777,0.12116197
0.6229634,-0.35467464,-0.06466876,-0.075705476,0.76101196,0.41198364,0.5754895,0.1434205
0.24753651,-0.28453147,0.65369445,0.25402424,-0.11225629,0.017949924,0.1728811,0.105159864
0.87727565,-0.20634694,-0.12775774,-0.079011746,1.6246433,0.6652504,-0.08102358,0.5180975
0.35715064,0.49319923,0.90489656,0.30395287,1.2359333,0.044548437,-0.030557483,0.12018284
-0.12335371,0.07043357,0.32736725,1.170752,0.05046287,0.51963603,-0.4560566,0.28268147
1.8367714,0.052161023,-0.5050309,0.6053528,1.0795342,0.83886373,0.38741535,-0.040388495
0.23008713,-0.35937035,-0.19820647,1.0325267,-0.20235674,0.6311196,-0.04263138,0.6051853
0.023066474,-0.27875537,0.11832091,0.9695403,0.4205321,0.12116143,-0.3406951,0.6580574
0.13092765,0.51123,0.7458596,0.6972867,-0.18636595,0.5647556,0.20480601,-0.6182433
-0.17142385,0.5954389,0.4981069,1.9221137,-0.40045804,-0.17466089,0.32518366,0.31544363
-0.72430134,0.81534076,0.7793533,0.21038464,0.88443244,0.6654463,-0.8710554,1.3313992
0.3573421,-0.04200603,0.13564868,0.6444871,-0.70481217,-0.013784677,0.008428054,0.4861566
0.9631109,0.22956248,1.0293088,1.6033198,-0.82194084,0.10164878,0.12517248,0.19417182
-0.10417951,-0.6115367,0.567634,0.7712807,-0.2635826,0.7334414,0.25724858,0.3441509
0.23480102,0.2830031,-0.026446834,0.92395383,0.6583913,0.038128644,0.14208113,0.79152936
-0.005097404,-0.55606616,0.5536892,1.137263,0.81980276,0.87889874,-0.6667263,0.7339241
-0.0046758577,-0.0054865032,0.19053121,0.11216238,0.7942236,0.021180801,-0.35169283,0.5130492
0.9404319,0.9152285,-0.2767799,-0.5260378,0.29263043,-0.65866685,0.30795875,0.89096665
0.4690111,-0.12678875,0.41901445,0.5415814,-1.4586983,0.6928718,1.204841,1.2282434
0.7613525,-0.30824012,0.054852806,0.32344595,0.47731918,0.53526336,0.26228437,-0.14052105
0.4839342,0.17310263,-0.3501588,-0.017342798,-0.26960033,0.2948315,0.15504058,0.4952051
-0.09790527,0.061710402,1.0449522,0.15044588,-0.7252453,0.42813933,0.087076135,0.8351001
-0.055401318,-0.04369262,-0.026587293,0.06677158,0.06520006,0.2275476,-0.011305125,0.3394605
0.1043224,-0.54677725,0.044437572,0.08765827,0.3818568,0.44576252,-0.16290203,0.8944675
0.60638714,-1.1546276,0.2186916,0.7719939,0.07688545,0.66145265,0.49887022,0.5005603
0.14744502,0.22148629,0.22449109,0.8428938,0.62075275,-0.34889898,0.087173805,1.0919719
0.4279032,0.061837554,-0.40757626,0.8326913,-0.15275247,0.7261288,0.75542516,0.110402
-0.05287846,0.91708183,-0.30878836,0.43324104,0.22817612,-0.03906694,-0.05116896,0.22146256
0.10693461,-0.105396315,0.21333271,-0.1299496,0.87909406,0.63120127,-0.18768539,0.31971794
0.11727823,0.43009442,0.015128247,0.25517964,0.37492457,0.098535486,-0.81155133,0.40383267
1.0581713,-0.02706702,0.093446374,0.33347526,0.33859098,-0.014694653,-0.6272827,0.39984828
0.04164227,-0.3322351,-0.10556264,0.1562046,0.30833703,0.3273632,0.46570313,0.5053183
0.15204671,0.023377731,0.088226184,0.28698927,-0.18564002,0.29587573,-0.07353441,0.18297994
0.46818015,-0.57277,0.11616862,-0.10350671,1.4284497,0.65358734,-0.045014102,0.8398689
-0.18110055,0.24845015,0.67870116,0.21604657,1.0115373,-0.18583626,0.89136213,-0.31423664
0.34465888,0.60829496,-0.18211628,1.021028,-0.4310637,-0.07804018,0.2260271,0.85587305
1.700914,0.1387059,0.95421135,0.3763258,-0.23514448,0.7053142,0.33476678,0.2656634
-0.37859508,1.2406723,0.68027955,0.4754173,-0.7652934,1.0036755,0.26817736,0.05368276
0.06649452,0.14538968,0.109961316,0.25629574,-0.90252215,0.2678373,0.35278308,0.51312196
-0.14837569,0.31462538,0.0769906,0.45649776,0.35374337,-0.56639755,0.15959798,0.79634154
0.67226535,-0.7165044,1.5165021,0.81696206,1.1353277,1.687534,0.08527046,0.7560933
1.5571189,0.35184813,0.67263675,0.50779057,0.31439686,-0.2999027,1.900205,-0.08541873
-0.16321704,0.014486775,-0.22528382,0.39049572,0.45898497,1.347827,0.72055995,1.5535815
0.12183013,0.54758346,0.6255519,-0.24779311,0.39398825,-0.24873674,-0.52474254,0.38492224
0.26707742,0.85412383,0.9622067,0.83030903,-0.6987775,2.1170857,-0.04785619,1.0207822
0.29046416,-0.73317367,0.87839746,0.9938287,0.78130513,0.39616945,0.029339077,0.18876486
0.24873611,0.7375096,-0.46167517,1.4466882,0.73383707,-0.0606592,0.41364846,0.43888128
1.3789823,0.8016418,-0.292746,-0.14442334,0.6968434,-0.6684001,0.5871722,1.1442223
-0.27510515,-0.062326267,0.83648646,0.08833233,0.22949056,-0.011789829,-0.32222632,0.33550113
0.06694306,0.091375604,-0.06799421,0.8951312,0.44028932,0.28707552,-0.4639614,0.97335017
0.36711085,-0.5592281,0.13541022,0.8585057,1.4877435,0.46741456,0.19789138,1.1396246
0.2721647,-0.2675823,0.18917654,0.8965023,-0.24643926,-0.1874432,0.15871243,0.15680385
-0.04883784,0.14304389,-0.116364315,0.3567122,0.6566431,0.26263505,-0.5911181,0.73051614
-0.28554937,0.69871485,0.8931623,0.60757816,-0.5297321,0.2678602,0.10821552,0.37668908
1.002742,0.54507136,0.25962478,-0.22037998,1.5828873,0.5203253,0.19975138,0.34802127
-0.054715432,-0.02296172,0.16208342,0.21440887,-0.62848866,0.76269805,0.2516778,0.68584853
0.18565857,1.4031959,1.2581226,0.668996,-0.29334527,-0.015218735,-0.15231849,0.5686958
-0.15537095,-0.49528086,0.2681492,0.640893,0.23168947,0.647515,0.29305902,0.6622349
-0.39828888,0.7942129,0.11168292,0.7616202,0.3555594,-0.15969676,0.13588408,1.2332275
0.18069938,1.0906665,0.4463098,-0.4159595,0.51182175,0.6127008,-0.8700029,0.4739622
-0.49360868,0.27307665,0.63441604,0.21406257,0.8373674,0.536965,0.46556512,0.23795411
-0.5551209,0.121414945,0.5190234,0.3249283,0.031041846,0.2573871,-0.10755717,0.25371408
-0.028234698,0.7605102,-0.09700021,-0.13232014,0.2784422,0.28034973,-0.4483695,0.5361993
-0.1472424,0.32134753,0.9002289,0.21916679,0.44321257,-0.99091494,0.3297329,0.20596609
1.1493167,0.29321432,0.9056915,0.27311298,0.18769254,-0.026310697,-0.54743874,1.3815937
-0.19220582,-0.04582624,0.15027699,0.5183834,-0.22638516,0.21364838,0.21908392,0.32642365
0.1389178,0.25656474,0.32707155,1.439616,-0.18576406,-0.17358458,-0.07836536,-0.1193465
0.076676406,0.6765868,0.2337054,0.16151777,0.023345008,0.9281647,0.23807347,0.6713412
0.54172564,0.9671377,0.91947395,-0.7068159,-0.0088792,-0.48300797,0.32791433,0.3526453
-0.07447141,0.25579774,-0.07232387,-0.3658755,0.62250906,0.1835078,0.033914104,0.86311543
0.5177351,1.0591801,0.82655877,-0.18203613,0.03322853,1.6395929,0.5950036,0.47053757
-0.4160181,0.17016117,0.41995126,1.5135796,0.19438215,0.9094394,-0.34117168,0.964083
0.5292286,1.057346,0.2564903,0.1426425,1.6584802,1.3767791,0.5260827,0.36056584
0.02993133,0.27448952,-0.47997147,0.07244013,0.9104545,0.5485309,0.22505812,1.1822008
0.27763656,-0.41080433,0.45574677,0.18756852,-0.2975753,0.5958257,0.14761524,0.26556835
0.2754272,-0.3245598,0.66482484,1.3798256,0.3141479,-0.13357805,0.6794173,-0.11073129
0.3596398,-0.45820612,0.8438186,0.5521412,0.2651732,-0.8959639,0.052905194,0.8826149
0.124421716,0.13203393,0.023972236,0.10577782,0.45591837,-0.15657222,0.06031368,1.010258
1.6061504,0.026639208,0.04986842,-0.3052849,0.597306,0.60243315,0.13027784,0.07306367
1.3538495,1.4702711,-0.883955,0.45465997,0.026542082,-0.38977337,0.18992703,0.60634494
-0.020083122,0.38267648,-0.28672343,0.26696748,-0.24474902,0.58960015,0.5367089,0.42312852
0.9628766,-0.06993587,1.2762634,0.57731897,-1.3054876,0.64259404,0.5074558,2.157982
-0.008727178,0.3987441,-0.025711223,-0.11048607,0.3388691,0.1533826,-0.48731348,0.47446677
-0.18170765,0.4843253,-0.33014703,0.34334347,0.34146583,0.5939851,1.25753,0.7439005
-0.2922948,0.27097142,0.43908983,0.38920143,-0.4016667,0.3038569,-0.014787892,0.12011001
-0.29293087,0.06908475,0.4929958,0.7453702,-0.32338834,0.7824369,1.080997,0.28799653
-0.078751855,0.052296475,0.20138218,0.08322045,-0.4883051,0.4661858,-0.21127556,0.5779056
0.7568294,0.65303516,-0.9042387,1.9791481,-0.9256936,0.56578314,0.4116886,0.23515785
-0.18102258,0.021180347,1.3038296,0.41677913,-0.21032383,0.8141264,0.51382905,0.11353436
0.9986482,0.24475838,0.2935021,-0.381063,1.2120926,0.08993432,0.2801099,0.43188757
0.32298642,0.11105819,0.36845225,-0.09088684,1.7218332,0.04457919,0.7298339,0.097656906
0.65322113,-0.21043955,0.38233125,0.6774262,-0.055213556,-0.20331639,-0.48391268,0.633408
-0.18025443,0.11854945,0.15298347,0.6145751,-0.4713201,0.16530126,0.20436576,0.4908483
-0.5121035,0.8728988,0.23893991,0.5020674,-0.96695703,0.831128,0.35990372,0.7701491
-0.19319588,0.8885984,-0.27571267,1.6297797,-0.50146073,0.7496415,0.34186018,0.021930024
0.011135234,-0.038570993,0.009723969,0.26896846,-0.11624646,0.1177403,-0.12686259,0.2934055
-0.8274887,1.265075,-0.08388583,1.0884337,-0.17482166,0.21210481,0.5404924,0.32708836
0.2314508,-0.40311134,1.3791783,1.1201737,-0.24625419,-0.32772762,0.41673985,1.470911
0.44015408,0.45322448,0.25197852,-0.23513362,-0.49438632,0.15300256,0.31924114,1.5622125
-0.32221365,0.15369366,-0.15993612,0.30176425,0.1872929,0.27579883,0.1570894,1.0356029
1.0714418,-0.046136513,-0.07855104,-0.18310168,0.8301032,0.5033466,-0.63126826,0.6957333
-0.34600875,-0.5351042,0.32615486,0.18968773,0.86425084,0.46370453,-0.2504986,0.87809384
0.6014292,0.91263837,0.08861151,0.2569409,-0.13327812,-0.6337708,0.33177385,-0.12952247
-0.44269463,0.42023462,-0.17306058,0.9430809,-0.32948595,0.6954423,0.26893494,0.74663264
-0.18443546,0.6345865,0.6215221,0.14574409,-1.0921828,0.6182866,0.715693,1.2679211
0.6174694,0.31529784,0.5567994,-0.2517064,-0.77504885,0.5005984,0.012745572,0.65744853
-0.11615925,0.069671825,-0.0026732534,0.3780105,-0.10365087,0.5293801,0.24296707,0.2282879
0.8784929,0.6510167,0.094260335,2.1215386,-0.4432841,0.27281594,0.31962055,0.022792324
-0.02683837,-0.060901448,0.47991776,1.3338548,0.5023272,0.06293125,-0.56520504,0.4354197
1.3971676,0.63453484,-0.34710854,0.4643366,0.13868476,1.857079,0.22549167,0.9427952
0.15866354,0.19378313,0.5246139,1.0518898,-0.65985507,0.07787663,0.23349792,0.2543187
1.0860788,0.7307587,0.89810467,0.7874732,1.4430292,-0.0046957433,0.048902772,-0.27321807
1.2838479,1.1742437,-0.33637506,0.28075218,-0.36526018,0.6456044,-0.4940992,0.50285566
0.25437582,0.22697057,0.32991964,0.8902038,-0.76699555,-0.31181464,0.3270269,0.31460983
0.8576756,0.025063261,-0.1183144,2.1642215,0.41033733,0.08243495,0.50949615,0.9277444
1.0424763,-0.42708355,-0.010940775,-0.05945798,0.1518993,0.44195384,1.4273915,0.72904605
0.48578763,-0.18918182,0.019607715,0.91906565,-0.22463076,0.70831585,-0.24161862,0.66978544
0.102852516,0.04554154,-0.20218714,0.695311,-0.33619642,0.25963336,0.41310847,0.27197754
-0.07109379,0.09415807,0.406017,0.5371539,0.4293307,-0.49720478,0.4719213,0.13520123
1.4417042,0.34600657,-0.52675235,-0.47275338,0.88946915,0.37104255,0.25334182,0.49251878
-0.5848264,0.89029634,1.1880282,0.13693327,0.23464172,0.9256259,-0.13310735,0.60626185
0.74626166,0.096166834,0.23120978,0.95036143,-0.26311028,-0.12881425,-0.85712224,0.4952349
0.14406408,0.43858725,0.16322431,1.0866514,0.98523504,0.2796107,1.3921646,-0.48484403
0.5943045,0.71167606,0.6796559,-0.5901157,0.060015514,-0.87337005,0.31142816,1.0359437
0.9130278,0.060969338,1.328601,-0.064281784,-0.8808302,-0.21913987,0.026038093,1.2850127
0.61631596,-0.72770274,0.3825171,0.9013136,0.0628926,0.62964785,0.3599139,-0.105332166
-0.2139521,0.56026,0.8615604,-0.058077835,-0.48684663,0.49554968,0.06988601,0.549543
2.1292684,0.5345865,0.6679053,1.2766389,0.48695707,-0.7716844,1.3671597,-0.113192245
0.028839797,-0.26664436,0.37811488,0.64408547,-0.03948976,-0.43143743,0.39565304,0.60606354
0.524048,1.2060565,0.70085466,0.31469986,-0.99463755,0.53125924,0.8785216,0.41657132
0.32726026,0.021771714,0.43363792,-0.22686285,0.4862659,0.894685,-0.7181609,0.70392644
0.25889,0.31192774,-0.30625808,0.12634686,-0.33382118,0.12505728,0.1587014,0.8422569
-0.12481087,0.0150280595,0.054988645,0.632634,-0.6582521,0.46811697,0.41353846,0.53732365
0.45277107,0.6166642,-0.050229236,-0.038561173,1.032316,0.55891836,-0.92803663,0.7835002
1.1101528,-0.23853944,0.27710938,-0.2279576,0.25543934,0.3588156,0.63375676,-0.0021006465
0.342578,-0.12657721,-0.032056093,0.14690831,1.3474911,0.10330921,0.76177114,0.051607445
1.0856181,-0.6219666,0.963187,0.28324518,-0.2720433,0.3168155,0.5332779,0.27876335
0.58409256,1.1090472,-0.27139682,-0.8732286,0.31646103,0.23670182,-0.07508611,0.8454098
1.3389984,0.14790078,-0.17381708,0.38513842,1.0811553,0.29709992,0.14786837,0.25434753
0.34003428,-0.020726517,1.2120818,-0.20907155,0.62100124,-0.6602036,0.49017936,0.54947907
0.9005318,-0.5641748,0.65504104,0.79183966,-0.33304143,0.26864445,0.391475,0.67639285
-0.37029865,0.21284865,0.8327696,1.5984657,1.1944776,1.0361038,-0.24060796,-0.041961506
0.93587404,-0.3695532,0.38358605,1.0664262,0.19298093,0.26678026,-0.5427973,0.3607074
0.9364253,1.0787158,-0.29629284,-0.57793385,1.9631926,0.3628602,-0.43892255,1.1658194
1.7755995,-0.13448347,1.4171926,0.2271499,1.0320134,-0.46125937,0.53808403,0.5872138
0.08464463,1.0641122,0.4381951,0.08314704,-0.5519749,1.118067,0.23017284,0.30628157
0.16498989,0.49415612,0.032737225,0.4544948,-0.010697633,0.2881269,0.91926473,-0.5033281
0.5066048,0.88836145,1.4611425,0.7610662,-0.46116185,0.26214716,-0.55403674,0.30289936
-0.6463953,-0.26749116,0.60860443,0.7214821,1.0751413,0.70305884,-0.5527732,0.81329834
1.6571316,0.4421013,0.10253526,-0.21509442,-0.047900423,0.05012986,0.09599096,0.2200071
0.56364685,-0.8058159,0.24866863,1.4520392,0.45323193,0.8057248,0.12146736,-0.00020596385
0.044408403,-0.5633355,1.1328257,1.1926668,1.0277861,1.6555068,1.1194409,-0.48688555
-0.41640487,0.55905485,0.044908606,0.5886659,0.51199496,-0.0560306,-0.037815757,0.48217005
0.27166533,0.79383695,0.16367258,0.4230602,0.06558387,1.1990181,-0.7421643,1.2202505
-0.4253706,-0.099584594,0.30706745,0.76975745,0.68274623,0.23675324,-0.19762865,0.7224276
0.04302552,-0.12662733,0.22396442,0.32818824,-0.33672726,0.06303992,-0.17471337,0.40158704
0.35107204,0.01982145,0.7871493,0.80759054,0.6301832,-0.13335413,0.037620343,1.6529222
0.66172814,0.7960782,-0.65897435,-0.19700852,0.6398473,-0.30354363,0.57272255,0.8851012
-0.43732142,0.40731722,-0.15475006,1.4905882,0.28987733,0.80640113,0.10664674,0.79709554
0.33929983,-0.2599582,0.0013347119,0.575472,0.4206491,0.2947894,0.21396972,-0.14020318
1.0177777,0.5329077,0.049816832,1.0008534,-0.7861314,-0.27599722,0.08065424,0.19409329
0.7579236,0.27704585,-0.22884054,-0.12101302,0.8665348,-0.4269532,0.54941076,1.1140969
0.37683877,-0.019956723,-0.3296942,0.900739,1.264197,1.0060467,0.072952434,1.1160374
0.60540414,0.5133816,-0.12369411,0.12830901,1.0708919,0.07288108,-0.49793103,0.82283473
-0.16714036,0.33691776,0.645582,0.32463348,-0.048905954,-0.30078518,-0.11673247,0.021179125
0.5671844,0.25985157,0.10872427,0.17405689,0.44950753,0.22129741,-0.13928764,0.4603567
0.1445609,0.014441088,0.15614872,-0.04331767,-0.19968723,0.5644388,-0.05561184,0.46456146
0.44835228,0.33726233,0.33426052,-0.5424256,0.8199929,-0.40409774,0.4966459,0.43741536
0.09152387,0.33060932,-0.06392084,-0.029971935,0.014243588,-0.0128946975,-0.36205405,0.42102277
0.56196487,0.35784775,-0.78248096,0.99258035,0.610016,0.24505666,1.1021773,0.3523807
0.7986507,-0.15661742,0.20205946,0.13572878,1.380012,0.7578149,-1.0390856,0.48363176
-0.102782734,1.034256,-0.11821455,0.29627836,-0.32756215,-0.19092447,0.16026129,0.54304475
0.6143123,0.7699679,-0.8911395,0.043915793,0.47287828,0.27985692,0.11963092,0.7705799
0.59472054,2.0645745,1.5240843,0.16432479,1.136552,-0.0985844,0.3530642,0.0111388415
0.32171312,0.9270515,0.34070235,-0.79998,0.57255495,0.05305899,0.21033028,0.21308966
0.3289515,-0.0541438,0.110814996,0.5056833,0.25053567,0.14496592,-0.47615483,0.057349317
-0.058965385,0.41556227,-0.31564552,0.611932,-0.29436016,0.12069936,1.0292734,0.8197403
-0.27074692,-0.08756213,0.2691207,1.0049605,0.5552888,-0.010019273,-0.33249137,0.62675816
0.47362134,-0.13671453,1.1286571,-0.071106546,-0.12787841,1.3240201,0.541866,1.1465628
1.5023237,1.0526985,0.08263859,2.146031,0.5969128,1.864754,1.8267704,0.64340484
0.39588654,0.040228233,-0.10189919,0.912031,0.10164128,-0.33338755,1.0094377,0.7809458
-0.3422623,0.26746547,-0.05424401,1.4090191,0.6568969,0.18762422,1.0837939,0.41141614
-0.025741488,0.043800578,1.180966,1.4224083,0.13002582,-0.8164288,-0.20084816,0.80413604
0.23816493,-0.16082059,0.6070673,0.2060517,0.097773656,-0.21509516,0.6910911,0.6888459
-0.69601464,-0.167334,0.6007614,0.89621943,1.0702227,-0.16693589,0.11856664,0.8011361
1.7737371,0.10961996,0.98308986,-0.48101988,0.7930134,-0.048181638,1.9321238,0.608072
0.28645614,-0.009993896,-0.004502237,1.0918603,-0.48800498,0.62554204,0.23847942,0.12725626
0.52755946,-0.9502166,0.76760745,1.1701927,0.2424848,0.7877442,0.30109936,0.21691233
-0.097764276,0.57387626,1.0890542,0.19766963,-0.18366744,0.48802808,-0.41529682,0.46365517
1.1174225,-0.31470042,1.5420041,1.45406,-1.0280931,-0.7938198,1.1300833,1.7386326
0.9879154,0.72698295,-0.72784466,0.7254446,0.611497,0.19015604,0.71602774,1.2562265
-0.2992825,0.8326208,0.035929024,-0.51759166,0.05838889,0.25208864,0.16509175,0.59272766
-0.2651786,0.3022887,0.4610712,1.1897188,-0.9684803,1.5083444,0.87406176,0.3028615
-0.01033603,-0.07749139,0.28915578,0.33016738,-0.41395277,0.56985486,-0.027310805,0.26899296
0.65584916,0.6799876,-0.6448134,1.1618924,0.46742177,-0.35902944,0.49908516,0.43744442
0.5232748,-0.20185657,0.5607901,-0.28803065,0.03846301,0.37286416,-0.14373772,0.46833527
0.64142346,-0.13429074,-0.0558161,0.34897745,0.13990597,-0.1615443,0.58672154,0.3287175
0.16032687,0.0010302216,-0.0010968745,0.3747987,0.22214797,0.18700965,-0.34405538,0.32607302
0.07237488,-0.36029392,0.113746986,0.2939555,0.2267742,0.58280474,0.4707022,0.031905696
-0.021946825,1.1596689,-0.4729113,-0.060512282,0.70797086,0.11937885,0.19244818,0.73584163
0.48996556,-0.31827533,0.56113124,1.7306691,-0.121087566,0.39502728,-0.49214366,0.51073635
-0.37187648,-0.8462126,0.4224496,1.0488424,0.8750432,1.3963041,0.79364127,0.79228663
0.9751996,0.025988802,0.18835197,0.7286325,-0.08379997,1.2074367,0.68351394,-0.16679478
0.51270676,1.0939523,0.036701545,-0.9466117,0.85329974,-0.37316054,0.5720567,0.78465855
-0.49734315,0.6459507,0.42898458,0.2114566,-0.1904283,0.31198555,-0.2340314,0.17260247
1.0006008,0.54792786,0.30680823,0.71135145,-0.2762972,1.2794098,-0.5128251,0.0238083
-0.38128304,0.22010174,0.6473997,-0.05266241,0.38935846,0.15901338,-0.14864884,0.14107867
0.41808298,-0.108997956,0.8860029,0.56241065,-0.4374941,0.8405141,0.32648566,-0.03709957
0.16086751,-0.28223342,0.31730282,0.5422004,0.467232,-0.3571924,0.61489815,-0.18455014
0.8008418,-0.29290897,0.15149757,1.1763197,-0.26977885,0.31747758,-0.47344166,0.3726155
1.2282332,0.5738151,-1.0010501,0.5413076,1.2317133,-0.5592481,1.4780425,0.6821095
0.12986377,-0.25446093,0.5590903,0.22837174,-0.046271697,-0.014540404,-0.08790783,0.32553494
1.6144067,0.53313667,-0.3486591,0.24897793,1.2425014,0.7372062,0.76303864,0.67858255
0.43489262,1.3929712,0.87738794,-0.3676809,-0.22046612,-0.5082866,0.8337266,-0.15231109
0.44136336,0.7349922,0.54531443,-0.3719584,-0.8179772,-0.40458846,0.8433561,0.8223699
0.05906248,-0.1599617,-0.16537483,0.15306985,-0.083008245,0.34355062,0.4422847,0.7574469
0.49607664,-0.68393564,0.7149263,0.89828944,-0.22668098,0.12962621,-0.06991866,1.0379057
0.038335837,1.5721118,0.9888849,-0.69153726,1.2740426,0.77238846,-0.0024594883,-0.13464507
0.6981656,0.69329906,0.8927474,-0.2794572,0.29214793,-0.29143506,0.45173204,-0.46040297
0.019654155,0.27661616,0.14218172,1.9664652,-0.18959062,0.20635697,0.5654197,0.10384852
0.5900309,0.8987631,-0.27143025,0.9139083,0.0907761,-0.12964448,-0.37549338,-0.020980746
-0.34033307,0.3579167,0.28149554,-0.04631255,-0.52846026,0.5126948,0.20963298,0.6227431
0.07699816,-0.06970103,0.2189149,0.23400915,0.48717415,-0.283941,-0.096014395,0.77395284
0.69867355,-0.21266963,0.49996632,0.9282476,-0.066980615,-0.8823482,0.24978079,1.2234958
1.35805,0.23320286,-0.9121742,-0.17447373,0.35138297,0.5087644,0.38223585,0.55807316
0.52391326,0.12556301,0.13895968,0.8132431,-0.8151082,0.2676613,0.27251416,0.20440967
-0.28473112,0.14879172,0.01682268,0.4415618,-0.096003264,0.28085053,0.20332634,0.35930133
-0.6676544,0.34542084,0.6067562,0.3696073,-0.067601115,0.74365616,0.40726995,0.17600727
-0.10750084,0.42526543,0.61370224,0.21544942,-0.097235546,-0.17789412,0.46804133,-0.3176122
0.033993594,-0.11588539,1.2441626,0.95587206,-0.3773982,1.514069,1.0330445,0.931328
0.5032265,-0.20760618,0.16147429,0.5462113,-0.7353548,0.052022427,0.07994858,0.69080865
0.6363796,0.6785991,2.0446646,0.74779385,0.018814042,-0.55611163,1.5415462,0.01294592
0.899242,0.65225583,0.23915315,0.19764328,0.117400005,0.44071865,0.3423953,-0.6720917
0.5236434,-0.24149369,0.3615306,1.5007002,-0.7048135,0.19263476,-0.35267174,0.8939078
0.1614922,0.010033742,0.08475229,0.5585123,-0.75331956,1.0773288,0.9876783,0.5574316
0.64846075,0.42908323,0.15773326,1.3962846,-0.36707556,0.105014294,-0.42583779,0.6188688
-0.64780015,0.4099701,0.42340165,0.2326161,-0.08576529,1.3720242,0.59483594,1.2467304
-0.015720986,0.4840697,1.0050822,0.23748136,-0.009074941,0.6305983,-0.68773866,0.54510576
0.31089273,0.37515318,0.3741973,-0.47906533,0.23487796,-0.43878335,0.48461452,0.51234233
0.26185516,-0.24235302,0.00040499866,0.6208465,0.5075636,0.56226456,0.50595284,-0.2099315
0.06322744,0.077264994,0.120021924,-0.23276106,0.6028235,0.24969812,-0.1129565,0.14014551
1.4024596,-0.21253897,0.24388108,0.34880728,0.40377408,0.42831272,0.19909707,-0.4164676
1.224977,0.9110116,0.3588435,-0.05227644,-0.94367546,0.74951476,0.9376809,0.45055822
0.92859375,0.38736653,-0.2447974,-0.27862215,1.0032303,1.0235128,0.0761678,0.36035335
0.31025502,0.6888693,-0.08489801,0.6255633,0.60129535,0.8450316,0.25144365,0.13838512
0.9629831,-0.32147133,0.8664026,0.14400259,0.6738005,-0.0069034845,0.46722755,-0.0036262274
-0.2596559,0.33683586,0.3777117,-0.3018185,0.6922596,0.7114023,-0.17766887,0.49276623
0.04976598,0.61764663,0.7020787,1.4167684,0.20512204,0.042834118,0.5503014,-0.35654074
0.44365257,0.55536276,-0.3415339,1.2861571,0.13205679,0.2799832,-0.53180903,0.70384634
-0.014473069,0.5404451,0.26886243,0.050817363,0.5751122,0.50575876,-0.9496603,0.44445562
0.06529872,-0.08011635,0.1863172,-0.030987449,0.16253391,0.34111837,-0.25781968,0.14524058
0.5891565,0.3026876,-0.28194875,-0.2459045,0.04151632,0.5448265,-0.2565322,0.22995742
-0.49356815,0.2932847,0.5858278,0.36928672,0.21988581,0.69776464,-0.17412023,0.7123096
0.602027,-0.012248591,0.6941725,1.4761485,0.6981968,1.5542173,-0.52813405,0.061177507
-0.37092838,0.32412314,0.9227378,0.07310497,0.027329102,0.9308887,0.005271672,0.33557358
-0.28612906,0.51596665,-0.09540391,1.0697496,-0.25339782,0.46150914,0.14164127,0.13080189
1.5024916,0.41514498,1.841597,-0.9336863,-0.52134424,0.17464967,1.0141412,0.69655913
-0.06538108,1.1542649,0.18323962,0.46095893,-1.2248145,1.1354883,1.5059885,0.9119427
0.0054077283,-0.07797374,0.5447319,0.290785,0.90400124,-0.71637625,0.8697031,-0.066589594
1.0571693,0.62715787,1.4200469,-0.83037406,0.85653716,0.5988842,0.3304473,1.0182593
0.3696604,0.37033445,-0.21929894,0.74108964,0.2886232,-0.44264418,-0.0685923,0.3663456
0.57433814,-0.205375,0.94463277,0.51608217,-0.8000542,0.40995377,0.10880991,0.51905453
1.7389733,0.3745457,0.4694931,-0.38511258,0.34390748,0.094836146,2.2764876,1.7675887
0.4022055,0.012600675,-0.19926594,-0.17295983,0.81022686,-0.20670113,0.9133697,0.49413577
2.4313583,0.79880273,1.0991545,1.5774709,-1.4091603,1.0398011,0.63187426,0.5119021
0.6188139,0.9424555,-0.69412243,0.02370926,0.759381,-0.4156168,1.1187662,0.23328674
1.9986211,0.33464712,0.55327654,0.37624675,0.06524582,1.0863008,-0.08180899,-0.07522462
0.11011728,0.3994856,0.6837783,-0.32911083,-0.02518256,-0.14175554,-0.5329968,0.5980724
-0.15975732,0.3409323,-0.0595759,-0.5195743,-0.011142403,0.2370039,0.68049616,1.222581
0.90610695,0.21519949,-0.69082814,1.0325884,-0.7280064,0.21489017,0.53691876,0.3796413
0.11941012,0.08352183,1.5855983,1.0074834,-0.9722349,-0.08351368,0.35977456,0.52511126
-0.17727116,0.2769063,1.7602044,0.12441153,1.1987896,-0.44772744,-0.4354957,0.29063898
1.5417894,0.09852271,0.94950897,-0.062546514,1.0577661,0.7297337,0.68113136,-0.45097303
0.022784326,0.16592662,0.04331088,0.115756385,0.14188829,0.39222407,0.85017014,-0.11389066
0.80939096,0.73277354,0.7656949,-0.8408013,0.6278338,0.27527827,0.78509575,0.5813112
0.7053829,0.5900979,-0.44525373,1.2719514,-0.079929754,1.198047,0.3431585,0.46646821
0.969829,0.25007105,0.42866367,-0.53196436,0.5243113,1.0436587,0.6121371,1.2382604
0.20478356,-0.2806123,1.377757,0.35960177,1.4948854,-0.34234875,0.6563454,0.9287466
0.68582237,0.34872955,2.7500758,-0.035780467,1.0522871,0.06659281,1.1954428,-0.27808237
-0.23987633,0.11697307,0.020526096,0.8752343,0.17210285,0.078716196,0.069905415,0.60105026
0.033024214,1.0923051,0.8473111,0.2369779,0.8659337,0.078255415,0.007320276,-0.183712
-0.9913673,0.7964196,0.5278764,1.2109265,0.2245596,0.63293254,0.42002848,0.12700085
1.0136502,-0.080400184,0.3942932,-0.45844784,0.4723472,0.35179234,0.3379217,0.25251994
0.2829882,-0.20589654,0.31189734,-0.24034688,-0.21880187,0.59869146,1.1794373,0.6930394
0.13663718,0.28323513,-0.15334176,-0.1830118,-0.34137,0.28927723,0.86145145,0.4198712
0.31733084,0.0022292286,0.49759978,0.35536525,-0.42579716,0.34203863,-0.29794365,0.2915745
0.36915836,0.12615778,-0.12969871,-0.28307092,1.0453273,0.034027874,0.40925267,0.39797536
0.21615982,0.24226429,-0.36397535,0.19300336,-0.32894617,0.22171164,0.1256785,0.5888693
0.5809381,1.6020266,1.5080601,0.044757493,0.117636874,-0.174754,-0.56501997,0.16470592
-0.043274246,1.841063,0.00043822825,0.004361637,1.057111,0.2215323,0.25101948,1.0612986
1.1614202,0.9550754,0.63355863,-0.30434498,1.0758955,-0.34995142,-0.6330032,0.5320181
0.91766196,0.04131405,0.7409988,0.31483403,-0.13940243,1.109319,0.84164494,0.6941712
-0.01274392,0.12089376,0.575694,0.5638888,-0.4297526,-0.23339328,0.88422567,0.6466617
-0.12157851,-0.55828404,0.3136473,0.19515714,0.89574826,0.047317848,0.42779368,0.45301995
0.67045575,-0.45204628,0.6784761,0.16737598,-0.54081327,-0.08662379,1.192243,1.0447979
0.21601623,-0.22733141,0.060831957,0.5620197,-0.45773417,0.17333236,-0.027530605,0.4029165
0.7499122,0.13606863,0.6517626,1.0080203,-0.2865032,-0.0010294542,-0.7220157,0.24714449
-0.048857182,-0.22829399,0.35170048,0.19867095,0.11966783,-0.07317573,-0.47241992,0.5756046
0.64333117,-0.038284615,0.76197386,0.08003323,2.039245,-0.8754492,0.68440294,0.99762535
0.9040605,-0.38687998,1.0354952,1.566318,-0.50445527,0.6866061,-0.48279512,1.0211666
0.42801324,0.3002535,0.9920802,0.5832832,0.4618078,-0.7253029,0.35981843,1.3260617
0.33869126,-0.31297034,-0.06135489,0.15602517,1.2853413,0.3469169,-0.05681701,0.7760619
0.05728283,-0.26958656,0.27157438,0.7212607,0.3005167,-0.08740866,-0.47267747,0.63330084
1.0777544,1.2356284,-0.17694344,0.14773543,0.22513022,0.090804264,-0.8999744,0.27559665
0.18296036,0.32122707,-0.26632273,0.6627051,0.008914694,0.3522718,-0.09143263,0.18162753
-0.87511295,0.9178153,0.6180138,0.82869464,0.057500556,0.18823321,-0.2859647,0.13224307
-0.58150023,0.40545166,1.0837537,0.84653723,1.1141478,0.6493473,0.75711745,-0.062139258
0.119823165,-0.23994005,0.17394292,0.53374666,0.07412793,-0.058680847,0.29575327,-0.08113174
0.18168911,1.3236316,0.20105678,0.9709849,1.7494419,1.1014621,-0.5171677,0.5033964
-0.31145665,0.37641174,0.030536085,0.125878,-0.09196617,0.21006463,-0.05385682,0.51195437
0.9493164,0.32834172,0.4274856,-0.6424469,0.12146743,0.29222718,1.5307188,0.9956311
0.40498146,-0.8821324,0.20698284,0.29431316,0.7528822,0.9381372,0.47253668,0.38017857
-0.62177676,0.22871055,0.46576077,0.64565706,0.86217535,-0.099181235,-0.115154274,0.63573045
1.1648228,0.13694732,1.0163237,0.9040534,0.6337977,-0.35101804,-0.39279202,0.25518137
0.27519274,0.8218466,0.12759444,-0.062080733,-0.09944211,-0.46238852,0.2188268,0.06786673
-0.2833224,0.655877,1.018603,0.9377392,0.35527223,-0.24368748,0.40201244,1.185585
0.35798427,-0.119170085,0.100771226,0.2944297,1.0090004,1.0687068,-0.81610376,0.5210217
-0.36419818,0.26304084,0.31561124,0.25169185,-0.06950106,-0.0003632307,-0.30842558,0.27079415
0.14524111,0.7947397,1.8127861,0.96281093,0.29428154,0.33841813,-0.90695614,0.7514124
-0.024684854,1.6142339,0.58023775,-0.64333594,0.40778923,0.013102099,0.8894102,0.60540235
0.79246753,-0.0060143024,-0.109201506,0.7375024,1.1564986,1.0425518,0.14553879,0.13077496
0.91240734,0.23068427,0.5397224,-0.12952837,-0.30533278,0.9942875,0.8037041,0.7840139
1.5703028,0.044367,-0.25609833,0.64222485,-0.5868917,-0.10359098,0.14976956,0.34694138
0.34529775,-0.1167943,-0.21303071,-0.0080196485,0.15682727,0.23755428,-0.22911453,0.39133823
0.3564267,-0.087400034,0.76784426,0.8648227,1.6117053,-0.39374307,1.5182341,0.5471355
-0.037533022,1.2779094,0.036002435,1.6965272,-0.44617742,0.55270493,-0.22916435,0.28880864
0.4397048,-0.5022455,0.050747573,0.039348286,-0.040612042,0.25676376,0.45942366,0.5324267
0.4615618,0.6792108,-0.5807698,-0.50320405,0.6108665,0.34975573,-0.18929616,0.76803493
-0.549842,0.64735395,0.40825272,0.23223597,0.87979364,0.5224767,-0.75951946,0.49017918
0.5277296,2.3453846,0.84353983,0.2591253,1.447036,-0.06379992,0.83172244,-0.45189655
1.3919369,0.6768378,-0.9999732,0.78598917,0.70116824,0.4896359,-0.05058936,0.52402246
0.048162885,-0.013713732,0.35189977,0.07969169,1.3989017,-0.16944107,0.0013104738,0.60212237
1.0484388,-0.7418748,-0.12868868,0.6368696,-0.051965907,0.57802635,1.0613703,0.1659379
1.0236173,-0.5274479,1.1928387,0.08199314,-0.8439124,0.68451107,1.364298,1.3304042
0.41861382,-0.30625546,1.5604756,-0.08552978,-0.68983,-0.3371681,1.6106031,1.6128688
-1.0215185,1.026986,1.2517825,0.7188669,0.32027268,0.67368054,0.37553826,0.20661163
0.79815733,0.27689236,0.35137743,-0.513411,1.4235635,0.5553046,0.520475,0.15802178
-0.12029844,-0.06804891,0.527547,0.3854644,0.0732096,-0.29566252,-0.02161836,0.4022032
0.19736049,0.24151908,-0.4837168,0.5250192,0.112626046,0.42820817,-0.31224385,0.55849123
0.22907192,-0.28413332,1.0307386,1.4641972,1.1242809,0.6821673,-0.39672214,1.1703805
0.7891834,0.81948733,1.2590947,0.28688645,-0.25536913,1.2593591,1.1119118,0.17777415
0.33384106,-0.28296405,-0.37784392,0.732284,-0.44561112,0.8653928,1.272555,1.0870475
0.014633246,-0.011240557,-0.008932069,0.11632504,0.58674365,0.1902377,0.073680915,0.7450404
0.16908681,-0.32739234,0.79423785,0.9162646,0.10729359,0.16739406,-0.34320548,0.17539945
1.0737607,0.24281912,1.0399649,1.1726543,-1.4315238,0.33339143,0.4277116,0.25204024
0.36885563,0.48048502,0.7743437,0.46287772,1.002206,-0.22977781,-0.6425825,1.5925971
1.5941805,1.0699751,-0.015347883,-0.19515446,1.9010609,0.39216816,1.0459777,0.18445683
0.30246428,0.8148841,-0.007914975,-0.20328605,0.42135102,0.55169046,0.8725429,-0.02182886
0.015664453,0.09274627,0.0984226,0.045866422,-0.047090426,0.078161806,-0.29790485,0.16806757
-0.19307008,0.1646486,0.51775724,0.37608767,0.57962483,-0.6278338,0.28164312,0.86985457
0.14127606,1.3011245,0.7547117,0.6454374,0.20732094,-0.32685986,-0.42258087,-0.32490486
0.90274036,0.5744742,0.19379993,-0.68195724,0.49047416,-0.42045248,0.73374814,0.7868531
1.1500294,0.5590263,0.01166442,1.7540104,0.5932237,0.30153853,0.0048822896,-0.3874827
-0.20038858,-0.5275514,0.42459077,0.260334,1.2597773,0.28778213,0.34307405,1.0638958
0.8087783,1.2232074,-0.53308606,1.0838475,1.6880426,0.4581775,0.013997888,0.8560332
1.1337537,-0.0045337826,1.1522259,0.35496786,-0.14778839,1.798765,0.39385834,1.621469
0.19039711,-0.091176465,0.55666965,2.0689838,0.7231483,-0.041657254,-0.15321897,0.8357199
-0.21578252,0.55923796,0.96655786,0.49543086,0.5463267,-1.0389801,0.1779944,0.41286227
1.502765,-0.40399587,1.0978031,-0.14617097,-0.024563178,0.61242247,2.0572217,0.35761595
1.5316193,1.7858824,1.8551797,-0.1397892,-0.11886518,0.36948383,0.0914809,0.53119195
0.6102713,0.28290254,1.4234174,2.2254922,-0.7974035,0.26137313,1.31501,-0.48206818
0.18847206,0.66383827,0.35019052,1.4474425,1.6761847,0.46846557,-0.78763235,0.80331564
0.48765892,0.22116148,-0.2988327,1.0948788,-0.49049246,0.36962926,-0.2060299,0.33502522
-0.68397176,0.43715024,0.2916391,0.49042428,-0.059349895,1.3070858,0.9963713,0.41154677
0.15094216,-0.46270692,0.448955,1.0575463,0.16922651,0.29528752,0.3084593,0.40679684
1.0961059,-0.12814681,0.023767546,0.0676582,-0.62823534,0.1810773,0.6356636,0.56201965
-0.79743475,0.22170813,0.8874432,0.45874944,0.6016336,0.34784746,-0.1990991,0.28665572
-0.15087962,0.22773199,1.1503723,0.6569072,1.7120502,-1.3015792,0.8946199,0.7071404
1.2798641,0.38621968,1.1020527,-0.7660386,-0.037714586,0.5934966,0.5246114,0.9783877
0.46937042,0.109117314,0.80641377,1.1429935,0.40734386,-0.05694495,-0.701881,0.08093706
0.2637953,0.0700244,-0.22581707,0.15500085,-0.30901945,0.023220703,0.1954708,0.2149548
-0.037710734,-0.13075574,0.6776149,0.45957202,-0.08797313,1.0450671,-0.19366534,0.89215505
0.06828113,1.1933124,1.2950754,0.5492832,-0.15752853,0.41120163,0.19288808,-0.7275773
-0.23084739,0.5312921,0.055254474,0.41565403,0.62935257,0.7119876,-0.8179329,0.8597413
0.30514833,0.43985367,0.20524766,0.71514636,0.19093688,-0.16750088,-0.22917481,1.4770952
-0.37096727,0.17297067,1.0551535,0.38556835,0.57995105,0.70569086,0.64113003,-0.6970402
0.41433856,0.031269178,-0.31943232,0.31832618,0.23935537,0.12818861,0.6382102,0.529464
1.564125,1.1279174,0.5883621,0.40386114,1.3345183,0.24955234,1.3240646,1.3001592
-0.44050905,-0.2833717,0.21033216,0.45106372,0.09360842,1.0031606,0.7308999,0.79645526
-0.5549405,1.0397717,0.54765266,1.463872,0.6497471,0.3402592,0.06336,0.6171994
0.72097063,0.31424636,0.61039364,-0.0663361,0.7054359,-0.0007701665,1.2623438,0.27152085
-0.028746374,0.6686193,0.4218495,1.813508,1.831459,1.0537537,1.5414218,-0.10366887
0.04927112,0.056007475,0.09544602,0.99579906,-0.30231005,0.32792383,0.15447484,-0.12307581
0.93063194,-0.5265153,0.9375848,1.2266582,1.0535818,0.10530849,0.035163976,0.13170302
-0.0039553717,0.1276429,-0.007814929,0.047118656,-0.07923691,0.121395394,-0.10869633,0.2673614
0.2216503,0.7526934,-0.038376525,-0.2560769,-0.20752947,-0.5053408,0.65224135,0.47946322
0.753782,-0.537751,1.3374218,0.002613537,1.1590999,1.1240238,0.41049072,0.34245947
-0.16546664,-0.13961773,0.23878106,1.0949013,-0.5458105,1.0916159,0.8488143,0.17605382
1.2127072,-0.22554888,-0.0791395,-0.12582392,1.4403348,0.256998,0.5350978,0.055376492
0.08588242,-0.46943915,0.15248093,0.18720423,0.7554205,0.26942757,-0.13813783,0.58373314
2.0335655,0.21449094,-0.6682804,0.33362746,-0.29175192,0.5732484,0.18589276,0.5646434
-0.38583428,0.79800373,0.6622615,1.2396519,-0.87452084,0.7826416,0.87031466,0.09023048
0.1969834,0.11787428,-0.1377299,0.2477206,-0.40808916,0.4185238,-0.08905292,0.22275706
0.044715427,-0.31705517,0.029498756,-0.0068447962,-0.1285624,0.19200408,0.028706463,0.60973305
-0.12422233,0.54153055,1.1942388,-0.23345241,0.4896196,0.9150134,-0.28275585,0.25786558
0.579708,0.5377182,0.87268597,0.2803388,-0.49100977,1.1950142,1.9973842,0.39225578
0.91480273,0.6858659,0.93927467,-0.6193828,0.32322294,0.5025064,0.7233898,0.005234599
0.41847426,0.7661063,0.49279124,-0.21965945,-0.89596933,0.4548136,0.7105872,0.58336437
0.5772827,-0.35806787,0.66273546,0.81326574,-0.54687977,-0.03930959,-0.3439518,0.4062606
0.8455788,2.4246395,-0.37289238,-0.07169484,1.3026435,0.92515624,1.3496181,0.8516619
0.968921,-0.5132351,-0.2605248,0.53382206,-0.008421108,0.7051157,1.3542382,0.9717417
0.7109837,0.012463734,0.39887065,0.90926385,-0.6261632,-0.5260809,-0.03920664,0.8347962
0.33076665,-0.16788752,0.4244234,0.5738959,-0.36498034,-0.26606333,-0.23171307,0.40973753
0.18381542,1.3140305,0.120139316,0.5517298,0.30413973,-0.08983183,-0.62383246,-0.2613247
0.5162857,0.5906129,0.4420895,-0.113314204,1.1178932,-0.14404547,0.17996146,1.7385722
0.36494404,-0.09600516,0.18309201,1.707593,1.1128669,0.65573066,-0.20394818,1.2425268
0.4170264,0.057732508,-0.10070515,-0.3856636,0.7775446,0.4263138,-0.009721199,0.32410485
0.9554914,0.64852583,1.5457755,1.8136771,-1.5306776,0.6034167,0.9873114,-0.5992851
0.06902431,-0.07194804,0.15072063,0.41401464,0.51399875,0.5098186,-0.58895206,0.46123037
-0.521275,1.6687369,0.47686613,-0.60826975,1.399637,0.4815721,0.9414475,0.7043228
0.12563959,0.17272054,0.10271679,2.1651564,0.048625782,0.21449703,-0.054162078,0.6155799
0.42886752,-0.084660396,-0.026969075,0.23611611,-0.2553398,-0.066998646,-0.11909299,0.070898585
0.8684703,0.5786953,0.16064225,-0.22018656,0.1368099,1.0413687,0.55909306,1.0552049
0.43038568,0.5408136,-0.11155899,-0.46023312,0.55292743,0.029047996,0.4990522,0.376764
-0.10864153,-0.45267397,0.5354484,0.8942171,0.03121525,0.877138,0.39825925,0.94065905
0.8968007,-0.1934966,0.33707076,0.043599784,0.4369042,0.15115237,-0.5707184,0.4375186
0.8144538,-0.17997195,0.5328186,-0.5824359,1.1943573,0.17237124,0.058549367,0.21415775
0.6627075,-0.3093152,0.058322832,0.1505141,-0.357311,-0.0059871525,0.04055085,0.3103262
-0.09779509,-0.06738408,0.34206006,0.9925825,0.93026656,0.09288617,-0.42054802,1.2103834
1.096209,0.013454363,0.837829,1.1715508,0.66449755,-1.1175677,0.24045384,0.034521744
0.4774206,0.9005379,2.3129282,0.2299833,1.3781527,-0.90279484,-0.047345974,1.9824178
0.16189033,-0.18225925,0.4714154,0.66371554,-0.7265706,0.62465096,0.89824945,0.5403634
-0.6352537,0.38548476,0.48707455,0.35166192,-0.38342744,0.5595307,0.30908334,0.36943796
0.75551575,0.74649024,0.37896752,0.16072987,-0.07687269,-0.36619496,-0.7307755,0.25585926
0.7856955,-0.01430662,0.16932249,0.22886375,-0.7526969,0.32009462,0.16633911,0.36898023
0.37889054,0.35948753,1.066294,-0.057847343,0.36362875,0.23877996,-0.5306568,-0.045608148
0.16647804,1.1915431,-0.1555865,1.2960105,-0.19328038,-0.2725448,-0.33025664,0.5067439
0.35126266,-0.42322212,-0.2803464,0.025648743,-0.1790822,0.26288337,0.27088925,0.7417977
-0.45243096,1.7175711,0.40872705,0.09425133,-0.7467046,0.7439189,0.55354685,0.7644251
0.7153715,1.3558129,1.007359,1.5361748,0.60168284,0.14347565,-0.5175801,1.5200207
-0.19325387,0.7478281,1.196227,0.52908206,-0.29367763,1.1826249,1.1907223,0.21885587
0.6371509,-0.26898462,0.19865637,0.035170652,-0.27112186,0.8316776,0.25863853,0.7847948
1.1819509,-0.91573465,1.1231579,1.0858423,0.25917464,0.85496366,-0.24362864,-0.030672342
2.6872408,-0.6738533,0.83575046,0.70683455,0.4536097,0.5451099,-0.19869645,0.7258607
-0.47802278,0.7861045,-0.07659976,0.27634007,0.44850636,0.5874468,-0.6623847,0.9188973
-0.12068818,-0.16382574,0.27105516,0.45418587,0.13666785,0.26070443,-0.38530335,0.4930469
0.09863536,-0.21938176,1.6628574,0.15770692,0.101719484,0.50303817,0.5882798,0.68546325
-0.41380513,0.23889004,0.31840947,0.36707497,0.5689483,-0.23165333,-0.38573506,0.77409947
0.35242835,-0.85902476,0.60003704,0.7861175,1.2999713,0.5172844,0.28862587,0.68292844
0.1764723,-0.17681979,-0.19283004,0.42091742,-0.45792544,0.7395323,0.71486276,0.68127596
0.08971824,-0.18172829,-0.04222846,0.0888154,-0.10863598,0.28033897,0.08835772,0.4038579
0.61672276,-0.17634325,-0.23639627,0.58773154,-0.9284852,0.51182866,0.27552795,0.680895
0.66376823,-0.27929276,-0.10967173,0.65977967,0.600696,0.3841331,-0.018702665,0.34678495
0.08367152,-0.22524752,0.09803941,0.3113698,0.07042462,0.42259875,0.54733753,0.022339053
0.45804033,-0.3985443,1.2699575,0.37195045,-0.1076027,0.6761731,0.42190278,-0.07266635
0.14175192,-0.0868644,0.56177306,0.83530587,-0.26634938,-0.4662032,-0.31758654,0.2124872
0.53966504,-0.012888655,-0.13037677,1.3711135,-0.71753705,0.33043844,0.014970144,0.29715168
0.7721411,0.10615955,-0.011751428,-0.3009711,-0.22673239,0.3009383,0.5054144,0.3965555
0.39957258,-0.14409047,-0.04656735,0.23358929,-0.00081939995,-0.07752444,0.25099307,0.18171819
0.30024162,0.3281607,-0.12211646,0.27665117,0.4433952,-0.43893743,0.020444002,0.4689205
0.5875583,0.4505381,-0.13726433,1.1602604,-0.68014294,-0.18075842,-0.44528708,0.5872536
0.057274446,0.036051884,0.24647504,0.40150955,0.7723195,-0.52352995,0.034271874,0.57122266
1.1115824,0.3211671,1.4254259,-0.021167807,-0.5207722,0.71786356,0.43332544,0.4465859
0.08562404,0.25052243,-0.17673157,0.47141019,-0.2774911,0.034882665,0.3546196,0.2856765
0.17274192,0.14480712,0.07261324,-0.45999238,0.93669426,0.11720977,0.1882091,0.944842
-0.15410182,0.07183276,1.0852418,0.64417446,0.15286873,-1.0307388,0.65522164,0.9331723
0.33926156,-0.42193323,0.013065048,0.033683818,0.008130871,0.031808093,-0.1429694,0.3327149
-0.3894139,-0.10920252,0.7247813,0.55416405,0.15132765,-0.40193427,-0.37517163,0.49996313
0.38821992,-0.18975846,0.0649299,0.6123007,1.5127289,0.67175746,0.98387504,0.22049528
0.27739456,0.56654686,0.06492187,2.1127613,0.6539917,0.18064968,-0.04928056,0.3946923
-0.14917955,-0.3759175,0.13303241,0.5497168,0.12882274,0.5254903,0.18845588,0.76421356
0.62719303,-0.14597408,0.23987786,-0.3236852,0.22041588,-0.034530014,0.17563741,0.525931
0.18202507,0.08552988,0.043869242,0.72692597,-0.12828724,0.4031201,-0.25414613,0.19882792
0.21232352,-0.00993453,-0.121069685,0.5437033,0.07592246,0.2405356,-0.26447222,0.3625773
-0.040557884,0.9427927,1.0438596,1.4969058,-0.20631616,0.16368097,-0.10931838,-0.18014956
0.03827013,0.025464982,0.10599927,0.031732436,-0.0815375,0.4067807,-0.09786583,0.14920771
-0.29540357,-0.024604067,0.27939004,0.80791575,-0.63387424,0.69043964,0.43359846,0.33227694
1.1627895,0.9201091,-0.04665202,0.60921526,0.30109727,-0.6806687,0.21966365,0.32431084
0.15032245,0.18258135,0.48929542,-0.1755527,-0.22952886,0.77987945,0.21372591,0.20714715
1.5904889,-0.48075193,0.21112768,0.3993545,-0.61607045,0.29425737,1.414254,1.4240931
-0.8655291,-0.26256615,0.6130063,0.85382324,0.6672978,0.6332958,-0.4574454,1.1684055
-0.003843151,0.53813916,0.7196125,0.6773298,1.2192739,0.4487067,0.5344376,-0.46101987
0.55530095,-0.118223235,-0.033526286,0.15985084,0.4799971,0.06080926,0.57820976,-0.04638864
0.59384745,1.2952875,0.021198213,0.582411,-0.19753148,0.7153362,-0.048366107,-0.2951553
0.5268075,0.70485795,-0.6019152,0.55894405,0.85080403,-0.028885767,1.159402,-0.089245856
0.45848653,-0.4449889,0.053072676,0.87062633,0.16953276,0.5977346,-0.019611957,0.11853476
0.3902863,0.23564939,0.5213272,-0.35941288,0.3966884,1.343431,1.0950726,0.5116232
-0.5181706,-0.058672056,0.3690113,0.33806852,0.16832906,0.12040429,0.034499995,0.9022088
-0.1506573,0.6750119,0.059573278,0.68134594,0.7925019,1.0213373,0.035291478,0.29861224
0.8293742,1.5128093,-0.55949533,-0.009495191,0.0247816,-0.51064044,0.9095741,0.86200625
0.28401658,0.56332195,1.1020697,-0.7068809,0.04307972,0.42099303,-0.31579483,1.2780589
0.61956066,1.149628,-0.3536641,0.44286862,0.4395272,-1.0640069,0.62034816,0.5506622
0.35568625,0.38203293,1.0595261,0.37371725,-0.49856162,-0.16133311,0.00060432265,-0.22713667
0.8839612,1.0146412,-0.07493429,0.91734207,1.2882204,0.24602199,-0.1488553,0.90425086
0.1965436,0.29878843,-0.0859109,0.064362966,0.24846521,-0.40382922,0.79993564,0.73539245
-0.05071649,0.4856766,0.006027952,0.12927073,-0.6227593,0.39354327,0.10043452,0.35163382
0.5012195,0.5063199,0.19583802,-0.19006988,0.16366018,0.69691384,-0.74038535,0.509948
-0.3679951,0.24666388,0.28118896,0.6613983,-0.46068156,0.34410673,0.45474932,0.3415503
-0.46417323,0.053018525,0.12871218,0.5440457,0.136872,0.79330045,-0.098307244,0.8720616
-0.7061854,1.8396878,1.6051507,0.25589207,1.6529704,0.73277617,1.9257047,-0.27587613
-0.14414945,0.43440795,0.35066935,1.3794262,0.8414846,-0.50362605,1.4699246,-0.1349034
0.20367903,0.69654715,1.854195,0.25261593,0.16394831,-0.119148344,-0.47478426,0.9652562
1.355199,0.64023876,0.53621453,-0.45543495,0.31776375,0.79336345,-0.019864636,0.24117684
-0.27835977,0.29227674,-0.06718725,0.2884509,0.40559655,0.35276127,-0.4091616,0.6975497
0.3895562,-0.18764643,0.56250566,1.2021368,-0.37836403,0.03540586,-0.35302755,0.16094567
0.16192713,-0.08380617,-0.28835553,0.38411376,0.77269495,0.35952017,-0.34322658,0.7186534
0.20731679,0.54712737,1.0321409,0.29708987,0.076422825,1.4272606,-0.45482752,1.0420746
-0.1738495,-0.01979123,0.15160802,0.30465516,-0.07169424,0.080964446,-0.32809904,0.39112398
0.084155306,-0.31420213,0.1430987,-0.24128714,0.55174106,0.16006446,0.43263224,0.5386609
0.039440937,0.3292811,0.15713075,-0.06790318,-0.50312424,0.09124566,0.37471774,0.3757156
0.26967248,0.22438265,0.9120643,0.22865069,0.6367978,0.97756577,0.28213066,0.15809217
0.25129086,0.2969811,-0.3006556,-0.06376655,-0.19159316,0.33622116,0.49386415,0.3198644
0.93431455,1.945597,0.15517542,-0.18987945,1.3760077,0.34206328,-1.0951391,0.37718987
0.44887605,1.3971044,0.51170725,0.67439216,-0.40811652,-0.025856003,-0.91107774,-0.008255184
-0.050319992,0.024013475,0.020094916,0.1800411,0.39605254,0.43797177,-0.7168996,0.6124811
1.0501035,0.972507,-0.66575557,-0.49665764,1.148876,0.35955185,0.65543,0.3771076
0.18905094,1.648008,-0.42707253,1.4653156,0.9070191,1.1864126,1.0597442,-0.05650586
0.20270288,0.041257873,-0.3109675,-0.29986718,1.1068724,0.23035516,0.35327172,0.9324465
-0.16364038,-0.1913492,0.44562954,0.009185538,0.33734402,-0.11431728,-0.093091495,0.22190876
0.44328997,1.2731138,-0.7497426,0.4886336,1.1434208,0.90798444,-0.6918302,1.3484447
0.36843744,0.32939965,-0.14254887,-0.084825195,-0.08558829,0.120296754,0.8734973,0.41631112
-0.55369824,0.3172469,1.2915739,1.7458334,-0.3924268,0.76864564,1.3105164,0.1778408
0.014315415,-0.0009076297,0.07611389,0.22371113,0.16462368,0.017106794,-0.3457281,0.61072457
0.18808597,-0.2962355,0.1739597,0.72450083,-0.782862,0.40440086,0.36132887,0.7047189
0.39321488,0.13749027,-0.23702054,0.26563704,-0.09944582,0.35722274,-0.41454333,0.31810254
1.5993271,-0.8202481,-0.11347887,0.5561235,-0.24238814,0.90201724,1.1104423,0.32758278
0.54402804,-0.024783745,0.5776114,1.1621289,-0.32319558,-0.0315111,-0.8472089,0.58383477
-0.30538204,0.2649142,0.12132463,0.7083954,0.3071774,-0.14834061,1.0054529,0.039279744
0.7987078,-0.33604407,0.23816073,0.6575567,0.15057983,-0.2461648,0.60690343,-0.090259165
0.116045326,0.62085223,-0.1011558,0.0442335,-0.09078556,0.05703403,-0.34052357,0.092768885
1.6147553,-0.13376881,-0.16966014,0.8332457,-0.10761796,0.56830204,-0.0912716,0.34356582
3.0,0.28302872,1.0912807,0.49173298,0.4844988,0.42668724,0.79486233,0.53957516
0.48893017,0.59855986,1.4142164,1.1087524,-0.82594794,0.18881282,0.7062707,-0.25556642
0.1756801,0.17999732,0.0010915548,0.3000242,-0.1100938,0.44075343,-0.26279533,0.2632919
-0.10655866,0.06216806,0.13167676,0.9779419,-0.20861264,0.24551067,-0.12715505,0.32292634
-0.35922092,-0.012463644,0.49764115,0.76254195,-0.027028278,-0.33244854,0.039940495,0.9490851
0.6605026,0.22978239,1.0553175,-0.5305954,1.5776961,0.2872452,-0.2377389,1.2889106
0.72390544,1.3806851,0.85353583,0.09752994,-0.605791,-0.16180381,-0.037725665,-0.052096546
0.55664545,-0.022933617,1.373601,-0.24180555,1.0617884,0.6696442,0.14329734,0.023039699
0.6461081,1.3811466,0.9151468,-0.19695404,0.39134645,0.16872674,0.34551188,0.2761623
-0.03444811,-0.18462425,0.33537441,1.1036282,-0.26640624,-0.10262373,-0.034340277,0.31428835
-0.4199033,0.33768207,0.798985,0.047967732,0.5485412,-0.649253,0.31588298,0.16908973
0.2097803,0.19945453,-0.36306,0.37572405,0.0431173,0.6452273,0.13101302,0.29636282
-0.13433087,0.29242355,0.44040722,0.6237112,0.11161019,0.49391258,0.0773027,0.51798
0.86104745,0.029767022,-0.2786858,0.6382096,0.867787,0.68309915,-0.71449196,0.6023122
0.46966818,0.015174016,0.27503607,0.3738971,1.159552,0.46556863,-0.43225014,0.28955013
1.0213377,0.81396437,0.52089965,1.6350477,0.39868474,0.8489785,-0.6389691,-0.10493016
0.23097256,0.6721275,-0.55966914,-0.29070514,0.24957731,0.106502675,0.27267727,0.76451355
0.45054856,-0.132091,0.16936325,0.68014437,-0.16459589,-0.37461007,-0.18454844,0.38182515
0.8837908,1.1550803,0.5567208,1.1759462,-0.19248132,-0.54044193,-0.47515658,0.65373623
-0.15607265,0.8856938,0.046623275,-0.3743686,0.12622933,-0.12704791,0.2641187,0.9792577
0.017653495,-0.18059291,0.06533247,0.085845225,-0.5315862,0.7862271,0.94459456,0.49031448
2.5038192,1.8334242,0.5812968,0.60382426,1.4225341,1.0981467,0.0058647455,-0.51545197
0.23046571,-0.109383255,-0.08636214,0.5303621,-0.14996852,0.1576593,-0.19983302,0.3939952
-0.21812752,0.47645634,0.1500087,0.16769645,-0.060686797,-0.119302094,1.2284428,0.80467755
0.118355624,0.9146724,-0.3512869,0.61330056,0.4953348,0.24625641,1.3218976,0.41694453
0.27917975,-0.3634711,0.4968981,0.80475634,0.39231616,0.8962902,-0.22357102,0.396074
-0.016518101,0.5241733,0.19378358,-0.035775043,-0.804374,0.86543465,0.55790114,0.6991268
0.54737115,0.39299208,-0.34338355,-0.30456194,1.0477234,-0.12402435,0.9906247,0.6514839
-0.03961111,0.74575245,1.1227149,1.4211287,-0.34415358,-0.6433141,-1.0249857,0.7646773
-0.28490067,-0.016872123,0.7675774,0.35322323,1.3547399,0.38922524,1.27552,-0.03533019
1.3439804,0.0786591,0.6568445,1.0224104,0.5842237,0.8934904,-0.03829129,0.3865359
0.271808,0.1981016,-0.5234015,0.5064425,-0.45484227,0.2835638,0.21259727,0.5082113
0.41373655,1.3593651,0.0026874244,0.12973772,-0.8022259,0.8747916,0.6313488,-0.110851556
-0.4029041,0.034191296,0.31166297,0.020120129,-0.15521191,0.3230353,0.10177763,0.5687472
0.4307945,-0.21886666,0.05973883,-0.022799768,0.03383121,0.04847657,-0.11778309,0.63785744
-0.55417603,0.89348316,0.20635483,0.087417,-0.2097577,0.20591117,0.23666893,0.14459349
0.5433641,1.0836715,0.93130773,-0.025219895,0.61680424,0.96927255,1.8318261,-0.18781555
-0.43823287,1.4625638,0.83460855,-0.7526211,1.3730457,0.5133723,-0.3016156,0.3584835
1.0261117,0.4957137,0.10224222,0.7457442,-0.461285,-0.06468773,-0.13415872,0.37098867
2.2675097,1.218712,1.2438945,1.0468427,0.8193066,1.1915424,1.1797847,2.3110032
-0.04323878,-0.15742935,0.5370052,0.36157012,1.1663833,-0.39128515,0.18434499,0.43600228
1.6819421,0.3637951,-0.26399273,1.0104401,-0.48202926,1.2006391,1.0231727,0.44808853
-0.33061936,0.30893242,0.44418663,-0.10566107,-0.3780356,0.55426276,0.30403513,0.50589895
0.507593,0.51811033,-0.55591524,0.15562731,0.85150456,0.32723284,0.019566193,0.31913355
1.9024267,-0.07722296,1.2680682,0.38426402,0.8587462,0.048106343,-0.83529156,1.5939953
0.2656351,-0.16650881,0.46445733,0.38110003,-0.3741212,-0.16742122,-0.024388816,1.2598176
0.08458217,0.032994762,-0.1177811,0.03126386,0.43845683,0.048836455,0.56225246,0.15807086
-0.1096429,0.886472,0.37550706,0.45659503,0.8897117,-0.79369867,0.6698739,0.23495726
0.5219482,-0.27047062,0.31311375,-0.20678192,1.4673074,0.04738386,0.30586848,0.64587545
-0.016052004,-0.16544244,0.57054085,1.0179988,-0.45295578,0.011037856,-0.39744902,0.33836132
0.17663941,0.9924933,-0.7322978,0.23099414,0.11162269,0.42172852,0.49667338,0.66345066
0.1985296,0.49471438,-0.026358768,-0.3079053,0.26188207,1.4787099,0.56548613,1.1004097
-0.40566382,0.10765074,0.37000513,0.6149988,-0.65917385,1.0202354,0.33116043,0.57999015
-0.02644258,0.054712668,0.06564492,0.21727356,-0.21629755,0.4298718,0.25373346,1.5154443
0.36742854,-0.014091477,0.0666048,0.11631492,-0.18529473,0.1058763,-0.21645606,0.1886557
-0.49982426,1.130506,1.1703812,2.8489382,0.64668596,-0.5687612,-0.29315427,0.1918276
0.13873807,0.73124045,-0.4375909,-0.12710986,0.54606986,0.37255397,-0.22293295,0.56722033
-0.52944964,1.4174036,0.5917236,0.53511184,-0.3235103,1.0109054,0.02766802,-0.06320432
0.56556374,-0.19517936,0.13472399,1.0085689,-0.50978786,0.14541094,1.0252285,0.3949186
0.7812554,-0.33808625,-0.21222122,0.67397404,0.5809485,0.7783109,-0.08565086,0.304246
0.63041806,-0.10970004,0.38426816,0.95545405,0.2541405,-0.46768415,-0.6751384,1.2391125
0.25482723,-0.26523757,-0.3152653,-0.37236878,0.78506833,0.6088697,0.42032906,1.0424911
-0.07769214,2.0387635,0.2905696,-0.44369903,1.1413513,0.39410317,-0.23081453,0.69950783
-0.027936392,0.117644474,-0.011972263,0.998028,0.6732094,1.4578093,0.24802844,0.8298887
-0.20798641,-0.1744423,0.47729915,0.9503984,1.2224722,0.009973571,-0.46845782,0.818612
1.0832467,-0.19266199,-0.37603796,1.1111808,-0.08247681,0.39144626,-0.17912999,0.12292951
-0.24639326,-0.33123386,0.35835612,0.88846785,0.8252401,0.7171095,-0.3495939,1.0563924
0.59692174,-0.08110504,0.10372275,-0.613584,0.7462868,0.21485616,0.5750632,0.47169262
0.16688472,-0.21534553,-0.16539006,0.7746372,-0.18446113,0.2086375,0.19541085,0.32426187
0.14193018,0.036861673,1.0185944,0.11343755,-0.691474,-0.27079636,0.88741404,1.2109693
-0.31645307,0.92549074,1.368023,-0.42497042,0.1875229,1.5328236,0.23471354,1.3982848
-0.39127195,1.8077565,0.29112297,-0.35372308,-0.6120376,-0.16050637,0.87913245,1.499579
-0.07356713,0.6372323,-0.016376942,1.1602702,-0.29602754,0.9433845,0.04808628,0.039138258
-0.52230555,0.052804485,0.22495528,0.13582146,0.28913495,0.7708673,-0.38156953,0.8231517
0.8231453,0.14368688,0.9729196,0.036535643,-0.68689793,0.8285122,0.01923745,0.7381339
0.12776889,0.25320697,0.6844458,0.17453876,0.11226939,0.64680827,-0.029554853,-0.19943938
-0.017722376,1.1551152,-0.58562976,1.2706177,0.87520164,1.0638016,-0.23246855,1.1287673
-0.18700579,0.28987145,-0.033185706,1.1945333,-0.18110271,0.52100813,0.3580741,0.08475988
0.9561016,0.09474383,-0.35650593,0.11630282,-0.41514415,-0.11194639,1.80847,0.8095302
-0.01476597,-0.05294764,0.30804965,-0.09966726,0.187015,0.044279683,-0.1248764,0.061696738
0.33479938,-0.10673298,-0.07525642,-0.25269085,0.32301617,-0.050022677,0.3284323,0.48586923
0.31351608,0.29684258,-0.0021214932,0.050199836,-0.11215514,-0.28392178,0.3251213,0.36121348
0.37631014,0.8657502,0.36474085,-0.10665599,0.56125355,-0.813794,1.3130101,0.8275153
1.7975441,2.2025406,0.14021234,-1.2417078,0.9275337,0.8397269,0.028636595,0.6244467
-1.1030631,-0.09017588,1.8227282,0.6038153,1.8288105,1.1728853,0.39584857,1.03294
0.23519039,-0.7283603,0.76722914,0.551327,1.3938338,-0.053608447,0.39794615,0.9469139
1.6698047,-0.21626322,-0.25455797,0.78838414,0.024239317,0.8403667,0.33730003,-0.31200954
-0.7015069,1.797189,0.5263912,0.9876817,0.6141186,-0.18351468,1.7651745,-0.32696545
2.381359,1.1548799,0.49886405,1.1045082,0.061797813,0.26956224,-1.2753924,-0.016374096
0.7040966,-1.1105702,0.5398065,0.7478697,0.5771616,0.4778824,0.30097017,0.39860058
0.46712703,-0.6886777,0.79108894,0.3542898,1.4534069,0.25411442,-0.2621699,1.7652158
0.30328298,0.024894431,-0.29503787,1.2819116,0.2632626,0.27587116,0.98307973,0.38477778
1.3177198,-0.43132418,0.76444983,1.0050628,-0.7016024,0.5512731,-0.049784884,0.56457746
0.52446365,0.62321764,0.06163186,-0.15183753,-0.114885345,0.57501405,-0.3105356,0.94003546
0.22458428,0.04293026,0.35831177,0.6814525,-0.031129703,0.61342704,-0.4687878,0.2964902
0.46699867,-0.19065143,0.38477755,-0.46694157,0.43063104,0.47888076,0.23484029,0.29388195
-0.3227189,-0.21598764,0.7064174,1.4936135,0.64113086,0.7300625,-0.22845148,0.091753826
0.3535613,0.41606194,-0.30123204,0.29774013,0.9189644,0.23232356,-0.31299895,0.72599566
0.15045983,0.18769515,-0.1494893,0.68012923,0.11420977,0.06840621,-0.3890934,0.5703641
0.49885848,-0.035872057,-0.308762,0.9284478,-0.6534063,0.28605425,0.67117196,0.4346686
-0.07812948,-0.28136754,0.12677652,0.25543153,-0.41313475,0.4263677,0.17396949,0.6055803
-0.4243843,0.8807703,1.1027521,-0.021590956,-0.16814654,0.39413756,0.02702639,0.040515542
-0.19923589,0.15202922,-0.18692298,0.34374,0.3192162,0.26936704,0.6463224,0.62463903
1.0885903,0.54986423,-0.037050217,0.044484444,-0.47652298,-0.48637795,0.09983995,-0.028628856
0.08680165,-0.058283195,0.34561217,0.02857174,-0.28811526,0.21642676,-0.40409818,0.7361996
1.7236899,0.057493076,0.4588833,1.5430954,1.5967714,1.29812,0.2822646,0.5642407
1.1594704,0.18242152,0.7198366,0.02233167,-0.1195579,0.5025623,-0.1059536,0.36384773
-0.35883358,0.36890823,0.4436167,0.023051187,0.05121489,-0.053248435,-0.5414053,0.23599166
0.05186509,0.97709167,0.49982387,0.7356666,0.0872287,0.5935959,0.6369577,-0.9085808
-0.68858224,0.42706335,1.5198606,0.63294524,0.08149497,0.72558534,0.009164939,0.5917014
0.57019156,0.39123404,-0.2820444,0.61789304,-0.19468199,-0.53216875,0.5063282,0.23144065
0.85385126,0.052187428,-0.08186446,0.4954803,1.506347,0.43669856,-0.42084357,0.90312177
1.2584617,0.24307834,-0.16617484,0.9495117,0.8636925,1.5328289,1.3154141,0.012016937
0.1838136,0.6777617,1.9561068,0.66239417,-0.020919785,-0.0582619,1.1850905,-0.45282483
1.5594126,0.08997993,1.1818377,-0.54966897,-0.18531816,-0.74613327,0.38140923,0.51103914
0.48649037,-0.69664264,0.5974615,0.27877983,1.8416793,0.07445437,1.2240924,0.27451652
0.43871674,0.29823393,1.1527555,-0.011002272,0.25482523,-0.20849705,0.26748982,0.3755278
1.7628864,0.44003808,2.0120502,0.7876377,0.35804152,-0.918774,-0.48840606,0.59549546
-0.00082854554,0.0863374,0.42051846,0.38364843,-0.002487868,-0.50818646,0.7091425,0.03462711
0.653402,1.0365968,0.6116818,-0.19633818,-0.36207473,0.76213026,-0.873378,0.36543775
-0.3989056,0.42944884,0.39597744,0.83809173,-0.5901725,0.627735,0.44483954,0.13434279
0.1312289,1.5584674,0.26450533,-0.5204081,-0.56029254,0.7129201,0.767549,0.63271827
-0.05147449,-0.48376417,-0.008956462,0.81192297,0.86534727,0.017470196,0.60156095,0.9868332
0.89009184,-0.835843,0.9531636,0.31972784,0.73066545,0.3745285,0.53301406,-0.25911647
0.18706536,-0.16353764,0.25745413,1.3878126,-0.06292987,0.104994014,-0.27111176,0.21740472
1.6421638,3.0,1.114306,-0.689075,-0.11763005,1.1682378,1.2360152,0.35048938
-0.95528036,1.891286,0.81590056,2.0457876,-0.18159764,0.41777974,0.50873506,1.427606
-0.18589228,-0.1896313,1.4879466,0.51539344,0.033186123,-0.65365577,-0.6952544,0.87216264
2.1240578,0.49055046,1.9109339,-0.12182812,-0.9207805,-0.7234222,1.726539,1.0249147
0.25403553,0.06496094,1.0608128,0.9889537,2.0282176,-0.9149443,0.72871155,1.0037105
0.6845392,0.8147192,-0.42972332,0.5639509,0.20273907,0.00014338642,0.60587066,-0.32025057
0.8235374,0.058877543,0.379875,0.3325489,-0.18055941,0.36811018,0.54751176,0.066451885
0.21866378,0.1580946,0.15172775,-0.47746184,0.6046215,0.33492222,0.78531283,0.901569
-0.09797654,-0.42082727,1.1563677,0.7898404,0.36716074,1.0440707,0.11605688,0.8084155
0.26068556,-0.24437316,0.05215366,0.8838207,1.547113,0.8496553,-0.5675049,1.1759008
0.5776623,-0.052562967,-0.19403516,0.18927717,-0.23652638,0.39727694,0.019353872,0.23625419
0.00091652945,0.1487926,0.12993358,0.5699842,0.099894926,0.22096002,-0.6736654,0.26760304
0.80397063,0.47373378,-0.7759545,0.14985487,0.67220825,0.44271368,-0.024212217,0.97754323
0.4629183,-0.1526916,-0.02819866,0.99501127,-0.48579335,0.18979052,0.21644242,0.47700235
-0.46148434,0.3429346,0.4672084,0.5806682,-0.21795897,0.58339953,0.58573985,-0.14523634
0.043430462,0.1901315,0.2568293,-0.11215765,-0.8934569,1.0257716,0.7546515,0.77592015
0.06790439,0.88735205,-0.3395177,0.45465997,0.27794063,-0.026640624,0.74454397,0.06305634
-0.8015887,0.56318265,1.528205,0.68166107,-0.018719941,0.94384605,0.92862624,0.048399016
-0.05068776,-0.06845756,0.6740632,-0.07636187,-0.080012724,0.11418859,0.010179268,0.44489458
-0.18009782,0.13857375,0.6507249,0.70973414,0.29509813,0.081211224,-0.6208578,0.092703044
0.014128603,-0.009822026,0.036457352,-0.28549907,1.3842744,1.2082008,0.56227356,0.8188726
0.30156812,-0.28980136,-0.117196664,-0.1130173,-0.2501809,0.5699714,-0.04586006,0.657766
0.68293285,-0.7817473,0.073216975,0.7529329,0.11391802,1.1164484,0.44714108,0.107786655
-0.08100079,0.27462846,0.20993371,-0.04329528,-0.012404829,-0.008184567,-0.023159739,0.047306076
-0.16533417,0.65947163,0.80411613,0.6471813,-0.9153461,0.989439,0.060963996,0.38429412
0.15565538,-0.09532304,1.0279729,-0.1750659,0.7187897,-0.034917265,-0.029182857,-0.19913748
-0.11508601,0.4929844,0.13086425,-0.3340387,0.62495244,0.16145284,0.31757012,0.8230615
-0.0054969713,-0.07853539,-0.008645251,-0.35477436,0.9457436,0.37620068,0.6307998,0.56267285
0.39386344,-0.01377894,0.49127787,0.73768467,0.7828775,0.364089,0.12083529,-0.21411204
0.12791327,-0.23507972,-0.14737634,1.2018193,-0.25165552,0.50879735,0.2476602,0.3337217
0.17987382,0.18640302,0.42539257,0.19611019,-0.6193949,0.633735,0.27641094,0.3574021
0.9219175,0.5851796,-0.4182158,0.56716806,-0.18586834,0.050873667,1.7533864,2.1071956
0.89492124,0.30404484,-0.45566624,0.35185665,-0.4734872,0.47478083,-0.20908089,0.23841166
-0.7283721,0.6967222,-0.13429587,0.7111793,0.44130206,0.48686045,0.62675136,0.57807326
-0.23744369,0.17985097,0.4257989,1.201199,0.30138156,0.041699067,0.7944698,-0.104786605
0.05510737,0.23420732,0.87203574,0.08124148,0.30273473,-0.90401006,0.26327267,0.46365732
0.5432666,0.486457,0.9362016,1.9626822,0.21667688,-0.06329906,0.062685035,0.73026145
0.27242103,-0.24974771,0.09142931,-0.1863547,0.95568794,0.14312296,-0.022254804,0.5057739
-0.08753631,0.8199084,0.04872624,-0.32316282,-0.40065247,0.24796873,0.5280584,0.2465239
0.6329009,0.7151318,0.72038317,1.1321876,-0.7431293,0.43405026,-0.6217612,-0.18966526
-0.18073499,0.61381674,-0.21564521,0.21381319,0.13638821,0.2712285,0.13372593,0.40939695
0.19035137,-0.18938963,0.032103322,0.35473838,-0.050360158,-0.056546316,-0.05079245,0.45017004
0.38948593,0.020472571,0.15109012,0.3419793,1.218717,0.030207418,0.9644722,-0.34650606
0.8230073,-0.5141102,2.059278,0.58447295,0.909349,0.50906444,0.33912143,0.19952947
-0.25667527,-0.29087287,1.3090099,0.22408792,0.3958484,0.49827495,-0.026154902,1.2826089
0.010635864,-0.11207135,0.5738738,0.037208192,0.19598307,0.20143668,0.2241248,-0.26808387
-0.03223329,0.08810501,0.22679497,1.0803607,0.61287415,0.15071863,0.856958,0.16355327
0.80527,0.29370385,1.2821714,-0.06053675,0.9503387,-0.3342954,0.078390054,0.005605817
0.3345938,0.06698711,-0.3229313,1.1139696,-0.114274934,0.718236,-0.40639928,0.71602154
0.42291984,0.13995402,0.7334713,0.15846896,-0.13917015,-0.37747633,0.5574506,0.22565839
0.800058,0.73238647,1.5607067,-0.18698838,0.37039983,-0.4017735,-0.0051601394,0.29160058
0.3211983,-0.317106,-0.05296965,0.43296555,-0.25916028,0.097248755,-0.14221351,0.76998615
-0.24102402,-0.08656861,0.31210613,1.1355374,-0.6039878,0.4115648,0.22216949,0.57619417
0.6934783,0.8714887,1.0542393,0.04141701,0.9697031,-1.3582442,0.1478132,0.9375336
-0.3724763,0.2700135,0.21269965,0.35183915,-0.103385136,0.0490015,-0.14032039,0.32136196
-0.031199142,0.45730084,0.12487465,-0.4501166,0.060535222,0.36539054,0.34652296,0.25041583
-0.16673055,1.2391965,-0.25491887,1.530272,-0.34859288,-0.034151822,0.63700634,0.5093207
-0.30779508,-0.16443299,0.168935,0.36883172,0.30830032,0.4349162,-0.3146272,1.0875691
-0.15362528,-0.0685519,0.35046363,0.79078853,0.052025534,0.1965028,-0.27006945,0.28262252
0.32607588,0.42382592,0.34910724,-0.59785163,0.9501885,0.14634365,0.17063142,0.08908418
2.041764,-0.42183512,0.6653558,-0.120689,0.3509519,-0.32372972,0.93331397,0.5357728
1.2380601,-0.5640479,1.1554092,-0.06956168,0.80139434,1.245349,1.1231685,-0.29532087
-0.38341656,0.55863935,0.26707783,0.27339998,-0.38090247,0.28384513,0.29940888,0.072654456
-0.016850237,-0.050944924,0.26898968,0.7897518,0.2003169,-0.08485927,-0.07079307,0.23351233
-0.27787665,0.4136958,0.6684204,1.0021077,-1.3405509,0.45309207,1.4882139,1.6105316
0.24417794,0.93420875,1.5215445,1.8385612,-0.10794152,-0.83965605,-0.3627372,0.3592145
0.06514943,-0.11970064,-0.0018529147,-0.023015797,0.2723745,-0.008250579,-0.06817657,0.407159
1.4541787,0.3262645,-0.5299278,1.201446,-0.79589546,0.9258013,0.29070315,0.19089966
-0.31120262,0.037107363,0.62325823,0.45544216,0.3305111,-0.46808493,-0.31588742,0.5719653
0.14344534,-0.3776331,0.26856083,0.7314374,0.08578773,0.69874763,-0.037210137,0.33255553
0.08055477,0.61811364,0.7193302,0.4898722,-0.92511684,-0.14641932,0.09618925,0.46638173
-0.2176494,0.6970534,-0.4618345,1.2285686,-0.2719283,1.0578036,1.2412378,0.5311494
0.39123622,-0.66283226,0.43230426,0.14240322,1.0126812,0.8920152,-0.14008762,0.24861719
1.3808433,0.025994048,-0.038406506,0.091165744,0.7143609,0.3897332,0.12986377,-0.27503657
-0.35635415,1.3945426,0.25618482,0.37713033,0.57933766,0.652445,-1.0192927,0.44144613
-0.49886826,0.4350034,0.8316842,-0.02477447,0.504669,-0.10271579,0.47364286,0.018836655
-1.2287052,0.98629487,0.92970514,1.085768,0.47785836,0.18817283,0.099219054,0.32421398
0.7238818,0.61079705,1.5474719,-0.6930896,0.09240295,0.46033174,0.2309122,0.29485357
0.33849344,0.43055212,0.29114342,-0.46513107,-0.064499214,0.72166646,0.0629844,0.14232025
-0.21444711,0.5342052,0.1836685,0.24000758,-0.4530298,0.36689034,-0.3408456,0.4523398
0.017075889,-0.3698976,0.28247964,0.06295007,0.7478018,0.4118653,-0.15256743,0.23501828
-0.095301725,-0.24442975,0.6758375,-0.0547849,-0.08667378,0.5426655,0.6863696,0.9570304
0.68935704,-0.010820642,0.4885955,-0.5158436,0.54162586,-0.13252053,0.13099119,0.117288634
-0.18385458,0.4319169,0.22639157,0.7250151,-0.7185907,0.45315003,0.092622295,0.50024974
0.23630658,1.2283416,-0.39349657,-0.48640576,0.74204016,0.30174962,-0.010575313,1.044249
-0.17773652,0.061715677,0.101304635,1.0629015,0.3270923,0.32119343,-0.13066174,0.5800238
0.07039016,0.8350805,1.4916221,0.6108315,-0.33508527,0.41669554,0.546847,0.31080195
0.27882266,0.29291612,-0.3711285,-0.14700505,0.5309858,0.24185997,0.21954013,0.47753447
1.0069249,0.7667322,0.2730173,0.79864675,-1.0646018,-0.55789995,1.37272,1.2057433
0.4855834,0.08170615,0.18434288,0.6925082,0.18027775,0.82767266,-0.039330643,0.8539406
0.97654676,1.9534521,-0.8587213,2.0282826,1.2894529,-0.38053557,0.48296437,0.9622856
0.5189253,-0.64584315,0.42128634,0.36985877,0.16703783,0.69459546,-0.20112714,0.09158175
0.8407711,-0.14894985,0.10599646,0.31456384,0.3237244,0.22173417,0.57070714,0.40546212
-0.033001892,0.25009787,-0.27724427,0.79488313,0.2974528,0.4336464,1.3228613,0.25135785
0.78821415,0.8367281,-0.65154415,0.7354599,0.62260497,-0.2622659,0.7325735,0.3314483
1.1227933,0.28244817,-0.6552112,0.7082304,-0.686989,0.20147747,1.113542,1.6106966
-0.054989904,0.302599,0.7677182,0.11966518,0.20469652,0.20304658,-0.6192678,1.1922616
0.18498006,-0.4324748,0.54019076,0.21361604,-0.55224997,0.7052735,0.51011425,0.48543644
-0.16744447,1.3081242,0.7309519,0.36647448,0.5547435,0.37649187,-0.61112773,0.45563123
-0.025746074,-0.33577156,0.87505734,0.29733467,-0.060833544,-0.4059863,0.0507409,0.64373523
-0.3467552,-0.15085754,0.4881776,0.7167719,0.6153767,-0.2953616,0.765968,0.055169478
0.8944233,0.0092493445,-0.2242779,0.8456451,0.73969233,0.6271905,-0.24578355,0.36776078
0.11083642,-0.6914206,0.659752,0.18257195,0.5678986,0.59224725,0.5706704,-0.15103295
0.9394457,0.20037605,-0.5608001,0.46701488,0.345015,0.55144894,0.31900886,-0.016796649
1.1245672,-0.29032302,1.3690814,-0.29809162,1.3052448,0.69578797,0.8780793,0.14445625
1.316518,0.71931475,1.7753206,-0.39228398,0.6577797,0.3050626,0.7792822,-0.141601
0.750025,0.1265886,0.42558342,0.108839355,-0.07778202,1.2883208,0.3444128,0.065187395
0.8186931,0.6428092,-0.08608772,-0.24905297,0.8002448,0.17630967,-0.5878019,0.856984
0.00012946129,-0.5744246,0.39906418,1.191948,-0.34866107,1.0596122,0.26418582,0.5725733
-0.5028518,1.3590134,1.8267485,1.4609318,-0.90514714,-0.026180089,1.1994864,-0.09968121
0.9476314,0.35355103,-0.9754144,0.38365647,0.12701173,0.3538218,0.7397284,0.38063756
0.08099171,0.15586962,-0.0011573583,0.061023228,1.0010557,0.22341947,-0.47175583,0.75407994
0.53173953,1.0487945,-1.0825267,-0.20022342,0.33700606,0.40413707,0.8923896,1.4862543
0.45870373,-0.44267225,0.061363056,-0.054510184,0.87230253,0.6864183,-0.3924647,0.42354938
0.24558929,0.30332482,0.13409704,0.77043086,0.074852124,-0.6509854,0.12257118,0.73640054
1.4833001,0.41100365,-1.1995331,0.8406337,0.33775848,0.58258057,1.0344845,0.3979449
0.52530605,0.6471551,-0.19770508,1.2507726,0.08352165,-0.4003126,-0.17009167,0.16643226
-0.20933723,0.47967154,0.30759555,0.39183608,0.631916,-0.5165418,0.67775005,-0.14174211
0.0064387023,-0.11240785,0.7735777,0.9404183,-0.6028404,0.115542114,0.3182254,0.4025148
0.4045499,0.7449875,-0.07296026,-0.087714456,0.46702266,0.3371861,1.1236247,0.90337527
-0.5333088,0.72224456,0.77781653,0.15694684,-0.16080143,0.57349837,-0.22094058,0.30822676
-0.20556498,-0.2895996,0.61553836,0.6732587,0.010929644,0.5043776,-0.13788553,0.2505162
0.2754667,-0.25198764,0.36543286,1.0585333,-0.6530854,-0.15397522,-0.049349874,0.7052453
1.25764,0.24778192,0.67486966,1.1906202,1.0226611,-0.26938343,-0.44131365,0.07360388
-0.18993282,-0.67022294,0.99033433,0.30011442,1.2318635,1.2557387,-0.16378874,1.1416432
0.9743357,1.4129561,-1.0798141,-0.156252,0.8464273,0.11032129,0.25031227,1.0743833
0.10332335,0.021991313,-0.063906655,0.82888675,-0.44697118,0.16361016,0.012945196,0.25798708
2.1921575,0.70393395,0.89567804,-0.49174783,1.2791942,0.6696104,0.14711747,0.51738876
0.5692598,0.36557144,1.3386987,1.1992594,-1.1332718,0.24877514,-0.2072184,0.4462856
0.0723325,0.91100204,-0.01138559,0.7008455,0.47439134,-0.62968946,0.012972383,0.35457516
-0.21995455,0.05761735,0.06841075,-0.035865,0.5311586,0.5698382,0.20165128,1.597295
0.2633758,-0.3358317,-0.051342174,-0.34349,0.726427,0.114641495,-0.07235836,0.77143764
-0.24690634,0.1916879,1.0594403,0.16096485,0.601695,-0.84754694,0.023662744,0.5502011
0.33024886,0.17328696,-0.055580765,0.16478573,0.14980277,-0.00784342,0.20472054,0.011441827
1.0532056,0.16296498,-0.32824677,0.25899446,0.05445482,-0.03958644,-0.30466384,0.13455328
-0.36513618,0.47301948,0.30832726,0.95801014,-0.10681163,0.4493177,0.5729004,-0.3235253
1.7277685,0.3400864,-0.3273133,0.23691857,-0.06433909,0.45698792,-0.018230924,0.36740467
-0.097468846,0.5836888,-0.1716841,-0.010633536,0.35988754,0.3263832,0.25354502,0.27183732
0.5935594,-0.19567569,1.731591,0.64976346,0.22330312,-0.9092932,0.36799753,0.5742356
0.06973152,0.23905097,-0.056597024,-0.08523574,-0.11966576,0.12542148,-0.027329773,0.16304855
1.1966177,-0.09079249,0.650639,1.0957539,0.03195764,0.3467999,-1.0270455,0.6592052
-0.41607824,0.32487953,0.7447601,-0.29229575,0.39044827,-0.12810847,-0.20653479,0.87476987
0.8284007,0.11800586,0.005561456,1.1810423,-0.84994286,-0.28995097,0.9682805,1.3845997
0.45257875,-0.35678965,0.49390662,-0.33308735,0.11189373,0.16391341,0.118579805,0.26019058
-0.49247822,1.1914711,1.3913797,0.6513625,0.43104237,0.10160266,-0.6332758,0.52577496
0.8651934,0.17122565,-0.3125143,0.85627514,0.6611932,0.2194099,-0.5105462,0.53389865
-0.2340489,0.08498387,0.20731246,0.07450171,0.83350533,0.28417993,-0.59687144,1.0952163
-0.24448064,-0.296112,0.22110218,1.0750623,0.03899403,0.50994086,-0.23440431,0.7033575
0.39251542,-0.044613525,0.016410649,0.87102604,-0.30832094,0.12152572,-0.30885676,0.26690322
-0.38463542,0.28330606,0.09188457,0.6957907,-0.19990285,0.45380256,0.74320215,0.28133887
0.3521557,0.30192888,0.15106307,-0.074408256,-0.027825758,0.17476737,-0.16735014,1.5655105
-0.4673535,-0.1450652,0.38666886,0.83988065,0.53270584,0.6060765,-0.27317354,0.6710256
0.106853686,1.6298505,0.46222353,0.64045054,1.5868487,0.032469854,-0.25900087,1.0797875
-1.0375896,1.1614143,0.6111804,0.17657214,-0.33194596,0.67299104,0.3981997,0.5516025
-0.30526906,-0.14100121,0.69191533,0.22475317,-0.19852732,0.22011119,1.2750282,0.90986025
0.47918063,0.48708975,-0.1512746,-0.16396153,0.4405818,-0.7952118,0.62657344,0.92669785
-0.24318874,1.3741802,1.7424122,-0.4519215,-1.001914,-0.56191134,0.6568545,1.1022787
1.1747047,0.68196857,1.1638774,0.54029745,-1.8163507,0.66837054,2.1310184,1.9978701
1.1516147,-0.2385834,0.16922234,-0.10962895,0.65343827,1.0863748,0.76022446,0.023142233
0.5925202,0.81762755,-0.26809156,-0.42077753,-0.013651386,-0.53225005,0.42355317,0.44539356
0.37070778,0.3119573,0.09889133,0.861697,0.82614684,-0.027776182,0.10377613,0.100935325
-0.04250572,-0.5242832,-0.04744859,0.8887731,0.4391755,0.40767288,0.734303,0.49244866
-0.06106896,0.8427709,0.68283165,1.391186,-0.15175913,0.52150553,-0.13387159,1.1148306
-0.15912953,0.37498236,-0.5761504,1.7936234,1.8052421,1.2695754,2.3146014,0.5870403
0.99449855,-0.10344489,0.3735814,1.5136938,1.3092967,0.40810484,0.06734061,0.3777612
-0.38778546,-0.7931508,0.61349845,0.6710182,1.5587342,0.6439358,0.05559902,0.68414396
-0.41040367,1.5496439,0.6981317,0.5409405,0.65569866,-1.4634465,0.815162,0.082479514
0.9809137,0.24331744,0.10391548,1.3428874,-0.8633024,0.42119047,-0.26856056,-0.12095648
0.29578942,0.43544096,0.76614714,-0.51160324,-0.04643528,-0.08822717,0.4356813,0.007923692
0.12396486,0.50491756,-0.03845246,0.039295614,0.41847032,0.025097616,-0.4549745,0.4274643
0.14550304,0.018358544,1.4053262,0.17464739,0.18611087,0.2244367,0.49597093,-0.40443105
0.22447643,-0.5889995,0.207758,1.2809906,0.5468353,0.5495752,0.6557379,0.039765164
-0.2269223,0.081945926,0.22386625,0.11954765,-0.34575272,0.39626533,-0.14384352,0.44562533
0.8573461,1.2979553,0.67386776,0.2028614,-0.15838526,-0.46697152,-0.9117681,0.5305563
0.0002239421,-0.21018676,0.08260697,0.08270017,0.9117756,0.46439815,-0.1417156,0.40812162
-0.39184165,0.20194595,0.47112352,0.33377954,0.2815423,-0.11099191,-0.55239373,0.32853124
-0.17330796,0.01379098,0.7004577,0.10212784,-0.089725,0.14065908,-0.1985894,0.30121148
0.836928,1.167885,0.33263922,-0.58361435,1.3694531,0.6626311,-1.0006416,1.204281
0.39802307,0.37276673,-0.16178961,0.47278288,-0.9116617,0.20708077,0.94701964,1.0291343
0.22735783,0.7387989,0.25415492,0.26222607,2.7100682,-0.18527758,0.3221664,1.3523824
1.1672043,0.28812695,0.90446675,1.3681154,-0.5080742,0.37922013,-0.61344826,-0.19946909
-0.08092711,0.7311636,0.7660971,-0.049121417,0.87490565,-0.24013689,0.34847695,-0.23558787
0.7237007,-0.14012666,-0.07285079,1.4298747,-0.7190915,0.21280676,-0.10401746,0.5259316
-0.04957986,0.6086099,-0.10695359,0.055807482,-0.009201169,-0.40038598,0.3616651,0.29580808
0.16841418,0.80472326,-0.19121201,0.04390638,-0.6313916,-0.07293531,0.5438825,0.46551046
-0.6329248,1.7394623,1.16522,0.17744943,-0.27094662,0.005681932,-0.6629247,0.16874596
0.75066096,0.072806045,0.46009701,-0.23193541,1.2765884,0.044659957,-0.20300843,0.806916
0.27079642,0.10259898,0.31033522,-0.5667631,-0.08579734,-0.12410575,0.80939144,0.7488573
0.7181346,0.06328912,-0.41519022,-0.17440087,-0.06954892,0.35511845,-0.00040694466,0.52360934
0.49466267,0.20399277,0.19652733,-0.3278763,1.0211214,-0.16419637,0.6742161,0.39387518
0.19373065,-0.019533709,-0.37579274,0.9384579,0.3317929,0.6666709,0.2844208,0.4401203
0.9638256,0.17402284,-0.69443935,0.6265635,0.2113312,0.043507412,1.9556984,0.5529496
1.4943918,0.9850141,-1.2196904,0.14638904,0.13791056,0.25340924,0.017986534,0.36547452
0.13560861,0.23953412,0.1966416,0.6801937,0.43089324,0.14744298,0.17702854,1.5515418
-0.14790225,-0.48214203,1.7509571,0.5906227,0.997103,0.8941641,0.20791252,-0.19817308
-0.60454494,0.8016181,0.21079761,-0.21248057,0.066567264,0.17314076,0.45502558,1.0577571
0.24788523,-0.3154688,0.5960554,0.76149756,0.24952115,1.2630563,0.18913908,0.24978231
0.9823457,0.09580816,-0.058820575,0.3361731,-0.011251017,0.3514856,-0.34969917,0.04822848
1.0598339,0.48412848,1.5380665,0.5106178,-0.37857962,-0.043299332,-0.35820213,0.23728216
-0.9400473,0.9067556,0.31190407,0.8455257,0.029231302,1.0610535,1.5433692,1.0450245
0.7150263,-0.17008592,0.75092196,-0.13021973,0.5178078,-0.28470552,0.2144334,0.6616441
-0.4839721,1.0102942,0.21704865,0.29084474,-0.49180698,0.7114766,0.16292764,0.2326197
-0.28867862,0.89512277,0.58364195,0.27166405,-1.2603931,0.95862365,0.43200174,1.41832
0.41580397,0.102397844,-0.10452403,0.29932946,0.34902143,-0.5078573,0.9252078,0.99655324
0.9013656,0.64232504,-0.39729607,1.5662081,-0.4590242,0.052482903,-0.1759012,0.08143801
0.58287036,0.32870144,-0.2880841,0.25963488,-0.31981874,-0.037436306,-0.19343035,0.3908738
0.35711494,1.094685,0.08928088,1.6290994,-0.47965705,0.83410895,-0.42104602,-0.021337658
0.0022542477,-0.46409875,0.019660324,0.099566124,0.12664735,0.33205777,0.12657474,0.37013322
-0.34067497,0.28165913,0.12289134,-0.21403748,-0.10193299,0.90008545,0.2074457,1.0554389
0.44603628,-0.43847317,0.7311941,-0.08274699,1.0558608,1.2051687,0.43455753,0.07145724
0.25995126,-0.32236862,0.4271264,0.059669442,-0.11877349,0.7243264,0.4704885,0.12575394
0.5308374,-0.568698,0.26805586,0.34300163,-0.38877624,0.4136308,0.2838134,0.30717897
1.4092267,1.9218259,0.7559671,0.24074158,1.0237676,-0.39358726,-0.6692025,0.036285058
0.7179711,0.70962924,0.17970543,-0.20129117,1.5666087,-0.6909069,0.42596713,0.2433518
1.4772514,-0.20861776,0.57454985,0.85735965,-0.54035336,0.267985,0.9760551,0.57062364
0.95425326,0.31777728,0.118559375,1.6101474,-0.57095534,-0.22060251,1.192711,0.07022871
2.182022,2.3288455,-0.019368604,0.081698254,0.20250864,1.1049495,-0.78409666,1.2838361
0.48811555,-0.60567546,0.5871737,1.0160931,-0.33136863,-0.10238062,-0.16639797,0.7925016
0.4336717,0.3916242,0.1782128,-0.17304441,-0.107995614,0.36670062,0.79791826,-0.12033823
-0.45022157,0.31580466,0.7161354,0.4602712,0.5750641,0.9351065,0.07704917,1.6239691
0.5072061,-0.28465867,-0.24792959,-0.25260538,0.06091617,0.030814588,0.35060796,0.7284786
0.8211681,0.5020696,0.41747326,1.5315099,0.79489607,-0.93187857,0.6354978,-0.34991887
0.6767795,-0.7232197,0.2093277,1.0500112,-0.008689448,0.32404017,-0.47376075,0.54439044
0.19329545,1.6791637,-0.23866402,-0.16430432,0.034375057,0.8951759,1.4599403,0.70202994
-0.046250187,0.10858695,0.2495059,0.4499981,1.2008573,-0.324058,-0.14403436,1.1790406
1.169326,-0.29272103,1.2429008,0.15667194,0.87960017,0.020691395,1.4992027,0.025032386
0.15452856,-0.073428676,0.99285185,1.1980557,-0.14221598,-0.15546018,0.045021333,0.5895103
0.24275216,-0.27635187,-0.05179079,-0.44530258,-0.075709045,0.3230134,0.47489208,0.8875202
-0.23843306,-0.20142931,0.12682825,0.14212078,-0.27096134,0.4930145,0.29980096,0.86037725
0.5429308,0.64638567,-0.31508684,0.43349412,-0.0020494908,-0.09565963,0.22033267,0.79810214
-0.026655234,0.79960126,0.041011095,0.3597536,0.26932913,-0.48361802,-0.15818255,0.66176975
0.008818574,0.070274904,-0.003930047,0.7827874,0.7037995,0.5066377,-0.64229906,0.9830492
0.67022765,-0.08206357,0.66085327,1.1437694,0.52535915,0.07142156,-0.76093066,0.5246441
0.33211538,0.105228856,0.031579964,-0.38256758,0.36996618,-0.035874695,0.426314,0.4120612
0.14359738,0.19813783,0.083409615,-0.2839488,0.46770728,0.21494001,0.07200717,0.13926756
1.3945903,0.15558936,-0.022837386,0.7991851,-0.53537655,0.027467646,-0.48936602,0.17167947
0.8180424,0.48884487,-0.287755,0.33731678,0.078440055,0.4735158,-0.46311405,0.3232332
0.2005907,0.32241327,0.43890065,-0.29333287,0.7421186,-0.35633123,0.014906798,0.28310657
0.2989332,1.3406178,0.69712406,0.06862923,0.50632447,1.4052193,-0.23226689,0.24163485
-0.092915975,0.51049936,1.3262413,0.7364261,0.3785931,-1.5324343,1.360931,1.2559525
0.5191875,-0.32394612,0.30800933,0.4388679,-0.45752263,0.18071185,0.31300864,0.6919549
1.0714477,-0.11941819,0.13569997,1.3762183,-0.35043192,0.20398137,0.85665023,0.022492617
0.6278796,0.7082215,-0.47067654,-0.20178854,0.5772608,0.35238543,0.19997764,0.56661284
0.40450904,-0.00875023,-0.22527994,0.12367832,0.13341187,-0.18294728,0.3490641,0.26441705
1.9002204,1.5101887,0.098649666,0.9663983,0.9235423,0.66592735,-0.7163524,0.69535214
-0.040081233,0.87797844,-0.076308206,-0.27123258,0.050949767,0.20302734,0.018912664,0.10407766
-0.0048449,-0.3747853,0.47401845,0.5718448,-0.13774835,-0.14474677,-0.0012937724,0.38767236
0.20954001,-0.054161772,1.0581423,0.023007728,-0.3919497,0.5850035,0.1894644,0.47939184
0.21380231,0.03143795,-0.324695,0.4550824,-0.20020317,0.3849196,0.049572915,0.4355359
1.2659689,0.4505241,-0.23064856,0.36070198,0.31971413,-0.37567028,1.2651626,0.54279935
0.37016326,0.84210706,1.0435144,0.88246065,-0.030593202,-0.3128413,0.8520631,-0.1255554
0.8373567,0.0353256,1.1030166,0.10387025,0.3769439,0.059778187,0.31538418,-0.49411434
0.19540015,0.47522444,1.668615,0.16899645,-0.17512594,-0.3873468,-0.52603525,0.6961937
0.7224316,-0.45156085,-0.20381768,1.104039,-0.6150933,1.2717129,0.6087116,0.39261127
-0.017156798,0.6214378,0.80668366,-0.027302988,-0.4928183,0.6020753,0.411764,0.21635956
0.35621956,-0.2847724,-0.0053325295,-0.21166518,0.8133914,0.25785524,0.16078539,0.28045952
-0.26955578,1.57362,0.2979403,-0.24129781,0.44948435,0.011685438,-0.21081254,0.8447581
0.511871,0.42789263,-0.7392465,0.5785088,0.030192807,0.55087435,0.6643637,0.24308404
-0.19748995,0.6207141,0.15895209,-0.22875741,-0.11878882,0.054340795,0.22042328,0.21358152
0.06739708,0.17575566,0.53676474,1.5273058,-0.29704803,-0.19792283,-0.27475142,0.14019269
-0.1232386,1.5218197,0.10710168,-0.36364007,0.50436324,0.19791089,-0.08598883,0.5625425
0.46501932,0.26017702,0.024806097,-0.36444017,0.31680924,0.613529,0.63954043,0.29025
-0.42018312,0.3781004,0.47512764,0.2439884,-0.48503524,0.45344064,0.16099298,0.2819131
-0.69516,0.19051404,1.3959426,0.81630963,0.47695488,0.7317089,0.55762285,-0.5269591
1.3098571,0.7223308,-0.68186945,0.7391255,-0.6808985,0.4286744,0.5849882,0.46518075
0.29691276,-0.035265103,0.36215985,0.14839554,-0.6195912,0.65126026,0.2773014,0.40614697
0.5268513,1.6534325,-0.14737774,1.7597358,0.31710047,-0.6371754,0.40488014,0.84908015
0.12242756,-0.36286753,0.21031153,0.6361153,0.12118371,1.6909549,1.1124781,1.8136024
0.20064878,0.28676593,1.4356163,0.053466477,0.5120757,-0.5292851,1.8370326,0.38242748
-1.0058235,0.54636604,0.79762816,0.7781245,0.0998895,0.49176997,0.24665834,0.15709916
-0.48187408,0.8842706,0.40760666,0.57607836,0.47798437,-0.43705004,0.06933806,0.42948157
0.7075576,0.0013156682,-0.1317975,0.7877232,-0.075846925,0.9066225,0.42243764,0.18711597
0.43226954,0.56006384,0.45478612,-0.43335655,0.22825994,-0.5593687,0.92140335,0.30927324
0.21436441,1.11932,-0.13103206,0.44760218,-0.57634175,-0.19985288,1.4022338,0.5547142
-0.05703067,1.2285628,0.05204981,0.26874167,1.2462436,-0.16185352,-0.15139772,1.9441094
0.6421488,-0.02745013,0.25988513,-0.26036048,-0.011208937,0.20983201,0.6096085,0.13643727
0.98548037,0.1954447,-0.016388655,0.8886837,-0.07235323,-0.28717047,-0.5903347,0.21280691
-0.08300456,-0.09686898,0.40415627,0.48729193,-0.6401941,0.4211263,-0.011329556,0.8972772
0.3753984,0.3733515,0.43105334,1.1593002,-0.79863316,0.24968758,-0.13376161,0.09248653
0.3961388,0.8701924,0.04651013,-0.42552873,0.05567901,-0.5448252,0.3282959,0.4556764
0.6001312,-0.74998033,0.5543166,0.3072027,0.6136508,1.2360421,0.5057096,0.50933766
-0.46661338,0.30304205,0.45459348,0.6478266,0.7111054,-0.28566608,-0.37600952,0.5847051
0.37853122,-0.2174825,0.029843785,1.3004915,-0.6266639,0.3128538,0.028298913,0.25492358
0.6249258,1.1457678,-0.14613403,0.07167483,-0.06488745,-0.079921186,-0.2169254,0.27898532
0.2585268,-0.1387649,0.5676996,-0.25194046,0.047968283,-0.355448,-0.19240923,0.4268248
0.12784329,-0.23622854,-0.15943591,0.26597744,0.0974154,0.31095296,0.33896792,0.22167924
1.0370723,1.1674076,0.7374921,0.6738025,-1.0502933,0.6045787,-0.1752861,1.0375174
0.26945686,0.26497918,1.1692554,-0.4103171,-0.08360116,-0.5597662,0.21106642,0.3803809
0.17007405,0.38017273,0.019379482,0.07701224,0.17116092,0.7589817,-0.13194065,0.21869467
0.4262946,0.3676964,-0.1563098,0.61815584,0.47529548,-0.22373468,-0.6137448,0.60499007
0.10962228,0.43847078,1.0224063,-0.18861595,-0.31761497,-0.000601992,-0.01296735,0.04891789
0.49735075,-0.1664645,0.10482067,1.2565346,0.08334644,-0.32441065,-0.23829952,0.29723975
0.18614236,-0.051817805,-0.043266788,0.92843896,-0.34474587,0.57279897,0.6215308,-0.1404469
-0.2272614,0.6850693,0.7231951,-0.2617764,-0.13751863,0.38575986,-0.15071402,0.61446637
0.39741758,-0.102991655,2.0766768,-0.09009246,0.10137601,0.9675231,0.8820495,0.07873765
0.43077263,0.3995818,1.6290482,-0.5067354,1.3398252,0.012600459,-0.12457323,-0.13946363
0.34003615,0.024181172,-0.33703417,0.41886142,-0.35198992,0.27835584,-0.05270648,0.30297172
0.81986195,1.1065902,1.6284469,-0.37092707,0.9379521,1.0357413,-0.038718536,-0.022354797
0.49398357,0.091673136,0.7698181,0.122003324,-0.72939306,0.009061068,0.096116394,0.36945492
0.7137915,0.45066148,0.30864787,1.044713,0.7931625,0.41730508,-1.0052108,0.2873013
0.521342,-0.55811846,0.94572586,-0.31946945,0.008827046,0.0041526332,-0.057999592,0.6563959
-0.40274146,0.6429777,0.08711241,0.45961124,-0.26491016,0.6851373,-0.30480424,0.47607633
0.41760105,0.9070132,0.013513058,1.4687667,-0.6346466,-0.25088832,0.038930744,0.48631674
0.31492367,-0.22872923,-0.036455795,-0.07773996,0.02072066,-0.12341641,0.33253255,0.4300319
-0.3811594,0.9556043,0.098283745,0.32208985,0.7367349,-0.2758856,0.45677406,1.0086306
0.7383221,-0.9927308,0.7927004,0.5516449,1.101845,0.7364201,0.17306007,0.6069299
0.38470796,-0.22416134,-0.232094,-0.011126995,0.41384816,0.11827719,-0.10324395,0.37669408
-0.36974582,1.2643776,0.34950405,0.33023915,0.7215799,-0.96594393,1.1764289,0.7147645
1.1383282,-0.627444,0.09384498,1.3831636,0.58224386,1.0469222,0.7698672,-0.3137685
-0.049777023,0.3629079,0.30903718,-0.09966118,-0.15044205,0.12720373,0.5290813,0.10327058
-0.47008327,0.72085214,-0.06281836,0.12475442,0.3216585,0.6925259,-0.6651371,1.0680741
0.5926561,0.10266723,-0.24138896,1.008249,0.29875678,0.26729372,1.5243632,-0.28272355
0.19309038,0.7128916,0.7583152,0.5247807,-0.5882379,-0.4836256,1.7445117,1.5211793
0.1976533,0.7549406,-0.39301056,-0.34232453,0.117772624,0.5438132,-0.29819912,0.86561763
0.57208645,0.71118313,-0.2858374,1.0107571,0.6585289,-0.47692418,0.03492992,0.30321515
0.15289184,-0.13404404,0.6860178,-0.057103775,0.079239264,-0.43873125,-0.13808848,0.2595674
0.49964562,0.691589,-0.43929237,-0.5754873,0.31201285,0.6606282,-0.27405137,0.6447349
0.5134364,0.6986409,1.0029284,0.3641533,-0.5624321,1.0233179,-0.6313127,0.450901
0.22374052,-0.34292078,0.6342061,-0.15780768,0.85635597,1.0317607,-0.15001884,0.46137175
0.441271,-0.95114475,1.1666893,1.2895831,0.43786633,1.5405706,0.95917577,-0.55617577
0.13634253,-0.5507082,0.2649368,1.5411849,0.12439646,1.2105501,0.20315816,0.43190908
0.0990773,-0.23781428,-1.6197562e-05,0.2855377,-0.0046355873,0.4112931,-0.2950789,0.68381983
2.1920621,0.25642198,0.40063244,0.6160846,1.0775552,0.61819446,-0.22846766,-0.43915457
0.34152147,0.30375177,1.0751681,0.09316387,-1.1877183,1.2726285,0.34001502,1.1660974
0.62024164,0.025699362,0.2700145,0.07854097,1.5948831,0.65960646,-0.6712082,0.9314814
0.73117065,0.72838813,0.4524821,-0.40043023,0.5136907,0.050959185,0.32851097,-0.24911362
0.5219291,-0.10162984,0.40391374,0.37537172,-0.95543915,0.10676336,0.7680841,1.0186105
0.3491393,1.28542,0.77047336,1.1644489,0.47967017,0.781461,0.36617717,0.39964014
-0.21436474,0.27811122,0.050820783,0.34447297,0.71793824,0.2775604,-0.50853944,0.6911867
-0.17002484,0.29680884,0.74573976,-0.4279091,0.7605139,-0.26542318,0.8406492,0.5385091
0.22355554,-0.0447426,0.17752059,0.1994929,-0.800149,1.0545144,0.76859164,1.0212598
-0.49460086,0.8469486,0.35231543,-0.0477285,0.07570283,0.93751895,0.5551993,0.36938992
0.026471205,-0.5262892,1.7342466,1.0164212,2.288885,1.3382831,0.13775156,-0.06471932
0.94013727,0.8315086,-0.82077926,1.2609086,0.13388948,-0.30856863,0.5442336,0.6932431
-0.3451751,1.3444458,1.0088632,0.33393642,-0.645671,0.9160073,-0.035061017,0.6994119
1.0076396,2.5115309,0.49632096,-0.11542664,0.7084453,0.017789334,0.5789718,0.035270385
-0.036083005,0.31854475,0.32658616,0.4460556,0.28108418,-0.1397158,-0.3698502,0.24372756
-0.0588729,-0.23470768,0.78883886,0.33505097,0.07678327,0.017923996,0.2127906,0.1100274
0.644879,-0.00852941,-0.49677777,1.0786462,-0.056420937,0.43055353,-0.054737814,0.4239576
0.81657624,-0.84125,1.18468,0.17824474,0.1987663,0.9544854,0.5641491,-0.0706183
-0.90960366,0.27313805,0.48018992,1.4659338,-0.44851345,1.1454235,1.2308937,0.6194539
0.6075206,-0.038546667,-0.041203156,0.11484827,0.7905895,0.38001218,-0.4657309,0.32160586
1.0923597,-0.06394254,0.19128734,0.87685984,-0.46171016,-0.031839788,-0.16005334,0.49164304
0.5870078,0.8811923,0.31718057,0.99113685,-0.55649495,1.4393055,0.6783826,-0.14115933
0.22682536,0.116910264,-0.021741614,-0.16589755,1.1725833,0.31132782,-0.36741224,0.72294015
0.3258293,-0.8372399,1.0550205,0.7645071,0.5140992,0.37657416,-0.0025088503,0.037416965
0.13855758,0.6198567,0.4761523,1.5798942,-0.08671428,-0.19418272,-0.7426837,0.22525097
-0.06710664,0.92829764,-0.15501858,0.538287,-0.23746462,-0.16868916,0.64008766,0.68318903
0.023319177,0.96424794,0.030689605,-0.0025838986,1.283929,0.8799103,-0.8134803,1.08898
0.24776238,-0.28436953,-0.02296248,0.35169157,-0.2801345,0.30990407,-0.0005757599,0.36099857
0.8080885,0.4173525,0.2606125,0.13768063,0.09525935,-0.12790215,0.16284627,0.802421
0.544751,0.050229058,0.074397154,0.35925135,0.0714048,0.13991088,-0.7318571,0.5848585
0.906396,1.2913702,-0.68842757,1.1075985,-0.34161127,0.26543424,0.7100948,-0.4338534
1.5421759,1.5504088,-0.57878584,1.2681099,1.1758268,-0.38213253,0.91373485,-0.029931933
-0.44345364,1.9546446,0.21019517,-0.66327024,-0.5820051,0.25532967,0.6266095,0.8613614
0.58366543,0.1799532,0.25356498,-0.3903085,-0.49217248,0.35497314,0.08917679,0.5635795
0.44776285,0.7261187,0.40304136,2.2108786,-0.34279054,0.18913344,0.027863676,0.45932376
1.0907336,-0.33581018,0.69449914,0.6512515,0.55070657,0.17063276,0.15065576,-0.18916613
0.3386016,0.02526389,0.39325428,2.0597572,0.57245547,1.7125793,1.6523048,1.2745506
1.3193138,0.54509485,0.5673741,1.5332725,0.08076544,-0.992702,0.71123165,0.8834331
0.5130801,-0.4689269,0.52011174,0.05302787,0.52177685,-0.032620504,-0.13484384,0.32765418
-0.8148597,-0.26426202,1.5687736,2.088188,1.1238985,0.22128306,-0.19075231,0.76103956
-0.39831665,-0.7990176,1.741506,0.89724356,1.1856433,0.358872,0.7880594,0.20125869
0.1393725,0.29717106,0.7763815,0.93681836,-0.3272664,-0.39123148,-0.4972686,0.18803509
-0.124040924,-0.2285849,-0.076970205,0.6184559,0.33895552,1.3704093,0.2775195,1.3177018
0.6409078,0.6283322,-0.96382093,-0.04085604,0.41460103,0.42780915,0.7140427,0.6646324
0.4541466,0.58305407,-0.059268773,0.22253591,0.12894921,-0.7193295,1.5293254,0.24738643
1.3517528,1.3335748,0.18714936,1.8808548,-0.10246126,-0.32867515,-0.7503136,0.7233285
0.7523932,1.1141717,0.8539474,-0.115259014,-1.711494,0.8754092,0.9547822,0.982775
-0.2677893,0.98826694,0.046362698,0.6161575,0.86737245,-0.67495036,0.52274776,0.2453383
0.39157706,0.8877343,-0.39944124,0.0927342,-0.04213433,0.80739355,0.4518272,0.56513464
-0.2349723,1.5374181,-0.5998388,1.3168349,0.93429744,-0.05447963,0.03218607,0.92955786
-0.6258259,0.7080348,1.1873376,0.00413879,0.7649841,1.5062196,-1.1108589,1.3987706
1.8893687,0.56849796,1.2338033,1.0113368,0.36936885,0.44077483,-0.30794838,0.5701294
-0.049126625,0.54390657,0.44612682,0.045380138,-0.9113607,0.7962091,0.08654429,0.6797316
-0.568302,0.84214294,0.27069044,0.17470776,0.24442382,-0.38262296,0.5698931,0.2549187
0.301253,0.8851963,1.9986562,-0.13688153,0.051294938,-0.6398955,0.03219638,0.2968533
-0.6069662,1.1514546,1.4119952,0.87123966,0.79710543,-0.74784076,-0.41627452,1.1044421
1.3230813,-0.06363006,-0.021961749,1.3155596,-0.8662229,0.39415744,-0.0015274822,0.4105828
-0.19529855,-0.116753355,0.3615625,-0.07267017,0.9067366,0.21995541,-0.25421166,0.33129433
0.75158614,-0.38372296,-0.00806959,0.9836311,-0.14744355,0.4508407,-0.026556814,-0.05037248
0.61429876,1.0525764,-0.69806004,0.85324377,-0.20709376,-0.041436553,0.07289164,0.39866102
0.24086818,-0.05882688,0.099544056,0.4137111,-0.120906964,-0.2238203,0.070250265,0.066126734
1.3373837,-0.105462685,0.2923165,-0.23089647,0.9572051,0.40951115,0.0758591,0.13867503
0.039761823,-0.04031828,0.24481621,0.32920614,-0.03580898,0.647895,0.24581335,0.0067320764
1.1034852,0.24140637,1.8684632,0.41087213,1.0179563,0.12471464,0.5134043,0.0047195554
-0.44211957,0.2285686,-0.123407885,0.8153085,0.1448168,0.75992703,0.11028989,0.5381441
0.12365789,-0.4547094,0.22823441,-0.42114976,0.25050253,0.5330168,0.040744603,0.7551981
-0.38946053,-1.0445911,1.011378,1.2420709,1.3407124,1.3439893,1.3549348,0.31912467
0.2102961,0.27867776,-0.21807443,-0.46143577,0.051224917,0.19348589,0.3157071,0.7970307
-0.18844604,0.54208577,0.69485134,0.28809306,0.71989816,-0.34750226,0.2249891,0.4188958
0.050361022,0.6312861,-0.17176594,-0.11509191,-0.32835436,-0.03414361,1.0087491,0.9098122
-0.59316695,0.28567278,0.25982642,1.114921,0.010567978,0.31913358,0.12789573,0.32279146
-0.5461081,1.6453422,0.15249129,1.9204233,0.03786604,0.80747795,0.6869178,-0.39754647
0.08570652,0.18299003,-0.10708465,0.47707495,0.03681174,0.06654864,0.5497107,0.079114296
0.48439777,1.1930007,0.35205325,0.9816042,0.024309412,0.2354649,-0.97705096,-0.35329494
-0.46027818,1.5260882,1.6309341,0.5755955,0.8448208,-0.2907139,-0.37625542,0.5870868
-0.14258817,0.46860474,0.69337857,0.26155734,0.19184652,0.1351942,0.5064971,-0.5049148
0.72757494,0.07738097,-0.56384605,0.20215067,-0.043449566,0.6393391,-0.056218155,0.34577307
0.14374138,0.29671627,-0.30915874,1.4394109,-0.605191,0.6452952,0.7683384,0.31833243
0.55965865,-0.5341566,0.051823437,0.22620648,0.23228724,0.5507872,0.7129058,0.11051984
-0.17911842,0.77158785,-0.27456284,0.24582037,-0.3598594,0.25311327,0.7516152,0.30237854
0.5744978,0.7545017,0.44439858,0.68227166,0.4166366,-1.4900191,0.49660113,0.40718317
-0.21773848,1.4216954,0.19959037,-0.4540135,0.17611231,0.45841825,1.0243365,0.34084597
-0.53203434,0.6037393,1.6503046,0.8990485,0.3220778,1.1065903,-0.5075411,0.6088288
0.9155194,0.045103565,-0.53665346,1.2448442,-0.004551992,0.44978127,0.39462686,-0.11789167
0.4985375,0.39998573,0.8455204,0.92783374,-0.23987107,-0.35557103,2.1226213,0.47523266
-0.7374605,1.3852696,0.9201546,-0.009186976,0.55976546,0.3792853,-0.25215945,0.027563661
0.116062276,-0.8568338,0.5700231,0.9621785,0.08339335,0.3838833,-0.46754548,0.83488774
-0.26576826,0.14625666,0.21473195,0.4246881,0.279639,0.35847187,0.5294021,-0.1603401
0.09180559,1.1316042,0.2917531,-0.49913886,-0.43674797,0.07570451,0.7765607,0.23192237
-0.5369587,0.3913049,0.5469278,1.2429798,-0.25747514,0.65314686,0.35515028,-0.061152905
0.30155185,0.6463864,-0.45447803,0.85802734,-0.41624594,0.22765906,0.9275811,0.082405254
-0.16051593,0.9863528,-0.27279025,-0.13488483,-0.33293205,0.37857926,0.10632834,0.6096939
0.47763184,0.5284302,0.1511776,0.35135075,0.19450538,0.27918065,0.5342895,-0.58432794
-0.28365552,0.09987736,0.4184109,0.2135627,0.3966118,-0.2164875,0.15162341,0.45883226
0.3733393,0.7017305,-0.022576883,-0.42136046,1.0710348,-0.4343003,1.1163853,0.5690738
0.15088505,0.31892854,0.23234133,0.5296387,-0.35804176,1.1538769,-0.053557537,0.2175027
0.23664406,0.44045812,1.6779366,-0.5473537,1.4680363,0.0057660863,0.060002424,0.7412944
0.13244405,0.24716897,-0.1525711,0.03814914,1.0753974,0.24478696,-0.590717,1.0775195
0.3480592,0.2712146,-0.023185894,0.73084146,-0.31682456,-0.14200968,0.5141866,-0.24283639
-0.58127624,-0.39708287,0.92535126,0.98202276,1.2454171,-0.106099516,-0.29771158,0.577468
-0.7009458,0.32101393,0.7120908,0.7515105,0.44524485,0.45240602,0.41840243,-0.23734918
0.0043422356,-0.5681077,0.45506024,0.52147055,2.0235577,0.2911699,0.28778657,0.6353387
0.35665062,-0.06764905,-0.5255612,-0.10745073,0.94809514,0.2519695,0.98255235,0.95485854
0.6932396,0.68397075,0.9282969,-0.4525927,1.2943847,0.80211735,0.30974683,1.5457964
-0.2237229,0.5139841,-0.12269844,0.76349306,-0.7677961,0.70429945,1.2485644,0.9833586
-0.47155055,0.106133655,0.83871907,1.440357,0.1755533,-0.47127563,0.49007648,0.4540927
0.91048855,-0.36715686,0.49232394,0.22524431,-0.20695157,0.007284522,-0.014254967,0.0065695643
-0.1572842,0.34207833,0.2135342,0.3409151,-0.4187044,0.4005276,-0.09099296,0.2572704
0.34128132,-0.22622457,-0.15832873,0.005836107,0.16835988,0.1990764,0.93661344,0.42681697
0.2701386,1.121267,-0.1844631,0.5906564,-1.2603554,0.3271156,0.7558451,0.78402567
0.034988496,-0.14624645,0.12341492,0.5158333,0.24841708,-0.08104873,-0.36853698,0.352615
-0.9977712,0.23925139,1.17133,0.74807316,-0.002951935,0.23760913,0.34030584,0.51330876
-0.09482937,0.6121759,0.16845602,0.9404953,0.64918786,0.26261634,-0.9523418,0.39726263
0.99768794,0.007530138,-0.06996767,0.5925486,-1.2909702,0.392006,0.6027818,1.2470144
1.6183356,-0.5327376,0.9277387,0.8058707,0.9176624,-0.18905807,0.57664907,0.16612582
0.1928531,0.27340454,1.272206,0.85919505,-0.70771474,-0.5367024,0.34996617,0.07425141
0.18175423,-0.089427695,0.26092723,1.3199749,-0.18915842,0.16133769,-0.55819565,0.33427194
-0.1776003,0.9225305,-0.1476994,0.47885478,1.0988901,0.075944334,-0.09497731,0.75584745
0.045805126,-0.005309865,0.97352,0.7230639,0.035715893,-0.3175885,-0.51824045,0.2204055
0.72963727,1.7957109,1.2907559,-0.7502946,0.6936233,1.1156209,1.135697,0.060029373
0.19235045,0.049124196,0.97870684,0.51579535,-0.39369464,-0.5452235,0.020384794,0.29604822
0.44250783,0.13760902,0.16578232,-0.49797717,0.7607365,-0.057084903,0.77673,0.42413697
1.0887145,1.0261234,1.9375077,0.64738894,0.3827852,-0.52796364,-0.69789594,-0.1518209
-0.21690342,0.30326015,1.9550796,0.66637754,-0.06078072,-0.27125713,-0.9891283,1.1903219
1.9417961,0.27544975,-0.64455134,0.8148808,-0.47701162,0.5504935,0.5770744,0.124870315
0.7939183,0.74338174,0.75112146,1.2197679,-0.5356833,-0.9300746,0.16968392,1.6368637
0.45912284,0.19370359,-0.048604175,0.69897807,-0.9274681,0.2559138,0.2068212,0.12715168
0.32590923,-0.17957558,0.9652485,-0.2247791,1.3715227,-0.7054771,0.9540451,0.94470423
0.5402658,-0.756252,0.46519274,0.95780903,-0.49015266,0.21459371,-0.24891502,0.6938632
0.12714368,1.2699844,0.4794489,-0.5646122,-0.33527428,0.04565244,-0.00134425,0.40418926
1.0794903,0.6190852,0.38157123,-0.05139204,1.3111346,-0.085710526,1.0383068,-0.13602272
0.25019383,-0.21333437,0.19695872,0.13950148,-0.7467111,0.5512223,0.6909391,0.70002127
1.3998439,0.50227815,-0.35383874,0.27321294,-0.4918725,-0.46314645,0.57187736,0.49531198
0.65461594,1.2828614,-0.46016765,-0.5144428,-0.108630076,0.36659774,1.1503989,1.1960537
0.76317936,-0.8137212,1.1045791,0.5489285,0.018696323,0.052584946,0.14258835,0.37263256
-0.3301156,-0.21037816,0.6104541,0.7886682,-0.21245866,1.0506318,-0.27286714,0.7739113
0.5336081,0.30944592,0.41082537,1.1859795,-0.48336786,0.03629318,-0.409309,1.2722938
0.8433494,0.10725324,-0.110530004,0.7460151,1.0831497,0.842106,-0.59978837,0.42271307
0.91488403,0.5639554,-0.08907388,0.8149377,0.6878449,-0.08449361,0.044518195,0.37193403
-0.35213193,-0.06213732,0.400007,-0.1543389,1.1045066,0.35810673,-0.30657876,0.809743
-0.07823264,0.42144483,-0.059191436,0.48211685,-0.057448655,-0.26593834,0.44268915,0.23980953
1.340942,2.1060185,0.6435509,0.7433117,-1.0564657,0.37766775,-0.40947264,1.0548673
-0.32848096,0.4083807,0.28683,0.33024022,0.4245851,-0.28892785,-0.2573162,0.50004995
0.76753014,1.2480793,0.9789592,-0.9438376,-0.7683148,0.43116343,1.1396887,1.3548433
-0.23809403,-0.43101287,0.9970151,0.71793866,1.7180259,-0.15372461,-0.5097157,1.2863705
-0.5129702,-0.0131818205,0.43064094,0.43662715,-0.30286855,0.4154901,-0.2541766,0.48566592
0.17127502,0.7902333,-0.14584605,0.07264355,0.64299464,-0.26745895,0.81901944,0.01099772
0.1241262,-0.09891695,-0.0712567,0.6784056,0.015320182,0.18059105,0.5442331,0.14432766
-0.3910742,0.31239533,0.48763502,0.39504585,1.026668,-0.22411752,-0.08856738,0.41230294
0.17016086,-0.17401855,0.28344843,0.9293631,1.2714448,-0.14602399,0.31788635,0.18373205
-0.18604472,0.3856331,0.30770132,0.012515575,0.42673653,0.3579567,-0.47421664,0.14227688
-0.098951615,0.022404984,-0.11261882,0.69885105,0.15726018,0.71211517,-0.38387552,0.77075225
0.1585058,0.8878163,0.70671165,-0.7924075,-0.10783045,0.07199699,0.5327602,0.68894815
-0.0029555373,0.08383675,0.8615453,-0.0034469143,-0.3001842,0.45382565,-0.18854167,0.5970967
0.9935744,0.58426964,0.017577395,-0.25753462,0.7541799,-0.46387923,0.28053984,1.2410213
-0.2836934,1.0033103,0.063973024,0.29807752,0.024170488,-0.21024269,1.1333638,0.56110394
-0.37433463,-0.2890314,0.8145134,1.0375319,0.79945767,-0.50259167,-0.39473587,0.78294015
0.66639984,0.8867942,1.1936088,-0.5737305,0.23533572,-0.32756588,-0.28842935,0.39534312
0.58868784,0.73477423,-0.12014629,-0.3664954,1.7559302,1.1140146,0.54612696,1.2650919
0.31775475,-0.35113698,-0.25917023,0.226805,0.19113466,0.4954478,0.34527302,0.43553424
0.8187342,-0.42853993,0.30367556,0.76829773,0.16211797,0.2330817,-0.39048585,0.09547348
0.7233426,1.0587517,-0.489931,1.5153055,-0.008551285,0.6757303,0.73498255,-0.58419085
1.8341393,-0.3334667,1.1748184,-0.13660464,0.53314734,0.71953374,0.25540748,0.49863306
0.23378092,-0.2959655,0.21912721,-0.3034479,0.47619617,0.014691144,-0.011537494,0.25872162
0.23603418,0.1284431,-0.08299419,-0.31068066,0.42620856,0.72942555,0.43372393,0.56992674
0.35443348,-0.40657765,-0.327281,0.08787616,-0.20178516,0.75225806,1.1441132,1.3841007
-0.27769154,0.83528453,0.35211712,0.42006707,-0.25070632,1.3624206,0.75083566,0.24777138
0.3978227,-0.13238592,0.28557146,0.5080512,-1.1836843,0.5311154,0.80592936,1.5243802
0.37102845,0.29358786,1.4501559,0.1989289,-0.32922316,-0.022407442,0.22812015,0.2107844
1.0093461,-0.10126634,-0.021156773,-0.23008776,0.6558308,0.6069022,0.87718695,0.081429414
0.89864355,0.49654186,0.3271938,-0.5497685,1.086175,0.69161016,0.61184496,1.1580935
-0.6133471,0.023036867,0.55092245,0.41873384,0.30900246,-0.014508881,0.7270995,0.26899368
0.30132127,0.08605154,-0.1815287,0.5413662,-0.038033277,0.23543909,-0.43910077,0.3574068
0.5195215,-0.26193088,0.3141907,-0.12735647,0.31099862,-0.024226308,-0.19303897,0.17908242
0.6363941,1.0085145,-0.33339167,-0.052224316,-0.19432478,0.40679526,-0.072579265,0.0032132864
0.54235333,-0.5780416,0.4870339,0.61145943,-0.102224186,1.0393178,0.37632555,0.39358816
0.4122528,-0.66561115,0.5898062,0.8133204,0.2771548,0.7004334,0.049423143,0.4488312
1.2403783,0.1427872,0.6872789,0.119382106,0.15923859,-0.048070714,-0.121213675,0.27497214
1.1435614,-0.39329153,-0.020558342,0.33382687,-0.20300113,0.63042176,0.8430037,0.030611143
-0.44198376,1.4423999,0.5505408,0.15424055,-0.6344854,0.66947293,-0.03384999,0.26890695
-0.011356242,0.1655312,-0.20027198,0.28325048,-0.25797933,0.30858296,0.33164176,0.5304042
0.30838546,0.07075231,1.1656667,-0.010250606,-0.06112282,1.4576195,0.49971798,1.3973955
0.22269571,0.16957875,-0.16989349,0.015751623,0.09871557,-0.2098751,0.10638154,0.33543366
0.40283886,0.8536475,-0.20738845,0.7949422,-0.155713,0.20700952,-0.73257965,0.26520252
1.0294739,-0.5824446,0.0059052557,0.23150027,-0.13159229,-0.100627676,-0.13881975,0.45256296
-0.4983181,0.23072769,0.39125925,0.65259606,0.47919732,-0.15164703,-0.28248557,0.5870416
0.82506204,-0.39370638,-0.12812574,0.5071399,-0.21118473,0.32724252,0.2264945,0.2689722
0.8541283,0.90359426,-0.39932185,0.60511714,0.43791294,-0.3038351,-0.44760975,0.12599602
0.032595977,0.17538022,2.3386374,0.4083159,0.21385805,-0.24020669,-0.64744395,0.54299843
-0.6738063,0.0064720362,0.80421525,0.8877605,0.5244412,-0.07113463,0.60977715,0.3187244
1.2313534,1.6260633,-0.5003831,0.34586948,0.22212513,0.33238775,-0.26765165,-0.23843989
0.1674926,0.22503819,-0.2846229,-0.035480812,1.5109458,0.1772752,0.33211836,0.8966735
-0.94498366,0.65969914,0.60629666,1.0148759,0.6295005,0.6968434,0.5416419,0.5942519
0.2750226,0.35140777,0.3942207,-0.25708267,-0.58859813,0.63452107,-0.097806744,0.5558015
0.023662183,-0.46359062,0.4106269,0.89109474,0.09804869,0.17373678,0.30413604,-0.047811598
0.2030307,-0.32624888,0.04582674,0.32803914,0.12500046,0.082104325,0.384606,0.079990536
-0.028705772,-0.15740463,0.26821548,0.08108666,-0.59396654,0.48218685,0.17539068,0.6785582
0.45866185,-0.24283005,0.70519894,0.76622146,2.1196551,0.6442819,0.23418872,1.1950202
0.5807519,0.31698298,0.42737228,1.9356023,0.027158812,-0.9962647,-0.14614913,0.73826313
2.1946077,1.9148941,0.6095383,1.1071293,-1.5344985,0.02984947,0.7944397,0.7106105
0.58334917,-0.47083884,0.016809024,0.9868458,0.49741948,0.92225087,0.033100866,0.11457403
-0.8493695,0.5403962,0.29914835,0.4933749,0.3371545,0.9648988,-0.3218394,1.0881138
0.80435914,-0.39557636,-0.15861307,0.12268035,0.021049485,0.53629315,0.6015734,0.4792342
0.32584968,0.23875047,-0.20038866,0.6551286,-0.25377578,-0.00074274093,0.43659732,0.16964638
0.39844954,-0.2973407,-0.37215048,0.091391824,0.1327674,0.31853154,0.32254636,0.4351534
0.4769759,0.77149796,1.2036659,-0.2081081,-0.70705014,0.9938485,0.979402,0.49092668
0.58404875,0.27449512,-0.17863555,-0.019180842,0.4856738,-0.5055876,0.80997366,0.117751814
1.0699694,0.5205254,0.16337453,0.10682789,0.18756928,0.77823985,-0.78388745,0.42621863
0.94010824,-0.5447567,1.7575271,0.61367106,0.20151336,1.3975475,0.26709166,0.9464256
0.93367475,0.74119276,1.2602724,0.7453634,0.102946594,-0.30466774,0.20447098,-0.1969043
1.13293,-0.23167248,1.1517237,1.3512468,0.5380674,-0.4962641,0.16536306,-0.2747395
-0.1445165,-0.34909493,0.52601504,0.45772085,0.6172434,0.5251025,0.028029514,1.6770047
0.40670633,0.24229576,-0.02701591,-0.07486781,0.54685146,-0.41380692,0.76243776,0.21787561
-0.10206079,0.9181453,0.30250812,0.33532763,0.105345294,0.53670895,-0.89936763,0.31513774
0.6524805,0.5464347,0.25391442,1.552429,-0.45903242,-0.4187007,-0.22658436,0.79757154
0.5548621,1.2558147,0.20986377,-0.32806176,0.5453683,-0.82033134,0.75530607,0.4751477
-0.06341446,0.4214487,-0.03713593,0.7226719,0.050441146,-0.5924946,0.36903235,1.0731969
-0.19880533,0.23242418,0.93915987,0.51072514,0.49564648,0.651,-0.92810184,0.6105462
0.7122769,0.127093,0.4748,0.040060274,-0.010281071,0.9388869,-0.014409313,0.38046628
0.3534192,0.6571171,0.73054266,0.15079057,0.36480516,0.830733,-1.1881121,0.21625325
0.061871216,0.48965955,0.6615934,-0.061085947,-0.2309476,0.4574744,1.263794,-0.07067396
0.9828326,-0.5842378,0.88163316,0.40430173,-0.121203855,0.96299523,1.3142573,-0.29628414
0.05233358,1.4929401,0.81592226,-0.6335699,-0.36231261,-0.2895474,0.5889868,0.27486405
0.19585925,0.9331497,0.78982234,-0.1562942,1.6691542,-0.9435148,0.68680483,1.093183
0.115939535,1.2374433,-0.060045734,0.6383099,1.537981,0.34437463,0.19369121,0.4058652
0.7672343,1.442873,0.7755732,-0.1543271,1.8290114,-0.20318264,-0.37854013,0.7675093
-0.29850683,0.07949391,0.5820054,0.08312791,0.060841,-0.1446911,-0.20497252,0.2036559
0.092078306,1.520287,-0.13531817,0.31427667,0.9585102,0.6448626,0.5631455,0.74321836
0.7638125,-0.04994817,0.32506853,0.65375334,-0.15914418,1.1308544,1.6821257,0.45652306
0.39715463,-0.18883409,0.49541247,1.3545411,0.043070003,-0.09362826,0.18161154,0.73691535
0.4179208,0.27197546,-0.24039297,-0.34169707,0.21046348,-0.14540309,0.6017408,0.6849265
0.16569668,0.26100445,1.326376,1.3149631,0.9584,-0.12433058,-0.80114394,0.52142453
0.23819733,-0.09155691,-0.04753743,0.50422686,-0.096551895,0.23261373,-0.40363288,0.33212876
0.3029647,0.3923623,-0.27025872,0.21423605,-0.53772527,0.6822696,0.33161995,0.40858495
0.3930195,-0.12219913,-0.1939662,0.22020677,0.5967797,1.0593344,-0.2641391,0.6146685
0.3616803,-0.20666708,-0.33745813,1.2951317,-0.25667763,0.5021862,0.40018156,0.22842382
-0.3692597,0.7889768,1.6716453,0.18258503,0.15678205,-0.12842834,0.48865172,-0.086825386
-0.54393595,0.49622512,0.4255392,1.0414786,0.6012631,0.009904698,0.0052277953,1.2846842
-0.26051423,-0.19086783,0.4604118,0.6793224,0.7131885,0.41631898,-0.31130698,1.0096613
0.05729308,0.3576451,-0.10470034,-0.17919996,0.60613585,0.04497878,-0.39274004,0.6041293
0.67811966,-0.06701122,0.09103149,-0.38449407,0.6332686,0.011527538,0.2928178,0.24620977
-0.48968282,0.6193506,0.24516986,-0.077974,0.6170202,0.08802223,0.27263334,0.716871
0.2696375,0.7831553,1.074497,0.7737786,0.5708493,1.0957599,-0.55940646,-0.36088815
0.7356007,-0.19732262,-0.19589193,-0.25529972,0.4022115,0.5357567,-0.098531485,0.32714427
0.8797526,-0.23805983,1.0917187,0.7101461,0.6774685,-0.29318386,-0.07386881,-0.15518788
0.34510368,0.99810684,0.23719859,-0.5622084,0.4831624,0.07239476,0.008549003,0.04565248
1.389845,-0.5142333,1.3885936,0.9404928,-0.32928997,-0.4903512,0.16619115,0.23251212
-0.04355114,0.16307038,0.16918385,0.3621959,-0.24346332,0.3369796,0.20933695,-0.049952418
0.44541812,-0.6403317,-0.042244345,0.30628005,-0.14027695,0.28552133,-0.15300201,0.4409847
-0.69509906,0.35730755,0.7038335,0.29501528,-0.033476844,0.6840548,0.24030031,0.45170718
0.34920707,-0.17350486,0.13521756,0.23811695,-0.3989293,0.14720084,-0.117774144,0.25696987
0.6369423,-0.34808582,0.77193475,0.08257014,-0.1799434,1.0115185,0.35623518,0.44240916
0.88715094,-0.1303962,0.5222901,-0.4670672,0.49825168,-0.33708426,0.87670106,1.1194706
-0.09640863,-0.3812915,0.089556485,0.26753172,-0.058193073,0.2952642,0.31058407,0.35810775
0.6495798,0.27783543,-0.2325439,0.35939306,0.24458326,0.37823436,0.82598084,-0.1020568
0.24182251,-0.01227732,0.0228813,-0.257845,0.67323095,-0.10354945,0.21056776,0.43072367
0.5700787,0.39209324,0.47017056,1.0317814,-0.14612903,-1.351003,1.0721995,0.7605806
-0.27255532,0.22724749,1.4733044,-0.28426024,1.0402958,0.29863533,0.01068664,-0.2783841
-0.23723903,0.24930201,0.60186553,0.61309177,-0.030229956,-0.1564767,-0.7790635,0.5486463
-0.31105337,0.40175164,0.46671718,-0.18199408,0.16903816,0.79744864,0.14906283,0.7999933
1.0198386,1.630743,0.57598925,0.29749408,-0.4725504,0.29307872,0.0287453,0.026350923
0.8635975,0.026529416,1.3208528,1.1607419,-0.38548094,-0.80211705,0.0811179,0.5040818
-0.2990112,-0.24246919,0.16639823,0.82709485,-0.035795927,0.34700468,0.3024207,0.4482168
1.3770431,1.2101481,0.5383827,-0.04849354,0.7927063,-0.20758867,-0.2925637,-0.11156684
0.07193485,0.82931,0.87976307,0.9081091,0.6806416,-0.72857976,0.84168047,-0.49583018
0.17162734,0.3295508,0.52000594,0.90035933,-1.0890732,-0.0047852993,0.72730523,0.5251634
0.8860459,0.071623996,-0.06487061,1.0120493,-0.17985834,-0.11627567,-0.13414396,-0.08397785
0.26989186,-0.2371694,0.13017848,0.36689255,0.90605754,0.17889224,0.29051104,0.13129994
0.37736952,-0.16468672,-0.49946636,0.80126935,-0.5253695,0.6199693,0.48050365,0.7891745
-0.020768348,-0.4058122,0.8359337,0.60699415,0.20311418,-0.14328101,-0.37979263,0.25293848
0.09378126,-0.34010094,0.019328259,0.16262713,-0.051810175,0.32044163,0.26707652,0.22435093
0.24396923,0.7854824,0.7079567,0.21036246,-0.32063276,0.049873024,1.7747234,-0.2061002
-1.4800401,0.81740326,1.3896812,1.4304068,0.99751776,0.1380426,-0.37475798,0.2978149
0.9152851,-0.009034112,0.15800056,1.4002666,0.42843395,0.36915642,-0.9401988,0.37110522
0.80200857,-0.3834625,0.27095002,0.46832237,-0.5296185,0.16549148,0.49318337,0.25717235
0.7082961,2.124677,-0.6774251,-0.24152693,1.7859952,-0.52886665,1.190141,1.6680148
0.58559394,0.05763741,0.39075828,0.5910482,-0.12801366,0.18161161,-0.7526128,0.7557742
1.1080958,0.26050085,-0.23881508,-0.10868988,-0.17580374,-0.2873895,0.25015625,0.23948395
0.07836226,0.33659607,0.63395154,1.0689564,0.7885108,-0.60372,-0.56196743,0.48686135
0.8046585,0.16955648,0.93073237,-0.011884801,0.62618524,-0.40996265,0.08907888,0.15131114
0.12818375,0.49925756,-0.23394497,0.3706163,0.5728531,0.44946536,-0.5147442,0.48334828
0.64748895,1.0707937,-0.5117516,0.09404898,1.0525643,-0.40844786,1.8285967,0.37645176
0.19576299,0.09287827,0.1023096,1.0584601,0.02768454,0.50743186,-0.38066748,0.22819059
0.01913659,0.17933244,-0.04251936,0.6190503,-0.065890655,0.2994617,-0.43858063,0.28345284
0.13570008,0.5654054,0.6206004,0.0011181608,-0.61373746,-0.28185135,0.22706245,0.474812
-0.09762729,0.29888308,0.44989133,0.3499501,-0.57723397,0.3392994,-0.42654875,0.55192065
1.4017086,-0.1782607,-0.3923062,0.4747382,-0.3305633,0.3925891,0.8376981,0.98471785
0.11872989,-0.031069234,0.5410344,0.99648935,-0.37796754,0.69354755,-0.18475564,0.19751088
1.4526054,0.40011013,-0.63018095,-0.097963355,1.0406537,-0.41019726,0.52695835,0.61115146
-0.2192601,-0.887408,0.9877242,1.2483815,0.51008534,0.4768151,0.4110775,0.56431556
0.047285955,-0.21199396,0.23680049,0.8866164,-0.2565803,0.71555185,0.483031,0.018767908
0.08513026,-0.09597853,0.1008459,0.47418985,-0.31907403,0.24754937,0.31213883,-0.020591646
0.75919896,0.48116755,0.08383432,-0.31356347,1.4691126,0.03617447,0.68524206,0.21971506
-0.0073086508,0.6804109,0.0010371655,-0.26559588,-0.52416563,-0.016510062,0.26722223,0.6295586
1.351708,1.3678299,-0.4836142,0.21745774,-0.12918554,0.18428667,0.100644596,0.36250082
0.91025114,1.0448141,-0.5666581,0.6342728,-0.80856234,-0.5357807,0.8619861,1.1295336
0.008083802,-0.31853652,0.3721,0.8808722,0.32345998,-0.4290477,-0.021950055,0.6222819
1.1874242,-0.38254225,1.3047308,0.4308299,0.61701626,0.6166095,0.2631001,0.5014049
0.12150097,-0.2475769,0.08585245,0.10588072,0.21571475,0.07984458,-0.15284927,0.47362605
0.78381443,0.33951938,-0.3903286,-0.2376773,0.01890342,-0.03820391,0.61717016,0.60732335
0.31756765,0.3859895,0.12738404,-0.2464754,1.3886021,-0.35433316,0.4767476,0.74187124
-0.16476867,0.00040863454,1.0693177,0.82999927,0.55012786,0.73495775,-0.7919705,1.0368266
0.8522264,1.4586836,-0.7837306,2.3550446,0.6384445,1.360537,0.29896942,0.59723544
1.0558327,-0.39962262,0.26040953,1.2059305,0.5376802,0.73255837,0.014889514,0.10294436
-0.48938844,0.054398283,0.4392135,1.1201324,1.0222682,0.2629114,-0.715361,0.9918216
0.30058616,-0.12232472,1.2830008,0.67143476,0.051072165,0.7444682,0.9322861,1.5107915
-0.4250776,0.70861065,0.13177913,0.84767306,0.7079231,0.31802738,-0.8588618,0.4960699
0.57036495,0.90406585,-0.4343816,1.1512702,0.2716381,-0.49738294,0.24872942,0.48836023
0.8727157,-0.19829698,-0.42486632,0.9313062,-0.39860713,0.6486191,0.36098433,0.2189437
1.3957657,0.14358895,1.1744082,-0.19437984,0.124182895,1.5918493,0.94689524,0.08621423
0.6551773,0.26068538,-0.28107876,0.14744452,-0.053116187,0.6834564,-0.48375264,0.40635198
-0.47546455,-0.015828833,0.58918804,-0.10571588,0.09767114,0.17492579,0.3991725,1.0852717
1.0184901,0.0020554513,-0.11891946,-0.122529246,0.9610511,1.5267241,0.4215516,0.447093
-0.16518152,0.06067379,0.18808925,0.79804367,-0.10669057,0.09499382,0.29790774,0.58730555
0.15933588,0.024023727,-0.066639096,0.058347665,0.41314447,0.10255844,-0.20701909,0.43417913
-0.8124008,0.6265383,0.35038257,0.3414834,0.39655864,-0.07382798,0.14717428,0.3633921
0.019672237,0.74700505,-0.059287146,-0.13727298,0.34190124,-0.0018628687,-0.06928175,0.2301864
-0.08369296,-0.3358711,0.116587505,0.48590022,-0.34049588,0.48462152,0.19846933,0.4248686
0.2112535,-1.0673099,0.50886136,0.73865974,1.1003449,0.98671377,0.51314074,0.7221039
0.78184587,1.3566167,-0.17060314,1.5397058,-0.15422417,0.12918529,-0.0006457134,-0.049711347
-0.80550444,0.37593478,0.27514213,1.6912884,-0.6937402,1.1766278,0.60806113,0.8957182
0.503078,0.49532306,0.057618305,0.5772983,0.6906743,-0.83019686,0.08340398,1.0634161
-0.06287455,0.30039382,-0.0323724,-0.19748032,0.3849514,0.6682316,0.041958336,1.541352
0.88027114,-0.59047294,0.29429212,-0.0011744201,0.22324984,0.72899425,0.3721749,0.18686593
0.6228103,-0.27413815,-0.2893095,1.7029672,-0.33551514,0.56343484,0.20566006,0.275335
1.2965996,0.5387542,2.345817,-0.864563,0.58739483,0.4431128,0.32009053,0.56696177
0.47620752,0.053970084,1.5092767,0.15691242,1.5534942,1.0787958,-0.4849256,1.287594
0.358406,0.5970594,0.38894248,0.49832243,0.88266593,-1.1408693,0.7939178,0.8869525
0.5491869,-0.3792976,0.9641352,0.77255166,0.6444721,0.43463588,1.4664451,0.757875
0.15733859,-0.015549794,1.1445397,1.4064623,0.5658277,-1.13554,-0.16194914,0.9667197
1.4678385,0.5029022,-0.08918783,-0.11091218,1.2376959,0.21843044,0.40797004,0.31144807
-0.06887046,-0.25169736,0.2553453,-0.055214472,0.27533758,-0.15682396,0.011291912,0.5562927
-0.43548295,0.6968622,0.28768533,0.32493594,0.004410386,0.12081199,-0.020341644,-0.08026804
0.80779296,0.84055877,0.4211321,0.6549041,0.28369933,1.25441,0.64888686,0.27221513
0.8920306,1.3563902,1.2883648,0.8721985,-1.5450834,1.1072087,0.4408639,1.022845
0.9498724,-0.7681013,0.5859119,0.33608505,-0.065605685,-0.39571944,1.202406,0.5556249
0.17239448,-0.28119296,-0.03174992,0.26285964,0.4754023,0.11604427,-0.122556806,0.83969676
0.4161332,0.108530834,0.14748985,1.0409778,-0.21862133,0.73129576,0.94732493,-0.70243233
-0.24896559,0.2864337,0.19702989,0.6504546,0.47881758,-0.16989669,-0.23170575,0.5359869
-0.2428163,-0.05340463,0.049147055,0.5143842,0.2241209,0.3747291,-0.22589254,0.3414083
-0.79660904,0.5872876,1.5295881,0.99589616,0.16448365,0.3924263,-0.26821545,1.5172886
1.2598419,-0.033948258,0.15724476,-0.27764526,1.6766124,-0.4568569,1.6257503,0.83196735
0.19978413,-0.42578375,0.79118526,1.1104071,-0.44915444,0.5186007,0.16509281,0.72508234
-0.17390776,0.32004333,0.17600651,1.0674349,0.14928421,-0.017860219,1.4802803,0.41448957
1.4383947,0.40600723,0.5966091,0.7515493,1.5658287,0.9192222,0.30428448,0.74892366
-0.6077711,0.9747629,0.90807974,0.2126863,-0.8730467,0.8890315,0.7797418,0.54468787
0.89797527,-0.5819819,0.85705715,-0.21186537,0.6780614,0.45423687,0.9838819,0.036687024
0.00037846714,2.299287,0.028534576,0.354483,-0.2480637,0.76297015,0.6055912,0.93683887
0.8163971,-0.5048948,0.5496626,0.9822284,0.18428703,-0.26357126,-0.17767166,0.62105095
0.19532481,-0.107290134,-0.06346919,0.38336498,-0.0033783168,0.7637382,0.030033847,0.21164235
0.065875635,0.81365675,0.19682254,-0.044855006,-0.5758391,-0.10077092,1.0231522,0.97303367
0.012208391,-0.19422674,0.33495253,0.21168077,0.3514763,-0.39012483,0.08877321,0.41147518
-0.95099664,1.1432375,0.22830333,0.3528982,-0.46266145,0.5677079,0.5021226,0.51641715
-0.67141134,0.23034965,1.338462,0.92198175,-0.026516363,0.56464356,0.08280547,-0.053608343
0.23116028,0.062237784,-0.28120685,-0.32538053,0.31800726,0.2844451,0.019806465,0.6614462
-0.24508354,0.7731347,-0.11453022,0.6221847,0.5280494,-0.37516856,0.8083187,0.55574155
-0.70871645,0.1676002,0.8573433,0.49334672,0.0800713,0.33549914,-0.48042622,0.5993708
1.3108939,0.59755504,-0.2780763,1.5123062,0.031276003,0.68756026,1.0505369,0.45496258
0.6401349,0.30305886,0.15949953,-0.2744413,0.4139371,0.0035131127,0.776558,0.19104844
0.96271306,0.7974094,-0.58133566,1.4966961,-0.2755419,0.09282258,-0.19445625,-0.0605551
-0.67234915,0.5302455,0.2990694,0.9152272,-0.10295789,0.21454147,0.12734479,0.19510116
1.2147111,-0.2595126,0.32582778,-0.110305734,-0.09152885,0.3901387,1.7285199,1.6805661
0.9686504,0.75521415,0.6327387,0.08853713,0.032577172,-0.18581766,-0.65384597,0.9774672
-0.051295646,0.22014193,-0.11558308,1.2952797,0.06148994,0.7782512,1.1373456,-0.1175558
0.9910664,0.7463594,0.2362556,0.053224154,-0.29376203,-0.95376575,0.20072648,0.3323239
-0.13834822,0.7615708,0.070831865,-0.37842402,-0.23692353,0.43003315,-0.36308116,0.48717526
1.2529584,0.16624276,-0.35011387,0.91592634,-0.56493574,0.2773655,0.3311654,-0.35134476
1.1057416,1.4455764,-0.7319841,1.0405208,0.4844551,-0.14076696,-0.21391517,0.17603475
-0.2278203,-0.14011203,1.1997906,0.5388941,0.10847615,0.09489073,-0.054637995,0.42779455
-0.28284916,-0.016520858,0.42451882,0.53777957,-0.009940088,-0.14881301,-0.28602234,0.22923507
0.15046108,-0.23677005,0.8206725,0.4227957,0.44168854,-0.8817066,0.52351964,0.999618
-0.79488295,1.0570519,0.64622986,1.3971771,-0.4385754,0.61547863,0.054827124,-0.114981234
0.5191001,0.024830028,0.19998401,-0.22086856,1.53695,0.10341498,0.3010843,0.3774184
0.029371982,-0.12392728,0.18948653,0.035781343,-0.2776127,0.063883886,-0.21277474,0.46392414
-0.11222803,0.6358333,0.6210183,0.8811166,-0.18720578,0.59309655,-0.35775405,-0.0006420016
-0.06383339,0.3052972,0.025995985,-0.073488705,0.1204301,0.28025776,0.035368375,0.20804337
-0.41251147,0.74549854,1.2309629,0.11672803,-0.6443063,0.7406817,0.72314614,0.44980824
-0.2559692,1.3832233,0.29594332,0.73104036,-0.27700973,0.32428336,-0.22017689,-0.15799549
1.0059643,0.6010864,0.31721646,-0.88071185,1.0645895,0.40142468,-0.027862499,0.20390174
-0.3641917,-0.3645305,0.7429154,0.686852,1.4909573,-0.32308543,-0.13902225,0.8652795
0.16490263,0.32098705,0.07914029,-0.36586535,0.5508963,-0.00012645125,0.71101767,0.23139286
0.29826796,-0.25197417,0.11575226,-0.39592078,0.88291,-0.10622707,-0.16867638,0.8455437
0.35568795,-0.15551387,-0.19349258,0.7974288,-0.52865887,0.4034549,0.068655476,0.2728067
0.299896,-0.25418252,-0.041783437,0.14274982,0.11317867,0.2637241,-0.15097673,0.35718185
0.34915677,0.013240024,0.12622121,0.32304746,1.2382152,-0.011019751,0.008918777,0.6372867
0.8550795,0.4953707,1.5535163,1.8588812,-0.10395233,-0.021515906,-0.3965377,1.1862239
0.6108281,0.54306734,0.05192764,-0.29887673,-0.079332516,-0.39503855,0.4853994,0.43431208
0.44784233,0.36454928,-0.32760048,-0.044128507,0.23464389,0.53904706,1.2011294,0.35114485
1.0343835,0.48609138,1.4763212,-0.07317362,-0.276017,-0.3425344,-0.8315657,0.77203435
0.197983,1.4624003,-0.312689,1.4774336,0.6087876,0.3730886,-0.8763743,1.3666813
-0.54312134,0.2264977,0.84705925,0.40906483,0.041257173,-0.14300211,0.1984561,0.83243185
0.43368316,0.8536556,0.23994991,-0.18902162,0.8152282,-0.57088727,1.4244348,0.44082543
-0.3902775,0.41751385,0.46785706,0.4970843,-0.563502,0.3238993,0.21739058,0.3226951
0.15743235,0.5668639,0.056874588,0.45694932,0.47393668,-0.5972259,0.338484,0.35792077
0.9688645,-0.7416998,0.33840322,0.26468176,0.064698085,0.3463559,1.4160497,1.3109444
-0.86756796,0.87570894,-0.027004674,0.942448,0.41131198,1.0111232,1.2611692,2.2011302
1.1252574,0.46627837,0.56438154,0.9231565,-0.022677168,0.40269974,-0.6863236,0.15562074
0.17723787,0.720559,0.29553378,2.526584,-0.5467308,0.4678644,0.43630224,-0.18245569
0.009355117,0.92205566,0.17380008,0.661565,0.25449127,0.41391665,-0.99732214,0.20526819
0.30134103,-0.45950603,-0.046215415,0.3854112,-0.157925,0.54194796,0.4828219,0.13637629
0.25305936,0.13488723,-0.010990486,1.2318001,-0.18983991,-0.37858737,0.50756836,0.27154976
0.18709567,0.22605719,-0.037901282,-0.03438379,-0.010079652,-0.07968326,0.36919534,0.124600075
-0.38368136,0.3787343,0.19233079,0.23204827,-0.035213515,0.2897928,0.34880528,0.17927006
1.1520458,1.0504432,-1.0897722,0.4325966,0.48962682,0.44825876,0.2621123,1.4251435
0.7542933,-0.6174582,-0.15434338,0.7599301,0.69112575,0.79324454,0.93669015,0.17884848
1.2870356,-0.4191051,0.7074697,1.2679505,0.13674362,0.62911963,-0.19642466,-0.2614159
0.38022095,0.26805538,-0.3394801,0.30306,0.026122317,-0.13632762,0.5451869,0.36448494
0.09993032,0.77273834,-0.28858328,0.50390947,1.2186328,0.07657577,-0.011069233,1.8281324
0.5104748,-0.39736068,0.6865385,0.2999635,0.67979383,-0.17878124,0.01204606,0.9098766
-0.17022955,-0.53268546,0.47573358,0.9736871,-0.2815312,0.76612675,0.06917657,0.46838638
1.1874367,0.5772931,-0.097396255,0.669439,-0.692629,0.15093955,-0.4176039,0.2901196
0.012806594,0.2381774,0.27627063,0.21065897,-0.49425495,-0.052093163,0.33195636,0.084676795
0.58012897,-0.0020318478,-0.23721458,-0.22643936,0.5432045,0.22990434,-0.31727916,0.76103073
1.3556962,0.27043062,-0.101083845,0.7355834,0.6728196,0.54277015,-0.58561045,-0.20452529
-0.44715518,-0.10588284,0.5082281,0.6283972,0.025990784,0.97406095,0.77715534,0.12660642
0.6249449,0.43976843,0.7447048,-0.16282514,-0.7419802,0.7537632,0.19956052,0.5353177
0.44937408,0.20803432,-0.21339943,-0.1722185,0.3529638,-0.071472764,1.2284694,0.90447867
0.47307816,-0.21029027,-0.051767096,0.6517355,-0.25992662,0.41092086,-0.11948635,0.09732519
0.067329064,0.13714889,-0.017742291,0.9753072,0.011358187,-0.30740532,0.10795667,0.20154026
1.2058412,0.2874087,-0.1192763,0.28389588,0.59396213,0.019876808,1.1000234,-0.08336559
-0.061496116,0.39772534,0.26031393,1.3926253,1.7841995,0.13326547,-0.41780528,1.1830697
0.5658181,-0.3852374,0.60781497,0.14742424,-0.7945158,0.7929485,0.7146568,0.5819333
-1.1519395,2.7500567,0.69403946,0.14332092,0.6057454,1.2527964,0.1570578,0.92641777
0.4281622,-0.01804541,0.63115233,-0.056547828,-0.3741889,-0.08874716,-0.119867,0.33006263
0.2890687,0.31855148,-0.25902134,1.7046536,0.45160747,0.4029506,0.29325253,0.51128364
1.4566482,1.0315062,2.1806545,0.058275484,1.3898215,-1.3499296,1.7143081,0.75394076
0.20084217,0.7253151,0.65300477,-0.011975251,0.5467868,0.37790772,-1.0273784,0.40726233
0.2138513,-0.031278998,-0.22575729,0.37315527,-0.21086271,0.1846007,0.5675283,0.3303877
0.14580682,0.14779063,0.5029681,1.3297623,-0.73798555,1.1509136,1.021325,-0.10423663
0.33758822,0.72308636,0.9317994,-0.38756582,-0.0060617477,-0.90951073,0.62596613,0.5519384
1.3182622,0.49194515,0.39327782,1.3376898,-0.0559303,0.34923214,-0.8296973,0.38327095
1.6714298,1.6044959,0.7046392,-0.4680381,0.23058428,0.34906283,-0.45989594,0.2420518
0.12507784,1.0823336,0.0871457,-0.24150947,0.73854405,-0.7732657,1.8086452,2.20946
1.216451,0.49274826,0.3239067,0.26138315,0.47431797,0.58922493,0.49693146,-0.64215744
-0.20130926,2.6080856,0.8732711,-0.37268117,-0.23856308,0.55821097,1.0315475,0.72931415
-0.4394889,0.3456539,0.022950262,0.5434961,-0.5942666,0.70307153,0.9759756,0.41519025
0.47581115,-0.08678286,-0.13972162,0.95262426,-0.46563995,0.2981489,0.086158045,0.07218866
-0.064097546,0.21761507,-0.245975,0.015171029,-0.09414168,0.35149285,0.18322626,0.8284467
0.70974106,1.9807273,-0.07028617,-0.39432046,1.400738,-0.003985949,1.1259406,-0.16822973
0.3766364,0.38942057,0.5028042,0.8984149,0.2850297,-0.50073516,-0.8538751,1.1779703
-0.034826547,0.085738614,0.17383504,0.12007432,-0.5101728,0.2967695,0.4805149,0.3743021
-0.17840451,-0.36016476,0.7672727,0.8535369,-0.32366395,0.033482984,0.6148557,1.3302289
0.18260586,1.6557174,-0.026924476,0.8571326,0.32716405,0.32183707,1.1151079,-0.013533741
0.36259127,-0.29203707,0.59131217,0.38942137,0.01465793,0.4361588,0.9209447,0.20522782
-0.10076522,0.12966329,0.13006943,1.2793787,-0.40979862,0.040129602,0.36622354,0.117094755
0.7662508,1.5273043,-0.8274283,-0.064983256,0.8941016,0.26260763,0.025324484,0.8371218
0.6743897,-0.21940984,0.3357297,-0.20281637,1.8110933,0.11867711,0.12123696,0.8793949
0.5251812,0.160933,1.3616782,-0.33240375,0.5073206,-0.097525805,0.10066616,0.53905904
0.35868418,0.62656415,-0.14999314,1.7026649,0.033113524,-0.3102858,-0.056295294,0.48965007
0.8849991,0.23796357,-0.19504456,0.33309558,0.124185696,0.18047215,-0.7117213,0.45567995
0.0025749952,0.37139094,0.068589576,1.4687185,0.9451538,0.5488689,1.5429087,-0.25410387
0.15157558,-0.08680974,-0.11187218,-0.40415505,0.8416758,0.18959133,0.123177625,0.6994587
0.76045686,0.5861856,0.31262863,-0.804919,-0.03120388,0.40490353,-0.06498168,0.34984958
0.5321884,0.32767963,0.03234975,-0.09749069,0.009799615,-0.60138464,0.43655142,0.4494794
0.053153746,1.2520654,0.702896,-0.6648592,0.83510095,0.17207803,-0.32862332,0.16839549
0.8736616,-0.38892794,1.0346816,0.19963399,-0.8877104,0.44224215,0.7526038,0.7450305
0.6418986,0.06293796,0.2506684,-0.265137,0.6003714,-0.2935482,1.0116102,0.15746385
0.026280202,-0.16112007,0.27134144,-0.5629157,0.55226934,0.30512792,0.145999,1.5225594
0.31412998,0.38494295,-0.44816595,0.23232663,0.64021647,0.5629039,-0.22855781,0.71332395
-0.19296983,1.0790108,0.48295623,0.03563603,-0.51039946,1.3877409,0.5867683,0.3752735
1.0018364,-0.1945713,0.8006455,-0.46400806,0.25721568,0.32288945,0.5418039,0.054291926
-0.09535333,-0.015741125,0.4103964,0.11888293,-0.1950265,1.0116606,-0.04379899,0.8392093
1.0518955,-0.4004346,0.05288647,1.6548516,-0.075797275,0.17876771,0.62037176,0.6270633
0.30275643,0.2880805,-0.17439114,-0.7193778,1.4703584,0.41732442,0.33868265,1.2765719
0.1888507,-0.2363566,0.8300566,0.1893389,-0.25667512,-0.49606335,0.44740993,1.0164256
0.8275316,0.12685876,0.3351508,-0.23517302,0.14860202,-0.24585664,1.2166697,1.5122511
0.6691987,-0.012503758,0.28109586,0.5914801,-0.8725912,0.3488799,0.90470093,0.4266363
-0.557071,0.673791,0.027634494,0.115867876,0.7267009,0.011951506,0.058102608,0.6557778
0.56191415,0.50462574,-0.24049364,1.647341,-0.4053257,-0.5375371,0.82637656,0.016280979
1.2001922,1.1729995,0.45041347,-0.47747788,-0.27090597,1.2241423,0.7297001,0.43755928
1.0471505,1.0887985,0.68207085,0.029072657,0.94345427,0.2845561,1.6147455,-0.1603061
0.12552077,0.058420435,-0.26627332,0.087288335,0.06686633,0.4738077,-0.1816097,0.69847894
0.47781438,-0.57931596,0.47667074,0.72309345,-0.24217747,0.13072705,0.20517132,0.53272825
0.09723383,0.06441538,-0.0009612292,0.8245588,0.2854368,0.31792283,-0.76885843,0.6304955
0.28444287,0.5597232,0.004752502,-0.43810907,0.395779,0.03210783,0.2784101,0.12910937
0.038854077,0.19861837,0.000458166,-0.15794662,-0.045177832,-0.043528646,0.48427466,0.33150464
-0.2246393,1.2432225,0.14553696,-0.27376,0.10409832,0.3598848,0.37162742,0.5607262
0.060557134,0.037882313,1.236564,0.68440974,0.13674508,0.55067205,-0.31303567,0.03620155
0.016201746,-0.014422074,0.9840215,0.2533684,-0.16367505,0.8432192,0.5059469,0.8901385
0.25071013,0.10928677,0.9563116,0.104879305,0.07170795,-0.756375,0.4126186,-0.039707065
0.07243167,-0.41093135,0.776747,0.16696797,0.2885238,0.0921139,-0.46731284,0.5569388
-0.33119383,-0.033067003,0.4179088,0.77171785,1.5745595,0.4112125,0.34763956,0.21565346
-0.14246058,0.1126302,1.2858573,0.55175334,-0.5115776,0.8041729,0.80482596,0.82820976
0.04170604,0.18579052,-0.20486839,0.24142349,0.7808984,0.29494512,-0.25059807,0.8316212
0.47176227,-0.6386501,-0.33817434,0.07775871,0.8713825,0.6026759,0.70030886,0.37786973
0.29201275,1.4677322,0.41133642,-0.6178352,0.39120418,0.84118295,0.9110492,0.16169375
0.4664437,0.30735177,-0.3882764,0.00448633,0.30497098,0.49366325,-0.47637734,0.48930702
0.5938002,-0.07611011,0.6923216,0.57620686,-0.6297658,-0.2482546,-0.31828094,0.28728706
0.37233704,-0.04263188,-0.1542439,0.29016432,-0.5310391,0.34363842,-0.12142738,0.42331713
0.67910177,0.3618812,1.8823386,0.3257476,1.6342149,-1.0320538,1.1489381,0.4061547
0.35504392,0.6921573,0.5503489,-0.2251701,0.12252699,-0.043104604,-0.5630744,0.19486599
1.1355064,1.0008613,0.12052767,0.037760057,-0.9237905,0.6283717,0.33144078,0.32823485
-0.4035605,0.30646265,0.36773276,0.14617273,-0.05345504,0.4605193,-0.068006925,0.22530629
0.25681964,0.023296341,1.0888581,0.61831474,-0.2127799,1.5633929,0.29305813,0.60444057
0.93652683,0.4411412,-0.019745827,0.74542874,0.68200713,0.38369313,-0.82515186,0.24705161
0.026832212,-0.5813933,0.43967223,0.885541,0.9131051,-0.26129127,0.4978508,0.9939668
1.089753,-0.24748702,1.2654282,1.7867835,-0.12737803,-0.20049673,-1.0616397,0.8800399
0.42877528,0.031196862,-0.33409733,0.8449471,0.078646734,0.3472223,0.18306549,0.2655173
0.36501953,0.87672544,1.2070602,-0.3528366,1.4640099,0.16237973,1.4139813,-0.8635996
0.22616121,-0.45857245,0.60073954,0.5900412,0.6434316,0.393881,-0.5414057,1.1638731
-0.6465748,-0.0775509,0.9827206,1.1093256,1.0440065,-0.36965376,-0.8698379,1.1264266
0.7366188,-0.076985314,0.07157801,0.42057443,-0.12777437,0.85598826,1.4896675,-0.10648017
-0.31258085,0.17849003,0.089557305,0.52369076,0.1275141,0.5994356,-0.72929174,0.796003
-0.07619757,0.033165902,0.023405544,0.9645264,-0.6037584,0.39356795,0.33786705,0.4607144
-0.27756014,0.50026923,0.556949,0.9850591,-0.4267742,0.44356826,0.8714506,-0.05870706
-0.1748017,-0.5005093,0.4972024,0.6076656,0.44330978,0.22399768,-0.81048876,0.7460228
0.63370043,0.099904105,-0.15375482,0.7550209,0.17661183,-0.06904848,0.35041943,-0.28580773
-0.042506173,0.21477127,0.44005448,0.08867869,-0.21407245,0.02450835,1.1033026,0.23193498
0.27648836,0.36147898,0.852102,0.5206493,0.5272545,-0.9075923,0.5577783,0.6504332
1.4619703,-0.07691766,1.0019488,0.5407803,0.76772183,1.1494787,-0.8964184,0.37127492
0.09079373,0.6153284,-0.2819578,-0.3111143,-0.037244126,0.08990472,-0.057350747,0.398189
-0.08163973,-0.19442911,0.8435912,0.88896793,0.65702385,0.7201824,-0.11046959,-0.3490659
0.5083918,-0.057103798,0.23124005,0.43737987,-0.12833779,0.50231814,1.0148247,-0.16390109
1.549856,0.34049124,1.0357648,0.0521274,-0.7525864,0.48262,0.37803024,0.09806797
-0.22480229,1.0397905,-0.3105983,1.1615446,0.8673063,-0.020938143,0.07914137,0.84860563
0.08309683,0.41951263,-0.10457255,0.7224497,-0.7464772,0.57255614,0.15983848,0.18431515
-0.049270518,0.6952548,0.72335005,-0.008045383,1.2517779,-0.2623635,0.17400008,0.4700772
0.0047167465,-0.19531475,0.25104827,0.0987589,0.2309358,0.043824825,0.05867649,0.035332687
-0.34971845,0.11460458,0.91163915,2.7025263,0.2032037,0.7752452,-0.15753116,0.24037397
0.32640103,-0.067867294,-0.022378847,0.20864666,0.6849053,-0.17015037,0.93213665,0.021581464
0.051832557,-0.29484332,-0.011706039,0.60147434,-0.3018449,0.5663105,0.4378438,0.2348916
0.95665437,-0.33535558,-0.30294013,0.7981189,1.024765,0.6161064,0.33579716,0.35578024
0.73395514,0.008216485,1.0181148,0.3900695,-0.9494712,0.48001337,0.72216415,0.2518034
1.2267381,-0.5505695,0.2977187,1.0415406,-0.35574824,0.6153298,0.19581793,1.3596176
0.023157291,1.1130267,0.6863129,-0.27212238,-1.1268634,0.7158909,0.1294719,1.0645351
0.7274743,-0.68434316,0.93344146,-0.20069584,1.9174902,0.5022506,0.65032375,0.12233615
-0.097276784,-0.40035814,0.26038802,-0.03349115,0.20677002,0.22140251,0.07316434,0.8370945
0.9057912,-0.45920956,0.67023635,1.05332,0.33361906,0.29250145,-0.6128431,0.62170386
0.24495557,-0.51186466,-0.055962235,-0.019065104,0.4039756,0.2626833,0.38920304,0.30944645
0.08342264,-0.46370906,0.096273266,-0.044588417,1.8761035,0.23729904,0.30756128,1.0080062
1.0654937,0.184776,2.06921,1.1651058,-0.94169,0.61464036,-0.15297377,1.0274832
0.3778951,-0.7077842,0.020759009,0.10825379,0.27289668,0.43809623,-0.05860982,0.3648374
0.20811284,0.36743712,0.552311,0.20349774,-1.06259,0.3776711,0.31562808,0.3411638
0.37195662,0.3615479,1.4466064,0.13903657,1.0243617,-0.44688857,0.4265802,0.8510993
0.50368226,-0.41053647,-0.3057083,-0.00018945336,0.9656074,0.34222353,0.4656476,0.2962711
0.19908813,1.2841032,0.10657187,0.15692298,0.68743604,-0.22621304,0.9556993,2.1380804
0.22128642,-0.313662,0.56081295,0.044644255,0.12883478,-0.2715677,-0.13026787,0.73406804
0.42605942,2.0412326,1.21053,0.05398769,-1.3317751,1.0498769,0.0190709,0.9279868
0.117967,-0.06571624,0.1972822,0.18317793,-0.32890332,-0.05817236,0.20210357,0.3688477
-0.04403896,-0.4066124,0.7027446,1.1344008,0.21314377,0.0013702139,-0.05612129,0.12311594
0.78317946,-0.4721213,1.4783584,-0.17140996,1.0193242,0.647382,0.9662557,0.40456924
-0.16866499,-0.09842977,0.30628443,1.0365413,-0.21734907,-0.16938758,-0.18122642,0.43453985
1.4431006,0.8703552,-0.36233073,1.1673759,0.33986908,2.1817613,0.33826157,0.25690007
0.66188604,0.031616807,-0.105447546,-0.0024245456,0.28933865,0.062208604,-0.064273894,0.10303455
1.5363472,1.2800127,0.9229586,0.9784759,0.77808195,-1.1305268,-0.32776132,1.3541206
0.48523554,-0.12839358,0.12195398,0.49829152,0.3974418,-0.22191691,0.114133574,0.076671764
-0.7148687,0.2988596,1.2176068,1.084131,1.1006154,0.020219013,-0.40388712,0.6076113
0.07165886,-0.32675803,0.22068742,-0.003149785,0.5633659,0.07186407,-0.12498578,0.40545872
0.08336713,-0.093353406,0.16747612,-0.029221311,-0.079531804,0.074191526,0.10264757,0.25935698
-0.10276977,0.40413135,0.28077865,1.9973583,-0.7337624,1.739943,1.5379373,0.30821744
-0.47312936,-0.0064889938,0.54089,0.38606888,-0.027805611,0.19146113,-0.5199976,0.5489831
-0.03344903,0.45607382,0.22199589,-0.16702461,-0.22435753,0.64609325,0.58147603,0.11599384
0.37345105,0.028962538,-0.06223859,0.07465096,1.3182356,0.32812113,0.08199794,1.0919713
-0.05124277,0.7513615,0.014104113,0.62461686,0.5674984,0.18359074,-0.766483,0.9175061
-0.025336176,0.07046756,-0.051429972,0.51247,-0.23290823,0.24464414,-0.064280644,0.33553267
0.19094014,-0.21862797,0.8543422,0.06756762,0.35861737,-0.3001999,0.09955434,1.2786577
0.2620351,-0.21476172,0.72472286,-0.168504,0.50800616,-0.057600573,0.17974456,-0.19081536
-0.6483767,0.45271897,0.95994985,0.36172652,-0.022366643,0.9184356,0.6096494,-0.046685353
0.05226227,-0.15537123,0.033748813,0.09788529,-0.18142082,0.20336144,0.00909978,0.26664743
0.1792011,0.6495373,1.7902126,0.62813425,-0.22944348,0.9696443,-0.83477956,0.43196723
0.43627444,0.50278866,0.21734154,0.8643921,0.028018609,-0.64950514,0.19677463,-0.13243243
0.007794803,-0.08741696,0.18224245,-0.0018491969,-0.16135813,0.40449724,0.22249506,0.17271148
0.077416025,0.28078347,0.10103361,0.81165993,1.5241594,-0.30990875,0.9794522,0.6583459
1.023097,0.94500357,0.46538132,-0.104213856,-0.53641266,-0.7799796,1.5153375,0.8228372
0.79911226,0.91260207,0.48788774,0.89425045,-0.0021229237,0.6042904,-0.34282652,0.39595407
0.8249667,1.1785369,1.0979431,0.42020315,1.0533077,0.40635455,0.64428973,0.1471478
0.8515,0.20607941,0.16945578,0.019567706,-0.11920206,-0.31885147,0.1022935,0.089912504
-0.1655904,1.4532771,-0.0023504049,1.5428593,1.3615915,1.1467377,-0.6367484,0.930093
-0.4726918,0.24743079,-0.14510478,0.7792267,0.42518663,0.93627715,0.35480595,0.7742097
0.6840483,0.5654826,0.12919477,1.2929647,0.10389359,0.5645337,-0.8969919,0.37536788
0.5358523,0.2122165,-0.54531825,-0.1213311,0.19776468,0.2449333,0.015660277,0.43604985
0.5685848,0.47044128,0.5918172,1.2045773,-0.109962925,0.008762702,0.026551513,-0.35815805
0.81748897,-0.16531383,-0.23362462,0.34321508,-0.5565821,0.09958044,0.3687186,0.3185935
0.43605676,0.44721043,0.15652047,-0.41841787,0.78206605,0.4542458,0.27621204,0.012003109
-0.047304995,-0.05054073,-0.079210505,0.40314412,-0.16096689,0.2681316,0.24176298,0.25868803
0.76606727,0.45063698,0.10397743,0.4021637,1.1335108,-0.5955806,1.4004675,-0.5006745
0.21388623,0.28933704,0.63702327,0.5901618,-0.016516492,-0.7446743,-0.23128285,-0.10215993
-0.13778546,0.4625249,-0.025510684,-0.013507433,0.31697756,0.09111549,-0.23717661,0.4941244
-0.085620075,0.6393108,-0.084064856,-0.36661476,0.15577908,0.28055054,0.14906734,0.86624587
0.7835979,-0.2170763,-0.28156883,0.70370954,-0.298527,0.7153456,0.4638531,0.0039567202
0.1713174,-0.04914023,0.15103184,0.89616555,-0.70088565,0.5067378,1.4096955,1.0400859
0.4860611,0.19453885,0.4824301,0.32577717,0.19021098,-0.72790456,-0.12993847,0.13116606
0.13381746,0.08833577,0.048222445,0.1056276,0.6505355,0.31841928,-0.6016695,0.9263461
0.2952238,1.6930553,0.4891224,-0.5541175,0.5900397,-0.42937464,0.7943744,0.37437278
-0.43931258,1.3482482,-0.1487632,0.5569839,0.053993538,0.25981575,-0.1004939,0.19265974
0.7977342,0.5686356,-0.6956704,0.94402605,-0.73377025,-0.055965662,1.2947568,1.2904258
-0.38618395,0.6104838,0.75171316,0.7246318,-0.061330855,-0.41994423,-0.3801457,0.7028185
0.03233748,0.5516679,0.5127301,-0.32322392,0.2973243,-0.3756956,0.41194168,0.08148724
1.1721541,0.7874643,-0.13924502,0.7449562,-0.34746027,-0.2896441,0.2433377,0.3192759
0.61087686,0.54159343,-0.50816333,0.075314514,0.37858266,0.36277702,-0.31443548,0.5297882
0.15406251,0.45532292,-0.43291277,0.33002952,-0.14744018,0.29197133,0.11376311,0.45266968
-0.03336434,-0.36346984,0.17608644,-0.030341186,0.3591192,0.15631272,-0.38302496,0.5304333
0.9075686,-0.052564457,0.51769406,-0.53355855,2.2084694,0.7447789,0.18565382,0.49659747
-0.32980233,-0.40148056,0.4678989,0.15137196,0.6738331,0.13601585,-0.30659553,0.7717871
-0.03171064,0.12976466,-0.1440037,1.1022601,0.002359584,1.2902179,0.38516992,2.189617
0.061632305,0.18038474,0.031181209,-0.07477992,0.24862278,0.22143382,-0.25943458,0.14007139
1.3316442,1.6417282,-0.4119261,-0.0038843602,-0.69362015,1.0382463,0.19063562,1.083555
0.6876441,-0.5951439,0.140373,0.37266466,0.0058406442,-0.12342782,-0.22357805,0.45764458
0.86348134,0.0037576407,1.3622378,0.75124794,0.009567872,0.74479985,-0.27070445,1.5161732
0.18430018,0.16540174,0.7053343,0.038254924,-0.97349674,1.0215961,0.60975575,0.72156173
0.8981951,-0.030068353,0.73255765,1.333159,-0.6129512,-0.44231755,0.4436873,0.19513234
1.5441259,1.1015987,-0.28791577,0.40710166,0.11910345,0.061651364,-0.3057278,0.3687514
0.3542072,-0.67051667,0.3559787,1.3127542,1.116217,0.82643795,0.31293675,-0.053147122
1.3105162,0.94440514,-0.4249637,-0.38304302,1.295153,-0.18328804,1.4715052,0.7517791
0.99027413,0.76349074,0.9121792,-0.8621629,1.9820604,1.3977816,1.0627872,0.30630597
0.65593106,0.48772347,0.16457765,-0.44228402,0.35861796,0.6321772,0.6481499,0.12461076
0.075302206,1.0274398,0.23961845,0.47628036,-0.36759847,0.58438396,0.7661243,0.45811117
0.7307304,0.30219084,-0.27446735,0.6820508,1.502595,0.24088803,-0.16876179,0.65846217
0.7728515,0.73931754,0.027510121,-0.21771863,-0.04230915,-0.6709784,0.1517648,0.3115646
-0.60559714,0.85445994,0.4366622,1.0808306,0.96044445,0.1779387,0.41390446,-0.022838995
-0.1645546,0.708735,-0.3899256,1.7641518,-0.82236916,1.0735455,1.1275194,0.30474567
0.27263325,0.26766354,-0.360546,0.6194082,-0.11935271,0.44860354,-0.13292228,0.7758924
0.7065005,-0.7195587,0.5815212,0.83833945,1.0582526,0.7401955,-0.25570455,0.982186
1.3169886,1.3145169,-0.6232093,0.9806187,1.8543664,-0.44844794,1.6251649,-0.4420656
0.5730183,0.6348863,-0.087923974,-0.2525178,0.48731506,0.09014388,1.0241803,0.16213565
-0.11270409,-0.28918952,0.25529557,0.41944513,0.102385476,0.30270386,-0.5733154,0.5559205
0.9026126,-0.016452625,0.28334934,1.4997044,-1.0678635,-0.3221252,0.6542079,1.1738766
-0.49843952,-0.07291184,0.1658881,0.6759615,1.3058863,0.09041619,1.0134897,0.70541614
0.45409217,0.26150578,0.105179414,1.5422087,-0.5704808,-0.06847596,0.84015006,0.78919494
-0.09942632,-0.6793019,0.56501883,0.83710355,0.51159304,0.44567403,0.289189,-0.032326743
0.19843966,-0.15174319,-0.11360103,-0.274582,0.5861087,0.18138652,0.21312614,0.44957015
1.8593222,-0.3358456,2.4313488,0.49982253,0.8622822,-1.2510165,1.0672157,1.3004137
-0.32908243,0.8969531,0.88285613,-0.28008595,-0.16997607,0.0942192,-0.555342,0.5229526
-0.6352382,1.7277142,0.28703004,0.08735929,0.26085362,0.9179019,0.46688172,1.1895902
0.8045067,0.4813655,0.073126286,0.37672308,-0.27673703,-0.7234887,0.17879479,0.21949767
-0.2081249,0.40075666,0.8229517,0.19954312,-0.28459537,-0.064168334,-0.45424727,0.455851
1.2979156,1.0096916,1.4881388,-0.103750415,2.0071516,0.5464531,0.048975613,-0.56739485
-0.0714197,0.22576039,0.56361616,0.08401748,-0.25973278,-0.1447273,-0.33225074,0.26734942
0.9923067,0.2038561,1.9112846,-0.52412456,0.06228037,1.1033065,0.81958884,0.3855957
0.38490108,-0.18411179,0.13189791,0.5856356,0.08066444,-0.16941002,0.67297715,0.3081174
0.3018485,-0.017056748,-0.19307835,0.5369361,0.057491735,0.7609039,0.08127423,0.64289397
0.3707139,-0.06195374,-0.011286959,0.6321431,-0.74863845,0.6796709,0.7064397,0.70340234
0.43578315,-0.3453787,0.47360557,0.4537923,-0.21507911,0.71643746,0.30390286,-0.19220328
-0.3254039,-0.32767642,0.98645186,0.8476885,0.48558503,-0.59217143,0.06341788,0.5765532
0.3535844,0.2753467,0.7546749,-0.3110859,-0.016044542,-0.45799845,0.50579226,0.5468777
-0.24708676,0.04583417,0.06700062,0.5969203,1.0762494,0.69443417,-0.5798431,0.88738817
0.24118176,-0.12204336,0.9508863,0.7230062,-0.25019825,-0.6150829,0.5976414,0.6012854
-0.27283898,-0.13257356,0.91119313,0.46676296,1.2759101,0.9401588,0.22393614,1.3263268
0.20533761,0.7526418,-0.38074607,0.21421874,0.48625237,0.7635464,-0.7311043,0.8607229
1.6155211,0.35576874,0.6228698,-0.04891076,0.44354665,1.2711211,0.60221887,0.3792731
0.45001024,1.9242457,0.7249643,0.6989508,0.47171038,-0.299026,-0.78302974,0.15669057
0.5506249,-0.07388593,-0.046309248,0.11080277,-0.7258292,0.46039155,0.9470534,0.7344274
0.16734466,-0.116091564,0.14948834,0.29204497,0.673563,0.4515199,1.449194,-0.1508025
0.40207812,0.6592026,1.3963698,-0.10866327,0.5454414,-0.15929398,-0.8715572,0.29074398
-0.22679925,1.8188146,0.6233915,0.237631,0.16631852,0.7090211,-0.86860305,0.5403111
-0.19456732,0.016514912,0.7115369,1.993593,0.15452598,0.21705589,0.021042572,-0.024002701
-0.042454712,0.7062646,0.3017491,1.1662612,0.22122435,-0.33689877,-0.59138685,0.34517768
-0.13788101,0.5120422,0.48552614,0.040706865,1.714107,1.4950581,0.57131606,0.84837645
0.58856416,0.008082256,1.2681733,0.54636616,-0.6179674,0.530509,-0.2118088,0.39302897
1.319611,1.8050131,0.5143348,-0.6347675,-0.15655391,0.9921249,0.52228266,0.7297286
0.5932703,-0.3704458,1.3415182,0.5456163,0.7381608,0.32294315,2.2904432,-0.28486595
0.88012654,-0.18768872,2.169032,-0.47277215,-0.41257685,0.256011,0.3763183,0.9469803
-0.43141887,0.2896865,0.15689756,0.38725516,-0.50340956,0.33653343,0.32108766,0.7003403
0.064336866,0.66018707,0.87728727,-0.15167803,-0.5607728,0.48227257,0.96923184,0.23281561
0.35271204,-0.010404304,-0.19427876,0.18884683,0.7648809,-0.15975177,0.92823076,0.084124066
-0.07206494,0.24789037,0.63517773,-0.051483057,0.8557829,-0.54472625,0.62871385,1.4823124
1.0824978,-0.6781275,0.6946323,1.3219829,-0.2246886,-0.22014976,0.27713215,0.7015498
0.17849672,-0.19800039,0.2137901,0.7058514,-0.102561295,0.27435148,-0.21679139,0.23738167
1.1832305,0.3091877,1.0580156,0.4503732,-0.56993085,-0.8433434,-0.54791397,0.6100824
0.8309748,-0.2616775,0.8579061,0.43290344,-0.08250137,-0.3044363,-0.6240451,0.384627
-0.3161966,-0.28631204,1.1477388,0.82500136,0.14361884,0.54889303,-0.26690054,0.6149508
-0.5142346,0.48761457,0.7758304,0.7353525,0.66931653,0.055682875,1.1119702,-0.07498258
0.19239798,-0.2886368,0.00048597157,0.19607612,-0.16686879,0.1951248,-0.09086287,0.4184564
-0.054748513,-0.011847034,0.6069694,0.009077877,1.1898742,-0.3932512,-0.09568656,0.9013626
0.44135943,1.5656601,0.07976328,-0.65539026,0.9027681,0.2718333,1.8670801,0.47838706
0.3201107,0.042101905,-0.014011964,1.216271,-0.13466845,0.6562959,-0.14451249,0.09584585
0.19689265,0.0009714514,0.41303277,0.035612606,0.5686514,0.84196204,-0.1737677,0.0080161095
-0.29041478,-0.05349551,0.55639213,0.4169784,0.54850864,0.43390626,1.0765476,0.33735383
-0.6306919,0.12337051,0.7203662,0.073957466,0.99406415,0.42568618,-0.171225,0.6554767
0.698111,0.052903876,-0.12065886,1.2175527,-0.97796077,0.7726547,0.24495216,0.21718451
0.5628161,-0.26302645,-0.15292497,0.4332112,-0.5752723,0.45784009,0.42415583,0.25092748
0.5219126,0.28969675,0.79066837,0.111632206,0.27385956,-0.19392055,-0.75559765,0.23408628
0.6367366,-0.62388104,1.263141,0.43693504,2.4511218,0.43590197,0.178161,0.53205425
0.034325548,0.2975849,0.3621717,0.01780127,0.29483652,-0.5445605,-0.009702496,0.19208723
-0.93753505,1.5662698,0.86352336,-0.061169513,0.0877796,0.6309553,0.2461194,0.38082328
-0.35002258,-0.06797053,0.58530873,1.0656875,0.04654722,0.83737195,-0.78844124,0.40281472
0.023402378,0.267426,-0.12720637,0.03752596,0.15589412,-0.007500395,-0.19577657,0.40707064
-0.17296702,-0.13894822,0.38057125,1.3205888,0.5852798,0.8630967,-0.8294876,0.7685425
0.14368932,-0.13890812,-0.011719391,0.8855161,-0.2726791,0.32794327,0.031765677,0.12814444
1.1000451,-0.120813414,-0.09059362,0.8029778,-0.23870443,0.7042551,-0.34806004,0.3813005
0.17970571,0.22478144,0.014448732,0.5265381,0.075765386,0.8522123,1.8315971,-0.10213609
-0.6391098,2.4251304,1.1324362,-0.44268623,0.4459409,0.131417,0.24736546,-0.4567446
0.35680255,0.8178252,0.39557862,0.6084144,0.41661823,-0.42669594,-0.56856614,0.9157795
-0.4016552,2.615014,-0.5729847,0.11270713,1.0702591,0.3881908,1.5121291,1.683205
-0.24463779,0.6476152,1.157807,0.091879584,-0.11906983,0.04750168,0.24567439,-0.27672073
0.063506916,0.23447372,0.07571122,0.3779252,-0.29878187,0.8171326,0.36996958,0.7077495
0.047383275,0.2323695,0.2936719,-0.2542267,0.19654927,-0.17337191,-0.12295977,0.11450527
0.4517899,0.119385466,-0.070999935,0.7080677,0.07795937,0.31376547,-0.31643894,0.78945225
0.011082821,-0.03611739,0.53357965,0.35791603,0.49202037,-0.06424712,-0.5115076,0.19023973
1.4011072,1.0400547,0.4580239,0.70564824,1.9896514,0.46413952,-0.29732996,-0.3138078
0.19245905,0.3573584,-0.34917688,0.3707392,0.105200246,0.16681045,-0.1600777,0.6992687
0.6536377,0.03890933,0.12100589,-0.23728591,-0.2428165,-0.33481297,0.35345957,0.83582836
-0.06618345,-0.40905428,1.7383679,1.3322066,0.14196034,1.3421052,0.85279924,0.24613202
-0.24004355,0.2746638,0.74521947,0.4985952,-0.35808694,0.5551408,1.0871857,0.09625119
0.020634957,1.8455024,1.4608439,-0.7048444,0.54244477,0.3916288,0.57330364,0.7995209
0.33771282,0.017717585,-0.25022763,-0.21144143,0.38956618,-0.016564071,0.5988294,0.50344443
1.3282949,0.8765899,2.2231019,0.4278595,-0.07061164,1.3153616,-0.2947223,0.099289596
0.87892246,0.54068863,0.10233186,1.0744992,-1.3593177,0.9127027,0.009044742,0.70378494
0.5131448,0.1993572,0.03537552,0.016696729,-0.39557785,0.26784247,0.6989208,0.10337378
0.0036165863,1.2273549,0.30062598,0.35358855,-0.22207902,0.57553536,-0.5240356,0.1625697
0.35898805,0.6457047,0.5276243,1.031247,-0.89439636,0.6257166,0.85728556,-0.14607805
0.96252376,1.1118798,-1.2791284,0.6817795,0.48663712,0.13618857,0.7901326,0.9137644
0.34461075,0.21105124,-0.2170511,-0.42770723,0.70109254,0.17949761,0.14585647,0.4721905
0.06403161,-0.071167216,-0.058897197,0.39026234,-0.23793112,0.22255386,0.031727917,0.371966
0.9869828,0.9280574,0.012428716,-0.06762112,0.97583514,-0.35174924,0.9038051,-0.43094254
-0.5914399,0.28059125,1.857314,1.4570401,-0.48605376,0.95749307,0.71723807,0.30154616
0.07711576,0.016639099,0.25249434,0.39119336,-0.7425906,0.43706802,0.52772063,0.4935519
-0.17463419,-0.081663474,0.015316173,1.0491296,0.4126755,0.02890879,0.37148318,0.43586522
0.20921913,0.6192939,1.1127756,-0.13318115,-0.48434716,0.42462745,-0.54406464,0.58797705
0.20741299,-0.29849446,-0.1467558,0.61484605,-0.166564,0.58526635,0.41312507,0.33513147
0.20946842,0.10775094,-0.28029072,0.059567217,0.09346633,0.32168075,0.09781916,0.67637837
0.26571104,0.1849065,0.3986417,1.3329585,0.428863,0.20084576,0.14072488,-0.28993365
0.81870383,0.41167474,-0.53164804,0.64197105,0.7253731,-0.29570618,0.64772844,0.011289522
0.7039273,1.1539968,-0.34796,0.8826478,1.6966631,-0.10147078,0.81690454,0.3431333
0.46929905,-0.35826123,-0.10784824,0.6629877,0.066470906,0.35760647,-0.4653755,0.6206827
-0.25395438,0.9446197,-0.23637797,0.7225848,0.38894677,-0.21825051,0.37165907,0.24376282
2.2041209,0.8121093,2.523893,0.65607154,1.1259221,0.37639642,0.03921347,-0.0021390617
0.6942687,0.7755098,0.27152687,1.7201966,0.13430502,1.2375593,0.7477147,1.3910396
-0.16834572,0.6401009,0.7211939,1.4442004,-0.08492939,0.021708772,-0.7211713,0.06544879
0.3472215,0.5110172,0.1720698,0.7255314,-0.5526443,-0.56829715,0.10994997,0.14033163
0.3185079,0.20041245,-0.13044722,-0.1579799,0.43621683,-0.32382384,0.0033573774,0.5528048
0.33529544,-0.28686827,0.06779824,0.028414764,0.86317164,1.3892367,0.40405944,0.56236625
0.11400153,-0.0402752,0.2326387,0.31922927,0.4652149,-0.5421604,0.003643921,0.51296896
0.3288857,-0.6222092,0.09645589,0.1392119,0.24757941,0.3436073,-0.5221209,0.73357373
-0.26148668,0.8858034,0.5730408,1.4172387,0.72068405,-0.560956,1.1173326,0.44333106
0.33824393,-0.118104145,0.2075217,0.22577429,0.31746483,-0.7245467,-0.034499392,0.59622407
-0.36521718,-0.13744861,0.5524045,0.758354,-0.28506422,0.08866471,0.29959878,0.63416624
0.58553606,-0.77553725,0.22076339,0.8437187,-0.0027628392,0.7657145,-0.24485266,0.250073
0.23654783,0.20232446,-0.12608002,0.56548935,-0.5586128,0.33978367,0.06707242,0.19789723
-0.015200324,0.18795204,-0.21532394,0.26777923,-0.02851428,0.09995936,0.43327495,0.3249155
-0.07843787,-0.27003562,1.3395327,0.5479361,0.26259536,-1.092768,0.08962784,1.0386925
0.7290735,-0.7811832,1.036389,0.8270208,0.059810773,0.6499844,0.1797152,-0.3088016
2.1661017,0.24714409,0.37313616,-0.13064858,-0.01933752,0.5125148,1.2733674,0.46248236
0.59494305,0.6834435,0.27871516,0.5377945,0.4040522,0.0947484,-0.8857334,0.18337072
-0.72917116,0.42875922,0.94728374,1.637999,0.942581,-0.7879528,0.72407955,0.6714804
1.3971223,0.12088834,0.30619225,1.20615,1.7477779,1.567151,0.6526918,-0.057267725
0.5828303,2.359482,0.19259681,-0.27617812,0.22829731,0.18680188,-0.375279,-0.007834315
-0.4530715,0.69611204,0.4383121,0.090618856,-0.7152478,0.35332325,0.6804496,0.5071284
-0.6820294,0.8434238,0.8512415,1.2962096,-0.178977,-0.3545907,0.50839466,0.63245636
0.13455136,2.0188425,-1.0262078,0.62233627,0.03997399,0.36144474,0.21969618,0.98051953
0.05337826,0.19109587,-0.25088972,0.765524,-0.41949922,0.27560055,0.07790975,0.36402366
0.5634863,0.5867889,0.3681703,0.7508701,-0.12516527,-0.05874607,-0.8816283,0.37024856
0.56218714,0.88497156,-0.28108895,0.72741944,0.1411355,-0.3395292,1.4638666,-0.2152279
-0.40420136,0.65476644,0.13886246,0.4822419,-0.53255475,0.3147422,0.61435205,0.18461263
0.9175003,1.5186642,0.18242306,0.9012819,0.9167233,-0.41547805,-0.71949154,0.54122555
1.3740569,0.9942919,0.120466396,0.03773904,-0.38896686,0.23293976,-0.025180856,-0.0059453547
0.2285411,-0.1114908,0.640363,0.2008664,0.6567536,-0.15752846,1.5608515,0.8851901
-0.0135523155,-0.0938862,0.2660991,1.0065317,-0.1061088,-0.0023153871,-0.28366268,0.2624203
0.257667,0.9358406,1.8917356,0.47528902,-0.012720332,0.64503294,0.020723155,-0.53152776
0.24047881,0.2601955,1.5193485,1.5260289,0.014598712,-0.6034669,0.023982825,0.9461975
0.54822046,0.2461067,0.12319861,-0.16412863,0.81797653,-0.6133053,0.76794153,0.40596172
0.60740644,2.350228,-0.19884588,-0.15447897,0.79089826,-0.5873561,-0.29911616,0.74081516
0.52925706,1.0070221,1.2066942,0.9948585,0.26777577,1.15928,-0.03526579,-0.4963544
-0.114974596,-0.08429158,-0.02722326,0.16555753,0.13594839,0.11880942,0.020906178,0.60638803
0.06766609,0.0828567,0.9656435,0.39907607,-0.045587793,0.60952735,-0.32088742,0.40954977
0.6482093,-0.032772824,-0.11856632,-0.16163796,0.33606791,-0.32360694,0.16959794,0.3571545
-0.0055287816,-0.3549701,0.0832393,0.19499654,-0.26316744,0.37670925,-0.28634065,0.5125307
0.7347415,0.9982921,-0.13607381,3.0,-0.07356404,1.0517026,0.10453743,-0.2690683
0.16743457,0.34664464,0.38251078,0.42873782,-0.76201135,0.16681926,0.34015626,0.34858632
-0.40909877,0.7762491,0.036139816,1.2156976,0.3945421,0.60537046,0.0065626265,2.1719985
1.115199,0.52040684,0.24328047,1.9186473,-0.12008159,0.4695084,-0.73176414,0.37885755
0.7247762,0.5468377,1.6023685,0.2247209,0.34671563,0.95937717,-0.23038392,0.3426443
1.3548616,0.5730077,0.014237955,0.30150536,-0.775747,-0.27417487,0.20748535,0.4400594
-0.5675179,1.3930612,0.66147035,-0.28608516,-0.4149223,0.8919024,0.1483435,0.8629954
0.21874371,-0.073734775,0.14991093,1.0981698,-0.3792463,0.4880992,0.36905786,0.2453955
-0.23263189,0.83136094,0.84228474,0.08224027,0.8739645,-1.1856356,0.84672993,-0.20661333
-0.051198088,-0.28767586,0.89484847,0.3510894,1.2450656,0.8834125,1.0407705,-0.52422804
0.11076607,0.86889666,0.41005784,-0.3134186,0.33470464,0.10524435,-0.7258539,0.17834795
0.21234968,0.29121053,0.59182745,-0.5675913,0.3329587,0.56748843,0.7808673,1.4918776
0.961224,0.8311267,0.1813713,-0.12414224,0.9390643,0.0049602687,1.020444,-0.3725255
-0.43869242,-0.21491636,1.3660339,1.4454862,0.832096,1.5852853,-0.02144183,0.9430167
0.69014484,0.11564587,0.4404508,-0.026422985,-0.43304503,0.21253866,0.37901935,0.33698452
0.38199553,0.32764232,0.17879629,0.27944583,1.275112,0.69991773,0.81972927,0.10634355
0.14113544,0.5072056,-0.23337029,1.4672327,-0.33879125,0.32030553,1.2979215,0.27526936
1.0259936,0.033132896,-0.20622452,1.5185297,-0.2902391,0.06845319,-0.117933676,0.71443456
0.512143,0.79869646,-0.39305753,0.1291935,0.35965914,0.43723044,0.30356547,1.3886836
1.4979913,-0.5400317,1.3043104,0.3338716,-0.029949948,1.4150256,1.1666344,0.47314802
0.31100282,-0.30905908,0.7008475,1.2780862,0.49266934,-0.29221308,0.63969874,0.054500163
-0.26691395,-0.114108145,-0.031623796,0.16614679,-0.30597603,0.6217023,0.20830424,0.78101134
-0.022703953,-0.043503612,0.03075914,0.5133703,-0.098021165,0.123890355,-0.4100163,0.47240418
0.6821623,-1.3412039,0.72877324,0.98235357,1.0666837,1.0727692,0.5434538,-0.2237893
0.31858158,0.18855795,-0.17884313,-0.120605566,0.38047123,0.14724293,0.5145502,0.311216
0.99219686,-0.2912537,0.07434027,0.23652935,-0.25630385,0.031051889,0.88560057,0.30498812
0.10086562,0.07745735,0.5697427,0.031789325,-0.32762498,-0.45713437,0.40098384,0.6181016
0.29762712,0.71669286,-0.5773305,0.16829258,0.11823703,-0.10096194,0.25791594,0.45805374
1.629959,0.9176127,1.6415251,-0.22266185,0.06565328,-1.6928256,1.0432842,0.882323
-0.042507827,-0.17863373,-0.11494698,0.10474081,-0.071719244,0.5987923,-0.21517089,0.727856
-0.69398814,1.4492861,0.2384081,0.33207035,-0.5721559,0.18728904,0.90554756,0.549494
0.3030524,0.376745,-0.12890227,-0.35295725,-0.626556,0.7247258,0.41380623,0.9626219
-0.8393811,-0.1459303,1.3635862,1.8907745,1.4035825,0.15814906,0.50443983,0.72711796
0.01224467,0.09081395,0.03186048,0.110169336,-0.2044624,0.081846125,-0.061234917,0.2846838
1.6905783,1.110895,-0.09010099,2.130555,-0.40768212,0.10072309,-0.15930976,1.2775793
0.7296896,1.0587773,0.7304178,-0.2672467,-0.46392328,-0.10552724,-0.22393571,-0.0556418
1.301923,-0.30515814,-0.38258237,0.16963387,-0.13989632,0.33535743,0.1996455,0.23480001
0.22115529,-0.9308703,0.4182551,1.2855104,-0.31461412,1.1512284,0.19978277,0.8997761
-0.09631067,-0.07356633,0.26180446,0.5136659,-0.022679582,0.64455104,-0.52702355,0.5905422
-0.3922411,-0.24145181,0.1670321,0.4925807,0.8263478,0.8051456,-0.24339692,0.6635148
-0.63006276,0.60477245,0.75355357,-0.13119209,-0.22058608,0.62372285,-0.3450363,1.3641138
0.085456155,-0.045186475,0.48068035,0.72238845,0.61671984,0.0046623647,-0.52401817,1.0716782
0.6729854,0.68567854,-0.19537894,1.144469,0.7006643,-0.2801172,0.8799606,0.09866266
0.912342,-0.11960162,-0.39919287,-0.37935913,1.2043432,0.07449161,0.9304816,0.7737649
-0.28366417,0.6497914,-0.051957652,1.1447835,0.13261595,-0.052178472,0.030819563,0.24896088
1.2843455,-0.0049947053,0.22457866,0.583922,-0.15627055,0.9292862,0.07637755,-0.23681808
0.03872531,0.39900666,0.049196944,-0.61804026,0.40060288,0.32610768,-0.21732192,0.5382981
0.19540814,-0.25821579,-0.1384988,0.27687627,0.44119424,0.6344423,0.92683524,0.35188407
0.43262395,1.0185645,0.0032485873,-0.10116952,-0.8020192,0.3717788,1.0354275,0.47618663
-0.3293934,-0.027140215,1.0830927,0.5478826,-0.41957635,-0.51451814,-0.04200607,0.8761676
-0.15261951,0.3792398,0.0034501553,-0.2546619,-0.2955562,0.24847944,0.1626595,0.49368954
-0.2650156,1.6139117,1.1862395,0.4770489,0.82276785,0.5666101,-1.0415065,0.83259815
-0.6726677,0.853304,1.755002,0.80509686,1.2680063,-0.021154374,0.061717175,0.3349844
1.6224296,0.20318882,0.37198192,0.7893455,-1.1413012,1.4236836,1.6141672,0.74366724
0.33000258,0.02747403,0.66882044,1.3287687,1.0091891,1.3632313,0.4306564,-0.4892726
-0.3866656,-0.13252942,0.18598795,1.2382942,-0.6090368,0.99188024,1.0493196,0.7072088
1.3031105,0.7030104,1.1942945,0.6052936,0.057764426,-0.81352866,-0.7164808,0.72239184
0.93578887,-0.35005224,1.5027508,-0.031666987,-0.3960685,0.71352863,0.4251562,0.24529108
1.0840629,0.57236505,-0.04702863,0.7631727,-0.67767066,0.1580597,-0.5792841,0.38319284
0.33321005,0.6742888,0.70986235,0.27493912,0.037888065,0.96794707,-0.4756385,-0.08648807
0.9231766,-0.08114825,-0.17855234,-0.10718826,0.68419087,0.3547472,-0.1284799,0.2737698
-0.56089395,0.24388467,1.4070176,0.101314865,0.103549376,0.604381,0.02334552,0.89976835
1.530944,-0.35610473,0.66655844,1.1202602,-0.0108617395,0.44971782,0.5100177,-0.039556175
0.55857885,-0.5354343,0.8106689,0.62150186,0.0321853,0.54297566,-0.18756282,0.035853982
0.35400963,-0.6042906,0.36926702,0.4689515,0.089238316,0.09636622,0.10502263,0.42031705
-0.10062999,1.6371486,0.29209578,0.5337082,-0.14285935,1.1981363,0.29632324,-0.28349718
0.8525267,0.2871986,1.5265619,-0.14981294,0.16629608,-0.5105595,0.8718484,1.1827469
0.38079193,0.314667,0.66673404,0.1801013,0.6650303,0.35038048,-0.7340781,0.99848497
-0.52660066,0.62553823,1.120465,1.9314382,0.13530953,-0.7454012,0.35555273,0.11099431
0.12500128,0.08696465,-0.05677776,1.3890233,0.92267776,0.7722472,-0.9054896,1.3803455
0.97361094,-0.84837455,1.8819355,1.4644399,-0.15787013,0.34790987,-0.32555932,1.0525391
-0.49128768,0.50819886,1.1996268,-0.11958296,0.94680595,-0.48735195,0.6488225,0.09084824
1.7972075,1.4506872,0.09971164,1.1024158,0.028559163,0.9187903,-1.352608,0.9445859
-0.6219111,0.74729085,-0.14597337,0.5875992,-0.48039848,0.4170316,0.9099132,0.88035166
0.7874816,-0.31095988,-0.11081648,1.2497697,0.7818695,0.75081927,0.09272388,0.57033694
0.1088454,3.0,0.6595967,0.9688068,0.22774197,0.08052012,-0.25072148,0.82611316
1.5463189,-0.08859177,-0.2615624,0.25771606,0.6923303,0.38435248,0.41173652,0.087138444
0.20065743,0.042653307,-0.031005502,-0.2417061,0.53628093,0.10864963,-0.10785858,0.39236367
1.8606225,0.800753,0.6298389,-0.40801108,0.016415194,0.44427937,-0.2582588,0.25697738
1.3993633,0.81366616,-0.4785326,0.88538176,-0.5767031,0.5566205,0.53528583,0.23520765
1.926763,-0.42323667,1.1326538,0.24138486,-0.23389767,0.1999769,0.03389837,1.1637642
-0.33989426,0.23081683,0.14829093,0.46574512,0.07832739,0.09483598,-0.41932476,0.3280262
0.88069654,0.8153101,0.10915525,-0.35137722,0.66900426,-0.9062748,0.7654639,0.92257166
0.08605711,0.034136996,1.2941176,-0.11121913,0.9281976,0.26503253,1.3351461,-0.040981784
0.38330415,0.7555624,-0.06655452,1.2122052,-0.018649355,0.100732565,1.8760488,0.97599155
-0.11251413,0.71151185,0.55589426,0.04399339,0.2696036,0.44539747,-0.8221983,0.58456653
1.0733467,0.7663932,-0.68250465,1.0807786,0.2422017,0.20211227,-0.34749255,0.45974052
0.2825686,0.1678996,0.52775264,0.101589374,0.26477182,1.561511,0.187984,0.8048856
-0.7245842,1.018558,0.45682287,0.36149487,0.38999784,-0.4386341,0.85387343,0.14619882
0.95854014,0.005778298,0.40199673,0.0066784844,0.43209267,1.1305925,1.2930545,-0.1900369
1.4654177,0.8249227,0.06126324,0.638277,1.2813338,0.8878234,-1.5902425,0.36503446
0.10511301,1.0555705,-0.08625007,0.97454864,0.28888994,-0.19518194,-0.4976243,0.18787189
0.9088419,0.12835918,0.7411539,-0.06326894,1.9331975,-0.17212084,0.72548693,0.31131285
0.23132473,-0.45954025,0.22128831,0.61894774,0.5278326,0.050709344,0.71271455,0.7127079
-0.0394658,-0.24618162,0.5089577,0.53044707,0.21480063,0.7835697,1.3023099,0.79067606
0.45333233,0.775365,1.0798134,0.5406342,0.23812218,0.33901447,-0.5299677,0.9607749
-0.11476395,-0.005390182,0.09795897,0.60564893,1.5706394,-0.4917245,1.2290838,0.93191046
0.39964035,0.831501,-0.4168296,1.4186885,-0.073442444,-0.01999797,1.1100402,0.17554751
0.85307723,-0.3898744,0.39666444,-0.10688227,0.5811032,0.30288783,0.9637796,0.2149421
0.0006867051,-0.43128455,0.8623493,0.22488427,-0.036934152,-0.027273118,-0.12402583,0.94463956
0.9533454,-0.5169076,0.40331715,1.0590273,-0.37458044,0.5119206,0.22430155,-0.015440255
1.5250303,0.91011214,1.3741423,0.034486465,0.4178244,-0.6239428,0.1399361,0.053925857
0.1755245,0.067304745,-0.10043305,0.19083427,-0.9480584,0.58494353,0.60303277,1.1843103
0.87951773,-0.53625643,0.5779579,1.5355594,-0.65347785,-0.00037150085,0.32607394,0.7372916
0.03357449,0.30346233,0.6301556,0.5793232,0.9678945,0.23757634,1.518751,-0.6958467
0.5288607,0.2609396,0.09633762,-0.40930077,0.99226236,0.34405443,-0.26448855,0.3454046
0.17774948,0.33086574,-0.49475896,-0.1321097,0.28379825,0.49996433,-0.026473416,0.76409817
0.3427224,-0.25043595,-0.36352295,-0.13446426,1.4251571,0.34756547,0.84399503,0.5566317
-0.6189689,0.6765568,1.8393186,0.09400826,0.5800231,0.043404773,-0.061790645,1.5844501
1.6958328,1.5113416,-0.063826725,0.30616504,0.47945523,-0.7461891,0.5737006,1.0267816
0.78936285,1.5712581,0.31364906,1.56761,0.039136425,-0.18887979,-0.16372718,0.2850631
-0.053442694,0.20369641,0.5873327,-0.14967453,1.0448444,0.52415824,-0.5554258,0.39661923
1.1655104,0.5265414,0.57932794,0.46146357,-0.8572282,-0.5526288,1.2224869,1.4743528
0.18762329,0.32865328,-0.439615,0.47400352,0.20656577,0.05852329,0.07712463,0.47363687
1.244351,0.06738572,1.7501494,1.7048433,-0.7958871,-0.06151718,0.17411144,0.43799907
-0.0828837,0.16535352,0.5781957,0.8643981,0.14352982,0.11233565,0.9219782,-0.36958367
-0.034075283,1.3668257,0.13862951,-0.6045568,0.71110785,-0.3206516,0.93631107,0.6140194
0.21019721,0.59595364,0.6859331,1.0513381,1.4904866,0.81438196,0.30317944,-0.18421912
0.14697349,0.00310345,-0.27626783,0.18319337,-0.312392,0.38402772,0.02773155,0.513877
1.5822742,1.0978199,-0.51869595,0.7865973,-0.23412208,0.7772932,-0.3450052,0.65072465
0.53323275,-0.72833216,1.0286396,0.53138983,1.042201,-0.31549186,0.8145383,0.10982098
-0.57648957,1.8478297,0.1592849,-0.45111647,0.20440976,0.47102922,-0.5399037,0.7230569
-0.46317115,0.899853,0.29946315,-0.039660044,-0.47358984,0.3360131,0.076617025,0.3489809
0.90999335,0.4068787,-0.13951357,0.65221417,-0.7392588,0.19095978,1.8452083,1.7435735
1.0760986,-1.0392779,0.5669493,1.1087768,0.11919169,0.798203,0.15616475,-0.09658885
0.7681093,-0.0005194098,-0.1554678,0.30876702,0.11894889,0.6990269,-0.12784226,0.05120542
-0.0106064305,-0.12290196,0.14093244,0.7373542,-1.0452826,0.6017913,0.3395855,0.6740673
1.103858,0.5317369,0.20921753,-1.0987409,1.8291569,0.70172316,0.60022104,0.4659987
0.5303638,-0.2738222,-0.01992856,0.9069076,-0.053380057,0.6020485,-0.23031141,0.15559694
2.059273,-0.19034322,0.82611257,0.29951453,0.043917254,0.19313325,1.0614452,0.07894613
0.4578732,0.76763904,-0.21504213,0.054775245,0.4012863,-0.47123837,0.36899546,-0.0063295662
0.93386227,-0.09460206,0.58298254,0.38748565,0.5330397,-0.39392996,0.1283254,0.31521475
-0.20303077,1.329798,-0.31560862,0.54201037,-0.22727992,0.46973345,0.091160625,1.1145337
-0.01148463,-0.21711378,0.92616034,0.66526276,-0.24052958,-0.35832506,-0.14679386,0.40870443
-0.6983802,1.0029705,0.031503268,1.1384561,1.2159283,-0.2743558,1.0330753,0.8514162
0.5346242,0.9776758,0.3566897,0.63321453,1.2634321,-0.3121584,0.24800546,0.978664
-0.22938916,2.047134,0.092703685,-0.5990198,0.22886987,0.5010873,0.5731886,1.6419939
0.37780756,-0.008169726,0.9651822,-0.38365898,0.24605615,0.24681306,-0.18432282,0.4793718
-0.17474148,1.6662656,0.04000415,0.32937568,-0.3859955,0.4043643,0.57434714,0.07177263
0.9768986,0.97604644,0.4909947,-1.0765322,0.608689,0.118920125,0.18417968,0.40576863
0.35899368,1.495372,0.15155192,-0.60140544,0.059890166,0.09495786,-0.0019559725,-0.053271636
1.2772851,0.85133266,-0.7284348,-0.06323362,0.4977255,0.05637253,0.7519402,0.07538083
0.60838,0.22517137,-0.17496355,-0.64998734,1.1478586,0.11405732,0.20341387,0.5298659
0.3949819,0.27759868,0.43786746,0.77109855,0.95983946,-0.81536186,0.16882654,1.2443671
0.68986404,-0.70731163,0.5789447,0.3126398,-0.024309114,0.72757435,0.81638914,1.2442559
-0.8746053,0.6783575,0.7319088,0.086989604,0.8580486,0.33044004,-0.2661352,1.438645
0.5489982,-0.055518404,-0.08455783,0.37571764,-0.65305954,0.5594051,0.7198287,0.18935835
0.47717765,-0.6839864,0.4545812,0.31436285,0.40277207,1.0702633,0.0076779784,0.23720258
-0.9603344,-0.010046795,1.2069169,0.9629566,0.05412978,0.58135647,-0.16775022,0.5752427
0.6538597,0.87735105,0.28727147,1.1440927,-0.8299078,0.9198538,0.5859738,0.36183292
0.48335943,-0.3269989,0.70913035,0.9573731,0.67487115,0.26981843,-0.3876851,1.299037
0.31387013,-0.23965092,-0.11851902,0.4590224,0.030842215,0.98847187,1.4536607,0.59975004
0.44993827,0.43868256,0.10769686,0.8547866,-0.25914216,0.39789677,0.83210784,-0.49077135
0.20138836,-0.37393802,0.48533583,0.2585644,-0.5459782,0.43766075,-0.09309219,0.52651596
0.4198369,0.14886166,0.015868269,-0.4423441,0.3327942,0.035535857,0.119698256,0.41129243
0.3375577,-0.4184751,0.1080492,0.4004363,-0.30506682,0.5257644,0.2720908,0.2894126
0.6813254,-0.7398604,1.1568214,0.09292682,0.7577286,0.016072735,0.2883439,-0.036086768
0.27340114,0.18733986,0.11598849,0.2720669,-0.22753967,0.4600495,-0.09742126,0.035773396
0.4526714,0.95936286,-0.21803541,0.95125824,-0.33700782,0.22033936,0.8422049,-0.6598966
0.30962515,0.30966955,0.59918755,0.25569677,-0.09423654,0.89875007,0.22119243,-0.16208148
0.043916397,0.33751142,0.69459486,-0.3286007,-0.31446737,0.6072006,0.13248427,0.3797074
1.6336368,1.7717619,0.2645636,1.9683572,-0.5478726,0.5507362,0.00920569,0.49719462
-0.29935622,0.023448795,0.43696743,0.7592594,-0.23077254,-0.090216815,0.14832796,0.14950658
0.68491095,0.544263,0.45681703,0.7074529,0.09336586,1.3080629,-0.37403518,0.9201431
-0.5994964,0.3312102,1.5659901,1.4655592,-0.084984735,1.5632987,0.8564478,0.19479024
0.45374566,1.0331479,1.3294098,0.23829827,-1.2359058,0.08690661,0.34012645,0.08330232
0.50332105,0.44333464,0.10397427,0.8424683,-0.07228054,-0.026463687,0.2952044,0.086248346
0.62773263,-0.0011655241,0.08117272,-0.17700273,-0.34016895,0.23623605,-0.21335712,0.2857157
1.2272145,0.14897452,0.41184276,1.4148691,0.58383566,0.49559015,-0.71606547,0.4744622
1.083486,0.9683611,0.1715856,0.11094089,0.14318289,-0.39161384,-0.50023216,0.7808002
-0.67701596,0.3428079,0.70545125,1.0657077,-0.5447113,0.6054277,1.1761972,1.1871253
-0.12153926,1.0956625,1.908197,1.2881123,0.023113385,-1.4960783,-0.63007826,0.7255889
0.14119828,0.12655623,0.13465422,0.8775956,0.38987386,-0.08104974,1.287588,-0.042641327
1.0670534,0.12458263,0.8815684,1.5842674,0.26556963,-0.27419254,-0.4410704,0.023552537
0.23677772,0.6876526,0.2745641,-0.19553772,-0.083963856,-0.41894656,0.04180589,0.29338223
0.45449114,0.3784957,0.21587694,1.201469,0.13118939,0.045859717,-0.7201492,0.40345094
0.581409,-0.2711022,0.004103288,1.5562586,-1.0049744,1.715081,1.3847096,1.6298219
0.11874847,-0.10002191,2.5852704,1.0670562,0.4159732,0.83440644,0.8050123,0.3634507
-0.09816303,-0.076820284,0.14328411,0.39588872,-0.6243893,0.47501895,0.2794867,0.44002455
0.35849777,0.2773236,2.1591387,1.781631,0.7878476,0.67447144,1.8911641,1.9122437
0.8945661,-0.5520718,1.7576426,0.49206915,0.8497199,1.4179683,-0.1623789,0.3172233
-0.96511906,0.32459748,0.5335784,0.3533619,0.7513777,0.36927015,0.5669448,0.9343782
-1.0253167,1.3287665,1.1264675,1.0056077,0.4256894,0.94831944,0.8074911,0.26919758
0.12020457,0.37098885,0.0076646507,0.74623257,-0.067168206,0.25041607,0.5882345,1.5475274
0.50291073,0.119461045,-0.16801102,0.8772052,-0.15884541,0.745721,-0.07884752,0.14103588
-0.33737358,0.14263172,0.15845048,0.83368444,0.046240866,0.19310698,0.019524679,0.51613057
0.2950212,0.31835544,0.95753574,0.8822522,0.40980113,1.0407598,-1.0708957,0.5816139
0.1090637,0.41277987,0.033954322,-0.17339441,-0.10489677,0.16699128,-0.3770493,0.45372754
0.46376535,1.5618387,-0.25582367,0.5766031,0.24274467,-0.27823794,-0.36266217,0.9130516
1.2940749,1.1675997,2.1980228,1.8228996,0.15175243,0.09566638,0.7465699,-1.1460227
-0.06424304,0.19850574,-0.0040216893,0.13636035,0.3070445,1.0658123,-0.35693738,1.0700153
-0.0144253,1.3003894,-0.42749202,0.22267205,1.1089243,-0.2198849,0.51863927,0.91815543
0.38178316,-0.2749251,0.22031638,0.10028529,0.38354397,0.08130965,-0.47956106,0.3559705
1.0425327,0.060544476,-0.21438639,1.7238622,-0.711267,0.51807284,0.28861928,-0.3237094
1.1175947,0.5609148,0.56780046,-0.083583854,2.016131,0.12463866,1.4295967,-0.3074327
0.038603067,0.23695101,-0.21768658,0.796842,0.24664302,0.32350457,-0.56247956,0.62994397
0.35119683,0.6928322,0.10779789,0.7907081,-0.5800165,0.3567549,-0.6636467,0.05067207
-0.33790156,0.15950544,0.16734076,0.80474645,0.02760373,0.24196324,-0.026311433,0.2716384
-0.027052473,0.337613,-0.185957,0.15593985,-0.38065857,0.28860244,0.42349076,0.22021142
0.2608739,0.5067602,0.33498606,-0.24390355,-0.22284319,0.19763327,-0.08448815,0.14750943
0.5496485,0.16786332,-0.099632666,0.94040185,-0.32720125,0.24484828,1.5288545,0.36094388
0.21381694,0.16753046,-0.020058945,0.08572002,-0.40685368,0.2022455,-0.08194762,0.20646411
0.04192564,0.18194287,0.79842806,1.4176872,-0.18472748,0.16100538,0.13783522,-0.19646612
0.6949337,-0.19895063,-0.32103777,0.21410546,-0.13687246,-0.06824839,0.40601853,0.6336225
-0.006085694,0.4828123,0.7191556,0.44203952,-0.6588345,0.8427843,0.039829887,0.25041357
0.8648852,0.9619241,-0.10620229,-0.0567737,0.17919536,0.35054708,1.5356183,0.24882418
0.11715219,0.05012569,-0.04726869,-0.15429115,0.16906387,0.074423306,0.035151307,0.36374074
0.63523155,0.26946056,-0.17400394,0.49079034,0.13938983,-0.5221237,-0.04529406,0.15658039
0.72578585,0.36830097,-0.550091,0.13935408,-0.35525763,0.013609424,0.22129174,0.40283364
0.19341612,-0.1928678,-0.053009465,0.08889775,-0.07820736,0.13567099,0.18809025,0.35529506
2.0623763,0.91394746,1.2863791,0.37431154,-0.43366468,-0.73649424,-0.67976004,0.74486005
0.31073728,-0.106270686,-0.059976265,-0.15977874,0.14261347,0.1602113,-0.04436615,0.36474085
-0.7539511,0.023353264,0.59439814,1.1965665,1.4234052,-0.31447545,1.1299107,1.3124825
-0.01680521,0.05406394,-0.060942695,0.1409332,-0.12320022,0.28232914,0.022037031,0.27070338
1.7538351,0.07422952,0.1373476,0.21920389,0.1321897,0.03188082,0.04610593,-0.016916439
0.011561774,1.0149112,0.14124979,0.15660855,-0.12199043,0.21505931,-0.16606836,0.019078746
0.97936565,0.8113537,0.3063584,0.4918982,-0.04109554,0.29081953,-0.7806342,-0.21388802
0.5289369,-0.51040715,0.36127985,0.37136057,-0.6456062,0.1540446,0.28556284,0.8113843
-0.45784825,0.40158045,0.3888141,0.60657734,0.33454755,0.5633586,-0.5674855,0.27073455
0.0029580258,0.0018657297,0.52872044,0.000332959,0.51445293,0.23311463,-0.532004,0.021686256
-0.3746734,0.7200467,0.007923417,0.1208589,-0.42777038,0.25833112,0.15259944,0.5655112
0.15911129,1.2818832,-0.40992075,1.3136638,0.6330458,-0.2029903,0.09562255,0.59337854
0.80056584,0.23028336,1.938622,0.5200559,1.2227207,-0.005455151,0.3682697,-0.7465958
0.984482,0.25360703,0.631964,0.8848383,-0.39707392,0.8283299,-0.58871686,0.6665114
0.4141394,0.6283002,-0.4199316,0.14494613,0.53431904,0.3427298,0.17848338,0.19375497
0.014095537,0.13686426,0.2654255,0.7065421,-0.42287624,0.5578873,-0.037891664,0.16969323
0.0059190504,0.14090501,1.6490625,0.9716334,0.5704402,-1.0056386,0.07625822,0.36902466
1.3612367,-0.52243906,0.20238464,0.6964355,-0.34062594,1.2995657,0.95148414,1.1741757
0.47710603,-0.15232976,0.54633844,-0.168639,0.29347616,0.3982418,0.29535344,-0.20606524
-0.7019811,0.98862696,1.4220911,0.88693976,-0.3123755,1.3086213,0.07718191,0.35091147
0.38376465,-0.18535617,0.0073397234,0.58352,-0.3300361,-0.03155899,0.36377588,0.36457568
-0.062357403,-0.1552593,-0.04090993,1.58673,0.3273342,0.45133933,0.3006385,0.42032552
1.0215993,1.1890012,-0.4888525,2.721752,1.096311,0.8507723,-0.710836,0.68679374
0.7857144,0.805616,-0.5264123,-0.07135292,-0.082103804,-0.11460236,0.8343515,0.93937707
-0.16003248,-0.46425796,0.25572777,1.11427,1.132553,1.0601838,-0.2537372,0.83360916
-0.6404688,0.14803107,1.3480586,0.4714355,0.09977713,-0.48217613,0.20007737,0.84441364
-0.19071457,0.078112185,-0.016913965,0.16139911,-0.17392112,0.4761925,-0.097317934,0.46659184
-0.035393223,-0.36372662,0.2959463,0.33172908,-0.14312132,0.24038956,-0.14844315,0.21809536
-0.4441825,-0.66487765,0.55572814,0.44863993,1.2086439,0.24302231,-0.24990276,1.2234737
-0.258492,0.06987338,0.6327107,-0.018445045,0.25502157,0.050826333,-0.2945728,0.24148951
-0.120281674,0.11990921,0.5512036,0.1000466,0.33458012,-0.61738145,0.25354385,0.5624032
0.20082396,-0.043669447,0.149773,0.34477583,-0.39953,0.37109548,0.012256553,0.18283963
-0.2846161,0.27396744,0.5132703,1.5827851,0.57316065,0.25843048,-0.3540793,0.22585535
0.9928376,-0.77835274,0.027937725,-0.014663935,0.16749616,0.34725678,1.2351873,0.6756351
1.3194891,1.1538392,-0.06141816,-0.3090392,-0.097800836,0.7439003,-0.2959029,0.39514157
0.047229197,0.16903903,-0.15126224,-0.18407533,-0.4152574,0.5464164,0.04911795,0.92762554
-0.37424752,0.0037478358,0.37518173,0.7738999,0.6679685,0.4317239,-0.15771492,0.05980867
0.40701738,-0.14240928,0.6586619,0.30891925,-0.11478309,-0.35739332,1.4592799,0.20010987
-0.2658253,0.3967092,0.2356052,0.653824,-0.05106829,0.6862272,-0.5711879,0.28287536
0.5166851,0.19860505,0.68483603,-0.015852757,0.21876453,1.1549958,0.15598314,0.43545002
0.0026591234,0.7057787,0.19049203,0.0149436295,-0.13930102,1.0414782,-0.39231458,0.3573506
-0.11115704,-0.33234155,0.38555658,0.6971205,-0.1722595,0.52280754,0.6265593,0.27719426
0.3203977,-0.18371244,0.46871787,0.7668833,0.23186676,0.013184786,-0.83349687,0.5138004
-0.3999751,0.776361,0.43127477,-0.016259506,-0.5147243,0.45600018,0.9098588,1.2829334
0.011447921,-0.16563073,0.03781517,-0.3300854,0.36061215,0.1346741,0.15883009,0.59022415
0.5723278,0.48470074,0.008138046,0.9533387,-0.16092898,-0.0048428923,-0.5841266,0.28039852
0.31221655,0.6574838,0.18431416,0.050256655,0.8100072,-0.7253134,0.7005498,1.2672391
0.27171248,0.45831394,0.54107094,-0.36687404,0.11113538,-0.42958188,0.47031644,0.17711581
-0.18621925,0.026870571,0.124185376,0.4396961,-0.16622971,0.27123708,0.16676222,0.24789263
0.11838039,0.5287297,0.67717177,-0.2529843,0.043837592,-0.4717666,-0.08931608,0.5377848
0.2644286,0.47638643,-0.2807269,-0.096562766,0.00058591366,0.17708208,-0.056431517,0.5728487
0.8473447,0.93681324,1.4301378,0.5099985,-1.1368538,-0.25177252,-0.09420771,0.27187046
-0.15416387,1.4353768,0.7589263,0.39113852,0.16922592,-0.89599526,-0.060513884,0.24578053
0.21765041,0.5181255,-0.22475393,0.8051819,0.022778705,-0.15030828,-0.20153134,0.08935717
0.24257088,0.5788261,0.9350176,1.6524642,-0.627675,1.2239015,1.491177,-0.91216385
0.36399117,-0.28873765,-0.32169765,0.22192958,-0.13635026,0.13609196,0.36972886,0.81295216
0.75070155,0.6755678,0.0871159,-0.020538747,-0.8700855,0.21417642,0.77777874,0.5493041
0.9672192,-0.42579293,0.16959484,0.9273378,0.6111124,0.621419,-0.21766332,-0.24576011
0.39714214,-0.055673465,0.31895596,0.62089926,-0.74125946,-0.07964985,0.03618221,0.42081994
0.7097486,-0.041840717,0.25326008,1.1782328,-0.6002471,0.5065386,-0.4712814,0.13275579
0.022632312,0.18230806,0.33260185,0.43104723,-0.50605136,0.5387127,0.14305966,0.16649593
0.27418575,-0.26946884,0.11207038,1.9230151,-0.36376745,0.532807,0.079048224,0.2902645
0.8049874,1.7227671,1.7176236,0.84688276,-2.1254086,0.65765417,-0.004092717,1.1631724
0.123116635,0.047093347,0.40285653,0.21984789,0.0059891343,0.41202953,-0.3270305,0.10857579
0.15918824,-0.58887184,0.34184265,0.6998645,-0.6729196,0.5816019,0.6230771,1.6291223
1.3082502,-0.23794712,-0.1914375,0.70359844,0.01215817,0.38702375,-0.26223817,0.14478955
0.12704091,0.5046732,-0.12145062,-0.51400554,0.532309,0.6816714,0.08235648,0.92700416
0.18551353,0.34952348,-0.10103236,1.1623127,-0.45003396,0.42411175,0.47172168,-0.28678542
0.0946783,0.49360967,0.12120503,0.6212024,0.12870745,0.04726194,2.0850651,0.45401448
-0.34058082,0.49752128,0.2523405,0.433517,-0.107737765,-0.30729383,0.1090708,0.5184264
-0.36299664,0.73934335,0.5568061,-0.47242877,-0.26653636,0.61206585,-0.107539125,1.0754675
-0.34350854,0.34846085,0.6504081,0.44009647,0.2314115,0.090929694,-0.5178986,1.3083956
1.0681988,0.4175985,0.092454836,0.42469072,0.2558033,0.644425,-0.80821043,0.10419385
0.6117856,0.4188916,0.9851579,0.7552188,0.62161124,0.82300526,-0.051531583,-0.5890143
-0.3117103,0.29784518,0.7481173,1.1073318,-0.2688746,0.4937897,-0.25528863,0.26615927
-0.914875,0.8565349,0.54981005,-0.13418236,1.486042,1.1064259,0.4767938,0.847069
0.8135018,0.52921927,-0.009006247,-0.28832224,-0.18756537,-0.47563958,0.94792044,0.6094534
0.06916775,0.097565725,0.5590569,-0.18961132,-0.40643084,-0.24449253,0.20410226,1.1270045
1.158001,-0.64771,1.6877347,0.7362644,-0.07970624,-0.9603535,1.4157373,0.56706476
0.07381123,0.08192928,0.013906851,0.730563,0.21316409,0.61559606,0.2718533,-0.23577398
0.28779957,-0.21425276,0.3977291,-0.27095821,0.28711852,0.5389118,-0.01194665,0.27622104
-0.42477658,1.6028548,0.383942,-0.035406537,0.6636463,-0.48247278,0.9241341,0.989938
1.9290229,0.6384669,-0.15478058,-0.28241083,0.84473616,0.34914386,-0.08130411,0.13798085
0.23167092,-0.26559794,0.023223586,0.48266283,0.75543565,0.48364645,-0.43437538,0.35561845
0.75197583,0.5768271,1.0626502,0.08738636,0.9317699,0.040950164,-0.6681891,0.26471165
-0.5648808,2.018778,1.9324456,0.9487287,0.5197643,0.100263506,-1.0091876,0.83577466
-0.13122204,0.8667792,0.32696158,-0.09744262,0.8661665,-0.40612793,-0.308058,0.7651168
0.7063856,0.6985866,1.0086198,0.04179381,-0.9690607,-0.8069105,0.35911965,0.8874214
-1.0283171,2.1945424,1.132823,0.022780173,0.40541744,0.40056223,0.04258453,0.48961425
1.0835651,1.9663466,-1.2667211,1.1142175,1.6314995,0.76154876,-0.51478356,1.8156071
1.8967088,0.7702761,0.46209902,1.1875889,0.21279247,1.4372901,2.0962014,1.4910129
0.27952588,0.37817127,0.27356824,0.78717583,0.18845566,-0.3624278,0.76472265,-0.53373396
0.3890772,0.63097584,0.350199,-0.78920066,0.3663717,-0.10138987,0.8568595,0.77969515
-0.045031406,0.4788429,0.14747056,-0.53213716,-0.28505713,0.84979606,-0.29546055,0.8904966
-0.7065422,0.30003667,1.1521454,1.7416594,0.8786708,0.31331372,0.36251077,0.40503043
-0.49310777,0.3229652,0.32996756,0.1463942,-0.289262,0.1846308,0.098385006,0.34435332
0.25147834,0.59406114,0.20042945,1.1963823,-0.13830988,-0.55008507,-0.21255003,0.46416527
-0.7851248,0.43635076,1.3434983,1.2397482,1.8942637,-0.05738631,-1.0516592,1.6040249
0.68024343,-0.086828545,0.77587295,-0.08500432,0.4114561,0.6650456,0.121907584,-0.040568233
0.27688953,0.10957889,1.6996742,1.0871559,0.65327543,-0.92364633,-0.23654717,0.9855236
1.9015745,0.3645559,0.100627795,-0.13389978,0.100864545,-0.25826406,0.011716282,0.93079305
0.1703398,0.08927862,1.0117683,0.0052694604,-0.7614473,0.7292254,0.8257999,0.7657294
0.47660503,0.8483146,-0.23879056,0.27401048,0.2083707,-0.57711047,0.3587949,1.3125317
-0.4668369,0.30355638,0.77037364,0.16627535,-0.3361953,0.37127808,-0.07868202,0.5319165
0.44647077,0.14486746,-0.42920828,-0.025884278,0.8239339,0.2995321,-0.26722395,0.6654928
-0.1422371,-0.072316766,0.12983513,0.45070192,0.011653967,0.15559334,-0.1117292,0.44551882
1.58099,-0.61781776,0.08418243,0.09730857,0.113186136,0.9054705,0.92921597,0.2318266
1.9397681,-0.18885858,0.07697311,0.97136927,0.11980344,0.8723439,-0.0105563495,0.05453424
1.0610236,-0.505743,0.2775973,0.9772993,0.7771082,0.61055624,-0.47178373,0.20096919
-0.5945791,-0.35242683,0.54831797,0.9573273,0.5103608,0.27427584,-0.2357934,0.5937866
0.7284673,0.17732483,-0.062272713,-0.08397085,0.35022348,0.08964573,-0.15482792,0.022383675
-0.35576126,0.26295686,0.11664008,0.3906739,0.47346848,0.30928952,-0.76529974,0.78439534
0.3167812,0.075830236,0.6981042,0.15993974,-0.359639,1.1267169,0.6302794,0.16199128
0.26366693,0.08073364,-0.13857652,-0.2426183,0.21228641,0.03436835,0.15989876,0.52854395
-0.42744398,0.96118337,0.27461484,1.0533766,1.1161816,0.79485065,0.12546818,0.07746442
0.654103,1.6147482,1.5318679,0.25488162,0.93866193,-0.76723415,-0.5110906,0.5005673
0.36645567,0.995204,2.212359,0.21206418,-1.5083314,0.12291199,0.9101745,0.20739844
-0.48266497,0.3306278,0.4380805,0.5255914,0.21235232,-0.09901488,-0.058364064,0.46131772
0.1883075,1.1156942,-0.41376686,0.69341016,0.43106687,1.2012622,0.7442387,0.8158296
0.26822594,-0.5299334,0.03674081,0.31101543,0.12039469,0.1300627,-0.07973421,0.31439006
0.7368395,0.33566445,2.1571088,0.29437444,-0.013743028,-0.09967691,0.29343727,0.013201416
0.18144464,0.8642138,-0.10591306,0.47233412,-0.54504967,0.39127252,-0.40748963,0.23187584
0.073978,0.30252618,-0.038235933,0.5079188,0.30596137,0.5708715,-0.6651449,0.44365123
-0.055023536,0.48418403,-0.040279374,1.8134874,0.13643323,0.96033823,0.5074868,-0.41127777
0.62102467,1.49172,0.6102014,1.2762446,-0.6390801,0.78615993,0.1619773,0.09064326
0.24485913,-0.09789388,0.37985796,-0.3246602,0.30194956,0.2000747,0.34670243,0.09730284
-0.07405625,0.053264335,1.1610436,0.34780702,-0.7194877,-0.082760036,1.0130402,1.2351403
0.20402962,-0.3732773,1.1672314,0.56863123,0.8840998,0.12380272,-0.20639369,-0.086163834
0.2913069,-0.14874229,0.05305355,0.12526067,-0.23105861,0.38918918,-0.3171593,0.22260997
-0.116006725,-0.24755545,0.6753898,0.3764023,0.32305625,-0.027441025,-0.061632395,0.030638717
-0.51355904,0.7722851,1.8710295,0.048282497,0.6795569,0.8387672,0.6269873,0.8228835
-0.063494585,-0.17414658,0.28213263,0.47851166,0.002481699,-0.118149325,-0.25833642,0.2780231
0.4433169,0.09772311,0.24829608,-0.22911125,-0.094078526,0.47754276,1.2572898,0.5490435
0.6358056,-0.98476803,1.1046867,0.80456823,-0.2238455,0.2502492,0.78551376,0.42840588
0.18108565,0.26993388,1.1913059,-0.0801971,0.008552507,-0.9647505,0.28441742,0.08511059
-1.5699135,0.837726,1.1619953,0.8630722,0.031391427,0.4217207,1.541561,1.2323533
-0.07277347,1.4291438,1.4772017,0.809807,1.365479,0.19860329,-0.13212492,1.4070458
0.9762098,-0.3963347,0.40297788,0.71837395,1.1568763,0.07434429,0.7462117,1.0343301
-0.019359287,-0.04695894,0.88610363,0.16438907,0.84702444,0.3075973,0.21427621,0.82740736
1.3212279,0.14438461,0.16727556,0.3322937,0.164652,-0.5511454,0.49348038,0.5706849
0.09111344,0.32833272,-0.03748326,0.44713935,-0.9326783,0.46847367,0.34278217,0.57441276
-0.34001926,0.747169,0.4599225,2.2539632,-0.14991175,0.46275672,0.6251432,-0.44942063
-0.103657715,0.66668665,0.065958366,1.1514777,1.2038949,0.55337495,0.05649611,0.50558656
0.57874376,-0.2066209,-0.110007554,0.25321588,-0.12265216,0.43882555,0.8833673,0.2833016
0.96472955,-0.009337261,-0.16027825,0.17807138,1.4205363,0.12251037,0.938202,0.10589813
0.34592304,0.21292071,0.046595685,-0.36256662,1.0609843,0.03670366,0.25945306,0.33413297
-0.28393665,-0.49178642,0.42588252,0.32885733,0.44964767,1.0707083,0.7163673,0.47767887
0.16163358,1.1142409,0.19937645,-0.45574585,0.14096116,0.044192255,-0.7015284,0.54187846
-0.22870028,0.79938,0.9486201,0.063885875,0.732427,-1.019855,1.6458703,1.7599118
0.5718429,-0.612062,0.6168471,0.3913592,-0.44114184,0.20470089,0.06815914,0.8111896
0.20719758,0.24540035,-0.19978048,-0.03738127,0.31743968,0.1891486,-0.020528415,0.4268254
0.6325711,-0.0956064,-0.2823962,1.4149456,-0.08454271,0.8076515,0.8235112,-0.3286594
0.4961911,0.3357808,0.7667056,0.20060524,0.8799646,-0.07011461,1.2371476,1.3056366
0.24390408,0.66532123,-0.5317804,-0.16280565,-0.11341877,0.24991831,0.58631855,0.6990802
0.10613784,0.56083375,0.20804046,0.23405537,-0.6859246,0.07002683,-0.2343663,0.71662164
1.1645895,0.07782011,-0.60988444,1.3779242,-0.7320754,0.3565829,1.0833784,0.94812083
0.40179256,0.96390843,-0.059269264,0.84000057,-0.13331322,-0.79844517,0.31260654,0.39551914
0.0987802,0.22704636,0.009380601,0.5832657,0.33632338,-0.5371833,0.31667945,0.6894775
0.41943118,0.33824795,0.7775074,-0.051208474,-0.45108002,-0.92238283,0.9350384,0.47089797
0.6178746,0.75553715,0.11690731,-0.32143822,0.14409523,-0.29222596,1.4088081,1.1072077
0.73720807,0.117474005,0.12751462,-0.52511746,0.12966575,-0.3117157,0.49139294,0.8750509
0.7597726,0.1291167,1.630695,0.83149153,-0.23733164,-1.3681483,0.19732247,1.031398
-0.58500195,1.2392582,-0.26289994,1.4596059,0.21131365,1.0662771,0.63629276,0.28196293
-0.28819516,0.67015946,0.5300307,0.58186257,-0.06286463,0.59798706,0.6220743,-0.5748389
0.7008013,-0.14718832,0.5059652,0.30801934,-0.61654425,-0.134448,0.24170871,0.13923106
2.362105,1.3915197,0.010339513,1.6209348,0.112662986,-0.021542221,0.3993378,0.8296528
-0.19669956,0.033565387,0.58836067,0.6859439,0.16856141,1.1754372,1.1910777,-0.2691632
0.75385076,0.40578955,0.59759974,-0.33550015,0.32458824,0.2674569,-0.13412689,0.115857445
-0.04296852,-0.1550978,0.40018636,1.2531326,0.5601793,0.51024026,0.38211873,0.17851892
1.4532555,-0.4916274,-0.12684502,1.4663696,-0.40834826,0.72422594,0.55820894,-0.02285719
1.2841159,1.4196199,-0.7565367,0.43371177,0.77529955,-0.1744298,0.07038457,0.8828634
0.26323912,1.0427208,0.16898134,-0.4535596,-0.83665484,0.4540013,0.6538517,0.42874995
0.51214445,-0.052427545,-0.2946071,0.21005628,-0.11339955,0.41802683,0.62903553,0.36264098
0.23901716,0.77412426,0.43814194,-0.06227798,-0.57378966,-0.027363494,0.67418253,-0.13028568
-0.44923586,0.0026831478,0.48496723,0.9404054,0.04228615,-0.056294516,-0.15930882,0.3218519
-0.11808456,0.6897908,0.57676566,-0.419174,0.59018594,-0.3365925,0.28889444,-0.05741933
0.9565033,0.06391917,0.017015532,0.23713982,0.32566613,0.19184871,-0.5894484,0.17230904
0.3350539,-0.43310857,0.691725,0.6001443,0.8210945,-0.56078726,1.0345896,0.027824864
0.6910155,1.295123,1.5701354,0.8258854,0.18680628,0.34282812,-0.30111367,-1.1354228
-0.5039094,1.370022,-0.27226704,0.5712176,1.1051863,0.1407985,0.43655312,0.91709995
-0.11004213,0.052034035,0.36998212,0.19853875,-0.12893538,0.086203255,0.012021711,0.7910167
0.14832234,-0.2367182,0.9870148,0.21359235,-0.085057855,-0.6465355,-0.39281562,0.78237385
-0.49723753,0.21555786,0.7724004,0.28326473,-0.5150668,0.10978615,0.6936255,1.1745956
0.6391055,0.26834476,1.072517,0.82754487,-0.46380526,0.41602105,1.301057,0.2069197
-0.100217275,0.124463156,0.122675866,-0.12854707,0.4647665,0.3831104,-0.6674581,0.4049157
0.72868884,1.0422217,0.8609074,0.4958014,1.9406978,-0.30999738,-0.39661956,1.2183533
0.046627916,-0.20931505,1.3155848,1.0046552,-0.36390877,0.4061922,-0.3467369,0.6867103
0.33827844,0.18852255,-0.18231313,0.84380764,-0.2807786,0.13177153,0.83110017,0.031352557
0.04628535,-0.17870085,-0.03617026,0.28169695,-0.06299335,0.31023833,-0.027908886,0.40610838
-0.62930804,0.60956633,1.3107555,1.46753,1.2107425,0.89700687,-0.25119558,0.17318256
0.27711537,-0.08582431,-0.090606585,0.37710553,-0.1992247,0.12437284,-0.2513528,0.24788834
0.68128437,-0.23879625,-0.07860759,1.5282178,-0.8678235,0.7383778,0.6005677,0.64813805
0.6988279,0.2500903,-0.34530938,1.2307765,0.23908593,0.8901905,1.024007,0.25955033
0.9263569,1.18366,-0.76403236,-0.16481125,1.0928118,-0.2371229,0.6512973,1.1478459
-0.3479409,0.40666813,0.84647864,0.7513502,1.1042509,0.09711644,-0.4492929,0.11316453
0.7697126,0.032968417,0.022614405,0.15260091,0.04470907,0.12859288,-0.4322514,0.43984693
-0.60536134,1.3347372,0.20521429,0.45577806,0.11444667,0.3518861,-0.24806498,-0.07368705
0.2251071,0.70755476,0.08277355,0.9812862,2.7158442,0.7056905,0.19990419,1.3217574
-0.2534912,-0.21444951,0.49268186,0.45959786,-0.6157455,0.7654516,0.1368659,0.6040255
0.16042471,0.20894198,-0.050502405,0.17062318,-0.09352353,0.31487334,0.84384024,0.16672346
0.7387196,0.21354942,0.49196577,0.41032946,-0.6215824,-0.48320568,0.49893513,0.4074868
0.015208272,-0.21244943,0.094906524,0.58861774,0.31725907,0.20598793,0.3478022,0.5882174
0.25698623,-0.45818448,0.1223823,0.30542538,0.1512902,0.17314802,0.3700641,0.14306031
0.8326886,1.3405256,1.0357757,0.551509,-0.3435549,-0.57632744,-0.32955885,-0.29784274
0.32931137,0.068630084,0.2512012,-0.35623124,0.7862378,0.33533245,0.3771452,-0.004551336
-0.30852386,0.18814498,0.5348056,0.22860739,0.32769635,-0.28400707,-0.1894051,0.25318134
1.4748847,0.05704622,-0.40480345,-0.07313817,0.4161108,0.22168784,0.37768498,0.27426755
-0.15280578,0.4119318,0.4991336,2.1427028,0.47534633,-0.22520614,0.48278865,0.12705097
1.5312214,0.7677194,0.08492288,0.63819593,0.88037395,0.15407348,-0.13784474,-0.2969896
0.45449796,0.9244983,-0.06872991,-0.38995615,-0.70389736,-0.41200995,1.2627302,1.2190452
-0.29559144,-0.24585094,0.47441876,0.8835256,0.29270172,0.5024942,-0.042317983,0.039428025
0.052055597,-0.40232986,0.64251184,0.58564925,-0.1397513,0.28874296,-0.040429197,0.2900529
0.047636606,0.29822683,0.011885308,-0.16600639,0.25513893,-0.35504687,0.53616446,0.5195323
0.037120648,-0.31255937,0.25839406,0.50394994,-0.08813049,0.3288939,-0.064290226,0.13476726
0.2542627,-0.29477346,-0.31604713,0.6261056,-0.4575044,0.88217473,0.35049286,0.8882214
-0.6995335,0.78382725,0.802678,0.4112733,-0.67971367,0.7353734,0.037932426,1.0066152
0.5165496,0.29266846,1.595652,0.45381224,-0.466757,-0.3658467,0.19459698,-0.14135933
0.6793443,1.1011658,0.9604999,0.72554374,-0.32402748,0.76177895,-0.2656967,-0.050667197
0.8632934,-0.07644297,0.05778136,0.067288004,1.02559,0.90177745,-0.61953324,0.483033
1.1362358,0.3256145,0.46802092,-0.7199443,0.4034837,0.61715555,0.6426442,0.43202168
0.65163517,0.20342474,0.73843575,2.0846093,-0.4363193,0.59994847,-0.29145384,0.2323071
-0.53261465,1.4372075,0.44844776,0.84576946,0.5531983,1.3877423,1.7251402,0.46222717
-0.2116105,0.12924151,0.9014269,1.1259674,-0.10304789,-0.08296102,-0.4372488,0.23300269
0.10622575,0.87655187,-0.0463306,0.86846757,0.15687035,-0.08295402,-0.52738076,0.07267046
-0.37867793,0.44863302,2.1587877,1.0783674,-0.70963544,0.03537561,-0.0016610562,0.50226265
0.07962719,0.43379277,0.03206017,-0.3403589,0.3846833,-0.08147545,0.07911052,0.20335113
0.3033609,1.2903868,0.8718456,-0.20005935,-0.7693662,0.4476517,-0.32878613,0.2525585
0.21597615,-0.13090114,0.29009342,0.6074974,-0.293593,-0.08295429,-0.015001124,0.50349534
0.97291034,-0.010987833,-0.15539657,0.6811053,0.81349033,0.22476123,1.2703635,-0.34987098
0.24317601,0.009874836,-0.12878726,-0.11162049,0.48888147,0.024899319,-0.26658255,0.44790745
-0.08362098,0.35148287,0.2695589,0.15407225,0.1493858,-0.17584842,0.16092719,1.3708982
1.1873238,0.44341677,2.0852053,1.1533781,0.4685254,1.7716309,0.088406645,0.39849785
1.2448747,1.328914,0.5642996,-0.39980063,0.5503875,0.82061565,0.4433494,0.3883096
-0.019372374,0.5441729,0.7368262,0.14223534,-0.26625097,0.54935396,-0.36634734,0.58278894
-0.016273506,1.7884288,0.065453276,-0.34817424,0.07584171,0.091791734,1.4431773,0.9761441
-0.17943624,-0.109152004,0.76840866,0.90924466,-0.11499107,-0.29062518,0.035891794,0.589414
0.40968484,0.04888086,-0.24372403,1.372458,0.03449063,0.60566175,-0.19043694,0.58192515
0.7395473,-0.10797532,0.21497993,-0.43020323,0.8049597,-0.32143736,1.3472694,1.3267598
0.5201384,0.5038299,1.1431199,-0.06331704,1.6848831,1.3258873,-0.160318,1.2710562
1.1669105,0.7182049,1.2380027,1.5199411,-1.7188284,0.85108256,-0.10896113,0.41762513
0.8682743,2.1802993,1.8547052,-0.8589805,0.48089486,0.4132754,-0.18978323,0.7198381
0.06335183,0.036695942,0.6024265,-0.026993558,-0.65622073,0.045490585,0.25242195,0.86093026
0.07231972,0.2551977,0.98839915,-0.39563018,0.58872694,-0.59105754,0.7891432,0.51364446
-0.464501,0.48902845,0.47086936,0.33311275,-0.10683857,-0.09098846,-0.5509696,0.4612722
0.53524065,0.892903,-0.07687688,-0.46478406,0.81425416,-0.3547107,-0.30883396,0.9234735
-0.22466567,0.3406579,-0.17798992,-0.088289686,0.2959019,0.570987,-0.3902848,1.1848782
1.174183,0.97771215,1.4077358,-0.4402676,0.30651146,0.114474475,0.25727767,-0.41133624
-0.07449948,1.0554566,0.23794535,0.4882231,0.4276557,-0.49705148,-0.35015544,0.5041108
0.40332446,0.72010565,-0.708732,1.4595453,-0.29518116,0.30688834,-0.11906778,0.57955724
0.424739,-0.17308737,0.32838452,0.50212425,0.8199873,0.52824545,-0.79183686,1.0554299
1.3403927,0.80573523,0.30215943,0.3838218,-0.9942041,0.4152134,-0.043395035,0.64979357
2.2781966,0.9798933,0.7873706,0.7765015,-0.4812259,1.3805426,0.2038696,0.32458675
-0.19986835,0.62701946,0.32551706,0.7621942,0.046815604,0.42002738,-0.03499326,-0.3610378
0.2807738,-0.340311,0.28558868,0.4064625,0.33096406,0.13442619,-0.36244583,0.34718382
0.060361125,0.07401942,-0.1215695,0.3880042,0.38513905,0.20050111,-0.17990623,0.64666545
-0.086941645,2.2372808,0.5241468,1.0569742,0.52717227,-0.35134348,0.20208651,1.180248
0.10211455,-0.07647888,0.13361478,0.3269341,0.35927534,0.04543437,-0.52720755,0.52332294
0.08992418,1.0109862,1.2384971,1.1239928,-0.65612656,0.78965306,1.0600895,-0.32690406
-0.22460261,2.216771,0.5192863,1.2954817,-0.8428601,0.32289287,0.6329188,0.18158783
0.30241778,0.5022585,0.47801292,-0.02758824,-0.13397937,-0.6204532,0.6231892,0.5967535
0.81061727,0.2985295,0.022350848,0.816506,-0.40485114,-0.6584045,0.95745164,0.2818427
0.9566184,0.033781752,0.7936064,-0.07935392,-0.12873273,1.5828972,1.0841447,0.5210105
1.8552885,-0.06419934,0.7311726,0.39589617,-1.1052604,0.10187605,0.4077557,0.68560666
0.09677715,-0.46004486,0.7380192,2.2532773,1.0231353,0.5292393,-0.25496718,0.4042526
0.46797347,1.253506,2.1257727,0.072912715,0.52621555,-0.27965775,0.19511893,-0.100632414
0.1525167,0.1517726,-0.09261556,1.4002903,-0.47859192,0.49221343,0.6261846,-0.025923371
0.8926155,-0.36825997,-0.43548632,0.007026471,0.84638435,0.8888252,0.37820488,0.58579934
-5.3323805e-05,0.009570703,0.08568052,-0.03472063,1.3763857,0.02436594,0.62951463,0.495823
0.073017456,-0.3275687,0.27135098,1.4766157,0.10322128,0.75437886,-0.10236563,0.10735744
-0.5304499,-0.07469101,0.5140226,1.9050387,0.9333229,0.40624702,1.862906,0.7128163
-0.19043872,0.6719246,0.3371797,-0.17801768,-0.23687308,-0.21547097,0.018742438,0.1248779
0.07169828,0.9074595,-0.44223404,-0.00939393,-0.28603315,0.14999576,0.28998843,0.44366238
0.4804033,0.80548847,-0.18351264,-0.5344619,0.04160209,0.80557,0.63813376,0.42489016
0.45702863,-0.07780002,-0.32730412,1.160025,-0.6889532,0.76636857,0.8006516,0.477678
0.9703166,0.48730677,-0.4277218,0.7005232,-0.1569025,0.3050655,-0.6468286,0.10837723
0.1505068,-0.49657458,0.06856497,-0.09988137,0.108952895,0.5565189,0.8019087,0.51284254
0.2731161,-0.57747626,0.16095763,0.21961272,0.26025933,-0.007203929,-0.24428119,0.47783574
0.37502798,0.033073172,-0.16761293,1.1468124,-0.3772583,-0.037510097,0.2264369,0.23914279
0.45361245,-0.28405672,0.45562965,0.55188733,0.12202792,0.8912079,0.42749718,0.5735321
0.65167373,-0.0624934,-0.33781528,-0.3518131,1.4519811,0.51252013,0.67871475,0.5748014
0.81998354,0.8359064,-0.37975043,0.21669385,0.17768572,-0.20584759,-0.33490768,0.61859035
0.80265707,-0.1430685,-0.6163512,1.1914151,-0.47537017,0.2625937,0.12921327,0.57213384
0.66926825,-0.04210548,-0.6071279,0.63595504,-0.63870454,0.63260204,1.0094149,0.68661773
0.57566816,-0.5076196,0.8298066,0.415693,0.28378177,0.68197936,-0.1380775,0.6209989
0.11106299,0.042967275,-0.08018617,-0.241932,0.11252438,0.21538502,-0.10694132,0.9011563
1.4996725,1.2820458,-0.59702563,-0.11276766,1.4209259,0.47032568,0.13481262,1.6738575
-0.5205924,-0.23732994,0.52740556,1.6181822,0.1632474,0.8822851,0.71374863,0.48588234
0.3786539,-0.5800644,0.7872288,0.33121273,0.5521186,0.46063775,-0.7188999,0.514018
0.63753915,1.3578141,0.82407904,2.3903732,1.7124214,0.25156918,-0.054669775,0.3871008
-0.2727826,0.0614935,0.45642656,0.67925996,-0.3270324,0.40790978,0.25508797,0.14350016
0.56314486,0.53667974,-0.38874865,-0.32692406,-0.10648939,0.40203938,0.3510848,1.3045036
-0.016346417,0.25543523,0.20978189,0.37797067,0.7322866,-0.20438296,-0.35926303,0.8771272
0.45816377,0.39321083,1.1738139,-0.1331881,0.95990896,1.0298914,-0.08835716,-0.38382137
0.07780382,-0.18743514,0.0029512942,0.09471559,0.13820882,0.1423558,0.15427192,0.2702146
1.0866514,0.7296242,0.37857783,-0.39787018,0.18123199,-0.03131166,0.94394076,0.011468872
2.787861,-0.5422667,2.7261534,0.6612683,0.63262457,-0.10443896,0.3614284,1.0265281
1.1622013,0.61361647,-0.8982408,0.5385701,0.6248065,-0.095500335,1.0164622,0.03635475
-0.23685867,0.84735394,-0.15536912,0.52555484,-0.07478008,0.33096495,-0.43764803,0.52570677
0.0028383955,1.0546856,1.9015733,0.73397666,1.8529105,-0.32833135,-0.07810689,-0.39388412
-0.15508217,-0.09100561,0.60837954,0.34502864,0.18129238,-0.5578952,-0.1735031,0.33028683
-0.5596995,0.67483455,0.11926445,0.1368368,0.31094548,1.340085,0.91955703,0.6595485
0.55933607,0.52015686,-0.5551031,0.79470235,0.98999727,0.5515489,0.3925332,0.3847279
0.6317623,-0.5951266,0.25432217,1.4725838,0.7312321,0.62275624,0.6439184,0.7378232
0.6937236,-0.015478715,-0.05145265,0.012270428,0.8824888,0.14985767,1.5934429,-0.04090163
0.1465289,-0.24654609,-0.0079551935,0.52441365,-0.29127198,0.36458004,-0.01015755,0.414251
-0.23739609,0.41783053,0.5459807,0.02571971,-0.14906715,0.28242233,-0.68754065,0.6573242
-0.44197467,-0.066074684,0.7412946,0.63364565,0.29214358,-0.6227041,-0.12601136,0.49248937
0.120154165,-0.37297642,-0.008909747,0.40320125,0.15497431,0.5426604,0.36764348,0.20081528
0.69308126,0.7111317,0.80039084,-0.04297325,-0.6734995,0.15570872,-0.30179474,0.36854833
-0.11921219,0.9861251,0.622023,0.024043135,-0.11072002,0.38047332,-0.4142132,-0.096355945
0.31979382,0.036380723,-0.27691674,-0.10936614,0.61545026,0.48058224,0.7365801,0.31093597
0.11593018,0.75720584,0.720575,-0.5856584,0.660503,-0.09481405,0.8971761,-0.14248928
0.60451585,0.63590914,-0.33923686,0.4541235,0.19750656,-0.18270415,-0.09497383,-0.033512414
0.2706203,1.394645,0.23705393,0.25524092,1.1099371,0.30449548,1.2392403,1.1599159
-0.33922318,0.41464204,0.517599,1.2029524,-0.39462698,-0.13168575,0.0017027692,0.3971433
-0.7026631,0.12133895,0.47278512,1.8379385,0.8942926,0.14191039,-0.11996668,0.8814219
0.25450754,0.04367347,0.86695486,1.4984038,-0.54656076,0.6016878,0.080409065,0.29695994
0.3080181,0.23505042,0.25260264,0.2786465,-0.591768,-0.023451269,-0.25514692,0.39276052
-1.4065677,1.0914263,1.1826446,1.7699405,0.7291606,-0.027394667,0.8144079,1.0270114
0.4082527,-0.26500636,-0.07346669,0.3737106,0.44712007,-0.5302283,0.3763667,0.55106235
1.2301753,-0.2805671,0.9542707,0.67853075,0.39819622,0.45301852,0.067968234,-0.4226098
-0.24767494,0.1791571,0.49130684,0.27932695,0.39128435,-0.05056727,-0.6622098,0.7037396
0.8510409,0.15491895,1.3739017,0.49988624,0.5213824,0.39519578,-0.011427509,-0.38862938
0.1610071,0.82643354,0.54951847,-0.37087607,0.4753917,-0.845714,1.3288319,0.9680919
0.1424627,-0.123940155,0.14726906,0.19218293,0.26772094,-0.28753898,0.33134273,0.1699616
0.15801886,-0.40392822,0.09056114,-0.110993214,-0.09896161,0.5504746,0.14340279,0.68679976
0.004417807,1.0350128,-0.67056537,1.2103851,-0.21675004,0.7506472,0.62012154,0.53449965
0.7041261,0.13503347,-0.22963367,-0.50221884,1.1543862,0.2710312,0.0045654983,0.5498142
0.87270856,-0.19789745,-0.04759273,-0.010983817,0.9480784,0.8952557,0.14497502,-0.027978197
-1.0685393,1.5699999,0.75882864,1.3864776,0.08980717,0.047544688,-0.44214615,0.33236778
0.5349416,2.5129101,0.9373254,-0.062702276,0.69348335,0.21362193,2.3869011,-0.51419985
-0.25436386,0.21149594,0.3558274,0.07596163,-0.13325308,0.05182256,-0.21962367,0.1970362
0.3566659,0.0044805557,0.40921032,0.30283257,-0.84501094,0.5546043,0.72191066,0.08040838
-0.8973358,0.4442523,0.6237771,1.24592,0.114629254,-0.22581893,0.177117,0.63596904
-0.8340982,1.0058204,0.7283803,0.22911236,0.5538612,-0.5770254,0.42934033,0.20838493
0.48785242,-0.19747983,0.5140299,0.27478728,0.19638132,-0.34609473,0.6282676,-0.2559646
-0.05504144,0.49397236,0.22076012,0.5569542,-0.22767226,-0.28088796,-0.1912445,0.37679973
0.8673691,0.5795878,-0.9174894,-0.21303195,0.5145202,0.15557545,0.2389443,0.56572497
0.53104126,-0.40728652,0.7626501,0.71513146,-0.22337304,0.47170973,0.3650806,-0.46080005
0.1329591,0.69554347,0.09701729,0.30461526,0.0728571,0.48652872,0.0046408386,-0.22943735
1.5442704,0.29947376,2.5944226,0.76354706,0.7613364,1.548106,0.1904919,-0.06395984
0.87949556,0.088432774,0.4226116,0.94596463,1.6741798,0.9114247,0.6647267,-0.110500574
0.17028087,-0.080374405,0.058872603,0.019156028,-0.06981364,-0.032947302,0.27837905,0.28672495
-0.09258904,0.19021456,1.2163389,0.61765826,-0.7604802,-0.5194613,-0.20818497,0.7005477
0.233367,0.46306348,-0.04299362,0.29989544,-0.2022603,0.08299126,-0.48932412,0.07774735
-0.21240485,0.17709826,0.07543235,1.1190424,-0.4241764,0.10226199,0.2267797,0.30248496
0.6396977,0.8271007,0.90589017,-0.44432893,0.43623716,-0.70534766,0.6494792,1.078417
0.47518635,0.50966364,1.2650186,0.34591475,-0.31696022,-0.750698,-0.6045765,0.6643442
0.73538125,-0.15871413,1.5318736,0.61137784,-0.85159963,0.6546155,1.2736329,0.5173049
-0.26920626,0.5221125,0.39324832,0.22210595,0.07831262,0.20635137,-0.5142768,0.15160799
0.62622505,-0.6896981,0.26685882,0.26785868,0.4182474,0.42621827,0.4529134,0.016896702
-0.15357009,0.44108975,-0.036646232,0.13087595,0.283778,-0.086551204,0.36070064,0.28611025
-0.899385,1.4663867,0.3313666,-0.022204705,-0.711588,0.6310197,0.6437335,0.79138696
0.24406007,0.15518959,-0.009177446,0.10886217,0.1757378,-0.5145394,0.35192502,0.36007237
0.0027650446,0.7819227,-0.19804849,-0.18821517,-0.4186924,0.83201516,0.12505831,0.9967891
1.0902015,0.42184502,0.4900465,0.69177103,-0.7295812,1.1026711,-0.23118766,0.39276415
0.3391082,-0.2518496,0.75258636,1.2731329,0.5167957,0.41946334,0.032257043,0.6994094
-0.082979895,0.7090892,0.10587351,0.32432702,0.4607451,-0.8539021,0.49482968,0.5268632
0.45659265,0.66101336,1.9705428,-0.062280335,0.5098659,2.306238,0.35789564,1.6293372
-0.08919934,0.15996212,0.18635651,0.9924043,0.304653,-0.12859122,-0.36981034,0.39446387
0.036051925,0.14940521,0.54016817,0.77120763,0.057273015,0.30485573,0.19146702,-0.4292584
0.114383094,0.17028959,0.50947195,1.282978,0.10337497,0.31179148,-0.6016821,0.59895253
0.2569895,0.454705,0.47085375,-0.3419966,-0.53831476,0.96359175,0.007994464,0.47097626
0.27902833,0.43111908,0.2561385,1.0294007,0.752184,-0.39659947,-0.4622158,0.6217431
0.6802441,-0.35598063,0.20949866,0.62237465,0.2925477,0.20296095,-0.75259805,0.95036274
0.26774773,1.1654522,0.025488615,-0.35474342,0.036193386,-0.3956837,0.81914884,-0.04458341
0.039300486,0.015076682,0.65558386,1.221689,-0.67724866,0.24607228,0.10075434,0.34326822
-0.33184525,-0.4342534,1.0051483,0.84647495,0.7357915,0.45869187,-0.6770844,0.75351393
0.5078465,-0.09677382,0.8705212,0.28185004,2.4216967,0.25775003,-0.06387449,0.7272923
0.10141961,0.6381778,0.4528082,1.6607336,-0.37468487,1.3032784,0.0368438,-0.19255805
0.22912335,0.9584025,-0.15389849,-0.6060214,-0.0030194372,1.2011807,-0.32885394,1.2396054
-0.1272381,-0.16257527,0.56414825,0.33283257,-0.18191968,0.27739576,0.57567906,0.3805564
0.40513068,0.08811082,0.17566207,-0.5090162,0.37192416,-0.006760955,0.05698661,0.3102712
0.5779773,-0.8391548,0.5558973,0.9521598,-0.1369019,0.69615555,0.29199526,0.040598884
-0.5709043,0.4991029,0.4523399,-0.05143737,0.314238,0.69489694,-0.54064447,0.8141725
-0.08386576,0.33862877,0.20153216,1.2215455,-0.05717781,-0.4011454,0.7820005,0.55572194
0.3610027,-0.38034964,0.9246808,1.7993603,-0.05328946,-0.13148735,-0.1710728,1.0117676
0.581204,0.47605056,-0.1140732,0.07955678,0.007028565,-0.22596538,0.092208095,0.075121395
0.8620488,0.7701427,-0.35720795,-0.37252086,1.4222255,0.14325617,0.022782797,0.53198075
1.0845573,0.2832771,-0.37506115,0.7993471,-0.053145602,0.27039924,0.25033697,-0.3444287
1.3182454,-0.24867542,0.64188313,0.86105525,0.4317845,0.68666214,-0.73112607,0.29770693
1.8100511,-0.32638544,0.8250568,0.2086435,-0.16784988,1.335515,0.5535747,-0.1359601
-0.0022050403,0.44141287,0.18050067,-0.37556747,-0.085379824,-0.12252788,-0.11872324,0.50100243
0.67932504,-0.0032193214,0.8540716,1.1038496,-0.11622609,0.2203692,-0.7273377,-0.032998502
0.20704725,-0.09602384,0.023755193,-0.18345699,0.23559228,-0.10135949,0.8823988,0.8378398
-0.1013433,-0.017444447,0.39266878,-0.2898194,0.43176985,0.2942013,-0.09357375,0.17425281
-0.28679425,0.0338331,0.38182306,0.1484325,0.8035269,0.41165078,-0.60343945,0.3963927
-0.83510715,0.28224236,0.7328181,1.0424964,1.0251557,-0.32147583,0.11539147,0.63935316
0.40761387,-0.089472756,-0.38271022,0.788933,0.6615763,0.6327697,-0.13530476,0.3747273
0.1650933,-0.039892092,0.7126922,0.50029784,-0.45736712,1.2026868,0.011182418,0.4527008
0.06988119,0.089572504,0.18460286,-0.20230725,-0.0027229637,0.040872693,0.94526666,1.4165947
1.2393667,0.36654335,0.44512206,-0.5744879,0.8594432,1.0802935,0.25662372,0.8097152
0.12078265,0.22708784,0.07168223,0.017027713,-0.45329243,0.30018106,0.6387376,0.07190337
-0.5779462,1.0701928,0.15942797,3.0,0.83235204,0.66424274,-0.684068,0.5037571
0.83969146,-0.31331348,0.102714196,0.09593572,0.7697791,-0.56038713,0.2573428,0.71969056
-0.17394164,0.7348895,0.9156371,-0.47399804,-0.28900737,0.56494194,0.09726149,1.0380819
1.0362908,0.6936449,0.9402493,0.34532645,1.9517839,-0.7893667,0.06228403,1.0208296
0.2138133,0.53734684,0.19388151,-0.26858094,0.66015184,-0.738706,0.63292295,0.90520597
1.3788162,1.0037471,0.5487172,0.9944685,0.9527193,0.6851473,0.33551174,-0.02540043
1.0536417,1.0535716,0.14789508,-0.2342073,-0.87798935,0.3568946,0.121817864,1.3733175
0.25720954,0.12079896,-0.08166696,-0.23803905,1.2461061,0.43323562,0.68805176,0.3677402
1.0466882,-0.20778187,1.2386601,0.1761761,-0.099136665,0.7494858,-0.0125821475,0.29077888
0.058646113,0.111422494,0.41619754,-0.06707198,0.34763232,-0.23174635,-0.102062546,0.9166047
-0.20880154,0.3061716,0.1081856,1.1487776,-0.10146336,0.0049988776,0.967526,0.24037729
-0.075022124,0.012901351,-0.10180865,0.124472566,-0.48452497,0.4646211,0.18573628,0.6784255
0.39304173,-0.042080894,-0.26963067,-0.18898186,-0.2430474,0.1562984,0.34118477,0.64292544
0.27237457,0.7242276,-0.27889603,0.029921345,-0.5740215,-0.27958542,0.5701706,0.54569185
0.09770639,-0.3150971,0.12153161,0.39855275,-0.23671989,0.14486425,-0.2760862,0.40572295
-0.8965885,0.52494013,1.2928509,1.0937607,0.95786506,0.46683764,0.14357801,-0.20550323
-0.21396199,1.1505585,1.2353001,-0.4098238,0.22828685,0.8808475,1.6819367,0.37213057
-0.37173817,-0.11920805,0.2657879,1.4330897,0.08080171,0.6953129,-0.56014246,1.4455636
0.45100537,0.27694386,-0.38912505,-0.35707772,0.9005001,0.45471114,0.16435258,0.75090194
0.21646217,0.3130353,-0.12780909,-0.25177315,0.7851795,-0.17886513,0.6325444,0.49829707
0.2665047,0.6682603,-0.16913329,-0.41703868,0.37860197,0.13085431,0.31750914,0.34211743
1.6966896,0.70381707,-0.840201,0.84253806,-0.1271305,-0.18718803,0.5955383,0.06486201
0.6106288,-0.16229554,0.69218016,-0.08126094,0.44684976,-0.47767353,1.1102872,0.2993443
0.24988282,0.44848347,1.1140932,0.9105043,0.025481746,-0.2145747,1.5678962,-0.6591802
1.4580482,1.0028381,-0.4681049,1.1275593,-0.22307919,0.22356424,-0.35437787,-0.12986487
0.24281839,0.8748118,-0.28177112,0.73630595,0.3809288,0.41334188,0.7332446,-0.34105057
0.46635318,0.08345525,0.13475086,0.1786943,0.9976231,-0.21924719,-0.3895845,1.1209369
-0.46757117,1.9455702,1.6738683,-0.1556865,-0.66439295,0.682569,1.1690007,0.18362305
-0.18088979,-0.016334757,0.39908516,0.8959752,0.42052722,0.43430763,-0.66823584,0.29257932
-0.38236946,0.6292977,0.38304603,-0.19263431,-0.15305541,0.4136526,0.076578595,0.41631553
0.09321767,-0.26279092,0.037989512,1.0368135,0.28022248,0.7293508,-0.024466576,0.59802264
0.7428915,0.79117846,0.27277702,0.068410724,-0.6854499,-0.19844192,2.0711782,1.5706791
-0.3473458,-0.06741227,1.86347,0.19457737,0.6379711,-0.20992613,0.3895326,0.72240037
-0.28062955,-0.01993443,0.104723305,1.3713274,-0.013291463,1.2864375,0.3382651,0.59714067
0.60471964,-0.5981736,0.2451064,0.7976072,-0.60448533,0.955986,0.912023,0.04877171
0.14726424,0.1694145,0.2759182,-0.23155299,-0.054948986,0.012983277,-0.03268083,0.1709786
0.52451307,0.067835525,0.07052927,0.21704781,-1.1077551,0.72575307,0.9634716,0.67328197
0.0015393831,0.08559434,0.31724665,0.68338436,0.44405854,-0.8348348,0.36776128,0.38967866
1.1162531,-0.9375279,0.71944976,1.1235659,0.9171116,0.6413923,0.44591874,-0.4729786
-0.078812115,0.77198935,1.3109554,0.25996488,1.6488469,0.20615327,-0.49477187,-0.17008692
0.9373191,1.2207322,-0.40050483,1.8087406,-0.43388927,-0.10023782,1.4698879,0.7600628
0.10916703,0.6765756,0.12671188,1.2297088,0.5687853,0.6710752,-1.0773325,0.28589177
0.55724007,0.21249859,-0.122026786,0.26045406,0.10813083,-0.121421725,-0.019974882,0.59993565
0.74451166,-0.29999524,0.21391486,0.36848545,0.07740866,0.2520416,-0.39543822,0.04632926
1.469177,1.2676826,0.92064154,-0.9835934,0.74372125,-0.040899575,0.44800547,0.54181266
-0.14872488,-0.09733684,-0.05051872,0.4902025,1.061383,0.7746612,-0.90186316,1.2139757
0.6791088,0.9911159,1.0647957,-0.24799001,0.14649911,0.17391902,0.72723335,-0.617537
0.8055962,0.28768098,-0.0760304,0.28838515,-0.1355234,-0.12431829,-0.31056553,0.15803365
0.47715798,-0.86862904,1.090729,0.570769,0.17657132,-0.16414082,-0.43505165,0.85136557
-0.1517964,0.38556057,-0.2161649,0.16751546,-0.069995135,0.07099787,0.4761341,0.757691
0.5861947,0.13719988,-0.25303555,0.35162967,0.20346062,0.30334646,-0.4641639,0.13089727
0.08919483,0.040598676,0.17962073,-0.1814099,0.30749536,-0.12901014,0.40923575,0.25172094
-0.12328615,1.0735804,0.61779374,-0.78308374,-0.21143563,0.0039929226,0.13630022,0.8284186
-1.0049382,0.48506933,0.84161735,1.4624238,0.6258271,0.09305179,0.9981356,0.38478994
-0.11536486,-0.3976838,0.36918882,0.8339586,1.0330775,0.7248188,-0.8473237,0.99828815
-0.17608246,0.04303445,-0.30047756,0.4602156,0.07324342,0.65077424,-0.011442991,0.7367309
-0.19689304,0.83987176,0.02112487,-0.3177432,-0.17610227,0.80069864,-0.2856837,0.8473941
-0.4400491,-0.25484884,0.93706775,0.17769502,0.6635937,-0.2386176,-0.21692489,0.9104717
-0.045740254,-0.064835444,0.19684124,0.12830466,0.491871,-0.30405116,-0.13090524,0.53118837
0.0836979,-0.49661267,0.65979135,0.41600966,0.43269503,0.25803965,-0.5644468,0.2125009
0.2748451,0.35790318,0.12699112,-0.08230842,0.35979366,0.41050583,-0.4238379,1.2945333
-0.7012786,0.5629867,1.1893702,0.5374051,-0.14902912,0.17245899,-0.33168098,0.3994034
0.10075929,0.49657476,0.091612846,0.06859934,-0.42825657,0.41533783,-0.14380877,0.23296317
0.58264625,0.76226276,0.34614712,0.09350759,-0.5209808,0.6097632,-0.10766307,0.71951044
-0.013490256,-0.040600896,0.25234732,0.49989566,-0.04905115,0.0838996,-0.09918403,-0.030937135
0.27825361,0.09498018,-0.23004715,-0.12599495,0.016162924,0.08159308,-0.05098272,0.5305092
0.76630086,0.1433696,-0.49062783,-0.094255425,0.43753886,0.44491777,-0.4336488,0.53839815
0.76741785,0.28189397,-0.42333215,0.5681859,0.20154803,0.15674561,0.41790667,0.66324854
1.1920907,-0.041726544,0.56263196,0.7591668,-0.039083764,0.42000362,1.1489593,-0.77427334
0.023188544,-0.22525878,0.010737628,0.23917428,-0.053792164,0.29644948,0.121799834,0.32319868
-0.7132004,0.7301552,1.1100179,0.87251455,-0.08494726,1.3947544,0.50518256,0.80740273
0.029825613,-0.12960744,-0.14428546,0.23850185,0.1716287,0.34651983,0.54415673,0.3499016
0.5758071,0.6424557,0.056438148,1.6123106,-0.02297078,0.93662095,0.85846454,-0.4227714
-0.080705054,-0.25506157,0.9277387,0.42902222,1.3193192,-0.20564514,-0.10370285,0.56252766
-0.10944987,-0.2580877,0.13499919,0.5439373,-0.06493361,0.15084961,-0.36893186,0.5297005
1.0829661,0.4694156,-0.29589838,-0.19049409,0.47763228,-0.19602436,-0.020076955,0.29127744
0.17796317,1.1048956,0.42115158,-0.4635246,0.01823692,-0.6198076,0.4268437,0.92464685
-0.0090950355,0.2698328,0.03670211,0.08349357,0.77216965,0.17015421,-0.03960685,0.63968956
-0.11471916,0.4026838,0.19701037,1.1956803,-0.8109738,0.48354694,0.118722394,0.33027852
0.7930712,-0.33753192,0.1953214,-0.31566226,-0.545837,0.3864848,0.21517222,0.9094267
-0.0573193,-0.0993249,0.20725156,1.6872034,0.16015933,1.3705028,0.18863767,0.44211936
-0.6557979,0.21299665,0.87465847,0.9542728,1.4881406,0.57592666,-0.6712533,1.8840339
0.009250317,0.6479554,-0.05159317,-0.18596664,-0.07297306,0.35897678,-0.5003359,0.4851853
0.39902803,1.0035259,0.3522007,0.6461962,0.48444873,-0.8723711,-0.363673,0.37767145
-0.18752122,-0.10985501,0.2304773,0.0492562,0.13826302,0.043684132,0.19873054,1.0269434
0.7166684,0.64030457,0.79145145,-0.4359267,0.81668305,0.49337125,-0.19429316,-0.21917939
-0.06244359,-0.5155213,0.9666519,0.5913387,0.11829999,-0.07350364,-0.30375573,0.24145734
-0.1184225,-0.03188689,0.12644216,0.72328097,-0.3036759,0.39775485,-0.0580834,0.3859839
0.43845072,-0.01430805,1.014128,0.3323558,-0.30672723,-0.31949633,0.57656914,-0.082811505
0.11977171,0.091117725,-0.12130554,-0.19659323,-0.0876797,0.17910004,0.27531418,0.43652478
0.5448376,0.19949655,1.1796954,-0.501066,1.2410588,-0.065943584,2.238419,1.4816622
-0.19333142,-0.40184695,0.54173183,1.3109505,0.47263247,-0.4284259,-0.030482057,0.79348665
-0.27120075,0.72216797,0.410138,0.19631171,0.29487228,-0.6675948,0.46922508,0.6437334
-0.22149646,0.11420904,1.3671347,0.3491024,0.21215908,-0.4668603,0.17814152,0.12078205
-0.8243625,0.92945474,1.0114771,0.35549864,-0.49869907,0.40811735,0.4167223,0.09273408
0.6325563,-0.36393106,0.23560548,-0.30727825,0.9719134,1.1858615,0.58430994,0.3933563
0.5711164,0.9189757,0.8889445,0.3944916,1.1610589,-0.7433338,0.08942945,0.784501
0.62149465,-0.46798933,0.2557704,-0.23007056,0.9982009,0.6126959,0.59741825,0.13200921
0.057627678,-0.22715144,0.7127506,0.31818807,-0.44100046,-0.011317514,0.46117935,1.2393134
0.9115748,0.058343723,-0.2472101,0.3988087,0.5491623,-0.27790555,0.9058598,0.63907766
1.9365891,-0.83919513,0.75868833,0.17837167,-0.30639583,0.39335346,1.3923831,0.83307815
0.20885548,0.39163846,1.2677165,-0.4382405,-0.36727738,0.19439296,0.4478787,0.34733158
0.56729406,0.38533002,-0.032453,0.5596451,-0.7473434,0.11432986,0.60809463,0.29677102
-0.052937724,0.9535105,0.72870135,0.9015143,-0.007207498,-0.25645283,0.45273677,0.8916978
0.04489828,-0.012746006,0.12360781,-0.024198808,-0.100508764,0.05197432,-0.24166465,0.4478087
0.50767386,-0.7101469,0.66529155,0.92741376,0.8112069,0.38002408,-0.27390036,0.6636701
1.2460889,0.6014414,0.25648946,0.11790153,0.5916949,-0.3580253,-0.1391685,0.07714434
0.5186291,0.95196575,0.32581976,-0.43155625,-0.43915355,0.43529287,-0.015835391,0.2596737
1.1434671,1.2393684,0.057474777,-0.49146083,0.011339024,-0.16103458,0.006164497,0.4646963
0.19300169,2.408367,0.4419425,-0.7091163,-0.7687005,1.1633745,0.38583398,1.3721297
0.018798329,0.32983762,0.82646435,1.3810503,-0.063060775,0.5319314,-0.35775626,0.52503246
1.3700198,0.5467089,1.3657779,2.2601058,-1.0553191,0.47078395,1.9747547,0.6209394
0.045575507,0.67544127,-0.086891085,0.41630995,0.89369243,0.19393845,-0.72938436,0.7574336
0.4400731,0.07681708,-0.21663319,-0.003131494,-0.15052076,0.16981292,0.06578449,0.24679054
-0.16015914,-0.18020482,1.2613523,0.15658301,-0.31378013,-0.5175153,0.46202415,1.0809631
0.018170593,-0.5267257,0.19398233,0.9852776,0.019355357,0.8093897,0.8021819,0.0015739202
0.049091805,0.20561676,-0.1391216,0.52793586,-0.13855164,0.89902365,1.4302562,2.179653
0.29027826,0.908512,0.39027476,-0.5188232,0.3229658,-0.061204404,-0.36188626,0.1833608
0.030976735,-0.1914591,0.21653171,-0.024041891,1.3231251,-0.13214758,0.05664414,0.93790287
0.42726502,0.11614744,0.020117521,0.066614054,0.59855115,-0.2155239,0.58181536,-0.032573357
0.2432549,-0.14403157,0.3159558,-0.11040319,0.418217,-0.10386592,0.005388538,0.41851377
0.39076257,0.27364665,0.019620135,-0.40891686,0.07099183,-0.14827177,-0.068829104,0.825587
0.3984863,0.07210651,0.024352297,0.36607906,0.12264629,-0.13248897,0.041257486,-0.118784696
0.14422959,-0.24572091,0.43313974,-0.47091326,0.1509266,0.6454488,0.18093537,0.82565016
0.32081482,-0.60313445,0.9397347,0.5774307,1.0653417,0.65281457,0.15800014,-0.036085278
-0.23133174,1.4690216,0.8113236,-0.45455733,1.443512,0.56979096,-0.19455978,2.585279
-0.09849007,-0.006936267,0.29366088,0.17500937,1.1589701,0.28070304,-0.69317406,0.732686
0.48301396,-0.069570854,0.15436293,0.005015753,1.3011135,-0.47749168,1.1637789,0.69130015
0.30845234,0.2791559,1.342192,1.5021608,-0.7978098,0.29049784,1.3090361,-0.010833055
0.87224275,0.3646528,0.6148581,0.7150303,-0.22347443,1.0102642,-0.6303148,-0.15155855
-0.45473644,0.8180961,0.9485876,0.08548678,-0.34681898,0.34760693,-0.24929686,0.31272137
1.0023595,-0.8239648,0.22703093,0.5292617,0.55031836,0.9206362,0.033673204,0.16565168
-0.33879164,0.18764226,0.8690125,0.43620938,1.4897468,-0.6298835,0.4456893,0.8668574
1.6288449,0.6491219,0.72297484,1.0838063,-0.8689916,-0.3515594,-0.17313738,1.2109005
0.6935843,0.30595255,0.9464241,0.4473249,0.38856506,-0.32555136,0.20646979,1.1222941
-0.084478386,0.14986081,0.11045472,1.932641,0.41939986,0.9860372,0.14897804,0.017037332
0.3654175,-0.06066437,1.0623617,0.14813554,0.28475463,0.70426023,0.29343775,0.9755832
-0.13830996,0.22273122,0.07943037,1.1351967,0.22113115,0.41466156,-0.68033826,0.37204465
-1.0124394,0.8274408,0.6514202,0.7215008,0.90548044,-0.2377128,0.15721007,0.24015777
0.7241296,0.2732129,0.5540259,0.08604019,-0.26554716,1.2324779,1.2596521,1.5199509
-0.23402372,-0.020136565,0.23321868,1.0605555,-0.33256447,0.14673924,0.09102745,0.47741264
-0.26116082,0.09821437,0.6288445,0.09404599,1.1613059,-0.6570774,0.6197819,1.2470456
0.04007876,-0.391226,0.31698012,0.74120855,0.64039046,0.11790148,-0.51801836,1.0122843
1.5343103,-0.46686524,1.1987859,2.0039399,-0.26330596,0.40026677,-0.72094136,1.311935
0.4336252,0.060796127,0.1975608,0.6804398,-0.55313736,-0.11513035,1.7809345,1.6589035
0.7078348,0.25594544,-0.7440828,-0.043477245,0.25042763,0.246391,0.13291715,0.43476325
0.61681277,0.33614272,-0.7635002,0.85085857,-0.41161132,0.3001054,0.42514017,0.43807548
0.5488619,0.44482684,0.0014579445,0.17498666,-0.06922601,0.2629245,-0.36952263,-0.010701656
0.42227453,-0.03376384,0.15164083,0.39044935,0.17807503,1.1711923,0.19555633,1.1435724
0.86730707,-0.736747,0.3913508,0.5897562,-0.37659532,0.64174634,0.49717167,0.19068275
0.385831,0.18698625,0.10324676,-0.28566095,-0.8055463,0.3049702,0.9783557,0.9107182
0.07420014,0.7362566,0.46722084,0.012269877,-0.50210047,0.88830245,2.6575916,0.8113081
1.4718615,-0.05752285,2.499748,0.48200515,-0.30597067,0.44571573,1.1376597,-0.022478312
-0.16880068,0.38125193,0.01127322,1.1226406,-0.33620584,0.78222275,0.40155464,0.07723943
1.1162348,0.35108876,1.3915571,0.47470036,-0.10379295,-0.80116105,1.6184056,0.046573132
0.41664776,-0.20106094,0.48970336,0.09320546,-0.11906007,-0.105578825,-0.21037665,0.3677789
1.0035928,0.26163995,-0.13417496,0.36361676,-0.0860254,-0.46891296,-0.10657992,0.36747968
-0.1270836,0.91337353,1.2225225,0.3463701,0.028116092,0.08990657,0.43611833,1.2238511
0.15258427,0.17970835,1.1945714,-0.7257678,0.6037413,-0.053300798,0.773822,0.96218574
-0.37103435,1.0467161,-0.14875238,0.28329736,0.2590181,0.008884124,0.08761946,0.20267227
-0.05527384,0.72441286,0.11939423,0.19485763,0.041489735,1.4345273,-0.0010315864,0.5907789
1.7417469,0.13773976,0.96390593,-0.4516081,0.58474135,-0.801116,0.9784033,0.1456761
-0.07464733,0.056387834,0.3462733,-0.024591647,0.29825404,-0.051029786,-0.0063175717,0.031139322
-0.46921226,0.02879627,0.40348655,0.71792036,0.3161587,0.1693787,0.2988402,-0.02731961
0.8823791,0.17711924,-0.44236028,-0.063742526,0.7386917,1.1497182,0.30059448,0.51733065
-0.26822725,0.6869343,0.4347257,0.06036208,0.23128627,-0.16329035,0.008239664,-0.13938534
-0.33045885,-0.15008105,0.5490432,0.7125435,0.15012428,-0.011213154,-0.35987553,0.8779745
0.3460445,0.44449306,-0.10715993,1.2723927,0.111981705,0.6754772,0.35000056,-0.5214245
0.69146276,-0.7010479,0.89664805,0.5908443,0.5365811,1.4109907,-0.004473427,0.40845478
-0.091399774,0.21209987,0.2897543,0.0148093775,-0.19048606,0.93931603,-0.48929998,0.93951327
-0.4631051,0.2906322,0.8016285,0.4362228,0.40576607,-0.39921302,-0.22577699,0.8113678
-0.07579509,0.03467594,0.75761485,1.3041829,-0.5390067,0.40669248,-0.05111073,0.41250506
0.39225826,-0.57039106,-0.21082462,-0.11642409,0.21083812,0.22053896,0.113324575,0.73978895
0.6034796,1.0902536,0.49687207,-0.49090233,0.413967,-0.019382194,0.54602826,-0.15747827
-0.7311004,1.5968686,0.046586134,-0.075074516,0.20507427,0.25856566,1.1835843,0.6623179
1.2103401,-0.052422658,-0.394221,0.3234946,0.82289773,0.57394075,1.1667641,0.23051289
0.25790933,-0.78275096,0.2265357,0.7091076,0.4510674,1.19926,1.1692733,0.88600796
0.89132494,0.8126615,0.7808048,1.8391039,1.7035252,-0.52688193,2.5408466,0.2536281
0.85287344,-0.11160286,0.27816784,-0.5545622,0.40636015,-0.2283704,0.44168586,1.0000904
-0.11514332,2.71185,0.44158506,1.6963208,1.0286279,-0.29528296,0.17274998,-0.29078758
1.7213236,1.0508509,-0.5648918,-0.034902036,0.24292012,0.4411439,0.96506196,1.036405
0.8411885,-0.03097649,0.28475165,-0.06000144,0.47106624,0.27698046,0.8248132,0.038948998
1.1771821,0.39913172,0.34180754,1.4909183,0.7165021,-0.08064462,-0.6443626,0.2908569
1.0465062,0.63019323,1.278844,-0.34599724,0.29519534,0.5689108,0.67440844,-0.23239103
-0.019057613,-0.08666329,0.3170644,-0.09248421,0.32146913,0.38331673,-0.17518081,1.1577599
-0.34572452,0.7631975,0.61384207,-0.15061435,0.37254125,-0.22871295,0.022553265,-0.13419211
-0.027318839,-0.10093619,0.022158697,0.6120566,0.31652403,0.6373755,-0.43643582,0.5813555
-0.6534994,0.6900112,0.8949672,1.3545322,-0.2547307,0.09897679,0.2868809,0.56232226
0.5686607,0.017877325,1.5683364,0.44761443,-0.49017036,-0.58700866,0.29955617,0.03976038
0.7886419,-0.77395153,0.7076038,0.43079245,-0.06212561,0.5932107,0.5404442,0.30223835
0.93404895,0.5205263,1.3557445,0.8725832,0.11110331,-1.6265095,0.43072987,1.1622735
0.34121993,-0.25087,0.30503523,0.33725038,-0.69183326,1.0845792,0.5063644,0.43059847
0.9282697,2.4063673,-0.35820156,0.5405363,0.8314594,-0.4974332,0.988815,0.11015879
-0.12683037,-0.06802,0.09242684,0.54007304,-0.3550774,0.34069884,0.23057444,0.23533016
0.19373712,0.15667643,0.19176546,1.5877485,-0.46340948,0.02715294,0.10276991,-0.0014660209
0.41166997,0.110448405,0.57174045,-0.78377455,1.0557158,0.6849381,0.26707786,0.38061583
-0.0018827692,-0.28639,0.22885513,0.11755019,0.107791245,0.08799879,-0.2708441,0.3528279
-0.15774089,-0.1876052,0.42923576,0.39050615,0.35967427,-0.47136223,0.1688341,0.37889034
-0.7685054,0.56784403,0.2721976,1.4160138,0.56922597,0.39816567,0.34669587,0.38075113
0.34731513,1.3401544,1.3828299,-0.22325224,-0.9941148,1.5265086,0.8755855,1.2847164
0.7178099,0.11735363,0.6965502,-0.08314612,-0.2408485,0.02712296,-0.54164773,0.7846301
0.08322695,-0.008890882,0.5563116,1.3847103,-0.14005892,0.2768946,0.3107321,-0.2566112
0.87064976,0.31968838,0.60913336,-0.20997378,-0.6219912,-0.3214053,0.17953683,0.5393268
1.0503507,-0.27959543,0.22149496,1.0173943,0.75514084,1.1295092,-0.6530023,0.22158724
0.95184773,0.35240054,-0.34221387,0.34926364,0.8604712,0.20402658,-0.12339991,0.2602235
-0.48144653,-0.19071408,0.31787747,0.14565346,0.35331988,0.6165298,0.30932388,1.2396011
-0.2543728,0.85648644,-0.39046204,0.6302219,-0.7044473,0.83665836,0.9753056,0.9535959
-0.03665559,0.31543553,1.0410458,1.0518292,0.25419188,-0.5664793,-0.915651,0.58214414
-0.03837978,0.3040567,-0.14767255,-0.13170874,-0.18852906,0.36830983,-0.098074935,0.44801724
-0.1955603,-0.05718462,0.07632732,0.91836065,0.31617922,0.856191,0.28203136,0.35465884
-0.46629906,0.03896816,0.07730504,0.6388423,0.95779335,-0.016650498,0.54682803,0.90627587
-0.9098562,0.6720415,0.88391984,1.0825925,1.1129385,0.67314225,-0.052252907,-0.003067702
1.0533947,0.9495168,0.38566244,1.7025472,-0.058279738,-0.032301366,-0.69341725,0.08005896
-0.07974749,0.1345437,0.041506335,0.8050731,-0.28192466,0.26177794,-0.26751164,0.4443871
-0.3200373,1.0868001,0.008565545,0.28720975,0.21872565,0.094776526,-0.020579686,-0.04376009
1.5388921,0.7636216,-0.25357813,1.7906576,0.2279367,0.50515485,2.3380415,-0.3124508
0.5918217,-0.21294124,0.25248352,-0.3116677,0.15153216,0.27351663,0.31184945,0.40539062
0.7436839,0.061213538,-0.10063505,1.5728104,-0.69424206,-0.38208494,0.7490407,0.58943415
-0.08730767,0.18841788,0.30717546,0.6086285,-0.2382945,0.5248984,-0.16784675,0.19428807
0.8921177,0.23797356,-0.645064,0.6623096,0.3825966,-0.25219822,1.4705447,0.3793651
0.573054,1.0135324,-0.43848366,0.8987009,0.5153431,0.07650046,-0.54803413,0.1449387
-0.94479465,0.08020733,1.1088057,1.014709,0.7339165,-0.49950057,0.8003769,1.308612
0.25707486,1.1955118,0.17227024,-0.6711578,0.45527232,-0.14140557,0.3867655,0.05825554
1.1560862,-0.28319764,2.6583338,1.4271425,1.2729391,-0.5983919,-0.3338167,0.9319429
-0.1485928,1.0863292,-0.23473398,-0.5265669,-0.2596879,0.40938985,0.2249132,0.8942492
0.28755736,-0.10648452,-0.10494371,0.09403186,-0.4535818,0.22962257,0.24683578,0.9775311
0.24684012,0.3090182,1.0348603,-0.3085177,-0.44501907,0.35435048,0.38035378,1.0860689
0.8793213,-0.8359664,0.7102745,0.62727344,0.5103947,0.54438657,0.45481646,-0.4811237
0.32414502,0.17039476,0.7826172,-0.010753565,1.1800764,0.24124412,-0.037192024,0.13155216
0.39484632,-0.4868402,0.23605394,1.00762,0.19048353,0.17233992,-0.24350725,0.35032576
0.07866053,-0.052868083,0.267918,0.16256368,-0.06261079,0.91871977,-0.4848422,0.84714067
-0.035469495,-0.043476656,0.4026513,0.858031,-0.047024533,0.9997719,0.2685309,-0.16365954
0.082346186,0.18840377,-0.22343935,0.2220704,-0.1386988,0.32456502,-0.13024017,0.68208575
1.732138,0.82059556,-0.8183339,0.2920261,1.5877604,0.13208327,1.4716752,0.33702418
-0.13467887,0.09132694,0.08156188,0.73375756,-0.3392446,0.4822984,0.4477853,0.096026935
-0.16963488,1.5301574,0.60236114,-0.12538049,0.590323,0.13883145,-0.52753943,0.3993072
0.42258042,0.5705098,-0.44446373,-0.13321128,0.5330306,-0.27103707,0.39518586,0.48372447
-0.18215054,0.005080268,0.6689348,0.54790014,0.22969338,-0.6935264,0.759775,1.2163523
1.0983993,0.18449305,1.0985037,-0.22212559,0.39789665,-0.41295052,0.04033655,0.86648846
-0.34777173,1.0143327,1.0973659,0.2459181,0.11154516,1.554528,1.1485285,0.36060524
0.09526374,-0.6383706,0.17224245,1.1320093,0.09501298,1.0948298,0.8790907,0.06584552
0.5238978,-0.5889648,-0.009163335,0.054433763,0.8458374,0.61195195,0.16286066,0.2837102
-0.09866714,1.626502,1.9364336,0.4212341,-1.2955911,1.205886,0.4118058,0.96240115
1.016251,0.15879296,-0.01311028,0.32898644,-0.588955,0.9657841,0.53661287,0.5236658
0.8755833,-0.41402584,-0.05447714,0.8980461,0.75676435,0.78725106,0.42155054,0.120871544
0.44210038,-0.12398772,0.048547573,-0.22586203,0.9144233,0.15821326,0.7261781,0.1384458
0.063199684,0.029808715,0.42654032,-0.05190266,-0.24232678,-0.12920797,0.11327202,0.10093908
0.2122396,-0.30727965,0.14516267,0.6397739,-0.052350655,0.08372517,-0.4164162,0.2911895
0.15588158,1.0543929,1.541073,0.30498943,-1.1802455,-0.8226552,-0.14661813,1.0985153
0.08371888,0.14115606,0.62543654,-0.12209151,0.040282473,0.14706704,-0.50249505,1.0358639
0.48739994,0.26102638,-0.06422728,0.45710516,0.02632977,-0.57721126,0.5044059,0.11878806
1.0555495,-0.20910712,0.2846191,0.24155483,-0.78844094,-0.17915103,0.20207979,0.59276974
0.46468136,-0.39038885,0.8984919,1.0701351,1.2353452,-0.6361179,0.47557577,0.4598717
0.06484333,-0.19623898,0.5485455,-0.07699195,0.5597059,0.26087123,0.16339143,-0.014743552
0.61176515,-0.45634544,-0.106763005,0.43418297,0.8332057,0.22224513,1.0552777,0.5349179
0.14971854,0.9799187,0.5726322,0.15565151,-0.36355245,-0.26569593,0.4315853,-0.53460586
0.27448443,0.39879596,-0.46977544,0.44788894,0.08453585,1.1518512,-0.12789476,0.7567956
-0.40198472,0.16994244,0.07406943,1.3498654,-0.37788653,0.35531318,0.49126655,0.58430743
-0.29812795,-0.42373788,0.23843601,0.41806278,0.3224968,0.33351806,-0.28636217,0.61269706
0.0551301,0.4098106,0.3192822,1.2900853,-0.34555072,0.56735086,0.5932825,-0.57766074
0.13202202,0.96328765,-0.2940126,1.2899928,0.8777857,0.95747125,0.3090047,0.8302412
-0.42032173,0.9392277,0.2570569,-0.21297759,-0.37471372,0.7718749,-0.14234959,0.6177662
0.10773619,0.31741506,0.36219263,-0.34512213,0.23233299,0.46733934,-0.2270713,0.049711823
-0.015056867,-0.52582663,0.23227614,0.3626291,0.2597773,0.34168062,-0.16968477,0.6688215
-0.1020068,-0.22231941,0.7528412,1.2095878,0.12257834,-0.75831246,0.3545358,0.5857935
0.5160024,-0.26866,0.35664788,0.8539071,0.28176153,0.67798334,0.5952994,-0.56272024
-0.8220851,0.66434294,0.74001753,0.056017227,0.68967634,-0.21137834,0.6181052,0.6617531
0.7491155,0.5539522,0.07725111,0.5549931,0.6334896,-1.1941501,2.4322736,0.5280206
1.0813577,0.06611876,1.1675959,-0.13521862,-0.8477195,0.49549642,0.7222037,0.42433447
-0.21748826,-0.18282498,0.21408504,0.72902834,0.31167656,0.59155166,-0.3625202,0.6564864
0.46945408,0.32881135,0.52920806,-0.6427258,1.2154442,0.21744594,0.3370303,0.19500697
0.41337895,0.0034653991,1.6926967,1.0065613,1.8324416,0.69267595,-0.67083466,0.46507496
0.36544666,0.22790055,-0.057639495,0.12186242,0.12590288,-0.18800575,-0.34086385,0.37091303
0.9341926,-0.091627195,0.67002124,1.4125419,0.5829432,-0.20394346,-0.4328431,-0.03475474
0.7316405,0.7386577,-0.26182282,0.42073512,-0.5540892,0.18304306,-0.5589206,0.53929627
0.50827724,-0.34818554,0.9955264,1.247781,2.294309,0.006008804,1.1364794,1.6454045
-0.2072359,0.44251126,-0.21251552,0.25162372,0.3053524,0.6826078,-0.5798411,0.90274066
0.09502716,-0.15958701,-0.04241042,0.05902402,0.3208,0.41070527,-0.25835788,0.5393046
-0.25136897,0.12107198,0.41873306,1.4311352,0.25596786,0.06051348,0.8218134,-0.30941817
-0.25964394,-0.15434535,0.5206455,0.45288476,0.5758999,-0.21647787,-0.5857976,0.7847397
-0.31458995,0.448906,0.3818131,0.44501278,0.19577278,0.34454456,-0.8345231,0.38770708
-0.09965464,0.90034103,0.86843956,0.49941656,-0.15122803,1.3843235,0.052390814,0.69970816
1.278559,0.43862307,1.1280714,-0.5465202,1.7818068,-0.835349,2.0064533,0.4412244
-0.048877433,-0.09087996,0.1910258,-0.076425694,0.43459392,-0.14194986,-0.15215558,0.65040284
0.810987,1.0362803,0.82006264,0.8895251,-0.34914047,-0.1144484,1.4133452,-0.059068024
-0.5765454,-0.72076476,1.0819184,1.3008776,1.2455864,0.33972886,0.7434128,0.10877803
0.8497728,-0.28876328,-0.38530737,0.9346725,0.018667534,0.45640376,0.18062322,0.13904074
1.1976597,0.7291097,1.5003172,0.2021825,-1.6947428,0.84658426,1.0592334,1.0013937
0.21736082,0.91826034,0.7380829,0.10738558,0.28171533,0.069495976,0.14480332,-0.48059958
1.7404531,0.3178529,0.52400875,1.3236969,0.31809694,-0.6609098,1.055972,0.97867966
0.9065654,-0.3630731,0.3577106,0.41266024,0.9024741,0.36018628,-0.36450127,0.0690117
-0.38831195,-0.32337344,0.52324307,0.5099465,0.4931125,0.035471767,-0.33094147,0.45118076
-0.2559109,0.17034382,0.1713996,0.224206,-0.33251268,0.37350407,0.31357685,0.16551164
0.63434255,1.6302226,-0.037478924,1.251355,0.68638617,-0.8945849,-0.026026199,1.6422676
-0.5433037,0.7103537,1.0118288,0.4302867,-0.2655024,0.4771878,0.40014127,0.07856324
-0.98638636,0.56377006,1.6664537,2.7094748,-0.3072304,0.10309601,0.74125844,0.45760912
1.1921581,-0.11695774,-0.22287692,-0.31408796,1.2773015,0.37450346,0.4401125,0.20423497
0.90589505,-0.116502896,0.21141061,0.08765911,0.089323774,0.55110514,0.5354406,-0.23655301
1.0833398,0.7058794,1.3171865,0.07456272,2.2261834,1.2159193,0.51039463,-0.23625016
0.27136916,-0.29469866,-0.08495925,1.098449,0.44568533,1.1177919,-0.3664039,0.69723505
1.5660702,0.09629916,0.027526602,0.93918765,-0.7701272,0.13256767,0.6831345,0.4445972
0.011051858,-0.22793533,0.17538899,0.26078892,-0.2576154,0.20656867,0.10668033,0.17405647
0.2258015,0.24961336,0.35683027,-0.55742717,0.89634126,0.18247306,0.8231546,0.29020193
-0.17661712,0.9076872,0.2527594,0.21482858,0.37302774,-0.3725456,1.1766292,0.26741284
1.5943443,0.49702394,0.298326,1.1887549,-0.5344757,0.2910352,1.3487171,0.095721945
1.3766438,0.8474175,1.2457299,0.43614838,-0.5736894,0.28089935,0.0048866333,0.25200456
-0.11673749,-0.006577246,0.1854743,0.15357517,0.14436129,0.093930006,0.11613994,0.27300325
-0.31788048,0.099011794,0.5412929,0.6186019,-0.6360999,0.75511515,-0.017120944,0.75329405
0.2534018,-0.20460875,0.285695,0.5359162,-0.14669995,-0.17837885,-0.2567712,0.33755222
0.8756853,1.2733898,0.5243321,0.49181116,0.57361484,0.5912155,-0.88070863,0.57759917
1.0718921,0.27511936,0.7896872,-0.091870524,-0.5143735,-1.1889559,0.6600171,0.84266573
0.08669726,-0.18534826,0.86138725,1.2729952,-0.3465975,0.620051,0.123063825,0.08866584
0.40248463,0.13518037,-0.3580494,-0.23204634,-0.03828551,0.39166662,-0.36408162,0.41483092
0.83868027,0.3293333,-0.03770691,0.34358677,0.20177142,0.032825395,1.1491156,-0.43817854
0.52522373,0.6058341,-0.49721116,-0.06631065,0.35097462,0.19409907,-0.31563455,0.33420956
0.36566195,0.6736796,1.6411569,0.8799546,-0.23717408,0.44062185,-1.0870959,0.36790627
0.3056753,0.93197685,-0.15165095,0.7386518,-0.22331421,-0.117531344,1.9377946,-0.008088589
-0.046922877,0.9211549,0.021326043,1.9399073,0.0830452,0.50912327,1.9579228,-0.25559157
0.22494256,-0.39162302,0.08462491,0.03816751,0.12078497,0.12740652,-0.07906974,0.29039726
0.312545,-0.82480997,0.7532213,1.4815416,-0.18465184,0.62169915,-0.12907512,0.30633602
0.75638354,-0.57880133,1.6574222,0.44473788,1.2680972,1.1733376,-0.4863027,0.5212902
0.06327232,0.269495,0.70553964,0.16617897,-0.5190005,1.737256,-0.06810992,1.3759199
0.15584806,-0.080757365,0.17025521,0.24583206,-0.43902075,0.16290894,-0.16278332,0.70786905
1.6816393,1.2709439,0.06068887,1.9512312,-0.43537307,-0.26083356,-0.13881963,-0.046059027
0.31133357,-0.2772076,-0.118638545,0.34080386,-0.28568786,0.2238448,0.3431677,0.3453473
-0.12962839,-0.05378583,-0.090879455,0.3247376,0.05675502,0.45907223,1.1720687,0.45641083
0.29226738,-0.1228898,1.0177156,1.3527203,-0.22706924,-0.027903304,0.24141426,0.5149975
0.23308435,0.3979439,-0.034120023,1.3337632,2.0525994,1.1062304,2.3662684,0.22209641
0.06830951,0.53479934,1.2602382,0.36636114,-0.7856814,-0.30246404,-0.124658786,0.5505466
0.6427564,0.057641074,0.083162144,1.0761358,-0.009416655,0.007230401,-0.5759531,0.4541234
-0.70013976,0.15585239,0.40155268,0.1456224,0.18850823,0.44124466,-0.15502922,0.98565406
-0.5993071,-0.6214675,0.80240834,0.42057016,0.61938274,0.41479635,0.1765205,1.403353
0.4408181,0.043695435,0.18043627,0.5908836,-1.251935,0.54982674,0.76916355,0.9499014
-0.21483725,-0.28410077,1.1174786,0.7463718,-0.20184998,-0.3118182,0.19855164,0.7930503
0.50092614,1.2413201,0.4938097,-0.70218927,0.70814365,-0.69992864,1.0300422,0.54572856
-0.5578615,0.98038507,-0.36037958,1.1491969,0.50617784,0.6839452,0.8219874,0.44119522
0.8034679,-0.40921474,0.2832414,0.84213275,-0.037601396,-0.082042515,1.1152272,0.4547571
0.5687855,-0.22294565,0.09042211,1.018195,-0.528006,0.1718906,1.0195156,0.32835937
0.4109334,-0.16790937,0.81697714,-0.19371673,-0.05176401,-0.17329443,-0.197435,0.22170949
0.5865715,0.040538058,0.10880442,-0.16946232,0.75322837,0.19735463,0.44102976,-0.1257621
0.35320356,-0.35614693,0.025676005,1.3155173,0.45506322,0.4448584,0.47102556,0.118791655
-0.08269565,0.022696123,-0.058044493,0.022184622,-0.2761436,0.6650909,0.30948862,1.2534359
1.4119557,0.73371196,-0.7113962,1.5443866,0.4918329,0.16674283,1.254737,1.5004356
-0.27037588,0.18276916,0.687434,0.70611423,0.30317283,1.7594199,-0.22994827,0.5537048
0.39642715,1.8026422,0.34809682,1.5848486,0.25030333,-0.7230073,0.69651204,0.25651821
0.675071,-0.28990388,-0.19516183,0.8311886,-0.42473936,0.50774056,0.51432925,0.059170634
-0.047302768,0.6222671,1.5727017,0.1752131,-0.87879366,1.0466088,0.89353937,0.2985443
0.47485486,0.55713665,0.28626177,0.21008384,0.42675364,0.32398456,-0.813446,0.16222157
1.1012868,0.67775595,-0.56338954,0.1979053,0.46013743,0.21777602,0.39149353,-0.120120645
0.7660922,0.36022443,0.25836027,0.66397524,0.1054724,-0.4225961,-0.86645025,1.0190698
0.4109873,0.77157015,0.13788125,1.0313439,1.0897949,0.3666734,1.3862228,-0.5647856
0.22287521,-0.027050152,0.7367717,0.70848525,1.0147853,-0.95986795,0.30825767,0.5603112
0.4012759,1.1627504,-0.22603069,0.6316601,-0.25649226,0.17040516,0.34792468,0.21530792
0.9066133,0.23432876,-0.98876345,0.9909263,0.21189962,0.6955772,1.0374389,0.36201024
1.7159606,-0.576026,0.58794636,1.1086801,-1.2027255,0.52146566,0.37716627,0.07286593
0.39673838,0.41449893,-0.20410813,-0.19996694,0.081753805,0.06839159,0.035335526,0.113250256
0.33814248,0.3206008,0.716682,-0.6288942,0.42534894,-0.38987347,0.59643984,0.710725
0.28161496,1.026719,-0.69658023,0.068524085,0.3212773,-0.13883266,0.6327207,1.0756565
1.0458847,1.4407971,0.58540505,-0.013328575,-0.2107396,-1.1371412,0.0774952,0.6640488
-0.52048796,1.0735253,0.6086697,1.1014366,0.5062889,0.5638123,-0.64107066,0.15270142
-0.56799287,0.17240253,0.5609031,0.93487453,0.22495002,-0.3210043,0.17236401,0.33458483
0.98207647,0.46986324,-0.12566243,0.48955765,0.60287374,-0.33889014,0.75201875,0.55766284
-0.34203672,0.10930605,0.32739353,0.7617629,-0.3813668,0.5002514,0.18925501,0.21670559
0.72912943,0.15369563,1.415692,0.019859277,-0.70909035,1.3990685,0.3525357,0.78974783
0.48828414,1.4630551,0.5832518,0.41363934,-0.64010805,-0.12032664,-0.38529634,0.20148405
-0.25474852,0.75942004,0.19211377,0.6278164,2.1663642,0.2596937,0.20371267,0.79304594
0.30466533,0.66663706,2.0479155,0.81443375,-0.6860608,0.18226033,0.78397197,0.23296097
1.2488205,0.3858984,0.51468736,1.318662,-1.0032536,0.64164454,-0.37673938,0.51813996
0.7801466,-0.29999524,-0.22854559,0.3145473,0.014674053,0.09206008,-0.11449996,0.17189763
-0.4214606,1.4243158,0.9851861,1.379522,1.0338913,0.70308566,0.4932383,-0.65779245
-0.5000617,0.84109044,0.5795663,0.13025334,-0.16037409,0.30811328,0.32137454,-0.048768505
-0.08424353,0.785673,0.17040548,1.9249654,-0.37209392,0.26141918,0.09847488,1.266822
0.10104441,0.2328866,0.111181006,0.78501123,0.09575702,-0.2145373,-0.19976898,0.009351507
-0.48284605,0.33141124,0.094124615,0.27236593,-0.20261373,0.40843537,0.033020444,0.6331002
0.8333463,-0.09759332,1.8054146,0.81240666,0.5787601,1.5706193,0.11689673,0.8417226
0.26066333,0.28526753,-0.027081668,0.1174821,0.50773937,0.93639684,-0.22953703,0.2523055
-0.23369953,1.954073,1.2039143,-0.3169553,0.1074387,-0.7284769,-0.041549534,-0.14861271
0.7908246,-0.20637892,0.1519584,0.13766441,1.5257616,0.21670772,1.0650159,-0.107056186
0.3877261,-0.012498304,0.40003985,-0.32305717,-0.084197134,-0.19703668,0.52741927,0.3820324
-0.73934567,0.5781403,0.63572174,1.3220384,0.40413934,0.4952431,-0.6531176,0.35399896
-0.38470465,-0.16054644,1.1151077,1.9174268,-0.16997452,0.49394652,0.9219369,0.36773053
0.7298625,0.6512896,1.1830611,0.20742685,-0.91678876,-0.62879795,0.7490117,0.5485746
-0.6632522,0.93072116,0.51478094,-0.38455975,0.18599351,0.5293165,0.021768983,0.72922516
0.10271662,-0.11686589,-0.19981776,0.6639178,-0.19824304,0.87910134,0.047435608,1.0654613
0.90855175,0.46150225,0.39561796,-0.6855203,0.118316785,1.4100101,0.084558226,0.8502877
0.48195466,0.007970348,0.027857184,0.2987746,-0.6534612,0.77848935,0.80239296,0.55213386
0.43637878,-0.047491506,-0.21358483,-0.40146533,0.9876502,0.9734956,1.0071497,0.78609776
-0.06589357,-0.16767134,1.7485849,0.5513417,0.20173742,-0.06954238,-0.7493919,0.8888205
0.08792362,-0.005286917,0.357454,0.53719884,0.698546,-0.7625096,0.41687408,0.86379904
0.07412857,0.5655241,-0.28872198,0.364469,-0.5843751,1.1915336,0.32146403,1.8570223
0.47594875,-0.27771568,0.6217249,0.25676745,-0.46724397,-0.13250002,0.13412732,0.7532792
-0.43366557,0.07584174,0.06480155,0.7488114,0.6098509,0.5296315,-0.61239094,0.9315161
0.47452688,0.097080275,-0.1527163,0.9792786,0.13795166,-0.018027648,1.8290638,1.1132854
0.26521873,0.33928865,0.48455364,-0.1528618,0.030571356,-0.6749205,0.7670347,0.93302155
0.020452075,0.2840166,0.048136666,-0.1140983,-0.004947737,0.03892207,0.072904035,0.11519002
0.08766001,-0.09842114,0.32502067,-0.18956864,0.9747276,0.11004812,-0.32208896,0.8191181
-0.11632205,1.6550127,-0.26140308,-0.16006902,0.5369825,0.8106915,1.122147,0.9680103
0.63116866,1.4422666,-0.43964982,0.519644,0.7054082,1.698199,-0.09614648,0.62528354
-0.021862268,0.033178583,0.38381648,-0.037617512,0.074771926,0.16117603,-0.683647,0.582492
0.13118173,0.2982666,0.3183114,-0.16220593,0.2720066,-0.6081864,0.25710067,0.8116873
0.7380272,0.5824286,-0.34749502,1.0054334,-0.1378922,-0.08994046,-0.43286487,0.16289373
-0.28328112,0.6043217,0.7882411,0.70667875,-0.10458711,0.3335395,0.8522492,-0.31851116
1.0739673,1.0609833,-0.4082477,1.4728606,-0.519737,-0.73347247,0.5106238,0.64468014
-0.07517102,0.79960674,-0.15472336,-0.24534187,-0.49903756,0.11942613,0.44904822,0.9677012
1.0345899,0.38724387,-0.6125036,1.5930629,-0.17485686,0.22306262,-0.028044103,0.10292302
0.32958063,-0.5460801,0.50748104,0.8840602,0.41676974,-0.2316325,-0.5011876,0.6125794
-0.09056338,0.5596147,-0.099071056,0.19681564,0.025184058,-0.21585777,0.30008838,0.24614897
-0.82140577,0.93383425,1.3503019,0.20156705,0.28906962,-0.61426365,0.117645584,0.38949603
-0.20493722,0.14375965,0.18450008,0.19538975,0.079003036,0.17754185,-0.047344837,0.21438019
0.8846152,0.4621364,1.0731164,-0.38720134,0.3616256,0.12373936,0.14584412,-0.27232257
-0.67556685,1.1084359,0.61321396,1.1727374,0.45230877,-0.22859657,0.6736575,0.045916572
0.1346018,0.7070166,-0.73359644,0.567084,0.9159971,1.0399753,0.77980995,1.8777844
0.14296925,-0.20942457,-0.22506557,0.7210055,0.31696525,0.61949706,-0.20774129,0.45816338
0.17278343,-0.8375615,1.2909335,0.66188586,0.27755827,0.46375108,-0.49756214,0.8326837
-0.64638346,-0.16918404,0.97085226,1.4957058,0.9582544,-0.37645832,-0.4925534,0.9244994
-0.014971338,0.18899445,-0.00021919608,0.29702017,0.3109736,0.59940207,-0.5521786,0.5902238
-0.22781566,0.9450569,0.9075062,0.33786938,-0.32236373,-0.21658763,-0.48343438,0.12924428
-1.014241,1.4593607,2.1858447,0.7488373,0.21133824,1.2810786,-0.1363342,1.1538469
0.8007653,0.37680244,0.80953187,-0.1703479,-0.25390583,0.3459955,0.36558023,0.012037404
1.2398921,0.93811363,1.6072644,0.725861,0.9812041,-0.1573174,-0.34296957,-0.53099585
0.5425238,0.9884763,0.71092266,-0.18951705,-0.9218467,1.5644919,0.09850859,0.71612775
0.6842179,0.16510667,0.5822069,0.4401242,-0.47556025,-0.44210798,0.08876287,0.6361385
0.9131472,0.13086988,-0.08647476,1.6848228,-0.7663131,0.45207295,0.70372874,0.12412432
0.5891621,1.2623652,0.728497,0.020466186,1.6404974,0.4188113,-0.4265916,0.67521274
-0.40741143,0.69126165,-0.09170149,2.2220955,-0.09346691,0.6728251,0.12673475,0.072743416
2.8045533,0.8841582,0.47217548,0.81685406,0.45215052,1.3879733,-0.5651186,0.52658504
1.1550008,0.54526186,-0.590489,-0.19333005,0.2713812,0.3236662,0.69312435,0.46384987
0.24344653,-0.09101279,0.20788643,0.72876287,-0.34906435,0.7420957,0.2030008,0.55106235
0.5028722,-0.4584216,0.13375682,0.37407884,0.19807948,0.5625054,0.005028075,0.11254871
0.11887411,0.57600236,-0.2814759,0.98794115,-0.45972955,0.13096517,-0.0055636703,0.3396135
0.43596306,-0.20827253,0.2669416,0.42806777,0.25439286,0.89777136,-0.4456581,0.641489
0.21938592,0.088186815,0.27323413,0.27571666,0.31311744,-0.32796234,0.20159467,-0.16793177
0.67774,0.64306146,0.17337672,0.8751889,0.37101346,-0.12266141,-0.83649915,0.09513586
0.22536004,0.11392088,-0.10149902,0.11366868,0.07858513,-0.10661186,0.2268398,0.28595716
0.53060395,1.1697229,1.2220863,-0.72574216,0.72229373,-0.16820627,1.2662302,0.8345927
-0.23472026,0.61678326,0.20558171,0.17271456,-0.5943762,0.13413012,0.5955835,0.7455667
1.1815019,1.0752121,-1.1899925,0.68471545,0.062237993,0.6392522,1.5366412,0.7318485
0.55291367,0.61401665,0.9315282,-0.72352165,0.54822004,-0.4174651,0.9954755,1.6869715
0.08373362,-0.056560338,0.22536898,-0.2271933,0.2684068,0.011611074,0.26828542,0.23701173
0.9426001,0.05095677,0.24096906,-0.044044465,0.20877509,0.24636668,0.8268669,0.03947758
2.3380542,1.2267191,-0.6689265,0.16673025,0.88976383,-0.38716915,0.74974144,0.3894074
-0.54595953,0.92367005,0.13190138,0.78177494,0.10720311,-0.015955433,1.0587949,0.46456897
1.0355092,0.8970828,-0.59029067,0.29527143,0.86971116,-0.045893878,-0.1441281,0.67343235
-0.05282618,-0.21242462,0.52076757,0.6459206,0.9420261,-0.579515,-0.20624502,0.89361614
0.40331408,0.056578025,0.16687743,-0.06417739,-0.6399706,-0.01678732,0.57828164,0.60026926
0.013086833,0.41652107,-0.26603657,1.5026975,-0.051160276,0.6174972,1.1913012,0.17067373
0.25137907,-0.21730326,0.5500063,0.27175966,1.0569515,0.76534057,-0.27606556,0.35668722
0.6528731,0.4853546,0.54204977,-0.18521461,1.8255771,0.3703292,-0.44484603,0.8776649
0.34593114,0.59609634,-0.3091954,0.692048,0.52220577,0.29002672,-0.59775174,0.46028227
0.51371014,0.472865,0.37961912,2.006941,-0.51485914,0.551351,-0.81965905,0.44107595
0.021621985,0.44217592,1.4724121,0.1125224,0.29628593,0.14192396,-0.12416758,-0.05275634
0.1188833,-0.06860159,-0.010555968,0.034824587,0.8052905,-0.038125515,-0.029874114,0.76956695
1.161724,0.6613146,1.3119515,-0.22387049,0.66762555,0.33690527,-0.7236555,0.17897956
-0.2570921,0.47599536,0.97952926,0.37135914,-0.6029507,0.23296975,0.098291725,0.5186447
1.1124057,0.4684897,0.8905691,-0.46194437,-0.12093119,-0.14402738,0.6669517,0.11882056
-0.04401075,0.34847265,-0.005788818,-0.10957714,-0.3008973,-0.15931514,0.3628287,0.68102545
0.20124972,0.3064447,0.067869514,0.30200002,0.5308999,-0.37696782,0.22214772,0.9681531
0.37268338,0.5286781,-0.07940802,0.55314475,-1.0367771,0.89223045,0.5766885,0.35855874
-0.3044422,0.3357911,-0.114732996,-0.105687834,0.20343257,1.0129818,-0.059573263,1.0808574
1.5707871,-0.23353036,-0.0072585493,0.84616935,0.7552581,1.1279438,-0.47223395,0.12359679
-0.0022576153,0.46012592,0.17526847,-0.4269146,-0.15441553,0.19022134,0.1703938,0.24206981
0.6779263,0.18596496,0.7716542,0.7517233,-0.58820194,-0.0036553591,0.31428927,-0.3305611
0.10439726,0.18476881,-0.16259591,0.357894,-0.38711238,0.3602572,0.58136773,1.1908349
0.12066224,-0.013489917,0.2668622,0.19807619,-0.26277918,0.58148634,-0.24059948,0.29712328
0.60479856,0.01754208,-0.21096699,-0.29415384,0.5241891,0.25260347,0.0490318,0.2475796
0.76597244,-0.041292414,0.119986266,1.8965827,-0.2945786,0.3170056,1.3180847,-0.3348843
0.17461681,-0.21202281,0.4807809,-0.18905953,-0.29442823,-0.13036,0.43748423,0.5539003
0.068707466,-0.051148742,-0.1661283,0.41013023,-0.22214784,0.21968709,0.14286444,0.41217616
0.6386629,1.3229018,0.25651437,-0.2471525,2.438622,0.8935623,-0.06381946,1.0148574
-0.074058674,0.7408335,2.3719025,0.95292664,-0.54283947,-0.3024227,-0.10344467,1.1218128
0.2521044,1.3864619,-0.013105169,-0.91275656,0.18412997,0.5658865,0.510644,0.75583434
-0.6039961,1.1109405,0.55794257,0.43263277,-0.40603703,0.35380086,0.09363917,0.042932093
0.93016917,0.08083816,0.07073899,-0.09841923,0.85761076,0.53461015,-0.6065199,0.27586052
-0.43042102,0.10335909,0.72226334,0.93356586,0.4184031,0.7324307,0.8122435,-0.55444425
-0.21496633,0.11594413,0.6963694,0.6542362,1.4544854,0.57664734,-0.3084514,0.089123264
-0.26965427,1.5885493,0.5943315,-0.6757853,-0.67099136,0.74357766,0.09101949,0.6015905
1.0649388,1.5467293,-0.20326759,-0.15652806,1.2723465,0.7438962,-0.122372456,0.42315426
1.1114551,0.32980186,-0.13978623,1.5480883,0.6275199,-0.02391605,0.47154525,-0.010507777
0.29571056,0.8049133,-0.2796744,1.0877645,-0.77617854,-0.14490867,1.4843147,0.2825567
0.37777874,-0.4393987,0.08688302,0.0854527,-0.5165237,0.45379406,0.51374745,1.2838361
0.51774424,1.4562232,-0.27327263,0.29646346,-0.2928025,-0.29608503,0.86357725,1.397933
1.2771478,0.117941275,0.9618531,-0.024098873,-0.07913135,-0.0018865466,0.28420064,0.2569535
0.14710674,-0.24486192,-0.13590594,0.5859638,-0.2012719,0.3861073,0.15075223,0.4085954
0.5642048,-0.3071233,0.078657135,0.45443466,-0.19365896,0.050818816,-0.40667275,0.21182635
-0.63586086,0.623409,0.6465236,0.90530306,0.3263347,0.27419546,1.004284,-0.5566891
0.1335629,0.45322734,0.28153402,-0.16098964,0.94824344,-0.1606842,2.028974,0.38067305
0.8170467,-0.31723356,1.4613315,-0.15879107,0.69781715,-0.941713,0.59254193,1.4447947
1.3726224,-0.7216815,-0.073484436,0.26236704,0.1423889,0.0024208203,0.7947827,0.51006556
-0.16243747,1.2074219,0.4002924,0.9344806,1.5706377,-0.01756686,-0.41862565,0.69688624
0.62528294,1.0167325,-0.8929428,0.10428651,0.19746031,0.053749666,0.0078217145,0.49264956
0.6683145,0.39957547,0.10534324,0.3051564,-0.029319122,1.0663135,0.62675136,-0.0026919842
0.30091998,0.41885048,0.3104602,-0.0054587424,0.2568688,1.0375555,1.37985,0.1441274
-0.05422326,-0.08417101,0.3987527,0.0023946017,-0.042021677,-0.21506518,-0.27165833,0.3196237
0.35905746,-0.34092522,-0.28704816,0.20700815,0.08056682,0.34617704,0.6042979,0.3130821
0.7288373,-0.45898265,0.06901649,0.13328364,0.4963153,0.07167421,0.8234502,0.14583877
0.58321315,-0.4376495,0.22054225,0.36781755,-0.6466125,0.39258802,0.57964796,0.4948816
1.2795271,0.61209387,-0.02617161,0.80918556,1.0370778,0.27745968,-0.9554009,0.58199835
-0.1907005,-0.6310362,0.6186429,0.7175752,0.08183107,0.65585655,0.7396387,0.67564523
-0.10563212,1.154219,1.1571407,-0.46254447,-0.109037295,-0.12652487,0.2339934,0.24908769
-0.074605465,0.20605269,0.0037796646,0.8852288,0.45938087,0.21137857,-0.39652127,0.68211967
0.024244217,0.58145595,0.982739,-0.250577,0.027643815,1.578001,0.5805828,1.2836127
0.14020276,-0.097945616,0.21871045,0.2837861,0.35734028,-0.11158109,-0.066586144,0.16215798
0.23079687,0.8669396,-0.5706495,0.058368973,0.9180109,0.32880053,-0.016778054,0.9878503
1.0339588,0.9953034,-0.41708064,0.6270154,0.54764295,-1.0427403,1.2311771,0.037858114
0.12059251,0.81215703,1.8482562,-0.123566635,-0.053745434,-1.074507,0.24693485,1.0117925
1.1680485,0.27994734,-0.16345821,0.35659584,-0.34587067,-0.5746953,0.87958133,0.38011754
0.5259413,0.02942811,-0.11011639,-0.3310441,0.7318752,0.48485464,0.3446635,0.23802783
0.91202116,0.83603525,-0.49202293,1.0639621,-0.29830736,-0.34543422,-0.40384218,0.47711408
0.9734528,-0.32705557,0.47399753,0.1671775,-0.410605,0.4023068,0.63438654,0.455209
-0.17479423,1.2785777,-0.34688115,0.6481368,0.38355577,0.12508637,0.8311203,0.1730641
1.0456735,0.8698355,-0.511106,0.3847461,0.93882775,-0.5280205,1.6199359,0.9374881
-0.83331877,2.0706873,1.2885609,0.4227908,-0.07655494,1.4252231,0.68248016,-0.49420375
0.55846936,-0.32689232,1.3146979,0.098209016,0.9889044,0.7960615,0.84405476,-0.16109818
0.64053965,-0.18379755,1.8323008,0.37358725,-0.5475884,-0.1902799,1.2752751,0.39790416
-0.053003453,-0.08708452,0.9732348,0.87824446,-0.13965751,-0.7478484,0.5017931,0.7934949
1.0326298,-0.3883974,0.6879103,1.1473565,0.60012287,-0.17416853,1.789621,-0.6968245
0.7817039,0.06781162,-0.5315819,1.3117388,-0.4958167,0.5246531,0.71074766,-0.102867514
-0.38812935,0.28497642,0.32972842,0.13852064,-0.20058765,0.42513084,0.45908874,1.0269911
-0.053878814,-0.15967976,0.18017466,-0.032338984,-0.13050808,0.33589786,0.26105708,0.20389053
0.8751853,-0.17215581,0.30933666,1.0681235,-0.67272484,0.89599013,1.0221038,-0.1438131
-0.33594972,0.567646,0.4513917,0.031038918,-0.30835766,0.33810818,0.25224987,0.09167257
0.3711272,0.9943949,0.23720466,-0.87504506,0.63413954,0.0069680065,0.92123777,0.18889129
-0.024154209,0.20819001,1.6277032,1.1120253,0.08828123,0.9800329,0.15096234,-0.35342604
-0.003143765,0.82010686,1.9144934,-0.5125086,1.22099,1.0699804,0.15423638,0.5071125
-0.058548406,-0.19691052,0.3940742,1.396287,1.1623966,1.1655834,0.118559316,1.110927
1.2187877,0.0773602,0.08141366,-0.2973935,1.2989479,0.48777786,0.27787566,0.2967808
0.4477863,-0.49420482,0.2289277,-0.32367337,1.2372057,0.46589804,-0.19577987,0.6065973
-0.6566718,0.7866477,0.48565882,0.7141419,-0.23590706,0.26795125,-0.12501328,0.009158149
-1.0110742,0.17799409,0.5044416,1.1786611,0.43960422,1.2056458,0.5547921,0.4103663
-0.16056725,-0.24747188,0.3004413,0.44669634,-0.3995461,1.1110371,0.8071663,1.2176267
-0.037736528,1.3466797,1.845677,-0.5800118,0.8850728,0.67034626,0.2015631,0.10724755
0.33525613,0.17834125,-0.21143381,0.1081905,0.13281007,0.41062438,-0.47542325,0.5285828
0.75699055,0.802562,0.11574824,0.24385431,1.3390274,1.6177332,-0.27755463,0.2940769
-0.19287634,-0.27066332,0.51867825,0.30141202,0.22713459,-0.06708294,-0.48645383,0.29004806
1.2761697,-0.5833683,1.4200311,0.64932406,0.6971346,1.580534,-0.12276656,0.96318334
0.86387056,0.80702686,0.19841965,0.6145852,-0.40266883,1.1607097,0.83022404,-0.09532416
0.42515877,0.14450951,-0.016769662,-0.63246244,0.9079711,0.16432673,-0.027779551,0.50918937
0.37834424,0.60889256,0.33036995,-0.21862462,0.8385609,-0.10989848,-0.4100975,0.7891222
0.38544852,0.2261181,-0.1448283,0.5335436,-1.0767994,0.33395448,0.48669776,1.436854
-0.045368128,-0.7993915,0.3442979,1.2274004,0.2739955,1.0071014,0.54164445,0.08801609
0.75632566,-0.23937435,0.012375146,-0.38995287,1.1351471,0.39893994,0.35021946,0.16979235
0.6040005,0.4470889,-0.4759537,0.17926502,0.2075739,-0.18462431,0.77691716,0.7443235
-0.39086786,-0.2251827,0.9044242,0.6913379,0.1988795,-0.3403778,-0.47282898,0.33778375
0.04204931,-0.6383157,0.35009015,0.23252538,0.23625621,0.69622564,-0.012149246,0.29355407
-0.27912104,0.7979499,1.571566,1.1665952,-0.4819833,0.29244614,-0.113293864,0.5430663
-0.07499517,0.8352284,1.257085,0.26370493,-0.13426836,-0.53137505,-0.3236272,0.030995175
-0.22790906,0.069739446,0.7259643,1.4033521,-0.037530854,-0.5065783,-0.2996899,0.7278449
0.23192766,-0.024251595,-0.4798463,0.8727452,0.4625426,0.77628994,0.18434328,1.1522157
0.029344589,0.17581032,-0.019350618,0.35085726,-0.84806955,0.3914851,0.2743133,0.44642138
0.08314455,-0.2691464,0.15438424,0.53174525,0.040615417,0.36898363,0.10275704,0.10127576
0.330294,0.019075349,-0.083064705,2.0497253,0.4338283,0.89539844,0.8400776,-0.1414096
0.49834988,0.6622005,-0.7972302,0.76812613,-0.20504276,0.62504625,0.036765,0.62471664
0.64638335,1.0824697,-0.101232484,1.1361986,-0.39409143,0.34111902,0.8567924,0.43884835
0.26312575,0.5550722,-0.5868154,0.1470476,0.037814245,0.19431245,0.07779273,0.45644936
1.3718723,-0.12935884,0.39305383,0.7742972,-0.1384698,-0.56569564,1.9000331,0.51904124
-0.26752457,-0.3574412,0.44548774,0.6346654,0.60288256,0.42810082,-0.39513168,0.50548834
0.48518643,0.17664476,0.9884185,-0.24471104,-0.5576293,-0.15505716,0.38876894,0.7868349
-0.6040766,0.35916537,0.76854455,0.7792649,0.27347502,0.0019422472,-0.5622358,0.17686094
-0.6577699,-0.006058976,0.5049474,0.6941696,0.17776826,0.4333167,0.13591598,0.34430927
0.31016484,0.525548,0.60040087,-0.06661143,0.44618773,-0.810297,1.2885128,0.30378497
-0.03975364,0.334715,-0.098847106,-0.676963,1.4132692,1.0802661,-0.013568008,2.0750463
-0.16507211,0.5055386,0.11852778,-0.012903303,0.3998413,0.2663318,-0.59810346,0.21964492
0.5997618,-0.3319313,-0.05042617,-0.3981535,1.2717133,0.16902262,0.36130947,0.40538174
-0.276624,0.5517619,-0.07945949,0.34822646,-0.32661098,0.5451708,1.0614008,0.43023133
0.31514806,0.41921175,0.16451028,-0.1006083,0.13486795,-0.47866362,0.82612634,0.28169882
-0.049149536,1.9352809,0.5419906,-0.14055383,-0.4423846,0.23750962,-0.5529602,0.043818057
0.7011285,-0.42545825,0.39214015,0.3918743,0.39917302,0.94258964,-0.36218655,0.5249709
-0.07939398,0.15147036,0.24735469,-0.063294865,-0.53868884,0.3812276,0.21676694,0.6035901
-0.4358944,0.40405142,0.34145135,0.19334605,-0.11791782,0.20888042,-0.10248653,0.14988743
0.097796455,-0.4736222,0.17058238,1.1101971,0.38485044,0.73799986,1.2126015,0.7999392
-0.21260095,-0.3278417,0.5548393,1.2264906,-0.23090197,1.0798199,-0.5210223,0.50771517
0.0035946965,-0.045044944,0.18325752,0.9720364,-0.43290722,0.2258862,0.6218744,0.3404525
-0.17022759,0.248805,0.40167177,0.4373094,-0.19418536,0.27654725,-0.3624223,0.24013469
0.2846041,0.46605462,0.7268553,0.5332739,1.9799434,-0.3622276,0.5252456,0.18759315
-0.15078923,0.13470736,-0.106367245,-0.21316975,-0.11786461,0.40770426,0.08708071,0.63062835
0.3328102,-0.40383697,0.15652767,-0.086944915,0.68676805,0.14359474,0.26672128,0.11204785
1.2323375,0.7307448,-0.33937645,0.11426951,-0.28464633,0.031203002,-0.41462842,0.22122368
-0.43635365,-0.00226672,1.3576902,1.1257906,-0.011324495,0.40543255,-0.11139998,1.4094691
0.28454402,-0.29777908,0.5892462,0.4457654,-0.38995713,0.2419214,0.3991193,-0.03494568
-0.0024992824,0.7120668,0.10489461,0.47305766,0.5745954,-0.666412,0.6299487,-0.042922884
-0.2696209,0.5113078,1.0724617,-0.17962733,0.8602979,0.1733672,-0.3017307,0.86425173
0.39607656,-0.70868325,0.54615355,1.7436532,-0.64422905,1.0784407,-0.03656953,0.3387953
1.3335812,0.4695955,-0.019463107,1.0820398,-0.60758495,-0.250814,0.06865146,1.327997
0.24474964,0.124775395,0.4469368,-0.0122477785,-0.6506698,0.13491753,0.09435885,0.47296613
0.44812742,0.66211915,0.8532342,0.022189036,-0.043677464,-0.3342173,0.16826625,1.0462685
0.59120315,0.51668984,0.51657605,-0.04150159,0.59282756,0.49912065,-0.974719,0.2361482
0.13804169,-0.5884953,-0.052860305,0.6810704,0.24914128,0.6564521,0.600491,0.16649258
-0.3029602,0.41307193,0.8378979,1.6704526,0.44822645,-0.14406954,-0.9258524,0.3090671
0.35961536,0.061958835,-0.090844706,-0.34338206,0.53627044,0.17506132,0.18764497,0.40755445
-0.23275152,1.334356,0.54459155,-0.76878935,0.5764125,0.15183547,0.35595182,-0.09961194
1.6975094,1.084406,0.23291783,0.08006128,-1.4344261,0.43389514,0.42243892,1.436003
0.70779574,0.6187732,-0.20757948,-0.16285801,0.41639298,0.24896926,0.6662811,0.55996865
0.39371204,-0.26989305,0.2445192,0.39571342,-0.2646957,-0.042414784,-0.05106154,0.23636147
0.6644336,-0.18874665,-0.3203947,0.670591,-0.23993735,0.04885401,0.2823476,0.13301444
0.75511926,0.43119675,1.4979175,0.95992714,1.0069925,-1.7872919,0.6324356,0.68237036
-0.034301184,1.8142363,0.16975854,-0.7039115,-0.22762541,1.207713,0.11847419,1.6719307
1.5236489,-0.5941228,0.44139135,0.056431122,-0.32798183,0.49656957,1.4324766,0.42062378
-0.51542234,-0.15249448,0.92895174,1.0400492,-0.24709694,-0.1259018,0.2724879,1.1522211
0.60024565,-0.614935,0.27785146,1.000277,0.11778508,0.6275308,0.013530349,0.22963877
0.59632546,-0.23617949,1.1196598,0.7998249,0.14118455,0.11213118,-0.4175891,0.6707439
1.5538098,-0.12183793,0.4353456,0.063069314,0.22599073,0.3340649,-0.4416435,0.21760681
-0.1934939,0.17903636,-0.14882062,0.3460293,-0.21759288,0.24518466,0.21764472,0.64763963
0.018516734,-0.0761673,0.049864672,0.39933804,-0.123074904,0.23802021,-0.20637354,0.23356758
0.6509117,-0.6744213,0.3984065,1.338557,0.48164868,0.7151061,-0.30913478,0.19266887
0.85862654,0.672531,0.57751775,-0.44923827,2.033936,0.9447128,-0.61518854,0.86063176
0.6686936,0.9815662,-0.4854915,1.5591419,-0.18420999,0.028865695,0.43283364,0.39290273
-0.37506378,2.4188251,1.4493985,-0.4251322,0.6984783,-0.3711431,0.15874724,-0.4260056
0.85936534,0.5912557,1.5224277,2.3019674,-1.179474,0.16027266,1.4282513,-0.2738994
0.13974804,1.0624315,0.09574497,-0.5607791,0.40756583,0.5402164,0.61508065,0.35768163
0.0048156437,0.5321038,0.26147223,-0.28295848,-0.59526056,0.016001627,0.3617526,1.0651768
-0.17742035,0.7808031,0.09583737,0.63524616,1.0682822,0.91756654,-0.902034,0.89320356
0.33896524,-0.16024949,0.023968339,-0.20300621,0.5304048,0.4640975,-0.21311025,0.29760194
0.42075646,0.92467207,-0.038163826,0.48404112,-0.24819468,-0.45696354,0.29236487,1.2010794
-0.07169798,-0.1275827,-0.021646902,0.23368663,-0.26336724,0.47141486,0.19439235,0.5434607
0.49153867,-0.7816423,1.038167,1.0213283,0.47852612,-0.74129117,0.6039813,0.41429168
0.42808297,0.46096903,-0.7147001,1.2437439,-0.29312438,0.6908973,-0.17301174,0.71956635
-0.31268546,-0.05387251,0.26584917,0.58436686,0.58755314,0.45759442,-0.21670093,0.3516948
-0.18982053,-0.08109675,-0.007147774,0.37891042,-0.1428393,0.6456155,0.014450526,0.66144645
0.7733083,-0.4844417,-0.12218188,0.3333152,-0.65270185,0.49933594,0.062982045,0.82266414
-0.058495946,0.60219824,0.5972764,-0.15980867,-0.50150067,0.7838167,-0.07448516,0.577321
0.8145432,0.12831254,0.24542227,-0.4681277,0.6946648,0.09052174,0.86022705,0.18489657
-0.72807354,0.50540733,0.4736281,0.6146354,-0.023595303,0.6877979,-0.17949341,0.2503872
-0.0062448755,-0.089064315,0.76926506,-0.0089288205,1.3051202,-0.29022026,1.0267261,0.7981056
0.0038759261,-0.1470298,0.60028976,0.22332919,0.23005646,-0.09815988,-0.18101664,-0.0360813
-0.0927346,0.5560934,1.0463691,0.7956521,-0.3597213,-0.36471096,0.34143195,0.557668
1.4653715,1.4667541,-0.43441683,0.10587384,1.0286666,-0.2439371,-0.35047302,0.6328421
0.22941458,-0.09837182,-0.3529355,0.3568946,-0.057934746,0.36881313,0.63785213,0.34575367
-0.19271702,-0.17611144,0.21559304,0.8148558,-0.42711943,0.5787655,1.0903106,0.29941267
0.2745634,-0.40697187,0.052069873,-0.18065676,0.9716141,0.2260549,-0.11952247,0.7507043
0.1399841,0.35444468,0.659225,-0.16831034,-0.619068,0.1841006,0.30682507,0.39112517
0.45280236,-0.40844923,0.32630736,1.7768466,-0.61542606,0.16560668,-0.101002805,0.86085814
1.2314955,0.5919106,-0.21324171,-0.18400192,0.34742552,-0.43197978,1.6960567,1.0871046
0.6773868,-0.89595294,0.078002304,0.2867109,-0.1492783,0.59672254,0.11250454,0.5369932
-0.02414418,0.1921929,0.3593483,0.69491655,1.4709058,1.1731954,-0.10570719,0.86491114
0.19741875,-0.18274678,0.43655783,-0.16275752,0.23778854,0.612166,0.6259877,-0.05293095
0.962231,0.75789875,1.3083391,-0.76070523,0.43455994,-0.3616169,-0.12458646,0.4423681
0.025459148,0.3283819,0.13494763,0.8010346,0.027556792,0.8126533,1.6200039,-0.43132722
-0.35753766,0.36168045,0.61540776,0.39752594,0.60145456,-0.117613435,0.2968472,-0.13998258
0.94884163,0.18104802,0.90960294,-0.5936513,0.759591,0.531627,0.79634255,0.012115881
0.42205215,0.15773909,0.7222055,0.22463936,0.052168146,0.5960925,1.6432927,0.35544473
0.6388563,0.88299894,-0.0602535,1.6566685,-0.29189938,0.20067891,-0.8072333,0.3594972
-0.14456853,0.5348044,0.061809108,-0.20288002,-0.15794821,0.09159443,0.5463584,0.2623002
0.8420975,-0.6852744,0.12656283,-0.0019190907,0.33778715,0.45588154,0.23455274,0.22554669
-0.33888587,0.3130877,0.8970448,0.8161571,-0.44399863,0.61354595,0.41955265,0.4443055
0.16987658,0.33577406,0.18314227,0.68577147,0.19876353,0.25557017,-0.90977466,0.1419645
1.0547787,-0.18010648,0.3140276,0.29500613,1.1229128,0.4858486,-0.5532294,0.58080417
0.27538973,-0.8070402,0.25894397,1.0868524,0.045125887,0.62918264,0.6517723,0.34881046
0.8311395,0.089436844,-0.4019295,0.38787815,0.3268749,0.21591868,-0.33440867,0.33088648
-0.404325,0.38325566,1.3265417,-0.022744142,1.4711483,-0.4223522,0.6121846,-0.29432875
0.059577294,0.06414908,-0.14043246,0.1669822,0.03197755,0.08853072,0.10104594,0.28474277
0.17328429,-0.05658491,1.1934445,0.6029003,1.2502607,-0.20655358,-0.5643117,0.6349223
1.2483937,0.15674834,1.7061018,0.5962311,0.15223034,0.1273025,1.2454714,0.17159015
0.53843707,0.37713605,0.6107849,0.58892673,-0.4824466,1.0319469,-0.010109903,0.59861356
-0.008265279,0.14940974,-0.18854763,0.58624434,-0.119626984,0.3359769,-0.3819088,0.44413567
0.2597749,-0.14275864,-0.112614185,-0.21053728,0.4383589,0.08795522,0.26413393,0.4257802
0.48768795,0.0003504604,0.4020303,1.6762024,0.07135485,0.19654419,-0.48256257,0.24363239
1.1684061,1.1262347,0.5393189,0.26322693,0.101805404,-0.38315988,-0.07956483,1.0968418
0.045630924,0.29751366,0.43679094,0.94623464,0.15585127,0.13072519,1.2691511,-0.3624203
-0.18306059,-0.42183465,0.38232404,0.7978236,-0.2768283,0.63644814,-0.18715481,0.6214013
-0.0025430173,-0.088758364,1.0717047,0.86425704,-0.14343394,-0.71850437,1.097788,1.6438212
1.0845709,1.9154112,-0.07836373,-0.22413394,0.5171683,0.3470856,1.9245054,1.1444573
-0.11755001,0.54904175,0.45367748,1.4963589,0.57092977,-0.20629033,0.22172698,-0.21831566
0.6938947,0.4226823,-0.49891222,-0.30756867,0.107152,0.076996155,0.26086494,0.48464566
0.50238717,0.10002066,0.20967156,-0.08287244,0.5103343,0.17449419,1.1941718,-0.032592222
0.1147882,0.357633,0.38679802,-0.3292763,0.03690301,-0.46446764,0.5383562,0.528098
-0.28805545,0.56511384,0.70515245,0.39393845,0.3921247,0.32531282,-0.71026736,0.14422412
-0.034906678,0.46227562,0.694547,0.65841347,-0.5894743,0.04360254,-0.19827606,-0.030738413
-0.3800297,1.0491507,0.75564593,-0.23994514,0.53666824,0.38372004,0.2804753,-0.34831142
0.960627,-0.33248138,0.096655756,0.82441956,0.017004773,0.76525486,-0.5006686,0.44966426
0.6940666,0.13280664,-0.7866475,-0.07514984,0.121554,0.47042656,0.13968894,0.808401
-0.07684293,-0.19202518,0.84280086,0.4344238,0.22974,0.292845,0.5908012,-0.452286
0.4396171,-0.06696661,0.41589153,1.0829437,-0.2970853,-0.10016918,-0.053585064,1.2322624
-0.1350221,0.34009123,0.18587323,0.24531722,-0.22211032,0.15797597,0.5165805,-0.020110056
0.15748689,-0.0036559552,-0.02319847,0.03247387,0.06306191,0.14597249,-0.14800015,0.22791208
-0.04821673,-0.0151451975,0.2589036,0.21108362,-0.70717484,0.67455906,0.35313562,1.2858773
0.39113346,0.628208,0.3119274,-0.022454001,-0.86778516,0.53743386,-0.029207962,0.4789773
-0.15868226,-0.43381876,1.4515544,0.730579,-0.059352145,1.3063122,0.61083925,0.7887486
1.263986,1.0847039,-0.5352757,0.93367773,0.58138674,-0.54362565,0.12823254,0.51237607
-0.6939177,1.1962999,0.3910421,1.2156092,0.49831092,-0.25673717,-0.4308326,0.1248796
0.52156085,-0.22132947,-0.03734614,-0.37483743,1.1711814,0.31364775,0.41579828,0.3290423
0.02707154,-0.19230881,0.3477437,0.31123787,-0.07690911,-0.29995698,-0.1733844,0.61674917
-0.11589394,0.96449256,0.01682876,0.5330196,0.075279176,-0.6313201,0.24149676,-0.018736646
2.1913047,-0.74483395,0.6055914,0.9433539,0.4571495,-0.059129298,0.81935555,0.05816409
0.3013838,1.0088255,0.73998827,0.66385967,-0.3660019,-1.1602602,0.33619997,0.6208029
0.40416202,0.5425299,-0.16346543,1.2032915,0.06044151,0.33306432,-0.103987016,0.1749608
1.7140471,-0.3189475,-0.11500308,0.38880637,0.09747495,0.24346173,0.7182569,0.46712852
0.20505509,0.23340406,-0.0385516,0.19369897,-0.29620725,-0.1325796,-0.014038159,0.10923956
1.8803638,0.38977313,0.4455272,0.24554715,0.67016673,0.6295818,-0.36812654,0.08559338
0.09764559,1.4962351,0.68170613,-0.7111313,1.881383,1.0824013,0.10722495,0.46767446
0.15694988,-0.25455403,-0.04522626,-0.10978242,0.16332513,0.21804702,-0.15048827,0.56579435
0.860539,-0.39439142,0.30038542,1.5494906,-0.44349176,0.3595319,-0.5210728,0.7644556
-0.49949715,0.4323123,0.2505053,0.7229386,0.29892707,-0.39782298,0.29387936,0.3363528
0.04280356,0.4647799,0.40874553,-0.29546413,-0.2228884,0.80986094,-0.21320832,0.61434025
0.6687448,1.5785004,0.41600662,0.2271083,0.42434734,-0.7941257,0.2982214,-0.41095114
-0.052228786,0.38202238,0.24556376,0.5965444,-0.6531809,0.6639826,-0.026450941,0.28513062
0.6747348,0.35171837,-0.37090564,-0.2967708,0.90902305,0.5475399,-0.117949896,0.4741919
0.57014114,-0.017480448,0.7108744,0.5221278,1.1834792,-0.7865758,0.6194591,0.857383
0.43496343,-0.06584489,0.17914551,0.48870745,-0.20675142,0.0876943,0.09993087,-0.044753373
0.47654906,-0.39721787,0.873861,-0.17163715,-0.2238162,-0.12310174,0.16270585,0.45244512
0.38666728,0.275369,0.46853727,1.1439874,-0.007243082,-1.021616,0.086208984,0.18296853
0.91309685,1.8645334,0.46205658,1.0700747,-0.31856084,-0.6500417,0.059210457,0.9955473
0.089187786,0.3532707,0.93591213,1.2515522,-0.24323104,-0.37855557,0.04386124,-0.1470927
0.9994604,-0.27591634,0.98200965,0.947412,-0.031987324,0.13355118,-0.11275142,-0.26924422
0.33189407,0.19249605,0.012865722,-0.1567845,0.119304165,-0.26053292,0.54456764,0.20371458
-0.75519675,0.6584625,0.38989824,0.51159686,0.3030874,-0.05461043,-0.008614937,0.2951256
-0.1421847,0.3384021,0.124219134,-0.17722663,0.0061577708,0.23888801,-0.2766849,0.29293096
0.69767684,0.83393294,-0.22397168,-0.13231558,0.9746021,-0.49840164,0.093940794,0.24365498
-0.091757424,0.47131717,0.58195364,0.22316957,-0.17407955,-0.4469018,-0.20976247,0.10695943
-0.25231525,1.020455,0.65099186,0.14484316,0.020737931,-0.22389811,0.5282037,-0.46899605
0.8419583,1.5366399,0.5870963,-0.15984061,0.7370327,1.2173213,1.2045144,-0.003529191
0.29242724,0.104921505,-0.30386412,1.2118578,-0.16681658,-0.07634908,-0.13907897,0.42969072
0.82566243,0.6737619,-0.42137617,0.38752884,-0.26149303,0.31347775,-0.2978463,0.22341125
0.4153354,-0.18193138,0.17263237,0.5456561,0.3352121,0.28747416,0.07164883,-0.1805883
0.3202776,-0.3409047,0.21276905,0.7490794,-0.47088897,0.6022671,-0.34780225,0.7230449
0.033797413,-0.19528173,0.14328651,0.025109082,0.13687399,-0.03468792,-0.037857316,0.41918743
-0.63841563,1.4395021,0.8310782,-0.23098329,0.21524937,1.4064705,0.021501789,0.48142952
0.6620534,1.7878656,1.1542562,2.0970547,0.6155566,0.81618714,0.812813,0.13647428
-0.27367404,0.13044217,0.13900602,0.21307233,0.23257196,0.24169585,-0.47853288,0.45221657
0.34524724,-0.5775678,0.038227998,-0.08114327,0.9321821,0.17382286,0.35338604,0.3381823
0.057349198,-0.3415534,0.92538697,0.11227419,0.68449956,-0.3828143,-0.20452155,0.6582688
0.3578674,1.3264656,-0.5107238,0.55749255,1.2541515,0.53984797,0.40219837,0.44523454
1.2641928,-0.18869548,0.57379156,0.74425834,-0.93693787,-0.1367309,-0.015467266,0.3819969
0.09001455,0.57634217,0.26440865,-0.098399036,0.2645558,-0.48486686,0.5827908,0.22576863
0.45753497,0.2869156,-0.14466794,-0.0037170872,1.0780009,1.1686862,-0.91609555,1.21652
-0.14808184,0.17964323,0.11111787,0.12243733,0.14086851,-0.16328174,0.31704938,0.9859798
-0.38084766,0.7523202,0.33213782,-0.11400957,-0.37995237,0.08360724,0.1409358,0.25763592
0.35074618,1.060643,-0.39562988,1.8364215,-0.6079243,0.4430241,2.1854706,0.29135326
-0.30382738,1.2289478,0.49525577,0.15078482,0.21632488,0.6824218,-0.7039263,0.41408715
-0.21703288,1.3976921,0.3266964,0.016761847,0.28267533,1.167408,0.2861886,1.1004735
0.52214974,0.033820495,1.273832,0.026786767,-0.2864825,0.55311906,-0.11663735,0.505993
0.018071022,-0.30623555,0.4005484,0.28004467,-0.22096826,0.81200534,0.8973022,0.038088813
1.2486707,0.28313297,0.7672965,-0.63988024,-0.15313326,1.0891626,0.94626456,0.78380495
0.519217,-0.48347348,0.046027675,-0.23943016,-0.3124783,0.23792507,0.44092768,0.8711978
0.00569313,0.33087713,0.4865291,2.5477836,0.6436605,-0.16868243,-0.6844707,0.4425575
0.24806175,1.4271454,1.7281178,-0.29494408,0.14179958,-0.37415043,-0.59963155,0.8360994
0.09638998,0.3956297,0.8480377,0.007848434,1.2210281,0.07521029,-0.45966727,0.34638566
-0.047426768,-0.09412481,0.21561334,0.22301686,-0.0014869422,0.30161378,-0.029882686,0.052024662
-0.31811672,0.1335275,0.09124497,0.2929599,1.0290607,0.16593044,-0.3877292,0.97405076
0.2771762,0.30438644,0.35104954,1.4766243,0.3264345,-0.2987762,-0.6113948,1.1604478
-0.16443014,0.21643455,0.22948986,0.19438064,0.027124718,-0.25674564,0.18929566,0.33255473
-0.07873396,-0.2816071,1.7039777,1.0333395,2.101758,-0.31042767,1.2238944,-0.12061161
-0.3072738,2.6672282,1.4481624,-0.0029169396,-0.40285534,0.32013112,0.08799292,0.42384034
-0.36109635,0.62251264,0.7079407,0.3686947,-0.8856246,1.172307,0.58136874,1.4255309
-0.14669445,-0.029923007,0.16577755,0.6117243,-0.49201643,0.7582084,0.9082754,0.20140363
0.5452519,0.3081544,-0.15557991,1.1775377,-0.114620134,0.30550313,-0.4870354,0.16990371
0.4561502,0.39727145,0.4614538,-0.39660317,0.16725178,0.12342419,-0.33294293,0.15518445
0.8759417,0.057508096,-0.5799407,1.3031626,-0.8569704,0.5421653,0.3696549,0.45309561
-0.0655567,0.14651178,1.0101298,-0.2607455,0.4760331,0.21878433,-0.20781742,0.13249582
0.41420332,0.54367757,0.79921013,-0.117751725,-0.8702057,1.0633951,1.0751901,1.6786345
-0.29666182,0.4986323,-0.3681795,0.16916314,0.22858901,0.34803033,0.741195,1.236126
1.7166741,0.12141816,-0.106679216,0.057788096,0.19577695,1.3728712,0.13757545,0.41092333
0.31429282,0.43475878,1.8568258,-0.26123628,0.16760881,0.29714465,0.32263502,0.21162184
-0.29938415,0.7301297,0.11901061,0.7627994,-0.16787241,0.35518044,0.13724834,-0.11892274
-0.61270434,1.504491,0.5213015,0.08532003,-0.5119655,0.66296786,1.1712769,0.41518426
-0.43531737,0.70063794,0.33603936,-0.19650796,-0.12484862,0.21461192,-0.29636037,0.27833754
1.4972886,-0.6206571,0.15265884,0.12499708,-0.32708263,0.07214215,0.7632113,0.43419525
0.41300446,-0.35996526,-0.03392549,-0.25083116,0.80205226,0.17055607,0.061475746,0.40141836
0.33533254,0.73775095,-0.61009866,-0.29020223,0.22422667,0.30037943,-0.02638221,0.680396
0.56051373,0.72405505,1.4717335,1.0027332,-0.0141081065,-0.018295705,1.5284423,-1.1385822
-0.08071383,0.24407823,0.592789,0.5998962,-0.055316538,-0.36419156,-0.524964,0.19099914
-0.044984095,1.4754214,1.2954656,0.69261086,-0.8578474,0.5517664,-0.5589443,0.97998804
0.12051679,-0.0064157695,1.1537026,0.3155342,0.19983213,0.10909614,1.4158679,-0.19166133
-0.19727021,0.063185334,0.36475706,0.6612647,0.019826062,0.0822154,-0.40440473,0.31882024
0.9009304,0.1993713,-0.39932656,0.7231182,-0.9863649,0.71125937,1.1606661,1.1278148
0.5084493,0.43071884,0.107091144,-0.29931715,0.744945,0.22154865,-0.6186804,0.42811966
1.116232,-0.504994,0.5785275,0.59771365,0.2570294,-0.04527387,1.3142704,0.044286817
0.83435446,-0.53983617,-0.08586046,0.78051025,-0.18659087,0.500199,0.43541273,0.08009864
0.103904106,0.31522,-0.4215383,0.36759573,0.5495152,-0.03811428,0.19657429,0.7240656
-0.59297436,0.44626427,1.2210953,0.059589453,0.6135827,-0.44599676,-0.27637497,0.74827397
-0.13309172,0.307128,0.88828343,1.3537596,-0.74564505,-0.02506943,0.13542378,0.4107263
0.14226303,1.9871858,0.5428602,1.3884054,0.325611,0.9615958,1.0949036,0.3529394
-0.052111514,-0.27436382,0.64028245,0.7881841,0.19755606,0.335443,-0.2906568,0.36576703
-0.28996053,0.27619183,0.19155222,0.8879474,0.37233216,-0.22769356,-0.1788686,0.36422962
0.13781834,0.28650284,-0.098486915,0.6459585,0.0888543,-0.02215688,-0.40648183,0.37204117
-0.04066857,0.33473867,-0.10671784,-0.13226426,0.8418202,0.042134427,0.59524614,0.7332581
-0.49842808,0.3393221,0.7818868,0.94804627,-0.48030758,0.09027331,-0.18986571,0.37325025
0.29085836,-0.032559037,-0.21479313,0.4272478,-0.22542433,0.29241496,0.25684777,0.26444075
0.5828426,0.72772384,0.21681984,-0.32753184,-0.09709029,-0.22980368,0.14440732,0.8309474
1.0395557,-0.103483155,1.2166148,-0.34523442,1.3070174,-0.24227473,0.17726073,0.63729846
0.8363598,-0.39424157,-0.19699784,0.9635661,-0.08563663,0.32402924,0.62644565,0.41772932
0.7376386,0.32556248,0.3554938,0.0055621043,-0.4931966,-0.3021421,0.528081,1.2140216
0.38556567,-0.33954048,0.6537354,0.32039252,0.78572446,0.7584814,-0.75776535,0.6053978
0.68698037,1.7073228,-0.11828078,0.7174758,-0.6241068,0.56934375,-0.7449606,0.7936328
0.4324868,-0.26383123,0.20131466,1.0568794,-0.547908,0.5679976,0.1689228,0.22243126
0.5217982,0.51196223,0.94838583,-0.23542762,-0.5191813,0.458135,0.36878157,0.32247853
0.11589229,-0.13821276,0.6661273,1.4279964,0.46476692,0.028002158,-0.5322066,0.7188143
1.0079693,0.58730817,0.44535416,0.4118173,-0.0016296953,-0.06862168,-0.5011924,-0.16868225
0.88969535,0.5864314,-0.48107505,0.94317377,0.7300947,0.73484564,0.023785202,1.3736366
0.6597917,-0.31920803,-0.081273675,0.24545676,-0.19349928,0.3940931,0.58935195,-0.013554931
0.112282015,0.8771005,-0.23264335,0.9725464,-0.49754053,0.29778937,1.668506,0.42665774
1.5620416,0.34789807,1.4894758,1.4907465,1.0475224,-0.6305142,-0.32902345,0.5376014
0.34487858,-0.37016726,0.20236088,0.47055537,-0.15639816,0.7459935,0.63328296,-0.11622274
-0.21156475,-0.20602022,0.18764493,-0.17866054,0.41382957,0.098102644,0.45333144,0.6291864
1.0505289,0.59224766,0.987916,1.3620911,0.86025053,-0.28927055,0.25966868,0.014364526
1.9050075,0.62166816,0.610517,0.123409145,1.4085512,-0.17029661,0.5115016,-0.14319092
0.5363869,-0.54626757,1.0732216,0.62430197,0.3801155,0.7742745,-0.3112826,0.5741324
-0.12268459,0.5976035,1.2567172,1.1898453,-0.92993253,0.22891241,0.69832426,0.6541302
0.76257116,0.35165745,0.71209335,0.009756669,0.5567688,-1.1396978,0.42512146,0.8314462
-0.10860557,-0.18929558,0.3525945,0.633693,0.85356367,-0.2031411,-0.07641751,0.55901206
-0.08314374,0.44276738,0.0035953969,-0.13556173,0.74738306,1.0256319,-0.7159491,0.97220826
0.88409454,0.058711573,0.66138285,0.07699711,-0.12315138,0.7207213,0.8528182,-0.3093421
0.87588817,1.0507356,1.1020483,0.5592896,0.1745388,-0.06934029,0.06453165,0.11184135
1.2615403,-0.13512577,-0.2595774,-0.23879221,0.35850483,-0.021504074,0.23612691,0.26702273
1.1500207,0.11632179,-0.120027915,0.81168914,1.4523997,0.5811616,-0.07928673,0.23257133
0.38278776,0.6903147,0.72181535,-0.39765844,0.2651376,0.016629681,-0.24122056,0.28605324
0.25968182,-0.38130337,0.45038432,1.6008642,0.51129967,0.04097204,0.25395268,1.0127082
0.011043068,-0.058474243,0.42563963,0.36503842,-0.4999599,-0.0115715265,0.15045294,0.44341785
0.9359512,-0.22385724,0.15939943,-0.071489744,0.4256283,0.7615268,-0.25571606,0.06056045
0.33119914,0.97340775,-0.24538337,0.016708113,-0.23307239,1.0173012,0.08988717,1.4619021
1.1362311,0.31297547,-0.51130325,0.23619333,0.78048605,0.14515352,-0.023424914,0.35881263
-0.5031962,1.0826182,0.937087,1.9021255,-0.029994413,-0.12448603,1.1535101,1.9720087
0.4440597,-0.13062002,-0.22824122,-0.13670552,0.9527779,0.3267702,0.1629768,0.5382415
0.22817773,-0.40873796,0.3991797,0.37475866,0.21292478,0.09575948,-0.40569836,0.3734781
-0.02927326,0.5094773,0.12115233,-0.14532837,0.11080302,0.27534667,-0.49155685,0.25149703
-0.6348909,0.36276072,1.2350967,0.384338,0.4525665,1.254265,1.475721,2.0428593
1.6270958,0.8222348,1.4133626,-0.02588775,-0.5823513,-0.19807675,-0.30473796,0.35265267
0.579166,0.6174774,-0.38820434,-0.13009852,0.7670669,0.07995027,0.10429121,0.3429858
1.6660181,1.0033349,0.8191316,-0.5162971,1.4181087,-0.2157372,1.3176609,-0.061824992
-0.24308985,0.34253418,2.377307,0.18207914,0.8168343,0.8204883,0.09484065,0.4891008
-0.17497069,0.79604256,1.1378022,0.28291476,-0.9002523,0.2653674,1.2627683,0.4141934
-0.044231348,-0.3609904,0.13758346,0.05587741,0.16275027,0.15182784,0.13676068,1.0614251
0.0024218075,-0.20688234,0.041380756,0.06702544,-0.035267875,0.45227218,-0.034114033,0.4039488
0.5219722,-0.26187915,0.2857926,0.03956377,0.16950636,-0.43375802,0.41745457,0.5112537
1.0050541,-0.49916136,1.2329144,0.061431326,0.5880659,0.47872436,-0.07923839,-0.048482835
1.8914331,0.66825885,0.62775135,-0.076725714,0.6625549,0.27459234,1.0239233,0.19371507
0.333796,0.65630925,0.110416256,1.3833289,0.6525938,0.74065226,-1.2288533,0.47131094
1.2818233,-0.66849464,0.9765607,-0.19963613,0.56153905,1.0506437,0.16823563,0.24240334
-0.5120306,0.32559794,0.4496345,0.6609072,0.9435842,0.069550715,-0.6577806,0.6434112
-0.12940422,0.42819566,1.0797821,-0.42856082,0.9312426,-0.22120667,0.3584547,0.8586917
0.57717353,0.08730595,1.583124,1.1145018,-1.1381154,0.5765879,-0.38509905,0.8348896
0.35562208,0.22407721,1.1114571,1.219771,-0.37630934,-1.2334522,0.3073927,1.3428406
0.51355696,0.1310433,-0.041397825,1.3877082,-0.2194721,0.9668493,0.06322015,-0.1967487
0.3751758,-0.33469987,1.3909498,1.0111704,0.9967475,1.0632932,0.14364545,0.31275663
0.15839395,0.522374,0.37886262,0.037231714,-0.10737492,0.20966467,-0.28789848,-0.13214266
1.0005677,-0.43710494,1.1904693,1.9037027,0.26851028,1.0471336,0.9844928,-0.24885601
0.07028256,0.18666676,0.028348789,-0.05140262,-0.19358768,0.044979703,-0.13611731,0.21565121
0.24685714,0.08486818,0.5947502,-0.31923544,0.36507243,-0.5605575,0.736141,0.9502662
0.36932293,0.038367853,-0.18916525,0.9829082,-0.16176559,-0.19472352,-0.12442193,0.71929216
0.45492816,1.2200673,1.4196485,1.5678895,-0.45357174,-0.12071049,-0.37818372,-0.05010298
0.42559448,0.04493855,0.029582292,0.006442547,-0.07044333,-0.46527982,0.32279354,0.35134116
0.28914475,-0.08541635,-0.10630983,0.010605417,-0.19861375,0.0827068,0.24472111,0.3177656
-0.06907167,0.48274177,-0.12807463,-0.4884188,0.06675553,0.17791483,0.13814616,0.71737593
-0.4657697,0.7506941,0.8888713,1.8699756,-0.111329034,-0.45688516,1.2707742,0.53657556
0.55678695,-0.46527797,-0.31856984,0.43804717,0.065035924,0.4776607,-0.10057798,0.4589344
-0.31010458,-0.011802033,0.08267637,0.605118,-0.1418219,0.4719489,0.21726468,0.36799932
1.0252619,0.71878934,-0.47093093,-0.12117667,0.57918715,-0.15585372,-0.12499335,0.6299994
0.43293625,1.0031722,-0.56476134,0.5216161,0.17356141,0.048286155,0.78800505,0.25903797
0.9204301,0.15378259,0.8364672,-0.59737545,-0.1371723,0.16304514,0.781653,0.7228879
-0.031481072,0.46407914,-0.24058487,0.18201558,-0.06820835,-0.10193193,0.8598139,0.32522273
-0.0017471872,0.3920474,0.17492566,-0.30154258,-0.53171456,0.44403183,-0.0090470705,0.64383584
-0.864533,1.1219378,1.4327527,0.8307671,-0.601018,0.48247328,0.091354094,0.43804145
0.16097629,0.041546956,-0.17854922,-0.32232234,0.516844,-0.070795536,0.091950774,0.6746528
-0.3721421,0.26849174,1.0750948,0.72445446,-0.25713885,0.5571621,0.44405195,-0.085122764
-1.4396423,1.8741176,1.4920491,1.3572264,0.075740084,0.9377072,1.4761056,0.54491735
0.6248082,0.28388625,1.6627659,0.3208385,0.17223056,-0.45318907,-0.1714099,-0.0002796948
0.91526705,-0.20759036,-0.097895995,0.31045637,-0.40121412,0.4209702,0.18617816,0.3332194
0.3673483,0.7204355,1.9985784,0.19164872,-0.72302943,0.7234845,0.056135528,0.2982589
-0.0011247881,-0.2433996,0.34384137,0.27137992,-0.25853223,-0.05722581,-0.047119543,0.3865987
-0.1463652,1.1751384,-0.074280545,0.5337882,-0.08240925,-0.011699453,0.051400855,-0.30211508
0.27454734,-0.21437685,0.40465337,-0.12792838,1.1264837,-0.38690838,0.40919074,0.5120907
0.6829962,0.35982376,-0.19196118,1.165202,0.13409354,-0.22166234,-0.26099238,0.4325222
1.3027183,-0.15461572,0.57926345,-0.8120293,0.99262804,0.6005293,0.4121453,0.3511861
0.4882528,0.539888,1.3246697,-0.16383871,1.8668468,-0.21374252,0.9493535,0.38790894
0.42146638,0.18753515,-0.6040198,2.3354733,-0.3141151,0.95987356,0.79502463,0.09695463
0.8360057,-0.10462524,0.30774906,-0.11399355,0.16361953,1.5349468,0.22290298,1.1612002
0.15609631,-0.24462529,0.6845138,0.36264396,-0.104715526,0.3574345,-0.12866089,-0.072505265
-0.032865442,-0.5223848,0.033842318,0.10948063,0.33339322,0.5211926,-0.11986438,0.7690633
0.3490875,-0.5714575,0.6466452,0.32018003,0.65136987,0.5242415,-0.26996666,0.56742454
-0.49498603,0.74721754,0.7701818,0.8515534,1.5501714,-0.16071346,1.1706232,-0.15548766
0.5623666,0.006404951,0.4140517,0.39723977,0.1502664,-0.57522917,1.063616,0.10232656
0.11597154,1.7592968,0.11533949,0.18746927,0.4107005,-0.9692379,0.71125096,0.2316866
0.4406503,0.14607827,0.06405547,-0.054404102,0.7966181,-0.4225443,0.08081875,0.6830417
0.09879995,-0.005891606,0.4248972,0.50885767,0.40209424,-0.606249,0.20989846,0.67673767
-0.16474071,0.53761125,1.0798095,0.43436933,-0.8922377,0.32726538,0.31692013,1.3533144
1.1780024,0.4507922,0.8607266,0.2740771,0.9720655,0.40938807,-0.9551222,0.5014728
-0.27808452,1.060449,0.5466261,-0.24083284,0.611677,-0.23542154,0.22607966,-0.24434835
0.30979684,0.15055676,-0.14378448,0.15157759,-0.21195044,0.33438957,0.33902937,0.083522424
-0.0787396,0.8716013,-0.06450011,1.3422663,-0.008069739,-0.3473674,0.87272424,0.5231201
-0.35723284,-0.10190849,1.0028228,1.2467413,0.27008268,-0.26884863,-0.19146295,0.85928893
0.19427085,0.3786233,0.6029419,1.594599,-0.468337,0.22451547,0.8162475,2.085694
0.19475257,0.37656885,1.0743285,-0.1419116,-0.7585479,0.112475336,0.11783319,0.80216986
0.83098227,-0.326356,0.17222881,0.062366664,-0.026184902,0.6166361,0.9611438,0.17556725
0.4639821,0.4902712,0.029205754,-0.6859521,1.0123212,0.22308813,-0.10395241,0.28609723
-0.6052851,0.6473967,0.5444029,0.9322957,0.22288361,-0.731132,0.45402077,0.5419719
1.5447146,0.47405577,0.52796715,0.3500962,-0.40398908,0.19694607,-0.5859722,0.033585533
0.84085757,0.39016294,-0.28237653,-0.099087514,1.3899587,0.5864651,0.6149055,0.11169021
-0.5263726,0.70156807,0.028655484,-0.2867305,0.022208251,0.7192427,-0.21422555,0.95577484
-0.010882176,0.4827386,0.2560757,0.4846663,0.47046334,-0.751654,0.43817863,0.51147854
0.6106053,0.5563363,0.22887565,0.46860948,-0.058850482,0.96149105,0.1839211,0.3063144
0.075585835,0.21396254,-0.09371434,-0.5574559,1.1846234,1.120497,0.13064575,1.6333358
0.12120696,0.38199294,1.776342,1.6148014,-0.23996739,-0.8481504,1.4047612,1.3733121
0.10746158,0.71500456,-0.20478196,-0.118399106,-0.2097105,0.11684811,0.6062758,0.5307312
0.5130307,-0.22774401,-0.0136666,-0.09517873,-0.037308857,0.15116102,-0.020659627,0.4277107
0.47095114,0.31777418,0.20148693,-0.28817466,-0.6725675,0.7787601,0.9256931,0.67538893
0.33407477,-0.4722427,-0.055737093,0.4875116,-0.16355394,0.58006364,0.5036464,0.3730259
-0.061737202,1.3777429,-0.21600075,0.059749693,-0.6286241,-0.010203898,1.2616621,1.3550751
-0.223564,0.38319546,0.25658917,1.1312971,1.481177,0.35336274,0.7468992,0.16033155
0.14470169,-0.3075245,0.037646055,0.35694206,-0.18682687,0.17964324,-0.2677313,0.4744072
0.44391716,0.44652265,1.736087,1.7258265,0.3788007,-1.6165853,-0.11647997,1.8799546
-0.35752943,-0.18916894,0.73413265,0.45340267,1.0851063,-0.4369573,0.18661706,1.5939114
-0.08056829,0.51237726,0.91527367,0.81546456,1.0099691,-0.4650532,-0.5215464,1.0987073
-0.10938599,0.045254946,0.670372,0.13467658,-0.13236658,-0.07797912,0.690947,0.10157961
-0.20401827,0.3285445,-0.02773492,0.23088932,-0.3078028,0.47831488,0.8287453,1.0712829
1.1076865,-0.048956588,0.3028685,0.67996013,0.31325144,0.81129885,-0.7087025,0.44287744
1.676593,-0.5217685,0.31949598,1.134384,-0.0769494,0.41740674,-0.58684486,0.7315403
0.12925486,-0.2092357,0.21644652,0.0022360608,0.17620483,-0.09257123,-0.2427707,0.41850713
0.27603,0.35973543,0.5124186,0.2556779,0.65770924,-0.76402307,-0.12202385,0.70444894
-0.101461045,0.6751806,-0.4489435,0.60465574,-0.68581754,0.6071133,0.3302186,0.7880126
0.6959831,-0.1964313,-0.23382072,-0.15727723,-0.014625058,0.3152343,0.24356164,0.46083438
1.0693828,0.6282881,-0.6311598,1.0688087,-0.78175384,0.6570531,0.041193113,0.5979783
1.1520145,-0.050475523,0.78706497,-0.20891121,-0.089914754,0.26085356,0.16955353,0.28051484
0.33832505,0.8060622,-0.27249897,0.14521131,0.6323752,0.18780306,0.28528437,1.831867
0.41440788,-0.5741886,0.5080821,0.032685205,0.6395673,-0.2476592,0.3603353,0.20749782
0.44755903,0.5212641,-0.6318429,1.3275597,-0.23995672,0.018469244,0.52484536,0.24092382
-0.1280297,0.75496936,1.2801554,0.083491884,-0.5107661,0.026978612,-0.41136515,1.0076966
0.24380353,-0.15852764,-0.120033845,0.3376575,0.086686015,-0.046209797,-0.17551526,0.38270026
0.06398573,0.43874413,0.55374366,0.21403176,-1.3102658,0.5100671,0.42376354,0.99705005
0.0013721064,0.601807,1.2863275,1.4436067,0.052367046,-0.09824796,-0.114689834,-0.13877106
0.6352752,1.6856873,0.86167324,-0.0819158,0.38247204,1.529813,-0.03212242,0.0058992207
0.04474733,-0.30553,0.21708423,0.32207465,-0.4210155,0.6189579,-0.074497186,0.5254197
0.5546407,0.8611995,-0.5360992,0.54972345,0.1802076,-0.45854312,0.56877863,0.7271222
0.501385,0.22601105,-0.15982698,0.60696346,0.004661754,0.24561445,-0.7537068,0.6048283
-0.0038563497,-0.09088446,0.9113501,0.36347154,0.48298377,-0.9770576,0.19889526,0.77185225
1.1926017,0.19690083,-0.4881035,0.13956338,-0.62863773,-0.056583717,0.6405453,1.0998327
0.2543743,0.21344966,-0.029302374,-0.37950972,0.039315134,-0.005001262,-0.13488391,0.3781063
0.40462375,0.5286267,-0.34174907,-0.51620007,0.59416854,0.14902256,-0.12985547,0.57371694
0.18120879,-0.5967896,0.4917239,0.424044,-0.3086381,1.1202401,0.6267258,0.43527934
0.045823686,1.0213476,0.5819469,1.5051377,-0.22786836,-0.044783592,-0.19874778,-0.3111564
-0.59339696,0.023473635,0.48901606,1.2781839,0.027753241,0.15019011,0.10384545,0.32956338
-0.3649452,0.04268436,1.5308398,0.9100625,0.60508925,0.32170445,1.8141528,0.26564148
0.36030808,0.37048513,0.47201765,-0.7700401,0.7130899,0.20791009,0.3482788,0.29438156
0.12982027,-0.18087412,0.3490399,0.0060140565,-0.36320275,-0.20039317,0.040234227,0.6113612
0.21492645,-0.042347863,0.05974397,0.29322144,0.5396665,-0.15667406,-0.32398406,0.57548964
0.66864437,0.436772,0.5698969,0.496672,1.3659234,-0.026515841,-0.42951062,0.6152672
0.37882814,0.21082488,0.65242493,0.07878812,-0.4941911,0.00081852823,0.12444671,0.11823578
0.6683881,-0.14848433,0.025583059,1.2601194,-0.9716572,0.4405739,0.43447125,0.32364854
0.35588485,-0.1450486,0.7460724,0.73323816,-0.82070255,0.16036609,0.20584238,0.62906307
0.41334566,0.07934706,-0.18506272,0.027167153,1.2504094,-0.27518708,1.6640671,0.3409204
0.09094836,0.2454571,0.27558088,0.12035107,0.13152641,0.3920031,0.7229886,-0.31385207
0.28005555,0.8078105,0.14995648,-0.27671537,-0.21275194,-0.081967786,0.14041942,0.4430304
0.45334166,0.008024976,0.60238063,-0.015298344,0.99701524,1.5920424,0.09970008,1.0972593
0.19065261,1.1638829,0.9494058,0.42175436,0.26488525,-0.19683939,-0.74010295,0.6993057
-0.013080124,0.38214892,0.065739095,-0.08364347,-0.00013291836,0.8733978,-0.400602,0.6500518
0.28930688,-0.02221866,-0.12955545,0.29038695,-0.3176971,0.16886054,-0.16947857,0.2182622
0.71837455,0.554677,-0.09710102,-0.47286883,0.680916,0.24248347,0.28079107,0.45522505
0.35664713,1.016823,0.113225654,1.4902945,0.7292547,-0.22903353,0.09540401,0.17658646
0.3065727,-0.8561529,0.30886373,0.32945263,1.4597409,0.57900834,0.22428448,0.4497718
2.7242193,2.3946629,-0.28457874,1.2127757,-0.7078021,0.59500027,1.7420264,0.14004734
-0.24905223,-0.15967152,0.41447753,0.300262,0.07884311,0.34001446,0.36736143,-0.10257602
0.53814965,0.46280605,-0.5466964,0.7736524,0.609118,-0.041921824,1.3891197,-0.18497962
1.6884695,0.46673882,0.19340517,-0.28533667,0.54363835,0.40994838,0.9298615,0.66406155
-0.12564734,0.05769317,0.7141234,0.2742633,0.46590126,-0.47904587,-0.383104,0.44359723
0.6366117,0.26902032,0.12072593,0.8613802,0.44704056,0.6007172,-0.8847968,0.34567785
0.9148667,0.01683639,-0.049608096,0.14775041,1.8070519,0.39942408,0.19846325,0.8059072
0.26068446,0.28981805,-0.17727806,1.0414284,-0.2632252,0.019524492,0.3947784,0.14780149
0.24016917,-0.38495088,-0.12219073,-0.14346498,1.1462463,0.47881848,0.086014256,0.51942444
-0.11844707,-0.35865146,0.10559695,-0.051528208,0.48509943,0.36510476,0.5250836,0.5955397
0.88321406,-0.3090636,1.0650611,0.4706748,0.9726082,0.008488126,-0.047723413,-0.332142
0.706967,-0.22092481,0.33250606,1.1168015,-0.19810478,0.38797426,-0.45379677,0.37479576
0.06916128,0.7671112,0.12952937,0.1364907,-0.38938606,0.42620057,-0.029858591,0.008179873
0.14667732,0.035952047,0.20561579,0.3195785,-0.58154494,-0.012258396,0.7080508,0.49003375
1.5712024,0.87560964,-0.38088793,-0.094819956,1.0408114,-0.34783456,0.30685455,0.5788629
0.057433277,0.17321639,0.25621742,0.74960095,-0.5700864,0.37354428,0.46106663,0.120970234
0.4936449,0.092414364,0.7458735,0.2374751,-0.58607024,-0.025101662,0.018929346,1.0046351
0.14249504,0.34097362,-0.23086418,0.188425,-0.4158525,0.44511658,-0.19655731,0.32314348
-0.40499225,0.4983648,0.33081108,0.29054478,0.08915402,0.4423517,-0.7242455,0.43158227
0.011465978,-0.042832986,1.1383772,0.18280956,-0.06844933,-0.17406255,-0.36039108,0.5065117
-0.4337698,0.03129138,0.93944216,1.3296609,0.38655657,-0.59063214,0.08713908,1.03316
0.2712072,-0.13028674,0.073472984,0.41840944,-0.31297386,0.57301223,0.06718526,0.019350044
0.306549,0.8071679,0.33122414,2.2713587,0.19192447,-0.1448213,-0.69193035,0.57012033
0.018118452,0.39787924,0.16608103,-0.48088148,-0.205781,0.3219149,0.47067848,0.46292484
0.52827495,1.3575975,0.2653846,0.9211301,-0.6189395,0.46512255,-0.29554167,0.5896099
0.005201176,-0.40510416,0.07849534,0.13581452,0.94787174,0.7978294,-0.26223984,0.5383947
0.013007438,0.07306889,0.16926035,0.79684496,-0.29799736,0.043111328,-0.28915375,0.18035111
0.9828467,-0.29174316,1.70671,0.3365315,-0.23432498,-0.08207008,0.68297976,1.5774469
0.36474028,0.73847514,0.32160223,0.11525421,0.9041272,0.3737942,-0.33937117,0.21355906
0.11817453,0.14873178,-0.13798429,-0.13612324,0.7782341,0.14866161,-0.2488195,0.8971528
1.693966,0.14517151,0.68384826,0.4765617,-0.6268588,1.1366595,0.13193092,0.031639606
-0.47242615,1.3097748,0.8556063,-0.351315,0.84867746,-0.19162041,0.79991347,0.46073017
-0.82953167,0.7356335,0.7610247,0.072347514,-0.08500096,0.32258055,-0.10349632,0.34775937
0.07667108,-0.24052097,0.09756633,-0.0076343343,0.12560362,0.109213,-0.25723466,0.38938066
0.6827417,-0.097624645,-0.1731096,-0.32486886,0.79896283,0.25296596,0.5143934,0.91298765
0.90971035,0.99592435,-0.029341266,0.40285233,0.40969527,0.5464703,-1.224707,0.24330609
1.2573241,-0.38412124,0.7370515,0.84975743,0.45612437,0.87788826,-0.26796103,-0.1578834
0.5222583,-0.2522472,0.4768759,0.68700206,1.1144909,-0.26435512,0.48942846,0.49712124
0.1220962,0.38403362,0.20185106,0.4002108,-0.32093477,0.12705803,0.46873954,0.5586673
0.47138593,0.03438665,0.14262146,0.6022887,-0.09252091,-0.40103936,-0.105724566,0.27676585
0.38668287,1.1436011,-0.23890148,-0.63528085,0.4444741,0.9545626,0.40306756,0.8689915
0.09228455,0.3194198,0.12267466,-0.41127324,1.178554,-0.07618819,0.5502525,0.26598188
-0.021854676,0.11500344,-0.08263542,0.5432426,-0.5547997,0.4787535,0.70556337,0.8514573
-0.12129135,-0.21941316,0.058489546,1.2210565,-0.11312209,0.89951146,0.64512175,0.54570127
-0.17134976,0.034595743,0.27084002,0.17566046,0.99800354,-0.048956543,0.09851154,0.47042772
-0.17761332,0.4309898,0.02734971,-0.16826078,-0.26107347,0.41286612,0.015619142,0.4210678
-0.17561877,-0.21074231,1.0685738,0.84322435,0.8288057,-0.2789044,-0.70764476,0.30734694
-0.042291775,0.9144875,0.62685364,1.3757753,-1.1631259,0.05370131,1.7131097,0.2829359
0.76865715,0.25149357,0.0046366453,-0.3853458,0.8672336,0.9933283,-0.42725947,0.86179745
0.053041458,-0.12023552,-0.38057393,0.253563,-0.35527414,0.928249,0.947516,0.927901
0.6599417,-0.106367394,0.05514495,1.052809,-0.4086039,0.79949844,0.46871883,-0.19646981
-0.093356065,0.6427909,0.015417889,0.48548642,0.90446395,-0.1033261,0.30139747,1.6127608
0.15280727,0.12113167,-0.20755084,0.017342642,0.14525631,0.12671068,0.37879953,0.23351087
0.79028744,-0.01349695,-0.12278138,0.30466902,0.48761857,-0.3043505,0.51349205,0.11011079
0.6657924,-0.33720654,0.4150648,0.36574787,-0.126718,0.7796373,0.60229236,0.35422206
0.78622437,1.0454191,0.18547882,0.10680985,-1.1860975,1.0235908,0.70362693,0.711562
0.43425235,-0.51174796,0.09833414,0.33962065,0.24544816,0.27103484,-0.46463367,0.33489078
0.032378323,-0.2968397,0.4565404,0.5685861,-0.45841998,0.111284524,-0.028239641,1.0906105
-0.18434733,0.18602426,0.11314344,0.5821097,0.06859717,0.032803357,-0.27310234,0.6383755
0.33904353,0.24374522,0.19658688,-0.13458696,-0.23212384,-0.06736,0.0635922,0.21946841
-0.08131272,-0.5626548,0.9001838,0.23921978,0.054447994,0.3739826,0.27477157,0.7247431
1.4442822,0.327761,0.038801342,0.9916602,-0.22678898,0.74780643,0.343525,-0.44556683
1.3358133,0.37487513,-0.14276837,1.1899741,-0.038480267,0.6201642,0.268865,-0.41868985
1.0613581,-0.6428226,0.18333513,0.53641766,-0.047556356,0.55726683,0.2358387,0.6985015
1.056751,-0.10598807,0.4849633,1.4637394,-0.6044612,0.31821045,-0.07208554,0.12945108
1.1720113,-0.9079212,0.7817724,1.1152796,0.78132504,0.38880184,0.7752567,-0.21327716
-0.61159796,-0.26535994,0.8620275,1.4023741,0.96351904,0.06568423,-0.7331652,0.77713495
-0.33912817,0.029270142,0.6990199,0.65288734,0.018847987,0.20545556,0.9348398,-0.011795089
0.46882272,0.9227467,-0.18817858,1.3565731,-0.06182222,1.0854388,0.6114363,-0.49292737
-0.43523246,0.3570794,-0.12436341,0.7942626,0.09366413,0.38184458,0.76273125,0.6373179
0.009600369,0.06545882,-0.18916146,0.5253773,-0.18579747,0.16183016,0.08691238,0.4012685
0.33206877,-0.24841954,1.748699,0.21325219,0.5295681,1.0877995,-0.032816652,0.22146545
0.52010906,-0.32061017,0.057310022,0.5419938,0.7963727,0.5191884,-0.44443622,0.80025786
0.7539142,-0.5098626,1.4044782,1.3522897,-0.46894586,-0.7618558,1.382399,1.6039575
0.56371987,1.9871055,0.7385019,-0.54725033,0.7695428,-0.48188478,0.036391743,-0.09166443
0.80063987,0.006417796,1.3762143,0.76300204,0.30806828,-0.4639274,-0.2519772,0.06233792
0.29886624,-0.24350683,0.6728853,0.049873404,0.49109656,1.0484302,0.14491813,0.28325322
0.85844845,0.94208086,-0.43486655,-0.24763694,0.75094694,-0.5665518,0.47796312,0.35070497
0.5956101,0.12148528,-0.31052947,1.622648,0.11139454,0.8956226,-0.20631026,0.05908069
0.3996201,0.44200987,0.19306327,-0.4803712,-0.25825572,0.49451807,0.14656353,0.5075435
-0.4599168,0.11148678,0.09216973,0.86077225,1.1539899,0.86032224,-0.49195108,1.0192802
-0.34992453,0.78194255,0.30711907,0.19103485,-0.34634912,0.0039030313,-0.27521196,0.4206261
0.8589063,0.532149,1.728919,-0.19363031,0.52792275,0.43409258,0.056338597,0.23687299
0.51542115,-0.07865958,0.035866663,0.8428075,-0.38239247,0.26497442,-0.28247473,0.5568927
1.1752838,1.012607,1.2169578,2.0624123,0.7795717,-1.2756436,0.13670807,1.4201655
-0.15619123,0.56666553,0.05766356,0.16591713,0.37096196,0.91470456,-0.7752541,0.7089854
-0.055998124,1.3825551,-0.09893124,1.4893807,1.8694816,0.36033833,0.19602896,0.69161534
0.0054622516,0.49934602,0.13399237,0.12715718,0.6286308,-0.17553005,-0.24612929,0.80599385
2.3747897,1.3324395,1.4764036,0.43404594,-1.1454473,0.35609564,1.3508929,1.4785903
0.13922897,-0.27592182,0.3445506,0.63637877,1.3926799,0.37054768,0.59339607,0.29214352
-0.23105904,-0.028644934,0.16164371,0.5733458,-0.14433675,0.1287037,0.664488,0.93244946
-0.4314866,1.4546657,1.1208494,-0.76896006,-0.11571087,0.0152006075,0.40106574,0.49932623
1.0512491,1.5340861,2.1224463,-0.39905745,-1.1727529,0.6277986,0.7488724,1.0559347
0.4313738,-0.1061974,0.11756012,0.8806599,-0.61071813,0.07108602,-0.24076934,0.4090924
0.032948077,0.47900796,0.8037096,0.7000172,0.3305577,0.461726,-1.0622779,0.26400864
-0.40022463,0.523958,0.5278853,-0.009585984,0.6015263,0.74918056,-0.5757922,0.3371629
0.4129084,0.11492495,0.76382524,1.213438,-0.6387622,-0.0079649985,-0.51875895,0.5609896
-0.37946835,0.03534864,0.69268054,0.77864915,0.5401177,0.047196552,-0.16770454,0.41316944
1.1457577,-0.13970943,0.9357122,1.4953749,0.76398474,-0.29331723,-0.32490972,1.311493
1.2427245,-0.034985617,-0.19648941,0.07236158,0.20670588,0.51681906,-0.74028593,0.49372247
0.37118784,-0.14823459,0.3648951,0.37625888,-0.83730143,1.1049273,0.7521922,0.30266696
-0.99752694,0.38047224,0.99255824,2.0853198,0.5877283,1.650194,0.9867143,-0.109359205
0.54968417,-0.4750681,0.32469654,0.89227945,-0.1123867,-0.060185164,0.6791809,-0.049715728
0.8411952,-0.13617723,0.9765416,-0.18792951,-0.11380981,-0.24947208,0.66760486,0.3445271
0.4264576,0.27725703,-0.004254833,0.6204727,1.6705017,0.2555138,-0.33250615,0.74578124
0.7241673,-0.57707185,0.11505021,0.02866827,-0.34622812,0.35704112,0.4487808,0.48814324
0.08897395,-1.0637639,1.0259314,1.1320533,0.46077567,0.9932519,0.43545392,0.2488116
0.8307572,0.2310539,-0.6986888,1.070463,-1.0631131,0.5635155,0.6738678,0.7447208
0.0545912,0.9950501,-0.6415132,0.3203538,0.09915765,0.0034758449,0.61875385,0.83759665
0.76518255,-0.6128876,-0.18214111,1.2010684,-0.25078052,0.53392994,0.33567157,0.11842129
0.17303371,0.6687596,1.4338049,0.840089,2.218829,-0.1764445,-0.547574,1.0538464
0.6247545,-0.06058608,-0.560308,0.3156841,-0.33997446,0.62697184,1.091848,0.77896655
2.526975,1.0596117,1.3279804,-0.16976091,-0.69068146,0.7722491,0.20628905,0.82063246
-0.37309384,0.4010157,-0.040519908,0.35322583,0.04527971,0.6506263,-0.41250816,0.9472792
0.08146536,0.42930192,0.18080777,-0.1974732,-0.32356656,-0.1323972,0.12952788,0.25101283
0.42833513,0.19002958,0.48186177,0.94264406,1.5864736,0.31631893,0.8432662,-0.27142572
-0.19832632,-0.5581239,1.4340018,1.325933,1.1788106,0.32623804,-0.14722598,0.8650996
0.7423063,0.38261575,0.7795564,0.24731779,-0.03004776,1.5270762,0.64582866,0.5823166
-0.05803092,-0.5451686,0.6458985,1.1939588,-0.1269897,0.6748785,0.12056685,0.16992497
1.3101931,0.65074754,0.52576935,0.8144692,-0.35600793,-0.113713086,-0.9810013,0.23011248
0.6371132,-0.20194627,0.28779513,1.1709714,-0.4028256,0.5397425,0.07463827,0.32225713
0.11271408,-0.10025929,-0.3070326,-0.15824091,-0.08564657,0.21370657,0.48669353,0.74876684
1.2107605,0.6438169,0.45746994,-0.41010138,0.8227225,-0.16754112,1.392727,0.063898414
0.020106487,1.3662972,0.30591184,-0.6066675,-0.3044904,0.35136518,-0.1554029,0.19439664
0.026724815,0.69484895,0.94308984,0.33982214,0.39347118,-0.015469983,0.6869393,-0.86744595
-0.66465276,0.7627667,0.35485935,-0.09285828,0.17968231,1.50967,-0.024819205,1.5456614
0.4930018,0.0689328,0.10033409,1.4062184,-0.18719564,0.13275784,-0.5638072,0.1881505
0.21771717,1.3251246,0.20392461,-0.77725166,1.0304807,0.41872317,0.07983891,0.1525103
1.705818,0.3225708,0.9679377,-0.4840304,-0.43329704,0.28529054,0.96764785,0.25979742
-0.008013621,-0.21063994,0.49437964,0.6278379,0.5866571,-0.6982661,-0.31991604,0.8654762
1.9188628,0.58657825,0.117115736,0.2674164,1.329264,1.0051447,-0.14958227,0.3023119
0.5107772,-0.31586772,-0.1196989,-0.37879607,0.16906604,0.2237596,0.028878262,0.48399258
0.5640358,1.508757,-0.671336,-0.045935757,-0.034343407,0.3681317,-0.04822231,0.31894967
1.3388336,0.9921806,0.6580701,1.1007715,-0.071675405,-0.14095066,-0.6141926,-0.25648588
-0.31752667,0.28612572,0.6681326,0.8408129,0.49059618,-0.92251766,0.47498894,0.31183648
1.0998257,0.69611627,0.28969812,0.8837386,0.83687997,0.1847411,0.15281801,-0.33199733
0.22724342,-0.26694596,0.61778396,0.15739956,0.34197772,-0.39585525,-0.20868634,0.74033237
-0.3699996,1.2068394,0.080211505,0.17481357,0.14801884,1.0280169,2.1112716,1.3436538
0.21290609,-0.06721209,0.012172379,0.4858245,-0.15221064,-0.1962932,0.4002446,0.2988298
-0.4009151,0.14728574,2.7247567,0.5272209,0.1417989,0.11236727,0.7050877,1.2544007
0.3771912,0.38088006,-0.22572328,0.48209763,-0.09734644,0.08953475,-0.4353378,0.12509587
0.7595091,0.660304,1.8898443,0.94505817,-1.9094973,0.40994424,0.52627534,1.3103591
0.083576724,-0.106468365,0.24845241,0.33495522,0.3313992,0.63199294,-0.5416157,0.54732394
0.82909054,1.1503769,-0.0153923035,-0.3674089,0.7699617,0.58886486,0.85114485,0.20956428
0.62337524,-0.5296174,0.09812093,0.006879322,0.73508745,0.25149435,0.003616816,0.14540859
0.80321497,1.1864802,-0.87980926,1.4317834,0.7957533,1.041326,-0.18726891,0.8885966
0.29256463,0.4984771,0.5211213,-0.1406877,-0.15759559,-0.1410099,0.42101607,1.5667332
-0.031924076,0.5503657,0.9763308,-0.007924765,1.1452315,-0.79689866,-0.033123672,0.38783857
0.9722341,0.6481935,0.11067431,-0.45963445,0.32407242,-0.847785,0.9818199,1.0631707
-0.1520392,-0.2875592,0.4758125,0.29989427,0.33368817,-0.056753308,0.009719223,0.055261433
-0.657117,0.3113655,0.8197566,0.5164287,0.13504654,1.1680639,0.6363418,0.030207895
-0.45723125,0.7259088,1.4276968,0.60888004,-0.09031139,-0.14821658,-0.76924264,0.55162185
0.17123553,-0.07076259,-0.12173389,0.20822737,0.09200009,0.009933978,-0.15290688,0.39003015
0.18333942,-0.23239395,0.42582083,0.3332136,0.27598357,-0.37657776,-0.18454055,0.38076508
0.28190967,0.6995978,-0.17924525,0.32605773,0.23641019,0.19099885,-0.61594725,0.13196805
0.18612832,-0.081841305,-0.1052534,0.05265118,0.24013446,0.12788191,-0.13333292,0.6023793
0.8221932,1.658687,-0.21281706,0.59074444,0.45939517,-0.2888078,-0.21157224,0.36071226
1.6813496,0.17284445,-0.0023894757,0.72652996,0.74846333,0.7514697,-0.83579654,0.16474687
0.123742476,0.101798475,0.4699921,-0.013674252,-0.0052595586,-0.1954512,0.41643247,-0.11036451
0.13297077,-0.007882848,0.94718766,0.51170254,0.35073704,0.79234475,-0.51646405,0.9422102
0.052485116,-0.20295292,0.23712298,0.85654145,0.109471306,-0.23091662,-0.078049295,0.28498834
0.99215037,0.024839714,0.29693702,1.0507255,-0.09143461,0.8490923,0.99507195,-0.8153862
-0.15670297,0.87357765,0.22068806,-0.12509868,-0.7449941,0.014130034,0.41081083,0.60442436
0.91959935,0.2756812,0.3759688,1.0851005,-0.7132903,-0.07495183,0.46569946,-0.0037542135
-0.2371653,0.026878968,0.44930303,0.9762398,-0.8488471,1.0562766,1.5431846,0.38868278
0.118994035,-0.45810044,0.24628302,0.5836066,0.25792807,1.0401665,0.23570578,0.2305028
0.31270245,0.36606205,-0.28695506,0.0082877055,-0.055137947,0.2925471,0.1698882,0.14791824
0.17372438,1.1670656,1.7029685,0.5440986,0.6104827,1.2335794,1.6591868,1.1577506
-0.21033528,0.1445701,-0.13676481,0.60322064,1.3507167,0.49632174,1.1762584,0.8821317
-0.004831195,0.74201,-0.08478092,0.8571026,0.15124466,0.15273216,-0.60732424,0.56368697
-0.48607346,0.07373051,0.27570587,0.45637932,-0.3387707,0.2632351,-0.07319113,0.56945556
0.998365,0.19459228,0.90996677,0.23796517,0.63510156,-0.055012673,-0.54091036,1.1481221
1.1516767,1.554546,1.0270956,0.8586788,-0.5194272,1.1149892,0.69180346,-0.27443707
-0.1260553,0.438623,0.06735171,0.38385892,0.024113223,0.34243488,-0.50444865,0.22570492
0.6334709,0.12502973,0.12282428,0.5229251,0.79197747,-0.6532438,2.011048,0.63147354
-0.18354568,-0.105050415,0.11887884,0.5003131,0.22395553,-0.07822177,0.124278046,0.48769823
1.1295812,-0.493208,0.2799554,0.82351977,0.8865492,0.9723322,-0.4089224,0.33246633
1.1117063,-0.31405282,0.77183455,0.7285152,-0.366045,0.33394057,1.1322237,1.889884
0.008328747,-0.4808036,0.6563518,0.86676437,1.2507508,-0.16720054,0.08089898,0.46828532
-0.07341167,0.42710966,0.057501048,-0.25678453,-0.47752482,0.8031951,0.21532673,1.1961927
0.2940634,0.45250827,1.959756,3.0,0.18004705,1.1072967,-0.39701048,0.45655966
-0.74444646,0.440059,0.5810194,1.0717448,0.6891662,-0.40513808,-0.20082079,0.8535951
1.0777566,0.649178,0.13776468,-0.94481677,0.33400953,0.8081677,0.91673046,1.2500218
1.1071967,-0.34747398,-0.28981024,0.48032975,0.3837297,0.7542948,1.2785946,0.87803996
0.21643353,0.67348564,0.5137064,1.1134655,-0.033842638,-0.85378027,0.014453502,-0.11645919
0.46664622,0.45993012,-0.12541197,0.98523796,0.16941853,-0.1212699,-0.21402757,1.0112424
-0.051888518,-0.29397136,1.2362844,0.37134048,0.3225323,0.028915271,1.5624579,0.27341828
-0.16513613,0.23359911,0.32397234,0.4981182,1.3854258,-0.1890915,-0.38062763,1.2762507
0.4844375,0.5421893,0.9938568,0.29702184,0.28478974,0.5790163,0.20488766,0.27533853
-0.21902671,-0.42420942,0.4634449,0.11278839,0.8363424,0.09868224,0.29628906,0.43271452
1.5601429,0.8276623,0.21973866,0.689992,0.41929555,1.7892351,0.12509444,0.8291856
-0.06380835,-0.22765754,0.24263915,0.30840996,-0.1658807,0.1968868,-0.001476021,0.20504957
0.15729472,0.46030205,0.52481097,0.78631365,0.107612476,-0.07214275,0.9763445,0.40751433
0.7712078,0.0729409,0.6429621,-0.19159529,-0.46052903,-0.5268947,0.14302406,0.8204583
0.61014706,0.6849673,1.1470652,0.13335893,-0.17324601,0.5066824,0.5956804,0.34805518
0.04144903,-0.4023041,0.5232732,0.36704668,0.25975478,1.1381139,0.21889532,0.91962206
0.3021176,0.68162936,0.516235,-0.06787393,0.112663284,-1.3217549,0.84049815,0.7787627
0.41122192,0.083296224,1.1357853,0.56491256,-1.1661669,1.4495844,1.246615,0.29145646
-0.10388353,-0.0061580986,-0.16390042,0.14173102,-0.06893563,0.5429257,-0.12585245,0.61556566
0.20700839,-0.11294706,0.9734189,0.13147539,-0.03233549,-0.36556083,-0.12589207,0.08538176
0.8621554,0.7098123,0.7813623,1.393996,1.7954621,0.3732077,-0.7127626,0.017128035
0.08116537,0.91009694,0.511976,0.30941296,-0.88483614,1.3210763,0.5266678,1.4820709
0.266441,-0.28667098,0.36651653,0.40613386,-0.040317923,0.35906553,0.61987036,-0.34104753
-0.7964249,-0.051492676,0.9187744,1.2275052,-0.021506026,0.8662971,0.46262738,0.37694567
0.18435484,-0.14260058,0.012761101,-0.01932799,0.8990897,0.6510924,-0.2243459,0.48982593
0.15294752,0.76927066,0.008989818,1.1631595,-0.19299378,0.8840556,0.44775122,-0.5382812
-0.3196237,0.08553269,0.30363774,0.058015868,-0.25381905,0.19486788,-0.24351726,0.43951437
0.8515943,0.527445,0.8608721,-0.032097377,0.11207594,0.6076186,-0.24852769,0.45300385
0.90569764,1.4876872,-0.058360636,0.4577499,0.44977278,0.57738143,0.7495502,-0.61242294
-0.33943918,0.20547234,-0.09168649,0.9869559,1.16751,1.0155731,0.65282696,0.6117461
1.3220114,0.78638875,2.02313,0.0021931157,0.29688114,2.061586,0.3069558,0.62487006
0.010196844,0.81208575,0.21781753,-0.060457177,-0.22223459,0.3046008,-0.040240295,0.21900597
1.1969335,1.6224302,0.07494931,0.06622317,0.15260251,1.1329792,0.29254135,1.2362425
1.1068404,0.8229224,0.29821962,0.21865368,1.8983463,-0.38895544,0.8003722,0.2702248
0.4420229,0.51877236,-0.46269357,0.59373575,-0.17113273,-0.09033592,0.17960574,0.91927993
0.37267238,-0.17909889,-0.075037494,0.7660274,-0.24974026,0.041195482,-0.2759089,0.37752706
-0.06557647,0.03534381,1.1695417,1.4864962,-0.4792176,0.046746433,-0.1146224,1.5394887
-0.040340036,-0.26962972,1.314629,1.6932204,0.5956812,1.2443606,-0.5429419,0.5465534
-0.49862626,1.2275368,1.369517,-0.056617983,0.906049,1.7515541,0.8228351,-0.014460638
-0.039982982,0.008332178,0.38600028,0.4791757,0.52650493,-0.29458612,-0.4080976,1.224885
1.0290294,-0.5155537,0.3295335,2.0678594,0.37021816,1.0312494,0.019044204,0.04927224
1.1290942,-0.75197655,0.7201223,-0.22062322,0.58488244,-0.41848052,0.80312294,1.8552147
1.0464823,0.9924712,0.18791097,0.4822812,1.411884,0.79183793,0.04191461,0.7393593
-0.24576232,0.075070515,0.22311348,0.43021163,0.68075275,-0.39707553,0.7291254,0.39905772
-0.19922313,0.4119419,0.2640916,0.87503153,-1.1429822,1.006281,0.9474358,0.58349997
-0.5002195,0.58054674,0.19082975,0.7326056,-0.1543658,-0.30651522,0.21829309,0.37733203
1.3532974,1.3413087,1.1751924,1.3547058,-0.59792143,0.04332298,-0.44389206,-0.12098527
0.12649207,-0.034343943,0.7769545,1.1393857,-0.35962147,0.022495143,-0.22428359,0.23381718
0.10652432,-0.1872505,0.06284968,0.16225556,-0.043475866,0.17332694,-0.29824206,0.25324458
0.5029763,0.32180268,1.6715649,0.22322214,-0.48402572,0.071529955,0.58780533,-0.1585631
-0.8963555,1.3373362,1.4977175,0.14709789,-0.33243322,1.2644864,0.511039,1.4823457
-0.14470711,0.007861897,0.22323063,0.15788588,0.50764793,0.07499467,-0.54595727,0.6142463
-0.69679385,1.3946795,1.4511441,0.73411256,-0.63699794,0.8786155,-0.03164316,0.52501786
0.728081,0.33891773,0.18733162,0.12331731,-0.08308442,1.1322159,0.0072401674,0.10084553
0.8162774,-0.25408655,0.10005404,-0.52520734,0.59891874,0.55785173,0.35741326,0.4810655
-0.38340712,-0.16124381,1.061797,1.3210369,0.953783,-0.73832226,0.91621786,1.1089454
0.79859734,1.0455076,-0.21995465,0.11315184,0.000522539,-0.3940091,0.56367475,-0.299038
0.16179734,-0.4126761,-0.03978148,0.073550224,-0.3418302,0.5064276,0.105654076,0.72135234
0.29283544,0.08103289,-0.002868697,-0.12089563,0.69911224,-0.54315984,0.6155117,0.43326434
0.6075381,-0.20021786,0.56640804,-0.20496926,-0.71707666,-0.0698266,0.65132827,1.130409
0.63468844,-0.27367377,-0.21367423,-0.30903924,0.61748195,0.6374513,0.3722313,0.58679676
-0.0844193,-0.2679267,0.27877796,0.94008625,0.19959918,0.2849698,-0.09715784,0.2529286
1.3043542,0.564782,0.085546836,0.23242939,-0.14031164,1.2602203,0.78263634,-0.26811627
-0.72657007,0.53342897,0.74529004,1.4518183,0.06529574,0.5525266,-0.12834975,0.16160618
0.44603175,-0.27098238,-0.20714344,0.065311715,-0.05496782,0.010739036,0.11133271,0.41239086
0.42829296,-0.1613269,1.060482,1.280621,0.97349876,-0.007426709,0.4213666,0.19505623
0.995219,0.47620022,-0.18652733,0.89910644,0.07431854,-0.06699768,-0.48017058,-0.0137410015
0.5921199,-0.5705769,0.41060668,0.44463038,1.7727301,0.47432768,0.3849951,0.3781498
1.2695378,-0.25903714,0.20088188,-0.37089765,0.9115529,0.45896512,-0.07921011,0.59693205
-0.47181943,-0.11840607,0.56035167,-0.07153217,0.9944395,-0.034053743,0.23318087,0.69074667
0.35254315,0.010180756,-0.034294993,1.145104,-0.07931739,-0.036617234,0.38156486,0.61533237
-0.13777184,-0.01610379,-0.0854889,-0.18270645,-0.13136731,0.7153612,0.8540068,1.4137259
0.05589483,0.25359583,0.025190696,-0.21794412,-0.31368643,0.20835832,-0.11758702,0.4676051
0.98026097,-0.110260025,0.2645303,1.5959439,-0.30267167,1.2783167,0.27995303,0.30188727
-0.3815315,0.18558747,0.36842787,0.5158027,-0.34810543,0.45724317,0.025424382,0.3314805
0.36354366,0.1436208,1.0379312,0.12482652,0.19979052,-1.0021315,0.4791141,0.11464855
0.6281011,0.14061312,-0.37792164,-0.27653357,0.13051267,0.61350584,0.25142583,0.56814504
0.08900422,1.0413424,0.98830044,-0.17633009,-1.4463868,0.19746491,1.3780636,0.97087336
0.023626544,0.357867,1.0961517,0.3498745,-0.89122754,0.3428185,0.19516729,0.76885897
0.11699974,0.029052168,-0.04358025,-0.045285366,0.11362644,0.0013269037,-0.27324674,0.61824924
-0.3321298,0.036451533,0.40669847,1.5958031,0.58362275,0.3296285,-0.6490968,0.5186026
-0.83678776,-0.46790415,1.0926955,1.3829697,1.3258584,0.27285844,-0.71210814,1.1912992
-0.10664401,-0.13806902,-0.043820277,0.17462604,0.71484953,1.0316565,0.26665172,0.8266482
0.9606673,-0.16536863,0.1912052,1.8185148,0.38470548,0.30756944,-0.49429458,0.6176928
0.07475796,0.17474052,0.058066987,0.51176304,-0.04633382,0.07220368,-0.41602105,0.20410646
0.53603053,-0.3041064,0.69406646,0.17169175,-0.60573125,0.80276144,0.87543195,0.43392396
1.4964021,1.0712268,1.6287903,0.096074335,-0.053816125,-0.15508133,-0.4919107,0.5430292
0.17475903,0.36252558,1.5244244,0.64019793,-0.6178585,-0.31374782,0.32570383,0.35500395
0.23252371,0.5212697,-0.44357258,-0.014522336,0.4214902,-0.0988137,0.29477015,0.4959929
0.45831114,0.29861456,0.022881143,0.9576814,-0.28234214,0.23105785,0.0011960999,-0.06283307
0.47088093,-0.26797092,0.8168014,0.5752452,-0.62894946,-0.36937898,-0.038420938,0.5810685
1.6348923,-0.03851922,0.72043204,1.0462233,0.39871442,0.020696506,-1.0864964,0.65822214
0.755148,0.48376656,-0.9114132,-0.049681716,-0.2864535,0.22147067,0.8865798,0.836997
-0.7188664,-0.41691917,0.5538374,1.129026,0.15483111,0.54869753,-0.3009483,1.0606997
0.54950386,0.8512396,-0.23371889,0.24392441,0.8404112,-0.19100931,-0.1750817,0.26983938
-0.70343375,0.5151619,0.8548875,0.13514325,0.22898304,0.1275668,0.08568893,0.14285296
0.5054067,0.44812065,0.39702255,-0.496941,-0.6808177,0.4412228,0.45412394,0.5258473
0.16079926,-0.10804413,-0.103726506,-0.1481809,1.3746006,0.102999285,0.86099726,0.49448335
0.48988006,-0.48102707,1.5495888,0.9833973,0.5997652,-1.1726018,0.7690384,0.6535231
0.2902133,-0.09969656,0.75649244,0.34015432,0.2771359,0.1396164,-0.7874259,0.11935703
-0.0046316907,0.88016003,0.36164308,-0.53850436,0.63827807,-0.31082582,0.8863931,0.18202545
0.46258911,0.37628204,0.3262409,0.0018553957,0.0825354,-0.8440054,0.4608653,0.24144265
0.1546962,0.45533323,0.23889661,0.15000436,1.5808259,1.0359858,-0.5739168,2.1965153
-0.028965145,0.053851604,-0.09517871,0.43173787,-0.44724435,0.32596484,0.07566987,0.38487482
-0.17903236,0.34420872,0.5939186,0.49458492,0.03065437,-0.4652953,-0.22740407,0.85276204
0.20599988,0.038510904,0.6943244,1.2529364,0.1525179,-0.0064463466,1.002654,-0.3374669
0.6376973,0.8623069,-0.73638755,0.07595375,0.6732763,0.4586653,-0.38551065,0.47006106
0.31157425,0.3743198,0.40658212,-0.43332723,-0.11411317,0.34638286,-0.24320115,0.21337113
0.74424005,-0.7570252,0.14708632,0.82876414,-0.14620586,0.59326196,0.24136157,-0.05708015
-0.12923178,0.4457298,0.92675686,0.5166342,-0.58266246,0.76367915,0.014076924,0.6324614
1.506816,1.2631522,-0.12861507,0.52027434,-1.008073,0.4703292,0.5997543,0.9262365
1.8431729,-0.06944294,1.1645379,1.6084149,-1.5951625,-0.6950562,0.14546965,0.98389584
-0.36335185,1.6249902,2.0245972,-0.026346095,0.2003376,0.87768114,-0.067820124,-0.08462812
-0.62365836,0.81370753,0.4142251,2.1231267,-0.5394616,1.2007707,1.4772388,0.7450418
0.44930792,-0.6208829,0.31423986,0.34221172,0.23193641,0.23787215,0.15677549,0.1504543
0.3205876,0.30409282,0.25342965,-0.8574744,0.8139553,0.6386077,-0.046621487,1.0716608
0.73754686,2.3534844,-0.5216332,1.2008952,0.29898262,0.93305314,-1.1119826,0.98287666
0.9517623,-0.31810695,0.14968307,0.9852175,0.7920294,-0.0160838,1.1932446,-0.06869504
0.16492933,-0.28823763,0.025426514,-0.29466084,0.23214671,0.21115637,-0.24124984,0.4712736
-0.16488183,0.4198321,-0.18594022,0.993782,-0.15182121,0.4737172,0.91626805,-0.0109268725
0.95785385,0.067274734,0.9467055,1.302062,-0.25532514,-0.6351216,-0.5577092,0.6764788
-0.0057345405,0.43394846,1.8710148,-0.057159938,0.087537244,-0.22064018,1.6156603,0.4909286
-0.09393483,1.1160611,1.6934832,0.9809806,-0.68949157,-0.04825841,-0.76027346,0.7198743
-0.47108892,1.7871598,0.6838358,-0.28811088,0.13879468,1.2117648,0.3800502,0.78358865
0.54195863,-0.30590862,0.39393026,1.3031361,-0.23067324,0.63000065,-0.20043986,0.17687942
-0.65782684,0.27568102,0.6843216,0.8520627,1.4187653,0.4902214,-0.40777764,0.44263148
0.88250035,-0.2698363,0.8616759,0.84186405,-0.21756794,-0.74325764,0.31757265,0.5058086
0.47491476,-0.4665264,-0.22458778,-0.18590802,0.59543425,0.25514132,0.2884393,0.61611223
-0.19134173,0.029384717,0.43934143,-0.1488244,0.16018996,0.5520192,0.42341465,0.2417368
0.44881228,0.49667865,0.37841663,-0.111472555,-0.017734751,-0.45149803,-0.23611669,-0.015290678
1.0608604,1.0018464,0.029531285,-0.4650232,1.6806047,0.6980799,0.17298302,0.020223007
-0.36719003,0.21018828,0.11261037,0.39110357,-0.6565675,0.63144165,0.60034436,0.9360564
-0.18161455,0.20338702,0.6307698,0.5030384,-0.20810215,0.03034699,0.70759076,0.4267712
-0.3292903,-0.7919017,0.5351312,0.9294197,-0.037301198,0.8062487,-0.0989998,0.8351584
-0.56534183,-0.09944086,0.29006475,0.45451352,-0.5328621,0.89775723,0.32449603,1.3221922
0.14634594,1.7670176,-0.3018266,0.6889781,0.14074565,0.6894908,1.0532255,0.22013795
1.3414935,0.4137237,1.0879264,0.5219655,0.94070774,1.3593236,-0.28180763,-0.02954124
1.1136687,-0.37630618,0.39819956,-0.005818352,-0.39061272,0.2477481,0.4560956,1.1903793
-0.15347368,0.3640927,-0.22023948,0.3889781,1.0401164,0.5841879,-0.4897218,1.2074198
0.452243,-0.74279284,1.530685,0.9880704,0.24180736,0.7444993,0.18169929,1.0222521
0.4876661,-0.55731636,1.1970267,0.12322719,0.9872132,0.42143527,1.4901235,0.28185424
-0.89405245,0.89211285,0.636675,0.19411474,-0.52345043,0.1891216,0.12855151,0.7978214
0.19905305,0.6410421,1.5317162,0.7626069,-0.80553484,0.13919732,-0.10461962,0.40881556
0.105649814,-0.43240505,0.73111546,0.6919118,0.019030154,1.152392,0.49064267,0.13465874
0.74144226,0.13381122,1.4275063,-0.5051736,0.7324846,-0.13113262,0.31989062,-0.0229114
1.0209526,0.54644346,-0.58619994,0.2832693,0.1102844,0.35889086,-0.20077144,0.4893554
0.17465168,-0.32389593,-0.018454492,-0.018782884,-0.17542486,0.24092165,-0.177752,0.6400367
0.6979289,0.9865217,0.09726319,1.4904706,-0.38880092,0.63533336,-0.7597416,0.39930254
0.6578813,-0.17824893,-0.3826961,0.6825327,0.27974707,-0.16748345,0.18616135,0.54673624
0.37462768,0.44466996,0.43279344,-0.116375305,0.56236714,-0.9579847,0.7349985,0.61366117
0.8067655,-0.3565079,-0.41925126,0.09281927,0.3960942,0.3194124,0.30829448,0.18827248
-0.29498369,0.22201978,0.5204852,0.6341129,0.5078421,0.48853981,-0.92041856,0.45452642
-0.32607663,0.013069376,0.4435789,0.96459585,-0.67745906,0.2773298,0.30960187,1.2284007
0.043243427,-0.18090288,0.90451366,0.025192693,0.5764431,-0.2891853,-0.02588571,0.32569784
0.11215673,0.8244566,0.61643624,-0.047142632,0.41699243,-0.78575456,0.8983689,2.0702422
0.39907995,0.38229865,1.7008725,-0.061827935,-0.15050773,0.30539194,0.60740334,0.481589
0.26241678,0.7397485,-0.51161534,1.1118671,-0.41009963,0.47161376,1.4214876,0.17147784
-1.215583,0.5622847,1.0824597,0.90719885,-0.290236,0.81543946,-0.2516566,0.685573
0.29202846,0.36051667,1.4189662,0.5144133,1.4589614,1.5041683,-0.60355645,0.06580874
0.5581595,0.16885526,-0.14586402,0.81419307,-0.97868484,0.34457922,1.0458761,1.1735674
0.5758054,1.4299684,0.63843757,-0.25136474,0.21674426,-0.03754747,-0.28380388,-0.32744208
0.19383335,0.16303964,0.82926905,0.058421634,0.1729074,0.853887,0.11896235,0.46949494
0.70231825,-0.19837798,1.0790181,0.51876736,-0.59946424,1.1057509,0.55997723,-0.04300894
1.0803449,0.7765057,0.46219063,0.5022479,0.9469684,0.54339886,0.46637294,0.20433024
-0.22310823,0.81290853,-0.230698,0.4751703,-0.07908565,-0.14363135,0.8182288,0.25261116
-0.44052216,0.08904849,0.46518707,0.9560495,-0.24447002,0.42060408,-0.5447292,0.5516223
0.70201784,1.1332428,-0.3264901,0.8986738,0.124591306,-0.53100735,1.5049394,0.90339077
-0.084039934,-0.008695304,0.14753868,0.0857304,-0.44721478,0.33899987,-0.008438574,0.6020122
0.99314946,-0.45007962,0.1250763,0.3688056,0.16349877,-0.03078103,0.2186736,0.33510584
0.5231289,-0.36452872,0.6646695,0.55332875,0.48454964,1.0055866,0.46222523,0.6027894
0.17662615,0.0648637,-0.050738886,1.2690725,0.19112991,0.6568154,-0.25553206,0.4343156
0.5248095,-0.7518414,0.1420924,0.234153,0.18910633,0.5343772,-0.04777398,0.4792137
0.49608493,-0.05550681,0.39240408,0.4445226,-0.39494562,-0.07388316,0.8657934,1.0524759
-0.00040339306,0.024324946,0.083270155,0.12646464,-0.3575549,0.24815607,-0.13664939,0.41704142
0.28033596,0.38181454,0.5212409,1.7036552,-0.6134206,0.97652024,0.22258629,-0.05197157
0.23490697,0.65910876,-0.110552385,-0.5876612,0.36707294,0.2770846,-0.23241997,0.41799363
0.2661026,0.7762137,0.02925966,0.023727886,0.16675226,-0.7564293,1.0486699,0.24257495
0.6070604,1.6604673,0.7449639,-0.31347996,0.45161593,0.8344431,-0.8643689,0.092671126
-0.09386157,0.9259903,0.70714784,1.5826247,-0.31161284,0.35856462,1.0649661,-0.3850243
0.3457465,-0.49906683,0.5765602,0.54959774,1.3108791,0.7504305,0.19014482,0.016460747
1.0388159,1.0033569,0.5184489,-0.42557403,0.7459211,0.104387276,1.7453066,-0.10261783
0.6233044,-0.033741012,-0.5931004,0.6849131,0.6851193,0.30755606,0.55364907,0.23156407
1.0072128,-0.6776023,0.6150305,-0.0030482486,-0.19296955,0.67299414,0.2746392,0.31270635
-0.29678646,0.68165386,-0.26043338,0.7793036,0.6404281,-0.014166966,0.20632449,0.95385075
-0.07145219,1.143924,0.33258963,0.61494833,-0.52732956,0.40643227,-0.4739885,0.44349796
1.7077658,0.8732721,0.17348693,0.581692,-0.8267403,-0.1809426,-0.65148664,0.25696966
0.18719274,0.93462414,0.21702115,0.17202169,-0.89211005,0.37299973,0.30845597,0.8587823
0.65876913,1.1570224,-0.74938506,0.19759026,0.47684497,0.36868006,-0.16467676,0.70411396
-0.5496494,0.4554056,0.29916078,0.45705882,-0.4301613,0.6333026,0.72848815,0.32175124
0.95311546,0.066648886,0.5022235,1.2319267,0.6105292,0.78808916,-0.9224073,-0.17085153
0.55822575,-0.84029216,0.8785142,0.9290383,0.15515698,0.59216213,0.34881714,-0.2088384
0.13125217,0.6851639,0.19799949,0.52425474,0.86275786,0.10407197,-0.7299009,1.1304171
1.2856904,0.037685826,-0.1386063,0.44189993,0.11023833,0.26017806,0.073302515,-0.31089365
0.30411354,0.12570666,0.059384555,-0.035574414,0.12840869,1.1670891,0.15042728,0.882185
0.20152447,-0.42536932,0.3304861,1.356215,-0.10456532,0.5770484,0.39278415,0.3390985
-0.038784824,0.19174525,0.024254948,0.38692537,-0.241343,-0.015616499,0.058732577,0.17484117
0.07681741,0.36131173,-0.16498648,0.16401523,-0.04816529,0.122947425,-0.014517734,0.2167743
1.0418442,0.15394403,0.7619411,-0.4327624,-0.06628777,0.47855687,0.36378002,0.005867183
0.8082221,0.48700607,-0.041257992,0.4773968,0.08967091,1.1182051,-0.16905841,-0.013044506
-0.16587627,0.6987785,-0.14537002,1.6392161,-0.61317986,0.7795434,0.71109456,0.5488393
1.1333605,-0.09434427,1.071566,0.8201601,0.79340774,-0.2610067,0.54616123,0.6313073
0.54813486,-0.08395593,-0.13897611,0.56990796,0.36645642,0.03536746,0.8484017,0.5314644
0.59393936,1.0550878,0.95161694,-0.62602097,0.26124513,0.1718711,-0.29471496,-0.069527
0.28897914,0.27856207,0.55197513,1.1935595,-0.14734204,0.55168045,-0.56774247,0.0067991316
1.0055219,1.2595248,2.00844,0.3188369,0.6715254,-1.1496115,-0.29942203,0.1637972
0.633238,-0.097148046,0.9063631,0.0019104108,-0.4273916,0.16119707,-0.1720518,0.25713938
0.20395672,0.46352756,-0.17500459,0.83066946,-0.086583525,0.34440094,-0.5111721,0.1952235
0.5093442,0.07080339,1.2027526,-0.56908077,0.44834286,0.6315346,0.8476708,0.23512039
0.5306702,0.7014137,-0.4012959,0.83493847,0.24068673,0.09039369,-0.57134426,0.57948476
1.4972825,0.07911001,2.8970404,1.3482198,-0.15928201,-0.08948478,0.09209103,0.7355144
-0.4946408,0.40648395,0.44521666,0.55381405,0.012161627,0.24261859,0.51830953,-0.041880876
1.3014457,-0.19846173,-0.34731287,0.5123657,0.25554454,0.5716018,-0.33197537,0.16451773
0.54241544,-0.29098302,-0.4710726,0.76040417,-0.22839819,0.52801764,0.5536959,0.3017189
1.4658315,1.4847392,-0.22236241,2.0649207,0.91320384,0.13765424,-0.4154089,0.57789457
0.9154138,0.23857667,0.5640452,0.4489775,0.3292029,-0.47509897,-0.39247403,0.27180812
0.64956945,0.098823026,-0.17271729,0.7475307,0.05174835,-0.063355654,0.18310256,-0.12582713
0.4314875,0.4925611,0.7360016,1.2342174,0.14756282,-0.24357536,2.94189,0.36052004
-0.23718363,0.16269316,0.22357984,0.5907707,0.38474643,0.34920353,-0.78581613,0.4860315
0.5174007,-0.19614397,0.11343685,0.38938668,-0.4336459,-0.0861499,0.10139507,0.2281684
0.054919846,-0.47586763,0.4203834,1.7179344,-0.3824945,0.3116089,0.68918425,0.9233927
-0.46648112,0.40611482,0.91425693,0.057199962,0.23555239,-0.055048168,0.39672455,-0.32102093
-0.21812078,1.5375134,-0.18604289,2.0241408,0.9446594,1.050873,-0.7713334,1.2489475
0.051788107,-0.079947755,0.7320984,0.21136108,0.634734,0.47901058,0.05396619,-0.27668297
0.122506596,0.0369011,-0.20998417,0.3654441,0.7389733,0.606139,-0.5056625,0.7578146
1.5117513,0.7378408,-0.3657295,1.6822972,-1.0323411,0.29020116,-0.12158387,0.37297463
-0.45793828,0.7195063,1.1402129,1.884628,0.51867163,-0.82839674,0.69728166,0.07029727
-0.44399735,1.2196966,0.6896853,0.80866766,0.5192359,0.9143518,-0.31866372,0.83238244
0.8071709,0.75553405,0.7783467,0.43321747,0.13545324,0.9973031,-0.85756856,0.6767285
0.6376229,-0.7189251,0.2950134,0.2223657,-0.04074955,0.42399466,-0.021105902,0.26306567
0.4681565,-0.24341111,0.5415648,0.42763907,0.8233296,-0.5277821,0.012762848,0.35054806
2.233555,0.14499693,-0.58736026,0.5531876,0.3324015,0.76051635,-0.19683856,-0.08101238
0.44930226,1.1575899,-0.01617439,2.0620174,0.37078166,-0.40842503,-0.081017636,0.10128403
0.6535183,0.031147465,0.5294095,0.29672,-0.22240974,0.1389694,-0.38955417,0.7021016
1.3038234,-0.31709492,-0.39200234,-0.049572,0.40856355,-0.13784622,1.058813,0.3544178
0.33800104,-0.654251,0.42189902,1.2009289,0.057954296,0.81734717,0.2118011,0.15714195
-0.34675056,0.587993,0.064074576,-0.18154374,0.62533385,0.270855,-0.11011298,0.45745218
1.4992259,-0.32240808,-0.25254285,0.11457076,0.47718513,0.7923925,-0.19464108,0.29889184
0.7662476,0.04544221,-0.10120468,0.0004970357,-0.30471873,0.20461884,0.42841378,0.17379513
0.52159774,0.38401031,0.10949232,-0.21050406,0.20578538,0.34976488,0.48773214,-0.20437291
0.11587027,-0.012114778,0.07503629,0.24634281,-0.180786,0.13508964,-0.09531353,0.3545113
0.7183767,0.67349803,1.2266406,-0.29984877,-0.007878587,-0.81890655,0.3191092,0.5287786
0.5697266,-0.1960258,0.39253634,0.29673415,-0.6929514,0.6570694,1.0072452,0.090180084
0.10648904,0.5743661,-0.08455749,0.037268024,0.7821687,-0.5945345,0.37947682,0.5895759
1.1660134,-0.55969155,0.10093273,1.0842333,-0.99619573,0.34715688,0.82307756,0.585376
0.13236707,-0.061420903,-0.26697314,0.5356526,-0.40328413,0.4453448,0.4018436,0.40886265
1.7566603,0.5486231,0.25048524,-0.4267839,1.8203498,-0.05957809,0.5485247,0.31780759
0.011851151,-0.05182992,0.87038314,0.5162559,-0.14784504,-0.7578521,-0.025258197,0.5844111
-0.17997298,1.1346768,-0.09487988,0.47350943,0.5381997,0.6864643,0.16068421,1.6323153
0.40194324,-0.43397468,0.36586618,0.69635326,-0.2810136,0.54652613,0.63635534,-0.24825361
-0.14796752,0.49072278,0.5532552,0.89204746,0.5302268,0.1594451,-1.0123196,0.62788475
1.0244565,1.0558653,1.6929454,-0.09017054,0.124416366,-0.50626796,-0.6920828,0.68457013
-0.31405148,2.1071446,0.70081913,-0.38270354,-0.35589075,0.053691022,-0.13607068,0.16707729
0.6331171,0.21986468,0.0062604398,-0.25374374,1.4712192,-0.17377359,0.85614485,0.31114435
0.21047369,0.65935445,-0.307077,-0.1593503,0.31407553,-0.53434896,0.8400232,0.69410264
0.46206522,0.93411607,0.86587954,-0.49804828,-0.04980041,-0.9881811,0.66000324,0.43858102
0.36460963,1.1604936,0.1180179,0.09821824,-0.46011293,1.7091622,0.16291918,0.86994183
0.9413565,0.96173435,0.3659008,-0.009364098,-0.9158097,-0.49502587,0.35405773,0.4504578
0.53664166,0.4261636,0.076574,0.17446816,0.45941836,-0.69738305,0.08657108,0.40332884
-0.07864124,0.48813206,0.22041443,-0.24417251,0.11516866,-0.20987412,-0.22230504,0.25496876
0.11742157,-0.09964503,0.5218526,0.22796187,-1.0287588,0.6460093,0.38024533,0.9997352
0.51731026,0.56213814,0.029646471,0.36451852,0.72651535,-0.39819044,1.5884806,-0.046608016
0.036340665,-0.30194205,0.060020156,0.43469125,0.757081,0.41576955,-0.1341108,0.67604226
0.35888252,0.06698641,-0.1638426,-0.08527156,0.29044145,0.45414287,0.06834436,0.098273434
-0.5327094,0.6778097,0.24641538,1.2004626,0.47313225,0.11632568,0.07703648,-0.037595168
0.16516262,-0.30719584,0.5795067,0.72946954,0.6888753,-0.39196205,0.24004972,0.5679773
-0.5088246,2.4618616,1.096289,-0.45360312,-0.5416344,0.44469938,-0.71471685,0.77939796
0.59021586,0.0021812767,0.63245535,2.1967561,0.69306725,-0.26784423,-0.27821854,1.0017303
0.22024232,0.029457018,-0.3852747,0.14309493,0.24559377,1.0536966,-0.008406179,0.90727013
-0.30317977,0.75187576,0.16717094,0.20863709,-0.19185193,-0.051837742,1.6798096,0.4247864
0.41720486,0.7972137,0.5506473,-0.4064148,-0.4622935,0.31642097,-0.07366548,0.2533375
0.23327997,0.13702238,-0.14167981,0.7204774,0.117658705,0.29894146,-0.2576156,0.34489465
-0.9261381,1.3379912,0.7905085,0.8582725,0.3176096,0.02893214,0.33031243,0.76620716
0.6066598,-0.07415746,0.15592648,0.47421852,-0.9748513,0.37305322,0.81751305,0.94536245
1.1272336,-1.1605285,0.27881968,0.16479836,0.051785484,0.500712,0.39713636,0.69906867
0.026985727,-0.24498932,0.16832642,0.2689811,-0.20081063,0.0545813,-0.10919363,0.3371942
-0.36206988,0.066249415,1.0916282,0.38271475,0.64417213,0.09475863,-0.06764303,0.16274372
0.7551257,-0.0061690956,1.8531504,-0.6639046,1.6502105,0.92406327,0.6041487,1.3683089
0.25003177,1.3028886,0.13599813,0.69470197,0.5972479,0.5881201,-0.27701834,-0.001270473
-0.19211581,-0.18280916,0.26466596,0.36860862,-0.26537108,0.1950386,-0.04711639,0.44255364
0.022603173,0.14047849,-0.13861857,0.19379193,-0.1863973,0.21004403,0.1368273,0.28499275
-0.88865906,0.6896416,1.2893978,0.88200563,-0.37494856,0.3143174,-0.4106942,0.7181344
-0.43679437,1.115768,0.49337208,-0.061330296,1.3752323,1.0861524,1.3228866,0.188666
0.29998276,-0.0043488294,1.0865374,-0.3278233,0.5518623,0.76952505,0.6061221,0.7419316
0.6616378,0.028682634,-0.45876265,0.6919219,0.045574054,0.5816759,0.36535144,0.24885315
1.298122,1.1495459,-0.29763985,0.24868822,-0.8691469,-0.3801282,0.9102439,0.8497883
0.16668704,-0.392708,1.7222418,1.2508012,-0.16297553,-0.06782469,-0.5775415,1.1614021
0.089163005,-0.08717273,0.1354843,0.13665357,0.52278537,-0.18939653,0.62636,0.97586256
-0.49463543,0.26804364,0.3120641,0.5998115,-0.6942706,0.9821987,-0.04298742,0.83957785
0.41149876,0.5474338,0.22317445,-0.23941174,-0.020488963,0.9855217,0.2722329,0.37031195
0.6444272,0.43791258,0.40230906,0.73194665,-1.2427319,0.25411952,1.224464,0.9275682
1.0028523,0.035751298,-0.09155381,-0.25480425,0.4109406,0.62917954,0.22379597,0.37387836
-0.09079968,-0.020087555,0.5631196,0.9493875,0.31878453,1.1171777,1.3467911,0.7929933
0.63006413,-0.4000181,1.3491386,0.5295669,-0.9133895,0.694195,0.410221,0.66547817
0.67894334,0.7371793,0.95983315,0.54063815,0.16277654,0.8712728,2.8833797,2.308506
-0.0116619095,0.0928441,0.1937902,-0.04602229,0.4036702,-0.116327345,-0.19587487,0.20220008
0.0031765606,-0.01011084,-0.28211385,0.17207712,0.051928014,0.38312203,0.26795912,0.5287432
0.534495,0.5748471,0.34557796,-1.0090313,0.9805083,0.34933385,0.08513486,0.45227444
-0.5731395,1.6984917,0.76242405,0.45236376,0.7873223,0.74822557,-0.5840667,0.22022621
0.6524808,-0.49185157,0.16621262,-0.19410455,0.48662382,0.33559257,-0.13560332,0.44854403
-0.3447213,-0.085277334,1.4086012,0.8743852,1.8431354,-0.33797097,0.28822002,0.8067639
0.49597904,-0.035497665,-0.041427776,-0.115146376,-0.14247848,-0.0114040375,-0.16209328,0.26872396
0.71000665,0.73081845,-0.29397613,1.4843476,-1.0013855,1.1245598,1.4537159,-0.11705521
0.14494449,0.3623017,1.5658982,-0.5036934,1.9917235,1.1241173,0.37387335,0.5578505
1.1652216,-0.65308225,-0.027819395,1.3146328,0.22832216,1.136,0.43918446,-0.13229752
0.13639334,-0.22364108,-0.25593817,-0.12517208,1.0044388,0.62616545,-0.3357332,1.0704477
0.6575341,0.32247943,-0.1629018,0.91568726,-1.1107936,0.6554909,0.64255345,0.26467156
0.63105345,0.2526548,-0.1831822,0.23208064,-0.58869135,0.3718542,0.4134836,0.21807364
0.9628337,-0.2837006,0.21774156,0.43055198,-0.1624044,0.06749141,-0.48565096,0.15311748
0.51176167,-0.33177978,-0.2669074,0.452531,-0.22400175,1.1914879,0.2909739,0.7211615
0.7107134,2.0248413,0.41919017,-0.26906183,0.74105304,1.3709884,0.25730917,-0.30668327
0.03678643,0.2155491,0.3482244,-0.015762351,-0.0791537,0.18061987,-0.36488524,0.15971401
-0.2928227,0.3518551,0.9292681,0.7670952,-0.06038229,-0.11591041,0.049073726,0.6563554
1.5451225,1.8725137,0.41151887,0.97960716,1.5392213,-0.08570048,0.35090414,1.8592056
0.13682963,-0.16710766,0.48974925,0.47650895,1.4351943,0.43717957,-0.26875603,0.347828
0.28014588,0.87260425,-0.57879436,-0.0005730912,1.0446371,0.1339951,0.23991369,1.4778159
0.37935618,-0.22652344,0.2718083,-0.13191235,-0.4935264,0.120723575,1.183483,1.2775915
0.50001323,-0.00525932,0.039128125,-0.39008537,0.98852295,0.21195891,0.44594797,0.1706082
-0.2915131,-0.85275555,0.41235417,0.24492127,1.4504364,0.91298395,-0.22511409,1.18195
-0.5016665,0.29675275,1.033273,0.74097043,0.26097995,0.4537027,0.27498472,-0.2779544
0.4802779,-0.18018676,0.127501,0.6932254,0.3316781,-0.20780805,0.7227614,0.06411189
0.011344496,0.07160114,0.23980783,0.025662992,-0.20588423,0.19257748,-0.13613722,0.14181592
0.16421714,0.17216115,0.22390467,0.4815602,0.20336774,-0.5920196,0.0010273964,0.7726871
0.3303409,-0.09669067,0.78226024,1.0589269,0.98973495,-1.1778185,0.2210507,0.79898316
-0.6054112,1.2985327,0.44124913,-0.30376795,0.31167227,1.1740724,-0.7474895,1.0759883
1.1320062,-0.094877884,-0.3707019,0.7652089,-0.6949943,0.24684355,0.44769078,0.0155902505
0.92709905,-0.6422192,-0.3848241,0.2752703,0.2869172,0.2887535,0.6304236,0.19365132
0.0017980151,0.052789345,-0.20933281,0.31267202,0.018524066,0.5849322,-0.34993732,0.8861885
1.1602395,0.12421201,0.17095704,-0.66505164,1.0433412,0.34728724,0.6616162,0.84196234
0.898621,-0.29799026,0.33060008,0.90599895,-0.6052316,0.458666,0.22317563,0.2446519
-0.5329146,0.28884602,1.0105826,0.3541503,-0.06696455,-0.009821072,0.45010278,0.58193815
0.4235579,0.30146307,-0.029789507,0.06951745,0.38591367,-0.003136307,-0.22613358,0.04296863
1.0148687,0.15126814,0.5654222,0.81506616,-0.9134601,0.21613845,-0.05502566,0.24172634
0.1304776,0.8154525,-0.391073,1.3912871,0.11737983,0.6978242,0.22038287,-0.15730986
-0.25323954,-0.027030304,1.5543636,0.12816691,1.173812,0.12126257,0.95493174,0.19983147
0.051270418,-0.5751155,0.5722915,0.2502383,0.18464535,-0.033050865,-0.40216547,0.33577576
-0.035022132,0.5180979,-0.33652514,-0.19824949,0.9347426,0.46802282,-0.15931179,0.91355443
0.571367,1.3353692,1.6101909,0.34804603,0.24542107,0.78841865,-0.903155,0.8110696
0.5003339,0.35016465,-0.5658403,-0.08337761,0.7985476,0.38951805,1.7832466,1.2843976
-0.766905,-0.09572561,0.9519806,1.0648727,0.8361619,-0.09426963,-0.028982775,0.5989126
1.2830508,0.40922606,-0.43473607,-0.21745709,0.89927834,-0.34675902,1.1527377,0.5797167
1.3645169,-0.07107945,-0.2184935,0.49668947,-0.5122044,0.45729575,-0.076815926,0.6710795
0.18834707,1.2064801,0.16394743,2.2920475,-0.78739417,0.27459446,0.6890606,-0.12190044
1.3298932,0.59022504,-0.3506019,0.2542699,-0.70145106,-0.3712345,0.99150985,1.1466565
-0.21726719,0.20290874,0.069898486,-0.16717482,-0.046443567,0.471313,0.05150953,0.4692682
0.65206414,1.044472,0.14195062,0.67437416,-0.6025048,0.5706127,0.19899108,-0.52122307
1.0708612,0.18659787,0.2777019,0.0836048,-0.19325896,-0.2837217,0.60188675,1.4703575
-0.39038292,0.48045558,2.6282945,1.4975369,0.89052826,1.1649015,0.5177568,1.4398923
-0.29935098,0.23388506,0.6066847,-0.33653837,-0.025394186,-0.0050486475,0.31002346,1.6657586
-0.47375944,-0.10228552,1.1153587,1.0415525,0.62543607,0.23515806,-0.7291351,0.98459977
0.8421579,0.18363874,-0.044841766,0.6334153,-0.8100949,0.18182936,1.0398825,0.56105113
-0.004159473,-0.06578721,0.3755108,0.13319328,-0.068912104,-0.10377741,0.5617549,0.78775895
0.88245267,0.41810423,0.9136225,0.6621219,-0.42978108,0.7300626,-0.24576196,-0.438573
0.08874953,-0.13015738,0.25962234,-0.06373284,-0.44202232,0.27384436,-0.108582325,0.5081378
0.67678136,0.08891325,0.3829512,0.028440855,0.22663935,-0.17008382,-0.39603424,0.574883
0.21513334,0.595726,1.1620396,0.27768743,-0.4085973,1.098263,2.1023161,0.74203765
0.62088853,-0.15828581,-0.07521014,0.46360788,0.17778914,0.42165437,-0.2865205,0.14656752
1.0930792,0.34124893,0.09226843,1.4252645,0.6509147,-0.034735307,-0.46657446,0.2586445
0.6007921,0.165592,0.6494714,-0.114625655,0.05512266,0.07987418,0.9408274,-0.13223323
0.01951775,-0.286604,0.040018857,0.8421412,0.437073,-0.0074117184,-0.26045093,0.7674405
0.20418084,1.261758,0.98968595,0.59277356,-0.57128716,0.70692873,0.46006525,-0.8597393
1.1918911,0.41499406,-0.07401121,2.337595,-0.12297569,1.3529373,0.36193275,-0.2565141
1.0690166,-0.09241198,0.18597329,0.8208185,-0.43694228,0.5383994,0.40631485,-0.15594283
-0.21260583,-0.5007417,0.94246906,0.70469755,1.235877,-0.10119681,0.73722917,1.4501492
0.021330867,-0.08152625,0.012634821,-0.062302344,-0.008919358,0.25499964,-0.24858762,0.46973842
0.09373055,-0.3000791,-0.052313223,0.44737318,-0.069137305,0.58969593,-0.2155102,0.66021794
0.17309484,-0.033259228,0.6270607,1.316455,0.00020198524,-0.5318867,0.30391404,0.7536043
0.24783897,0.17232177,-0.25098735,0.08732923,0.4073369,0.21212941,-0.32693818,0.5033424
-0.10364338,0.67044145,0.049585186,0.19401209,0.06275308,0.26648483,-0.3183266,0.065724276
0.48171166,1.0993278,1.6357569,1.6113007,-0.2760319,-0.104940146,-1.0492883,0.65509367
-0.06082806,-0.05910422,1.171261,0.6810536,0.5996579,0.9711975,1.1669235,-0.69018364
0.45607492,-0.8560421,1.2667348,0.43938944,0.38493,0.7312157,0.6498776,-0.037980482
0.617741,-0.37453192,0.23516342,0.83768886,-0.14734145,-0.008396298,-0.30381075,0.71677333
1.8473902,2.5311682,0.6256052,0.34022373,-0.67058116,-0.9468646,0.89553285,0.5311066
0.13784584,-0.3638906,0.84678125,0.41123697,0.39062345,-0.4641776,1.1186193,0.5823964
0.293856,-0.04280974,0.8629858,1.1250597,0.6377893,0.34153306,-0.3200728,0.9206244
0.45434612,0.14119868,0.024612747,0.3358591,0.88733804,0.029474244,-0.6301896,0.6782911
0.3653583,0.8522635,0.010485679,1.2058147,0.47772998,0.24509013,-0.83158684,0.13898018
0.024788897,-0.42469746,0.366373,0.120215826,0.23814906,-0.07401903,-0.37735143,0.4966383
-0.26452857,0.6299394,0.27657735,0.23311177,1.1574237,-0.32430577,0.60108423,0.007352948
0.28753543,-0.22484669,0.19634101,0.37038416,-0.040550277,0.014943957,-0.42907467,0.3000933
-0.07522516,-0.39343566,1.644249,1.688513,0.92512286,0.33719224,-0.27213717,1.6065199
0.532902,0.017729148,0.1568826,0.57760453,0.15468355,-0.15729311,1.1424171,-0.013492912
-0.018854924,1.2461358,0.25280076,-0.1546472,0.82712096,-0.7061322,1.7188089,0.18476394
1.5617844,1.147788,-0.020629272,0.94774055,-0.13301097,-0.29384205,-0.214982,0.6046915
1.2063383,-0.2657646,0.9387741,0.2071335,0.113326564,1.0962644,-0.350526,-0.07438974
0.66782683,1.2277387,0.6486022,-0.79433185,-0.020370886,-0.17280054,1.0726599,0.5882361
1.5940613,-0.40606987,1.3970348,0.7170918,1.2866762,1.5132143,0.6861591,-0.5241681
0.024575155,-0.0014651567,0.120678425,0.15762112,-0.30832916,0.08000018,-0.11914284,0.27481273
-0.95799446,1.576468,0.712615,-0.027121298,0.75864464,0.1567444,0.16541237,0.36520427
1.4796448,0.4921211,0.62631893,0.44246545,-0.5708962,0.115647554,-0.66260386,0.6687777
0.6174082,0.2843442,-0.12200071,0.8081265,0.26327336,0.08101067,-0.36617014,-0.20076081
-0.6182428,0.11518477,0.44046944,0.36821416,-0.10053323,0.89059633,0.2539762,0.4983988
0.08603032,0.40911114,-0.20480324,0.22142413,-0.30211604,-0.10149667,0.4855757,0.4344335
1.4239873,0.02291046,0.5742344,0.8114105,0.68218374,0.24609768,0.023404693,-0.3357228
0.03143806,0.13991389,0.10548857,0.85819834,-0.07808767,-0.23912784,-0.042031445,0.4669955
0.17774093,-0.3369336,0.4543125,0.7731307,-0.29814517,0.94338596,0.8438836,0.31998
1.0302247,0.92052,-0.7771273,0.1667816,0.13286056,-0.2137815,0.17427671,0.0558026
0.82307607,-0.6713864,0.63514334,0.47509125,-0.29798162,0.2893618,-0.5770459,0.279226
0.10502845,0.124371216,-0.17883237,0.40731648,-0.21426885,0.13432051,-0.035924856,0.217256
0.36782324,0.33395827,-0.09895778,0.09836511,-0.7329878,0.6043403,0.62053615,0.48380914
-0.5153631,0.68868315,0.5347225,0.63377154,0.5852163,0.72590345,-0.1866511,0.69050413
1.0079207,-0.2455676,0.18686599,1.4126472,0.34792912,0.4528458,-0.7177158,0.4855311
0.80681926,0.15858419,1.0373356,0.5756847,-0.84530777,-0.12716869,1.1684562,0.30083668
0.22005337,-0.06840119,-0.2180614,0.3577705,0.09495494,0.47129628,0.15769006,0.31185305
0.39963385,-0.5633395,0.34635928,0.1564651,0.11572488,0.052825548,0.04539752,0.06860601
-0.010507349,-0.37552357,-0.055346444,0.31884044,0.18305789,0.4362231,-0.09717878,0.39019898
0.58383155,-0.59525585,0.21290766,0.31350487,-0.09833728,0.423413,-0.39937347,0.24770677
0.6573937,-0.21328329,-0.2468641,0.7931871,-0.75678426,0.41381446,0.9691387,0.87324315
-0.22194245,0.22885264,0.18858063,-0.030217327,-0.1348546,-0.054443,0.22528729,0.4904947
0.11950982,1.1220757,0.67480576,-0.21099997,-0.5924311,-0.45460612,0.32757446,0.14350016
0.71655923,0.6267234,0.68166476,-0.14279783,-0.95640534,0.35577604,0.80941063,0.4740443
0.04586682,-0.10462737,0.11810392,0.6697474,0.08270463,-0.15423071,-0.07219733,0.5352771
-0.25636598,1.2967808,0.46919513,-0.11840124,0.85463375,1.4447082,0.67309695,0.114492446
1.1725217,0.63053447,-0.23388056,-0.1126105,1.0447824,-0.025408119,1.9687713,0.27356943
-0.06039902,-0.1250684,0.14814116,0.43378225,-0.16594203,0.36439338,0.26759037,0.017068103
0.02100899,0.0025717765,-0.08402762,0.43523747,0.5605735,0.5651563,-0.29892513,0.5683793
0.050773013,0.44379985,0.09104948,1.6079245,0.27822942,-0.39293802,-0.03580333,0.6888755
0.7360887,-0.8480981,0.28690404,0.84549326,-0.15330766,0.7541423,0.04333455,0.4697231
-0.926503,0.85471314,1.3412341,0.6955897,-0.3152163,0.1921151,1.6355324,0.59403753
-0.45692095,0.59894145,0.3483672,0.92050105,0.37201288,0.30539626,-0.09121153,-0.05734378
0.3239198,-0.42926872,0.80193317,-0.0038672015,0.53485745,0.08675489,0.21924105,-0.25239417
0.593729,0.35159814,-0.25984174,0.20918286,-0.12225829,-0.09948188,-0.352166,0.18606883
0.11815753,-0.26625437,-0.0018424094,0.6604757,-0.2946753,1.0317873,1.2972649,0.42490757
0.12884045,-0.39296824,0.041411743,0.06232574,0.19288673,0.20790677,0.029972596,0.3145125
1.0022912,0.17755334,1.4140563,0.6817217,0.6724466,0.66862124,-0.8996326,0.4364329
1.4959705,0.3963105,0.2625692,1.0184704,-0.4876837,0.5401621,-0.26338923,-0.083179444
0.47453666,0.84446025,1.8106123,0.1283243,-0.8332829,0.34860885,0.5079312,0.22369058
0.26058295,0.87925804,-0.107151076,0.6972995,0.5012244,0.1973777,0.4911901,-0.34568426
-0.24549785,-0.98329586,1.1102023,1.1492378,0.28097564,0.884072,0.185018,0.66267306
2.0760999,1.8745267,-0.2455792,1.2196964,0.8291427,0.19976148,-0.66746515,-0.0037921667
0.38548273,0.014239147,0.38123608,0.12100148,-0.3032009,0.16664238,0.5429614,-0.04644157
-0.88277847,0.8831288,1.2977709,0.3086065,-0.1537333,0.39238957,0.09348595,0.35094452
0.36868304,0.57638115,-0.4241382,0.64492077,0.027523354,0.47306344,-0.44084778,0.6610327
-1.2907107,2.9091659,1.3533384,0.28591004,0.52444035,1.2257346,0.4337798,0.6828619
1.3783174,-0.048130706,0.80288726,0.96846706,0.3554831,-0.10803293,0.09583684,-0.35252562
0.86320925,0.11572091,0.15198335,-0.2814387,1.8646541,0.4283402,-0.021193016,0.50941443
0.41069144,-0.78343284,1.1132454,0.87296873,-0.09450771,1.1624889,0.53760546,0.40635595
0.814654,0.4074914,-0.4539616,2.6048262,-0.25264794,0.36923733,0.553772,-0.15807098
0.10616722,0.69370973,0.5860084,0.20447862,-1.0219965,1.1246057,0.47224435,0.6452498
0.6101005,0.59159625,-0.3344655,0.141236,-0.10281287,-0.02180171,0.34414974,0.11221054
0.16537228,0.15116365,0.6208018,0.24174404,0.112853035,0.7590409,-0.6684505,0.40728557
-0.33722344,2.9157562,1.9837936,-0.72467446,0.9531421,-0.6941575,0.89552695,1.0564493
0.21043369,0.026310787,1.3081111,1.4882219,-0.1287087,-0.8789526,-0.1792229,0.7208109
-0.30130565,0.15651588,0.90909994,0.2544212,0.118100956,0.8392637,0.20196678,0.0037037283
0.29867312,1.0663007,0.69261765,0.20623195,1.0558681,-0.05353354,-0.55248684,1.1305709
-0.040248744,0.21384032,0.7783979,1.6622833,-0.15311785,0.21105912,-0.65871614,0.32092473
0.40724146,0.15368812,-0.09081985,0.4942598,-0.43195474,0.14363833,-0.2694241,0.5507866
1.9352685,-0.057969883,0.3063231,0.5320281,0.32045883,0.58162344,0.8096292,-0.2568679
0.9383747,0.6833863,0.23894674,-0.83227265,0.68843824,0.4278996,0.303425,0.41288906
-0.016372446,0.95191324,2.8380446,0.10901987,0.88295984,-0.530053,0.17931543,0.5676893
0.06326027,0.099776834,0.47343934,0.62523484,-0.3107494,-0.13252473,0.4132423,0.4002456
0.009097151,0.060111985,-0.063443005,0.89299434,-0.6244492,0.76248896,0.43122372,0.85046506
0.8873536,1.6908587,-0.34085095,2.2592337,0.40367538,1.9404161,0.6230735,0.28390804
1.4021708,-0.3540218,0.8556774,0.30332184,1.619687,-0.368829,0.45311755,0.30759847
0.9140958,-0.22330983,0.45526242,1.1308031,0.3003031,-0.9211408,0.6124961,1.0599097
-0.43684295,0.7016327,0.455741,0.74277407,0.27781576,-0.8171787,0.8973702,0.79320073
0.069909774,0.69603056,0.69182616,0.673418,0.7363303,0.77020824,0.31468523,-0.08243419
0.09702646,0.5120386,-0.04966037,-0.24836683,-0.22133113,0.13960049,0.19747716,0.13437025
0.099146895,0.30245405,-0.48832572,0.95099896,-0.21767528,0.3151632,0.72738165,0.30216044
-0.7207516,1.4979373,1.0387818,-0.33884728,0.16899766,0.40798077,0.29021832,1.2528666
0.8133269,0.7893957,-0.3968295,-0.48099825,-0.25707078,0.23104268,-0.0142026935,0.55255044
-0.16944289,0.22974043,0.15006338,0.24982882,0.31282592,0.50028425,-0.4487479,0.23858191
0.81876045,0.379327,-0.00833194,0.72254723,-0.510516,0.10181779,-0.19161776,1.1117675
0.79867417,0.2687689,0.5755113,-0.11259053,0.19992243,-0.29726747,0.7909375,0.3141132
0.2085678,0.49354517,-0.54153466,0.58168334,0.15831146,0.51672184,0.061986044,0.36829838
0.19387501,0.21013777,2.1155033,-0.471841,1.4775434,-0.4588995,0.3358293,1.4840207
0.2870382,0.37330663,0.7995436,-0.05956786,-0.28299195,-0.44271505,-0.37569377,0.6881764
-0.4731876,0.084505826,0.068325266,0.1708825,-0.10114415,0.5286929,0.1676027,0.6560321
-0.15909567,-0.4165728,0.6169684,1.4364107,1.7886993,0.18052724,0.8311338,0.68257624
-0.41683388,1.8668008,0.71723545,0.71404916,-0.5290892,0.5719782,0.36664787,-0.57908547
-0.42400882,2.6238754,-0.051131293,1.3268502,1.6383648,-0.17025712,0.24280179,0.86764026
0.07348783,0.04019992,-0.35418367,1.0550575,-0.25632864,0.379467,0.23675235,0.44212687
0.6413607,0.10995503,-0.5556928,0.08708769,0.04829882,0.6346152,0.61369145,0.7733077
0.43427807,-0.40785098,-0.29150903,0.997394,-0.19344862,0.7213088,1.1647149,0.34972036
0.048335828,-0.2727651,1.0019214,1.5456598,0.04266095,-0.3916902,-0.53325444,0.52468646
0.115646794,-0.2652409,0.07441284,0.061862156,-0.15383936,0.216057,-0.15184893,0.3712632
-0.028917715,0.35367364,0.49366325,-0.3708668,0.60135156,0.020758674,0.41584653,-0.16990548
-0.03448666,0.043501973,-0.1618654,0.46094385,-0.20178391,0.35910803,0.4042078,0.19145451
-1.4642991,0.37140578,1.6269093,0.90528953,1.0213861,1.0221251,-0.3229997,0.5535945
0.09855955,-0.45910072,0.60048026,0.3091164,0.84260356,0.98280305,-0.7406342,0.36983263
0.82421345,-0.048745826,0.051786005,0.40608585,1.19962,0.5839141,-0.44268927,0.5967893
1.1212558,-0.5985796,0.06511766,1.542531,-0.6630121,0.8699751,0.87131387,0.105083644
0.8259911,0.023797497,1.5838412,0.20246497,-0.32441998,0.8602462,1.1191745,-0.4668342
0.5204512,-0.36424226,0.604266,0.39305153,0.88275087,-0.96454525,1.2233455,0.4115543
0.8887951,0.25499701,0.030209005,-0.2803636,0.75606585,-0.46754503,0.38483572,0.3134135
0.5151034,-0.41827065,-0.07497336,0.23144469,-0.28828162,0.053126752,0.28725746,0.5887954
0.018127955,1.2806545,-0.24547045,1.5559589,1.366559,0.036203995,-0.23656969,1.1362176
0.176031,0.76559424,1.1420056,0.07324781,0.7659812,1.2805986,-0.7916874,0.4421698
-0.2405138,0.46026427,0.33895707,0.22499987,-0.1837986,0.77364767,0.34215617,0.18583173
1.0666624,1.0383599,-0.19960998,2.3305755,0.17311783,0.1617276,0.949992,0.7871717
0.31342945,-0.14162107,-0.12279384,1.0191164,-0.056595743,0.5517208,0.25718737,0.2116985
-0.2581725,0.32102174,0.51919645,-0.102382265,0.08759059,0.46826556,-0.25554392,0.47347856
1.1603879,-0.35343468,0.57619864,0.85967475,-0.4139281,-0.05039534,-0.6153099,0.79670423
0.57999486,0.3111086,0.94775474,0.50214267,0.28848416,0.3281554,-0.61650825,0.09125386
0.17039716,-0.2518999,-0.359129,0.08883056,0.09472354,0.73576903,0.7411037,1.0388117
1.4452266,-0.3743217,0.76152384,0.33622718,0.6093576,0.80105376,0.13558021,-0.27803755
0.6287251,-0.09756608,-0.34751368,-0.17671916,0.7670784,0.50206745,0.47133085,0.7234099
0.14420927,1.187308,0.5590547,-0.39255473,-0.28733587,-0.8481702,0.39795217,0.026031747
0.23486465,0.32863122,-0.18141086,-0.28044268,-0.18758558,0.8894544,0.030112626,1.2425804
0.73655623,-0.17358853,-0.08967213,-0.25357527,-0.14010064,0.0412995,-0.030373598,0.3848731
0.48469552,0.11792962,-0.2558865,0.40428242,0.7071707,-0.49990582,0.76742196,0.59400105
0.22642207,-0.45619953,0.07662155,0.0461286,2.1401448,1.0396869,0.35295016,1.4241488
0.14385241,0.5306718,-0.17823453,-0.3284177,0.4439488,0.37589198,0.7722388,0.2502517
1.2778482,0.40752947,1.0577656,1.0511646,-1.8592101,0.73241997,1.0540885,0.40489775
0.00090926886,-0.5684112,0.82655126,1.2939758,0.67768985,0.3467473,0.85054654,0.78664136
0.5265234,0.08433853,0.32042903,0.23042393,-0.29410088,-0.3125619,-0.43302009,0.09000808
-0.22232735,-0.09521137,0.39655322,0.14609203,0.07049125,0.0028252527,-0.124290965,0.9249927
-0.430527,-0.25275046,0.43232065,0.21807772,0.6762488,0.29566896,-0.36976975,0.527003
0.4812362,0.8836013,0.29084173,2.563296,-0.025561973,0.06935033,1.4794828,1.0924265
0.39488187,0.062157556,0.07871674,0.00462652,0.5142182,-0.62362343,0.6078339,0.4415887
0.16445014,-0.099301174,-0.13772307,-0.07354692,0.39477158,0.1291439,-0.07933058,0.6292697
-0.6094164,0.091936335,0.520251,0.65376073,0.12674496,0.34970492,-0.31093886,0.24272308
-0.14150637,-0.29829395,0.023764566,0.5055749,-0.28349173,0.4912975,-0.17202717,0.6414156
1.8507826,-0.4054848,1.4764563,1.1492301,-0.24297844,1.6728107,0.49667677,1.9112673
0.46133178,0.9643448,0.97022235,-1.1077914,0.3680249,-0.14031288,1.1062698,0.7184332
0.86796653,1.4414756,0.31671065,1.1715144,-0.4832418,-0.0017730594,-0.74270517,0.20054595
0.71978027,0.6886191,-0.3881052,0.010310061,0.7880107,0.22626425,-0.40542153,0.43873
0.15230283,-0.05042632,0.043852657,0.7567314,-0.26888,1.5756814,1.8265482,0.45278087
0.7234791,-0.38536727,0.0064745545,-0.11717222,-0.37734324,0.39647615,0.24320778,0.7823429
1.099886,-0.27096468,-0.35343462,0.83938926,0.23319577,0.36029458,-0.36340204,0.12954642
0.36857513,0.40799063,0.86215025,0.26593986,-0.11538245,-0.47684318,0.04730975,0.04082896
0.71098036,-0.044576064,0.53172874,-0.112865455,1.3515966,0.3890266,1.0680821,-0.3026823
1.3994259,0.4509241,-0.039688766,2.0566769,-0.5827859,0.74489176,0.019128,-0.2429131
0.73824304,-0.078744546,-0.5180957,0.30694777,-0.107163355,0.70664006,-0.08943551,0.6031972
0.17369828,-0.0066325217,1.7363487,1.1187391,-0.50949186,-1.3889906,-0.06925053,1.1607435
-0.23472303,1.2619082,0.36841387,-0.21913192,-0.41782063,0.18655017,0.8003716,0.5364662
0.18977869,0.06608339,0.22329696,-0.3547985,0.5032598,0.041523926,0.077878244,0.14318433
1.5951651,0.840286,0.72470605,0.8429848,1.0787688,1.2205968,0.46105066,1.6081264
0.12440766,-0.18438488,-0.029068753,0.06332502,-0.214065,0.15924913,-0.08888496,0.38099825
-0.30952403,0.36943436,1.0197833,0.94752985,-0.42959768,-0.3193228,-0.21976991,0.80052805
-0.20383328,-0.21266638,0.79833865,1.5121429,0.826546,-0.3592592,0.19004421,0.1875703
-0.59219325,0.47827214,0.7695521,1.1586848,0.2826813,0.6324556,0.5518543,0.0017528534
0.16367424,0.36554176,0.49755543,1.0917372,-0.07457928,-0.69540423,-0.36625335,0.45513013
0.55554825,0.6345074,-0.5039924,-0.28875622,-0.1835597,-0.24176922,0.9549163,0.7525909
0.062083285,0.20884584,1.3724779,0.05217343,-0.47412306,0.38592887,0.18466127,0.5747094
0.24304238,-0.1245902,-0.08537938,-0.11772325,0.19765191,0.38747665,-0.31563473,0.3364178
0.14197356,0.8753276,0.4352482,0.34711012,-0.823659,1.2731459,1.9893899,0.35348722
0.583884,-0.006683424,-0.018139899,-0.15901032,0.76491135,-0.28414223,0.79910564,0.29610083
-0.023455206,-0.11333217,-0.11272548,-0.07302479,0.14672399,0.28922826,-0.038279083,0.74359655
0.09153761,0.22367398,-0.066461235,0.24660593,-0.6426099,0.6872591,0.0033259005,0.4337272
-0.22860992,1.9639336,0.31680655,-0.32603952,-0.008464441,-0.056824982,-0.25898516,0.2931115
1.9682038,-0.5394646,0.84442204,-0.2175183,1.627484,0.6889545,0.75835365,0.5492413
1.1132307,0.09682648,-0.57560825,0.080429345,-0.03362529,0.24581401,0.012818826,0.9645505
0.5202658,-0.6019635,-0.052623957,0.7490669,0.61031705,0.82387257,1.1166289,-0.17748794
0.8027354,-0.09605007,0.09312387,0.27960855,0.83044624,0.34810525,-0.3168918,0.14271429
-0.62783474,0.8232308,0.35374328,1.4656153,0.21508345,0.037244737,1.9116186,1.1774796
0.29330167,-0.16880934,0.19901472,0.46932492,0.010183692,0.17085919,-0.22025143,-0.061828554
0.55245847,0.24203797,0.7754358,0.9161175,-0.12831844,0.5625012,-0.9290508,0.14844409
0.6889003,0.29579288,1.0749359,0.085348226,-0.85413456,0.9842591,0.13458668,0.34604496
-1.282792,1.0483088,1.6972989,1.1406492,-0.16341011,1.1141642,0.8840923,0.18169598
0.44807106,-0.09206818,0.8004614,-0.42165133,0.3508625,-0.27015784,0.5552344,0.36031356
0.24979717,-0.059766814,-0.24803026,0.73650104,-0.22103877,0.14896797,0.81986123,0.48516834
0.054977387,0.6302443,-0.02769573,-0.3469483,-0.3802895,0.19932982,0.45860416,0.9142833
0.2264576,0.10305826,0.60039234,0.16810799,-0.08958201,1.2187626,-0.45908085,1.0548383
0.4521242,-0.1960138,-0.3079397,0.27230585,-0.18568368,0.1602673,0.113170885,0.37146315
-0.26258928,0.8900535,0.059301563,0.37880784,-0.4781416,0.36847842,0.57126564,0.02705966
-0.29562277,-0.53225446,0.763665,1.168152,-0.083499506,1.1842666,0.12947291,0.88100344
0.47585785,0.36935794,0.06945704,1.416697,0.2983986,0.65378654,0.061310694,1.0249141
-0.05135172,0.79709554,0.508089,1.005054,0.20375796,0.08121388,1.5855216,1.218992
-0.26118973,-0.042204008,0.3648789,0.43039328,0.14627643,0.20624211,-0.5748051,0.4456223
0.8587828,-0.162228,0.03312269,0.59498036,0.21460812,0.39523968,1.3331399,-0.32707018
0.34297577,0.22953926,-0.20693459,0.6633238,-0.06392686,0.9546263,-0.55199856,0.5060432
0.6576655,1.1747502,-0.23990418,0.54326004,0.026471838,-0.6340763,-0.24536559,0.06911123
0.5284932,-0.15264936,0.20204586,0.43522105,1.0744373,0.43898886,-0.7531304,1.0539846
0.028112808,0.0620697,0.820038,0.28662038,0.21757756,0.5622373,0.2456644,-0.4828109
0.2688948,0.43406242,-0.10754742,1.5507545,-0.26761007,0.10660279,0.5698474,0.606043
0.30943784,0.34095538,-0.07837205,-0.2795029,-0.27992398,-0.118511334,0.054567374,0.5496562
-0.1591768,0.23678507,1.3757359,0.54527014,0.32212615,-0.9854686,0.1809046,1.0439723
2.1337,-0.2988984,0.90249854,1.4132347,0.14018042,0.43265837,0.3321139,0.11232987
1.6824841,-0.18810274,1.5651608,1.127251,-0.78580344,1.3576876,0.31423697,0.30276603
0.72770816,0.60511124,0.64518803,-0.6581182,1.4416951,1.0477034,-0.030080149,2.419615
0.020789534,0.49286777,-0.26665378,0.21053836,0.19406578,0.10568306,-0.025688594,0.49958134
0.13469267,-0.24140672,0.017557919,-0.04322937,0.1901932,0.06466443,0.035207957,0.39577138
-0.06401039,-0.1477486,0.88678515,0.9546713,-0.5716584,1.1093022,0.73547226,0.32884967
1.3521239,0.42946923,0.06599541,0.5790147,-0.7931157,1.0728592,0.7684019,0.3564782
-0.6438732,0.9877138,0.0623433,1.0288402,1.0345368,1.2475398,0.58311975,0.3108797
0.0046447664,0.09447883,-0.25940514,0.6846422,0.7943515,0.59155154,1.200153,0.4537137
0.15322441,-0.32745898,0.5003113,0.54613394,-0.19082366,0.4815301,0.79612255,-0.04888642
0.9085445,1.0571674,0.5419543,-0.080551945,-0.2826026,1.1369152,0.12815334,-0.15511459
1.3450314,0.8256438,0.73257565,0.73961,0.16341354,0.33386782,0.88404423,-0.9582418
0.022965616,-0.12853886,0.38189012,0.06547263,-0.008569226,0.14528868,-0.06054884,0.0144084245
0.53520817,-0.3885094,-0.12039946,-0.26622382,0.25526622,0.18503311,0.24692126,0.45202088
0.40842894,-0.3407728,-0.21855111,1.2070018,-0.48251593,0.19699815,0.06334029,0.44964895
-0.05692459,0.0118881315,0.25740248,0.16192609,1.5455617,-0.20419887,0.12530243,0.925131
-0.6250939,0.2834676,0.4844573,-0.014236964,0.14448166,0.60763425,-0.37005648,1.3807349
0.7559839,0.30327344,0.37276572,-0.59259814,-0.30148202,0.3084857,0.53830224,0.44650897
0.121965826,-0.02125819,0.004877329,-0.44815823,0.64537406,0.29343885,-0.20055336,0.5593213
0.3392365,-0.7692702,0.3413422,0.6676367,-0.20681374,0.9349933,0.30974284,0.45512524
-0.27534926,0.22414239,0.7142896,0.11844728,0.25018772,1.0700986,0.5781016,0.97297573
-0.8317209,0.5806487,0.57405686,0.8087731,-0.6329261,1.0773604,1.0468494,1.4069076
-0.13369617,-0.1150053,0.24059445,0.15088353,0.28008926,-0.17485619,-0.09243495,0.4788854
-1.0421817,1.1496056,1.0009419,0.328823,-0.40808308,0.55011576,0.32329363,0.5032412
0.7979786,-0.3926589,-0.16758679,-0.10556834,0.23752,-0.2671467,0.2086808,0.4698093
1.211892,-0.1408668,-0.27779233,0.5964148,-0.19506116,0.53041756,-0.1588322,-0.020963967
1.3111032,-0.5395963,0.21652402,1.0250725,-0.77222306,0.22221074,0.3854883,0.38563967
0.73155075,0.29374766,0.98345566,-0.14698514,-0.036080167,-0.7500644,0.1342528,0.37728932
-0.26119646,0.4369099,0.7602382,0.5445439,-0.3972118,0.1301049,-0.043474376,0.25342754
-0.054749675,0.013949379,0.043158285,-0.12260913,0.44688874,0.2585333,-0.19718865,0.456702
0.04194282,-0.0780604,0.30388087,0.85916513,0.32156697,-0.22607559,-0.29867205,0.2873727
0.2774934,0.16569458,1.6440498,0.30702415,0.74068844,-0.23481601,-0.56962377,1.7876935
0.49377647,-0.97963727,0.73537385,0.9584616,0.7185812,0.99986523,0.23279947,0.15013877
-0.083870426,0.4450016,0.25312573,0.09802209,0.021590143,-0.30249912,-0.2561283,0.12663892
-0.6739922,-0.6265856,0.4438129,0.7632305,0.627494,0.8474132,-0.10925764,1.3090799
0.51751083,-0.48284465,0.9605143,1.1132017,1.0267849,-0.54743445,-0.17651469,1.2102873
1.1461734,-0.24827473,0.008416012,1.0103344,-0.6394769,0.6266766,0.5197142,0.17647722
0.38675982,0.45318013,0.57258195,0.13692531,-0.22734328,0.6894327,-0.705525,0.5129796
-0.16081822,0.8680459,2.3878136,1.2404836,-0.29655117,0.18133268,0.86764234,0.032654375
0.6109616,0.7395043,-0.3255874,-0.5923145,0.86507213,0.4447838,-0.48045728,0.6754018
0.3378381,0.67819005,0.19312593,-0.10384663,-0.49794662,0.38954914,-0.080118544,-0.01180014
-0.4762064,1.4926198,0.76456046,-0.2118729,0.9628147,0.18856215,0.45076177,0.66789633
1.8806242,0.69113547,0.39334297,1.938021,0.26812482,-0.17495543,1.7126888,-0.00026771426
1.6236606,0.124396905,0.29154575,-0.54294556,0.65281653,0.13897318,0.09319826,0.20370021
-0.59485906,2.1086903,1.0473515,0.13994241,0.3063903,1.0353212,-0.32479098,-0.15031862
0.858733,0.6873449,-0.6994903,0.026636936,2.0061953,0.83015573,0.4711921,0.8177443
0.66525745,0.3012907,0.5595185,-0.36083126,0.93413675,-0.049636364,0.49971995,0.17850584
0.059834838,-0.27535796,0.5882217,0.05171244,0.5517669,-0.09765652,-0.13852629,0.09750383
1.4375371,2.3627956,1.184702,1.7548785,-0.7444934,0.28327852,0.7468585,0.42412883
1.1717705,0.9897928,0.035582945,1.0787979,-1.3048357,0.39591205,0.11774288,0.5737628
-0.4893647,0.2568879,0.38242567,0.5027553,0.52504706,0.12722549,-0.31633398,0.30014277
0.9744726,-0.3439414,0.15030761,0.82474613,-0.9987089,0.51315254,0.8480158,0.28996724
-0.76539665,0.072736844,0.85222685,1.3821539,0.49281126,-0.17138222,-0.73613846,0.5544083
-0.13097551,-0.16933407,0.62549824,1.745034,-0.3194896,0.8676111,0.15939054,1.8601254
-0.42899176,0.8039166,0.39955914,0.19246264,-0.34944266,0.62152773,0.49829456,0.09785235
0.44047835,1.7317859,0.23914719,-0.52584326,0.80072063,-0.7217822,0.4704555,0.045626193
-0.07285126,0.7303146,0.28550225,0.20432942,-0.11871557,0.8725072,-0.2346385,0.18701002
0.24929196,0.07818787,0.756047,0.7176357,0.41488475,1.250781,0.24561799,-0.09295681
0.34436765,0.092798755,-0.2468021,0.66453075,1.3697565,-0.5500466,1.4817263,0.6166403
0.86791223,-0.25307178,-0.4148211,-0.3688185,0.24986647,0.44676933,0.19717734,0.84094965
0.40768787,0.11399104,0.031754553,-0.18395132,0.48914993,-0.18195063,0.10385775,0.1467511
0.7918924,0.588193,-0.40335768,-0.06033247,0.125369,-0.16752952,0.009411031,0.56832874
1.2011207,0.41203994,0.44949055,-0.26935777,0.33805048,0.21895088,-0.52989733,0.22959124
-0.32473537,-0.21332957,0.3570974,0.3839483,0.47416586,-0.20272633,-0.1605531,0.849565
-0.36223754,-0.04570116,1.0725776,0.21205589,0.6700031,0.00823763,-0.5154248,0.08585345
0.66875046,0.2550282,-0.08364229,0.3661054,-0.44623542,-0.8317326,0.72777456,0.93365115
0.69457,0.2949487,0.050226793,1.1897321,0.7918919,1.1117026,-0.6412577,1.7297481
0.39821857,1.3762017,1.2440809,-0.06388583,0.15141357,0.07375088,-0.5172114,0.6828079
1.191671,-0.06917931,2.315647,1.420284,0.62249416,1.3935103,-0.10872304,0.35990542
-0.05332695,1.2260075,0.3023726,-0.52544457,-0.024781778,-0.26425067,0.82917875,0.33282602
0.71206707,-0.82146066,0.5317653,0.3684306,0.5160322,0.45433128,0.13355018,0.07792185
1.7020675,-0.33786947,0.44067633,2.4141505,-0.809041,0.5755886,0.38216352,0.18518698
0.12887385,0.5605575,-0.2602173,-0.20599493,1.1958067,0.069896355,-0.30861804,1.1514307
-0.24748251,0.26011413,0.1790154,-0.009097345,0.55281717,0.06665707,-0.24237852,0.5648508
-0.37037572,0.6909925,2.1521537,0.13339588,0.3018834,0.80864745,0.15136506,1.1503778
-0.18807247,-0.28958786,0.4778027,0.8202792,1.0387086,0.13561624,-0.472888,0.7514424
-0.19044545,0.26815838,1.3094602,0.31035712,-0.057001963,0.9953288,-0.40052065,0.6715823
0.8519004,0.5083815,0.23948193,-0.09320194,-0.12216373,-0.38254705,-0.059486553,-0.13708895
-0.7673536,1.2514449,1.0116332,1.843004,1.0596795,-0.43773633,-0.022905866,1.016381
0.8330583,1.3087386,0.17560917,0.9014684,-0.13976155,-0.6306416,0.04888241,-0.32211852
0.28370765,-0.2151913,0.35911167,0.72248465,-0.07187237,-0.16541508,0.72609264,0.08216502
0.6367397,-0.14712633,0.35119343,0.28389472,1.3350042,0.11689839,0.20629014,-0.03193505
0.6827833,1.2792779,-0.50586116,-0.3784506,0.90013814,0.2392763,0.661559,0.3410486
-0.31742367,0.23354857,0.2616209,0.4133004,-0.08999281,-0.20342714,-0.13560046,0.33259994
-0.31906474,0.43731713,0.718124,0.9580005,-0.38517278,-0.11089343,0.0036422485,0.14008716
-0.12466938,-0.25779814,0.6923041,0.28034273,0.44751054,-0.1377458,-0.5004828,0.21418121
0.71742547,0.45081848,0.47810924,-0.4864289,0.7561531,-0.6372337,1.7010986,0.93274575
1.3110081,-0.8521122,-0.22700216,0.6258407,0.17501004,0.62303805,1.793934,0.47912455
0.52260274,0.47461927,0.038930617,0.21103832,-0.4620661,0.33431584,-0.09070615,-0.18025464
2.0547051,0.97581756,-0.42785895,0.15980813,1.1195577,0.594085,-0.62746227,0.212115
-0.047857985,0.40104407,0.49519598,-0.044020504,0.046355054,-0.5843632,0.194942,0.36921304
-0.07488509,-0.1109896,0.30507064,-0.058114536,0.38246548,-0.015517689,-0.093505934,0.19563301
-0.15025938,-0.02649568,0.44559455,0.77076906,0.206446,1.2326543,0.21696606,0.09462394
0.6061452,0.1446517,-0.21018656,-0.43902972,0.34482357,0.16398868,-0.02898533,0.44183624
0.6931815,1.0513481,0.42856026,-1.0146389,0.03645046,-0.108520836,0.7719713,1.9992874
-0.31471947,-0.091037765,1.8001496,1.4905739,-0.08505799,1.3955956,0.11703953,0.8099956
-0.8316064,0.7460468,0.6710857,0.47863573,1.2724603,0.26854482,-0.31788376,0.29932076
0.801339,-0.49824274,0.7131442,0.38634264,1.2107735,0.7647299,-0.9436606,0.63717735
1.4845885,0.90915644,0.16681504,-0.32805115,1.4195081,0.33852524,0.1400687,0.4047142
0.0710039,0.19507262,0.0759815,0.4340208,-0.48452914,-0.10501459,0.30773708,0.5166934
-0.052567236,0.7451231,0.88827187,0.15654601,0.043199763,-0.8661958,-0.06860075,-0.08427349
-0.052409656,-0.13082732,0.25826162,0.15614724,1.463608,-0.29431838,0.087539695,1.0041863
0.10074894,0.104739875,0.37121493,-0.048207305,-0.28002322,0.17055196,0.79833347,0.15399756
-0.419333,0.8157599,0.3584708,0.4681698,0.7253815,1.158961,0.09187073,0.3707256
0.54330033,-0.3610165,0.13628133,0.15677384,0.31953785,0.46241745,0.8048909,-0.026718214
0.5600234,0.0020997077,-0.45922238,0.10466654,0.64754343,0.6839403,-0.3067139,0.6491457
1.3621266,-0.31543154,0.02653502,-0.2968002,1.2118362,0.7662765,-0.03581751,0.7852561
0.23932102,2.4366496,0.30476943,0.6098114,-0.116263196,-0.8663808,0.48873785,0.11107989
0.43163773,0.63241863,0.38894445,0.08613031,-0.13877003,-0.89997125,1.3661872,0.9151218
0.34987664,-0.54002494,0.27199072,0.61460936,-0.5699859,0.541188,0.6792695,0.45569497
0.4838453,-0.51368797,1.0494703,-0.07000122,0.26029176,0.10376662,-0.25951725,0.58209074
0.426639,0.56763977,0.2348255,0.040478744,-1.2285795,0.7582261,0.6367333,0.5812359
0.16953981,-0.09035885,-0.10371789,-0.19912869,0.35983157,0.16769332,-0.20593826,0.52105135
-0.19073236,0.27203304,0.19479305,0.17441192,0.08965157,0.8868965,-0.43107668,0.4274335
2.4650989,0.48260736,0.45736772,0.2500663,-0.12081395,1.1626227,-0.05051654,0.19336934
1.7591937,0.18057977,0.5471347,1.1071935,-0.4916805,0.712271,-0.5471954,-0.13208008
-0.4418439,0.20408149,1.5087101,0.7292754,-0.16647582,0.073014095,1.2685381,0.14732811
0.14261246,-0.13221307,0.77336913,0.12005835,-0.16763462,1.4077742,0.7166317,1.1081352
1.2030371,0.8551859,-0.21851511,2.1251724,-0.48779112,0.44499767,-0.16473374,-0.35788298
0.01965335,1.0409133,1.596418,0.22533348,-0.82404226,1.0014317,-0.11534782,1.110707
1.5688599,0.23543407,-0.07767776,0.59453255,0.35096723,0.38327962,-0.48641005,0.31060052
1.0534538,-0.012795344,0.8928113,0.1286062,0.03187616,0.30883902,2.0091894,0.40310115
0.122249864,0.6683783,0.6019969,-0.26258972,-0.6356433,-0.2843082,0.70224476,0.8539959
0.575452,0.055926487,1.7013322,0.21006575,0.7494007,0.5616676,0.2576641,-0.1682629
0.707952,-0.24584372,0.22953457,0.96467394,-0.4612717,1.2123377,0.67172927,0.6736333
0.43576154,0.5909527,0.5538527,-0.4459968,0.022755459,-0.21351701,0.14304708,0.12286945
1.588102,-0.34400213,0.62027526,0.110675015,0.9665004,0.7259568,1.0515815,-0.17938289
0.79311246,0.99531794,-0.06673239,0.88764626,-1.5690292,1.1505619,0.82716507,1.1020367
0.12114921,0.47716457,0.54904395,1.2777041,0.2769106,1.1526935,-0.8765406,0.27186617
0.2212646,0.80251086,0.07179412,0.11653377,1.167065,-0.24290344,-0.45501515,0.6396867
0.48273185,-0.3287838,-0.20739172,0.52046114,0.093935594,0.3652706,-0.3277754,0.45955458
0.16265118,-0.59479845,0.81228906,0.8936377,-0.14130102,1.3301944,0.87177587,1.0801018
-0.21305016,-0.14260517,0.40633053,1.0590175,0.60770315,-0.39744264,-0.13896973,0.68795645
0.1452662,0.429967,0.075155735,0.44740447,-0.51200444,0.67408144,-0.115752935,0.27259618
-0.13991645,0.45460337,0.124356344,1.3593761,0.55700475,-0.15733814,-0.5938766,0.5609003
0.42070928,-0.032917097,-0.30832052,0.18435529,0.89419764,0.3672391,0.77375346,0.1931873
1.4099226,-0.12623353,0.64502925,-0.30849275,1.0454555,0.84550774,0.33250144,0.3106847
0.15049535,0.37373692,-0.24386786,-0.44825545,0.63109577,0.2367933,0.19565557,0.5460214
0.10226319,0.09817706,0.38326257,0.24244368,-0.8836239,0.24672566,0.73688835,0.7520536
0.9879958,1.6131884,-0.37858397,0.94067633,-0.14166133,0.49177527,0.29040915,1.3285146
-0.22834125,-0.25498623,0.19260241,0.5644219,0.41590524,0.6175443,-0.33166203,0.62666607
-0.10477776,-0.8550508,0.37633467,1.3506272,0.2673676,0.59139776,0.22752213,0.8022745
0.16555607,0.4795844,0.002038762,-0.2579541,0.5683359,0.2858038,-0.5447309,0.9353671
0.39531234,1.5469818,0.8116985,-1.0410695,1.010077,-0.5546129,1.8542439,1.2846081
0.2893608,0.11648373,0.5026478,0.1749179,-0.8003189,0.06703911,0.36671838,0.31945497
1.5158253,0.355811,0.6038825,-0.054433174,2.6438708,0.30659908,1.1282988,-0.10795157
0.34891403,0.79878074,-0.41193706,-0.5209995,0.40619326,0.32113737,1.0186278,0.4933154
0.22239333,-0.3755322,0.58998567,0.31443918,0.888227,-0.40636122,0.17556487,0.47271746
0.62813693,2.1226668,-0.20009752,0.3752716,0.39800417,-0.009169713,-0.47412774,0.008512333
1.3511662,1.5727412,0.32009885,0.029268276,0.41156888,-0.21693987,-0.53904194,0.3236458
-0.3348571,0.009974197,0.5365117,0.089051984,0.1275054,-0.10481705,0.32275745,1.4235446
-0.25117972,-0.060425445,0.5110816,0.5255932,0.35515195,-0.41989154,0.5341074,0.20365363
-0.108578466,0.764907,1.321036,-0.43555364,1.0687615,0.8405729,0.8061239,1.3233248
0.60319966,0.48135126,0.03633456,-0.33576223,0.5686604,-0.6474564,0.9115285,0.44270533
1.0887321,0.54745716,1.2195946,0.41058734,1.5477068,1.9824498,-0.36893824,0.53461313
0.93489575,-0.3228674,1.1332561,-0.45673493,0.96184075,-0.28829506,0.44374517,0.6472094
0.570453,0.39589894,-0.11993815,1.4178668,-1.0686282,0.5910425,0.3431128,0.47784615
0.34099555,0.54474795,-0.22521453,0.62528723,-0.87374824,0.5580188,0.82609373,0.17697662
0.16012731,0.3661828,0.56272125,0.51108307,-0.36522132,0.38508162,-0.3341039,0.035990894
-0.19211495,0.5284263,1.1576922,0.036576293,1.0411812,0.7894454,-0.7494442,0.12431571
0.98496324,0.68884194,-0.5262905,0.3278567,-0.67538285,1.5037975,0.39847705,1.2279075
-0.089924045,0.95577055,-0.41286957,0.75011796,0.7553526,0.35918686,-0.57725316,0.84164095
0.91454655,-0.16756357,-0.057402372,-0.20230404,0.6776748,-0.39578646,0.54851186,0.2164563
0.45975664,0.7028419,0.19188061,0.70227635,0.22726677,-0.52896315,-0.3963019,0.64169484
1.5334814,0.58684695,0.032488182,-0.17327929,0.6556713,0.5104886,-0.716672,0.3182275
0.49849904,1.0992655,-0.6275728,0.25868675,2.1425092,0.34502026,0.4647865,0.93676
0.3836282,0.74724394,1.8014821,0.3381597,0.0536585,-0.48597008,0.5108949,-0.47851336
0.70173234,-0.44896144,-0.025662556,1.4721051,-0.32629853,0.45146245,0.8108676,-0.09956516
0.39565584,0.94143295,0.49788558,0.27105117,-0.010174677,0.5421344,-0.5758882,-0.18854704
0.31130657,-0.62778187,0.07784336,0.0037444383,0.233444,0.38453266,-0.15082164,0.52433443
0.41579956,0.9868698,-0.23620982,-0.55049175,0.46641868,0.69568217,0.051933855,0.68033445
-0.38170624,0.9683374,0.30919802,0.36482313,-0.29265827,0.11274233,0.043521304,-0.13377959
1.8616418,0.28093123,0.16510475,-0.30468836,1.6454943,0.99772525,-0.63449675,0.37255037
-0.08036339,0.118734464,0.07149014,-0.07211851,0.18292542,0.1359635,-0.38009384,0.60850805
0.32037365,-0.86222714,0.7114767,0.3706164,0.8685412,0.46140236,-0.4369595,0.43742567
-0.2497606,0.38300323,0.2653643,1.5704193,-0.6636001,0.70241916,1.6738098,2.0791569
0.72277194,-0.53131324,0.9730395,0.37339106,0.77065307,0.41286212,-0.15018249,1.2545716
0.7917054,0.9384568,-0.26306778,-0.24672037,0.3467911,0.15156862,-0.44994533,0.104137816
-0.23869422,-0.52892923,0.7347337,1.091845,0.96421474,0.5352155,0.1724477,0.31306747
1.0207175,-0.45988637,0.47234225,0.33013228,1.3947945,0.9867085,0.4262227,-0.34142482
0.94716996,-0.106730565,-0.29432958,0.861929,-0.57749766,0.5534042,-0.14662482,0.31164706
0.7300246,-0.14555238,0.6941781,1.2749796,-0.81969076,0.312258,-0.06280123,0.35314667
0.16630569,-0.449278,0.60904735,0.19771972,0.62518924,0.4960422,1.3943061,-0.11841646
0.09674799,-0.3810473,-0.04910113,-0.14726734,0.67467517,0.389246,1.2131028,0.6759453
0.878233,1.0047685,2.5613742,0.9412965,-0.8212724,-1.4710073,-0.075005956,2.2660956
1.2173141,-0.44741726,-0.01148431,-0.459816,0.67805713,0.8153362,0.21743788,0.5990825
0.15308923,0.5028776,-0.33164054,-0.29536134,0.058458626,0.9686762,0.2685158,0.78787786
0.69689333,0.14178373,0.042399824,-0.35880676,0.32717615,0.24266368,-0.041226342,0.16710103
0.20942381,0.78165805,1.4696484,0.1846269,-0.4369815,0.23287149,-0.66637665,0.4439715
0.20891318,0.023125127,0.15356609,0.49562505,0.41418004,-0.5107284,1.4614345,0.3942994
0.08073735,-0.14141117,0.34954825,0.07121516,0.09381066,0.6477833,-0.554012,0.5373204
0.4212271,0.30291355,0.3317544,-0.21706349,-0.38369054,-0.1079317,0.055709705,0.117086455
0.42362857,-0.57849795,0.3230245,0.6526699,-0.40498483,0.29457855,0.19460696,0.4156518
-0.42740622,-0.26647103,0.49424493,0.9109563,-0.05224569,0.7356732,-0.13631187,0.55954295
-0.19023567,-0.8191906,0.8897649,0.5583653,1.3011103,0.48106754,-0.39214334,0.575508
-0.005259026,0.46672606,0.68442565,0.12345964,-0.10497707,-0.37516278,0.30402753,-0.2233524
1.0781143,-0.55868334,1.2436154,0.023381822,0.60065484,1.4647366,0.33123693,-0.00493446
0.2717177,0.69516146,-0.54550713,-0.10215778,0.6181484,-0.10615663,0.5644965,0.5314419
1.1602408,0.06894924,-0.35190755,0.823126,-0.6470674,0.19088763,0.15909588,0.21533689
1.580448,0.5038048,-0.0045826584,0.86118716,-0.329879,-0.55242395,0.059783794,0.006957799
0.18373638,-0.362657,-0.032860145,0.33710966,-0.01066266,0.49248037,0.34133697,0.26076308
0.862879,0.33667308,1.9332469,-0.0016630068,-0.0050932616,-0.580407,0.26203427,-0.08513394
0.027127035,-0.18592247,0.16639614,0.32557988,-0.37294942,0.16554461,-0.15718994,0.49093547
0.6467597,0.38680214,-0.3094849,0.80420643,1.8702097,0.6416544,0.53177565,0.8812132
-0.440447,0.5639893,0.48223317,0.121136345,-0.8230511,0.73155224,0.3630449,1.3427261
-0.09327743,0.21772748,0.7874187,1.1470146,-0.5170246,0.28308925,0.31119308,-0.026320115
0.3771839,-0.1675147,0.27693075,0.58650786,-1.0272791,0.84143674,0.38728347,0.563014
1.1802285,0.38347888,0.37562668,2.185712,0.11846353,-0.5544724,0.95530534,0.7946207
0.32149765,0.6893399,0.8087737,0.29242966,-0.40025562,-0.24023035,1.1536661,-0.05799909
0.065404035,-0.099337175,0.6613968,0.98074913,-0.30271858,-0.40910614,-0.008085394,0.35303807
0.90549654,0.2957244,-0.2047789,0.9660754,-0.8070432,0.7162135,-0.14880204,0.33582336
-0.10898965,1.3323522,0.85885817,-0.54767466,0.38818026,-0.19032651,1.1291546,1.3450272
-0.12143398,0.47879058,0.70830065,0.6604453,-1.2587136,0.9011878,0.44191378,0.7183922
0.45745423,0.71785957,0.5734357,0.4584234,0.26577067,-0.47474134,-0.7438198,0.7172987
-0.2509542,0.2740975,0.29299968,-0.33318937,0.4823448,0.76636654,-0.52245724,0.6978042
0.59217036,0.39610052,-0.48055732,1.6174642,-0.58921474,0.74119586,-0.043219745,0.18527788
0.34147927,0.4196869,-0.61877245,0.09389559,-0.006609142,0.3141601,0.29543102,0.7507758
0.0038330052,1.3078427,0.7493897,1.9639324,1.2317339,1.000344,-0.2995469,-0.054266497
1.0792037,0.49644172,-0.5893599,-0.20535484,0.89662355,0.39397633,-0.23731053,0.3688148
0.0698989,0.63824487,0.30801666,0.5547985,0.2452405,-0.025619537,-0.69897515,0.019607514
0.5156192,0.43122846,-0.3511719,-0.30404684,0.83083653,-0.069988206,0.4563872,0.39285976
0.5675934,-0.8804147,0.28412533,1.2599431,-0.20566548,0.74196637,-0.014838884,0.34420016
-0.4664336,-0.40669525,0.4096396,0.20615017,1.664351,0.4277603,0.87533134,0.5485477
-0.58451957,0.7863524,0.53380215,0.38861114,0.46900445,0.55987906,-0.70438784,0.8249887
-1.0611025,1.5249941,1.0379524,-0.33690432,-0.35885775,0.71561396,0.60316974,0.9473598
-0.06280827,0.9888798,-0.07968938,0.26689354,0.65160984,0.10455309,2.224438,0.67003405
0.7291996,-0.64060223,0.39365405,0.17278135,-0.31568122,0.23375385,1.352739,0.9505287
-0.78830343,2.4588037,0.83675176,0.54998565,1.8063812,0.042732894,0.49141318,1.328164
0.8854414,0.063148424,0.4478109,2.106576,0.7189997,-0.02759774,-0.3530977,0.11181787
0.52042615,0.42363203,-0.026420906,-0.119612865,-0.004700348,-0.5632913,0.7641757,0.7765391
0.6993592,-0.08848874,0.012649141,-0.3155862,1.1861633,0.37723815,0.65211725,0.20829415
1.0675693,0.3878237,-0.08682613,-0.6148394,0.66272396,0.42460024,0.21576463,0.52369326
0.06964989,-0.08909382,0.8970754,0.76354134,-0.01227577,0.088567644,0.37515065,-0.48016298
0.35236058,0.8725703,-0.3539819,0.94120723,-0.34311086,-0.21000597,0.5435791,0.65883774
1.034707,-0.44864023,0.72202176,0.38502955,1.9323828,0.31802332,-0.17374982,0.768938
0.6112228,-0.35943663,-0.10518457,1.370111,0.012366816,-0.052052498,0.13088097,0.26215863
-0.9112986,0.23861171,0.69527507,0.72924435,-0.09887098,0.27870774,-0.021980977,0.31538874
-0.51289994,1.249178,2.25573,0.8223246,-0.9498927,0.91593486,0.44607076,1.048965
0.20075569,1.4058754,0.9983618,-0.42029092,-0.4595284,0.5816971,-0.50840217,1.4997752
0.39992306,0.33313298,0.35947788,0.7052552,-0.056989387,-0.8487537,0.59386677,0.60900474
0.73680073,0.29596144,-0.6707112,1.2780412,-0.100234106,1.4577577,0.61085665,0.5068973
0.53811324,-0.060953036,-0.14950384,-0.11221448,0.21098961,-0.17521766,0.27478823,0.2743941
0.6113948,-0.062156036,0.11276887,0.8423913,-0.6124872,0.39639723,-0.011922101,0.21842784
0.13286118,-0.19048636,0.533236,0.51211816,0.42417973,-0.69489604,0.022997916,0.80229056
0.25999695,0.90348315,0.04711981,-0.20429254,-0.2552659,-0.36078644,0.7442885,1.0689635
0.53430814,-0.13530394,-0.44847226,0.46699014,-0.409989,0.25717887,0.038095422,0.37851375
0.43474773,0.6727569,-0.47408593,0.3827792,0.20467333,0.10731515,-0.3730202,0.27032596
2.2083523,0.8457446,1.1398336,-0.7841734,0.9128355,1.4256892,0.43801498,-0.01764442
-0.2859577,1.1711011,1.4464256,0.37803164,-0.6534659,0.026203021,-0.10589964,0.3625766
-0.26460484,0.4815302,0.42480528,0.53669477,1.8691629,0.6668468,0.7798033,0.10759449
0.8025122,0.31394297,-0.023345515,0.6962809,-0.6239598,-0.7732681,0.4978201,0.5603441
0.5319443,-0.93612784,-0.0055487007,0.583247,-0.5085681,1.175568,0.86385626,1.0036567
0.91313356,0.609975,0.25757784,0.09839357,-0.76039743,-0.016462475,0.25327525,0.6103152
0.04215917,-0.046995237,0.14771447,0.84416604,0.74140126,0.9297035,-0.5063618,0.37753892
0.59662944,1.1600384,1.1335689,0.35765064,-0.18304585,1.0628548,0.45247284,0.11084609
-0.115798555,0.7107262,-0.30088973,-0.38820398,0.67247903,1.1454512,-0.5226423,1.3594632
1.4570749,-0.20737995,-0.5417837,1.4241177,-0.9249943,0.71809715,1.2390088,0.25291553
0.95418733,0.5169131,0.6585739,-0.09890514,1.456695,1.5835083,0.5668462,-0.21260175
0.38919228,0.4688148,0.16678274,-0.27480364,0.13323309,-0.74128413,0.4528422,0.5029166
0.14546522,-0.04990919,0.31659824,1.0449755,0.12039703,-0.6162183,0.02667229,0.30130148
0.2812459,-0.16737314,0.13548729,-0.2795971,0.58307254,0.4362949,0.14813364,0.40503386
0.73145705,0.28466302,-0.5936586,1.192482,-0.15725829,0.91583014,0.35987258,-0.0115041435
0.017737709,0.36386305,-0.06582694,-0.13329268,0.3719061,0.04134019,-0.38025972,0.38293087
-0.5883424,-0.046959355,0.9176531,0.15113756,0.4954586,-0.12139191,-0.081222914,1.0871649
0.96611995,0.21607368,0.7046819,0.4061217,0.8373372,-0.102950096,-0.28156933,0.28371146
-0.5306217,0.032148764,1.1228969,1.4283788,-0.81264144,0.8645426,0.65418386,0.9319372
0.21693072,0.53766036,0.3467889,-0.4158813,0.41063154,-0.01268062,-0.26558268,0.1841886
0.5173034,0.119254455,-0.39281178,0.077811435,0.706143,-0.25225133,0.988795,0.82068455
0.707363,-0.10990442,0.2425758,1.7007515,-0.2992605,0.2084983,-0.28804368,-0.007000953
0.44683594,-0.13590817,-0.24786939,0.3959532,0.21242505,-0.03707491,-0.27238223,0.47847188
-0.03426128,-0.12275461,0.24189937,0.34330264,0.02998063,0.21619758,0.324858,-0.16375864
-0.32952502,0.0346203,0.28377885,0.038099714,0.065526694,0.81735456,1.2776045,0.9877757
-0.34303793,0.32906425,0.1878883,1.1124568,-0.31263095,0.45672494,0.20627992,0.085384786
0.19026208,-0.7547331,1.3179191,1.1854057,0.8299087,-0.29465398,-0.1261161,0.8348526
0.28923127,-0.15194625,0.4233443,0.84110636,-0.43685752,0.1770436,-0.33173543,0.17608982
-0.31834662,-0.35662395,0.17333423,0.31074893,0.367414,0.50861275,-0.3121899,0.72091424
0.61097836,0.39109838,0.7003859,0.29554537,-0.88600034,0.036882542,0.8373174,-0.2315633
0.0048049353,-0.21403682,0.7054245,0.14811674,-0.13467,0.12786931,0.43430272,-0.07200429
-0.20027426,0.8112418,0.028846487,-0.02237951,-0.18307076,0.6604911,-0.24652728,0.5311583
-0.54712486,0.26255274,0.8523775,1.4317899,1.058682,1.0827293,0.87214726,-0.25558674
0.33081615,0.3684731,0.048427247,1.5485818,0.73874927,-0.32218015,0.9995647,-0.014456198
0.49735746,0.29062897,-0.3356154,0.2958418,0.19788371,-0.22796631,0.18528152,0.1360612
0.9872667,0.6759036,0.009521246,0.24734145,-0.303935,-0.33210713,0.9076056,-0.17998019
0.4717832,-0.12897769,0.115683466,-0.008500047,-0.24800695,0.48842293,0.28550565,0.02823466
1.1485578,0.8989667,1.7622488,0.352675,-0.075331315,1.1262329,-0.25819615,0.3806507
0.85034853,-0.33748704,0.093313105,0.99402595,0.39934534,0.2667843,0.16477035,0.115914136
0.060065813,0.13610844,0.51315427,1.0270417,-0.26601833,-0.39697456,-0.3811498,0.4422435
0.1334526,0.2927053,0.62720996,0.7744213,1.1760154,-0.61767155,-0.11825716,1.0063488
0.66256744,1.2881023,1.1265235,0.5871932,-0.07015143,-0.64153403,0.10658839,0.44654486
0.5761199,-0.3958308,-0.16180499,0.99538106,0.26854408,0.7303946,-0.31956437,0.53399074
0.825511,-0.05358769,0.4955566,0.37267074,1.1327654,-0.032745928,-0.05382762,1.1261327
0.29728,-0.028606549,0.34960216,0.49643236,-0.81797695,0.1823899,-0.16194053,0.73787117
0.9930889,-0.35547012,0.40440732,0.48992303,0.23429061,-0.17013869,0.21713948,0.30561888
0.12091859,0.32505757,-0.46533942,1.2581713,0.17690444,0.45043844,0.3893228,0.08265318
-0.27323988,0.047072873,0.5585339,1.5053955,0.29787618,0.7475934,0.29633436,-0.20583203
1.253533,-0.1943881,0.63464534,0.7027016,0.07851149,-0.4072023,-0.3987204,0.74526334
-0.30984774,0.17623733,1.1279911,1.0620617,0.49156308,0.06199287,1.1232225,-0.30816966
-0.47354236,0.114935264,0.579734,1.0046759,0.69301087,-0.22183302,-0.30932674,0.6360196
-0.17527068,0.156159,-0.14729683,-0.19306222,0.67640305,0.70900273,-0.21257924,1.030285
-0.33371153,-0.121837154,0.9415091,0.3902634,0.14975823,0.8912703,-0.27770212,0.46564358
1.1954216,1.6409726,0.27678984,2.1725888,0.13476945,-0.007494539,-0.24226849,0.03561151
-0.079564504,-0.17232081,0.31285357,1.2423701,-0.15655713,0.6661544,0.7957713,0.021567926
0.75547224,-0.49090135,1.1668531,0.44969612,0.27384382,-0.65024495,0.55077964,0.62331766
-0.24307147,-0.5930325,0.9131541,0.68805003,0.65616304,0.51338387,-0.10488186,0.14589034
-0.8143249,-0.2119232,0.85759664,0.9839354,0.18589365,0.4441642,0.20012052,0.3219422
0.100240156,-0.26261985,2.8097086,0.7436364,-0.24220555,0.48468432,0.37689224,0.5165915
1.2542771,-0.16712163,0.7217686,1.7077992,-0.6384647,0.45989782,-0.21161492,-0.17265823
-0.026206192,0.61739033,0.33987877,0.024233487,-0.11485167,-0.20300281,-0.29542723,0.24395902
0.22128072,0.1713313,-0.36244214,1.4242318,0.89109427,0.83519256,0.3194742,0.27081716
0.73802394,0.042096958,-0.26281887,-0.28266993,-0.36779445,0.19932598,0.4765507,0.6906244
0.5396541,-0.55813587,0.46809715,0.61461467,-0.06541686,1.1314032,0.64928055,0.59183204
-0.016985849,-0.21842004,0.4614182,0.71184653,-1.0573173,0.6411717,0.30667782,0.90807384
0.66712767,-0.06574939,0.18814617,0.6880712,-0.13171278,0.5564887,0.33406037,0.089191034
0.25627616,0.8165935,0.14656693,1.7622967,1.6731513,0.89730614,2.054321,1.1755713
0.044624504,0.27416784,1.0909046,1.2647651,0.12573428,-0.30364454,1.5329864,-0.070518285
-0.21906897,-0.3263449,0.37674844,1.1040524,-0.27700925,0.9166998,0.30774987,0.30059302
0.044534713,-0.4192891,0.91742885,1.5614648,0.6554465,-0.8878392,0.49167335,0.73757464
0.750654,0.9330122,1.5855201,-0.41188157,0.84634584,-0.33247524,0.1804301,0.54705334
0.42967206,-0.023149654,-0.101205334,1.4315526,-0.35373116,0.51592267,0.03883955,0.3916587
0.684527,-0.40730035,-0.04502049,-0.12685487,0.20668356,0.2886835,0.15322964,0.34547982
0.12970719,-0.14559431,0.8724787,0.8008484,-1.2009997,0.5358894,0.8783249,1.2779051
0.89874905,-0.16324548,-0.20415474,-0.20498371,0.10744767,0.33435947,-0.33042446,0.4690596
0.60291916,-0.025741667,0.07595685,0.25009978,-0.21146528,0.061742067,-0.3947937,0.023601264
-0.38483652,0.42958057,0.035507463,-0.22697091,0.61365277,0.5069654,0.4463493,0.5244893
0.82162994,0.16163261,1.0209013,0.26946297,-0.54668,0.05492544,-0.16968738,0.17260304
0.44824672,1.5275801,-0.5306876,1.129708,0.5160531,-0.9081888,0.5995368,0.44429332
0.6663182,-0.82500464,1.3725203,1.2415737,-0.40701807,0.544981,0.5353057,0.22693267
0.04550206,0.3457889,0.6762102,0.13102426,0.7264321,-0.70568,0.20749784,0.3684432
0.0537835,-0.028320298,-0.0868969,0.31637278,0.023382947,0.16112402,0.69149005,0.21955848
-0.19204706,0.081140615,0.22569129,0.08393566,0.10009711,0.029225752,-0.11018782,0.28323412
0.43220657,0.48143554,-0.10679741,-0.12759447,0.6502384,0.23127037,-0.08351659,0.8089622
-0.05183702,1.1799654,-0.4081117,0.35330132,-0.4398359,0.8411941,0.21565925,0.7680207
0.08019586,-0.23957397,0.003523633,0.5888941,-0.30253524,0.6883813,0.203764,0.39912283
0.43990198,-0.66152835,1.2176317,0.16941732,0.74667436,0.99021995,1.2306098,0.23213422
0.017628206,0.015653819,0.61827207,0.15213537,-0.14761172,-0.39260417,-0.12149007,0.10950084
-0.08871572,0.021101654,-0.044733897,0.76243204,-0.06518893,-0.0035463572,0.5814762,0.20790358
0.039214708,-0.26583576,0.20158687,0.06159936,-0.08431907,0.20654635,-0.33622405,0.29826695
-0.45904672,0.14255919,0.5935827,1.0620936,-0.24178146,0.9207437,0.12946312,-0.034924343
0.6843623,-0.33323807,-0.057019755,0.17066593,0.51969266,-0.11493239,0.42036077,0.1478296
0.4500689,-0.317756,0.28201103,-0.17064452,0.6546522,-0.11713314,0.07558201,0.16114303
-0.21920943,-0.64264,0.6602416,0.5325768,0.23390423,0.8405025,-0.38443056,0.6435927
0.30461133,1.1244961,-0.5482544,0.48703656,0.20933916,0.07234518,0.7214217,0.75630057
-0.020854011,-0.14781867,0.250113,0.07050615,0.26911467,0.8685592,-0.058964558,0.44665506
-0.46206328,0.5122704,0.41378278,0.5145911,0.2863927,0.21490234,1.4434338,0.8113837
0.02890179,0.59808284,0.06272274,-0.44716123,-0.33527595,0.64447427,-0.07611338,0.46030593
0.8481651,0.4872573,-0.2378891,0.6574497,1.4147096,-0.21872813,-0.30356017,0.7400848
-0.057827093,1.0462061,0.32146156,0.10144401,0.9054492,-0.39007297,1.093222,0.35100016
0.99688613,0.12244533,0.8549217,0.735949,-0.46121228,1.1795986,0.30093274,0.080052465
-0.11983601,0.488028,0.25818568,1.6876004,-0.74208885,0.10018423,0.7066306,0.15287742
0.8108111,-0.35379428,-0.40243334,-0.32906708,0.78856283,0.17090264,0.6968635,0.45338085
-0.61887896,0.41814035,0.07557063,0.548247,0.059958436,0.6982361,0.24337931,0.34696084
0.9099477,1.0782053,1.0109628,0.5071553,0.117755786,0.8424011,-0.95055676,0.10232516
0.7915954,-0.65975815,0.040962502,0.058539107,0.4365521,0.18497536,0.39364567,0.103480175
1.2911707,0.2521304,0.13383149,0.5105374,-0.11557357,0.30204138,2.3944273,1.2282025
1.0715214,2.0622666,0.58276856,1.4291,0.23937424,-1.0682652,1.7341303,1.0422981
1.0672134,-0.8134843,0.7488003,0.5496728,0.3500355,0.32105094,1.0482202,0.25027186
1.4602954,1.3752518,0.79033583,1.1657314,-0.2264332,0.6140208,-0.8540003,0.87785256
-0.13881868,0.013919309,0.5603861,1.5173905,-0.074196234,0.20467374,-0.46212742,0.23873387
0.7051074,1.2654969,0.45082295,-0.80596,0.094583586,0.7347112,1.3646494,0.7496573
-0.5126556,0.5281966,0.349994,-0.0047729164,-0.28028804,0.49925867,0.027706562,0.57079464
-0.20082545,0.07859181,-0.2146516,0.14777467,0.3941962,0.5013194,-0.09429053,1.0571921
0.98629254,0.5600356,0.42039227,0.22164342,-1.3166393,1.0342627,0.5883244,0.8140241
0.20455861,0.37059927,0.4384554,-0.26709822,0.93321645,-0.35477364,-0.106107235,0.38184828
0.7755465,1.7381663,1.5014163,0.49450323,1.0719995,-1.0175345,1.0121506,-0.11211175
0.61744255,-0.16126545,1.0504427,0.28763518,0.744039,0.6077544,-0.17689425,-0.028119534
0.3636772,-0.32531852,0.21693742,0.94325835,1.3706272,1.4040093,0.18099838,0.120497614
0.36347154,1.5603721,0.7250387,1.7961332,0.97183055,1.2706496,-0.34085968,-0.030714378
-0.09106727,-0.09816225,-0.021030918,0.8718168,-0.6009181,0.82754356,0.9594783,0.3766755
0.09764484,0.0012466311,0.0013715327,0.22777271,-0.5662728,0.41586575,0.39625743,0.28799564
0.44813624,0.43930674,-0.23622702,-0.057766415,0.13779499,-0.20356712,0.13389768,0.34715384
-0.41150066,-0.19247298,1.0708961,0.47553438,0.37794006,-0.31621668,0.33648273,1.1538297
0.5956601,0.11310355,0.027278975,0.17824143,-0.5680315,0.23539874,1.1272961,0.28538424
1.3834615,0.20215206,0.01149103,2.667092,-0.06435542,0.4572475,1.4387485,0.40171042
1.5221419,0.4607916,0.99174976,1.6817281,-0.1974052,-0.79614705,0.60647964,0.5061004
0.9633816,-0.026470974,0.48675942,0.006816685,0.79131234,-0.7112252,0.36510888,1.2730807
0.28133297,0.75497043,0.711485,1.3810949,1.7220572,-1.386306,2.0226188,0.9147117
0.22716588,-0.061039492,-0.11056362,-0.12555292,0.22988564,0.18112165,0.2174595,0.37865818
-0.018524498,-0.49913114,0.36297572,0.9774228,0.4539441,0.56942976,0.5417737,-0.30316606
0.2365647,0.6074416,0.07213953,-0.44787803,0.46739483,0.26442763,-0.13806385,0.13479665
0.105936006,0.14231323,1.8174907,0.93913823,1.1569633,-0.3568566,0.6940563,-0.1416614
-0.1208102,0.28137058,0.5974437,1.2578106,-0.8379099,0.76418483,0.2882472,0.28595877
-0.22405168,0.58988094,1.3353795,0.36188513,1.2359036,0.19889024,-0.2854133,-0.055443734
0.058322154,0.0167889,-0.1424252,0.44383433,-0.14662935,0.18497369,0.40798756,0.30496436
0.08692354,0.615368,0.57652795,0.30979994,-0.74455106,0.17765278,0.6455675,0.251488
-0.8560026,1.3222331,0.47326756,-0.03635908,-0.41860825,0.2923683,0.3728374,0.56760633
-0.60117143,0.10918228,0.8453157,1.4553167,0.58072186,-0.059344262,-0.10901337,0.019623816
1.6476377,-0.07632579,0.112195626,-0.5709107,0.4381894,0.38690037,0.006072248,1.2728196
0.9521068,-0.11668195,0.986953,0.86872286,1.9413952,0.5338454,-0.5814067,1.5767021
-0.16426703,0.392195,0.42785108,-0.3852596,1.0084665,0.90025806,0.16179411,1.9808534
-0.22393036,1.0046512,1.1469078,0.15057167,0.5761528,-0.3534549,-0.15789418,1.009115
0.63517296,-0.38056785,-0.2610383,0.012587875,0.81538504,0.48656803,0.33543584,0.28448498
-0.056144476,-0.19552372,0.35715044,-0.03640192,0.45874858,-0.14576116,-0.051285625,0.379914
0.18207952,0.13612892,-0.015411302,0.38918465,0.5814347,0.8211428,-0.18587252,0.34378308
0.05540088,0.7854253,0.45801753,1.708992,0.028496072,-0.49768406,-0.71818215,0.6772235
0.38823763,-0.3082853,1.3758514,0.17508942,1.0305372,1.6225893,-0.22979148,-0.057546914
0.028585063,-0.18757664,0.7548494,0.23059055,-0.11671616,-0.52932954,-0.098206036,0.3687998
0.19139197,-0.26311266,0.6227577,1.3212895,-0.9196678,0.19621947,0.095425405,0.5857849
0.5086362,-0.011669204,0.3143739,0.8665282,-0.63540196,0.0050634816,0.004741235,0.20854104
0.08677293,0.29545903,0.88449204,-0.18131313,0.66303456,0.3854805,0.29309615,0.5547335
0.54967225,-0.5696714,1.181286,0.98747015,1.4043624,-0.6952665,0.035627417,1.734103
0.5154547,-0.48548996,0.16860428,1.1958673,0.8122055,0.3252652,-0.19824295,0.7472776
0.41181377,0.18247332,0.03796035,0.76410156,-0.085866064,-0.49368292,0.029092522,0.5362577
0.56864685,-0.48610914,0.03910444,-0.08041427,0.56881857,0.22813052,-0.006478892,0.24963543
0.20740584,0.07457186,-0.10946895,-0.10311998,-0.05300373,0.38296127,0.9986735,0.39961708
0.8366105,1.5076487,0.3059517,0.57490265,-0.41240782,1.1760118,0.6248671,-0.30139074
-0.0014983714,-0.51523644,0.84707385,0.07465919,1.0067623,0.22120038,0.022556663,0.2247643
1.3085668,1.4506152,0.64420265,0.5131693,-1.5505984,0.14326826,-0.108071506,1.4670517
0.21920851,0.11157639,-0.1611378,0.82697254,0.048036426,0.046902016,-0.36632183,0.28682375
0.21428606,0.80373025,-0.11948152,-0.05788184,0.99325,-0.757459,1.4066771,0.45187074
0.574835,-0.2925523,1.8190306,0.8230267,0.30764216,-0.23735133,0.5880193,1.3289804
0.30924287,0.3944769,-0.32648885,0.62080324,-0.033774212,0.23093398,-0.32619017,0.14703082
0.4286557,0.015831694,0.5054468,0.8720322,-0.44081813,-0.17685741,-0.10465525,1.013264
1.2309324,-0.12986363,0.3487398,0.024510257,0.67137927,-0.90314233,1.7017494,1.4974613
0.8947273,-0.55001974,1.4160234,1.1755455,0.068262115,-0.7492774,0.37638572,-0.054528892
-0.3639218,-0.058433622,0.20654315,0.61188686,0.5413234,0.31217006,0.36455044,0.19754535
-0.025855087,0.48978108,-0.09456742,0.7855374,1.5468682,0.55730516,1.0283598,1.5685823
0.50271106,-0.6661254,0.1687746,0.43870232,0.47834653,0.025114298,0.76826984,0.18593486
1.6024824,0.57659566,-0.463364,-0.2130439,0.24649157,0.010189742,0.060863324,0.4045802
0.29127246,0.5878696,0.2611943,-0.32311705,-0.027586505,0.337673,0.1341386,-0.10288307
0.59087163,1.4851568,1.39439,0.8747937,0.47093248,0.42694822,0.00886477,0.16011104
0.14740652,0.2223305,0.29125082,0.6266348,-0.95126575,0.05606371,0.69510317,1.0092309
0.7066901,-0.038459018,0.19008526,0.6638599,-0.24562202,0.53969496,0.37874174,-0.3012714
-0.25260141,0.13912918,0.046592116,0.67966074,-0.48468775,0.4499006,0.5283452,0.39319745
0.56009454,-0.5286951,0.50144637,-0.024877079,0.4171872,0.7603599,0.3626577,-0.074085355
-0.094688304,0.19573109,0.3360983,2.0697467,0.15651526,0.50133944,-0.21558565,0.21105409
0.43212536,-0.61932254,1.0499033,1.3244944,0.2701248,0.17291391,-0.4890124,0.58184105
-0.37703225,0.17252932,-0.108145654,0.32040757,0.82040006,0.41396856,0.03718558,0.7932267
-0.20641622,0.5462947,-0.21639486,0.06416683,0.8022689,0.65520567,-0.3969029,0.97195876
0.7843569,0.4682461,0.28378457,1.9088426,0.03598644,-0.40567952,1.5180227,-0.35708976
-0.05237136,0.3593471,0.988132,-0.3424694,0.4788398,-0.2955976,0.57244676,1.1063037
0.394039,0.020071283,0.26082283,0.025450304,-0.37332255,0.23471488,0.49926397,0.29630697
0.95363075,-0.35005903,1.2074937,3.0,1.3243417,0.40655914,0.95465785,1.2682762
0.837869,-0.1654668,-0.4339975,0.1895837,-0.22525679,0.38921666,1.6940199,0.6530961
-0.18749106,0.8039467,0.6035054,1.2231917,-0.20684795,0.6039623,-0.13952322,-0.1310474
-0.09259815,0.035257705,0.08927921,0.44728997,-0.059334204,0.17471322,0.17122,0.015282415
0.33836555,-0.7087876,0.42104685,0.41320994,-0.1638218,-0.103811145,-0.41268888,0.72402847
0.6965701,1.4629772,-0.38524473,-0.077115394,0.63620883,0.67508143,0.5497545,0.17166305
0.90838754,-0.7839082,0.717043,0.32517114,-0.31665874,0.3325593,0.9454911,0.37212938
-0.452339,0.51050955,0.8186098,0.37702826,0.3087933,-0.742988,0.595865,0.7205286
0.99768025,1.2109758,2.246479,0.71487224,0.65902466,-0.9985794,1.1492234,1.1135759
1.0611787,0.17158262,0.8348173,-0.25473136,-0.41497415,0.78887284,0.45077592,0.43918288
0.04636223,0.39338106,0.22968465,-0.11097024,0.95572525,0.84717,0.8516687,-0.030663192
-0.058574222,1.3729182,-0.048575148,0.28435713,0.6455963,-1.1307147,1.5427688,0.89167273
-0.26401207,0.94489497,1.3379912,-0.2037929,0.01931344,-0.6630443,0.5804374,0.6356281
0.53569067,-0.14686532,0.2690128,0.23640972,-0.21537562,-0.49505293,0.3244626,0.56304103
1.1035535,0.6801916,-0.2218544,0.61588067,-0.01247777,0.1526806,-0.50929624,-0.10377881
0.16282195,0.3191476,0.9152273,2.2308812,-0.52652407,-0.057557493,0.6461291,0.13369757
-0.2672592,1.4420598,0.29362684,-0.22210035,0.9836246,0.1332949,0.5517,0.2581291
0.33351353,0.3047105,-0.36700362,0.6043334,0.028694555,0.06935601,0.33777282,0.3039636
0.24378416,-0.21002425,0.27362883,-0.36787134,0.088322,0.62107015,0.7875443,0.8317081
-0.11049103,-0.33137232,0.114154235,-0.25794208,0.69856805,0.35203397,-0.41464165,0.78331125
0.4046134,0.66701674,-0.370463,0.6549176,0.5250495,0.48638213,-0.80689687,0.69353116
0.057174757,-0.38117236,0.66531205,1.0448812,0.5795227,0.11092611,0.28967336,1.1115558
0.040917628,0.34848732,0.8174515,-0.72779244,0.46623528,-0.13253415,0.76181597,1.1825011
-0.07969708,0.7192989,-0.4543978,0.7178537,-0.27613443,0.4368859,1.6896102,0.5274694
-0.020898513,-0.18163659,0.8386538,0.50756097,0.31245562,1.1834333,0.64623624,0.78029555
0.17347324,-0.3942892,0.1100913,0.11124772,0.33170798,-0.019838236,-0.01349845,0.4656523
1.6321174,1.6223716,0.51663595,0.32940644,-0.7610051,0.27265748,0.47820953,0.9935949
0.3777869,0.3330778,-0.46944064,0.5743026,-0.1692288,0.082278825,-0.046646018,0.2846662
1.1157603,0.8857912,-0.286197,1.6934116,-0.11110239,1.3663776,0.4592528,0.16003002
1.0679194,-0.40926552,0.33334118,0.8919253,-0.29896784,0.74776775,0.09632582,-0.02752857
-0.47259566,0.42192358,0.009878881,0.51764345,0.35814214,0.32138115,0.51867145,0.0868568
-0.7022098,0.7052862,1.077897,1.6476899,0.74228114,-1.00276,0.3831369,1.2630787
-0.17515972,0.67020285,0.62340313,-0.23350778,0.13712998,-0.11049399,1.2729725,0.55736965
0.19367775,0.35445863,-0.31218046,0.2746919,1.051779,0.73103535,-0.19221322,0.86919963
1.3106586,0.6278348,0.45891112,0.5287394,-0.63738877,-0.4912266,0.49800995,0.29052573
-0.38823512,-0.26983917,0.82345736,0.8577964,0.4676202,0.1926825,0.19585556,0.32167345
1.6970936,0.54587,0.8102034,-0.45531854,-0.33483315,0.091076195,0.15945272,1.0633283
0.0051708817,0.1238621,0.9575791,0.079103895,-0.3062994,0.28580713,-0.06443946,0.5990249
0.01780352,0.17864491,0.13459888,0.025090076,0.16181438,-0.26875478,0.003299425,0.34213412
0.12526372,-0.7197462,0.57270014,0.9846644,-0.5120569,0.5565733,-0.1015229,0.7085761
-0.44929194,0.85403705,-0.15448625,0.31687596,0.31236672,0.5293794,-0.28618962,0.85851145
1.4247876,1.3537283,0.639668,-0.23474118,-0.5047868,-0.075766355,0.60137254,1.7946281
0.4423295,0.47587574,-0.15852748,0.13566692,1.2111804,-0.3642168,0.22249757,1.032907
-0.06307959,0.58463687,0.79790676,-0.045057945,-0.62042254,0.72222924,-0.13508707,0.6260361
0.27939725,-0.009307891,-0.02302225,0.70854163,-0.091183975,-0.14967331,0.09645518,0.05372347
-0.29383406,0.9610418,0.2280957,-0.5675577,-0.111176476,0.5682556,-0.29347607,1.1436269
-0.49899086,2.0431638,0.36189342,0.43396986,-1.0905734,1.1346823,0.25052425,0.6406966
0.3096687,0.5908524,0.49781287,-0.12992471,1.0574448,-0.86505747,1.81842,0.27301753
0.50257456,0.53536713,1.8490256,2.2488625,-0.13625054,-1.375086,0.21724844,1.4485501
1.1236664,0.51404727,0.3174173,1.6611557,1.1062912,1.0924711,-1.2779402,1.1314776
-0.48812398,-0.12681617,0.09680714,0.75052375,-0.13576983,0.5305202,0.021090543,0.80855596
0.97184783,1.4458767,0.8714241,-0.25041023,-0.7745523,0.7613918,-0.25678474,0.47603467
0.82612693,-0.09208773,0.61371994,-0.28346774,0.27165037,0.58445317,0.5994823,0.06555176
0.75003564,-0.54352605,1.0243788,1.2967687,-0.60176915,0.6818947,0.30902788,0.32206154
-0.12881854,0.23352985,0.256494,0.3587056,-0.18386327,0.16366547,0.15513712,-0.0016867518
-0.3153095,0.68802094,0.2832654,-0.15760559,-0.5336007,0.2590113,0.5698863,0.6254449
0.9001942,-0.38078547,-0.17972766,-0.15339401,0.75671434,0.46264905,0.31561434,0.31610954
0.41593862,0.4283684,0.52414614,1.208996,-0.63379943,0.7885245,-0.28693727,0.49052587
-0.24380848,-0.21738203,0.26492977,0.21185368,0.106317654,0.25642294,-0.14007033,0.41618118
0.1893149,0.67052704,0.53823787,-0.2542677,0.67788994,0.9335258,-0.298972,1.8245628
0.5377329,-0.12842222,-0.37604088,0.097072594,0.36476374,0.700238,0.116505586,0.44043788
1.3892521,0.28519714,-0.23634093,0.6080863,0.18337263,0.63483334,-0.26548597,0.7597669
0.014047302,0.20290558,0.25937802,0.8276332,0.512863,1.471043,0.2208576,0.12254901
-0.12561631,0.4798063,0.70758075,0.06450985,0.9949725,-0.36215538,0.09687222,0.14292045
0.13612136,0.3643031,0.2198192,-0.18675792,0.25554317,0.82398486,0.60957736,0.1498672
0.13823095,-0.52814084,1.4149768,0.7345302,-0.20544244,-0.31841913,-0.16616888,0.5560607
0.15242669,-0.6772355,0.22280927,0.3284752,0.11553553,0.37405217,0.18519714,0.1656552
-0.03477978,0.59069216,0.87094235,0.15582407,0.089956656,-0.36501107,-0.8265738,0.3314549
0.7131963,0.3705762,0.5093068,1.076809,-0.8085215,0.3209367,0.56011146,-0.33503735
-0.4347202,-0.04071118,1.0493422,1.2942226,0.7138974,-0.39096355,-0.26203007,0.70872235
-0.4112512,0.44459522,0.12346371,0.6023919,0.2419399,0.24597739,-0.56798005,0.6158981
1.2988312,-0.16315122,0.577809,-0.31608492,-0.5547164,0.41623253,1.5043197,1.2615521
-0.2950482,-0.1862513,0.29600203,1.1817577,0.0883116,0.6730417,-0.18984751,0.5618418
-0.008896172,0.45893997,0.5001167,-0.018722065,0.5262622,1.7431972,0.18046583,1.2539697
0.055671394,0.9056949,0.47910672,-0.104466416,-0.13404955,0.71969235,0.4784204,-0.28787944
0.054618113,0.40579247,1.122741,-0.50038475,0.7579499,-0.67841697,0.079485275,0.462587
0.8828031,0.2668059,0.64936036,0.027950406,0.39950967,-0.68289316,0.82037896,1.1397997
1.0412304,0.2980336,0.7539318,1.8898561,-0.32568967,-0.38510865,-0.655747,0.6286906
0.080340296,-0.07777019,0.1401762,0.099583864,-0.21096863,0.009655468,-0.07246717,0.74623954
0.3815329,0.051763847,0.048211187,0.661098,-1.0432491,0.8237988,1.18691,0.5722253
-0.5820493,0.8258314,0.53083104,0.70127314,0.2623917,0.7594158,-0.70240897,0.9934176
-0.071079075,0.24017288,-0.021229967,0.61554015,-0.083431706,0.10797566,0.7499686,0.19058508
0.23195013,-0.64392734,1.0434024,0.8410999,0.5821556,-0.042111248,1.0013183,0.34623632
-0.49085727,1.389363,0.22844331,0.73103267,-0.5510276,0.65873945,1.0129986,1.4336418
-0.46209392,0.64142567,0.8493364,-0.3537492,0.622458,-0.13070072,0.3416889,0.1473845
0.33836854,0.11229281,-0.43853444,-0.09973138,0.09532453,0.23641044,-0.06525822,0.5644006
0.7289266,0.334531,0.21107095,-0.5597504,0.15233587,1.0099561,0.016364934,0.5228896
0.9358862,-0.8038312,-0.011716947,1.0829546,-0.4440561,0.9554558,0.79173875,0.4090978
-0.1946654,1.1200681,0.11678009,1.6556528,-0.25615,0.5365709,-0.49517182,-0.031103253
-0.0037950724,0.17213924,0.043682016,0.19385651,-0.52500594,0.14120653,0.0741534,0.6047523
0.31471166,-0.6651637,0.48086083,0.32164156,0.32894558,-0.021282613,0.34785238,0.11546205
0.6281661,0.90898144,-0.23524733,1.5605417,1.3412052,1.0010307,-0.10128667,0.20859669
0.07193522,0.5185462,0.82476634,1.5859294,-0.5212297,-0.07538244,0.14291696,-0.05575365
-0.03643754,0.0833938,-0.11224322,-0.14877191,0.5624148,0.54041004,-0.16351198,0.5060302
0.35550216,-0.2607113,-0.024003074,0.7982008,-0.5313068,0.3826321,-0.018865028,0.3666001
-0.23368484,1.1398085,0.9657512,0.024987668,0.31377226,-0.6827189,-0.5725085,0.38030124
0.09059281,0.43243486,-0.04345484,-0.2570647,-0.12209432,-0.25771725,0.7005216,1.1376166
-0.05885987,-0.14575684,0.3686121,0.3467779,0.4918384,-0.050294563,0.6089099,-0.13226599
-0.0780837,0.2686947,0.83131456,0.49761757,-0.038274154,-0.8682307,0.19801584,0.17460187
0.44572544,0.22918217,-0.25732785,-0.30852786,0.8717244,0.34324342,-0.20600083,0.62675506
0.21439919,0.19372107,-0.33326775,0.013057634,-0.030478016,0.46113002,0.4191394,0.52011305
-0.271901,1.3049687,1.2373239,-0.7345461,0.5209933,0.83118653,-0.2503437,0.69984037
0.22823465,0.320862,0.37743187,0.8341318,-0.4207952,-0.22654566,-0.23689543,0.9184006
-0.1449655,0.7077484,-0.36055225,0.25803205,0.0961551,0.49114284,0.2716451,0.59217525
-0.26900157,0.94448984,1.4192128,-0.14626741,-0.39368743,-0.015779085,-0.018526508,0.92920697
0.2839142,-0.118496016,0.53362536,0.7897852,-0.22666912,-0.63795435,-0.2852285,0.34160447
0.3684749,0.92280847,0.26505262,-0.56008023,0.40703893,-0.23929879,0.43024012,-0.06927061
-0.6643926,1.2150222,0.50237095,-0.050059088,0.4710071,0.48157838,0.66395444,1.2022692
0.61035997,0.43681794,0.49082178,-0.3620039,2.168233,-0.036451757,1.1063555,-0.1042258
0.6458061,-0.21098961,0.0024668276,0.7380226,-0.43792087,0.5551307,0.19782154,-0.086685434
0.13234656,-0.03339596,0.347807,0.6947199,-0.8540793,0.52321947,0.121757336,0.46369767
-0.18346867,0.12303935,0.2875442,1.4904786,-0.44363016,0.48515737,0.2580106,1.7777127
0.039858464,0.9064741,0.06316391,-0.02104821,-0.11740816,0.3020715,-0.19324224,-0.039471388
-0.52464205,-0.6332424,1.2581545,1.0051527,0.20187485,-0.22916216,0.75073814,0.94591063
0.8554043,-0.7179227,0.2986119,-0.061696984,0.3018759,0.30439803,0.41141662,0.34880587
1.5786709,0.28367454,0.4290204,1.3030183,0.4956472,-0.26497316,1.0335155,0.5327987
1.4085945,-0.49222344,1.3510928,0.13679874,1.4518533,0.101733714,0.03980189,0.31438905
0.22050208,-1.0485374,0.27017605,0.5671068,1.3705251,0.8466525,1.2424997,0.5398053
-0.19257689,1.08308,-0.05727355,1.0942364,0.109840825,0.46865222,-0.25310686,-0.081663966
0.51309097,0.3261258,-0.47578454,0.060657922,-0.33238268,0.3876542,0.11483217,0.29861388
-0.39349955,0.4277385,-0.08234152,0.5027821,-0.29964024,1.0074179,0.5519081,0.6106468
-0.6910539,-0.21413903,0.5726795,1.3053387,0.65598154,0.038920186,-0.16291267,0.92674017
0.78368217,0.8297458,0.4965183,1.626399,0.54573846,-0.8111223,0.13339128,0.74028474
0.115386784,0.3039586,0.15751433,0.0015999898,0.9314709,0.3510047,-0.5784016,0.40089527
0.33994213,1.099543,0.25348806,-0.44289353,0.46547174,-0.45127976,0.039420895,0.3239996
-0.7559701,0.6154628,0.8780832,0.009715624,0.054758355,-0.09799841,0.32500163,0.80313104
0.82149,1.64119,1.3488253,0.074843705,0.87316006,-1.1536653,-0.5609434,0.93301016
-0.19311294,0.46489918,0.09174436,0.61930734,-0.03857878,-0.11058684,-0.34289357,0.13857606
1.634648,1.5808107,1.2828588,-0.70696425,0.48526168,0.62871337,0.015326267,0.41162318
-0.071302064,1.5304866,1.644961,-0.5905389,-0.7692572,1.0328312,-0.39015952,1.1918006
-0.03024073,0.18435755,-0.1245095,-0.26195157,-0.19905649,0.33990535,0.17532842,0.6746502
0.6814373,1.1012126,-0.0053067952,-0.44049898,0.16124327,-0.57869595,1.1691729,1.5125915
-0.21486038,-0.15266211,0.40203214,0.4068404,-0.63852924,0.48881885,0.04855348,0.9226691
0.14785436,0.42191297,-0.47877097,0.47170755,0.15772398,0.12809688,-0.097946554,0.6077727
0.3145401,-0.096429095,0.248376,0.09929752,-0.54779553,0.91207325,0.300275,0.71619
-0.11525624,-0.53377485,0.66440713,0.24293974,1.0590397,0.10418038,0.08147411,0.6757725
1.2269047,0.3429464,-0.027056918,0.6125339,0.48078567,0.5483341,-0.69801307,-0.27967334
-0.1149142,0.30513507,0.44363284,-0.21222702,0.008175246,-0.21251261,0.5964313,1.5778217
-0.12130039,0.83264124,0.5371074,0.44734,-0.28739858,1.6567469,0.220794,1.383863
-0.06818284,0.39799362,-0.06686212,0.37639552,-0.55988115,0.34190935,-0.058451317,0.3383171
0.61894834,-0.37600482,0.06801954,-0.002243884,0.06792061,0.4118273,-0.35949197,0.29186743
0.2243067,-0.008241713,-0.12935604,0.12020546,-0.18857811,0.057659175,-0.042931832,0.21692014
0.07707181,0.49376625,0.20125882,-0.11192376,-0.30153966,0.06808302,-0.21943246,0.20556907
0.9358755,0.87949955,1.2203007,-0.06623735,-0.13560592,-0.5184524,0.9888429,0.28173488
0.21008325,0.034544066,0.12605327,0.468029,0.1665965,-0.63444275,0.16008578,0.38706058
0.19290453,-0.71327865,0.5858831,0.24636933,0.72089356,0.8608711,0.15277693,0.61210024
0.0038781855,0.025608853,0.088940054,1.2070533,0.586326,0.44231004,-0.77237815,0.46951145
0.6607022,1.897272,0.5463572,0.45431164,-0.05557482,-0.9781295,1.0880989,0.37953386
0.52064234,-0.05955173,1.2283558,0.29604158,0.0272993,0.9360305,0.37369198,0.772574
0.12453812,0.44552153,-0.23064654,-0.043079317,0.04445395,0.25382888,-0.35709193,0.4518864
0.2600833,-0.14242963,-0.13822024,-0.32001466,0.39269072,0.26065812,0.1072673,0.54187167
0.09744216,0.067654,0.084733665,1.4251969,-0.13342647,0.18328907,0.5960229,0.11722872
0.8701502,1.9887894,1.3450471,0.819913,-0.6789255,0.7540525,-0.65481716,0.6416204
0.036066487,-0.10502298,0.30493486,0.04400719,-0.5266657,0.773013,0.9838421,0.7396196
1.260199,0.86296684,-0.22240241,0.23228613,0.1241547,0.7096998,-0.24044642,0.42462635
-0.15161946,1.1910818,-0.06682719,-0.13893831,1.3771434,0.83304644,0.9141408,1.5977068
-0.17393738,0.41321212,1.3469974,0.2724972,-0.41148323,-0.084322095,0.74164253,0.4988575
0.9833283,0.2935177,0.99972016,1.0582741,-1.2647489,-0.06597583,0.30784366,0.6367233
0.3679708,0.7309766,0.05211375,-0.34817943,0.75399953,-0.0070050955,-0.059520304,0.084753655
-0.0837224,0.6392851,0.19329374,-0.3741559,-0.089924216,-0.014568791,0.5417359,0.21431443
1.5983948,-0.92158264,0.43681902,0.9776359,0.5931049,0.77734786,0.22520815,0.46406347
-0.40011072,1.76214,1.2657431,-0.6356309,0.03599389,-0.61687803,0.2587412,0.44694617
0.7057916,0.2661773,0.7903513,0.49171865,0.48009163,-1.6345911,1.4781384,0.53193283
0.65983576,-0.13503172,1.1501559,0.08565765,0.75711894,0.56320155,0.9061077,-0.18834549
0.06388911,-0.14015199,0.38075677,0.45326015,-0.3951192,0.614156,0.20724864,0.56384116
-0.18353918,0.7511537,-0.09701814,0.33330476,0.496027,1.2030115,-0.17916994,0.56790066
0.04872593,-0.30979133,-0.024919376,0.17045805,0.53496647,0.13941193,0.78516984,0.6820774
2.6422546,0.6786357,-0.04209213,1.1132939,-1.1582003,0.77574986,-0.094789065,0.3759907
0.27003416,0.2654242,-0.119075075,-0.20056248,0.8747334,-0.009608164,0.695594,0.20588271
1.5265646,0.51050043,0.80234957,-0.21321848,-0.3032757,0.2113975,0.32333863,0.5261553
-0.7298938,0.13041134,0.81771106,0.7244404,0.56329143,-0.29158655,0.09464066,0.38041767
-0.5046722,-0.13372797,0.35511613,0.1285832,0.10419863,0.25301903,0.70958906,0.7374156
0.50389403,0.32378018,-0.14263086,0.36583912,0.8045705,0.32589313,-0.64057,0.53889287
-0.6550656,0.9030384,0.3923174,0.48005426,-0.71066725,1.0475179,0.3119416,0.5935537
0.5210006,0.17952017,1.0596735,-0.4740958,0.94684064,0.540777,0.12994789,0.07275614
0.2565163,0.59892964,-0.68333596,-0.20932999,1.3870797,0.33677545,0.40111727,1.2589059
0.16509622,-0.46444762,0.051640637,0.031606168,0.16419077,0.24521324,-0.125784,0.4265817
1.1871446,0.5610769,-0.3784473,0.648737,0.92863625,-0.33668965,1.0724603,-0.08711775
-0.0042667612,0.9645165,-0.48375088,0.8037883,0.69216686,0.94810396,-0.3622306,1.443926
0.14830199,0.4675755,0.23203337,-0.89407665,1.5018084,0.55540025,0.1443379,0.5285044
-0.22983521,0.1735535,-0.06717457,1.1763172,0.21849191,0.2772107,0.4698018,0.12228702
1.0294691,-0.40980762,0.89209193,0.007007733,2.2531013,0.26016954,-0.007264364,0.8509836
0.60338444,1.2186409,-0.093112096,1.3896754,-0.007148728,0.009979188,-0.8335824,0.47881973
0.49307913,0.89605916,-0.58889335,-0.0007358566,0.25872183,0.4464524,-0.11876594,1.0752692
0.9247273,-0.14212035,0.4401691,1.2310637,-0.47811294,0.59604096,-0.22935013,0.1310544
0.3350496,-0.8313959,0.5939353,0.667829,0.2832955,0.74805725,-0.24335551,0.37781832
0.25312677,0.22711872,-0.36076057,1.4611415,-0.28657037,0.5967773,0.4862223,0.19705565
-0.2556955,-0.19800517,-0.0037216693,0.38467738,0.31320775,0.6428436,0.6559701,0.6311088
1.04319,0.41440123,0.83549404,0.7798921,-0.56075233,0.7909979,0.08722839,0.50011706
0.013965979,-0.26860362,-0.22575803,0.63586867,0.8727517,0.78625405,0.90368956,0.41792592
0.7466226,0.22280507,0.16444509,-0.3486735,0.11713691,-0.030905217,-0.110034846,0.29827923
0.22019601,0.14749049,-0.04674296,0.75766426,0.34825072,0.17446525,-0.755157,0.7596453
0.95753115,0.98078513,1.1234705,-0.49474815,-0.13268922,0.8896518,1.6521853,0.6380784
-0.64681774,0.4590391,0.32173204,-0.061074175,0.8490348,0.29003596,0.19786786,0.6689275
-0.14910254,0.4713564,-0.029298812,0.24073187,-0.6947406,0.4162379,-0.016563201,0.5601628
0.14592212,0.2006324,0.26558673,0.23779333,0.09365629,-0.09240878,-0.6638047,0.6232635
-0.10868501,0.378205,-0.19376458,2.1267042,-0.2481588,1.2451724,1.1267078,0.15756348
0.49780408,-0.15088259,0.16877556,-0.270246,0.43853843,-0.19030905,0.70791537,0.5182787
0.3623652,-0.034752354,0.09381507,1.6587512,-0.2236949,-0.33446947,-0.28346583,0.3689347
1.2685295,0.7454578,-0.94981396,0.61188304,0.4685226,0.65657353,0.25610694,0.5791398
-0.34974864,0.5593938,0.95023274,0.70748734,-0.20785098,0.38708326,0.41500553,-0.45050067
-0.08458827,0.10458928,-0.13903837,0.5869491,-0.8238097,0.46924028,0.3351066,0.7106714
0.7379134,0.12035297,1.2284887,-0.17265972,-0.32525283,1.5860103,0.41244134,0.8882175
-0.800174,0.9230989,1.0280403,1.1874636,0.30271173,0.8280958,0.5975076,-0.5553993
0.36113358,0.2509868,-0.1736152,-0.6946922,0.58353186,0.67994446,-0.028557329,0.609881
-0.2322298,-0.13756935,0.51549876,1.1255443,0.23382328,-0.09106332,0.6713167,-0.09744452
1.0573195,0.75193,-0.17885749,-0.9937504,0.2980832,0.9061085,0.25046235,1.086364
0.33260092,0.010277078,-0.05305329,0.45476702,0.4813298,0.22675507,-0.58497,0.49518955
-0.022869457,0.67045885,0.11137219,1.2797376,0.45506954,0.77113545,-0.40933242,1.8164701
1.0231359,0.5559033,-0.20526348,0.090975344,0.3215773,0.51405805,-0.35524586,0.14292
0.79973185,0.6060036,0.64202964,-0.26041713,0.022670224,0.005379565,1.1375953,-0.1739279
-0.01749171,0.29541534,-0.025645733,-0.097178064,0.05474645,-0.0817724,0.0015561287,0.36469147
0.44997543,0.4675169,-0.23938431,0.90470976,0.2592895,0.36796108,-0.1228357,-0.12510848
-0.49187234,-0.3297497,0.6999303,0.3735471,1.0390921,0.84818494,-0.47426546,0.9940845
0.2705398,0.25609982,-0.16546883,0.14575684,0.28089523,0.35207677,-0.52575773,0.24008167
0.47684085,-0.3689608,0.45081395,0.97185713,0.8212376,0.2218972,-0.05244171,0.49723536
-0.059538722,1.1112891,0.14854965,-0.08787919,-0.26011604,0.9814985,-0.21060397,0.9955479
1.4252667,-0.36869758,-0.10546227,0.04349651,-0.41517824,0.425416,0.57120925,0.5648824
0.81329787,1.2145853,0.95526415,-0.38419315,1.1402315,-1.0973594,2.8756375,1.3525097
-0.20131451,-0.17900409,2.276916,1.3172933,-0.4683643,0.46602982,0.8654612,0.6253723
1.0930567,-0.2941872,0.20039868,0.7160307,-0.568487,-0.24633193,0.18126814,0.09738827
-0.14104038,1.267472,-0.115008906,0.38958716,-0.18144576,0.883295,0.7629357,1.3521641
0.67955536,-0.07955243,1.9741887,0.51583743,-0.41048628,0.4854545,0.26360527,0.20743492
-0.761978,0.82250637,2.5674882,1.7939324,-0.9697388,0.67750716,1.12562,0.6015158
0.5060672,-0.36299902,-0.28008676,0.03812413,0.47030026,0.23490153,0.036522128,0.34462538
0.068505876,-0.39867395,-0.15610965,0.42987087,0.49494553,0.4239095,0.24493895,0.72941184
0.58705246,-0.10029976,-0.13682963,0.73448145,-1.059024,0.53397083,0.32728413,0.74961644
0.6097949,-0.42123318,0.28598654,0.2128439,-0.20520608,0.6326067,-0.04686159,0.093496256
-0.077067144,0.83936703,1.3271483,0.50973725,1.7704967,1.2716194,0.29865903,0.86071265
0.41128126,-0.3468575,-0.42492068,0.03553875,0.20968354,0.5083054,0.31183368,0.75936943
0.25202358,-0.20118882,0.20593093,-0.22740054,0.4192266,-0.058557406,0.002868636,0.19490552
0.7091145,0.72659135,-0.3188942,0.6665643,0.26180732,0.13507813,-0.7248878,0.38011634
0.10574374,0.19364385,0.4200214,-0.20302367,-0.20246743,0.07144014,-0.1380101,0.20999998
1.3069745,-0.26775903,0.24022707,1.0208267,-0.6572045,0.23184115,0.5657049,-0.10406412
1.1064028,-0.89907205,0.9192118,0.009255864,0.51170695,0.7793133,0.25718752,0.22205484
0.11724693,0.073054016,-0.10805987,0.24494395,-0.30990404,0.28967673,-0.21503067,0.484612
-0.9210351,0.7324984,2.064867,1.5575005,0.93561476,0.5629587,0.7310763,0.9739752
-0.14812374,-0.39082676,0.63759863,0.1604996,-0.14000438,0.05597916,-0.069562934,0.80692106
0.27101943,0.54556125,-0.11016552,-0.082294576,0.097297385,0.11362437,-0.54786867,0.47626525
0.01728826,0.9903166,1.1790633,0.5508315,1.775511,-0.4821843,-0.59166306,1.036234
-0.1277026,1.9004991,-0.29838926,-0.5265322,1.115053,1.3767713,0.1713466,1.5737307
1.6713474,0.86299765,2.1520712,0.19989833,0.39120483,0.1357145,0.9472386,0.17129347
0.056549564,-0.26407158,0.09819762,0.3127083,-0.013513729,0.26197737,-0.18336356,0.4083392
0.3069221,0.45845526,0.29424107,-0.07941716,-1.340946,0.5561546,0.37516597,0.76774096
0.06947151,0.8626632,0.06999147,0.85538775,0.051833764,-0.80538774,0.042601872,0.30776167
-0.59022653,0.65549666,0.20569786,0.53258497,-0.64475054,0.38132596,0.3788892,0.3994314
-0.003685847,0.82271385,0.3592902,1.6782477,-0.35216266,-0.8510641,0.57889706,0.4587384
0.4499556,0.16251604,0.029523522,0.90326136,0.30623257,0.5185951,-0.7238278,0.31610876
0.80127746,0.20084731,-0.6862563,-0.06456568,0.100070134,0.22746667,0.18882707,0.37315887
0.021864489,0.59279525,0.046231963,-0.1658192,-0.03517066,-0.0291121,-0.0071952823,-0.008031219
1.1736816,0.22802551,-0.39998364,-0.1362243,0.5988798,0.20090127,0.11198552,0.010599524
0.81865746,-0.2061461,-0.24676205,1.772994,0.029263869,0.8732325,0.19586165,0.27934045
0.19470364,-0.004135862,0.1691517,-0.44560412,0.70871663,0.18636042,-0.2334971,0.29857695
0.7311944,-0.09053229,0.18747708,0.70804167,-0.058484524,-0.16409415,0.045058124,-0.3180116
0.14363804,-0.14693542,0.074374855,-0.015185483,0.65660816,-0.2430287,0.27586928,0.7618134
1.0370666,-0.26437765,0.6419941,0.44925922,0.34323156,1.0153506,0.01720745,-0.084911525
1.2490999,0.31013924,0.34573108,1.9929274,-0.23616807,-0.039820135,-1.0076306,0.7834696
0.38449997,0.19262473,-0.2841307,0.033896044,1.1438826,0.41263652,-0.32303032,1.1545902
0.073708445,0.21553196,-0.2689283,-0.2677088,0.25652963,0.42536932,-0.21081634,0.8866156
0.82885104,0.11368503,-0.20885618,0.49900496,-0.5413966,-0.1340819,-0.13121246,0.35420734
-0.39274713,-0.045752034,0.9655944,0.2713327,-0.3053496,0.42362505,0.5102776,0.52737963
1.4622759,-0.8394635,0.9957919,0.6551795,1.529456,0.9805291,0.23111226,0.5567219
1.0495785,-0.41174412,0.5158806,-0.18884832,-0.49067205,0.4157339,0.86094385,0.7480123
0.98706317,-0.86305887,-0.06763817,0.4894395,-0.09406312,0.6623902,-0.066129886,0.39048472
1.1861464,0.78581876,1.2331254,-0.33587685,-0.82188684,-0.14657283,0.9299119,0.7542532
0.24092817,0.19141565,0.49874562,1.1738153,-0.11915098,-0.31047973,-0.91577667,0.43753347
0.58371794,2.3355289,1.0829432,1.8325292,0.5680618,0.57539594,-1.5137172,0.5614742
-0.44433972,0.42364985,1.6063381,0.92618674,-0.22156422,-0.038664937,-0.19476153,0.5709485
1.1059268,0.20949648,0.65725726,-0.36053464,0.51242447,0.5500901,-0.88035196,0.28448284
0.2102164,0.4160838,0.1390554,0.30747053,1.4155905,-0.7630422,1.1364142,0.90335643
0.47519493,0.30619532,0.6944672,-0.39001858,1.3999879,0.6662526,0.41386715,0.48945475
1.5368696,1.2923532,0.54089874,1.2898792,1.3193098,0.1850393,-0.96481425,0.3285939
0.8538859,1.4376166,-1.2140526,1.835285,0.4551919,0.20601076,1.5960177,0.7125359
-0.036810808,0.4471357,-0.20875807,0.4425847,0.5476075,-0.24217987,0.3672302,0.31277508
-0.5676457,1.5366787,1.0610677,0.3906509,0.30274838,0.7585647,0.98025435,-0.7613397
0.45803258,-0.20186044,0.71685326,1.0351254,-0.51786304,-0.11401303,-0.72434545,0.57279474
0.2002278,-0.3888868,-0.0040623993,0.3850744,-0.060401842,0.3148265,0.04854711,0.5852869
0.36397937,-0.24404527,-0.06094636,0.18838513,0.006752357,0.32650754,-0.48523018,0.48743054
0.56922954,0.37488914,0.08763762,0.20489249,-0.9666856,0.7251507,1.3106827,0.47921726
0.20283625,-0.13640663,-0.19952704,0.41368738,-0.508542,0.57281506,0.030730655,0.52237195
0.22822753,1.4415109,-0.19649746,0.23260605,0.15036635,0.45796937,-0.1657025,-0.082254335
-0.12541759,1.4110624,0.10609803,1.3781295,1.0206895,0.85245883,-1.1172785,2.024921
0.58051515,0.30681884,0.4577185,-0.23381042,-0.5770129,-0.24997628,0.36991936,0.23825628
-0.2628007,0.1446109,0.20630047,0.34315202,0.17018926,-0.035072356,-0.10511436,0.16876256
0.081066296,-0.32755506,0.22512074,1.1551068,-0.12544297,0.43852693,1.0948073,0.5762614
0.69586605,0.28541493,-0.051823825,0.5010343,-0.72334194,-0.041406617,0.61496687,0.12146021
0.03479293,-0.14303479,-0.078966856,0.3249629,-0.20201086,0.17438453,0.23695864,0.34781343
-0.82593685,-0.1384566,0.8226899,0.36800665,0.5074156,0.25907958,-0.0026248,0.58632207
2.241543,0.22237532,1.0585572,0.298815,1.019911,0.15372504,-0.26858568,0.9681637
1.0698357,-0.7500987,1.1803595,-0.38884977,1.7819772,1.0912974,-0.15697195,1.0696329
-0.027630873,-0.41638458,0.25322634,0.13879919,1.6699255,0.21740726,0.29166037,0.9899962
-0.50912553,0.704169,0.709906,0.842161,-0.3258896,0.46728927,0.23990709,-0.06722313
-0.44854933,-0.43321687,0.45939302,0.45714268,0.41735637,0.25370118,-0.016207127,1.5289028
1.0704916,-0.3230405,0.2991752,1.0415951,-0.33891857,0.8404772,0.9340164,-0.392972
-0.096932955,0.35667133,1.0189569,0.5539737,-0.93552846,0.070501134,0.2947922,0.1801088
1.8257221,-0.20194025,1.1978253,-0.2731213,0.13309886,-0.20518085,1.0953062,0.2889601
-0.41925672,-0.19935434,0.7499556,0.6998814,0.6887868,-0.07083164,-0.54787093,0.43936634
-0.116040714,0.95544505,1.850638,0.5881468,0.75625765,-0.13800706,-0.074693024,0.33240432
1.1436449,-0.16826142,-0.11865494,-0.2576343,0.020352885,-0.52252454,0.5355663,0.83719707
-0.24468097,-0.13630383,0.6154579,-0.044360586,1.2086046,0.059462838,-0.055983715,0.8686341
1.0623034,0.35005313,-0.103051156,-0.010513,0.027208492,-0.035728604,-0.20817973,0.29248533
0.0045273528,0.7592034,0.5997824,0.124503985,0.28055233,-0.8511753,-0.14431858,0.77246034
0.27869916,0.92007554,0.004087582,1.3269305,-0.24026231,-0.65337527,0.7057242,0.73233783
1.3677374,0.28971362,2.2506495,0.99316746,1.4946574,-0.62889916,-0.4061105,0.94755447
0.6959283,0.02493234,0.169798,-0.41188428,1.1302493,0.098748796,0.27482697,0.2390728
0.15922254,0.66459185,-0.052369878,0.84883016,-0.22311966,-0.06586763,1.2099682,-0.25948924
0.3031656,-0.1499315,0.017018184,0.24717829,0.17260684,0.19515184,-0.58630705,0.50994253
0.51001495,-0.35227287,-0.30187917,-0.2883098,0.94508964,0.1810363,1.1587571,0.76374626
-0.049230568,0.12130003,0.721155,1.2397951,-0.44141,0.06366728,-0.25408882,0.3390193
0.5962705,0.2336394,0.18603934,-0.13563085,-0.19234537,0.25954124,0.06323923,0.08309803
1.5816137,0.7255195,1.0374379,1.0355513,0.2281114,-0.6742554,-0.12466156,0.22733104
-0.4812099,0.17463957,0.32413164,0.5462375,0.24814853,0.9820122,1.0419828,0.21514009
1.4776202,0.029291078,0.0506213,-0.106325455,1.3094712,0.8965682,-0.053164683,0.0065965354
0.1141105,0.8820063,-0.25424933,0.8216215,0.24507667,-0.21944228,1.7145876,0.24920094
0.5856237,0.06317119,-0.27451098,0.0027549565,0.8414367,-0.19882521,0.7953995,0.26329604
0.7283378,0.67273766,-0.11235674,0.70049095,0.42949957,0.8176221,1.3784233,1.295151
0.51846254,0.7049169,-0.39226902,0.31596103,0.66502017,0.3057038,1.059254,-0.18631038
-0.14386746,0.29890853,0.8327676,2.7828414,0.048394844,-0.047174424,-0.32868108,0.32335836
0.67700505,0.271029,1.0828866,0.7983263,1.3150078,-0.48020893,-0.8052489,0.73796433
0.50674903,-0.1358354,0.091971576,0.6944788,-0.2734403,0.3180735,-0.25953558,0.6171244
0.07245461,-0.06243421,-0.036634743,0.5868961,-0.24816273,0.21846125,0.40034226,0.28280008
0.72330445,-0.24087824,0.11189395,-0.5128184,1.3159735,0.32139277,-0.13216804,0.7934135
0.10938073,-0.28505105,0.19732904,1.2368267,-0.6071611,0.689678,0.5598391,0.62320554
-1.0197091,0.7789609,0.64796025,0.5719078,0.64739037,1.2973167,1.1538022,1.0276914
1.1085495,-0.7830707,-0.46831667,0.063501395,0.22096117,0.6276889,0.532496,0.5168196
0.8955584,0.6821291,0.489487,0.4612905,-0.7231515,0.53833723,-0.30686882,0.66211486
0.13875109,-0.19132255,0.03441695,0.6293883,-0.44911027,0.4094878,0.0763258,0.38774025
-0.14327267,-0.013933435,-0.15750496,1.7253455,-0.1926399,0.67653996,0.7310693,0.30232972
0.36050978,-0.43771523,-0.1809736,0.06489169,0.26846647,0.4288696,0.47973457,0.30146748
0.8290583,-0.29679,0.7075068,1.6174402,-0.32722133,0.088734075,0.01803301,0.13792862
-0.21806788,0.528467,0.12210427,-0.3761591,-0.062133953,0.5117178,-0.13913354,0.5176269
0.7109017,-0.039590195,0.47051173,0.86598337,-1.0104588,0.45968747,0.3734535,0.24524343
-0.14937216,0.39829218,0.060217425,-0.11192303,0.00878036,0.49696743,-0.3476871,1.1129256
-0.22764674,0.36419684,0.6440974,0.57394326,-0.7343053,0.92179775,0.51335835,0.26734462
-0.047943354,0.0034177825,0.048299015,0.53099895,-0.41723734,0.3643162,0.19326162,0.28778258
1.5570377,0.081907794,1.0739983,-0.5422948,0.12582912,0.1265539,0.70777375,0.6372441
-0.35019758,0.43940663,0.14480695,0.6027393,-0.04155518,-0.3331632,0.1255998,0.7351477
0.6165382,0.9535012,0.047469378,-0.20813394,0.56461227,-0.10429238,-0.66857666,0.11147046
0.14179908,-0.22498128,0.021357462,1.150378,-0.18832095,0.20928296,-0.120127775,0.37969214
-0.010105774,0.025585815,0.84056234,0.2857347,0.3928805,-0.8468076,-0.033212245,0.90730655
-0.14543924,0.14703287,0.88421786,1.0190325,-0.2245806,-0.06580238,-0.11126348,0.035015047
-0.32586595,-0.26393753,0.78073215,0.74152756,0.39409715,0.45783263,0.5682541,-0.43306255
0.07529161,-0.18361844,-0.015758187,0.38216084,-0.44951022,0.2433492,-0.043936677,0.5113563
0.07573271,-0.15869458,-0.05607526,0.8531565,-0.3080315,0.29661053,0.156864,0.34651685
0.973002,0.34356833,0.5713184,1.4255712,0.14183833,-1.4129081,1.2499136,0.63841814
-0.40732253,0.24184333,0.9260924,0.49862513,-0.29081815,0.44752455,0.67226475,0.42672765
0.4965104,0.31784052,0.62169135,1.2644508,0.89950085,0.98290557,-0.18936187,0.5136939
-0.10486857,0.7422838,-0.11387476,0.029699765,-0.1467901,0.25720373,-0.20558774,0.16118357
-0.3705407,-0.11761531,0.38754326,0.8140723,0.14687017,0.14219533,0.13335294,0.3896985
0.36838818,-0.43227917,0.8122517,0.63793236,0.1603767,-0.2761581,-0.39966133,0.21873754
0.36770585,0.59092665,-0.28421068,1.1256964,0.3639148,-0.5183595,0.5343432,0.055602863
-0.23472741,-0.4884408,1.0861467,1.1868294,0.0006336868,-0.019218184,0.048882965,0.89434266
0.045144908,-0.24578908,0.15019271,-0.0168209,0.22264048,0.21232957,-0.11288869,0.37224084
1.1293422,0.4351288,0.5020141,-0.20942476,0.51441747,1.0846125,0.73553234,-0.15349126
-0.11133724,-0.43608284,0.7007439,0.27863792,0.72781026,-0.39357388,-0.21351779,0.82891923
0.98684114,0.07161103,1.4484137,0.19812793,-0.5042046,0.38791066,0.46394622,0.124296874
0.64819324,1.6005219,0.2888046,-0.105819084,0.25888067,-0.17089072,0.19882214,-0.24626842
1.1351568,-0.6134473,1.3506706,0.5392849,-0.30672807,0.07991879,1.2346947,-0.17067343
-0.5840625,0.17451762,0.86325985,1.4306448,1.6047375,0.8187268,-0.17088589,0.93714434
0.24863479,0.17037065,1.3948987,1.5685172,-0.7244254,-0.51277465,-0.07205924,0.42534676
0.32104847,-0.17547007,0.2693509,0.48811254,-0.054086044,0.43504784,-0.08355518,0.016452052
-0.4371194,1.1150542,0.33805984,-0.06857667,-0.24466218,0.32717082,0.15272833,0.3545976
0.56510705,-0.81067926,0.38563073,0.21612373,0.0045034736,0.49499017,-0.1174921,0.11192715
-0.4454597,-0.020404056,0.34289703,0.2806859,0.57366997,0.6529168,0.45891625,0.3660133
0.50528336,0.39549387,0.30992854,1.0142479,0.2914818,0.2826752,1.3257565,-0.5733556
-0.08093312,0.11217637,0.4848835,-0.24399629,-0.28169078,0.31849962,0.31127307,1.2945198
0.39954013,-0.06591399,0.37800282,0.13220216,0.121734664,-0.08400777,-0.3445532,0.24336377
0.1004991,-0.22716863,-0.060612664,0.17114934,-0.41502464,0.24791925,0.69894737,1.0162312
0.31415227,0.315553,0.031209491,-0.26739636,0.6865943,0.27746993,-0.43499985,0.28237963
0.4884636,-0.009760454,-0.13236518,1.5179257,0.058990464,0.73835975,1.1326171,0.08003326
0.3644194,-0.08011855,-0.14713089,-0.31298187,0.13577008,0.01954025,0.11968823,0.6188261
0.9875318,1.2610925,-0.18358086,-0.12327615,2.3562148,0.027379416,0.39041507,0.6238219
0.06688038,0.123840675,-0.15967672,0.23022294,0.15190913,0.15810744,-0.3254634,0.23971978
0.116736196,-0.17974858,0.15905604,0.6863821,0.16456074,0.20133683,-0.33716145,0.4784366
0.70265025,1.6245234,1.4694754,1.4583046,0.93305343,-1.7823896,0.37363914,0.70503926
-0.07089538,0.72302175,0.038490012,1.4922124,-0.2542802,0.24342915,-0.08847084,-0.095058694
0.14072269,0.560806,1.1789051,-0.014388107,-0.12130211,0.90085685,0.14264837,0.33005223
-0.05753892,0.010865137,-0.002084896,0.5392382,-0.07448132,-0.043517783,0.13739644,0.31504655
2.6726048,1.4292191,0.43006772,0.7562585,-0.2874028,0.9517679,0.22589496,0.374531
0.49031547,0.12570694,0.08709875,0.005844824,-0.13433175,0.32603252,1.001731,-0.053420693
0.095311195,-0.17451079,0.51107067,1.1508057,0.00083838403,-0.3209373,0.1347241,0.6629385
0.19234458,-0.024515316,-0.100730315,0.23638001,0.36545646,0.084890515,-0.33392516,0.53782713
-0.98413247,0.4984939,0.8722181,0.64890593,0.285071,0.24229869,-0.1257845,0.33228588
0.5463246,-0.4778983,1.0865233,0.44272745,0.59290874,0.4912832,-0.3750548,0.22422907
-0.050526433,0.022158459,1.079003,0.4178811,0.29831225,-0.8258234,-0.13075648,0.28168538
0.09719283,-0.19387214,0.17478624,0.4263478,0.20734154,0.8614754,-0.40339622,0.32428458
0.9994127,0.77640754,2.9943247,0.2783583,0.7014204,-1.4088129,0.08663099,1.0490446
0.35277066,0.41489673,0.20373255,-0.3946751,0.8740973,0.2807256,-0.54065114,0.25072992
-0.11367779,-0.50560343,0.85250336,0.6123448,1.103939,-0.2775088,0.018968133,0.9618506
0.053114094,-0.33433175,0.039735183,0.00097516924,0.18294689,0.1643779,-0.19910999,0.5347133
-0.0559384,-0.2790398,0.24047375,0.7602969,-0.22723277,0.40020102,0.2929204,0.1649515
0.5924901,1.2370132,0.64133155,1.150156,-1.1788646,0.10966724,-0.6487259,1.2933642
0.8218828,-0.9318226,1.9152864,1.2993097,2.5484443,-0.17067033,1.164628,1.9616375
-0.58759207,1.3442557,0.9567879,0.7502289,0.87193865,1.361877,0.35214677,-0.43287045
0.055849887,0.5079998,1.6308211,0.84599483,-1.0165641,0.49009258,0.9395456,0.46968
0.53232026,0.04437925,0.37126678,0.8908867,-0.08604132,-0.5622425,-0.10289079,0.39235374
0.90517503,-0.5066938,-0.024769172,0.19346356,-0.25131637,0.8172145,0.5124481,0.22143632
1.8284568,0.019830927,1.1708239,0.94540447,1.0081394,1.8155757,-0.18718801,0.029468015
0.46326813,-0.07465808,0.50568527,0.12717482,0.5413321,0.37198257,-0.073482245,-0.3281719
-0.081621684,-0.16438092,0.41576624,-0.040372178,0.34679645,-0.15556031,0.4559878,0.09185088
-0.021741133,0.6408537,1.2663888,1.6877494,1.3626328,0.06880355,-0.6150573,0.6289025
0.489901,-0.33266073,0.5477719,1.06326,0.5772293,-0.6002581,1.0453163,0.31909224
0.9469184,-0.06866975,0.45144677,0.17180654,0.16944583,0.9185194,-0.26155302,0.52968717
-0.2968705,-0.7107363,0.9735793,0.76454324,1.2972609,0.19219688,-0.3725573,0.83484864
-0.39711586,0.6631751,-0.047056064,0.43505868,0.5645548,-0.32253397,0.32025614,1.3158271
0.67618823,-0.22118469,0.6385187,-0.060524784,-0.24709539,-0.40584207,0.18128274,0.48778835
0.0108361505,-0.3906088,0.21922132,0.70803064,0.6792657,0.34695423,0.019775195,0.5796532
0.71256936,-0.32515395,0.0044505447,0.5984303,0.29024285,-0.01907783,0.01252952,-0.09143101
-0.044238962,-0.21882804,0.9197662,1.017356,-0.12489806,-0.55486345,-0.4367936,0.602412
-0.44464096,0.74077725,0.96161604,1.2311696,-0.39406055,1.0622877,-0.38964343,0.44531628
-0.18782774,-0.13846175,0.70783496,1.0693451,0.5433141,-0.48043633,-0.121358216,0.8030572
1.2540647,1.3598182,1.1493452,-0.17710915,-1.1237738,0.3733217,-0.033447705,0.6679969
0.10949954,-0.35119146,0.1871281,-0.009549826,0.030971847,-0.12618834,0.29952982,0.9190093
-0.19440323,0.19553535,0.30872893,-0.00724902,0.69546765,0.46225554,-0.6904345,1.3752395
0.21181267,-0.15641506,0.8010752,1.727361,-0.039845303,0.57186913,-0.28713092,-0.10007514
1.1609514,1.8279912,0.8672602,1.4414408,1.0619795,1.110012,-0.81182635,0.024466246
0.30239525,0.9541822,-0.1760933,0.12604497,-0.7095327,-0.13610531,0.8651386,0.84768677
0.65363556,-0.24868031,0.20823655,1.1940925,0.90183544,0.5208696,-0.92641515,0.74516046
-0.3409663,0.5311469,0.6483656,1.1453695,-0.33692753,0.27897578,0.06253898,-0.2646743
0.48751274,1.2552005,-0.2570926,1.2102582,0.27342314,-0.5170717,-0.030519566,-0.06778629
0.77008814,0.70147085,0.12723343,0.56539166,-0.42223483,-0.36334652,-0.7844866,0.106352225
0.23090154,0.021218017,0.11753831,-0.22386244,0.2489641,0.12961623,-0.21019365,0.1174154
0.07741081,1.3736283,-0.08582316,1.5588484,-0.6134369,0.68159074,0.68296117,-0.31521717
1.7295625,0.092975125,0.24427904,-0.30305633,0.22173752,1.0919027,0.87689644,0.46712837
0.3266401,1.2115823,-0.59375095,1.7172862,0.753466,-0.11272766,0.6785926,0.30990016
0.3227288,-0.6032225,0.71731704,1.0463737,-0.8124486,0.74732614,0.2566437,0.5610199
-0.021549553,0.97577,1.232206,-0.093844585,0.7837155,-0.33345214,-0.47016662,-0.17670244
-0.14804697,-0.06427984,0.25984278,0.34485564,0.120716855,0.14815885,-0.4622688,0.42501515
0.5052022,0.36822253,-0.34321296,-0.24724296,0.4035234,-0.055601522,0.025285814,0.55857176
-0.26477978,0.38207966,1.7835914,-0.13103825,1.154562,1.2169874,0.28411126,0.59855807
0.8038025,0.22239922,0.47701436,-0.085244335,-0.5312284,-0.56137824,0.18442787,1.1941113
0.6424715,0.39887393,1.0878903,1.14006,-0.4298749,-0.050752074,0.39669076,-0.30117577
0.39957592,-0.0473115,1.3351606,-0.1255944,-0.23967196,0.4775095,0.43874297,0.728267
-0.23123142,0.2787639,0.69036794,0.23573214,-0.4832006,-0.2109721,-0.09675201,0.54998946
0.61064476,0.9844767,-0.6163481,0.3593637,0.082705006,0.19087228,0.8585684,0.2281941
-1.0537791,1.0571488,1.1246028,1.0687671,0.5883315,-1.0799545,0.6412401,0.92164713
0.34931982,-0.040465876,0.24172738,1.3300452,0.113288775,0.062360033,0.4262203,-0.0670477
0.09100534,-0.46247828,-0.1790133,0.5964835,-0.08466399,0.80887294,0.60764724,0.45156667
0.3632286,-0.16936184,1.9044044,1.4368352,0.3434605,1.7939456,0.45222643,0.2753375
0.4248228,1.373752,-0.16651209,0.17427045,0.6796909,-0.18788409,-0.08008119,1.3002636
-0.28439268,1.1488472,0.34613466,-0.64455825,0.09144598,0.35643494,0.038217954,0.36388084
0.9082257,0.3141356,0.37952733,0.1809918,0.39653754,-0.029607207,0.027251942,0.26637113
0.7066652,1.2568831,-0.575004,-0.07860587,0.32690698,-0.17899027,0.9168564,1.5067425
0.15484163,-0.2824458,0.02220741,-0.15062481,0.50048006,0.21733038,-0.09584119,0.32023606
0.24806696,1.3988465,-0.068311125,0.91525966,0.35561448,0.018030167,1.7842863,0.77032465
-0.18643016,0.71432245,0.13055696,0.7954535,-0.94158727,0.44910094,0.5940437,1.3073062
0.33353359,-0.36538416,0.74341834,1.6443961,0.39615935,-0.6204988,0.032123633,0.46403068
1.8511609,0.5024009,0.52628225,0.9676856,0.3059134,1.385843,-0.50832224,-0.3332731
1.592024,1.3570555,1.0618801,0.26640987,0.10728736,0.61439246,-0.46788844,-0.047029376
0.22512212,0.639249,-0.2238941,0.4468374,0.49720567,-0.02980575,-0.27889195,0.8612085
-0.037332974,1.2037761,0.49228925,0.77867734,1.079811,-1.6007259,1.5422078,0.57690144
0.51467144,0.040538236,-0.47037536,1.562675,-0.30711907,0.6124625,0.63669515,-0.116247
0.17425957,-0.3246702,0.29788888,0.32823327,1.1660451,-0.11285679,-0.11752715,0.89708394
0.39759895,-0.54348844,0.9935484,0.19849646,0.8826582,0.33031723,1.0600485,-0.47153848
0.05384844,-0.2222847,0.57632583,0.33820665,0.1465311,-0.21242255,-0.10222503,0.08884466
0.33471978,0.11761309,-0.29950106,0.10000177,0.4190011,-0.1329196,0.83577895,0.60863227
0.3131443,-0.10314761,0.6316138,-0.015678696,-0.15405886,-0.598758,0.6032499,0.6659497
0.66330975,0.028874174,-0.14211954,0.8259997,-0.4623,0.22745422,-0.058983155,0.359334
1.7946415,0.6664,-0.39299577,1.3768138,-0.31914306,-0.19029516,0.73200244,1.3783356
1.2517353,0.57865345,-0.15548562,-0.26334134,0.2940479,-0.18712884,1.0104694,1.2134368
0.254742,-0.15981181,0.12680931,0.31782562,0.66631156,-0.32581872,1.2750165,0.4657701
0.3655757,-0.050412595,-0.08371328,0.2168172,-0.22788252,0.28301683,-0.00965626,0.032118678
0.88720685,-0.66268605,0.90194106,1.4543518,0.910078,0.61734796,-0.07583291,0.36181584
0.59106517,0.32267565,-0.6059051,0.48074904,0.2764801,0.025493614,0.16488045,0.5967386
0.45359716,-0.5755992,0.23009813,0.8396648,1.1577055,0.83892345,0.60460514,0.31184453
0.37450343,0.12373564,-0.027259246,-0.09271986,0.024631292,-0.14315373,0.024211979,0.21329981
0.0116911605,-0.013346449,0.26423204,-0.039620213,0.31400478,-0.23848444,-0.19137035,0.6681049
-0.26250163,0.37638855,0.40668947,0.33942384,0.16749693,0.053481653,1.3784764,-0.05211325
0.71558815,0.41853982,-0.39792538,0.6884812,-0.07546629,1.4528464,0.42684987,1.0686665
-0.36775875,-0.20113476,0.19601765,1.0015138,0.020974785,0.7862439,0.06655607,1.0506015
-0.6440266,0.17315887,0.7009357,0.8142012,0.8674124,-0.4258523,-0.5120495,0.8840317
1.0828866,0.14447321,0.8882172,0.3124456,-0.41082,0.06909505,0.49924937,-0.28633726
0.123570405,0.24411054,0.0014649183,-0.13358301,-0.23258959,-0.041844577,-0.03163605,0.3743288
0.39699557,0.455934,-0.3708822,0.30515772,-0.26224804,-0.073962554,0.6991686,0.38645896
0.70257425,0.6313206,-0.5711709,-0.11664667,0.9550875,-0.2882275,0.40346918,0.50909984
0.42443278,-0.9119718,0.7908375,0.7227276,-0.11822802,0.5074645,0.105556995,0.071093634
-0.40115178,0.054926917,0.7670656,0.8227466,0.33738193,-0.4823329,0.84171134,1.2353415
0.23554114,-0.28201032,-0.041786328,0.12446966,0.52782184,0.046146277,0.97442406,0.18995872
1.8224566,0.10364644,0.8433496,0.9159542,-0.5239073,1.1021193,0.9260399,-0.35063636
0.530724,0.64646655,0.45298797,-0.26940933,-0.4644056,-0.37998992,-0.2826428,0.93651414
0.093545415,-0.28546935,0.7544743,0.6414229,0.46055192,-0.07504049,1.4358257,0.7646391
1.0417581,-0.22063942,1.1958326,0.83687437,-0.6655124,-0.62125564,0.52121836,1.2654371
1.823181,0.2002046,0.28052896,0.55493283,-0.3271399,-0.3654057,0.95843214,-0.116473675
-0.7624012,0.49189663,0.5657554,0.6425102,1.1032188,0.29993105,-0.47371453,1.1216733
-0.07588499,1.1050084,0.6797896,0.67252445,1.6219337,0.29936796,0.063671105,-0.09982526
0.25185046,0.7806848,-0.4527188,1.9892604,-0.21432163,0.9393278,1.5512604,1.255055
0.5220058,0.21890847,0.4133579,0.19981793,-0.49742287,-0.3924504,0.18540865,0.5493461
0.8191212,0.42918766,0.022976533,-0.3554227,-0.06806074,-0.08340798,0.7745899,0.41273463
1.9508475,0.5695547,0.5349426,0.041984912,0.43745035,-0.5874745,1.7902693,0.6225147
0.6172785,0.26191407,-0.22823675,1.1248764,-0.5252126,-0.055452943,0.7158317,0.6783619
0.2598875,-0.3581949,0.43230557,-0.17921263,-0.2988268,0.24830043,0.58800215,0.89169145
0.8466439,-0.26427174,0.9891951,0.48082814,1.2814407,1.3485686,-0.22740112,0.55412006
0.25499767,-0.02677305,0.073156275,0.29426792,0.30418438,-0.041069344,-0.30133802,0.78010607
0.43580016,0.48799884,0.61792994,-0.34277976,0.0077135116,0.6425245,0.7115206,0.54323065
0.6728142,0.2974748,-0.33409262,1.6437871,-0.30161643,0.26681504,1.6922861,-0.1695832
-0.23464775,0.62510854,-0.19547392,0.8191379,-0.23853974,0.30187172,0.49276003,0.10839701
0.48556852,0.744861,0.27890736,-0.46171173,1.6841702,0.36242452,0.26807597,0.64087635
0.16998482,-0.1271541,0.5029381,0.07959995,0.77430695,-0.10397987,-0.11964202,1.1384401
-0.07747203,0.74512374,-0.06974934,0.060755298,0.31526577,0.28334892,-0.48996732,0.1912711
1.400587,0.34958702,0.7939821,0.07897561,0.264019,0.5826416,0.98481196,-0.10009518
-0.55422425,0.44695687,0.6624602,-0.13409153,0.9906406,0.64330316,-0.6027958,1.3272411
-0.24695435,0.015105084,0.34066695,0.1857256,0.4873433,-0.28565392,0.060889475,0.88392967
-0.42958626,0.9500896,0.368217,0.50860167,0.24926473,-0.14554246,0.79031163,-0.18363738
0.77268094,-0.78265774,-0.22334887,0.35319182,0.3691454,0.028689988,0.5121002,0.37650782
-0.011096217,0.7765389,1.144013,2.4849713,0.88538116,-1.02241,-0.36995772,0.58551955
0.5122498,1.6636252,2.1121974,-0.14453202,-0.13123886,0.6432854,-0.98428553,0.8326442
0.12932774,-0.13506158,0.49856508,0.37847584,-0.55316174,1.2639581,0.16601685,0.7746501
0.2679901,-0.04301569,-0.122269854,-0.1926054,0.32436776,0.1685914,0.65429,0.32891825
-0.02380776,-0.43800724,0.6151555,0.59088427,-0.17590337,0.022221968,0.38286412,1.3114885
1.7085658,1.2992107,0.5396576,0.91323644,-0.7003547,1.0482202,-0.23242192,0.39585578
1.1497364,0.5436021,0.81026834,-0.13298488,-0.2353356,0.065954834,-0.4048574,0.034612298
0.869193,0.09301315,0.16256562,2.1504674,-0.3602366,0.40994394,-0.31906593,0.33148026
0.49502972,0.48525375,0.29449612,0.62352437,0.16943942,-0.0026514381,1.2039053,-0.1422109
0.8927074,-0.039468482,0.10474403,0.3048772,-0.16462956,0.34752518,0.64177126,-0.061157316
-0.5687,0.86844665,-0.07386191,0.74077123,0.5344062,0.7815451,-0.38077727,0.96469474
-0.47989973,-0.4898274,0.8327912,0.3123762,0.7873139,1.2568506,0.4666215,0.8302387
0.45159814,0.1263908,1.6180185,0.847242,-0.6957571,1.3827233,0.033753105,0.8749129
0.41875222,0.11216019,0.7034997,1.0399342,0.09601976,1.0865753,-0.3915182,0.091285914
-0.26971096,-0.013515368,0.93656796,0.16294873,0.44619924,0.9937169,0.7613865,0.8527944
0.5042899,0.15271874,0.040068433,0.22849697,0.09403278,-0.6893582,0.5262632,0.40646604
0.06330853,-0.08006479,0.2668501,0.7622457,0.013243198,-0.5560514,0.18700637,0.58592117
-0.12123261,-0.50996673,1.7440476,0.18694314,1.0612438,0.4607012,-0.5340702,0.42735416
0.2739356,-0.75733805,1.493219,0.6504402,1.1390356,-0.18309718,0.36006626,0.35559136
-0.47570327,-0.069258615,0.36464435,0.096801646,0.027454257,0.3757197,-0.4135684,0.68414116
-0.20515889,0.20005696,0.2133598,0.13646533,-0.022868022,0.09029873,-0.39171496,0.4343856
0.23204657,1.0661308,1.0012783,1.2506638,-0.1568744,-0.9199823,-1.1100491,0.46266422
1.77196,1.1898962,-0.7854527,-0.43569562,1.5381523,0.87876594,0.7590324,1.1948059
0.5960646,-0.6895828,0.7490838,1.4826994,0.9396643,0.46653247,0.50928223,0.8550902
0.0918597,0.23688538,-0.26351655,0.17050189,0.07140407,0.14873351,-0.062246308,0.5904936
0.15322337,0.42700583,0.16442068,-0.011187635,-0.59528863,0.6759221,0.39947328,0.3748825
0.17738375,1.0408679,0.92610943,-0.5152224,0.8395996,-0.7547837,0.83476907,0.14955859
-0.16794515,-0.4281091,0.4159752,0.11639635,-0.108553365,0.4528159,0.1412126,1.0344648
0.3223128,0.68827635,0.025346622,-0.1214265,0.7139839,0.9843266,-0.2834555,0.33601743
1.115491,0.9231078,1.0531605,0.26364142,2.5310795,0.4168488,0.56506795,-0.4447593
0.22344694,-0.52352595,0.5993962,0.35928103,0.5168701,-0.100392774,-0.6105469,0.7026398
0.2379944,0.20493172,1.0400817,0.5773974,0.87138116,0.7114601,3.0,0.5476538
0.5830696,-0.8312316,0.30681837,0.21063817,-0.26816797,0.68169856,0.20235518,0.6029062
0.51417446,0.17873196,0.13942468,-0.13193971,0.26686722,0.23245466,0.6509124,-0.17720684
0.13679385,-0.26234025,-0.023694903,0.23411205,-0.1737204,0.2253973,-0.096516006,0.35776773
1.5143455,0.041889116,0.45932734,1.6916882,-0.73638994,0.4971832,-0.35404024,0.09307583
0.5920558,-0.07369824,0.37577903,1.2893465,-0.618434,0.114372864,-0.12941392,-0.06407456
1.184766,-0.50972044,0.3646191,2.0108647,1.3814067,1.4355764,0.9978332,-0.4885726
0.51079226,0.7743576,-0.6016185,0.9004613,0.056888238,-0.49229133,0.978839,0.1767506
1.0614308,0.36528295,0.18674304,0.22315422,0.3510993,-0.611283,0.58545226,0.6616706
0.49215713,0.40789336,0.2594892,-0.28091636,0.5813109,-0.0952656,1.7433065,0.5876127
0.6789447,-0.23097052,0.445019,0.13910186,-0.011149332,0.73003453,-0.17929964,0.5060344
-0.42614767,0.20187144,-0.058381334,0.1940094,-0.33499533,0.49824795,0.3480656,0.72686
-0.30003554,0.36004364,0.6605726,0.048716083,0.087761804,-0.61243373,0.6036993,0.9612968
0.37988093,-0.5492807,0.102226205,1.4015263,-0.13290541,0.6818991,-0.004249075,0.2719636
-0.5355368,0.12991546,0.40114456,0.9348343,-0.72316295,1.489837,0.57458,0.67566323
0.6686205,0.1549593,0.11442697,-0.21679571,-0.004186198,0.4324031,-0.2653695,0.06837107
-0.06777244,0.16549386,0.6321533,0.61625767,0.11264783,0.01915545,0.22297363,-0.0800499
0.24669528,-0.028318584,0.026076466,0.13817948,-0.067185625,0.07207736,0.8679151,0.3022002
0.019187346,0.55542684,-0.3155532,-0.20286188,-0.39984077,0.6566863,0.76498055,1.1780739
1.2173527,1.7906269,-0.82639664,0.41233027,0.040979877,0.44037157,-0.619256,0.50128007
0.021700822,0.8169885,1.2841107,-0.69664556,0.8266792,-0.54698634,0.18401127,0.5225519
0.4661819,1.1038146,0.12318863,0.04625025,0.9952501,0.0661107,0.47196522,0.93270147
1.4461626,0.14448218,0.04933937,1.329771,1.2973315,-0.4220327,0.65939915,0.76280415
0.74083066,1.0999638,-0.15945701,-0.70426375,0.83265674,0.05004248,0.14483383,0.42914665
0.52577263,0.26818383,-0.04215847,0.0022700727,1.0167228,0.6408548,-0.55243653,1.4915702
0.14389274,-0.8624882,0.68140614,1.1396117,0.3081568,1.1440508,-0.009894045,0.8500584
-0.11775311,0.48004395,0.7375702,0.36956432,-0.05295427,0.41168672,-0.3454045,2.0690823
0.19207874,0.4928248,-0.41724753,0.4720151,-0.36021674,0.0762101,0.5940192,0.70724136
0.025794901,0.69528353,-0.16297726,-0.16881439,-0.32493657,-0.12884653,0.47336096,0.71130204
0.54885256,0.51288617,0.6552642,0.5335651,-1.93976,0.9723185,0.8190949,0.89346236
1.284636,0.81237173,-0.31120092,1.22839,0.6194449,0.9613535,-1.1990026,0.62927234
-0.10533429,-0.24552572,0.23182389,0.2766059,-0.029053852,0.31315058,-0.2044154,0.37474614
1.529384,0.6490103,0.47172362,1.5825512,-0.5710448,-1.0390491,0.36597073,0.98219323
-0.071655996,-0.14458223,0.9069057,0.6643979,0.7460273,-0.8558258,-0.12132445,0.85178363
0.5402001,0.3960876,0.572774,-0.47548726,0.2666419,-0.7086272,0.44739085,0.3514671
0.429153,0.37482774,-0.112195626,0.59297615,-0.65277314,0.33442432,0.1348678,0.34325618
1.58641,0.5869434,-0.61564887,0.10107468,-0.035096213,0.18722425,0.39616802,0.036493257
1.4444237,1.3550937,-0.023711681,1.3408556,-0.28782856,0.67330563,0.1367453,0.581571
-0.3548065,1.41623,-0.14722072,0.15834805,-0.11710897,0.59543574,-0.51612425,0.45380485
-0.25528094,0.40912098,0.36367905,0.8045562,-0.24033628,0.2727497,-0.54915774,0.13444392
0.036871098,-0.4893887,0.2687155,0.694107,0.15070732,0.7005981,-0.48552516,0.44299373
0.65291256,0.8345693,0.10654457,0.9593902,-0.42482,-0.15689224,0.33555472,-0.4271146
0.88411844,-0.41038376,0.23641883,0.32886794,-0.34773612,0.7392603,0.15707548,0.32308093
0.244769,-0.42700332,0.71676016,0.9165966,-0.50429744,0.4044786,0.43384144,0.0071387887
0.90405554,-0.47446364,-0.02216746,0.9616734,-0.27135408,-0.20052427,0.6788674,0.74421334
0.12756942,-0.041456178,0.053260297,-0.4263477,0.18911633,0.15061982,0.56046945,0.65518254
0.30199432,0.21013461,-0.21107523,-0.14573762,0.5629451,0.033887148,0.0747246,0.5799049
0.15938938,-0.005566016,0.4507649,0.8339983,0.8067452,1.549465,1.0971607,1.1312987
0.54558676,0.4558339,-0.5703848,-0.43552294,0.5045815,0.26905602,-0.048108034,0.63200414
0.17715418,-0.48673546,0.071130976,0.093029715,0.030766077,0.23396748,-0.07141797,0.37305337
-0.775753,0.12634341,0.6083093,1.2399144,1.3749335,-0.3700034,0.4349285,1.0145751
1.0654747,-0.47117865,0.9931408,0.64996046,0.39266592,0.8577326,-0.5414407,0.60089886
0.5198206,-0.029117838,0.33461028,0.6333087,0.78236204,-0.52973914,0.07548552,0.972856
-0.026525535,-0.11447011,0.54311943,0.9307905,-0.32222795,0.45438954,-0.026629755,0.32534564
-0.38480648,0.041106105,0.27311534,0.24738717,0.1274111,0.31759864,-0.15855707,0.40309897
0.63089967,0.10971503,-0.34389657,0.55110776,0.019927397,0.28848016,-0.47828802,0.4061948
-0.09448778,0.92478913,2.490308,-0.21368012,-0.923217,0.14244403,0.68716675,1.5521805
1.3680857,-0.0385914,0.7260086,2.646862,0.13470973,1.1824838,-0.70258313,-0.050486878
0.73068625,0.7192843,-0.18756588,0.89960754,0.029295728,-0.4471295,-0.4558129,0.61902773
1.1775602,0.5975543,0.43725324,0.4542873,-0.983455,1.2510074,1.2183853,1.3995494
0.04789132,-0.231894,0.07783587,-0.050227888,0.2350306,0.04411403,0.081041254,0.3937847
0.15717795,0.42582238,-0.38978654,-0.2779055,0.04462339,0.84494376,-0.07424233,1.0080981
0.7037091,0.18045615,2.215629,0.53973466,0.36023742,-0.6545262,-0.54520255,0.355358
0.618159,1.1386341,-0.26466864,1.4516921,0.2082869,-0.22748035,1.4566847,-0.32048374
1.2645527,-0.51563895,0.2507546,0.19185685,0.04386486,0.60576755,0.9236719,-0.18328488
-0.35565826,0.5101435,0.6168309,0.41517234,2.1569633,0.08079907,0.0010709674,0.78568023
0.04474702,-0.562469,-0.09039456,0.5425614,0.08774409,0.61356187,0.2634642,0.5838511
0.021745149,0.017668515,0.16038358,0.38827464,-0.1856051,0.035825722,-0.25241107,0.12896003
-0.356069,0.14822362,0.9547818,1.3466517,0.041592672,-0.16375011,-0.7521803,0.3854001
-0.07208704,-0.19948043,0.34877294,0.15175122,-0.5060109,0.25813413,-0.07044711,0.9514017
0.781243,0.23068865,0.5364069,0.14392966,-0.4417222,-0.37948322,0.41047832,0.32587656
-0.076385856,-0.07616188,0.26209998,0.52857643,1.1419872,-0.11048767,-0.07882057,1.1567951
0.20662916,-0.3222201,0.05800616,-0.26462844,0.44133562,0.28044277,-0.3098643,0.8198006
0.9402676,1.256666,0.49693215,1.7054199,0.5773633,0.9339228,-0.17661344,0.35147852
-0.5112155,1.2488753,-0.18658535,1.5590706,-0.65062094,0.8562647,1.3778371,0.19641635
1.232231,0.72416043,0.5592626,0.42299893,1.1976418,1.3306092,-0.92687345,0.53541183
0.009338245,-0.9259005,1.0420929,0.69528556,0.22762822,0.61886925,0.16478737,1.1102629
-0.38404676,0.03475059,0.16069904,0.5156379,-0.3509819,0.36692825,0.06071572,0.50776494
0.058213048,0.34421712,0.5543119,0.2093592,0.8292369,-0.62159824,-0.038095176,0.09899083
-0.5080928,0.35233766,0.8489427,0.40575555,-0.23486857,0.86081856,0.31977436,0.3174642
0.014177466,-0.5325751,0.55714625,0.039378844,0.11308889,0.40531105,0.41380993,0.39562052
0.8818844,1.2333068,0.34373417,-0.18530235,0.20536502,0.64181376,-0.6835479,-0.23796743
-0.004690759,-0.37237793,0.37489682,0.4475899,-0.029728964,0.09261184,0.12815133,-0.000728637
0.19835663,-0.3328309,0.5273298,1.1234102,0.43980885,-0.5275694,-0.18388556,0.59174144
0.20370841,-0.6338049,0.09526839,0.33829996,0.4135518,0.41394895,0.46536168,0.21583293
0.37668934,-0.78763133,0.18473282,0.37117255,1.0984303,0.3975983,0.7049727,0.50945467
-0.011780173,-0.42219,0.27663505,0.3705411,-0.16769828,0.16041169,-0.12886155,0.3022139
0.67884225,0.8170639,0.78538513,0.79078615,1.0834771,0.012585446,-0.31822747,-0.48413312
0.4367523,0.5326735,0.028540373,0.5109268,-0.08470051,0.77810025,-0.44015923,1.2022277
1.3300613,-0.16093965,0.082115605,0.576671,-0.24534817,0.5855683,1.0996164,-0.46691322
-0.23379871,-0.22564213,0.94247437,1.1836427,-0.029242262,-0.085112244,-0.13336736,0.436147
0.392351,-0.0503871,1.2862922,0.17796594,1.4123476,0.23789006,-0.42471024,0.1332482
0.9380018,-0.46023387,-0.19794692,0.12117984,0.67436767,0.45352787,0.36032978,0.24514362
0.114710145,0.53462374,-0.364321,0.5954778,0.40756583,0.35122716,-0.49867368,0.71463984
-0.17916313,0.51066947,0.019081533,0.25377885,0.36202702,-0.29517582,0.4733142,0.24714531
0.830205,0.80152506,-0.56267375,0.061279334,0.26369846,0.529861,-0.525186,0.6121079
0.018854525,0.014053285,0.26006076,0.071113415,-0.024300009,-0.23428422,0.17124309,0.30893308
0.300101,-0.14731936,-0.055103183,-0.20618469,-0.020899743,-0.0066090226,0.22700855,1.1065176
0.09708377,0.69832695,0.525167,-0.51191574,-0.087753996,-0.024932489,0.7147464,0.20295106
0.6863305,-0.042994097,0.9199986,-0.44464293,0.259534,-0.6279239,1.0826378,0.7925436
-0.44531664,-0.061099187,1.5514406,0.70721096,-0.37662262,0.5119442,0.030787861,1.4909681
0.716214,0.13094531,-0.22512414,0.10429357,0.22620611,1.2078321,1.0975144,1.0793412
1.3713244,-0.556419,-0.43328226,0.6027019,0.015693441,0.25679508,1.4743246,0.08462426
1.6852618,-0.8696024,1.6060611,0.46659103,-0.030987367,0.9465214,0.62648654,0.19410196
0.36462048,0.039566368,0.34119263,-0.122150965,-0.23079492,-0.30672717,0.13426313,0.15188561
0.25314656,-0.2639149,0.22023964,0.16682768,0.019304886,-0.2877719,0.06459766,0.20810655
0.18138072,0.098901644,0.10605969,-0.43724743,1.052946,0.09657863,0.12563683,0.40428972
-0.14230457,0.8112086,0.6897629,-0.025459744,-0.5980576,0.2810195,-0.30060473,0.46336272
0.08817126,1.5148896,-0.028713971,0.7896347,-0.74266285,0.16288868,0.6115071,0.6416955
-0.6699026,-0.107196644,0.5709764,0.69499505,-0.18064229,0.75245357,-0.12854038,0.49918333
-0.38380352,0.137103,0.1426991,0.1310825,-0.675201,0.7901866,0.50578725,0.8594366
-0.80374783,-0.25696295,0.8720368,1.3130577,0.9107967,0.018003792,1.524233,1.1164075
0.54497695,0.78759104,-0.25727445,-0.2573257,0.48833847,-0.36545557,0.4021459,0.18218815
0.099780604,0.38170993,-0.56606376,1.3941947,-0.09186788,0.18107481,0.34495112,0.5731862
0.38368788,0.5288259,0.9451806,0.94169,-0.5595916,-0.51274776,-0.1561532,-0.14726344
-0.58651084,-0.3792103,1.1427621,1.5039941,0.08712281,1.1941321,1.062332,0.4861452
0.8009416,0.5380734,1.3066418,-0.17286697,0.26458752,-0.8290649,0.6756353,-0.066165015
0.56576884,0.63120353,0.7201965,0.610821,1.6177331,1.3163105,-0.5361937,0.8465874
-0.5800586,1.3418946,0.5530663,0.25601822,0.5093012,-0.23710927,0.41480973,1.0086585
-0.29865965,0.87018776,0.32240194,0.046136383,-0.07517888,0.008967057,1.6105398,1.2298664
0.4344073,-0.17827202,-0.2723995,0.92556113,-0.2924499,0.7498939,-0.21959047,0.9792806
0.005535573,0.4129277,1.3719357,0.30274612,-0.39359772,0.02184163,-0.25837788,0.27877292
0.35182256,1.2171787,0.9148875,2.0599663,1.8484236,-0.9544966,0.6752279,0.8347808
0.58789486,0.46500152,0.8483819,0.8972123,-1.0473917,1.3981373,0.39672533,0.7178939
0.28351906,-1.4060715,1.3812587,1.7065862,1.0321387,1.5814795,0.65649486,0.8266547
1.5231854,0.20516036,0.28493127,1.2973313,0.22355224,1.0961885,-0.47421703,-0.16403154
1.715176,1.3319154,-0.24841101,1.3190553,2.2534838,0.24279656,0.21950069,0.39193803
-0.55214155,0.20300184,0.77644634,1.349183,0.90991604,1.0845203,0.14453553,-0.20864591
1.1275792,0.09712605,1.3666536,1.0250304,-0.819153,-0.6188724,1.6683863,0.86435163
0.27003103,0.63586116,0.75239,0.1615305,-0.7563547,0.87464607,0.1862893,0.2965423
-0.014288221,-0.07447478,-0.021942064,0.9853812,-0.6232412,0.32779717,0.05426009,0.49994087
0.2706432,-0.30282795,0.03504096,0.26944664,0.3174999,0.2527967,0.006044647,0.20087096
1.0737331,0.71176624,0.9061396,0.63598585,-0.6697095,0.4601064,-0.6089942,0.08835529
-0.33882818,0.14835553,-0.013572648,0.7537766,0.7974232,0.48232228,0.8907303,0.23478583
1.2381245,0.09540157,-0.11145298,-0.43344852,1.5227553,0.47532243,-0.07014755,0.6034881
-0.4105439,0.7783207,0.6943997,0.46210387,-0.6577425,0.5036043,0.20171063,0.24306664
0.75121766,-0.26497436,0.08940475,0.12544107,0.05360864,0.21301961,-0.25664398,0.5064286
0.013126899,0.23965497,1.0359848,0.3132442,0.23166217,-0.74740046,1.1660639,1.0264151
0.19234449,0.042268082,1.5190874,1.6694086,0.18910114,-0.66613126,-0.65266746,0.8094595
-0.032065906,0.2561509,0.84626997,-0.071819074,-0.68279207,0.19140986,0.021626348,0.755862
0.06592418,0.25296897,-0.36806482,1.4318151,-0.36006582,0.6204931,0.33082387,0.18933356
0.9449927,0.799638,0.03304644,1.0883118,-0.60125536,-0.4206074,1.0617591,0.8260596
1.4826235,0.4678014,0.34952956,-0.009565227,0.31052673,0.22689833,-0.4562532,0.16965194
0.9720909,0.37810892,-0.4709561,0.61275834,0.5486067,0.06275159,1.6912583,-0.003605187
0.014768951,-0.061429963,0.23460725,-0.14649153,0.33769566,0.31423613,-0.45390424,0.1997045
0.7906337,0.19853954,0.01633355,-0.4316822,0.16843532,-0.39732146,0.71578056,0.75582224
0.7600978,0.050678387,-0.22553347,-0.6197813,0.45166153,0.27376264,0.2476285,0.45340887
0.19282743,0.08691989,0.033735685,1.8571304,-0.55915165,1.0727885,0.5218347,0.2793186
0.12905368,0.35438883,-0.18489896,0.55866987,0.45405263,-0.04078479,-0.14164408,0.5298139
0.035931714,-0.046687856,-0.010299996,0.12458274,-0.11415993,0.35399887,-0.4129142,0.54604733
-0.2861487,0.20196915,0.0866272,0.3567058,0.15419129,-0.0067055225,0.22831857,0.29791433
1.4190825,0.42551172,0.6484006,0.9151434,0.8841919,-0.6682391,0.1255699,1.1785227
1.119696,-0.16682394,1.417751,-0.27432027,0.58428985,0.09849874,0.7131945,-0.22806796
-0.33343115,0.2803167,0.14347155,0.43553433,0.11990479,0.29382312,-0.46450397,0.3098944
1.0379883,0.71160483,0.4019158,1.4799333,-0.62607414,-0.388329,0.9068267,-0.6517618
0.42913866,0.33320552,0.8282349,-0.07931591,-0.42764997,0.04716252,0.18522535,-0.08768937
0.20485365,-0.051643863,0.23076488,-0.050510086,-0.6101148,0.5228568,0.93862957,0.75118303
-0.5110739,1.5853771,1.2853798,0.981299,0.8706766,-0.6294009,-0.045443457,0.42691767
0.14227915,0.26432115,1.7093515,0.4012352,0.4420228,-0.5283163,-0.22256537,0.21603899
-0.6041388,0.7988357,0.30421895,0.13931054,-0.8491837,0.9529085,0.2239571,0.9444103
0.9546371,0.072994635,-0.7652769,0.19076839,0.92631227,0.37006292,0.12372465,0.6429877
0.037003808,0.36405718,0.25936657,0.7245844,-0.75071514,0.23211719,0.036156163,0.26279977
-0.35632947,-0.32000107,1.0447596,1.7396636,0.51902574,0.882911,-0.016634148,0.5790013
-0.7678947,0.20071195,0.88773644,0.4718419,0.16590069,0.06170057,-0.6140989,0.73767316
-0.75705,0.6391444,0.9747629,0.34873593,-0.1558535,0.20614421,0.44487438,0.63381195
0.022376642,0.10473348,0.78817,-0.24405438,0.49347126,-0.11013931,-0.097576365,-0.07582854
1.1171442,0.6232063,1.64939,-0.22173214,1.3117226,1.0167602,1.0112594,0.30787593
1.5019951,0.2626173,-0.27474988,0.33293986,0.15672995,-0.41368955,1.8141236,1.475092
1.0164655,-0.14049147,0.08989876,0.5947503,0.4656253,0.35219216,-0.5699103,-0.0041543692
0.06822425,0.5139618,-0.32611936,0.1034076,-0.23983417,0.08982074,0.7062122,0.41137648
0.75462973,-0.34206206,0.37997162,0.37205347,0.34712118,1.0981916,0.10751146,-0.21178553
0.42140713,0.6402811,-0.6418326,0.27940932,0.8725496,0.79187423,0.9025821,1.3446436
0.7670035,0.7186352,0.005129993,0.78233373,-0.4973755,-0.34243524,-0.13132474,0.1443211
1.3511362,0.6614891,0.7086858,-1.0158699,1.5316085,0.31521568,0.47123268,0.1699793
0.699563,0.098634616,0.16250308,-0.46241894,0.744727,0.31677523,0.66635144,0.05923882
-0.39377722,0.26282662,0.46254885,1.943635,-0.096902564,0.41376847,0.21067494,-0.030107826
0.104606904,-0.02126643,0.0717022,-0.18219891,0.2711888,-0.18038476,0.06333785,0.3399336
0.84487677,0.13828199,0.050394326,0.07878908,-0.4124937,-0.059093118,0.44042572,0.41544276
0.38798478,1.206733,0.19467281,-0.1929687,-0.32610446,-0.8743038,1.4222134,1.5369694
0.23041457,0.64222383,2.6003852,0.12138861,0.4944352,-0.2417188,0.640372,0.73226655
-0.46429726,-0.4407711,0.81370854,1.6168478,1.1902703,0.6563781,0.02034034,0.13128158
2.024365,-0.5924347,0.95338523,1.064856,1.0978845,0.79031944,0.37655908,0.020157859
1.761557,0.9781604,0.2762568,1.0176618,-0.06436001,-0.68176055,0.79198813,0.19237123
0.50204873,0.58262944,-0.10283588,0.46535227,0.4645682,-0.8852449,1.4166495,0.38481122
0.09803967,-0.1923639,0.8632678,1.5510844,0.21605624,0.3442863,-0.15917504,0.017934918
0.67651075,0.87906814,1.6214007,0.16891605,-0.5585448,-0.37273762,-0.6347931,0.9255709
1.0828148,0.59108055,-0.93317604,0.5992337,0.9103143,0.3363797,1.0450419,0.35413986
-0.5376082,-0.2690752,1.0288148,0.93570244,1.2411746,0.13608174,-0.71982366,0.5075315
-0.15931386,0.11493255,0.58964115,-0.22082773,0.61662364,0.049506463,-0.035345595,0.20107643
0.74470013,0.10971694,0.96493834,-0.7869448,0.58510816,0.4507999,0.7926159,0.48760772
0.42377385,0.08125655,0.088209584,-0.52320975,0.8605471,0.293527,-0.029190505,0.26984248
0.37145123,-0.26971442,-0.034622446,-0.0012877211,-0.2666996,0.55693376,-0.12847741,0.62717885
0.17583579,-0.6550185,0.3499162,1.2151172,-0.28250057,0.7870017,0.61649454,0.2946687
0.14451665,0.12572716,0.58945006,0.9264033,-0.24943946,0.7054604,0.74176663,-0.49211347
0.27181312,-0.24846181,0.016902864,0.42623055,-0.1226183,0.17051831,-0.28771845,0.36484218
0.43764484,0.5239479,0.99040097,-0.12604687,-0.9852839,-0.34412616,0.48872763,0.8084591
0.7214454,0.23247372,0.6846745,1.3775121,-0.34353638,0.46815178,-0.7040598,0.4978792
0.22826505,-0.29691476,0.2492313,0.6530786,-0.7171655,0.33773276,0.44749054,0.63336885
0.24131039,-0.16172658,0.10995873,0.39773923,-0.013114527,0.010397442,-0.32256916,0.28247577
-0.37098828,1.0271617,-0.22826983,0.44899157,0.40510225,0.3300617,-0.03402847,0.3663271
-0.16100386,-0.11817026,0.25392902,-0.048819833,0.3343899,0.07343279,0.099280335,0.17610854
0.12992236,0.19599567,0.1084492,0.09215282,-0.23946528,0.50319165,0.040230416,0.19973303
-0.19575387,-0.27507657,1.2681698,1.0110996,-0.27963203,0.5465558,1.3203415,0.48627734
0.29501984,-0.22102977,2.1655214,0.69112235,0.51232755,0.19686092,1.4361951,0.81664497
0.21726894,0.079313174,0.41658634,0.8954489,-0.85097414,0.44610977,-0.025217863,0.55402064
0.50660855,1.2502502,-0.23759352,1.3527067,0.15917371,-0.5728091,1.2594801,0.5220172
1.3842576,0.4471953,0.20689918,0.35434046,-1.1894333,-0.364081,1.018392,0.3202113
1.3617187,0.15267907,-0.10001424,1.2049491,-0.18879853,0.4243897,-0.7777049,0.48620015
-0.18411249,0.7909804,0.24583763,-0.26525977,0.5332237,-0.06586553,0.32366958,1.5389254
0.3736792,-0.07108338,-0.16857107,1.0791831,-0.18583672,0.21217163,0.8657089,0.3427909
0.41477594,0.43686092,0.024888873,0.6953886,0.06711988,0.07999519,-0.68496376,0.35373607
-0.22888708,0.24119262,0.36583382,-0.06582924,0.051332705,0.3182169,0.5366376,-0.12623706
0.31620288,-0.33107382,0.56346935,0.9769865,0.4018656,0.4618342,-0.38445985,-0.16419181
0.03625185,1.2247653,0.48578644,-0.79276913,1.1352005,0.0045003965,0.4650776,0.1467306
1.2702485,0.2583903,0.5238709,-0.4968064,0.43934292,0.65427184,0.15163018,0.44129086
0.999414,-0.4111761,0.51019096,-0.08579723,0.7163543,0.46434847,1.7215337,0.18404959
0.41384688,0.001020819,-0.18161543,0.0018694177,0.1622237,-0.13451475,0.6526261,0.36197537
0.035629205,-0.44863826,0.08208631,-0.13811451,1.1362638,0.520821,-0.1314251,0.7441271
0.57692826,1.3740251,0.2676322,-0.2542261,1.0638416,-0.25052875,0.7787675,-0.42925715
-0.72211766,0.9021049,0.21325274,1.0896064,0.7581839,-0.14371485,-0.19819872,0.36385572
0.80982196,-0.7295275,1.1179495,-0.0575789,0.81381494,-0.119422525,0.9688603,0.5485885
0.74165386,0.121567324,-0.26363182,0.47190323,-0.44409204,0.63198584,0.07233087,0.35702655
0.3230461,1.1216993,1.1571233,-0.79160184,-1.2138408,-0.40843558,1.087236,2.0034156
0.7893862,0.29106194,-0.7970961,0.7869087,0.18588902,1.3311976,0.7221321,0.762061
0.88208014,0.28405017,-0.4845941,0.023702178,-0.91401464,1.1268816,1.2204767,1.4936883
0.4491885,0.1096942,0.4410286,-0.33757743,-0.32527155,0.521344,0.019035464,0.8200424
0.9524043,0.50382394,0.11708523,1.2286699,-0.38401985,-0.38706172,-0.6538493,0.97794974
-0.06127636,-0.076707795,1.4954408,-0.09975868,0.16593502,-0.07650629,0.83817977,0.51274717
0.00823535,0.3115855,0.39067137,0.022554293,-0.105733156,-0.4149263,0.18731721,0.3415116
0.18322688,1.6812938,0.3267501,0.55774486,1.2195165,-0.15182516,0.97460437,-0.4813891
1.5511866,0.54949665,0.6014829,0.47173774,-0.706646,0.97975487,0.16091,0.7516214
-0.034675464,0.15564306,0.18526453,-0.2669989,0.23503014,0.27801386,-0.27905688,0.13536951
0.020726334,-0.69225186,1.1645683,0.4633836,0.7541916,1.3283768,0.64004946,1.4644904
0.49937084,0.54941666,0.07642262,-0.17446849,0.7900248,-0.05159256,-0.43250588,0.57245904
0.3673369,0.86440325,-0.23470275,0.079513654,0.48014396,-0.47751826,0.1437466,0.8788723
0.28388357,0.122880384,0.3684035,0.84135354,1.2582021,0.05216472,0.28391513,1.3348148
0.9903271,1.4824983,0.38001394,-0.4386762,-0.33094668,0.73629117,-0.28269804,0.22498544
0.65188926,-0.14344315,0.28518456,0.990405,-1.0702754,0.35642105,0.23019351,0.45273444
0.53781945,-0.42748034,-0.15512787,0.9057318,-0.3837676,0.3995325,-0.0032965033,0.26984552
0.98775744,-0.38875067,0.20738453,1.111139,-0.5104991,0.46068686,-0.058248483,0.29732075
0.024016686,0.3852597,-0.0055674314,-0.14135838,0.09747369,0.012998894,0.1107228,0.13471222
-0.31578442,0.14075153,-0.08626172,0.3549227,1.166755,0.65070105,-0.31926918,1.2811902
0.5464139,-0.5017696,-0.018424764,0.3725619,-0.44127077,0.18490371,0.21846686,0.3429121
-0.75145274,2.4641643,0.56442523,-0.0784748,0.836244,-0.78112197,1.1419052,0.1822703
0.12297203,0.058672205,-0.39644563,0.5376454,0.20129439,-0.041989416,0.8185893,0.8182509
0.24580386,-0.11015436,-0.14802112,-0.14692274,0.28338146,0.024046578,0.23424922,0.43616942
-0.25772473,0.025372237,0.21934962,0.754631,0.09850165,-0.28542095,0.4153069,0.29819268
0.008521944,-0.108651295,0.3388327,1.1251341,0.3580079,0.7485594,1.719276,0.07278073
-0.40481758,1.6229774,0.6803852,0.40614772,0.4401403,-0.64792687,1.4113984,-0.42325944
0.10239596,0.8281089,0.13145876,0.9663592,1.1605186,0.027580544,0.436635,0.062290892
0.80483764,0.5518259,0.28050673,0.060223687,1.1755855,-0.5227422,0.95272243,0.15365292
-0.98224455,0.34451878,0.55306125,1.3027325,0.27850145,0.36497822,0.20750542,0.3888697
0.48795754,-0.6180068,0.42553717,-0.21679181,0.8872926,0.39172757,0.26623228,0.27542138
0.9334099,-0.1424839,0.8045586,0.6239503,0.50858146,-0.36858538,0.63511413,-0.11198592
0.09077795,0.21897532,0.6651359,0.8494726,0.7617283,0.49907193,-0.6643773,0.40170234
1.0115583,-0.44750595,0.32856178,0.08557304,0.46952462,0.8966584,0.6072922,0.017686859
-0.55867916,-0.25799757,1.934131,1.1647184,-0.10465093,-0.8870161,-0.2929417,0.99154323
-0.020945627,-0.5076522,0.58759314,0.7822131,0.090350926,0.3781849,-0.13091223,1.1254277
0.8851309,1.8437159,0.20525526,-0.29501387,1.9621936,0.8541112,0.036839634,0.40018675
0.27801394,0.17157237,-0.5191197,1.1650823,-0.58723205,0.65196294,0.6907163,1.0963793
1.0225736,1.0445497,1.5954891,0.7153466,-0.23951183,0.5435879,1.4338106,-0.18456995
0.023251139,0.26391143,-0.28175253,0.24875554,0.7933993,-0.11645985,0.70078194,0.7434168
-0.172672,0.31635112,0.3562988,0.030012906,-0.059455544,0.1327753,-0.2725409,0.06493424
2.3153493,0.5138024,2.0213318,0.26599544,1.2079564,0.3437174,0.50021607,-0.50496006
-0.7710955,0.1484174,0.78135824,2.129073,1.1017787,0.7578252,1.1272027,0.16124344
-0.14772138,0.21712287,-0.028051749,0.32394633,-0.35606587,0.6144054,1.0326384,0.3517232
0.2878116,-0.1435513,0.67069554,-0.06241908,-0.31810135,0.80343527,0.2393022,0.8592042
0.392686,-0.100219354,0.04557202,-0.20863673,0.71697307,0.06522317,0.1846072,0.21756771
1.2798934,-0.2480305,-0.16942064,-0.6660435,2.673993,0.5701705,0.9403841,0.6158719
-0.09234334,0.10462293,0.23925754,-0.2400116,0.09048388,-0.12292011,0.028825937,0.7097462
0.5752211,0.10752432,0.4824896,0.07276351,-0.750023,-0.39640996,0.25305182,0.3222415
-0.09062132,-0.18092747,-0.0028728545,0.18935312,0.23372309,0.736472,-0.42902482,0.7898447
-0.1509066,0.7727752,0.14586161,-0.28948903,-0.6327662,0.24906975,0.23983608,0.522537
-0.7979504,0.58332944,0.44747603,0.83297354,-0.24790363,0.8473927,0.06775304,0.3610815
-0.14235598,0.5047176,-0.10792838,-0.28373885,0.32066774,0.22413874,-0.29996276,0.87907934
0.6470595,-0.46377683,0.2008536,0.24418846,0.96432406,0.43217587,-0.36923552,0.4056293
-0.62405473,0.3236881,0.3429137,0.9304798,-0.09557472,0.38482523,-0.21285968,0.28737965
0.33924574,-0.01926811,-0.32275194,0.038760893,-0.09785697,0.12886721,0.07515222,0.63749
-0.39883423,0.16202141,0.4571653,0.69815797,0.073751956,-0.3478723,0.0060509895,0.2418217
-0.61354405,1.4626522,1.306831,0.05156108,-0.49174672,0.52945215,-0.34065434,1.0586463
0.47915867,0.9037771,0.4260236,-0.55797416,0.031596765,-0.29949415,0.4263883,0.24578092
0.44652495,-0.5985592,0.111994624,0.59088665,-0.43771076,0.49266127,0.0933576,0.5369131
0.40033588,-0.20863475,0.3618031,-0.106851496,0.3655203,0.74740684,-0.2994242,1.0333445
0.36207107,0.87597543,0.43124467,-0.64384943,-0.40727443,-0.28975296,0.4361132,0.45839387
1.1756493,-0.43859774,1.0480373,1.401891,-0.1849124,0.52334106,-0.6044809,0.122091964
1.3254987,0.5952279,0.82633317,0.07019348,-0.5137538,0.48486295,-0.7970338,0.5013362
-0.16139197,2.100931,1.1579472,0.64109814,1.2120191,1.9316344,1.407765,1.71626
-0.25144342,1.0817177,1.1074395,0.7676687,-1.2680979,0.82374394,0.44562504,0.68371874
0.7157232,-0.49360782,0.76083773,-0.29775482,0.21679144,0.5960942,0.16131832,0.4394905
0.029722802,-0.30850536,0.5775726,1.1432766,0.068740726,0.27615207,-0.24644901,0.36304843
0.31864557,0.52386695,0.19921185,-0.06298009,-0.005877778,-0.61185455,0.30351236,0.03247895
-0.38303086,0.023145601,1.7237049,0.5128857,0.4897405,0.28725865,-0.36028424,1.4843006
0.82597417,1.4812893,0.22608972,1.3627932,0.056428924,-0.8589767,-0.035976116,1.0417866
1.3019676,0.8228754,-1.0495077,-0.33249187,1.6129978,0.31860393,1.0022317,0.78702915
0.008491404,0.16276275,0.18342602,0.25332126,-0.5496324,1.2960804,1.2011062,0.71544224
0.7559972,0.35808265,-0.2040963,0.50182885,-0.6248445,0.2140362,0.46820927,0.5701096
-0.20208287,0.08052139,0.16517068,0.78704196,0.1398153,0.42173013,-0.15782864,0.31711498
0.54398817,-0.54078364,0.10339287,-0.15744576,0.99507195,0.35592255,0.017507987,0.8767704
-0.37909606,2.2915492,0.6330172,0.42411932,-0.17119394,-0.16579866,-0.5577973,0.19524534
0.9523813,-0.012356058,0.2757036,0.4871883,0.4362951,1.1775612,-0.068429485,0.63598776
0.37606034,-0.24764128,0.8072988,-0.2432357,1.2445707,-0.14358553,0.9366653,0.48650444
0.93152523,0.5990119,0.49209678,0.6596614,0.1412067,-0.21209064,-0.45994645,0.69384843
0.7792192,-0.89692074,0.38942736,1.155191,0.034886375,0.65887105,0.064607345,-0.19090584
0.13455173,0.37167633,0.8260483,1.1525221,-0.69773716,1.1040071,1.0922027,-0.65774167
0.0661359,-0.31165838,0.08527018,-0.060839273,0.12648253,0.07902787,0.35873953,0.4493143
1.0090151,0.801283,0.5558179,-0.30818295,1.0260032,0.9880395,0.2423817,1.0821407
0.6553792,0.43239862,1.4511894,0.80339557,1.0023726,-1.0325325,-0.057217203,1.6914823
-0.42860344,0.1749481,0.5345303,0.8423906,-0.34805626,0.52150655,0.026082871,0.33093873
1.110598,1.0274569,0.13809854,2.8451388,-0.50492543,0.9511004,-0.24244633,-0.43554926
-0.064905904,0.9347987,0.7241018,-0.7825274,0.7669918,0.12253845,0.49478757,0.1269448
0.6114803,-0.598091,1.0573831,0.16265777,0.9553029,-0.10575768,0.5347656,1.1608393
0.63492817,0.15224902,0.8801949,0.7481709,-0.2686903,0.38736522,-0.7016073,0.08149816
-0.35259867,-0.48134458,0.49302953,0.5993972,0.49104476,0.22844228,0.09057843,0.32553083
0.06443768,0.6999842,-0.17619263,-0.24585894,0.033822864,-0.05603516,0.020769196,0.5176245
-0.65461206,0.50658655,0.34009773,0.5017775,-0.2351699,0.1239564,0.20490913,0.17797928
0.055623215,0.124646604,0.016935542,0.86857724,-0.17096685,-0.04561366,0.29108077,0.047983624
-0.026834652,0.49551404,0.7756747,0.517464,0.84581804,-0.07537265,1.2726864,-0.6450932
0.18949926,-0.39786106,0.44333565,0.6717027,0.051816583,0.12488138,0.12854378,0.18738046
-0.21100837,0.66047275,0.2586822,1.8416736,-0.0990383,-0.12593727,0.1430185,0.07545285
0.15959841,0.38667113,0.98507786,0.049357943,0.42341107,-0.13325194,1.1140811,-0.4709043
0.15848249,1.0095628,1.7889016,-0.41530406,0.05383654,-0.10526842,2.0741384,1.3507307
0.039610058,0.1286061,0.23401047,-0.3753803,-0.14278959,0.030362621,0.59917504,0.99240154
-0.23604745,0.0035638064,0.98586047,0.4092002,0.2727766,-0.87359047,-0.22963469,0.8301091
0.32895982,0.20889221,0.13617001,0.5018875,0.09702535,-0.23623851,-0.18761052,0.79535574
0.9577251,0.01838459,-0.28770387,-0.17030972,0.5062675,0.4517854,-0.077994615,0.087659076
0.2493468,0.19356237,-0.03594072,0.07456125,0.37707013,0.37668785,-0.3882421,0.10217127
0.34361067,-0.40127063,0.6421047,1.5015635,0.05181344,0.16355708,1.0011162,-0.064721376
-0.10235899,0.24076064,-0.027258024,0.41090795,-0.08265445,0.24377173,-0.25667787,0.34827477
0.15502709,-0.40379864,0.16731238,0.03791486,0.20544644,-0.123915166,0.15602137,0.6435577
-0.18372291,-0.16846533,1.0419382,0.71832883,0.99239916,-0.52085626,0.62573117,0.6177007
0.62020296,0.7786662,0.008035377,-0.29187986,0.46842754,-0.4092496,1.2477754,0.6033185
-0.21660164,0.6159176,-0.28407538,1.0010804,-0.17951362,-0.028709263,0.19969065,0.37326062
1.423085,-0.1942542,-0.12551142,1.8716531,-0.7341403,0.74930775,-0.00087023666,0.04515235
1.4441068,-1.0514387,0.6412952,0.89029104,-0.19517832,0.707421,0.7577089,-0.31340176
-0.02917828,-0.2518186,0.8618534,-0.06484037,0.3482787,-0.49755335,0.59355044,0.5622858
-0.61667514,0.93938506,0.8372084,0.118472435,0.30360705,-0.34793043,0.102806024,-0.19165957
1.0068786,0.31998408,0.2619453,0.21372434,-0.26500988,-0.10443735,0.27760777,-0.036146373
1.0794667,0.08083214,0.5247832,-0.3863272,-0.14810352,0.399795,-0.27058524,0.13061918
0.53214264,0.5238619,-0.62497985,-0.046602227,1.5033473,0.004815817,1.1599805,0.6509703
-0.0014151372,0.34750223,0.02277723,0.46590245,-0.6948811,1.1843008,1.0446547,0.37527752
-0.25890502,0.50897026,0.7642585,0.13432512,-0.03736788,0.36203232,-0.38827357,0.28322822
0.24101889,1.2827333,0.21284804,0.9804087,1.6543838,0.08748528,-0.73702216,1.5999794
0.46124342,-0.14262223,-0.1627753,0.6977251,-0.15352519,0.055942953,0.308153,-0.09710899
-0.49806586,0.70616585,2.1829298,0.78934455,1.0076114,0.039428726,0.3823297,-0.056705832
-0.4464664,-0.062367544,0.5246627,0.8358695,1.394164,0.50567365,0.3794952,0.07374595
0.33105114,0.55118257,-0.14219554,-0.10100021,-0.677448,0.538125,0.05784172,0.30792293
0.23324734,0.7771892,1.6475402,1.1457312,-0.2949605,0.7619155,-0.7918844,0.27812535
1.7694651,1.1188684,2.161511,-0.020128444,-0.76095235,-0.4365012,-0.16163453,1.2227184
-0.1175076,-0.21677203,0.7492558,1.0086832,-0.07822475,-0.009722769,-0.27395555,0.45586923
0.1617839,1.3140564,-0.22888781,1.5341636,0.11600287,0.31743246,1.567759,1.3683324
-0.075259514,-0.3970273,0.8678727,0.66715086,0.29312575,-0.48297894,-0.20936875,0.45538336
0.830003,0.05122803,0.40424424,0.8530384,0.8325674,-0.5261225,0.35601303,0.8831914
-0.15944642,0.21052502,0.29380172,0.98506963,-0.5187836,-0.091379255,0.07818661,0.3303497
0.43323967,0.28852868,-0.051600352,-0.49517658,0.4335432,0.25206745,0.07980581,0.1954429
0.05769732,-0.48624873,0.45576817,1.01501,-0.054542914,0.812585,0.4257897,-0.15298635
0.6506264,-0.53768957,-0.17379864,0.05347391,0.08447069,0.34126633,-0.30566707,0.46391672
-0.58256626,0.08822407,0.40783083,1.0236068,0.44631082,0.42333454,-0.43522027,0.92547226
-0.5511619,0.9364042,0.8547884,-0.39740184,0.5899935,0.98909765,-0.493345,0.69544035
0.2633587,0.4469906,0.01515761,-0.29177824,0.18511002,-0.38632196,0.0063033686,0.4287488
0.46018374,0.05447994,-0.2004899,-0.22143367,1.0209439,-0.032305047,0.4397674,0.42782134
0.3819379,-0.6109487,0.081381455,0.2258217,-0.18844567,0.5185374,-0.055059366,0.3083583
-0.04270427,0.6318637,0.87740904,-0.6344181,-0.05433865,-0.043758184,1.2583789,0.847671
0.1051606,-0.58431935,0.5326966,0.33891386,0.9656469,0.37641898,-0.112850145,0.2429136
0.8017617,-0.724329,0.23955737,0.99476796,-0.12033537,0.37523636,-0.046942115,-0.057361335
1.1149775,0.16535763,-0.31861562,-0.039081477,-0.024736121,0.54791075,-0.40356016,0.38723284
0.40856627,0.6307462,-0.78920466,0.5339154,-0.10385461,0.27787232,0.20711158,0.6310959
0.85367316,-0.7834537,0.18695702,0.5225083,-0.15616174,0.025363311,0.6100769,0.374479
0.3975131,0.4759497,-0.04507032,-0.73562366,0.30876404,0.105266914,0.15640871,0.58130753
0.20227298,0.13546173,0.03022603,0.072606415,-0.31683987,0.04238535,0.04032337,0.073199056
-0.9332865,0.25723314,0.5813046,0.6947458,0.7627142,0.36463898,0.6548155,0.3298375
0.36842594,0.08334483,0.34646332,1.4268861,0.10545786,-0.8904405,0.41687354,0.20880377
0.19550708,0.19960909,1.4314629,0.98787403,0.46307498,-0.7867211,0.40035442,0.7476815
0.80345714,0.76098466,-0.22376151,-0.45450786,1.1999589,0.4987503,-0.3710573,0.66684616
-0.011181507,0.10558705,0.83978736,0.7739746,-0.06343423,0.8028093,-0.15824626,-0.27077425
0.69892585,-0.6264143,0.86232567,0.47922686,-0.6823879,0.9566669,0.69132954,0.6527257
1.2654959,0.7049809,-0.92665374,0.7761814,0.21770968,0.28369325,1.3386604,-0.19273758
-0.14723784,-0.5044385,0.7430866,0.34502384,0.7786072,-0.03185308,-0.5289818,0.37784132
0.29039767,0.028250441,0.07462437,0.5013202,0.9898284,-0.32536674,-0.21570265,1.0151122
-0.6447675,-0.045708254,0.59454423,0.60798645,0.41110253,0.33005998,-0.6045124,0.5399405
0.29122004,1.0501364,0.19015723,0.092467725,1.4189966,-0.30955002,-0.28768924,0.5449217
-0.08943349,1.0048565,0.50613904,-0.08639214,0.48087108,0.95339036,-0.95725924,0.48412612
0.03271167,0.072223336,0.0820558,1.176194,-0.068707466,0.110240296,0.77101153,-0.20637
-0.60952383,0.32019478,0.5653253,1.6731193,0.52184856,-0.27111173,-0.11827906,0.4976306
-0.11474853,0.091992006,0.12801005,0.7019784,0.13974239,0.8040448,0.4648774,1.369112
0.4048197,-0.33415097,-0.018087119,0.56073314,-0.03988737,0.28109723,0.24225724,0.42927894
1.1340305,0.82710063,-0.07248695,0.7114444,0.2931292,-0.34199744,0.7312407,1.6038203
1.5147682,-0.12695445,0.39051944,1.138549,-1.060582,0.1633636,0.5320185,0.9149881
0.07870477,1.0796949,-0.08016351,0.7082141,0.50510013,0.6665895,-0.43254447,0.41165346
-0.004650552,-0.5070829,0.3751096,0.13054928,0.40050542,0.78825885,-0.13158281,0.46569562
0.033336177,0.18157136,0.03839659,-0.08919231,-0.3583454,0.5523609,0.3756617,0.21038301
0.1307421,0.22984944,0.42935997,0.31690717,-0.28431833,-0.48010504,0.4053723,0.33643118
-0.72258013,0.8241749,0.47875875,1.6018034,1.099823,0.42959234,-1.1969528,0.85534346
-0.061826713,-0.02914162,0.6862823,1.0311838,0.54404813,-0.70531315,-0.053392623,0.09054342
-0.48831573,1.1007053,1.2315539,0.38144428,1.6666968,0.3100188,-0.83224505,1.7194347
1.3886453,-0.40593803,-0.17317586,0.22675657,1.0873764,0.78358054,0.3576501,-0.010697052
1.8431438,-0.34027505,0.33865786,1.4437988,0.006828621,0.8189125,-0.11475941,-0.4540531
0.8701256,0.40428042,0.1144598,-0.20948747,-0.4054017,-0.06665674,0.5800642,1.0939369
0.7066073,0.14438872,-0.12768133,-0.50809366,1.3708924,0.3860215,0.76686347,0.32631606
0.9950426,0.563431,-0.06919022,0.006371148,0.029710367,-0.78137124,0.39837962,0.53887594
0.7524701,1.6364573,1.1620407,0.88725704,1.0901911,-0.30268276,-0.63395983,0.92202157
0.65866387,1.4912841,1.9566903,1.2362225,0.8112496,1.2087326,-0.50002277,1.2330749
-0.30989286,0.68883806,1.151976,-0.07871964,-0.23808853,0.01208628,0.09095105,0.5244999
-0.58419615,2.023596,0.36691743,0.097262375,0.30069113,-0.26004717,1.0718023,-0.08951411
0.2757557,0.107436046,0.002123639,0.42839172,0.68302494,-0.62327695,1.0595857,0.20667966
0.056493364,-0.056190997,-0.32520056,0.3834453,-0.20795403,0.40257943,0.5700119,0.58612525
0.25978243,0.2208073,2.2949982,0.004300289,0.47164226,0.48088607,0.6169694,0.3150826
-0.6508414,0.9732202,0.6806374,0.018529512,-1.0160264,0.45178306,0.49445793,0.88987386
-0.04219202,-0.26225078,-0.05496359,-0.45971712,1.3424175,0.62121946,0.4350771,0.91512674
-0.24586335,0.35105634,-0.10378626,0.16302109,0.0664365,0.5921636,0.62303764,0.7391988
0.63776064,0.36847037,0.48749375,0.06730675,0.918007,1.3742692,1.9566699,1.4809383
0.4120605,0.523714,-0.10498199,0.61477673,0.20279069,0.46156013,-0.89685935,0.37741876
1.3389527,0.48345977,-0.7318933,0.7407319,0.33756495,0.24977168,0.35232085,0.22918184
0.15586498,-0.33504826,-0.1365787,0.036354557,0.28704834,0.2438612,0.53163546,0.4157963
0.10271388,-0.065023065,0.22432531,-0.11471792,-0.18895863,-0.25283343,0.24792822,0.58605886
0.4692428,-0.35705096,-0.19409387,0.13579425,0.81616235,0.9106468,0.09747182,0.40958187
-0.59002215,0.6075157,0.5414976,1.1843256,0.47882247,0.31162477,0.20698546,-0.28429094
0.3305593,-0.3894503,0.5084478,1.0760587,-0.058825046,0.063047305,-0.41239038,0.45318866
0.8698102,0.8754773,0.5443305,1.6319366,0.3147211,0.27119815,0.26880595,0.18929626
-0.021298014,-0.11939852,0.36387122,0.66103214,0.21034327,-0.5301111,0.22349599,0.45955846
0.95677143,0.1602561,-0.40649378,0.21761057,0.5150259,0.9590615,0.32601157,0.040865064
-0.28149053,1.8751465,-0.012128964,0.227251,0.27738458,0.52269566,-0.16923223,0.35091972
1.4906111,0.42090362,1.6790963,-0.2524399,-0.8216545,0.14030795,1.5397447,0.500663
1.500873,0.0033744425,-0.8812033,0.6529069,1.1802801,0.013139285,1.704345,0.1586887
-0.10141023,-0.2050064,0.27034384,0.33058202,-0.501887,0.6424369,0.3105261,0.6017684
0.118247464,-0.123489186,0.36426187,0.564978,-0.48955864,0.94719577,1.4825578,0.87629384
1.3643229,-0.19993253,-0.30219543,0.61971396,-0.16924231,0.44344297,-0.15423587,0.18370819
0.23844644,0.55662197,0.40835953,0.12617695,1.4362932,0.7683141,0.029998021,0.07854247
2.0863688,0.16797279,0.9695635,0.6794788,0.41024667,0.8991651,-0.22989452,-0.3724689
0.56487566,0.5933654,-0.17082398,1.1300108,0.7762337,-0.8009783,1.2194471,1.3626844
1.0330689,1.0329636,0.8532792,0.70893383,-0.58551836,-0.3145334,-0.54785615,0.31540975
-0.52885777,0.997542,0.6620789,1.0233378,-0.6869195,0.69167584,0.55940616,0.2229479
0.46437478,0.24439983,1.5466288,0.49675745,0.029678091,-1.0897747,-0.0970845,0.88996536
0.2740683,0.73469937,-0.028654784,-0.29893166,-0.07079995,0.30017763,1.3630652,1.3948226
0.5290895,-0.67556095,-0.023391664,-0.2322317,0.62731993,0.5655792,0.6380355,0.47958654
0.41866934,-0.03892167,-0.096692786,0.33417803,-0.021657884,0.26031464,-0.43208537,0.41514468
-0.41908652,0.7165342,-0.18571563,0.7935154,0.31936598,0.3891402,-0.0235341,0.32143348
0.38435528,0.026830241,0.49424195,-0.34851632,-0.49724472,0.8392379,1.0858594,0.8859221
0.42328182,-0.2495827,-0.012875959,-0.15231252,0.44142413,0.21494377,0.3552636,0.14218432
-0.8877693,0.65512073,0.587838,1.1190648,2.15031,0.54881895,-0.06623358,0.7645082
-0.15769783,-0.20520416,0.16065833,0.7323717,-0.01742129,-0.059238926,0.061396673,0.5202154
0.65032655,-0.55679256,-0.62451804,0.8157274,0.116694584,0.5717099,1.1348456,0.93498355
1.1853805,0.33734423,-0.3472656,0.43644813,0.45963782,-0.37190214,0.27262652,1.192199
0.65609986,0.6821474,-0.013728738,-0.79603213,0.47379816,0.5840025,-0.06369002,0.45404392
0.6330247,1.4947542,1.9547836,-0.42613032,0.8011543,0.30452874,0.7939342,-0.3954504
-0.013759498,-0.15747346,-0.14828877,0.06245526,-0.2391239,0.78412825,0.61345965,1.8041619
-0.2432392,0.68936706,0.67626846,0.4332684,-0.13168155,-0.10347243,1.2306834,1.1050419
0.16469637,1.0350654,0.19262443,1.4427667,-1.3756598,1.0814927,0.7241356,-0.08804548
0.7245799,-0.19615376,0.14118381,0.41405448,-0.5862816,0.37178892,0.3310882,0.3633564
0.34801435,-0.022522017,-0.37246174,0.056928553,-0.1856936,0.39944434,0.18060644,0.74348426
0.25778547,0.9574745,1.478474,1.0740498,-1.2696229,0.7600061,0.31960094,0.60417145
0.31825578,0.48171055,-0.1118819,0.36014485,0.117451146,0.054715484,1.5765249,-0.016263604
-0.15943062,0.45275742,0.7233324,-0.017205961,0.59011406,0.4405904,0.3776588,0.44908375
1.0683528,2.5563564,0.37238038,0.26094207,0.57808423,1.0622846,-0.4473205,0.17971629
-0.37905467,0.36483628,0.53559506,-0.24050218,0.027819917,1.2744049,-0.014606301,1.1150955
-0.1330367,0.1492752,-0.32366633,0.71655494,0.1466201,0.2459696,0.87564653,0.37469882
1.0980197,-0.18347706,1.1404836,0.56371254,-0.99802846,-0.53858,1.2170647,1.3463278
1.2393382,0.27505243,0.32532638,0.52837574,-0.54077667,0.26389349,1.049511,0.20313618
1.2418107,0.8361718,0.12905306,-0.259078,2.5204449,-0.046614945,0.34682438,0.88978136
0.9970264,-0.055800274,0.3466494,-0.13122827,1.2570606,0.5803496,0.1215459,0.11711414
0.5222225,0.29309303,0.60009056,0.22807121,-0.8674965,1.198273,0.48613358,0.7703311
0.57652766,0.40139222,1.1986308,0.2031345,0.3020482,-0.81310666,0.44102654,-0.28356066
0.17010912,0.08853471,-0.12976767,-0.23430914,0.77568656,-0.025304854,0.5756311,0.4367398
0.40271372,-0.4086076,0.5581399,0.051695652,0.6532739,-0.39300552,0.2808223,0.4197862
0.3295295,-0.29399025,0.19709787,0.6803646,-0.4595785,0.22124122,-0.10733242,0.40717173
-0.32141012,0.06394087,0.39609414,0.74310905,-0.33290243,0.86396974,0.36111158,0.61119086
0.5717774,0.023573443,0.4502383,-0.1629779,-0.28368032,0.31387478,0.8698579,1.6595314
-0.093886234,-0.17809494,0.1080849,-0.013830237,-0.18943559,0.17860526,0.16960281,0.79846334
-0.20823571,-0.057165608,0.40640414,0.6520492,-0.47242767,0.7107461,0.14383323,0.398056
-0.0498057,0.12248139,1.0086071,1.0435904,1.5983763,0.36427918,0.69939953,0.8866253
0.69531757,0.20841324,-0.29997742,0.41308963,0.0012565404,0.19203427,-0.51075834,0.2754339
0.2844946,0.57990956,-0.39478266,-0.20642945,1.4467041,0.3957414,-0.1038661,1.1342565
0.66916215,1.259863,-0.47806942,0.4663566,1.1117138,-0.06304583,0.9913275,0.7173829
0.4520577,-0.3161729,0.2554276,-0.29547277,0.8128259,0.33977765,-0.072168626,0.109592445
-0.5355878,0.33262885,0.20540483,0.6792816,0.3470344,0.11052838,-0.38088647,0.41771072
0.3962154,1.2843629,0.8743087,-0.545776,-0.33487535,0.08498895,0.3346883,0.11861423
0.46541324,-0.101686776,-0.17305951,0.52816653,-0.13369726,0.025953725,-0.04480891,0.36684048
1.6126605,1.2764872,1.319285,1.2413839,1.7962879,0.88531303,0.6992689,0.14282432
0.29992333,0.115508094,-0.09652178,0.16745237,-0.3699121,0.109374,0.69108903,0.26623267
0.18914631,0.8178824,0.6965002,1.3221492,0.4606524,1.0801437,-0.69536823,1.5880668
-0.9029768,1.0792344,1.1820072,0.5189453,1.3774652,-0.030015036,-0.12361782,1.059164
-0.7182912,0.07254459,0.7239058,1.2288932,-0.15682893,0.6635607,0.4987994,0.26491675
1.6844598,0.91418314,0.34913272,0.77626234,-1.1450284,0.5422536,0.62677383,1.1080816
0.15948913,0.64735365,1.0080687,1.7544525,-0.3693511,0.50839734,0.07722808,-0.80752546
0.47517943,-0.07854004,-0.45415395,0.722573,-0.54674983,0.46672538,0.26914805,0.3742153
0.28493875,1.4025466,0.58514243,-0.934449,0.4060275,0.06434219,0.80336756,1.7421019
1.2257235,-0.49692678,0.5250175,0.40904126,-0.58301497,0.7066717,0.14328171,0.25101283
1.2419605,0.26007193,-0.5241452,1.2053602,-0.639499,0.3448817,0.36565146,0.46895394
-0.049662486,-0.37964612,0.22442104,1.0247573,-0.0019262582,0.8363588,0.58629686,0.39547747
1.3320118,1.8209214,1.2181699,-0.5183577,0.08787711,0.7463739,0.9107987,0.8669708
0.55423534,0.03668718,1.8113362,1.1094167,-1.1110814,1.2447238,0.29858258,1.2158437
0.8261816,-0.010275498,1.6716996,0.12929288,0.36511332,-1.0374995,0.5778621,0.3683566
-0.03305441,0.1332676,-0.101199925,0.17919981,0.31237584,-0.023004115,0.123259135,0.6886809
1.2210474,0.8500913,1.8448077,-0.46652314,-0.3520853,0.18073967,0.21357504,0.722272
-0.48494086,-0.24102755,0.85136664,1.1235596,-0.2789222,1.0091531,0.26480335,0.78786415
0.5495917,0.3368243,0.40865296,0.02982255,-0.48729998,0.51993847,0.033381507,-0.08456214
0.084643625,0.5971559,-0.22633229,0.70103323,0.47144496,0.00672403,0.73829764,-0.19131365
0.78794426,-0.9151231,0.3874218,0.15555133,-0.00681217,0.7171204,0.7025574,1.0576495
0.21764293,-0.5861932,0.14421192,0.10452406,0.1125485,0.29273042,-0.041297913,0.18268535
0.024987087,-0.52351,0.84175146,1.119566,0.23499343,-0.08834931,-0.069308706,0.19031961
0.25001383,0.056177646,0.24844226,0.96658796,-0.4146552,0.14010489,-0.33973998,0.16819963
0.058394805,0.41794282,0.4363737,-0.07979939,-0.26358408,-0.06447467,-0.26631746,0.6324502
-0.25604334,0.5122859,0.0932997,0.062212534,0.86840034,0.38397554,1.0584104,-0.02762711
0.6999167,-0.53452677,0.3764478,0.06209206,-0.29035228,0.0681247,0.35890156,1.0882761
0.49779865,0.3360148,0.42519486,-0.09811843,-0.1081589,-0.2820446,0.51165766,-0.051156998
-1.0318443,0.6657821,0.6919774,1.4263351,0.51885974,0.5771402,0.5799285,0.2294554
0.37866566,-0.233292,0.7704564,2.0373056,0.9229806,-0.06471604,-0.80797875,0.7858426
0.077222414,0.34288985,0.7320115,-0.226874,-0.43203443,0.39551216,-0.22665413,0.77800226
0.026671983,0.23000894,0.5263906,-0.25070027,-0.26815903,-0.37224746,0.14691526,0.7264738
-0.14026839,1.5531865,-0.07277362,0.19186959,0.025543913,0.98039484,0.14047568,0.24938492
0.620208,-0.29529345,0.043237507,0.21720818,-0.31122595,0.033525936,-0.23570643,0.23043646
-0.20225844,0.6688798,0.020322762,0.719258,0.9020179,-0.26273102,0.22535448,0.5279659
0.49839994,0.076404825,1.2450384,0.20368709,0.1542886,-0.78951395,0.1936347,0.024439067
0.056154884,0.12508266,1.3302013,0.83496237,-0.73367923,-0.34862635,0.6289502,0.6549143
-0.30183706,0.012901008,0.15820733,0.37628204,-0.116317436,0.43252498,0.48573422,0.18723524
-0.8704936,0.3820442,0.54203916,0.7346561,0.25898725,-0.036359295,0.06588592,0.4498229
0.03822368,-0.46735102,1.2525724,0.30769,0.19006427,0.20373124,0.14557452,0.18486741
-0.23434675,0.32944047,0.3988958,-0.15399256,0.1772667,0.19346523,-0.377494,0.3174701
0.38768998,0.32373607,-0.35910726,-0.41688725,0.5636527,0.10868379,0.010293266,0.5800288
0.38138026,-0.566838,-0.015264422,0.083749324,0.8166927,0.80648357,0.19322704,0.636374
-0.2828962,0.14922157,0.5788134,0.17437813,0.4248368,-0.517895,-0.050491814,0.38031423
0.1501604,-0.6311358,0.92876357,1.1463197,0.57328373,0.8118011,-0.13742745,1.6968393
0.21859369,-0.25430202,1.2026528,1.2614466,-0.7398347,-0.17692107,0.3334966,1.0255141
-0.01236821,0.19292812,0.72952294,0.764094,1.3997675,-0.013313681,-0.90344995,0.60425377
1.1092523,0.53399324,0.55499053,1.3401114,1.6885638,1.2693034,-0.056330137,-0.11814201
-0.02535377,0.8193223,-0.09088789,0.22913596,-0.014290467,0.40766463,-0.75366676,0.42974764
1.3255334,-0.16000564,0.8672314,0.052157275,0.09734525,0.254686,1.200156,0.25735253
-0.7911328,1.2099506,0.5996744,0.4201763,0.27329427,-0.6672869,0.33006445,0.20342845
0.42893997,0.15141045,1.7175015,-0.010087974,-0.53978765,0.032182783,1.0914448,0.619245
0.08715105,0.06018944,0.44440532,1.2724152,0.7019774,-0.2619326,0.13229762,0.2630368
0.1212163,0.8858669,-0.28775352,0.67648804,-0.95721716,0.39984608,0.57912505,0.13429289
-0.09510671,0.27996665,0.3697589,0.6604167,0.06571388,-0.47125375,-0.47004732,0.8295586
0.22439972,0.42298585,-0.22313286,-0.06797565,0.6994927,-0.15897667,0.17451458,0.7201029
-0.18947291,0.07787807,0.77030516,0.14409232,0.16323234,-0.35941884,-0.35733524,1.3306377
0.4657285,-0.3761086,0.4070663,0.64539135,-0.8595819,0.91029763,0.6914207,0.44798452
-0.5029713,1.3812801,0.37186036,0.15013543,-0.14123107,0.61574453,0.37438068,0.053718746
1.6578113,0.94452393,0.26334137,-0.25730178,0.6463424,1.5554142,0.8975621,1.0248657
0.6507878,1.3261279,-0.767067,1.2166601,0.0721616,-0.06498417,-0.20596875,0.40480125
0.42513147,0.47147763,0.37706682,1.9094076,1.3038511,-0.8611449,0.86841184,0.6531634
-0.21708143,-0.07405771,0.24831054,0.46240357,0.11819091,-0.15645152,-0.09926677,0.74341893
0.44044772,0.8627561,-0.35849428,0.5941155,0.90261096,0.001579307,-0.37062997,0.7593839
-0.07853489,-0.10479653,0.35193458,1.1066853,-0.11878498,0.382939,0.042621866,0.3749993
0.43608725,-0.048949853,0.50595504,-0.08128656,0.4462446,0.6768483,-0.02577771,0.29766446
-0.09080919,-0.07253121,0.1364066,0.070930436,-0.067944944,0.19136675,-0.21599753,0.26964942
1.348873,-0.55295026,0.7091678,0.96872354,0.28777522,1.335068,0.23681317,-0.63094246
1.0408963,1.0953528,1.0087509,-0.518094,0.1663021,-0.51715314,-0.117757276,0.26973546
0.6570496,-0.4569431,0.1614267,0.11690144,0.098699436,0.436854,-0.09765972,0.11035412
0.07994864,1.123282,-0.16363497,0.0013618842,0.4567501,-0.056975007,-0.00478911,0.14001825
1.4248325,-0.45328563,0.31266683,0.9798502,0.413323,0.6147413,-0.6970834,0.17045876
1.2726312,0.48129737,0.056394473,0.048912756,0.9305119,0.6695002,0.50302154,1.8246799
-0.70278054,0.04058008,0.8093673,0.6398127,-0.45856476,0.29779595,-0.04832901,0.56100607
0.8692257,-0.42899853,-0.111921564,0.30278698,-0.8627083,0.5394636,1.0144693,0.9025949
0.21107554,-0.01308842,0.024866864,-0.2442027,0.119649425,-0.11994833,0.20211574,0.48658046
0.6467871,-0.48453325,0.93507326,0.19574845,0.38666314,0.37638244,0.37419906,0.6696772
0.1970849,0.86621284,1.5165936,0.7696597,-0.57762176,0.26602337,-0.4887436,0.7265627
1.0257032,0.44007236,0.020973392,2.042469,-0.70947355,0.21162027,1.2642634,-0.5469873
-0.1947704,0.04354775,0.44122225,0.12751633,-0.20047216,0.18327479,0.5978447,0.35886592
0.14570482,0.7248815,-0.5248503,0.6473453,-0.37289822,0.17147692,0.7476087,0.6560668
0.3116832,0.44353998,0.62201,0.49326476,-1.4365499,1.0050433,0.6844776,1.2876611
0.33425522,0.30467308,-0.25298172,1.2853838,-0.098236054,0.16761202,-0.352472,0.25055826
-0.96442884,0.5594499,1.2005901,-0.013341583,1.1354568,-0.12934655,0.19351743,0.7629334
0.06523831,-0.35625452,0.084544435,0.47072086,0.45594752,0.21695417,-0.41091296,0.43158138
-0.080362245,-0.15419854,0.13062933,0.25116622,0.18216401,-0.028008759,-0.007982159,0.41296983
-0.20087448,-0.0071133226,-0.16897298,0.036770124,1.0622134,0.40958285,0.27444145,1.0269585
0.20068908,-0.17976063,0.3758408,0.609532,-0.7224992,0.27917942,-0.04857645,0.3800562
0.16235894,-0.08032623,0.06767886,0.61921823,0.021660164,0.21851808,0.78886706,-0.15887839
0.5996744,0.26116854,-0.30736536,0.60229397,0.8982743,0.84141475,-0.7833045,0.8589374
0.507784,-0.10999508,-0.1923468,0.24526322,0.22468436,0.36144745,0.14090025,-0.022727057
0.041743286,-0.06587799,0.008032255,-0.25392368,0.8342381,0.056673773,-0.20525992,0.8683231
0.7730409,0.92256725,0.8714042,-0.47400615,-0.43812656,-1.0873771,1.3590407,1.5548283
-0.021023873,-0.5564955,0.94007534,0.75278753,0.25659007,-0.19442093,0.27546266,0.22213557
-0.17496598,0.45347124,0.81134105,0.1953899,0.038111582,0.053993423,-0.49140218,0.07610758
0.21916223,0.39956445,0.2990607,-0.57403475,-0.07109,-0.2660124,0.32413477,1.3353481
0.44691804,0.88585067,-0.7390847,1.0283488,0.4897098,0.14891769,1.0152692,0.20232786
-0.018932484,0.98968554,0.46301287,0.12199839,-0.12729834,0.5003108,-0.21956508,-0.20817631
0.8259288,0.3174774,-0.082171425,1.067876,0.28482127,0.09259263,0.41250303,-0.46438217
-0.18860951,0.6316309,0.17004369,1.0073798,-0.89289826,1.024792,0.95071995,0.1287477
0.015235238,0.03468409,0.09390413,0.38003424,-0.026989758,-0.18143153,0.246395,0.18614447
-0.50542456,1.3582361,0.57879347,-0.056099765,0.24635245,1.2619565,-0.1724549,1.1108538
0.062237807,0.4887923,0.4048584,1.9996873,-0.48462194,0.51736856,0.69719446,-0.33546746
1.4830962,0.95487535,-0.36330748,-0.40211543,1.5171984,0.9200447,-0.02331754,0.48509187
0.7346296,-0.00032247603,1.060659,0.44134057,1.8974185,0.93747777,-0.45282263,0.9132072
0.3192105,-0.54086846,0.7761317,0.8427726,-0.29538858,0.8211149,0.1684769,0.7083383
1.1893569,0.87490267,-0.11457352,1.0026217,-0.2241932,-0.35942945,-0.47471884,0.06335818
0.017904088,1.204059,0.16756472,-0.24076891,-0.30536348,0.30263707,0.16765629,0.031324133
0.0063477494,0.8743556,0.572217,0.27207696,0.106293276,-0.5137394,1.187466,0.16173694
0.023718849,0.06430046,0.41539997,0.49040917,0.89951414,-0.2873391,0.16276927,0.1511894
1.4870026,1.5495666,0.6584997,-0.53133523,-0.58341646,-1.071841,1.0814273,1.4406022
0.33315313,0.85367984,0.7575812,-0.31326866,0.7797319,-0.49202257,1.6583105,-0.30150956
0.32653478,0.9339279,-0.096706256,-0.0009874031,0.7125702,-0.33814365,1.5178157,-0.06804392
0.08984504,0.2322457,0.49364036,-0.026617594,0.102163896,-0.67696875,0.15749143,0.22153237
0.07760749,-0.55412376,0.5844705,1.4509339,0.3228068,0.09126362,0.3704581,0.23021075
0.2974793,0.41297168,1.2638841,0.023795657,-1.0253861,0.7399882,0.51975924,1.1193326
-0.34344068,0.21765505,-0.09818891,1.074489,-0.16134836,0.22633496,0.10662182,0.32593527
-0.0935727,0.3088916,0.7739345,0.12906083,0.3640737,0.56604666,-0.06439534,-0.13980615
0.45349374,-0.21602203,0.4773597,1.3722881,-0.29202157,-0.15365002,-0.04146898,1.3830993
-0.13150501,0.28477573,0.64714134,0.29061195,0.43275583,1.3065217,-0.011289829,0.015756898
0.83494633,1.704982,0.43788517,-1.0103712,1.2031444,1.3461568,0.026454665,0.8647932
0.642778,0.68095136,-0.077843115,0.96995413,-0.06295024,0.16735215,1.5334334,-0.5542407
0.2837903,-0.35273862,-0.22598259,0.085376725,0.33664832,0.39559904,-0.20220907,0.5835995
0.14702527,0.51378465,0.3904732,0.6404709,-0.9838645,0.7518121,0.31893077,0.1839554
-0.021572337,-0.0327705,0.17222299,0.23165447,-0.407821,0.33463955,0.22697885,0.35295284
-0.18241468,1.1898844,0.9256327,-0.328092,-0.5628076,0.48875841,0.29788667,1.7384589
1.3002182,0.5111022,0.70208853,0.5742589,0.028198674,0.610943,0.8845637,-0.8760717
0.48272428,0.19529344,0.10146244,0.3259238,-0.10245605,-0.63941944,0.065195255,0.4099801
1.1538894,0.5042729,2.1878958,1.3841397,-0.62156767,0.84601796,0.7307195,-0.55872846
0.81406724,0.35804957,2.185112,-0.6905616,0.3003335,0.80153584,0.53541434,0.7919404
0.07457023,0.9606854,0.9328169,-0.7543232,0.17765184,-0.70750177,0.1479341,0.3880738
0.86328155,-0.11808355,0.28888822,-0.27268526,0.7288539,0.31161654,-0.29693294,0.18695018
0.062011577,0.2536735,0.22677654,-0.013791867,-0.114108264,1.159681,-0.08546918,1.1398737
0.6991301,0.49586767,0.12913309,-0.044194378,0.20986907,0.6971351,1.6779765,-0.21117401
1.4663161,-0.6123959,0.9380758,-0.13805544,0.9665518,1.0968599,0.50950354,0.16709897
0.8320033,0.55366683,-0.050993994,-0.4002197,0.32110286,0.8707584,0.06455747,0.18716832
0.69404167,0.25181746,-0.20849605,1.2428994,-1.0190213,0.21162005,0.30643383,0.12192546
-0.13186285,0.3273632,0.22091562,0.7149294,0.018938646,0.087549694,0.118175425,0.42872742
-0.48764798,1.6359248,0.98216563,0.043411337,-0.96496075,0.47480813,-0.25194365,0.5828997
0.5526708,1.1048721,2.3218899,2.36015,0.25555682,0.57102525,-1.3653384,1.1070127
0.12839782,0.65090215,0.07708323,-0.20563707,0.2158431,-0.4765371,0.0978144,0.2846408
0.5416386,1.0557964,1.6192774,-0.6353428,0.85159475,-0.22445038,-0.16743742,0.07660352
0.29794875,0.010210618,0.2612607,0.7603578,0.15414788,0.569121,-0.8259317,0.1430528
0.27070707,0.2470365,0.5133196,1.4524028,0.90530586,-0.3516954,-0.4904895,1.3690524
0.55349654,0.6245847,-0.5830717,0.77496046,-0.260984,0.463276,-0.28155255,0.51982677
0.4316237,1.1788777,-0.4596371,0.6215156,0.45660764,-0.43373793,0.6286296,0.81049293
0.06158886,0.120065615,-0.21195571,-0.2574616,1.3482888,0.6129636,0.10057612,1.131489
0.41641143,0.41793615,0.16772227,-0.0780955,-1.0619372,0.20494542,0.5597251,1.1214058
0.1200863,0.16381513,-0.082285464,0.09473693,0.25517604,0.19616206,-0.4052533,0.35731354
-0.15327772,-0.14380385,-0.033591166,0.55255055,0.4749751,0.21618368,0.43139508,0.18292618
-0.021404274,0.7961315,0.34401914,-0.16774726,0.7218572,-0.2706811,0.5328265,-0.295838
-0.16648388,0.044594675,0.35930228,-0.053474613,0.23297194,-0.23003203,-0.112267725,0.25551447
0.96070033,-0.59105617,0.8061549,0.43544123,0.4821301,1.2040651,-0.16145696,0.39320713
-0.38131884,0.9611515,-0.18704419,1.388711,0.6815804,-0.21000391,0.5983618,0.57666874
-0.11366091,-0.20102964,0.97524965,0.6825247,0.4614997,0.19994499,-0.09249076,0.7031551
-1.2704768,0.025555775,1.056316,0.9381783,0.9734938,0.7557781,-0.08616818,0.7061863
-0.5792026,0.6846851,0.24187735,0.2951398,-0.34202278,0.98925555,-0.0142214205,1.7978783
0.1924482,0.92835015,0.73186624,1.2694135,0.8765551,-1.1703777,0.4455544,0.91483873
0.22735423,-0.68485934,0.602613,0.89750606,0.19005069,0.28962827,0.45363584,0.23984075
-0.9972201,0.49751723,1.340644,0.68708503,0.54109126,-0.040020883,0.37776706,0.32165882
-0.8272077,2.3733926,2.0446968,-0.32771137,0.82049936,0.3669845,0.4547566,0.8386179
0.020261457,0.43347025,0.15547758,1.1637709,0.3050173,0.03590434,-0.66660714,0.28355023
-0.104329415,-0.614222,1.265762,1.1521249,0.2779022,0.11671901,-0.5500698,0.8994906
0.05475057,-0.57163703,0.6869649,0.78403133,-0.08245753,1.0526645,0.5748046,1.3562753
0.36580965,0.44700766,0.20398669,0.11493942,-0.023742989,-0.87970346,0.07448745,0.64609754
-0.23147556,0.78229594,-0.047455236,0.515721,-0.5676381,0.7907072,0.47976258,0.34060946
0.19193599,0.094669774,0.087657705,-0.09557683,-0.28024608,0.3841514,0.2278699,0.41056234
1.2947696,-0.17377992,0.25526103,2.440389,0.8858771,0.037929595,0.6542532,0.5804354
1.6040748,-0.2153752,0.1803423,-0.40984946,1.3561823,1.093185,0.60379237,0.23667324
1.1993066,-0.19122626,0.9472308,0.8125617,0.58716923,0.6676292,-0.88024926,0.6926286
0.023905551,0.162241,-0.041199744,0.8126079,0.102646366,0.3942594,-0.23563574,0.39378783
-0.28153682,-0.17168368,0.40439218,0.20055479,0.22931203,0.14255084,-0.66184473,0.48102844
0.42812788,1.1561905,0.19964348,0.5682545,-0.7067018,0.82778525,0.59205693,-0.22819835
0.3348398,0.09924978,0.17268984,0.6412143,-0.64689016,0.42548317,0.2078883,0.36656052
0.29902628,0.57148933,0.90916073,1.1791196,0.031635538,-0.8716714,-0.25267726,0.098954394
0.13397181,-0.12254126,1.125242,0.65407354,-1.0794556,0.016248792,0.6865876,1.3925018
1.3759488,-0.5047554,1.4195884,0.8924305,-0.04936163,-0.5341452,0.015730223,0.33170456
0.9941788,-0.29357374,0.6311918,1.0692658,-1.1451796,-0.32182175,0.4568506,0.44907397
1.4556662,-0.40240222,0.052572697,2.031091,-0.29557288,0.78248924,0.5006396,0.38275045
0.10753645,0.28240258,0.33542264,-0.23644409,0.37887967,-0.49337763,0.028858056,0.5471828
0.15794262,1.1086408,0.10901259,0.70319754,-0.4903401,-0.049729034,0.93136173,2.5070183
-0.7476149,0.19094707,1.0973406,0.75440794,-0.068090245,-0.13065585,1.0296738,0.7576771
0.75334346,-0.5125269,-0.086627364,1.2688347,-0.49130738,0.9614749,0.837255,-0.041337073
0.45615584,0.81411517,0.1282113,-0.73261505,1.3744245,0.6146718,-0.7296898,1.4939418
1.0064936,0.69277173,0.25062525,0.6692882,2.1255438,-0.041985244,0.6838601,1.1487498
-0.24833861,0.98644876,0.3028804,0.95025736,-1.0393472,1.0121851,0.4597904,0.43168977
0.53316563,1.0883232,0.27885008,0.17503819,0.53124845,0.19662207,1.0472504,-0.70718217
0.2187559,1.7280074,-0.78147423,0.29215097,0.89008397,1.1742162,0.8721656,1.0570447
0.31485024,0.34707654,-0.3463058,0.6246791,0.041451886,0.50356764,-0.55169743,0.39305893
0.3393728,-0.1306373,1.4297488,0.89837813,-0.21909012,0.044073746,0.52703613,0.12711704
0.59402907,0.5186348,1.0720904,0.15333085,-0.33476394,-0.37309983,0.19588798,0.025245681
-0.6970659,0.78021777,0.99949825,0.41135964,0.48614097,0.576512,-0.038988534,-0.22752607
0.1797871,1.1386536,-0.06655459,-0.31289133,0.08725591,0.38824052,0.7176679,0.37083423
-1.0692164,0.9242367,0.8528155,1.1337982,0.70429873,0.46418992,-0.751249,0.32855034
-0.60351294,-0.026187584,0.4515553,1.0482352,0.35449016,0.13572752,0.021955222,0.3457724
-0.73180467,-0.3597957,2.1178157,1.2042093,0.4143325,1.2094133,0.42765918,0.30945638
-0.8224617,1.2450138,0.5976254,0.038184352,-0.38556695,0.81780946,0.20909414,0.50217885
0.06421578,0.07725863,0.7028805,0.8097153,1.8845011,0.7537947,-1.0377625,0.54883325
-0.047925822,1.2386566,0.42571652,-0.1484513,0.37369907,-1.406291,1.3852794,0.6484925
0.12589103,0.5374235,-0.082234606,0.6453646,0.17879884,0.31360146,-0.2892199,0.1133235
0.13933328,0.5137201,-0.01948601,-0.029026605,1.9158416,-0.43084955,1.1003727,0.79498523
0.35476413,1.2293625,1.354326,-0.4315851,-0.38422042,1.2538928,0.4526505,0.38488197
0.4233874,0.26800817,-0.3220836,0.09137705,0.10643904,-0.30195352,1.0046281,0.88167614
-0.35047436,-0.50798976,0.593715,0.81942326,1.1830208,0.22416407,1.1876912,0.5330543
0.85830647,-0.72078985,1.1665953,0.13306835,0.20758586,0.47892615,0.21600462,0.11192669
-0.28539214,0.80461836,0.38445294,0.02196616,-0.3943966,-0.06475623,0.59417146,-0.013161898
0.16584745,-0.2592126,0.21835974,-0.03983911,-0.21641625,0.15820298,0.17192145,1.1414365
0.41502717,-0.85468525,0.5552254,0.231325,0.263589,0.028132446,-0.4434524,0.474005
-0.21327907,-0.021539494,0.25339082,0.2653561,0.55463016,-0.4592073,0.48149917,0.9810372
-0.16843721,0.45540774,0.22428927,0.2193555,0.02660425,-0.034707814,-0.31645486,0.17524916
0.048136666,-0.1141779,0.23579752,0.69225425,-0.33934617,0.85918164,0.5186188,0.112531886
1.3815857,0.10418008,-0.016454369,1.061232,-0.15553097,0.6088272,0.050498098,1.0708244
-0.14541611,-0.4725085,0.16653791,0.10757898,0.6872277,0.5684488,0.2503321,1.0471618
0.26997682,-0.034139648,1.2203177,1.8343139,0.22563784,0.8948421,0.82943827,0.641099
0.23593467,2.0615544,-0.57777673,1.3211541,0.14323868,-0.21373507,1.3878967,0.5585521
0.5720843,0.28460038,-0.28786367,-0.21442759,1.2638316,0.40324873,0.15461093,0.53013074
1.3932035,-0.12655042,-0.69448274,0.3227153,0.22266848,0.67187595,0.9865024,0.059993155
0.15381044,0.43604553,0.88606745,0.95163673,0.3483473,-0.29041284,-1.1446482,0.19662957
0.18787232,0.37095958,-0.47668594,0.57125366,0.108913094,0.3267025,-0.034283496,0.25740755
0.22133708,0.5376035,0.8814192,1.2287567,-0.32476455,-1.1299448,0.38014683,0.85208625
-0.53004926,0.86891305,-0.01144062,0.07639215,-0.14079343,1.0815375,0.16480942,1.3237464
1.2757171,1.5024488,-0.5261524,-0.04444118,0.6385817,-0.8615277,0.25347126,0.9323448
0.29659024,0.476856,0.8429667,1.0966096,0.21766265,1.1764859,0.2318742,-0.7148575
0.9031543,-0.46233767,0.6234467,0.66615844,-0.48875314,0.5693908,-0.33320373,0.7047048
0.61627275,0.06911071,-0.18284537,0.10128006,0.02803947,0.17200226,-0.3307231,0.14159332
-0.6555818,1.2420025,0.4653141,-0.18347359,0.009198949,0.9741591,-0.4953002,0.81182444
0.901612,-0.2242528,-0.14666985,1.6483035,-0.8087791,0.5111821,0.20430706,0.21842135
0.41234615,-0.37872118,0.45514244,-0.20602825,0.15297648,-0.3373367,0.19328453,0.82297003
0.8407516,-0.5162696,-0.04192485,0.28216484,-0.23241855,0.4545951,0.14176925,0.35857752
0.1489499,0.4918872,0.78208846,0.524514,-0.32420927,0.020899758,-0.39965376,-0.096175686
-0.14831886,-0.19549079,0.36242974,0.8105403,0.5427643,-0.025408447,-0.3730888,0.6800886
1.5153981,0.52633,1.5396885,-0.50554436,-0.63703555,-0.32337946,1.5118918,0.7759327
-0.0075589716,1.0920963,0.84498006,0.97237235,-0.28864884,-0.0624267,0.72700745,-0.82103133
-0.1799464,0.2415372,0.75294507,-0.036064304,0.20345044,0.40386108,0.1623278,-0.18516612
0.5406195,-0.30984205,0.9146905,0.55484205,-0.29241073,0.6355368,0.93262887,0.47494444
-0.09762498,0.44879586,0.65519124,0.10241114,0.118352994,-0.63110125,0.32306805,0.3080799
0.5090979,-0.68465364,0.23788159,0.48803496,0.44179302,0.478138,0.45215675,-0.017999321
0.03198426,0.883587,-0.648732,0.66773623,-0.0017273575,0.019144401,0.87695557,0.46878105
0.56258005,0.25208557,-0.39842665,0.81853753,-1.0882839,0.6417885,0.79966366,0.5017344
0.35236362,-0.13554625,0.50613314,1.2550555,0.44480956,1.4538659,0.9550352,-0.37734455
-0.060040332,0.37358272,-0.12443717,0.071140364,0.1677283,-0.012234464,-0.1363566,0.67845124
-0.02045136,-0.2189814,0.1956621,0.38106677,-0.06650938,-0.00090527534,-0.2518472,0.35618335
0.45724562,-0.29397202,0.8367531,0.31042638,0.43669373,-0.7071694,-0.17391196,0.76544756
0.6152155,-0.15554027,0.15346079,0.98414963,-0.03538461,-0.4557827,0.07256506,0.9039181
-0.3509211,1.1581211,0.48534298,0.9741221,1.2410122,-0.5163926,1.8237587,0.28515804
-0.23975661,0.93488634,0.452519,0.7208803,-0.8130351,-0.16822383,-0.101278104,0.783556
0.8181828,0.1104366,0.33235013,1.2399486,-1.0609932,0.02795887,1.0425353,0.30977142
0.31766227,0.17658477,-0.55960965,0.8825574,0.39544028,0.9782094,0.20511664,0.736993
0.2625577,1.2715724,-0.11806649,-0.3489481,0.6775904,0.2454707,0.22553709,0.97740936
0.73043376,1.2294569,1.4564686,-1.1078343,0.39725506,-0.17102367,0.3850152,0.88786834
0.40813634,-0.5508523,0.6317485,0.5721252,-0.6595999,0.81657064,0.72926444,0.34957424
0.6359442,0.00258556,-0.091862574,0.42961362,-0.4164002,0.21489266,-0.30057535,0.15254292
0.11588294,-0.25740123,0.42464817,0.22970408,-0.3330599,0.31632584,0.39070112,0.374017
0.08389058,0.9385266,0.37373796,0.06662194,1.0597237,0.82788616,0.29348937,0.074838
0.9078854,-0.25772077,0.10614175,1.1901176,0.1379372,0.5484724,-0.5540214,0.024831586
-0.20866054,0.3852746,0.18247157,0.5091376,-0.35958636,0.49872887,0.15302987,0.12536167
0.21484649,0.2832517,0.036710456,0.30141258,-0.4189477,0.7101771,-0.27874026,0.44815677
0.93836117,0.64215183,-0.16325997,-0.09267483,0.033568665,0.13488989,0.8107992,-0.19816384
0.4545223,0.0018746108,1.255491,1.8724734,0.25339776,-0.9430697,-0.2060167,1.2757039
-0.32499966,0.059300438,0.24755871,1.4518583,0.09131977,0.6492396,0.52011067,0.21336274
1.1085502,0.29587924,0.3316455,0.59042484,-0.9001475,0.38732427,-0.03316758,0.32778853
0.12923226,-0.26208472,0.31491983,0.61732477,0.30059066,-0.54228497,-0.053755615,0.3700318
0.48819336,-0.6797589,-0.07737635,0.2061413,-0.18425871,0.4817001,-0.051500745,0.5579853
0.61263025,-0.7007396,-0.07943052,0.44028464,0.008589074,0.45101497,0.3123022,0.2836754
0.1991086,0.04370071,0.7462013,0.34196728,-0.3192585,0.26620334,-0.4493777,0.6833222
0.7350505,1.2245803,-0.23039179,-0.09225931,0.4081605,-0.4771706,0.28127956,0.75506705
-0.051121004,-0.0066402704,1.4759629,1.5647721,-0.20111923,0.36608097,-0.43960026,0.5272335
0.27095863,0.4175498,-0.22330962,-0.29454944,-0.1440716,0.2822973,0.14665756,0.31884408
-0.08391284,0.3572628,0.45157814,0.9389983,-0.42285722,0.22984819,-0.3367633,0.1828111
-0.5010151,0.4439453,0.1138441,0.7903163,0.13377053,0.14273551,-0.3025043,0.7865046
0.108538814,-0.29237586,0.048675552,0.024943326,-0.07101905,0.23489168,-0.060476683,0.5615155
0.2892842,-0.1771998,-0.008086532,0.2291837,-0.4679098,0.07578368,0.24826013,0.29117835
0.8294441,-0.078209534,0.3429498,0.57019,-0.052557155,1.0149215,0.05833345,0.43356252
0.18045545,0.437891,0.75293136,0.05542182,1.8026496,0.9768162,-0.37200382,0.39795762
0.3000448,0.049457505,-0.12686037,-0.10646311,0.36766988,-0.020617515,-0.11826598,0.94692236
0.11766281,0.78340507,0.25464734,0.35638478,-0.43039948,0.20000416,-0.6349378,0.14477047
0.47560078,-0.49553704,0.6157622,0.66643775,-0.39073044,0.3735979,0.5932,0.45245603
0.78126854,0.94869596,0.42676032,0.23702604,-0.29334807,-0.74268764,0.6058703,0.16043112
0.8697434,-0.15857936,1.0786529,0.527972,-0.010470316,-0.62792814,0.9148175,0.23951694
0.55691797,0.5214083,-0.09340122,0.92139167,1.2238212,-0.035580993,-0.46358773,0.7449538
0.8114683,-0.029751137,0.46316177,1.6177692,0.7029056,-0.35707602,0.80163085,0.22490087
0.22253731,-0.1929753,-0.07408267,1.0928321,-0.38485736,0.13539948,0.25700587,0.21624045
-0.03861288,0.3637274,-0.2678206,0.273865,0.63565487,-0.1862655,0.29524845,0.87792164
0.10683831,-0.088064656,0.23595446,1.3513944,-0.29645485,0.52914894,0.4791509,-0.32759264
-0.8416745,1.5996408,0.47979838,0.990001,-0.024193719,0.45029715,-0.35738972,-0.102321714
-0.23925546,1.7686225,0.82308745,-0.60346645,-0.22527702,-0.12844837,-0.18668495,0.3272437
-0.42580944,-0.17070891,1.2334903,1.6574105,0.92070365,-0.2981856,0.68803436,0.5538776
0.016681276,-0.10702182,0.8360615,0.2653741,0.48496658,-0.87255466,0.5783168,0.79116994
1.80044,1.018958,1.1459866,0.13026732,-0.69124115,-0.67113286,1.5575197,-0.010588273
-0.34525478,0.29283196,0.33548218,-0.20009002,-0.045491964,0.38471374,-0.69652313,0.6723928
-0.08089214,0.104180366,0.21115467,0.62060124,-0.37623274,-0.11116986,0.009397997,0.27858332
-0.82331246,-0.051465347,0.7147156,1.1817251,0.2949499,0.41657713,0.44938323,0.23517823
0.45835364,1.3158742,1.1256438,-0.2874834,0.47180384,-0.56576073,0.28038839,-0.26967546
-0.13620478,0.5539208,0.36088437,0.07234647,0.20908192,-0.3564437,0.36443165,-0.1989682
1.5539256,0.4749378,0.3468889,1.7028675,1.2591949,0.9014921,-0.30945557,0.7431903
0.09006342,0.6022776,-0.26253897,-0.07354557,0.053172126,0.24678321,-0.14964849,0.54052705
0.40417,0.14825349,-0.16932793,1.6263077,-0.32873744,0.14153595,0.039818596,0.26132262
-0.0471308,0.35750002,1.0174998,0.25542808,0.64332664,0.39370722,-0.66193604,0.21263087
0.64335066,0.7605257,-0.30998725,0.84373814,-1.0984479,1.6840671,1.7781321,0.64908516
-0.1912817,0.14066876,0.06507537,0.30451918,0.10689908,0.022747412,0.06301988,0.26878172
0.31833333,1.7857412,-0.10969943,-0.23999768,0.4065717,-0.17447686,0.12795667,-0.1260004
0.64241046,0.48514593,-0.7596854,1.1377378,-0.51971346,0.4117365,1.4991847,0.15458696
0.2955646,-0.1408083,-0.45841604,1.0010686,-0.5876251,0.7918592,0.32861108,0.7478383
0.14294732,1.578488,0.037182644,0.3511181,0.12500288,0.2781101,0.7425975,-0.54083633
-0.00998693,-0.05135919,-0.114473626,0.026348725,0.52446485,0.0905725,-0.015417673,0.61019826
1.6869367,0.7819214,0.34891725,-0.39843392,-0.22163223,0.6826906,1.8238043,0.79264694
0.061733134,0.3627448,0.0098967105,0.68968123,0.6653414,-0.24460116,-0.42242312,0.6838819
0.052605003,0.007031888,0.051637433,0.4657577,-0.45314914,0.41669795,0.2317834,0.29510093
0.82400423,0.1514244,0.40730017,1.0773288,0.9817186,-1.0289524,0.9030797,0.9823425
0.17449886,0.49044126,0.053174503,1.467413,-0.14203896,-0.1825918,1.0897602,-0.36587638
-0.81823236,0.9565264,1.1022061,0.32494316,-0.22949271,0.19837826,0.08353549,0.11350759
1.2947446,0.91175044,0.083214,-0.06239211,0.6773492,-0.82518804,0.23223089,0.1380159
1.426998,-0.25641888,0.84598,0.6869537,-0.87881213,0.41505596,-0.3746114,0.4033675
0.43667236,0.43824857,0.7488748,0.16602373,-0.60518676,-0.5052943,0.09859877,0.3789312
0.7298413,-0.13622205,-0.25324565,0.43294457,0.31172144,-0.1406354,-0.13494417,0.5171224
0.1922496,-0.19973268,0.47534055,0.4125142,0.5501424,0.016475014,-0.32405406,0.08487289
-0.43862107,-0.40346098,0.45943695,0.68626505,0.1610934,0.4378404,0.30088186,0.2509731
0.62969786,1.0354863,1.4718941,-0.68902355,-0.13186233,-0.5270851,0.41325745,0.5100579
-0.051440038,-0.24996448,0.23754735,0.17408133,-0.14281635,0.13958654,-0.26727724,0.3054014
-0.51390207,-0.30383503,0.68996763,0.69621015,0.22690812,0.93302774,0.023462245,0.52819234
1.3363978,0.1524009,0.37032226,1.3115871,-0.44703335,-0.5397182,0.5874381,1.0457101
-0.49108145,0.32104164,0.45877635,0.9423458,-0.11122368,-0.08835682,-0.13114488,0.21165338
0.35647637,0.013068959,-0.18781804,-5.4500997e-05,0.76001614,1.1404867,-0.44541383,1.0239577
0.5091956,0.91590667,0.8961998,0.01176203,1.137591,0.33871633,-0.717007,1.0482011
0.1918073,0.17247273,1.0543332,0.2463257,-0.82870406,0.38547596,-0.06644702,0.89029944
0.46159464,1.2186184,-0.68563336,0.88975954,0.4613667,-0.07490891,0.5663329,0.14154044
-0.23364025,-0.043110654,0.32012838,0.99221414,0.5208555,0.09458812,-0.25640807,1.1222522
0.50040495,1.2825124,1.0326658,-0.13728264,0.22932352,0.6715352,1.0967015,-0.5360815
0.7219146,0.69888467,0.6562082,0.030741476,-0.9196295,-0.43257415,1.4236042,1.7304766
0.98899084,0.4980216,0.06371449,1.2288368,-1.2257836,0.4568651,-0.36809322,0.4222875
0.5122533,-0.14416967,0.42543828,1.2200819,1.1612632,0.4178973,0.62822026,0.13115658
-0.54977447,2.033419,1.373389,0.35368475,-1.0270606,0.6594992,0.31769565,0.41281775
-0.08001106,0.12869574,-0.104924515,1.2860136,-0.43338537,0.5353439,0.5937677,0.13443139
0.9494861,0.46194696,-0.1824878,0.3891693,-1.2168467,0.35841483,1.0149599,1.0326169
0.5226787,0.3207932,-0.120106295,-0.06054849,0.51607645,0.0805383,0.077387884,-0.011312425
-0.2304104,0.9191578,0.44872487,-0.18654379,0.1277727,0.8764608,-0.41788658,1.0288312
0.16821313,0.47562647,0.6494483,0.28624865,-0.59080297,-0.43380988,0.16089743,0.06875791
-0.20519051,1.3795387,1.0431817,1.1445895,-0.78150576,0.43796444,-0.34886524,0.0602621
0.21031499,-0.251148,-0.06758344,0.4169074,-0.2234324,0.2525779,-0.21077666,0.37319127
-0.04170783,-0.08707531,0.31548828,0.40375558,0.90881485,-0.4068848,0.1815158,0.54737407
1.5773443,-0.32777584,-0.1183244,0.15489358,0.8406666,0.86341274,1.5422188,0.50320363
0.21617725,-0.1563196,0.13712513,1.066204,-0.35740572,0.4155721,-0.19060104,0.33102307
0.99951786,0.5101336,2.4681416,0.09490573,0.09578855,0.55022657,0.42182952,0.3912637
-0.37707636,0.6670729,0.29058152,0.6076909,-0.6494503,0.52079946,-0.04998759,0.40359896
0.88336056,-0.19474794,1.3798343,1.6518302,1.2309412,-0.81661254,0.43003753,-0.04691319
0.040366717,0.60452574,0.56203073,0.3752242,0.12244378,0.012115106,0.23555878,-0.058125257
-0.34894618,2.1430526,1.544611,0.24923357,-0.5098848,-0.45752436,0.6748877,0.42607117
0.49185795,0.16079046,0.45173007,1.8937316,0.01374267,0.6560789,-0.27354062,0.27283382
-0.31116265,0.2738905,0.6160825,0.46144727,0.8596925,-0.69126904,0.5504295,0.79351443
1.7775149,0.9764339,-0.30952322,1.0414647,1.5973434,0.4370277,-0.6646652,0.43215305
0.027088076,0.41523838,0.053280488,0.8531111,-0.6697121,0.94281733,1.4432075,0.067622826
2.059668,0.69051886,0.6257693,-0.55877984,0.05784364,1.2480961,0.30114758,0.7521157
-0.15605032,-0.10071182,0.19425547,0.26713228,0.04594872,0.13864769,-0.26293388,0.63423395
0.66371435,0.71304786,0.0035075098,1.2694789,0.89909834,-0.28871906,-0.3852512,1.1437615
-0.3161417,-0.2702886,0.649309,0.20283362,0.98921466,-0.23240799,-0.38540563,0.6535018
0.49705473,-0.22157423,0.6776598,1.2825493,0.22048588,0.0021126717,-0.59946316,0.26059777
-0.43215594,0.80669546,0.15473686,-0.10685488,-0.09262088,-0.13928401,0.45847842,0.6475668
1.1124344,-0.27908915,-0.27769184,0.17182696,-0.14057575,0.2234732,0.41095302,0.19205815
-0.3796533,0.23703645,0.49823475,0.25441393,-0.23774622,0.95885956,0.5858251,0.36455238
-0.48597863,0.25484198,1.5424706,1.1920025,-0.3086567,1.6571476,0.61792046,0.5555562
0.19099084,0.79465,0.2537825,-0.33654895,-0.20260541,-0.06432018,0.78206724,0.7571005
0.17233515,-0.42715257,0.42369127,0.5172671,-0.026856586,0.8306263,0.39518467,-0.07005
0.5629276,0.23175733,1.183312,0.3154502,1.2958682,0.4019748,0.48749337,-0.31546953
0.28530473,1.2554588,1.3766733,-0.7068475,0.62734824,-0.51868206,-0.20063077,1.0918863
0.66764265,0.77855885,0.7460236,-0.23180073,-0.50083727,-0.10046536,0.11797649,0.029137269
-0.54818684,0.20503725,0.88032985,0.57368314,-0.018064484,0.95273316,-0.17392756,1.1100967
0.13547882,0.30780554,0.081615865,-0.53572124,0.9974541,0.980515,-0.5431987,1.3062414
-0.049138293,0.6138344,0.6938037,1.161732,-0.16671984,-0.34484982,-0.7412916,0.60526824
-0.59306186,-0.1430537,1.2019943,1.1900926,0.32613805,-0.5450209,0.29127267,0.7452024
0.6389037,0.061706737,0.4412458,0.36495805,0.43447942,-0.80777884,1.6392378,0.32230717
0.5492245,-0.19900809,0.004417345,-0.29657775,0.92153007,-0.14886004,0.16723877,0.32862878
0.49917194,-0.37658608,-0.10398708,0.15207888,0.44760913,0.91016936,0.29406834,0.21657868
0.62577736,1.0886449,0.5439863,-0.6534435,0.3662845,0.74175024,-0.6501119,0.5821587
1.7872168,1.205164,0.016214803,1.6681741,-1.4768716,0.2698244,-0.1773851,0.25387332
0.02015455,0.47994632,-0.39999795,0.08259395,-0.41140658,0.62316155,0.6234808,0.71229863
0.5093346,-0.73873115,0.74142516,1.2420073,0.2803753,0.6821243,0.17771152,0.25126055
2.0334775,0.37741476,0.14026691,2.4767125,-0.6537298,0.4648706,-0.4880571,0.4155181
-0.21418992,1.0437423,-0.36316788,0.54590994,-0.20551805,-0.0500513,0.77204233,1.1478548
0.42505923,0.03825687,0.6959566,-0.0922511,0.99031144,1.8737502,-0.16904996,0.5963525
0.09484109,0.342609,-0.09746726,-0.09523814,-0.055102512,-0.1491144,0.18936834,0.26767027
0.22037002,-0.1752242,0.4362492,-0.26164415,0.4133792,-0.021091625,0.05165633,0.33195448
0.65069014,0.1828584,-0.06254783,-0.26318097,-0.6047654,0.44206342,0.6734664,0.6793211
-0.5689052,1.7047328,0.6910689,-0.37408975,0.5190313,-0.2172108,0.8082674,1.3523232
1.3238701,0.5890616,-0.37199813,-0.33313712,0.06598593,-0.34005383,0.56983185,0.7109653
0.19482908,0.4308626,0.1795478,-0.18956828,1.3743341,0.0049022734,0.6737674,0.3998731
0.76848835,2.264547,1.4189316,-0.15788662,1.1728666,1.5601679,0.61515415,-0.80048597
0.5563204,0.93062425,-0.74752384,-0.07960171,0.8700531,0.072270185,0.93139905,0.6462779
0.18428093,-0.07926242,0.017905138,0.37025878,-0.11477463,0.16452701,-0.3574246,0.3734122
1.0535964,0.26912665,0.021165654,0.45300362,-0.5586879,0.1347428,0.44422892,0.38376606
-0.17651454,0.15593888,0.26051056,0.6591171,0.440117,-0.14916208,-0.17919987,0.4416595
-0.7265494,0.7656982,1.1538357,-0.17144969,0.49557763,0.4257757,-0.52990854,0.38444468
0.27265528,-0.8984993,0.7061845,0.14377806,0.6342093,0.66445667,0.055197194,0.15846588
0.45634198,-0.4351157,-0.14952423,0.90321845,-0.0149576515,-0.076784104,0.67076236,0.31435364
0.33593538,0.5900941,0.7160497,0.9075806,0.59243417,-0.26144528,-0.33751562,0.71556383
0.67831236,0.8800581,-0.3927961,1.4931223,-0.21662782,-0.030891195,-0.12654667,0.08489698
0.7297465,0.48107564,-0.5619041,0.07469871,-0.044169888,-0.265403,0.2576132,0.2888333
0.15115122,-0.43911237,0.11817176,0.29880065,-0.07143584,0.35091102,0.07652955,0.13526458
2.0399766,-0.33562726,1.4563693,0.94394773,-0.07473402,-0.35896513,-0.29429215,0.68590564
0.110394455,-0.4463601,1.4842819,2.357753,0.28811443,0.91478956,0.5663466,-0.13740548
0.57847124,0.3117383,0.9516548,-0.19477847,-2.4273992e-05,-0.284284,-0.37373173,0.37652916
0.1882919,0.34140772,-0.26328474,-0.020733386,0.5312759,-0.08971122,0.28283957,0.36566567
1.2946751,0.18843322,0.18316142,0.10742961,-0.3667255,0.025732763,0.6364146,0.2583059
0.84333664,0.34723008,1.0103095,1.4040645,0.2877922,0.6529188,-0.68366295,-0.58479595
0.9150335,0.1684603,0.50841695,-0.38083804,0.17186625,0.281863,0.58493745,-0.083099335
0.33359542,0.080939114,-0.3915866,0.8385748,-0.53035176,0.37518537,0.37482923,0.25989908
0.30253354,0.011911556,-0.35321945,1.3627154,0.10259487,0.73493344,0.3695717,0.30505615
0.9085784,-0.75928307,-0.33392859,0.41595536,-0.116614655,0.8552817,0.88024074,0.60175383
0.29444757,1.1635207,-0.45011473,-0.43244353,0.17457034,0.049853757,0.29168162,0.32036984
-0.06764936,0.640477,0.32605964,-0.44618854,-0.41102684,-0.22926408,0.7873998,0.8865359
0.5312349,0.20157696,-0.6810164,1.4067054,-0.7332283,0.35679445,0.027279226,0.77119446
-0.92781866,0.8249519,1.014978,0.11517025,0.46720988,-0.06692234,-0.09207914,0.29824793
0.024589539,0.2618767,-0.2181199,0.2524626,-0.5150158,0.67531365,0.24207188,0.6629482
1.5973583,-0.049323276,0.9505172,0.20439756,-0.11186688,0.76883006,-0.5898616,0.9530239
-0.31888428,-0.36594737,0.02838181,0.5316136,-0.029455498,0.60878223,0.37593353,0.60904
-0.12687036,0.4049561,0.08761552,0.22023103,0.7933895,0.20924887,0.8981306,2.014799
0.18188816,-0.20150758,0.192564,0.3317819,-0.21823521,-0.10551131,-0.16566049,0.2855486
-0.18041596,0.7208127,0.5061366,1.0638326,-1.2793082,0.69872546,1.0029247,0.66899496
0.955947,0.6532451,0.3647913,0.35611787,-0.44413108,1.8412606,0.6766408,1.1338319
-0.036334716,-0.15387289,0.18456744,0.1686188,0.77349526,0.12439765,-0.40609264,1.203937
1.4493152,0.61616707,-0.18621074,0.5125066,0.6428381,1.135767,-0.65181875,0.14624724
0.46524116,0.11146192,1.4845413,0.18260786,-0.30829024,0.09294194,0.45079383,1.0475839
0.48479393,1.0158491,-0.48576188,-0.0668895,0.044304207,-0.37386152,0.701336,0.29513863
-0.09886543,0.48281085,0.11169252,0.15910622,-0.08666347,0.927881,0.94960606,0.18233864
2.1017413,1.3912554,0.86346585,-0.034002297,1.5519028,0.43493998,-0.7364617,0.22920868
1.6414826,1.2593311,-0.05259314,-0.5124884,1.0045823,0.5886133,-0.6743818,0.4451486
-1.1832783,1.0315692,1.6664258,1.1454524,0.8420428,-0.25283864,-0.28031695,-0.0565954
0.021765143,0.35354704,0.44605672,0.16337271,0.01772131,-0.56026393,-0.30171025,0.41415694
-0.21633062,1.0328567,0.15488577,1.1169415,0.49039125,-1.112295,0.6803983,0.15524952
-0.18407118,-0.5170471,0.92929125,1.3827217,-0.16709886,0.6313126,0.21197031,1.1530092
0.017325414,-0.24704322,0.42965573,0.22352663,0.5467271,-0.40533334,0.19429103,0.41900095
0.27934736,-0.14073424,0.019718051,0.37958947,-0.048968747,0.106241055,-0.446947,0.40946347
0.06533817,0.8776292,-0.2989486,0.14773415,0.9715856,-0.061364338,0.09254357,1.0452831
0.41470233,-0.13427398,-0.13838123,0.61324763,-0.4030133,0.4462361,0.41270706,0.07175401
0.043478698,-0.24232163,0.015552394,-0.07477569,0.2788672,0.009611413,0.39270163,0.5676207
0.4933633,-0.70871884,0.29772204,0.239734,0.310314,0.7524208,-0.021165052,0.15690786
0.37346154,0.61539555,-0.08939578,0.06462059,0.8925068,0.13503955,-0.44124216,1.2145379
0.35256764,0.55742085,-0.69616735,0.66049415,0.37958837,0.008069292,0.22382092,1.1741014
0.2855962,1.5012146,1.0405129,-0.23322782,-0.46650273,1.4836205,-0.29735643,0.8320624
2.013659,1.0458013,1.1672436,0.84718055,-1.2103944,-0.31390083,-0.14897287,0.877218
0.40740824,-0.28848445,0.20616439,0.53682625,-0.37601626,0.11674812,0.0034302236,0.23322797
0.025572695,0.7220728,-0.018191144,0.59520704,0.8198777,-0.07071312,-0.25117958,0.73448837
0.71580565,1.326555,-0.024671465,0.58344144,1.2875781,-0.52628875,1.7871243,0.7358111
0.18938625,0.5085082,0.15360771,-0.2349535,0.58505774,-0.24860162,-0.117980294,0.17404039
-0.33432242,1.0987622,0.65255934,1.6493137,-0.8835277,0.4654712,2.1988242,-0.045963317
0.8457332,0.3157543,-0.4287033,0.51959956,0.28023624,0.71262723,-0.49415255,0.23012105
-0.21632755,-0.07137926,1.7222241,1.116105,0.23821868,-0.5456926,-0.43865255,0.7488734
0.23252147,0.2910719,0.10978092,1.4725113,-0.48143154,0.64941293,0.6113669,-0.5066552
0.56900525,0.014632985,0.55823576,0.032475494,0.83821434,1.1342653,-0.52881855,-0.06606719
0.60470074,0.10281746,0.97161746,0.14255503,-0.73710006,0.56547916,0.44680035,0.726626
0.5203674,-0.31960034,0.5936111,1.2075572,1.5068877,1.4696312,-0.42698643,0.98254013
-0.47819456,0.23401363,0.16583374,-0.02190955,0.6195662,0.16456577,0.12581547,0.9461644
0.36065492,0.4098184,0.008706316,0.1646678,0.037710592,-0.07240759,-0.5176578,0.22239476
0.22474131,0.105896994,-0.057472885,-0.11201153,0.056824684,0.23965997,0.47560903,0.09942092
-0.4509026,1.002343,0.7679584,1.1534847,-0.08997594,0.42688787,-0.5122278,-0.050770298
0.6402263,-0.24783055,0.16183013,0.45389172,-0.46609372,0.19520983,1.1595162,0.50348586
-0.37272146,-0.0880992,0.78717136,0.7686317,0.69227266,1.4149377,-0.19290937,1.4324386
0.56634384,0.4056852,0.17418367,1.5167727,0.13064595,0.3973652,-0.39148006,-0.04418604
-0.2167244,-0.079232514,-0.020246133,0.63244885,-0.3745159,0.40383983,0.00084736804,0.5641297
0.03715582,-0.25065753,0.20524213,0.40658846,0.21807823,0.23528391,-0.38336068,0.56186205
0.052212678,-0.12621643,0.78806365,1.100397,1.800584,0.12470496,-0.7629052,1.3687449
-0.32790548,0.5146572,0.5544736,0.14789179,0.65494883,0.01904177,-0.7707871,0.70985764
-0.18557757,1.9805514,0.033233166,-0.22370657,0.6886403,-0.017748177,0.46624509,0.23229155
0.21829024,-0.0040406734,0.81414664,0.13697425,-0.5878959,0.8381666,0.22159837,0.83143276
0.25274548,0.0772004,0.44466567,1.2434361,-0.29631597,0.66640174,-0.5065113,0.22240496
-0.039010763,0.5756645,-0.3743623,1.1698475,0.35126567,0.27117673,1.1977279,0.87241596
0.21807796,0.36620516,0.3933754,0.49516898,-0.39204466,-0.27823788,-0.2053173,-0.048209473
0.10122542,0.563953,0.31478488,0.10155191,-0.27682602,0.22777936,-0.32951716,0.09784275
-0.5435574,0.15997101,0.7209147,0.72056526,0.29308844,-0.25730222,-0.3905044,0.40093547
0.5831724,0.010043636,-0.28551888,-0.0065368637,0.25532007,-0.502862,0.45596674,0.56137013
0.43265298,0.7247449,-0.40268868,1.6410351,-0.71464735,0.5929153,1.6590897,0.103132546
0.53635514,0.098382816,-0.102139875,0.6053872,-0.26024663,-0.13951887,0.46134067,0.010574192
0.17285547,0.43007004,0.39898336,0.84680486,-0.5918979,0.6839682,0.31271872,-0.3883416
0.19684252,0.2890761,0.40743905,-0.19388929,0.58009326,-0.008894309,-0.50795716,0.16959777
-0.16494346,0.32164282,0.39278972,-0.40268764,0.294675,0.056035034,0.09168596,0.24289763
0.9170478,0.8467411,-0.471694,0.8246818,0.9979682,0.43044487,-0.2593907,0.48872998
0.30172297,0.22860585,0.52635,0.22572061,-0.18363051,-0.57155466,0.15826692,0.86776555
-0.8249337,0.89514714,1.1222976,1.0963503,0.53964555,1.816735,0.3108983,-0.25399312
0.49745262,-0.16331632,0.19775333,-0.12622216,0.45039064,-0.49265832,0.4433641,0.572302
-0.049630962,0.11782174,0.3355842,0.7514289,1.1034381,-0.3981753,-0.0011583581,1.2935604
-0.066600986,1.1904762,1.3755609,0.7342453,0.21167566,0.13211955,0.89240736,-0.62539893
1.4599427,-0.26922202,0.25309497,-0.53698426,1.1303953,0.32515442,0.6590846,0.35124788
0.6105856,0.7487034,0.6347835,-0.34152293,0.2068394,0.3482223,1.2620509,-0.36378807
1.073166,1.1677281,1.0404583,0.2696283,-0.34441566,0.19515274,0.7828382,-0.6134521
0.4306133,0.036485717,-0.22274984,0.360868,-0.4396438,0.7522045,1.0576956,0.38212627
-0.21363926,0.19453178,1.1796358,1.0769986,1.7759435,-0.2081959,-0.06542717,0.251886
-0.11382606,1.2008497,1.942115,-0.50428516,-0.6040466,0.43861777,1.1062506,1.2288439
0.2895326,0.1350619,-0.18562613,-0.15813845,-0.15372242,-0.085835114,0.25059587,0.372718
0.36429894,0.55812275,-0.051926598,0.006505884,-0.04665996,-0.5245435,0.644127,1.089523
0.51298076,0.8422751,-0.45477778,-0.26659214,0.17233391,-0.35664243,0.36816213,0.77238274
0.33872697,0.87042737,0.05212003,0.32071847,0.8541011,0.3017931,-0.40261555,-0.04346615
0.4156255,-0.53627896,0.3328514,0.5424125,-0.10160826,1.3111551,0.7435946,0.3286515
0.37589782,-0.09906705,1.8322382,0.002560012,0.6685448,0.66965127,1.4640623,1.1485866
-0.21938667,0.026576266,0.12307425,1.2424555,0.39187485,0.09219791,0.61600965,1.266494
-0.18300131,0.112597555,0.1640867,0.8058374,-0.09368393,-0.2689917,-0.019518219,0.37865472
-0.48857346,0.9538367,0.3690453,-0.12888312,0.19385399,0.4574795,0.010346526,0.7116484
-0.03935028,0.25960916,0.27589715,-0.19379222,-0.21122287,-0.09148049,0.22444591,0.4797987
0.606993,0.7699019,1.2145104,-1.2079424,1.1961032,0.3843825,0.9450366,0.2575645
0.27313393,0.43996066,-0.16643898,1.1080858,0.3746295,1.0684335,-0.58225805,0.39681193
0.49612358,0.083433226,0.52963793,1.1160855,0.19267847,-1.0495789,0.11580465,0.68123406
0.028791185,-0.05466093,-0.0006239712,0.33243036,-0.028239518,0.25400603,-0.28276354,0.49152762
0.043543585,1.8382436,0.18176964,-0.34107205,1.1029876,0.2223936,0.69851553,-0.021729648
-0.3801889,0.24986504,0.17738098,1.2575386,-0.1612363,0.5396751,0.48006395,0.25986102
0.35034698,-0.14659418,0.5255525,1.5668094,0.60222894,0.011096112,-0.57871836,0.40708506
0.19296518,0.7008076,-0.3706475,0.7913695,-0.040393636,0.15432969,0.70429945,0.22436154
0.15568382,0.519119,-0.21632214,0.94784135,0.18278846,0.11642798,-0.46954414,0.39775825
0.48868674,0.085005656,0.07476945,1.2137367,-0.36419356,-0.41024786,0.010542506,0.27586415
0.25531763,-0.2512642,-0.08239639,0.023559324,0.3244444,0.13630748,0.38875034,0.85676676
0.36737898,-0.036072284,-0.056593224,-0.007832266,0.31854984,0.24494241,0.72483665,0.028308399
-0.10503497,0.4943934,0.3702057,1.7805588,-0.64724874,0.9326439,0.8203629,0.31132042
1.0516092,1.236261,-0.15153907,0.16505066,-0.21206896,-0.984305,0.47779712,0.008764833
1.3555925,-0.22681864,0.37821904,-0.06170494,1.2450181,0.7977321,0.692797,0.689246
-0.030928291,0.52257496,0.7190555,-0.17746142,-0.54569656,-0.21787512,0.43699595,0.15253486
0.5167573,0.5159847,-0.38590944,0.78865665,0.073151484,0.2682076,-0.1897918,0.4706806
0.08434465,0.13469158,1.0750048,0.046717077,0.118987605,-0.7153332,0.7039675,0.2515878
0.49844798,1.0424333,0.51659095,0.38139546,0.61841905,-0.27605516,-0.34620395,1.3588573
1.09231,-0.74714315,0.557568,0.55194396,0.37649304,0.019088984,1.5070413,0.2680352
0.1266469,-0.42180008,0.20561522,0.28089544,-0.033306003,-0.00040426105,-0.3411648,0.5041312
-0.16038546,0.08407341,0.17518471,0.9026286,-0.114078924,0.07649536,-0.17154868,0.20232718
0.8332873,0.9933888,0.34759825,1.1480715,-0.7409152,0.06462675,-0.2782226,-0.2794107
0.0050940663,-0.28390115,0.49009413,0.22882673,0.7693159,0.110268995,0.048228633,0.44988197
0.73265344,0.13320549,0.24026242,0.37537554,0.6684349,0.7159663,-0.27746722,0.2036316
0.6325876,1.5985875,-0.25757724,1.6054025,1.1789217,0.04557237,0.8576287,0.10275634
1.8666154,0.98308,1.8483226,-0.009106018,0.7051744,0.73000306,0.6493075,-0.4787923
0.25087592,-0.088541314,-0.15143289,0.24169567,0.1411019,0.65992737,1.0092126,0.682199
-0.44264343,-0.19766058,1.5687994,0.5700093,1.0531474,0.2581926,-0.28926203,0.6646824
-0.1653736,0.7830017,0.5229923,-0.6357439,0.03974141,0.25904238,-0.2268277,0.37523684
-1.0830777,3.0,1.7643274,-0.0076748207,-0.33205414,1.3788323,-0.06588785,0.5960713
0.54339,0.038286313,0.3411399,1.239547,-1.0208997,0.622829,0.7310439,-0.13853902
0.1819937,0.73318595,-0.40255523,0.77352077,0.9194934,-0.22988796,0.9579911,0.23115171
0.22123253,1.1065611,1.0826807,-0.20870146,1.0509505,0.36180055,1.7223785,2.390382
0.5275025,0.3640595,-0.31205755,0.75036895,-0.13301553,0.33166695,-0.5078295,0.35189927
-0.18520764,1.32436,0.7554197,-0.41935462,-0.022015497,0.724682,0.27905104,0.61724275
0.10239687,-0.009392321,-0.02237223,-0.23947775,0.19391388,0.04356862,-0.04890935,0.40447032
0.13553777,0.13894552,0.2804973,0.8524191,-0.555003,-0.04819861,-0.15597421,0.57009476
0.50518215,0.510095,-0.29963756,0.41193816,0.43922722,0.22446862,-0.3212805,0.6115342
-0.51833844,2.4290576,1.415418,-0.050519116,0.9784129,0.87727916,0.39851603,0.48441207
-0.28671804,-0.24426274,0.639448,1.4086819,0.03170839,0.16392456,-0.059777338,0.30294946
-0.29610902,0.92321926,0.90328753,0.42198512,0.040000692,2.0022454,0.84196925,0.7556484
1.3896996,0.26944202,0.448579,-0.63416004,0.89234227,0.24484715,0.24286027,1.7787188
0.8477117,0.08117707,0.6179819,-0.23730996,0.404231,-0.50182307,0.42963496,0.38888824
0.19299608,-0.080377504,-0.17276506,0.4671987,-0.35372895,0.44651255,0.5206799,0.24085021
1.0373377,0.4666859,0.28689897,0.39116034,0.57975066,0.29321417,-1.0651132,0.21371879
-0.17560506,1.2134858,0.19870484,0.7179157,0.9688764,-0.2157861,0.46281832,1.3091018
0.15661365,0.67157775,-0.29356074,0.19230223,0.57871085,-0.35418785,0.08245202,0.6618679
-0.2022258,-0.3232755,1.0064733,1.00306,0.00090144575,-0.29421982,0.39066854,0.30128795
1.155847,-0.37222016,0.34967834,0.93767637,0.606251,-0.48648947,1.6142144,0.1565946
0.21270046,-0.103480846,-0.06840734,0.35264733,-0.17811011,0.036034875,0.06672173,0.45077035
0.9220814,2.4822378,1.2660767,0.6973622,0.4724571,-0.5417006,1.1904293,-0.45779788
-0.020988658,-0.69901854,0.3537405,0.90181255,0.076554626,0.29070187,-0.1825409,0.7035531
-0.3752633,1.027166,0.34715283,0.28957573,-0.18538113,-0.09839907,0.4880769,0.25504482
1.338494,0.8290242,0.17903677,-0.5328211,0.8934817,0.92191756,-0.56337386,0.38840368
1.6260306,0.9602386,0.8556302,0.8638112,-1.0335137,0.42956105,0.27909553,0.21437857
0.44715723,1.413638,0.63277787,-0.6998641,-0.3241827,0.101754695,0.048782356,0.108149126
0.101118535,0.028285712,0.14060766,0.25144672,-0.23425092,-0.026886672,0.19165953,0.036727026
0.55840653,0.025243238,0.035129465,0.053840335,0.12280871,0.44465256,-0.17579283,0.16340804
0.22570747,0.5125462,0.25787085,0.7915442,0.67953527,1.4672184,0.6001065,2.9456418
0.8310599,0.26601052,0.24472004,-0.2985991,0.37927657,0.40973705,-0.09004044,0.008988529
0.6505898,1.0893366,-0.82590127,0.43700784,-0.69198483,0.6255986,0.8749674,1.6806328
-0.15494677,1.0230957,0.5298657,-0.6961895,-0.2215576,0.39225394,0.66541916,1.017924
0.56548256,0.9277445,0.20117256,0.7848367,0.6437227,-0.42619032,1.0817046,1.0245928
0.23793986,0.20363782,0.387042,-0.022157066,-0.6510932,0.090729624,0.24191357,1.39452
0.7000771,0.31965703,0.5057554,0.8496435,-1.1616344,0.46662074,0.30056277,0.29690057
-0.12777618,0.50311583,0.32672805,0.19894156,-0.21160291,-0.6293539,0.8467241,0.7206421
-0.2365317,-0.82605445,1.1546798,1.2077273,0.4841475,0.6484956,0.5092804,0.93925524
0.3368542,-0.6858709,0.14075099,0.30449712,0.057898045,0.51726055,-0.16802832,0.61522543
0.15897343,-0.17674841,-0.0008956641,1.1022338,-0.434721,0.30163795,0.28381062,0.2174406
-0.2986403,-0.25037855,0.14179674,0.5852583,0.31747127,0.46005797,0.4340758,1.2420843
0.22182855,0.22957642,-0.16047145,0.86493886,1.0672303,-0.34744003,1.0545704,0.24451318
0.13975734,-0.029495552,0.23929833,0.79675215,0.28162193,-0.11435589,-0.30483106,0.30095235
0.3793388,0.5789125,-0.39697117,-0.6081801,0.3263982,0.7590276,0.80791146,0.96188176
0.38205856,0.33468175,-0.1762578,-0.07101885,0.16673906,-0.49287057,0.57284135,0.55079186
0.42742193,0.48536855,0.20799553,-0.18427849,0.59769744,0.64660394,-0.6165512,1.0629903
0.340238,1.4842321,1.0354658,2.2938144,-0.2912956,0.26803407,0.10408084,0.6000789
-0.3054631,0.69553477,0.20634317,1.0486137,-0.70931464,0.93009794,0.4200385,0.10434384
0.32641003,-0.9953289,0.81771886,0.50864005,1.3331277,0.92498535,-0.12446696,0.30707133
-0.6050648,0.30491543,0.74913806,0.4525215,0.7353753,-0.11982505,0.34890938,-0.11649814
0.33607227,0.83717823,0.7730106,0.04031167,-0.87188345,0.047499634,-0.013858879,0.1908847
0.24931255,-0.01606898,0.1300544,0.1522487,0.6181733,-0.48321497,0.4048762,0.22037461
-0.22398928,-0.044717863,0.45543855,0.13533303,0.2076816,-0.23287442,-0.096639246,0.45611885
0.69200766,-0.75079316,0.011490077,0.0564918,0.51687646,0.29523146,0.20428805,0.21246925
0.24357879,0.9258675,-0.38312954,0.7302857,0.15550579,0.15927774,-0.11233405,0.6153681
0.11126183,-0.25721997,-0.041873068,0.37425432,-0.15850513,0.50751424,0.26221472,0.30855104
0.12594153,0.04695335,-0.46710306,0.66425335,-0.04496102,0.34589633,0.25337368,0.56312025
0.8140699,1.1157852,-0.30181628,-0.0964612,0.697184,-0.12112409,1.6105872,-0.14403889
-0.7943514,-0.3233775,1.294135,1.3110738,0.32938886,-0.15090072,0.3460531,0.824563
0.6626232,-0.2989651,0.23375691,0.22081819,0.064476326,0.0387749,0.76051563,0.19231337
1.6006542,0.83194625,-0.64770097,0.79519314,-0.08578698,-0.3256591,1.8641309,0.5133744
0.764917,1.6400872,-0.085754365,-0.118489884,0.17085071,-0.10340361,-0.1296467,0.07536965
-0.031098627,0.43479985,-0.077718034,0.12807603,1.4598542,0.036501035,1.0062493,0.30470705
0.5056286,0.30255014,-0.3311497,-0.32897386,0.8594208,-0.2253496,0.6813359,0.9474309
2.1006331,0.51540345,0.69309473,-0.40011808,0.6989127,0.31061256,0.0039069415,-0.17667517
0.469436,1.3839847,1.9109782,-0.6565115,-1.2610769,-0.44763398,1.2318472,0.71868336
1.1574076,0.27593875,0.9029242,-0.2183291,0.53312826,0.6714212,0.04654745,0.46158558
-0.3148492,0.98432815,0.65301186,0.22694924,-0.48925608,0.5128317,-0.6601504,0.5838068
0.30680785,0.18395944,-0.21244542,1.1694791,-0.29411548,0.3279944,0.049047306,0.12369204
-0.78738433,0.54503715,1.0803384,1.7066627,1.0438402,-0.44450563,-0.18273354,0.23178513
0.85417604,1.1685929,1.037622,-0.40692887,0.20173486,0.90023476,2.0236022,0.32118058
0.7292453,0.11455147,0.7897458,0.41922966,0.8967284,-0.08796324,0.14597294,-0.3248397
-0.53981334,0.85958844,1.1495076,-0.04001195,0.5546777,0.5009287,-0.72490925,0.43683514
1.9766079,-0.65651655,1.234984,1.7359915,-0.35553253,0.3551119,1.066555,-0.051021993
0.77288765,-0.5323912,0.13309881,-0.046173997,-0.11848162,0.46379238,1.0038587,0.41635412
0.26230007,-0.45735472,0.6274766,0.087076895,1.8133078,1.4656645,0.37295657,0.5687264
-0.69505453,-0.64593434,0.79414797,1.648632,1.3246033,0.81550616,0.46972606,0.28086194
1.3745636,0.2983449,0.3064165,1.1700627,0.66623616,-0.0069859475,1.0721269,0.074143484
0.90229553,-0.52929914,0.5295945,-0.051676445,0.24523218,0.33206916,1.0540396,0.19411275
-0.057175018,1.3490555,1.9088346,-0.705618,0.17595907,0.2422132,1.1338601,0.5070761
1.751217,0.059693918,0.74372,0.5519124,-0.36404866,1.0565581,-0.15420362,0.25879723
0.31678063,0.7417716,0.18051216,0.8513266,-0.61670667,0.70298404,0.7154502,0.51803064
0.56808186,0.119605556,0.16500176,2.2212107,-0.17002578,0.4401574,0.215129,0.15761249
0.07848322,-0.09376239,0.0085879415,0.10765359,-0.055069104,0.159693,0.2871245,0.145899
-0.61162025,-0.097665384,0.4716786,0.9455194,0.3862319,0.25952625,0.8983838,0.5007565
-0.80564415,0.5578135,0.8071457,0.54652065,0.0345881,0.123520985,-0.0466647,0.13776208
0.47323072,0.1609755,0.2057628,1.3638806,-0.34903163,0.86344296,1.1734841,-0.56972474
-0.5190991,1.8816551,-0.14841314,0.011741675,0.89701164,-0.15390241,1.005705,1.3777765
-1.1956599,1.6126269,0.98746717,0.41547763,0.76590914,-0.20993036,0.8617224,0.37026963
0.06800315,1.1161809,0.34652922,-0.3072348,-0.2727518,0.46815234,-0.43366018,0.19822809
0.23349115,1.1425278,0.66828984,-0.6149256,0.5194244,0.25602645,0.16958503,-0.30353335
0.4409075,0.38784117,0.46833384,-0.07484489,0.90651625,1.2950152,-0.18163063,0.062973715
-0.17887205,0.4853307,0.4948001,0.36648366,-0.23774152,0.2251755,0.029232008,-0.1691784
0.11478949,-0.4253353,0.39144814,1.3048558,-0.1629291,-0.14379334,-0.058638304,0.42208672
0.35769582,-0.28202915,0.05589609,-0.14309663,-0.26009077,0.10633057,0.1638245,0.4862417
0.20737842,-0.6303434,0.6031824,-0.027167149,1.1480529,0.45970726,-0.412486,0.18225132
0.73800004,-0.7021133,0.30488455,-0.13107088,1.1099554,0.24766868,0.099504076,0.66697824
0.24117118,-0.15488942,0.7207971,0.25013363,0.69263124,1.383229,0.1272559,0.9089127
0.23164523,0.20633627,-0.089133844,-0.2248585,0.47564018,-0.32089737,0.21772152,0.7443405
0.105974995,-0.595156,0.5942284,-0.08841593,0.24546748,0.2161136,-0.020460753,0.8283214
-0.10989537,0.4762684,0.31381285,-0.07914805,-0.4730453,0.36373335,-0.22744223,0.3499778
0.800133,-0.61441886,0.43508303,-0.04748947,0.9694469,0.22156966,0.16397162,0.06775654
0.80529493,0.3232044,0.66210324,0.9541518,-0.3499635,1.6793512,0.27992144,0.58623064
0.7199281,0.094950125,1.0566485,-0.069118775,-0.3598168,-0.71194625,0.03901881,0.8633001
2.0352268,-0.14273591,0.7921597,0.17085645,0.7760312,0.7261013,-0.5797929,0.2592988
-0.31526756,1.0724134,-0.0077245384,1.7308168,1.1318167,-0.209483,-0.010822261,1.2863637
0.056535132,0.09183867,0.5858613,-0.16347992,0.2370791,0.040096126,0.3204117,1.3213298
0.8298709,0.26035923,1.2096645,-0.0034243912,-0.42838305,-0.43175614,2.4804084,1.9135044
0.21137163,-0.6744855,1.2936088,0.8283449,0.07243167,-0.35564595,0.83027023,0.49083653
-0.64000934,-0.018041745,0.44662678,0.68132746,0.08190148,1.2905244,0.59577394,0.7562425
0.20685983,0.3943643,0.3925566,0.58401656,-0.25860083,0.6935673,0.694794,-0.6110704
0.7341385,-0.7883029,0.8598132,0.91812724,0.4530459,-0.23570499,-0.10655192,0.78749114
0.020225499,-0.07300232,0.22455949,0.41784313,0.10930434,-0.14410742,-0.23701777,0.80422586
-0.10199497,0.7961074,-0.13577534,-0.08330398,-0.68009716,0.27765924,0.62073946,0.5673448
-0.18052289,0.82714325,0.27934265,0.10747897,0.7920696,0.4974187,-0.38376257,0.7933622
2.3573232,-0.007933512,0.31814313,0.82845634,0.6723584,-0.9302604,1.1165578,0.19290659
0.41061547,-0.2448367,1.3340856,1.8123679,0.1783299,-0.9094635,-0.45395732,0.4086522
-0.3237726,-0.30563766,0.30967298,0.9697129,0.23120944,0.43641096,0.21189687,0.1497756
1.4466493,-0.027215615,0.12935892,0.9012796,0.06299867,0.9992005,0.2388724,-0.21720815
0.52380455,-0.312486,0.35738087,1.0987989,-0.43594724,0.28808308,-0.09940143,0.20882843
-0.16368285,1.422254,1.5477659,2.1147304,-0.12658362,0.331842,-0.23480652,0.30858263
0.5570667,0.43850392,1.0844162,-0.38162026,0.41978586,-0.54467857,0.3515038,0.28574812
-0.12348623,-0.7746496,0.6717075,0.53336984,1.0088433,-0.3882442,0.50288755,0.6733009
0.3330761,0.14282207,0.07849909,-0.118709244,0.22557744,-0.29872018,0.4117253,0.31207556
-0.19561619,1.7643982,1.1376342,0.57404435,1.2177062,0.10395123,-0.23266889,0.28057992
0.5144664,-0.36486453,0.039032333,0.290018,0.0231006,0.31734726,-0.19377093,0.29954118
-0.1343208,0.09083454,0.2881652,1.0050424,1.0873063,-0.5557481,0.34420943,1.2891382
-0.3222399,0.29764563,1.1640159,0.13625246,0.16534783,0.32262284,0.76793617,0.6694456
1.4035343,-0.8424758,1.2025347,0.3201833,-0.046658322,0.107269734,1.0200242,0.46313655
0.09197169,-0.09547751,-0.09325361,0.16894594,-0.055084035,0.33099356,-0.13924642,0.39882347
0.9604279,-0.20917575,0.8047782,0.032224976,0.018504158,-0.14703745,0.0056025446,0.37645143
0.8495118,-0.25685483,-0.20442732,0.3628302,-0.26189697,0.18766856,-0.044781446,0.08783899
0.13039291,0.32869047,-0.21414857,0.34540936,0.36142296,0.76857287,-0.543794,1.1067159
0.10336265,0.030452013,-0.0881446,-0.0636112,-0.07134576,0.29497454,-0.28393796,0.45772478
-0.1663335,-0.6786177,0.467618,0.20766139,0.6093039,0.21237838,0.16443075,0.16865103
0.8214994,1.4784999,0.8613272,-0.43056265,0.1384389,0.25863427,-0.41034093,-0.43775225
0.44632354,0.16673373,-0.22056596,-0.44898763,1.7683773,0.54099077,0.3185324,1.5417943
0.030854406,-0.18102644,0.097388856,-0.025018007,-0.06578289,0.26985282,-0.38626918,0.4079364
0.22730905,1.547151,-0.12837683,0.58354634,0.81982994,-0.36540556,0.12372092,0.41663292
0.29425666,0.09927271,0.2651497,-0.1266951,-0.07844351,-0.35973907,0.15098421,0.1610292
0.6567678,1.061835,0.8686121,1.154839,-0.67853445,-1.160223,0.6191214,0.8133679
0.11254943,0.023584649,0.045762807,0.15464242,-0.036554173,0.20278972,-0.45748553,0.49775317
0.18238676,0.6993933,-0.01693596,1.1317945,-0.2444586,-0.31049204,0.38034394,-0.23056445
0.22860536,0.17137076,0.03897894,0.09211203,-0.17346095,-0.39865088,0.29323196,0.5147904
0.25249276,0.039043352,-0.20884006,0.45775917,0.020979881,0.34106988,0.04220795,0.07230643
0.52063066,-1.1721753,0.7905562,0.766836,0.38126552,1.2295129,0.23101725,0.26490295
0.45535502,0.35187364,1.7645742,0.87726086,0.48985177,0.29407468,-0.70691353,0.793926
-0.03206023,0.7603077,0.65652496,0.38712552,2.353149,0.99057114,0.76152515,0.20166397
0.06371049,0.50427467,-0.24083088,-0.0133046135,-0.03531672,0.34634626,-0.20978992,0.44370645
-0.3009946,1.3485479,1.1275158,0.046018563,0.57155704,0.8156364,-1.0331259,0.8553622
0.68726355,1.0078735,-0.3380146,-0.22721604,0.18346985,-0.8645755,0.8130826,0.6347207
-0.22618282,0.33981633,0.44500506,-0.32389507,0.27010262,0.6396418,-0.17416103,0.38509506
0.010827325,-0.4953993,0.3125937,0.14433146,0.05099505,0.06964201,-0.32058904,0.34272635
0.43274197,0.84748334,-0.06993444,0.5486625,-0.6455725,0.49546054,-0.44654727,0.2042745
0.29361504,-0.38072383,0.822663,1.2660272,-0.59057635,-0.2852643,0.55030113,0.79903466
-0.10070378,-0.5200064,0.51657814,0.3435864,-0.14366968,0.48058254,-0.34372005,0.7587141
-0.85661465,1.0582496,0.95640165,0.51604164,0.67950916,1.0707722,-0.66672343,0.56002283
-1.0314567,1.4632196,1.1014351,0.109169014,1.7096957,-0.057958156,0.008777371,0.56876934
-0.32815412,0.32546312,0.22845182,0.14528596,-0.012812898,0.24614497,-0.0347199,0.25882363
0.1295965,1.1366012,0.41334826,0.5771714,0.16507117,0.772009,-0.21269166,1.5170851
0.9449659,0.76117444,1.1239314,1.2942669,0.22526397,-1.0935565,0.12499566,0.46485946
1.6087426,1.4153975,0.52393794,-0.39693648,0.30577105,1.4536332,-0.5656279,1.0073724
-0.1157463,0.134513,0.058401667,-0.26258293,-0.0082332045,0.2968027,0.67250985,0.55048835
-0.0056430176,-0.015718237,0.8532542,1.3829261,1.4716787,0.5877976,0.605214,0.16851157
1.9071203,0.5113863,0.36682367,0.80062765,0.02992089,-0.4408396,0.3689493,-0.29903352
-0.6405149,-0.14227928,0.8765267,0.92505413,0.22461253,0.025418378,-0.28885514,0.43734378
-0.013044253,-0.27883106,0.80261713,0.36494964,1.4514085,1.1469675,-0.41471428,1.9124706
0.5256033,-1.1437346,0.8678148,0.24570024,0.39335895,0.52172923,-0.3940215,1.0113358
0.24587706,0.064769134,1.0089747,-0.20716816,0.02618368,0.94600856,-0.10159866,0.40193167
0.24540699,0.52343506,0.27598202,-0.4750742,1.204174,0.1330515,0.5923669,0.2343008
0.8034042,-0.31456488,-0.12863947,0.3794801,0.78109473,0.72951066,0.40490913,0.032874107
-0.042574592,0.10487963,0.42438513,1.4822967,-0.5688654,0.86847234,0.68280303,-0.08320017
0.12368071,0.30950373,1.4767364,-0.22560263,1.0697058,0.29550418,-0.31078804,-0.015080035
1.1665798,0.32514042,2.4640028,0.28453946,-1.1073713,0.8232169,0.3412154,0.8690576
0.90868956,-0.4319316,0.38629985,1.4736531,-0.7808054,1.0598756,1.7003969,0.3235696
0.6955409,-0.20133384,0.27783394,0.19319299,-0.9973187,0.42028314,0.628861,1.0209274
0.8036069,0.4321196,0.8466108,2.2180254,-0.62195456,-0.6930061,1.0087869,0.019247115
-0.002925016,0.078835115,-0.09938909,0.4481132,-0.27320755,0.20378157,0.28096133,0.25778297
0.47989345,0.15264769,-0.47876287,0.8055256,-0.3472253,0.35069495,0.1319962,0.108456165
1.9573354,0.5996439,0.5739029,0.32901448,0.8978055,0.38990432,-0.43025017,0.52031887
0.43629786,-0.5464244,0.0591152,0.93096733,-0.32847357,0.1486755,0.15274978,0.27877402
1.4585401,0.937647,-0.04448977,0.47129717,1.6923447,0.54070514,-1.1764032,1.3538206
0.3552418,-0.019040927,0.024594218,0.7379816,0.6194878,0.09359736,1.0842814,-0.3464617
0.55581266,0.30370003,-0.4280604,1.3001983,-0.22481553,-0.17678314,0.5779012,-0.016425818
-0.10982322,0.52136666,0.20469165,0.99241865,1.6708575,0.105359964,1.1115367,0.13192949
0.057995893,-0.13040553,0.06972624,0.1208027,-0.21978866,0.20391518,-0.14424169,0.30981022
-0.16301629,-0.5737346,1.1537112,1.4835279,1.2086469,1.5856485,-0.3073013,0.7897648
-0.35482052,0.23649137,1.769184,0.7890398,-0.12269248,0.3855812,0.76846486,0.6967547
0.01062423,0.67285633,0.12126644,-0.024046041,0.26267147,-0.22886604,0.28621075,-0.07319301
-0.47552064,0.13939418,0.41641778,0.011185177,0.8885104,0.8732419,-0.38102874,0.82710266
1.0848505,1.7349645,-0.5364342,0.11449318,-0.23509566,-0.285361,0.5031807,1.5097291
0.36753598,1.2722739,0.45562333,-0.37065446,1.2760682,0.2715457,1.4282571,-0.32279065
0.17844743,0.22215082,0.26552272,0.124579206,-0.3315313,-0.19972059,-0.19976357,0.19116993
-0.22544643,-0.14683764,0.43483454,0.52799416,-0.02646777,-0.32022312,0.083600394,0.5375159
1.2831792,0.15615965,-0.06761809,0.5755817,-1.0495012,-0.36886477,0.34747,0.80547696
1.1068305,0.77450186,0.032794237,-0.10968087,-0.23789702,0.48709923,0.087357104,0.028471187
-0.5459876,1.5147595,0.3983162,-0.0997146,0.15538074,-0.052749336,0.29043156,-0.13034591
0.6113061,0.30136448,1.5895932,0.92878664,-0.49387974,1.7455361,1.1344985,-0.054650694
0.58096737,0.45877665,1.8865519,-0.15476558,0.6853898,0.10727875,-0.61720544,0.86095095
0.6408494,0.3456428,0.62474936,3.0,-0.50823444,1.1380517,0.3200454,-0.4338075
0.652816,-0.028714076,0.35700166,0.8546906,-0.082222804,-0.69118375,0.01630014,0.32812777
0.4755318,-0.00983575,0.3413545,0.0694279,-0.11092661,0.15550923,0.37573546,-0.17157778
-0.75888973,1.7712195,1.4292082,-0.3429023,1.7425305,1.6455733,0.24064417,0.29737103
1.066738,0.76552606,1.2167375,-0.84886044,0.24303819,1.036592,0.975323,0.13038798
0.9796992,-0.3044268,0.4518907,1.3100439,-0.079710945,-0.038179725,-0.10288993,0.63776094
0.08169413,-0.349976,-0.08737369,-0.07625841,0.27587888,0.32598153,0.31753513,0.45525002
0.68991774,-0.37203193,0.7212151,0.5271551,-0.48696262,0.89584124,0.39016137,0.094077155
2.3234968,0.6249526,-0.12794633,0.30580267,-0.88725096,-0.06615579,0.70722073,1.4143572
-0.5402892,0.50620914,0.03048329,1.1296482,-0.52545786,1.2480624,0.4883217,0.59476215
-0.02990979,-0.20478825,0.23394993,0.64076066,0.42515653,0.09421925,-0.5421937,0.5355488
0.17224905,-0.98733956,1.2377789,1.329648,0.06766491,1.1641431,0.92962176,-0.36339518
2.1845512,0.18001918,-0.0966389,-0.39352342,0.5406672,0.845698,0.14900783,0.52708733
-0.5766957,0.7993567,0.68097645,0.86626697,-0.37742805,0.15994094,-0.012680942,0.16750768
-0.53221077,1.0944996,0.17883231,0.38304716,0.20274687,0.43981335,-0.48471448,0.1676416
-0.36578146,0.4659127,0.06759058,0.3609893,-1.0464741,0.82615435,0.75882393,1.1220145
-0.14364433,-0.5689367,0.3618126,0.79862535,0.36623663,0.3364007,-0.44391134,0.74636334
0.29122183,0.7524574,-0.40101582,0.24852988,0.5654209,1.3201921,0.53938156,1.169363
0.5729234,-0.13280861,-0.42576718,-0.048052244,0.49225956,0.12932919,0.7558717,0.27444968
0.18918747,0.033247575,0.04882721,-0.19384867,0.6573577,-0.21066988,0.519324,0.35594454
0.27152127,1.2580701,0.70626915,-0.4040865,-0.2804711,0.26778936,-0.280326,-0.17038253
0.70044297,0.31271964,-0.5945981,-0.3955877,0.8983126,0.07064658,0.48727164,0.55703
1.5749978,0.90784234,1.6726103,-0.32577246,0.38352352,-0.05773014,0.0006823973,0.60366154
0.5122064,0.64394194,-0.53479594,-0.51807696,0.299079,-0.12688446,0.58204055,0.7357796
-0.4930695,0.1190144,0.5474839,0.5203592,-0.5978902,1.260922,0.8122819,0.6945637
0.20611987,0.35584164,0.7886352,0.11010956,-0.47548532,-0.07257751,-0.3777379,0.33964372
0.9242794,1.0570247,-0.6857902,0.34772632,0.4219035,-0.3347232,0.10713196,0.34240174
-0.489831,1.0816596,1.9003476,0.51962036,0.599034,0.9245652,0.6126186,-0.018227756
-0.014170632,0.24770556,0.47166884,-0.29718342,0.06973755,-0.10664508,-0.36228645,0.20212299
0.11474794,-0.22780381,1.4519436,0.10560099,0.099581525,0.05128747,0.37667647,0.13369963
1.0830259,0.15889172,0.5019247,1.2375205,0.67043203,-0.27276063,-0.51129353,0.16089472
-0.09402094,0.31310034,0.23377219,-0.053384013,-0.025391236,-0.3394466,0.058269657,0.24603032
-0.75416404,0.60299903,1.0827171,0.98386776,-0.16009529,0.56557024,0.7166976,-0.13908729
0.091752775,-0.08209832,0.6771263,-0.3810902,1.363516,0.70196486,-0.6716141,1.6782424
0.5152919,0.9584708,0.794469,1.1016376,-1.3326144,0.30775052,0.31327015,0.45871946
-0.17087641,0.84386545,-0.082121685,1.0312191,1.0378923,-0.44929165,0.6832548,0.60902226
1.0121067,1.6555487,1.7510829,0.12988639,-1.0234932,-0.3758094,-0.051215522,-0.15463096
-0.2789109,0.8055682,1.9116771,1.141902,0.36777616,-1.15279,0.5029249,-0.1504575
0.2801073,0.20299046,-0.32661754,-0.28387526,-0.31315958,0.71446097,0.122994386,0.9774928
0.056467857,-0.105082944,0.3458516,0.08700532,-0.2225116,0.32894042,0.40194342,1.3371216
-0.12228414,0.6468386,0.65452135,0.7111344,-1.0101987,0.30984348,-0.010986188,0.35396254
0.6984354,0.75176346,-0.3940723,1.815784,1.2292032,1.0003425,-0.40617508,0.5697819
1.4194707,0.11028896,1.5170425,0.83707124,-0.62422603,-0.06376171,0.71476054,0.020557195
-0.32333186,0.12111242,0.44613343,0.3535811,-0.062226996,-0.079732865,0.955725,1.0748215
1.2144564,0.13797222,0.36925822,0.2935132,-0.7335468,-0.33660543,0.49006024,1.1509143
-0.8956669,1.0241512,-0.024768412,0.67962724,0.78202355,1.026017,1.3876346,1.2322669
0.11873486,-0.008714482,0.32666427,-0.12591478,0.44914424,-0.34953937,0.25588426,0.40527672
-0.09033298,0.071192026,0.21101412,0.21978125,-0.06308319,0.19398767,-0.35449398,0.17115343
-0.29822153,0.21815346,0.67979425,0.009198941,0.5956794,-0.0529546,-0.56823856,0.3467169
1.4549278,0.61610955,0.5569074,2.1577125,0.8496196,0.123761654,-0.467526,0.6147494
0.2535378,-0.7347251,1.655708,0.7803016,-0.26191258,1.6783998,1.0013914,0.87546575
0.3181568,0.13545057,-0.10087882,0.06815696,0.19179086,0.14607501,1.222078,0.42534307
0.7766239,0.20514147,-0.40341467,-0.22438398,1.095044,0.19640957,0.58384186,0.36415327
-0.10298372,1.3100399,1.2742373,-0.024633326,1.2400562,0.35158,1.6778692,-0.31635073
-0.34790188,0.22017102,0.14539535,0.593033,0.50248593,0.3734798,-0.65944535,0.5073495
0.30270535,0.164239,0.26514447,0.4808884,0.0113876015,-0.7021406,1.3065615,0.63496375
0.06487233,-0.42991382,0.022568882,0.4932264,-0.36742872,0.7104485,0.23139022,0.6254237
0.11998535,0.1745163,0.04246743,0.4827196,-0.35533327,0.20493902,0.25745606,-0.122193635
-0.31259787,0.15528451,0.8763068,-0.019005142,0.74927616,0.13526155,-0.18782555,0.056920663
-0.3198922,-0.15449436,1.3400769,1.0445058,0.82364696,0.30264485,-0.058903623,0.042531356
0.66189426,-0.18210627,0.80926824,2.0291836,0.14243956,0.41106832,-0.67539626,1.0798593
-0.06254233,0.737816,-0.15687306,1.2997235,0.019773856,0.40724042,1.0623727,0.4102522
0.24011856,-0.26009265,0.40418428,-0.15562895,-0.17577054,0.3271127,-0.03274094,0.34627566
-0.1942397,-0.07254942,0.075937316,0.12729353,-0.27493447,0.69532144,0.052024536,0.6012032
0.7522565,-0.0701489,0.26843065,0.24565476,1.4641595,0.17030284,0.0011515678,0.68734837
1.1730345,-0.080315426,0.6821132,0.18080854,-0.47953635,1.000688,0.43371063,0.11707012
1.3621455,1.065852,0.12119357,1.3324695,-0.37120122,-0.51411635,0.056556992,0.30093855
-0.4188858,0.50365543,0.5497174,0.21615502,-0.50917596,0.25514907,0.93088263,0.7394295
0.10343143,0.4345188,1.5069684,0.5867389,-0.08310948,0.59828675,0.66626817,0.46313533
0.6066262,-0.12585177,0.37057513,-0.22317934,0.7973276,0.52489823,1.8599426,1.1482962
0.55756277,-0.28938806,-0.30674452,-0.11053007,0.10277994,0.20053875,0.51089877,0.6823081
0.44203302,0.25406104,0.9608917,0.1383596,-0.5256459,-0.39094818,0.4704576,-0.16770607
0.7074633,0.23170556,0.35830575,-0.25620088,0.56566596,-0.55216503,0.62510276,0.75168985
0.5535852,1.1439699,0.23162526,0.81611854,1.0817097,0.1576024,0.85308737,-0.24660534
-0.19044793,0.5968686,0.3325978,1.6535144,0.1554478,1.0355177,-0.42151442,0.20622842
0.0712626,0.6098651,0.3872692,-0.2604061,0.11893703,-0.4211203,0.541246,0.042763323
1.2519125,0.13146822,0.67446494,1.5107881,-0.7654865,0.64896446,-0.3007284,0.88536716
0.3416002,-0.124474436,-0.12123333,0.64220625,-0.37838614,0.5003458,0.7365034,0.30461118
0.453764,-0.14350565,0.025080591,0.8228993,0.087026134,0.3946951,-0.6807113,0.51932156
-0.12873334,-0.32293975,0.36367548,0.17161703,0.06479646,0.89248765,0.37458697,0.3868638
0.85652715,-1.1669697,1.0080669,0.24997652,1.0262017,1.314402,0.434633,0.6419854
0.698781,0.6111302,2.330624,1.2491279,-0.6815222,2.286551,1.662598,0.22052908
-0.19181496,0.49590635,0.7558079,0.36743364,-0.030484945,-0.40400714,0.15032445,0.30211717
0.73329645,0.88863224,1.1838441,1.1815332,-0.71035105,-0.4136727,-0.8630579,0.4907205
0.21901199,1.0681673,1.2682543,-0.6575544,0.70161325,-0.5639,0.5077749,0.3674559
0.19818899,-0.26993078,0.28579783,0.31793836,0.16298275,0.9376385,0.3596751,0.046804726
-0.41797978,0.8462733,0.18328303,0.6212976,1.0943117,0.2168377,0.6276435,0.17576419
0.26699913,-0.4131043,1.0487059,1.2117169,-0.4565934,0.8619914,0.5644799,0.656008
0.11387425,1.22118,-0.3310495,1.3198941,0.29103416,0.27599037,-0.35945323,0.41698873
0.18938735,0.96362627,0.19389234,-0.30021483,-0.15628584,1.3047082,-0.3949172,1.5310956
-0.111388616,0.24686535,0.048747092,0.45051697,0.7193695,0.50020313,-0.61864334,0.785887
0.80163395,-0.86422044,1.6484852,0.5118865,-0.08218582,0.9591757,0.2000643,0.67589015
0.33818874,-0.26542753,0.95345855,0.84466785,-0.007676676,0.16590491,1.069189,-0.60168207
-0.2998146,0.80977625,0.078597955,1.385118,-0.17588238,0.5188403,-0.74470943,0.4760579
0.6127589,-0.27697378,-0.1755261,-0.0969846,0.18134518,0.051820163,0.32519767,0.32363147
-0.9079868,0.10693543,1.5869505,0.7522629,0.4240411,0.40622675,1.5880952,0.898385
-0.15216792,0.27479511,0.48818952,-0.28645143,-0.013364658,0.748589,1.2246329,0.8987299
-0.27211916,0.35005057,0.5064493,0.3198341,1.3394289,-0.43911022,-0.023969525,0.6172614
-0.33268234,0.9597731,0.8303019,0.022630297,-0.2119547,1.2258041,0.81809884,0.5003606
0.01754158,-0.099558726,0.61611736,1.496699,0.49574274,-0.40546137,-0.18465082,0.83907455
0.8886761,0.7754302,-0.3233328,0.7148056,0.3341576,0.21573982,2.4127479,-0.15230519
-0.21959886,0.12132403,0.04712952,0.96926594,0.7586728,0.38055944,1.3594581,-0.135331
0.4813367,-0.2817101,-0.34482056,0.7026765,-0.5733578,0.5117708,0.14957543,0.45070913
1.4437976,-0.280423,0.41186017,0.72225696,-0.11693512,0.85751367,0.1512435,0.037284568
0.08063768,0.47510386,1.2882892,-0.068107806,-0.25614756,0.5761983,0.06271879,0.2791748
1.3114113,-0.0813628,-0.23460557,1.0684688,0.8652534,0.5931591,0.8683804,0.21698257
1.0013547,0.80312926,0.6533942,-0.2130503,-0.021164939,-0.07985586,-0.40263125,-0.059376284
0.88007784,0.41928643,-0.14895476,1.7101364,-0.6813803,0.32577926,-0.41567597,0.7801996
0.06261798,-0.47227544,0.491238,0.26810828,0.10620704,0.18506274,-0.17265943,0.2743436
0.39527965,-0.06029804,-0.38113457,0.75636697,1.6771835,0.25119328,0.5979259,1.2356764
0.4064131,-0.39546597,0.015405193,0.942466,-0.27909583,0.41076785,-0.20403863,0.31974795
0.15384334,0.38828808,0.30083305,2.3672047,1.3353591,0.20027265,0.110950224,1.0736861
0.100816496,0.5605067,0.26124805,0.95088136,1.4322544,-0.8452934,1.1401163,0.5167803
1.1228701,0.16496427,-0.09600003,-0.10029366,0.665481,0.44653267,-0.2113507,0.26618046
-0.37748563,0.28188318,0.1347794,0.72833496,-0.1845444,0.15155521,0.3762023,0.18714763
0.39497548,-0.70645845,0.94102633,1.1280657,0.48918337,-0.27161014,0.05851577,1.0377889
-0.044321485,1.139216,0.23300862,0.00960698,-0.18386348,-0.22663608,0.025355732,0.33920544
-0.025950111,0.3521285,-0.17971076,0.5026355,-0.041919947,0.13853185,-0.21000299,0.3111621
-0.17617351,0.24499281,-0.1384701,0.18712315,0.07705394,0.16813967,0.17558585,1.3408283
0.81184196,-0.3322587,0.25265956,0.3191221,-0.13084973,0.38076842,-0.5232268,0.23706198
0.6638349,-0.24866907,0.7154702,-0.21569869,0.69998133,0.31568688,1.3709819,-0.013608664
0.057309315,0.22651426,0.8830383,0.10652665,0.1056246,-0.24098653,0.04036996,-0.016604409
-1.2465928,1.5714769,0.93527275,0.19526109,0.19122174,0.6079763,-0.22370417,0.92479575
-0.043163978,0.31686127,0.15597552,-0.1539852,1.0236222,-0.07844195,0.3473582,0.2691756
1.0487059,0.38949978,0.3110661,0.5469601,0.4432531,0.9578796,-0.076535575,0.4763081
0.746576,0.6775093,0.29051238,-0.07017214,-0.10905294,0.37110898,-0.06984243,-0.31636208
0.6682262,0.32781518,-0.51123124,1.2018336,-0.5957326,1.0144149,0.03072398,0.3733436
-0.23141083,0.14844127,1.0659753,0.4853302,-0.4991238,0.67682964,-0.30152392,0.6164702
-0.5455645,0.63222975,0.5424537,0.4232235,0.106418744,0.9114429,-0.36614308,0.6065183
0.21409062,-0.14433764,0.06924609,-0.059268244,0.6173713,-0.31612653,0.16261311,0.58301854
-0.56634086,0.23596771,0.5908811,0.26570094,-0.31966263,0.39930308,0.7487015,0.4998527
0.44855776,-0.116361365,0.36027557,0.54127884,-0.07732426,0.13946562,-0.52594185,-0.022842973
-0.762968,0.9738158,1.2189212,0.6933208,1.6348529,0.8479728,0.536714,-0.14042386
1.2849218,0.23276572,0.96497905,0.250872,-0.44952327,1.3170002,0.28437102,0.18303753
0.10592829,-0.07685584,0.12494844,0.553638,-0.7563377,0.5419598,0.24505341,0.58495104
0.78431445,0.31788075,0.7811618,0.10013069,-0.31135505,0.319787,0.16660081,0.4201833
1.0270437,0.47750676,-0.4577133,1.0032347,-0.12273337,-0.08608118,0.71301,-0.39067006
-0.14939022,-0.40585107,0.40672892,0.1462352,0.10968931,0.36503655,0.1335067,1.4033864
0.2572069,0.2914049,-0.10270408,0.7079457,-0.1962231,-0.2724706,-0.120514646,0.13208684
-0.2034663,0.19240637,0.17542332,0.53691936,-1.056113,0.8393067,0.66877156,0.6932403
0.436668,0.91865194,0.22440608,-0.7995417,-0.4329751,0.21808599,0.49738458,0.87841046
0.97017896,-0.30224138,0.15987228,0.8575758,0.42778236,0.6325282,1.0468386,-0.29877037
1.0498705,-0.26672393,0.48654103,0.64264816,-0.24924485,-0.03036806,0.68201035,-0.32668066
-0.32558045,-0.4379722,0.78966564,1.817605,0.34340847,1.0097563,1.2490944,-0.35836476
0.29100633,0.80233395,1.8715359,-0.81435084,-0.18327607,0.63455313,0.27437988,0.75849074
-0.06248831,0.21000974,-0.2243541,-0.0016206354,0.007123545,0.53829134,0.02012624,0.44185415
-0.04843206,-0.31929082,0.23583981,0.08279243,-0.082733065,0.12219438,-0.30439264,0.35563445
0.66054076,0.41614544,-0.5444109,-0.19407937,-0.21871583,-0.097627014,0.2154159,0.42831996
0.35334703,-0.41186267,0.27128595,0.44793177,1.1636001,1.1454685,-0.39766833,0.7793803
0.51859003,0.017969504,0.04454565,1.1619502,-0.95654446,0.53745997,0.55929345,0.53336376
0.09168917,-0.11931254,0.028555587,0.10031152,-0.017811015,-0.096493915,0.5088753,0.6517417
-0.9261072,0.6352892,1.5344914,0.6451698,0.1514449,-0.43068874,0.9446492,0.6552937
0.1787849,0.04500334,1.0811962,0.46981183,0.5628441,-0.4718176,1.0173241,-0.41098768
-0.69222313,0.19985963,0.53919023,0.59664965,-0.0011497885,0.67485046,-0.06928084,0.3265903
0.107504874,1.0127718,0.3087163,0.44447792,-0.435808,1.0815767,0.016049376,0.19385473
0.17375928,1.3712065,1.0129513,-0.1148035,0.3118919,0.76552725,1.4682356,-0.6623995
1.0494988,1.5275431,-0.49525023,0.75033814,0.061850145,-0.18620202,-0.20547071,0.614708
0.7970186,-0.63389677,0.19292754,-0.5938705,1.4557896,0.45993823,0.4925744,0.50569963
0.9470852,-0.50117755,0.8117063,1.2610039,0.08945157,0.70361286,-0.88083786,0.6153858
0.119361766,-0.06492768,0.07428306,0.24529609,-0.09623617,-0.03271164,-0.05827886,0.12765193
-0.20012593,0.20883967,0.46903884,0.4210564,1.5723517,-0.260136,0.49361643,0.25718918
0.62047637,-0.07193579,-0.36879694,-0.29261544,1.589268,0.66938156,0.5331763,0.6355188
0.090985045,-0.6046441,0.5676985,0.5891051,0.101503715,0.2793874,0.11868698,0.2295131
0.9326671,-0.21331058,-0.29319626,0.472118,-0.08249445,0.38760805,0.32965323,0.1321752
0.3993549,0.8989181,0.35013568,0.1437777,-0.47034222,-0.029439062,0.60842174,-0.050348878
0.13466665,1.2564785,0.053964563,0.79128546,1.3224012,0.6867421,-0.32193288,-0.047700003
0.17268798,0.7678436,-0.42650348,1.4555328,0.51336503,0.077730075,-0.26169378,1.2442755
-0.6380871,-0.5711475,1.1232799,1.931171,0.47719306,1.3176819,0.04292243,0.6063763
-0.15070048,0.18329705,0.5595239,0.17573139,-0.16442768,0.049265698,0.29885277,-0.16331494
-0.210417,0.29352576,0.82445264,0.3363927,0.12884738,-0.3541033,-0.11781363,0.11194888
0.27466536,-0.40566736,0.014852114,0.17061651,-0.0093303025,0.3534919,0.49974164,0.29491526
0.107070096,0.2601372,0.33816803,-0.1735585,0.20000958,-0.15667641,0.003668955,-0.0034623146
0.26092386,-0.1660298,-0.053619027,0.7446732,-0.20685826,0.42960855,-0.31824142,0.27524537
0.67818636,0.39188927,0.46285158,0.3431372,-1.0476309,-0.23726183,-0.17731875,0.4741646
1.0808898,0.7605395,0.8016819,-0.23210719,-0.5075756,0.62216544,0.68859786,0.03369102
0.38453907,0.16984038,0.49658215,-0.36065573,0.72004586,1.2723509,0.49762258,0.9645673
2.2987368,0.88803864,0.15870218,1.90308,-0.67978615,1.038327,0.44871113,-0.31181616
-0.0013919994,-0.036838606,0.49611837,0.06973979,0.20948282,-0.42358565,-0.015824055,0.12920517
0.6551817,1.5201108,0.2721311,-0.48445597,-0.19277625,-0.11320533,0.11219565,-0.16159767
-0.23858479,0.5110218,0.04439447,0.24791497,0.08601807,0.78192186,-0.6574865,0.6664754
1.4501442,-0.83780646,1.5503136,0.12138031,1.5391598,0.03895104,1.6889935,0.09758611
0.5199153,-0.63026017,1.1503571,0.28838366,0.98304945,0.604863,0.89447993,-0.45194626
1.4768775,-0.49065846,1.3549086,1.0460677,0.55857885,1.3375341,-0.51872736,0.03391595
0.36842826,-0.14985768,-0.022488937,-0.31130642,0.41463506,0.13317557,-0.082749575,0.3571964
0.29320046,-0.6219637,-0.0019717067,0.56103873,-0.084607646,0.11702028,0.025433151,0.42913157
-0.087704875,0.6672237,-0.16322197,0.53375316,-0.55599207,0.7789386,0.13674809,0.5860787
1.5873963,-0.81564844,0.5868886,1.2274402,-0.014606044,0.88322616,1.0752397,-0.4820541
0.6530791,-0.37425184,-0.34836042,0.71606547,-0.06893659,0.44225723,0.598399,0.1898256
0.59504545,0.4079712,-0.6081214,0.019708376,-0.12030038,0.30301142,0.31340778,0.47316158
-0.23480731,0.8367545,0.45827907,0.12986527,-0.76060814,0.59160244,0.319762,1.3596693
-0.0069384053,-0.49950117,0.20992672,0.8386094,0.4964146,0.42701966,-0.44807532,0.55664957
0.053757615,1.083414,0.8753669,-0.043809883,0.6535543,0.56229055,0.6420668,-0.689822
0.21396822,-0.14194968,-0.24986376,0.29243806,-0.2906384,0.55630356,0.39201343,0.4829511
0.23039255,1.9966737,-0.8100778,0.6591762,1.2457609,1.0545048,-0.59113735,1.3346032
-0.23649153,0.5729605,0.030056223,-0.00818982,-0.46462792,0.24470967,0.26974773,0.32549766
0.16546404,0.4763273,0.58699936,1.9228814,0.7575121,-0.25063998,0.22802284,1.3109368
0.32278618,-0.24114421,-0.1775939,-0.12731436,0.253431,0.23775022,0.040411875,0.5112201
0.3365812,-0.0017212182,0.46090198,0.027603693,-0.5637062,0.13153371,-0.12380785,0.8099343
-0.689182,1.1162704,0.40842313,0.22197264,-0.23035167,0.26151574,-0.06515253,0.028189197
0.4951345,0.17879695,-0.28283936,0.85756165,-0.30136043,-0.13730928,-0.043339632,0.20087515
0.91175735,1.1058731,-0.32121724,1.7285819,-0.2875079,-0.11904025,-0.601103,0.47475934
-0.06595815,-0.20700236,0.50152254,0.28196427,0.70613265,-0.25861287,-0.85139495,0.9416197
0.7103172,0.0004915446,0.27367628,1.355679,0.9022711,0.2973355,0.059137985,0.027744979
-0.0834619,-0.2186258,0.75189996,0.55953807,-0.45444524,0.15657145,1.0685536,2.0153363
1.1336001,-0.41048163,0.3204376,0.03201742,0.11799236,-0.50680393,0.12530838,0.86484694
-0.6553899,1.3146374,0.11035551,0.006910473,-0.021374017,0.13036564,1.7395213,0.8765291
0.99161845,-0.15418537,0.737244,-0.47581813,0.71993905,0.83630323,0.65012914,0.07155129
0.26910713,0.13035469,0.033885136,-0.04173837,-0.12699674,-0.07176921,-0.30622956,0.38189337
0.9974637,0.38612247,-0.051056534,-0.004992895,-0.61328477,0.072938174,0.6546952,0.31382424
-0.39617077,0.6440926,1.2864443,0.40212628,0.15779312,-0.41928494,-0.5937411,0.05795519
0.27251938,-0.52639663,0.8085034,0.18206704,0.077841565,-0.31750005,0.67789894,0.6965458
0.8666175,-0.9657209,1.4230908,0.35998037,-0.3627864,1.1642679,1.0010942,0.00969702
0.4578453,0.6274121,-0.347193,1.4647865,0.27390802,-0.4294554,0.020310575,0.33545023
0.119168565,-0.14588684,-0.065007135,-0.030691884,0.32856673,0.26055646,0.5292423,0.20107223
0.65089524,1.0977801,-0.67999744,0.016960464,0.78164274,0.53372836,-0.5217752,0.7894913
0.228344,-0.519554,0.93013424,0.13775772,1.3122122,-0.054031923,0.19513004,0.08527963
0.1655255,0.34755945,-0.067255974,-0.3265311,-0.01554887,-0.2160925,0.44086486,0.50048786
0.41924706,-0.37819248,-0.29464447,0.3435755,0.2108744,0.48417437,0.21747576,0.24226508
0.788748,-0.017372265,0.909308,0.62726384,0.9713979,-1.0117447,0.30840182,1.3511131
0.069857985,0.21860383,0.13809833,2.0666354,0.14626108,1.1049894,1.6493675,0.13683426
0.40769288,0.6513346,1.282178,-0.6066529,0.5575273,0.2551268,1.1833928,1.0281191
0.876998,0.16735603,-0.56456447,0.43664575,-0.7569344,0.2419204,0.40111795,0.67379355
0.1831665,-0.058550462,-0.20859365,0.7523895,-0.5308745,0.41346878,-0.01967072,0.47932664
0.4255544,-0.7517404,0.83296436,0.5911157,0.45401073,-0.13028884,0.027972369,0.4523043
0.5231908,-0.25480586,0.3237126,-0.013441868,0.011986062,0.8556204,0.5957631,0.24878934
1.5060667,0.12399702,0.79210454,0.7361414,-1.8663902,1.767548,1.4646758,1.4811459
-0.07274698,0.048282683,0.061562195,0.63058835,0.078661084,0.017767511,-0.016883325,0.10778448
0.14451781,-0.021580651,-0.24602513,0.526955,-0.3496244,0.40975234,0.30237558,0.6352361
-0.43694666,1.0669293,0.6423963,0.82670736,-0.7529087,0.58736354,0.96534365,-0.18936032
0.29198816,1.7547492,-0.24965931,0.9644691,0.035795674,-0.46054357,0.96928674,0.6484882
0.13342893,0.56579983,-0.25485682,0.090494245,0.13268827,0.27512378,0.38158122,0.39994997
1.781104,2.0660744,0.6911859,1.3755654,-1.2369205,0.16765413,1.2619004,-0.14835474
0.44296283,0.0820608,0.38792807,1.0937359,-0.57628417,0.7961284,0.75825864,-0.104366034
-0.14969045,0.19431758,-0.21000518,0.0063024536,0.2162376,0.6346878,-0.088072464,0.67210096
1.3976842,-0.3288551,-0.33842957,0.16739261,0.15678759,0.25608516,0.86784416,0.4016276
0.39926338,0.041595086,0.74723434,0.77378017,1.8162794,0.4820348,-0.4863368,0.2990253
0.1885939,1.6038781,0.19236957,-0.11789108,-0.68347806,-0.25512466,0.045564726,0.25145572
-0.47717258,1.9929322,0.31792903,-0.09145328,-0.16472895,1.5758905,0.607282,0.7621995
-0.0055541173,1.3122809,-0.29617274,0.8548742,0.7785725,0.08430083,0.22053593,0.3087276
0.64747435,1.4941319,-1.0247593,1.2355685,-0.22279646,-0.5751479,1.1580784,0.29136413
-0.048532546,-0.28516895,0.32135618,0.027873017,0.2839197,-0.1442817,-0.21413301,0.50194025
1.7299324,1.0228319,-1.1436116,0.9192268,-0.13376759,0.17070794,0.75087523,0.5082235
0.57007706,0.31156826,0.8103655,0.75210977,0.43903208,-1.3858762,0.7336996,0.74710715
0.19364482,-0.15176348,-0.014890745,0.6915291,-0.36480153,0.40070587,-0.03762337,0.47732744
0.15501203,0.8782072,-0.3233708,0.19354159,-0.55668634,-0.016455084,0.44921646,0.5708314
-0.56182474,0.4225132,0.5605362,0.86727923,0.83555955,0.2635252,0.5010666,-0.2037825
0.024653919,-0.00840117,-0.06949285,0.3523255,1.1155107,-0.1893768,0.7305258,0.39160812
0.13043953,0.41916525,0.59978414,0.89594454,-0.769142,0.054725617,1.1278156,1.3126338
3.0,0.5840186,-0.43190002,0.583365,0.4676432,1.1048365,-0.009607891,-0.052036792
0.45812294,0.089892045,0.041510537,-0.05953913,-0.18700235,-0.12218782,0.9024003,1.2955083
0.6748984,0.737809,0.11967617,0.7055115,-0.55447733,-0.59255713,1.4710027,0.047997877
0.42006287,-0.56704867,0.16175085,0.24821931,-0.19345449,0.49534088,0.41178575,0.356999
0.2919544,0.6781012,0.43142998,0.568976,1.7430252,0.75246274,-0.9253103,0.6917533
0.077204406,-0.78588736,0.324,0.51950264,1.0587771,0.04515232,0.90844136,0.45818692
0.58848816,0.5827384,-0.07855436,0.20911694,-0.67797387,-0.039797947,0.9502813,0.2867338
0.7322523,0.40330577,-0.11229317,0.62172997,-0.9813022,0.09337112,0.6434737,0.47843063
0.25667587,0.30209178,-0.11041069,0.987552,0.84728104,-0.13375355,0.01525422,0.8795759
0.6749984,1.2035838,-0.09684768,0.4248824,0.6870692,0.9338797,0.7432703,-0.43391895
1.2427027,0.17781042,1.3597928,0.3813321,1.1688291,-0.12752296,0.4037744,-0.10196571
0.42487666,0.36596566,-0.31468296,-0.50440365,0.3180626,0.7433608,0.35381642,0.60705966
0.21787122,0.5551397,0.014598548,0.1718857,-0.5864502,0.48989135,0.6698306,0.8674273
-0.70795906,0.40769035,0.812616,0.4302538,1.0467898,0.38897425,-0.6397538,1.4132228
1.4167467,0.3005228,0.7051609,0.40622386,0.50897044,0.3523254,-0.7035888,-0.3505705
0.7514624,0.6975986,1.0739518,-0.167873,0.113005,0.649994,-0.11456966,-0.022589356
0.45066443,-0.08676548,-0.32831585,0.3888,-0.51848906,0.22303645,0.15084822,0.23818067
0.6957879,0.8380039,-0.35333395,0.08082036,1.5772727,0.49786276,-0.8150162,1.0149494
-0.6389356,-0.07194026,0.8063849,0.9467903,0.078647524,-0.054360688,0.006699367,0.44630277
1.1744634,-0.5184594,0.9117165,0.91203177,-0.18893026,-0.12892298,0.63664097,0.0559254
0.015118472,-0.22586994,0.10496365,-0.11682957,0.40990388,0.0553151,0.18410929,0.4019259
0.44897315,0.76547456,0.0068269223,-0.2300171,0.12422629,-0.46568704,0.293111,0.6198054
0.18754649,0.37039447,1.544521,0.039291345,-0.07124607,-0.35086983,-0.35393098,0.024932325
0.7113726,0.98458827,0.04319618,0.43056396,1.4100252,0.68100697,0.4333656,0.30699
0.79945,0.17282097,1.3376416,0.09618486,-0.17605342,0.76777613,-0.04208932,0.2585246
0.101862326,0.3739766,0.33065444,0.80790025,0.84816283,0.27936947,-0.8221174,0.72348243
0.6782582,0.1674786,0.85251355,-0.23517558,-0.64623994,1.0976112,0.93336254,0.33633304
1.4161139,1.1671576,-0.053423777,1.5945449,-1.2433141,1.4687711,0.24452619,0.4963579
-0.17027211,-0.06366849,0.17274988,0.7059514,-0.04882528,0.3749639,0.109404944,0.22633892
0.29942358,-0.02654101,0.24163139,1.061913,0.16132808,0.13889077,-0.37718174,-0.020261705
0.88597006,0.64615595,-0.7626443,0.05366853,0.6038366,0.035568915,-0.08509332,0.41109556
0.18624124,-0.268573,-0.1059245,0.26566577,-0.18681036,0.32453924,0.047978185,0.47722477
0.026158571,-0.23050119,0.8176342,1.058741,0.984263,1.2093197,-0.04733982,-0.20218933
0.49110273,0.07215826,1.3802998,0.58977044,-0.011800244,-0.7043605,-0.17994761,1.4203733
0.28348896,0.49628264,0.2950891,1.1478608,-0.064722195,-1.1157305,1.3420591,0.76610917
0.19790235,0.30647653,1.0875529,0.42421082,-0.24368389,0.30518,0.5831916,0.53564036
0.31162867,-0.08135019,0.009293623,0.479493,-0.080005586,-0.23813629,0.3492317,0.52137905
0.8992458,-0.1364531,1.0083572,0.32543856,1.0251575,-0.7489991,0.34909,0.67570424
1.1908699,0.27377146,0.5068433,0.52120215,-0.6643827,0.37731504,0.17969285,0.73717225
0.3515958,0.2785409,-0.16181822,0.61636513,0.26623917,0.5909776,-0.6191034,0.3658213
0.48625603,0.004640594,-0.118166015,-0.323315,0.6931305,0.24595013,-0.18739648,0.3854783
1.3928652,0.28544074,0.50282675,-0.17131859,0.5888707,-0.29110038,-0.12404517,0.53553206
1.6015748,1.0811543,0.650978,0.041037597,0.15235312,0.61803705,-0.63720876,-0.005903214
0.118788086,-0.05747895,0.26703024,0.5044135,0.7531033,-0.38591856,1.2517626,-0.18813199
0.10461912,0.13240488,0.42918926,0.84480995,-0.41947854,0.039840244,-0.5232638,0.54991126
0.17290351,0.70495105,0.007709503,-0.8030363,0.34687984,0.56887275,0.41037884,0.3940556
0.34664387,0.31885552,-0.037843004,0.5991233,0.5931743,-0.20563993,1.5048763,-0.21186781
-0.62235075,2.2265503,1.0218399,0.86716276,-1.2405964,0.3420878,-0.10675618,0.30528474
0.07823604,0.4715258,0.99139154,-0.51915985,0.596549,-0.29543692,0.70085317,-0.08689776
-0.03924059,0.75457925,0.71416897,1.3217883,-0.10767336,-0.71569395,-0.97905225,0.6517525
0.23799127,-0.90101445,1.1875103,0.30057117,0.65588206,0.6281966,0.68220097,1.4851998
1.1024281,0.62917113,0.24093448,2.5519774,-0.39311022,-0.38675874,0.55817103,0.70444614
0.52587104,-0.58615744,-0.14651845,0.7504123,0.2915843,0.7073643,0.027364543,0.32382482
0.4761291,0.28866237,-0.115435645,0.8151012,-0.9907108,0.32600468,0.5718834,0.7686014
0.07913894,-0.20386855,0.35830277,1.2326521,-0.5321703,0.16472775,0.38168693,0.3494321
0.61141783,-0.49261242,-0.07021132,0.2768011,0.15149002,1.0563338,1.3547729,0.64067775
-0.04301224,1.394607,0.10670641,-0.53670436,-0.31912518,0.57737434,0.23906064,0.7655833
0.75581884,0.6154379,0.16072011,0.79163164,1.0407878,0.6555672,-1.307762,0.68642604
0.281891,1.6596681,0.5038506,-0.51955336,-0.7279363,0.7275901,0.44458684,1.4075189
-0.089954205,0.106341824,0.3848499,1.2915574,1.4157947,-0.16345623,0.018708972,0.9059001
-0.022603191,-0.038176745,0.07113193,0.4636182,-0.5369161,0.5009646,0.30003175,0.2923943
-0.059832044,0.5091095,-0.17600061,1.1862599,0.07293157,0.99835026,-0.13124795,0.21298006
0.2573943,0.6080477,0.36761302,0.25722393,-0.23832135,-0.24114984,-0.31924644,-0.17389795
0.04415805,0.74150056,0.12029669,1.2342758,-0.3771565,-0.56349474,1.232859,0.3310586
0.12850592,1.9227766,0.7078579,1.3867389,1.4412943,1.0899286,-1.1860529,0.26732284
0.1289408,0.046410397,-0.04021147,-0.03567595,0.9498157,0.3958898,-0.5162719,0.76525676
0.51511085,-0.6086124,0.96679616,0.6164118,-0.7015268,-0.4228862,0.30612195,1.5320321
-0.80477035,0.7790374,0.56129175,0.75487334,0.96753937,-0.32507017,0.38410613,0.40355355
0.5573264,0.44795132,0.3943501,0.20565972,1.2799642,-0.44513696,-0.15143263,0.7823082
-0.558652,0.64449185,0.37790385,0.21920425,-0.031026259,0.4402684,0.39694667,-0.020376936
0.22187579,-0.3344534,0.02554337,-0.21345353,0.15285847,0.075108,0.04285352,0.5077517
0.64026594,-0.5107738,0.1744143,0.08286043,-0.061237767,0.18409225,1.0457845,0.4350751
1.7919407,-0.60788125,0.09761833,0.07450973,0.46996737,1.5551877,1.3513854,0.8269793
-0.5753593,0.32068032,0.9033555,0.36824164,0.19910817,-0.4728794,-0.43223152,0.2909404
0.9887948,-0.33769184,0.14852779,0.26610324,0.10285278,0.23812832,0.28885797,1.0586255
0.082393184,0.035190597,0.13596675,-0.0028216913,-0.4064803,0.49552208,0.008620797,0.63780683
0.70056725,1.7603753,-0.25094157,1.352618,0.5083368,-0.9135685,1.5510118,1.0439854
1.0149763,0.100561425,0.085944325,0.22470683,0.29959792,0.029451579,0.3044109,0.20987782
-0.61968833,0.09009491,1.5912753,0.796683,1.071206,0.47324553,-0.5294893,0.85215926
-0.12875351,0.054614946,0.11017233,0.032357488,-0.29975122,0.08361365,0.93394715,1.3838184
-0.26079613,1.0343854,1.1852618,1.7018793,0.34525484,-1.2696484,-0.20317417,0.5135141
1.5491943,0.14630316,1.1126307,1.0280758,-1.3320208,-0.123040065,-0.046811916,1.3471614
-0.92021084,0.28687274,0.69418025,0.9342665,0.16693708,0.73966855,0.07618151,0.3003971
-1.0456847,0.853801,0.833574,0.94247055,-0.38644648,1.5346075,0.10045438,0.52855074
0.59579283,0.39003247,-0.41562432,1.3680551,0.51565444,0.7548224,0.8143742,0.7804171
1.031724,0.32859296,1.0657624,0.60553366,0.5422218,1.7348704,-0.9353928,0.53696847
1.0677283,0.32010072,0.24682453,0.94869274,1.2130004,0.35544586,1.3278463,-0.17899811
0.22719136,-0.14393486,0.24058592,0.49756154,-0.22901748,-0.07647587,-0.18655722,0.20891729
0.25950146,0.7747386,0.14701763,0.5728619,1.2227154,0.97655964,0.9487613,-0.064150274
0.19364488,-0.603038,0.2807094,0.83314747,-0.3150373,0.8209883,0.456313,0.666203
-0.190142,0.57948816,0.15271951,0.09325742,-0.14829563,1.0857743,-0.09290893,0.6178041
0.31506187,-0.31595695,0.9623082,1.1637124,-0.4380666,1.6985193,1.3471977,0.4915969
0.3487453,-0.12772049,-0.13757797,0.4555712,0.71450114,-0.0043002665,0.6125528,0.12142415
-0.33490422,1.0624231,-0.027370244,1.2911587,1.4313562,0.09495069,-0.41267148,0.9393103
0.8530356,-0.13492252,0.46270347,0.6086516,1.0253221,0.88937485,0.04453091,0.3834537
0.34610733,0.21067865,0.04383845,1.0560901,0.08016299,0.8121668,-0.5864435,0.19714978
0.76032126,0.46751076,0.3446083,-0.49957982,0.72115576,-0.7474432,0.899001,0.7620521
-0.5732742,1.5578939,0.3040557,-0.13185245,0.4536618,1.4434209,-0.9171842,1.3683414
-0.012142457,-0.024882361,0.8714076,0.22963876,0.7192193,-0.11784145,0.9742409,-0.4014911
0.41806737,-0.57158834,0.73223066,0.37026584,0.6001196,0.70891696,0.21445817,-0.3690555
0.3480479,-0.20233189,0.51720273,1.6863822,0.042063788,0.10279003,0.4238372,-0.417314
0.6622483,-0.2833768,0.37068778,0.44204104,-0.5939319,0.2618105,-0.04189972,0.08186963
0.23945057,0.1398228,0.13984467,-0.012277298,-0.4540077,0.36605176,-0.035550177,0.28748918
0.86983556,0.54338515,0.95519507,0.036106296,-0.31415528,0.27901307,0.50480187,0.21081427
0.0067380145,1.2888713,1.8189341,0.42235157,-1.0789834,0.5597415,0.19394206,0.6163507
-0.13879493,-0.22727047,-0.027263,0.4358985,0.10380171,0.5436765,-0.3377431,0.6268268
-0.071631655,-0.027096778,0.2519011,0.5671358,-0.074389294,-0.0048981383,-0.32752368,0.48172712
0.619082,-0.24510138,-0.04548651,1.4591594,-0.15209718,0.8860452,0.08952505,0.125719
-0.1618501,0.039389536,0.23704511,0.109275036,-0.3151574,0.3558908,0.0054879324,0.29906383
0.038450547,0.031442627,0.76187485,0.88044924,-0.049526215,-0.6284362,0.08040013,0.7405832
1.1409531,0.9842596,0.5260218,0.5110403,1.8837391,0.1429284,-0.00015387824,0.64186525
0.14871795,-0.36487943,0.11535616,0.28068846,-0.08259034,0.31829432,-0.18858987,0.47449672
-0.09012985,0.9073356,0.8653855,0.02426777,-0.22473405,0.5472051,-0.5549738,0.94372445
1.1592137,0.093932316,0.63640225,-0.5425903,1.1157434,0.80963,0.4709427,0.34597072
-0.124810256,-0.37724346,0.25029254,-0.11181288,0.27139834,0.26157254,-0.032657996,0.38870597
0.4959422,-0.3788935,0.046339363,1.359885,0.099507615,0.047117636,0.36480585,0.13548443
0.56375575,1.2486426,1.2858163,0.1098077,-0.37796724,-1.3493593,1.1883396,0.8753857
-0.10551629,0.4513095,0.59656554,2.064139,-0.6521651,0.65197575,0.72422814,0.12109506
-0.30238304,0.38569397,0.30642152,0.3251699,0.97808844,0.1913325,-0.56277245,0.8386989
0.83285826,0.5510228,-0.39193392,0.1360677,0.08786778,0.11682194,-0.363033,0.19680122
-0.34876493,0.12917848,0.2600689,0.70935464,-0.05565588,0.38723525,0.4418242,-0.05010812
0.50148416,-0.57580626,0.042007856,0.45913824,0.9898564,0.36967385,0.15115099,0.31388146
-0.23268992,-0.030711502,0.081227735,0.11710916,0.0033371598,0.15141614,-0.05160952,0.5623347
0.84682053,-0.14083858,0.90401506,0.6495886,1.0598478,1.0435762,-0.57501894,0.3884766
-0.43521106,-0.16648038,0.40402436,0.42063165,0.19616735,0.5169892,-0.53821546,0.7999877
0.20111862,0.55038583,-0.5196454,-0.1895997,0.68057525,0.60983783,0.36960152,1.2096212
1.6666034,0.475832,0.7564163,-0.4710119,0.7156146,0.88330173,0.27848706,0.12935361
0.22275779,0.8330597,0.33046508,-0.5602117,0.3978824,-0.07300979,0.07951794,0.097086735
0.42493537,2.1081336,0.3214625,0.042634092,1.9386718,1.3635108,0.03476713,1.191385
-0.105258904,-0.32701463,0.22361404,0.20228663,-0.3042289,0.3147229,-0.1617831,0.46757007
0.18354255,-0.46083736,0.5798225,1.2505044,0.5980304,-0.6258623,0.96950364,0.034278303
0.008170374,0.6451217,0.5697702,-0.27983817,0.07802959,0.18005186,0.21708909,1.1537322
-0.15805197,0.09037699,0.508756,0.69270504,0.26791227,-0.7248504,0.16845377,0.63316095
1.3438352,-0.5025964,0.7367961,-0.108693846,0.18532087,0.86076474,1.632661,0.35384098
0.33465168,0.27618903,-0.41519588,-0.2389785,0.76591533,0.049117055,0.23774968,0.66062886
0.22736353,-0.66977334,0.37479705,-0.3208607,0.6719882,0.3442848,-0.17706126,0.54767877
0.5686934,1.349866,0.44189328,-0.8208967,0.083479896,-0.19432148,0.43039823,0.28493828
0.06399071,-0.59613883,1.1354045,0.62896085,0.19565557,1.2239234,0.06051848,0.93452775
-0.2194063,0.4988988,0.7552659,0.13181138,-0.48657596,-0.04637149,0.11578395,0.2799054
-0.12868008,-0.064085096,0.29220673,0.26154375,0.2153216,0.15992889,-0.31443408,0.30193418
-0.123045094,0.0562872,0.013966873,0.21161222,0.08644583,0.39283827,0.8763003,0.30570605
0.033692956,0.5368547,-0.13671683,-0.21798885,-0.39329034,0.27545536,-0.049908802,0.2729925
1.0347506,0.7235137,0.4118414,-0.808503,0.5302531,0.4441093,-0.08475912,0.5371423
0.6560114,0.9258262,0.67511773,1.2642338,0.66177243,-1.7332956,0.7611015,1.7227691
1.3349913,0.04192768,1.4311165,1.5657803,-0.14536647,0.65333617,0.13879949,0.72408795
-0.05731891,0.8984817,0.88683295,0.85614103,-0.025526956,-0.84210706,-0.5701086,0.09488557
0.7901626,-0.24340679,0.54060495,1.1157668,0.5927769,0.63158035,-0.9308731,0.2713397
1.8446411,0.026402995,0.56866753,0.90854913,0.4705385,-0.18531942,1.1014844,-0.21002781
0.9906331,1.3023331,0.48544312,-0.42982975,-0.3048072,0.4712363,0.2184209,0.4912917
-0.3749846,-0.3557285,0.8322607,0.54075575,0.9669271,-0.16394514,-0.16399871,1.2146313
-0.005977452,0.5463128,0.18720192,0.56882554,0.5131124,-0.8650501,0.91929406,-0.15396953
0.7886489,0.3854797,-0.4629686,0.094029546,0.03585832,-0.45915776,1.3122329,0.45354795
1.164092,-0.22044428,0.42891163,-0.10818637,0.5215835,0.123591594,-0.1362304,0.45495072
1.032811,0.58659244,0.88746864,-0.47143033,0.80385774,-0.57030153,0.5833635,0.20639035
0.5957607,-0.013033733,0.3242736,-0.045391716,0.24410303,-0.646591,0.41252792,0.9602414
1.3418956,0.09997474,0.38073158,0.6988564,-0.68070024,-0.4667235,0.17652495,1.4772086
1.1468321,0.39339775,1.1765208,-0.37392473,1.0464859,0.6509461,0.46512038,0.20837851
0.6397502,-0.16443236,1.149417,0.37559572,0.41399038,1.129144,0.15127416,0.11762571
0.9338225,0.18404578,0.5453443,0.06722201,0.013956204,-0.42543304,0.3116624,0.056299523
0.541336,0.06284289,-0.5256165,0.6829128,0.19294062,0.42257437,0.01939929,0.33339894
-0.6010887,0.49076378,1.9697235,0.7326923,0.4209261,0.9416447,0.5096752,-0.37013477
0.73560137,-0.22155951,-0.2514637,1.3880224,0.16127883,0.06611894,0.66215515,0.47740525
0.9596592,0.92727697,-0.69150144,0.052202057,1.0387441,-0.60378796,0.6421869,0.6820955
0.01899638,0.24873753,-0.08628704,0.021990888,0.324717,-0.03267017,0.16633405,0.23235714
0.970885,1.0789467,1.2937948,0.026933812,0.63584393,2.2741797,0.51439637,1.8176538
0.33920482,-0.049647436,0.68852043,0.30384582,-0.34052563,0.16151665,0.51511556,-0.23487371
0.1003955,0.06370883,0.07916321,0.7200225,-0.27663898,0.28601605,0.6638895,0.39904475
1.5674034,1.0671245,0.71464384,-0.47838518,0.44440705,-0.22568488,2.3206193,0.9091888
0.25749707,1.4307472,0.5498139,0.18450546,0.20660461,1.1294606,-0.703612,0.5455653
0.2455723,-0.60401064,0.52181435,0.55805326,-0.23238201,0.70327485,0.14373666,0.17283583
0.7929295,0.87275034,-0.22839464,0.5349505,-0.64085704,-0.094764054,0.17257401,0.26519457
0.5939846,-0.28473198,1.6124828,0.26987964,-0.4378968,-0.27395687,-0.5307856,1.1465499
0.21516111,0.71808124,0.7106395,-0.18467307,-0.35308254,-0.4493286,0.35316795,-0.16192675
0.84178334,-0.7230001,-0.26816714,0.09331704,0.7427954,0.7496673,0.6775496,0.21922107
-0.18207875,0.3396926,0.46222192,0.42702398,0.65768486,-0.7204952,0.12404726,0.25696385
0.38307893,0.23505147,-0.3379711,0.7581355,-0.34456348,-0.26834828,0.8435003,0.51588535
0.20285481,0.33060825,0.625777,0.7717879,0.1824679,-0.44893825,-0.4513317,0.16705003
-0.052138105,0.93088555,0.6339473,0.08507281,-0.47044438,1.7922289,0.30009177,1.1793315
0.78692406,-0.07764371,-0.32780945,0.77318096,0.6782303,0.44934452,1.472746,-0.4232862
0.7712755,0.38776833,0.47926277,0.4579979,1.0168927,-0.5959457,0.50273055,0.5992762
0.33165726,-0.42140353,0.21911955,0.13181195,1.2199172,1.282439,-0.5344174,1.0620632
1.0085067,0.13416557,-0.29237735,0.080903225,-0.27990717,0.14270718,-0.41609076,0.28790987
1.0144184,0.2858646,0.8960712,-0.83539677,0.60449594,-0.2558851,0.671904,1.1381215
-0.45746908,0.44142193,0.49022996,0.34350267,-0.44047856,0.33221275,-0.022474142,0.5090489
-0.07957751,-0.54382324,1.6979822,1.0333313,-0.23618226,1.276586,0.6286372,0.37458676
0.30940142,-0.036312446,0.54143304,0.22216266,-0.03595814,0.37241688,0.88805676,-0.42024243
0.18301067,2.4424646,0.30922276,1.8074775,1.4753283,1.2909778,-0.43376902,3.0
1.1425722,0.85662323,-0.55913126,-0.25329605,0.039042786,0.72655076,0.9227195,1.1675774
0.38771865,0.059942722,-0.005719438,-0.076749854,0.32541084,0.11683312,-0.016618805,0.19378088
-0.45777136,0.54235435,0.74994475,0.7756365,1.223218,0.6829816,-0.2058148,0.19013095
0.03945587,-0.16332297,-0.04006979,0.34101167,0.48264647,0.8255773,0.6853035,0.922639
-1.1590853,0.49503624,2.700595,0.78268737,2.6145105,1.4904983,0.44116458,1.492629
0.47141418,-0.045233086,-0.23604976,0.91485363,0.023385867,0.71982986,-0.08157187,0.28865063
-1.3574893,0.8824206,0.57554376,0.79488605,0.36397412,1.0609243,0.037228696,1.415203
1.5453241,-0.26531845,0.58612525,1.2877018,-0.41042727,0.54581475,-0.15290162,0.23293939
0.07697915,1.0384325,0.61125433,-0.36111537,0.034111515,-0.7582483,0.7129262,-0.02504602
0.33848807,0.22313295,1.2690755,-0.2341288,-0.43249607,0.73403144,2.0657983,0.57770324
-0.06356498,0.73688877,1.1551197,0.83070993,-1.1672477,0.40120804,0.06303234,0.7404024
0.5312783,-0.0072761625,0.58438027,0.21303323,-0.33554626,-0.19982296,-0.012184517,0.5250573
-0.640122,-0.10150571,0.71320736,1.1436235,-0.19693016,0.44313803,0.23031645,0.64112616
-0.013785623,-0.50066423,0.5668581,0.5771255,2.1599298,0.2892624,-0.2590293,1.2063118
0.6770786,0.5364235,0.80521715,-0.34616205,-0.5151766,0.47474813,0.30139354,0.1931865
0.13905382,0.7806437,1.330939,0.34705594,0.9194297,0.5337477,-0.2631356,-0.25724587
0.53736717,0.22222053,-0.46200454,0.22736779,-0.05726652,0.48876554,0.71109575,0.38094783
0.79726154,1.5292652,2.422301,-0.7575729,-0.004057333,0.45866215,-0.25128496,0.764052
0.4345341,-0.090995565,0.1665869,0.88845336,-1.09624,0.8168937,0.39669695,0.68747157
-0.070097275,-0.3535697,0.2245341,0.7102669,0.11349034,0.00089511275,0.5393334,0.7269805
1.5682589,0.68066496,0.49688518,-0.59912866,0.67066956,-0.34153768,0.1555257,0.8856382
-0.1366941,0.70499086,1.3794268,-0.11810536,-0.4434889,-0.17427728,-0.45456958,0.5415833
1.5730029,0.6422687,2.0175362,0.6454994,-0.34492004,-1.1823428,0.3532698,1.1673857
1.5079228,0.2632215,0.5983527,0.4370968,-0.36650646,0.80826044,0.5464993,-0.4139648
0.5509967,0.12526824,0.82570153,0.57038563,0.29227644,-0.6890261,-0.08871942,-0.250082
-0.8670399,0.92860717,1.6775426,0.88895524,-0.37417692,1.3176321,0.5403823,0.3443209
-0.30994427,-0.12551834,0.91999584,0.19597997,0.29621598,-0.44237447,-0.1899286,0.5413953
0.9214929,0.83580154,-0.52978295,1.4059958,0.60709393,-0.031096414,0.0049378225,0.25428408
1.4302064,0.3661052,0.18775065,1.0818825,-1.2659272,-0.30507255,0.8172471,1.5510591
-0.10738952,-0.31643337,0.041347064,0.7312044,0.3528453,1.073807,0.7013745,0.59325266
0.19554803,-0.59143454,0.23892084,0.041480564,-0.07554257,0.28834006,-0.112998255,0.51461375
0.8493269,0.89952874,1.1003519,-0.42159072,-1.036891,0.12475297,0.93557096,0.8666644
1.0546005,0.85215485,-0.45585775,1.1291412,0.11577453,-0.7783982,0.42725375,0.22575155
-0.3025652,0.6196592,0.5738611,-0.2559464,0.046403453,0.25396016,0.32528743,0.06193778
0.3374566,-0.1628336,-0.14875953,-0.13866878,0.39921576,0.21096027,-0.056568734,0.5578791
1.2337024,-0.002800241,0.32389307,0.4895611,-0.101455495,1.9170216,2.0250142,1.0131676
0.2911048,0.18245628,-0.2926424,0.0018386841,0.30804646,0.16572464,-0.08531404,0.40678495
0.32798406,0.5272018,-0.53386754,0.26579294,0.5137291,-0.030542701,-0.097909525,1.0480976
1.4913903,0.20120798,-0.2739613,0.09582647,0.42164522,0.114139125,0.16659124,0.42770702
1.4699959,-0.13696148,0.8356535,0.49019566,-0.5891747,-0.2837607,0.12145894,0.58626133
0.14631465,-0.4328646,0.4236129,1.0118233,-0.07114914,-0.060841903,0.4390308,1.0104723
-0.41039532,-0.52134085,1.0392252,1.4275148,1.1402031,-0.24221343,0.31072775,1.304832
1.7114455,0.4406234,1.1287888,-0.2256715,0.41576368,0.94911486,0.33631977,0.251692
-0.3535895,-0.026969507,0.6924882,0.6163042,0.25127792,-0.52530617,-0.48225918,0.44811416
0.43551624,0.18988593,0.15573108,1.0815907,-0.8482272,-0.07975836,0.38545373,0.21181759
0.14649637,0.35564274,0.3378613,0.089060605,-0.6768265,-0.009816229,0.038405657,0.40721408
0.3443506,1.6029131,1.329904,1.3815467,0.47232175,1.4498799,0.19536479,0.024203613
0.33620062,-0.48634613,0.45477617,0.5631945,0.44159603,0.36330765,-0.1343627,-0.17676675
0.6650031,0.7474764,0.16448338,-0.6048781,-0.060449526,-0.3724072,0.81795365,1.3111707
0.08366737,-0.21364023,0.06194289,-0.05900035,0.14518344,0.009133406,-0.0041821166,0.4566316
0.3769574,-0.19445471,0.055160075,-0.14845255,0.14801432,-0.17620352,0.04264655,0.97381645
-0.07882857,0.21753353,0.12882245,0.46763268,-0.02020672,-0.07368407,0.56809986,-0.08735813
0.13204652,-0.2782488,1.064214,1.2359681,1.5586839,0.20601994,-0.49969265,0.22820619
0.61786884,-0.29940456,-0.2575432,0.40279385,0.38006616,0.156241,0.12240047,0.35641047
0.69886273,-0.36087728,0.04861003,0.3147587,-0.51263624,0.43743864,0.53061193,0.5143445
0.33220991,0.15325283,0.40721202,1.708524,0.7230898,0.10428193,0.3632845,0.53985107
0.045063555,0.10614832,0.08915338,0.5717552,0.030282043,-0.23006216,-0.089948,0.17373072
0.83069116,0.15999778,0.110917516,0.9013602,0.4579816,0.21421169,-0.79802364,0.7303593
0.8481267,-0.8899417,0.23974368,0.112206236,0.17493995,0.4841242,-0.20073617,0.34010488
-0.36797562,1.4751487,1.194466,-0.66417557,0.53907955,0.21090698,0.9190888,0.44833156
0.14467937,0.3523689,-0.14924623,0.43248394,0.18716277,0.46143556,-0.31762248,0.26565284
0.2989274,0.88700527,0.73189336,0.8992736,0.61174357,-0.9935851,0.63037914,0.5789511
0.18573031,0.4195853,0.37920836,-0.20922402,0.4481871,-0.60366297,0.09120032,0.5498416
0.56783205,0.8073453,0.4011113,-0.58365285,0.7711921,0.12340929,0.6447415,0.05964092
0.39090648,0.36681616,0.32322806,0.44415554,0.15760307,-0.88115823,0.74411607,0.30139178
-0.105709665,0.33944917,-0.05242957,0.13318187,0.016045451,-0.012299612,0.32941106,0.21035722
0.40289983,0.6673849,1.4668645,-0.39764652,0.29705167,0.1566967,0.42821822,0.3089203
-0.6398727,1.3796556,-0.1411124,0.28781992,-1.0200801,0.9733727,0.90836483,0.9837188
0.1930072,-0.04720892,-0.028158084,-0.049690194,0.730803,-0.2565139,0.30327162,0.5485191
-0.23056003,-0.5552088,0.31087893,0.99763745,0.44267708,0.55338025,-0.13230518,0.5948903
0.9785898,-0.51530296,0.46511912,1.1027762,0.4791069,0.9969607,-0.22001979,0.5170883
-0.29043844,0.40834987,-0.1428202,0.39874852,0.17352441,0.07441292,0.2836231,0.41856435
0.3579683,0.685686,0.43367016,-0.45358744,-0.616775,-0.203313,0.20426926,0.42103887
0.43677518,-0.002680406,-0.12869723,0.32686245,-0.14332269,0.42073125,-0.049134858,0.31087875
-0.10170663,0.6986117,1.5064821,1.1677521,-0.016523227,-0.23342311,0.6881705,0.14265472
0.8443492,-0.27131236,0.31490502,1.1781149,-0.53071266,-0.118863285,0.4185756,0.5885063
-0.6451963,1.0701964,0.77679265,0.007650517,-0.31368214,0.71515644,-0.2535306,0.46195233
0.4801679,0.23975776,0.4709912,-0.7260788,0.43785566,-0.4088971,1.3783994,1.652954
-0.5766437,0.5178184,0.99134135,0.8302032,0.8455659,0.9954979,0.4729986,0.13117921
0.79019797,-0.31607437,0.28799868,0.03728307,0.5340117,0.17890123,0.09938773,0.9758826
0.52905035,-0.335092,0.07146101,0.6306686,-0.44070715,0.19235101,0.741292,0.24330729
0.53729844,-0.065400764,0.582546,0.94897205,-0.25700384,-0.06557132,-0.64777917,0.11484192
0.58512306,-0.09504278,-0.18917783,0.2424207,1.4557359,0.5516403,-0.5494214,0.86084634
0.24199706,-0.05282195,1.3485185,0.430992,-0.9148267,0.3624126,0.37045562,1.1713037
-0.26895738,2.4534714,-0.6218734,1.0043501,-0.39868015,0.35336924,1.31384,1.1460844
0.52145094,0.17818008,1.4927353,0.32566053,-0.71702904,1.0694213,1.5029093,0.1046772
0.35404262,-0.27958226,-0.02768217,0.7879097,-0.62923586,0.6066905,0.4560442,0.26734406
1.4244179,0.960493,-0.89781964,1.0294737,0.527761,-0.15354997,1.5141671,-0.23794651
-0.14905357,0.67391896,0.32089257,-0.59121454,0.07140432,0.74198973,0.18781671,1.0556133
0.16917363,-0.14673296,-0.06794885,0.33455604,0.29400176,0.100191414,-0.08156404,0.5988942
0.18153602,0.23307993,-0.7458069,1.3202313,0.439377,0.8455526,0.8330664,0.46195632
-0.30725452,0.4913805,0.32782757,0.42706156,0.29358304,0.008602001,-0.30323508,0.047663927
0.24335963,2.0678015,0.8120589,0.45345926,0.19655366,-0.6029954,-1.0280465,0.5710696
0.44194594,0.50085133,-0.1945902,0.48557135,-0.027849808,-0.32342342,0.9176688,0.14691442
-0.21533784,-0.2785641,0.9677303,0.45388272,0.04456286,-0.1817809,0.8556575,1.3392183
0.6398266,0.29126686,-0.13174708,1.7280834,0.6042216,0.20333365,-0.70229346,1.0757849
-0.44053647,0.37284118,0.4195323,0.5724208,0.6015315,0.82702684,-0.03618987,0.12108447
0.27196938,0.33619672,0.19478007,-0.45310256,0.84185225,0.52828324,-0.3267412,0.2559536
0.20120168,0.32775092,0.117693335,-0.15186596,0.5010157,-0.5308938,0.41111436,0.3250387
0.030130792,-0.20773736,-0.0035295933,-0.14581221,0.2939468,0.15241656,-0.13215533,0.71026057
-0.32810226,0.5621083,-0.14550145,0.6995507,0.66248745,0.51838875,-0.34642765,0.706962
1.1266514,0.29350597,1.9751238,0.040921144,0.49437183,-0.13839675,-0.3796094,0.22275905
0.47226754,-0.056891575,-0.040508807,-0.1896334,-0.18813358,-0.17119944,0.37593773,0.50480723
0.40787712,0.42615277,-0.14741851,-0.19799581,0.5657641,-0.24358201,0.5288971,0.15930192
-0.53047705,0.50412226,0.1023086,0.38641724,-0.36827993,0.7958904,-0.31690004,0.7670193
1.3676809,-0.69453824,0.74606806,0.15993845,-0.040432498,0.5696283,-0.5603203,0.59001434
-0.25821364,0.19440569,-0.30436796,1.3165967,-0.668148,0.7990824,0.7825516,0.89750797
0.48221037,0.51759315,0.8149458,-0.4322838,0.8438419,0.9008671,-0.53333855,0.75154626
0.072388954,1.5007014,1.1357011,0.24888748,0.67725426,-0.80230916,1.045272,0.24205756
0.053541597,-0.64273256,0.32084894,1.521063,0.7666614,1.0282581,1.253399,-0.20938271
-0.3954832,-0.23670675,1.0528942,0.43721643,0.55984205,0.43621808,-0.39681086,0.29385823
0.81140614,1.0039822,0.7889875,-0.33441436,0.36028767,-0.54481536,-0.70136565,1.0868572
1.0137643,0.2734599,-0.6126667,2.0977612,0.7376186,1.0233128,0.17334594,0.32831615
-0.2621786,-0.15040821,0.520504,-0.05544982,-0.052817106,0.09317538,-0.010745959,0.69666266
0.63795674,-0.12822588,0.17280033,0.5163365,-0.09615557,0.4180606,-0.22797768,-0.18379137
0.1343958,0.9840964,0.083142444,0.07312486,0.16789384,0.55740213,2.0120595,0.1911555
0.05859291,-0.69178915,0.50997233,0.6483604,-0.15894596,1.5133072,0.83937836,0.5570704
0.40972692,0.5422358,0.5631367,0.85194546,-0.107834205,-1.2734067,0.50971013,0.7318244
-0.09640875,0.21139313,0.602037,0.40578115,0.15156159,-0.38589835,-0.47885838,0.1835372
-0.006232634,-0.70409733,0.24191925,0.3802415,0.7432992,0.4691925,0.46047744,0.2767771
0.55334556,0.3737138,0.0040142685,0.4858145,0.2403286,-0.2688688,-0.6599691,0.57327753
0.30154568,-0.6927864,0.26420736,0.46635094,0.45031786,0.15013254,0.22349483,0.11222762
0.5187936,0.26554668,0.5344021,0.85704917,-0.20633729,-0.96070313,0.8374708,0.74168116
0.89144045,-0.3008178,-0.01479128,-0.21485099,0.47590834,0.43252623,0.5975795,0.4989419
0.3617448,-0.16305058,0.1892465,0.39762923,0.8406792,-0.054291755,-0.01185484,0.18306893
0.14028692,0.3318488,0.96213394,0.99785584,0.9053006,0.19054078,-0.7982872,1.2213768
-0.12040489,0.36692208,0.5383052,0.046151616,-0.5522196,0.19190313,0.2512737,0.17961481
0.8307022,-0.4560085,-0.081402466,-0.04719738,0.9128782,0.6409131,0.7132339,0.24856728
0.57066804,-0.29407203,0.6068884,0.13828088,-0.13225342,0.6130478,0.15241963,-0.0425618
1.1253731,0.010988399,0.20466916,0.8220908,-1.0877806,-0.049105078,1.2926028,0.9224249
-0.41887876,0.2396829,0.45657784,0.42795315,0.41976225,1.7169135,0.333743,0.7694401
0.3448491,-0.12700507,-0.27332473,-0.104062535,-0.1051826,0.19202858,0.29932323,0.4898703
0.53664184,1.032005,1.1214263,-0.48669425,1.0690511,-0.5505438,1.0296571,-0.36970234
1.5899144,-0.80940807,1.1334144,0.16120443,-0.24031787,0.17062283,0.5303908,1.1476653
1.2468508,0.16319726,0.28455746,0.5703296,-0.37636203,-0.35489124,0.6266966,-0.053577244
0.7091282,-0.75069094,0.12540138,0.2861986,0.5883174,0.587242,-0.4569964,0.5910809
-0.17698348,0.025995418,1.1637477,1.7817326,-0.113266245,0.04934317,1.5892793,0.6518846
0.0515412,-0.30887085,0.35543448,0.7150689,-0.26071268,-0.13253793,-0.21050669,0.5599637
-0.2717549,1.2036331,2.495832,1.0779202,0.15647931,-0.30296004,-0.2748813,0.39248827
0.79376745,0.69732493,0.94924957,-0.34280914,0.37756932,1.2472436,1.3017317,2.009724
1.4659516,0.33085442,-0.17061888,0.7682656,-0.027476892,0.22583963,-0.5427196,0.43590438
0.019084748,-0.038483992,0.6889532,0.22337392,-0.68203133,0.13620022,0.08535223,0.40018523
0.61435246,-0.39256442,0.24489048,0.43786952,0.6902765,0.24029115,0.68524224,0.02268605
0.50850713,-0.5018757,-0.085169956,0.3824969,0.30782124,0.24121773,-0.3353116,0.43184644
0.90397704,0.21065868,-0.09295441,1.3777031,0.41637743,0.39697486,0.5997986,0.1363756
0.16920182,0.59176767,1.1005371,-0.16685915,0.24057408,-1.2289844,0.93644553,0.5080273
0.5573004,0.6099543,2.0362139,1.1045742,0.22412844,-0.14800555,-0.7858165,0.5213833
0.2810001,0.6822816,-0.1969846,-0.4386132,-0.06260787,0.21725714,-0.073295854,0.60920626
0.2740457,1.617301,-0.046096906,0.10291985,1.0238333,-0.038319275,-0.45149258,0.417419
-0.18448544,0.032796428,-0.04470952,0.025121875,0.48089123,0.9213767,-0.66831106,0.97291934
0.35392782,-0.071342304,-0.25768435,0.8923146,-0.46930963,0.4507739,0.17486782,0.2586205
-0.13072667,-0.6175527,0.4686125,0.44795838,-0.014799193,0.9147957,-0.21823432,0.871759
0.37043032,0.36947817,-0.11086775,1.0545422,0.07088338,0.39251834,-0.058710024,0.31625456
0.89789337,0.9489515,2.134608,0.85294396,0.7968581,-0.2662789,-0.042034417,-0.31028494
-0.055361845,0.4856797,0.20380396,-0.49841252,0.9035189,0.26210558,-0.19292682,0.9170345
0.15647802,-0.18308188,-0.26548576,0.26867142,0.08473472,0.5574096,-0.31042242,0.7661219
0.2510077,0.37490314,0.038960338,-0.37279853,0.40203196,1.0051552,0.24447693,0.616132
-0.1261056,0.17064972,-0.012554184,0.17755637,0.100671,0.33400238,-0.31050402,0.3500418
-1.3341757,2.3250635,3.0,1.9586823,0.09251048,-0.12487286,-0.04648122,0.7300474
0.642615,0.41914445,0.20069683,0.030740574,0.1555851,0.3626307,1.3132768,-0.4338153
0.27617875,0.885381,-0.5221787,1.7458391,0.24408107,0.9096521,1.3215783,0.09468213
0.66704947,0.10245846,1.1048785,1.6304014,0.9362784,1.7961898,-0.7381105,0.4375459
1.6436675,0.7999947,-0.30025542,0.39613357,1.5785577,1.0848365,-0.36745402,0.046090886
0.2689078,0.90006626,1.0173675,1.0764208,-0.8140771,1.2608651,0.11085455,0.5512601
-0.24102646,-0.15403305,0.5806965,0.90348536,0.48387873,0.80001134,-0.23227292,0.27403674
0.85725313,0.98586345,-0.79190505,1.3053526,-0.21560784,0.0028069764,-0.09249009,0.7246507
1.1676072,-0.5366618,-0.16347991,0.015557215,0.79095197,0.4286481,0.03394357,0.48635137
0.009487651,0.83069825,0.7398488,0.3936365,0.20417471,2.1866515,1.6137891,0.6908772
0.06777313,-0.03333883,0.00046992302,0.087469436,-0.20882146,0.11745132,-0.10572334,0.43735623
-0.3809039,0.93288606,0.27572072,0.100090444,0.15138544,-0.17822039,0.32034042,-0.11595267
0.79830056,0.36242348,1.0710285,1.4010739,1.0195823,-1.0386097,0.6591006,0.24391264
0.27077696,0.61344457,-0.09715353,-0.4346244,0.6629387,-0.49264228,0.66914684,0.6873833
0.058450088,0.38844925,0.13396248,-0.45011553,0.10369815,-0.20436811,0.06860386,0.59724736
1.0201977,1.9982244,0.7962408,0.46691155,-0.0642135,0.47308582,-1.0223957,0.08298422
0.010579791,0.670259,0.046649717,1.0724584,-0.24916558,0.08759825,0.005309398,-0.11131038
0.12296216,0.045469865,0.2653802,0.43852767,1.3331981,0.52602565,-0.20963715,0.44967327
-0.5050071,-0.27788007,1.5281357,1.1087723,2.0285525,-0.100468054,-0.30793536,1.1780657
0.46077326,0.03980197,-0.33415115,0.6211902,-0.17553098,-0.31892365,0.30391666,0.37897956
0.30249712,-0.12440492,0.51969826,-0.10504442,-0.534724,-0.11606939,-0.0372875,0.8501676
1.5835906,0.4990629,1.1703793,1.2299886,0.22023804,-0.4760461,0.113748066,0.7046766
1.1876949,0.13659151,0.24100573,0.12469638,-0.8169752,0.3770739,0.79361147,0.24242201
-0.2856578,-0.25524873,0.6289472,0.30053958,0.69335294,-0.22341377,0.6476583,1.2496638
-0.2376686,0.30404395,1.3421291,0.4330548,1.1701865,1.2800765,-0.5264401,2.1637456
0.2187925,0.4609288,0.8432245,0.78474754,0.020092592,-1.1625934,0.95620626,-0.01780413
0.33102876,0.48584133,-0.37616742,-0.37772253,0.42275858,0.08400348,-0.018707903,0.46699014
-0.28448477,0.32062775,0.26484418,0.4119728,0.17977029,-0.39896768,0.47377446,0.3814256
-0.5249652,-0.22070788,0.3340237,0.121053524,0.6002923,0.88434494,0.29643214,1.2649612
0.18905973,-0.07421364,0.09218388,-0.41639525,0.6735874,0.30857962,0.014782226,0.31006765
0.28708932,0.10499485,-0.121962085,0.15317318,0.15534498,-0.16870394,0.20890015,0.11651033
0.4390625,0.38662398,-0.19887264,0.53699195,-0.16312973,-0.18368748,0.4760389,0.6060175
-0.1774467,0.44835943,0.09111889,-0.043843985,-0.23412804,0.3510761,-0.0024320497,0.5769304
0.9630029,0.3796739,0.022008136,0.61380976,-0.5899765,0.8665155,0.17423232,0.75910187
0.2174494,0.57890266,0.15213703,0.13032618,0.5236647,-0.2609104,1.2390708,-0.3378908
-0.042517103,0.34311378,0.20102519,0.1949397,-0.37882644,0.095231056,0.08230195,0.03581383
1.8222679,-0.74193263,0.20332946,1.2745436,-0.29056162,1.0088042,1.4354521,-0.42539382
0.01893811,0.75789917,0.355129,0.046549357,-0.34732646,-0.39064103,0.84907645,0.07090698
0.77002746,0.19301082,-0.6446846,0.06482654,0.32598323,0.066236585,0.85963863,0.51448584
0.26571593,0.25283176,0.3557554,-0.29158533,0.42893654,0.22001424,0.18707362,-0.069493845
0.033930607,0.54072124,0.5889479,1.2165036,1.064974,-0.75922453,0.7188441,-0.27083996
-0.80853164,0.31555873,0.47775716,1.2651615,0.9364101,0.1871668,-0.5663453,0.67332655
-0.13396987,0.068869844,0.39898527,1.2542673,-0.10821052,0.032551244,-0.24983437,0.2864693
-0.27282333,0.9125147,0.5673879,-0.3758156,-0.028777525,0.85427135,0.40871546,1.4074413
0.31971434,0.7423368,0.13819908,-0.22928616,0.5524694,-0.61638004,0.9080234,0.08083374
0.70450664,0.9145632,0.21394119,1.5717697,-0.14104377,0.35920036,-0.6997271,0.528371
-0.083167635,-0.19079871,0.79333884,1.0923033,-0.009035692,0.3665143,-0.6965367,0.61754274
0.48910257,0.25311798,-0.39681208,-0.1911526,0.7287151,0.20921314,-0.01596679,0.5563599
-0.3132477,1.3949578,-0.2504298,0.3946472,0.17595388,0.03057649,0.18595919,0.2640553
-0.36275616,-0.36684018,0.50522244,1.0832264,0.018780112,0.8519895,0.8809464,0.2934059
0.03760975,0.20236968,0.014395021,-0.2869622,0.006944157,0.29540002,-0.29996115,0.2288335
0.4622253,-0.18009661,0.11753361,0.8308806,-0.9742163,1.1611041,1.228501,0.59897214
0.55413413,-1.1733607,1.1279467,1.1021767,0.07861869,1.1588318,0.31501985,0.447275
0.31525987,0.5425006,0.21275687,1.1663754,0.9031415,1.2962351,-0.6656925,1.0572135
-0.474363,1.0643526,0.1163307,1.1394174,0.7374259,-0.19127566,-0.012636179,0.68158275
-0.018851113,0.8382404,0.764575,-0.08753563,-0.036064908,-0.5913977,-0.47321483,0.161726
0.71692467,0.71112686,-0.4134047,1.1817632,0.5710105,-0.55073225,0.2709739,0.66409993
0.62741405,0.65284956,0.033401147,-0.5399193,1.5397148,0.2031303,1.1315545,0.0811534
0.40153468,-0.104392275,0.094859585,0.067279875,-0.23007955,-0.0932785,-0.053423874,0.11990009
0.10635422,-0.04536806,-0.037800178,0.39730737,-0.17161448,0.2344594,-0.18543357,0.3733829
-0.38750252,-0.007549241,0.4029048,-0.087590255,0.37087306,0.06606373,0.034111448,0.6767344
-0.21211615,0.46827817,0.8479142,0.2783496,1.4190838,0.644884,1.0188601,0.3469258
1.3842878,-0.084938094,0.03565657,1.3158574,-0.4605192,0.31063864,-0.021257991,-0.11223218
0.38155496,1.0261368,-0.352426,0.050771754,0.93466145,0.0740003,0.98191816,1.1015327
0.1654863,0.73763263,0.20292774,-0.27412438,-0.08327167,0.83364844,-0.3697087,0.59878385
-0.064372055,0.0366721,0.59862643,0.40461883,-0.51611453,0.2058454,0.21129908,0.95223016
1.5600764,1.0882188,1.4772446,-0.0898831,-0.22688209,-0.14526083,-0.4376078,0.45406866
0.6061392,1.397584,-0.29683495,-0.16753721,0.7398557,-0.025219917,0.11739903,0.62481093
0.84642243,-0.27733797,1.062146,-0.093039654,1.5734352,-0.76593715,1.537403,0.6623804
0.62916803,-0.1470408,0.0074350387,0.5368492,0.49472433,0.048862435,0.36498326,-0.33525884
0.43825725,1.2042801,-0.29055476,-0.4518061,0.49030656,0.010183096,-0.023342052,1.018332
0.35871035,-0.71070856,-0.11755669,0.3824791,0.27748716,0.73091394,0.6269912,0.3339766
0.63035935,-0.106213704,0.50876194,-0.5183148,0.72092694,0.003092602,1.1137954,1.2348058
-0.30498046,0.8738443,0.2989822,0.76640064,0.20059164,0.96790123,-0.75362307,0.66243744
0.00039982796,0.097453654,0.18953896,0.0023774132,0.064597234,-0.08237387,-0.3764784,0.64176947
-0.11509665,1.2151407,0.18162572,-0.038419954,-0.7600896,0.8770501,0.98293537,0.37448102
0.19181171,0.57296795,-0.094336614,0.2563335,-0.16352557,-0.3570335,1.303144,0.8707522
0.32966757,0.021236077,-0.09495805,0.98911864,0.19533944,0.2395871,0.10945714,0.19497673
0.00964747,0.6335655,0.30548742,1.2172753,-0.045561,-0.508886,0.38073358,-0.23612049
1.1882488,0.9952363,-0.2842148,1.1914046,1.80183,0.960427,-0.58166903,0.88019603
0.6682383,0.09319158,0.16002898,0.61532056,-0.97665614,0.10360935,0.032393493,0.57757175
0.074583486,0.0103530735,0.41336614,0.2731863,-0.11245906,-0.5322531,-0.1799833,0.43205047
0.7532491,0.30674934,-0.61550826,0.6181371,-0.08223243,0.30656657,-0.03163833,0.5044147
0.72054774,0.18098377,0.5512187,-0.83759433,0.9434675,0.33128276,-0.07825065,0.688243
0.37951854,0.09255983,0.82553464,0.14894155,-0.35458452,-0.5894526,0.34483403,0.62661636
0.59937876,0.116338536,0.59659505,0.48750803,0.08812092,-1.0890224,0.47021705,1.0959274
0.011144906,-0.17899674,-0.013302118,1.0071878,-0.59465146,0.6246315,0.41533667,0.6310259
0.27216488,-0.36395454,0.16266447,0.040758893,-0.16699784,0.06787798,-0.16423462,0.37256938
0.99252516,1.0888929,0.9019961,-0.08721506,-0.34876442,-0.24390596,-0.33039153,0.9432012
0.13412815,0.008187205,0.3551518,-0.3145768,0.05393696,-0.16784525,0.16649073,0.4906973
-0.280769,0.42315805,0.16452956,0.5595116,-0.035255715,-0.3785912,0.34853512,0.30241546
-0.061285578,0.5896281,-0.23848848,0.36709496,0.74732226,-0.1796901,1.1512861,0.19195472
0.51065916,0.08724378,0.15500183,1.1192842,1.3390586,-0.19875726,-0.60119647,1.1269557
-0.37824857,3.0,1.8538338,0.10913511,0.53191054,1.7098546,-0.8820749,0.1362325
0.72395784,-0.8607562,0.48768687,0.77595454,-0.028268322,0.26722205,0.6413403,0.11297643
1.0275967,0.62186295,0.4494071,0.048059724,-0.24079968,0.2068705,-0.62714726,0.5885166
0.35881144,0.04339783,-0.14571114,-0.1860095,0.32692838,-0.14985454,0.13843347,0.3444789
0.4174367,-0.08902022,-0.26682073,0.107135616,-0.026947185,0.429235,0.4778834,0.45029518
-0.52071,1.0592259,0.3552928,-0.20775259,-0.074327394,0.22322886,0.027377753,0.06951148
0.4411952,0.9202476,0.3229188,1.0645028,-0.11358364,0.7830049,0.78659314,-0.035346657
0.8355707,0.60919464,1.5759221,0.04606019,-0.43498814,-0.82793033,-0.62245375,0.8825518
0.48589793,-0.6577547,0.19710174,0.92582244,0.49738455,0.7816006,0.29685035,0.32328725
-0.27494723,0.2580166,0.68303096,0.33151862,0.24400547,0.19013467,0.66722065,-0.5393194
-0.51517254,0.1683545,0.18333502,1.165278,0.59871584,0.31642866,0.9214009,0.35582763
0.07078731,0.32020283,-0.1687529,0.03523115,-0.1747338,0.17965612,0.07746095,1.1168706
0.4532557,0.18377118,-0.15533476,1.6638951,-0.5293493,0.5583724,1.3655446,0.01873675
0.61464137,0.27616358,0.77308553,-0.38338688,-0.13082351,0.4724145,0.39667872,0.28332677
0.41650563,-0.44293195,1.1352518,0.69113964,0.8136264,-0.088507846,-0.5940226,1.0319841
1.2267162,-0.061464563,-0.29790425,-0.16116548,0.83747023,0.5591287,-0.056492843,0.102499574
0.03887031,-0.23547117,0.21816334,0.08605743,-0.14640705,0.4427212,0.23369864,0.12955953
-0.28464493,0.8872877,0.7093717,-0.47230235,0.7803474,0.13175568,-0.21219003,0.03127955
-0.1833666,-0.5063622,0.3339243,0.7635153,0.38112253,0.59626395,-0.04879184,0.46983248
0.6771188,-0.028779432,-0.08750801,0.8882739,-0.77465427,0.75555664,0.20179276,0.26805377
0.5497057,-1.0234722,0.4654892,0.5190278,-0.27280426,0.79361236,0.43780068,0.29662195
0.79492563,1.1341214,0.78000116,0.04558332,0.84592515,-1.3486148,1.2521939,0.20877711
2.1260293,1.0045722,2.8096693,-0.5157889,0.86173767,1.01528,-0.697348,2.3128211
0.12131243,0.62410176,0.053434923,0.017430201,-0.95891756,0.119709045,1.46044,1.3874218
-0.6195263,0.6817885,0.7050353,0.17200264,-0.58491296,0.9021247,0.54583156,0.6379957
-0.5202035,0.50296444,0.5990024,0.7229203,0.9372594,0.20519617,-0.3726841,0.35414076
0.7012812,0.394621,-0.06290549,-0.42288366,0.7880735,0.07477301,0.43974057,0.089940295
0.46163976,0.31731963,-0.014110386,-0.4853687,0.774115,0.19975033,-0.24447449,0.409163
0.009878254,-0.04479903,0.26155055,-0.062585585,0.013812467,-0.24285078,0.27089274,0.4408898
1.3145256,-0.051088825,0.5008671,-0.034186058,-0.5260032,0.8242811,0.022595664,0.63829446
0.46190476,-0.1280918,-0.013346255,0.73568124,0.25199333,0.21304204,0.5732347,-0.0314779
-1.0429462,1.1011457,1.2680615,0.93507475,0.3124746,-0.23733675,0.6585447,-0.118938416
0.42308137,1.0201466,0.5201975,-0.16416973,-0.7438929,0.5067928,-0.120684884,0.4813753
0.08711394,-0.4987449,0.049426973,0.7930824,0.4696073,0.43216944,-0.08164517,0.406999
0.15912098,0.75024354,-0.036193267,-0.297421,0.4347304,-0.5118154,0.23505074,0.6221954
1.0737423,0.64103025,1.2833924,1.3623574,-0.7483842,1.6490686,1.1627592,0.45392957
-0.07000595,-0.6828538,1.2102553,1.2947989,0.8051695,1.5236962,0.4131588,0.26032418
-0.2202721,1.0323355,0.53866076,-0.06320385,-0.9071161,0.9143314,-0.037887555,0.75126046
0.28353614,-0.13172658,0.53753114,0.13376904,1.101988,1.1769965,-0.16402338,0.1041732
0.8384729,-0.33833182,-0.24766137,0.3241588,-0.038677767,0.14889403,-0.11576644,0.24702966
0.55537105,0.24892972,-0.1717139,0.8957052,-0.6919082,-0.3332509,0.1409211,0.3924034
0.08374291,0.9677601,1.1187632,0.9203277,0.15858777,1.0626664,-1.9008219,0.7045306
0.036885373,0.97969306,1.1403689,-0.5542047,0.5598782,-0.36352468,1.1395637,-0.18434587
0.76888245,-0.34098417,-0.19456695,-0.17785087,0.33133483,0.28841218,-0.18319936,0.3515861
-0.121817686,0.21157353,0.25334752,-0.44097218,1.3075917,0.6282726,-0.51663077,0.80962634
0.75962865,0.49461222,1.8795114,-0.22992313,-0.7392623,1.5726564,0.7771503,0.8887328
0.32099247,0.45954376,0.3406201,-0.094708644,-0.27485442,0.29793546,-0.37813786,0.30667615
0.92479694,-0.39625692,1.5077729,-0.20673808,0.4090252,-0.037114248,0.5057894,0.36279374
-0.15584874,0.36297917,-0.15061744,0.3450176,-0.12643518,0.016873091,0.23807569,0.40510494
0.67458236,0.64415926,0.842391,0.38721392,-0.81415755,0.47655693,-0.5288865,0.574302
0.42913973,-0.22521953,-0.07224825,-0.18834206,0.47345227,0.20603879,-0.06030134,0.3440513
1.6227132,0.13785993,0.618409,1.2584798,0.11324181,0.4319538,-1.0799297,0.11233434
1.121228,0.5811238,0.3889063,-0.13841397,-0.6783785,0.4616958,0.9054783,0.5214125
0.6201144,0.3545981,0.19076937,-0.25776598,-0.029377714,-0.99472,0.70967513,0.8728212
-0.23746553,0.80625796,-0.20539169,0.81204027,0.2920095,0.09136357,-0.42816195,0.30878496
0.5692661,-0.21041593,-0.105424106,1.0846405,-0.6867379,0.32188883,-0.12072674,0.4932125
0.7401607,0.33642942,0.94119096,1.4816039,-0.9629769,0.61304194,0.4217979,0.07154289
0.094563484,0.04997264,0.08699328,-0.12382039,0.012029596,-0.106030196,0.2773976,0.3188478
0.21458888,-0.5014457,-0.05315037,-0.12034898,0.8894301,0.39174443,0.41553932,0.2847066
0.5723647,-0.50913954,-0.015970588,0.093486935,-0.31688547,0.07331369,0.32852226,0.48362446
-0.54781765,0.5590565,0.61913216,0.66340846,0.8145865,0.3555083,-0.015504504,0.016802594
0.51061416,0.18338656,-0.4363029,-0.023197457,0.08284323,0.32217857,-0.11004505,0.25144047
1.3499082,1.6855313,-0.3240075,-0.008171134,0.8894932,0.31307426,-0.83441216,0.4502176
-0.27747962,1.253423,1.7476922,0.16227013,0.4565705,-1.4110357,0.4982116,-0.19910061
0.11563087,-0.21006392,0.41200775,1.6522286,0.36211854,0.63819474,0.17182152,0.0038451105
0.011931788,0.077538356,0.052983075,-0.07027025,-0.28719926,0.15121889,0.37140992,0.3396284
0.09918751,-0.04506646,0.74083525,0.8147848,0.63127375,-0.6717607,0.00052469084,0.47141433
0.3567216,0.77611715,1.0475575,-0.18802223,-0.12293719,0.3040167,-0.21441059,-0.26470438
-0.0942628,-0.06411587,0.27296722,1.4803109,0.2458593,0.41174573,-0.39733392,0.26416284
0.29606122,0.15369897,1.240707,0.17375505,-0.98173517,0.26508662,0.41673818,0.6310502
0.72194237,1.4972748,-0.30162275,-0.06172896,0.97125953,0.19907065,0.88851994,2.0009327
1.8451461,0.4832642,0.2511018,0.066240735,-0.4204659,-0.08844286,0.9650527,0.44738615
0.07667411,0.6804701,0.70072496,-0.7446773,0.93314284,1.1888962,-0.39873514,0.83776075
1.3262501,-0.38018584,-0.11967428,0.8657226,-1.0151457,0.03261967,0.6690743,0.5809156
0.0908457,-0.03769721,0.9089251,0.9263912,-0.074677974,0.13496268,-0.35744816,-0.13045755
0.64673203,0.17564882,0.4102437,-0.0038700178,0.794677,0.3721083,-0.44482026,0.13540909
0.7173396,0.27558362,-0.02409251,-0.31708387,0.41485435,0.5522696,-0.119967744,0.19574142
0.81325716,1.0042241,1.0760186,1.3624207,1.0232034,-0.74296546,1.4097813,-0.66256213
1.4232048,0.83965373,-0.067460105,-0.30288652,-0.1546325,0.2516322,1.0520825,0.18720032
-0.004933752,0.6516378,-0.21454601,-0.21543226,0.5276629,0.40843266,-0.087509535,0.39713418
0.027842246,-0.15176256,0.02763863,0.23034161,-0.61606145,0.648714,0.9473083,1.0915467
-0.15476593,1.185455,0.12831077,1.1227627,0.46262294,-0.29342318,-0.7953145,0.91706884
0.30778262,1.0127264,1.0020449,0.6104412,1.4205847,1.1849797,0.030233314,1.2780275
0.38740715,0.303034,-0.2189949,0.4758546,0.4260251,-0.55562913,0.5252309,0.30509672
0.75263184,0.2024916,-0.7287681,0.14109327,0.060379013,1.0087713,2.1936395,1.0916547
-0.041092694,0.19374035,0.38820273,-0.05863767,0.77562904,-0.7036371,0.43612564,0.75498736
-0.038444974,0.36770087,-0.031519547,-0.07704065,1.1355163,0.3187794,-0.31954226,0.7429409
-0.39243296,-0.45137966,0.30360153,0.7718132,0.13269465,0.7865035,0.2177873,0.5278771
1.6940395,0.44566286,1.8248132,1.4413538,0.40276343,-0.4897384,-0.17083673,0.44451383
-0.30396703,0.17571379,0.21670537,0.40006602,0.1018701,0.21406075,-0.23362032,0.24649797
0.4057856,0.26907033,0.7294274,0.29153532,-1.1180737,0.09583898,0.23043805,0.7119405
-0.12378388,0.45674652,0.4271961,0.36796707,0.6797499,-0.25918972,1.7762659,0.013516396
1.12605,-0.05767797,0.45436728,0.5430011,-0.8845807,-0.38218775,0.481301,0.11306244
0.33466452,-0.08552168,1.0915322,0.51763386,-0.79488146,0.58814645,0.69453675,0.1199739
-0.20651299,0.022185192,0.81473786,1.0002488,0.5457613,-0.32000065,-0.74074936,0.53883624
0.793634,-0.044839248,0.4733861,-0.0057868585,0.082674995,0.05265601,0.83175594,0.10615224
0.84698683,0.03651999,-0.2735827,0.4880065,-0.2178315,0.03715068,0.13215208,0.4141483
0.6623012,-0.081704184,0.016094834,0.15919614,-0.21688034,0.40636218,-0.028981777,0.75376165
0.65873367,-0.30844665,0.268035,1.748246,-0.34638518,1.0686536,0.49780074,-0.30513164
-0.06586905,-0.19500764,0.15445995,0.07388853,-0.034838587,0.445701,0.5966488,0.15986277
-0.10456706,0.2950971,0.14022031,0.006832473,-0.23705973,0.3078037,-0.19745587,0.19464135
0.2771309,0.7371341,-0.16287507,0.47007737,-0.5055751,0.22020939,0.750331,-0.13940519
0.27670935,-0.3027144,-0.04444997,-0.21961555,0.9708728,0.5666188,0.2832247,1.0523721
-0.5549541,0.4713313,0.046891868,1.0352324,0.87546605,0.24232045,0.746815,0.43200904
0.72326344,0.06637864,1.9943601,0.4836053,0.18130518,1.1990114,2.1961043,0.4556467
-0.0018558279,-0.36606663,1.0377835,0.7777352,0.45939952,-0.07719299,-0.5304377,0.44270346
-0.14320526,0.89174134,1.1907653,-0.34034172,0.8815738,0.889542,-0.3129656,0.7176735
0.24932936,0.4080025,-0.19096233,-0.23459208,0.07407154,-0.030945241,0.13786824,0.24889408
-0.74115586,1.5967603,0.4343434,0.26505584,0.11341207,0.31556332,0.034205053,-0.17504269
-0.036012948,-0.22731774,-0.19487922,0.5869349,-0.51416904,0.86302304,0.5051115,0.8493261
0.51372296,0.088651076,0.25614852,1.0776966,-0.50342757,-0.053966463,0.05719334,0.24974477
-0.29645428,-0.13543783,0.9281218,0.59293836,0.40353906,0.7374263,0.17704974,0.14453681
0.930541,-0.61052096,1.0140179,0.6965564,0.064925835,1.1607065,0.9573962,-0.48320842
1.0791732,-0.57089305,1.323081,-0.015888415,0.80751306,0.0032948926,0.6718274,0.08741845
-0.013335258,1.9247447,-0.049024448,-0.13576648,-0.71573937,0.36376008,0.979958,1.1884639
0.9846355,-0.011427596,1.0958176,0.7712976,-0.24289028,0.41037273,0.046628237,0.15726566
0.7576186,0.6176312,-0.41249835,0.9168679,0.2640072,-0.084931076,0.099522054,-0.105139345
0.1128869,-0.47074467,1.2205491,1.3896408,0.36554223,-0.29587227,0.5871282,0.49013412
0.9405357,-0.30756104,0.42033374,1.4215975,0.95590335,1.6961277,0.8679963,-0.77884907
0.30341557,-0.8247742,0.7515031,0.031654373,0.16867885,0.05739002,0.37272313,0.87736446
0.34968206,0.7940404,0.9958534,0.8762272,0.35200858,-0.50438446,1.5463079,-0.7759254
-0.19143373,0.18332285,0.20067412,0.13877606,-0.24273567,0.32709014,0.039121017,0.18794261
0.41587567,1.7892458,0.0290647,1.572458,0.032568887,-0.73466617,0.3630311,0.6185126
1.0508323,0.81305665,-0.81119937,1.0836557,0.5682567,0.43555406,0.023695407,-0.013320297
0.26747245,0.044910118,-0.08606358,0.013102613,-0.06462833,0.14918786,-0.24399078,0.39762306
-0.44746637,1.7370552,0.33601832,0.30841184,0.5450518,0.6538208,-0.48344186,0.42699015
-0.13991168,0.43661475,0.12906939,0.12699291,-0.14178775,0.19447967,1.3853472,0.84081423
0.1218997,0.64149374,-0.4788279,0.7628636,-0.26925784,-0.055177137,0.8715064,0.97770494
0.24507359,0.2994721,0.048784167,0.58487105,0.107425466,-0.4118775,0.08087235,0.13199931
-0.11392445,-0.5743814,0.38956213,0.046119593,0.39203697,0.50411165,0.067180775,0.4090085
0.78272206,1.1673634,0.14112861,0.8939516,0.047018364,-0.58330256,0.320505,0.5562954
0.47368822,0.19372955,0.14151783,-0.07722256,-0.11845106,-0.06202334,0.40226057,0.092404544
0.83183926,0.806566,0.1475481,0.4341581,0.07149841,-0.35794076,-0.46988297,0.4392729
-0.8976725,0.6169089,1.0226394,0.7947294,1.029466,-0.5050605,-0.24384771,0.7998683
-0.004879527,0.8328061,1.1964799,-0.18041268,2.0481148,0.80723166,-0.18009944,0.71206003
0.88205034,0.96687025,1.3350343,-0.07905262,-0.7076817,-0.56985915,-0.22727595,1.0923619
2.4126577,0.18524788,1.0205089,-0.35348836,0.52396274,1.2108641,0.71795166,0.77049005
0.5777414,-0.26468763,-0.23814182,0.70629114,0.09471823,0.24683258,-0.03900613,0.606351
0.109135576,0.03184624,-0.032654166,0.66810364,0.09003095,-0.3570571,0.2988385,0.32521176
-0.00844758,-0.3152659,0.42693275,0.6380103,-0.10426873,-0.17702201,1.0656129,1.3532797
-0.14101753,0.11023642,0.33300442,0.11547705,0.46944296,-0.31132472,0.07777751,0.21296373
0.8548991,-0.9928088,1.5059398,0.63557076,0.552027,0.13753465,0.42911693,0.6203122
0.39350322,-0.3707214,1.8200008,0.49619618,-0.23382922,1.3746905,1.1293676,0.32545906
0.24976325,0.04744421,0.045520596,0.14692414,-0.04182072,-0.243063,0.25352105,0.0137902945
0.016171113,-0.068482295,1.8363035,0.46006125,-0.4622913,0.3020179,1.243674,0.46938682
0.0191899,-0.10816473,0.11992668,0.24175355,0.014927827,0.09398946,-0.34122413,0.43708628
-0.033580564,-0.3412037,0.03549193,0.6069794,0.110144705,0.35458684,-0.21815872,0.4416636
0.8984326,0.028478608,0.97100854,0.8256132,2.023255,0.6142906,0.3859749,-0.25686365
1.0405524,0.78578824,0.76423675,1.7362928,0.17747553,-0.5506762,-0.7221419,0.2964084
-0.14400703,-0.0053320676,0.21210961,0.13691767,0.35786045,-0.20065492,0.5532829,0.22365822
1.0597571,0.67943203,0.35980672,1.5221722,0.23920245,-0.6491175,1.849048,0.8058826
-0.68969566,0.6014903,0.32153374,0.26706746,0.42267162,0.0719881,-0.27197835,0.4863294
-0.13889742,0.3185528,0.7237371,0.1256457,-0.7546551,0.7485236,0.41052908,1.4831448
0.24834114,-0.30027568,0.39446783,0.11781113,0.25300804,0.2186839,-0.06727136,-0.08484386
1.2179923,1.4572312,1.3658096,0.98443645,-0.7246479,-0.08912058,-1.0820915,0.087162256
-0.13575616,-0.6928099,0.44860262,1.0951483,0.32026106,0.47116953,0.19124876,0.5287364
0.5241168,-0.28677982,0.046982266,0.5498958,-0.4119643,0.048983876,-0.3679147,0.30257547
0.37582037,0.030939087,0.8582965,2.0183778,0.96394664,-0.13112201,0.07072479,0.53350276
-0.114153795,0.021293208,0.04779701,2.2071671,0.62585276,0.85559595,0.31640023,1.2470709
0.842392,0.91652876,-0.58220357,0.0031000376,0.65010554,0.5422859,0.082041584,0.25960428
1.0038244,0.268539,0.75069934,-0.07253683,-0.18061392,-0.46205503,0.18277055,0.18158214
-0.047512047,0.17803775,1.7421471,0.56591505,0.4325565,-0.03217402,-0.35799927,1.3823917
0.24394155,-0.040134266,0.27978987,0.35848224,-0.0041145384,-0.5724727,0.12697718,0.8031436
0.13714322,0.21392716,1.7179772,0.58860445,0.14836411,0.20195392,0.56224626,-0.30327213
-0.5615367,0.30225438,0.25343606,0.40320998,0.36226726,0.20947206,-0.18344553,0.3245196
0.5919267,1.6978825,-0.44150037,-0.522909,0.8705804,0.44304383,0.28959337,0.7641283
-0.0034614392,0.27455676,0.77700186,0.29608473,-0.3339622,0.5293972,0.64301497,-0.10908863
0.99046665,-0.6489762,0.51552474,1.3627577,-0.4912582,0.78564835,0.43862236,-0.034913793
0.8565281,0.9100715,-0.32026058,0.8928043,1.4421978,1.2770687,1.6657809,0.0974873
0.020933509,0.277097,-0.2671703,0.85226774,0.15154539,0.48800677,0.4107248,0.40341702
-1.1020573,0.75974107,1.584313,1.4504682,0.939474,0.71856797,0.65728223,-0.24559808
1.0504591,0.6947479,0.20224732,0.19951352,0.73883307,1.3154086,-0.103740655,0.13993315
0.32324633,-0.18314771,0.66701263,1.197214,0.15159996,-0.41139507,0.11620272,0.47707868
0.14583768,0.9328627,-0.5082807,0.5925167,0.68079996,-0.15517393,0.34308863,0.7712946
-0.509651,1.0569626,0.47405326,0.6841201,-1.0687912,0.88769746,0.6902849,0.23947382
-0.085733324,-0.47043425,0.40018964,0.49467584,0.52041554,1.1694353,0.21881457,1.3254086
-0.43114272,0.49290586,0.99941444,0.6865628,-0.41433084,1.1586294,0.003960131,0.7011626
-0.4968104,1.0007321,0.6979196,0.23785436,0.59044653,0.4443382,-0.3783076,1.4354573
0.5508435,0.32172793,-0.055294916,0.88607156,-0.122409955,-0.22879368,-0.45377475,0.501081
-0.75776213,0.2969988,0.51558775,0.530381,-0.047363415,0.5409672,0.06674383,0.60707283
0.7769852,-0.24606843,0.10959178,1.0169729,-0.1315058,0.3338315,-0.5543026,0.3472022
0.85320973,0.21078984,0.6318037,1.8275807,0.578828,-0.71356475,0.8673988,1.1637405
0.5833935,-0.14974456,-0.25496966,0.20162818,0.13740392,-0.121833205,0.94551176,0.6514201
0.0874962,0.5909684,0.23730999,0.12384144,0.25267708,-0.11962728,-0.40283373,0.44874883
1.2862619,0.08105473,1.0178616,0.78551906,-0.9591246,-0.05248426,0.3587519,0.38305312
-0.63227654,0.020090833,0.8946451,0.987274,-0.44351077,1.161745,0.17808655,0.52206564
0.07493645,-0.036881253,-0.06575216,0.43006828,-0.120133325,0.17660002,0.1300344,0.23117009
0.6567511,-0.24486963,0.05670543,-0.10139563,0.4546011,0.1428332,-0.2827009,0.38945857
0.57637167,-0.5393258,2.5476403,1.844106,0.011343196,0.59600997,0.3834009,0.5291497
0.68135756,0.657107,0.887323,-0.06971068,0.43440372,0.6986729,0.5826319,-0.74520314
0.9842344,0.47765744,-0.63188535,1.1423626,0.94760376,0.5481032,0.041766804,0.5082134
0.5447171,0.38028193,0.26001424,-0.19132179,0.47534728,-0.7478496,1.6181675,1.7764165
-0.008096591,0.1300266,0.6064667,1.7850444,0.15936448,0.12419021,0.91631156,0.20669302
-0.091366224,0.56108564,0.5908069,-0.019057445,-0.10311252,0.75989795,0.6810271,0.0009122491
0.005932834,-0.31394005,0.3613584,0.7118712,0.021098189,-0.13053486,0.22845118,0.18198061
0.017473776,-0.84032583,0.34930116,0.19754374,0.49846345,0.5003017,-0.118591174,1.1181033
0.5530316,0.6686449,-0.22990881,1.7678826,0.1433451,0.32940304,-0.12601934,0.0567886
-0.026116528,-0.28452927,-0.07923363,-0.065759666,0.46999496,0.2711376,0.15550907,0.56642616
0.36754385,2.2036953,1.7427388,0.38109288,0.37107086,0.41689235,2.2310877,0.4823955
0.3680743,0.56843996,-0.40086216,0.8134949,-0.84345245,0.35643506,0.60880977,0.99075484
0.097058944,0.8300725,-0.4308532,0.8286105,-0.16270767,0.21287873,0.5810349,0.5672404
0.6815786,-0.25965834,-0.21644814,-0.0015369132,0.75561136,0.4810524,0.39958248,0.2515381
1.2221934,0.5034946,-0.06878796,0.7499348,0.1780323,-0.3662814,-0.5154923,0.3671421
0.94040024,2.3293178,0.24017146,-0.4508818,1.3634716,-0.11434068,0.63727325,0.3307296
0.1929175,0.20671812,-0.043516815,-0.19380766,0.4556898,-0.14069198,-0.01824448,0.44340068
-0.19204563,0.29541087,0.15576419,0.6550947,-0.009081081,-0.018987,-0.33204776,0.1386902
0.87523216,-0.63887733,0.13915032,-0.1290114,0.46081692,0.674922,0.4612055,0.219275
-0.05088009,0.67170656,-0.1674944,0.8064223,0.040144607,-0.4484716,1.1083395,0.27618468
-0.1600287,0.3154046,1.0095187,0.8503616,-0.0060746223,-1.115467,-0.053192474,0.7242274
-0.29232615,0.5970411,0.5372907,-0.23459238,0.63421696,-0.46402252,0.24058007,0.4410525
1.1211296,0.09322728,-0.15311892,1.3095157,-0.48555982,0.67257756,-0.059817873,-0.18456993
1.3920244,-0.2731161,0.83232063,0.30546108,-1.1459845,0.8967421,1.1952718,1.1013408
1.3646787,-0.09249927,1.2725359,-0.27977484,-0.14266376,0.4884159,-0.31284645,1.1427743
0.7817323,-1.4080267,0.29428798,0.45996407,-0.23530565,1.1845098,0.6230126,1.1690047
-0.1984601,0.43668562,0.8768571,0.38203153,-0.82459104,0.48486632,0.1299546,0.84521824
0.3055155,-0.040766418,0.08070419,-0.02802515,0.054848745,0.10086894,-0.16061921,0.2144844
0.16376033,-0.03211455,-0.2285787,0.81958026,-0.19226761,0.20962039,0.1878918,0.30551437
0.11021678,-0.2337537,0.06546205,-0.02768004,0.0896267,0.24127206,-0.38647506,0.44404843
-0.17799279,1.5187016,0.53878695,-0.5426363,-0.21493809,0.63614404,0.3408752,0.552685
0.3424545,1.691804,0.18290223,-0.83908373,0.27747315,0.6739635,0.026692552,0.5888518
1.0148748,-0.18505152,0.92400694,0.7500079,0.67143565,0.116304755,1.3609301,-0.23448756
0.37306848,0.7724863,0.28755346,0.33208779,-0.2976904,1.1397325,-0.15166073,0.44063613
-0.37257096,-0.06734918,0.59170234,0.16976213,0.45105624,0.02157329,-0.21485078,0.32204998
1.2299957,0.740764,1.5413762,0.7772925,-0.97994405,0.8769678,0.66773266,-0.065405816
0.46627906,2.1167643,-0.79603565,1.7267985,-0.013906941,0.8712896,0.51429117,-0.25948322
0.34028468,-0.19738309,0.38720602,0.09004616,0.41623986,-0.7653577,0.7574004,1.2730483
0.960018,0.57824934,0.24882083,0.19628218,0.27296752,-0.7452322,1.513643,0.20209385
0.5429635,-0.06772117,0.006959513,0.772607,-0.779284,0.060525104,0.10889592,0.29857934
0.39833465,0.05247967,1.1306787,0.29536018,-0.45034963,-1.04517,0.120042145,0.74896914
-0.44849408,0.48527867,0.37943667,0.99324495,0.6323711,-0.28158963,0.066407315,0.07746714
-0.28263515,0.26012415,0.0664435,0.47250232,-0.26062244,0.12052286,0.55138236,0.3937753
0.44733375,0.49493223,-0.2377611,0.1252264,-0.13928069,-0.32516155,0.69493634,0.8477254
0.09251574,0.62402034,0.20833454,-0.16687158,-0.3370337,-0.35593668,0.012313621,0.20464578
0.12810326,0.104834095,0.33798748,-0.2960197,1.0451126,0.32825857,-0.13169812,0.34517583
0.4984862,0.15811242,-0.62972367,0.46153823,-0.53649956,0.6517402,0.45017257,0.8482387
0.3713292,-0.32361394,-0.09230973,-0.08475099,0.24167496,0.30828568,-0.018776277,0.42413303
-0.22687617,0.36976248,0.24979305,0.43174103,-0.6035539,0.41274107,0.4552144,0.06959715
0.9361739,-0.6898926,0.27844205,-0.15384361,0.95883286,0.7688832,0.27173644,0.2713827
0.09535836,-0.5152975,0.37896314,0.90355814,0.45270497,-0.014446773,0.81710094,0.08455548
0.93655396,-0.2581904,1.4372187,0.6652953,-0.38380784,1.173301,0.0034914226,0.15091923
0.73406756,0.055380896,0.41717142,0.43444476,-0.17531998,-0.18786025,-0.5442582,0.005796641
0.33186108,-0.37709898,0.02818571,0.36042008,-0.2992779,0.20256361,0.066062406,0.44245762
0.68246055,-0.8717813,0.33889395,0.07028545,0.14973374,0.5081725,-0.19860944,0.23983528
0.31009158,-0.76698637,0.80718875,0.9754319,1.6104319,0.41849685,0.3808109,0.26586005
0.035789333,-0.18926944,1.1332222,-0.0878033,0.5542393,0.6774162,0.21792184,-0.2486729
0.62342113,1.0401839,0.3684706,0.013869882,0.20627286,-0.8858986,1.0475714,0.09622089
0.5679825,-0.1418186,0.62747055,-0.3337461,0.027909502,0.59860986,0.26945654,0.753534
0.4394956,0.54738516,-0.24339612,1.0975202,0.14078392,-0.17109093,-0.24396102,0.46805894
-0.14034459,-0.34477532,0.632779,0.89074844,0.81116146,0.19148648,-0.0572469,1.3608539
0.08025694,0.5840726,0.6307074,-0.1590997,-0.44644558,0.86478734,0.7963061,0.31282914
0.67042875,0.041191682,-0.51105386,0.8411327,-0.34938896,0.37050584,-0.24197485,0.3699149
0.5287012,0.629146,-0.052173123,0.09193531,-0.14400573,-0.54132694,0.5718516,1.176292
0.20918837,0.9255465,0.21604136,-0.4696354,0.93324256,0.3430617,-0.6018842,0.5776472
-0.13428128,0.6360848,0.9217856,-0.22643411,-0.74279165,0.699015,-0.03516106,1.1196659
0.33686334,0.5909492,0.6196767,-0.34375176,0.6766997,-0.8706312,1.1322417,1.3324611
-0.42814538,0.46666163,0.22693256,0.6162205,0.14934878,-0.21007562,-0.2769409,0.46170118
-0.21669099,0.15579058,0.12320356,0.42321798,-0.10077797,0.041073903,-0.11729712,0.51238954
0.19571689,-0.61374605,0.041927874,0.007492684,0.13438058,0.33030573,-0.3260135,0.4686982
0.09146543,0.28936094,0.01899127,1.2331133,0.062308088,0.18371063,-0.039824214,-0.07066418
0.87845725,0.0070153326,-0.24789585,2.3224642,0.12362279,0.7055891,-0.036667734,0.40061545
0.74673444,-0.3928916,-0.079693064,0.07280279,0.58675176,0.70793784,-0.10497209,0.14578718
0.8571448,-0.15663852,-0.59578955,1.8377442,-0.7396938,0.46695745,0.19406079,0.3679806
-0.44505012,1.1455508,-0.048843995,0.44288436,0.08715527,0.22790906,-0.06675509,0.08222141
0.11928929,0.2223598,-0.119225964,0.14579375,-0.08607735,-0.17736813,0.18978499,0.2892335
0.11550462,-0.17041533,0.32595462,1.1750257,0.052628607,-0.1737566,0.6933935,-0.025319204
1.0639927,0.27115047,-0.2520203,0.332865,-0.087404236,0.8405739,0.19009711,0.3876174
-0.08065846,0.482499,0.06693899,-0.19492003,0.41363066,-0.02137699,0.16301097,0.16507895
-0.08380207,-0.06800754,0.4302215,0.63773584,-0.6645589,0.36355594,0.3000005,0.5384375
0.23608872,0.021067664,0.49693638,-0.2609981,-0.7487478,0.20080411,0.44407433,0.5039141
1.0247935,0.43238378,-0.3712749,0.7692223,-0.1766537,-0.33350366,0.49495685,0.17924538
0.023277234,0.22634576,0.02901353,-0.2025075,0.0021385401,0.11566648,-0.14054339,0.33618885
0.32824597,-0.07454747,-0.25297463,0.5777498,-0.49019873,0.3891536,0.3863248,0.36355257
0.32277432,1.5175589,0.6768321,-0.36175412,0.6193544,-0.2954707,0.15551406,0.832644
-0.7999739,1.251128,0.23564415,0.8452802,1.4090976,0.1234874,0.7113141,0.53365254
0.34069997,-0.042225465,-0.1265197,1.1268332,-0.09798367,-0.087260514,1.1816773,0.5618129
1.0661054,-0.35726058,1.1224613,1.2864959,-0.38978177,-0.20740253,0.31054512,0.69957966
-0.090238,0.19719796,1.2199515,0.7684282,-0.44828248,-0.4730751,-0.0727344,0.6317121
0.38816443,0.1573052,0.8589343,0.06817829,-0.014714435,0.7535099,1.3312523,-0.3140183
-0.42304304,1.4033598,-0.35582733,0.26891524,-0.23034646,0.970319,0.014066754,0.76462805
0.386899,-0.4690681,1.6564543,0.93028474,0.89934057,1.3280897,-0.215708,0.6795606
1.7681918,-0.38289416,1.9093252,0.2457265,-0.35576487,0.5490296,0.77555305,0.3487193
1.0054243,1.0536991,-0.00559932,1.0731045,0.488967,0.5366529,-0.7514102,0.05890648
0.17514917,-0.53514045,0.0879145,0.28464833,-0.054724038,0.21409735,0.02557679,0.31868082
1.307576,0.36407626,0.48135227,1.6311376,-0.033499822,0.25049537,-0.38610926,-0.35921293
0.3551397,1.30924,-0.21635439,-0.40591004,0.2577635,-0.49147826,0.23254906,0.88570344
-0.558874,0.2633204,0.8947784,0.21315429,0.77071196,0.61577165,0.25145495,0.36544386
1.0626909,-0.36665475,0.42388326,0.06401879,0.90115535,0.6920582,-0.25216952,0.41240698
0.34337422,-0.09817462,-0.46813965,-0.26648918,-0.12532033,0.5682319,0.5342276,1.2087908
-0.47578564,0.9571116,1.1821544,0.25505823,0.8185141,-0.69536465,-0.54797834,0.84427965
-0.21305436,1.26467,0.9167613,-0.2680355,1.02023,-0.803975,1.3580388,-0.4314648
-0.0022679567,0.47500563,0.3689947,1.2953894,-0.37519604,0.81677604,-0.14286001,-0.008741289
-0.18429404,-0.15184566,0.16154319,0.65905863,-0.064505205,0.1911225,-0.20176317,0.3351638
-0.3425168,0.27789128,0.37357825,0.14547864,-0.18224387,-0.09353651,0.057066325,0.5449352
-0.54696435,1.1633507,0.10810493,-0.16407749,0.3663201,-0.23315719,0.56447,1.0497186
0.60196906,-0.083590314,-0.27342993,0.35936967,-0.43236595,0.44525355,0.412757,0.636837
1.5847704,-0.06305005,2.5155935,0.40487474,1.00924,0.6966741,-0.5126373,0.24817741
0.16016287,0.7168355,0.5796619,-0.6138895,0.3332706,-0.2744596,0.19816685,0.08723329
0.9356935,0.04077886,0.183852,1.5589354,0.15502663,0.5779005,-0.978537,0.9383968
0.5720781,1.0079647,1.2169708,0.73080355,0.84480983,-1.0702419,0.30595884,1.399002
0.7862393,0.32612842,-0.12279756,-0.54934174,1.1103756,-0.053581044,0.80518824,0.374482
-0.47902605,-0.0105202645,0.5452139,0.28513223,0.58309954,0.053600863,-0.2794237,0.3375339
0.79585195,0.57054925,-0.34315145,-0.37005827,0.713609,-0.6330268,0.63216734,0.86793876
-0.5383394,1.1368934,0.009060502,-0.25120485,-0.6631976,0.73309004,0.12120844,1.0989892
0.53878695,0.09035216,0.39428985,0.23695031,1.3627673,0.23829989,-0.49151608,1.1276773
1.0912638,-0.4043358,0.36994442,0.46528435,-0.35041213,0.5126972,0.229557,-0.18852636
-0.9660651,0.42019528,0.3023154,1.4826906,0.9129719,0.5993141,0.62400335,0.31530797
0.66829294,-0.08492975,0.33232126,0.33855802,-0.51142097,0.6116655,-0.08627086,0.46683902
0.41805595,-0.25384253,0.27727783,0.99299663,-0.43305218,0.30002737,0.011850631,0.36665282
0.74254626,0.8001994,-0.097332954,-0.11496071,-0.34803194,-0.59644496,0.42737848,0.35849258
-0.4097648,0.09768461,1.191682,-0.18641043,0.3305322,0.26865637,-0.24841176,0.34864008
0.34853038,-0.26868343,0.36473694,0.15061489,-0.24257417,0.9650756,0.76313025,0.65571946
0.7575535,0.29658425,1.2638477,0.69791716,0.3665408,-0.2869029,-0.85354775,0.416077
-0.35092738,1.7229906,1.6354965,0.2348111,1.4065936,-0.50936633,0.33389938,1.2075965
-0.2843302,0.38943142,-0.19908412,0.31563932,0.7057949,0.3546796,0.5489736,0.26057857
-0.11218078,0.8307078,0.1194337,-0.35950676,0.45501912,0.14697883,0.77490276,0.09396641
-0.020757642,0.17833667,0.43150598,-0.24770308,-0.4595695,0.017737433,0.45622966,0.9083391
0.6780858,-0.11797269,0.46119457,0.49521837,-0.6132974,0.40707445,0.14699832,-0.1406514
0.8509998,-0.5182193,0.6387131,0.5374173,0.635142,-0.12207277,1.2212774,-0.24920034
-0.09906676,0.1600128,0.49119902,0.1544872,0.6900863,0.08692593,-0.6104755,1.0103571
0.1542775,0.8733642,-0.16453989,-0.53035086,0.024746612,0.22626671,0.25373128,0.5226708
-0.3360413,0.13120154,0.28203705,0.5377484,-0.25530523,0.36051646,-0.058383144,0.36535287
0.16279119,0.28489882,-0.22342078,0.10681787,0.19216016,0.21050696,-0.185838,0.3617192
0.85675454,-0.47815764,0.35160694,0.21029949,-0.08316292,0.48048034,0.08805097,1.6313794
1.8922721,1.3630217,1.1701217,-0.24607515,-0.21140872,0.32619557,0.0048359246,-0.29663748
0.09344434,-0.5282248,0.3679495,1.1551551,0.30102822,0.46035644,0.4462975,-0.1264751
0.17280638,-0.26418716,0.6382005,0.32745424,-0.12625383,-0.51036346,0.19503006,0.6330233
0.14269835,0.21722154,0.34728462,0.27664468,0.16796808,-0.5410547,0.2993118,0.9466748
-0.67919785,0.33682638,0.27392447,1.6369718,0.49200082,0.53126407,1.2078619,0.10861337
0.24197346,0.6326201,1.1739167,-0.3711217,-0.4864418,-0.074560225,0.757187,0.37774986
1.0458313,0.05800365,-0.20092668,1.9355949,-0.1558006,0.6684311,0.13449655,-0.20257813
1.0987533,-0.60019493,0.082869574,-0.21405467,1.0034254,0.27611563,0.5260989,0.12672776
0.47337422,-0.38850218,0.07341237,0.32812983,0.0154684335,0.53073317,0.3085662,0.07270843
0.6013186,0.0393496,0.73694575,-0.14120817,-0.1562718,0.51175797,-0.04125946,-0.047193944
0.24449879,-0.03972496,-0.06523995,0.38833153,-0.4317997,0.89879256,1.5459739,0.53576756
-0.16236317,-0.16758408,1.4387486,0.45685652,0.6293667,1.2748599,-0.6324547,0.81332946
-0.37579605,0.9430821,-0.33256334,1.2674634,0.6395499,0.13058072,1.3221792,0.89501995
0.37133428,-0.36791188,-0.013416946,-0.14653,0.23343277,0.5786191,0.51317185,0.24538267
-0.012896836,0.12971222,-0.09975225,0.035518438,-0.35329443,0.38166523,-0.04076299,0.4717356
0.10801346,0.56668663,1.5058478,1.274508,-0.20351134,-1.258404,0.31220353,1.1087337
-0.31376562,1.5382773,0.8991314,0.055123143,0.28415906,0.46195677,-0.5854996,1.071238
-0.5558532,1.0482112,0.5281263,0.2879667,0.2370402,0.61338335,-0.032695476,-0.09376255
0.11490581,0.117237255,0.33931094,1.0931945,1.0133928,-0.17201704,-0.16015543,1.0804961
0.19576383,0.6472417,-0.51576483,1.3673985,0.23710284,0.41590372,0.5120631,0.59815395
0.17129236,0.97485733,-0.38162774,0.53856915,0.6815591,-0.6379956,0.61224204,1.0934886
-0.35580304,0.09282921,0.34328118,0.71860087,-0.34513664,0.8070856,-0.24450767,0.48604563
-0.13229313,0.48727202,-0.027784482,-0.1685619,0.9783557,0.69859874,-0.43867514,1.1428003
0.94158125,1.0043607,1.343616,-0.4723195,-0.9676238,0.7773073,0.5066155,1.2958323
0.11014837,-1.0069536,0.5198986,0.7123607,0.58013386,0.37229118,0.14973812,0.38981926
0.45038915,-0.8056509,0.0503864,-0.10415269,0.14408824,0.4614045,0.0706902,0.4636699
-0.47990474,-0.15962274,0.7732578,-0.025672905,0.38313198,0.39991587,0.0959605,1.294254
-0.018703863,1.3075902,0.18209283,0.49997628,-0.44168854,0.6663958,-0.80379397,0.6027024
0.71202284,0.01707299,-0.14969476,-0.16945094,0.3418085,-0.25434598,0.28908685,0.4093105
0.12028531,-0.092610136,-0.08189739,0.2143938,-0.10721609,0.055241026,0.008690981,0.37025473
0.09633036,0.3541276,-0.04230246,1.1467249,1.1326795,-0.23917806,0.65555316,0.9239303
-0.47368434,0.4885955,0.39821714,0.8368488,0.33645368,1.0399487,-0.0916686,0.2358115
1.4843553,1.0625635,1.6191219,1.5738231,0.24998249,-0.59661734,-0.08313714,-0.103608444
0.5108696,-0.24426514,0.20076923,0.31075612,0.08739512,-0.41058254,0.12886444,0.5256231
1.9334917,2.5661316,0.027071193,-0.150018,1.049686,0.38660818,0.39298406,0.5531893
-0.2385481,-0.007655725,0.72094643,0.6812498,-0.54197675,0.035822317,0.499208,1.3822536
-0.1741443,0.76623863,0.7519777,0.6336002,-1.2869413,1.0827484,1.7883103,1.4623295
0.116211034,0.39408553,0.28359097,-0.40161106,0.13571241,0.21011506,0.12464968,-0.012344599
0.56221217,0.852376,0.02292645,0.48829642,0.96808064,-0.2732726,-0.43532333,0.6150258
0.46866786,-0.07847445,-0.3328069,0.30684716,0.06391555,0.0045652837,0.52796274,0.25048965
-0.0082516745,-0.23963158,0.27379805,0.42641363,-0.3783039,0.09226124,0.13489383,0.41407093
0.21786028,0.141403,0.13188544,0.05490394,-0.7617142,0.38997632,0.0018005581,0.53986967
-0.1194159,-0.03917612,1.3323765,0.2865308,0.30373034,0.019273803,-0.17275648,0.065518245
0.93105495,0.9115236,-0.02781953,-0.4384288,0.74063385,-0.74857926,1.2158037,0.9340465
0.7495405,0.22902448,-0.3778944,0.61025137,0.14390664,0.74507296,-0.40321907,0.77190256
0.006233394,-0.15110458,0.07537466,1.155291,-0.2891503,0.25492802,0.1990047,0.20136319
0.48389772,-0.487314,0.49939615,0.59533864,0.6396635,0.28301612,-0.87969023,0.5648111
0.7647602,-0.660199,-0.24582614,0.88973385,-0.058098182,0.5306894,0.12392015,0.2875535
0.33574116,-0.5907039,0.5346192,1.1699201,0.10566418,0.03941025,0.19711384,0.053358614
1.0384157,0.390011,0.9461925,-0.55473083,0.093664244,0.53141797,-0.24059847,0.5038223
-0.45145968,0.12272294,0.51823944,0.44920352,0.5709611,-0.48832524,-0.31439653,0.84783703
-0.08515356,-0.13418294,0.3182956,0.71506554,0.035466135,0.19108856,-0.43794668,0.4548708
-0.22902048,0.03297268,0.34899753,-0.13856027,0.62985665,0.2229034,-0.4540934,0.5174804
-0.99767905,1.1860774,1.0822507,0.48814422,-0.013981536,0.13081464,0.11429847,-0.008392334
0.1937381,0.7911514,1.0871235,1.4976709,-1.477107,1.058568,1.2247509,1.5254663
0.45845512,0.26558828,-0.1735758,0.2799961,1.4983515,1.0760785,0.76727116,0.47215888
1.0359926,0.9575813,0.78581864,-0.07256655,1.3531275,0.35392913,-0.12283123,0.62695324
0.21485025,-0.43853986,0.2000218,0.6482234,0.18541655,0.08808226,-0.47283843,0.44556916
0.66632324,0.5343376,0.18609096,0.075278066,-0.0723543,0.25250977,0.8932839,0.35734126
-0.23689777,-0.14535046,0.008034259,0.49593812,0.44589388,0.045820564,0.7854394,0.52022773
-0.19908029,-0.17308548,0.04334703,0.13072741,0.42741716,0.23564267,-0.035057336,0.559418
1.0678564,0.98186064,0.189512,0.0071819723,-0.7575837,-0.74244404,0.7024304,1.273251
0.09119835,0.6273199,0.6650994,0.068205334,-0.3507794,0.2942416,-0.2604416,-0.04988554
-0.17078531,0.2878598,0.79637074,0.726584,-0.097920686,0.24727768,0.5103792,0.27298343
-0.4200574,0.0992686,0.13991094,0.28465566,0.5990656,0.60627025,0.34541512,0.31740156
0.13613158,1.1922934,0.36410987,1.217921,-0.3664016,-0.36436355,-0.07577475,1.0111866
0.69684815,0.12088157,-0.36438984,1.5502082,0.25391096,1.6403265,1.3960282,-0.2493872
1.7682692,1.4700131,0.19366707,0.73945487,0.2606765,-0.9388156,-0.2884263,0.88796294
0.44120643,0.93617064,-0.3010149,1.1998587,-0.23098113,-0.20257202,0.519726,-0.2806368
0.013310052,-0.32382786,0.25033855,0.39667457,-0.2796306,0.7052705,0.28771585,1.011762
0.6248942,0.16428392,1.2284789,1.2706329,1.0694577,-0.20604396,-0.038704406,-0.1639542
0.52632076,-0.5683862,0.67226094,0.6328848,1.2299612,0.38219494,0.9064179,0.59995353
0.06498769,1.1017507,0.33344412,-0.51550955,-0.72486866,0.34222108,0.30509883,0.5720008
0.4708381,0.11577354,0.7923227,0.99601156,-0.27222866,0.036670774,-0.51938576,1.0010673
-0.022601202,0.31784773,0.03743936,-0.04731358,-0.24693541,0.21293747,0.06922755,0.12184976
-0.0085271895,0.46832222,0.77508587,1.2401093,1.0373435,-0.7017147,1.0123531,0.8058855
-0.10823157,0.52175707,0.6056644,-0.3130451,-0.06532377,-0.16555971,0.6991661,0.4767366
0.07096905,-0.16849764,0.068776205,0.2118043,-0.273525,0.12484561,-0.094639786,0.33702716
0.19944686,-0.7975622,0.38812762,0.887582,-0.12746905,0.5704416,0.2563422,0.8548044
1.2301918,0.56179667,0.2808922,-0.28536022,0.21948428,-0.45551562,0.5591157,0.116603926
0.12565547,1.3180771,-0.48932594,0.83047456,1.4337409,0.7448869,1.6927149,0.18970771
-0.18404323,0.3199244,0.23120567,0.0738037,0.8196178,0.7390695,-0.936612,0.51677465
-0.4257147,0.28321582,0.35568655,0.17154115,-0.20553856,0.88023955,-0.43626145,0.78809345
0.3987609,0.11494447,-0.09678991,0.12335436,0.48629278,-0.12393133,-0.09888929,0.7461906
0.09860555,0.70232624,0.141942,-0.5448571,-0.040243298,0.44089115,-0.13186197,0.28179118
-0.04277151,-0.27801573,1.2111868,0.14704773,1.0804569,0.6486477,-0.40748933,0.16277783
0.36235496,0.35993838,-0.23740868,-0.1743213,0.1369196,0.07307071,0.1690559,0.16314763
0.94260174,0.43097353,0.7298791,1.0101506,0.7684251,-0.3972034,-0.926488,0.55326545
0.7944667,-1.1666298,0.6564685,0.81003827,1.4681588,1.2294542,1.4675244,-0.04860562
-0.3117536,0.451993,1.2998128,0.17383921,0.56752795,-0.81691074,-0.036012147,0.5416908
0.19794652,-0.067179516,0.17227593,-0.25934374,0.030223027,0.48850298,0.6065861,0.22209424
0.15547094,0.15873544,-0.14770417,0.6672338,1.1912274,0.51642376,-0.7146139,1.009279
0.4705101,-0.2474683,0.40659827,1.3799901,-0.51583815,0.27967262,-0.016263576,0.3682273
0.6375924,0.07670955,-0.04769157,-0.04872761,0.16359584,-0.19294459,-0.35627472,0.58388156
-0.13495511,0.14728169,-0.3093211,0.04485509,0.5073192,0.60398686,-0.07910556,0.89544165
-0.8194491,0.69196534,0.95650923,0.94746226,-0.3963806,0.9132529,0.6003319,0.3412554
-0.2612935,1.3857867,0.13300481,1.2108417,1.1393583,-0.5136285,-0.11325716,0.9222945
0.88009864,0.39029962,0.95272267,0.7359546,-0.40827638,1.0485352,-0.8016706,0.5861988
0.38686302,0.523896,-0.25213897,0.07100321,0.5015795,-0.42001116,0.11540861,0.67012775
1.0059197,-0.27395988,0.44490004,0.07847509,0.18298359,0.8172293,0.8159906,1.2725533
-0.5961811,0.28880125,1.1484764,0.048553847,0.32064646,-0.1794135,-0.14791958,0.69992083
0.019709244,-0.055955425,-0.010079339,-0.11528624,0.18878771,0.2470703,-0.31842664,0.42053157
0.75422925,-0.03142251,1.2296056,2.0182745,-1.0554384,0.101934075,0.23235458,1.429484
-0.17705616,-0.36031228,0.93987715,0.80494654,0.19320986,-0.3585818,0.43338224,0.39603496
0.5624264,-0.5582029,-0.07153733,0.19592762,-0.37920827,0.34431994,0.1666049,0.26392314
0.25420305,0.69119394,0.073073104,0.84201103,0.34226242,1.126523,1.5965749,1.8113253
-0.27256006,-0.3761667,0.34529775,0.75739986,0.5887195,0.005207032,-0.2074104,0.60879445
0.99106777,0.18324886,1.675296,1.8235124,0.58318263,-0.6678006,-0.53262496,0.2907291
1.1713356,-0.10106541,0.49794197,0.6263159,-0.30694515,-0.56889224,-0.06356891,0.7643187
0.05710668,0.5987626,0.22185685,0.5689433,0.32173514,0.47062668,-0.8303314,1.4550539
0.8076462,0.2391807,-0.27299923,-0.13949591,0.47871077,-0.034316465,0.15386485,0.26920897
-0.26644233,0.74005103,0.68052983,0.49786603,-1.0033432,0.76209533,0.6451075,0.32697576
0.1279181,0.55915207,1.5321494,1.3635831,-0.3913545,0.14861992,-0.76139754,0.28326702
1.2627045,1.50549,0.40435994,-0.45247564,-0.56167763,0.9251729,-0.02763095,0.69520646
0.11621495,-0.1492878,0.35286844,0.23598889,0.45449692,-0.3211279,0.57125276,-0.025899678
0.5961377,0.4642532,-0.7056459,-0.017127223,0.931776,0.1880351,0.410103,0.5056791
0.983913,-0.18013747,0.17896378,0.9536261,-0.0917003,0.31186485,-0.40945372,0.12627433
0.9633401,0.04393612,1.2147857,1.1118367,0.033208802,0.025010124,0.9507031,0.40912557
1.3564011,1.0260051,0.15822023,0.90442556,1.0064226,0.35250407,0.31942979,0.41453797
-0.16328192,1.1235583,-0.08233838,0.15354985,0.06721838,0.7657598,-0.65906185,0.509984
0.8567603,0.7174486,0.38296616,0.22820261,0.20220466,-0.22427261,-0.5411568,-0.25780213
-0.32178608,0.7580964,0.27336997,-0.3280119,-0.73178667,0.9071508,0.32635468,1.0764434
0.89951044,0.08507092,-0.019407615,-0.12222891,0.68319756,-0.3081255,0.18447821,0.449592
0.6928723,0.99578357,-0.18488331,-0.23353907,0.50191224,0.23184398,1.5734223,0.75915045
1.0286952,0.83179164,0.42608207,-0.47309777,1.456736,-0.266967,-0.17391865,0.7808989
0.20206371,0.17179443,-0.103456214,0.24799284,-0.72352177,0.4662931,0.67144495,0.3793353
0.6127905,-0.23085763,1.6564711,0.8572104,-0.0048727244,-0.2862613,0.4145265,-0.105736494
-0.08172971,0.46282357,0.21194968,1.639494,-0.26562685,-0.103630796,0.78799504,1.2630804
1.2403326,-0.26308864,0.04319024,-0.22387299,0.9218221,0.2238827,0.9247264,0.49116138
0.7963943,0.25221825,0.35688695,-0.227622,1.3555132,-0.006812535,0.60318595,0.6836143
-0.45924217,0.71907425,0.99876565,-0.05840028,0.092932686,0.981442,-0.3200213,1.0320967
0.8615381,1.0608442,0.94239855,-1.0280144,0.46537334,0.28947225,1.0432013,0.21585794
0.18904608,-0.41251802,-0.093640074,0.8520149,0.25083846,0.7593055,0.78260463,0.001620099
0.5153031,0.14198016,0.83447033,0.4022102,0.30908865,-0.7705609,0.5905651,1.6211711
0.70791495,0.47604167,-0.4358216,1.8109535,-0.3604381,1.1090724,0.26256582,0.02520302
-0.02778811,0.5297837,0.29230243,0.1256835,0.8903334,-0.23549318,0.074001975,0.1591362
-0.092963986,0.632402,-0.22316147,0.6925182,0.10552986,0.75219977,-0.79903907,0.63782716
0.15518054,0.023555562,0.06814809,0.5418052,-0.84123695,0.5835853,0.30171436,0.38431418
0.23695433,0.3442334,-0.33988607,0.64268786,-0.09222974,-0.07604365,0.65288544,0.17642817
-0.99935955,0.93821454,-0.10761733,0.33914548,0.6039124,0.4662073,0.4638738,1.1531854
0.19449651,0.5097693,1.2969667,0.096380465,-0.44066924,1.2228608,-0.009080814,0.514398
0.03990993,0.16129926,0.124632224,1.1538303,-0.0884514,-0.15860152,-0.3107734,0.17499585
0.4003827,0.18291159,1.6829743,0.74892205,-0.6575504,0.037243277,-0.086207606,0.64266914
0.03644687,0.96216446,1.2060045,-0.33362523,-0.24826859,0.7710765,0.23193581,0.45083258
-0.9012855,0.6485079,0.8502914,0.61122954,0.36817974,-0.6558409,-0.055174332,0.61264855
0.5384814,-0.24169938,0.42208695,0.20857722,0.65685195,0.5297258,-0.46204528,0.45017573
0.35093158,1.3121327,-0.5181035,-0.2079109,0.018994883,0.53374636,-0.29631743,0.4359805
0.47417927,-0.2823819,1.914802,0.35587883,-0.2138203,1.1638373,0.1665536,0.56258225
-0.08800718,0.22567211,0.33204946,-0.2116943,-0.28045762,0.29871696,1.0439867,0.63458526
2.1002903,0.40843064,0.50943774,0.9769531,-0.30573893,0.9197611,-0.62804157,-0.03384438
-0.19882157,0.5879967,0.08627413,0.1831817,0.21380612,0.05859364,0.059835233,0.03799677
0.32718405,0.24821974,-0.18063788,-0.2876172,0.8888999,0.618569,0.5057899,0.33800614
-0.17968345,-0.04348831,0.10712545,0.71259004,-0.05980502,-0.13764317,0.25494313,0.51652193
0.6149501,0.64054096,1.7912434,0.5521657,-0.12238978,0.8313622,0.5224042,-0.6386346
-0.6365162,0.35623455,0.49484843,1.0238997,0.30986947,0.030191697,-0.2332796,0.16728128
0.93789023,0.6690972,-0.6672643,1.1753397,-0.8664045,0.16082975,0.5701212,0.26863533
-0.09290569,-0.28302282,1.461445,1.241032,0.387451,-0.16289583,0.23729987,1.9095201
1.3589416,1.1545271,1.7939928,-0.440277,-0.3132853,-0.46482944,1.3142331,-0.13347495
-0.22076812,-0.2879082,0.6157464,0.10820017,0.3750168,-0.24050415,-0.20075282,0.46981895
1.1417181,-0.25248265,0.38570875,-0.19888973,1.8468791,-0.07234183,0.8641452,0.022732556
-0.07986765,0.1310166,0.10785413,0.5349418,-0.9953006,1.0772244,0.71863884,0.7607789
1.5638334,-0.3960765,-0.049864754,1.1355393,0.40679634,0.19729002,-0.014895791,0.4365359
1.2202531,0.2545002,0.60241735,-0.50875574,0.5527188,0.044874527,0.8659602,0.094495885
-0.20349091,-0.07026252,0.3540423,0.66493326,-0.018689618,0.03483455,-0.32473752,0.29621607
0.85194355,0.058772698,-0.29692608,-0.3813868,0.4136299,0.67353904,0.3583105,0.44352442
-0.28715673,0.22828452,0.87077975,1.7201039,0.27495527,-1.063969,0.6436938,0.91047156
-0.022438318,0.15191804,-0.41425765,0.6594611,-0.6751389,0.7529861,0.41025674,0.8825849
0.8353457,-0.30438447,-0.4346897,0.2238217,0.30840498,0.34259,0.17073141,0.241299
-0.060633443,0.49212706,-0.096355334,0.12250912,-0.39391083,0.19940832,0.027097994,0.7516747
-0.2656468,-0.55708456,0.4970463,0.6363666,2.0561802,0.71435744,0.6252609,0.48960304
-0.055203713,-0.17532521,0.12776491,-0.006867461,-0.16122036,0.27709955,0.3064297,0.43642223
-0.10575495,0.012665033,0.033524103,0.5368469,-0.17551376,0.102366224,0.094155274,0.25348383
-0.40564796,0.027563676,1.3508753,1.7920399,-0.13201587,0.40945166,-0.3514133,0.4355805
1.0620366,-0.152546,-0.3345089,1.2458404,0.50787705,0.9460533,0.009963047,0.9334268
0.13624334,0.50470495,-0.076471075,-0.02415175,-1.2169538,0.7894321,0.8007104,0.82746005
0.38747406,0.66417426,-0.42101353,0.7186319,0.38867736,-0.5333727,0.388427,0.37482187
0.37677932,0.12101866,0.34066647,1.363575,-0.56019706,0.6740165,0.03450381,-0.14796436
0.7762873,-0.046602234,-0.47828496,0.48423252,-0.04196091,0.1368099,-0.008924911,0.1729297
1.4680549,-0.22407164,1.3096324,0.9772745,0.82105964,1.3451805,0.16253944,0.15193626
1.1778427,-0.08169736,-0.47520614,-0.013501048,0.379085,0.20058867,0.305016,0.08037799
-0.09356586,-0.25362092,0.059192047,0.27511144,0.8837011,0.3346256,-0.5826131,1.0059026
0.37588805,0.46916038,-0.3697582,0.18421188,0.39825636,-0.17838484,0.73330575,0.08527015
0.5106049,0.07074197,-0.16624121,0.3015133,-0.26809883,0.6823045,0.02372679,0.5758876
-0.5465833,1.3418888,0.30163357,-0.1301322,0.26234937,0.9696298,-0.27182478,0.5678537
0.28960034,0.27354413,0.35804728,0.534849,1.2843785,-0.174274,1.8035678,-0.43129313
0.6511279,-0.40133667,0.91361564,2.2708225,0.96791035,0.3297559,-0.3064391,0.8644439
0.8086107,0.045887217,-0.21314134,-0.130936,0.070411906,0.35237575,0.30078745,0.4351015
0.21529749,0.63404,-0.37600875,0.21858591,1.4041191,0.32662493,-0.32062346,1.290898
-0.24266464,0.11485763,0.60857517,0.34263852,-0.7540521,0.7639668,-0.094550684,1.368745
0.46556124,1.1543949,0.058679156,1.8947921,0.6544315,1.135464,-0.99432755,0.5500024
0.09147521,-0.24185927,0.3524967,0.7967493,-0.058708265,-0.0810312,0.5685645,0.497454
0.108734004,0.58903295,1.6486639,-0.2168226,-0.58060753,0.08725318,1.5594729,0.72743887
-0.32188305,0.3517524,0.48153526,1.8655801,0.5733316,0.10151076,-0.10373697,-0.030424535
0.41689536,-0.020354643,1.7044777,0.94606155,-0.02968429,-1.4532133,0.67052835,0.8751045
0.94470316,-0.081868365,0.3129769,1.7271208,-0.37080938,0.20212911,-0.5967972,0.18153016
0.27679843,-0.32875258,2.2424324,1.4656168,0.18012519,0.33143213,-0.7475383,0.8820209
0.58114105,-0.37420368,0.6669824,1.4091063,-0.6593614,-0.08230165,-0.35265288,0.44204456
1.2297431,-0.24182,0.3703258,0.57775193,0.6227504,0.57962006,-0.71591353,0.8548972
-0.8963308,1.0599192,1.0147933,0.34585133,0.8214974,0.26194212,0.1337418,0.36119246
-0.5534685,-0.31438595,1.4915489,0.71345985,1.0014076,-0.23768198,-0.25370276,1.0474515
0.42412978,0.734554,0.51393867,-0.8004101,1.578203,0.7872462,0.66871786,0.45342577
1.3977832,0.35038346,-0.1450076,1.1932113,-0.91411,0.9522864,0.85860586,-0.3504228
1.0122365,1.2213858,0.7101761,-0.8431621,1.405504,0.8305751,-0.23333439,0.6434148
-0.21193433,0.5601377,-0.029205188,-0.0063303337,-0.56227726,0.6294334,-0.071308486,0.6799638
-0.12372296,0.2785231,1.0078155,1.0686857,1.329911,-1.3483118,1.5585785,1.0749164
-0.07312586,0.41301954,0.49476182,0.53879684,1.874079,0.10136367,-0.15840022,0.80750966
0.8061182,0.019295856,0.12213208,0.28898972,-0.14056818,-0.226049,-0.27201036,0.85347164
0.21138221,-0.2623908,-0.004951358,0.31392685,1.0695412,-0.46442878,0.80128604,0.9993258
0.021354796,-0.40017265,0.14871901,0.3751408,0.21646544,0.030891865,-0.15431844,0.6277089
0.6332317,-0.13335063,0.39470512,-0.003764011,-0.28098875,0.08884221,-0.14633454,0.24835484
-0.5575693,0.42043197,0.39702737,0.34353808,0.15012558,0.8370591,-0.807723,0.65797096
0.56909615,0.64915466,0.46022952,-0.24247497,0.13055636,0.7581949,0.12422674,0.054616705
0.24810743,1.0175555,-0.09203333,0.13445841,-0.23394696,0.15472892,0.63042295,-0.33488274
0.4081313,0.3681451,0.28672487,-0.10079805,1.3757924,-0.35497287,-0.0016688234,0.9044592
1.0785443,1.7853745,1.3096904,0.06924256,-1.8669493,1.3289579,0.26757768,0.7075932
0.38418266,-0.18277161,-0.052559078,-0.45872012,0.64966357,0.09094853,-0.099277616,0.5740829
1.1777776,0.57391804,0.19312572,0.5124231,1.469702,-0.73194456,0.976109,1.4076622
-0.758681,0.7424203,1.8333753,0.7565614,0.55842316,0.0033857226,0.0029088543,0.7422393
1.331571,-0.34054458,-0.5523744,0.26489845,0.2734514,0.9124602,-0.02681298,0.34892336
0.1867361,0.07183857,0.13649035,1.1596415,0.0038484782,0.10545829,-0.76222044,0.5429431
-0.042891294,0.45592034,0.17373294,-0.2026341,-0.020114139,0.041681882,0.22768293,0.05051592
0.30992588,0.053882763,0.66996324,-0.26775792,-0.17741667,0.032054417,0.3645545,0.1259661
0.22556815,0.44248152,-0.113297,0.67474705,0.18196712,-0.17978162,0.20916477,0.09468916
0.13632426,0.2774201,-0.3357113,0.18129884,0.67406744,0.222268,1.2322427,0.10812685
0.2246696,0.03728795,0.016025983,-0.3417203,0.47769547,0.13293639,-0.03571123,0.34408897
1.3751402,0.7352122,0.38179475,0.022250272,0.8299498,1.1257435,0.51815027,-0.424738
-0.14462906,-0.2710775,0.36040682,0.5117486,-0.17489006,0.50144625,0.16364971,0.098263964
0.2307738,1.4956731,0.88330907,1.2312096,-0.46809888,-0.79829067,1.5937598,1.7272874
0.68777144,0.23968633,-0.11947344,0.4660879,-0.17602779,-0.5194794,0.5900219,0.3128354
0.1858736,0.7081608,-0.39640749,0.36075562,-0.2697721,0.070448875,0.37774193,0.3993151
-0.015081864,-0.03190784,0.111070715,-0.30796894,-0.05347991,0.08394558,0.14824401,0.6932507
0.23852894,0.17541753,-0.30428743,1.0910571,-0.35329324,0.06725943,0.1768447,0.17769323
0.53751796,-0.44908702,0.5664308,1.0676099,-0.28053856,-0.5711497,-0.24325006,0.38362277
0.06265561,-0.094567105,0.024067461,0.82649726,0.007983543,-0.2353456,-0.03618738,0.49103415
1.3484247,-0.3751539,0.3322448,0.89130026,-0.4135,0.43643877,-0.17043771,0.055317894
-0.37572658,0.046495184,0.31546724,0.95578194,0.59966326,-0.41154832,0.47607854,0.895398
0.1782366,0.20700443,-0.043013737,-0.021463126,-0.22396623,0.22226785,-0.1612384,0.348162
-0.5252658,0.025532141,0.5082329,0.6156483,0.7448579,-0.034016192,-0.29670715,0.4076408
-0.17190012,0.61561924,0.36265787,0.5465281,-0.24128051,0.35516864,0.33167085,-0.13166004
-0.08352678,0.42414188,0.6517917,0.032933228,-0.0010997206,0.3936634,-0.4708099,0.82110786
0.29742438,0.7185812,-0.021531373,-0.34058836,0.34585193,-0.28150252,0.07674082,0.11246099
-0.7077438,-0.036950424,1.2782015,0.79592484,1.2316555,1.4285488,0.0955181,0.602906
1.6195964,1.241161,1.1230636,0.71347153,-0.5354845,0.3532393,-1.0968701,-0.30572307
0.5986588,1.3232216,-0.2479568,-0.89051753,1.0120636,0.622046,-0.20471583,0.80461586
1.0941056,0.60571265,0.20807245,-0.36857614,0.06534417,0.27360618,-0.1163162,-0.01901728
-0.01888454,-0.3942992,0.71170956,1.0372767,0.28735095,-0.1559946,-0.47250944,0.44427183
0.2817542,0.011284307,-0.07428135,0.43337873,-0.8662433,0.65072477,0.64342934,0.51457024
0.28721806,1.2238839,1.0733625,-0.85573584,0.3004127,0.78742254,0.030480197,0.6146014
-0.12671202,-0.12113152,0.16796881,0.5688609,-0.38127625,0.59964603,0.537124,0.10015064
1.3788818,0.071360394,0.24731456,-0.32483467,0.21115918,-0.054786414,0.45656767,1.2782621
0.21836671,0.4104703,-0.26036197,0.024879176,0.298146,-0.30749026,0.24471167,0.4466828
-0.5432758,0.4517823,0.5180073,0.3590087,-0.13409172,0.51708394,-0.41774482,0.43291938
-0.0982249,0.61885315,0.6066206,0.6795853,-0.3481338,0.18475059,0.12897924,1.6180257
0.09953487,-0.19166993,0.0751445,0.11239494,-0.21502377,0.018830225,-0.15374835,0.42798066
0.9602873,1.1944724,-1.0325737,0.6801681,0.7983295,0.56505126,0.06424267,0.5624202
-0.4085758,-0.2638203,0.8911691,0.76515204,0.15170343,-0.19327998,-0.2360927,0.38457376
-0.49254248,0.67667603,1.2093178,0.37452617,1.0902164,-0.5203516,-0.15857328,0.26523936
0.6410239,1.3425328,0.21394339,-0.45015332,1.0570196,0.70401895,0.5190876,0.40405685
0.6862036,-0.9366558,0.37939656,0.5763697,0.39125133,0.58505386,0.2430389,-0.10904741
0.2407878,1.6570863,0.22216757,-0.8696781,0.9122023,0.047435977,1.0223857,0.66883236
0.8188818,-0.35107517,0.60232663,0.047062255,0.7116925,0.74637115,-0.2554043,0.8785665
0.060097277,-0.08570902,0.27009156,0.068313085,-0.6381062,0.36572233,0.88377863,1.517945
-0.2092812,-0.13794532,0.03841605,0.5141288,0.5776454,0.29195005,0.47696683,0.39916086
0.7421531,-0.38905048,0.6165222,-0.2515803,0.8907721,0.7187412,0.6800778,-0.03188026
0.13128123,0.24359532,0.11639791,0.44822687,0.7607495,1.1587781,0.28851572,0.06312539
-0.20545849,1.304181,0.069447726,0.4142747,0.4926439,0.31029928,0.44531977,-0.37200147
-0.077722795,0.6610121,0.17219004,0.8741985,0.11794095,-0.76383257,0.83221614,-0.07372144
-0.23438463,0.8930177,0.8543981,1.2766143,1.9933394,-0.019449607,-0.22131938,1.1740986
0.21494943,0.5732909,-0.08201055,0.8734475,-0.42998314,0.90782255,0.79092044,-0.14290026
0.85766965,1.1756656,0.46826333,0.50029457,0.24581046,0.36261702,-0.4254419,-0.27763867
-0.5728872,-0.20683987,0.78914285,0.2919322,0.37528098,-0.024311364,0.017345747,1.5438613
0.60671407,0.6478506,0.17466281,0.8904311,0.41908902,-0.6172544,-0.10197242,0.902502
0.6644064,0.8816741,-0.36059868,0.052336507,0.18624179,0.9397686,-0.20869072,0.80053234
0.48848817,0.54687726,0.12661609,0.23993781,0.1339676,0.61011094,-0.53445375,-0.018077776
1.122303,0.43956763,0.3011666,0.30840194,-0.19607078,0.34450406,-0.52908,-0.26139462
-0.047864996,0.7061243,0.3644609,0.38660714,1.1646823,-0.445063,0.01734743,0.3228882
0.16377011,0.3852738,-0.3836999,0.12677327,0.33383447,0.064075,0.6736254,0.86883485
0.19591767,0.10763781,0.7371868,-0.2054981,-0.04552482,-0.54577184,0.2783136,0.14378579
0.18085966,1.2014306,-0.25840998,0.5661796,0.6235528,1.3516337,-0.3520848,0.8445332
1.4307493,1.7684504,1.1030982,-0.07250325,1.6557572,-0.12861401,-0.35196218,0.08644049
0.47262123,0.19329904,0.5120637,1.6473987,0.37189883,-0.56769836,-0.38363424,0.65730083
1.1195594,0.21939074,0.5095053,-0.7997518,0.8364842,0.960509,1.0150551,0.41468897
-0.5618963,0.28408712,1.4415649,0.55955195,-0.8525125,-0.05705893,0.7145451,1.7267287
-0.11837559,-0.4389351,0.50344574,0.5156266,0.24270645,0.2756971,0.1132796,0.071281075
-0.2768024,-0.012264594,0.005738184,0.4353248,-0.46572745,0.74583626,0.25649193,1.0694113
0.80689085,0.5715928,0.21434636,0.39612475,0.34842318,-1.1099465,1.1372083,0.21027091
-0.36494586,-0.0078048557,0.70202136,-0.18859115,0.30619174,0.18329889,-0.413609,0.43307373
1.2596853,0.724867,-0.7242523,1.2899494,-0.46001613,-0.45731527,1.0989845,0.5324754
1.4486237,-0.21286239,1.5277226,1.0429837,-0.8253589,-0.05055508,0.6019855,-0.24524269
0.13353309,0.17774683,0.8321893,0.21264517,-0.4087395,-0.039583266,-0.19519891,0.100994974
0.8025715,0.9115969,0.4570337,-0.4781125,1.1481738,-0.1613467,-0.40269998,0.16354379
-0.090856455,0.40691203,-0.30486947,0.95802534,-0.6161573,0.47333905,0.2973035,0.3326391
-0.4233286,1.226273,2.0595102,0.28328475,-1.3028711,0.7543357,0.5186676,1.290816
-0.5714256,1.0148236,1.0041183,0.30132997,-0.42725378,-0.039650843,0.32609963,0.27522486
0.29216373,-0.22051981,-0.07575075,0.031538364,-0.5247844,0.4843292,0.32002,0.61643326
-0.24373737,0.24459891,0.96231186,0.66043407,-0.18567412,1.4391398,0.4452832,0.23969054
-0.064415805,-0.09079112,0.8303282,0.13822803,-0.47996515,0.6439181,0.30182415,0.59104884
1.0180196,1.2164661,0.45649195,1.0564203,-0.8833434,0.60116434,-0.3994426,0.1788252
0.07629469,-0.3963698,0.41403085,0.8342313,0.7988823,0.6150024,-0.67730623,1.0167384
-0.07099097,-0.45364428,0.49888688,0.5436121,0.35938913,-0.28450876,0.15920743,1.1393536
0.60368484,0.88824683,0.19193,-0.7692861,0.56635356,0.2531992,-0.2385821,0.42157975
0.62805265,0.10537796,1.0115322,0.8547972,0.87264645,-0.39831603,-0.66954494,0.898033
0.5758783,0.2576924,0.33991653,0.21056116,-0.18338256,-0.59776735,1.1297578,0.13792422
0.28719938,-0.2549132,0.12166563,0.6223423,-0.63872874,0.43882173,0.14005855,0.47253418
0.1242593,0.17472236,-0.11031936,0.16922462,0.009962231,-0.13206582,0.038606543,0.6555436
0.7094437,1.3346368,0.93658054,0.34226045,-1.3868152,0.24097031,0.0061756433,0.25619906
1.090858,0.58624697,-0.077673525,-0.21504289,0.86369896,0.005573049,0.240359,0.011692278
0.29548538,-0.12184776,0.1450207,0.7890137,-0.015480027,-0.2016227,0.58113515,0.4512414
0.11924305,-0.49053448,-0.12955983,0.23055258,0.015584387,0.4919815,-0.098245546,0.6623716
0.724011,-0.23425402,-0.5993114,0.15285426,-0.043981776,0.3628697,1.0100107,0.6307973
1.5356435,0.731153,1.0330377,0.23162228,-0.88043183,1.1016054,-0.23526867,0.35590774
0.7123397,1.5770484,-0.36370176,0.06536511,1.2863549,-0.4227355,1.0295185,0.12177994
0.855362,-0.5895889,0.5658497,0.8099271,0.11640383,-0.1944296,0.48078102,0.08012316
-0.27920517,0.2335581,0.02505058,0.21136427,0.11715171,0.34214202,0.16961084,0.15591797
0.84834236,-0.1253065,0.362432,0.4264214,-0.25370467,0.005255908,0.39468738,-0.3407375
-0.35721493,0.8576521,0.88626015,1.1814624,-0.49580204,1.1378039,0.2755115,0.5165174
0.35998106,0.24479951,-0.48056233,0.12956937,0.14823604,0.3142424,-0.24958298,0.45181894
0.08389289,-0.38275564,0.5839984,0.43265942,0.16360813,-0.1812931,-0.20724721,0.078018226
0.9836426,0.4301681,-0.18084206,0.16936934,-0.6505116,0.1978924,0.32753706,0.20860311
0.74217224,0.6323119,1.2803308,0.4753956,-1.4737903,0.52061814,0.18311553,1.3876714
1.5470735,0.16765963,0.3271116,0.77032715,1.2683046,0.25860423,-0.14790033,-0.25832844
0.2909827,0.20022736,0.16789739,-0.10442085,-0.8499321,0.28306592,1.4423381,1.7823757
0.63887364,1.3446156,0.21688166,0.60087985,0.7083891,-0.1289222,-1.1916986,0.9668765
0.4110233,0.43658805,0.026875764,0.11997762,1.7299799,-0.3434175,0.0618568,1.4991755
1.1179008,-0.32031554,0.9231034,-0.24045917,0.40472925,1.26415,0.39864326,0.5992924
-0.5958435,-0.018848553,0.7490699,0.5279283,0.18001541,-0.384107,-0.24906485,0.65102726
0.5452221,1.374617,2.3511364,-0.10090674,0.90913314,0.19891423,-0.2722551,0.25509298
0.6134259,0.94916797,0.33489904,-0.06723846,-0.08583848,0.3609907,-0.43282175,-0.13079643
0.3974641,0.7195186,0.68326634,-0.3963615,-0.1727164,-0.52134436,0.48374996,0.050290942
0.17514247,0.53563505,-0.37054545,-0.25974187,0.14297408,-0.07923798,0.38058466,0.49713793
-0.44514054,0.74147344,0.5676986,0.08281458,-0.31547683,-0.24378878,0.5645229,0.22464022
0.050937124,1.5801934,1.7781907,-0.7479856,0.7613955,0.30686846,-0.19497295,0.36266628
-0.3886111,0.90047234,0.09010565,1.1208082,-0.18124793,0.82510805,0.31616893,0.21067664
-0.16677788,1.6199985,0.030885741,-0.115589134,-0.4571336,0.050216913,1.4057142,0.41096008
-0.39814165,0.7491046,0.11145395,0.7096315,0.8006839,-0.14669684,1.1987921,-0.13733357
1.132079,2.4076302,1.5801855,1.9017941,-0.01476638,0.048609197,-1.3166263,0.94932437
-0.34885988,0.06381731,0.6643952,1.3565891,0.74250984,-0.74015355,-0.098651595,0.9684305
0.17564702,0.82726073,0.64385784,-0.088914,-0.9923987,0.45618594,0.09344579,0.44644457
0.2393204,0.45498967,-0.08316703,0.6157267,-0.69555324,0.23431075,0.9399573,0.6227685
0.31389192,-0.13924898,0.10043746,0.75945204,0.061617702,0.2574268,-0.25627688,0.27727866
0.37189096,0.07714017,0.20983997,0.28011876,-0.60132456,-0.06252809,-0.309651,0.7329833
0.49780384,-0.030810729,-0.10759327,0.23512948,1.9486701,0.032967366,1.2618755,0.4708713
0.4053643,0.060825273,0.5046437,0.73486406,0.14401351,1.0740288,1.8288275,-0.48256058
-0.41721508,-0.36768496,1.1706786,0.73534214,1.1929016,-0.23419571,0.6990214,0.5300149
0.60900044,-0.3971786,0.070804596,-0.014546752,0.5871462,0.17728294,1.0994613,0.5440633
0.20184067,0.13144194,0.17533427,1.271158,-0.077056274,0.17235437,-0.2935553,-0.0024915636
0.4592764,-0.14672394,0.8569174,-0.02095157,0.53440815,-1.0119909,0.5976936,1.0543069
-0.069979176,0.7500668,0.32924813,-0.57478106,-0.39839768,0.61559105,0.38393822,0.7660546
-0.25808546,-0.25687128,0.56697243,1.0062894,0.16677348,-0.043853536,-0.33070305,0.43603492
-0.21989477,1.5387666,-0.5074507,1.8928726,-0.10842447,0.6533482,0.52469206,-0.20650029
0.16190675,0.7935877,-0.11117853,0.88935477,1.0384625,0.7473195,-1.055414,0.9257587
-0.87390256,0.12852035,1.7856978,1.1726992,0.60403687,-0.25228423,0.84884685,1.727929
1.4421824,0.73902905,-0.078827575,-0.0725471,-0.031440303,1.6462115,0.47604027,0.8989405
0.7348877,-0.78312933,1.9461597,0.4462065,0.6118844,1.3998172,0.55933887,-0.094548926
-0.0029768646,0.33042115,0.41215152,0.6171065,-0.29240072,-0.045785412,-0.32390907,-0.03273128
0.83545655,1.0770872,-0.07189937,0.5137716,-1.3162211,0.56316006,0.40071663,0.589475
0.06773014,0.16558267,0.51626444,0.3273086,0.44066548,-0.5959523,-0.11243298,0.5657748
0.3517462,-0.0057577044,-0.3467945,1.0313225,-0.6375919,0.2848675,0.08059969,0.38983822
0.72173727,-0.32544816,0.25238398,0.027003057,1.2070271,-0.41887045,1.032497,0.10739893
-0.59810275,0.9040367,1.2261013,0.17400342,-0.11078803,0.066253595,-0.6233224,0.60897076
-1.0840452,1.4873979,1.0697339,0.81926614,-0.83026814,0.3797707,1.2613268,0.9052984
0.3781676,0.12632276,-0.21510063,-0.45390204,0.55146235,0.10451919,0.6035992,0.57183075
-0.72016114,1.3215765,0.87987006,0.5613222,1.0186682,1.3122432,1.2193936,0.12873076
0.89169997,0.88087505,1.4968084,-0.23103702,1.7178764,-0.10777439,0.21505292,0.7334026
0.9994355,-0.16972841,-0.5532344,1.0251299,-0.6231315,0.6014417,0.17740025,0.4113902
0.30918404,0.24422829,0.6153372,0.36921188,0.46258098,-1.0295882,0.07667585,0.7870685
0.27483153,-0.16573597,-0.076637566,0.6431881,0.5446652,-0.09635337,0.93375003,0.012652069
-0.036878996,0.23929767,0.11328368,-0.0120898485,0.006741762,0.19566405,-0.020161008,0.06264531
0.15221572,0.28699964,1.4596026,1.011949,-0.7625403,-0.38828072,0.7806773,0.07933524
0.54726297,0.55059826,-0.6618039,-0.3341684,0.64144236,-0.22325742,0.49211305,0.677821
-0.07350977,1.3514912,1.3081576,-0.60961485,-0.12478556,0.8139248,-0.11864754,0.23059657
0.3951814,1.65949,0.036722377,-0.71176046,0.6150051,-0.23798871,0.33428794,0.3197437
1.1433233,0.14809047,-0.029705957,0.10145319,-0.26103753,0.3025859,0.23619977,0.0098336935
0.4359634,1.4053938,0.2852673,0.12672757,0.11396499,-0.15321875,-0.26429194,1.4547957
0.35377705,0.64788854,1.2952365,-0.7742281,0.8765621,0.35647804,0.7193866,0.04525458
0.71322095,0.058120534,0.10530535,0.68858385,0.19871087,0.42856112,-0.6897624,0.21645086
0.43742386,0.787723,-0.290991,1.3336761,0.25237244,-0.14370503,0.071176924,0.39591315
0.55893993,0.6142442,0.6371573,0.5167587,-0.47503704,0.2710514,-0.50029206,0.3724637
1.015826,1.3914791,0.6195705,-0.60959715,0.72296715,0.79523975,1.3026396,-0.03230092
1.1550194,1.4086254,0.20173492,0.03612245,-1.2932503,-0.503174,0.2827314,0.9560042
0.046772964,0.91964394,-0.46819437,0.93225455,0.41990006,-0.21453762,0.7372187,0.113967836
0.05773001,0.45174414,2.0564563,1.1116002,0.44760287,-0.9044031,-0.17716476,1.2926228
0.93639284,1.8711243,-0.15888466,0.09191143,0.4681064,1.3122914,0.3439246,-0.003560841
-0.452634,0.25300932,0.2957675,0.43258506,0.47445893,0.81518894,0.19247565,0.6272358
0.04574532,0.78093046,-0.39935184,0.05003772,1.2858645,0.24032131,0.22046812,0.9740919
-0.11141475,-0.110468924,0.30734336,0.20310718,0.12275823,-0.12731192,-0.15160863,0.20941213
0.10000525,0.33569306,0.11020935,-0.2363047,0.1847622,0.020780623,-0.13259852,0.09112425
0.90423876,1.0968947,0.2687354,1.2845789,-0.31227648,-0.023747474,0.370787,-0.2680754
0.30839863,0.59642583,0.75945973,0.22290057,-0.7122914,-0.20605299,0.5821793,0.37634632
1.732175,-0.33056086,0.82070667,1.9386507,0.8793028,0.78537345,-0.08597934,-0.4332772
0.1289241,0.3503105,0.44506478,-0.07700511,0.18030982,-0.11773923,-0.30029765,-0.06630543
0.2569569,0.34238833,0.20115243,0.0389914,1.0786028,-0.5611703,0.011481022,0.88767934
0.033961326,0.19187024,0.26600248,1.2824174,-0.12906004,0.24889264,0.018259263,-0.1802338
0.5626132,-0.29396212,-0.49401528,0.45241693,0.17837517,0.7017887,-0.011368165,0.60965323
-0.49517992,0.5027677,0.22895966,0.18705972,0.75292224,-0.12637995,-0.010982754,0.79470843
0.8201886,1.007388,0.13199799,0.10107382,0.28184396,0.08150448,-0.891566,0.15695801
1.6381077,0.88631785,0.9746552,0.14392552,-0.479452,-0.42706764,-0.32971528,0.8321676
0.18468907,-0.5880883,0.18008868,1.0136306,0.3409077,0.6416292,-0.23262388,0.43047547
0.9389152,0.9715873,0.9245703,0.17001209,1.2687688,0.59698284,-1.2959151,0.48529026
-0.1974625,0.6295353,0.2560238,0.6827795,0.27533513,-0.49371094,0.4552743,1.0902178
1.0773109,0.61094725,0.9929578,0.078920335,-0.66808254,-0.19584566,-0.43699145,0.26421928
1.4843724,0.15575878,-0.13698186,-0.12420053,0.7545725,0.33353654,-0.11553448,-6.701052e-05
0.49196234,-0.09970026,-0.3570578,0.16436735,0.07289699,0.28204203,-0.29421297,0.36164325
0.053786226,0.7033098,-0.17658468,-0.14120606,0.13481139,-0.39030012,0.46789098,0.46473506
-0.4535234,0.6247223,0.95080674,-0.1636729,0.970905,0.020539783,-0.44999254,0.49703366
1.8080738,0.004150197,1.2808386,0.80167264,-0.002015695,-0.68681,0.16495733,0.20495605
0.05722978,1.1199354,0.8673797,0.8872283,0.33940363,0.105997086,-1.1680002,0.8506171
0.23638868,0.84850204,-0.24672593,0.19400778,0.6511374,-0.46965057,0.30564576,0.8170722
-0.0035805926,0.1599194,0.92140263,0.8620749,-0.7104544,0.78659564,0.6150667,0.54082704
0.88801634,-0.12434824,0.7601531,0.93338656,0.97496426,0.24429104,-0.30375215,0.06254931
-0.172849,-0.40021467,0.12060133,0.73471653,-0.23707359,0.72097236,-0.22688623,0.6622517
0.45032582,0.06572749,-0.03640677,0.122436464,-0.03940715,-0.18917248,0.37657174,0.385685
0.21893975,0.6298403,-0.0092558265,-0.16052201,-0.13194202,-0.41386986,0.411864,0.90557015
0.4811225,0.13389836,1.3012929,0.8335272,-0.08768754,-1.0694237,0.46535698,1.1045997
0.7173057,0.71703064,0.51245964,2.475145,0.6633604,-0.3490622,0.60762715,-0.5939064
-0.08146166,0.022003487,0.56302506,0.1519208,0.4829697,-0.67066664,0.5431466,0.15164621
0.35143057,1.2429702,0.19567502,-0.093533166,-0.28458816,-0.051060483,-0.22501224,-0.16953182
-0.45290056,1.6773831,1.8132762,1.5129033,1.0390353,0.6257886,0.6096309,-0.33976176
-0.29008725,-0.421068,0.40395182,0.85212487,0.11246776,0.4305083,-0.13791424,0.37370747
0.18859673,0.16169016,0.6859898,1.8675172,0.6731862,-0.49761206,-0.17035976,0.7084821
1.8890992,-0.092688695,3.0,-0.047746576,-0.88711005,0.5357554,0.32424402,1.1867051
0.8343001,0.39250398,0.2761383,-0.09971533,-0.16158454,-0.40005195,0.86412853,0.3847459
0.40058818,0.22717403,-0.4367813,0.010060422,0.4116224,0.09882485,0.10296889,0.30839124
-0.56795096,-0.109285876,0.56990176,1.1472714,0.41233295,0.08661169,-0.17414807,0.34971514
0.2398817,-0.13350047,-0.050354555,-0.26891616,0.37430865,0.13007566,-0.06562691,0.44639635
0.675701,0.49717116,-0.5282954,1.217372,0.55871814,0.46362564,0.31446365,0.12587902
0.1337012,0.3579483,1.2483802,0.4625894,0.05772449,0.7821312,-0.45667824,1.0420847
0.5762384,1.5982732,-0.8834795,-0.16066983,1.0944865,0.56564295,0.15118092,1.1783805
1.3297368,0.3218047,0.08531113,0.9624744,-0.7803461,-0.05167979,-0.45211735,1.0909402
1.0796858,-0.5870627,0.055943906,-0.1427609,1.3502493,0.60623205,0.82820135,0.046861857
-0.17027175,0.16606478,0.3997748,1.1188323,0.25640258,-0.58644474,0.318618,0.15826257
-0.75924814,0.52213067,1.1956816,0.95281726,-0.031697676,-0.059761062,1.7556639,0.09797439
0.71092993,0.9307828,1.2543973,0.55813116,0.9774132,0.9721657,1.4189161,-1.3077984
-0.039198667,-0.13076647,0.3970737,-0.029893078,-0.47996634,0.7811631,0.68611634,0.59913075
0.48291293,0.6407323,0.11537601,-0.5968179,0.37019253,-0.21079782,0.41991946,0.34626973
0.7951586,0.024994805,0.001964137,-0.4455745,0.55056006,0.110482715,0.33335835,0.54842514
0.5283703,0.31639385,1.3469292,-0.06284929,0.2472787,1.0219868,0.41188657,-0.6101394
-0.16880313,0.5451895,0.49481076,0.6127772,0.73549384,0.8729408,-0.15394728,-0.06819713
0.5543396,1.2235324,-0.26317447,0.38622758,0.85126364,0.15968305,-0.88304687,0.98543346
-0.5287688,0.056940183,0.25993317,0.51132363,1.0741053,-0.009251997,0.26878372,0.8645451
-0.42744955,0.40726805,1.9598914,0.19655126,0.39138818,0.7036974,0.9227035,0.16826531
0.28432623,0.18792753,0.11549467,-0.2085011,0.16153379,-0.1380331,0.19565193,0.13225028
0.2319321,-0.9954897,0.44911718,1.0976264,0.64182,1.2474226,0.74377114,0.18923888
0.31915835,0.18305339,0.019696325,-0.27309445,0.03579296,0.9464969,0.941613,1.3013148
1.1191214,0.9220606,-0.08166726,1.4244614,0.040659323,0.123996586,2.037758,0.6015737
0.5959701,2.3636124,-1.1982582,0.34924462,0.8277126,-0.23857796,0.9886315,1.4388125
0.24834725,-0.541818,0.334727,-0.27758357,0.7308812,0.14362824,0.005468099,0.5559455
0.8824319,0.29737025,-0.06830168,1.5127013,-0.89655894,-0.18213648,-0.008965591,0.2861051
0.46084365,0.63128,-0.20842697,0.287241,1.0166215,-0.41138136,1.1098374,1.3511022
0.234808,0.22319852,-0.07227789,0.13994229,-0.47586054,-0.04863438,0.48342994,0.45660216
0.3561354,0.7446119,-0.20534773,0.048119962,0.59610325,0.6978186,-0.92124134,0.87804997
-0.05830629,-0.29265314,0.8044763,0.7995339,0.6137286,0.7516354,-0.55599904,0.2875498
-0.24274436,-0.19250412,0.56726545,0.8705599,-0.0045495033,0.09671344,0.46297744,0.2847113
0.4145552,1.3060663,-0.30247664,0.811335,0.6982183,-0.2151781,-0.43535218,0.95855904
0.060290344,0.6134798,-0.15156822,-0.4902102,-0.39876813,0.6993851,-0.06828838,0.7061124
-0.033642985,0.8961468,-0.42402285,0.73263544,-0.10920639,-0.22192496,1.1171571,0.24521223
0.83025604,-0.13403381,1.3853685,-0.46713457,0.81390613,0.6966319,0.9544962,0.47963864
1.8969165,-0.744695,0.9034624,1.2776403,0.3615483,0.16561434,0.24545072,0.79473937
0.7220529,0.28930622,1.3030277,1.013475,0.0892079,-0.57006437,-0.015950957,0.60876584
1.2346213,0.042963788,1.1788479,0.27060404,-1.5931829,0.6546088,1.1849957,1.2827147
0.38441092,-0.48423594,-0.25571322,-0.020118736,0.7471804,0.40071023,0.8471101,0.32294166
-0.61892694,0.10641004,0.8678764,0.6811779,0.92265385,0.07250304,0.05687862,0.39242142
0.4933416,-0.3419122,0.29292202,0.24679664,0.8402666,0.21995156,-0.10689326,0.050534233
0.25566146,-0.45036763,0.09252918,-0.22255224,0.23952696,0.36994544,0.13588907,0.34791893
0.27789652,-0.26597506,0.86851054,0.9160775,0.34606278,1.2032038,0.57737404,-0.6463872
-0.24764398,1.1245008,-0.26707554,0.012160651,-0.055591807,0.16460395,0.7202808,0.97603035
-0.12106975,0.14148754,0.011961892,0.20306572,-0.27168608,0.20733057,0.08566957,0.3229036
0.12122608,-0.21371344,0.62864304,0.02974923,-0.19970043,-0.025423557,0.6823024,0.10798369
0.6928627,-0.342834,0.90089756,0.34523126,0.26189768,0.1889252,0.68948233,-0.39521313
-0.01875493,0.08426212,0.18537948,-0.40405348,0.03593634,0.41436902,0.46068236,0.6324959
-0.31220362,0.20948263,0.12540624,0.23905328,-0.21530943,0.23358843,0.02044828,0.34178883
0.39956948,0.54746985,-0.23069723,1.4053471,-0.25405037,0.2035462,0.2894215,1.4490576
1.6366645,0.25200564,1.0092567,1.1740639,0.44636238,-1.3587725,2.3030472,0.7054718
-0.25003514,0.15531544,0.30228466,0.62907034,-0.4531319,0.6125753,0.39109236,0.034966104
0.2943164,0.82816666,0.4666133,-0.21841392,0.68463564,-0.17707115,0.17786807,-0.39617288
0.55661184,-0.79463685,0.23458874,0.5937735,-0.06256977,0.15423757,0.43637422,0.29952526
0.38735285,1.1166447,0.34356147,0.64151114,-0.26799023,0.3216448,-0.0043832674,-0.24633032
-0.4136049,0.7244173,1.0479035,-0.057391755,-0.3328982,0.23381428,0.9695924,0.405644
0.29836583,-0.38729304,0.22046798,0.41404077,-0.23734601,0.2156417,-0.0233681,0.14045662
-0.019096982,0.12954126,-0.04289274,0.51670146,-0.6702867,0.27712744,-0.10177678,0.5797256
0.25463825,1.1435261,0.7103007,0.359813,0.6415219,-0.86184597,1.2442607,0.7676288
-0.23025927,0.8973679,1.071682,1.5049757,0.089818016,0.37165064,-1.2245556,0.38979343
1.1546867,-0.3967321,-0.2412964,0.08198183,0.7877225,-0.018846668,0.38303977,0.18436575
-0.20057303,1.5519558,0.04609236,-0.7685085,-0.14409076,0.63850987,-0.13169923,0.854967
-0.17111817,0.7829161,0.5989365,0.6994056,0.07046111,-0.5945456,-0.39258456,0.006411314
0.23750886,2.055359,1.5025989,1.0843251,0.4223985,-0.8121094,-0.17320178,0.7043196
0.5376796,0.6673319,0.17856333,-0.5188097,-0.044631258,-0.5083256,0.47333327,0.6121693
0.45241204,-0.36209077,0.39282173,0.9601905,-0.0862426,0.8961849,0.8584147,-0.4355278
-0.03163714,-0.5815698,0.765288,-0.024493031,0.85487205,0.54338646,-0.10877859,0.36318088
0.82062954,0.96127737,-0.2425708,-0.18064931,0.4083066,-0.052113578,0.416523,-0.17071772
-0.0041405037,0.55954057,-0.39009684,0.36124966,0.2863658,0.013956554,-0.05420261,0.6746975
-0.0071515217,0.8440447,1.3854445,0.65598017,-1.2484281,1.2465985,0.86421657,0.27293408
0.25109038,-0.27778655,-0.017859265,0.12567556,0.3340956,0.45694685,-0.07190016,0.77481204
0.19158116,0.068156764,0.30828077,0.26370713,0.4634968,0.020494409,-0.745028,1.2499527
0.77106684,-0.4778579,0.22939736,0.19359449,0.20849057,0.6615465,0.41570792,-0.017595619
0.08174527,0.32516032,-0.048257634,-0.30970803,0.13569148,0.43125138,0.011262411,0.43748888
-0.569357,0.26959527,0.32644957,0.5586778,0.053564236,0.4340277,-0.8468099,0.65366745
0.002507493,0.1537776,0.03467547,0.0012755245,-0.20365588,0.30851308,-0.14207658,0.19089413
-0.3275154,0.49910152,1.2484459,0.3086392,-0.30404824,-0.042725846,-0.07813997,0.5517128
1.2756406,0.47179073,1.9859649,0.53837544,0.90176344,-1.6459454,1.5911585,0.8177834
0.6323738,0.0048074275,-0.27422982,0.3467621,0.27364546,0.00492613,1.5530055,0.12859711
1.0023308,1.5009574,1.8600303,0.27586725,-0.75430256,0.4485711,2.381448,1.1988873
-0.093881376,0.094304204,0.113561556,0.13188934,-0.17425905,0.07617835,-0.104133815,0.24427257
0.014991827,-0.22273882,0.8794166,0.7976845,0.0057161897,0.29726005,-0.19252111,0.1076877
0.7772116,0.52532625,1.5023617,-0.59134525,0.07915117,0.24635018,-0.24500677,0.35152456
1.1513042,0.3559097,0.48111087,0.81238294,0.049280837,-0.083735585,1.1753551,-0.57337475
0.33356017,0.48139262,0.019518308,0.21562943,1.0379906,0.8955432,0.3435553,0.3381451
0.25962642,-0.62393934,0.17913602,0.37148246,-0.525181,0.505986,-0.19471619,0.7336634
0.38056925,1.3858021,0.23854534,0.6581451,-1.025254,1.0323943,0.25320652,0.3502571
0.3081555,-0.49006832,0.62863344,0.9297526,-0.22008334,0.24661791,0.04712037,0.35590202
-1.0759627,1.2153455,0.92199624,0.80658174,-0.047416285,1.0574803,0.4983532,0.21077913
1.4556695,-0.22723635,0.25929916,3.0,-0.17687337,0.9632528,0.16989967,-0.12996852
-0.3460638,-0.091634974,0.11097111,0.31994817,-0.59314173,0.9555688,-0.12067915,1.1167668
-0.107109375,0.68892354,0.71283036,0.41666433,0.12504838,-1.0568247,1.0082846,0.75699735
0.19518822,0.08084747,0.13047808,-0.3810859,0.8767293,0.06843948,0.56620437,0.22591749
1.2720863,0.19720976,-0.396959,1.3874391,0.49712706,0.6395701,-0.746008,0.5509517
0.9229503,-0.01799436,0.7078279,1.1961439,1.1590667,-0.7990482,0.49210533,0.278834
1.6467344,0.14478336,0.50646657,0.74055415,1.0682307,-0.41635603,0.98539746,0.31028384
0.19999832,-0.26336598,-0.07049738,0.85721517,0.082981944,0.28279227,0.992153,0.0042908937
0.087452,-0.571259,0.10194302,0.60273033,0.55597776,0.8326325,0.66007453,0.29577497
1.278546,0.7951859,1.6203743,-0.24220243,0.36786622,1.4917189,-0.061567634,0.30042565
0.12271797,-0.061032176,0.0014164299,0.87268007,0.2476328,0.1102642,0.84046596,-0.28131038
-0.012935504,-0.28369713,0.24081644,0.5916103,-0.13217475,0.2854166,-0.22709574,0.39309216
1.293769,0.0016801208,0.91618794,1.3326735,-0.09446727,1.4623595,-0.10043322,0.76706654
0.12030433,-0.040452063,0.000707075,0.7507774,-0.6281622,0.38532174,0.3948429,0.3998804
0.8439641,-0.26563042,0.32890165,0.459906,2.0692396,0.9839057,0.06899182,0.6122394
1.2707634,1.0762928,-0.3715186,-0.7167563,0.8201693,0.35250756,0.30202147,0.38483357
0.6080602,-0.83699745,0.8402848,1.3043728,0.024455652,0.5984349,0.111368686,0.11764243
0.80573195,0.9625461,-0.36468822,0.6656794,-0.33430433,-0.35639584,0.17027666,0.76764953
0.8406307,-0.45337313,0.5987563,0.82711494,0.21980406,1.223435,0.16932441,0.15934262
0.9406416,-0.032364085,1.2918504,0.83247584,0.21310087,-0.44443232,-0.31237486,0.5597979
0.29961428,-0.43771136,0.523015,-0.043665558,0.061433002,0.46190953,0.21242636,0.03627587
-0.114522316,0.28190243,-0.10517454,0.4142774,0.94379425,0.31117135,0.36499706,0.13682152
0.84671617,0.1305181,0.3139421,1.560337,-0.3527801,-0.80614793,0.65499353,0.04851547
0.10398351,0.3449524,0.4138226,0.26375297,-0.0052556098,-0.4797244,0.7104174,0.2212963
-0.118988566,0.04971133,0.22518489,-0.03892026,0.39083844,-0.2501649,0.044364695,0.39660415
1.3275751,1.3367236,-0.16843946,-0.38471326,0.27498543,1.0006539,0.8750797,1.004499
0.8896404,0.9063592,-0.32293236,0.05056884,0.6656589,-0.9547076,0.62759113,0.24635243
-0.24528679,0.3575924,-0.2034757,0.2546915,-0.44709677,0.6437567,0.6859008,0.7140156
0.5165466,-0.16250877,0.6575725,0.111590914,0.06487499,0.93135506,1.097303,0.09013502
1.0846021,0.72193134,-0.2344382,-0.10296277,1.2701927,-0.04856418,1.3672682,0.13832782
0.078864366,-1.0029702,1.3851234,1.4079285,1.4611802,1.1877507,0.6150113,-0.04787314
-0.5685423,0.012954071,0.68436456,0.34529534,0.35941255,0.029032208,-0.20828499,0.39563793
0.6126811,0.13514315,0.10531987,0.8345321,-0.20572941,0.4051594,-0.516677,-0.08593519
-0.03479129,0.30496055,0.056460083,0.658775,0.081942946,0.6046164,0.43138406,-0.3183767
0.30837113,0.4131118,0.20938355,1.1838653,-0.12096195,0.38221672,-0.7032078,-0.038150504
-0.5566984,0.6842716,0.86108196,0.771792,-0.4817534,1.0055423,1.1525403,-0.05130154
0.4397532,0.27900302,0.20777032,0.60274225,-0.30319428,0.043783117,-0.42591354,-0.09756623
0.5408568,0.41952938,-0.26805687,0.002342306,-0.046031773,-0.03900227,-0.3158547,0.22643238
-0.14595157,1.4453695,-0.028630301,1.3923368,-0.47292548,0.4301324,-0.054775022,-0.2079221
-0.41796872,1.1622373,1.6129702,0.1913223,-0.34874022,0.2583331,0.6495263,0.39718264
-0.19037747,-0.1352308,0.80061066,0.36352918,0.11425011,1.8425499,-0.018500224,1.6816028
0.73394674,1.3418478,0.8371306,-0.57128835,0.5449607,0.61607444,0.52547926,-0.23419541
0.5019458,1.3396924,0.08300738,-0.16852254,-0.39629573,0.55076957,0.94018734,1.1434004
1.2334759,2.3472643,0.6220438,0.5931554,0.04300399,-0.15337145,-0.5026095,-0.42017376
0.75150365,0.8683371,-0.8788432,0.30478722,0.65332,-0.13581027,1.0555807,0.9891479
-0.17935541,0.060115263,0.54018426,0.07894839,0.9422079,-0.35227633,-0.29564324,0.70508146
0.73672754,-0.2108682,0.54178154,-0.513044,0.3185565,0.028255269,0.1801804,0.64306414
-0.04340726,0.96965027,0.04647395,0.11793993,0.1642764,-0.5398859,0.8246462,0.19651005
0.34864518,0.21713127,-0.097145125,-0.109664924,-0.22321717,-0.40037155,0.47387016,0.8363745
0.5357602,-0.1395862,0.17866129,1.618417,-0.47871864,0.42010805,-0.13734032,0.43201253
0.9786631,0.6934925,-0.074303314,0.08594194,0.45453566,0.8855722,-0.37602,0.25696456
0.42772236,1.15679,-0.44739842,-0.11175243,-0.19757111,-0.5481453,1.2507392,1.0456761
0.5215839,-0.17480576,0.507978,0.32720348,-0.528098,0.23773792,0.24967198,-0.007518947
0.4055236,-0.21964978,0.16440664,0.87494415,-0.24254887,0.12391439,0.42800996,-0.017671868
0.5465824,0.0896088,0.3469438,1.0415002,-0.9101842,0.7920826,0.9571584,0.019553974
-0.055525042,0.45766866,0.51275367,-0.36659792,-0.17239295,-0.2014367,0.16713044,0.20568652
0.47411242,0.3898666,0.0023559034,0.8441364,-0.91026086,-0.09923011,0.80895656,0.6462987
0.57397956,0.6842587,0.29169595,-0.0046327636,-0.32113385,0.6070429,0.7397146,1.0786036
-0.31153387,-0.8099029,0.7230334,0.6653525,1.0527927,1.0383663,0.4543279,0.7249766
0.90418035,-0.52783155,0.24223836,0.18716061,-0.12036355,0.3478018,0.8995046,0.31914997
0.2756793,1.0240551,0.28340286,-0.73080224,0.062971935,-0.26923126,0.40963534,0.43851006
0.0185863,0.04545237,0.0392078,0.58227825,-0.8284841,0.72882855,0.7065356,0.4068515
-0.4547752,0.33362496,0.9744159,1.4407018,0.28648192,-0.91886544,0.5883685,0.44460425
0.60169655,0.84688294,0.40710825,-0.48553416,1.4143268,0.31588998,-0.21064554,0.29215595
0.02443042,-0.7461304,0.04847137,0.312258,-0.040315375,0.56487656,0.15249969,0.9229499
0.36795524,0.57855535,-0.30166912,0.67222065,-0.5013776,0.19056825,1.0521014,0.80572814
1.0194036,-0.3228613,-0.658669,-0.025213651,0.48385292,0.24185368,0.5035601,0.5286522
0.3700162,0.11050232,-0.3533674,-0.05794216,-0.03584224,0.39024317,-0.31538793,0.48559582
0.3967843,-0.41173673,0.60097164,0.29377398,0.09986456,1.1891055,0.38645664,0.25791323
-0.07073279,-0.073822126,0.32531202,-0.18046853,0.72402877,0.18133555,0.43029478,0.08651663
0.017348457,-0.0035561174,-0.05867003,0.4778749,-0.20781125,0.35041285,0.47777966,0.59580946
-0.39223716,0.12704669,1.7976271,0.74368495,2.7179456,0.19496644,-0.47036585,1.6957952
0.32596058,-0.24192429,0.04094276,0.32332608,0.151608,-0.005096793,0.75757164,0.42231333
0.10049438,0.2526276,0.38079605,1.0707681,-0.19952737,0.054579414,-0.25124747,-0.030907303
0.28067434,0.15933691,0.20897356,-0.16264701,0.500857,-0.50985277,0.53748316,0.32255292
-0.9552583,0.44410712,0.77249694,1.3104718,1.7555852,0.57025135,-0.6094826,0.70340693
0.40826964,0.6229943,0.15688102,-0.2813476,0.88835925,-0.30588007,0.620034,0.029796213
0.17573813,0.08762643,0.096595034,0.100247175,-0.20859347,-0.13533998,0.5707511,0.29432297
0.6993312,0.97339284,0.1262875,0.7324682,0.21303679,-0.8154127,-0.6993552,0.67433727
0.20833385,-0.47300196,0.3390286,1.0544895,-0.18903984,0.27006692,0.031394154,0.114491224
1.1478597,0.4821434,-0.45209152,2.1559067,-0.29699618,0.31496507,0.661386,0.1524608
-0.52527744,0.9611541,0.4112507,1.4852037,0.85942525,-0.27210316,0.65608275,-0.18943709
0.32373855,-0.26950908,0.6695155,0.26606038,-0.77144855,0.111526445,0.42510045,0.7831594
1.2391428,-0.34296048,0.5070469,-0.14087701,-0.016705051,-0.13581285,0.42088446,0.21078119
0.12428565,0.12887393,-0.025468916,-0.37321535,-0.050267443,0.10500963,0.25214025,0.4924604
-0.083988875,0.47039163,0.5577352,1.287523,1.9116987,-0.14378045,-0.12992872,0.64474756
0.3457782,-0.2498903,0.09171148,0.37927625,-0.55627185,0.3131239,0.11960867,0.28967083
-0.5860555,-0.38020957,1.3302022,0.98776454,0.9037756,-0.41467977,-0.12955612,0.9790266
-0.014412753,-0.092741564,0.26564714,-0.07057906,-0.18806787,0.25034174,-0.024143422,0.715671
1.4111171,0.88787544,0.9324283,-0.81443125,1.0430766,-0.5359257,1.2616903,0.8498702
1.242894,1.2473024,0.3927909,0.91433173,0.96100336,2.338555,0.23821428,0.825611
-0.19706616,1.8317889,1.0179964,0.21947446,0.85086673,-0.08538921,0.3769059,-0.7169546
-0.0975576,0.3300236,0.6040942,0.066222064,0.692642,1.266516,-0.06040788,0.26703888
0.09725008,0.013322398,0.089043975,0.5443463,0.47949433,-0.32716867,0.053483192,0.62852454
-0.22159389,0.55942726,0.41305864,0.30660534,1.2611599,0.5654127,-0.7919039,0.539603
0.11059488,0.24548887,-0.17415558,0.14326732,0.051698238,0.17821369,-0.19547012,0.37072632
0.42741778,0.5724027,-0.094212994,-0.29204935,0.53331596,0.032849953,0.4153447,0.10026018
0.98835695,0.28453755,0.60387367,0.40446505,-0.8530704,-0.3547327,0.47688624,0.30717176
1.0127991,0.18410902,-0.02173984,-0.2338998,1.1134851,0.04215118,-0.060772598,0.91445345
0.12493038,0.8215366,0.11279154,0.7012957,-0.29145586,1.3822079,-0.10575434,0.23953325
0.1702733,0.060429975,0.20120108,1.4078434,0.3227887,-0.31472886,1.1059715,1.0871592
-0.4507616,-0.30677903,0.3246478,0.7487673,0.040110797,0.7309028,0.036328197,0.73447156
2.0530438,0.017480955,1.0706091,1.7703398,0.5752738,-0.059835374,-0.15674214,2.1650844
0.9081954,0.3897575,1.4143538,1.1045315,0.6706038,0.85365117,-0.26305068,0.02968055
0.08633561,0.19884723,0.2627313,0.51861817,-0.016850874,0.09349531,-0.72121626,0.46429798
0.2748977,0.032183066,-0.22101264,-0.27584323,0.7655781,0.4280995,-0.16485187,0.7680537
-0.79026693,0.17687914,0.56610644,0.29265592,0.217019,0.09995017,0.106879115,0.4651665
-0.17717981,0.03740558,-0.1832387,0.44323894,-0.3330226,0.44309,0.2164188,0.7029097
0.10679716,1.0511117,-0.5758685,0.51737,0.26279712,0.10409762,-0.059691727,0.6380176
0.5901561,-0.19830944,1.3993918,-0.13750744,0.27952588,-0.5574521,0.1681767,0.17672296
0.13562551,1.8200123,0.22776793,1.5602131,0.53971976,1.1619177,-1.3074752,0.52576435
-0.51384133,0.8016946,0.26177388,0.61482155,-0.031916007,0.08385372,0.20747997,0.00012722611
0.46602687,-0.18208776,-0.052946657,1.5418932,0.11909895,0.54682815,0.45144162,-0.12982503
0.9822626,0.3667348,0.903347,-0.7319786,0.9425612,0.8663902,0.38861972,0.33012927
1.4156052,-0.03820695,0.27709627,-0.004901685,0.8456088,1.1586909,1.4994093,1.208229
1.947226,0.4565184,0.80584645,-0.0030712858,-0.03716831,0.51092315,0.24706282,-0.091996655
0.38046476,0.11205895,-0.16704305,-0.23205158,0.72316056,0.18473125,-0.028156856,0.48375398
0.06425737,-0.14988042,0.014725499,0.9643276,0.6589945,0.5749638,-0.39172462,0.9255795
0.31199768,-0.15080394,-0.20418231,-0.2167257,0.88463795,0.44203323,-0.06611053,0.5901636
0.24305028,0.0649942,-0.43750042,0.44783196,0.42405808,0.69322026,-0.2070993,1.0657929
0.4643582,0.50601536,-0.2706949,0.4875382,-0.79146343,0.32168287,0.633576,0.78925174
-0.7596281,0.43288153,0.6067966,0.74780446,0.2987429,-0.33222553,-0.16366324,0.4084325
-0.3635518,0.5729153,0.12654549,0.25934955,-0.7909356,0.48121402,0.45985597,0.9237721
0.54389304,-0.10502942,1.7646259,1.082854,1.4594098,-0.11288297,0.76381755,-0.40323812
-0.01967477,-0.59456307,0.54229814,0.3638042,1.2947218,0.05200779,0.10817935,0.7727389
0.19865659,-0.6598205,0.79509634,0.47236755,0.54710627,-0.13822615,0.53467774,0.029736876
-0.21282926,-0.28651196,0.09120177,0.47190562,0.35310793,0.27649277,-0.10603707,0.41543958
0.09419887,-0.044506297,0.10481525,-0.030207448,0.052777886,0.016007602,0.042717997,0.865073
0.87347096,1.2500678,1.0140574,-0.00087347627,-1.0757494,0.6278811,-0.12818302,1.0450588
0.86262816,0.42005432,0.6462742,0.6427562,-1.0285316,0.60797906,0.11072572,0.035282716
-0.106525,1.1711656,-0.06319028,0.49784064,0.9510241,-0.22008982,1.57009,-0.11809558
0.28539273,-0.41985613,0.20832632,0.2547606,-0.03583263,0.36322623,-0.2972889,0.8561995
0.15550482,0.06643604,0.2607659,-0.5098107,1.4602522,0.20127624,-0.11893489,0.7663632
-0.7172883,1.3682084,1.4270267,1.1048868,0.4350953,1.4110687,-0.75900716,0.56867564
0.1182107,0.43390048,-0.16324155,0.06306778,0.24120604,-0.22010547,0.34747884,0.9554149
-0.05354429,-0.40413958,0.13600951,0.8248612,-0.16051053,0.75127697,0.4987856,0.15164427
0.39425868,0.9542846,-0.18716829,1.503268,-0.21341465,-0.39601657,1.7329544,0.09877312
-0.4259837,0.5826311,0.6204548,1.1747952,-0.51704794,0.5647067,0.16872293,-0.011976421
1.1347084,-0.6934346,-0.031245902,0.076781906,1.3739531,0.48722157,0.13868329,0.7184544
0.38699958,0.2426636,0.29402936,0.2580252,-0.036892623,-0.37563944,-0.13043049,-0.19512323
0.4479122,0.7989286,1.6329767,-0.42058536,0.27915454,-0.15574113,0.86622405,-0.0532272
0.0057548136,0.05601649,0.5517827,1.5327806,0.65760875,-0.21873036,-0.6393636,0.98827857
0.26016477,0.107570305,-0.023716465,0.047782227,-0.3117441,0.66218805,0.52226067,0.23059717
0.4870281,0.742779,-0.60917854,0.90283996,0.24864416,0.27230823,-0.59665656,0.610705
0.36490163,-0.15183352,0.41488183,0.012635991,0.36930683,0.30347997,-0.6025618,0.08489658
-0.29799968,0.08302261,0.3662114,0.31780326,0.7144206,0.61843914,0.8881896,0.40695924
0.5253977,-0.121047124,0.022015266,0.368311,0.7195574,0.30948764,-0.48713145,0.4255867
0.5379992,-0.17120084,-0.24424548,0.25006092,0.08633013,0.29179472,0.062374644,0.17796
-0.2768416,0.10993989,-0.027081683,1.3236969,0.3286186,0.05125007,0.68706256,0.5590792
0.071965225,0.7248341,0.19613639,-0.58543104,0.6250493,0.13353202,-0.118515246,0.11932555
0.2424705,-0.289097,0.33287722,1.5331154,-0.9422495,1.0220532,0.36225483,0.6829954
0.348406,0.23746045,-0.101843715,0.41399947,0.3304207,0.53073883,-0.6733806,0.44144773
0.0695884,1.0247338,1.1760952,0.714088,0.05275549,-0.6501186,-0.6316362,0.3959214
-0.07026313,-0.0023776442,0.5234067,0.60718954,-0.269571,0.3562252,-0.37882513,0.27841893
0.8292442,-0.10366295,0.0986932,0.37505633,0.28300244,0.35456672,-0.6698634,0.058223978
0.4880101,-0.086570546,-0.48932183,1.1404116,-0.64538753,0.53776014,0.48051226,0.42138842
0.4185581,-0.44428796,0.12359536,0.4483455,-0.22295724,0.29698846,-0.07492452,0.3204985
0.9008127,-0.11101015,-0.28129297,1.7039251,-1.1271348,0.6792443,0.24627738,0.41196728
-0.1014101,-0.08351451,0.16014446,0.09440191,-0.09402351,-0.08337927,0.124520145,0.57398224
0.12660226,-0.10758017,0.09156788,0.10612297,0.17133594,0.21569648,0.053833194,0.66679454
1.5598235,-0.26265997,0.22278784,0.41512546,-0.6592346,-0.10901292,0.31501505,0.6148118
1.0947164,0.24123456,-0.097214445,1.6853638,0.13972332,0.63551366,-0.20517018,-0.065757856
0.34689984,-0.3363374,0.052611932,0.32335633,0.24363224,0.11784968,0.3537305,0.012461618
-0.53641766,-0.18878452,0.3912177,0.96126217,1.1416129,0.41104096,-0.24868086,0.7454306
1.2448875,0.86708677,-0.27049148,1.0847715,-0.109643206,1.0021508,1.4136099,-0.5261345
-0.018080171,0.6414258,0.45959455,0.09335407,0.21851586,0.34328943,0.75417817,-0.119796485
0.77925795,0.64639103,0.6614326,-0.035708882,0.3843357,-0.8186457,-0.38355154,0.7055256
0.47667044,0.66135144,-0.78236353,0.34328952,0.85507685,0.13844608,0.95125085,0.6897967
0.14534648,-0.47406268,0.42266512,0.49195695,-0.5712679,0.72019875,0.31126928,0.5984106
0.9356313,1.1533498,0.9048983,-0.118351795,0.14795037,-0.09548129,0.73991513,1.177739
-0.107109405,-0.47271705,0.51515156,0.1091031,0.040697187,0.08559227,-0.37025306,0.9247198
-0.052895367,-0.20752217,-0.013281509,0.4458549,-0.052592605,0.29878643,0.08762454,0.26638654
-0.71413654,0.060639277,0.99785054,0.85579294,-0.16836737,0.033006757,0.027323997,0.9209852
0.36936218,0.08566783,1.4847602,1.0349711,0.19068976,-0.06633285,0.046345577,0.11831999
0.2238977,0.22601722,-0.0819722,0.77595526,0.13861297,-0.03943482,-0.0333307,0.2061415
0.6271247,1.903869,-0.3158303,1.505439,0.7708629,-0.16370007,0.0149523225,1.1555076
0.54684997,-0.39370763,0.31252664,0.6997298,-0.4392966,0.47302178,0.41350538,-0.16344991
0.4779855,0.2444266,0.31774378,0.4057756,-0.657468,-0.36898667,0.39736676,0.99814636
0.4205803,-0.58982915,0.5858617,-0.054938905,1.5496023,0.2198144,0.47532952,0.010882653
0.5321731,0.58410126,-0.4051839,1.7752578,-0.32894325,0.36295217,0.25393972,0.42746294
0.66910344,-0.08528294,0.37013036,1.094624,0.087867305,0.09380092,0.17563997,-0.21798468
0.38857582,0.22053723,0.3388781,-0.27555126,-0.012078509,-0.16656739,0.61422855,0.36866194
0.09305276,0.8502042,-0.48425806,0.7908658,-0.12872075,0.4720776,-0.03983085,0.26204905
-0.071163796,-0.13118158,0.2334539,0.31546703,-0.109370485,0.85586166,0.2271125,0.34414792
0.44330862,-0.61220694,-0.17095684,0.40348324,-0.14318965,0.60888106,0.19478354,0.42237118
0.5859143,-0.4906206,0.2178005,0.53939843,0.24836047,1.262627,-0.26932704,0.38721818
0.31968233,1.2570021,-0.049513385,-0.5150748,0.78330904,1.2703539,-0.62708455,0.9876612
1.9899288,1.3091683,0.6981295,0.9401031,0.69082344,-0.4037556,0.1950694,0.344365
0.22663888,-0.08017616,0.10123837,0.8743413,0.5763829,0.8567687,-0.4173251,0.17407386
-0.27770543,0.4195012,0.6489703,0.053019643,0.712251,-0.5984972,0.6252077,-0.1916621
1.5417112,-0.507691,0.10911833,0.7285172,-0.55824226,0.12396011,0.3070376,0.4008209
-0.26449266,-0.18098986,0.4884665,0.029975444,0.2614368,0.108295545,-0.2701602,0.42577314
0.3684064,0.36451954,-0.17736138,1.1063203,-0.35961062,0.17144631,1.0558097,0.11388941
1.1899058,0.34582323,-0.26341164,0.4168395,0.40946758,-0.008189276,0.33556747,-0.048600614
0.15239587,-0.19015001,-0.011999562,0.0063290074,-0.048489347,0.17338432,-0.011704663,0.4651475
0.8831591,0.18371393,0.15752786,0.6883737,0.33261365,0.28656986,-0.73044056,-0.18641555
0.64499766,-0.6233589,0.1479196,-0.28526255,0.49882078,0.56390285,0.28528488,0.45509303
1.2070059,-0.5122988,0.14284791,1.5667701,0.6853363,1.0823843,1.3325609,-0.9799942
0.23505864,1.2282139,1.1426023,1.8196645,0.62786263,1.0042887,1.6766033,-0.92281055
-0.9167221,1.002918,1.1308792,0.49456254,0.0656517,0.8890998,0.35167173,-0.08389372
0.058514845,-0.10759555,0.6737683,0.25279197,-0.20806955,-0.20557019,0.25976697,0.28737074
1.8961879,-0.17428298,0.0076220483,1.7573297,-0.37412345,-0.1115379,0.5819143,0.40550286
0.30583492,0.1341051,-0.23336242,0.5162084,0.2961372,0.28757715,-0.43044403,0.5182479
0.5029658,0.21798076,0.50172603,1.0245237,-0.01937218,0.43521306,-0.22166665,0.5105805
-0.060455732,0.9537292,0.54872155,-0.49160078,-0.3073603,0.17824766,0.35655227,0.3421886
-0.21641746,0.6381405,0.39939344,-0.35790306,0.41147244,0.21166846,-0.10838423,-0.050080687
-0.33593553,-0.1709709,0.29467434,0.9381427,0.43936318,0.62449235,0.07687021,0.37666246
-0.3046922,0.20193966,0.34229067,0.27870253,0.49006987,-0.30937266,-0.17865087,0.4363344
0.5277298,-0.14946212,-0.29551095,-0.2921566,0.28506142,0.5966257,0.38935202,0.39143452
1.8977429,1.5813771,1.1071635,1.5585544,0.11427052,0.02630335,-1.1711949,0.49616507
-0.3960589,0.21181662,0.5014114,0.13556078,0.5867842,0.35575986,-0.63500494,0.39579716
0.016632095,-0.50874615,0.45377785,0.3512124,-0.042975023,-0.04999195,-0.334515,0.3406189
1.6540138,0.24474792,-0.5706153,0.2573347,-0.29224217,0.57734084,0.7826096,0.24213593
0.698646,1.1705439,1.033949,-0.82992935,-0.7445813,0.3469798,1.2849838,0.70102125
1.3272771,-0.44439626,1.7105625,0.20213109,-0.20933364,1.165843,0.3256434,0.41732264
0.16608194,0.122204185,0.079695575,0.51186395,-0.18866543,0.0057448074,-0.2270719,0.07549996
0.14450246,-0.6482969,0.4368502,0.6109355,-0.40189856,0.9542428,0.24701305,0.313702
-0.034175903,-0.15421893,0.29635316,0.390743,0.48414725,-0.417655,-0.10963813,0.5417744
-0.012053363,-0.07862915,1.0697834,1.2375984,-0.33107364,0.12742344,0.52508307,1.171961
0.037875697,0.33787042,-0.017704353,-0.012805417,0.13649788,0.046386763,-0.3565822,0.3994753
0.20343569,0.057505146,0.3204339,0.037011165,0.46457642,-0.5570125,0.44007584,0.120383784
0.32625595,0.23281641,1.174405,0.38047925,-0.6365836,-0.8882635,0.40769562,0.2781507
-0.33826235,-0.0993291,0.5520298,0.92432135,-0.2540428,0.0562255,-0.026793228,0.35640937
0.23934332,0.28888702,0.106772676,0.38127637,-0.19146548,1.1258204,0.25359318,0.05614221
0.37637854,0.014484867,-0.008958116,0.48718464,0.44738162,1.2083154,-0.17996824,0.40755966
-0.35038576,0.057918623,0.289297,0.28185678,0.16366366,-0.0011508092,-0.22665991,0.46432576
0.800463,0.4007635,0.10071616,-0.44740304,0.74835825,0.42154005,-0.423713,0.42542124
0.21183008,1.6299491,0.6712708,1.8427494,0.66736203,0.04073742,0.96549124,1.4686923
0.7454951,-0.3679356,0.38980037,0.067873724,0.7404036,0.4579023,0.7072422,-0.22535378
0.20079571,0.06842996,0.17669421,-0.11388732,-0.292064,0.09802297,-0.034781292,0.35526484
0.34549353,0.35645574,0.1303296,-0.24220452,0.6591478,0.04697191,0.7923643,-0.04219365
-0.13393274,0.06793746,0.3045079,0.06758822,0.12726295,-0.01266703,1.4438237,0.45495677
0.33630714,-0.2176595,-0.3629127,0.35790458,0.25944346,-0.02519904,0.44739687,0.63538814
0.012741663,0.5292973,2.335577,0.18749726,1.1289117,-1.5560901,0.32385308,0.6802922
0.17142746,-0.12676628,0.08659796,0.91311675,0.79505545,0.7563147,0.027851122,0.5283401
-0.3845753,0.7771207,-0.07098998,-0.18985808,0.5164973,0.23599246,1.0003835,0.76167256
-0.38351908,0.4893303,0.31714964,1.2462401,-0.6705563,0.53869957,0.8916269,1.3097583
0.35910857,0.6633745,-0.5157848,0.26980072,0.25004566,0.31755835,-0.23915352,0.9894967
1.207055,1.1392387,-0.18136977,0.45894918,-0.27685094,-0.6453345,0.08886994,0.16787596
-0.058948867,0.0023577511,0.16594565,-0.24348396,0.35985735,0.14464638,0.2834383,0.33333486
0.75692695,-0.07153742,0.5381728,0.26946634,-0.38039196,0.013832696,0.13002707,0.26803586
0.15118653,-0.19370475,0.17557818,1.202323,-0.5324407,0.52155805,0.63072544,0.16199885
1.0605897,0.78745973,-0.026782706,0.49617082,-0.2820843,-0.41548193,-0.2966237,0.26957572
0.21302816,-0.08263616,0.43251622,0.825332,0.2749282,0.09674279,0.16513835,0.73532045
0.40580615,0.808625,-0.39723194,1.5626513,0.121441856,-0.22506729,0.4892173,-0.11744547
0.024104431,0.3895226,0.34947672,0.37975737,-0.53281915,0.3191255,-0.16592617,0.25043905
0.16805032,-0.3646024,-0.040316895,0.29254413,-0.3757382,0.3678233,0.0002096952,0.541926
0.93240446,2.0964513,0.21945429,-0.21189773,0.7614923,0.28261438,-0.7165312,-0.044196412
2.239651,-0.28083873,0.55751145,0.828155,0.63253325,0.8692583,-0.3120377,0.80843693
-0.09156312,-0.056005523,0.96235776,0.08490946,0.6424261,-0.108255714,0.25034943,-0.3335153
0.2101304,-0.2445017,-0.060044825,-0.21250442,0.7084918,0.16721615,-0.21041913,0.49910605
0.2649103,0.054725006,0.049072154,-0.07830752,0.18595746,-0.09336759,0.39829853,0.30031732
0.79703945,0.4221955,-0.5934433,0.45362583,0.026537076,0.3248443,-0.35947332,0.38408285
0.17620227,-0.051650673,-0.17502327,0.5552475,0.044682324,0.21444383,-0.3495783,0.34996152
-0.13107464,-0.045471445,1.0501534,-0.09208787,2.314987,0.91787195,-0.6155054,0.84521157
-0.8869043,0.9327884,1.2983676,1.2706324,0.09865065,1.3193008,-0.3069023,-0.111965775
0.6761543,0.14231536,-0.12778722,1.0774072,-0.30251288,0.16567525,-0.44092417,0.33573514
0.5769267,-0.06207867,-0.5365701,1.116117,0.28131986,1.010821,1.2838546,0.49079233
0.010088392,0.1433769,-0.00669159,1.5402335,0.08146109,-0.007094756,0.79781216,1.0835954
0.08648145,0.012140274,0.018378392,0.7802416,-0.32173252,0.10384485,0.7224156,0.15377145
1.644608,0.45045203,0.0914395,-0.11799414,0.5953587,0.38149136,0.50070137,0.114552006
0.3105945,-0.27535707,0.7757902,1.9187126,0.5898562,0.8380166,0.91472894,-0.3334257
0.3330631,1.156908,-0.34430844,1.8498499,-0.011327788,0.118403465,-0.46569654,0.4136164
0.82218856,0.051782712,0.13373937,-0.456512,0.55935574,-0.037094265,0.5486809,0.95130944
1.3406022,0.4529271,0.35220793,0.63725495,0.71546215,0.12736098,1.1830437,0.9645761
0.7674187,1.2431959,-0.49238348,-0.26214147,0.6982861,-0.19690102,0.84318274,1.4452364
-0.4250296,0.34368807,0.07527535,0.8256266,0.14138016,0.19667618,-0.38540307,0.31874436
0.44311836,-0.8270452,0.7090843,0.8383668,0.65378153,0.47533476,0.5759248,-0.2952564
0.5100097,0.34693664,-0.52959514,0.062176157,0.659404,-0.08318634,0.7796522,0.41725302
-0.37058523,0.19114119,0.51558506,0.2638104,0.030977562,-0.6119607,0.10647007,0.7105641
0.46613297,-0.06983866,1.3210686,1.2512494,0.38475716,-0.597494,-0.067622885,0.087678075
0.30728927,-0.31474113,0.012044869,-0.02219551,-0.08500065,-0.01876457,0.10219965,0.762198
-0.16568938,1.0631225,0.11645603,-0.06756558,-0.32681173,0.22350563,-0.36407107,0.27197558
0.5839508,-0.6580823,0.07972569,0.13167116,1.5479846,0.30404288,0.55077463,0.5662713
0.7335968,-0.13711835,0.15651056,1.8865237,-0.53350776,0.75484246,0.45185682,0.31274116
0.30404246,0.090229556,0.15029046,-0.18600303,1.5254936,0.06034623,0.04508441,0.7589751
-0.461894,-0.07831693,0.51661533,0.11258123,0.6820844,0.23084572,1.1924051,0.13581039
1.6226565,0.6792401,0.4194178,-0.32296458,1.142625,0.43224835,-0.019732783,-0.16462898
-0.49032256,0.19100103,0.2278925,0.7137765,0.13379678,-0.0052821636,0.2572424,0.39647332
0.30193463,0.099676356,-0.14950497,0.38597938,-0.3084433,0.33774954,-0.22845724,0.18793137
-0.40201095,1.4710144,1.5655857,0.37599203,0.06933062,-0.079559416,0.3155405,0.08941884
1.1926901,0.7071036,-0.16540243,-0.2356233,0.60851055,0.5447041,0.6828504,0.031802878
0.15796274,0.486677,1.2115945,0.2804171,-0.9342337,0.25159967,0.5815887,0.22935034
0.25172392,0.29877323,-0.22040273,-0.26454285,-0.024680927,0.3708256,-0.11536149,0.5184443
0.22100312,-0.007094875,0.0693724,0.107905135,0.260184,-0.021340348,0.002110843,1.3198601
-0.064166956,0.48584265,-0.334634,0.12462939,-0.07741284,0.3117132,-0.029977543,0.7123325
-0.4014152,0.38626498,0.53769255,0.1556353,-0.28990787,0.20553744,-0.33435342,0.46451187
