0,1,2,3,4,5
0.36156827211380005,2.1427996158599854,0.5577861666679382,0.2845158278942108,0.9317551255226135,0.1771956980228424
2.3852274417877197,2.5021731853485107,0.5075047016143799,0.1954617202281952,1.8034909963607788,1.7977616786956787
2.6290459632873535,0.37913480401039124,2.580048084259033,1.838798999786377,1.3452683687210083,1.692979097366333
2.6289737224578857,0.378957062959671,0.3551674783229828,1.839172601699829,1.5011119842529297,1.779332160949707
1.5797089338302612,2.58223819732666,0.38606008887290955,1.8341559171676636,0.641140878200531,1.6470471620559692
0.3632205128669739,2.586496353149414,2.5815672874450684,0.20395305752754211,0.17869703471660614,0.17274823784828186
2.6290340423583984,1.7234976291656494,0.36095091700553894,1.7520607709884644,0.6095573306083679,1.497960090637207
0.3758886456489563,0.3784293234348297,0.44354209303855896,1.6022396087646484,0.18847320973873138,1.7885631322860718
0.36185067892074585,1.0827345848083496,0.36756977438926697,1.8339569568634033,1.808889389038086,0.5179484486579895
1.9323481321334839,1.9086511135101318,0.3553580939769745,0.19582203030586243,0.9033254384994507,1.575435996055603
0.4201287627220154,0.49498650431632996,2.309452772140503,0.19546100497245789,1.4026904106140137,0.16937729716300964
2.6227035522460938,0.6413336992263794,2.2772390842437744,0.7155296206474304,1.7780096530914307,0.17302194237709045
0.36158400774002075,2.5863521099090576,0.9700589179992676,0.19606837630271912,1.6960285902023315,0.17035022377967834
0.3616195321083069,0.4480433762073517,0.37130364775657654,1.8025983572006226,1.8047128915786743,0.17329320311546326
2.505035161972046,0.655670166015625,0.38928458094596863,1.561033844947815,1.349300742149353,1.7938041687011719
2.5998990535736084,0.567717432975769,0.3540475070476532,1.7143023014068604,1.572185754776001,0.1713254153728485
2.1141257286071777,2.5556833744049072,0.35692939162254333,0.2348446547985077,0.1781635731458664,1.6979533433914185
0.36648279428482056,2.5769104957580566,2.5621814727783203,1.8012009859085083,0.49404415488243103,1.7969274520874023
0.36676305532455444,2.3105764389038086,0.354732483625412,1.8233208656311035,1.1321187019348145,1.7648452520370483
2.6246581077575684,2.020691394805908,2.598673105239868,1.0268431901931763,1.8088197708129883,0.1689547598361969
0.3652117848396301,0.37996628880500793,2.48136043548584,0.3794884979724884,1.8078415393829346,1.7907700538635254
2.6297428607940674,1.5860521793365479,0.99266117811203,1.8378889560699463,0.37012407183647156,0.1696908175945282
0.5464917421340942,2.586763858795166,0.3946770131587982,1.8392497301101685,1.2078462839126587,1.7976486682891846
0.6225013136863708,0.3785304129123688,1.3931587934494019,1.7390304803848267,0.9645050168037415,0.17810484766960144
0.3622894883155823,1.612248182296753,2.6024105548858643,0.2982846796512604,0.2298385351896286,0.16897061467170715
0.3615962862968445,2.033691167831421,0.37390515208244324,0.3304310739040375,0.2460961788892746,0.16898861527442932
2.627218246459961,2.2978601455688477,1.8028908967971802,0.7768650054931641,1.3694894313812256,1.2857518196105957
0.3648826479911804,0.42816856503486633,0.37180742621421814,0.3138183057308197,1.7971723079681396,0.1689540445804596
2.4017539024353027,1.63800048828125,2.5979108810424805,1.6293418407440186,0.7395908236503601,1.1966358423233032
0.36157745122909546,0.39603379368782043,2.601166248321533,1.8383692502975464,1.808169960975647,0.17510810494422913
0.362230122089386,2.3224823474884033,0.40463635325431824,1.8368008136749268,1.8001458644866943,1.7680553197860718
2.5133626461029053,1.8714814186096191,2.078195810317993,1.8390650749206543,1.6359983682632446,0.1701447069644928
2.619913101196289,0.38569238781929016,2.4969780445098877,0.1959332525730133,0.26887592673301697,0.6740806102752686
2.6116726398468018,1.9175883531570435,0.8511137962341309,1.8110880851745605,0.18535105884075165,0.39119818806648254
2.452176332473755,0.426340252161026,1.9718964099884033,0.31152060627937317,1.0304471254348755,1.7838082313537598
2.6296935081481934,0.9156399965286255,1.8269602060317993,1.1977741718292236,0.38838157057762146,0.17079958319664001
2.613538980484009,0.6232904195785522,0.9357084631919861,1.8380314111709595,1.80890691280365,1.0832946300506592
0.36163264513015747,2.522549867630005,2.598134994506836,1.8215315341949463,1.7847497463226318,0.1751464307308197
2.413813829421997,2.0441670417785645,2.5997233390808105,1.0235739946365356,1.2145195007324219,1.7875206470489502
0.7393007278442383,2.4669086933135986,0.3803963363170624,1.8144735097885132,0.31613191962242126,1.7876381874084473
2.620896100997925,0.3807738125324249,0.6111365556716919,1.4231083393096924,1.8088058233261108,0.19292083382606506
2.625722885131836,2.465024471282959,0.3544021546840668,1.839268684387207,0.178292378783226,0.16906806826591492
0.3619545102119446,2.5802688598632812,2.0900633335113525,1.517348289489746,0.2504672110080719,0.17433658242225647
0.48037487268447876,1.654026985168457,0.44608911871910095,1.8176246881484985,1.8077696561813354,0.17295345664024353
0.36230629682540894,2.5864994525909424,2.5997626781463623,1.515781044960022,0.24161981046199799,0.24821904301643372
2.510056972503662,2.559903621673584,1.9117010831832886,1.6770507097244263,1.8048946857452393,0.6690602898597717
2.22180438041687,0.3934878408908844,2.598327398300171,1.8388354778289795,1.3774842023849487,1.7354938983917236
0.36393290758132935,1.9636826515197754,0.35401448607444763,1.8358757495880127,0.18220452964305878,0.7721911668777466
2.620650053024292,1.2215638160705566,0.40114912390708923,0.19790932536125183,0.5345353484153748,0.16996100544929504
1.4471077919006348,0.38371387124061584,2.5815160274505615,1.8308658599853516,1.3911253213882446,1.156407117843628
0.6811336874961853,0.3897714912891388,0.4584669768810272,1.8326071500778198,0.26577451825141907,0.2006939947605133
0.36413484811782837,0.3917464315891266,2.201852321624756,0.19687709212303162,0.1786222904920578,1.4928269386291504
2.2408835887908936,1.83148992061615,0.8143748044967651,1.839218020439148,0.30387648940086365,1.7923040390014648
0.4666517376899719,0.3788224756717682,0.5975948572158813,1.838965654373169,1.808910608291626,0.16904065012931824
0.3664889931678772,0.813424825668335,2.370638847351074,1.8290303945541382,1.7108726501464844,0.7102866172790527
2.6294424533843994,2.5855822563171387,2.541327476501465,0.21008697152137756,1.6324481964111328,0.17036941647529602
0.36999744176864624,0.3787015974521637,2.571546792984009,1.839264988899231,0.43233904242515564,1.7977592945098877
2.034093141555786,0.37848880887031555,2.596312999725342,1.4558510780334473,0.4232982099056244,1.6279970407485962
0.7588468790054321,0.3798122704029083,2.582340955734253,0.9797113537788391,0.26634201407432556,1.6775908470153809
0.36265474557876587,1.0016452074050903,2.602473735809326,1.1414098739624023,1.6826701164245605,1.7793827056884766
2.6182470321655273,0.4660924971103668,2.5854740142822266,1.7754331827163696,1.7819985151290894,0.1692315638065338
2.47067928314209,2.585348606109619,2.074587821960449,1.6378669738769531,0.17854849994182587,0.24609920382499695
0.3706037402153015,0.9982438683509827,1.615904688835144,0.21450260281562805,1.7970025539398193,0.17435935139656067
2.5883631706237793,2.5566155910491943,2.572239875793457,1.071547508239746,0.2698573172092438,1.1789195537567139
2.183701515197754,0.4458123743534088,1.3944718837738037,1.8326901197433472,1.7745169401168823,0.17624762654304504
2.453481674194336,0.3836638033390045,1.6737467050552368,1.6462143659591675,1.8089144229888916,0.1693955957889557
2.6280088424682617,0.5158776640892029,0.3545040786266327,0.33977118134498596,0.951654851436615,1.7424135208129883
1.499624490737915,2.5825634002685547,0.37931713461875916,1.8306481838226318,0.18266122043132782,1.5745151042938232
0.36897438764572144,0.43258407711982727,2.2751882076263428,1.797773838043213,0.2427567094564438,1.7938838005065918
2.0594892501831055,0.3784305155277252,0.3762960135936737,1.8385694026947021,1.1582584381103516,0.17343810200691223
0.4143664240837097,2.58661150932312,2.272495746612549,1.838183879852295,0.3763400614261627,1.5597039461135864
0.3765954375267029,2.561272621154785,1.0452781915664673,1.8358081579208374,1.7608764171600342,0.9965845942497253
2.0391151905059814,2.5789201259613037,1.3206502199172974,1.1045141220092773,0.1791902631521225,0.16895368695259094
2.430208683013916,2.486510992050171,0.6284931302070618,1.8391145467758179,1.0828684568405151,1.5293973684310913
0.36185187101364136,2.1568446159362793,0.3543175160884857,1.0642133951187134,1.155307650566101,0.17101481556892395
2.321253538131714,2.547501802444458,1.7454246282577515,0.39096155762672424,0.17805634438991547,1.5195317268371582
0.3624119162559509,1.2186439037322998,1.1815707683563232,1.8392722606658936,0.8630347847938538,1.7342355251312256
0.3699360489845276,1.5553090572357178,0.6783806085586548,1.669237732887268,1.7690833806991577,0.16982170939445496
2.2247049808502197,1.4952149391174316,1.8338576555252075,1.839249610900879,1.496862530708313,0.17943879961967468
1.1179763078689575,2.2299997806549072,0.7928273677825928,0.20728382468223572,0.2148374766111374,0.2519434988498688
0.36167293787002563,0.42432811856269836,1.683132529258728,1.8317499160766602,1.784959316253662,0.4104638397693634
2.5145552158355713,2.541109085083008,2.6019093990325928,0.2645919620990753,1.808595061302185,0.1689680516719818
2.628972291946411,0.3787865936756134,0.3573084771633148,0.19565972685813904,0.9155440926551819,0.5715020895004272
0.3618404269218445,2.4127402305603027,2.423346519470215,0.45017561316490173,0.3612803518772125,1.7977380752563477
0.3688783049583435,1.1591600179672241,2.0511298179626465,1.688095211982727,0.230227991938591,1.7757545709609985
0.37582701444625854,2.308763265609741,0.36230143904685974,0.208031564950943,0.17848078906536102,0.17679664492607117
2.6019248962402344,2.58231258392334,2.6014316082000732,0.5326846837997437,1.7286044359207153,1.6122089624404907
2.629424810409546,1.3385119438171387,1.8986679315567017,0.25496092438697815,0.8366703391075134,0.1689627468585968
2.4477131366729736,0.3784330189228058,2.5404067039489746,0.35840150713920593,0.18342040479183197,1.7677080631256104
1.4363985061645508,0.3828352987766266,0.5532590746879578,0.3132505714893341,1.05489981174469,0.6410213708877563
0.36852604150772095,2.058525323867798,0.3568941056728363,0.8830613493919373,1.088154673576355,0.7789835333824158
2.2441213130950928,2.36299204826355,0.4070146977901459,1.5186622142791748,0.1781131476163864,1.0117107629776
1.2315187454223633,1.788327932357788,1.0296260118484497,1.839272141456604,1.8084584474563599,0.8034430146217346
2.6293461322784424,0.5897717475891113,0.7197467684745789,1.8101530075073242,0.19520460069179535,0.6628695726394653
1.0931528806686401,2.5736372470855713,2.5175373554229736,1.8391481637954712,0.20300684869289398,0.169041246175766
0.36322540044784546,2.5129504203796387,0.3558487594127655,0.20352581143379211,1.8087977170944214,0.16895326972007751
2.5630486011505127,0.38787904381752014,1.7065870761871338,1.8145711421966553,0.19411180913448334,1.7923915386199951
2.629350423812866,0.38860252499580383,2.0631296634674072,1.8132165670394897,1.7534302473068237,1.6758570671081543
2.289463520050049,1.182031512260437,2.555413007736206,0.20457419753074646,1.792123794555664,0.9250431060791016
1.7294323444366455,2.541142702102661,2.535853862762451,1.6449952125549316,0.1851203888654709,1.797629952430725
0.9502500295639038,1.6539620161056519,1.8846757411956787,1.6573315858840942,0.9836528897285461,0.16898128390312195
2.6213927268981934,0.3785383999347687,1.220342755317688,0.22250083088874817,1.3221951723098755,0.22108325362205505
1.7384964227676392,0.3847159445285797,1.9006706476211548,1.408090353012085,0.86149662733078,0.18642112612724304
2.5700299739837646,2.487098217010498,0.3730975091457367,1.8363276720046997,1.7160383462905884,1.6878305673599243
0.3620743155479431,1.3372550010681152,0.48171451687812805,1.8002742528915405,0.2255350798368454,1.7409868240356445
0.48871880769729614,0.3842145502567291,2.5619161128997803,1.8392494916915894,1.5718978643417358,0.17125645279884338
2.623387336730957,0.3787236511707306,0.3713560998439789,1.608210563659668,1.2224925756454468,1.7921587228775024
2.4053919315338135,0.3846891224384308,0.3549897372722626,0.19547447562217712,1.7100591659545898,0.861243724822998
2.6289985179901123,0.6711803674697876,2.5113301277160645,1.1570185422897339,0.21098242700099945,0.7750368118286133
2.6071765422821045,0.7037305235862732,1.6382849216461182,0.6960017085075378,1.789052963256836,0.22138908505439758
0.9241122603416443,2.0955865383148193,2.464560031890869,0.25745561718940735,0.18899832665920258,0.16979548335075378
2.629166603088379,0.37873438000679016,0.35512182116508484,1.803758144378662,0.2283673733472824,1.7806235551834106
1.4213587045669556,0.38135460019111633,2.145564079284668,0.19965580105781555,1.7472838163375854,1.7821942567825317
0.3649640679359436,0.3918556272983551,0.5519900321960449,0.49595627188682556,0.33523455262184143,0.16896340250968933
2.3697402477264404,2.373061418533325,2.6025631427764893,0.19555017352104187,0.19864611327648163,1.797170639038086
1.5837033987045288,2.5562267303466797,2.3566575050354004,1.801459789276123,0.9572065472602844,0.16930535435676575
2.2506730556488037,1.9171756505966187,0.40057000517845154,1.8365771770477295,0.3489745557308197,0.6938839554786682
2.4174747467041016,0.4753939211368561,0.9613222479820251,1.539940357208252,0.26110246777534485,1.7753119468688965
2.1868059635162354,0.42772188782691956,0.8482028841972351,1.820361614227295,0.1780647486448288,1.2381298542022705
1.9890834093093872,2.258246660232544,0.47758838534355164,1.8301981687545776,0.25201961398124695,1.7835484743118286
0.36156827211380005,2.585355758666992,0.66559237241745,1.1355071067810059,1.7286124229431152,0.1750437319278717
0.43341702222824097,0.40560534596443176,2.601566791534424,1.7064558267593384,1.8068307638168335,0.5962547063827515
2.431432008743286,0.41973260045051575,2.0301003456115723,1.8371987342834473,0.1781020611524582,0.9840962290763855
2.6052772998809814,2.56841778755188,0.3590373694896698,0.2615116536617279,1.329668402671814,1.2113040685653687
0.5650907158851624,2.4669840335845947,1.7843724489212036,1.8130601644515991,1.7093045711517334,0.4472183883190155
2.629511594772339,0.37848034501075745,0.5672131776809692,1.8392609357833862,1.772997498512268,0.1858796775341034
2.629274845123291,1.1505151987075806,2.4022536277770996,1.8386446237564087,0.9911545515060425,0.17311933636665344
1.1591886281967163,2.3804128170013428,1.0496078729629517,1.8359043598175049,1.7710970640182495,0.8489930033683777
0.4415554404258728,2.575526475906372,2.591865062713623,1.8370120525360107,1.7946598529815674,0.3223738968372345
0.3617190718650818,2.554051637649536,0.44866296648979187,1.8390997648239136,0.1780971735715866,0.28319504857063293
2.047353506088257,1.420656681060791,0.359123557806015,1.7301918268203735,1.680267095565796,1.6954216957092285
2.5560975074768066,0.39884641766548157,2.595041513442993,1.811245083808899,1.1279499530792236,1.7975008487701416
1.112613320350647,2.474327564239502,2.4524636268615723,1.8388848304748535,1.7422157526016235,0.16906335949897766
1.2999603748321533,1.152684211730957,0.394682377576828,1.837811827659607,0.18077699840068817,0.25153061747550964
2.599091053009033,0.37920716404914856,1.1473500728607178,1.839039921760559,0.19724862277507782,0.16940602660179138
0.3615766167640686,2.4853546619415283,1.6547322273254395,1.8360235691070557,1.576444149017334,1.7977467775344849
0.45995086431503296,0.40703490376472473,2.4847261905670166,1.8351829051971436,1.8046717643737793,1.3301293849945068
0.4106939435005188,0.6130585074424744,1.5469300746917725,0.21699616312980652,0.9669448733329773,0.17376527190208435
0.3735174536705017,0.605941116809845,0.3540697991847992,0.19545969367027283,1.5540485382080078,0.2995619475841522
0.36157530546188354,1.4045923948287964,2.6025617122650146,1.8391321897506714,1.8080676794052124,0.5434187054634094
2.624541759490967,0.38033750653266907,2.28564715385437,1.8368759155273438,1.7374162673950195,1.7822345495224
2.0860278606414795,0.5791993141174316,2.6014034748077393,1.838571548461914,1.3193095922470093,0.5491732358932495
2.6161253452301025,2.5525002479553223,2.5164787769317627,0.1971653401851654,0.18322311341762543,0.17597302794456482
1.3729575872421265,2.5773396492004395,2.5849292278289795,1.6384755373001099,1.7961550951004028,0.5246244072914124
2.629424571990967,2.4846198558807373,2.6009559631347656,1.5464229583740234,1.741416335105896,0.16946002840995789
2.6008877754211426,1.9484764337539673,0.35644540190696716,1.8392465114593506,0.2603975832462311,0.8269545435905457
0.36766546964645386,0.5187997817993164,2.2262818813323975,1.541979193687439,1.7370072603225708,0.16966131329536438
0.40556663274765015,0.37866392731666565,2.602555990219116,1.839269995689392,1.7910737991333008,1.7975345849990845
2.003720283508301,2.5864598751068115,2.4941940307617188,1.8392634391784668,1.1867152452468872,0.22794219851493835
0.3729303479194641,2.5864527225494385,0.3791947066783905,1.8248590230941772,1.7757560014724731,1.012284755706787
0.38490575551986694,0.39826348423957825,2.486602783203125,1.8379604816436768,1.8084686994552612,0.23284867405891418
2.588959217071533,0.8043668866157532,2.463404893875122,0.2997569143772125,0.1798134297132492,0.18725410103797913
0.36890774965286255,0.4740699827671051,0.3894746005535126,1.8216503858566284,0.4158393442630768,0.7778512835502625
0.9869345426559448,0.40829208493232727,0.3548024594783783,0.19546565413475037,1.7957708835601807,1.7954849004745483
2.5645639896392822,2.2651193141937256,0.35625287890434265,1.630617380142212,1.3301515579223633,0.9895465970039368
1.8855538368225098,0.44252052903175354,0.38264891505241394,0.25743910670280457,0.25771328806877136,0.18098947405815125
0.5630418658256531,0.7007567286491394,0.3540209233760834,0.19669672846794128,1.7674095630645752,0.17780277132987976
1.6828200817108154,0.3789387047290802,2.60176420211792,1.8259137868881226,1.7862684726715088,1.7671568393707275
1.0315170288085938,2.176250696182251,2.2816386222839355,1.4134933948516846,0.21486173570156097,0.4812481701374054
1.8771815299987793,1.3194245100021362,2.5890753269195557,1.7960212230682373,0.17883841693401337,0.20212724804878235
0.4297932982444763,2.5862557888031006,0.42246171832084656,1.4660612344741821,0.19682537019252777,1.7976946830749512
1.6566060781478882,0.4144958555698395,1.7156462669372559,1.8326483964920044,0.2707824409008026,1.7962726354599
0.37643688917160034,2.5845489501953125,0.9259924292564392,1.8392536640167236,1.71464204788208,1.7260758876800537
2.6287639141082764,2.3817965984344482,0.3591782748699188,0.6833992004394531,0.7260788679122925,0.3175237476825714
2.0051965713500977,0.3867669403553009,0.5382230281829834,0.2195585072040558,0.1781979650259018,1.7664299011230469
2.606196403503418,2.5822582244873047,0.3610958755016327,1.8388824462890625,0.9330071806907654,1.7946206331253052
1.07203209400177,0.3832792341709137,2.58941388130188,1.8298983573913574,1.802173376083374,1.7960095405578613
1.52664315700531,1.5235201120376587,2.6005470752716064,0.24236121773719788,0.2503553330898285,1.7971794605255127
0.5066021680831909,2.585618257522583,1.0877176523208618,0.3183892071247101,0.18094776570796967,1.7977502346038818
0.3619837164878845,2.5770952701568604,2.1233630180358887,1.6963311433792114,0.8757504820823669,1.1580924987792969
0.9718703031539917,0.5503026247024536,1.8176040649414062,1.8392311334609985,0.1848212331533432,0.16913482546806335
2.5164361000061035,2.570425271987915,2.2217493057250977,0.6627888679504395,0.30742475390434265,0.23332110047340393
2.628875970840454,2.585801124572754,1.9056590795516968,1.1222540140151978,0.1781071275472641,0.18084505200386047
0.550865650177002,2.1879167556762695,2.6024117469787598,0.28656521439552307,1.8088533878326416,0.16909202933311462
1.6106014251708984,0.37841156125068665,1.1411575078964233,0.6799400448799133,1.8060263395309448,1.7977595329284668
0.8167779445648193,1.9037036895751953,0.4209178388118744,1.8392196893692017,0.1805339902639389,0.2602132260799408
1.9024368524551392,0.3784843981266022,0.35495230555534363,1.122560977935791,0.17850594222545624,1.7887909412384033
2.605274200439453,0.5400132536888123,2.6025655269622803,0.1965133249759674,0.1832900494337082,1.4234955310821533
2.622307300567627,0.5536773800849915,0.35409149527549744,1.8291518688201904,0.20357118546962738,1.378676176071167
0.5352450609207153,2.580028533935547,1.118808388710022,0.7302054762840271,1.8055412769317627,0.2255403697490692
2.628105401992798,1.5893570184707642,2.475592613220215,0.35350605845451355,0.1783052533864975,0.19603917002677917
0.8930572271347046,2.573763370513916,2.5778772830963135,1.5660297870635986,0.9777504801750183,1.606878638267517
1.3017008304595947,0.38353732228279114,0.6265642642974854,1.1746721267700195,1.7942063808441162,0.21801623702049255
0.7274144291877747,0.4023304283618927,0.7603628039360046,1.4246671199798584,1.793272852897644,0.16906335949897766
2.601799488067627,0.3785368502140045,2.574723720550537,1.8391718864440918,1.719204068183899,0.2602960765361786
0.4272773861885071,2.582515001296997,0.9606418609619141,1.8392229080200195,1.795712947845459,1.267621636390686
0.38557571172714233,0.9756684899330139,2.570286989212036,1.8391916751861572,1.5566641092300415,1.3238476514816284
0.3967590928077698,2.553344964981079,1.5014163255691528,0.2274012267589569,0.181610569357872,1.7973166704177856
1.0123488903045654,2.214841842651367,2.1150264739990234,1.8389792442321777,1.471101999282837,1.4595921039581299
0.3617315888404846,0.43317344784736633,1.9321731328964233,1.8392311334609985,0.40859749913215637,0.22781547904014587
0.6660012602806091,0.9810769557952881,2.5886847972869873,1.7092417478561401,1.7337864637374878,0.17474791407585144
0.9773897528648376,2.1925296783447266,0.35401591658592224,0.19917961955070496,1.700398325920105,0.7692639231681824
2.0550754070281982,0.566243052482605,1.5881237983703613,0.3269464671611786,1.108228087425232,1.7922331094741821
2.6144542694091797,0.48575714230537415,2.3563413619995117,1.8055633306503296,1.6975914239883423,1.7252026796340942
2.592564821243286,2.402660846710205,2.439497947692871,1.8381669521331787,0.41802164912223816,0.18567219376564026
0.3909676671028137,0.4653865396976471,2.3915328979492188,1.8391082286834717,1.7971845865249634,0.20808938145637512
1.3387755155563354,0.47014668583869934,0.5558956265449524,1.8269788026809692,1.7862581014633179,0.4139072000980377
2.573798179626465,0.37891891598701477,0.38779351115226746,1.724402666091919,1.3709782361984253,1.619214653968811
0.4133259654045105,2.5746817588806152,2.6025044918060303,1.8389815092086792,1.7034012079238892,1.6238280534744263
0.6181752681732178,2.570188522338867,2.6014389991760254,1.8365436792373657,1.8040803670883179,1.7680315971374512
0.6004670858383179,1.7523061037063599,0.39112576842308044,1.8392508029937744,1.8088977336883545,1.7956864833831787
0.36156827211380005,0.461488276720047,0.5316844582557678,1.7563573122024536,0.25435081124305725,0.25797614455223083
1.2822242975234985,1.6115490198135376,2.5701651573181152,1.8278191089630127,0.18865059316158295,1.5648871660232544
2.3400611877441406,2.4057326316833496,0.7897172570228577,1.3237614631652832,0.36433300375938416,1.6278373003005981
2.6287386417388916,0.5237492918968201,2.4711861610412598,1.8391343355178833,0.19469182193279266,1.1436576843261719
0.442985475063324,2.4373481273651123,2.602221727371216,1.566569209098816,1.0053315162658691,1.797640085220337
0.37550562620162964,0.6310479640960693,2.492079496383667,1.8392698764801025,1.8086986541748047,1.7769275903701782
0.4330649971961975,1.8687204122543335,1.070787787437439,0.19813945889472961,1.800632119178772,0.4364112913608551
1.0018219947814941,0.3796783983707428,0.5112529993057251,0.20605584979057312,1.8083041906356812,0.9040659070014954
2.527662515640259,0.8105867505073547,1.8898646831512451,1.4833272695541382,1.363419771194458,1.720847487449646
2.628650665283203,0.38001158833503723,2.6014630794525146,1.759267807006836,1.1354950666427612,1.7968822717666626
0.9708967208862305,2.333418369293213,0.35424456000328064,0.4681846797466278,1.6601409912109375,0.2935838997364044
0.4570956826210022,1.1471621990203857,0.38232800364494324,0.8344531059265137,1.001177191734314,1.797380805015564
0.679421603679657,0.4091356098651886,0.36940643191337585,1.7940932512283325,1.7678097486495972,0.1739961802959442
2.6037397384643555,0.49790260195732117,1.2942280769348145,0.1954672634601593,1.0677319765090942,0.19940170645713806
2.4149892330169678,0.37942662835121155,2.6023080348968506,1.0155094861984253,0.18050239980220795,1.7977495193481445
2.6297433376312256,0.3789936602115631,0.5378978848457336,1.1918715238571167,1.5081945657730103,0.1726992428302765
0.46482008695602417,2.5399444103240967,2.6022539138793945,0.5241344571113586,1.7039318084716797,0.1731909215450287
2.45892333984375,2.586801767349243,2.536454677581787,1.8392722606658936,0.1799607127904892,1.7457160949707031
2.064831495285034,1.1797541379928589,1.9361342191696167,0.7276399731636047,0.1926342099905014,1.6479570865631104
2.467107057571411,2.487715482711792,2.5878496170043945,1.8388842344284058,1.1080288887023926,1.7977474927902222
2.6293349266052246,2.560725688934326,1.1038917303085327,1.753513216972351,0.23022393882274628,1.0541932582855225
0.39136236906051636,0.47026100754737854,0.4579671323299408,1.8015856742858887,0.2783723771572113,1.0832972526550293
1.8896896839141846,1.8245186805725098,0.35854777693748474,0.5005604028701782,0.17987357079982758,0.20693227648735046
2.626944065093994,0.37919381260871887,2.600637197494507,0.6968740820884705,1.5808151960372925,0.3588803708553314
0.36343199014663696,0.6695306301116943,0.47379860281944275,0.19946154952049255,0.1958594173192978,1.0691171884536743
0.4144933819770813,0.5033956170082092,0.43878576159477234,1.835403561592102,0.9751237034797668,0.7968326210975647
2.6015777587890625,2.5151898860931396,2.6009302139282227,0.19546261429786682,0.18124721944332123,0.9685279130935669
2.588360071182251,2.202282428741455,0.5964604616165161,1.8334007263183594,0.9588274955749512,1.254976749420166
2.625615119934082,0.5979061126708984,1.1396458148956299,0.19669649004936218,1.8045175075531006,0.3659140169620514
2.4873437881469727,0.3810390532016754,0.3542284667491913,0.28470590710639954,1.712209701538086,1.7916046380996704
1.3711134195327759,2.5535826683044434,1.4582898616790771,1.2531342506408691,0.18683110177516937,0.18717393279075623
0.9642705321311951,2.5868208408355713,2.259993314743042,1.8390871286392212,0.3504820168018341,0.9655745625495911
0.3630068898200989,0.5476309061050415,2.6022346019744873,1.829525113105774,0.943820595741272,1.6444671154022217
0.8132848739624023,0.40086784958839417,0.4528084695339203,1.6976069211959839,0.7440979480743408,0.5835354328155518
0.37343138456344604,2.4698989391326904,0.7743616700172424,0.20275893807411194,1.8089237213134766,1.7224794626235962
1.4193737506866455,1.0408884286880493,0.9298145771026611,0.5721070170402527,0.5131701827049255,0.17178156971931458
0.37391334772109985,2.585317850112915,2.1313724517822266,1.8388876914978027,0.17811565101146698,0.9556117653846741
2.159665584564209,2.093126058578491,0.9068674445152283,0.6711652278900146,0.8384261131286621,1.7899253368377686
1.737453579902649,0.8507549166679382,1.6845797300338745,1.41713285446167,1.3601834774017334,0.17469188570976257
2.4630141258239746,2.567809581756592,2.4830939769744873,1.8313097953796387,0.44775626063346863,0.36954477429389954
2.6238105297088623,0.7103192210197449,2.4714620113372803,1.8268890380859375,0.1781882494688034,0.4046705663204193
0.6135948300361633,2.5173466205596924,2.4661660194396973,0.3645612895488739,0.45880475640296936,0.19891056418418884
1.8992398977279663,2.550022840499878,2.5328567028045654,1.6116797924041748,0.860136866569519,1.791364312171936
0.3616151213645935,2.5813255310058594,2.270921230316162,1.0689369440078735,0.3332006633281708,1.5296224355697632
1.5191789865493774,2.5844287872314453,1.27566397190094,1.7966140508651733,1.6055806875228882,0.17138120532035828
2.546067476272583,0.42025724053382874,0.612480878829956,1.8043807744979858,1.3940128087997437,0.7606184482574463
2.5144577026367188,0.4769960939884186,2.6016876697540283,0.47033414244651794,0.20341579616069794,0.2105253040790558
2.5262813568115234,2.564887046813965,1.0126484632492065,0.19551536440849304,0.7446463108062744,0.16918936371803284
0.46307164430618286,0.427823930978775,0.35979339480400085,1.1486141681671143,1.7957069873809814,1.5572600364685059
2.1053617000579834,0.8197030425071716,2.5573482513427734,0.23857828974723816,1.802668809890747,0.2770320475101471
0.47304660081863403,0.42758896946907043,0.47190460562705994,1.5411990880966187,1.5040481090545654,0.2149849832057953
2.605797290802002,1.9532157182693481,2.545198917388916,1.8343909978866577,1.5567229986190796,1.450815200805664
0.44180887937545776,0.3801873028278351,0.3587561547756195,0.22801533341407776,0.35761508345603943,1.7967439889907837
1.4128645658493042,1.8840899467468262,0.3879581391811371,1.7800825834274292,1.8064544200897217,0.16896924376487732
2.6297028064727783,1.291180968284607,1.207545280456543,0.7043799161911011,1.8086810111999512,0.1689540445804596
0.3626757264137268,0.3784344494342804,2.6024599075317383,1.8260380029678345,0.9099892973899841,0.5929490327835083
2.621068000793457,2.4200751781463623,0.35869523882865906,0.367937296628952,1.3578859567642212,0.8318016529083252
0.3862559199333191,2.462790012359619,0.3675477206707001,1.3898950815200806,1.5130952596664429,1.756505012512207
0.3633989691734314,0.3933049738407135,2.51359486579895,1.8359770774841309,0.17853711545467377,1.7787166833877563
0.3624430298805237,2.535379409790039,2.4286904335021973,0.20709410309791565,1.806740164756775,0.16941145062446594
0.4111784100532532,0.4054519236087799,2.6018881797790527,0.22425541281700134,0.18033663928508759,1.7467434406280518
2.608839988708496,0.3900848925113678,0.8022295832633972,0.2971359193325043,0.21596543490886688,1.7671154737472534
1.9379328489303589,0.387924462556839,0.6319223642349243,1.8354507684707642,1.6909908056259155,1.1075186729431152
0.3671037554740906,0.5548821091651917,2.594835042953491,0.24449977278709412,1.1968433856964111,1.785085916519165
2.1846702098846436,0.37944796681404114,0.4480510652065277,0.29682084918022156,1.739188313484192,1.3399630784988403
0.49600017070770264,0.37915435433387756,0.43871602416038513,1.8392325639724731,1.595900297164917,1.7977231740951538
2.6140565872192383,1.0149221420288086,0.3657226264476776,0.9791240096092224,0.2548477351665497,0.8803063631057739
1.769835352897644,2.586803674697876,2.3644626140594482,0.19961926341056824,1.411458134651184,0.17508521676063538
0.6263155341148376,0.3786907494068146,0.36209771037101746,1.0072404146194458,1.807016372680664,1.653814435005188
1.4373829364776611,1.1798596382141113,2.5542972087860107,0.4231055676937103,0.17820917069911957,1.7470717430114746
2.619442939758301,2.5758261680603027,0.3771384656429291,1.8391715288162231,0.5174654722213745,0.7910130023956299
0.4527978301048279,2.1777939796447754,2.594846248626709,1.8392623662948608,1.7780919075012207,0.17132553458213806
2.0938596725463867,0.37864354252815247,2.602569818496704,1.8091092109680176,0.1956665962934494,0.16928085684776306
2.628906726837158,0.4909364879131317,1.9206948280334473,1.8391242027282715,1.0629544258117676,1.7961922883987427
1.616387963294983,2.582125425338745,0.38268932700157166,0.21569284796714783,0.26701822876930237,0.17047211527824402
0.3617193102836609,0.8340059518814087,2.5475103855133057,1.8330507278442383,1.8089218139648438,0.1699361503124237
0.39962631464004517,0.5287175178527832,1.3743159770965576,1.6387593746185303,1.433572769165039,1.7245577573776245
1.6601855754852295,1.2305842638015747,2.6017234325408936,1.4864572286605835,1.7761116027832031,0.17188182473182678
2.6276986598968506,2.559405565261841,0.6084828972816467,1.839124321937561,1.7902275323867798,0.9596037864685059
2.1852834224700928,0.4833824932575226,0.3555375039577484,1.8391261100769043,0.17903374135494232,1.7972710132598877
2.593491315841675,0.416044145822525,0.37646540999412537,0.3920087516307831,0.1902136653661728,1.77899169921875
0.6959334015846252,2.586658477783203,0.3802543580532074,1.5262538194656372,0.19431160390377045,1.791750192642212
2.585782766342163,2.4453561305999756,0.5630291700363159,0.32069161534309387,1.750509262084961,0.3466182053089142
0.3616674542427063,1.942392349243164,0.6459052562713623,1.8391815423965454,1.7557755708694458,0.16896530985832214
0.38158124685287476,0.38034990429878235,1.339402198791504,1.8161704540252686,1.8077722787857056,1.1729778051376343
0.3618960976600647,0.38543692231178284,2.5743408203125,1.6583117246627808,1.7969714403152466,1.6448924541473389
2.624380588531494,2.585690498352051,2.6015267372131348,0.9771131277084351,0.17805342376232147,1.6854519844055176
2.350862503051758,2.2732064723968506,1.660908818244934,1.833211064338684,0.25228986144065857,1.5913245677947998
0.36285120248794556,0.4272531569004059,2.6025588512420654,1.8390004634857178,1.8085530996322632,0.20537081360816956
1.0695772171020508,2.586704969406128,0.35473737120628357,0.21233174204826355,1.6269738674163818,0.18815413117408752
2.6297450065612793,0.4705791771411896,2.5132575035095215,1.6694949865341187,0.22642992436885834,0.4728288948535919
1.4388636350631714,0.7444325089454651,0.8044600486755371,1.6969364881515503,0.5151119828224182,0.17348244786262512
2.4984450340270996,0.4046616852283478,1.8386763334274292,0.20631763339042664,0.2535516321659088,1.432562232017517
0.3761325478553772,0.7603064179420471,2.581425428390503,1.8392584323883057,1.7840567827224731,1.7969890832901
2.2942135334014893,1.6435825824737549,2.5516092777252197,0.22751280665397644,0.2977423369884491,0.31220772862434387
1.9065524339675903,0.3853887617588043,2.5072476863861084,0.2574627697467804,0.18615417182445526,1.7893060445785522
1.3137365579605103,0.3793121874332428,0.6188214421272278,0.21630212664604187,1.607534646987915,0.17852094769477844
1.9458147287368774,0.5027885437011719,0.36944636702537537,1.7900534868240356,1.4636338949203491,0.9969395399093628
2.601461410522461,0.7610509395599365,1.8906965255737305,1.8383790254592896,0.22745256125926971,0.3929251730442047
1.0302931070327759,0.6198161840438843,2.503347396850586,0.19999131560325623,1.3949205875396729,1.7958048582077026
2.6297361850738525,1.3621675968170166,0.35588404536247253,1.8323179483413696,0.9413154721260071,0.8213601112365723
2.083648681640625,2.5641729831695557,2.602553367614746,0.21039924025535583,1.8086347579956055,0.22585883736610413
2.136936664581299,1.630216360092163,0.6281777024269104,1.8392473459243774,0.5347540974617004,1.797712802886963
2.3666164875030518,2.582071304321289,2.6010582447052,1.7410478591918945,0.778682291507721,0.4634609520435333
2.534785270690918,2.585012197494507,2.59890079498291,1.6734250783920288,1.7914003133773804,0.17165401577949524
0.36178678274154663,1.6752874851226807,1.198900580406189,1.5041260719299316,1.705420732498169,0.7431064248085022
2.629075288772583,0.8356179594993591,1.1335270404815674,1.354657769203186,0.180842325091362,1.0664187669754028
0.3842795491218567,2.493906021118164,0.3986150920391083,0.4273180067539215,1.7555829286575317,0.6864904761314392
0.36228054761886597,2.3280153274536133,2.5391011238098145,0.9273357391357422,0.45089802145957947,1.797317624092102
0.3619663119316101,2.5865607261657715,2.600571393966675,1.7506706714630127,0.30886682868003845,1.6382286548614502
2.620906114578247,0.5198248624801636,0.35506972670555115,1.838932991027832,0.6484707593917847,1.7877304553985596
1.716984748840332,0.38876572251319885,0.35415884852409363,1.837983250617981,0.7205110788345337,1.7977577447891235
0.36157315969467163,0.37849631905555725,2.5890161991119385,1.6483875513076782,1.2836874723434448,1.7963292598724365
0.7502912282943726,2.1601734161376953,0.35420748591423035,1.81065833568573,1.3617571592330933,0.21032223105430603
2.508143663406372,0.6553361415863037,0.6082664728164673,1.4087275266647339,0.2291685789823532,1.7430506944656372
1.4123008251190186,0.8897978663444519,0.9245027899742126,1.6300163269042969,1.328559160232544,1.7961599826812744
0.36206895112991333,2.586500406265259,0.36362048983573914,1.7754625082015991,0.5942186117172241,1.673279047012329
2.629443645477295,0.46436038613319397,2.2531609535217285,1.2145719528198242,0.1786997765302658,0.22160109877586365
2.3902688026428223,2.5834033489227295,0.5539910793304443,1.8377982378005981,1.7919769287109375,0.8493169546127319
0.37830179929733276,2.586848020553589,0.7860848307609558,0.19627442955970764,0.240395650267601,0.1689540445804596
0.36395949125289917,2.585120916366577,2.60256028175354,1.8392419815063477,1.6568037271499634,0.17329731583595276
0.372032105922699,2.5864453315734863,0.41299065947532654,0.4611700475215912,1.8034001588821411,1.765792727470398
0.36157459020614624,2.07285213470459,0.4932396709918976,1.8391836881637573,1.1884955167770386,1.1788626909255981
1.6150060892105103,2.193579912185669,0.42668601870536804,0.21326634287834167,1.8052918910980225,0.16895326972007751
1.381564974784851,0.43852499127388,2.598459482192993,1.084869623184204,1.587944507598877,1.4221162796020508
2.583651304244995,2.574310302734375,2.5027613639831543,1.8367695808410645,0.7781710028648376,1.7954857349395752
2.4739720821380615,2.133570671081543,1.7508405447006226,0.2041015923023224,1.8088104724884033,0.1689816415309906
0.36159008741378784,2.5745785236358643,0.3946021497249603,0.4104349911212921,1.8083730936050415,0.2612042725086212
0.4051383137702942,0.37844911217689514,0.3639664351940155,1.8383920192718506,0.9028149247169495,1.7442688941955566
2.0539114475250244,0.5738486051559448,0.35405632853507996,1.8391088247299194,1.7452328205108643,0.948540449142456
1.9213811159133911,2.5835251808166504,2.263176441192627,0.20776954293251038,1.6902027130126953,1.7948263883590698
1.4516119956970215,0.3800058662891388,0.38226863741874695,1.7556877136230469,1.805187702178955,1.7248389720916748
2.6231679916381836,2.5848870277404785,1.606550693511963,1.8293081521987915,1.8074091672897339,0.7143557071685791
2.081059694290161,1.5898284912109375,0.4152376353740692,1.1527072191238403,0.6637145280838013,1.3946479558944702
2.3430840969085693,2.447478771209717,2.2395410537719727,0.6383925676345825,0.9798619747161865,0.2462444007396698
0.3621142506599426,2.3017284870147705,0.9700181484222412,0.6816888451576233,1.803309679031372,1.7977532148361206
2.627054214477539,0.3785149157047272,2.60196852684021,1.8275772333145142,0.3049708306789398,0.7969668507575989
0.5620059967041016,2.581451654434204,0.5102607607841492,1.829750418663025,0.9106569886207581,0.17217382788658142
0.9189757108688354,0.49498626589775085,2.5934431552886963,1.690562129020691,0.9953203201293945,1.6653425693511963
1.714902400970459,2.356154441833496,0.35405442118644714,0.2504661977291107,0.17828409373760223,0.22070994973182678
2.2958571910858154,1.136564016342163,0.3544764220714569,1.839138388633728,0.7083311676979065,0.2256127893924713
2.6187551021575928,2.1691811084747314,1.9797461032867432,0.20363298058509827,0.28892478346824646,1.739208698272705
0.3626710772514343,0.39024844765663147,2.59397292137146,0.3854290544986725,1.5689315795898438,1.778479814529419
1.9262501001358032,2.5710198879241943,2.602167844772339,0.3516800105571747,0.17941932380199432,1.7954245805740356
2.6076583862304688,0.6006476879119873,0.35461708903312683,0.28396692872047424,0.5711970329284668,0.28302934765815735
0.3839656710624695,1.7637982368469238,0.436205118894577,0.32569602131843567,0.2889263331890106,1.769388198852539
0.3623031973838806,0.7074187994003296,2.2898054122924805,1.7187455892562866,0.24140159785747528,1.6007925271987915
0.36668628454208374,1.8404275178909302,2.0212953090667725,1.3755754232406616,1.711613416671753,0.6968104243278503
0.44337397813796997,2.0577034950256348,0.9967221617698669,1.8141168355941772,1.7687537670135498,1.7795065641403198
2.157121181488037,0.6988765001296997,2.254410743713379,1.8236267566680908,0.1817052811384201,0.3702848255634308
2.4559614658355713,1.976710557937622,2.602482318878174,1.8264782428741455,1.806768774986267,1.7943291664123535
1.8574621677398682,0.3788037598133087,2.0689034461975098,0.1975599229335785,1.8076435327529907,1.6993567943572998
0.36156922578811646,2.5620501041412354,0.354340523481369,1.485843300819397,0.551149308681488,1.742052435874939
1.9131760597229004,2.5072014331817627,2.2094526290893555,1.8326785564422607,0.1789802759885788,1.7870407104492188
0.3660340905189514,2.5438146591186523,2.2674596309661865,1.8386390209197998,0.32177403569221497,0.7754156589508057
2.6297459602355957,1.0115959644317627,2.575070381164551,1.447348713874817,0.526897668838501,0.16900232434272766
0.36691099405288696,2.5819079875946045,0.3553210198879242,0.28246763348579407,1.8085782527923584,1.33821702003479
0.3666906952857971,0.38536229729652405,2.584010124206543,0.2758398950099945,1.5932384729385376,1.723793864250183
0.3619301915168762,0.3787436783313751,1.5802857875823975,1.430622935295105,1.740928053855896,1.7929441928863525
0.9195268154144287,2.261894464492798,0.354085773229599,1.8290902376174927,1.428155541419983,1.370033621788025
2.6241493225097656,2.34377121925354,0.6083767414093018,0.4699215590953827,0.287543922662735,0.16904494166374207
1.5342212915420532,2.43748140335083,0.623674750328064,0.19555267691612244,1.8088337182998657,1.547682285308838
0.3788678050041199,0.3989713490009308,0.9918104410171509,0.20998206734657288,1.8044166564941406,1.6189368963241577
0.3615705370903015,2.571448802947998,2.551499128341675,1.8373266458511353,1.7942101955413818,0.18099603056907654
0.5867764353752136,2.586819648742676,2.596646547317505,0.2682560384273529,1.6637705564498901,0.16926398873329163
0.36467355489730835,2.4682483673095703,0.358743280172348,1.6344325542449951,0.17806892096996307,0.16901108622550964
0.36354488134384155,2.5868499279022217,2.5590157508850098,0.6476132273674011,0.22174952924251556,1.7977341413497925
0.5085945725440979,1.922125220298767,2.602483034133911,0.6812353730201721,1.3110830783843994,1.5069191455841064
0.3663730025291443,0.5543167591094971,2.602355718612671,1.809395670890808,1.4503229856491089,1.7490588426589966
2.6291236877441406,1.1291145086288452,0.8245289921760559,1.8386635780334473,0.2537018358707428,1.7974616289138794
2.539015531539917,0.3812500536441803,0.3664052188396454,0.22234061360359192,1.2054224014282227,1.792410135269165
2.5905561447143555,1.0463446378707886,2.4753329753875732,1.8282034397125244,1.5009106397628784,1.7968858480453491
2.624911069869995,0.808688223361969,1.4935276508331299,1.8391891717910767,1.078247308731079,0.5793119668960571
0.6078537702560425,2.586487293243408,1.762963056564331,0.2592375576496124,1.805922269821167,1.7974437475204468
2.624218463897705,2.586811065673828,2.5999574661254883,0.22413167357444763,1.7894840240478516,0.16964170336723328
0.36158472299575806,2.586758852005005,0.3540167510509491,1.839272141456604,1.7884652614593506,0.2508348524570465
0.37628549337387085,2.357583522796631,0.9819704294204712,1.743381142616272,1.8051124811172485,0.1708085834980011
0.4062502980232239,2.5861685276031494,0.41501137614250183,1.8383480310440063,0.1804630011320114,0.2063561975955963
2.620023727416992,2.5809624195098877,2.602311611175537,0.20501723885536194,1.717637538909912,0.17180213332176208
2.5982418060302734,0.42987194657325745,2.2977707386016846,1.8225114345550537,0.18158666789531708,0.17083457112312317
2.114147186279297,2.34211802482605,1.9032354354858398,0.19572123885154724,0.8394418954849243,0.2015458643436432
2.4976115226745605,1.448437213897705,2.137542486190796,1.8299155235290527,0.4788741171360016,1.7382011413574219
1.0056447982788086,0.7340664267539978,2.582216739654541,1.4829751253128052,1.67771315574646,1.6005544662475586
0.36315470933914185,2.0753347873687744,0.40913984179496765,1.7226542234420776,1.7975682020187378,1.6683109998703003
2.296163320541382,2.586245536804199,2.5999367237091064,0.1960839331150055,0.18982325494289398,1.1699355840682983
0.38080352544784546,0.48774459958076477,2.165126323699951,1.837740182876587,1.5194181203842163,1.7961381673812866
1.9436426162719727,1.1276297569274902,2.594461679458618,0.1955096423625946,0.5086275935173035,0.19630774855613708
2.629718065261841,2.4598820209503174,2.206082820892334,0.2059677541255951,1.245948076248169,0.8937928080558777
2.623029947280884,2.4992504119873047,0.35453173518180847,1.1898555755615234,0.18112795054912567,1.7961411476135254
2.5882937908172607,0.378411203622818,0.35450479388237,1.8159898519515991,0.47635772824287415,1.7856284379959106
2.169588088989258,0.3822219669818878,0.35459455847740173,0.228031724691391,0.19564031064510345,1.7362496852874756
0.8523860573768616,2.548931360244751,0.7243541479110718,0.24080362915992737,1.0336976051330566,1.0174784660339355
1.2067053318023682,0.3827437460422516,0.3543083369731903,1.5846222639083862,1.8059899806976318,1.3165735006332397
1.0248746871948242,0.39135876297950745,2.0754592418670654,0.19661495089530945,1.2872995138168335,1.0850985050201416
0.5303341150283813,2.152726650238037,0.4373433291912079,1.6019178628921509,1.808904767036438,0.1704353392124176
2.063488483428955,1.55665922164917,2.4748172760009766,1.8367091417312622,1.1769969463348389,0.19993051886558533
2.478940725326538,0.38722363114356995,0.41335543990135193,1.8279005289077759,1.278761625289917,0.1799173653125763
2.6297366619110107,1.4329594373703003,0.38874539732933044,0.5287774205207825,0.19542567431926727,0.30771782994270325
2.5964560508728027,1.8490746021270752,1.5198618173599243,0.196365088224411,0.17805896699428558,1.6484185457229614
0.45946425199508667,2.4348506927490234,1.022624135017395,1.0690463781356812,0.947462260723114,0.4092375338077545
0.37025970220565796,2.5866916179656982,1.0035706758499146,0.19615033268928528,1.6680781841278076,1.7721468210220337
0.5828250646591187,2.5868234634399414,0.7971659302711487,1.8357347249984741,0.9941819310188293,1.7592982053756714
2.095402240753174,0.8460907340049744,0.3565386235713959,1.784692406654358,1.8084163665771484,1.7660784721374512
0.3810341954231262,2.3780570030212402,2.5748813152313232,1.3457804918289185,1.8065732717514038,1.4600255489349365
2.624173402786255,0.7876843214035034,1.617596983909607,1.8383947610855103,0.17806290090084076,1.0638214349746704
0.4824751019477844,0.37956395745277405,2.601031541824341,1.7791234254837036,1.5754345655441284,1.7972694635391235
0.4722711443901062,2.456021785736084,0.4205445945262909,1.8241780996322632,1.7117513418197632,0.18083515763282776
2.3463351726531982,0.3987298309803009,2.4761338233947754,1.5007926225662231,1.8039418458938599,1.786996841430664
0.38235539197921753,2.570814371109009,1.4832102060317993,1.8353043794631958,1.7790805101394653,0.1719665825366974
0.3799259066581726,2.416372060775757,2.5907983779907227,0.6403716802597046,0.18321268260478973,0.3331088125705719
2.257533073425293,0.8020088076591492,2.596900701522827,1.8266268968582153,1.775372862815857,0.5049068331718445
2.5558159351348877,2.5291755199432373,2.5734505653381348,0.3435259759426117,0.6220501065254211,1.0887737274169922
2.2890572547912598,1.3251769542694092,2.526519775390625,0.19562390446662903,0.2402217835187912,1.7933052778244019
0.37145692110061646,0.7964627146720886,0.45094355940818787,1.1218173503875732,0.3758828938007355,0.16931667923927307
0.9385190606117249,2.585179090499878,2.525804281234741,1.2349152565002441,0.32369694113731384,1.7537250518798828
2.615996837615967,0.5465580821037292,1.9171111583709717,1.2905551195144653,0.7612500190734863,1.797736644744873
0.5183310508728027,2.52537202835083,1.522874116897583,1.6650657653808594,0.19065938889980316,1.7729575634002686
2.629615545272827,0.38013556599617004,0.35425493121147156,1.5166239738464355,1.748597264289856,1.7975399494171143
0.7070749402046204,1.9648512601852417,0.5786328315734863,1.8250454664230347,1.6623111963272095,0.17067447304725647
2.622159242630005,2.3017451763153076,2.158982276916504,0.20570704340934753,0.25557848811149597,0.26167425513267517
0.3616333603858948,2.528143882751465,2.54819655418396,1.6909329891204834,0.19263111054897308,0.16896310448646545
0.4283671975135803,0.3825893700122833,1.5374058485031128,1.7393556833267212,1.7904052734375,1.7929240465164185
2.458475112915039,2.5334789752960205,0.35558804869651794,0.4944617450237274,0.560462236404419,1.4709014892578125
0.42013806104660034,0.37909844517707825,0.3622426688671112,1.476618766784668,0.2719757854938507,1.6676801443099976
2.364990234375,0.3819550573825836,0.5171857476234436,1.0815120935440063,0.6648579239845276,0.16948631405830383
2.53409743309021,2.480100154876709,2.599612236022949,1.6095973253250122,0.29717281460762024,1.7877365350723267
0.3719220757484436,0.37844517827033997,0.37190374732017517,1.8392115831375122,0.22971634566783905,1.7063579559326172
2.2558047771453857,2.2409214973449707,0.36884650588035583,0.22479405999183655,0.7652775049209595,0.37490805983543396
2.6297028064727783,0.39883139729499817,0.6553964614868164,0.4228791892528534,0.45681992173194885,1.6922821998596191
2.3934075832366943,2.5865209102630615,0.3591936528682709,1.5425933599472046,0.19294582307338715,1.731630563735962
1.1075019836425781,0.38419345021247864,2.5762743949890137,1.6524455547332764,0.397551029920578,0.18459925055503845
0.38862699270248413,0.379656583070755,2.0332629680633545,0.24929985404014587,1.5004171133041382,0.21263155341148376
0.40614956617355347,0.5063557028770447,2.1327531337738037,0.9970670342445374,0.18785397708415985,0.43805912137031555
1.9762450456619263,2.456686496734619,0.49745795130729675,0.1985543668270111,0.7177000045776367,0.17431965470314026
2.628828763961792,2.2359867095947266,1.9280242919921875,0.19836434721946716,1.8089237213134766,1.4916033744812012
2.5535857677459717,2.535507917404175,1.560840129852295,1.626481294631958,0.32007983326911926,1.7841577529907227
2.628049850463867,2.5864617824554443,2.6022417545318604,0.19601842761039734,0.17806343734264374,0.39826956391334534
0.3761979937553406,0.37910357117652893,2.602534770965576,0.29335734248161316,1.8088282346725464,0.19676855206489563
0.7428587079048157,1.9546157121658325,2.5947346687316895,1.8382582664489746,0.4580574333667755,1.7044743299484253
2.385227918624878,2.3454737663269043,2.602569103240967,1.8237402439117432,1.7251081466674805,1.2208325862884521
2.541368007659912,0.4767899811267853,0.35913750529289246,1.6662170886993408,0.21297715604305267,1.4920016527175903
2.4222352504730225,2.559117555618286,2.492237091064453,0.20590618252754211,1.4743527173995972,1.7246900796890259
1.0069842338562012,2.561022996902466,2.00191593170166,1.2909348011016846,0.21531151235103607,0.16932860016822815
2.6135101318359375,2.555706262588501,2.601700782775879,0.29573139548301697,1.7919059991836548,0.9394907355308533
2.276564121246338,2.5867438316345215,0.5844674706459045,0.20372936129570007,0.23307208716869354,0.9402479529380798
2.2203238010406494,0.420125275850296,0.35526689887046814,0.20041385293006897,0.4583074748516083,1.792580485343933
2.6054680347442627,2.114400863647461,2.6016314029693604,1.8331899642944336,1.7782037258148193,1.7070471048355103
0.3621991276741028,2.2114527225494385,0.5069989562034607,1.832199215888977,1.8070528507232666,0.17403647303581238
2.3612561225891113,2.3804051876068115,2.585308313369751,0.19855651259422302,1.7905815839767456,0.1735350787639618
1.8609609603881836,1.1684608459472656,0.8465439081192017,1.5118752717971802,1.8083226680755615,1.7950875759124756
0.4025343060493469,2.4166386127471924,1.0898606777191162,1.5593476295471191,1.8044402599334717,1.7132750749588013
2.588735580444336,0.3802326023578644,2.6002910137176514,0.2403329312801361,1.8041274547576904,0.4073798954486847
2.423464059829712,2.0207154750823975,2.1699938774108887,0.1981046497821808,1.4444764852523804,1.7868740558624268
2.61409854888916,2.54655122756958,0.8312886357307434,1.417549967765808,0.25566479563713074,1.6674386262893677
0.36279159784317017,0.5847753286361694,0.7276846170425415,0.20979109406471252,0.18029527366161346,0.19756564497947693
2.624155044555664,0.4116574823856354,2.486675500869751,1.7138956785202026,1.536234974861145,0.3544241487979889
2.621211528778076,2.5273075103759766,2.3016953468322754,0.19551894068717957,1.2370285987854004,0.17006847262382507
2.3207147121429443,2.5304226875305176,2.546008348464966,1.835766077041626,1.808419942855835,0.17859312891960144
2.584810495376587,2.5536677837371826,2.4029181003570557,1.7675340175628662,0.17967592179775238,0.16904839873313904
2.3325438499450684,2.5476527214050293,0.3726900517940521,0.20087990164756775,0.22662948071956635,1.7972973585128784
2.6148197650909424,0.3950376808643341,2.5801897048950195,0.32223430275917053,1.8062411546707153,1.7975860834121704
1.0237594842910767,0.9739418625831604,2.5626425743103027,1.8382418155670166,0.19318614900112152,0.1702631413936615
2.5602307319641113,0.5767217874526978,2.450205087661743,1.8064230680465698,0.17831198871135712,1.7844724655151367
2.552372694015503,2.5809240341186523,2.601804494857788,1.483871340751648,0.2874123156070709,0.16898778080940247
0.4450623393058777,2.5864388942718506,0.6986086368560791,0.1996978223323822,0.31365981698036194,1.192919135093689
2.0363707542419434,2.408193349838257,0.843183159828186,1.6008297204971313,0.9181129336357117,0.1690453588962555
2.6251704692840576,2.5805671215057373,1.7730870246887207,1.8228733539581299,0.5995277762413025,0.3065122663974762
1.9001426696777344,0.3785645067691803,2.5953726768493652,0.2074163854122162,1.7995140552520752,1.729041337966919
1.8477143049240112,2.4997568130493164,2.3356733322143555,1.8388530015945435,0.21699272096157074,1.7953447103500366
0.3619043231010437,1.1011667251586914,2.474916696548462,1.8375399112701416,0.3667910397052765,1.7975808382034302
1.7071081399917603,2.5592198371887207,1.7025341987609863,1.6133137941360474,0.5674664378166199,0.4701441824436188
2.6262214183807373,1.1901370286941528,2.5965120792388916,1.5205475091934204,1.5881975889205933,0.19185933470726013
2.5985305309295654,2.234931468963623,0.36150047183036804,1.3533722162246704,1.8060662746429443,0.20354530215263367
0.6552785038948059,2.2241318225860596,2.578895330429077,1.7503485679626465,1.7789431810379028,1.7677079439163208
0.3627241253852844,2.456573724746704,0.37481340765953064,0.2696693241596222,1.7848224639892578,0.1689617931842804
2.629429340362549,2.511697769165039,2.5294344425201416,0.1975848376750946,0.9206666350364685,0.36950597167015076
0.5666104555130005,2.4115893840789795,2.5959997177124023,1.8382720947265625,0.18324916064739227,0.5659986138343811
0.39592474699020386,2.5846893787384033,1.8739408254623413,1.8387682437896729,1.701306939125061,0.35158786177635193
0.5130218863487244,0.5776214003562927,0.35433122515678406,1.3742073774337769,1.7352925539016724,1.7977246046066284
2.2186696529388428,0.4004497826099396,2.281930923461914,0.2532847225666046,1.7942991256713867,0.6393595337867737
1.4692186117172241,1.580370545387268,2.4046220779418945,0.561629056930542,1.7619869709014893,0.1692841351032257
0.3694435954093933,2.586735248565674,0.4772314727306366,1.5513352155685425,1.7638957500457764,0.16906651854515076
2.628969430923462,0.7296242713928223,2.56486177444458,1.837293028831482,1.7563725709915161,1.7950564622879028
0.36162203550338745,1.323218822479248,1.5074552297592163,0.46720364689826965,1.7523949146270752,0.22946122288703918
2.6296515464782715,0.44313207268714905,2.5906143188476562,1.7893364429473877,1.0339431762695312,1.7923469543457031
2.6288342475891113,1.0657787322998047,1.4811396598815918,0.21832528710365295,0.1780577152967453,1.7824902534484863
2.4832422733306885,1.6359355449676514,0.3577098548412323,0.20263352990150452,0.5530277490615845,1.3182133436203003
2.389327049255371,0.7333853840827942,0.3546193540096283,0.25208309292793274,1.804928183555603,1.7967381477355957
1.6960877180099487,0.3798108398914337,2.548795223236084,0.21274212002754211,1.7290265560150146,1.7819501161575317
0.36211973428726196,0.39970019459724426,0.35434767603874207,1.627848505973816,1.8089187145233154,1.1265060901641846
2.3834171295166016,0.40084806084632874,2.3990609645843506,0.19771453738212585,1.4726723432540894,1.4700499773025513
2.0922067165374756,0.45754364132881165,2.529940605163574,1.8370370864868164,0.3207458555698395,1.7474451065063477
0.47320133447647095,1.0203768014907837,2.2732722759246826,1.8301998376846313,1.8025320768356323,1.7705423831939697
0.3696172833442688,1.9764256477355957,1.8668205738067627,1.8316172361373901,0.2786184251308441,0.169454425573349
2.5827181339263916,1.9155974388122559,0.35594961047172546,0.1961035430431366,1.8088903427124023,1.754311442375183
0.3634116053581238,2.5051815509796143,0.5427517294883728,1.377341389656067,1.4272470474243164,1.27628755569458
1.1489286422729492,2.582662582397461,1.223872423171997,1.8367916345596313,1.8079307079315186,1.613284707069397
2.3914458751678467,0.3872711956501007,0.35698816180229187,1.8310415744781494,0.17851339280605316,1.7976888418197632
2.026386260986328,2.404805898666382,2.460707902908325,0.36978378891944885,0.23842816054821014,0.20707234740257263
0.48102349042892456,0.38313332200050354,2.601224660873413,1.3408862352371216,1.8071931600570679,0.17047861218452454
0.37702780961990356,0.40188518166542053,2.590845823287964,0.5579214692115784,1.0055805444717407,1.7975983619689941
2.628176689147949,2.318406581878662,0.36244282126426697,1.5887764692306519,0.3646141588687897,1.4833613634109497
2.1869008541107178,2.49238920211792,2.529010772705078,0.45457085967063904,1.5373001098632812,0.2221604883670807
1.8666367530822754,2.5865657329559326,2.5636613368988037,1.6194344758987427,1.6063315868377686,0.169226735830307
2.5709969997406006,0.8611804246902466,2.445301055908203,0.2648436725139618,0.9069304466247559,1.63002347946167
0.7112128734588623,2.5836374759674072,0.354862779378891,0.4472581446170807,0.17911075055599213,1.3438471555709839
2.5042624473571777,0.544948399066925,0.6855207085609436,1.8237824440002441,1.6503393650054932,1.749006986618042
2.5986766815185547,2.5382142066955566,2.5298573970794678,1.8382927179336548,0.6063203811645508,1.3418290615081787
1.5814344882965088,2.4599504470825195,0.3560687005519867,0.20866569876670837,0.18386749923229218,1.7889460325241089
2.628547191619873,0.3790948688983917,0.355758398771286,1.8385303020477295,0.3356286585330963,0.16939249634742737
0.990410566329956,2.5821616649627686,0.3571138083934784,1.8216067552566528,1.8088016510009766,1.716591477394104
2.6187002658843994,2.5656092166900635,2.597090244293213,1.8276312351226807,0.4966137409210205,0.22969552874565125
2.554062843322754,0.3797098696231842,0.6855353116989136,1.0036723613739014,0.1806081384420395,0.39117446541786194
2.566671133041382,1.8477859497070312,2.2707276344299316,0.21234598755836487,0.17807744443416595,1.6761648654937744
2.6190686225891113,1.511587381362915,2.2541134357452393,1.812941312789917,0.27033331990242004,0.7311800122261047
0.3620818257331848,2.474992036819458,0.7454959750175476,1.8008800745010376,0.23316477239131927,1.784777045249939
0.3678348660469055,2.5868566036224365,0.35409411787986755,0.35194268822669983,0.4383997619152069,1.6596031188964844
0.8334240317344666,2.5027596950531006,2.5230400562286377,0.4991151988506317,1.7782601118087769,0.17312511801719666
2.6164867877960205,2.5729598999023438,0.9747454524040222,1.6167374849319458,1.7849212884902954,0.1731187403202057
2.629645347595215,0.38007357716560364,0.4150587022304535,1.0432597398757935,0.24962256848812103,0.9535629749298096
2.616473436355591,0.4053446352481842,1.3680797815322876,0.25940564274787903,1.8049262762069702,0.16899755597114563
0.789645254611969,0.4702114164829254,2.5107831954956055,1.8381770849227905,1.8081691265106201,1.3736345767974854
0.36769169569015503,0.40568986535072327,2.5635716915130615,1.819067120552063,1.8087629079818726,0.16900977492332458
2.024291515350342,2.4697554111480713,0.3963039815425873,1.8121058940887451,1.8060156106948853,0.17083171010017395
2.5619754791259766,0.3822069466114044,0.36358246207237244,1.569822072982788,0.21137098968029022,1.6449038982391357
2.458590269088745,0.3946646749973297,0.3642013967037201,0.1954599916934967,1.792536973953247,1.7641704082489014
2.627077341079712,2.5769941806793213,0.5037106275558472,0.1955060064792633,0.1789523810148239,1.754999041557312
2.142601251602173,0.4026701748371124,0.40248903632164,0.20681414008140564,1.7938237190246582,0.16992470622062683
0.4340042471885681,0.3896360695362091,1.5545625686645508,1.770268440246582,0.2206626981496811,0.16962704062461853
0.7012075185775757,2.4765913486480713,0.3604452311992645,1.285319209098816,1.7350958585739136,1.1770482063293457
2.000448703765869,0.5136443972587585,2.6025619506835938,0.41454288363456726,1.7997617721557617,0.3760118782520294
0.36187201738357544,2.585606575012207,0.3785119950771332,0.23710182309150696,1.4577808380126953,0.5120315551757812
2.6162166595458984,2.563708782196045,0.5434565544128418,0.6000194549560547,0.24087129533290863,0.2107047140598297
0.3617364764213562,0.5219630002975464,0.4686836898326874,1.8327971696853638,1.802301287651062,0.2556462585926056
0.37998586893081665,0.6604475975036621,2.602027416229248,1.8373024463653564,1.006371021270752,0.2974153459072113
1.288549780845642,2.583967685699463,2.6022655963897705,0.1965990960597992,1.2533771991729736,0.34763553738594055
2.62540602684021,2.0564136505126953,0.4055890738964081,1.8001880645751953,1.7684476375579834,0.36612746119499207
2.6271872520446777,2.586766242980957,2.53349232673645,1.749018669128418,1.0935707092285156,1.5866906642913818
0.5436581969261169,2.5728018283843994,0.35405752062797546,0.204194575548172,1.6772023439407349,1.0810983180999756
0.5100526809692383,0.3787030279636383,2.5913496017456055,1.83395254611969,0.8038591146469116,1.797664999961853
0.4753114581108093,2.5842392444610596,2.564302682876587,1.6307801008224487,1.8057576417922974,1.7930676937103271
1.253893256187439,2.5732522010803223,0.38517364859580994,1.7698220014572144,0.49396634101867676,0.1689545214176178
2.6205246448516846,0.5361660718917847,0.35512682795524597,0.22515901923179626,1.7885804176330566,1.7806096076965332
2.629694700241089,0.5688638687133789,1.6607390642166138,0.3715524971485138,0.19675569236278534,1.6918888092041016
2.3495638370513916,2.5868451595306396,0.3540358245372772,0.19567951560020447,0.3881281316280365,0.3656596839427948
0.36181288957595825,1.542371153831482,2.5975914001464844,0.22309759259223938,0.17812083661556244,1.1511354446411133
0.3641476035118103,2.4527852535247803,1.6826591491699219,1.7219674587249756,1.3611149787902832,0.17495009303092957
2.524557590484619,0.7755306959152222,2.6019036769866943,0.19552573561668396,0.7658830285072327,0.47461244463920593
2.58888578414917,1.5123603343963623,1.0404294729232788,1.330963134765625,1.804379940032959,0.2764568626880646
0.3630320429801941,0.772430419921875,0.35777828097343445,0.3229288160800934,0.20799897611141205,1.796362042427063
2.423267126083374,1.72555410861969,2.0013670921325684,0.531743049621582,1.6917554140090942,0.9380035400390625
1.8602385520935059,0.4450066387653351,0.610637903213501,0.199336439371109,0.310445636510849,1.7892053127288818
0.9110857844352722,2.520521640777588,0.3763781487941742,0.9953762888908386,0.18604664504528046,0.8524982929229736
0.7922918796539307,2.586846113204956,1.4149863719940186,1.813871145248413,0.18245993554592133,1.2803868055343628
2.6297059059143066,0.9106700420379639,1.8976608514785767,0.23564216494560242,1.8083019256591797,0.983115553855896
0.8040289878845215,2.0847795009613037,2.2983109951019287,1.2822966575622559,0.5405992269515991,0.6808416247367859
2.262380599975586,2.5858521461486816,2.025524854660034,0.19955924153327942,1.7992680072784424,0.16896632313728333
0.5162032246589661,0.37842562794685364,0.3594190776348114,0.2841944396495819,1.8088457584381104,0.23112979531288147
0.5058345198631287,2.5822372436523438,2.081484079360962,0.1976121962070465,0.5205051302909851,0.6210588216781616
1.8220901489257812,2.5317564010620117,0.37312743067741394,1.8020364046096802,0.19870422780513763,1.7526763677597046
0.5321225523948669,2.5868542194366455,0.5217001438140869,1.8217148780822754,1.8087283372879028,0.20715317130088806
2.6286611557006836,0.5323742032051086,2.5977284908294678,0.21424046158790588,1.8054115772247314,0.16910859942436218
0.9182572960853577,2.5796732902526855,1.2261391878128052,1.8363673686981201,1.8039714097976685,1.7580398321151733
2.550633430480957,1.5749567747116089,2.553992509841919,1.0341516733169556,0.9284538626670837,1.7953404188156128
2.62900447845459,2.5731279850006104,2.5987887382507324,0.19564589858055115,1.5505446195602417,0.17417755722999573
2.544032573699951,2.5489864349365234,1.0038495063781738,1.3712173700332642,1.7985864877700806,0.5456008911132812
0.36163169145584106,1.1439645290374756,2.602186918258667,1.8392584323883057,1.806586503982544,0.17850413918495178
0.36403125524520874,1.7417140007019043,2.415179967880249,1.8392727375030518,1.5168676376342773,1.7969273328781128
2.0758843421936035,0.8299864530563354,2.4366745948791504,1.5634063482284546,0.65508633852005,0.2140670120716095
2.6283328533172607,2.575709104537964,2.5894994735717773,1.0407925844192505,0.1781802624464035,1.1463191509246826
0.5013850331306458,2.4033546447753906,0.5111359357833862,1.83918297290802,1.652604103088379,1.411577820777893
2.2716028690338135,0.3845358192920685,2.5871222019195557,1.8341788053512573,1.1705121994018555,0.6613489985466003
0.3615979552268982,0.38933447003364563,0.46611663699150085,0.19855567812919617,1.7955149412155151,1.7976760864257812
2.599273920059204,2.5348198413848877,0.44362911581993103,1.8387130498886108,0.40246346592903137,0.28238561749458313
1.5604034662246704,2.5865514278411865,0.8459105491638184,0.1954658329486847,1.8064883947372437,0.16895368695259094
0.38038426637649536,2.583362579345703,2.584494113922119,1.8377634286880493,0.18024717271327972,1.7242372035980225
2.2573535442352295,0.39314499497413635,2.6025502681732178,1.7658342123031616,0.17834387719631195,1.17681086063385
2.616009473800659,0.37897351384162903,0.3619661033153534,1.8392260074615479,0.2952066957950592,1.7648340463638306
0.36404329538345337,2.399247169494629,2.602001667022705,1.0324593782424927,0.8460488319396973,1.7955306768417358
2.612971067428589,2.4527053833007812,2.047285318374634,0.2002888023853302,0.6550465226173401,0.5184144973754883
1.846039891242981,2.586459159851074,0.3572588860988617,0.4797569215297699,0.3049071133136749,1.6776540279388428
0.4291453957557678,1.5303746461868286,2.6024980545043945,0.927615225315094,1.806894063949585,1.7022695541381836
0.39244526624679565,0.5336495041847229,2.1654775142669678,1.838623046875,0.192414328455925,0.5463996529579163
2.62969708442688,1.0649333000183105,0.35696277022361755,0.6666968464851379,0.17805759608745575,1.0781657695770264
2.58958101272583,1.273864984512329,2.533101797103882,0.2790868580341339,0.17809103429317474,1.7929421663284302
1.7888299226760864,0.4308929741382599,2.5782735347747803,1.3551102876663208,0.42536672949790955,1.053654432296753
2.399639129638672,2.573287010192871,2.165170431137085,0.4965585768222809,1.723459005355835,1.740942358970642
2.4359993934631348,1.5357418060302734,0.8031392097473145,0.2292443811893463,0.1807110756635666,1.4470288753509521
0.6289279460906982,0.4019055664539337,2.2991256713867188,1.3075544834136963,1.5955781936645508,0.17079171538352966
0.5833895206451416,0.38424888253211975,0.35405871272087097,0.19547143578529358,1.7909327745437622,1.797643780708313
0.3625561594963074,2.3354482650756836,2.543027877807617,1.8276063203811646,0.7193124890327454,0.27924612164497375
2.6283490657806396,2.5849480628967285,2.602349042892456,0.2001316249370575,1.6109631061553955,1.5871795415878296
2.3618247509002686,0.42573586106300354,0.8235442042350769,0.26387354731559753,1.8088853359222412,0.6714836955070496
1.1933534145355225,0.37872031331062317,2.5858235359191895,1.7274293899536133,0.9889177083969116,1.6915806531906128
1.9548945426940918,2.1663849353790283,0.35405299067497253,1.8110994100570679,1.362166166305542,1.7958766222000122
0.831267237663269,0.8835304379463196,0.3540167510509491,0.20262029767036438,0.44512924551963806,0.16933956742286682
1.5787467956542969,2.5454771518707275,0.7303040623664856,0.2480476200580597,0.17805300652980804,1.7934141159057617
1.2392253875732422,2.007359266281128,0.38287684321403503,1.8369134664535522,1.8066282272338867,1.7402876615524292
2.6283695697784424,0.5058749318122864,0.3593364655971527,0.8117226958274841,0.24879519641399384,1.797761082649231
0.3767138123512268,2.283853769302368,0.36043378710746765,1.4475675821304321,1.3287450075149536,0.8002579212188721
0.5873438119888306,1.8318718671798706,0.35433539748191833,0.20948967337608337,1.3397963047027588,0.2942052185535431
2.3630967140197754,2.5866494178771973,0.4893369972705841,0.7603043913841248,0.28124484419822693,1.5846688747406006
0.6099998354911804,2.586613893508911,1.6120802164077759,1.688979983329773,0.21031896770000458,1.7859610319137573
2.6294281482696533,2.571652889251709,2.602353572845459,1.8370214700698853,1.6685994863510132,1.788717269897461
2.598174810409546,0.3847241699695587,2.5023810863494873,0.1959685981273651,1.796600103378296,1.7977616786956787
2.6210062503814697,0.817285418510437,2.115758180618286,1.3804441690444946,1.792781949043274,1.7842721939086914
0.37455159425735474,0.43288305401802063,0.5696301460266113,0.19550499320030212,1.806045413017273,0.2206319272518158
0.3864590525627136,2.314262628555298,2.2681667804718018,1.8108255863189697,1.6711840629577637,0.38546016812324524
2.62752628326416,0.37843266129493713,2.54060697555542,1.6832549571990967,0.17815403640270233,1.1512161493301392
2.456458806991577,1.5368517637252808,1.214361548423767,1.8391765356063843,0.22634278237819672,1.7104859352111816
0.37136703729629517,2.075772285461426,1.2482764720916748,1.7383806705474854,0.1813107579946518,0.9790583848953247
1.002546787261963,1.8366996049880981,2.5970966815948486,1.3229109048843384,0.22665612399578094,1.30435049533844
0.5272957682609558,1.7287487983703613,0.3542890250682831,0.1976512372493744,1.767329454421997,0.2643595039844513
0.37085944414138794,0.3784773647785187,2.5300827026367188,1.8322522640228271,0.7853485941886902,1.4431310892105103
2.5353646278381348,2.5803205966949463,0.3703809678554535,0.2451241910457611,0.7658072113990784,0.22428593039512634
1.9100909233093262,2.57859206199646,1.2170394659042358,0.19547656178474426,1.8089046478271484,1.6012612581253052
2.614396810531616,1.8299696445465088,0.36007627844810486,0.20171567797660828,0.21132199466228485,1.742772102355957
0.3643420338630676,2.583012104034424,0.3546544015407562,0.19595441222190857,1.808921456336975,1.3049877882003784
2.4570066928863525,2.5533299446105957,0.35449883341789246,1.821330189704895,1.7957600355148315,1.7946351766586304
0.390438973903656,2.309358835220337,1.828728199005127,1.8140406608581543,1.8077061176300049,0.5292394161224365
0.3616030812263489,2.5864834785461426,1.1070765256881714,1.413308024406433,0.20035849511623383,0.22966501116752625
2.6287620067596436,1.7988795042037964,2.595405101776123,1.7214299440383911,1.421434998512268,0.16907671093940735
2.563173532485962,2.3650848865509033,0.3550874888896942,0.21794572472572327,1.8001782894134521,0.1715356409549713
2.0322282314300537,2.544613838195801,1.6980271339416504,0.1962946355342865,0.17905603349208832,0.20432808995246887
2.595822334289551,0.4046274721622467,0.36467310786247253,1.8372822999954224,1.7259399890899658,1.750056505203247
2.2373764514923096,2.5309457778930664,0.35405871272087097,1.8375340700149536,0.41249069571495056,0.1757100522518158
2.256561517715454,1.5464328527450562,0.8079427480697632,1.030782699584961,0.4900202453136444,1.7918572425842285
0.3617703318595886,2.5183305740356445,1.483258605003357,0.19547930359840393,1.8080511093139648,1.2436431646347046
2.627617597579956,0.39054158329963684,1.6470310688018799,1.833711862564087,1.431532382965088,1.0060726404190063
2.6290571689605713,0.8273380994796753,0.35403212904930115,1.8353909254074097,0.18211553990840912,1.6371243000030518
0.36566418409347534,1.2051959037780762,1.8454172611236572,1.1767717599868774,1.3675947189331055,1.7110334634780884
2.4751672744750977,0.4520682394504547,0.4580080211162567,0.20268049836158752,0.9480047225952148,0.17347452044487
0.37315744161605835,2.586501359939575,0.37769290804862976,0.1970888078212738,0.38626816868782043,0.3101712763309479
2.5395748615264893,2.5521626472473145,1.7084091901779175,1.798648715019226,1.8073476552963257,1.3558346033096313
2.4636449813842773,0.443663626909256,2.446465492248535,1.5868958234786987,0.8231114149093628,0.2865402400493622
2.2948405742645264,0.9075470566749573,0.7304707169532776,1.084632396697998,1.7253137826919556,0.6632765531539917
2.5014781951904297,0.378411203622818,0.3540203273296356,1.8392680883407593,0.7304846048355103,1.797086238861084
0.5609452128410339,1.671788215637207,2.4769070148468018,1.7916842699050903,1.628049373626709,1.7973023653030396
0.619530200958252,0.3809482157230377,1.5042022466659546,0.19557014107704163,1.4881579875946045,0.16895762085914612
2.626805067062378,2.474886655807495,0.3958456218242645,0.19877555966377258,1.1314283609390259,0.5336745381355286
1.3807100057601929,2.336890935897827,2.602478265762329,0.2539064586162567,0.49275365471839905,0.23104223608970642
2.6297054290771484,1.0192874670028687,2.2415058612823486,0.3613447844982147,1.6976698637008667,1.7957377433776855
2.4241983890533447,2.4744012355804443,0.46820470690727234,1.839189052581787,1.276911735534668,0.20397260785102844
2.6273839473724365,2.586430072784424,0.35956844687461853,1.7607643604278564,0.17807196080684662,0.3264417350292206
0.5349732041358948,2.4155123233795166,0.3541559875011444,1.8352093696594238,0.17847840487957,1.761546015739441
2.629735231399536,1.9852663278579712,0.4915789067745209,1.82304048538208,1.7933125495910645,0.6833534240722656
0.36201828718185425,1.5912816524505615,0.3566685616970062,0.19774088263511658,0.2202368825674057,0.45321205258369446
2.621558904647827,0.7110806703567505,1.0669113397598267,0.5392140746116638,0.5314386487007141,1.6568310260772705
2.4789018630981445,0.4155600368976593,2.1728076934814453,0.6630940437316895,0.49549609422683716,1.697647213935852
0.42844682931900024,2.5506410598754883,0.8801687359809875,1.8314399719238281,1.8007911443710327,1.7301898002624512
0.44307905435562134,0.3785152733325958,2.602569103240967,1.5745426416397095,0.17878954112529755,1.0897148847579956
1.1971791982650757,0.39257481694221497,1.4993373155593872,1.5849018096923828,0.8027322292327881,0.4274192750453949
0.7021577954292297,2.4232566356658936,0.35887929797172546,1.8340157270431519,1.8088898658752441,0.17198637127876282
0.9606078267097473,2.5867557525634766,2.2083628177642822,1.8046631813049316,1.7685434818267822,0.16936776041984558
2.3144960403442383,0.3784203827381134,0.3632100522518158,1.8392618894577026,0.1785179227590561,1.7920044660568237
0.44012659788131714,1.4714423418045044,2.591052770614624,1.4886749982833862,1.5190887451171875,0.16950520873069763
2.608865737915039,2.09407377243042,0.37144240736961365,0.19917944073677063,0.9055317640304565,1.7864972352981567
0.6744734048843384,0.5689601898193359,0.4271943271160126,0.20677581429481506,1.652289867401123,1.737337350845337
1.7780938148498535,0.40863552689552307,0.8577200174331665,0.9893659949302673,1.7868616580963135,0.18318882584571838
2.6296632289886475,0.4009399712085724,2.457395315170288,0.2027515470981598,1.8072212934494019,0.16896924376487732
2.564680814743042,2.2382988929748535,0.4424014985561371,0.23817822337150574,1.7554905414581299,0.17066672444343567
0.36158686876296997,0.424148827791214,1.9798429012298584,0.1970084011554718,1.7870349884033203,1.797726035118103
1.0449209213256836,2.509056329727173,0.35511156916618347,0.19547298550605774,1.8085823059082031,1.738040566444397
0.38130730390548706,2.5735080242156982,2.3985648155212402,0.2101580798625946,0.20067237317562103,1.79771089553833
2.6183242797851562,2.585878849029541,2.6014649868011475,1.7003482580184937,0.178192600607872,0.7232422828674316
1.4614821672439575,0.3811770975589752,1.8280882835388184,0.47884926199913025,1.7894600629806519,0.9535754323005676
1.1975895166397095,0.8231838941574097,2.524096965789795,0.20992425084114075,1.5191255807876587,1.793145775794983
0.6705554127693176,2.2842464447021484,0.6202521920204163,0.19810357689857483,0.27620288729667664,0.1690351665019989
0.436842143535614,2.470400810241699,2.300391674041748,0.20457997918128967,0.2591427266597748,1.7898281812667847
2.129033088684082,2.5863804817199707,2.2372398376464844,1.402338981628418,1.8075929880142212,1.7950137853622437
1.7039721012115479,1.1226297616958618,1.6072578430175781,0.217561274766922,1.7167516946792603,1.728065848350525
0.36159390211105347,2.5636069774627686,0.48264244198799133,1.3253257274627686,0.22429506480693817,1.0870866775512695
2.3331458568573,1.5649356842041016,2.602546215057373,0.8721709251403809,1.8076817989349365,1.7973313331604004
2.4958012104034424,2.5648326873779297,2.4618165493011475,0.20227393507957458,0.1780611127614975,1.438259243965149
0.36246079206466675,1.9305857419967651,2.2255609035491943,0.19579645991325378,1.8053107261657715,0.8548992872238159
2.6297197341918945,0.3925420343875885,0.5242735147476196,1.835856318473816,1.8080464601516724,1.6850634813308716
1.3541291952133179,2.584380865097046,2.586059093475342,0.19552430510520935,0.1783696860074997,0.21227380633354187
2.3761563301086426,2.4739930629730225,0.8650375604629517,0.24399444460868835,0.23322747647762299,1.7953402996063232
2.48527455329895,2.583373785018921,0.3926323354244232,1.7571449279785156,0.17881189286708832,1.7963807582855225
1.4001092910766602,0.832547128200531,1.2535223960876465,1.6539117097854614,1.4628558158874512,0.935962438583374
0.36163777112960815,0.4431284964084625,0.3545752465724945,0.19549772143363953,1.7939985990524292,1.7969915866851807
0.5829824805259705,0.4034276306629181,2.4965767860412598,0.19593092799186707,1.5483499765396118,0.4398629367351532
0.3703179955482483,2.5553219318389893,2.4877307415008545,0.7149184346199036,1.4384852647781372,0.23654022812843323
2.5932390689849854,2.516655445098877,0.6914375424385071,0.2522776424884796,1.8079848289489746,1.793999433517456
0.3672303557395935,2.2359936237335205,0.9136754274368286,0.5376157760620117,0.5288415551185608,1.7789007425308228
1.5165822505950928,1.2730158567428589,2.598928213119507,0.19563165307044983,1.8088932037353516,1.7977392673492432
2.5420989990234375,0.3784419596195221,2.32199764251709,1.8391273021697998,1.8087245225906372,0.9817264080047607
0.8204516172409058,0.413597971200943,0.4096321761608124,1.0805221796035767,1.0244590044021606,1.7976055145263672
1.7728191614151,2.5868399143218994,0.8310400247573853,1.8192483186721802,0.6498674750328064,1.7964625358581543
2.3782172203063965,2.0905349254608154,0.355819433927536,0.2006559669971466,0.18774108588695526,0.17076101899147034
2.5001025199890137,2.0187058448791504,0.35419759154319763,1.740775227546692,0.18211214244365692,0.16923865675926208
2.604674816131592,2.554644823074341,0.5770263075828552,0.2108536660671234,1.2411227226257324,0.27000144124031067
0.8397125601768494,0.38187506794929504,0.6500338912010193,1.7586112022399902,0.21338783204555511,0.21899035573005676
2.6267125606536865,2.586825132369995,2.2501919269561768,0.26198628544807434,1.7044336795806885,0.1912895143032074
0.7882014513015747,2.5827903747558594,2.5521581172943115,1.1890568733215332,0.7347925305366516,0.16901209950447083
2.622941017150879,2.2391273975372314,0.7888355851173401,1.7911992073059082,1.7161122560501099,0.17037847638130188
2.5628631114959717,0.378439337015152,0.3684168756008148,0.5377578735351562,1.753641128540039,0.4811972677707672
1.9210671186447144,0.40353336930274963,1.0396685600280762,1.1621140241622925,1.517967700958252,1.740500807762146
0.36244267225265503,2.582824945449829,1.0479665994644165,1.8389836549758911,1.8024348020553589,1.7977368831634521
0.37367814779281616,0.9099830985069275,2.6018126010894775,1.7070714235305786,1.7260921001434326,1.7954416275024414
2.1523470878601074,0.38840582966804504,0.5102707147598267,0.2385680377483368,1.8086644411087036,1.7211850881576538
0.3794512152671814,2.585059881210327,2.6025640964508057,0.1958473026752472,1.8070482015609741,0.21878299117088318
0.37292855978012085,0.3995186388492584,2.602281093597412,1.8392316102981567,0.3929078280925751,1.790230393409729
2.6261446475982666,0.4768417179584503,2.589270830154419,0.19568189978599548,1.808921456336975,0.16895326972007751
2.6241941452026367,2.5867323875427246,0.3565208613872528,1.6468195915222168,1.0250897407531738,0.25612547993659973
2.612124443054199,0.7686150074005127,2.3723363876342773,1.5760555267333984,0.18048392236232758,0.9226366877555847
2.62859845161438,2.536766767501831,1.3363522291183472,0.20713791251182556,1.709689974784851,1.20547616481781
0.3616010546684265,2.5732309818267822,0.4918331801891327,1.8392388820648193,0.3805369436740875,1.7976155281066895
0.8348039984703064,0.3813183605670929,0.35519418120384216,1.8102834224700928,0.2793039381504059,1.7925690412521362
1.0715540647506714,2.55082106590271,2.382335901260376,1.7899971008300781,1.8083745241165161,0.5380190014839172
2.625465154647827,2.0544066429138184,0.4149421155452728,0.2362537682056427,1.6835371255874634,1.7897099256515503
0.3618585467338562,0.45410457253456116,2.6025288105010986,1.774980902671814,1.7669864892959595,1.0678460597991943
1.7870938777923584,0.37964823842048645,2.602526903152466,1.5891770124435425,0.1800195425748825,0.16896900534629822
2.528388023376465,0.378505140542984,2.602271318435669,0.22372755408287048,1.7838841676712036,1.7785547971725464
2.183115243911743,2.0505006313323975,0.3561497628688812,1.1463998556137085,1.7676198482513428,1.7825597524642944
2.624685525894165,2.564882278442383,0.4030378758907318,1.8102959394454956,1.6784045696258545,1.437138319015503
1.5194708108901978,2.3692939281463623,2.5192453861236572,0.20150622725486755,0.2105874866247177,1.5611063241958618
2.5426130294799805,0.37917008996009827,2.5633440017700195,0.23363903164863586,1.0976871252059937,0.38033387064933777
2.2221927642822266,0.390919953584671,0.4702995717525482,0.22092178463935852,0.20804302394390106,0.18556228280067444
2.4885213375091553,2.422006368637085,1.558170199394226,0.7258586287498474,0.18995831906795502,1.2091784477233887
2.3645565509796143,0.4030492603778839,2.5742485523223877,0.4665032923221588,1.8081786632537842,0.16910728812217712
2.513294219970703,0.932278037071228,0.4222254455089569,1.4870672225952148,0.6084151864051819,1.2632427215576172
2.518091917037964,0.5806625485420227,2.549592971801758,0.2063625156879425,0.7280279994010925,1.796156644821167
0.7126455903053284,2.0950100421905518,0.5624594688415527,0.4859563410282135,1.2727915048599243,1.797501564025879
0.36201566457748413,1.112581729888916,2.173989772796631,1.8361246585845947,1.66079580783844,1.0709670782089233
2.6274993419647217,2.173520803451538,1.256392240524292,0.40079256892204285,1.8016941547393799,1.7118622064590454
2.6297099590301514,2.5653226375579834,0.5747232437133789,0.195566326379776,1.7942339181900024,1.0283533334732056
2.483408212661743,2.573286533355713,2.5878195762634277,0.20167091488838196,1.7656437158584595,0.685359001159668
0.6231065988540649,2.442331552505493,1.6529021263122559,1.2986217737197876,0.9788016080856323,0.7614466547966003
0.3616103529930115,2.548171043395996,0.35435065627098083,1.8236615657806396,1.5494654178619385,1.6781768798828125
0.42869096994400024,2.52787184715271,2.562920093536377,1.6308249235153198,1.336182951927185,0.17066213488578796
2.616530418395996,2.58579421043396,1.7004090547561646,0.19819596409797668,0.26277950406074524,1.7971540689468384
0.40884608030319214,1.9073841571807861,2.526273727416992,0.19566622376441956,1.80892014503479,1.7952805757522583
2.628986120223999,2.315225124359131,2.600825071334839,0.2573886811733246,0.45689335465431213,1.796671986579895
2.6220414638519287,0.877184271812439,0.5365543365478516,1.8355709314346313,0.37004128098487854,1.1477121114730835
1.7784837484359741,2.3165242671966553,0.42915698885917664,0.24916920065879822,1.8088467121124268,1.3394429683685303
2.316598892211914,0.8506411910057068,2.341554880142212,0.1981700360774994,1.6958940029144287,1.7402008771896362
2.6213769912719727,0.4765808880329132,0.3765154778957367,0.22235408425331116,1.616611123085022,0.8593809604644775
2.6113147735595703,0.509143590927124,2.44506573677063,0.27272382378578186,1.8083442449569702,1.7965422868728638
0.36156827211380005,2.5860211849212646,0.36940523982048035,1.837030291557312,0.3745501935482025,1.7142088413238525
1.277138113975525,0.8559138774871826,2.548729419708252,1.838860273361206,0.5799527168273926,1.7040294408798218
0.46838730573654175,2.5427870750427246,1.2144889831542969,0.6857314109802246,0.1825890988111496,0.40195438265800476
2.6292083263397217,1.6072384119033813,1.7750881910324097,1.182939887046814,0.7324403524398804,0.22989758849143982
1.8387537002563477,2.444141387939453,1.7340699434280396,1.4359469413757324,1.7951956987380981,1.5886855125427246
2.625464916229248,0.37894096970558167,1.201229214668274,0.7747616767883301,1.224300503730774,1.7962589263916016
1.2214772701263428,1.0053904056549072,0.3540289103984833,1.8251444101333618,0.7270260453224182,0.5106499195098877
2.6018755435943604,1.2496682405471802,0.3557067811489105,0.8529716730117798,0.9229297041893005,1.0961477756500244
0.5680609345436096,0.3913370668888092,2.4792840480804443,1.7992395162582397,0.18465660512447357,0.1845848262310028
0.3616165518760681,0.42024627327919006,2.6006393432617188,0.20121994614601135,1.8087382316589355,0.1920483410358429
2.5713613033294678,0.37845543026924133,2.4927687644958496,1.1446433067321777,1.7717739343643188,1.7975966930389404
0.3832823634147644,0.39402273297309875,0.8813297748565674,0.19726625084877014,0.7559753656387329,1.7950053215026855
2.5367417335510254,0.41255369782447815,2.48380446434021,0.9959903955459595,0.2035035938024521,0.22426262497901917
0.583387553691864,0.43475213646888733,0.8189706206321716,1.8235487937927246,1.8088996410369873,0.4467133581638336
2.464407205581665,0.38089612126350403,2.599342107772827,0.24711695313453674,1.1263391971588135,1.7976324558258057
1.7693045139312744,1.2276265621185303,2.6019811630249023,0.199072927236557,1.1147631406784058,0.5187273621559143
2.6273272037506104,2.5621228218078613,2.2089805603027344,1.8379820585250854,1.8074320554733276,0.17695793509483337
2.624891519546509,1.4071754217147827,0.3569105565547943,1.6379910707473755,0.17949067056179047,1.0414073467254639
2.6297030448913574,1.7332637310028076,1.2672064304351807,0.21868237853050232,0.18041811883449554,0.4990091025829315
0.3919910788536072,2.492389678955078,1.3497867584228516,0.20178386569023132,0.18485204875469208,0.9418729543685913
2.5852177143096924,1.5055856704711914,2.389910936355591,0.19736579060554504,0.18174998462200165,0.3112790286540985
2.530658721923828,2.586010694503784,0.4503975808620453,1.7777926921844482,1.3321212530136108,1.5807034969329834
0.4007682204246521,0.5420426726341248,1.5650094747543335,0.19604089856147766,1.7551863193511963,1.7389215230941772
2.509105682373047,0.3849184811115265,0.4874671995639801,1.2953312397003174,0.18240003287792206,0.9676199555397034
1.2749669551849365,0.5855818390846252,2.594207525253296,0.2548951804637909,0.18257056176662445,0.1689668595790863
2.5456669330596924,0.5010807514190674,0.3743250072002411,1.032462239265442,0.1800936907529831,1.7938055992126465
0.3643495440483093,2.425882577896118,2.462082862854004,1.3903716802597046,1.1551823616027832,0.16896632313728333
2.62082576751709,0.39389732480049133,0.35641059279441833,1.7441778182983398,0.18352632224559784,1.7779300212860107
1.5578322410583496,0.3796410858631134,2.2194104194641113,0.2061651647090912,1.8074305057525635,1.7976824045181274
0.42276090383529663,2.5799500942230225,0.3548605144023895,0.21315112709999084,1.7474143505096436,0.6040048003196716
0.6837618350982666,2.586854934692383,0.36253389716148376,0.19802901148796082,1.768265724182129,1.0440233945846558
2.4016425609588623,0.38966408371925354,0.35926756262779236,0.3923232853412628,1.8072373867034912,0.18615570664405823
0.3619357943534851,2.582282543182373,0.3579377830028534,0.4370928704738617,1.3842360973358154,1.768904447555542
2.5966923236846924,1.5739915370941162,2.4466705322265625,1.8271923065185547,0.1833445280790329,0.22595557570457458
0.38338667154312134,0.38140633702278137,2.5442023277282715,1.8392349481582642,1.231476902961731,0.1784476339817047
2.629567861557007,2.216024160385132,0.8407585024833679,1.7161186933517456,0.6591675877571106,1.7938499450683594
2.6129164695739746,0.3788345158100128,1.9410321712493896,0.21368756890296936,0.18760327994823456,1.7953962087631226
2.1700329780578613,0.4450884163379669,0.3661118447780609,0.25281164050102234,1.8049225807189941,0.17161431908607483
2.6297011375427246,0.6897099614143372,2.6002132892608643,0.1961069405078888,0.26754215359687805,1.769890546798706
1.8167176246643066,2.586855411529541,0.3666768968105316,1.6733986139297485,0.30130288004875183,1.790633201599121
2.3399007320404053,2.420988082885742,2.565882682800293,1.05036461353302,0.180678591132164,1.7968093156814575
0.5370819568634033,0.37876978516578674,0.35402342677116394,0.20081719756126404,1.188991665840149,0.17231759428977966
2.5564353466033936,2.250579833984375,0.7582126259803772,1.8337277173995972,0.1782609075307846,0.1737596094608307
0.49079328775405884,1.6434574127197266,2.5528945922851562,0.21126756072044373,1.5065088272094727,1.643654465675354
0.921600341796875,1.3609797954559326,0.39541956782341003,1.8317744731903076,0.4387148916721344,0.8399444222450256
0.36751800775527954,0.38168779015541077,0.4370579421520233,0.1955607831478119,1.808837652206421,1.7650141716003418
2.6140565872192383,1.2227613925933838,2.6021006107330322,1.6496822834014893,0.27797773480415344,0.1913234293460846
2.6171584129333496,2.514150381088257,0.4254898726940155,1.5262529850006104,0.1781366914510727,0.4439609944820404
2.2283053398132324,2.585401773452759,1.1908869743347168,1.7889069318771362,1.7893121242523193,0.17335638403892517
2.6296091079711914,1.3237073421478271,0.3577236831188202,1.7325918674468994,1.808505654335022,0.1689748466014862
2.6269659996032715,0.3791753351688385,2.526291608810425,1.531822681427002,0.22117488086223602,0.1751197874546051
2.435654401779175,0.8241239190101624,1.6571686267852783,0.2610273063182831,1.8089096546173096,0.16962161660194397
0.39069753885269165,2.5741069316864014,0.4424419105052948,1.2179009914398193,1.4735366106033325,0.17962273955345154
1.9408352375030518,0.38033047318458557,0.46561262011528015,0.2813708484172821,1.689437985420227,1.7956712245941162
2.6149094104766846,2.5782129764556885,0.8358823657035828,1.7772213220596313,0.3173272907733917,0.4430033266544342
2.557554244995117,0.6032803058624268,0.8562999963760376,0.19546231627464294,0.19628511369228363,1.797350525856018
0.36800938844680786,2.534614324569702,2.602471351623535,0.22661444544792175,0.19600693881511688,0.1762632429599762
2.605208396911621,0.5643301010131836,2.60221529006958,0.405940443277359,0.1955244392156601,0.3754884898662567
0.39534980058670044,1.3588684797286987,2.5289738178253174,1.8349883556365967,1.8089009523391724,1.4618805646896362
1.0315172672271729,0.3790002167224884,0.3610135018825531,0.3176274597644806,1.71129310131073,0.169196218252182
0.49816036224365234,2.051562547683716,2.602375030517578,0.19872215390205383,0.19607733190059662,0.8318899273872375
0.9131693243980408,0.37992778420448303,0.640178382396698,0.27539458870887756,1.8068312406539917,1.794098138809204
2.627962350845337,0.3841620981693268,2.6025407314300537,0.2443154752254486,1.8088563680648804,0.37132927775382996
0.43969613313674927,0.8360105752944946,2.2587814331054688,1.6816840171813965,1.698534607887268,0.9800731539726257
0.3616803288459778,2.5739498138427734,2.5972959995269775,1.83548903465271,1.6713693141937256,0.580694317817688
0.8484422564506531,2.58040714263916,2.507514476776123,0.22680220007896423,1.8062262535095215,1.7869693040847778
1.5904791355133057,1.022271990776062,2.191542625427246,0.19590958952903748,0.41406914591789246,1.1079648733139038
2.584988594055176,2.5843758583068848,2.376664161682129,0.28421857953071594,0.20962320268154144,0.1702704131603241
2.629671573638916,0.3792722523212433,0.6831559538841248,0.20058146119117737,0.1781850904226303,0.2042658030986786
1.7222882509231567,2.1475799083709717,2.595712184906006,1.0612525939941406,1.8081228733062744,0.16895797848701477
2.6281673908233643,0.9931456446647644,2.589127779006958,0.2056138813495636,1.6620721817016602,0.44061198830604553
2.0413193702697754,2.5862464904785156,1.8520809412002563,0.29810962080955505,1.8068829774856567,1.77619206905365
0.3884778618812561,1.5054014921188354,2.5480964183807373,0.19601795077323914,1.80880606174469,0.1793384850025177
2.6130199432373047,2.228792428970337,0.6099945902824402,1.83804452419281,0.17806796729564667,0.17025503516197205
1.6376270055770874,0.39996734261512756,0.5910043120384216,1.8378404378890991,1.80681312084198,1.7367284297943115
2.621161937713623,2.586298704147339,1.6460802555084229,0.19580760598182678,1.790614366531372,0.17960324883460999
0.36924999952316284,0.4197893440723419,0.4475421607494354,1.568477988243103,0.17813794314861298,1.7977153062820435
0.38100963830947876,0.5334100127220154,0.35427019000053406,0.20252427458763123,1.808922290802002,0.7386572957038879
0.36156827211380005,2.586792469024658,0.3547179400920868,0.2767384350299835,1.4745934009552002,0.1720575988292694
0.36350733041763306,2.5854978561401367,2.2394115924835205,0.2444573938846588,0.18025343120098114,1.7977616786956787
2.5859944820404053,2.580070734024048,0.3589036166667938,0.19594451785087585,0.24586229026317596,0.515818178653717
2.180518627166748,0.8484292030334473,2.0124030113220215,0.6267288327217102,0.17939315736293793,1.591137170791626
2.6089348793029785,2.524714469909668,1.5256547927856445,0.20289364457130432,0.19126056134700775,1.7977534532546997
2.627549171447754,1.6355031728744507,1.9243013858795166,1.6920324563980103,0.2312701791524887,0.7681617140769958
2.0463147163391113,2.5805017948150635,0.5296869874000549,0.19546321034431458,1.764800786972046,1.7092673778533936
0.36208397150039673,2.365442991256714,0.4668690860271454,0.22759297490119934,1.801482081413269,0.18065550923347473
1.8609628677368164,2.201599597930908,0.35428282618522644,0.19852253794670105,1.474392056465149,0.28444018959999084
2.589437484741211,0.39987459778785706,0.37067386507987976,0.2250237762928009,0.8100288510322571,1.498448371887207
2.6297476291656494,0.3804152309894562,0.7419303059577942,0.2806997001171112,0.7883537411689758,1.171286940574646
1.0760024785995483,2.473116159439087,0.5879372358322144,0.20200052857398987,1.8089178800582886,1.729495644569397
2.5795845985412598,2.5860040187835693,2.468411684036255,0.49135032296180725,0.17806552350521088,1.7975279092788696
0.37674397230148315,0.5444175601005554,0.39980456233024597,1.8365185260772705,1.7824985980987549,1.7453421354293823
0.3616061806678772,0.39129939675331116,0.36009928584098816,0.19707241654396057,1.8037501573562622,1.7012205123901367
1.1747797727584839,0.37850943207740784,2.0373947620391846,0.8643086552619934,1.2959377765655518,0.26908740401268005
2.6293859481811523,0.41774287819862366,0.6948373317718506,0.19611170887947083,1.8073469400405884,1.7963827848434448
0.3818266987800598,1.8165462017059326,1.345461368560791,1.0159968137741089,0.27470406889915466,1.0118919610977173
2.548499345779419,1.0619683265686035,0.4091690480709076,0.6823674440383911,0.17814628779888153,0.772531270980835
0.9472478032112122,2.572808265686035,2.600290298461914,0.19587460160255432,0.9966567754745483,0.2534717619419098
2.6255195140838623,0.8866368532180786,0.6594781279563904,0.19546565413475037,1.7462999820709229,0.16931894421577454
0.4205518364906311,0.43598368763923645,2.4711101055145264,0.1956014335155487,0.18235431611537933,0.18490609526634216
2.629735231399536,0.37959542870521545,2.387300491333008,0.28704991936683655,0.18375419080257416,1.7945433855056763
1.9742295742034912,2.5864787101745605,0.4877897799015045,1.7200957536697388,0.17809925973415375,1.7967288494110107
0.4523712992668152,2.4923782348632812,1.4145609140396118,1.7741196155548096,1.8086472749710083,0.4091925323009491
0.3716273903846741,0.39086273312568665,2.5719964504241943,1.7803339958190918,1.8088300228118896,0.635262668132782
2.590812921524048,0.3823857605457306,0.7074259519577026,1.8316937685012817,1.8055121898651123,0.8842213153839111
0.36790281534194946,0.37841668725013733,2.362419366836548,0.2423957884311676,1.7752124071121216,1.763386845588684
2.616118907928467,2.5049571990966797,1.857102870941162,1.8390882015228271,1.8054805994033813,1.7954699993133545
2.5184497833251953,2.3190112113952637,2.498370409011841,0.30047985911369324,0.6064239144325256,0.2589815557003021
2.62691330909729,2.5544233322143555,1.886472225189209,0.9542770385742188,0.2191626876592636,1.7971388101577759
2.628429889678955,2.065842866897583,1.7876777648925781,0.4444020092487335,1.6872601509094238,1.1901254653930664
2.628260374069214,0.41166165471076965,0.4774573743343353,1.830601453781128,1.7975064516067505,0.2192070186138153
0.3927766680717468,0.3844945728778839,0.3552308976650238,0.3118104040622711,0.8296328783035278,1.796544075012207
0.3616005778312683,2.586754560470581,2.602329730987549,1.8223429918289185,0.5837793350219727,0.9375232458114624
2.629692316055298,1.54215407371521,2.579861640930176,0.5580073595046997,1.0081384181976318,0.1690404713153839
0.4502173066139221,0.45699217915534973,0.39991673827171326,0.1960778534412384,1.5276856422424316,1.7870675325393677
0.40582650899887085,2.586696147918701,2.496028184890747,0.1956396996974945,1.8082178831100464,0.16895326972007751
0.3619832396507263,2.165914535522461,1.0147169828414917,1.5641502141952515,1.5942320823669434,1.797751545906067
0.6379314661026001,2.5855319499969482,0.8050493597984314,0.25402066111564636,0.3437180817127228,0.1689535677433014
0.36161619424819946,2.372281551361084,2.5601861476898193,0.737801194190979,1.8045178651809692,1.7976545095443726
2.624363899230957,0.3939566910266876,0.3551853597164154,1.8203771114349365,0.6464917063713074,0.918840765953064
0.3824135661125183,1.7431679964065552,0.9051464200019836,1.8392655849456787,1.7632702589035034,1.4535924196243286
2.610322952270508,2.5851619243621826,1.901102900505066,0.19589504599571228,0.1792549341917038,0.17330345511436462
0.4859970211982727,0.37909427285194397,2.275350332260132,0.221775084733963,1.8043580055236816,1.7754093408584595
2.612093687057495,0.3881928026676178,2.600003480911255,0.19556990265846252,1.2765567302703857,0.20446369051933289
2.469165563583374,0.41960611939430237,0.9508887529373169,1.8104161024093628,0.22011147439479828,0.9132116436958313
0.395799458026886,1.230491280555725,2.1568174362182617,0.21551045775413513,1.8087005615234375,0.9309407472610474
1.589695930480957,1.7371537685394287,2.5993354320526123,0.4347825348377228,1.5984426736831665,0.1689564287662506
2.629523992538452,1.9025756120681763,0.36536499857902527,1.8361940383911133,1.8001878261566162,0.2159588634967804
2.62819242477417,0.3784923851490021,0.35418209433555603,1.8304798603057861,1.1157869100570679,1.5582588911056519
0.7497382164001465,1.4532628059387207,0.43373724818229675,0.21401265263557434,1.8079633712768555,1.017263412475586
0.3621123433113098,0.4718911945819855,0.35409244894981384,0.19551023840904236,1.787881851196289,0.8907309770584106
0.3895767331123352,0.3796919882297516,1.9166343212127686,1.7881271839141846,0.17812339961528778,1.7823470830917358
2.4278151988983154,1.7533531188964844,2.599280595779419,1.825901985168457,1.7893335819244385,1.6687418222427368
1.4895994663238525,0.3873341381549835,0.3584998548030853,0.8584136962890625,1.8053779602050781,0.1704462468624115
0.36164313554763794,2.585829019546509,0.3814166486263275,1.0256736278533936,0.21351025998592377,0.2692287862300873
0.39250773191452026,1.0791971683502197,2.5989317893981934,0.2557648718357086,0.8454605937004089,1.7977575063705444
2.628427267074585,2.534419298171997,2.3481128215789795,0.2938601076602936,0.18058227002620697,1.458640217781067
2.615352153778076,2.5840554237365723,0.3540615737438202,1.450877070426941,1.779771089553833,1.6798144578933716
2.2305748462677,2.362766981124878,1.095658779144287,0.3078401982784271,1.8074229955673218,1.7814793586730957
0.36189013719558716,2.4701220989227295,1.5144402980804443,1.6808229684829712,0.26704689860343933,1.797533631324768
0.3615768551826477,2.586841106414795,2.590773820877075,1.830960750579834,0.18167530000209808,1.797690749168396
2.5723509788513184,1.6782338619232178,2.5987303256988525,1.4768269062042236,0.18765519559383392,0.8281716108322144
2.629742383956909,1.6113792657852173,2.585022449493408,0.1954638659954071,0.4065389335155487,0.19988039135932922
2.629098415374756,2.2273294925689697,1.5141702890396118,0.6740493178367615,0.20358459651470184,0.17268171906471252
2.516178607940674,0.3960687220096588,0.38175222277641296,0.2803787291049957,1.805968165397644,0.17821308970451355
2.62957763671875,2.5843944549560547,2.511188268661499,1.8392422199249268,0.5120057463645935,0.7844768762588501
0.4210222363471985,0.5985650420188904,2.113626718521118,0.20335832238197327,0.18537984788417816,1.290174126625061
0.6480364203453064,1.9961471557617188,2.0029430389404297,1.3016242980957031,1.4523792266845703,0.1689607799053192
2.244351863861084,2.586801767349243,0.6577540636062622,1.772983193397522,0.18186013400554657,0.17213204503059387
0.5716977119445801,2.5294857025146484,0.3767918050289154,1.8392680883407593,0.18604962527751923,1.7964688539505005
0.4096749424934387,0.4082144796848297,0.37638792395591736,1.8391950130462646,1.2309625148773193,0.21552136540412903
0.5930155515670776,1.036365032196045,0.712609589099884,0.2003251612186432,0.3258182108402252,1.7699369192123413
0.36763185262680054,0.4877149760723114,0.5564523935317993,1.5248771905899048,1.7832491397857666,1.7964849472045898
0.37766653299331665,0.3784157335758209,2.6022286415100098,1.836519718170166,1.8013397455215454,0.18621060252189636
2.6230759620666504,0.6199841499328613,2.601513147354126,0.2093900740146637,1.7946418523788452,1.69589364528656
2.627007007598877,0.3789168894290924,2.0221056938171387,1.5754315853118896,1.5877671241760254,1.7414865493774414
0.775864839553833,2.300359010696411,2.5973050594329834,1.758813500404358,0.2831801474094391,0.7855852842330933
2.3721261024475098,0.39255836606025696,0.3636481463909149,0.1954677402973175,0.1824617236852646,0.2079692780971527
2.6026580333709717,1.40123450756073,2.6002745628356934,0.38411638140678406,0.953210711479187,1.7929693460464478
2.302950143814087,2.513190984725952,1.157041311264038,0.2027358114719391,0.8359566926956177,1.699627161026001
2.613820791244507,0.7573713064193726,1.1202067136764526,0.5717792510986328,1.0599279403686523,0.17269882559776306
0.43457716703414917,2.3644204139709473,0.40130409598350525,0.1954762041568756,0.3359094560146332,1.754382610321045
2.256014108657837,0.43592479825019836,2.2745187282562256,1.5549018383026123,1.7502529621124268,0.4302850663661957
0.36173301935195923,0.6927053332328796,2.4380009174346924,0.2339477837085724,1.804825782775879,1.7969757318496704
0.4395248293876648,0.42256155610084534,1.6365470886230469,0.1955336630344391,1.808884620666504,0.16896775364875793
2.507338047027588,2.5810656547546387,0.7551878094673157,0.8312625288963318,1.704056978225708,0.18087998032569885
1.0649957656860352,2.5831172466278076,1.937644362449646,0.25456151366233826,0.19204090535640717,0.17444035410881042
2.6285300254821777,2.5821824073791504,2.5297136306762695,1.489132046699524,1.134482741355896,1.7974876165390015
1.932946801185608,2.0977656841278076,2.1468069553375244,0.19648811221122742,1.3172078132629395,1.7444708347320557
0.43099063634872437,2.5868372917175293,0.5502156615257263,0.19778844714164734,0.7250413298606873,1.7968826293945312
0.3783572316169739,2.5826034545898438,0.35401877760887146,0.28161725401878357,0.1782311052083969,0.5418066382408142
0.36506515741348267,2.4053502082824707,0.35581693053245544,0.474596232175827,0.34876731038093567,0.16927245259284973
2.5567946434020996,0.3805016577243805,2.5878052711486816,0.21621695160865784,0.5393866896629333,1.792593002319336
0.39820998907089233,2.4894089698791504,0.40542957186698914,0.22081807255744934,0.24886463582515717,1.7750188112258911
2.6291635036468506,2.435885429382324,2.5842950344085693,1.8384181261062622,1.8084884881973267,0.19137999415397644
2.5014564990997314,1.7540360689163208,0.5197333097457886,0.34506723284721375,1.5454615354537964,1.780867576599121
2.627227783203125,0.3993453085422516,0.6674512624740601,0.6836791634559631,0.17952285706996918,1.3206599950790405
2.4302406311035156,2.5866036415100098,2.355336904525757,0.19702717661857605,0.31637611985206604,1.7942789793014526
0.6292858719825745,2.58585786819458,0.370878666639328,0.19577524065971375,1.8056912422180176,0.1731809675693512
2.5872063636779785,0.379401832818985,0.9402332901954651,1.235662579536438,1.7976057529449463,1.7555413246154785
2.624023675918579,0.37913861870765686,0.3548155725002289,1.8382965326309204,0.1793503612279892,1.7947710752487183
0.36211997270584106,2.3751230239868164,2.596407890319824,1.839158058166504,1.8086947202682495,0.39153143763542175
2.6297433376312256,0.38008084893226624,2.5124154090881348,0.20321479439735413,0.1781279295682907,1.4301306009292603
0.3876914381980896,0.3784753382205963,2.598768472671509,0.3689938485622406,1.8065495491027832,0.5852969288825989
0.4164610505104065,2.279601812362671,0.46038052439689636,0.1959114372730255,0.3601284325122833,0.3130035102367401
2.6180269718170166,1.8804153203964233,2.2363698482513428,0.3499608337879181,0.17809192836284637,1.794928789138794
2.6198151111602783,0.3785534203052521,0.7246603965759277,0.1954917013645172,1.0949310064315796,1.761857032775879
0.36496561765670776,2.5860884189605713,1.2879940271377563,0.41306719183921814,0.18304572999477386,1.3952693939208984
2.6297383308410645,0.38999906182289124,0.3540758788585663,1.571242094039917,0.17851077020168304,0.2234189212322235
2.5667107105255127,0.40728166699409485,2.601759433746338,0.22611364722251892,1.540590763092041,0.17173555493354797
0.9588767886161804,2.064455509185791,0.389445036649704,0.19587573409080505,0.18107657134532928,0.47467705607414246
2.627742290496826,2.560926914215088,0.35402712225914,0.20897260308265686,1.545483946800232,0.45707032084465027
0.394064724445343,0.8267276883125305,1.5357834100723267,0.19546934962272644,1.7033770084381104,0.16997048258781433
0.8320322632789612,2.063793182373047,2.6025054454803467,0.5958988070487976,0.6071252226829529,0.8399107456207275
0.38637369871139526,2.586544990539551,0.6584877967834473,1.8355990648269653,0.1999713033437729,0.19085851311683655
2.6296629905700684,0.42102792859077454,0.36700209975242615,1.0277931690216064,0.6302149891853333,0.4435214102268219
0.38882511854171753,2.5863733291625977,0.8114112019538879,1.5636818408966064,1.5134193897247314,1.7577506303787231
0.45231467485427856,2.5823018550872803,2.4437477588653564,1.1025155782699585,0.473431795835495,0.19550421833992004
0.5030449032783508,2.452976942062378,0.35703977942466736,0.19549474120140076,0.17886053025722504,1.7977187633514404
2.6062958240509033,0.3848607838153839,0.4722728431224823,1.8152496814727783,1.3391193151474,0.1694040596485138
0.4334948658943176,0.38172176480293274,0.5597232580184937,1.6492799520492554,0.1874016970396042,1.7941819429397583
2.6297483444213867,2.5848164558410645,2.4934122562408447,0.5736986994743347,0.1780536025762558,1.755925178527832
0.37346047163009644,0.3886963427066803,2.6006484031677246,1.6508193016052246,1.463269591331482,0.3854251205921173
2.6297454833984375,0.3784222900867462,1.3661080598831177,0.871067464351654,0.2621987760066986,1.7976858615875244
2.629720687866211,1.4797120094299316,1.4103323221206665,0.19965150952339172,0.17863212525844574,1.2323071956634521
2.6178083419799805,1.312986969947815,1.4751237630844116,0.5756902098655701,1.8064523935317993,1.4953702688217163
0.366285502910614,2.5842583179473877,0.35503944754600525,0.2098275125026703,1.748867392539978,0.16938850283622742
2.2460057735443115,2.247499704360962,2.6021740436553955,1.8392051458358765,0.23452584445476532,0.8692522644996643
0.3635820746421814,1.425816535949707,0.3654627501964569,0.38216665387153625,0.23014430701732635,1.0143574476242065
2.6288340091705322,2.5823447704315186,0.3905028998851776,0.1972900927066803,1.783463478088379,0.3252861797809601
0.3616716265678406,0.5478353500366211,1.5600522756576538,1.839269757270813,0.20212267339229584,1.7892144918441772
0.3717518448829651,0.38375893235206604,1.509851098060608,0.1954595148563385,1.5760747194290161,0.16895326972007751
0.7905293107032776,2.5860605239868164,2.600558042526245,1.8389967679977417,0.6968047618865967,0.20131489634513855
0.3748568892478943,2.125941038131714,2.5617990493774414,1.8272514343261719,0.1799924224615097,1.7977490425109863
2.629575490951538,0.385008841753006,2.3431921005249023,0.20027115941047668,1.5793606042861938,0.81144779920578
0.38704484701156616,2.5649871826171875,1.8763561248779297,0.19630125164985657,1.1051883697509766,0.3884522616863251
0.3703281283378601,0.7009548544883728,2.5946221351623535,1.06528639793396,0.4690772593021393,1.302874207496643
0.38081878423690796,2.3449549674987793,0.3597049415111542,1.7783582210540771,0.5704728960990906,0.176886647939682
2.624910831451416,0.3785025179386139,0.35666152834892273,0.36352333426475525,1.1851146221160889,0.19346299767494202
0.3759252429008484,2.5855302810668945,2.5675082206726074,0.4818885028362274,1.7901548147201538,0.16896411776542664
0.38188308477401733,2.5451321601867676,0.7183985114097595,1.761331558227539,1.802643895149231,1.7964688539505005
2.472813367843628,0.4745204746723175,1.3271160125732422,0.19546815752983093,1.806275725364685,0.3520149290561676
2.6286027431488037,1.3328334093093872,2.6025540828704834,0.19563093781471252,0.18456898629665375,0.17318710684776306
0.9899976849555969,0.37841418385505676,0.6121322512626648,0.7901385426521301,0.17842094600200653,1.6506978273391724
2.3966517448425293,2.586543560028076,2.4315407276153564,0.2049260437488556,1.6002861261367798,0.17106172442436218
1.4067667722702026,2.5868520736694336,2.34956431388855,0.19631555676460266,1.8079838752746582,0.6602475643157959
2.386732578277588,0.41393521428108215,0.36585745215415955,1.8388276100158691,0.18119339644908905,1.7900068759918213
2.6085152626037598,0.37944892048835754,2.594914436340332,1.783056378364563,0.9689805507659912,1.683754801750183
2.629260540008545,0.37859025597572327,0.3733997046947479,1.8375436067581177,1.1383662223815918,0.5564813613891602
0.36318665742874146,0.38724759221076965,0.4311656653881073,1.7744935750961304,1.7629669904708862,0.23324814438819885
2.603224515914917,0.378807932138443,2.6025304794311523,0.23525550961494446,1.7986246347427368,1.7747526168823242
2.6222410202026367,1.7231372594833374,2.5999624729156494,0.7635936737060547,1.3739469051361084,0.187826007604599
0.6122729778289795,0.5217769145965576,0.8566637635231018,0.8835880756378174,1.1529884338378906,1.788913607597351
2.6132209300994873,0.3784133493900299,0.4427957236766815,1.713443398475647,1.5557912588119507,1.7338963747024536
0.7045572996139526,0.4811709225177765,2.496307611465454,0.4607956111431122,1.4667552709579468,1.4694628715515137
0.36157411336898804,2.586560010910034,2.5312676429748535,1.7636641263961792,0.9916035532951355,1.6433110237121582
0.3725506663322449,0.4317975342273712,2.6023056507110596,0.9358307123184204,0.3212088644504547,0.19490674138069153
2.6297194957733154,0.3785839378833771,1.7935686111450195,0.5112780332565308,0.26423659920692444,1.795458436012268
2.5861458778381348,0.38481631875038147,2.351868152618408,1.8263380527496338,1.7158523797988892,1.7846046686172485
2.4714066982269287,1.4531434774398804,0.6977942585945129,1.7814387083053589,0.17827169597148895,0.19570931792259216
1.895897626876831,0.3942956030368805,0.35809263586997986,0.7777289152145386,1.565760612487793,1.697624921798706
1.4893649816513062,0.382122665643692,1.896790862083435,1.8364177942276,1.799916386604309,1.6546332836151123
1.9494695663452148,2.5647621154785156,2.5796172618865967,0.976077675819397,1.601065993309021,1.7282711267471313
0.4767957329750061,0.45180705189704895,2.6020162105560303,0.19552966952323914,0.6984701752662659,1.7312681674957275
2.6239826679229736,2.5545804500579834,0.46448084712028503,0.19667038321495056,1.6574848890304565,0.7555004954338074
2.6279468536376953,0.42759349942207336,1.7702341079711914,0.9796881079673767,1.8076971769332886,0.17897716164588928
1.252593994140625,1.24654221534729,2.6007964611053467,1.7496691942214966,0.31473174691200256,1.3715938329696655
2.6294374465942383,0.9929877519607544,0.9031745791435242,0.26731571555137634,1.174931526184082,0.37017473578453064
0.37640053033828735,0.8203577399253845,2.596320152282715,0.19553586840629578,1.7594329118728638,0.5262107253074646
0.3617416024208069,2.274517059326172,2.5859134197235107,0.20368704199790955,0.37941601872444153,0.961761474609375
1.2395833730697632,2.5818629264831543,0.3946629464626312,1.811505675315857,0.34618064761161804,0.2068081796169281
2.62654185295105,0.4008934795856476,2.589369535446167,0.2126581370830536,0.17816565930843353,1.7406349182128906
0.37962716817855835,0.3902389109134674,2.5818276405334473,1.8390588760375977,1.7972379922866821,1.7103633880615234
2.628929853439331,2.2276668548583984,1.612290859222412,0.8953643441200256,0.24460749328136444,0.6882729530334473
2.604428768157959,2.508894681930542,0.5273478627204895,0.3019983470439911,1.2144196033477783,0.49787479639053345
0.3714755177497864,2.4135208129882812,0.36296984553337097,1.8340495824813843,1.5597693920135498,1.7975904941558838
2.620755672454834,2.4923715591430664,2.4263453483581543,1.6516971588134766,0.27324679493904114,0.3941199481487274
2.605316400527954,0.3864908516407013,2.516122341156006,0.19597408175468445,1.1065618991851807,0.19071027636528015
0.3719717860221863,1.0619113445281982,0.39128753542900085,0.3670133650302887,1.7561683654785156,0.23856481909751892
2.5341968536376953,2.5868542194366455,0.355500191450119,1.8005404472351074,0.3497203290462494,0.3754172623157501
2.5878589153289795,2.1903109550476074,0.8237652778625488,0.20772799849510193,0.5827272534370422,0.17535778880119324
0.36332041025161743,2.51033353805542,0.46311649680137634,0.45178279280662537,0.1783243864774704,1.7743043899536133
0.4111228585243225,2.58685040473938,2.601863145828247,0.2792697250843048,1.8062913417816162,0.16909059882164001
0.36209970712661743,2.583189010620117,2.505390167236328,0.21577849984169006,1.7143276929855347,0.1689538061618805
2.622647523880005,2.419825553894043,2.602238416671753,0.2628014385700226,0.17922024428844452,1.7584692239761353
0.36196666955947876,1.8074203729629517,0.36027392745018005,1.8381985425949097,0.1794186681509018,0.2931812107563019
2.617084503173828,2.1098573207855225,2.601641893386841,0.19916704297065735,1.7978929281234741,0.22418096661567688
2.271061658859253,1.2880480289459229,0.35490044951438904,1.7695327997207642,1.7180507183074951,1.7959072589874268
2.565173387527466,2.1923937797546387,0.40209314227104187,1.245607852935791,0.22905568778514862,1.7976850271224976
0.4616696238517761,0.8694338798522949,2.6006698608398438,0.5201388001441956,0.268145352602005,1.7977436780929565
2.5690646171569824,2.312758445739746,2.123485565185547,0.22621223330497742,0.1824999302625656,0.19586661458015442
2.6132564544677734,2.073657512664795,0.3633767068386078,1.8382512331008911,0.17805729806423187,0.17764189839363098
2.623819351196289,2.483726739883423,0.885837972164154,1.8112637996673584,1.795155644416809,1.5029776096343994
0.3981373906135559,2.576206684112549,1.5543690919876099,0.21084120869636536,1.802216649055481,1.7974389791488647
2.510436534881592,1.213866114616394,2.600860595703125,0.19937017560005188,1.7850446701049805,1.797757625579834
0.40084296464920044,2.577838182449341,1.7107734680175781,1.6814582347869873,0.178709015250206,0.3428364098072052
2.629309892654419,2.5617194175720215,1.0215721130371094,0.19557741284370422,1.005771279335022,1.7964740991592407
2.628990411758423,2.3746557235717773,2.3924002647399902,0.19648507237434387,1.7790590524673462,1.7953587770462036
0.36555713415145874,2.5754921436309814,2.5474767684936523,1.6563997268676758,0.34146448969841003,1.796992540359497
2.3750085830688477,2.543093204498291,2.5718753337860107,1.8298799991607666,1.8082491159439087,1.796295166015625
1.851906418800354,0.37850478291511536,0.3782348334789276,0.19546857476234436,1.3690574169158936,1.779534101486206
0.36222463846206665,0.384595662355423,0.3551972806453705,0.19549396634101868,0.7531026601791382,1.6394649744033813
1.8134336471557617,0.37991681694984436,0.7222321033477783,1.8196691274642944,1.8046083450317383,0.16900131106376648
2.146301746368408,0.6742197871208191,2.601710557937622,1.8386749029159546,0.35560449957847595,1.7894614934921265
2.6296355724334717,2.0705959796905518,2.275728464126587,1.2354196310043335,0.17814837396144867,1.7968077659606934
1.8320252895355225,0.5502429604530334,2.017591953277588,0.19716033339500427,1.775059461593628,1.7845104932785034
2.629606008529663,2.219386577606201,1.2604504823684692,0.7809800505638123,0.19070212543010712,1.1678026914596558
2.5120489597320557,2.409214973449707,2.5103583335876465,1.837762713432312,1.803645372390747,0.16902408003807068
1.6205928325653076,0.4971875250339508,2.602508068084717,1.5441842079162598,1.808882713317871,1.7944802045822144
2.6122164726257324,2.5763180255889893,0.5976037979125977,1.4441027641296387,0.17913584411144257,1.2394583225250244
0.4654156565666199,0.3842274248600006,1.9961366653442383,0.2250637710094452,1.8086401224136353,1.7519092559814453
0.37132471799850464,2.300858974456787,2.3254597187042236,1.8391791582107544,1.8086179494857788,0.16896972060203552
0.4212600588798523,0.4181397259235382,2.598531723022461,1.048611044883728,0.30442729592323303,1.7795956134796143
0.3665004372596741,0.4797661602497101,2.579056978225708,1.701390266418457,0.2315347045660019,1.4486000537872314
1.3028281927108765,0.37841466069221497,2.602109909057617,0.8831519484519958,1.786893367767334,1.790300965309143
2.5984268188476562,0.3792249262332916,0.9081085324287415,0.5220381021499634,1.807018518447876,0.1692187488079071
2.6291282176971436,0.3784457743167877,2.3299458026885986,0.8851585388183594,1.8011947870254517,0.23598012328147888
2.4442930221557617,0.6471161246299744,0.3540196120738983,0.8544111251831055,1.5625468492507935,0.7127662301063538
1.2853724956512451,1.8519773483276367,2.573845624923706,0.8459926247596741,0.9846625924110413,0.5077757835388184
0.5679149627685547,2.369633197784424,0.4122156798839569,1.4774541854858398,1.7903224229812622,0.2542981803417206
2.6285314559936523,0.7373582720756531,0.46998414397239685,1.8392466306686401,1.7945729494094849,0.2815190255641937
0.4136046767234802,0.38835957646369934,1.9393651485443115,1.4566210508346558,1.335101842880249,1.7044074535369873
2.6284563541412354,0.9574295282363892,1.335805892944336,1.6520278453826904,1.6500658988952637,1.7371355295181274
2.3689422607421875,0.5582436323165894,2.3973333835601807,1.6914583444595337,1.8060215711593628,1.797563076019287
2.3883633613586426,2.585322380065918,0.3540721833705902,1.8330698013305664,0.5580429434776306,1.6413829326629639
2.5706465244293213,0.38378503918647766,2.526986598968506,0.23848065733909607,0.17812536656856537,1.7975122928619385
1.593904733657837,2.283790349960327,2.391671657562256,0.31346580386161804,0.4625827372074127,1.156813144683838
0.4341333508491516,2.571401834487915,2.1745033264160156,1.8259421586990356,1.8067258596420288,0.16987469792366028
0.5280916690826416,2.466813802719116,1.6190837621688843,0.19550898671150208,1.3503296375274658,1.7368770837783813
2.629066228866577,2.584599494934082,0.3568837344646454,0.19553306698799133,0.40866485238075256,1.797514796257019
0.890659749507904,2.5818288326263428,2.2724649906158447,0.6765792369842529,0.178176149725914,1.5934045314788818
0.3615953326225281,0.45289114117622375,0.6915884017944336,1.8340831995010376,1.4848930835723877,1.5865299701690674
2.6292219161987305,0.39244750142097473,0.9838382601737976,0.20787695050239563,1.7848570346832275,1.5565694570541382
1.3903785943984985,2.5866432189941406,0.3747735917568207,0.21585574746131897,0.7595320343971252,1.7880072593688965
0.8186136484146118,2.5566065311431885,0.47376748919487,0.19810721278190613,1.8087632656097412,0.2616043984889984
0.39360278844833374,1.5056612491607666,2.352825164794922,0.2894870340824127,1.8015753030776978,1.7141177654266357
0.36713868379592896,2.581359624862671,0.35426363348960876,0.20546141266822815,1.5668601989746094,1.6957476139068604
2.1968212127685547,0.5692398548126221,2.5201380252838135,1.4247605800628662,1.7967861890792847,0.1720847189426422
2.6270391941070557,2.5583415031433105,2.484037160873413,0.5022885203361511,0.1799052208662033,1.7959353923797607
0.36771994829177856,1.933233618736267,2.602532148361206,1.8351781368255615,0.19931773841381073,1.603620171546936
2.629589080810547,0.381146103143692,0.35403522849082947,0.19646355509757996,0.28684332966804504,0.44591930508613586
0.9499666094779968,0.4812094271183014,0.35401710867881775,0.19787797331809998,0.2709408700466156,1.7971367835998535
2.626786947250366,0.6777991652488708,1.5070858001708984,0.2452302873134613,1.318793773651123,1.6842460632324219
0.4383464455604553,0.3826127350330353,0.5790826082229614,0.19948533177375793,1.7673039436340332,1.6495413780212402
2.6218721866607666,2.5866310596466064,2.560500144958496,0.19546154141426086,0.2207944244146347,1.7796826362609863
0.41062718629837036,2.5587821006774902,2.6004157066345215,0.19664183259010315,1.6853108406066895,1.7863434553146362
0.3617507815361023,2.585965156555176,0.6641172170639038,1.5590364933013916,1.8087797164916992,0.17459425330162048
0.4107033610343933,2.528282642364502,2.5995447635650635,1.8363782167434692,1.800114393234253,0.18747630715370178
2.4937195777893066,1.6924713850021362,1.8840965032577515,1.7128576040267944,0.3901747167110443,0.1879272758960724
0.3655305504798889,2.5867927074432373,2.5978617668151855,0.6584992408752441,0.26681217551231384,0.17074349522590637
2.628667116165161,0.3790415823459625,2.4864604473114014,0.29939302802085876,0.17848257720470428,1.7731330394744873
1.565136432647705,1.6391968727111816,2.601783037185669,0.20178988575935364,1.353946328163147,1.108848214149475
2.602504253387451,1.2762149572372437,2.0480098724365234,1.8383845090866089,0.28808000683784485,1.7749978303909302
1.5092146396636963,0.63045734167099,0.7648771405220032,0.5357176661491394,1.808922529220581,0.16895464062690735
0.5374282002449036,2.5816264152526855,1.2106661796569824,1.7775474786758423,0.4775278866291046,0.17327144742012024
0.37260526418685913,2.5590200424194336,0.8723626136779785,0.2505502998828888,0.17960761487483978,1.6395914554595947
2.5869979858398438,0.38592663407325745,2.5907583236694336,1.7758326530456543,1.3142060041427612,1.7888883352279663
0.44955259561538696,0.41567400097846985,0.4054398238658905,0.19547781348228455,1.8088988065719604,1.7977042198181152
2.061786651611328,2.108917474746704,2.057938575744629,1.3731379508972168,0.17819885909557343,0.17216035723686218
0.36156827211380005,2.135815382003784,2.4350898265838623,1.839257001876831,0.5534606575965881,0.16908392310142517
2.6296544075012207,1.2076307535171509,2.4839770793914795,0.9270875453948975,0.180490180850029,1.7502212524414062
0.5472522377967834,0.3813554346561432,1.9236537218093872,1.823264718055725,1.7872856855392456,0.6206872463226318
2.464431047439575,1.6544549465179443,1.0472135543823242,0.19548258185386658,0.2913416922092438,1.7943474054336548
1.614486575126648,0.37841764092445374,2.5775983333587646,0.6781470775604248,1.5088367462158203,1.7974762916564941
0.44552963972091675,0.37890592217445374,2.5107572078704834,0.19557997584342957,1.550612211227417,0.2297111451625824
1.4134420156478882,2.5841920375823975,0.3544937074184418,0.2617303431034088,0.4092338979244232,1.3807541131973267
2.569558620452881,0.3807903826236725,0.4554578959941864,1.8392525911331177,1.5781488418579102,1.7943077087402344
0.3725854754447937,2.3950984477996826,0.4092293679714203,0.19606855511665344,1.790050745010376,0.16942712664604187
0.3676721453666687,0.38283804059028625,0.3540308177471161,1.503753900527954,1.8076601028442383,0.2051706612110138
0.943848729133606,0.3865037262439728,2.5848283767700195,0.19559678435325623,0.3743918836116791,1.7588633298873901
2.580078363418579,2.322801113128662,0.3554536998271942,1.838765263557434,1.8080042600631714,1.793164610862732
0.4849551320075989,2.586731195449829,2.5929150581359863,1.679720163345337,1.8085359334945679,0.17546048760414124
0.4787054657936096,0.37855473160743713,0.3665744960308075,0.5474321246147156,1.8085944652557373,0.20448234677314758
0.3658398985862732,0.3985271751880646,0.9110349416732788,0.1954595148563385,1.0305417776107788,0.17007842659950256
2.629520893096924,0.3808857500553131,2.5140881538391113,0.23539051413536072,0.5992198586463928,1.7974953651428223
1.5734310150146484,2.5833544731140137,0.38423511385917664,0.19609519839286804,1.8013389110565186,1.796738862991333
0.7461605668067932,2.5711848735809326,1.2438099384307861,0.19551900029182434,0.49089315533638,0.21394363045692444
0.3615737557411194,0.3788664638996124,1.3448607921600342,1.0819084644317627,1.8088876008987427,1.6288187503814697
2.505459785461426,1.9660210609436035,0.726942241191864,1.5830392837524414,0.24129723012447357,0.34138163924217224
2.62774920463562,0.3829158842563629,2.5255467891693115,1.7344627380371094,1.2901405096054077,1.6941977739334106
0.3626449704170227,2.121458053588867,2.6025679111480713,0.20787915587425232,1.115131139755249,1.7707009315490723
2.628143787384033,0.4187840521335602,2.255747079849243,1.8145593404769897,0.19149218499660492,1.7470362186431885
2.6235098838806152,0.8830047249794006,2.564145565032959,1.7941781282424927,0.6404199004173279,0.9573646783828735
0.5313692688941956,1.7935668230056763,0.35901281237602234,0.1954595148563385,0.1953592747449875,0.1690720021724701
0.6362806558609009,1.459662914276123,1.8658647537231445,0.1954609453678131,1.808922290802002,0.1776449978351593
2.4193644523620605,0.3788863718509674,2.32947039604187,0.20796635746955872,1.801823616027832,1.7962586879730225
2.6190550327301025,2.0812277793884277,2.4741923809051514,1.785852074623108,1.1008601188659668,1.6524137258529663
2.6265902519226074,1.9246010780334473,0.35566624999046326,0.19582828879356384,0.5008388161659241,0.17402109503746033
0.3638443350791931,2.5677361488342285,2.5939462184906006,1.830454707145691,1.8089096546173096,1.7920137643814087
2.6295313835144043,2.4691054821014404,1.8249882459640503,0.2563147246837616,0.17871199548244476,0.6728852987289429
0.4691435694694519,2.5808706283569336,2.593564987182617,1.5495747327804565,1.2192164659500122,0.31515875458717346
0.4072238802909851,2.586846351623535,1.8370646238327026,0.20450791716575623,1.8079665899276733,1.7970516681671143
1.4018787145614624,0.38336697220802307,1.0704056024551392,0.23280492424964905,0.27924296259880066,0.16903439164161682
2.4786882400512695,0.49248579144477844,0.36029359698295593,0.20847168564796448,0.3557991087436676,0.16925248503684998
1.551222801208496,1.2166599035263062,2.6010618209838867,0.19545987248420715,1.8089163303375244,0.7516757249832153
2.628302574157715,0.583836555480957,0.35471853613853455,1.837397813796997,0.41475608944892883,0.5106593370437622
2.629246711730957,1.2244993448257446,2.548020839691162,0.19548454880714417,1.5748486518859863,1.7977360486984253
0.361569344997406,2.586848735809326,0.6626709699630737,0.5008326768875122,1.8002119064331055,0.2893044054508209
0.3729814887046814,2.572401523590088,2.236327648162842,1.2160826921463013,1.4991213083267212,1.5111191272735596
2.4456074237823486,0.5706251859664917,0.3546803891658783,0.19595691561698914,1.6907141208648682,0.18543162941932678
2.4008469581604004,0.4465167820453644,0.5779853463172913,1.1354576349258423,0.9628834128379822,1.7046655416488647
2.579923629760742,0.4008702337741852,2.602036714553833,0.1955120861530304,0.3021019995212555,0.20764365792274475
1.066015601158142,2.5059173107147217,0.40373918414115906,1.8160851001739502,0.4015074670314789,0.1719796359539032
2.1243181228637695,1.6461725234985352,2.5994696617126465,0.6777666211128235,1.7816510200500488,1.7976361513137817
2.629702568054199,0.5128976702690125,0.375131219625473,0.33446231484413147,0.1789991706609726,1.684299349784851
0.6439535021781921,2.5747056007385254,0.35423287749290466,0.196531742811203,1.8087995052337646,0.33918091654777527
2.1793031692504883,0.5142554640769958,2.4050819873809814,1.839267611503601,0.22268621623516083,0.9200218319892883
0.6263989806175232,0.43637028336524963,0.35484811663627625,1.0108473300933838,1.7306970357894897,1.4187287092208862
0.3703145384788513,1.8846112489700317,0.39527949690818787,1.7767826318740845,0.1780558079481125,1.4419851303100586
0.38481634855270386,2.5814404487609863,0.6942196488380432,0.6365872621536255,0.19813470542430878,0.17020294070243835
0.5611401796340942,2.5189125537872314,0.3973017632961273,0.19643715023994446,1.8084886074066162,0.16992846131324768
0.6619414687156677,1.0617637634277344,0.4918595850467682,0.9245659112930298,1.4504225254058838,1.79450523853302
0.5849847197532654,0.6812537908554077,2.6006908416748047,1.827323079109192,1.7708524465560913,1.7700966596603394
0.44102364778518677,2.5851500034332275,2.5791964530944824,1.0892231464385986,1.807715892791748,1.7954328060150146
1.9379949569702148,2.5537352561950684,0.42331036925315857,0.19764897227287292,1.8042651414871216,1.7975337505340576
1.8503613471984863,0.9046043753623962,0.8745256662368774,1.801511287689209,1.808903694152832,0.16900774836540222
0.5428081154823303,2.5445611476898193,2.594515323638916,1.312658667564392,1.8031843900680542,0.3075317442417145
0.4522072672843933,0.4657004177570343,0.6954334378242493,1.459114909172058,0.19842468202114105,0.21048560738563538
0.3617404103279114,2.586186408996582,0.6472687125205994,0.20159980654716492,0.17843131721019745,1.7868093252182007
0.3892400860786438,1.9026141166687012,2.5668997764587402,1.418231725692749,1.5481592416763306,1.7977263927459717
1.0236209630966187,2.5828638076782227,2.601853609085083,0.6874112486839294,1.4555503129959106,1.797756314277649
0.3791431784629822,1.3716133832931519,0.3549524247646332,1.309674620628357,1.808874487876892,1.769087553024292
2.4147984981536865,0.8028607964515686,2.5930488109588623,0.19632813334465027,1.4801868200302124,0.16895374655723572
0.36157363653182983,1.825430154800415,2.3733205795288086,0.19630125164985657,1.6461818218231201,1.7046631574630737
0.4034976363182068,2.586437225341797,2.5655834674835205,0.5929767489433289,0.19072328507900238,0.3790980875492096
1.5596688985824585,0.3789433538913727,2.6009013652801514,0.2047683298587799,1.8062881231307983,1.7901947498321533
2.6087069511413574,0.7033123970031738,2.6024928092956543,0.20093360543251038,1.5618524551391602,1.7777398824691772
1.783799171447754,0.38717928528785706,1.9390586614608765,0.42546507716178894,1.406080722808838,1.0297935009002686
1.125063419342041,2.5525221824645996,0.35886356234550476,0.19745764136314392,0.7067888975143433,0.1719215214252472
0.8745866417884827,0.7812787294387817,2.6015372276306152,0.7789174318313599,1.8089159727096558,1.3636451959609985
2.606600761413574,0.7445505857467651,2.6025192737579346,0.19614484906196594,0.2016315907239914,1.75221848487854
2.595231533050537,0.3784591257572174,0.3701948821544647,0.19585534930229187,1.2256803512573242,0.17064788937568665
2.605755567550659,0.37972620129585266,0.3540395200252533,0.8501125574111938,0.17815612256526947,1.6301826238632202
0.8982106447219849,0.6504719853401184,0.503021776676178,0.92230224609375,1.8084499835968018,1.7798335552215576
2.2837932109832764,2.519141674041748,2.600264072418213,1.798728346824646,1.6027002334594727,0.16897067427635193
0.3617536425590515,0.5003658533096313,2.6024863719940186,1.8298225402832031,1.79374098777771,1.7977155447006226
0.3888635039329529,0.8198631405830383,2.602546215057373,1.8147178888320923,0.5145476460456848,0.48508504033088684
2.6010775566101074,0.4034508764743805,2.498745918273926,0.19860270619392395,0.18172721564769745,1.435021996498108
0.36904340982437134,2.512026071548462,0.5369196534156799,0.2427816092967987,1.8087849617004395,0.35223087668418884
2.585731029510498,0.6882739663124084,0.3600955903530121,0.8213018774986267,1.1040682792663574,0.5026021599769592
0.44684332609176636,0.8524562120437622,2.1748342514038086,1.8392084836959839,0.18083612620830536,1.2895550727844238
2.5688300132751465,2.5861012935638428,0.4605763852596283,1.0193709135055542,0.5898487567901611,1.738632321357727
1.8176352977752686,0.3950343430042267,2.576542854309082,1.6592215299606323,0.8206194639205933,1.7686361074447632
0.7902480363845825,2.46647310256958,0.3821057975292206,0.2813197076320648,0.7465267181396484,1.6509324312210083
2.02361798286438,1.310906171798706,0.6372627019882202,1.120593786239624,1.2540801763534546,1.797472357749939
2.627124071121216,2.1029350757598877,0.5384847521781921,0.5722913146018982,0.1819627732038498,1.7977186441421509
2.615727663040161,1.1884621381759644,2.6002418994903564,0.9893120527267456,0.18630240857601166,1.776480793952942
0.4185559153556824,0.3793005049228668,1.609055519104004,0.6460386514663696,0.2798333466053009,0.19499662518501282
2.6234209537506104,0.4958339035511017,0.7360924482345581,1.8392727375030518,1.8021961450576782,1.7977607250213623
2.6237423419952393,0.5232230424880981,0.3548431098461151,1.0653624534606934,1.7482092380523682,0.17093083262443542
2.6284377574920654,0.398602157831192,0.35473427176475525,0.2593068778514862,1.7992185354232788,0.17665299773216248
2.535414457321167,0.8979234099388123,2.321885824203491,0.4273052513599396,1.808887004852295,0.8199405670166016
0.3694421648979187,2.5112059116363525,0.3565535247325897,1.5018318891525269,0.1922314614057541,1.602259874343872
0.8097583651542664,0.3812815248966217,0.8742662668228149,1.8390703201293945,0.1802462786436081,0.18277445435523987
0.4145967364311218,2.2282097339630127,0.35659024119377136,1.8004027605056763,0.8375697731971741,0.4165588319301605
2.3684794902801514,0.37928369641304016,0.45040246844291687,0.2239265739917755,1.7707809209823608,0.18253222107887268
0.3628590703010559,2.580991506576538,2.478456735610962,1.6558384895324707,0.29215481877326965,1.4861671924591064
2.431623697280884,2.1869630813598633,0.8923531770706177,1.8347316980361938,0.18725280463695526,1.3434739112854004
2.4209866523742676,2.559001922607422,2.6006104946136475,1.839136004447937,0.17899774014949799,1.7878972291946411
2.378833770751953,0.37846270203590393,2.4152369499206543,0.9894269704818726,0.23695604503154755,0.25939586758613586
0.43567901849746704,0.7167690396308899,2.5685112476348877,0.19549748301506042,0.184468612074852,0.8587509393692017
2.532564878463745,0.3797661364078522,2.287454128265381,1.234701156616211,0.2150963991880417,1.7789098024368286
2.604207754135132,2.5450875759124756,2.4272499084472656,0.9583460092544556,0.7807276844978333,0.19567301869392395
2.619357109069824,0.712904155254364,2.601806640625,0.1957617700099945,0.20506684482097626,1.0465072393417358
2.61820387840271,2.3802268505096436,2.6001269817352295,0.24155083298683167,1.7904212474822998,1.7968813180923462
0.36859291791915894,2.389746904373169,2.5913472175598145,0.28992125391960144,1.0052860975265503,1.7881735563278198
0.3717145323753357,0.8943856954574585,0.8307668566703796,0.31356868147850037,1.6618949174880981,0.16902890801429749
0.37458962202072144,1.123184323310852,2.2578771114349365,0.19558927416801453,0.6432919502258301,0.16897043585777283
2.555814504623413,1.1832969188690186,2.308953285217285,0.1993359625339508,1.1530464887619019,0.35139521956443787
2.1933300495147705,2.549168586730957,0.5091731548309326,1.6657074689865112,0.5319619178771973,0.7613727450370789
0.7119121551513672,2.0366294384002686,2.599623441696167,0.19546112418174744,1.8087406158447266,1.205920934677124
2.617161512374878,0.44881442189216614,0.3743384778499603,1.8339718580245972,0.8388186693191528,1.6706684827804565
1.5784404277801514,2.573885202407837,2.5885205268859863,0.20073804259300232,1.6599352359771729,0.1715703308582306
1.853532075881958,2.586176872253418,2.5442612171173096,1.7844598293304443,0.18515460193157196,1.6535948514938354
2.617586851119995,0.6003225445747375,0.5434883832931519,0.2006501853466034,1.7159981727600098,0.2353857457637787
2.6146278381347656,0.37994781136512756,0.3577530086040497,0.27783676981925964,1.808626413345337,0.17680206894874573
2.628688335418701,0.6310102939605713,0.9188856482505798,0.19776949286460876,0.33335134387016296,0.1691133677959442
1.1810755729675293,1.4389681816101074,1.8099969625473022,1.8385801315307617,1.8070597648620605,1.661000370979309
2.379972457885742,2.542621374130249,1.3600043058395386,0.19575217366218567,1.5182944536209106,0.24911579489707947
0.4636213183403015,1.349621057510376,2.432298421859741,0.20705321431159973,1.7647104263305664,1.796187400817871
2.6143441200256348,2.115739345550537,0.9041060209274292,0.19564929604530334,1.2784264087677002,1.596969723701477
0.3710842728614807,2.586855411529541,0.39092299342155457,1.8390777111053467,0.1829610913991928,1.794459581375122
0.7037331461906433,2.5493552684783936,2.5659992694854736,1.8192285299301147,1.6233998537063599,0.19931170344352722
2.6115071773529053,2.5818004608154297,2.5616135597229004,1.8385714292526245,1.8062995672225952,1.7974565029144287
2.430069923400879,2.586852788925171,2.5981805324554443,1.2956604957580566,0.4143313467502594,1.705986738204956
2.5477592945098877,2.4553072452545166,2.5813803672790527,0.2443588674068451,0.19908754527568817,0.2638491094112396
0.38196486234664917,2.539872646331787,0.3542672097682953,1.7295994758605957,1.8089232444763184,0.1915566623210907
0.44579941034317017,0.9802404642105103,1.146567463874817,0.19550928473472595,0.3056636154651642,0.4005766808986664
2.5517935752868652,2.5711801052093506,0.3555087745189667,0.19558867812156677,1.8089046478271484,0.6172534227371216
0.37109261751174927,2.578500986099243,0.35412344336509705,0.24864020943641663,0.17832259833812714,0.1696140468120575
1.1759140491485596,1.8434826135635376,2.339846611022949,0.19884398579597473,0.204273983836174,0.26233699917793274
0.3615773320198059,2.5583553314208984,0.3751920163631439,1.7269229888916016,1.8073875904083252,1.7525265216827393
2.5951459407806396,1.7309010028839111,2.468266725540161,1.779799222946167,1.8067501783370972,0.17363646626472473
0.3985089659690857,2.582040309906006,0.35417017340660095,1.7512403726577759,1.8043688535690308,0.3165470063686371
2.629103422164917,2.5224504470825195,0.3552384078502655,0.9091381430625916,0.19206319749355316,1.6205693483352661
0.36163777112960815,0.38396552205085754,0.5057334899902344,0.19548353552818298,1.2629655599594116,1.2539317607879639
0.502003014087677,0.558001697063446,0.426878422498703,1.8244659900665283,0.1913153976202011,0.17314818501472473
2.3484079837799072,1.875464916229248,1.3075840473175049,1.5904016494750977,0.9645765423774719,0.2108844816684723
2.408470630645752,2.501016855239868,2.4367594718933105,0.19548097252845764,1.0357475280761719,0.743594229221344
2.6100680828094482,1.4857299327850342,0.44005951285362244,0.2244880497455597,0.5976165533065796,0.18861964344978333
1.2073184251785278,0.38395991921424866,0.8957067728042603,0.30414238572120667,1.8088748455047607,1.2385982275009155
0.4611573815345764,2.561995029449463,0.4431924521923065,1.5270400047302246,0.2235623449087143,0.24037125706672668
1.9830480813980103,0.41349688172340393,0.3540153205394745,0.19676735997200012,1.3342245817184448,0.23601034283638
0.3791053891181946,1.307529091835022,2.6016790866851807,1.5666348934173584,0.19184617698192596,0.6608224511146545
0.4714664816856384,0.7695667743682861,1.9065698385238647,0.19545969367027283,1.8088301420211792,1.7919769287109375
1.9523426294326782,2.5799734592437744,0.35401615500450134,1.8392488956451416,0.6903802752494812,1.6072440147399902
0.3716575503349304,2.582648515701294,2.0004100799560547,0.19689539074897766,1.8088911771774292,1.7975189685821533
2.453111410140991,2.447263717651367,2.5100066661834717,1.6260558366775513,1.6748311519622803,0.17502418160438538
2.558722496032715,2.5797054767608643,0.3672688901424408,1.6028048992156982,1.7623395919799805,0.1690729558467865
0.5311691164970398,2.580996036529541,2.120512008666992,1.8359100818634033,0.18513379991054535,1.7966868877410889
2.6294331550598145,1.1533808708190918,0.3560905158519745,1.767729640007019,1.7720870971679688,1.7977265119552612
0.4090502858161926,0.8903793692588806,2.5635933876037598,0.46205827593803406,0.2122696489095688,1.7968246936798096
0.379546582698822,0.37861934304237366,0.8909708857536316,1.8177140951156616,1.808785319328308,0.3499397933483124
0.4038427472114563,0.39501574635505676,0.500691294670105,0.19685515761375427,0.18566469848155975,0.1760309636592865
1.5679458379745483,0.5934850573539734,0.544173002243042,0.23143866658210754,1.8086786270141602,0.22414752840995789
0.8954265117645264,2.5762088298797607,2.3241450786590576,1.313101887702942,0.2723408639431,1.2177547216415405
0.4114333987236023,0.5219990611076355,0.35847410559654236,0.19601425528526306,1.8088974952697754,1.703782320022583
2.151431083679199,2.545706033706665,0.8148998618125916,1.1477463245391846,0.350782185792923,1.67327880859375
2.5321927070617676,2.5856080055236816,0.5734515190124512,1.3832255601882935,0.20869509875774384,0.16920015215873718
0.3962530493736267,2.4329543113708496,2.032146692276001,0.19560685753822327,1.7693017721176147,0.729301929473877
0.3615756630897522,2.5779201984405518,0.35411378741264343,0.19547131657600403,1.808896541595459,1.7506965398788452
0.3640192151069641,2.326070785522461,2.465502977371216,0.27216461300849915,0.178689107298851,0.16924181580543518
2.6070668697357178,2.5820059776306152,2.369837522506714,0.23153093457221985,1.15781569480896,1.7971001863479614
0.36420685052871704,1.0344115495681763,2.5809056758880615,1.827751636505127,0.17871491611003876,1.6483564376831055
2.6100330352783203,0.37864020466804504,0.4567454755306244,0.19913390278816223,0.5395994186401367,1.1425706148147583
2.5573983192443848,2.342693567276001,2.5497682094573975,0.21252354979515076,1.4815688133239746,0.17428162693977356
0.7508184313774109,2.5868520736694336,0.7589760422706604,0.5971142053604126,1.325610637664795,0.17620834708213806
2.604015588760376,0.42398253083229065,2.5680408477783203,1.3933972120285034,1.795737862586975,0.17105671763420105
2.6267995834350586,0.388539582490921,1.8148016929626465,0.8858644962310791,1.2363508939743042,0.6231768727302551
2.5226190090179443,0.618204653263092,2.5097532272338867,0.19550791382789612,1.8084487915039062,1.2049944400787354
2.2382125854492188,1.9324548244476318,0.37109753489494324,1.8384296894073486,1.6846272945404053,0.664404571056366
1.4428763389587402,0.9551430940628052,2.602484703063965,0.20374295115470886,1.8088569641113281,0.16905662417411804
1.7873222827911377,1.7130385637283325,2.6003825664520264,0.5632694363594055,0.35665950179100037,1.7919315099716187
0.3671124577522278,1.6238813400268555,2.598370313644409,0.19560107588768005,0.1853213757276535,0.34928521513938904
2.5530502796173096,2.581878662109375,0.35547134280204773,0.951324462890625,0.18182919919490814,0.1689538061618805
1.5586416721343994,2.485762119293213,0.3540283143520355,1.8387991189956665,0.4871566593647003,1.7885252237319946
2.352024793624878,1.5382901430130005,0.6439447999000549,0.2446979582309723,0.9861336350440979,0.2276504933834076
0.91862952709198,1.9184211492538452,2.2296688556671143,0.5019069314002991,1.799258828163147,1.7974857091903687
2.6174874305725098,1.6140773296356201,2.464930295944214,0.29816707968711853,0.1782352179288864,1.605389952659607
0.5492426753044128,2.580613851547241,2.5049495697021484,1.2561050653457642,1.5915323495864868,1.7972743511199951
2.6297459602355957,2.5136139392852783,1.1405761241912842,0.19547739624977112,0.19540761411190033,0.8740547299385071
0.8300765156745911,2.2674288749694824,0.35428354144096375,1.8375157117843628,1.7536571025848389,1.7948248386383057
1.9938859939575195,1.7809196710586548,2.6018691062927246,0.8539196252822876,1.4280380010604858,1.7909704446792603
0.5608426332473755,0.37856510281562805,1.6673524379730225,1.8390181064605713,0.40752241015434265,1.797634243965149
0.3680068850517273,2.359830379486084,0.7458043098449707,1.828083872795105,0.19296549260616302,0.16898176074028015
0.5461324453353882,0.3932916224002838,0.37852343916893005,0.19546225666999817,0.36716631054878235,0.16896548867225647
1.5771676301956177,0.38175681233406067,0.35425838828086853,1.8334457874298096,1.806098222732544,1.7974179983139038
0.6095117330551147,2.5746009349823,2.25262451171875,1.839246392250061,1.5991950035095215,0.48172929883003235
2.3276495933532715,2.553732395172119,1.2680256366729736,1.6552808284759521,0.4401589334011078,0.29167816042900085
0.3654479384422302,2.3236100673675537,0.46369895339012146,0.1954844892024994,1.3122438192367554,1.655003547668457
0.42322665452957153,1.4109807014465332,2.563150405883789,0.4702431261539459,0.17973576486110687,1.1925166845321655
1.9629532098770142,0.3806368410587311,2.6025619506835938,0.2273443639278412,1.7889076471328735,1.7976105213165283
2.056036949157715,2.5867438316345215,2.1267669200897217,0.1984245479106903,1.8021095991134644,0.2548201382160187
0.4083048701286316,1.5000741481781006,0.5239896774291992,0.8256056904792786,0.7901296615600586,1.7887074947357178
2.0205705165863037,0.40264180302619934,2.6025235652923584,1.8346283435821533,0.1853495091199875,0.17732390761375427
1.4372197389602661,0.3818310797214508,1.4177826642990112,1.6636040210723877,0.18076829612255096,0.18013706803321838
1.7195606231689453,2.586390972137451,0.43635591864585876,0.20536574721336365,1.8089011907577515,0.16897621750831604
1.5870707035064697,2.567107677459717,0.3567332923412323,0.25759652256965637,0.4742371141910553,0.16904869675636292
0.36762553453445435,2.5856547355651855,2.586843490600586,1.2040503025054932,0.232178196310997,1.7948170900344849
1.9659696817398071,2.431734085083008,2.2574472427368164,0.7903304100036621,0.1866113394498825,0.8266294598579407
2.6098194122314453,0.4634646475315094,2.600903034210205,0.22050079703330994,0.32675912976264954,0.27497896552085876
0.36675041913986206,0.44277170300483704,2.60089373588562,0.26077941060066223,1.8088953495025635,1.7961283922195435
1.074159860610962,2.534818172454834,2.5902061462402344,0.5346853733062744,1.7565162181854248,0.9601894021034241
0.4200262427330017,2.5866498947143555,2.5881240367889404,1.3349065780639648,1.7356688976287842,1.765790581703186
0.36157065629959106,1.717074990272522,2.394050359725952,0.5391342043876648,1.48286771774292,0.41970184445381165
2.5626957416534424,0.43160131573677063,0.35436901450157166,1.6214497089385986,0.17853979766368866,0.7814444899559021
2.3909733295440674,0.43351617455482483,2.597194194793701,0.5801589488983154,0.20596806704998016,1.792038917541504
2.5697789192199707,0.4066688120365143,0.3785334527492523,0.5147404074668884,0.2827291190624237,1.2755190134048462
0.39568954706192017,0.37846532464027405,0.3540547788143158,0.6646119952201843,1.8087246417999268,1.7966581583023071
0.5233435034751892,1.639816164970398,0.401129812002182,1.719738245010376,1.7374533414840698,0.7968500256538391
0.5617765188217163,0.5253674983978271,0.3540554940700531,1.836588978767395,1.0241141319274902,1.7976279258728027
0.36242491006851196,2.5481653213500977,0.3765901029109955,1.823290467262268,1.8083723783493042,1.1707104444503784
2.571033239364624,2.4968008995056152,2.6024112701416016,1.8158769607543945,1.8086146116256714,0.35902419686317444
2.6084797382354736,0.3847179710865021,2.482999563217163,1.835530161857605,0.27823933959007263,1.7582868337631226
0.9902960658073425,2.523279905319214,0.35835298895835876,1.762939691543579,1.8049533367156982,1.724526047706604
1.9778170585632324,0.4227929413318634,2.602264165878296,0.19556036591529846,1.8088611364364624,1.7946367263793945
0.3671272397041321,1.0488959550857544,0.360086053609848,1.7883397340774536,1.7036769390106201,0.2102815806865692
1.8698583841323853,1.61885404586792,0.4871828854084015,0.2895248830318451,0.18849782645702362,0.3963938057422638
2.5097696781158447,2.1534039974212646,1.707421898841858,1.8387566804885864,1.7061165571212769,0.45244285464286804
2.6265265941619873,0.4534541666507721,2.602564811706543,0.1954726278781891,1.807959794998169,1.4577544927597046
2.629605293273926,0.38478055596351624,0.35799917578697205,0.1998365819454193,0.18043570220470428,1.3241004943847656
0.36239558458328247,0.5614392161369324,0.354021281003952,0.5401428937911987,0.6938938498497009,0.7310689091682434
2.6249568462371826,1.3345680236816406,2.602435350418091,1.735072374343872,1.6871758699417114,1.7931056022644043
2.6291956901550293,2.5710861682891846,2.599738597869873,1.468878149986267,0.2548752725124359,1.7947256565093994
1.3752251863479614,1.804730772972107,1.659363865852356,0.1964414417743683,1.4173667430877686,0.9184739589691162
2.629744291305542,0.7831213474273682,0.40115949511528015,0.19547346234321594,0.5382025241851807,0.1720605194568634
2.6294565200805664,2.4768033027648926,2.0761759281158447,1.8278083801269531,0.201197549700737,1.1445597410202026
0.3616437315940857,2.064774513244629,2.6023693084716797,1.015382170677185,1.802742600440979,1.7972164154052734
0.36182481050491333,0.8913390040397644,1.7918123006820679,1.8392469882965088,1.8088873624801636,1.556310772895813
0.9093783497810364,2.579869270324707,0.44533202052116394,0.19556012749671936,1.7955119609832764,1.7498018741607666
0.3615723252296448,2.586805582046509,2.5940165519714355,1.8392099142074585,1.1770210266113281,0.2544655501842499
1.9298112392425537,2.5842835903167725,2.3571054935455322,0.5132126808166504,1.6328970193862915,1.7878941297531128
2.5891096591949463,0.38667288422584534,2.5675814151763916,0.6585442423820496,0.2615654766559601,0.18098947405815125
0.6878790259361267,0.3801955282688141,0.5930477976799011,1.703518271446228,0.8995159268379211,1.7962692975997925
0.3827729821205139,2.5054428577423096,2.599543809890747,1.8370070457458496,1.745294213294983,0.33718958497047424
2.606768846511841,0.3805578052997589,1.569280982017517,1.348325252532959,0.19599221646785736,1.104209065437317
2.0343759059906006,0.4017426073551178,2.2296133041381836,1.7436614036560059,1.6977815628051758,0.17673882842063904
2.218557596206665,2.28411865234375,0.4519844949245453,1.8163563013076782,0.22899417579174042,0.1817728579044342
2.309260368347168,2.5659475326538086,0.3548937737941742,0.2375834882259369,1.3169381618499756,0.1824435293674469
2.602534770965576,2.486701726913452,2.2623937129974365,0.37994733452796936,1.7795441150665283,1.7828859090805054
0.7652575969696045,0.5268160104751587,2.443871021270752,1.7316749095916748,0.18220637738704681,1.5874934196472168
1.5164567232131958,2.4502081871032715,0.3541993796825409,1.8348432779312134,1.798181414604187,0.28062304854393005
1.183165192604065,0.49862101674079895,0.5736861228942871,0.19632384181022644,0.17831991612911224,0.21101120114326477
2.62300443649292,1.3966012001037598,2.597325325012207,0.19693270325660706,1.8088058233261108,1.6931194067001343
2.2870705127716064,2.4720821380615234,0.35416385531425476,0.2822367250919342,1.807084321975708,1.6368608474731445
2.4690041542053223,2.3777339458465576,1.8939725160598755,1.8381410837173462,0.1791539043188095,1.745390772819519
0.36287134885787964,2.371778964996338,2.118952512741089,1.8161906003952026,0.17944054305553436,1.7975003719329834
2.5862627029418945,0.389120489358902,2.6010091304779053,0.7056812644004822,0.1797819584608078,1.544476866722107
0.36173468828201294,2.5840935707092285,0.3914380967617035,1.6593979597091675,1.7801728248596191,1.388288140296936
2.6282973289489746,0.4760412275791168,0.6154648661613464,1.8392654657363892,0.6682936549186707,0.9970477223396301
0.580177366733551,0.5126714706420898,2.268989324569702,1.8211783170700073,1.5840226411819458,0.3423989713191986
2.588578939437866,0.4266294538974762,2.602569341659546,0.21578213572502136,1.8088669776916504,1.7697958946228027
0.3641638159751892,2.5849997997283936,2.0247743129730225,0.26760295033454895,0.17812173068523407,1.3417725563049316
0.3615778088569641,2.566622257232666,2.525435209274292,1.8374431133270264,0.180434450507164,1.7973285913467407
0.9101244807243347,2.5642518997192383,2.285224199295044,0.19581708312034607,0.1780555099248886,1.7949745655059814
0.5848168730735779,1.0375858545303345,2.102095365524292,0.20023879408836365,1.8085641860961914,0.3147038519382477
2.62899112701416,2.430115222930908,2.6025590896606445,0.19631782174110413,0.731622040271759,1.6318151950836182
1.1565988063812256,0.38069143891334534,0.35403522849082947,0.48950520157814026,0.5807511210441589,0.30434849858283997
0.8555384874343872,0.39286211133003235,0.354157418012619,1.8392109870910645,0.17839489877223969,1.7974002361297607
0.4331454634666443,0.6009944677352905,0.512885332107544,1.835683822631836,0.19313548505306244,0.44181618094444275
2.627471446990967,1.730823040008545,0.9887963533401489,0.21442434191703796,0.1977059692144394,0.3245970904827118
0.3615846037864685,2.5782525539398193,0.4950856864452362,0.5254568457603455,1.564623475074768,0.2231970727443695
0.4231554865837097,2.5720207691192627,0.35483571887016296,1.8374452590942383,1.316344141960144,1.578945517539978
2.251861810684204,0.40972426533699036,2.602529525756836,1.345828890800476,1.3121235370635986,1.7452058792114258
0.5276274681091309,0.3794800341129303,2.4911577701568604,1.8198965787887573,1.8068082332611084,0.2949661314487457
2.5522637367248535,0.42133238911628723,2.556703805923462,0.4479772746562958,1.692049264907837,0.7869106531143188
1.4829388856887817,1.3132708072662354,0.46644243597984314,1.6543060541152954,1.8077210187911987,1.705407977104187
2.6294946670532227,2.5818512439727783,0.4900135099887848,1.8338556289672852,0.18507979810237885,0.20742210745811462
2.277988910675049,0.3784846365451813,0.5041564702987671,1.831238865852356,0.31058117747306824,1.761101245880127
0.362102210521698,2.583446741104126,2.4818058013916016,0.27741315960884094,0.17813412845134735,0.1708749234676361
2.4762637615203857,1.2131215333938599,0.36430904269218445,1.8390297889709473,0.547448992729187,0.17384764552116394
2.571755886077881,2.502501964569092,0.4266832768917084,1.7684252262115479,1.5997647047042847,0.19866910576820374
0.396406352519989,2.3834054470062256,2.601182222366333,1.3929582834243774,1.76604425907135,1.6871975660324097
0.36924487352371216,1.9574503898620605,2.5234289169311523,1.8383002281188965,1.7682348489761353,1.6762946844100952
2.0778090953826904,1.5407428741455078,0.6413509249687195,0.2091657817363739,0.18237809836864471,0.6109504699707031
2.515397310256958,0.4670460522174835,1.015810489654541,0.6015874743461609,1.8076598644256592,1.7795450687408447
2.606837034225464,0.37898293137550354,2.6025636196136475,1.8384780883789062,0.18216077983379364,0.38903048634529114
2.3497238159179688,1.7026067972183228,2.2208380699157715,1.8392724990844727,0.23961441218852997,0.1710476577281952
0.8437137603759766,2.3769991397857666,0.3833934962749481,1.830073595046997,1.8078937530517578,0.17165496945381165
0.36895686388015747,2.586848497390747,2.3625452518463135,1.8392417430877686,1.798086166381836,1.7233842611312866
2.6135635375976562,2.531381130218506,2.411616802215576,0.4993215501308441,0.18639372289180756,0.1750527322292328
0.5357935428619385,2.586531162261963,1.9864239692687988,1.823320984840393,1.8071805238723755,0.17007103562355042
1.208211064338684,2.5448122024536133,1.8429241180419922,1.7174427509307861,0.35325977206230164,1.687776803970337
2.6212401390075684,2.586455821990967,0.370276540517807,0.23177805542945862,0.3558814823627472,1.5809446573257446
2.6284663677215576,0.4493958055973053,1.7767834663391113,1.8389809131622314,1.5365711450576782,0.2526516616344452
0.5984064340591431,0.3841269314289093,2.602374792098999,1.7798993587493896,0.41370490193367004,1.784854769706726
2.628662347793579,0.4278405010700226,0.3633135259151459,1.837820291519165,0.17909930646419525,1.7955598831176758
1.9309351444244385,2.5834848880767822,2.602569341659546,1.7008540630340576,0.19714753329753876,1.7954822778701782
0.3621465563774109,2.047816038131714,1.9130979776382446,0.47909942269325256,1.8086727857589722,0.21009013056755066
0.4929949641227722,1.55540132522583,1.896070957183838,1.784072995185852,1.7939491271972656,1.6595978736877441
2.1450865268707275,2.5865495204925537,0.3740132749080658,0.9336044788360596,1.014479637145996,1.58717679977417
2.6294381618499756,2.5460102558135986,1.7286821603775024,0.2298155128955841,0.5093703269958496,0.5688276886940002
0.9414053559303284,0.5353390574455261,2.0389676094055176,1.838774561882019,0.4322076141834259,0.18067708611488342
2.6026902198791504,0.38073912262916565,2.25209641456604,1.2763538360595703,0.37032684683799744,1.7976959943771362
2.5661535263061523,0.3820848762989044,2.2038064002990723,1.7882611751556396,1.7208831310272217,1.7939168214797974
2.424191951751709,2.367377519607544,2.5996015071868896,1.8282742500305176,1.122058629989624,1.7957595586776733
0.36502689123153687,0.3791731894016266,0.6147186756134033,1.189520239830017,1.5774801969528198,0.23258695006370544
0.3646910786628723,0.645932137966156,2.510613441467285,0.218776673078537,1.7784196138381958,0.17862281203269958
2.543961763381958,1.366356611251831,0.38729235529899597,1.7223573923110962,1.1582450866699219,1.6223877668380737
2.5068516731262207,2.574117660522461,0.37626633048057556,1.838696002960205,0.1781027764081955,1.793213963508606
0.41446489095687866,2.553396701812744,0.3551749885082245,0.32145461440086365,0.18460826575756073,0.20295313000679016
2.629255533218384,2.319594383239746,2.5659947395324707,0.2046276032924652,0.25436368584632874,1.3971103429794312
