age,workclass,fnlwgt,education,education-num,marital-status,occupation,relationship,race,sex,capital-gain,capital-loss,hours-per-week,native-country,class
2,4,0,9,8,2,4,0,4,1,0,0,4,39,1
3,4,0,12,8,4,4,1,4,0,0,0,4,39,0
0,0,0,11,5,4,0,1,4,0,0,0,2,39,0
3,2,0,15,6,0,14,4,4,1,0,0,3,39,0
0,4,0,9,8,4,10,3,4,1,0,0,3,39,0
4,4,1,11,5,2,13,0,4,1,0,0,5,39,1
3,4,2,15,6,2,3,0,4,1,0,0,6,39,1
4,4,0,15,6,2,12,0,4,1,0,0,5,39,0
3,5,1,12,8,2,10,0,4,1,0,5,5,39,1
1,0,0,15,6,0,0,3,4,0,0,0,1,0,0
2,4,0,9,8,4,10,1,4,1,0,0,3,39,1
4,4,0,12,8,2,10,5,4,0,0,0,3,39,1
1,4,1,9,8,4,4,1,4,0,0,0,4,39,1
0,4,0,7,7,4,8,4,4,0,0,0,3,39,0
5,0,1,11,5,6,0,1,4,1,0,0,3,31,0
2,0,2,15,6,2,0,5,4,0,0,0,1,39,1
5,2,1,15,6,2,14,0,2,1,0,0,2,39,0
0,4,2,11,5,4,3,3,4,1,0,0,3,39,0
6,4,0,7,7,2,12,0,4,1,1,0,3,39,1
3,4,0,11,5,2,6,0,4,1,0,3,3,39,0
6,4,1,0,3,5,7,1,2,1,0,0,3,39,0
2,4,1,6,2,5,5,4,2,1,0,0,3,39,0
3,1,1,15,6,2,4,0,4,1,0,0,3,39,1
3,6,1,11,5,2,12,0,4,1,1,0,8,39,1
2,4,0,12,8,2,4,0,4,1,0,0,5,39,1
1,4,1,11,5,4,7,4,4,0,0,0,3,39,0
2,4,0,7,7,0,10,1,4,0,0,0,3,39,0
4,4,1,12,8,2,12,0,4,1,1,0,5,39,1
5,2,0,12,8,2,10,0,4,1,0,0,3,39,1
0,4,1,11,5,4,6,1,4,1,0,0,3,39,0
5,5,0,5,2,2,12,0,4,1,0,0,6,39,0
2,4,2,6,2,2,3,0,4,1,0,0,3,39,0
4,4,2,15,6,6,12,4,4,0,0,0,2,39,0
3,4,1,15,6,2,12,0,4,1,0,0,5,39,1
2,4,1,15,6,2,12,0,4,1,0,0,5,11,1
5,2,2,9,8,2,10,0,4,1,0,0,3,39,1
1,1,0,11,5,4,6,3,4,0,0,0,3,39,0
1,2,0,6,2,2,3,0,2,1,0,0,3,38,1
4,4,0,11,5,2,3,0,4,1,0,0,3,39,1
2,4,0,11,5,2,5,0,4,1,0,0,3,39,0
2,0,0,8,6,6,0,1,4,0,0,0,1,39,0
1,4,3,15,6,2,3,3,4,1,0,0,3,39,0
3,5,0,11,5,2,12,0,4,1,0,0,5,39,0
4,4,0,11,5,0,12,1,4,0,0,0,3,39,0
2,4,2,9,8,0,8,1,4,1,0,0,3,39,0
4,4,1,1,4,0,8,1,4,0,0,0,3,39,0
2,4,4,9,8,2,12,0,4,1,0,0,3,39,1
1,2,0,15,6,4,1,4,2,0,0,0,3,39,0
2,4,2,4,1,2,3,0,4,1,0,0,3,26,0
1,4,1,9,8,4,12,3,4,0,0,0,3,39,0
5,7,0,8,6,6,4,1,0,0,0,0,3,39,0
0,4,1,15,6,4,13,3,4,0,0,0,3,39,0
1,6,3,15,6,4,3,1,4,1,0,0,4,39,0
2,4,0,11,5,2,4,0,4,1,0,0,3,39,0
5,4,0,12,8,2,10,0,4,1,0,0,6,39,1
0,4,3,4,1,4,8,2,4,1,0,0,3,26,0
1,0,2,11,5,2,0,5,4,0,0,0,0,39,0
1,4,2,11,5,2,3,0,4,1,0,0,3,39,0
0,4,1,11,5,2,3,0,4,1,0,0,3,39,0
0,4,1,15,6,4,1,3,4,0,0,0,1,39,0
2,4,0,15,6,2,3,0,4,1,0,0,3,39,1
1,4,1,15,6,4,7,1,4,0,0,0,3,39,0
2,4,1,15,6,2,7,0,4,1,0,0,3,39,0
4,4,0,11,5,2,3,0,4,1,0,0,3,39,0
2,6,1,1,4,0,6,1,4,1,0,0,0,39,0
3,4,0,15,6,0,4,1,4,1,0,0,5,39,0
3,2,0,9,8,4,10,1,4,1,0,0,5,39,1
2,4,0,8,6,2,12,0,4,1,0,0,5,39,1
2,4,1,9,8,0,10,1,4,1,1,0,3,39,1
0,4,1,15,6,4,6,3,2,1,0,0,3,11,0
1,4,0,9,8,4,4,1,4,0,0,0,3,39,0
2,6,0,11,5,2,3,0,4,1,0,0,4,39,0
8,5,0,5,2,2,5,0,4,1,0,0,5,39,0
2,4,1,9,8,2,4,0,4,1,0,0,5,39,1
3,4,0,11,5,2,7,0,4,1,0,0,3,39,0
3,4,1,11,5,2,6,0,4,1,0,0,3,39,0
0,4,1,15,6,4,7,1,4,1,0,0,2,39,0
2,6,1,9,8,0,12,1,4,1,0,0,5,39,1
8,0,1,12,8,6,0,1,4,0,0,0,1,39,0
1,4,1,8,6,2,3,0,4,1,0,0,4,39,0
3,4,0,11,5,2,3,0,4,1,0,0,5,39,1
1,4,0,6,2,4,7,1,4,1,0,0,3,39,0
0,0,2,11,5,4,0,1,2,0,0,0,3,39,0
4,6,1,5,2,2,5,0,4,1,0,0,3,39,0
5,4,1,15,6,2,14,0,4,1,0,0,6,0,0
0,4,1,9,8,4,1,1,4,1,0,0,3,4,0
0,4,0,11,5,2,12,0,4,1,0,0,4,39,0
4,4,1,11,5,0,6,1,4,1,0,0,3,39,0
2,4,0,15,6,2,7,0,4,1,0,0,6,39,0
2,7,0,15,6,0,14,1,4,1,0,0,6,39,0
5,4,1,9,8,2,10,0,4,1,0,0,3,39,1
3,2,1,9,8,2,4,0,4,1,0,4,5,39,1
6,0,1,11,5,2,0,0,4,1,0,0,3,39,0
1,4,0,15,6,0,10,4,4,0,0,0,2,39,0
3,2,0,15,6,2,14,0,4,1,0,0,3,39,0
6,4,0,11,5,2,3,0,4,1,0,0,5,39,0
0,4,1,11,5,2,3,0,4,1,0,0,3,39,0
2,6,1,15,6,2,3,0,4,1,0,0,6,39,1
5,4,2,12,8,0,4,4,4,1,0,0,3,39,1
3,4,0,9,8,2,10,0,4,1,0,0,3,39,1
4,6,1,14,9,2,3,0,4,1,0,0,6,39,0
3,4,0,11,5,2,7,0,4,1,0,0,3,39,0
3,6,1,9,8,2,4,0,4,1,0,0,5,11,0
1,4,0,11,5,2,12,0,4,1,0,4,5,39,1
1,2,1,15,6,4,1,4,2,0,0,0,3,39,0
3,4,4,11,5,0,1,1,4,0,0,0,4,39,0
2,0,1,1,4,4,0,1,4,1,0,0,2,39,0
1,1,0,9,8,4,11,1,4,0,0,0,3,39,0
6,4,0,5,2,2,1,0,4,1,0,0,5,39,0
4,5,0,11,5,2,4,0,4,1,0,0,4,39,1
0,0,0,11,5,4,0,3,4,0,0,0,1,39,0
4,6,1,5,2,2,4,0,4,1,0,0,5,12,1
3,2,1,11,5,2,14,0,4,1,0,0,6,39,0
1,4,1,11,5,2,14,0,2,1,0,0,3,39,0
3,4,1,9,8,2,10,0,4,1,0,0,3,39,1
2,4,1,11,5,0,8,4,4,0,0,8,4,39,0
3,1,0,8,6,2,1,0,4,1,0,0,3,39,1
2,4,1,9,8,2,10,0,4,1,0,0,4,39,1
2,4,1,11,5,4,8,3,4,0,0,0,2,39,0
2,4,0,11,5,4,14,4,2,1,0,0,2,39,0
1,4,1,9,8,4,13,1,4,0,0,0,3,39,0
3,7,0,15,6,2,4,0,4,1,0,0,3,39,0
0,4,0,15,6,4,8,3,4,0,0,0,3,39,0
3,4,2,14,9,2,4,5,4,0,0,0,5,24,1
3,4,1,11,5,2,3,0,4,1,0,0,3,39,0
2,4,1,11,5,0,4,4,4,0,0,0,3,39,0
2,6,0,15,6,2,7,0,4,1,0,0,3,39,1
2,6,1,11,5,0,3,1,4,1,0,0,5,39,0
3,4,0,15,6,2,14,0,4,1,0,0,5,39,0
5,2,0,9,8,2,4,5,4,0,0,0,2,39,1
3,2,2,7,7,0,13,3,4,1,0,0,3,39,0
1,4,1,15,6,0,4,1,4,0,0,0,3,39,0
5,4,3,2,4,2,1,0,2,1,0,0,3,39,0
1,4,1,11,5,4,3,1,2,1,0,0,3,39,0
0,6,1,11,5,0,8,1,4,0,0,0,3,39,0
1,4,1,1,4,2,7,0,4,1,0,0,4,39,0
2,4,3,12,8,2,10,0,4,1,0,0,4,39,1
2,4,1,11,5,4,12,3,4,0,0,0,3,39,0
2,4,1,15,6,0,12,1,4,0,0,0,5,39,0
1,4,0,9,8,4,10,1,4,0,0,0,3,39,0
1,7,1,15,6,2,1,0,2,1,0,0,3,39,0
5,1,0,12,8,4,10,1,4,0,0,0,3,0,1
1,4,1,7,7,4,10,1,2,0,0,0,2,39,0
2,7,0,11,5,2,14,0,4,1,0,0,3,39,1
3,4,0,11,5,4,12,4,4,0,0,0,6,39,0
3,4,1,11,5,0,1,1,4,0,0,0,3,39,0
3,2,1,9,8,2,10,5,4,0,0,0,4,39,1
3,4,1,15,6,4,1,1,4,0,0,0,3,26,0
4,1,0,8,6,2,3,0,1,1,0,0,3,39,1
0,4,1,2,4,4,8,3,4,1,0,0,2,39,0
1,4,0,15,6,4,5,3,4,1,0,0,6,39,0
0,4,0,11,5,4,3,1,4,1,0,3,3,39,0
3,2,2,9,8,2,10,5,4,0,0,3,1,39,0
5,4,1,7,7,2,9,2,4,0,0,0,3,31,0
3,4,0,9,8,2,3,0,4,1,0,0,3,39,1
4,7,0,10,9,0,10,4,4,1,0,0,5,10,1
1,4,1,11,5,4,8,2,4,0,0,0,3,39,0
2,4,1,9,8,2,12,0,4,1,0,0,3,39,1
4,4,1,15,6,4,6,1,4,1,0,0,3,39,0
1,6,1,11,5,4,8,4,4,0,0,0,2,39,0
0,4,0,15,6,4,4,3,4,0,0,0,1,39,0
3,4,0,9,8,2,3,0,4,1,0,0,3,39,1
2,4,0,11,5,2,3,0,4,1,0,0,5,39,0
6,5,1,9,8,2,4,0,4,1,9,0,6,39,1
2,4,1,9,8,4,12,1,4,1,1,0,4,39,1
4,6,0,9,8,2,10,0,4,1,0,0,5,39,0
4,4,0,11,5,2,4,0,4,1,0,0,2,18,0
3,4,0,15,6,2,7,0,4,1,0,0,3,39,0
5,5,1,10,9,4,10,1,4,0,0,0,9,0,0
1,4,1,15,6,4,10,1,4,1,0,0,3,39,0
5,6,2,0,3,2,3,0,4,1,0,0,3,39,0
0,4,1,9,8,4,12,3,4,1,0,0,3,39,0
2,0,0,11,5,6,0,3,4,0,0,0,3,39,0
3,4,1,15,6,0,13,1,4,1,0,0,3,0,1
2,5,2,15,6,2,12,0,4,1,0,0,6,39,1
6,6,2,11,5,2,3,0,4,1,0,0,2,39,0
5,0,1,11,5,2,0,0,4,1,0,0,3,39,0
1,0,1,9,8,4,0,1,1,0,0,0,5,36,0
0,4,1,1,4,4,6,3,4,1,0,3,3,39,0
6,6,1,15,6,2,12,0,4,1,0,0,1,39,0
2,4,2,7,7,2,10,5,4,0,0,0,1,39,1
6,0,0,8,6,2,0,5,4,0,0,0,5,39,1
3,5,1,6,2,2,12,5,4,0,0,0,7,6,0
3,2,2,7,7,2,3,5,4,0,0,0,5,39,1
4,4,1,11,5,2,14,0,4,1,0,0,5,39,0
4,6,1,11,5,2,5,0,4,1,0,0,9,39,1
5,4,0,0,3,2,7,0,4,1,0,0,6,39,0
1,4,0,11,5,2,1,3,4,0,0,0,3,39,0
0,7,0,15,6,4,1,3,4,1,0,0,2,39,0
0,4,1,1,4,4,6,3,4,1,0,0,1,39,0
4,4,0,11,5,0,8,1,4,0,0,0,3,39,0
2,4,1,7,7,0,12,1,4,1,0,0,3,39,0
3,4,0,11,5,0,6,1,2,1,0,0,3,39,0
2,4,0,9,8,2,4,0,4,1,0,4,5,39,1
2,5,0,15,6,2,4,0,4,1,1,0,5,39,1
3,4,1,9,8,4,12,1,4,0,0,0,4,39,0
1,4,0,9,8,4,10,3,1,1,0,0,3,39,0
1,4,1,15,6,2,3,0,4,1,0,0,6,39,0
3,4,2,1,4,0,12,4,4,1,0,0,5,26,0
5,7,0,9,8,6,10,1,4,0,0,0,3,39,0
1,4,1,11,5,4,7,1,4,0,0,0,3,39,0
1,4,1,11,5,4,10,1,4,1,0,0,3,39,0
2,2,0,9,8,4,13,3,4,0,0,0,4,39,0
3,6,1,14,9,2,10,0,4,1,0,0,6,39,1
0,0,1,15,6,4,0,2,2,0,0,0,3,39,0
6,4,0,11,5,2,8,0,4,1,0,0,1,39,0
4,4,1,5,2,2,6,0,4,1,0,0,3,39,0
4,4,0,9,8,2,4,0,4,1,0,0,4,39,1
0,0,0,15,6,4,0,3,4,0,0,0,3,39,0
1,4,2,9,8,4,8,1,4,1,0,0,2,0,0
2,4,0,15,6,2,3,0,4,1,0,0,3,39,0
5,4,0,0,3,0,8,4,4,0,0,0,3,39,0
4,4,2,9,8,2,3,0,4,1,0,0,3,39,0
5,6,0,15,6,2,14,0,4,1,0,0,4,39,0
0,4,2,9,8,4,12,3,4,0,0,0,3,39,0
2,4,1,9,8,2,4,0,4,1,0,0,4,39,1
4,7,0,15,6,2,1,0,4,1,0,0,3,39,1
1,4,1,9,8,2,10,5,4,0,0,0,4,39,1
5,4,0,8,6,0,10,1,4,0,0,0,3,39,0
2,4,0,11,5,2,7,0,4,1,0,0,3,39,0
2,4,0,14,9,2,10,0,4,1,0,0,5,0,0
3,4,2,2,4,2,3,0,2,1,0,0,6,0,1
2,7,1,15,6,0,11,4,4,0,0,3,3,39,0
3,4,0,15,6,2,12,0,4,1,0,0,5,39,0
4,2,0,11,5,2,3,0,4,1,0,0,3,39,0
1,0,1,4,1,4,0,4,4,0,0,0,2,8,0
3,2,1,14,9,2,10,0,4,1,0,0,5,39,1
3,4,0,12,8,2,10,0,4,1,0,0,3,39,1
1,4,1,9,8,4,12,1,4,1,0,0,3,39,0
4,4,0,11,5,2,13,0,4,1,0,0,3,39,0
0,4,1,7,7,4,12,3,4,0,0,0,3,39,0
0,4,1,15,6,4,6,3,4,0,0,0,2,39,0
0,0,1,15,6,4,0,3,4,0,0,3,2,39,0
4,4,0,11,5,2,1,0,4,1,0,0,3,39,0
3,1,1,8,6,2,1,0,4,1,0,0,3,39,1
6,2,2,9,8,2,10,0,4,1,0,0,3,39,1
2,4,1,15,6,0,1,1,4,1,0,0,4,39,0
3,4,0,15,6,2,3,0,4,1,0,0,3,39,0
0,4,1,15,6,4,1,3,4,0,0,0,3,39,0
4,4,0,9,8,2,4,0,4,1,0,0,3,39,1
1,4,0,1,4,0,6,2,2,1,0,3,3,39,0
0,0,1,11,5,4,0,3,2,1,0,0,1,9,0
3,4,1,11,5,4,12,2,4,0,0,0,1,39,0
2,4,0,11,5,2,3,0,4,1,0,0,3,39,0
2,4,1,11,5,0,8,1,4,0,0,0,3,39,0
2,4,0,9,8,2,5,0,4,1,0,0,5,39,1
4,5,2,12,8,2,4,0,4,1,1,0,5,39,1
5,0,0,11,5,2,0,0,4,1,0,0,5,39,0
4,4,0,15,6,0,8,1,4,0,0,0,3,39,0
1,4,2,3,0,2,7,0,4,1,0,0,3,26,0
1,4,1,11,5,2,7,0,4,1,0,0,3,39,1
2,4,0,15,6,2,14,0,4,1,0,0,3,39,1
2,4,1,11,5,4,10,1,4,1,0,0,3,39,0
0,4,1,8,6,4,8,1,4,0,0,0,5,39,0
1,4,0,9,8,4,13,1,4,1,0,0,3,39,0
0,4,0,2,4,4,8,3,4,0,0,0,3,39,0
1,4,0,8,6,2,5,0,4,1,0,0,3,39,1
1,4,0,11,5,4,3,4,4,1,0,0,3,39,0
2,4,2,8,6,2,10,0,4,1,0,0,4,39,0
1,4,1,15,6,4,3,1,1,1,0,4,4,1,0
3,5,0,14,9,2,10,0,4,1,0,0,5,39,1
4,4,0,11,5,2,3,0,4,1,0,0,3,39,1
5,2,2,0,3,2,14,0,4,1,0,0,3,39,0
7,1,0,15,6,6,13,1,4,0,0,0,3,39,0
2,0,0,11,5,2,0,0,4,1,0,0,2,39,0
1,4,1,15,6,4,8,4,4,0,0,0,3,39,0
2,4,1,15,6,2,14,0,2,1,0,0,5,39,1
1,4,1,15,6,5,1,4,4,0,0,0,3,39,0
0,4,1,11,5,2,12,0,4,1,0,0,4,39,0
3,4,1,14,9,2,4,5,4,0,1,0,4,39,1
2,4,0,11,5,1,8,5,4,0,0,0,3,39,1
4,5,3,11,5,2,4,0,4,1,0,0,3,39,0
6,6,0,11,5,2,5,0,4,1,0,0,3,39,0
0,2,1,15,6,4,1,3,4,0,0,0,3,26,0
5,2,1,12,8,2,11,0,4,1,0,0,1,39,1
2,6,0,11,5,2,5,0,4,1,0,0,3,39,0
3,4,1,15,6,0,4,1,4,1,0,0,3,39,0
4,4,0,11,5,5,3,1,4,1,0,0,3,39,0
1,4,0,15,6,4,8,1,4,0,0,0,3,39,0
3,4,0,9,8,4,4,3,1,0,0,0,3,39,0
0,4,1,9,8,4,8,3,4,0,0,0,2,39,0
0,4,1,15,6,4,12,3,4,0,0,0,2,39,0
5,0,0,15,6,0,0,3,4,1,0,0,5,39,0
1,4,1,15,6,4,4,1,4,0,1,0,3,39,1
3,4,1,15,6,0,1,1,4,0,0,0,3,39,0
0,4,1,11,5,4,6,3,4,1,0,0,5,32,0
5,4,1,12,8,2,12,0,4,1,0,0,5,39,1
1,4,1,15,6,2,3,0,4,1,0,0,6,39,0
6,4,1,15,6,2,12,0,2,1,0,0,3,39,1
3,4,0,11,5,5,12,1,4,0,0,0,3,39,0
3,4,2,8,6,0,12,1,4,1,0,0,4,39,0
2,4,1,15,6,2,4,5,4,0,0,0,3,39,0
3,4,0,6,2,4,7,4,2,0,0,1,3,39,0
1,4,0,11,5,2,3,0,4,1,0,0,3,31,0
5,4,0,11,5,2,4,0,4,1,0,0,5,39,1
2,4,0,9,8,4,1,1,4,0,0,0,5,39,0
1,4,0,7,7,4,8,1,4,0,0,0,8,39,0
4,4,2,15,6,2,3,0,4,1,0,0,6,39,1
1,4,1,11,5,4,12,1,4,0,0,0,4,39,0
0,4,1,15,6,4,12,3,4,0,0,0,2,39,0
3,6,0,9,8,2,12,0,4,1,0,5,3,39,1
2,4,1,11,5,2,1,0,4,1,0,0,3,39,0
5,4,0,11,5,2,3,0,2,1,0,0,5,39,0
3,4,1,11,5,3,14,4,2,1,0,0,5,39,0
0,4,0,9,8,4,5,3,4,0,0,0,3,39,0
1,4,1,9,8,2,1,0,4,1,0,0,3,0,1
4,7,1,8,6,2,4,0,4,1,0,0,3,39,0
5,4,0,11,5,2,7,0,4,1,0,0,3,39,1
4,0,0,5,2,2,0,0,4,1,0,0,3,39,0
3,6,1,12,8,4,5,3,4,1,0,0,9,39,0
1,4,0,11,5,4,6,4,4,0,0,0,3,39,0
2,1,2,11,5,0,1,4,4,0,0,0,3,39,0
2,4,0,11,5,2,6,0,4,1,0,4,3,39,0
1,6,1,7,7,2,8,5,4,0,0,0,3,39,1
5,6,2,11,5,2,1,5,4,0,0,0,1,39,1
3,1,1,15,6,2,6,0,4,1,0,4,6,39,1
2,4,0,14,9,2,12,0,4,1,0,0,4,39,1
0,2,1,8,6,0,13,1,4,1,0,0,5,39,0
1,4,1,1,4,4,8,1,4,1,0,0,3,39,0
3,4,1,7,7,2,12,0,4,1,0,0,5,39,1
2,6,1,9,8,2,10,0,4,1,0,0,6,39,0
2,4,1,15,6,2,4,0,4,1,0,0,3,39,1
3,4,1,12,8,2,10,0,4,1,0,0,4,39,1
3,4,1,11,5,2,3,0,1,1,0,0,3,40,0
3,2,1,7,7,2,4,0,4,1,0,0,4,39,1
1,4,1,11,5,4,7,3,4,1,0,0,3,39,0
1,4,1,15,6,4,12,1,4,1,0,0,4,39,0
3,4,1,8,6,2,13,0,4,1,0,0,3,39,1
2,4,2,11,5,2,8,0,2,1,0,0,2,39,0
3,7,0,12,8,0,10,4,4,0,0,0,3,39,0
1,4,0,11,5,2,3,0,4,1,0,0,6,39,0
3,4,1,9,8,2,7,0,4,1,0,4,3,39,1
6,6,0,11,5,2,5,0,4,1,0,0,3,39,1
0,4,1,15,6,0,12,3,2,0,0,0,3,39,0
4,4,3,11,5,2,3,0,4,1,0,0,4,39,1
0,4,0,11,5,4,6,1,4,1,0,0,2,39,0
1,7,1,9,8,2,10,5,4,0,0,4,3,39,1
3,2,0,11,5,2,7,0,4,1,0,0,3,39,0
0,4,1,1,4,4,12,3,4,1,0,0,1,39,0
0,0,1,15,6,4,0,3,2,1,0,0,3,39,0
5,4,1,11,5,6,7,4,2,0,0,0,4,39,0
0,4,1,15,6,4,12,2,4,1,0,0,6,39,0
3,4,2,8,6,2,4,0,2,1,0,0,3,39,1
5,6,0,0,3,0,12,3,4,1,0,0,3,39,0
6,4,2,11,5,2,12,0,4,1,0,0,3,39,0
1,4,1,5,2,2,6,0,4,1,0,0,3,26,0
2,2,0,11,5,2,11,0,1,1,0,0,5,39,1
5,4,1,15,6,2,4,0,4,1,0,0,3,39,1
0,4,5,1,4,4,8,3,4,0,0,0,1,39,0
0,4,1,11,5,4,6,1,4,1,0,0,3,39,0
5,4,1,11,5,2,3,0,4,1,0,0,3,39,0
5,4,1,15,6,2,1,5,4,0,0,0,1,5,1
3,4,0,11,5,2,9,5,4,0,0,0,4,39,0
0,0,2,15,6,4,0,3,4,1,0,0,3,39,0
1,4,0,11,5,2,8,3,1,1,0,0,2,30,0
2,4,1,11,5,5,1,4,4,0,0,0,3,39,0
4,5,0,12,8,2,4,0,4,1,0,0,5,39,1
1,2,1,9,8,2,10,5,2,0,0,0,3,39,1
1,4,0,11,5,4,7,1,4,0,0,0,3,39,0
2,4,1,11,5,4,1,4,2,0,0,0,3,39,0
2,4,0,11,5,2,3,0,4,1,0,0,4,39,1
1,4,1,15,6,2,3,0,4,1,0,0,4,39,1
5,4,0,11,5,0,8,4,4,0,0,0,3,39,0
2,4,1,9,8,2,4,0,4,1,0,0,5,39,1
3,4,0,9,8,2,4,0,4,1,0,5,6,39,1
2,4,0,11,5,2,3,0,4,1,0,0,4,39,1
1,7,0,15,6,4,10,1,4,1,0,0,3,39,0
2,7,0,12,8,2,10,0,4,1,0,0,5,39,0
3,4,1,0,3,2,14,0,4,1,0,0,3,39,0
0,4,1,9,8,4,13,1,4,1,0,0,5,39,0
4,4,0,9,8,5,10,1,4,1,0,0,3,39,0
3,6,1,9,8,2,10,0,4,1,0,0,3,39,0
1,0,1,4,1,2,0,0,4,1,0,0,3,26,0
4,4,1,11,5,2,7,0,4,1,0,0,2,39,0
1,4,0,11,5,0,8,1,4,1,1,0,3,39,1
2,4,0,9,8,2,4,0,4,1,0,0,5,39,1
1,0,1,7,7,2,0,0,4,1,0,0,1,39,0
4,2,2,11,5,3,14,2,4,0,0,0,3,39,0
7,6,2,14,9,2,10,0,4,1,0,4,5,39,1
3,2,0,12,8,2,4,0,4,1,0,4,6,39,1
2,4,0,11,5,2,8,0,4,1,0,0,6,39,1
6,4,0,11,5,6,5,1,4,1,0,0,0,39,0
0,4,0,15,6,4,1,3,4,0,0,0,3,39,0
7,4,1,0,3,0,8,1,4,0,0,0,0,39,0
3,6,2,14,9,2,10,0,4,1,1,0,3,39,1
0,4,0,11,5,4,12,3,4,0,0,0,2,39,0
1,4,0,15,6,2,3,0,4,1,0,0,3,39,0
2,4,1,12,8,2,4,0,4,1,0,0,6,5,1
2,6,0,11,5,2,3,0,4,1,0,0,3,39,0
3,7,0,11,5,2,8,5,2,0,0,0,3,39,0
3,4,1,7,7,2,13,0,4,1,0,0,4,39,1
2,6,1,11,5,0,3,1,4,1,0,0,3,39,0
4,5,0,15,6,0,4,4,4,0,0,0,5,39,0
2,0,0,8,6,2,0,5,0,0,0,0,3,39,0
0,4,1,15,6,4,8,3,4,0,0,0,3,26,0
2,4,1,9,8,2,13,0,4,1,0,0,3,39,0
1,4,1,11,5,2,3,0,4,1,0,0,3,31,1
2,4,0,15,6,2,4,0,4,1,0,0,4,39,0
1,4,0,9,8,2,7,0,4,1,0,0,4,39,0
0,0,1,15,6,4,0,3,4,1,0,0,1,39,0
2,7,0,11,5,2,11,0,4,1,0,0,3,39,1
1,6,0,9,8,4,10,3,4,0,0,0,3,39,0
3,4,0,12,8,2,8,0,4,1,0,0,3,39,0
2,4,0,11,5,2,6,0,4,1,0,0,3,39,0
2,4,0,0,3,5,3,1,4,1,0,0,3,39,0
4,4,0,11,5,2,10,0,4,1,0,0,5,39,0
0,4,1,15,6,4,1,3,2,0,0,0,3,39,0
0,0,1,15,6,4,0,3,4,0,0,0,3,39,0
1,4,0,8,6,2,3,0,4,1,0,3,3,39,0
4,5,1,12,8,2,4,0,4,1,1,0,5,39,1
5,2,0,9,8,2,10,0,4,1,0,4,3,39,1
5,4,2,11,5,2,14,0,2,1,0,0,3,39,0
2,4,1,15,6,4,1,1,4,1,0,0,3,39,0
1,6,2,11,5,4,12,1,2,1,0,0,3,39,0
3,4,1,14,9,2,12,0,4,1,0,0,5,39,0
1,4,0,11,5,5,3,1,4,1,0,0,3,39,0
1,7,0,13,0,4,8,1,4,1,0,0,2,39,0
4,2,0,9,8,3,1,4,1,0,0,0,3,30,0
4,4,1,6,2,2,7,0,2,1,0,0,5,0,0
0,4,0,11,5,4,6,2,4,1,0,0,3,39,0
2,4,1,9,8,2,1,0,4,1,0,0,3,39,1
2,4,1,12,8,2,10,0,4,1,0,0,5,39,1
6,4,1,11,5,2,7,0,4,1,0,0,3,39,0
0,4,0,0,3,4,12,4,4,0,0,0,1,39,0
0,0,1,15,6,4,0,3,4,1,0,0,3,39,0
0,4,1,15,6,4,8,3,4,0,0,0,2,39,0
3,2,1,9,8,2,10,0,4,1,0,0,4,39,0
0,4,0,1,4,4,10,2,4,1,0,0,0,39,0
2,4,0,15,6,2,14,0,1,1,0,0,3,39,0
1,4,0,15,6,4,6,1,4,1,0,0,3,39,0
3,4,1,3,0,5,8,1,4,0,0,0,3,26,0
5,4,1,5,2,2,14,0,4,1,0,0,5,39,0
5,0,1,11,5,2,0,0,4,1,0,0,3,39,0
0,4,0,15,6,4,12,3,4,0,0,0,2,39,0
2,4,0,8,6,4,10,4,4,0,0,0,3,11,0
1,2,0,9,8,4,10,1,2,1,1,0,4,0,1
1,4,0,9,8,4,10,1,4,1,0,0,2,39,0
6,0,0,15,6,2,0,0,4,1,0,0,2,39,0
3,4,2,11,5,4,3,3,2,0,0,0,3,39,0
1,2,1,9,8,2,10,0,4,1,0,0,3,39,0
0,4,1,5,2,4,7,3,4,1,0,0,3,39,0
2,4,1,9,8,2,4,0,1,1,0,4,5,0,1
1,4,1,11,5,2,3,0,4,1,0,0,3,39,0
5,7,0,15,6,2,11,0,4,1,0,0,3,39,1
2,4,0,14,9,2,10,0,4,1,0,0,5,39,1
4,1,2,15,6,2,4,0,2,1,0,0,3,39,0
3,4,1,11,5,4,7,4,4,1,0,0,4,39,0
0,0,0,0,3,4,0,3,4,1,0,0,1,39,0
2,4,2,9,8,5,13,1,1,1,0,0,3,30,0
0,4,0,15,6,4,3,1,4,1,0,0,3,39,0
2,4,1,15,6,4,6,1,4,1,0,0,3,39,0
3,4,1,12,8,2,12,0,4,1,0,0,3,39,1
4,4,1,15,6,0,4,4,4,0,0,0,3,39,0
3,4,0,8,6,2,1,0,4,1,0,0,3,39,1
0,4,0,8,6,4,13,1,4,1,0,0,3,39,0
4,4,0,9,8,2,10,0,4,1,0,0,4,39,1
2,4,0,0,3,2,14,0,4,1,0,0,5,39,0
1,4,0,15,6,2,4,0,1,1,0,0,3,30,0
1,4,0,11,5,2,3,0,4,1,0,0,3,39,0
1,4,0,11,5,5,3,1,2,1,0,0,3,39,0
6,7,0,15,6,5,1,1,4,0,0,0,6,39,0
3,7,1,15,6,4,1,1,4,0,0,0,3,39,0
1,4,0,11,5,2,3,0,4,1,0,0,4,39,1
0,0,0,9,8,4,0,3,1,0,0,0,1,36,0
1,4,0,9,8,4,12,1,4,1,0,0,6,39,0
3,4,0,11,5,6,4,2,4,1,0,0,3,39,0
3,2,1,9,8,2,11,0,4,1,0,0,3,39,1
2,4,1,1,4,0,14,1,4,1,0,0,3,39,0
2,4,1,11,5,4,6,3,4,1,0,0,3,39,0
4,5,1,5,2,2,3,0,4,1,0,4,6,0,1
3,4,1,6,2,4,7,4,2,0,0,0,3,14,0
1,4,2,15,6,2,7,0,4,1,0,0,3,26,0
3,4,1,9,8,0,10,1,4,0,0,0,4,39,0
0,4,1,15,6,4,4,3,2,1,0,0,3,39,0
3,1,0,9,8,2,11,0,4,1,0,4,6,39,1
1,4,1,11,5,4,14,2,4,1,0,0,5,39,0
1,4,1,15,6,4,7,1,1,1,0,0,3,30,0
1,4,1,4,1,5,3,1,3,1,0,0,3,26,0
5,5,0,9,8,2,4,0,4,1,0,0,3,9,1
4,6,0,15,6,0,12,1,4,0,0,0,6,39,0
0,4,3,11,5,4,12,2,4,1,0,0,4,39,0
3,4,1,15,6,2,8,5,4,0,0,0,3,34,0
5,4,0,7,7,2,7,0,2,1,0,4,3,39,1
1,4,0,0,3,0,6,1,4,1,0,0,3,39,0
3,4,1,7,7,2,6,0,4,1,0,0,3,39,0
3,4,1,15,6,5,1,4,2,0,0,0,4,39,0
1,2,1,9,8,0,10,1,4,0,0,0,3,39,0
2,4,2,8,6,0,3,1,4,1,0,0,3,39,0
3,0,0,15,6,4,0,1,4,1,0,0,4,39,0
0,4,1,2,4,4,12,3,4,0,0,0,1,39,0
1,4,1,15,6,2,12,0,4,1,0,0,5,39,0
6,5,0,9,8,2,12,0,4,1,9,0,6,39,1
7,2,2,9,8,6,10,4,4,0,0,0,0,39,0
5,4,1,11,5,2,7,0,4,1,0,0,3,39,0
0,4,0,11,5,4,1,3,4,0,0,0,3,39,0
3,4,1,8,6,2,4,0,4,1,0,0,4,39,1
1,4,0,15,6,4,3,1,4,1,0,0,4,26,0
1,4,1,2,4,4,12,3,4,1,0,0,3,39,0
6,2,0,5,2,2,1,0,4,1,0,0,3,39,0
5,4,1,6,2,2,7,0,2,1,0,0,3,39,0
1,4,1,11,5,5,3,1,2,1,0,0,3,39,0
2,4,2,9,8,4,10,1,4,0,0,0,4,5,0
4,4,1,9,8,0,12,1,4,1,0,0,5,39,1
5,4,0,15,6,6,3,1,4,1,0,0,3,39,0
2,4,2,9,8,4,10,1,4,1,1,0,3,39,1
6,4,2,8,6,0,8,1,4,1,0,0,3,39,0
2,4,0,11,5,2,3,0,4,1,0,0,3,39,0
7,0,0,5,2,2,0,0,4,1,0,0,0,39,0
4,4,1,11,5,0,1,4,4,0,0,0,1,39,0
0,4,2,11,5,4,12,1,4,1,0,0,3,39,0
3,4,0,9,8,2,3,0,4,1,0,0,7,39,1
1,4,2,1,4,2,12,0,4,1,0,0,3,39,0
2,7,1,15,6,2,10,0,2,1,0,0,3,39,1
0,4,3,15,6,2,4,5,4,0,0,0,3,39,0
1,7,1,15,6,2,14,0,4,1,0,0,3,39,0
1,4,1,11,5,5,8,1,4,0,0,0,2,39,0
5,4,2,9,8,2,4,0,4,1,0,0,3,39,1
6,0,1,9,8,2,0,0,4,1,0,0,3,39,0
6,4,0,6,2,2,3,0,4,1,0,0,1,39,0
5,4,1,15,6,2,12,0,4,1,0,0,3,39,0
0,4,1,11,5,4,1,3,4,0,0,0,3,39,0
1,4,0,11,5,4,10,1,4,0,0,0,3,39,0
1,4,0,11,5,2,7,5,4,0,0,0,5,39,0
3,4,0,11,5,2,14,0,4,1,0,0,4,39,1
1,4,0,15,6,4,9,1,4,0,0,0,3,39,0
2,4,1,11,5,0,7,1,4,0,0,0,3,39,0
3,4,0,9,8,2,14,0,4,1,0,0,5,39,0
0,4,1,11,5,4,12,3,4,0,0,0,3,39,0
3,5,0,11,5,2,5,0,4,1,0,0,6,39,0
1,4,0,8,6,2,10,0,4,1,0,0,3,39,0
0,4,2,0,3,4,12,3,4,1,0,0,1,39,0
1,4,1,15,6,0,7,1,4,1,0,3,3,39,0
4,4,0,15,6,0,4,4,4,0,0,0,3,39,0
4,4,0,15,6,0,1,1,4,0,0,3,3,39,0
3,6,1,11,5,2,5,0,4,1,0,0,3,39,0
0,4,0,9,8,4,1,3,4,0,0,0,3,39,0
0,4,0,11,5,4,1,1,4,0,0,0,3,39,0
4,6,0,11,5,0,5,1,4,0,0,0,2,39,0
0,4,1,2,4,4,12,3,4,0,0,0,1,39,0
5,4,1,1,4,2,8,0,4,1,0,0,5,39,0
1,1,0,9,8,4,4,1,4,0,0,0,3,39,0
3,2,1,8,6,4,1,1,4,0,0,0,3,39,0
1,4,0,11,5,4,1,3,4,0,0,0,3,39,0
3,2,0,9,8,2,10,0,4,1,0,4,3,39,1
1,2,1,11,5,4,14,3,4,0,0,0,3,39,0
7,4,0,9,8,2,4,0,2,1,0,0,5,39,1
0,4,1,11,5,4,3,3,2,1,0,0,3,39,0
1,4,1,11,5,0,8,4,4,0,0,0,3,39,0
2,4,1,9,8,2,12,0,4,1,0,4,3,39,1
5,4,1,4,1,2,14,0,4,1,0,0,3,39,0
3,4,1,7,7,0,4,1,2,0,0,0,3,23,0
3,6,0,11,5,2,5,0,4,1,0,0,5,39,0
2,4,1,15,6,0,13,4,4,0,0,0,3,39,0
0,4,0,11,5,4,1,3,2,0,0,0,3,39,0
1,4,0,11,5,4,4,1,4,1,0,0,4,39,0
3,2,2,12,8,2,10,0,4,1,0,0,5,39,0
2,4,0,11,5,5,8,4,2,0,0,0,2,39,0
0,4,1,9,8,4,4,3,4,1,0,0,3,39,0
0,4,2,9,8,4,10,3,4,1,0,0,1,39,0
8,0,1,11,5,2,0,0,4,1,0,0,3,39,1
2,4,1,9,8,2,3,0,4,1,0,0,4,39,0
3,4,1,9,8,2,4,5,4,0,0,0,4,39,1
1,4,1,15,6,4,10,3,4,1,0,0,5,39,0
1,4,2,11,5,4,6,3,1,0,0,0,3,40,0
2,6,2,2,4,4,3,1,2,1,0,0,3,39,0
1,4,0,7,7,0,1,1,2,0,0,0,4,39,0
1,4,0,11,5,4,1,4,4,0,0,0,3,39,0
4,4,1,15,6,4,8,3,4,1,0,0,3,39,0
1,4,1,9,8,6,12,4,4,0,0,3,3,5,0
3,1,0,12,8,2,10,0,4,1,0,0,3,39,1
0,2,1,15,6,4,1,3,4,1,0,0,1,39,0
0,4,1,1,4,4,12,3,4,0,0,0,2,39,0
3,4,1,15,6,0,10,4,2,0,0,0,3,39,0
1,4,1,11,5,4,11,2,4,1,0,0,3,39,0
6,4,0,9,8,4,12,4,4,0,0,0,3,29,0
1,4,2,2,4,2,5,0,3,1,0,0,6,26,0
2,4,0,11,5,2,14,0,4,1,0,0,5,39,0
5,4,1,11,5,2,14,0,4,1,0,4,6,39,1
5,0,1,15,6,0,0,1,4,0,0,0,1,39,0
1,4,0,12,8,0,10,1,4,0,0,0,5,39,0
2,4,0,11,5,2,8,0,4,1,0,0,1,39,0
4,4,1,12,8,2,4,0,4,1,0,4,5,39,1
3,4,2,11,5,2,7,0,4,1,0,0,3,26,0
4,4,0,9,8,6,8,1,4,0,0,6,1,39,1
1,4,0,15,6,4,12,3,4,1,0,0,3,39,0
1,4,1,15,6,4,6,1,4,1,0,0,3,39,0
1,4,1,15,6,4,12,2,4,0,0,0,3,0,0
3,4,1,15,6,2,12,5,2,0,0,0,3,33,0
3,4,1,11,5,2,14,0,4,1,0,0,5,39,1
0,2,1,9,8,4,10,3,1,0,0,0,3,3,0
3,4,0,8,6,0,4,3,0,0,0,0,3,39,0
4,5,0,9,8,2,12,0,4,1,1,0,5,39,1
1,4,1,15,6,4,6,1,4,1,0,0,3,39,0
3,4,0,12,8,4,8,1,4,0,0,0,3,39,0
2,4,0,11,5,4,3,1,4,1,0,0,7,39,0
3,4,1,11,5,2,7,0,4,1,0,0,3,39,1
2,4,1,9,8,2,4,0,4,1,0,4,4,39,1
2,4,1,15,6,2,3,0,4,1,0,0,5,39,0
0,4,1,1,4,4,12,3,4,1,0,0,1,39,0
4,7,1,9,8,6,1,1,4,1,0,0,3,39,0
2,4,1,12,8,4,10,1,4,1,1,0,5,0,1
1,4,2,15,6,4,12,1,2,1,0,0,3,39,0
3,4,1,11,5,2,3,0,4,1,0,0,3,39,1
1,4,1,11,5,2,1,5,4,0,0,0,3,39,0
7,0,0,11,5,2,0,0,4,1,0,5,1,39,0
4,6,2,11,5,2,4,0,4,1,0,0,2,39,0
3,0,1,9,8,4,0,3,4,0,0,0,3,39,0
3,4,0,9,8,0,4,3,4,0,0,0,5,39,1
4,4,1,5,2,2,3,0,4,1,0,0,3,7,0
2,4,0,11,5,4,3,4,2,0,0,0,3,39,0
5,4,0,9,8,2,10,0,4,1,0,0,5,39,0
4,2,0,15,6,2,4,5,4,0,0,0,3,39,1
3,4,0,15,6,0,1,1,1,0,0,0,3,39,0
1,4,0,15,6,4,12,1,4,1,0,0,2,39,0
5,7,0,10,9,2,10,0,1,1,0,0,3,19,1
2,4,1,11,5,4,5,1,4,1,0,0,3,39,0
0,4,0,11,5,4,8,3,4,0,0,0,0,39,0
8,1,0,10,9,6,4,1,4,1,0,0,0,39,1
3,5,0,15,6,0,7,1,4,1,0,0,6,39,0
2,6,0,8,6,2,5,0,4,1,0,0,6,39,1
0,4,0,0,3,4,6,3,4,1,0,0,1,39,0
1,4,1,9,8,4,4,1,1,0,0,0,3,31,0
0,0,1,0,3,4,0,2,4,1,0,0,1,39,0
0,2,1,11,5,4,8,3,2,1,0,0,3,39,0
2,4,2,3,0,2,3,0,4,1,0,0,3,26,0
0,4,0,1,4,4,12,3,4,0,0,0,0,39,0
2,4,0,8,6,2,3,0,4,1,0,0,3,39,1
3,4,2,15,6,2,7,0,4,1,0,0,3,39,0
4,1,1,11,5,2,10,0,4,1,0,0,3,39,1
0,0,0,15,6,4,0,3,2,1,0,0,1,39,0
2,4,0,0,3,3,8,1,2,0,0,0,3,39,0
0,4,0,0,3,4,12,3,4,0,0,0,1,39,0
2,4,0,1,4,2,3,0,4,1,0,0,3,39,0
4,4,1,9,8,2,4,0,4,1,0,0,6,39,1
0,0,0,15,6,4,0,3,4,0,0,0,2,39,0
2,4,1,15,6,2,13,0,4,1,0,0,3,39,1
5,0,0,11,5,6,0,1,4,0,0,0,1,39,0
2,4,1,9,8,3,10,1,4,0,0,0,3,39,0
4,4,0,11,5,2,7,0,4,1,0,0,3,39,0
1,4,0,12,8,4,4,1,4,0,0,0,4,39,0
2,4,0,15,6,4,4,1,2,0,0,0,3,39,0
0,4,0,11,5,4,3,3,4,1,0,0,3,39,0
3,4,2,8,6,2,7,0,4,1,0,0,3,39,0
3,4,1,2,4,4,14,1,2,1,0,0,3,39,0
2,4,0,9,8,2,4,0,4,1,0,0,5,39,1
3,5,0,7,7,2,4,0,4,1,1,0,5,39,1
1,2,2,11,5,4,5,3,4,1,0,0,3,39,0
1,6,1,0,3,2,5,0,4,1,0,0,9,39,0
5,0,1,9,8,2,0,0,4,1,0,0,8,39,1
3,4,0,9,8,2,8,0,1,1,0,0,2,40,0
4,7,1,10,9,2,4,0,4,1,0,0,5,39,1
3,4,0,7,7,0,10,4,4,0,0,3,3,39,0
5,4,2,0,3,0,1,2,4,0,0,0,7,11,0
1,4,2,11,5,2,4,0,2,1,1,0,3,39,1
4,4,1,11,5,2,14,0,4,1,0,0,4,39,0
3,6,0,11,5,2,3,0,4,1,0,0,5,9,1
2,4,2,5,2,2,5,0,4,1,0,0,8,32,0
4,2,1,12,8,2,10,0,4,1,0,0,4,39,1
3,4,0,9,8,2,13,0,4,1,0,0,3,39,0
0,4,0,15,6,4,10,3,4,0,0,0,0,39,0
1,4,1,11,5,2,1,0,4,1,0,0,3,0,0
0,4,3,15,6,2,5,0,4,1,0,0,5,39,1
3,4,1,9,8,4,10,1,4,0,0,0,4,39,0
3,4,1,9,8,2,4,0,4,1,9,0,6,39,1
0,4,1,11,5,4,8,3,4,0,0,0,1,39,0
3,2,0,11,5,2,4,0,3,1,0,4,3,39,1
4,2,2,9,8,0,4,1,4,0,0,0,3,39,1
2,4,0,8,6,0,4,4,4,0,0,0,5,39,0
2,4,1,9,8,2,12,5,4,0,0,0,3,39,1
1,4,2,15,6,2,12,0,4,1,0,0,5,39,0
1,4,0,8,6,4,1,1,4,0,0,0,3,39,0
2,4,1,15,6,4,1,4,4,0,0,0,3,33,0
5,4,0,0,3,4,14,1,4,1,0,0,6,39,0
1,4,0,11,5,2,3,0,4,1,0,0,6,39,0
4,4,1,11,5,2,7,0,4,1,0,0,3,39,1
2,4,1,11,5,0,7,4,4,0,0,0,1,39,0
6,6,0,11,5,6,5,1,4,1,0,0,6,39,0
5,5,1,10,9,2,10,0,4,1,0,0,2,39,1
1,4,3,9,8,4,10,3,2,0,0,0,3,39,0
2,4,0,11,5,4,3,1,4,1,0,0,5,39,0
0,5,1,9,8,0,12,1,4,0,0,0,4,39,0
3,4,1,8,6,0,1,4,2,0,0,0,3,39,0
2,4,0,15,6,4,4,1,4,1,0,0,4,39,0
3,4,0,15,6,4,5,2,4,1,0,0,5,39,0
7,6,0,15,6,2,3,0,4,1,0,0,2,39,0
1,4,0,11,5,4,10,3,4,1,0,0,3,39,0
0,5,3,11,5,4,8,1,2,1,1,0,5,39,1
6,7,1,15,6,2,5,0,4,1,0,0,0,39,0
1,4,1,11,5,0,1,4,4,0,0,0,3,39,0
4,4,0,15,6,2,12,0,4,1,0,0,3,39,0
7,6,0,9,8,2,10,0,4,1,2,0,4,39,1
1,4,1,9,8,4,12,1,4,1,0,0,3,39,0
1,0,1,12,8,4,0,1,4,0,0,0,3,2,0
1,4,0,11,5,2,14,0,4,1,0,0,5,39,0
3,0,1,15,6,0,0,4,4,0,0,0,0,31,0
3,4,1,9,8,4,1,1,4,1,0,3,3,39,0
1,4,0,7,7,2,3,1,1,1,0,0,5,39,1
0,4,1,15,6,4,8,3,4,0,0,0,2,39,0
3,5,0,15,6,2,4,0,4,1,1,0,4,39,1
3,4,0,11,5,2,8,0,4,1,0,0,5,39,0
2,2,1,9,8,2,10,5,4,0,0,0,2,39,1
0,4,1,0,3,4,10,4,2,0,0,0,3,39,0
2,4,0,11,5,4,8,3,4,1,0,0,3,39,0
1,4,0,9,8,4,12,1,1,0,0,0,3,35,0
1,4,1,11,5,2,14,0,4,1,0,0,6,39,0
3,4,1,11,5,2,3,0,4,1,0,0,3,39,0
0,4,1,11,5,2,7,2,4,1,0,0,1,39,0
1,4,1,11,5,4,10,1,4,0,0,0,5,39,0
6,4,0,11,5,4,12,1,4,0,0,0,2,39,0
3,7,1,9,8,0,4,1,4,1,0,0,3,39,0
0,4,0,1,4,4,7,1,4,0,0,0,2,39,0
2,4,0,8,6,2,13,0,4,1,0,0,4,39,0
0,0,2,11,5,4,0,1,3,1,0,0,2,39,0
2,4,0,9,8,5,4,1,4,1,2,0,4,39,1
9,4,0,6,2,4,1,1,4,0,0,0,3,39,0
2,6,1,11,5,2,3,0,4,1,0,0,3,39,0
1,4,0,15,6,2,7,0,2,1,0,0,3,38,0
2,4,1,15,6,2,12,0,4,1,0,0,3,39,1
1,4,0,9,8,4,10,3,1,1,0,0,6,30,1
4,4,0,11,5,4,13,3,4,1,0,0,1,39,0
4,4,0,9,8,2,4,0,4,1,0,0,6,39,1
3,4,0,11,5,4,1,1,4,0,0,0,3,39,0
8,2,0,10,9,6,10,4,4,0,0,0,3,39,0
3,4,0,10,9,2,10,0,4,1,0,0,5,39,0
0,0,1,7,7,4,0,1,4,1,0,0,1,39,0
0,4,1,9,8,2,10,0,4,1,0,0,3,39,0
0,4,1,15,6,4,12,3,4,1,0,0,2,39,0
1,2,1,7,7,2,11,0,4,1,0,4,3,9,0
5,4,1,15,6,2,1,0,2,1,0,0,2,39,0
3,4,6,15,6,2,8,0,4,1,0,0,4,39,0
2,5,0,15,6,2,3,0,4,1,0,0,3,39,0
1,4,2,9,8,4,3,1,4,1,0,0,3,26,0
3,6,0,9,8,2,10,0,4,1,0,0,2,39,0
0,4,0,8,6,4,7,4,4,0,0,0,3,39,0
0,4,1,7,7,4,1,3,4,0,0,0,1,39,0
0,4,1,15,6,3,12,3,2,0,0,0,1,39,0
3,4,2,11,5,0,1,1,3,0,0,1,3,39,0
2,4,0,15,6,6,1,4,4,0,0,0,3,39,0
5,4,0,4,1,2,3,0,4,1,0,0,3,39,0
2,4,0,11,5,0,4,1,4,0,0,0,4,39,0
1,4,1,2,4,0,7,1,4,1,0,0,3,39,0
3,2,1,9,8,2,3,0,4,1,0,0,3,39,1
2,4,0,11,5,4,14,1,4,1,0,0,3,39,0
1,4,1,11,5,2,3,0,3,1,0,0,3,26,0
1,4,1,11,5,4,3,1,4,0,0,0,3,39,0
4,6,1,9,8,2,12,0,4,1,0,0,3,2,1
4,1,0,9,8,2,1,0,4,1,0,0,4,11,1
3,4,0,11,5,2,3,0,4,1,0,0,7,39,0
3,2,0,11,5,2,4,0,4,1,0,0,3,39,0
1,4,0,11,5,4,12,3,4,1,0,0,3,39,0
7,0,1,11,5,6,0,1,4,0,0,0,0,39,0
0,4,2,8,6,4,8,3,4,1,0,0,1,39,0
0,0,0,11,5,5,0,4,2,0,0,0,3,39,0
3,4,1,15,6,2,8,5,4,0,0,0,3,39,0
6,1,1,5,2,6,8,4,4,0,0,0,2,33,0
2,4,1,11,5,2,3,0,4,1,0,0,4,39,0
6,4,0,11,5,2,8,0,2,1,0,0,0,39,0
1,2,1,9,8,4,13,3,4,1,0,0,3,39,0
2,6,1,5,2,4,5,3,4,1,0,0,7,39,0
2,4,2,11,5,2,3,0,3,1,0,0,3,39,0
0,4,0,11,5,4,6,3,4,0,0,0,2,39,0
0,4,0,11,5,4,8,3,4,0,0,0,2,39,0
4,4,0,5,2,0,7,1,4,0,0,0,3,39,0
0,4,0,2,4,2,14,0,4,1,0,0,3,39,0
3,4,1,11,5,2,4,0,4,1,0,0,3,39,0
0,4,1,11,5,4,1,3,4,0,0,0,2,39,0
0,4,1,11,5,4,6,3,4,1,0,0,2,39,0
1,2,2,11,5,2,11,0,2,1,0,0,3,39,0
2,4,1,12,8,4,1,3,4,1,0,0,3,39,0
5,4,1,0,3,2,3,0,4,1,0,0,7,0,0
1,4,1,15,6,5,1,2,2,0,0,0,3,23,0
2,5,1,15,6,4,4,1,4,1,0,0,7,5,0
1,4,0,15,6,4,1,2,4,0,0,0,1,39,0
2,4,1,15,6,3,3,1,4,1,0,0,3,0,0
2,4,1,15,6,2,1,0,4,1,0,0,3,39,1
3,4,1,4,1,5,7,1,4,0,0,0,3,26,0
5,4,1,0,3,6,7,4,2,0,0,0,3,39,0
3,4,0,15,6,2,12,0,4,1,0,0,6,39,1
0,4,1,15,6,4,6,3,4,1,0,0,0,39,0
6,4,0,15,6,2,13,0,4,1,0,0,2,39,0
0,4,1,15,6,4,12,3,4,0,0,0,3,39,0
0,4,1,11,5,4,12,3,4,0,0,0,2,39,0
1,4,1,11,5,2,14,0,4,1,0,0,6,39,1
5,4,0,11,5,6,8,4,2,0,0,0,1,39,0
2,1,1,15,6,0,1,4,2,0,0,0,3,39,0
4,4,0,1,4,2,14,0,4,1,0,0,7,39,1
4,4,0,7,7,4,1,1,4,0,0,0,3,39,0
2,4,0,15,6,0,1,4,4,0,0,0,3,39,0
4,4,0,11,5,2,7,0,4,1,0,0,3,39,0
1,4,0,11,5,4,1,3,4,1,0,0,3,39,0
3,2,2,9,8,2,4,0,2,1,0,0,3,39,1
2,4,1,12,8,4,4,1,4,1,1,0,3,39,1
3,0,1,11,5,2,0,5,4,0,0,0,3,39,1
4,7,0,11,5,2,1,5,4,0,0,0,3,39,1
2,6,0,9,8,2,10,0,4,1,0,0,4,39,1
2,4,1,9,8,2,12,0,4,1,0,0,5,39,1
3,6,1,9,8,2,12,0,4,1,0,0,3,39,0
0,0,2,15,6,0,0,1,4,0,0,0,3,39,0
4,6,1,15,6,2,10,5,4,0,0,4,6,2,0
3,5,0,14,9,2,10,0,4,1,0,0,6,5,1
6,6,0,11,5,2,5,0,4,1,0,0,6,39,0
5,4,1,11,5,3,8,4,4,0,0,0,1,39,0
2,4,1,15,6,0,4,3,2,0,0,0,3,39,0
5,4,1,15,6,2,4,0,4,1,0,0,4,39,1
1,4,2,11,5,4,11,3,4,1,0,0,7,39,0
0,4,2,1,4,4,3,3,4,1,0,0,1,39,0
4,6,1,15,6,2,4,0,4,1,0,0,2,39,1
0,4,0,11,5,4,12,1,4,0,0,3,3,39,0
1,7,1,15,6,2,1,5,2,0,0,0,3,39,0
1,4,0,9,8,4,12,1,4,0,0,0,4,39,0
3,4,2,8,6,2,12,0,4,1,0,0,6,39,1
7,2,1,11,5,6,4,2,4,0,0,0,3,39,0
3,7,0,11,5,0,1,4,4,0,0,0,5,39,1
1,4,1,11,5,5,8,4,2,0,0,0,3,39,0
1,4,0,15,6,4,4,1,4,1,0,0,4,39,0
0,4,1,11,5,4,12,4,2,0,0,0,2,39,0
3,4,0,3,0,3,7,4,4,0,0,0,3,6,0
1,2,2,11,5,0,11,3,4,0,0,0,3,39,0
4,2,1,12,8,0,10,1,2,0,0,0,3,39,1
1,4,1,5,2,4,8,4,3,0,0,0,2,0,0
1,6,1,9,8,2,10,0,4,1,0,0,3,39,1
4,4,0,0,3,2,3,0,4,1,0,0,2,39,0
0,4,0,15,6,4,8,1,4,0,0,0,2,11,0
4,1,1,11,5,2,13,0,4,1,0,0,3,10,1
4,4,1,9,8,2,10,5,4,0,9,0,1,39,1
6,4,1,14,9,6,10,4,4,0,0,0,1,39,0
3,4,0,9,8,2,10,0,4,1,0,0,5,39,1
0,4,1,1,4,4,3,3,4,1,0,0,2,39,0
1,4,0,9,8,4,10,3,4,1,0,0,5,39,0
1,2,1,0,3,2,8,0,4,1,0,0,3,39,0
5,4,0,8,6,2,10,0,4,1,0,4,5,11,1
5,6,0,11,5,2,12,0,4,1,0,0,5,39,0
0,6,1,9,8,4,12,1,4,1,0,0,3,39,0
0,4,0,15,6,4,13,3,4,1,0,0,3,39,0
2,4,0,4,1,2,5,0,1,1,0,0,3,30,0
4,4,1,11,5,2,3,0,4,1,0,0,5,39,0
2,1,0,15,6,4,3,2,4,1,0,0,3,39,0
5,4,0,15,6,2,3,0,0,1,0,0,3,39,0
8,0,0,15,6,6,0,1,0,1,0,0,0,39,0
3,4,0,11,5,4,3,4,4,1,0,0,3,39,0
4,6,0,7,7,0,14,4,2,0,0,0,2,39,0
2,7,0,11,5,0,8,1,4,0,0,0,2,39,0
1,4,1,9,8,2,10,0,4,1,0,0,4,39,0
5,4,0,11,5,6,1,1,4,0,0,0,3,39,0
2,6,0,14,9,4,10,1,4,1,0,0,5,39,1
5,4,1,14,9,4,10,1,4,0,0,0,3,39,0
0,4,1,1,4,4,6,3,4,1,0,0,1,39,0
2,4,0,11,5,0,6,3,4,1,0,0,1,39,0
3,4,0,11,5,4,6,1,4,1,0,0,3,39,0
3,4,1,1,4,2,3,0,4,1,0,0,3,39,0
2,2,1,11,5,4,10,4,2,0,0,0,3,39,0
6,5,0,5,2,2,3,0,4,1,0,0,3,39,1
1,6,0,11,5,2,5,0,4,1,0,0,9,39,0
0,4,1,0,3,4,8,2,4,1,0,0,1,39,0
1,4,1,11,5,4,3,4,4,1,0,0,3,0,0
5,0,0,15,6,6,0,1,2,0,0,0,3,39,0
0,4,0,15,6,4,6,3,4,1,0,0,0,39,0
5,0,0,11,5,2,0,5,1,0,0,0,3,39,0
2,6,1,11,5,2,12,0,4,1,0,0,3,39,0
0,6,1,11,5,4,5,3,4,1,0,0,3,39,0
5,5,0,5,2,2,3,0,4,1,0,0,5,39,1
5,6,0,15,6,2,4,0,4,1,0,0,5,39,0
3,4,2,0,3,0,12,1,4,1,0,0,4,39,0
0,0,0,15,6,4,0,3,4,1,0,0,1,39,0
3,7,2,15,6,2,4,5,4,0,0,0,3,39,1
5,4,0,8,6,2,3,0,1,1,0,0,3,40,0
3,4,0,15,6,2,3,0,4,1,0,0,5,39,1
6,0,1,15,6,4,0,4,2,0,0,0,3,39,0
3,4,1,9,8,4,10,1,4,1,0,0,3,39,0
2,4,1,6,2,2,3,0,4,1,0,0,3,13,0
3,4,0,9,8,2,4,0,4,1,0,0,3,39,1
3,4,1,7,7,2,12,0,4,1,0,0,5,39,0
2,4,2,9,8,4,8,1,4,1,0,0,3,8,0
5,6,1,11,5,0,4,1,4,1,0,0,6,39,0
5,2,1,6,2,2,8,0,4,1,0,0,3,39,0
4,5,1,15,6,2,3,0,4,1,0,0,3,39,0
3,2,0,7,7,2,10,0,4,1,0,0,4,39,0
2,4,0,15,6,5,10,4,4,0,0,0,3,11,0
0,4,0,1,4,4,12,3,4,0,0,0,1,39,0
0,4,0,15,6,4,8,1,4,0,0,0,3,39,0
1,6,0,11,5,2,14,0,4,1,0,0,3,39,0
3,7,1,9,8,2,1,0,4,1,0,0,5,39,1
0,4,1,11,5,2,3,0,4,1,0,0,6,26,1
3,1,2,11,5,2,3,0,4,1,0,0,3,39,1
4,4,0,11,5,2,3,0,4,1,0,0,3,39,1
1,4,1,11,5,4,1,3,4,0,0,0,3,39,0
1,4,1,9,8,4,12,3,4,0,0,0,3,39,0
0,4,2,15,6,4,1,1,4,0,0,0,2,39,0
1,4,1,5,2,4,6,3,4,1,0,0,5,39,0
3,5,1,11,5,2,8,0,1,1,0,0,7,37,0
2,4,1,15,6,2,8,0,4,1,0,0,3,39,0
2,4,1,11,5,2,1,5,4,0,0,0,1,39,0
4,4,2,7,7,0,8,1,4,1,0,0,4,39,0
2,4,0,11,5,4,7,1,4,0,0,0,3,39,0
0,4,0,15,6,4,12,3,4,1,0,0,0,12,0
4,2,1,12,8,2,4,0,2,1,0,0,4,39,1
1,4,2,5,2,5,14,1,4,1,0,0,3,39,0
0,4,0,1,4,4,14,1,4,1,0,0,6,39,0
1,4,1,11,5,4,6,2,4,1,0,0,3,39,0
4,4,0,5,2,3,8,4,4,0,0,0,2,39,0
2,4,1,15,6,4,3,1,4,1,0,0,3,39,0
4,2,0,12,8,4,10,1,4,0,0,0,4,39,1
0,4,2,4,1,4,6,3,4,1,0,0,3,39,0
2,4,0,9,8,4,12,3,2,0,0,0,3,39,0
2,4,1,15,6,0,1,4,4,0,0,0,2,39,0
3,4,0,11,5,5,7,2,2,0,0,0,3,39,0
1,2,0,9,8,4,10,4,4,0,0,0,3,39,0
5,4,0,11,5,2,6,0,4,1,0,0,3,39,0
3,4,0,15,6,0,1,4,4,0,0,0,3,39,0
0,0,0,15,6,4,0,3,4,0,0,0,1,39,0
2,4,0,11,5,4,1,3,4,1,0,0,3,39,0
5,4,1,5,2,0,14,1,4,1,0,0,3,39,0
0,4,1,11,5,2,6,0,4,1,0,0,5,39,0
0,4,1,11,5,4,6,3,4,0,0,0,4,39,0
0,0,2,11,5,4,0,3,4,0,0,0,0,39,0
4,4,1,9,8,2,3,0,4,1,0,0,1,39,1
0,4,1,15,6,4,11,3,4,1,0,0,2,39,0
0,4,0,11,5,4,8,3,4,0,0,0,3,39,0
4,1,0,11,5,0,1,4,4,0,0,0,3,39,0
1,4,1,15,6,4,4,1,4,0,0,0,3,39,0
3,4,1,11,5,4,7,4,4,1,0,0,3,39,0
1,0,0,9,8,4,0,1,1,0,0,0,9,39,0
0,4,0,8,6,4,14,3,4,1,0,0,3,39,0
6,4,0,11,5,3,3,1,4,1,0,0,3,39,0
5,4,1,5,2,0,1,1,4,0,0,0,3,5,0
1,4,0,9,8,2,12,5,4,0,0,0,3,39,1
6,4,0,15,6,2,12,0,4,1,0,0,3,39,0
1,7,1,11,5,5,1,4,2,0,0,0,3,39,0
4,4,0,11,5,2,7,0,4,1,0,0,6,39,1
2,4,0,7,7,4,13,1,4,0,0,0,3,39,0
5,6,0,11,5,2,5,0,4,1,0,0,6,39,1
5,4,0,9,8,2,4,0,4,1,0,0,3,39,1
5,4,0,15,6,2,3,0,4,1,0,0,5,39,0
2,4,1,6,2,2,7,0,4,1,0,0,5,39,0
2,6,0,8,6,0,8,4,4,0,0,0,3,39,0
1,7,1,9,8,4,10,1,4,0,0,0,6,39,0
2,4,1,7,7,5,12,4,4,1,0,0,3,39,0
0,4,0,15,6,4,1,3,1,0,0,0,3,40,0
1,4,0,11,5,4,1,1,4,0,0,0,3,39,0
3,4,0,15,6,4,3,1,1,1,0,0,3,39,0
1,4,0,15,6,4,7,1,4,0,0,0,2,39,0
3,5,0,15,6,2,4,0,4,1,0,0,8,39,0
3,4,1,11,5,0,8,2,2,0,0,0,3,39,0
0,4,1,9,8,4,1,3,4,0,0,0,3,39,0
0,4,2,15,6,4,8,3,4,0,0,0,2,39,0
1,4,0,9,8,4,12,1,4,1,0,0,5,39,0
0,4,0,15,6,4,8,3,4,1,0,0,2,39,0
3,4,1,5,2,2,8,5,4,0,0,0,5,39,0
1,4,0,14,9,2,10,5,4,0,0,0,4,39,1
1,4,2,11,5,0,8,1,4,0,0,0,3,26,0
3,4,0,0,3,2,6,0,4,1,0,0,3,39,0
2,4,0,9,8,2,10,0,4,1,0,0,4,39,1
0,1,1,11,5,4,2,3,4,1,0,0,3,39,0
2,4,1,8,6,5,10,4,4,0,0,0,3,39,0
4,4,0,11,5,2,7,2,1,0,0,0,3,3,0
2,4,1,5,2,4,12,1,4,1,0,0,4,26,0
5,2,1,12,8,2,10,0,4,1,0,0,3,39,1
2,2,1,9,8,2,1,0,4,1,0,4,4,39,1
2,2,1,15,6,3,10,1,4,1,0,0,5,11,0
3,4,0,12,8,2,10,0,4,1,0,0,5,39,1
3,1,1,7,7,2,3,0,4,1,0,0,3,39,1
3,4,1,9,8,6,10,4,4,0,0,0,5,31,1
0,4,1,11,5,4,1,3,4,0,0,0,3,39,0
4,4,1,0,3,2,7,0,4,1,0,0,4,39,1
4,4,1,7,7,2,4,0,4,1,0,0,9,39,0
4,4,0,11,5,0,8,1,2,0,0,0,3,39,0
2,4,0,9,8,4,10,1,4,0,0,0,3,39,0
5,4,0,5,2,4,1,1,4,1,0,0,3,39,0
4,4,1,11,5,2,6,0,4,1,0,0,4,39,0
4,4,1,11,5,2,3,0,4,1,0,0,5,39,0
3,4,0,9,8,2,1,0,4,1,0,0,4,39,1
5,4,0,10,9,2,10,0,4,1,1,0,2,39,1
2,4,1,9,8,2,4,0,4,1,0,0,6,39,1
2,2,1,15,6,5,11,3,3,1,0,0,5,39,0
3,4,1,9,8,4,10,1,4,1,0,0,3,0,1
4,4,1,11,5,5,3,4,2,0,0,0,3,39,0
3,6,0,10,9,2,10,0,4,1,1,0,3,39,1
6,4,0,9,8,2,4,0,4,1,9,0,5,0,1
0,4,2,15,6,4,6,2,4,0,0,0,1,39,0
6,6,1,8,6,2,10,0,4,1,0,0,5,39,0
2,1,1,9,8,0,4,2,4,0,0,0,5,39,0
4,4,0,9,8,5,10,4,4,0,0,0,5,39,0
4,4,0,0,3,0,4,1,0,0,0,0,4,39,0
4,2,1,8,6,2,11,0,4,1,0,0,3,39,1
2,2,1,9,8,5,10,4,2,1,0,0,3,39,0
5,7,1,15,6,0,1,1,4,0,0,0,3,39,0
1,4,1,7,7,0,10,4,4,0,0,0,4,39,0
0,4,1,15,6,0,1,1,4,0,0,0,6,39,0
0,4,1,15,6,4,14,1,2,1,0,0,3,39,0
7,4,3,1,4,2,10,0,2,1,0,0,4,39,0
2,4,0,11,5,2,6,0,4,1,0,0,3,39,0
0,4,0,15,6,4,8,3,4,0,0,0,2,39,0
2,4,1,11,5,0,8,1,4,0,0,0,2,39,0
5,4,3,10,9,2,4,0,4,1,0,4,4,39,1
6,4,0,11,5,6,8,4,4,0,0,0,1,39,0
1,4,0,9,8,4,4,1,4,0,0,0,3,39,0
4,4,1,11,5,0,12,1,4,0,0,0,3,26,0
4,4,1,11,5,3,3,1,2,0,0,0,3,39,0
3,4,1,9,8,0,4,4,4,0,0,0,3,39,0
0,7,0,15,6,4,13,3,4,0,0,0,1,39,0
0,4,1,15,6,4,12,3,4,0,0,0,1,39,0
1,4,1,15,6,0,10,1,4,0,0,0,3,9,0
1,1,0,11,5,2,6,0,1,1,0,0,3,39,0
1,4,1,3,0,4,7,1,4,0,0,0,3,26,0
4,4,1,9,8,3,4,1,4,0,0,0,4,39,0
4,4,0,6,2,0,7,1,4,0,0,0,3,39,0
1,5,1,1,4,2,3,0,4,1,0,0,5,39,1
4,4,0,2,4,2,14,0,4,1,0,0,3,39,0
0,4,0,11,5,4,1,2,4,0,0,0,4,39,0
0,5,0,15,6,4,3,3,4,1,0,0,3,39,0
4,4,1,15,6,0,1,4,4,0,0,0,3,39,0
5,4,0,11,5,0,4,1,4,0,0,2,3,39,0
2,4,0,7,7,2,7,0,4,1,0,0,6,39,0
1,4,0,11,5,3,1,1,4,0,0,0,3,39,0
3,4,1,11,5,2,3,0,4,1,0,0,3,39,0
3,4,1,9,8,2,4,5,4,0,0,0,3,39,1
5,4,0,15,6,2,4,0,4,1,0,0,3,39,1
2,4,2,11,5,2,10,0,4,1,0,5,6,39,0
3,4,2,5,2,2,7,0,4,1,0,0,3,39,0
0,4,1,11,5,4,8,1,4,0,0,0,4,0,0
1,4,0,11,5,0,6,4,4,0,0,0,3,39,0
3,4,1,11,5,6,1,3,4,0,0,0,3,39,0
0,4,0,1,4,4,12,3,4,1,0,0,1,39,0
6,4,1,11,5,2,12,0,4,1,0,0,3,39,0
7,4,0,4,1,2,7,0,4,1,0,5,3,39,0
1,6,0,11,5,2,10,0,4,1,0,0,6,39,1
3,6,2,15,6,2,3,0,4,1,0,0,5,39,0
0,0,1,15,6,4,0,1,4,0,0,0,2,39,0
4,5,0,9,8,2,4,0,4,1,1,0,6,39,1
3,1,0,9,8,0,1,3,4,1,0,0,3,39,0
2,4,0,11,5,0,6,1,4,1,0,0,3,39,0
4,4,1,8,6,0,10,4,4,0,0,0,4,39,0
0,4,2,3,0,4,6,1,4,1,0,0,5,26,0
3,4,1,0,3,4,8,1,4,0,0,0,2,7,0
3,4,2,15,6,2,10,0,4,1,0,0,3,39,1
1,1,1,9,8,4,11,1,4,1,0,0,5,39,0
3,5,1,9,8,2,4,0,4,1,0,0,3,39,1
2,4,1,9,8,2,10,0,4,1,0,0,4,11,1
3,4,0,15,6,2,12,0,4,1,0,0,4,39,0
6,0,0,11,5,2,0,0,4,1,0,5,3,39,0
2,4,0,15,6,0,4,1,4,0,0,0,3,39,1
0,4,1,15,6,4,8,3,4,0,0,0,3,39,0
4,6,1,5,2,2,3,0,0,1,0,0,3,39,0
3,5,1,14,9,2,10,0,4,1,0,5,6,39,1
0,4,0,15,6,4,7,3,0,1,0,0,3,39,0
0,4,1,9,8,4,8,1,4,0,0,0,3,39,0
2,4,0,9,8,2,10,0,4,1,0,0,1,39,1
0,4,1,11,5,5,1,3,4,0,0,0,2,39,0
3,2,1,12,8,2,10,0,4,1,0,0,3,39,1
4,4,0,12,8,2,4,0,4,1,0,0,5,39,1
0,4,1,1,4,2,14,0,4,1,0,0,2,39,0
3,4,1,15,6,2,13,0,4,1,0,0,3,39,1
0,2,1,11,5,4,3,2,2,0,0,0,3,39,0
3,4,0,15,6,2,4,0,4,1,0,0,5,39,0
2,4,1,1,4,2,3,0,4,1,0,4,3,39,0
4,4,1,11,5,4,4,1,4,0,0,0,5,39,0
1,4,1,11,5,2,1,5,4,0,0,0,3,39,1
2,4,0,15,6,4,7,1,4,1,0,4,3,39,0
2,4,0,9,8,2,12,0,4,1,0,0,4,39,1
5,4,0,15,6,0,8,1,4,0,0,0,3,39,0
3,5,1,15,6,2,12,0,4,1,0,0,6,39,1
0,4,3,11,5,4,8,1,2,1,0,0,2,39,0
4,4,1,15,6,0,8,1,4,1,0,0,4,39,0
3,6,1,11,5,2,8,5,4,0,0,0,1,39,0
5,4,0,9,8,2,3,0,4,1,0,0,3,39,0
5,5,0,9,8,2,4,0,4,1,1,0,3,39,1
0,0,0,11,5,4,0,3,4,1,0,0,1,39,0
3,6,2,9,8,2,3,0,4,1,1,0,6,39,1
3,4,0,11,5,0,1,4,4,0,0,0,5,39,0
3,4,0,11,5,2,8,0,1,1,0,0,3,30,0
5,4,1,11,5,6,12,1,4,0,0,0,3,39,1
0,4,1,11,5,4,7,1,4,1,0,0,3,39,0
0,0,1,15,6,4,0,1,4,0,0,0,0,39,0
0,4,0,15,6,4,8,3,4,0,0,0,2,39,0
2,4,0,12,8,4,10,3,4,1,0,0,4,39,1
2,4,0,11,5,0,8,4,3,0,0,0,2,39,0
1,4,1,9,8,4,10,1,4,0,0,0,3,39,0
0,4,1,11,5,4,6,3,4,1,0,0,3,39,0
3,4,1,1,4,6,8,4,4,0,0,0,3,39,0
0,2,0,0,3,4,8,3,4,1,0,0,2,39,0
1,4,1,9,8,4,10,1,4,0,0,0,3,39,0
4,4,0,4,1,4,7,3,4,1,0,0,1,39,0
1,4,1,15,6,2,14,0,4,1,0,0,6,39,0
2,7,1,11,5,2,11,0,4,1,0,0,3,39,0
5,4,1,0,3,2,14,0,4,1,0,4,3,39,1
2,1,1,9,8,2,4,5,4,0,0,0,3,39,0
6,2,0,11,5,2,4,5,4,0,0,0,3,39,0
5,4,1,15,6,0,12,4,4,0,0,0,4,39,0
1,4,2,15,6,0,1,3,4,0,0,0,5,39,0
1,5,0,11,5,2,4,0,4,1,0,0,3,39,0
2,4,0,11,5,2,7,0,4,1,0,0,3,39,1
0,4,1,15,6,4,4,3,4,0,0,0,3,39,0
6,4,1,11,5,2,1,5,4,0,0,0,3,39,0
0,4,1,11,5,4,3,3,4,1,0,0,3,39,0
3,4,1,9,8,2,4,0,4,1,0,0,5,20,1
3,4,1,9,8,2,4,0,4,1,0,0,6,39,1
3,4,1,8,6,2,1,0,4,1,0,0,5,39,1
2,6,0,11,5,2,3,0,4,1,0,0,3,39,1
3,4,0,11,5,0,8,4,4,0,0,0,3,39,0
4,4,1,11,5,2,12,0,4,1,0,0,4,39,0
3,4,0,0,3,2,7,0,4,1,0,0,6,39,0
2,4,1,11,5,2,14,0,4,1,0,0,3,39,1
0,4,0,11,5,4,7,2,2,0,0,0,2,39,0
0,4,1,9,8,4,12,1,4,0,0,0,3,39,0
1,4,0,9,8,2,12,0,4,1,0,0,3,39,0
3,2,0,12,8,2,10,5,4,0,0,0,3,39,0
6,0,2,9,8,2,0,5,2,0,0,0,0,39,0
1,4,0,2,4,2,3,0,4,1,0,0,4,39,0
3,4,0,11,5,2,14,0,4,1,0,0,2,39,0
0,4,0,15,6,4,1,3,4,0,0,3,2,39,0
3,2,0,15,6,2,1,5,4,0,0,4,3,39,1
2,4,0,11,5,5,8,4,1,0,0,0,4,3,0
0,4,2,7,7,4,3,3,4,1,0,0,3,39,0
6,0,0,10,9,2,0,0,4,1,0,0,1,2,1
3,4,0,9,8,0,12,1,4,0,0,0,3,39,0
4,7,1,10,9,2,10,0,4,1,0,4,7,11,1
1,4,0,12,8,4,10,1,4,1,0,0,3,39,1
3,6,2,11,5,2,12,0,4,1,0,0,4,39,0
1,0,0,9,8,4,0,3,4,1,0,0,4,39,0
5,4,0,15,6,0,1,1,4,0,0,0,3,39,0
3,4,1,9,8,2,1,0,4,1,0,0,4,39,1
6,4,1,9,8,2,12,0,4,1,0,0,0,39,1
7,4,1,11,5,2,6,0,4,1,0,4,3,39,1
3,5,1,9,8,2,12,0,4,1,0,0,4,39,0
2,4,1,11,5,2,6,0,4,1,0,0,7,39,0
0,4,1,4,1,4,6,1,4,1,0,0,5,26,0
5,4,0,11,5,2,6,0,4,1,0,0,3,39,0
5,4,0,11,5,2,1,0,4,1,0,0,3,39,1
2,4,0,9,8,0,12,1,4,0,0,0,3,39,0
4,5,0,1,4,4,4,2,4,1,0,5,3,39,1
2,4,1,3,0,2,6,0,4,1,0,0,3,26,0
2,4,2,15,6,2,3,0,2,1,0,0,3,39,0
5,6,1,11,5,2,12,0,4,1,0,0,3,39,1
3,4,1,8,6,4,10,1,4,0,0,0,6,39,0
1,4,0,9,8,4,1,3,2,0,0,0,3,39,0
6,4,2,1,4,5,8,1,2,0,0,0,2,39,0
3,4,2,15,6,0,4,1,4,1,0,0,3,39,0
6,4,1,9,8,2,10,0,4,1,0,0,9,39,0
1,0,1,9,8,2,0,5,4,0,0,0,3,39,0
2,4,0,9,8,2,4,0,4,1,0,4,4,39,1
1,4,1,9,8,5,4,1,4,1,0,0,3,39,0
0,7,1,15,6,4,1,3,4,0,0,0,1,39,0
6,4,0,0,3,2,12,0,4,1,0,0,3,39,0
7,0,0,11,5,2,0,0,4,1,0,0,2,39,0
0,4,0,15,6,4,12,1,4,0,0,0,2,39,0
4,6,1,11,5,2,7,0,4,1,0,0,3,39,1
0,4,0,9,8,2,4,0,4,1,0,0,5,9,1
0,4,2,11,5,2,3,0,4,1,0,0,3,39,0
3,4,1,7,7,0,10,1,4,0,0,0,3,39,1
5,4,0,11,5,2,12,5,4,0,0,0,5,39,0
3,7,1,11,5,0,4,1,4,1,0,0,3,39,0
3,4,0,15,6,4,3,4,4,0,0,0,3,39,0
0,4,1,9,8,4,1,3,4,1,0,0,3,39,0
3,4,1,9,8,2,12,5,4,0,0,0,4,39,1
2,4,0,15,6,2,11,0,2,1,0,0,3,0,0
1,4,1,11,5,4,7,3,2,1,0,0,5,0,0
6,5,1,7,7,2,12,0,4,1,0,4,5,39,1
3,4,1,9,8,0,1,4,4,0,0,0,3,11,0
2,5,0,11,5,2,14,0,4,1,0,0,5,39,0
1,4,0,11,5,2,3,0,4,1,0,0,4,39,1
1,4,0,11,5,4,7,4,3,0,0,0,3,4,0
3,4,1,9,8,2,4,0,4,1,0,0,5,39,0
2,7,0,9,8,4,10,1,4,0,0,0,3,39,0
5,6,0,0,3,2,3,0,4,1,0,0,3,39,0
2,4,0,15,6,2,4,0,4,1,0,0,4,39,0
2,4,0,15,6,0,1,4,4,0,0,0,5,39,0
0,0,2,11,5,2,0,5,4,0,0,0,3,26,0
2,4,0,11,5,2,4,0,4,1,0,0,5,39,1
2,4,1,12,8,2,4,0,4,1,0,0,4,39,1
3,4,2,4,1,0,9,4,4,0,0,0,3,26,0
5,5,1,11,5,2,12,0,4,1,0,0,5,39,1
5,4,0,11,5,0,12,1,4,0,0,0,2,39,0
3,4,1,8,6,0,10,1,4,0,0,0,1,39,0
3,4,0,15,6,0,4,1,4,1,0,0,4,39,0
3,4,2,11,5,2,3,0,4,1,0,0,3,39,1
4,4,0,11,5,0,10,1,4,1,0,0,3,39,0
0,1,2,15,6,4,4,3,4,1,0,0,3,39,0
3,4,2,12,8,2,10,0,4,1,0,0,5,39,1
3,4,1,15,6,4,7,4,2,0,0,0,3,39,0
2,4,2,11,5,0,3,4,2,1,0,0,3,39,0
0,4,1,11,5,4,3,3,4,1,0,0,3,26,0
0,4,1,11,5,4,12,4,4,1,0,0,3,39,0
2,4,0,9,8,3,10,1,1,0,0,0,3,30,0
0,4,1,11,5,4,11,3,2,1,0,0,1,39,0
1,0,0,7,7,4,0,3,4,0,0,0,2,39,0
0,4,0,11,5,4,12,1,4,1,0,0,3,39,0
3,0,0,11,5,0,0,4,4,0,0,0,3,39,0
2,4,0,11,5,0,3,1,4,1,0,0,3,39,0
2,2,2,15,6,2,1,0,4,1,0,0,3,2,1
2,6,0,15,6,0,12,4,4,0,0,0,3,39,0
2,4,0,15,6,2,3,0,4,1,0,0,4,39,0
0,4,0,11,5,0,13,4,4,0,0,0,2,11,0
6,2,0,11,5,6,11,1,4,1,0,3,1,39,0
0,1,1,15,6,4,6,3,4,1,0,0,1,9,0
1,4,0,11,5,4,8,4,4,0,0,0,2,39,0
2,5,1,9,8,2,10,0,4,1,0,0,5,39,1
4,4,1,15,6,4,4,1,4,0,0,0,1,39,0
2,4,0,9,8,2,12,0,4,1,0,0,3,39,1
2,4,1,9,8,4,1,1,4,0,0,0,3,39,0
2,4,1,15,6,2,12,0,4,1,0,0,3,39,0
1,4,1,11,5,2,1,0,4,1,0,0,3,39,0
2,4,1,11,5,2,7,0,4,1,0,0,4,39,0
1,0,1,8,6,2,0,0,4,1,0,0,1,39,0
4,4,0,11,5,2,3,0,4,1,0,0,3,39,0
2,4,1,9,8,2,4,0,4,1,0,0,3,39,0
5,0,0,15,6,2,0,0,4,1,0,0,5,39,0
0,8,0,11,5,4,5,3,4,1,0,0,0,39,0
6,6,1,15,6,6,7,1,4,0,0,0,3,39,0
2,6,0,15,6,2,5,0,4,1,0,0,5,39,1
2,4,1,14,9,4,10,1,4,1,0,0,6,39,0
0,4,1,11,5,4,12,4,4,0,0,0,3,29,0
1,4,0,11,5,4,6,2,0,1,0,0,3,39,0
0,6,0,1,4,4,5,3,4,1,0,0,1,39,0
2,4,1,9,8,2,12,0,4,1,0,0,5,39,0
7,0,1,11,5,6,0,1,4,0,0,0,3,39,0
1,4,0,11,5,4,10,4,2,1,0,0,3,39,0
5,0,3,12,8,2,0,0,4,1,0,0,3,39,1
1,4,2,11,5,2,7,0,4,1,0,3,5,39,0
1,4,0,11,5,4,7,1,4,1,0,0,3,39,0
0,4,0,15,6,4,6,3,4,1,0,0,3,39,0
3,4,0,12,8,2,4,0,4,1,0,0,5,39,1
3,5,0,7,7,2,3,0,4,1,0,5,5,39,0
1,4,0,15,6,2,4,0,4,1,0,0,3,39,0
2,4,1,11,5,5,1,4,4,0,0,0,3,39,0
1,4,1,1,4,2,14,0,4,1,0,0,3,39,0
2,4,0,7,7,0,7,1,4,1,0,0,3,39,0
2,4,1,15,6,2,3,0,4,1,0,0,3,39,0
3,2,0,8,6,4,4,4,0,0,0,0,3,39,0
4,0,0,11,5,2,0,0,4,1,0,0,5,39,1
3,6,1,15,6,4,10,1,4,1,0,0,3,39,0
0,4,0,11,5,4,1,1,4,0,0,0,0,39,0
7,4,1,11,5,6,6,1,4,0,0,0,0,39,0
4,4,1,11,5,2,7,0,4,1,0,0,3,39,1
0,0,2,11,5,4,0,1,4,0,0,0,2,39,0
0,4,2,15,6,4,7,3,4,1,0,0,2,0,0
0,0,2,1,4,4,0,3,4,1,0,0,1,39,0
0,4,1,11,5,2,7,0,4,1,0,0,3,39,0
1,2,1,9,8,4,10,1,4,1,0,0,4,39,0
5,4,1,4,1,0,14,4,4,1,0,0,3,39,0
3,4,0,15,6,0,9,4,4,0,0,0,2,39,0
3,2,1,15,6,2,10,0,4,1,0,0,2,39,0
4,4,1,11,5,2,7,0,4,1,0,0,3,39,1
0,5,0,9,8,2,4,0,4,1,0,0,3,39,1
3,4,1,9,8,2,4,0,3,1,0,0,3,33,0
6,4,0,9,8,6,4,1,4,1,0,5,3,39,1
1,4,1,15,6,0,4,1,4,1,0,0,5,39,1
0,4,1,11,5,4,7,3,2,1,0,0,0,39,0
5,6,0,11,5,2,5,0,4,1,0,0,2,39,0
0,0,2,15,6,2,0,5,2,0,0,0,1,39,0
5,4,0,4,1,2,7,0,4,1,0,0,3,22,0
4,4,0,6,2,2,3,0,4,1,0,0,3,39,0
3,4,1,11,5,2,7,0,4,1,0,0,3,39,0
2,0,1,15,6,4,0,3,4,1,0,0,3,39,0
0,4,0,7,7,4,1,3,4,0,0,0,2,39,0
6,0,0,11,5,6,0,1,4,1,0,0,3,39,0
3,7,1,11,5,5,1,4,4,0,0,0,3,39,0
0,4,0,9,8,4,4,4,4,1,0,0,3,39,1
4,4,0,9,8,2,10,0,4,1,0,0,5,39,1
2,4,2,12,8,4,4,1,4,1,0,0,1,39,0
2,6,1,15,6,2,14,0,4,1,0,0,3,39,0
2,6,1,11,5,2,4,0,4,1,0,4,6,39,1
3,1,2,14,9,0,10,4,4,1,0,0,3,39,1
3,4,0,8,6,2,3,0,4,1,0,0,3,39,0
4,4,1,9,8,2,12,0,4,1,0,0,2,39,1
0,4,0,1,4,4,5,3,4,1,0,0,2,39,0
1,2,0,8,6,2,11,0,4,1,0,0,3,39,0
2,4,2,11,5,2,3,0,4,1,0,0,3,39,0
4,6,1,11,5,2,5,0,4,1,0,0,8,39,1
6,0,2,11,5,2,0,0,4,1,0,0,1,39,0
2,4,1,11,5,0,8,1,4,0,0,0,3,39,0
4,2,0,15,6,2,4,0,4,1,0,0,3,39,1
1,2,1,9,8,4,10,3,4,1,0,0,3,39,0
1,4,1,7,7,0,1,4,4,0,0,0,4,39,0
4,4,0,11,5,2,4,0,2,1,0,4,5,39,1
1,4,0,9,8,4,10,1,4,0,0,0,3,39,0
4,6,0,10,9,2,10,0,4,1,0,0,6,39,0
4,6,1,9,8,3,12,3,4,1,0,0,5,39,1
6,4,1,11,5,2,12,5,4,0,0,0,2,39,0
3,4,0,9,8,4,4,1,4,1,0,0,3,39,0
0,4,3,11,5,4,6,3,4,1,0,0,2,39,0
2,4,0,11,5,2,12,0,4,1,0,0,3,39,1
4,4,1,15,6,3,1,1,4,0,1,0,1,39,1
0,4,0,15,6,4,8,3,4,0,0,0,2,39,0
2,4,1,9,8,0,10,4,2,0,0,0,3,39,0
5,4,0,11,5,2,3,0,4,1,0,0,3,39,1
3,4,1,11,5,2,4,0,4,1,0,0,3,39,0
1,4,1,11,5,3,8,1,4,0,0,0,8,22,0
5,4,2,11,5,2,3,0,4,1,0,0,3,39,0
0,4,1,11,5,4,1,3,4,0,0,0,4,39,0
3,6,1,12,8,2,10,0,4,1,0,0,3,39,1
5,4,1,9,8,2,1,0,4,1,0,0,3,39,1
2,2,1,11,5,4,8,4,2,0,0,0,7,39,0
2,4,1,7,7,2,12,0,4,1,0,0,3,26,0
3,2,1,15,6,0,14,1,4,1,0,0,6,39,1
4,1,0,15,6,2,8,0,4,1,0,0,5,39,0
1,6,1,15,6,2,1,5,4,0,0,0,1,39,1
4,4,0,11,5,0,1,4,4,0,0,0,3,39,0
4,4,2,9,8,0,4,1,4,0,0,0,3,39,0
0,4,2,1,4,4,8,3,4,1,0,0,2,39,0
1,4,1,11,5,2,1,5,4,0,0,0,3,39,0
5,4,0,11,5,4,6,1,4,1,0,0,3,39,0
0,4,0,9,8,4,3,1,4,1,1,0,5,39,1
1,4,0,9,8,2,12,0,4,1,0,0,4,39,1
3,4,1,9,8,0,14,3,2,1,0,0,3,39,0
2,7,0,9,8,2,4,5,4,0,0,0,3,39,1
5,4,1,1,4,6,1,4,4,0,0,0,3,39,0
2,4,1,11,5,0,8,3,4,0,0,0,3,39,0
1,7,0,15,6,4,3,1,4,0,0,0,3,39,0
1,4,1,11,5,0,4,3,4,1,0,0,3,39,0
3,4,1,11,5,2,7,0,4,1,0,0,3,0,0
2,2,0,7,7,0,1,4,4,0,0,0,0,39,0
2,4,0,11,5,4,12,3,4,1,0,0,4,0,0
3,4,1,1,4,0,12,4,4,0,0,0,4,39,0
1,4,0,4,1,2,3,0,4,1,0,0,3,26,0
1,7,0,9,8,4,10,1,4,1,0,0,1,39,0
0,4,2,5,2,4,8,2,4,1,0,0,4,26,0
1,4,2,4,1,4,8,3,4,0,0,0,3,8,0
0,4,4,15,6,4,12,1,4,1,0,0,2,39,0
0,4,0,1,4,4,8,2,4,1,0,0,1,39,0
3,4,0,9,8,4,12,1,4,1,0,0,6,39,1
7,6,1,11,5,2,12,0,4,1,0,0,4,39,0
5,4,0,11,5,6,12,1,4,0,0,4,3,39,0
1,4,0,11,5,4,7,1,4,1,0,3,4,39,0
2,4,0,7,7,4,3,1,4,1,0,0,3,39,0
3,4,1,11,5,2,3,0,4,1,0,0,3,39,0
3,4,0,11,5,2,7,0,4,1,0,4,3,39,1
0,4,1,11,5,4,3,1,4,1,0,0,5,39,0
3,4,2,11,5,2,3,0,4,1,0,0,4,39,0
4,4,0,9,8,4,8,1,4,1,0,0,5,22,1
2,4,1,5,2,2,8,5,4,0,0,0,3,39,0
0,4,0,15,6,4,8,3,4,0,0,0,2,39,0
0,4,1,2,4,4,1,3,4,0,0,0,3,39,0
2,4,1,4,1,4,1,2,4,0,0,0,3,26,0
4,4,1,11,5,2,1,5,4,0,0,0,3,39,0
4,4,3,11,5,2,3,0,4,1,0,0,3,39,0
2,4,0,11,5,2,3,0,4,1,0,0,4,39,0
3,6,2,12,8,4,10,1,4,0,0,0,6,39,0
0,4,0,11,5,4,13,3,4,1,0,0,5,39,0
5,4,0,10,9,2,4,0,4,1,0,0,6,39,1
3,4,1,6,2,4,8,1,4,0,0,0,1,39,0
3,4,2,9,8,2,4,0,4,1,1,0,4,39,1
2,4,2,12,8,4,12,3,2,1,0,0,3,39,0
0,4,3,11,5,4,8,1,4,1,0,0,3,8,0
2,1,0,11,5,2,1,0,4,1,0,0,4,39,0
0,4,1,15,6,4,6,3,4,1,0,0,1,39,0
4,4,1,15,6,6,10,4,4,0,0,0,3,39,0
6,4,1,11,5,2,14,0,4,1,0,0,3,39,0
3,4,1,11,5,2,3,0,4,1,0,0,3,39,1
7,0,2,11,5,2,0,0,4,1,0,0,3,39,0
0,4,1,15,6,4,6,3,4,1,0,0,1,39,0
2,4,3,9,8,4,4,1,4,0,0,0,4,39,0
4,4,0,11,5,2,14,0,4,1,0,0,6,39,0
0,4,1,15,6,4,8,3,4,0,0,0,1,39,0
4,7,1,9,8,0,10,1,4,1,0,0,3,39,0
0,4,4,11,5,4,7,1,4,0,0,0,6,39,0
1,4,1,1,4,4,6,3,4,1,0,0,4,39,0
3,2,1,15,6,2,8,0,4,1,0,0,3,39,0
2,4,0,11,5,2,12,0,4,1,0,0,3,39,0
2,7,1,9,8,4,10,1,4,1,0,0,4,39,0
0,4,0,0,3,4,9,2,4,1,0,0,2,39,0
6,0,1,14,9,2,0,0,4,1,0,0,3,39,1
4,4,1,8,6,2,4,0,4,1,0,0,4,39,0
0,7,1,15,6,2,1,5,4,0,0,0,4,39,0
4,6,1,11,5,2,4,5,4,0,0,0,3,39,0
4,4,0,4,1,2,8,0,4,1,0,5,3,12,0
3,4,0,11,5,2,12,0,4,1,0,0,4,39,0
6,4,0,11,5,4,1,1,1,0,0,0,3,39,0
1,4,1,12,8,4,4,1,1,1,0,0,6,39,0
2,4,1,9,8,6,10,4,4,0,0,0,4,39,0
0,0,1,15,6,4,0,3,4,0,0,0,3,26,0
0,4,1,15,6,4,12,3,4,0,0,0,1,39,0
0,0,1,15,6,4,0,3,4,0,0,0,0,39,0
2,7,1,11,5,0,10,4,4,0,0,0,3,39,0
0,4,1,15,6,4,12,3,4,1,0,0,2,39,0
1,4,1,9,8,2,8,0,4,1,0,0,4,39,1
0,4,1,11,5,4,8,3,4,0,3,0,1,39,0
1,4,2,15,6,4,14,1,2,1,0,0,3,39,0
2,4,1,15,6,4,12,1,4,1,0,0,5,39,0
6,4,1,11,5,2,13,0,4,1,0,0,3,39,1
0,4,1,15,6,4,4,3,4,1,0,0,2,39,0
1,4,1,15,6,0,14,1,4,1,0,0,3,39,0
2,2,4,9,8,2,4,0,4,1,0,3,8,39,0
5,0,0,4,1,2,0,0,4,1,0,0,3,39,0
1,4,1,9,8,2,10,0,4,1,0,0,3,39,0
6,6,0,15,6,2,4,0,4,1,0,0,0,39,0
7,6,1,15,6,2,12,0,4,1,0,0,0,39,1
4,4,0,9,8,2,3,0,1,1,0,0,3,39,0
2,4,1,11,5,4,8,1,4,1,0,0,6,39,0
3,1,0,9,8,2,1,0,4,1,0,0,4,39,1
1,4,1,15,6,4,3,4,4,1,0,0,3,39,0
1,4,2,15,6,4,7,1,2,0,0,0,3,39,0
6,4,0,11,5,6,1,1,4,0,0,0,1,11,0
4,6,2,9,8,2,12,0,4,1,0,0,0,39,0
9,4,0,11,5,6,8,1,4,0,0,0,1,39,0
4,4,1,15,6,3,8,1,4,0,0,0,3,5,0
1,4,0,15,6,6,4,4,4,0,0,0,2,39,0
1,6,0,11,5,2,4,0,4,1,0,4,5,39,1
0,1,0,1,4,4,1,1,2,0,0,3,3,39,0
1,2,0,15,6,4,5,1,4,1,0,0,3,39,0
1,4,0,11,5,4,12,4,2,0,0,0,3,39,0
1,4,0,11,5,4,12,1,4,0,0,0,3,39,0
1,4,2,15,6,2,1,5,2,0,0,0,5,39,1
5,4,1,0,3,6,7,1,4,1,0,0,5,39,0
6,4,1,11,5,2,4,5,4,0,1,0,3,39,1
0,4,2,15,6,4,8,1,4,0,0,0,1,0,0
4,4,1,11,5,2,3,0,4,1,0,0,3,39,1
3,4,2,5,2,0,12,1,4,0,0,0,3,39,0
1,4,0,11,5,0,3,1,4,1,0,0,3,39,0
4,2,0,9,8,0,10,1,4,0,0,4,5,39,0
2,4,1,11,5,2,3,0,4,1,0,0,4,39,0
0,4,0,0,3,4,8,3,0,0,0,0,1,39,0
2,4,0,12,8,5,4,1,4,1,2,0,6,20,1
1,4,0,8,6,2,14,0,4,1,0,0,2,39,1
2,2,0,15,6,2,14,5,4,0,0,0,3,39,0
4,4,1,0,3,3,14,1,2,1,0,0,4,39,0
4,4,0,11,5,2,3,0,4,1,0,0,3,0,0
3,4,9,7,7,5,3,1,4,1,0,0,3,39,0
4,4,1,10,9,2,10,0,4,1,0,0,4,39,1
4,1,1,9,8,0,4,1,4,1,0,0,5,39,1
3,4,0,11,5,2,4,0,4,1,0,0,4,39,0
2,4,1,11,5,2,7,0,4,1,0,0,3,39,1
3,4,0,15,6,0,4,4,4,0,0,0,4,39,0
6,4,1,1,4,2,12,0,4,1,0,0,2,39,0
3,4,1,9,8,5,13,1,4,1,0,0,3,39,0
4,4,1,1,4,2,12,5,4,0,0,0,3,39,0
2,4,1,1,4,2,3,0,4,1,0,0,3,39,0
0,0,0,9,8,4,0,3,4,1,0,0,3,39,0
6,4,1,11,5,2,4,0,4,1,0,0,3,39,0
3,2,0,15,6,0,8,1,2,0,0,0,2,39,0
5,1,2,11,5,0,4,1,4,1,1,0,3,39,1
3,2,2,11,5,2,3,0,4,1,0,0,3,39,0
6,6,2,1,4,4,5,4,4,1,0,0,1,39,0
2,4,0,15,6,2,7,0,4,1,0,0,3,39,1
0,4,0,11,5,4,1,3,4,0,0,0,3,39,0
7,5,1,11,5,2,4,0,4,1,0,0,1,39,0
2,4,0,11,5,2,14,0,4,1,0,0,3,39,0
4,4,0,7,7,2,1,0,4,1,0,0,6,4,0
2,4,1,11,5,2,3,0,2,1,0,0,3,39,0
4,4,1,9,8,2,4,0,4,1,0,4,6,0,1
2,4,1,11,5,0,3,1,2,1,0,0,3,39,0
5,4,0,11,5,0,1,2,0,0,0,0,3,39,0
3,0,1,6,2,4,0,3,2,1,0,0,3,39,0
5,2,1,9,8,4,1,1,4,1,0,0,3,39,0
2,5,1,11,5,2,4,0,4,1,0,0,3,39,1
6,4,0,15,6,2,4,5,4,0,0,0,4,39,0
3,4,0,9,8,2,4,0,4,1,0,0,3,39,1
7,5,1,15,6,2,4,0,4,1,0,0,3,39,1
3,4,0,15,6,4,3,3,2,1,0,0,3,39,0
4,4,2,9,8,2,4,0,4,1,0,0,5,39,1
7,4,1,11,5,6,8,2,4,0,0,0,3,39,0
2,5,1,12,8,5,10,1,4,0,0,0,3,39,1
1,0,1,15,6,2,0,0,4,1,0,0,3,39,0
4,6,0,9,8,2,4,0,4,1,0,3,7,39,0
4,4,0,12,8,0,10,3,4,0,0,0,3,39,0
3,4,1,9,8,0,4,1,4,0,0,0,2,39,0
2,4,0,1,4,0,6,1,4,0,0,0,3,39,0
3,4,1,9,8,2,10,0,2,1,0,0,6,0,0
0,4,1,9,8,4,10,1,4,0,0,0,3,39,0
5,6,0,3,0,6,3,2,4,0,0,3,4,4,0
1,4,0,9,8,2,10,0,4,1,0,0,5,39,0
2,4,1,11,5,4,1,3,4,1,0,0,3,39,0
0,4,1,6,2,4,7,3,2,0,0,0,3,6,0
0,4,0,15,6,4,6,1,4,0,0,0,2,39,0
1,4,1,9,8,4,12,1,4,1,0,0,3,39,0
1,4,1,11,5,2,12,0,4,1,0,0,3,39,0
0,3,1,0,3,4,0,3,4,1,0,0,3,39,0
3,4,2,8,6,5,3,1,4,0,0,0,6,39,0
5,6,0,15,6,2,3,0,4,1,0,0,6,39,0
3,4,0,15,6,2,12,0,4,1,0,0,3,39,1
6,6,1,9,8,4,14,1,4,1,0,0,3,39,0
3,2,7,11,5,0,8,1,2,1,0,0,3,39,0
0,0,2,6,2,4,0,2,4,1,0,3,3,8,0
4,0,0,5,2,2,0,0,4,1,0,0,3,39,0
2,6,1,8,6,4,5,1,4,1,0,0,5,39,0
3,4,1,14,9,2,12,0,4,1,0,5,9,39,1
2,4,1,7,7,2,3,0,4,1,0,0,3,39,0
3,2,1,7,7,2,11,0,4,1,0,4,5,39,1
1,4,1,11,5,2,3,0,4,1,0,3,2,39,0
2,4,0,9,8,5,4,4,4,0,0,0,4,39,0
2,4,1,11,5,0,3,4,4,1,0,0,3,39,0
3,4,1,15,6,2,10,5,4,0,0,4,5,39,1
0,4,0,15,6,4,12,3,4,0,0,0,1,39,0
6,0,1,9,8,2,0,0,4,1,0,0,3,39,0
3,7,0,12,8,4,10,1,4,1,0,0,7,39,0
0,7,1,5,2,4,13,4,4,0,0,0,1,39,0
3,4,0,9,8,2,4,0,4,1,0,0,3,39,1
4,4,1,9,8,2,4,0,1,1,0,0,3,19,1
2,4,1,15,6,2,8,5,4,0,0,0,3,33,0
4,4,0,15,6,2,12,5,4,0,0,0,3,39,0
5,4,2,6,2,2,12,0,4,1,0,0,3,39,0
0,4,2,11,5,4,5,3,4,1,0,0,3,39,0
0,4,0,15,6,4,1,1,4,0,0,0,3,39,0
9,4,1,11,5,6,11,1,4,1,0,0,5,39,0
4,6,0,9,8,4,12,1,4,1,0,0,3,39,0
3,7,0,10,9,2,10,0,4,1,0,0,5,39,1
2,4,1,15,6,2,4,0,4,1,0,0,5,39,0
0,4,3,15,6,4,12,3,4,1,0,0,3,39,0
4,4,0,11,5,2,3,0,4,1,0,0,3,31,0
2,4,1,7,7,2,4,0,4,1,0,0,5,22,0
4,4,2,14,9,2,10,0,4,1,1,0,5,39,1
0,4,0,0,3,4,12,3,4,0,0,0,1,39,0
0,4,0,11,5,4,12,2,4,1,0,0,3,39,0
2,4,1,9,8,4,13,1,1,0,0,0,3,39,0
0,4,0,15,6,4,6,3,4,1,0,0,3,39,0
6,4,0,1,4,4,5,1,4,1,0,0,1,39,0
2,2,2,9,8,2,1,5,4,0,0,0,3,11,1
4,6,0,12,8,2,12,0,4,1,0,0,5,39,1
3,2,3,0,3,0,6,3,2,1,0,0,3,39,0
1,4,1,9,8,4,4,4,2,0,0,0,4,0,0
1,4,0,15,6,4,8,1,4,1,0,0,2,39,0
2,4,1,7,7,0,4,4,1,0,0,0,3,36,0
1,4,0,15,6,5,8,1,4,0,0,0,6,39,0
5,4,2,15,6,4,4,1,4,0,0,0,4,39,1
0,4,0,15,6,4,8,3,4,1,0,0,1,39,0
1,4,1,9,8,2,10,0,4,1,0,0,3,2,1
2,6,0,11,5,2,12,0,4,1,0,4,6,39,1
1,1,2,15,6,0,1,3,4,1,0,0,2,39,0
0,4,0,15,6,4,12,3,4,0,0,0,1,39,0
0,4,0,11,5,4,3,4,4,1,0,0,3,39,0
5,4,0,11,5,2,7,0,4,1,0,0,4,39,1
0,4,0,8,6,4,9,1,4,0,0,0,2,39,0
3,6,0,11,5,2,3,0,4,1,0,0,2,39,0
2,4,1,15,6,2,1,0,4,1,0,0,3,39,0
5,1,0,11,5,2,10,0,4,1,0,0,3,39,1
1,4,0,15,6,4,13,1,4,0,0,0,3,39,0
3,4,0,11,5,2,12,0,4,1,0,0,3,39,0
7,0,0,9,8,6,0,1,4,0,2,0,1,39,1
2,6,0,5,2,2,5,0,4,1,0,0,3,39,0
2,7,0,9,8,4,4,3,4,1,0,0,3,39,0
2,5,0,15,6,2,4,0,4,1,0,0,8,39,1
3,1,1,12,8,0,4,1,4,1,0,0,3,39,1
0,4,1,1,4,0,12,3,4,1,0,0,5,39,0
0,0,0,1,4,4,0,3,4,1,0,0,2,39,0
0,4,1,15,6,4,12,3,4,0,0,0,2,39,0
2,4,1,8,6,0,1,1,4,0,0,0,3,39,0
2,4,1,9,8,2,12,0,4,1,0,4,5,39,1
0,4,0,15,6,4,8,4,4,0,0,0,2,39,0
0,4,0,9,8,4,4,3,4,0,0,0,3,39,0
2,6,2,4,1,2,14,0,4,1,0,0,5,26,1
0,4,0,15,6,2,6,0,4,1,0,0,3,39,0
1,4,1,7,7,2,3,0,4,1,0,0,4,39,1
2,4,1,11,5,2,10,0,0,1,0,0,4,39,1
3,4,1,11,5,2,1,0,4,1,0,0,2,39,0
4,4,1,9,8,2,3,0,4,1,0,0,3,0,0
5,4,0,8,6,2,10,0,4,1,0,4,4,39,0
3,4,1,12,8,6,10,4,2,0,0,0,3,39,0
2,4,1,15,6,2,8,0,4,1,0,0,3,39,0
5,4,0,1,4,2,12,0,4,1,0,0,6,39,0
1,2,1,11,5,4,1,1,4,0,0,0,3,39,0
4,4,0,6,2,2,14,0,4,1,0,0,3,39,0
0,4,1,11,5,4,1,3,2,0,0,0,3,39,0
3,7,1,8,6,2,10,5,4,0,0,0,3,39,1
3,4,4,9,8,0,12,4,4,0,0,0,3,39,0
5,4,0,11,5,2,7,0,4,1,0,0,3,0,0
1,4,0,11,5,4,5,1,4,1,0,0,5,0,0
1,6,1,8,6,2,3,0,4,1,0,0,4,39,0
0,0,2,15,6,4,0,3,4,1,0,0,3,39,0
1,4,1,11,5,4,14,4,4,1,0,0,5,39,0
0,0,1,9,8,4,0,3,4,1,0,0,3,39,0
2,7,2,12,8,2,10,0,4,1,0,0,5,39,1
1,4,1,8,6,4,6,3,4,0,0,0,3,39,0
4,4,0,11,5,2,4,0,4,1,0,0,3,39,0
4,4,1,8,6,2,3,0,4,1,0,0,3,39,1
0,4,2,6,2,4,6,3,4,1,0,0,2,39,0
0,4,1,0,3,4,8,3,4,1,0,0,2,39,0
3,2,0,11,5,4,4,3,0,0,0,0,3,39,0
2,2,1,12,8,2,10,5,4,0,0,0,3,39,1
6,4,1,11,5,2,7,0,4,1,0,0,3,39,0
1,4,1,11,5,2,7,0,4,1,0,0,3,39,0
3,4,0,11,5,2,3,0,4,1,0,0,3,39,0
1,4,0,15,6,2,6,0,4,1,0,0,3,39,1
5,4,0,11,5,2,8,5,4,0,0,0,3,39,0
4,4,0,15,6,2,12,0,4,1,0,0,3,39,0
5,4,0,5,2,0,8,1,4,0,0,0,3,39,0
2,4,1,11,5,0,4,4,4,0,0,0,5,39,0
3,4,0,10,9,2,4,0,1,1,1,0,3,24,1
4,6,1,10,9,2,3,0,4,1,0,0,5,39,0
5,7,1,12,8,2,4,5,4,0,0,0,3,39,1
3,4,1,9,8,2,4,0,4,1,0,0,3,39,0
3,2,1,9,8,2,11,0,4,1,0,0,3,39,1
1,4,0,14,9,4,10,1,4,0,0,0,5,39,0
2,4,1,11,5,2,3,0,4,1,0,0,3,39,1
3,5,1,15,6,0,3,1,4,1,0,0,9,39,0
2,4,0,12,8,2,1,0,4,1,0,4,3,24,1
3,4,0,11,5,5,4,4,2,0,0,0,3,39,0
2,4,2,9,8,2,10,0,4,1,1,0,7,39,1
1,4,1,11,5,2,7,0,4,1,0,0,3,39,0
6,6,0,5,2,2,5,0,4,1,0,0,3,39,0
5,4,1,11,5,4,1,4,4,0,0,0,3,39,0
1,7,1,9,8,4,10,1,4,1,0,0,2,39,0
2,4,1,15,6,2,11,2,2,0,0,0,2,14,0
3,4,0,9,8,2,4,0,4,1,0,0,3,39,0
3,4,1,9,8,2,4,0,4,1,0,0,6,39,1
6,4,1,1,4,2,8,0,4,1,0,0,1,39,0
0,0,2,7,7,4,0,3,4,1,0,3,1,39,0
4,4,0,15,6,0,1,4,4,0,0,0,3,39,0
4,4,1,15,6,4,3,4,4,0,0,0,3,39,1
7,4,0,0,3,6,8,1,4,0,0,0,0,39,0
2,4,1,11,5,2,14,0,4,1,0,0,4,39,0
1,6,0,7,7,6,12,4,4,0,0,0,3,39,1
2,4,0,15,6,2,10,0,0,1,0,0,6,39,0
4,4,1,8,6,2,3,0,4,1,0,0,3,39,0
7,0,0,0,3,4,0,1,4,1,0,0,0,39,0
1,6,3,1,4,4,3,1,4,1,0,0,4,39,1
4,4,2,15,6,2,13,0,4,1,0,0,3,39,1
5,2,1,12,8,2,10,0,4,1,0,0,3,39,1
0,4,2,1,4,4,8,3,4,1,0,0,2,39,0
1,4,1,15,6,4,1,1,4,0,0,0,3,39,0
0,4,1,11,5,4,5,3,4,0,0,0,3,39,0
0,5,1,0,3,4,12,3,4,1,0,0,1,39,0
4,4,2,12,8,2,10,0,4,1,0,0,3,5,1
1,4,1,9,8,2,10,0,4,1,0,0,3,0,0
0,4,1,11,5,4,8,3,4,1,0,0,3,33,0
1,4,1,11,5,4,3,3,4,1,0,0,3,39,0
0,4,1,9,8,4,12,1,4,1,0,0,4,39,0
6,0,1,0,3,0,0,1,4,1,0,0,3,39,0
0,4,0,11,5,4,5,3,4,1,0,0,4,39,0
1,0,1,5,2,0,0,3,4,1,0,0,8,39,0
2,4,0,11,5,2,4,5,4,0,0,0,5,39,1
0,4,0,9,8,4,10,1,4,1,0,0,1,39,0
3,4,0,15,6,0,7,4,4,0,0,0,3,39,0
1,4,7,15,6,2,14,0,2,1,0,0,3,39,0
2,4,1,11,5,2,7,0,4,1,0,0,4,39,1
5,4,0,5,2,2,7,0,2,1,0,0,4,39,0
0,7,0,1,4,4,8,3,4,1,0,0,0,39,0
3,1,1,11,5,0,7,1,4,1,0,0,3,39,0
0,4,1,0,3,4,14,3,1,1,0,0,2,0,0
4,4,0,11,5,2,12,0,2,1,0,0,3,39,0
6,4,0,1,4,2,14,0,4,1,0,0,3,39,0
1,4,1,15,6,4,1,3,4,1,0,0,2,39,0
3,4,1,9,8,2,4,0,4,1,1,0,6,39,1
2,4,1,9,8,4,8,1,4,0,0,0,4,39,0
2,4,1,11,5,2,3,0,4,1,0,0,4,39,0
5,4,1,15,6,2,1,0,4,1,0,0,3,39,0
2,4,2,11,5,4,13,1,4,1,0,0,5,39,0
4,4,1,11,5,2,3,0,4,1,0,0,4,39,1
2,4,2,12,8,0,4,1,4,1,0,0,6,39,0
5,6,0,11,5,0,12,1,2,1,0,0,5,39,0
3,4,0,15,6,2,3,0,4,1,0,0,3,39,1
3,4,1,11,5,2,14,0,2,1,0,0,2,39,0
1,4,0,9,8,4,4,3,4,0,0,0,3,39,0
0,4,1,7,7,4,12,3,4,1,0,0,1,39,0
2,4,0,8,6,2,3,0,4,1,0,0,5,39,0
0,4,1,15,6,4,8,1,4,0,0,0,1,39,0
3,4,0,11,5,6,8,4,4,0,0,0,2,39,0
0,6,1,1,4,4,8,3,4,0,0,0,0,39,0
2,4,1,11,5,2,1,0,4,1,0,0,4,39,0
2,4,1,2,4,2,8,0,2,1,0,0,3,39,0
4,4,0,11,5,2,12,0,4,1,0,0,5,39,1
0,7,0,15,6,4,1,3,4,0,0,0,1,39,0
0,4,1,2,4,4,12,3,4,0,0,0,1,39,0
3,2,0,12,8,2,10,0,4,1,0,0,5,39,1
2,4,0,9,8,2,8,0,2,1,0,0,3,39,1
3,2,1,12,8,0,10,4,4,0,0,0,3,39,0
3,4,1,15,6,2,12,0,4,1,0,0,5,39,1
1,4,0,7,7,4,7,4,4,1,0,0,4,39,0
0,4,0,11,5,5,7,2,4,1,0,0,3,39,0
2,7,0,9,8,4,10,2,2,0,0,0,3,39,0
2,4,0,11,5,4,7,3,4,0,0,0,3,39,0
2,4,1,12,8,2,10,0,4,1,9,0,6,39,1
4,7,1,12,8,0,10,1,4,0,0,0,3,39,0
1,1,0,9,8,4,1,1,4,0,0,0,3,39,0
0,4,0,11,5,4,3,1,4,1,0,0,3,39,0
0,4,1,2,4,4,8,3,4,1,0,0,1,39,0
4,4,1,15,6,0,4,4,4,0,0,0,3,11,0
1,4,0,11,5,5,7,1,4,1,0,0,4,39,0
6,4,1,15,6,0,4,1,4,1,0,0,2,39,0
1,4,2,11,5,4,1,3,4,0,0,0,3,39,0
2,4,1,11,5,2,7,5,2,0,0,0,3,39,0
2,4,0,9,8,4,4,3,4,0,0,0,3,39,0
3,4,1,15,6,0,5,4,4,0,0,0,4,39,0
0,4,2,0,3,4,12,3,4,0,0,0,1,39,0
2,4,0,11,5,0,3,4,4,1,0,0,5,39,0
0,0,0,11,5,4,0,1,4,0,0,0,3,39,0
3,5,0,12,8,0,4,4,1,0,0,0,3,39,0
3,2,1,12,8,4,10,1,4,1,0,0,2,39,0
0,4,0,1,4,4,13,2,4,1,0,0,3,39,0
5,4,1,1,4,2,3,0,4,1,0,0,3,39,0
1,4,2,11,5,4,6,4,2,1,0,0,7,39,0
0,4,2,0,3,2,8,0,4,1,0,0,3,0,0
0,2,1,11,5,4,5,3,4,1,0,0,1,39,0
1,4,1,8,6,4,6,3,4,0,0,0,3,39,0
7,4,1,9,8,4,3,1,4,1,1,0,4,39,1
5,4,0,11,5,0,1,1,4,0,0,0,3,39,0
1,4,0,1,4,0,8,4,4,0,0,0,3,39,0
5,4,1,0,3,2,6,0,4,1,0,0,3,39,0
0,4,1,11,5,4,1,1,4,0,0,0,3,39,0
5,2,0,11,5,2,3,0,4,1,9,0,3,39,1
3,4,1,15,6,0,3,1,4,1,0,0,3,39,0
1,6,0,8,6,4,1,1,4,0,0,0,3,39,0
4,4,0,15,6,0,1,4,4,0,0,0,4,39,0
0,4,0,11,5,4,7,3,4,0,0,0,3,39,0
2,4,1,11,5,4,7,1,4,1,0,0,3,39,0
5,4,0,4,1,6,7,4,4,0,0,0,3,39,0
4,6,1,9,8,0,12,1,4,1,0,0,5,39,0
2,4,1,15,6,2,7,0,4,1,0,0,3,39,1
7,4,0,4,1,6,9,1,1,0,0,0,7,39,0
3,4,0,11,5,2,3,0,4,1,0,0,3,39,0
4,4,0,12,8,2,4,0,4,1,0,0,5,39,1
1,4,4,9,8,4,3,3,2,1,0,0,3,39,0
5,7,0,12,8,2,10,0,1,1,0,0,3,19,1
6,6,0,15,6,2,12,0,4,1,2,0,3,39,1
1,2,0,11,5,4,4,4,0,0,0,0,3,39,0
3,4,2,15,6,0,1,1,4,0,0,0,3,39,0
5,4,2,10,9,2,10,0,4,1,0,0,5,39,1
2,5,1,15,6,2,12,0,4,1,1,0,6,39,1
1,4,0,9,8,4,13,1,4,1,0,0,3,39,0
4,7,2,9,8,2,10,0,4,1,0,0,5,39,1
6,4,3,11,5,0,12,4,4,0,0,0,2,0,0
2,0,2,15,6,4,0,4,2,0,0,0,3,39,0
1,4,2,15,6,0,10,3,4,0,0,0,3,39,0
2,5,0,7,7,2,4,0,4,1,0,4,6,39,1
4,6,0,11,5,2,4,0,4,1,0,0,3,39,0
2,0,2,11,5,4,0,4,2,0,0,0,3,39,0
4,4,1,11,5,0,10,4,4,1,0,0,3,39,0
3,4,0,11,5,2,12,5,4,0,0,0,3,39,0
3,6,1,15,6,2,12,0,4,1,0,0,5,39,1
6,0,1,11,5,2,0,0,4,1,0,0,2,39,0
0,4,2,11,5,4,12,3,2,1,0,0,3,39,0
1,4,0,15,6,2,10,0,0,1,0,0,3,39,0
5,6,0,11,5,2,12,0,4,1,0,0,7,39,1
7,4,1,0,3,2,1,0,4,1,0,0,1,39,0
0,4,1,11,5,4,8,3,4,1,0,0,2,39,0
3,4,1,11,5,0,7,1,4,1,0,0,4,39,0
0,4,0,11,5,4,12,1,4,0,0,0,3,39,0
0,4,1,11,5,4,14,3,2,1,0,0,2,39,0
0,4,0,11,5,4,8,3,4,0,0,0,3,39,0
2,2,1,9,8,2,11,0,2,1,0,0,7,39,1
4,4,1,11,5,2,12,0,4,1,0,0,5,39,1
1,2,0,11,5,2,3,0,4,1,0,0,7,39,1
1,4,0,15,6,2,3,0,4,1,0,0,4,39,0
3,5,0,7,7,2,10,0,4,1,0,0,5,39,1
0,4,1,15,6,4,8,3,4,1,0,0,3,39,0
5,4,1,9,8,2,10,0,4,1,0,0,5,39,1
3,4,1,9,8,2,4,0,1,1,0,0,5,39,1
2,4,0,1,4,2,14,0,4,1,0,0,4,39,0
3,4,0,12,8,2,4,5,4,0,0,0,2,39,1
2,2,2,15,6,2,14,0,4,1,0,0,2,39,0
7,4,1,1,4,6,1,4,4,0,0,0,3,39,0
6,4,1,11,5,2,11,0,4,1,0,0,2,39,0
1,4,1,15,6,4,6,1,0,1,0,0,3,39,0
2,4,0,15,6,4,1,4,4,0,0,0,3,39,0
5,4,1,6,2,4,6,3,4,1,0,0,3,8,0
2,2,1,11,5,4,14,1,1,1,0,0,3,39,0
3,4,1,9,8,2,3,0,4,1,0,0,3,39,1
3,4,0,15,6,2,1,0,4,1,0,0,3,39,1
6,4,0,11,5,2,12,0,4,1,0,0,1,39,0
1,4,1,15,6,2,5,0,4,1,0,0,5,39,1
4,0,0,9,8,0,0,1,4,0,0,0,5,39,0
6,0,2,15,6,2,0,0,4,1,0,0,1,39,0
2,4,1,9,8,2,8,0,4,1,0,0,2,39,1
2,4,0,15,6,2,12,0,4,1,0,0,5,39,0
4,4,3,11,5,0,7,3,2,1,0,0,3,39,0
3,4,2,11,5,2,6,0,2,1,0,0,3,39,0
2,4,1,11,5,2,12,0,4,1,0,0,5,39,0
4,4,0,11,5,2,7,5,1,0,0,0,3,3,0
5,0,0,7,7,2,0,0,2,1,0,0,1,39,1
1,4,1,9,8,4,12,1,4,1,0,3,4,39,0
4,4,0,11,5,2,3,0,4,1,0,0,7,39,1
0,4,1,4,1,2,14,2,4,1,0,0,3,26,0
4,6,1,12,8,2,10,0,4,1,0,0,3,39,1
3,2,2,15,6,0,1,1,4,0,0,0,1,26,0
3,1,0,12,8,2,10,0,4,1,0,4,3,39,1
0,4,0,11,5,4,3,3,4,1,0,0,3,39,0
4,4,0,7,7,0,1,1,4,0,0,0,3,39,0
1,2,0,9,8,4,10,1,4,0,0,0,3,39,0
2,2,1,15,6,4,10,3,4,1,0,0,3,39,0
0,4,1,15,6,4,8,3,4,1,0,0,2,39,0
2,4,1,11,5,4,7,1,4,1,0,0,3,39,0
3,6,1,9,8,4,12,1,4,1,0,0,4,39,0
2,4,2,9,8,2,10,0,2,1,0,0,3,39,0
1,4,1,7,7,5,8,1,4,1,0,0,3,39,0
2,4,1,7,7,4,3,1,4,1,0,0,3,39,0
4,5,1,12,8,2,4,0,4,1,0,0,5,39,1
3,5,0,12,8,2,4,0,4,1,0,0,5,39,1
0,4,0,9,8,4,4,1,4,0,0,0,5,39,0
0,4,4,9,8,4,12,1,4,0,0,0,3,39,0
4,6,1,9,8,2,4,0,4,1,0,0,3,39,0
3,4,0,12,8,2,10,5,4,0,0,0,4,9,0
1,2,1,12,8,3,10,1,4,0,0,0,3,39,0
3,4,2,15,6,2,14,0,4,1,0,0,3,39,0
0,4,1,15,6,4,12,3,4,1,0,0,1,39,0
4,2,0,9,8,0,10,4,4,0,0,0,5,39,0
4,4,1,12,8,2,12,0,4,1,0,0,3,39,0
4,2,0,9,8,2,10,5,4,0,0,0,3,39,1
1,4,1,11,5,4,3,2,1,1,0,0,3,17,0
4,2,0,15,6,0,1,1,2,0,0,0,3,39,0
4,4,2,9,8,2,10,0,2,1,0,0,3,39,1
5,4,1,11,5,2,14,0,4,1,0,0,3,39,0
0,4,1,11,5,4,8,1,4,0,0,0,3,39,0
1,4,1,9,8,2,8,0,2,1,0,0,3,39,0
3,4,0,11,5,2,1,0,4,1,0,0,4,39,0
3,2,1,11,5,2,1,5,4,0,0,0,3,39,0
2,4,2,11,5,2,14,0,4,1,0,0,4,39,1
2,7,1,15,6,4,11,1,2,1,0,0,3,39,0
3,4,0,15,6,2,3,0,4,1,0,0,4,39,1
2,4,0,11,5,4,14,2,4,1,0,0,5,39,0
1,2,0,8,6,0,11,4,4,1,0,0,5,39,0
5,4,0,11,5,2,9,2,1,0,0,0,6,30,0
7,4,0,8,6,6,1,1,4,0,0,0,3,39,0
1,4,1,11,5,0,8,4,4,0,0,0,3,39,0
3,4,0,1,4,0,9,4,4,0,0,0,2,13,0
1,4,1,15,6,2,3,0,4,1,0,0,4,26,0
2,4,2,12,8,0,10,4,4,1,0,0,4,39,0
0,4,1,15,6,4,5,3,4,1,0,0,5,39,0
0,6,0,15,6,4,5,3,4,1,0,0,3,39,0
1,2,0,9,8,2,10,0,4,1,0,0,3,39,1
4,4,1,0,3,2,8,0,2,1,0,0,3,39,0
3,7,1,14,9,0,10,4,2,1,2,0,3,39,1
3,6,1,12,8,5,4,4,4,0,0,0,1,39,0
5,4,0,11,5,2,8,0,2,1,0,0,4,9,0
2,7,1,11,5,2,14,0,2,1,0,0,3,39,0
4,1,0,9,8,2,10,0,4,1,0,0,3,39,1
4,2,1,7,7,5,4,1,4,1,0,3,3,39,0
2,4,0,11,5,2,3,0,4,1,0,4,3,39,1
3,4,0,11,5,4,4,1,1,1,0,0,6,39,0
1,4,2,10,9,4,10,1,4,1,0,0,6,39,0
3,4,1,12,8,2,10,0,4,1,0,0,4,39,1
3,4,1,9,8,2,3,0,4,1,0,0,3,39,0
5,4,0,0,3,6,12,1,4,0,0,0,3,39,0
3,4,0,11,5,2,3,0,4,1,0,0,6,39,0
1,4,0,11,5,4,3,1,2,1,0,0,3,39,0
4,4,0,12,8,2,4,0,1,1,1,0,3,0,1
5,4,1,0,3,2,14,0,4,1,0,0,3,33,0
0,4,0,11,5,4,8,4,4,0,0,0,3,39,0
1,4,1,15,6,4,8,4,2,0,0,0,3,39,0
4,4,0,11,5,0,12,3,4,1,0,4,3,39,0
1,4,2,0,3,2,4,0,4,1,0,0,3,39,0
2,4,0,9,8,2,10,5,4,0,0,0,3,39,1
3,5,0,14,9,4,3,1,4,1,0,0,5,39,1
7,6,1,9,8,2,4,0,4,1,0,4,1,39,1
5,5,0,15,6,2,13,0,4,1,0,0,6,39,1
5,4,2,9,8,2,7,0,4,1,0,0,3,39,1
2,4,2,11,5,2,3,0,4,1,0,0,5,39,0
0,4,1,15,6,4,3,1,4,1,0,0,3,39,0
1,4,0,1,4,2,6,0,4,1,0,0,5,39,0
2,1,2,9,8,2,11,0,4,1,0,0,5,39,1
4,4,1,5,2,2,14,0,4,1,0,0,3,5,0
4,1,1,15,6,2,4,0,4,1,0,0,3,39,1
3,2,0,15,6,4,4,1,4,1,0,0,3,39,0
0,0,1,0,3,4,0,3,2,1,0,0,3,39,0
3,4,1,11,5,0,8,1,4,1,0,0,6,12,0
0,4,1,11,5,5,8,1,4,1,0,0,3,39,0
1,4,1,4,1,2,5,0,4,1,0,0,2,26,0
4,4,1,3,0,2,5,0,4,1,0,0,5,26,1
1,7,0,15,6,2,4,5,4,0,0,0,1,39,0
3,4,3,0,3,2,14,0,4,1,0,0,3,41,0
4,4,0,11,5,0,8,4,4,0,0,0,2,39,0
6,2,1,11,5,2,5,0,4,1,0,0,4,39,0
1,4,1,9,8,4,1,1,2,0,0,0,3,39,0
2,4,0,15,6,2,12,0,4,1,0,0,5,39,0
1,4,1,11,5,2,12,0,4,1,0,0,5,39,0
1,6,1,15,6,4,10,3,4,0,0,0,3,39,0
0,4,0,15,6,4,8,3,4,1,0,0,2,39,0
1,4,0,11,5,2,3,0,4,1,0,0,3,39,0
4,6,1,9,8,2,4,0,4,1,0,0,6,39,1
3,5,0,9,8,2,4,0,4,1,0,4,5,39,1
3,4,1,7,7,2,12,0,2,1,0,0,6,39,0
1,4,2,11,5,4,12,1,4,1,0,0,4,39,0
4,4,1,11,5,4,8,4,4,0,0,0,4,39,0
1,4,1,11,5,2,12,0,4,1,0,0,3,39,0
0,4,0,15,6,4,4,3,2,1,0,0,2,39,0
5,4,0,15,6,5,4,1,4,0,0,0,3,39,0
4,0,1,11,5,2,0,0,4,1,0,0,3,39,0
3,4,0,9,8,0,1,4,4,0,0,0,3,39,0
0,4,1,1,4,2,6,0,4,1,0,0,3,26,0
6,6,1,11,5,6,8,2,4,0,0,0,3,39,0
1,4,0,11,5,4,1,1,4,0,0,0,5,39,0
7,0,1,12,8,2,0,0,4,1,0,0,0,39,0
2,4,0,15,6,6,12,1,4,0,0,0,1,39,0
4,4,0,15,6,5,4,4,0,0,0,0,1,39,0
1,4,3,4,1,4,5,4,4,1,0,0,5,39,0
2,4,0,11,5,2,7,5,3,0,0,0,3,4,0
1,4,1,9,8,4,8,3,4,1,0,0,3,39,0
6,7,0,11,5,2,5,0,4,1,0,0,3,39,0
5,4,1,9,8,5,3,1,4,1,0,0,3,0,0
1,6,0,9,8,4,4,1,4,1,0,0,5,39,0
0,4,0,15,6,4,10,1,4,0,0,0,2,39,0
3,4,1,11,5,2,3,0,2,1,0,0,3,39,0
3,4,0,11,5,4,6,1,4,1,0,0,3,39,0
0,4,1,13,0,4,5,1,4,1,0,0,3,17,0
5,4,1,11,5,2,1,0,4,1,0,0,4,39,1
4,4,1,9,8,4,12,1,4,0,0,3,4,39,1
0,4,0,15,6,2,12,5,4,0,0,0,3,39,0
1,4,1,9,8,4,10,1,4,1,0,0,3,39,0
1,4,1,9,8,4,1,1,4,1,0,0,2,39,0
4,4,0,11,5,0,6,4,1,0,0,0,3,35,0
0,0,1,15,6,4,0,3,4,0,0,0,3,39,0
3,4,1,9,8,0,4,1,4,0,1,0,3,39,1
3,4,2,1,4,5,8,4,2,0,0,0,2,39,0
2,4,1,15,6,0,12,1,4,1,0,0,5,39,0
5,4,0,11,5,2,3,0,2,1,0,0,3,39,0
7,0,0,11,5,6,0,1,4,0,0,0,1,39,0
2,4,1,7,7,4,12,1,2,1,0,0,5,39,0
1,4,0,9,8,2,10,0,4,1,0,0,3,39,1
4,4,1,11,5,0,12,4,4,0,0,0,4,39,0
2,7,1,11,5,4,8,1,4,1,0,0,3,39,0
2,4,0,11,5,2,5,0,4,1,0,0,3,39,0
4,4,0,9,8,2,10,0,4,1,0,0,5,39,1
3,4,1,15,6,4,3,1,2,1,0,0,4,39,0
3,4,1,15,6,2,12,2,4,1,0,0,3,39,0
0,4,1,11,5,4,7,1,4,1,0,0,3,39,0
4,6,0,15,6,2,1,5,4,0,0,0,3,39,1
3,4,1,9,8,2,3,0,4,1,0,0,3,39,1
1,4,1,11,5,4,8,3,4,1,0,0,2,39,0
2,4,1,4,1,3,3,2,4,1,0,0,3,8,0
0,0,5,1,4,4,0,3,4,0,0,0,1,39,0
2,4,2,11,5,0,12,4,2,0,0,0,2,39,0
3,4,0,12,8,2,10,0,4,1,0,0,5,39,1
5,4,1,15,6,2,4,0,4,1,0,0,5,39,1
0,4,1,1,4,4,6,3,4,1,0,0,3,26,0
0,4,0,11,5,4,6,1,4,1,0,0,5,39,0
3,4,1,11,5,2,12,5,4,0,0,0,3,39,0
2,4,1,15,6,2,4,0,4,1,0,0,3,5,1
1,4,2,11,5,4,8,2,4,1,0,0,3,26,0
4,1,0,15,6,0,1,1,4,1,0,0,3,39,0
2,1,0,11,5,4,1,3,2,0,0,0,3,39,0
2,4,1,15,6,4,10,1,2,1,0,0,3,39,0
6,6,1,9,8,2,10,0,4,1,0,0,5,39,1
5,1,1,11,5,6,12,4,4,0,0,0,3,11,0
1,1,3,15,6,4,13,1,4,1,0,0,3,39,0
5,6,0,0,3,2,3,5,4,0,0,4,3,0,1
5,0,0,9,8,2,0,0,4,1,0,0,0,39,0
4,4,0,15,6,2,14,0,4,1,0,0,5,39,0
0,4,0,1,4,4,12,1,4,0,0,0,2,39,0
2,4,0,11,5,4,14,1,4,1,0,0,8,39,0
4,4,0,8,6,2,7,5,4,0,0,0,3,29,0
3,2,0,11,5,2,8,5,2,0,0,0,3,23,1
7,0,3,4,1,0,0,1,4,1,0,0,3,39,0
4,6,0,4,1,2,14,0,4,1,0,0,1,39,0
3,1,0,14,9,2,10,0,1,1,0,5,5,0,1
4,1,0,9,8,4,1,4,2,1,0,0,3,39,1
4,1,0,15,6,0,1,1,4,0,0,0,3,39,0
0,0,0,15,6,4,0,3,1,0,0,0,1,39,0
1,1,1,9,8,0,11,1,4,1,0,0,5,39,1
3,4,3,11,5,2,14,0,2,1,0,0,4,39,1
3,4,0,9,8,2,11,0,4,1,0,0,3,39,0
0,8,2,11,5,4,5,3,4,1,0,0,1,39,0
3,4,1,15,6,0,4,1,4,0,0,0,3,39,0
2,4,0,12,8,2,10,0,4,1,0,0,3,0,0
2,4,2,11,5,0,7,4,4,0,0,0,3,39,0
0,1,0,2,4,4,8,3,4,0,0,0,2,39,0
1,1,0,9,8,4,10,1,4,0,0,0,3,39,0
1,4,1,15,6,2,3,0,4,1,0,0,3,4,0
1,4,1,11,5,4,6,3,4,0,0,0,3,39,0
0,7,1,15,6,4,8,1,2,1,0,0,1,39,0
3,7,0,7,7,0,10,4,1,0,0,0,3,39,0
0,4,1,11,5,4,8,3,2,1,0,0,2,39,0
2,1,1,15,6,0,1,1,4,1,0,0,3,39,1
0,0,1,9,8,4,0,1,1,1,0,0,2,0,0
0,4,2,1,4,4,8,3,4,1,0,0,1,39,0
1,4,0,15,6,0,13,3,4,0,0,0,3,39,0
0,0,2,15,6,4,0,3,4,0,0,0,2,39,0
3,4,0,9,8,5,13,1,4,1,0,0,3,39,0
2,6,2,9,8,0,8,4,2,1,0,0,4,39,1
1,5,0,11,5,2,4,0,4,1,0,0,4,39,0
3,4,1,11,5,0,12,1,4,1,0,0,1,39,0
3,4,0,15,6,5,4,1,4,1,0,0,4,39,1
4,6,0,15,6,2,12,0,4,1,0,0,5,39,0
4,6,1,11,5,2,1,5,4,0,0,0,3,20,0
0,4,1,11,5,4,9,3,4,1,0,0,3,39,0
1,1,0,15,6,2,3,0,4,1,0,0,5,39,0
0,4,1,11,5,5,8,1,4,0,0,0,3,39,0
2,4,3,1,4,2,6,0,4,1,0,0,5,39,0
3,4,0,11,5,2,3,0,4,1,0,0,3,39,0
5,6,0,8,6,2,14,5,4,0,0,0,1,11,1
1,4,1,11,5,2,7,0,4,1,0,0,3,39,0
3,5,0,12,8,0,4,1,1,1,0,0,9,24,1
4,4,0,11,5,2,7,0,4,1,0,0,3,39,0
2,4,0,11,5,0,5,1,4,1,0,0,3,39,0
2,4,0,11,5,4,7,1,4,1,0,0,2,39,0
2,4,1,15,6,4,1,3,4,0,0,0,3,39,0
3,4,1,11,5,5,8,2,4,0,0,0,2,39,0
2,2,1,8,6,4,8,4,2,0,0,0,3,39,0
3,6,0,15,6,4,12,1,4,1,0,0,5,39,0
3,2,1,9,8,2,11,0,4,1,0,4,3,39,1
2,4,1,9,8,4,12,1,4,0,0,3,3,39,0
0,4,1,9,8,4,12,3,4,0,0,0,3,39,0
0,4,1,7,7,5,3,4,1,1,0,0,3,39,1
0,4,0,15,6,2,14,0,4,1,0,0,7,39,1
3,6,0,12,8,4,4,1,4,1,0,0,2,39,0
1,4,1,1,4,2,14,0,4,1,0,0,5,39,0
4,4,0,8,6,2,8,0,4,1,0,0,3,39,0
4,6,1,7,7,2,4,0,4,1,0,0,3,39,0
0,4,1,15,6,4,3,3,4,1,0,0,3,39,0
3,5,0,10,9,5,10,1,4,1,0,0,3,39,0
4,4,1,15,6,2,13,0,4,1,0,0,6,39,0
4,4,2,15,6,2,14,0,4,1,0,0,3,39,0
1,6,0,8,6,2,5,0,4,1,0,0,6,39,0
1,4,2,9,8,2,7,0,3,1,0,0,3,26,0
2,4,0,11,5,0,8,3,4,1,0,0,3,39,0
2,4,3,11,5,2,3,0,4,1,0,0,5,39,0
2,4,1,11,5,2,14,0,4,1,0,0,1,39,1
1,4,0,15,6,4,12,3,4,0,0,0,3,39,0
4,2,0,1,4,4,3,4,4,1,0,0,3,39,0
6,6,0,5,2,2,4,0,4,1,0,0,3,39,0
0,4,1,1,4,0,12,4,4,0,0,0,3,39,0
0,4,1,11,5,4,10,1,4,1,0,0,3,2,0
0,4,0,11,5,4,14,3,4,1,0,0,3,39,0
0,4,1,15,6,4,7,1,4,1,0,0,3,39,0
1,4,1,11,5,2,5,0,4,1,0,0,9,39,0
4,4,1,9,8,5,10,3,3,0,0,0,3,39,0
6,4,0,15,6,6,1,1,4,0,0,0,2,39,0
7,0,1,11,5,2,0,0,4,1,0,0,4,39,1
1,4,0,9,8,4,1,2,1,0,0,0,3,17,0
4,4,0,9,8,2,4,0,4,1,0,0,4,2,1
3,4,1,9,8,2,4,0,4,1,0,0,3,39,1
5,4,1,11,5,0,10,4,2,0,0,0,3,39,0
3,4,0,10,9,0,12,4,4,0,0,0,5,39,1
0,7,0,15,6,4,8,3,4,1,0,0,3,39,0
1,4,2,15,6,2,14,0,4,1,0,0,3,39,1
1,4,1,8,6,0,1,1,4,0,0,0,3,39,0
4,4,0,8,6,2,12,0,4,1,0,0,3,39,1
0,4,1,6,2,4,3,3,4,1,0,0,2,8,0
4,4,0,11,5,2,7,0,4,1,0,0,5,39,0
0,4,1,11,5,4,1,2,4,0,0,0,3,39,0
4,4,0,15,6,2,3,0,4,1,0,0,3,39,1
2,4,3,11,5,2,12,0,4,1,0,0,6,39,0
1,4,0,15,6,2,12,0,4,1,0,0,3,39,0
2,4,4,11,5,2,14,3,4,1,0,0,7,26,0
2,4,1,15,6,5,3,1,4,1,0,0,3,39,0
4,4,0,11,5,5,4,4,4,0,0,0,3,39,0
3,4,1,9,8,2,12,0,4,1,0,0,3,39,1
0,4,1,11,5,4,8,3,4,1,0,0,1,39,0
2,7,1,9,8,2,11,0,4,1,0,4,4,39,1
1,4,0,9,8,4,10,1,4,1,0,0,3,39,0
3,2,2,12,8,4,10,1,4,0,0,0,5,39,0
3,4,0,9,8,0,12,1,4,0,0,0,4,39,0
3,4,1,2,4,2,14,0,2,1,0,0,3,23,0
4,2,1,8,6,0,1,1,4,0,0,0,3,39,0
2,6,1,11,5,2,10,5,4,0,0,0,3,39,1
6,0,1,11,5,2,0,0,4,1,0,0,4,39,0
1,4,1,15,6,4,8,1,4,0,0,0,3,39,0
3,4,0,9,8,4,4,1,4,0,0,0,3,39,0
3,4,1,15,6,0,1,4,4,0,0,0,3,39,0
2,5,1,12,8,2,3,0,4,1,0,0,3,39,0
2,6,0,11,5,2,4,0,4,1,0,0,6,39,0
0,4,1,11,5,4,6,3,4,0,0,0,2,39,0
2,7,0,11,5,5,3,1,4,1,0,0,4,39,0
1,4,0,11,5,2,1,0,4,1,0,0,3,39,0
3,2,2,2,4,2,14,0,4,1,0,4,3,27,1
1,4,1,9,8,2,10,5,4,0,0,0,3,39,0
3,4,1,8,6,0,10,1,4,0,0,0,3,39,0
3,4,1,15,6,2,1,5,4,0,0,0,3,39,1
3,4,1,11,5,0,3,4,4,1,0,0,3,39,0
5,4,0,1,4,2,7,0,4,1,0,0,3,39,0
2,4,0,9,8,0,12,1,4,1,0,0,4,39,1
1,4,2,15,6,4,1,3,4,0,0,0,3,39,0
3,4,2,15,6,2,7,0,4,1,0,0,3,26,0
0,4,2,7,7,4,6,1,4,1,0,0,3,0,0
0,4,2,15,6,4,8,1,4,0,0,0,2,39,0
3,4,1,11,5,4,7,1,4,0,0,0,3,39,0
0,4,1,11,5,4,12,3,4,0,0,0,1,39,0
1,4,0,11,5,4,8,3,4,1,0,0,0,39,0
2,7,2,11,5,2,11,0,4,1,0,0,4,39,0
0,4,1,15,6,4,12,3,2,0,0,0,3,39,0
2,5,2,9,8,2,4,0,4,1,0,0,5,39,1
1,4,0,9,8,4,12,3,1,1,0,0,3,40,0
0,0,1,15,6,4,0,3,4,0,0,0,3,39,0
3,4,0,11,5,4,3,2,4,1,0,0,5,39,0
1,4,1,8,6,0,13,1,2,1,1,0,3,39,1
5,1,1,15,6,0,1,3,4,1,0,0,3,39,0
4,4,1,5,2,2,7,0,4,1,0,0,3,39,0
4,4,2,3,0,3,5,1,4,1,0,0,1,26,0
6,0,1,9,8,2,0,0,4,1,0,0,5,39,1
0,4,1,1,4,4,8,3,4,1,0,0,1,39,0
1,4,1,12,8,4,4,1,4,0,0,0,8,0,0
0,4,1,15,6,2,3,0,4,1,0,0,3,39,0
2,4,3,9,8,0,4,1,4,0,0,0,3,39,0
0,4,1,15,6,1,8,5,4,0,0,0,3,39,1
1,4,0,15,6,2,12,0,4,1,0,4,5,39,1
0,4,0,5,2,2,12,0,4,1,0,0,3,39,0
7,5,1,11,5,2,4,0,4,1,0,0,2,39,1
4,4,1,15,6,2,4,0,4,1,0,0,3,39,1
1,4,1,15,6,2,10,0,4,1,0,0,3,39,1
1,4,1,7,7,4,4,1,4,1,0,0,6,39,1
4,4,0,11,5,2,3,0,4,1,0,0,4,8,1
6,4,1,10,9,2,10,0,4,1,2,0,5,39,1
2,4,0,1,4,4,3,3,4,1,0,0,3,39,0
5,0,0,9,8,2,0,0,4,1,0,0,3,39,0
0,4,0,1,4,4,6,1,4,1,0,0,3,39,0
2,6,1,15,6,2,12,0,4,1,9,0,1,39,1
0,4,1,11,5,4,6,3,4,1,0,0,1,39,0
4,4,0,15,6,6,4,1,4,0,0,0,5,39,0
5,4,0,5,2,4,5,4,4,1,0,0,3,39,0
1,7,0,9,8,4,10,1,1,1,0,0,1,19,0
1,0,2,15,6,0,0,3,2,0,0,0,3,39,0
5,1,0,15,6,0,10,1,0,0,0,0,3,39,0
3,4,0,11,5,0,8,1,4,1,0,0,3,39,0
3,4,0,11,5,4,7,1,4,1,0,0,4,39,0
3,4,0,11,5,0,8,3,4,0,0,0,1,39,0
3,4,0,13,0,2,7,2,2,1,0,0,7,6,0
1,4,1,9,8,4,8,2,4,0,0,0,3,39,0
8,6,2,9,8,4,4,1,4,1,9,0,1,39,1
5,4,1,15,6,2,11,0,4,1,0,0,3,39,1
4,1,1,11,5,4,1,4,2,0,0,0,1,39,0
6,4,1,15,6,2,3,0,4,1,0,0,3,39,0
0,4,1,11,5,4,7,1,4,1,0,0,3,39,0
8,6,0,5,2,4,5,4,4,1,0,0,1,39,0
0,4,1,15,6,4,1,3,4,0,0,0,3,39,0
6,4,0,9,8,2,8,0,4,1,0,0,3,39,1
5,7,2,9,8,2,4,0,4,1,1,0,5,39,1
0,4,0,11,5,2,6,0,4,1,0,0,3,39,0
3,6,0,15,6,0,1,4,4,0,0,0,3,39,0
2,4,1,6,2,2,14,0,2,1,0,0,3,39,0
3,6,0,11,5,5,3,4,4,1,0,0,3,39,0
1,4,0,7,7,2,10,0,4,1,0,4,3,39,0
1,4,0,15,6,4,1,1,4,0,0,0,3,39,0
3,4,1,11,5,3,5,2,2,1,0,0,3,39,0
2,4,1,9,8,4,10,1,4,0,0,0,4,39,0
3,4,1,0,3,2,14,0,4,1,0,0,5,39,0
0,0,0,15,6,4,0,3,4,0,0,0,2,39,0
1,4,1,1,4,4,3,3,4,1,0,0,3,39,0
4,4,0,9,8,2,10,0,4,1,0,0,7,39,1
4,5,0,9,8,2,1,5,1,0,0,0,5,35,0
2,4,1,8,6,2,8,5,2,0,0,0,3,39,1
4,4,0,15,6,2,7,0,4,1,0,0,4,39,0
5,6,1,11,5,2,12,0,4,1,0,0,6,39,0
1,6,4,8,6,4,3,1,4,1,0,0,3,39,0
3,4,0,2,4,2,14,0,4,1,0,0,3,39,0
5,6,0,9,8,2,4,0,4,1,0,0,3,39,1
6,4,1,15,6,2,12,0,4,1,0,0,3,39,0
3,4,1,13,0,2,7,5,4,0,0,0,3,26,0
4,7,3,7,7,2,11,0,4,1,0,3,3,39,0
3,2,0,8,6,2,4,0,4,1,0,0,3,39,0
2,4,0,15,6,0,12,1,4,0,0,0,2,39,0
3,4,2,14,9,5,13,1,4,1,0,0,5,4,1
0,0,1,15,6,4,0,4,3,0,0,0,3,39,0
0,4,0,0,3,4,12,3,4,0,0,0,1,39,0
0,0,1,15,6,4,0,3,4,1,0,0,3,39,0
4,4,2,15,6,4,8,1,4,1,0,0,3,39,0
2,4,1,11,5,0,7,3,4,1,0,0,3,39,0
5,6,0,14,9,2,10,0,4,1,0,0,2,39,1
2,2,0,9,8,2,10,5,4,0,0,0,4,39,1
1,4,0,6,2,2,3,0,4,1,0,0,1,39,0
3,4,2,15,6,2,14,0,4,1,0,0,4,39,1
3,4,0,12,8,4,1,1,4,1,0,0,3,39,0
2,2,0,12,8,2,10,5,4,0,0,0,6,39,1
3,1,2,11,5,2,1,0,2,1,0,0,8,39,1
5,4,0,0,3,4,8,1,4,1,0,0,3,39,0
1,4,0,11,5,4,12,3,4,0,0,0,3,39,0
2,4,0,11,5,2,4,0,4,1,0,0,6,39,1
0,4,0,15,6,4,1,4,4,0,0,0,3,39,0
2,4,1,12,8,2,10,5,4,0,0,0,5,39,1
3,4,0,9,8,2,4,0,4,1,0,0,3,39,1
2,4,1,11,5,2,3,0,4,1,0,0,3,39,0
0,4,2,9,8,4,10,1,4,0,0,0,1,39,0
1,4,1,1,4,2,1,0,4,1,0,0,3,39,1
3,2,1,9,8,2,11,0,4,1,0,0,3,39,1
0,4,1,11,5,4,8,1,4,1,0,0,3,39,0
5,6,1,15,6,0,8,1,4,0,0,0,3,39,0
1,4,0,9,8,2,1,0,4,1,0,4,3,39,1
3,4,1,12,8,2,10,0,4,1,0,0,3,39,1
5,4,1,9,8,4,4,1,4,0,0,0,4,39,1
5,6,1,11,5,2,5,0,4,1,0,0,4,39,0
3,4,1,11,5,0,7,3,2,0,0,0,3,39,0
2,4,0,9,8,4,12,1,4,1,9,0,5,39,1
7,0,0,15,6,2,0,0,4,1,0,0,1,39,0
3,6,1,11,5,0,3,3,4,1,0,0,3,39,0
5,2,0,3,0,6,6,4,2,1,0,0,3,39,0
1,4,3,6,2,2,6,2,4,1,0,0,3,26,0
2,2,0,11,5,0,5,3,1,1,0,0,5,39,0
1,4,1,15,6,4,8,3,4,0,0,0,2,39,0
3,4,1,15,6,0,7,4,4,1,0,0,4,39,0
2,2,0,11,5,2,11,0,4,1,0,0,5,39,0
1,4,0,11,5,4,11,1,4,1,0,0,9,39,0
3,1,1,8,6,2,3,0,2,1,0,0,3,39,1
3,4,1,11,5,4,12,1,4,1,0,0,6,39,1
1,4,1,15,6,2,3,0,2,1,0,0,3,23,1
6,4,1,15,6,2,3,0,4,1,0,0,1,39,0
1,4,0,9,8,4,10,1,4,0,0,0,1,39,0
3,4,0,9,8,4,4,1,4,0,0,0,4,39,0
5,0,0,11,5,2,0,0,4,1,0,0,0,39,0
1,4,1,11,5,4,5,3,2,1,0,0,2,39,0
1,4,0,8,6,2,14,0,4,1,0,0,5,39,0
1,4,1,11,5,4,3,1,4,1,0,0,3,39,0
4,4,2,15,6,5,3,1,4,1,0,5,4,39,1
5,7,0,10,9,2,10,0,4,1,0,0,3,39,1
4,4,2,14,9,2,10,0,4,1,0,0,5,39,1
5,4,2,15,6,2,8,5,4,0,0,0,2,39,0
2,4,1,9,8,2,4,0,4,1,0,4,4,39,1
0,7,1,15,6,4,10,1,4,0,0,0,1,39,0
2,4,1,15,6,2,14,0,4,1,0,0,3,39,0
0,4,0,15,6,4,10,3,4,1,0,0,9,39,0
3,4,1,1,4,2,14,0,4,1,0,0,5,39,0
0,4,0,15,6,4,1,1,4,0,0,0,2,39,0
3,4,1,12,8,2,4,0,1,1,0,0,4,19,0
0,4,1,11,5,2,7,0,4,1,0,0,3,39,0
2,5,0,9,8,2,12,0,4,1,0,0,3,39,1
1,4,0,1,4,2,3,0,4,1,0,0,4,39,0
2,4,3,11,5,4,8,4,2,1,0,0,3,39,0
0,4,2,2,4,4,8,3,4,1,0,0,1,39,0
3,4,1,15,6,2,7,0,4,1,0,0,3,39,1
3,4,1,11,5,0,14,1,4,1,0,0,3,39,0
4,2,1,12,8,2,10,0,4,1,0,0,6,39,1
3,6,0,15,6,4,3,4,4,1,0,0,3,39,0
6,4,1,6,2,0,12,1,4,1,0,0,2,39,0
4,6,1,5,2,2,13,0,4,1,0,0,9,39,0
1,4,0,8,6,4,4,1,4,1,0,0,3,39,0
2,5,3,11,5,0,12,1,4,0,0,0,5,39,0
5,5,0,9,8,2,10,0,4,1,0,0,4,39,1
0,4,1,15,6,4,6,2,4,1,0,0,2,26,0
3,2,2,15,6,0,14,1,4,0,0,0,3,39,0
0,4,0,8,6,4,13,4,2,0,0,0,3,39,0
5,4,1,11,5,4,10,1,4,1,0,0,3,39,0
4,4,1,15,6,2,3,0,4,1,0,3,3,39,1
3,4,0,8,6,4,10,1,4,1,0,0,4,39,0
3,5,1,8,6,0,4,4,1,0,0,0,6,37,0
3,4,0,12,8,4,12,1,4,1,0,5,4,39,1
0,4,1,11,5,4,1,1,4,0,0,0,3,39,0
0,4,2,15,6,0,8,3,4,0,0,0,2,39,0
1,4,1,11,5,2,8,5,4,0,0,0,4,39,0
6,0,1,2,4,0,0,1,4,1,0,0,3,2,0
4,6,0,15,6,2,4,0,4,1,0,0,9,39,1
1,2,0,9,8,4,10,3,4,0,0,0,3,39,0
5,6,1,2,4,0,12,1,4,0,0,0,5,39,0
2,4,1,0,3,5,8,4,4,0,0,0,3,39,0
4,4,0,12,8,2,10,0,4,1,0,0,4,39,1
1,4,3,9,8,2,3,0,4,1,0,0,4,39,1
6,4,1,3,0,2,14,0,4,1,0,0,5,0,0
4,5,1,11,5,2,12,0,4,1,0,0,5,39,0
0,4,0,11,5,4,3,3,4,1,0,0,3,39,0
1,4,0,11,5,4,10,1,0,0,0,0,3,39,0
0,4,0,15,6,2,12,0,2,1,0,0,3,39,0
0,4,1,11,5,0,12,1,2,0,0,0,3,39,0
2,4,0,0,3,2,3,0,4,1,0,0,3,39,0
4,4,1,11,5,0,12,1,4,1,0,0,4,39,0
1,4,1,11,5,4,7,4,4,1,0,0,3,39,0
3,2,3,15,6,0,3,1,4,1,0,0,3,39,0
2,2,3,8,6,2,11,0,4,1,0,0,4,39,1
2,4,2,7,7,2,12,0,4,1,0,0,6,39,0
4,4,0,11,5,2,12,0,4,1,0,0,1,39,0
4,4,0,11,5,2,3,0,4,1,0,0,3,39,0
4,6,0,15,6,4,1,1,4,1,0,0,3,39,0
3,6,2,14,9,4,10,1,4,1,0,5,4,39,1
5,4,1,9,8,2,4,0,4,1,1,0,6,39,1
3,6,0,9,8,4,12,1,4,1,0,0,5,39,1
3,4,1,11,5,0,7,4,4,1,0,0,3,39,0
5,4,1,15,6,2,3,0,4,1,0,0,3,39,0
2,4,1,11,5,2,14,0,4,1,0,0,4,39,0
1,4,0,15,6,2,14,0,4,1,0,0,5,39,1
8,4,1,12,8,6,3,4,1,1,0,0,3,35,0
6,0,1,3,0,4,0,1,2,1,0,0,2,39,0
2,7,0,9,8,4,10,1,4,1,0,0,3,39,0
0,4,0,15,6,4,1,1,4,1,0,0,4,39,0
0,4,0,11,5,2,3,0,4,1,0,0,3,39,0
6,4,0,9,8,2,3,0,1,1,0,0,3,35,0
5,0,1,5,2,4,0,1,4,0,0,0,2,39,0
3,4,0,15,6,0,3,1,4,1,0,0,3,39,1
4,7,1,9,8,2,4,0,4,1,0,0,3,39,1
2,7,0,11,5,2,7,0,4,1,0,0,3,39,1
2,2,2,9,8,2,10,0,4,1,0,4,3,39,1
3,1,1,7,7,0,4,1,4,0,0,0,3,39,0
1,4,1,0,3,4,10,1,4,1,0,0,3,39,0
1,4,1,11,5,0,8,4,4,0,0,0,3,39,0
1,4,0,7,7,2,12,0,4,1,0,0,6,39,0
0,4,2,1,4,4,12,3,4,0,0,0,1,39,0
1,4,1,11,5,4,14,3,4,1,0,0,3,39,0
4,4,2,8,6,2,10,5,4,0,1,0,6,39,1
3,4,1,12,8,5,12,4,4,0,0,0,4,39,0
4,4,1,8,6,2,8,0,4,1,0,0,2,39,0
1,4,0,9,8,4,12,1,4,0,0,0,4,39,0
0,4,0,15,6,2,1,0,4,1,0,0,3,39,0
4,4,1,11,5,2,3,0,4,1,0,0,3,39,0
3,4,2,9,8,2,1,0,1,1,0,0,3,30,1
0,2,2,11,5,4,14,3,4,1,0,0,3,39,0
7,7,0,11,5,2,3,0,2,1,0,0,3,39,0
3,4,1,15,6,2,1,0,4,1,0,0,3,39,0
1,4,1,11,5,4,14,3,2,1,0,0,3,39,0
2,4,1,11,5,2,4,5,4,0,0,0,5,39,0
3,4,0,15,6,2,10,0,4,1,0,0,4,39,0
5,4,1,11,5,0,12,1,4,0,0,0,3,39,0
1,6,1,9,8,4,10,1,2,1,0,0,3,39,0
1,4,1,11,5,2,12,0,4,1,0,0,3,39,0
3,4,1,9,8,4,12,3,4,1,0,2,3,11,0
1,4,1,12,8,4,10,3,4,1,0,0,3,39,0
2,2,0,9,8,2,10,5,4,0,0,0,3,39,1
2,4,2,9,8,4,1,1,4,0,0,0,5,39,0
2,0,0,1,4,0,0,1,4,0,0,0,4,39,0
2,4,3,15,6,4,4,1,4,1,1,0,6,39,1
4,2,1,12,8,2,1,0,4,1,0,0,3,39,1
6,1,1,15,6,2,1,0,4,1,0,4,3,39,1
0,0,2,0,3,0,0,1,4,0,0,0,3,39,0
3,1,1,15,6,2,14,5,4,0,0,0,3,39,1
0,4,0,15,6,4,1,3,2,0,0,0,3,39,0
1,4,2,3,0,2,6,0,4,1,0,0,3,26,0
2,4,2,15,6,2,3,0,4,1,0,0,4,39,0
2,5,1,11,5,4,5,1,4,1,0,0,5,39,0
2,1,0,9,8,2,1,0,4,1,0,0,5,39,1
1,4,0,15,6,4,4,3,4,0,0,0,3,39,0
3,0,0,8,6,2,0,0,4,1,0,5,1,39,1
2,6,0,15,6,0,4,4,4,0,0,0,3,39,0
3,4,0,11,5,2,7,0,2,1,0,0,3,39,0
2,4,1,7,7,4,10,1,4,1,0,3,4,39,0
2,4,0,11,5,4,5,1,4,1,0,0,3,39,0
2,4,0,11,5,5,1,3,1,0,0,0,3,30,0
1,4,1,14,9,4,10,1,1,1,0,0,5,39,0
1,4,2,1,4,3,6,4,4,0,0,0,3,39,0
6,2,0,9,8,2,10,5,4,0,0,0,3,39,0
3,4,0,11,5,2,4,0,4,1,0,3,3,39,1
2,4,1,11,5,4,8,3,2,1,0,0,3,39,0
2,4,1,15,6,0,12,4,4,0,0,0,3,39,0
1,4,0,9,8,4,10,3,4,0,0,0,3,13,0
1,4,0,11,5,4,12,1,4,0,0,3,2,39,0
1,4,0,9,8,2,12,2,4,1,0,0,3,39,1
4,0,1,0,3,2,0,5,4,0,0,0,1,5,0
3,4,1,5,2,2,7,0,4,1,0,0,3,26,1
1,0,0,15,6,4,0,3,4,1,0,0,3,39,0
3,5,0,9,8,2,4,0,4,1,0,0,3,39,1
1,4,1,2,4,4,4,1,4,1,0,0,4,9,0
3,4,2,15,6,0,13,1,4,0,0,0,4,39,0
4,4,0,11,5,2,7,0,4,1,0,0,3,39,0
4,4,1,11,5,2,7,0,4,1,0,0,4,39,1
3,4,1,11,5,2,3,0,4,1,0,0,3,39,0
3,4,1,6,2,0,6,4,4,0,0,0,3,39,0
3,4,1,12,8,2,4,0,4,1,0,0,3,39,1
2,4,1,11,5,2,7,0,4,1,0,0,5,39,0
2,4,2,8,6,4,13,1,4,0,0,0,6,39,0
1,4,1,9,8,5,10,1,1,1,0,0,3,30,1
2,4,0,15,6,2,13,0,4,1,0,0,8,39,1
2,4,0,15,6,2,6,0,4,1,0,0,3,39,0
3,4,2,11,5,0,6,4,4,1,0,0,5,39,0
2,6,2,11,5,2,3,0,4,1,0,0,3,26,0
3,2,2,7,7,2,11,0,4,1,0,0,4,39,1
3,4,1,11,5,2,4,0,4,1,0,0,6,39,1
2,4,0,11,5,4,10,1,4,0,0,0,2,39,0
0,4,2,11,5,4,1,1,4,0,0,0,5,39,0
1,4,1,9,8,2,1,0,4,1,0,0,3,39,1
0,4,2,15,6,4,10,1,4,0,0,0,3,39,0
7,4,0,0,3,2,6,0,4,1,0,0,3,39,0
5,4,0,12,8,2,4,0,4,1,0,0,5,39,1
0,4,2,15,6,4,12,3,4,0,0,0,1,26,0
3,4,0,11,5,2,8,0,1,1,0,0,6,24,0
0,6,1,15,6,0,1,3,4,1,0,0,3,39,0
3,4,1,11,5,4,1,3,4,0,0,0,3,39,1
4,4,0,11,5,0,1,1,4,0,0,0,3,39,0
3,4,2,9,8,2,10,5,4,0,0,0,3,39,1
1,4,1,9,8,2,8,5,4,0,0,0,3,39,1
3,4,1,7,7,4,1,1,2,0,0,0,4,39,0
3,4,0,15,6,2,6,0,4,1,0,0,3,39,0
2,4,0,9,8,4,12,3,4,1,0,0,3,39,1
3,2,2,9,8,2,14,0,2,1,0,0,3,39,0
2,4,0,11,5,0,7,1,4,1,0,0,3,39,0
6,4,1,5,2,2,14,0,2,1,1,0,3,39,0
5,4,1,9,8,2,12,0,4,1,0,0,3,39,1
0,0,0,15,6,4,0,1,4,0,0,0,3,39,0
2,4,0,11,5,2,13,0,4,1,0,0,3,39,0
2,4,0,11,5,5,1,4,4,0,0,0,3,39,0
2,7,0,9,8,4,1,1,4,0,0,0,3,39,0
4,4,0,15,6,4,1,1,4,0,0,0,4,39,0
2,4,1,11,5,2,1,0,4,1,0,0,3,39,1
3,5,0,15,6,0,4,4,4,0,0,0,6,39,0
1,4,1,0,3,2,3,0,4,1,0,0,3,26,0
2,6,0,9,8,2,10,5,4,0,0,0,5,39,1
3,4,0,9,8,2,4,0,4,1,0,4,5,39,1
2,4,1,15,6,4,3,1,4,1,0,0,3,39,0
2,4,1,11,5,2,5,0,4,1,0,0,3,39,0
5,6,0,5,2,2,5,0,4,1,0,0,4,39,0
3,6,0,12,8,2,4,0,4,1,0,0,7,39,1
3,4,1,14,9,2,4,0,4,1,0,0,5,39,1
1,2,2,11,5,4,11,3,4,1,0,0,3,39,0
4,4,0,9,8,2,4,0,4,1,0,0,4,39,1
5,1,2,12,8,2,12,0,4,1,1,0,3,39,1
1,4,0,8,6,2,1,5,4,0,0,0,2,39,0
0,4,2,9,8,4,10,1,4,1,0,0,3,39,0
3,5,0,11,5,2,4,0,4,1,0,0,3,39,1
3,4,0,15,6,2,13,0,4,1,0,0,3,39,1
2,0,0,6,2,4,0,3,4,0,0,0,1,39,0
7,4,1,13,0,6,3,4,2,1,0,0,0,39,0
2,4,1,15,6,4,1,3,4,0,0,0,3,39,0
2,4,0,8,6,2,14,0,4,1,0,0,3,39,0
3,4,1,9,8,3,4,4,4,0,0,0,3,39,0
2,4,0,4,1,5,8,4,4,0,0,0,3,39,0
0,0,0,2,4,4,0,3,4,0,0,0,2,39,0
3,4,2,11,5,2,3,0,4,1,0,0,3,39,1
4,4,1,3,0,0,8,4,2,0,0,0,3,6,0
2,4,1,5,2,2,7,0,4,1,0,0,3,39,0
2,0,1,5,2,3,0,1,4,1,0,0,3,0,0
2,4,1,6,2,2,3,0,3,1,0,0,3,26,0
0,6,1,15,6,4,5,3,4,1,0,0,2,39,0
2,4,0,15,6,2,4,0,4,1,0,0,5,39,0
5,4,0,11,5,0,1,1,4,0,0,0,3,39,0
1,0,1,11,5,4,0,2,4,0,0,0,3,26,0
3,1,1,11,5,4,1,4,4,0,0,0,3,39,0
3,4,1,12,8,2,10,0,4,1,0,0,4,39,1
5,4,1,1,4,2,3,0,4,1,0,0,3,39,0
3,4,1,9,8,2,1,0,4,1,0,0,3,39,1
3,4,1,11,5,4,8,4,2,0,0,0,3,39,0
0,4,1,15,6,4,12,3,4,0,0,0,1,39,0
3,4,0,7,7,0,10,1,4,0,0,0,2,39,0
3,4,2,1,4,0,3,1,4,1,0,4,4,39,0
2,4,0,9,8,3,1,1,4,0,0,0,2,39,0
3,4,2,15,6,2,4,0,4,1,0,0,4,39,1
3,0,0,0,3,2,0,0,4,1,0,0,3,39,0
3,4,1,15,6,2,1,5,4,0,0,0,1,39,1
1,4,1,11,5,4,3,1,4,1,0,0,7,39,0
0,4,1,2,4,4,8,1,4,0,0,0,3,39,0
2,4,0,11,5,3,8,4,4,0,0,0,6,39,0
0,4,0,2,4,4,8,3,4,0,0,0,1,39,0
1,4,0,15,6,2,10,5,4,0,0,0,3,39,0
4,6,2,11,5,2,4,0,4,1,0,4,3,39,1
1,4,1,7,7,4,12,1,4,1,0,0,6,39,0
2,4,1,1,4,2,3,0,4,1,0,4,2,39,0
3,4,1,9,8,2,4,0,4,1,0,0,5,39,1
2,4,0,15,6,0,1,4,4,0,0,0,3,39,0
5,4,0,15,6,2,13,0,4,1,0,0,3,39,1
2,5,1,15,6,2,12,0,4,1,0,3,6,5,1
2,4,0,8,6,4,3,1,4,1,0,0,4,39,0
5,4,1,0,3,2,14,0,4,1,0,0,3,39,0
3,4,0,11,5,4,6,3,4,1,0,0,3,21,0
4,4,1,11,5,0,14,1,4,1,0,0,6,39,0
2,4,0,11,5,2,14,0,4,1,0,0,5,39,1
4,4,0,15,6,2,1,0,4,1,0,0,3,39,1
4,7,0,12,8,5,10,1,4,1,0,0,6,39,0
2,4,0,0,3,2,3,0,4,1,0,0,3,39,0
3,4,0,14,9,2,1,0,1,1,0,0,3,30,0
1,4,1,15,6,4,3,4,4,1,0,0,3,39,0
3,4,0,11,5,2,14,0,4,1,0,0,3,39,0
3,4,0,15,6,4,3,1,4,1,0,0,5,39,0
4,1,0,11,5,2,13,0,4,1,0,0,3,39,0
1,4,0,9,8,4,3,3,4,1,0,0,0,39,0
6,4,1,15,6,2,3,0,4,1,0,0,4,39,0
0,4,3,15,6,4,1,3,4,1,0,0,0,39,0
3,4,1,11,5,2,7,0,4,1,0,0,3,39,1
4,4,1,1,4,6,8,4,2,0,0,0,3,39,0
1,4,2,3,0,4,9,1,4,0,0,0,3,26,0
2,4,0,15,6,2,12,0,4,1,0,0,4,39,0
3,7,1,15,6,0,1,4,4,0,0,0,3,39,0
0,4,1,9,8,4,4,1,4,0,0,0,3,39,0
1,4,1,11,5,2,14,0,4,1,0,0,6,39,0
2,2,2,11,5,2,8,0,4,1,0,0,3,39,0
2,4,0,11,5,2,3,0,4,1,0,0,3,39,0
4,4,1,4,1,2,6,0,2,1,0,0,5,39,0
1,4,0,6,2,4,5,1,4,1,0,0,3,33,0
4,7,2,12,8,2,12,0,4,1,9,0,8,39,1
2,1,0,6,2,2,5,0,2,1,0,0,3,39,0
4,6,0,9,8,2,12,0,4,1,0,0,3,39,1
3,4,1,11,5,0,3,1,4,1,0,0,4,39,0
0,6,2,1,4,4,5,3,4,1,0,0,0,39,0
5,4,0,11,5,2,14,0,4,1,0,0,6,39,0
4,5,0,9,8,2,12,0,4,1,0,0,5,39,1
3,4,0,14,9,2,10,0,4,1,0,0,5,39,1
5,7,0,10,9,2,10,1,1,1,0,0,3,3,0
2,4,1,9,8,0,4,1,4,1,2,0,5,39,1
5,4,2,11,5,2,3,0,4,1,0,0,3,39,1
6,0,1,4,1,6,0,4,2,0,0,0,3,39,0
2,2,0,15,6,2,3,0,4,1,0,0,3,39,0
1,4,1,15,6,4,12,3,4,0,0,0,3,39,0
3,4,2,9,8,4,10,1,4,0,0,4,3,39,0
2,1,2,15,6,1,1,5,4,0,0,0,3,39,1
3,4,0,9,8,2,12,0,4,1,0,0,4,39,1
0,7,2,11,5,4,8,1,4,0,0,0,3,39,0
4,6,1,9,8,2,10,0,1,1,0,0,3,35,0
5,4,0,1,4,2,5,0,4,1,0,0,5,39,0
3,4,0,9,8,0,1,1,4,1,0,0,1,0,0
1,4,1,9,8,4,12,1,4,1,1,0,4,39,1
2,1,0,15,6,4,1,3,1,0,0,0,3,39,0
3,4,2,3,0,2,11,2,4,1,0,0,3,26,0
2,4,1,15,6,4,3,1,4,1,0,0,4,11,0
3,7,1,15,6,0,1,1,4,0,0,0,3,39,0
0,4,1,2,4,4,8,3,4,1,0,0,1,39,0
5,4,1,11,5,0,8,1,4,0,0,0,3,39,0
1,4,0,1,4,3,6,1,1,1,0,0,3,19,0
1,4,1,11,5,4,14,3,4,1,0,0,5,39,0
6,4,1,12,8,2,12,0,4,1,0,0,3,39,0
4,4,2,9,8,2,4,0,4,1,0,4,3,39,1
3,4,0,7,7,2,4,0,4,1,0,0,6,39,1
1,4,1,8,6,4,7,1,4,0,0,3,4,39,0
1,4,1,12,8,4,10,1,4,1,0,0,5,39,0
5,4,0,6,2,2,6,0,2,1,0,0,6,39,0
2,4,0,11,5,2,3,0,4,1,0,0,3,39,0
2,4,1,7,7,4,13,1,4,0,0,0,3,39,0
2,4,2,7,7,2,4,5,4,0,0,0,5,39,1
2,4,0,0,3,2,3,0,4,1,0,0,3,39,0
1,7,0,12,8,4,4,1,4,1,0,0,3,0,0
1,4,1,11,5,2,1,5,4,0,0,0,3,39,0
4,2,1,15,6,6,1,1,4,0,0,0,2,39,0
2,4,1,11,5,2,4,0,4,1,0,0,5,39,1
3,7,1,15,6,2,10,0,4,1,0,0,3,39,1
5,2,1,11,5,2,8,5,4,0,0,0,3,39,0
0,4,2,11,5,4,8,3,4,0,0,0,3,26,0
5,4,1,11,5,2,10,0,4,1,0,0,3,39,0
4,4,0,9,8,0,10,1,4,0,0,0,5,39,0
1,4,2,9,8,2,4,0,4,1,0,0,3,39,1
3,4,2,11,5,4,8,1,4,1,0,0,1,39,0
4,6,0,5,2,2,12,0,4,1,0,0,3,33,0
1,4,0,11,5,2,10,5,1,0,0,0,0,3,1
0,4,0,7,7,4,11,3,4,1,0,0,6,39,0
4,0,1,3,0,5,0,4,4,0,0,0,3,26,0
1,4,1,11,5,2,13,0,4,1,0,0,3,39,1
6,0,2,1,4,5,0,1,2,1,0,0,3,39,0
4,4,1,11,5,2,7,0,4,1,0,0,3,39,0
3,4,1,11,5,2,1,5,4,0,0,0,2,39,0
1,4,1,9,8,4,4,1,4,1,0,0,3,39,0
1,4,1,12,8,4,10,1,4,0,0,0,3,39,0
1,7,1,15,6,4,1,1,4,0,0,0,5,39,0
0,4,1,15,6,4,12,3,4,1,0,0,3,39,0
2,2,0,12,8,4,10,1,4,0,0,3,5,39,0
3,7,1,11,5,2,8,0,4,1,0,0,4,39,1
2,4,1,11,5,2,3,0,4,1,0,0,3,39,1
7,4,1,11,5,4,14,1,4,1,1,0,3,39,1
4,4,1,15,6,3,4,4,4,0,0,0,3,33,0
4,4,0,11,5,0,8,1,4,1,0,0,3,39,0
2,4,1,15,6,0,13,1,0,0,0,0,3,39,0
1,4,1,11,5,0,6,1,4,1,0,0,3,39,0
2,4,1,11,5,2,14,0,4,1,0,0,4,39,0
2,6,0,11,5,4,5,1,4,1,0,0,6,39,0
4,4,1,9,8,2,4,0,4,1,0,0,6,39,0
3,4,2,9,8,2,10,5,4,0,1,0,5,39,1
0,4,2,15,6,2,7,0,4,1,0,0,3,39,0
3,4,0,12,8,2,4,0,4,1,0,0,4,39,1
5,5,1,9,8,2,12,0,2,1,0,0,3,23,0
2,4,2,11,5,2,3,0,4,1,0,0,3,39,0
0,0,1,15,6,4,0,3,4,1,0,0,3,39,0
2,4,0,9,8,0,12,1,4,0,0,0,5,39,1
0,4,0,8,6,4,1,3,1,0,0,0,1,39,0
4,4,1,11,5,2,7,0,4,1,0,0,3,39,1
1,4,0,11,5,4,3,1,4,1,0,0,3,39,0
3,1,0,9,8,2,4,0,4,1,0,0,5,39,1
1,4,1,12,8,2,10,0,4,1,0,0,3,39,0
2,4,1,15,6,2,4,0,4,1,0,0,6,39,1
0,0,0,15,6,4,0,3,4,1,0,0,6,39,0
2,4,0,0,3,5,3,4,2,0,0,0,3,0,0
0,4,1,11,5,4,1,4,1,0,0,0,1,39,0
2,7,1,9,8,4,10,3,4,1,0,0,5,39,0
2,4,1,15,6,2,10,0,4,1,0,0,5,39,0
3,4,2,7,7,2,12,0,4,1,0,0,3,39,0
6,4,0,1,4,6,1,1,4,0,0,0,0,39,0
3,4,0,15,6,0,4,1,4,1,0,4,5,39,0
0,4,0,1,4,4,8,3,4,0,0,0,2,39,0
5,7,0,11,5,5,1,4,2,0,0,0,3,39,0
3,4,0,0,3,2,12,0,4,1,0,0,3,39,0
1,4,0,11,5,4,8,3,4,1,0,0,3,39,0
0,4,0,15,6,4,8,3,4,1,0,3,3,39,0
1,6,1,15,6,2,1,5,4,0,0,0,5,39,1
4,4,1,0,3,2,12,0,4,1,0,5,5,39,0
5,4,0,7,7,3,8,1,4,1,0,0,2,20,0
1,7,0,15,6,5,8,1,4,0,0,0,2,39,0
1,4,1,9,8,2,12,0,2,1,0,0,9,39,1
1,4,2,15,6,2,1,5,4,0,0,0,4,39,0
1,4,1,9,8,4,10,1,4,1,0,0,5,39,0
0,4,0,11,5,4,1,3,4,0,0,0,3,39,0
2,4,1,11,5,5,8,4,4,0,0,0,3,39,0
0,4,2,1,4,4,12,3,4,0,0,0,1,39,0
4,4,0,11,5,6,8,4,2,0,0,0,1,39,0
3,7,1,12,8,2,10,0,4,1,0,0,4,39,1
8,6,0,11,5,6,8,1,4,0,0,0,2,39,0
5,4,0,11,5,6,8,4,2,0,0,0,3,39,0
4,5,1,11,5,2,12,0,2,1,0,0,6,39,0
3,6,1,15,6,2,5,0,4,1,0,0,6,39,0
0,4,1,5,2,2,7,0,4,1,0,0,3,26,0
4,5,1,15,6,2,4,0,4,1,0,0,6,39,1
2,4,2,3,0,4,5,1,3,1,0,0,5,26,0
5,7,0,9,8,2,4,0,4,1,0,0,3,39,0
5,4,1,12,8,2,10,0,1,1,0,0,3,19,1
1,4,0,8,6,0,7,1,4,1,0,0,3,39,0
2,2,0,11,5,0,1,4,2,0,0,0,3,39,0
4,6,0,15,6,2,12,0,4,1,0,0,5,39,1
6,6,2,11,5,2,12,5,4,0,0,0,4,39,0
3,4,0,5,2,5,5,1,2,1,0,0,3,39,0
2,4,1,11,5,0,4,1,4,1,0,0,5,39,0
4,1,1,11,5,2,10,5,2,0,0,0,3,39,0
3,6,1,15,6,4,3,1,1,1,0,0,2,39,0
4,4,4,9,8,2,4,0,2,1,0,4,3,39,1
0,6,0,11,5,4,8,3,4,1,0,0,2,39,0
1,4,1,11,5,0,3,3,4,1,0,3,5,39,0
3,4,1,11,5,2,7,0,4,1,0,0,4,39,1
4,2,0,9,8,2,10,0,4,1,0,0,3,39,0
1,4,0,7,7,0,10,1,4,0,0,0,3,39,0
3,6,0,5,2,2,4,0,4,1,0,0,6,39,1
0,4,1,1,4,4,12,3,4,1,0,0,2,39,0
0,4,0,9,8,4,10,3,1,0,0,0,4,39,0
1,4,1,8,6,2,4,0,4,1,0,0,5,39,0
8,4,0,10,9,2,10,0,4,1,2,0,3,8,1
1,4,1,11,5,2,7,0,4,1,0,0,3,39,0
3,2,0,11,5,4,11,1,4,1,0,0,4,39,0
0,4,1,11,5,4,1,1,4,1,0,0,5,39,0
2,4,1,9,8,2,4,0,4,1,1,0,4,39,1
2,7,0,15,6,2,3,0,4,1,0,0,0,39,0
2,4,1,12,8,5,10,1,4,1,0,0,3,39,1
2,4,1,15,6,2,4,5,4,0,0,0,3,39,1
5,4,0,11,5,2,7,0,4,1,0,0,3,39,0
2,4,0,11,5,4,3,3,1,1,0,0,3,39,0
6,4,0,4,1,6,8,2,1,0,0,0,1,30,0
0,6,0,2,4,2,1,5,4,0,0,0,2,32,0
4,4,2,15,6,0,4,1,4,0,0,0,3,39,0
0,4,1,5,2,4,8,1,4,0,0,0,3,39,0
0,4,1,1,4,4,8,1,4,0,0,0,1,39,0
4,4,0,11,5,2,3,0,4,1,0,0,3,39,1
3,6,1,15,6,0,8,1,4,1,0,0,4,39,0
1,2,1,15,6,4,8,3,2,0,0,0,0,23,0
2,4,1,2,4,0,3,1,4,1,0,5,4,39,0
4,4,0,11,5,2,7,0,4,1,0,0,4,39,1
1,4,1,11,5,4,1,3,4,1,0,0,3,39,0
2,4,0,11,5,2,14,0,4,1,0,0,5,39,0
5,6,0,12,8,0,10,1,4,1,0,0,5,39,1
3,6,1,12,8,0,3,1,4,1,0,0,3,39,0
8,6,3,11,5,2,5,0,4,1,0,0,1,39,0
5,1,1,7,7,2,1,0,4,1,0,0,3,39,0
3,4,0,11,5,4,4,1,4,1,0,0,3,39,0
3,4,1,11,5,4,3,1,4,1,0,3,5,39,1
2,4,1,15,6,0,14,1,4,1,0,0,3,39,0
2,4,1,11,5,0,6,1,4,1,0,0,3,39,0
1,4,1,11,5,2,10,0,4,1,0,4,4,39,1
4,2,0,11,5,2,14,0,0,1,0,0,3,39,0
3,4,2,9,8,4,10,1,4,0,0,3,3,39,0
8,0,2,4,1,6,0,4,4,0,0,0,3,39,0
2,5,0,15,6,2,12,0,4,1,0,3,4,39,1
1,7,0,11,5,0,11,3,3,1,0,0,3,39,0
3,0,1,4,1,2,0,5,4,0,0,0,3,26,0
1,4,0,11,5,2,3,0,4,1,0,0,3,39,0
4,4,1,8,6,2,13,0,4,1,0,0,3,39,1
1,4,0,9,8,2,10,0,4,1,0,4,3,39,1
2,4,0,8,6,2,13,5,4,0,0,0,3,39,1
0,4,3,11,5,4,5,2,4,1,0,0,3,39,0
6,4,1,1,4,2,6,0,4,1,0,0,1,39,0
2,4,1,10,9,4,10,1,4,0,0,0,6,39,1
4,4,0,11,5,0,3,1,4,1,0,4,3,39,0
3,7,1,15,6,0,7,1,2,0,0,0,3,39,0
1,4,0,11,5,2,14,0,4,1,0,0,3,39,1
3,0,0,1,4,6,0,2,2,0,0,0,3,39,0
3,4,0,12,8,4,10,1,4,0,0,0,3,39,0
0,4,1,9,8,4,4,1,4,0,0,0,5,39,0
3,2,2,15,6,2,6,0,4,1,0,0,3,26,0
1,7,1,9,8,4,11,1,2,1,0,0,3,39,0
3,1,0,9,8,0,1,4,4,0,0,0,3,39,0
5,4,0,11,5,2,8,0,4,1,0,0,7,39,0
0,0,2,15,6,4,0,3,4,1,0,0,2,39,0
4,6,0,9,8,2,4,0,4,1,0,0,1,39,0
0,4,1,11,5,0,4,4,4,0,0,0,3,39,0
3,4,0,9,8,2,10,0,4,1,0,0,4,39,1
1,4,3,8,6,4,4,1,2,0,0,0,3,39,0
3,1,0,11,5,2,7,0,4,1,0,0,3,39,0
3,4,1,11,5,2,14,0,4,1,0,0,5,39,0
1,4,1,11,5,4,3,1,4,1,0,0,2,39,0
1,4,1,11,5,2,8,0,2,1,0,0,5,39,0
1,4,0,8,6,4,3,3,4,1,0,0,3,39,0
7,4,0,15,6,2,1,5,4,0,2,0,3,39,1
3,4,0,15,6,4,6,1,4,1,0,0,3,39,0
1,4,1,11,5,4,14,3,4,1,0,0,3,39,0
3,2,0,12,8,0,10,1,4,0,0,0,3,39,0
4,4,0,11,5,0,1,1,4,0,0,0,3,39,0
5,4,0,15,6,2,12,0,4,1,1,0,3,39,1
0,4,3,7,7,4,8,3,2,1,0,0,4,39,0
1,4,0,9,8,2,10,0,4,1,0,0,3,39,0
4,4,2,9,8,2,4,0,4,1,0,0,4,39,1
2,4,0,9,8,2,10,5,4,0,0,0,3,39,1
3,4,1,1,4,0,8,4,3,0,0,0,3,39,0
2,4,1,11,5,0,1,3,4,1,0,0,3,39,0
0,4,1,11,5,2,7,5,4,0,0,0,3,39,0
4,5,1,12,8,0,4,1,4,1,0,0,8,39,1
2,4,0,9,8,2,4,0,4,1,1,0,6,39,1
5,4,1,11,5,2,3,0,4,1,0,0,3,39,0
4,4,0,1,4,2,12,0,4,1,0,0,2,39,1
3,2,1,9,8,0,4,4,4,1,0,0,4,11,0
2,4,0,0,3,4,8,4,2,0,0,0,3,23,0
4,4,2,11,5,0,7,1,4,0,0,0,3,39,0
0,4,2,4,1,4,6,1,4,1,0,0,3,26,0
3,7,0,12,8,2,10,0,4,1,0,0,3,39,1
3,4,2,9,8,2,4,0,4,1,0,0,3,41,0
2,1,0,7,7,4,1,1,4,1,0,0,3,39,0
0,7,3,9,8,4,10,1,4,0,0,0,3,39,0
3,4,1,11,5,2,14,0,4,1,0,0,5,39,0
1,6,1,15,6,2,5,0,4,1,0,0,5,39,0
5,2,1,0,3,2,3,0,4,1,0,0,4,39,0
0,4,0,9,8,4,8,3,4,1,0,0,3,39,0
0,4,2,1,4,4,6,3,4,1,0,0,3,39,0
0,0,1,0,3,4,0,3,2,0,0,0,3,39,0
4,5,1,12,8,2,10,0,4,1,1,0,6,39,1
1,6,0,11,5,4,8,4,4,0,0,0,3,39,0
1,4,1,2,4,4,6,3,4,1,0,0,3,39,0
3,1,1,11,5,4,4,4,4,0,0,0,4,39,0
2,4,1,9,8,0,4,1,4,0,0,0,5,39,0
5,4,1,6,2,0,3,1,4,1,0,0,3,39,0
4,4,1,1,4,2,14,0,4,1,0,0,3,39,0
1,6,2,10,9,4,10,3,4,0,0,0,4,39,0
1,4,3,11,5,0,1,1,4,1,0,0,3,39,0
3,4,2,12,8,4,10,1,4,1,0,0,5,39,1
2,2,1,11,5,4,5,1,2,1,0,0,6,39,0
2,4,1,11,5,4,7,1,2,1,0,4,3,39,0
3,4,2,9,8,0,4,1,4,0,0,0,4,39,1
4,2,1,12,8,2,11,0,4,1,0,0,3,39,1
1,4,1,9,8,2,4,0,4,1,0,0,6,39,0
6,4,0,11,5,2,4,0,4,1,0,0,1,39,0
2,4,0,11,5,2,4,0,4,1,0,3,6,39,0
2,4,2,11,5,4,3,1,4,1,0,0,3,39,1
5,6,1,15,6,2,8,0,4,1,0,0,4,39,1
3,4,1,15,6,2,4,5,4,0,0,0,3,33,1
2,4,0,11,5,4,8,1,1,1,0,0,3,24,0
5,2,0,2,4,6,1,1,4,0,0,0,3,39,0
1,4,1,15,6,5,14,1,4,1,0,0,1,39,0
3,2,1,11,5,0,11,4,4,0,0,0,3,39,0
3,5,0,11,5,2,3,0,4,1,0,0,5,39,1
3,4,0,11,5,2,13,0,4,1,0,0,3,39,1
6,4,1,12,8,4,8,1,4,0,0,0,3,39,0
0,4,0,15,6,4,13,1,4,0,0,0,3,39,0
0,0,1,11,5,4,0,3,2,0,0,0,2,39,0
4,2,1,11,5,2,11,0,4,1,0,0,3,39,1
3,7,0,8,6,2,3,0,4,1,0,0,3,39,0
3,4,1,15,6,0,8,1,4,0,0,0,3,39,0
0,4,1,15,6,2,9,5,4,0,0,0,3,0,0
2,6,0,11,5,0,5,1,4,1,0,0,5,39,0
0,4,1,15,6,4,8,3,4,0,0,0,1,39,0
1,4,2,11,5,2,12,5,4,0,0,0,3,39,0
1,6,1,15,6,4,7,1,2,1,0,0,3,39,0
1,4,1,15,6,2,8,0,4,1,0,0,3,39,0
0,4,0,11,5,4,12,3,4,0,0,0,3,0,0
1,4,0,12,8,4,12,3,4,1,0,0,3,39,0
4,4,1,15,6,2,10,5,4,0,0,0,3,39,1
0,4,0,15,6,4,1,3,4,0,0,0,1,39,0
0,2,0,2,4,4,11,3,4,1,0,0,3,39,0
4,4,1,4,1,3,3,2,4,1,0,0,3,26,0
3,4,0,0,3,2,3,0,4,1,0,0,3,39,0
7,0,0,11,5,2,0,0,4,1,0,0,6,39,1
5,5,0,12,8,0,10,1,4,0,0,0,3,39,0
0,4,1,11,5,4,8,1,4,0,0,0,3,39,0
4,4,0,11,5,5,1,4,4,0,0,4,3,39,0
3,4,0,15,6,0,12,1,4,1,0,0,5,39,0
2,1,2,12,8,2,1,0,4,1,0,0,5,39,1
3,1,1,11,5,2,1,5,4,0,0,0,3,39,1
2,4,0,9,8,2,4,0,4,1,0,0,5,39,0
2,4,1,9,8,2,4,0,4,1,0,0,6,39,1
3,6,1,14,9,0,10,4,4,0,0,0,4,39,1
0,4,1,11,5,4,3,1,4,1,0,0,3,39,0
0,4,1,11,5,4,12,3,4,0,0,0,2,39,0
3,4,1,11,5,2,1,5,4,0,0,0,6,39,0
3,4,1,11,5,5,4,1,4,1,1,0,3,39,1
0,4,1,15,6,4,8,4,4,0,0,0,3,39,0
1,4,1,11,5,4,3,3,2,1,0,0,1,39,0
1,4,0,11,5,4,8,4,4,0,0,0,3,39,0
2,4,0,6,2,2,6,0,4,1,0,0,3,39,0
0,4,1,9,8,4,4,4,4,1,0,0,3,39,0
1,4,1,6,2,2,7,5,4,0,0,0,3,39,0
2,0,1,5,2,5,0,1,4,1,0,0,3,13,0
6,0,0,9,8,2,0,0,4,1,0,0,0,39,1
4,4,1,15,6,2,4,0,4,1,0,0,3,39,0
3,4,1,8,6,0,3,4,4,1,0,0,3,39,0
0,6,1,0,3,4,3,1,4,1,0,0,6,39,0
0,4,1,11,5,4,8,3,4,0,0,0,2,39,0
4,4,1,15,6,0,10,4,4,0,0,0,3,39,0
4,4,1,12,8,2,10,0,4,1,0,0,3,0,1
1,4,0,15,6,2,3,0,4,1,0,0,4,39,0
0,4,0,11,5,2,8,0,4,1,0,0,3,39,0
3,4,1,15,6,4,8,1,2,1,0,0,1,39,0
2,4,1,15,6,0,1,1,4,0,0,0,3,39,0
0,4,1,11,5,4,7,3,4,1,0,0,3,39,0
2,4,2,11,5,4,8,3,4,1,0,0,3,39,0
5,4,0,7,7,0,4,4,4,0,0,0,5,39,1
2,4,1,9,8,2,12,0,4,1,0,0,3,39,0
0,4,0,15,6,4,1,3,4,0,0,0,2,39,0
8,4,2,11,5,3,10,1,4,1,0,0,0,39,0
3,2,2,15,6,2,1,0,4,1,0,0,3,39,1
6,4,1,9,8,2,4,0,4,1,0,0,3,39,0
3,4,1,0,3,0,1,4,4,0,0,0,3,39,0
4,4,0,12,8,2,4,0,4,1,0,0,3,39,0
2,4,1,11,5,2,7,0,2,1,0,0,3,39,0
2,4,1,12,8,2,12,0,4,1,0,4,5,39,1
3,7,0,15,6,0,1,1,4,0,0,0,3,39,0
2,5,1,7,7,2,12,0,4,1,0,0,5,39,1
4,2,1,11,5,2,3,0,4,1,0,0,3,39,1
2,4,1,11,5,5,10,4,4,0,0,0,3,39,0
6,0,1,5,2,2,0,0,4,1,0,0,3,39,0
3,4,1,9,8,2,12,0,4,1,1,0,5,39,1
2,1,1,11,5,2,1,0,4,1,0,0,5,39,1
7,6,1,15,6,2,3,0,4,1,0,0,3,39,0
2,4,2,15,6,2,3,0,4,1,0,0,5,39,0
0,4,1,11,5,4,1,3,4,1,0,0,1,39,0
2,4,0,7,7,0,1,4,4,0,0,0,3,39,0
1,4,1,11,5,4,12,1,4,0,0,0,3,39,0
1,4,0,11,5,4,8,3,4,0,0,0,0,39,0
4,4,1,11,5,2,10,0,4,1,0,0,2,39,0
0,4,0,2,4,4,5,1,4,1,0,0,3,39,0
2,4,1,11,5,0,6,2,4,1,0,0,3,8,0
6,4,1,11,5,6,1,1,4,0,0,1,3,39,0
0,0,0,15,6,4,0,3,4,1,0,0,3,39,0
6,6,2,5,2,2,5,0,4,1,0,0,2,39,0
0,4,1,9,8,4,10,4,4,0,0,0,3,39,0
2,4,1,11,5,2,6,0,4,1,0,0,3,39,0
4,4,1,11,5,2,3,0,4,1,0,0,5,39,1
6,2,1,9,8,6,10,1,4,0,0,0,4,39,0
3,4,1,9,8,0,12,1,4,1,0,0,6,39,1
4,1,0,9,8,2,4,5,0,0,0,0,3,39,1
1,4,1,0,3,2,14,0,4,1,0,0,3,39,0
0,4,1,9,8,4,1,1,4,1,0,0,3,39,0
0,0,1,9,8,4,0,1,4,0,0,0,3,39,0
6,4,0,15,6,6,9,4,4,0,0,0,3,39,0
2,2,1,6,2,4,8,3,4,1,0,0,3,39,0
1,7,0,11,5,2,11,0,1,1,0,0,3,39,1
4,4,0,7,7,4,1,1,4,0,0,0,3,39,0
0,4,0,1,4,4,12,3,4,1,0,0,1,39,0
2,4,1,15,6,2,7,0,4,1,0,0,3,39,0
3,4,0,9,8,2,7,0,2,1,0,0,3,39,0
2,4,0,15,6,2,3,0,4,1,0,0,3,39,0
3,2,1,12,8,5,4,4,2,1,0,0,4,39,1
2,1,2,11,5,4,1,1,4,1,0,0,3,39,0
0,4,0,15,6,4,4,3,4,0,0,0,1,39,0
3,4,1,11,5,2,7,0,4,1,0,0,5,39,1
0,4,1,11,5,4,7,3,4,1,0,0,3,39,0
4,4,0,11,5,0,1,4,4,0,0,0,2,39,1
0,4,1,15,6,4,12,1,4,0,0,0,1,39,0
0,2,0,15,6,5,11,1,4,1,0,0,6,39,0
0,4,1,11,5,4,12,3,4,1,0,0,3,39,0
0,4,0,15,6,4,9,3,4,0,0,0,1,39,0
7,4,0,15,6,2,10,0,4,1,0,4,5,39,1
0,4,0,11,5,4,3,3,4,1,0,0,2,39,0
2,1,0,10,9,4,10,1,0,0,0,0,6,39,1
2,6,3,15,6,2,4,0,4,1,0,0,2,39,0
5,2,0,11,5,2,14,0,4,1,0,0,3,39,0
5,6,1,7,7,3,5,4,0,1,0,0,3,39,0
4,4,1,11,5,4,10,4,2,0,0,0,2,39,0
1,4,1,7,7,2,1,5,2,0,0,0,3,14,0
0,0,0,1,4,3,0,3,1,0,0,4,3,35,0
4,7,0,12,8,2,4,0,4,1,0,0,4,39,1
4,4,0,11,5,0,8,1,4,0,0,0,3,39,0
6,4,0,4,1,4,6,1,2,1,0,5,3,39,0
4,7,0,9,8,2,1,0,4,1,0,0,3,39,1
4,4,0,9,8,2,3,0,4,1,0,0,5,39,0
0,4,2,8,6,4,12,1,2,0,0,0,2,39,0
2,4,1,11,5,0,8,4,2,0,0,3,3,39,0
3,4,1,12,8,2,10,0,4,1,0,0,3,39,1
0,4,0,1,4,4,8,1,4,0,0,0,3,39,0
2,7,1,2,4,4,1,4,4,0,0,0,3,39,0
2,4,1,15,6,2,3,0,4,1,0,0,5,12,0
4,6,1,9,8,2,13,0,4,1,0,0,4,39,1
3,4,1,9,8,2,10,0,4,1,0,0,3,39,1
3,4,0,11,5,0,14,1,4,1,0,0,6,39,0
4,4,0,15,6,0,4,4,4,0,0,0,3,39,0
0,6,2,15,6,4,4,1,4,0,0,0,5,39,0
3,4,0,12,8,2,10,5,4,0,0,0,2,39,1
5,7,1,15,6,2,11,0,4,1,0,0,3,39,1
1,4,0,11,5,4,12,3,1,1,0,0,3,39,0
1,4,3,11,5,4,7,1,2,0,0,0,3,39,0
1,4,0,15,6,4,12,1,4,1,0,0,5,39,0
3,2,1,7,7,0,8,4,4,0,0,0,5,39,0
2,4,1,9,8,2,13,0,4,1,0,0,3,39,1
1,4,1,15,6,2,3,0,4,1,0,0,3,39,0
5,7,0,15,6,0,10,4,4,0,0,0,3,39,0
0,0,1,15,6,4,0,3,4,1,0,0,3,39,0
1,2,0,15,6,4,1,1,2,0,0,0,3,39,0
2,4,2,8,6,5,13,4,4,0,0,0,1,39,0
4,0,0,11,5,2,0,0,4,1,0,0,3,39,1
1,4,1,9,8,2,10,0,4,1,0,0,3,11,0
2,2,1,15,6,3,1,4,2,0,0,0,2,39,0
0,4,0,0,3,4,8,3,4,1,0,0,1,39,0
2,6,1,14,9,2,12,0,4,1,0,0,2,39,1
3,2,0,11,5,2,11,0,4,1,0,0,5,39,0
3,4,0,15,6,2,12,0,4,1,0,0,3,39,1
0,4,0,9,8,4,1,3,4,0,0,0,2,39,0
1,4,2,4,1,4,14,1,4,1,0,0,3,0,0
5,4,1,0,3,4,6,1,4,1,0,0,3,39,0
5,0,1,6,2,0,0,1,4,1,0,0,3,39,0
4,4,2,11,5,4,1,1,4,1,0,0,3,39,0
2,4,0,9,8,2,4,0,4,1,0,0,3,39,1
4,4,0,6,2,0,8,1,4,0,0,0,3,2,0
6,4,1,11,5,2,3,0,4,1,0,4,1,39,0
2,2,1,15,6,4,11,1,4,1,0,0,5,39,1
5,4,0,9,8,2,1,0,4,1,0,0,4,39,1
0,0,0,15,6,4,0,3,1,0,0,0,3,30,0
2,4,1,1,4,5,12,3,4,0,0,0,1,39,0
7,4,1,11,5,6,1,4,4,0,0,0,1,39,0
5,7,1,10,9,2,10,0,4,1,0,0,6,39,1
7,4,2,5,2,6,8,4,2,0,0,0,3,39,0
0,4,1,15,6,3,12,3,2,0,0,0,1,39,0
2,4,1,11,5,4,8,1,2,0,0,0,3,0,0
0,4,1,0,3,4,8,3,4,1,0,0,1,39,0
6,0,1,14,9,2,0,0,4,1,0,0,3,39,0
0,4,1,11,5,4,5,3,4,1,0,0,3,39,0
4,0,1,11,5,2,0,0,4,1,0,0,3,39,0
1,4,1,9,8,2,12,0,4,1,0,0,4,39,1
3,2,1,15,6,2,3,0,2,1,0,0,3,39,0
1,4,0,8,6,2,10,0,4,1,0,0,3,39,1
4,4,0,11,5,2,3,0,4,1,0,0,3,39,1
4,4,1,11,5,2,8,5,4,0,0,0,3,39,0
1,4,0,11,5,4,12,3,1,0,0,0,3,39,0
4,7,1,15,6,2,1,5,4,0,0,0,2,39,0
3,6,0,15,6,2,4,0,4,1,0,0,5,39,1
4,4,1,12,8,2,4,0,4,1,0,0,3,39,1
7,4,0,15,6,2,4,0,4,1,2,0,5,39,1
3,4,2,11,5,2,12,5,4,0,0,0,3,39,0
2,4,1,15,6,2,7,0,4,1,0,0,3,39,0
2,2,0,11,5,2,11,0,4,1,0,0,3,39,1
2,7,0,14,9,2,10,0,4,1,0,0,7,39,1
2,4,1,15,6,4,1,3,2,0,0,0,3,39,0
2,4,1,9,8,2,10,0,4,1,0,0,3,39,0
4,4,1,11,5,5,8,2,4,0,0,0,1,39,0
1,4,1,9,8,4,13,3,4,1,0,0,3,39,0
2,4,1,11,5,2,7,0,4,1,0,0,3,39,0
0,4,1,15,6,4,4,3,4,0,0,0,2,39,0
1,4,1,15,6,2,3,0,4,1,0,0,3,39,1
2,4,1,9,8,2,4,0,4,1,0,0,5,39,1
1,4,0,15,6,4,4,3,4,1,0,0,3,39,0
2,4,1,11,5,2,3,0,4,1,0,0,5,39,0
4,7,0,11,5,0,1,4,4,0,0,0,4,39,0
3,4,1,11,5,4,3,1,4,1,0,0,4,39,0
2,6,0,11,5,2,3,0,4,1,0,0,4,39,0
4,4,2,11,5,0,1,4,4,0,0,0,3,39,0
1,4,1,2,4,4,8,1,4,1,0,0,3,39,0
3,4,2,9,8,2,3,0,4,1,0,0,3,39,0
5,2,0,11,5,0,8,1,4,0,0,0,3,39,0
1,4,0,9,8,2,7,0,4,1,0,4,6,39,1
4,4,1,11,5,2,7,0,2,1,0,0,3,39,1
2,4,1,10,9,2,4,0,4,1,0,0,4,39,1
6,0,0,11,5,6,0,1,2,0,0,0,1,39,0
3,4,1,10,9,2,10,0,4,1,0,0,6,39,1
3,2,3,11,5,2,3,0,2,1,0,0,3,39,1
0,4,3,11,5,4,8,1,4,1,0,0,3,13,0
0,4,0,15,6,4,8,3,4,0,0,0,1,39,0
2,6,2,11,5,2,5,0,4,1,0,0,5,39,0
4,6,1,15,6,2,10,0,3,1,0,0,5,39,1
6,6,1,11,5,2,5,0,4,1,0,0,4,39,0
3,2,1,11,5,0,1,4,4,0,0,0,3,39,0
3,7,0,12,8,0,11,1,4,1,0,0,5,39,0
0,4,0,11,5,2,1,5,2,0,0,0,3,39,0
2,4,0,11,5,2,1,5,4,0,0,0,6,39,0
0,4,1,15,6,4,3,3,4,0,0,0,3,39,0
5,4,1,11,5,4,1,4,4,1,0,0,3,39,0
1,4,0,11,5,4,14,3,2,1,0,0,3,39,0
1,4,1,8,6,4,1,1,4,0,0,0,3,39,0
0,4,1,15,6,4,8,3,4,0,0,0,3,39,0
1,4,1,11,5,4,7,1,4,0,0,0,3,39,0
2,4,0,11,5,0,3,4,4,1,0,0,3,39,0
3,6,2,14,9,2,10,0,4,1,0,0,4,39,1
1,6,1,1,4,4,12,3,4,1,0,0,3,39,0
7,4,1,6,2,6,12,4,4,0,0,0,1,39,0
1,4,1,11,5,4,3,3,4,1,0,0,4,39,0
5,4,1,11,5,0,8,4,2,0,0,0,3,39,0
4,4,2,11,5,2,14,0,2,1,0,0,3,39,0
0,0,0,11,5,4,0,3,4,1,0,0,6,39,0
6,0,0,9,8,2,0,0,4,1,0,0,3,22,1
3,5,1,12,8,2,4,0,4,1,0,5,5,39,1
0,0,2,0,3,4,0,3,4,1,0,0,2,39,0
3,4,1,14,9,0,10,4,4,0,0,0,3,39,0
2,4,1,11,5,2,3,0,4,1,0,0,3,39,0
0,4,1,11,5,4,3,1,4,1,0,0,3,39,0
1,4,1,11,5,2,12,0,4,1,0,0,3,39,0
0,4,0,15,6,4,8,3,4,1,0,0,1,39,0
3,4,0,11,5,2,8,5,4,0,0,0,3,39,0
3,4,1,9,8,2,14,0,4,1,0,0,5,39,1
0,4,1,15,6,4,12,3,4,0,0,0,1,39,0
0,4,0,9,8,4,1,1,4,1,0,0,3,39,0
0,4,1,11,5,4,13,3,4,1,0,0,5,39,0
1,4,0,9,8,4,14,3,4,1,0,0,6,39,0
4,1,0,9,8,2,4,0,4,1,0,0,3,39,1
0,4,1,1,4,4,8,1,2,1,0,0,3,39,0
0,1,0,9,8,4,10,1,1,1,0,0,3,39,0
0,4,0,11,5,4,6,4,4,1,0,0,4,39,0
0,4,0,15,6,4,12,1,4,0,0,0,2,39,0
0,4,2,1,4,5,8,3,4,0,0,0,3,39,0
2,4,0,11,5,2,7,0,4,1,0,0,3,39,0
0,4,1,1,4,4,8,3,4,1,0,0,1,39,0
4,4,1,15,6,2,3,0,4,1,0,0,3,39,0
6,4,0,0,3,2,14,0,0,1,0,0,1,39,0
4,4,0,11,5,6,1,4,4,0,0,0,3,39,0
4,4,1,11,5,0,7,1,4,0,0,0,3,39,0
7,2,0,0,3,2,4,0,4,1,0,0,1,39,0
3,4,1,9,8,2,4,0,4,1,0,4,3,9,1
3,4,1,11,5,5,1,4,4,0,0,0,3,34,0
5,6,0,11,5,2,4,0,4,1,0,0,0,39,0
1,6,1,15,6,2,1,5,4,0,0,0,2,39,1
0,4,1,11,5,4,6,3,4,1,0,0,3,39,0
3,6,1,12,8,0,4,4,4,0,0,0,4,39,1
2,4,0,1,4,0,12,4,4,0,0,0,3,39,0
6,0,3,1,4,2,0,0,4,1,0,0,2,39,0
6,4,0,9,8,0,4,1,4,0,0,0,5,39,0
0,4,0,8,6,4,7,3,4,1,0,0,3,39,0
3,5,1,11,5,0,3,4,4,1,0,0,5,39,0
2,4,1,15,6,6,1,4,4,0,0,0,2,39,0
2,4,2,11,5,4,12,1,2,1,0,0,4,39,0
0,4,0,15,6,0,1,1,4,1,0,0,3,39,0
2,4,0,10,9,2,10,0,4,1,0,0,9,10,1
2,4,1,12,8,2,4,0,4,1,0,0,5,7,1
0,4,1,1,4,4,12,3,4,1,0,0,1,39,0
4,4,0,12,8,2,4,0,4,1,0,4,5,39,1
3,2,0,12,8,2,4,0,4,1,0,4,3,39,1
1,4,1,9,8,4,12,1,4,1,0,0,3,39,0
2,4,2,15,6,4,1,1,4,1,0,0,3,39,0
4,1,1,11,5,0,3,1,2,1,0,0,3,39,0
3,1,1,15,6,4,1,3,4,1,0,0,3,39,0
0,4,0,9,8,2,10,0,4,1,0,0,4,39,0
4,4,2,0,3,0,7,1,2,1,0,0,3,39,0
1,4,0,9,8,4,12,2,4,1,0,0,3,39,0
0,4,1,15,6,4,8,2,4,0,0,0,2,39,0
0,4,1,11,5,0,14,1,4,1,0,0,3,39,0
2,2,3,12,8,2,10,5,4,0,0,0,3,39,0
4,1,1,15,6,2,4,0,4,1,0,0,3,39,0
3,4,1,7,7,6,12,4,4,0,0,0,3,5,0
4,2,0,11,5,2,3,0,4,1,0,0,3,39,0
0,4,1,15,6,2,12,0,4,1,0,0,5,39,0
2,4,1,0,3,2,3,0,4,1,0,0,3,39,0
2,4,2,8,6,2,10,5,4,0,0,0,2,39,0
3,4,0,9,8,4,10,1,4,1,0,0,3,39,0
4,4,1,15,6,2,3,0,4,1,0,0,5,2,0
1,4,0,15,6,2,7,0,2,1,0,0,3,39,0
0,4,1,8,6,4,3,3,4,1,0,0,3,39,0
3,4,0,8,6,2,13,0,4,1,0,0,3,39,1
4,4,1,0,3,2,3,0,4,1,0,0,3,39,0
2,4,1,11,5,0,3,3,4,1,0,0,3,39,0
1,2,1,9,8,2,11,0,4,1,0,0,4,39,1
3,4,0,14,9,0,10,1,4,0,0,0,9,39,0
3,6,0,11,5,2,3,0,4,1,0,0,3,9,0
1,4,0,15,6,2,8,0,4,1,0,0,3,39,0
3,4,1,15,6,0,3,1,4,1,0,0,6,39,0
2,4,0,9,8,2,4,5,4,0,0,0,3,39,1
3,1,2,9,8,2,10,0,4,1,0,0,3,39,1
1,4,1,0,3,0,8,1,4,0,0,0,3,39,0
0,4,1,15,6,4,1,3,4,0,0,0,0,39,0
2,4,0,7,7,2,1,0,4,1,0,0,2,39,0
5,4,1,7,7,2,3,0,4,1,0,0,3,5,0
0,2,1,11,5,4,8,3,4,0,0,0,4,39,0
0,0,1,15,6,4,0,3,4,1,0,0,3,39,0
4,4,0,15,6,0,7,1,2,0,0,0,3,39,0
2,4,0,15,6,0,4,4,4,0,0,0,3,39,0
3,4,1,9,8,2,10,0,4,1,0,0,3,11,0
1,4,0,11,5,4,1,3,4,0,0,0,3,39,0
4,4,1,9,8,2,4,0,4,1,0,4,3,39,1
5,4,1,3,0,2,8,0,4,1,0,0,3,26,0
3,4,1,12,8,0,10,4,4,0,0,0,3,39,0
2,4,2,15,6,2,3,0,4,1,0,0,3,39,1
3,4,1,7,7,4,1,3,4,0,0,0,4,39,0
3,4,1,15,6,4,5,1,4,1,0,0,2,39,0
2,4,0,9,8,2,6,0,1,1,0,0,3,39,0
1,4,1,9,8,4,4,3,4,1,0,0,3,39,0
2,5,0,9,8,2,4,5,4,0,0,4,4,39,1
0,4,1,11,5,4,6,1,4,1,0,0,3,39,0
3,6,1,0,3,3,8,1,4,0,0,3,1,39,0
0,4,1,11,5,4,12,2,4,1,0,0,3,39,0
3,4,0,5,2,3,7,4,3,0,0,0,3,6,0
0,4,1,11,5,2,7,0,4,1,0,0,3,39,0
9,5,0,9,8,2,4,0,4,1,0,5,5,39,1
3,4,1,9,8,2,1,0,4,1,0,0,5,39,1
3,4,1,15,6,4,1,3,2,0,0,0,3,39,0
6,0,1,9,8,0,0,1,4,0,0,0,6,39,0
6,7,1,14,9,2,4,0,2,1,2,0,5,39,1
1,4,0,11,5,4,8,2,1,1,0,0,6,0,0
3,4,1,11,5,2,7,0,4,1,0,0,4,39,1
2,4,1,11,5,5,1,1,4,1,0,0,3,4,0
1,2,1,11,5,4,11,3,2,0,0,0,3,39,0
0,4,2,1,4,4,12,3,4,0,0,0,1,39,0
3,4,1,9,8,6,10,4,4,0,0,0,3,39,0
2,4,0,11,5,4,8,4,2,0,0,0,2,39,0
1,4,0,9,8,4,12,1,4,1,0,0,5,39,0
0,4,1,11,5,4,12,3,4,1,0,0,3,39,0
0,4,1,9,8,4,10,1,4,0,0,0,3,39,0
1,4,1,9,8,1,4,5,4,0,0,0,3,39,1
1,4,0,11,5,4,8,1,4,0,0,0,3,39,0
2,4,3,15,6,5,4,4,4,0,0,0,3,39,0
3,6,2,15,6,2,12,0,1,1,0,0,8,30,1
3,4,1,8,6,0,1,4,2,0,0,0,3,39,0
3,4,1,1,4,2,7,0,4,1,0,0,3,39,0
1,4,1,15,6,4,8,1,4,0,0,0,3,39,0
1,4,0,9,8,4,1,1,4,0,0,0,3,39,0
3,4,0,11,5,2,5,0,4,1,0,0,2,39,0
6,4,0,12,8,4,10,1,4,1,0,0,9,39,0
4,4,1,0,3,2,4,0,4,1,0,0,3,39,0
0,0,0,15,6,4,0,3,4,1,0,0,5,39,0
0,4,1,15,6,4,1,3,4,0,0,0,1,39,0
1,4,1,15,6,4,14,3,4,1,0,0,3,39,0
3,4,2,10,9,2,10,5,4,0,0,4,2,39,1
3,2,1,12,8,2,10,0,4,1,0,0,5,39,1
2,4,2,11,5,2,6,0,2,1,0,0,3,39,0
3,0,1,11,5,2,0,0,2,1,0,0,2,39,0
6,4,1,0,3,2,1,0,4,1,0,0,4,39,0
4,4,1,9,8,2,12,0,4,1,0,4,3,39,1
0,2,1,15,6,4,12,3,4,0,0,0,1,39,0
2,4,1,9,8,2,4,0,4,1,0,0,5,39,1
2,4,0,7,7,4,8,1,4,0,0,0,2,39,0
2,4,1,15,6,0,12,4,4,0,0,0,3,39,0
0,1,0,15,6,4,12,1,4,0,0,0,3,39,0
1,4,1,11,5,2,1,5,4,0,0,0,3,39,0
0,4,0,11,5,4,8,3,2,1,0,0,5,39,0
2,0,1,0,3,4,0,2,4,1,0,0,3,39,0
2,7,0,15,6,2,11,0,4,1,0,0,3,39,0
2,4,1,15,6,0,4,1,4,1,0,0,5,39,0
6,4,0,7,7,2,7,0,4,1,0,0,3,41,1
5,7,1,12,8,2,4,0,4,1,0,0,3,39,1
2,2,1,11,5,2,1,5,4,0,0,0,3,39,1
0,4,0,11,5,4,8,3,2,1,0,0,3,39,0
1,4,1,9,8,2,4,0,4,1,0,0,3,39,0
3,4,1,8,6,2,4,0,4,1,0,0,3,39,1
1,4,2,11,5,2,3,3,4,1,0,0,3,39,0
1,4,0,7,7,0,13,1,4,0,0,0,4,39,0
3,5,0,8,6,2,4,2,4,1,0,0,5,39,1
5,4,1,15,6,2,14,0,4,1,0,0,3,39,1
2,4,0,11,5,4,12,3,2,0,0,3,4,39,0
1,4,0,11,5,2,7,0,4,1,0,0,3,39,0
6,1,0,15,6,2,1,0,4,1,0,0,3,39,1
4,4,1,11,5,2,12,0,4,1,0,0,3,39,0
3,4,1,15,6,5,8,4,2,0,0,0,2,14,0
3,4,0,0,3,2,3,0,2,1,0,0,3,39,0
3,4,1,11,5,2,3,0,4,1,0,0,3,39,0
3,4,1,15,6,2,3,0,4,1,0,0,4,39,0
2,2,2,11,5,2,3,0,4,1,0,0,3,39,0
0,4,1,11,5,4,12,3,2,0,0,0,3,39,0
1,4,2,11,5,2,4,0,4,1,0,0,5,39,1
1,2,1,11,5,2,6,2,4,1,0,0,5,39,0
6,4,1,5,2,6,7,1,4,0,0,0,3,39,0
0,4,0,1,4,4,8,3,4,1,0,3,1,39,0
1,6,1,9,8,4,12,1,2,1,0,0,3,39,1
3,7,2,7,7,2,1,0,4,1,0,0,3,39,1
5,4,0,11,5,2,14,0,4,1,0,0,3,39,1
4,2,0,9,8,2,1,0,4,1,0,0,3,39,1
1,4,0,14,9,2,10,5,4,0,0,0,5,39,1
1,4,2,10,9,2,10,0,1,1,0,4,3,3,1
5,2,1,11,5,2,14,0,4,1,0,0,4,39,0
3,2,0,14,9,0,10,4,2,0,0,3,3,39,0
1,4,1,15,6,2,1,5,4,0,0,0,6,39,0
1,5,1,11,5,2,12,0,2,1,9,0,3,39,1
1,4,0,1,4,2,7,0,4,1,0,0,3,39,0
2,4,2,15,6,4,3,3,4,1,0,0,3,39,0
1,6,1,11,5,2,4,0,4,1,0,0,3,28,0
0,4,0,1,4,4,8,3,2,1,0,0,1,39,0
5,4,0,15,6,2,4,0,4,1,0,0,3,39,1
4,4,1,9,8,2,12,0,4,1,0,5,5,39,1
2,4,1,15,6,2,4,0,4,1,0,0,5,39,0
5,4,1,4,1,2,12,0,4,1,0,0,3,0,1
3,4,1,2,4,0,3,1,4,1,0,0,3,39,0
2,4,1,15,6,0,7,4,0,1,0,0,3,39,0
0,4,1,1,4,4,8,3,4,0,0,0,0,39,0
3,4,0,11,5,2,4,5,4,0,0,0,2,39,1
0,4,0,12,8,4,10,1,4,0,0,0,4,39,0
2,4,1,11,5,2,14,0,4,1,0,0,5,39,0
4,6,0,11,5,2,4,0,4,1,0,0,3,39,0
6,4,1,15,6,6,8,4,4,0,0,0,2,39,0
3,4,1,1,4,3,7,1,4,1,0,0,3,13,0
1,5,1,7,7,4,12,1,4,1,0,0,6,39,0
6,0,1,11,5,2,0,0,4,1,0,0,3,39,0
3,4,1,10,9,4,10,1,4,1,0,0,3,39,1
0,4,2,15,6,4,8,1,4,0,0,0,1,39,0
3,1,1,11,5,2,1,5,4,0,0,0,3,39,1
2,4,0,9,8,2,4,0,4,1,0,4,6,39,1
0,6,1,15,6,5,6,3,4,1,0,0,4,39,0
3,0,1,11,5,2,0,5,4,0,0,0,3,39,1
2,4,1,11,5,5,8,4,2,0,0,0,2,39,0
0,4,3,15,6,4,13,3,4,1,0,0,3,39,0
2,1,1,8,6,5,1,1,2,1,0,0,3,39,0
0,4,0,11,5,4,8,3,4,0,0,0,5,39,0
3,2,0,9,8,2,10,0,4,1,0,0,4,39,1
0,4,2,1,4,4,8,3,4,0,0,0,2,39,0
3,4,0,8,6,0,10,1,4,0,0,0,3,39,0
1,4,1,15,6,4,3,1,4,1,0,0,3,39,0
6,5,0,12,8,2,12,0,4,1,0,0,3,39,1
4,4,0,9,8,2,10,0,4,1,0,0,5,39,0
2,4,1,8,6,0,10,4,4,0,0,0,3,39,0
4,4,0,2,4,2,3,0,4,1,0,0,3,39,1
1,4,2,9,8,4,12,1,4,1,0,0,3,39,0
2,6,1,11,5,2,14,0,4,1,0,0,6,39,0
1,6,0,12,8,4,10,1,4,1,0,0,4,9,0
1,4,2,11,5,0,1,1,4,1,0,0,3,39,0
3,4,1,11,5,2,3,0,2,1,0,0,3,39,0
1,0,2,11,5,2,0,5,4,0,0,0,1,16,0
1,4,1,11,5,5,4,4,4,0,0,0,5,39,0
3,4,1,0,3,2,3,0,4,1,0,0,4,39,0
0,4,2,11,5,4,12,1,4,1,0,0,5,39,0
0,0,2,15,6,4,0,3,4,0,0,0,3,39,0
1,4,1,11,5,2,12,0,4,1,0,0,5,39,1
3,4,1,8,6,2,4,0,4,1,0,0,3,39,0
2,4,1,11,5,4,6,3,4,1,0,0,5,39,0
5,5,0,11,5,2,12,0,4,1,0,0,5,39,0
3,2,0,15,6,0,1,4,2,0,0,0,3,39,0
1,4,1,11,5,5,1,4,4,0,0,0,3,39,0
4,2,1,9,8,2,11,0,4,1,0,0,3,39,0
2,4,1,12,8,4,13,4,2,0,0,0,3,0,0
1,4,1,11,5,2,14,0,4,1,0,0,3,39,0
4,4,0,9,8,2,1,0,4,1,0,0,3,39,1
2,4,1,8,6,2,3,0,4,1,0,0,5,39,1
1,4,3,15,6,2,3,0,4,1,0,0,3,39,0
2,2,1,14,9,2,10,0,4,1,0,0,6,39,1
3,4,1,9,8,3,14,3,3,1,0,0,4,0,0
1,4,1,11,5,0,7,4,4,1,0,0,5,39,0
4,7,1,9,8,2,4,0,4,1,0,0,3,39,1
6,2,0,11,5,2,3,0,4,1,0,0,3,39,0
3,4,3,11,5,2,6,0,2,1,0,0,3,39,0
1,4,1,11,5,4,14,3,4,1,0,0,4,39,0
0,4,0,1,4,4,8,3,4,0,0,0,2,39,0
5,4,0,5,2,0,14,4,4,1,0,0,3,39,0
0,4,1,15,6,4,3,4,0,1,0,0,3,26,0
2,4,1,15,6,2,3,0,4,1,0,0,4,39,0
0,4,0,15,6,4,13,1,4,0,0,0,3,39,0
3,4,2,0,3,2,14,0,4,1,0,0,3,39,1
3,4,1,15,6,0,3,1,4,1,0,0,3,39,0
2,5,1,11,5,2,12,0,4,1,0,0,6,39,0
2,4,1,11,5,2,4,0,4,1,0,0,3,39,0
0,7,0,9,8,4,1,1,2,0,0,0,1,39,0
4,4,1,11,5,2,3,0,4,1,0,0,3,39,1
3,7,0,9,8,4,10,1,4,0,0,0,3,39,0
4,4,1,8,6,5,8,4,4,0,0,0,3,39,0
0,4,1,11,5,4,8,1,4,0,0,0,3,39,0
2,4,0,11,5,0,3,3,4,1,0,0,1,39,0
0,0,2,15,6,4,0,3,4,1,0,0,3,11,0
3,6,2,11,5,2,4,0,4,1,0,0,5,39,0
3,5,7,9,8,2,12,0,4,1,0,0,6,39,1
0,4,0,1,4,4,8,2,4,0,0,0,1,39,0
5,4,0,6,2,0,3,1,4,0,0,0,3,39,1
2,4,1,9,8,2,12,0,4,1,0,4,4,39,1
2,4,0,11,5,4,14,4,2,1,0,0,7,39,0
6,6,1,9,8,0,10,1,4,0,0,0,3,39,1
6,4,0,5,2,6,7,1,4,0,0,0,0,39,0
3,4,0,0,3,2,6,0,4,1,0,0,3,39,0
0,4,1,11,5,4,8,3,2,0,0,0,1,0,0
3,4,0,12,8,0,10,1,4,1,0,0,4,39,0
3,4,1,11,5,5,8,4,4,0,0,0,3,26,0
3,4,1,15,6,0,4,4,4,0,0,0,3,26,0
3,4,1,9,8,2,4,0,2,1,0,4,3,39,1
0,4,1,8,6,4,3,3,4,1,0,0,3,39,0
3,4,1,11,5,2,4,0,4,1,0,0,3,39,1
3,4,0,11,5,2,12,5,4,0,0,0,3,39,1
2,4,0,8,6,4,13,1,4,1,0,0,4,39,0
3,4,0,11,5,0,1,4,4,0,0,0,5,39,0
1,4,1,11,5,2,3,0,4,1,0,3,3,39,0
1,4,3,4,1,4,8,1,4,1,0,0,2,26,0
0,4,1,11,5,4,12,1,4,0,0,0,3,39,0
2,6,0,9,8,2,3,0,4,1,0,0,3,39,0
0,4,0,15,6,4,1,3,4,1,0,0,5,39,0
1,4,1,9,8,4,1,3,4,1,0,0,3,39,0
4,2,1,11,5,2,11,0,4,1,0,0,3,39,1
1,4,0,9,8,4,8,3,4,1,0,0,3,39,0
4,4,1,8,6,2,3,0,4,1,0,0,4,31,1
3,4,2,11,5,2,14,5,4,0,0,0,1,39,0
4,2,1,7,7,2,1,0,4,1,0,0,3,39,0
3,4,2,9,8,2,4,0,4,1,0,0,3,39,1
3,4,1,9,8,3,8,1,3,1,0,0,3,26,0
0,0,1,15,6,4,0,3,4,0,0,0,0,39,0
5,4,1,1,4,0,12,3,4,0,0,0,1,39,0
2,4,1,9,8,4,10,1,4,1,0,0,5,39,0
9,2,1,11,5,6,4,1,4,0,0,0,3,39,0
2,2,2,8,6,2,11,0,4,1,0,0,4,39,0
2,1,0,15,6,0,8,1,2,1,0,0,3,39,0
1,4,0,11,5,4,6,3,4,1,0,0,3,39,0
1,4,1,1,4,2,7,0,2,1,0,0,3,39,0
0,4,2,11,5,4,7,3,4,1,0,0,3,39,0
5,4,0,10,9,4,10,1,4,1,0,0,3,9,0
3,1,0,11,5,0,3,4,4,1,0,0,3,39,0
7,0,0,9,8,2,0,0,1,1,0,0,3,3,0
3,4,1,11,5,2,7,0,4,1,0,0,3,39,0
1,0,2,0,3,5,0,1,4,1,0,0,2,39,0
6,4,1,12,8,2,10,0,4,1,0,0,5,39,0
2,4,2,9,8,4,12,1,4,1,0,0,5,39,0
0,4,1,9,8,4,12,3,1,1,0,0,5,36,0
1,6,0,7,7,2,14,0,4,1,0,0,7,39,1
1,4,0,11,5,2,3,0,4,1,0,0,4,39,0
3,2,1,0,3,4,5,4,4,1,0,0,3,39,0
1,2,0,12,8,4,10,3,4,1,0,0,5,39,0
5,4,0,11,5,2,1,5,4,0,0,0,3,39,0
5,0,0,11,5,6,0,1,4,0,0,0,3,39,0
1,4,1,7,7,2,12,0,4,1,0,0,6,39,0
4,4,0,11,5,0,1,1,4,1,0,0,3,39,0
3,4,0,9,8,2,4,0,4,1,0,0,3,39,1
4,4,0,9,8,2,12,0,4,1,0,0,3,39,1
0,4,1,15,6,4,8,3,4,1,0,0,2,39,0
2,4,0,11,5,4,1,1,4,1,0,0,3,39,0
3,4,2,11,5,0,3,2,4,0,0,0,3,39,0
3,7,0,9,8,2,10,0,4,1,0,0,3,39,0
4,4,1,11,5,2,14,0,4,1,0,4,4,39,1
3,4,1,14,9,2,3,0,4,1,0,0,3,39,1
1,4,1,9,8,4,10,1,4,0,0,0,7,39,1
0,4,1,1,4,4,12,3,2,0,0,0,2,39,0
2,4,0,15,6,4,7,2,4,0,0,5,3,15,0
4,4,1,11,5,3,5,2,4,1,0,0,1,26,0
2,4,0,9,8,2,13,0,4,1,0,0,3,39,1
1,7,1,15,6,2,11,0,4,1,0,0,3,39,0
4,5,2,12,8,0,10,4,4,1,9,0,8,26,1
4,4,1,11,5,0,3,4,4,1,0,3,5,39,0
3,7,1,9,8,2,10,0,4,1,0,0,3,39,1
2,2,2,15,6,5,1,1,4,0,0,0,3,39,0
2,4,1,11,5,2,14,0,4,1,0,0,3,39,0
1,2,0,15,6,0,1,1,4,0,0,0,3,39,0
3,4,1,8,6,3,7,4,4,1,0,0,3,39,0
4,4,1,15,6,2,1,0,4,1,0,0,4,39,1
4,4,0,11,5,2,7,0,4,1,0,0,3,39,0
3,4,2,9,8,2,4,0,2,1,0,0,3,39,1
0,4,1,11,5,2,7,5,4,0,0,0,3,39,0
2,4,0,11,5,2,13,5,4,0,0,0,3,39,0
4,4,0,9,8,2,12,5,4,0,1,0,6,39,1
0,4,0,15,6,4,8,3,4,0,0,0,0,39,0
3,2,1,12,8,4,10,1,2,0,0,0,3,39,0
2,4,1,11,5,4,12,4,4,1,0,0,6,39,1
0,0,0,1,4,2,0,5,1,0,0,0,3,25,0
0,7,1,8,6,4,13,1,4,0,0,0,3,39,0
3,7,1,11,5,5,1,3,4,0,0,0,3,39,0
3,4,0,11,5,5,12,4,4,0,0,0,4,39,0
3,4,1,9,8,5,12,4,4,0,0,0,2,39,0
6,4,0,8,6,2,3,0,1,1,0,0,3,39,1
2,2,1,7,7,2,10,5,2,0,9,0,3,0,1
0,4,1,15,6,4,12,3,2,0,0,0,1,39,0
6,4,0,6,2,2,8,0,4,1,0,0,3,39,0
3,1,0,11,5,0,1,1,4,0,0,0,3,39,0
1,4,1,9,8,4,1,1,4,1,0,0,3,39,0
4,5,0,11,5,0,4,4,4,1,0,0,3,39,0
2,4,1,11,5,4,1,3,4,0,0,0,5,39,0
1,6,0,11,5,4,8,1,4,1,0,0,3,39,0
6,0,1,5,2,6,0,1,4,0,0,3,3,0,0
1,4,0,9,8,4,10,1,4,1,0,0,4,0,0
0,4,0,11,5,2,14,0,4,1,0,0,4,39,0
2,4,0,11,5,4,12,1,4,1,0,0,2,39,0
2,4,0,9,8,0,4,1,4,1,0,0,3,39,0
3,4,1,15,6,2,8,0,4,1,0,0,4,39,0
2,4,1,11,5,0,8,1,4,1,0,0,3,39,0
6,4,1,11,5,6,8,1,4,0,0,0,3,39,0
1,4,1,11,5,5,8,4,2,1,0,0,3,39,0
3,4,1,15,6,2,10,0,4,1,0,0,3,39,1
3,6,2,5,2,2,5,0,4,1,0,0,3,5,0
2,2,1,9,8,4,1,1,2,0,0,0,3,39,0
0,4,1,2,4,4,6,3,4,1,0,0,3,39,0
2,4,2,10,9,4,10,1,4,0,0,0,8,39,1
2,4,1,15,6,2,14,0,4,1,0,0,6,39,1
2,4,1,15,6,4,13,1,4,0,0,0,1,39,0
3,6,0,7,7,2,4,0,4,1,0,0,6,39,0
1,0,1,9,8,2,0,5,2,0,0,0,3,0,1
4,4,1,2,4,2,3,0,4,1,0,0,4,39,0
0,4,2,0,3,4,12,3,2,0,0,0,1,39,0
6,0,1,5,2,6,0,1,4,0,0,0,3,39,0
5,4,0,11,5,4,6,1,2,1,0,0,3,39,0
2,4,0,11,5,4,6,3,4,1,0,0,3,39,0
7,2,1,11,5,2,4,0,4,1,0,0,0,39,0
0,4,0,15,6,4,8,3,4,0,0,0,2,39,0
1,4,1,9,8,4,3,1,4,1,0,0,5,39,0
4,4,0,11,5,2,12,0,4,1,0,0,5,39,1
4,4,0,11,5,2,7,0,4,1,0,0,5,39,1
0,4,0,15,6,4,7,3,2,0,0,0,3,39,0
3,4,0,0,3,0,12,1,4,0,0,0,3,39,0
3,4,2,12,8,2,4,0,4,1,0,4,5,39,1
0,4,1,15,6,4,8,3,4,0,0,0,1,39,0
3,5,0,12,8,2,4,5,4,0,0,0,5,39,1
0,4,1,11,5,4,3,3,4,1,0,0,3,39,0
2,4,2,9,8,4,7,1,4,0,0,0,3,39,0
2,4,2,15,6,2,3,0,4,1,0,0,5,39,0
3,4,0,15,6,2,3,0,4,1,0,0,3,39,1
3,4,0,9,8,2,12,0,4,1,0,0,5,39,0
3,4,1,11,5,0,14,1,4,1,0,0,3,39,0
6,2,1,5,2,6,8,1,4,0,0,0,1,39,0
9,4,1,5,2,2,7,0,4,1,0,0,3,39,0
1,6,0,11,5,2,3,0,4,1,0,0,3,39,0
6,2,0,11,5,2,14,0,4,1,0,0,3,39,0
6,4,0,9,8,2,12,0,4,1,0,0,3,39,0
0,4,0,15,6,4,1,3,4,1,0,0,0,9,0
4,4,2,0,3,0,3,1,4,1,0,0,3,39,0
2,4,1,9,8,2,10,0,4,1,0,0,5,39,1
1,6,1,14,9,4,10,3,4,1,0,0,3,39,0
5,4,2,11,5,2,3,0,2,1,0,0,3,39,0
4,4,0,14,9,2,4,0,4,1,0,0,6,39,1
6,0,1,9,8,2,0,0,4,1,0,0,2,39,1
1,4,2,9,8,2,8,5,4,0,0,0,3,39,0
5,5,2,9,8,2,12,0,4,1,9,0,6,39,1
3,4,1,5,2,2,3,0,1,1,0,0,3,3,0
3,6,0,11,5,2,3,0,4,1,0,0,6,39,0
4,4,0,11,5,2,10,0,4,1,0,0,3,39,0
4,4,0,1,4,2,7,0,2,1,0,0,3,39,0
2,6,3,6,2,2,3,0,4,1,0,0,3,39,0
2,4,0,11,5,4,5,1,4,1,0,0,1,39,0
3,5,1,9,8,6,4,1,4,0,0,0,5,0,0
5,4,2,3,0,2,7,0,4,1,0,0,3,26,0
4,4,1,9,8,2,12,0,4,1,0,0,5,39,1
2,4,0,9,8,2,10,0,4,1,0,0,3,39,1
1,4,0,11,5,4,8,4,2,1,0,0,3,39,0
0,2,0,15,6,0,1,4,4,0,0,0,7,39,0
1,4,1,11,5,4,6,1,4,1,0,0,6,39,0
1,4,1,11,5,2,3,0,4,1,0,0,4,39,1
0,4,1,11,5,4,8,1,4,0,0,0,2,39,0
5,4,1,11,5,0,7,1,4,1,0,0,3,39,0
3,4,0,11,5,0,3,1,4,1,0,0,3,39,0
4,4,1,11,5,4,12,1,4,1,0,4,5,39,0
0,4,1,11,5,4,1,3,3,0,0,0,2,33,0
4,2,0,12,8,2,4,0,4,1,0,0,3,39,1
5,4,1,12,8,4,10,1,4,1,0,0,6,39,0
2,4,1,15,6,0,13,4,4,0,0,0,5,39,0
2,2,0,7,7,2,11,0,4,1,0,0,5,9,1
4,1,1,7,7,2,1,0,4,1,0,0,3,39,1
3,4,0,15,6,2,7,0,4,1,0,0,4,39,0
2,4,2,11,5,2,3,0,4,1,0,0,3,39,0
3,4,1,9,8,4,10,1,4,1,0,0,3,39,0
2,4,1,12,8,2,4,0,4,1,1,0,5,39,1
6,6,2,9,8,2,10,0,4,1,0,0,2,39,1
0,1,1,15,6,4,1,3,2,0,0,0,3,39,0
3,4,1,11,5,2,13,0,4,1,0,0,4,0,1
4,7,0,10,9,2,10,0,4,1,0,0,3,39,1
4,4,2,5,2,2,7,0,4,1,0,0,3,39,0
1,4,1,11,5,2,6,0,4,1,0,0,3,39,1
2,4,1,11,5,0,3,3,4,0,0,0,4,39,0
3,1,0,11,5,5,1,4,2,0,0,0,3,39,0
4,4,0,11,5,6,8,4,4,0,0,0,2,39,0
4,4,1,15,6,2,3,0,4,1,0,0,3,39,0
9,4,1,15,6,5,1,3,4,0,0,0,3,33,0
1,4,3,11,5,0,8,1,4,1,0,0,3,26,0
1,4,0,8,6,0,3,1,0,1,0,0,3,39,0
4,4,1,9,8,0,1,3,4,1,0,0,3,39,1
0,0,1,15,6,4,0,3,4,1,0,0,0,39,0
1,4,2,11,5,0,14,1,4,1,0,0,5,39,0
1,0,0,2,4,2,0,5,4,0,0,0,1,11,0
1,4,1,9,8,4,10,1,4,1,1,0,5,39,1
3,1,1,15,6,2,3,0,4,1,0,3,3,39,0
5,4,1,15,6,2,12,0,4,1,0,0,3,39,0
0,1,0,11,5,1,12,5,4,0,0,0,3,39,0
1,4,0,7,7,4,7,4,4,1,0,0,3,39,0
4,6,1,10,9,2,10,0,4,1,0,0,2,39,0
2,4,1,15,6,4,8,1,4,0,0,0,6,39,0
2,6,0,10,9,4,10,1,4,0,0,5,6,39,1
7,0,1,6,2,2,0,0,2,1,0,0,0,39,0
2,4,0,11,5,2,3,0,4,1,0,0,5,39,1
4,4,1,11,5,2,14,0,4,1,0,0,3,39,0
3,4,1,14,9,3,10,1,4,1,9,0,3,39,1
6,2,1,1,4,2,14,0,4,1,0,0,3,39,0
1,1,0,11,5,4,1,1,1,1,0,0,3,39,0
0,4,1,1,4,4,1,1,4,1,0,0,3,39,0
0,4,2,9,8,4,12,1,4,1,0,0,5,39,0
4,4,0,8,6,3,6,4,4,1,0,3,4,39,0
3,6,1,12,8,0,10,1,4,0,0,0,1,39,0
1,4,0,4,1,4,3,1,4,1,0,0,3,4,0
0,4,1,11,5,2,3,5,4,0,0,0,3,39,0
2,4,0,15,6,2,3,0,4,1,0,0,6,39,1
1,4,2,11,5,4,13,1,2,0,0,0,3,39,0
4,7,0,15,6,2,3,0,4,1,0,0,3,39,1
4,4,1,4,1,2,3,0,4,1,0,0,4,22,0
6,4,1,11,5,2,9,5,2,0,0,0,1,39,0
3,4,0,0,3,2,7,0,4,1,0,0,3,39,1
3,4,1,5,2,2,5,0,2,1,0,0,2,39,0
6,4,1,15,6,6,12,4,4,0,0,0,5,39,1
3,6,0,8,6,2,5,0,4,1,0,0,6,39,0
1,7,1,9,8,4,10,2,4,1,0,0,3,39,0
0,4,1,11,5,4,12,3,4,0,0,0,3,39,0
3,0,1,1,4,0,0,3,2,1,0,0,3,39,0
5,7,1,11,5,0,8,3,2,1,0,0,3,39,0
1,4,4,1,4,2,5,0,4,1,0,0,6,26,0
3,4,1,8,6,2,4,0,4,1,0,0,3,39,1
6,5,1,9,8,2,4,0,4,1,0,0,7,39,0
1,4,0,11,5,4,4,1,4,0,0,0,3,39,0
3,4,1,15,6,2,12,0,4,1,0,0,3,39,0
1,4,1,11,5,4,1,3,2,1,0,0,3,39,0
2,4,0,15,6,0,4,1,4,0,0,0,3,39,1
3,4,0,9,8,4,10,1,4,0,0,3,3,39,1
5,0,1,11,5,2,0,0,4,1,0,0,3,39,0
2,4,0,9,8,4,4,1,4,1,0,3,5,39,0
2,6,0,15,6,2,4,0,4,1,0,0,6,39,0
1,1,0,9,8,4,4,1,4,0,0,0,3,39,0
0,4,1,11,5,4,8,1,4,1,0,0,3,39,0
1,4,2,11,5,2,1,0,2,1,0,0,3,39,0
2,4,2,15,6,2,3,0,4,1,0,0,3,39,1
3,5,0,9,8,2,10,0,4,1,0,0,6,39,0
1,4,0,15,6,2,12,0,4,1,0,0,4,39,0
3,4,0,11,5,2,8,0,4,1,0,0,3,39,1
3,4,1,15,6,4,4,1,4,1,0,0,5,39,1
2,4,0,12,8,2,4,0,4,1,0,0,6,39,1
6,4,1,2,4,6,12,4,4,0,0,0,3,39,0
1,2,3,9,8,4,10,1,4,0,0,0,3,39,0
5,4,1,11,5,2,8,5,2,0,0,0,3,39,0
2,4,1,7,7,5,4,4,4,0,2,0,5,39,1
1,0,1,8,6,4,0,3,4,0,0,0,3,39,0
5,1,1,9,8,5,10,1,4,1,0,0,3,39,1
3,4,0,15,6,0,13,4,4,0,0,0,3,39,0
4,4,1,8,6,0,1,1,2,0,0,0,3,39,0
6,4,0,11,5,6,12,1,4,0,0,0,4,39,0
4,4,1,0,3,6,7,1,4,1,0,0,3,39,0
5,4,1,11,5,2,3,0,4,1,0,0,3,39,0
0,6,0,1,4,4,3,3,4,1,0,0,3,39,0
2,4,0,9,8,4,14,1,4,1,0,0,4,39,0
2,4,1,8,6,2,3,0,4,1,0,0,5,39,0
0,0,4,1,4,4,0,3,2,0,0,0,3,38,0
2,6,0,15,6,4,5,1,4,1,0,0,7,39,0
5,6,1,15,6,6,4,2,4,1,0,0,2,39,0
2,4,4,9,8,2,10,0,4,1,0,0,6,39,1
3,4,1,11,5,2,6,0,2,1,0,0,3,39,1
8,2,1,11,5,2,11,0,4,1,0,0,1,39,0
1,2,1,9,8,4,10,3,4,0,0,0,3,39,0
5,4,1,11,5,2,14,0,4,1,0,4,3,39,1
8,4,0,10,9,2,10,0,4,1,0,0,2,39,0
2,4,0,11,5,4,8,1,4,1,0,0,3,39,0
3,4,1,11,5,4,12,1,4,0,0,0,5,39,0
1,2,1,12,8,4,10,3,4,0,0,0,3,39,0
0,4,1,11,5,2,12,5,4,0,0,0,3,39,0
3,2,0,11,5,0,10,1,4,0,0,0,3,39,0
2,1,1,11,5,2,1,0,4,1,0,0,3,39,0
1,4,0,15,6,2,10,0,4,1,0,0,3,39,0
3,1,0,9,8,4,10,1,4,0,0,0,4,39,0
1,4,0,15,6,2,4,0,4,1,0,0,5,39,1
5,4,1,3,0,5,5,1,2,1,0,0,5,39,0
0,4,1,15,6,4,1,3,4,0,0,0,1,39,0
0,4,1,11,5,2,5,0,4,1,0,0,3,39,0
3,6,0,1,4,2,6,0,4,1,0,0,6,39,0
4,4,1,11,5,6,7,4,4,0,0,0,3,39,0
4,1,0,9,8,2,5,0,4,1,0,0,3,39,1
0,2,0,9,8,4,10,3,4,0,0,0,1,39,0
3,4,1,9,8,2,12,0,4,1,0,0,2,39,1
2,4,0,9,8,4,1,1,4,0,0,0,5,39,0
3,1,2,11,5,2,1,0,4,1,0,0,3,39,0
1,4,0,11,5,0,8,3,4,0,0,0,1,39,0
1,4,2,11,5,2,6,0,4,1,0,0,6,39,0
3,4,1,9,8,2,10,0,1,1,0,0,3,3,0
2,4,0,11,5,2,4,0,4,1,0,0,3,39,0
1,2,1,9,8,0,10,1,4,1,0,0,5,39,0
1,4,2,15,6,2,12,0,4,1,0,0,3,39,0
5,4,0,5,2,2,8,5,4,0,0,0,9,39,0
0,4,1,1,4,4,9,3,4,0,0,0,1,39,0
0,4,2,11,5,4,1,1,4,0,0,0,2,39,0
3,4,1,11,5,0,4,1,4,1,1,0,5,39,1
1,4,0,11,5,4,8,1,4,0,0,0,3,21,0
0,4,1,15,6,4,12,2,4,1,0,0,3,39,0
1,4,1,11,5,4,1,1,4,0,0,0,4,39,0
2,4,1,11,5,2,3,0,4,1,0,0,5,39,0
0,4,1,1,4,4,6,3,4,1,0,0,1,39,0
1,4,1,6,2,4,6,4,2,1,0,0,3,39,0
5,4,1,11,5,0,14,1,4,1,0,0,3,39,0
6,5,0,15,6,2,10,0,4,1,0,0,3,39,0
0,4,1,11,5,2,6,0,2,1,0,0,7,39,0
3,2,1,11,5,5,11,1,4,1,0,0,3,39,0
1,4,1,15,6,0,1,4,4,1,0,0,3,39,0
1,6,0,9,8,2,4,0,4,1,0,0,5,39,0
4,4,1,8,6,4,4,4,4,0,0,0,3,4,0
5,4,1,11,5,6,12,1,4,0,0,0,3,39,0
1,2,1,7,7,2,1,5,4,0,0,0,3,39,1
5,4,1,9,8,4,4,1,4,0,0,0,5,39,1
2,4,1,7,7,2,13,0,4,1,0,0,4,39,1
5,4,1,1,4,0,3,3,4,0,0,0,5,39,1
4,4,1,11,5,5,8,1,2,0,0,0,3,39,0
3,4,1,15,6,2,4,0,4,1,0,0,6,39,0
3,4,0,15,6,2,6,0,4,1,0,0,3,39,0
3,4,1,8,6,2,3,0,4,1,0,0,3,39,0
0,4,0,6,2,5,8,1,4,1,0,0,3,39,0
1,7,0,12,8,2,10,0,1,1,0,0,0,3,0
0,4,1,0,3,4,8,3,4,0,0,0,2,39,0
0,0,0,15,6,4,0,2,4,0,0,0,2,39,0
3,2,1,11,5,0,3,4,2,1,0,0,3,39,0
3,4,0,15,6,2,4,0,4,1,0,0,5,39,1
2,6,2,9,8,2,12,0,4,1,0,0,4,39,1
6,2,1,11,5,2,14,0,4,1,0,0,1,39,0
1,4,0,9,8,4,4,1,4,1,0,3,6,39,0
0,7,1,7,7,2,11,0,4,1,0,0,5,39,0
4,4,1,11,5,2,14,0,4,1,0,0,3,39,0
5,6,0,0,3,2,12,0,4,1,0,0,5,39,1
2,7,2,7,7,4,4,1,4,1,0,0,6,39,0
2,4,0,11,5,2,3,0,4,1,0,0,3,39,0
7,4,4,11,5,0,11,1,4,0,0,0,3,39,0
0,0,1,11,5,4,0,2,2,1,0,0,1,39,0
5,4,1,10,9,2,4,0,4,1,0,4,5,39,1
3,6,1,9,8,4,10,1,4,1,0,0,5,0,0
1,4,1,0,3,2,8,3,4,0,0,0,3,39,0
8,5,1,11,5,6,12,1,4,1,0,0,4,39,1
2,7,4,14,9,2,10,5,4,0,1,0,5,39,1
0,4,3,11,5,4,13,1,4,0,0,0,3,39,0
3,0,0,11,5,5,0,4,4,0,0,0,0,39,0
3,1,1,9,8,4,4,1,4,1,0,0,3,39,1
5,7,1,9,8,0,4,4,2,1,0,0,3,39,0
0,1,2,15,6,4,11,3,2,1,0,0,3,39,0
1,4,1,11,5,4,6,3,4,1,0,0,3,39,0
1,4,0,7,7,0,8,4,0,0,0,0,3,39,0
2,4,0,11,5,4,3,4,4,1,0,0,3,39,0
0,6,1,11,5,4,14,3,4,1,0,0,8,39,0
4,4,1,11,5,2,3,0,4,1,0,0,3,39,0
3,4,1,11,5,4,3,3,4,1,0,0,3,39,0
5,6,2,11,5,2,12,0,4,1,0,0,7,39,0
4,6,0,9,8,5,3,1,4,1,0,0,5,39,0
0,1,0,9,8,4,10,1,4,1,0,0,3,39,0
3,7,0,12,8,0,10,1,4,1,0,0,3,39,0
8,6,1,3,0,6,12,2,4,1,0,0,4,26,0
0,4,0,11,5,4,6,3,0,1,0,0,4,39,0
1,4,0,9,8,4,10,4,4,0,0,0,3,0,0
5,4,2,11,5,2,3,0,4,1,0,0,3,39,1
2,4,1,11,5,4,3,3,4,1,0,0,3,39,0
0,7,0,15,6,4,8,1,4,1,0,0,5,39,0
1,4,0,9,8,2,13,0,4,1,0,0,3,39,1
0,4,0,11,5,0,7,2,4,1,0,0,3,39,0
4,4,0,11,5,2,1,5,2,0,0,0,3,39,0
1,4,1,15,6,4,7,3,4,0,0,0,5,39,0
0,4,1,15,6,4,1,3,4,0,0,4,3,39,0
5,4,2,10,9,2,10,0,4,1,0,0,5,39,1
3,4,0,15,6,2,3,0,4,1,0,0,3,39,0
2,4,2,11,5,2,3,0,4,1,0,0,5,39,0
0,4,1,9,8,4,10,1,4,1,0,0,5,39,0
3,6,1,11,5,2,12,0,4,1,0,0,4,39,0
1,4,1,11,5,4,12,4,4,1,0,0,3,39,0
0,4,0,1,4,4,8,1,2,0,0,0,3,39,0
6,6,1,15,6,0,4,1,4,1,0,0,5,39,0
5,4,0,11,5,2,3,0,4,1,0,0,3,12,0
6,4,1,15,6,6,1,1,4,0,0,0,3,5,0
3,6,1,11,5,2,3,0,4,1,0,0,2,39,0
2,4,0,9,8,2,4,5,4,0,0,0,3,39,1
9,2,0,8,6,6,1,1,4,0,0,0,1,39,0
3,4,0,11,5,2,7,0,4,1,0,0,3,39,0
3,4,0,2,4,2,3,0,4,1,0,0,3,0,1
4,4,0,0,3,2,3,0,4,1,0,4,4,39,1
0,4,1,1,4,4,8,3,4,0,0,0,1,39,0
0,4,2,11,5,4,7,3,4,1,0,0,4,39,0
2,4,2,11,5,5,3,1,0,1,0,0,3,17,0
2,4,1,11,5,2,3,0,4,1,0,0,3,39,1
4,4,2,11,5,2,3,0,4,1,0,0,3,39,1
0,0,2,15,6,4,0,3,4,0,0,0,3,39,0
6,4,1,9,8,2,12,0,4,1,0,0,1,39,1
3,7,1,12,8,2,10,0,4,1,0,0,3,39,1
3,4,1,11,5,4,3,1,4,1,0,0,3,39,0
2,4,1,11,5,2,8,0,4,1,0,0,3,13,0
2,4,0,11,5,4,1,1,4,0,0,0,3,39,0
1,4,1,7,7,4,12,1,4,1,0,0,3,39,0
3,4,1,11,5,2,8,5,4,0,0,0,3,39,0
7,0,1,9,8,2,0,0,4,1,0,0,0,39,1
4,5,1,7,7,2,4,0,4,1,0,0,5,39,1
1,4,0,8,6,2,12,0,4,1,0,0,3,39,0
4,0,0,11,5,2,0,5,4,0,0,0,6,39,0
2,0,1,11,5,5,0,4,4,0,0,0,1,39,0
0,4,1,1,4,4,8,2,2,1,0,0,2,39,0
3,4,1,11,5,0,12,4,4,0,0,0,2,39,0
0,4,2,6,2,4,6,3,4,1,0,0,1,39,0
3,2,0,15,6,0,8,4,4,0,0,0,1,39,0
2,1,0,11,5,2,1,0,4,1,0,0,3,39,1
2,7,0,11,5,2,3,0,4,1,0,0,3,39,0
2,4,1,11,5,4,7,2,4,1,0,0,3,26,0
1,4,0,15,6,2,4,0,4,1,0,0,4,39,0
2,1,3,9,8,2,4,0,4,1,0,0,3,39,1
3,4,0,11,5,4,4,1,0,1,0,0,4,39,0
1,4,0,11,5,0,12,4,4,0,0,0,3,39,0
1,6,1,11,5,2,5,0,4,1,0,0,8,39,0
2,4,0,9,8,2,10,5,4,0,1,0,3,39,1
3,2,0,15,6,0,11,4,4,0,0,0,3,39,0
6,0,1,11,5,4,0,1,4,1,0,0,3,39,0
6,4,0,15,6,0,1,1,4,0,0,0,3,39,0
1,4,0,11,5,4,6,3,4,0,0,0,3,39,0
3,4,0,11,5,2,7,0,4,1,0,0,3,39,0
2,4,0,8,6,2,3,0,4,1,0,0,3,39,1
4,4,0,15,6,5,1,4,4,0,0,0,4,39,0
0,0,0,15,6,4,0,1,4,1,0,4,4,39,0
3,4,0,15,6,0,3,4,4,1,0,0,9,39,0
2,6,1,9,8,2,12,0,4,1,0,0,5,39,1
4,6,0,11,5,2,5,0,4,1,0,0,7,39,0
3,0,0,7,7,0,0,1,4,0,0,0,3,39,0
2,6,0,7,7,2,14,0,4,1,0,0,3,39,0
6,0,0,9,8,2,0,0,4,1,0,0,3,39,0
8,0,1,6,2,2,0,0,2,1,0,0,3,39,0
4,5,0,14,9,2,10,0,1,1,0,0,3,19,0
6,4,1,6,2,6,12,1,4,0,0,0,3,39,0
4,4,0,11,5,2,12,0,4,1,0,0,6,39,1
4,4,1,11,5,2,6,0,4,1,0,0,3,39,0
0,4,1,11,5,4,6,3,4,1,0,0,3,39,0
2,4,0,15,6,0,1,1,4,0,0,0,3,39,0
0,4,1,11,5,4,8,3,4,1,0,0,3,39,0
1,4,2,9,8,4,1,1,4,0,0,0,3,39,0
3,4,1,14,9,2,10,0,4,1,1,0,6,39,1
3,1,1,12,8,2,4,0,4,1,0,0,3,39,1
2,4,0,9,8,2,5,0,4,1,0,0,6,41,1
2,4,0,15,6,0,1,4,4,0,0,0,4,39,0
1,2,0,9,8,4,1,3,1,0,0,0,5,39,0
4,4,1,11,5,2,7,5,2,0,0,0,3,39,1
3,2,0,8,6,0,10,4,4,0,0,0,3,39,0
4,4,1,11,5,2,4,0,4,1,0,0,5,39,1
4,2,0,15,6,2,11,0,4,1,0,0,5,39,0
2,4,2,15,6,2,4,0,4,1,0,0,5,39,1
2,4,0,15,6,2,12,0,4,1,0,0,1,39,0
2,4,2,9,8,4,8,1,4,1,0,0,3,39,0
2,6,0,9,8,2,10,5,4,0,0,0,0,39,1
0,4,0,11,5,4,8,1,4,0,0,3,3,39,0
5,2,1,15,6,0,4,1,0,0,0,0,3,39,0
8,5,1,9,8,2,4,0,4,1,0,5,3,39,1
2,4,1,15,6,4,8,1,4,0,0,0,3,39,0
1,4,2,9,8,4,12,3,4,0,0,0,3,39,0
2,4,0,9,8,2,12,5,4,0,0,0,3,39,1
2,0,2,15,6,2,0,5,4,0,0,0,3,39,1
4,1,0,9,8,2,4,0,4,1,0,0,3,39,1
2,4,0,9,8,4,10,1,4,0,0,0,3,39,0
3,4,0,5,2,3,14,1,4,1,0,0,4,39,0
3,4,1,11,5,2,14,0,4,1,0,3,4,39,0
1,4,2,12,8,4,10,1,4,0,0,0,3,39,1
3,4,0,9,8,2,4,0,4,1,0,0,3,39,1
0,6,1,5,2,4,3,1,4,1,0,0,3,39,0
3,4,0,15,6,0,4,1,2,0,0,0,3,39,0
4,4,0,15,6,2,1,0,4,1,1,0,3,39,1
3,2,0,9,8,2,10,0,4,1,0,0,3,39,1
6,0,1,15,6,2,0,0,4,1,0,0,3,39,1
1,4,1,15,6,4,12,2,4,0,0,0,1,39,0
2,4,0,11,5,4,1,3,4,1,0,0,5,39,0
0,4,0,11,5,2,6,0,4,1,0,0,3,39,1
0,4,2,11,5,2,3,0,4,1,0,0,2,39,0
3,4,0,5,2,4,6,1,4,1,0,0,5,39,0
2,1,0,15,6,5,4,1,4,1,0,0,5,39,1
0,4,1,1,4,4,14,3,4,1,0,0,1,39,0
0,4,3,15,6,4,12,3,4,0,0,0,2,39,0
1,4,0,15,6,4,8,4,4,0,0,0,3,39,0
2,4,0,12,8,0,10,4,4,0,0,0,3,39,0
2,6,1,1,4,0,4,4,4,0,0,0,8,39,0
4,4,0,15,6,2,12,0,4,1,0,0,6,39,0
2,0,2,7,7,4,0,1,4,1,0,0,5,39,0
3,4,1,11,5,2,4,0,4,1,0,0,6,39,1
3,4,1,15,6,2,14,0,4,1,0,0,3,39,0
0,4,1,15,6,4,1,3,4,1,0,0,1,39,0
4,4,1,11,5,2,3,0,4,1,0,0,3,39,0
3,4,1,11,5,5,12,1,4,0,0,0,2,39,0
5,4,0,9,8,2,4,0,4,1,1,0,5,39,1
5,4,1,12,8,6,1,4,4,0,0,0,3,39,0
1,4,0,11,5,4,4,1,4,0,0,0,3,39,0
4,4,0,15,6,0,1,1,4,0,0,0,3,39,0
7,4,0,1,4,4,7,1,4,0,0,0,3,39,0
6,4,0,11,5,2,4,0,4,1,0,0,5,39,0
3,4,1,8,6,2,3,0,4,1,0,0,3,39,0
0,4,2,11,5,4,7,1,4,1,0,0,5,39,0
1,1,1,8,6,4,4,1,4,0,0,0,3,39,0
0,4,1,0,3,4,8,3,2,1,0,0,1,39,0
2,6,1,11,5,2,5,0,4,1,0,0,9,39,0
0,4,0,11,5,2,7,0,4,1,0,0,3,39,0
2,4,1,14,9,4,10,1,3,1,0,0,3,19,1
4,4,0,12,8,4,10,1,4,1,0,0,6,39,0
1,4,1,7,7,2,12,0,4,1,0,0,5,39,1
2,4,1,15,6,4,1,3,2,0,0,0,3,39,0
1,4,1,7,7,4,3,1,4,1,0,0,2,39,0
2,4,2,0,3,2,7,0,4,1,0,0,3,39,0
2,1,1,15,6,2,10,0,4,1,0,0,3,39,1
3,7,0,11,5,2,14,0,2,1,0,0,3,39,0
3,4,0,15,6,2,12,0,4,1,0,0,3,39,0
3,5,0,9,8,2,4,0,4,1,0,0,3,39,1
2,1,0,11,5,2,1,0,4,1,0,0,3,9,1
1,2,1,9,8,2,10,0,4,1,0,0,5,39,1
3,1,0,11,5,2,1,0,4,1,0,0,3,11,1
2,4,0,15,6,2,4,0,4,1,0,0,5,39,1
1,4,2,1,4,4,8,1,4,1,0,0,9,39,0
3,4,1,9,8,2,4,0,4,1,0,0,5,39,1
3,4,1,8,6,0,4,1,4,0,0,0,4,39,0
2,4,1,11,5,2,14,0,4,1,1,0,8,39,1
1,4,1,11,5,0,3,1,4,1,0,0,3,39,0
0,1,1,15,6,4,1,3,4,0,0,0,0,39,0
3,6,0,9,8,0,1,1,4,1,0,4,3,39,0
2,4,1,15,6,2,12,0,4,1,0,0,5,39,1
2,0,1,11,5,4,0,4,2,0,0,0,1,39,0
2,4,1,15,6,5,10,4,4,0,0,0,3,39,0
1,4,1,15,6,4,12,1,4,1,0,0,3,39,0
2,6,2,11,5,2,12,5,4,0,0,0,2,39,1
4,2,0,0,3,2,3,0,4,1,0,0,3,39,0
3,4,2,14,9,2,10,0,4,1,0,0,2,39,1
3,4,0,15,6,2,13,0,1,1,0,0,5,39,1
5,4,0,11,5,0,7,1,4,1,0,0,2,39,0
2,1,1,15,6,2,7,0,2,1,0,0,5,39,0
3,7,0,12,8,4,4,1,4,0,0,0,3,39,0
1,6,1,8,6,2,5,0,4,1,0,0,5,39,0
3,4,1,11,5,2,10,5,4,0,0,0,3,39,0
5,4,0,15,6,2,11,0,4,1,0,0,3,39,0
1,4,0,15,6,4,12,1,4,1,0,0,1,39,0
2,4,1,15,6,2,8,5,4,0,0,3,1,0,0
4,4,0,6,2,6,14,4,4,1,0,0,3,39,1
4,4,0,9,8,2,4,0,4,1,0,0,5,39,1
0,4,0,15,6,4,12,3,4,0,0,0,1,39,0
0,4,1,15,6,4,3,1,4,1,0,0,4,26,0
3,4,0,7,7,0,4,4,2,0,0,0,5,39,0
4,4,1,7,7,2,12,0,4,1,0,4,3,39,1
0,2,0,12,8,4,10,3,4,0,0,0,6,39,0
3,7,1,11,5,0,4,1,4,0,0,0,3,39,0
1,4,1,9,8,4,1,3,1,0,0,0,5,25,0
0,0,0,15,6,4,0,3,4,1,0,0,3,39,0
3,4,1,9,8,2,3,0,4,1,0,0,4,39,1
7,6,0,9,8,2,4,0,4,1,0,0,0,39,0
0,2,1,9,8,4,10,1,4,0,0,0,3,39,0
4,4,0,11,5,0,1,1,4,0,0,0,3,39,0
1,7,1,12,8,2,10,0,4,1,0,0,2,39,0
2,4,1,11,5,2,3,0,4,1,0,0,3,39,1
0,4,0,1,4,4,6,3,4,1,0,0,1,39,0
2,1,0,11,5,4,1,3,2,0,0,0,3,39,0
2,4,0,9,8,2,12,5,4,1,0,0,6,0,0
2,4,1,11,5,2,3,0,4,1,0,0,5,39,0
5,7,0,11,5,0,4,1,4,0,0,0,5,39,0
6,4,1,15,6,0,1,1,4,0,0,0,1,39,0
5,4,1,11,5,2,12,0,4,1,0,0,5,39,0
2,2,0,11,5,2,8,0,4,1,0,0,4,39,0
6,2,0,5,2,2,4,0,4,1,0,3,3,39,0
2,4,0,7,7,0,1,1,4,0,0,2,3,39,0
2,4,1,8,6,2,6,0,4,1,0,0,3,39,0
2,0,2,15,6,2,0,3,4,0,0,0,3,39,0
6,0,1,6,2,4,0,4,4,0,0,0,3,6,0
0,4,1,11,5,4,8,3,1,0,0,0,1,0,0
6,0,1,11,5,2,0,0,4,1,0,0,1,39,0
1,4,0,11,5,0,8,1,4,0,0,0,3,39,0
3,2,0,9,8,0,10,3,4,0,0,0,3,39,0
2,7,0,9,8,2,4,0,4,1,0,0,4,0,1
2,4,0,9,8,4,10,3,4,1,0,0,5,39,0
3,4,1,11,5,2,1,5,4,0,0,0,3,39,0
4,5,1,9,8,2,4,0,4,1,1,0,3,39,1
0,0,1,1,4,4,0,3,4,1,0,0,3,39,0
0,4,0,15,6,4,12,1,4,1,0,0,2,39,0
2,4,0,11,5,4,7,1,4,1,0,0,3,39,0
4,1,1,15,6,0,4,1,4,0,0,0,5,39,0
1,4,0,7,7,4,13,1,4,0,0,4,2,39,0
4,0,1,9,8,0,0,2,3,0,0,0,1,39,0
3,4,0,11,5,2,6,0,4,1,0,0,3,39,0
6,4,0,11,5,6,6,2,2,1,0,0,3,39,0
0,4,2,15,6,4,12,1,4,1,0,0,3,0,0
1,4,0,9,8,2,10,0,4,1,0,0,3,39,1
3,4,0,15,6,4,8,1,2,1,0,0,5,39,0
0,4,1,15,6,4,8,2,4,0,0,0,2,39,0
1,7,1,8,6,2,11,0,4,1,0,0,3,39,1
3,4,0,8,6,5,8,1,4,1,0,0,3,39,0
3,2,0,11,5,2,4,0,4,1,0,0,6,39,1
8,0,0,7,7,2,0,5,4,0,0,0,0,39,1
0,4,0,11,5,4,7,3,4,1,0,0,3,39,0
4,6,0,11,5,2,3,0,4,1,0,0,3,39,0
2,4,1,11,5,2,12,0,4,1,0,0,3,39,1
0,4,1,1,4,4,12,4,4,0,0,0,1,31,0
0,4,0,9,8,4,4,3,4,1,0,0,3,39,0
1,4,0,12,8,4,12,3,4,0,0,0,3,39,0
3,4,0,9,8,4,1,3,4,0,0,0,3,39,0
3,2,1,14,9,2,10,0,4,1,0,5,4,39,1
0,4,1,11,5,4,4,3,4,0,0,0,3,39,0
4,4,0,15,6,5,1,4,4,0,0,0,1,11,0
1,4,0,8,6,4,13,3,4,1,0,0,3,39,0
1,4,1,9,8,4,13,1,4,1,0,0,6,18,0
3,4,1,15,6,4,1,1,4,1,0,0,5,39,0
0,4,0,15,6,4,8,3,4,1,0,0,6,39,0
1,4,1,11,5,4,1,1,4,1,0,0,5,39,0
7,6,0,15,6,2,8,5,4,0,0,0,1,39,0
7,6,1,14,9,2,5,0,4,1,0,0,0,39,0
2,6,0,14,9,2,10,0,4,1,0,0,5,39,1
0,7,1,9,8,4,13,3,4,0,0,0,3,39,0
3,4,0,11,5,0,5,1,2,1,0,0,3,39,0
3,4,1,12,8,2,4,0,4,1,0,0,3,39,1
5,5,1,12,8,2,12,0,4,1,0,0,3,39,0
5,6,0,15,6,2,4,0,4,1,0,0,3,39,1
1,4,1,15,6,2,3,0,4,1,0,0,3,39,0
0,4,1,11,5,4,8,3,4,0,0,0,3,39,0
9,4,0,15,6,0,12,4,2,0,0,0,3,39,0
1,4,0,0,3,2,3,5,3,0,0,0,4,13,0
2,6,2,10,9,4,10,1,4,1,0,0,2,0,1
3,4,1,12,8,0,10,1,4,1,0,0,4,39,0
2,4,0,11,5,0,11,4,4,0,0,0,3,39,0
0,4,2,15,6,4,1,3,4,0,0,0,2,39,0
3,4,0,9,8,0,1,4,4,1,0,0,3,39,0
5,6,0,11,5,2,5,0,4,1,0,0,3,39,0
9,0,2,11,5,2,0,0,4,1,0,0,3,39,1
3,4,1,12,8,0,10,1,4,1,0,0,3,39,0
0,4,1,7,7,4,3,1,4,1,0,0,3,39,0
3,4,0,15,6,2,3,0,4,1,0,0,3,39,0
2,4,1,9,8,4,1,1,2,1,0,0,3,39,0
0,4,0,15,6,4,1,3,4,0,0,0,2,39,0
2,4,0,11,5,4,14,1,4,1,0,0,3,39,0
1,4,0,11,5,2,3,0,4,1,0,0,3,39,0
1,4,1,9,8,4,4,1,4,1,0,3,3,39,0
4,4,0,6,2,0,14,1,4,1,0,0,5,39,0
7,0,1,11,5,2,0,0,4,1,0,0,3,39,0
7,4,0,15,6,6,1,1,4,0,0,0,2,39,0
6,4,0,11,5,0,4,1,4,0,0,0,3,39,0
0,0,0,0,3,5,0,4,4,0,0,0,3,39,0
1,4,1,9,8,2,3,0,4,1,0,0,5,39,1
3,4,1,15,6,3,12,4,4,0,0,0,3,39,0
4,4,1,9,8,0,4,4,4,0,0,0,3,39,0
0,4,1,15,6,4,8,3,4,1,0,0,1,39,0
2,4,1,12,8,2,12,0,4,1,1,0,4,39,1
0,4,1,9,8,4,1,3,4,0,0,0,2,39,0
5,4,2,11,5,5,12,4,2,0,0,0,3,39,0
4,6,1,9,8,2,3,0,4,1,0,0,4,39,1
2,4,1,15,6,0,8,2,4,1,0,0,3,27,0
2,4,1,11,5,2,14,0,4,1,0,0,5,39,1
1,4,2,8,6,2,13,2,4,0,0,0,3,2,1
3,4,0,5,2,2,14,0,4,1,0,0,3,39,0
2,4,2,1,4,4,8,3,2,0,0,0,3,39,0
6,4,0,7,7,2,4,0,4,1,0,0,3,39,0
3,4,0,15,6,4,1,4,4,1,0,0,4,39,1
1,4,1,15,6,2,3,0,4,1,0,0,3,39,0
0,4,0,11,5,4,10,1,4,0,0,0,3,39,0
1,1,0,9,8,4,10,1,4,0,0,0,3,39,0
0,4,0,11,5,5,7,4,4,0,0,0,4,39,0
8,0,0,15,6,2,0,0,4,1,0,0,0,39,0
2,4,1,9,8,4,13,1,4,1,0,0,3,39,0
0,4,1,2,4,4,12,3,4,1,0,0,1,39,0
5,4,0,8,6,4,3,1,1,1,0,0,3,39,0
3,2,1,11,5,2,8,0,3,1,0,0,3,0,0
2,4,0,14,9,2,10,0,4,1,0,0,5,39,1
0,0,1,11,5,4,0,4,4,1,0,4,3,39,0
2,4,2,11,5,2,10,0,4,1,0,0,6,30,1
5,4,0,9,8,0,10,1,4,0,0,0,3,39,1
0,2,1,11,5,4,1,3,4,1,0,0,3,39,0
0,4,0,9,8,4,10,3,4,0,0,0,3,39,0
4,4,1,9,8,2,8,0,4,1,0,0,3,5,0
2,6,1,8,6,2,3,0,4,1,0,0,4,39,0
1,4,0,11,5,0,12,4,4,1,0,0,2,39,0
5,0,3,6,2,0,0,1,4,0,0,0,1,39,0
2,4,2,11,5,2,7,0,4,1,0,0,3,39,1
0,0,1,11,5,4,0,3,2,0,0,0,1,39,0
4,6,1,7,7,5,12,1,2,1,0,0,2,39,0
3,4,0,10,9,2,10,0,4,1,0,0,3,39,1
7,1,0,1,4,0,1,1,4,0,0,0,0,2,0
5,5,1,11,5,2,4,0,4,1,0,0,3,0,0
3,4,0,8,6,2,12,0,4,1,0,0,3,39,0
1,4,2,11,5,0,8,4,4,0,0,0,3,39,0
4,4,0,15,6,2,3,0,0,1,0,0,3,39,0
4,4,1,9,8,2,4,0,4,1,0,0,4,39,1
0,4,2,15,6,4,12,3,4,1,0,0,1,39,0
4,4,1,9,8,2,12,0,4,1,0,0,4,39,1
4,4,0,9,8,2,12,0,4,1,0,0,3,39,0
3,4,2,3,0,2,8,5,4,0,0,0,3,39,0
2,4,1,11,5,2,7,0,4,1,0,0,4,39,0
7,7,1,12,8,2,10,0,4,1,0,0,1,39,0
0,4,1,15,6,4,12,3,2,0,0,0,3,39,0
3,4,2,9,8,3,14,1,4,1,0,0,6,39,0
8,4,0,5,2,4,7,1,4,0,0,0,3,6,0
2,4,2,15,6,2,3,0,1,1,0,0,3,39,1
5,4,0,11,5,2,4,0,4,1,0,4,3,39,1
0,4,1,15,6,4,6,3,4,1,0,0,1,39,0
3,2,1,15,6,2,11,0,4,1,0,0,7,39,1
1,4,1,11,5,4,7,1,4,1,0,0,3,39,0
4,1,0,11,5,2,3,0,4,1,0,0,3,39,1
1,4,1,0,3,2,3,3,2,1,0,0,3,39,0
2,1,1,15,6,2,11,0,2,1,0,0,3,39,1
6,4,0,4,1,2,6,0,1,1,0,0,3,30,1
3,4,1,15,6,0,1,1,2,0,0,0,3,39,0
2,4,1,15,6,0,1,4,4,0,0,0,3,4,0
7,6,1,15,6,2,13,0,4,1,0,0,1,39,0
2,4,2,11,5,4,3,3,4,1,0,0,5,39,0
6,4,0,15,6,2,8,0,4,1,0,0,3,39,0
2,4,1,15,6,0,1,4,4,0,0,0,3,39,0
3,4,2,11,5,2,6,0,2,1,0,0,3,39,0
3,4,1,11,5,0,8,1,4,0,0,0,3,39,0
3,4,2,9,8,4,10,1,4,1,0,0,3,39,0
4,4,0,11,5,2,3,0,4,1,0,0,4,39,1
2,2,0,9,8,2,10,5,4,0,0,0,1,39,0
8,0,1,0,3,2,0,0,4,1,0,0,0,39,0
2,4,0,15,6,2,4,0,4,1,0,0,4,39,0
4,4,0,9,8,2,12,0,4,1,0,0,3,39,0
5,5,0,15,6,2,4,0,4,1,0,3,3,39,0
6,1,0,8,6,6,8,4,2,0,0,0,3,39,0
4,4,2,15,6,2,1,5,4,0,0,0,3,39,1
3,4,1,15,6,2,7,0,4,1,0,0,3,39,0
1,4,1,8,6,4,7,1,4,1,0,0,3,39,0
3,4,1,7,7,5,1,4,2,0,0,0,3,39,0
3,4,0,11,5,4,7,1,1,0,0,0,4,25,0
2,2,0,9,8,0,10,4,4,0,0,0,3,39,0
0,0,1,15,6,4,0,3,4,0,0,0,3,39,0
0,4,0,11,5,4,8,3,4,0,0,0,1,39,0
0,0,1,15,6,4,0,3,4,1,0,0,2,39,0
1,4,1,15,6,2,1,0,4,1,0,0,3,39,0
2,6,2,9,8,2,10,0,4,1,0,0,3,39,1
1,5,0,9,8,2,4,0,4,1,0,0,5,39,1
3,4,1,11,5,2,12,5,4,0,0,0,3,39,1
5,0,0,15,6,4,0,1,2,0,0,0,3,39,0
2,4,1,9,8,4,4,1,4,1,0,0,4,39,0
3,4,1,9,8,2,10,5,2,0,0,0,3,14,1
5,4,0,1,4,2,3,0,4,1,0,0,3,39,0
1,5,0,8,6,2,8,5,4,0,0,0,3,39,1
3,2,1,8,6,2,3,0,4,1,0,0,3,39,1
4,4,2,15,6,2,4,0,4,1,1,0,4,39,1
0,4,1,15,6,4,1,1,4,1,0,0,4,39,0
2,2,1,15,6,0,11,4,4,1,0,0,5,39,0
2,6,0,8,6,4,5,1,4,1,0,0,6,39,0
0,4,1,5,2,4,5,4,3,1,0,0,3,26,0
2,4,2,3,0,3,5,2,4,1,0,0,7,26,0
3,4,2,8,6,2,13,0,4,1,0,0,3,39,0
1,4,0,15,6,4,3,3,4,1,0,0,3,39,0
6,7,1,11,5,2,8,0,4,1,0,0,3,39,0
0,4,0,11,5,4,7,3,4,1,0,0,3,39,0
0,4,2,8,6,4,4,3,4,1,0,0,3,39,0
6,4,0,15,6,0,8,1,2,1,0,0,3,39,0
2,4,1,8,6,4,8,1,4,1,0,0,6,39,0
0,4,2,11,5,3,12,1,4,1,0,3,3,39,0
0,4,1,15,6,2,8,0,4,1,0,0,3,39,0
6,4,0,5,2,2,8,0,1,1,0,0,3,35,0
3,6,1,11,5,4,3,1,4,1,0,0,3,39,0
0,0,0,15,6,4,0,3,4,1,0,0,3,39,0
2,4,0,15,6,2,12,0,4,1,0,0,4,39,0
1,4,0,12,8,4,12,1,4,1,0,0,6,0,0
2,4,0,11,5,0,14,1,4,1,0,0,5,39,0
3,4,1,11,5,5,6,4,2,0,0,0,4,39,0
3,4,1,11,5,5,8,1,2,0,0,0,3,39,0
1,4,1,9,8,4,10,4,3,0,0,0,3,39,0
1,4,0,11,5,2,3,0,4,1,0,0,3,39,0
2,4,0,11,5,2,6,0,4,1,0,0,4,39,0
4,1,1,11,5,2,1,5,4,0,0,0,3,39,1
2,7,1,15,6,4,11,4,2,0,0,0,3,39,0
1,4,1,7,7,2,4,5,4,0,0,0,3,39,0
2,4,1,1,4,5,14,1,4,1,0,0,9,39,0
0,4,0,15,6,4,14,3,4,1,0,0,3,39,0
3,4,0,7,7,0,4,4,4,1,0,0,3,39,0
0,0,2,5,2,4,0,1,4,1,0,0,3,26,0
2,2,1,9,8,2,8,0,4,1,0,0,3,39,1
0,4,0,9,8,4,8,1,4,1,0,0,2,39,0
3,4,1,3,0,2,7,0,4,1,0,0,3,22,0
1,4,0,9,8,4,12,1,4,1,0,0,3,39,0
3,4,0,15,6,2,7,5,4,0,0,0,3,39,1
3,4,1,11,5,0,1,1,4,0,0,0,3,39,0
4,4,0,9,8,2,10,0,4,1,1,0,3,39,1
5,4,0,15,6,0,14,1,4,1,0,0,3,39,1
2,7,0,11,5,2,11,0,4,1,0,0,3,39,0
5,4,0,15,6,3,14,1,4,1,0,0,3,39,0
2,5,1,7,7,2,4,0,4,1,0,0,3,39,1
3,4,1,4,1,2,14,0,4,1,0,0,3,26,0
3,7,0,9,8,4,4,1,4,0,0,0,3,39,0
2,4,1,9,8,2,1,2,4,1,0,0,3,30,1
5,6,2,7,7,2,12,0,4,1,0,0,6,39,0
2,4,0,11,5,4,8,1,4,0,0,0,3,39,0
1,6,0,11,5,2,4,0,4,1,0,0,4,39,0
0,4,0,11,5,4,7,1,4,1,0,0,3,39,0
3,4,1,15,6,2,3,0,4,1,0,0,4,39,1
0,7,2,15,6,4,8,1,4,0,0,0,3,39,0
0,4,0,15,6,4,3,3,4,1,0,0,3,39,0
4,4,2,15,6,2,13,0,4,1,0,0,3,39,1
3,6,1,11,5,2,3,0,4,1,0,0,6,39,0
3,4,1,11,5,0,10,4,4,0,0,0,3,39,0
2,4,0,15,6,0,3,2,3,0,0,0,3,39,0
2,6,0,11,5,2,4,0,4,1,0,0,6,39,0
0,4,1,8,6,4,13,3,4,0,0,0,3,39,0
1,4,2,6,2,2,7,0,4,1,0,0,4,39,0
3,4,1,14,9,2,10,0,4,1,1,0,4,39,1
3,2,0,9,8,2,10,5,4,0,0,0,5,39,0
1,7,1,15,6,4,6,3,4,1,0,0,3,39,0
2,5,1,15,6,2,4,0,4,1,0,0,3,39,1
0,4,1,15,6,2,1,5,1,0,0,0,3,25,0
0,6,0,1,4,4,3,3,4,1,0,0,5,26,0
7,6,0,6,2,2,1,0,4,1,0,0,3,39,0
1,4,1,11,5,4,8,1,4,1,0,0,5,0,0
2,1,2,15,6,2,4,5,2,0,0,0,3,39,1
1,4,1,11,5,2,3,0,4,1,0,0,5,39,0
6,1,2,0,3,0,3,4,4,1,0,0,3,39,0
2,5,0,11,5,4,14,1,4,1,0,0,5,39,0
4,4,0,11,5,4,1,1,2,0,0,0,1,38,0
1,4,1,11,5,4,3,1,0,1,0,0,3,39,0
6,5,0,11,5,0,12,1,4,1,0,0,5,39,0
2,4,1,9,8,2,3,0,4,1,0,0,3,39,1
2,4,1,15,6,2,13,0,4,1,0,0,3,39,1
3,4,0,11,5,2,8,0,4,1,0,0,3,39,0
3,4,0,9,8,2,4,0,4,1,0,0,5,39,0
2,4,0,9,8,0,11,1,2,1,0,0,6,39,1
2,4,1,11,5,2,14,0,4,1,0,0,3,39,0
6,4,0,5,2,2,14,0,4,1,0,0,3,39,0
5,4,2,12,8,2,3,5,1,0,0,0,3,30,0
3,4,1,4,1,3,5,4,4,1,0,0,3,26,0
1,4,1,1,4,2,7,0,4,1,0,0,3,39,0
2,4,1,11,5,4,5,1,4,1,0,0,5,39,0
2,2,2,9,8,2,4,0,4,1,0,0,4,39,1
0,4,1,9,8,4,10,1,4,0,0,0,3,39,0
2,4,0,11,5,0,3,1,4,1,0,0,3,39,0
2,4,0,6,2,2,8,5,2,0,0,0,2,14,0
4,6,1,0,3,2,3,0,4,1,0,0,3,39,0
1,5,0,9,8,2,12,0,4,1,0,0,5,39,1
3,2,1,12,8,4,10,1,4,1,0,0,5,39,1
3,4,0,0,3,4,12,3,4,0,0,0,3,39,0
0,4,1,11,5,4,6,2,4,1,0,0,4,39,0
1,4,0,9,8,2,4,2,4,1,0,0,5,39,0
3,5,1,9,8,2,4,0,4,1,0,0,7,39,1
1,5,0,9,8,4,12,1,4,0,0,0,5,39,0
5,4,1,11,5,5,3,4,4,1,0,0,3,39,0
4,7,1,10,9,2,10,0,4,1,0,4,4,39,1
3,4,1,12,8,0,4,4,4,0,0,0,3,39,0
0,4,0,0,3,4,10,3,4,1,0,0,1,39,0
4,4,1,9,8,0,10,4,4,0,0,0,4,39,0
0,4,1,1,4,4,6,3,4,1,0,0,1,29,0
7,7,1,10,9,2,10,0,4,1,0,0,5,39,1
0,4,2,15,6,4,8,3,4,0,0,0,0,39,0
1,4,1,11,5,2,7,0,4,1,0,0,3,39,0
3,4,0,15,6,4,4,3,4,0,0,0,3,39,0
5,1,0,14,9,0,10,1,4,0,0,0,5,39,1
6,4,1,11,5,6,1,1,4,0,0,0,2,39,0
2,4,1,8,6,2,12,0,4,1,0,0,3,39,0
2,4,1,9,8,2,4,0,4,1,0,0,6,39,0
2,4,0,11,5,2,14,0,4,1,0,0,3,39,0
2,4,0,15,6,0,12,3,4,1,0,0,2,39,0
4,7,0,11,5,2,11,0,4,1,0,0,3,39,0
3,4,1,0,3,0,8,1,4,0,0,0,6,39,0
5,4,0,5,2,2,8,0,2,1,0,0,3,39,0
3,4,0,9,8,0,8,1,1,1,0,0,3,3,0
1,4,1,9,8,4,10,1,4,0,0,0,3,39,0
0,4,1,11,5,4,3,3,4,1,0,0,6,39,0
1,4,1,15,6,4,3,1,4,1,0,0,3,39,0
6,4,1,9,8,2,1,0,1,1,0,0,3,30,0
2,5,1,11,5,2,3,0,4,1,0,0,4,39,1
2,4,0,11,5,0,8,4,4,0,0,0,8,39,0
2,4,1,9,8,4,4,1,4,0,0,0,3,39,0
4,4,1,1,4,0,8,1,4,0,0,0,3,39,0
1,4,0,9,8,4,12,1,4,0,0,0,3,39,0
0,2,1,11,5,4,8,1,4,0,0,0,3,39,0
3,4,1,9,8,2,4,0,4,1,0,0,5,39,1
0,4,1,11,5,4,8,3,4,0,0,0,3,39,0
3,4,0,15,6,0,6,1,4,1,0,0,4,39,0
1,2,0,11,5,4,10,3,4,1,0,0,3,39,0
2,4,1,15,6,0,8,1,4,1,0,0,4,39,0
2,4,2,8,6,0,1,4,4,0,0,0,3,39,0
2,4,1,11,5,4,1,1,4,0,0,0,3,39,0
2,4,2,7,7,0,3,1,2,1,0,0,3,39,0
5,6,0,11,5,2,3,0,4,1,0,0,5,39,1
3,6,2,11,5,2,5,0,4,1,0,0,5,39,0
2,4,0,12,8,2,10,2,4,1,0,0,3,39,1
2,7,1,10,9,2,10,5,4,0,0,0,4,39,1
3,4,2,10,9,4,10,1,4,1,0,0,3,39,1
7,6,0,11,5,2,12,5,4,0,0,0,2,39,0
4,4,1,11,5,2,6,0,4,1,0,0,6,39,0
5,4,1,11,5,0,4,4,4,0,0,0,4,39,0
3,4,0,11,5,2,3,0,4,1,0,0,3,39,0
1,4,0,9,8,4,12,1,4,1,0,3,4,39,0
1,4,2,11,5,2,4,0,4,1,0,0,3,39,1
1,4,1,11,5,4,8,1,4,0,0,0,2,39,0
0,4,1,15,6,4,1,4,2,0,0,0,3,39,0
8,5,0,15,6,6,12,1,4,1,0,0,1,39,0
2,4,1,11,5,2,14,0,2,1,0,0,3,39,0
0,4,2,15,6,4,8,3,4,1,0,0,2,26,0
1,4,1,11,5,2,12,0,4,1,0,0,5,5,0
2,4,0,11,5,2,8,0,1,1,0,0,3,3,0
4,6,0,0,3,2,5,0,4,1,0,0,3,39,0
4,4,0,11,5,4,7,1,2,1,0,0,3,39,0
4,0,0,6,2,5,0,1,0,0,0,0,1,39,0
2,2,1,9,8,4,10,1,4,1,0,0,5,39,0
2,6,1,11,5,2,5,0,4,1,0,0,3,39,0
2,4,1,11,5,2,3,0,4,1,0,5,3,39,0
3,4,0,15,6,3,6,4,4,1,0,0,3,31,0
0,4,1,9,8,4,4,2,4,0,0,0,1,39,0
2,7,1,9,8,5,4,1,4,1,0,0,4,39,0
2,6,2,9,8,2,8,0,4,1,0,0,0,39,0
0,0,1,15,6,4,0,3,4,0,0,0,1,39,0
6,4,0,12,8,2,10,0,1,1,0,0,4,19,1
0,4,2,11,5,4,12,3,4,1,0,0,3,39,0
3,6,1,9,8,2,12,0,4,1,0,0,4,39,1
3,4,0,10,9,0,10,1,4,1,0,0,4,39,1
2,0,1,14,9,0,0,1,4,0,0,0,2,39,0
0,4,0,15,6,4,8,3,4,1,0,0,1,39,0
1,4,1,15,6,0,3,1,4,1,0,0,8,39,0
4,4,0,11,5,5,1,4,4,0,0,0,3,39,0
3,6,1,11,5,2,5,0,4,1,0,0,3,39,0
2,4,1,0,3,4,8,3,4,1,0,0,3,39,0
3,1,1,8,6,0,13,1,4,1,0,0,3,39,0
1,4,1,9,8,4,10,1,4,0,0,0,6,31,0
2,4,0,15,6,2,4,2,4,1,0,0,5,39,1
1,4,1,11,5,2,3,0,4,1,0,0,3,39,0
2,4,0,12,8,2,4,0,4,1,0,4,4,11,1
5,2,1,0,3,2,3,0,4,1,0,0,3,39,0
4,7,1,15,6,2,3,0,4,1,0,0,3,39,0
4,4,1,15,6,2,3,0,2,1,0,0,2,39,0
0,4,0,1,4,4,8,3,2,0,0,0,2,39,0
2,7,0,11,5,4,8,3,4,0,0,0,3,39,0
0,4,1,1,4,4,6,3,4,0,0,0,1,39,0
3,4,0,11,5,2,8,5,4,0,0,0,3,39,0
1,4,1,9,8,4,6,4,4,1,0,0,3,39,0
4,4,1,12,8,2,10,5,4,0,0,0,3,39,0
2,6,1,15,6,2,4,5,4,0,0,0,1,39,0
3,6,1,15,6,2,8,0,4,1,0,0,3,39,1
0,0,0,11,5,4,0,3,4,0,0,0,2,39,0
0,0,0,15,6,4,0,3,4,1,0,0,5,39,0
1,4,1,11,5,4,6,3,4,1,0,0,3,39,0
3,7,1,11,5,2,1,0,4,1,0,0,3,39,0
1,1,1,15,6,2,13,0,4,1,0,0,3,39,1
3,5,0,9,8,2,12,0,4,1,0,0,5,39,1
2,4,0,9,8,4,4,1,4,0,0,0,3,39,0
2,6,1,9,8,0,4,1,4,1,0,0,2,39,0
7,6,1,11,5,0,12,1,4,1,0,0,1,39,0
1,4,1,11,5,2,3,0,4,1,0,0,3,39,0
3,4,2,7,7,2,1,0,4,1,0,0,3,39,0
3,4,0,6,2,2,7,0,2,1,0,0,3,39,0
6,0,0,15,6,2,0,0,4,1,0,0,3,39,0
5,4,2,11,5,2,8,0,4,1,0,0,4,5,0
1,4,1,15,6,4,12,1,2,0,0,0,3,39,0
2,4,1,0,3,4,8,3,4,0,0,0,2,39,0
7,4,1,9,8,2,4,0,4,1,0,0,1,5,0
0,4,1,11,5,4,6,1,4,0,0,0,3,39,0
4,0,0,11,5,2,0,0,4,1,0,0,3,39,1
5,4,1,12,8,2,4,0,4,1,0,0,6,39,1
0,0,0,15,6,4,0,3,4,1,0,0,3,39,0
5,4,1,15,6,6,4,1,2,0,0,0,3,39,0
1,4,1,11,5,4,3,3,2,1,0,0,3,39,0
1,4,0,5,2,5,6,1,4,1,0,0,3,39,0
3,4,1,7,7,0,4,1,4,0,0,0,3,39,1
0,4,1,7,7,4,6,3,4,1,0,0,3,39,0
1,4,1,11,5,2,14,0,4,1,0,0,3,39,0
3,4,0,9,8,2,4,0,4,1,0,0,5,39,1
2,7,1,9,8,4,11,4,2,0,0,0,3,39,0
3,4,1,12,8,4,10,3,4,0,0,0,3,39,0
4,4,1,9,8,4,1,4,4,1,0,0,1,39,0
2,4,1,11,5,2,6,0,4,1,0,0,4,39,1
4,6,1,15,6,4,8,4,2,0,0,0,3,39,0
7,6,0,5,2,2,5,0,4,1,0,0,9,39,1
2,4,2,15,6,0,4,1,4,1,0,0,3,26,0
2,4,0,11,5,2,12,0,4,1,0,0,6,39,1
3,4,1,15,6,2,3,0,4,1,0,0,3,39,1
4,4,0,15,6,2,10,0,4,1,0,0,3,39,1
1,4,1,12,8,4,10,1,4,1,0,0,2,39,0
4,4,2,9,8,2,12,0,4,1,0,0,3,39,0
2,4,0,5,2,2,3,0,4,1,0,0,3,39,0
1,1,1,11,5,2,8,0,4,1,0,0,3,39,0
2,0,0,15,6,0,0,1,0,0,0,0,3,39,0
3,4,1,15,6,2,3,0,4,1,0,0,4,39,1
3,1,0,7,7,0,1,1,2,0,0,3,3,39,0
2,5,0,8,6,2,12,0,4,1,0,0,6,39,0
4,4,2,11,5,5,1,2,4,0,0,0,3,39,0
0,4,1,15,6,4,1,3,4,0,0,0,1,39,0
4,2,1,11,5,2,14,0,4,1,0,0,3,39,1
6,4,1,12,8,2,4,0,4,1,0,5,3,39,1
6,4,0,11,5,0,4,1,4,0,0,0,3,39,0
1,4,1,11,5,4,7,1,4,1,0,0,5,39,0
6,6,1,7,7,3,4,1,4,0,0,0,9,39,0
3,4,2,11,5,2,14,0,4,1,0,0,4,39,0
1,4,1,9,8,2,4,0,4,1,0,4,5,39,1
1,4,0,9,8,2,4,0,4,1,0,0,5,39,1
6,6,1,9,8,2,4,0,4,1,0,0,0,39,1
0,4,0,15,6,4,4,3,2,1,0,0,2,39,0
4,4,0,1,4,2,8,0,0,1,0,0,3,39,0
1,4,1,11,5,4,8,3,4,1,0,0,2,39,0
6,4,0,4,1,2,8,0,1,1,0,0,3,39,0
2,4,1,11,5,2,12,0,4,1,0,0,4,39,1
3,4,0,11,5,2,3,0,4,1,0,0,3,39,0
0,4,0,8,6,4,12,1,2,0,0,0,3,39,0
2,4,1,15,6,2,10,5,4,0,0,0,2,39,1
2,4,1,7,7,2,3,0,4,1,0,0,5,39,0
2,4,1,11,5,2,3,0,4,1,0,0,3,39,0
1,4,0,11,5,4,8,1,2,1,0,0,3,0,0
3,4,2,11,5,2,8,0,4,1,0,0,3,39,0
4,4,2,0,3,2,3,0,4,1,0,0,6,39,1
0,4,1,15,6,4,4,3,3,0,0,0,3,39,0
6,4,1,7,7,0,1,4,4,0,0,0,3,39,0
0,0,1,0,3,4,0,3,4,0,0,0,1,39,0
2,4,1,12,8,4,1,1,4,1,1,0,5,39,1
3,2,0,11,5,0,1,4,4,0,0,0,3,39,0
2,4,1,6,2,2,3,0,4,1,0,0,3,26,0
2,4,0,11,5,2,3,0,4,1,0,0,5,39,0
3,6,0,9,8,2,12,0,4,1,0,4,3,39,1
1,4,0,8,6,2,1,0,4,1,0,0,3,39,0
3,4,1,3,0,2,7,0,4,1,0,0,3,26,0
0,4,1,1,4,4,14,3,4,1,0,0,1,39,0
0,4,2,11,5,0,4,1,0,0,0,0,5,39,0
2,4,1,11,5,5,14,2,4,1,0,0,6,26,0
2,4,1,11,5,5,4,3,4,1,0,0,3,39,0
0,4,1,15,6,4,1,1,4,0,0,0,3,39,0
4,5,1,11,5,2,3,0,4,1,0,0,6,39,1
0,4,0,15,6,4,1,1,4,0,0,0,3,39,0
0,4,1,1,4,4,1,1,4,0,0,0,3,11,0
0,4,0,11,5,4,6,3,4,1,0,0,2,39,0
1,2,2,11,5,2,1,5,4,0,0,0,3,39,1
2,4,3,11,5,5,14,1,2,1,0,0,1,39,0
1,4,1,9,8,4,1,1,4,1,0,0,3,39,0
0,4,0,15,6,4,12,2,1,1,0,0,2,30,0
2,4,0,11,5,5,7,4,2,0,0,0,3,39,0
4,4,1,9,8,2,12,0,4,1,0,0,6,39,0
2,4,4,4,1,4,6,3,4,1,0,0,3,8,0
2,4,0,9,8,4,12,1,4,1,0,0,4,39,0
0,4,3,11,5,4,8,3,4,1,0,0,2,39,0
4,4,2,7,7,0,14,1,2,1,0,0,3,39,0
4,4,2,15,6,0,10,1,4,1,0,0,4,39,1
0,0,1,1,4,4,0,4,4,1,0,0,3,8,0
3,4,1,11,5,2,7,0,4,1,0,0,3,39,1
1,4,0,11,5,0,1,1,4,0,0,0,5,39,0
2,4,1,15,6,2,3,0,4,1,0,0,4,39,1
2,6,1,15,6,5,12,1,1,1,0,0,6,24,0
2,4,0,11,5,2,13,0,4,1,0,0,5,39,0
4,6,0,11,5,2,5,0,4,1,0,3,3,39,0
1,1,0,15,6,2,1,3,4,1,0,0,3,39,0
5,7,1,10,9,2,10,0,4,1,0,0,3,39,1
5,4,0,11,5,2,3,0,4,1,0,0,3,39,0
0,4,1,15,6,2,11,2,4,1,0,0,2,39,0
2,0,0,11,5,2,0,0,4,1,0,0,3,39,0
4,5,1,11,5,2,4,0,4,1,0,4,6,39,1
3,4,0,15,6,2,3,0,4,1,0,4,3,0,1
3,4,0,11,5,0,8,3,4,1,0,0,3,39,0
0,4,0,7,7,4,8,3,4,0,0,0,3,39,0
1,4,1,15,6,4,6,1,2,1,0,0,3,28,0
2,4,1,11,5,4,3,3,4,1,0,0,3,8,0
5,4,1,11,5,2,8,0,4,1,0,0,3,39,0
1,4,1,15,6,2,12,0,4,1,0,0,1,39,0
0,5,1,15,6,4,10,1,4,1,0,0,5,39,0
0,4,1,11,5,4,8,3,4,1,0,0,3,39,0
3,4,0,9,8,2,10,0,4,1,0,0,5,39,0
2,4,0,9,8,4,1,1,4,0,0,0,4,39,0
1,4,0,11,5,4,8,1,4,1,0,0,3,33,0
1,4,1,8,6,2,13,0,4,1,0,4,3,39,0
0,4,1,11,5,4,5,3,4,1,0,0,1,39,0
4,4,1,0,3,2,6,0,4,1,0,0,4,39,0
0,0,1,2,4,4,0,2,2,1,0,0,1,39,0
7,4,0,11,5,2,5,0,1,1,0,0,3,30,0
4,6,1,15,6,2,8,5,4,0,0,0,5,39,0
2,1,1,9,8,2,1,0,1,1,0,0,3,39,0
0,7,2,15,6,4,1,1,4,0,0,0,1,39,0
2,4,1,11,5,2,14,0,4,1,0,0,3,39,0
0,4,2,15,6,4,3,4,4,1,0,0,3,39,0
5,5,0,11,5,2,10,0,2,1,0,0,6,39,1
4,4,1,11,5,6,12,1,4,0,0,0,3,39,0
5,4,1,4,1,2,7,0,4,1,0,0,3,26,0
3,0,3,11,5,0,0,1,2,0,0,0,3,39,0
3,2,2,12,8,0,10,4,4,0,0,0,4,39,0
7,0,0,6,2,2,0,0,4,1,0,0,1,39,0
7,4,1,11,5,2,8,0,4,1,0,0,2,39,0
5,4,0,11,5,2,12,0,4,1,0,0,2,39,0
2,4,1,8,6,2,14,0,4,1,0,0,9,39,1
3,4,1,11,5,2,5,0,4,1,0,0,3,39,0
4,4,0,15,6,0,1,1,4,0,0,0,6,39,0
1,4,1,7,7,4,5,1,4,1,0,0,4,39,0
4,4,0,9,8,2,3,0,4,1,0,0,5,39,0
3,4,1,3,0,2,12,0,4,1,0,0,5,26,0
1,5,0,11,5,2,3,0,4,1,0,4,4,39,1
2,7,2,11,5,0,1,1,4,0,0,0,3,39,0
0,4,1,15,6,4,7,3,4,1,0,0,3,39,0
6,4,0,2,4,6,12,1,4,0,0,0,2,39,0
1,4,0,15,6,2,1,0,4,1,0,0,5,39,1
3,6,0,9,8,0,10,1,4,1,0,0,3,39,0
1,0,1,15,6,4,0,4,4,0,0,0,3,39,0
2,4,2,9,8,4,10,1,4,1,0,0,5,10,0
3,4,1,1,4,2,11,0,4,1,0,0,5,39,0
2,2,0,11,5,2,11,0,4,1,0,0,3,39,0
0,5,1,15,6,4,4,1,4,1,0,0,3,39,0
4,4,2,15,6,2,12,0,4,1,0,0,6,39,1
0,0,1,2,4,4,0,1,4,1,0,0,2,39,0
1,4,1,11,5,2,7,0,4,1,0,0,5,39,1
1,0,1,11,5,2,0,1,4,0,0,0,2,39,0
1,4,0,4,1,4,12,3,1,0,0,0,1,40,0
2,4,1,15,6,2,3,0,4,1,0,0,5,8,0
2,4,1,11,5,4,3,3,4,1,0,0,3,39,0
1,4,0,15,6,4,7,1,4,0,0,0,3,39,0
5,2,0,15,6,0,11,1,2,1,0,0,4,39,0
2,4,0,8,6,4,13,1,4,1,0,0,5,39,0
2,6,1,11,5,2,5,0,4,1,0,0,3,22,0
5,4,0,15,6,2,12,0,4,1,0,0,5,39,0
4,4,0,15,6,2,4,0,4,1,0,4,3,39,1
0,4,0,15,6,0,6,3,4,1,0,0,3,39,0
3,5,1,15,6,2,12,0,4,1,0,0,3,39,0
7,4,0,11,5,2,12,0,4,1,0,0,1,39,0
4,7,2,15,6,0,1,1,4,0,0,0,3,39,0
2,4,2,11,5,2,3,0,4,1,0,0,3,11,0
3,4,1,9,8,2,4,5,4,0,0,0,6,39,1
6,0,1,4,1,2,0,0,4,1,0,0,4,39,0
5,4,0,15,6,4,1,1,2,0,0,5,4,0,0
2,4,1,15,6,2,10,0,4,1,0,0,3,39,0
4,4,1,15,6,2,4,0,4,1,0,0,4,39,0
5,4,0,15,6,5,1,2,4,1,0,0,3,39,0
4,4,0,12,8,2,10,0,4,1,0,0,3,39,1
6,0,0,4,1,2,0,0,4,1,0,0,3,39,0
3,4,0,11,5,0,7,1,4,0,0,0,3,39,0
2,4,2,7,7,1,1,5,4,0,0,0,3,39,0
0,4,1,9,8,4,4,3,4,0,0,0,1,39,0
3,4,1,11,5,6,7,4,4,0,0,0,3,39,0
2,5,1,15,6,2,12,0,4,1,0,0,6,39,1
4,2,0,11,5,2,3,0,4,1,0,4,3,39,1
1,4,0,9,8,4,12,1,4,1,0,0,3,39,1
3,4,1,9,8,2,4,0,4,1,0,0,5,39,1
3,4,1,9,8,2,10,0,4,1,0,0,3,39,1
0,4,2,11,5,4,8,4,4,0,0,0,3,39,0
2,4,1,15,6,4,3,1,2,1,0,0,3,39,1
4,4,2,11,5,0,3,1,4,1,0,0,3,39,0
1,4,1,7,7,4,3,1,4,1,0,0,4,39,0
4,4,2,15,6,2,12,0,4,1,0,0,6,39,0
0,0,0,15,6,4,0,3,4,1,0,0,3,39,0
3,4,1,8,6,2,10,0,4,1,0,0,3,39,1
8,4,2,6,2,2,9,5,2,0,0,0,0,39,0
2,4,1,15,6,0,1,4,4,0,0,0,3,39,0
3,4,1,11,5,2,3,0,4,1,0,0,3,39,0
1,0,0,7,7,2,0,3,0,1,0,0,3,39,0
5,6,1,11,5,2,3,0,4,1,0,0,1,39,0
4,6,1,9,8,6,4,4,1,0,0,0,6,37,0
2,4,0,11,5,0,1,4,4,0,0,0,3,39,0
3,2,1,9,8,2,10,0,4,1,0,0,3,39,1
0,4,0,1,4,4,8,3,4,0,0,0,1,39,0
2,2,0,11,5,2,10,0,4,1,1,0,3,39,1
2,4,1,15,6,5,1,3,4,1,0,0,6,39,0
2,4,1,11,5,2,4,0,4,1,0,0,3,39,1
2,4,2,11,5,4,7,1,2,0,0,0,4,39,0
1,4,2,11,5,4,6,3,2,1,0,0,3,39,0
7,4,0,11,5,0,8,1,4,0,0,0,1,39,0
2,4,1,9,8,2,10,5,4,0,0,0,3,39,0
3,4,1,11,5,5,3,4,4,1,0,0,3,39,0
0,4,1,15,6,4,4,1,4,0,0,0,2,39,0
2,7,1,11,5,2,11,0,4,1,0,0,3,39,0
0,4,0,2,4,4,8,3,4,1,0,0,2,39,0
2,4,1,15,6,4,4,1,4,1,0,0,3,39,0
0,0,0,1,4,4,0,3,4,1,0,0,1,39,0
1,4,0,11,5,3,7,1,4,0,0,0,3,8,0
6,0,1,0,3,6,0,1,4,0,0,0,2,39,0
0,4,0,15,6,4,8,3,4,0,0,0,3,39,0
2,7,1,12,8,4,10,1,4,1,0,0,5,39,0
2,2,0,11,5,2,3,0,4,1,0,0,3,39,0
7,4,2,1,4,0,8,1,2,0,0,0,3,39,0
2,4,1,12,8,5,4,1,4,1,0,0,4,39,1
2,4,1,11,5,2,7,0,4,1,0,0,3,39,0
4,1,0,11,5,6,4,1,4,0,0,0,5,39,0
2,6,1,8,6,2,5,0,4,1,0,0,6,39,0
2,2,0,15,6,3,1,4,2,0,0,0,3,39,0
1,7,0,9,8,4,10,3,4,1,0,0,1,39,0
3,4,1,11,5,0,7,4,4,0,0,0,4,26,0
2,4,2,0,3,4,6,4,2,1,0,0,3,39,0
3,4,1,15,6,0,12,1,4,0,0,0,5,39,0
5,4,0,11,5,2,3,0,4,1,0,0,5,39,1
6,4,1,9,8,2,4,0,4,1,0,0,3,39,1
4,5,1,9,8,2,4,0,4,1,0,0,3,39,1
5,0,1,11,5,2,0,0,4,1,0,4,3,39,1
2,4,0,15,6,2,8,0,4,1,0,0,3,39,1
3,0,2,12,8,2,0,0,4,1,0,0,6,39,1
3,4,1,15,6,2,3,0,4,1,0,0,3,39,0
4,4,1,12,8,2,10,0,4,1,0,0,3,8,1
1,7,1,8,6,4,13,1,4,0,0,3,6,39,0
0,4,2,9,8,4,10,1,4,0,0,0,3,39,0
3,2,1,9,8,2,10,0,4,1,0,0,3,39,1
0,4,1,11,5,4,7,3,4,1,0,0,3,39,0
0,4,0,11,5,4,8,3,4,0,0,0,3,39,0
3,4,0,9,8,2,7,0,4,1,0,0,3,11,1
4,6,0,11,5,2,4,0,4,1,0,0,4,39,1
0,4,1,15,6,2,6,0,2,1,0,0,3,39,0
3,4,0,1,4,5,8,4,4,0,0,0,3,39,0
8,6,0,11,5,2,5,0,4,1,0,0,1,39,0
2,4,1,11,5,2,6,0,4,1,0,0,3,39,0
6,6,0,11,5,6,12,1,4,1,0,0,7,39,0
5,6,1,11,5,2,8,0,4,1,0,0,5,39,1
1,2,3,9,8,4,1,3,2,0,0,0,3,39,0
0,4,1,11,5,4,12,3,4,0,0,0,2,39,0
4,4,1,7,7,2,4,0,4,1,0,0,5,39,1
5,4,0,3,0,2,6,0,4,1,0,0,3,32,0
0,4,2,1,4,4,8,3,2,1,0,3,2,39,0
3,4,0,11,5,4,4,1,4,1,0,0,3,39,0
1,4,0,9,8,4,10,1,4,0,0,0,3,39,0
7,5,1,10,9,2,4,0,4,1,0,0,3,39,1
1,4,1,5,2,2,10,0,4,1,0,0,5,39,0
1,5,0,9,8,4,5,1,4,0,0,0,4,39,0
6,4,1,11,5,6,1,1,4,0,0,0,3,39,0
1,6,2,9,8,4,4,1,4,1,1,0,3,39,1
2,7,0,15,6,5,4,3,4,1,0,0,3,39,0
4,4,0,7,7,2,12,0,4,1,0,0,5,39,0
6,6,0,12,8,2,3,0,4,1,0,0,0,0,0
2,4,1,1,4,0,7,4,4,0,0,0,3,39,0
2,5,2,15,6,2,4,0,4,1,0,0,5,39,1
3,4,1,11,5,2,3,0,4,1,0,4,3,39,1
2,4,1,7,7,2,10,0,4,1,0,0,3,39,1
2,4,0,9,8,2,4,0,4,1,0,0,5,39,0
2,6,2,11,5,4,3,3,4,1,0,0,3,39,0
4,4,0,9,8,4,4,1,4,1,0,0,3,39,0
3,4,1,9,8,0,4,1,4,1,0,0,5,39,0
1,4,0,11,5,4,8,3,4,0,0,0,2,39,0
1,4,0,6,2,2,3,0,4,1,0,0,3,39,0
1,2,1,15,6,4,11,1,4,1,0,0,3,29,0
1,4,0,11,5,2,14,0,4,1,0,0,3,39,0
1,4,2,9,8,2,10,0,4,1,0,0,5,39,0
3,5,0,9,8,2,4,5,1,0,9,0,2,0,1
3,4,1,15,6,2,5,0,4,1,0,0,3,39,0
1,4,1,15,6,4,12,1,4,1,0,0,4,39,0
4,5,0,11,5,2,4,0,4,1,0,0,3,39,1
7,4,1,3,0,0,8,1,2,1,0,0,3,39,0
3,4,1,11,5,0,7,1,4,1,0,0,5,39,0
1,4,1,15,6,4,14,1,4,1,0,0,5,39,0
6,1,0,11,5,6,4,1,4,0,0,0,3,39,0
4,4,1,15,6,0,13,4,4,0,0,0,3,39,0
2,6,0,9,8,2,12,0,4,1,0,0,2,39,0
0,4,1,11,5,4,3,3,4,1,0,0,3,39,0
1,4,0,9,8,4,1,1,4,1,0,0,2,39,0
0,4,1,15,6,4,8,3,1,0,0,0,2,39,0
1,4,1,15,6,2,4,3,4,1,0,0,5,39,0
2,6,2,11,5,5,3,4,4,1,0,0,5,39,0
2,4,0,9,8,2,4,0,4,1,0,0,3,39,0
3,4,1,15,6,6,8,4,4,0,0,0,4,39,0
6,4,0,11,5,0,8,1,4,0,0,0,1,39,0
1,4,1,11,5,4,3,1,4,1,0,0,3,39,0
6,4,0,11,5,2,14,0,4,1,0,0,1,39,0
3,4,1,11,5,2,1,5,4,0,0,0,3,39,1
0,4,1,15,6,4,10,3,4,0,0,0,0,39,0
1,4,1,11,5,3,8,1,3,0,0,0,3,4,0
4,4,0,8,6,2,3,0,4,1,0,0,5,39,1
6,2,1,9,8,5,10,1,4,1,0,0,2,0,0
0,4,0,15,6,4,12,3,4,0,0,0,1,39,0
5,6,1,5,2,2,5,0,4,1,0,0,3,39,0
1,4,0,11,5,4,12,2,4,0,0,0,5,39,0
5,0,0,11,5,0,0,1,4,1,0,0,3,39,0
0,4,0,12,8,4,10,1,4,0,0,0,3,39,0
0,6,0,15,6,4,3,1,4,0,0,0,1,39,0
2,4,0,15,6,4,1,3,4,0,0,5,3,39,0
4,5,2,9,8,2,4,5,4,0,0,0,2,39,1
2,4,1,11,5,4,7,3,4,1,0,0,3,39,0
1,4,1,9,8,4,13,1,4,1,0,0,6,39,0
5,4,1,6,2,2,5,0,4,1,0,0,3,39,0
0,4,1,11,5,2,12,2,4,0,0,0,2,39,0
2,4,0,11,5,2,14,0,4,1,0,0,5,39,1
2,2,0,11,5,2,3,0,4,1,0,0,3,39,1
5,7,0,9,8,2,4,0,4,1,0,0,3,33,1
5,4,2,8,6,2,4,0,4,1,0,0,3,39,0
1,4,1,15,6,4,8,3,2,0,0,0,3,39,0
2,4,1,15,6,2,5,0,4,1,0,0,3,39,1
0,0,1,15,6,4,0,3,4,1,0,0,2,39,0
4,4,1,15,6,2,3,0,4,1,0,0,3,39,1
2,4,2,11,5,0,14,1,2,1,0,0,5,39,0
0,4,1,8,6,4,1,3,4,0,0,0,2,39,0
0,4,1,11,5,4,7,3,4,0,0,0,3,39,0
4,2,0,15,6,2,4,0,4,1,0,0,3,39,0
5,6,3,9,8,2,4,0,4,1,0,0,3,39,1
0,0,1,11,5,4,0,3,4,0,0,3,1,39,0
2,4,0,8,6,4,1,1,3,0,0,0,3,39,0
3,4,0,12,8,4,12,1,4,1,0,0,5,39,1
3,4,0,15,6,2,3,0,4,1,0,0,3,39,1
2,4,2,8,6,0,4,4,4,0,0,0,3,39,0
0,4,0,11,5,4,11,3,2,1,0,0,3,39,0
1,4,0,15,6,2,12,0,4,1,0,0,5,39,1
3,5,0,9,8,2,4,0,4,1,0,0,3,39,1
1,4,1,11,5,4,6,1,4,1,0,0,3,39,0
3,4,0,9,8,2,4,0,4,1,0,0,5,39,1
2,4,1,8,6,0,10,1,4,1,0,0,3,39,1
0,4,1,11,5,2,7,0,4,1,0,0,5,39,0
1,4,0,2,4,3,8,1,2,0,0,0,3,39,0
3,4,0,12,8,2,4,0,4,1,0,0,3,39,1
6,4,1,5,2,2,11,0,4,1,0,0,3,5,0
0,4,0,11,5,4,1,3,4,0,0,0,3,39,0
2,0,1,11,5,2,0,0,4,1,0,0,8,39,0
1,4,1,0,3,0,12,1,4,0,0,0,3,39,0
0,4,0,11,5,4,3,3,4,1,0,0,5,39,0
3,4,1,9,8,2,4,0,4,1,0,0,3,39,1
1,4,1,11,5,4,11,3,4,1,0,0,3,24,0
5,4,1,15,6,2,14,0,4,1,0,0,4,39,1
3,4,1,11,5,2,3,0,4,1,0,0,3,39,0
3,4,1,11,5,4,13,1,4,1,0,0,4,39,0
4,4,1,9,8,4,12,1,2,1,0,0,6,39,1
1,4,1,9,8,2,1,5,4,0,0,0,3,26,0
1,4,1,8,6,2,1,5,4,0,0,0,3,39,1
6,8,1,7,7,2,5,0,4,1,0,0,5,39,0
2,4,2,8,6,2,1,0,2,1,0,0,3,39,0
5,4,1,11,5,2,12,0,4,1,0,0,3,39,1
4,4,3,11,5,2,14,0,4,1,0,0,4,22,1
5,4,2,6,2,2,8,0,4,1,0,0,3,39,0
5,6,0,11,5,2,5,0,4,1,0,0,6,39,0
0,0,1,11,5,5,0,1,4,0,0,0,3,39,0
0,4,1,15,6,4,1,3,4,1,0,0,2,39,0
6,4,1,11,5,0,12,1,4,0,0,0,1,39,0
2,4,0,15,6,5,12,1,4,1,0,0,4,39,0
4,5,1,15,6,2,3,0,4,1,0,0,3,39,0
4,7,2,0,3,2,8,0,4,1,0,0,3,39,0
4,4,1,12,8,0,10,4,4,0,0,0,3,39,0
6,0,0,11,5,2,0,0,4,1,0,0,1,39,0
0,4,1,15,6,4,4,1,4,1,0,0,5,39,0
2,4,0,7,7,2,4,0,4,1,0,0,4,39,1
3,6,2,12,8,2,4,5,4,0,0,4,6,39,1
4,2,0,11,5,0,1,4,2,0,0,0,3,39,0
4,1,0,11,5,2,1,0,2,1,0,0,5,39,1
4,4,0,10,9,2,10,0,4,1,0,0,6,39,1
4,7,2,12,8,4,1,1,4,1,0,0,7,39,1
0,4,0,9,8,4,10,1,4,1,0,0,0,18,0
2,2,1,9,8,0,10,1,4,0,0,0,6,39,0
1,1,3,9,8,4,4,1,2,1,0,0,4,39,0
1,2,1,1,4,2,3,0,4,1,0,0,3,26,0
0,6,0,11,5,4,3,3,4,1,0,0,3,39,0
0,4,1,15,6,4,1,3,4,0,0,0,0,39,0
2,1,1,9,8,2,11,0,4,1,0,4,4,39,1
4,4,0,11,5,2,3,0,4,1,0,0,4,39,1
4,7,1,9,8,0,4,1,4,0,0,0,3,39,0
6,4,2,15,6,0,12,1,4,0,0,0,6,39,0
0,4,2,15,6,4,13,3,4,1,0,3,1,39,0
2,7,1,15,6,3,5,3,4,1,0,0,5,39,0
1,4,0,15,6,4,14,1,4,1,0,0,3,39,0
1,4,1,11,5,4,4,3,4,0,0,0,3,39,0
3,4,3,5,2,4,5,3,4,1,0,0,3,39,0
5,4,0,11,5,0,4,1,4,0,0,0,3,39,0
1,4,2,7,7,2,13,0,4,1,0,0,4,39,1
6,4,1,11,5,2,14,0,4,1,0,4,6,39,1
3,4,1,15,6,0,1,1,4,0,0,0,3,39,0
6,5,0,15,6,2,12,0,4,1,0,0,3,39,0
4,4,1,11,5,0,8,4,2,0,0,0,3,39,0
1,4,1,15,6,4,6,2,4,1,0,0,3,39,0
0,4,0,15,6,4,8,1,4,0,0,0,3,39,0
1,4,0,9,8,4,12,4,4,1,0,0,6,39,0
2,2,1,9,8,2,10,0,4,1,0,0,3,39,1
2,6,1,15,6,5,8,3,4,0,0,0,3,5,0
3,4,1,11,5,2,4,0,4,1,0,0,3,39,1
4,6,0,15,6,2,4,0,1,1,0,0,6,39,0
4,4,0,5,2,2,14,0,4,1,0,0,6,39,1
1,4,0,11,5,4,3,3,4,1,0,0,3,39,0
1,4,0,7,7,4,12,1,4,0,0,0,6,39,0
2,4,1,11,5,4,6,1,4,0,0,0,3,39,0
6,4,2,2,4,2,3,0,4,1,0,0,3,26,0
2,4,0,9,8,0,4,1,4,1,0,0,8,9,1
5,4,1,9,8,2,11,0,4,1,0,0,3,39,1
4,4,0,0,3,2,3,0,2,1,0,0,3,39,0
3,2,1,9,8,2,10,0,4,1,0,0,1,39,0
2,2,1,9,8,4,10,2,2,1,0,0,1,39,0
0,4,2,15,6,4,8,1,4,0,0,0,2,39,0
3,4,1,9,8,2,12,0,4,1,0,4,3,39,1
1,4,0,11,5,4,1,4,4,0,0,0,2,39,0
4,4,0,9,8,4,4,1,4,1,0,0,4,39,1
4,4,0,15,6,6,7,4,4,0,0,0,3,39,0
3,0,2,13,0,6,0,1,4,0,0,0,1,8,0
4,4,0,11,5,2,12,0,4,1,0,0,1,39,0
0,4,1,5,2,4,3,2,4,1,0,0,3,39,0
4,6,0,11,5,0,10,1,1,0,0,0,6,40,0
1,6,0,15,6,2,3,0,4,1,0,0,3,39,0
3,4,0,9,8,4,1,1,1,1,0,0,5,39,0
5,4,0,10,9,2,10,0,4,1,0,4,5,39,1
1,4,1,11,5,2,6,5,4,0,0,0,3,26,1
0,4,1,8,6,4,1,3,2,0,0,0,3,39,0
1,6,1,9,8,2,3,0,4,1,0,0,5,39,0
6,6,0,5,2,2,5,0,4,1,0,0,6,39,1
5,4,0,11,5,2,3,0,4,1,1,0,3,39,1
0,4,1,11,5,2,1,2,4,1,0,0,3,39,0
2,4,0,15,6,4,4,4,2,0,0,0,3,39,0
0,4,1,0,3,4,3,1,4,1,0,0,2,39,0
0,4,2,15,6,2,1,5,4,0,0,0,3,39,0
2,2,1,15,6,4,4,4,2,0,0,0,4,39,0
6,4,0,11,5,2,7,0,4,1,0,0,3,39,0
1,0,0,15,6,4,0,1,4,1,0,0,6,39,0
2,4,0,9,8,4,1,1,4,1,0,0,3,39,0
2,4,1,9,8,4,12,1,4,0,0,0,3,39,0
1,2,2,9,8,0,10,4,4,0,0,0,3,39,0
0,4,2,15,6,4,8,1,2,0,0,0,2,39,0
3,6,0,9,8,2,10,0,4,1,0,0,2,39,0
1,1,1,7,7,2,1,0,4,1,0,0,6,39,0
1,4,2,7,7,4,10,1,4,0,0,0,3,39,0
6,6,0,11,5,2,12,0,4,1,0,0,5,39,0
1,6,1,11,5,4,14,4,2,1,0,0,4,39,0
0,0,0,15,6,4,0,3,4,1,0,0,2,39,0
1,4,0,2,4,5,14,4,2,1,0,0,3,39,0
4,4,1,8,6,2,1,0,4,1,0,0,3,39,0
1,4,1,15,6,4,7,3,4,1,0,0,3,39,0
5,4,1,11,5,4,4,1,4,1,0,0,3,39,0
4,2,0,11,5,0,4,1,4,0,0,0,3,39,0
3,1,3,11,5,4,1,4,4,0,0,0,3,39,0
3,4,2,8,6,5,12,1,2,1,0,0,4,39,0
0,4,0,2,4,4,8,3,4,1,0,0,3,8,0
1,4,1,15,6,2,10,0,4,1,0,0,5,39,1
2,4,1,15,6,4,8,1,4,1,0,0,4,39,0
0,0,1,0,3,4,0,4,4,0,0,0,3,39,0
0,4,0,9,8,4,1,3,4,0,0,0,3,39,0
1,4,3,15,6,4,12,1,2,1,0,0,3,39,0
1,4,0,15,6,2,10,0,4,1,0,0,3,39,1
4,4,1,11,5,2,1,0,4,1,0,0,3,39,0
3,4,1,11,5,2,4,0,4,1,0,0,3,39,0
4,5,1,9,8,2,4,0,4,1,0,0,5,39,1
1,4,1,15,6,2,1,0,4,1,0,0,3,39,1
4,4,0,9,8,0,10,1,4,1,0,0,4,39,1
5,4,1,9,8,6,10,4,4,1,1,0,3,39,1
4,5,1,11,5,2,7,0,4,1,0,0,4,39,0
0,0,0,15,6,4,0,3,4,0,0,0,2,24,0
0,4,1,5,2,5,7,3,4,1,0,0,3,39,0
2,4,1,11,5,4,3,1,4,1,0,2,3,39,0
6,4,0,11,5,2,5,0,4,1,0,0,2,10,0
2,4,1,7,7,2,7,0,4,1,0,0,3,39,1
2,4,0,15,6,4,10,1,4,0,0,0,3,39,0
5,4,1,0,3,0,3,1,4,1,0,0,5,39,0
0,7,1,11,5,4,8,3,4,0,0,0,2,39,0
1,4,1,11,5,4,8,1,4,0,0,0,2,39,0
0,2,0,11,5,4,11,4,4,1,0,0,5,39,0
0,0,1,15,6,3,0,4,2,0,0,0,3,39,0
4,4,0,11,5,6,7,4,2,0,0,0,3,39,0
2,4,2,4,1,5,5,2,4,1,0,0,6,26,0
4,4,1,6,2,2,12,0,4,1,0,0,3,39,0
3,4,1,15,6,4,1,3,4,0,0,0,1,39,0
1,4,3,11,5,2,7,0,4,1,0,0,3,39,0
3,4,0,11,5,4,8,1,4,0,0,0,2,39,0
5,2,1,12,8,4,10,1,4,0,0,0,3,39,1
1,2,2,9,8,4,10,1,4,1,0,0,3,22,0
5,5,1,15,6,2,14,0,4,1,0,0,3,39,1
4,4,1,11,5,2,3,0,4,1,0,0,3,39,0
4,4,0,11,5,2,14,0,4,1,0,0,3,39,1
2,4,0,15,6,4,7,2,4,1,0,0,5,7,0
2,4,2,15,6,2,12,0,4,1,0,0,4,39,0
0,4,0,9,8,4,12,1,4,1,0,0,5,39,0
6,0,1,11,5,2,0,0,4,1,0,0,3,0,1
2,6,0,11,5,2,5,0,4,1,0,4,6,39,1
0,4,1,11,5,4,1,3,4,0,0,0,3,39,0
0,4,0,15,6,4,8,1,4,0,0,0,3,39,0
2,4,0,9,8,2,10,0,4,1,9,0,5,39,1
3,2,1,12,8,4,10,1,4,0,0,3,3,39,0
3,6,0,11,5,4,5,1,4,1,0,0,6,39,0
3,4,1,9,8,4,13,1,4,1,0,0,3,39,0
0,4,0,11,5,4,3,1,4,1,0,0,3,39,0
2,7,1,9,8,2,10,0,4,1,0,0,5,39,1
0,4,1,1,4,4,8,3,4,1,0,0,1,9,0
3,7,1,9,8,2,4,0,4,1,0,0,3,39,1
3,4,1,11,5,4,8,1,4,0,0,0,6,39,0
1,4,1,14,9,4,10,1,4,0,0,0,2,39,0
5,7,1,11,5,2,4,0,4,1,0,0,3,39,1
1,4,1,11,5,5,8,1,4,0,0,0,3,39,0
2,4,2,11,5,4,14,1,4,1,0,0,7,39,0
1,6,1,11,5,0,14,1,4,1,0,0,7,39,0
0,4,1,5,2,4,8,4,4,0,0,0,3,26,0
1,2,1,7,7,0,8,4,4,0,0,0,1,39,0
2,4,0,11,5,4,14,2,4,0,0,0,3,39,0
2,4,1,11,5,4,14,3,4,1,0,0,3,39,0
1,4,2,15,6,0,1,1,4,0,0,0,4,39,0
3,4,0,11,5,2,1,5,4,0,0,0,3,39,1
1,5,1,11,5,2,12,0,4,1,0,0,6,0,0
0,4,1,4,1,4,6,1,4,1,0,0,5,26,0
5,6,0,14,9,2,10,5,4,0,0,0,0,39,0
3,4,0,12,8,2,4,0,1,1,0,0,5,24,1
4,4,2,11,5,0,1,1,4,0,0,0,3,39,0
2,1,1,12,8,4,4,1,4,1,0,0,3,39,1
3,5,1,11,5,2,12,0,4,1,0,0,5,39,1
4,4,1,5,2,2,3,0,1,1,0,0,3,40,0
5,4,0,11,5,4,8,1,4,1,0,0,3,39,0
6,4,1,1,4,2,14,0,4,1,0,0,3,39,0
4,4,1,11,5,3,3,1,4,1,0,0,4,4,0
4,2,0,9,8,4,1,4,4,0,0,0,3,39,0
3,4,0,15,6,0,7,3,4,1,0,0,3,39,0
3,5,0,15,6,2,3,0,4,1,0,0,5,39,1
2,2,1,14,9,2,10,0,2,1,0,0,3,39,1
1,4,0,11,5,4,1,3,4,0,0,0,3,39,0
4,4,0,11,5,4,1,1,4,0,0,0,3,39,0
3,4,1,11,5,2,3,0,4,1,0,0,3,39,1
3,4,1,15,6,2,3,0,4,1,0,0,5,39,1
5,4,1,11,5,0,1,1,4,0,0,0,3,39,0
3,4,1,0,3,4,7,1,2,1,0,0,3,39,0
3,1,1,11,5,4,14,1,2,1,0,0,3,39,0
5,4,0,6,2,2,6,0,4,1,0,0,3,39,0
3,4,0,15,6,2,3,0,4,1,0,0,5,39,1
2,6,1,11,5,2,12,0,4,1,0,0,6,39,0
4,4,0,9,8,2,12,0,4,1,0,0,2,39,0
4,6,1,12,8,2,12,0,4,1,0,0,5,9,0
5,4,0,15,6,2,12,0,4,1,0,0,5,39,1
0,4,1,15,6,4,8,1,4,1,0,0,3,39,0
2,4,0,7,7,0,7,1,4,0,0,0,4,39,0
0,4,2,5,2,4,12,3,4,1,0,0,2,26,0
2,4,1,11,5,4,7,4,2,0,0,0,3,39,0
3,2,1,9,8,0,10,4,2,0,0,0,2,39,0
3,4,0,9,8,2,12,0,4,1,0,0,3,39,0
0,4,0,15,6,4,4,1,4,0,0,0,3,39,0
2,4,1,11,5,2,3,0,4,1,0,0,3,27,0
3,4,2,15,6,2,4,0,4,1,0,0,4,39,0
1,4,0,9,8,4,13,3,4,0,0,0,3,39,0
1,0,0,9,8,4,0,3,4,1,0,0,1,39,0
4,7,0,15,6,2,13,0,4,1,0,0,5,39,0
3,4,1,11,5,0,11,1,2,0,0,0,3,39,0
0,4,1,11,5,4,12,3,4,0,0,0,3,39,0
0,4,0,11,5,4,7,3,2,1,0,0,3,39,0
0,4,1,15,6,4,6,3,4,1,0,0,0,39,0
6,6,0,3,0,6,8,1,2,0,0,0,1,39,0
4,7,0,15,6,0,8,3,4,1,0,0,3,39,0
6,0,1,15,6,2,0,0,4,1,0,5,3,39,0
3,7,2,9,8,0,11,1,4,1,0,0,3,26,1
3,4,0,15,6,2,13,0,4,1,0,0,3,39,0
0,4,1,9,8,4,6,1,4,1,0,0,3,39,0
0,4,0,0,3,4,8,2,2,0,0,0,1,39,0
0,4,0,11,5,4,8,1,4,0,0,0,3,39,0
7,5,0,9,8,0,4,4,4,0,0,0,5,39,0
1,4,2,5,2,5,6,1,4,1,0,0,3,26,0
1,4,2,11,5,4,8,1,4,0,0,0,3,39,0
0,4,0,9,8,4,10,3,4,0,0,0,3,39,0
1,0,0,15,6,2,0,5,4,0,0,0,2,39,0
1,4,0,15,6,4,14,1,4,1,0,0,5,39,0
4,7,0,10,9,2,10,0,4,1,1,0,5,39,1
2,2,0,11,5,2,11,0,4,1,0,0,3,39,0
0,4,0,15,6,4,1,1,4,1,0,0,2,39,0
1,4,3,1,4,4,3,1,4,1,0,4,3,39,0
2,2,1,9,8,4,10,1,4,0,0,0,4,39,0
6,7,1,10,9,2,10,0,2,1,0,0,1,0,0
2,4,4,9,8,2,5,0,4,1,0,0,5,39,0
3,4,0,15,6,0,12,3,4,1,0,0,4,39,0
1,4,2,11,5,0,8,1,4,0,0,0,3,39,0
0,4,0,11,5,4,1,3,4,0,0,0,1,39,0
4,4,0,11,5,5,8,2,2,0,0,0,3,39,0
5,0,1,11,5,0,0,1,4,0,0,0,3,39,0
0,0,0,15,6,4,0,2,4,0,0,0,1,39,0
2,6,0,9,8,2,10,0,4,1,0,0,3,39,0
0,2,1,11,5,4,3,3,4,1,0,0,3,39,0
6,4,0,12,8,2,10,0,4,1,0,0,1,39,0
5,4,1,11,5,2,8,0,4,1,0,0,3,39,0
2,0,0,15,6,2,0,5,4,0,0,0,2,39,0
0,4,1,11,5,4,6,3,4,1,0,0,3,39,0
5,4,0,15,6,2,4,0,4,1,0,0,4,39,1
3,6,1,15,6,2,12,0,4,1,0,0,3,39,0
3,4,3,1,4,4,14,3,4,1,0,0,2,39,0
4,4,1,11,5,2,12,0,4,1,0,0,5,39,0
6,5,1,8,6,2,4,0,4,1,0,0,3,39,1
1,4,0,9,8,4,13,1,1,0,0,0,3,30,0
0,4,1,15,6,4,14,3,4,1,0,0,3,39,0
4,4,0,9,8,2,12,0,4,1,0,0,4,39,0
4,7,0,15,6,2,10,0,4,1,0,0,5,39,0
0,4,1,15,6,4,8,1,4,1,0,0,5,39,0
2,4,1,12,8,2,10,0,4,1,0,4,3,39,1
5,5,1,11,5,0,4,1,4,1,0,0,6,39,0
2,4,0,11,5,4,4,4,4,0,0,0,1,9,0
2,6,1,11,5,2,5,0,4,1,0,0,8,39,1
2,6,2,14,9,2,10,0,4,1,9,0,5,39,1
0,4,1,1,4,4,1,3,4,0,0,0,0,39,0
5,4,0,15,6,4,11,1,4,1,0,0,3,39,0
0,7,2,7,7,4,1,1,4,0,0,0,2,39,0
0,4,2,4,1,4,3,1,4,1,0,0,3,26,0
1,4,1,11,5,4,14,3,4,1,0,0,3,39,0
1,4,1,9,8,4,12,1,4,0,0,0,3,39,0
3,4,1,15,6,0,10,4,4,0,0,0,1,39,0
5,2,1,9,8,2,13,0,4,1,0,0,3,39,1
4,5,0,0,3,2,5,0,4,1,0,0,8,39,0
3,4,1,11,5,2,7,0,4,1,0,0,4,26,0
0,4,2,15,6,4,9,1,4,0,0,0,0,39,0
1,7,0,7,7,4,1,3,4,0,0,0,3,39,0
3,4,1,11,5,5,12,4,4,0,0,0,3,39,0
7,0,1,1,4,2,0,0,4,1,0,0,0,39,0
1,4,1,15,6,2,3,0,4,1,0,0,3,39,0
1,2,0,9,8,4,10,1,4,0,0,0,6,39,0
4,4,0,9,8,2,13,0,4,1,0,0,3,39,1
2,6,1,15,6,0,8,4,4,0,0,0,3,39,0
3,4,1,11,5,2,1,0,4,1,0,0,3,26,0
0,4,2,15,6,4,8,3,4,0,0,0,3,39,0
0,4,1,15,6,4,8,3,4,0,0,0,3,39,0
1,5,1,11,5,4,4,1,4,1,0,0,6,39,1
4,4,0,15,6,2,14,0,4,1,1,0,6,2,1
0,4,2,11,5,4,1,3,4,0,0,0,1,39,0
4,2,1,1,4,0,6,4,4,1,0,0,3,39,0
3,4,0,15,6,2,4,0,4,1,0,0,3,39,0
2,4,1,15,6,2,4,0,4,1,0,0,5,39,1
1,4,0,15,6,4,12,3,4,0,0,0,3,39,0
0,4,1,0,3,2,7,0,4,1,0,0,3,39,0
3,4,0,1,4,0,6,4,4,0,0,0,3,39,0
3,4,1,11,5,2,6,0,4,1,0,0,3,39,0
1,4,1,11,5,4,4,1,4,1,0,0,5,39,0
4,6,1,5,2,2,8,0,4,1,0,0,7,22,0
0,4,1,15,6,4,12,3,4,1,0,3,1,39,0
3,6,0,9,8,2,5,0,4,1,0,0,7,39,0
3,4,0,8,6,2,13,0,4,1,0,4,4,39,1
1,5,0,11,5,2,4,0,4,1,0,0,6,39,1
2,4,0,11,5,0,1,4,4,0,0,0,3,39,0
1,4,1,14,9,2,10,0,1,1,0,0,1,19,1
2,4,1,9,8,2,10,0,4,1,0,0,5,39,1
5,4,1,9,8,2,7,0,4,1,0,0,3,39,0
0,0,1,15,6,4,0,3,4,1,0,0,1,39,0
1,1,0,14,9,4,4,1,4,1,0,0,5,0,0
7,0,0,11,5,2,0,0,4,1,0,0,1,39,0
3,4,1,4,1,2,6,0,4,1,0,0,3,13,0
3,7,0,10,9,2,10,0,4,1,0,0,3,39,1
4,6,0,9,8,4,5,1,4,1,0,0,6,39,0
2,0,2,8,6,2,0,0,4,1,0,0,6,39,1
4,4,1,9,8,2,4,0,2,1,0,0,3,39,0
2,4,0,8,6,2,3,0,4,1,0,0,3,39,0
2,4,1,11,5,0,14,3,4,1,0,0,6,39,0
1,4,0,7,7,4,1,1,4,1,0,0,3,39,0
0,4,0,6,2,4,6,3,4,1,0,0,2,39,0
3,4,1,12,8,2,4,0,4,1,1,0,5,39,1
3,4,0,11,5,2,3,0,0,1,0,0,3,39,0
2,4,0,9,8,2,7,0,4,1,0,0,3,20,0
3,4,2,11,5,3,6,2,1,1,0,0,3,0,0
6,4,0,11,5,2,8,5,4,0,0,0,0,39,0
5,4,0,15,6,0,8,1,4,1,0,0,3,39,0
5,4,0,11,5,0,8,1,1,1,0,0,3,3,0
3,4,0,9,8,0,12,4,4,1,0,0,4,39,1
0,4,1,0,3,4,8,2,4,0,0,0,3,39,0
3,4,1,11,5,2,7,0,4,1,0,0,3,39,0
0,0,1,15,6,4,0,3,4,0,0,0,3,39,0
4,4,2,13,0,2,7,0,4,1,0,0,3,8,0
2,4,0,9,8,2,14,0,1,1,0,0,3,39,1
1,4,1,11,5,2,3,0,4,1,0,0,6,39,0
3,4,1,15,6,2,3,0,4,1,0,0,5,39,1
3,4,1,9,8,4,4,1,4,0,0,0,4,39,0
3,6,0,11,5,2,5,0,4,1,0,0,3,39,1
1,4,1,15,6,4,4,3,4,0,0,0,3,41,0
1,7,1,12,8,4,10,1,4,0,0,0,3,39,0
3,4,1,15,6,0,11,1,4,1,0,0,7,39,0
5,4,2,8,6,2,12,0,4,1,0,3,5,39,0
4,4,0,9,8,0,3,4,4,1,0,0,2,39,0
3,4,0,9,8,2,10,0,4,1,0,0,5,39,1
4,4,1,2,4,0,6,4,4,1,0,0,3,39,0
3,4,1,8,6,2,1,0,4,1,0,0,3,39,0
2,4,1,15,6,0,1,4,4,0,0,0,3,39,0
4,2,4,11,5,2,14,0,2,1,0,0,3,39,1
3,4,2,11,5,2,4,0,4,1,0,0,5,39,1
1,4,0,9,8,4,10,1,3,0,0,0,5,39,0
1,4,2,15,6,4,6,1,2,1,0,0,3,39,0
6,4,0,11,5,0,5,1,4,0,0,0,8,39,0
2,4,1,11,5,4,1,1,4,0,0,0,3,39,0
3,4,2,9,8,4,10,1,4,0,0,0,4,26,0
2,4,2,2,4,2,8,0,4,1,0,0,3,39,0
0,4,1,11,5,4,1,1,4,0,0,0,3,39,0
2,4,1,11,5,2,12,0,4,1,0,0,5,39,0
0,4,1,1,4,4,9,3,4,0,0,0,0,39,0
1,4,0,11,5,2,7,0,0,1,0,0,4,39,0
3,2,0,15,6,2,1,0,4,1,0,0,3,39,1
0,4,1,11,5,4,1,1,4,0,0,0,3,39,0
2,4,0,11,5,2,6,0,4,1,0,0,3,39,0
2,4,1,7,7,2,10,0,4,1,0,0,4,39,1
3,4,0,9,8,2,3,0,4,1,0,0,3,11,1
2,4,0,15,6,5,8,4,4,0,0,0,3,39,0
1,4,1,14,9,0,13,1,4,0,0,0,3,39,0
1,4,0,9,8,4,13,1,4,1,0,0,3,39,0
1,4,1,15,6,2,10,0,4,1,0,0,4,39,0
5,4,0,11,5,6,1,1,4,0,0,0,3,39,1
1,4,0,2,4,4,6,4,4,1,0,0,4,39,0
0,4,2,11,5,2,3,0,4,1,0,0,4,26,0
5,4,1,11,5,2,7,0,2,1,0,0,3,39,1
3,4,1,10,9,2,10,0,4,1,0,0,7,39,0
7,6,0,11,5,2,13,0,4,1,0,0,2,39,0
1,2,2,15,6,4,14,3,4,1,0,0,3,39,0
1,4,1,15,6,2,1,5,4,0,0,0,3,39,1
2,4,1,11,5,0,14,1,4,1,0,0,3,39,0
5,6,0,11,5,2,5,0,0,1,0,0,5,39,0
1,4,0,11,5,2,10,0,4,1,0,0,3,39,0
2,4,0,11,5,2,4,0,4,1,0,0,3,39,0
5,4,0,4,1,2,14,0,4,1,0,0,3,39,0
2,4,0,11,5,4,6,1,0,1,0,0,2,39,0
4,4,1,9,8,5,1,4,1,0,0,0,3,30,0
1,4,1,11,5,0,3,3,4,1,0,0,5,39,0
5,6,1,11,5,6,1,4,4,0,9,0,3,39,1
3,4,2,9,8,0,10,4,4,0,0,0,3,39,0
7,4,2,7,7,0,1,1,4,0,0,0,0,11,0
3,7,0,9,8,2,10,0,4,1,0,0,4,39,1
0,4,1,4,1,4,7,2,4,1,0,0,3,26,0
1,4,1,8,6,2,12,0,4,1,0,0,3,39,0
0,6,1,0,3,4,5,3,4,1,0,0,3,39,0
7,4,1,11,5,2,4,0,4,1,0,0,3,39,1
3,6,0,11,5,2,3,0,4,1,0,3,3,39,0
2,4,4,15,6,4,4,1,4,0,0,0,5,39,0
1,4,0,7,7,4,10,3,4,0,0,0,3,39,0
6,4,2,15,6,0,3,4,4,1,0,0,2,39,0
0,7,0,15,6,4,12,3,2,0,0,3,1,39,0
1,4,0,9,8,4,12,3,4,0,0,0,4,0,0
1,4,3,15,6,2,3,0,4,1,0,0,6,39,0
3,5,0,11,5,2,3,0,4,1,0,0,6,39,0
3,4,1,11,5,4,14,1,4,1,0,3,4,39,0
3,4,0,11,5,2,12,0,4,1,0,0,3,39,1
2,4,1,11,5,2,14,0,4,1,0,0,6,39,1
0,4,1,9,8,4,10,3,4,1,0,0,6,39,0
0,4,0,9,8,2,12,0,4,1,0,0,4,39,0
0,4,1,11,5,4,8,2,2,1,0,0,2,39,0
5,6,1,3,0,2,12,0,4,1,0,0,3,26,0
1,4,0,9,8,4,10,1,4,1,0,0,4,39,0
3,4,1,11,5,2,3,0,4,1,0,0,5,39,0
4,4,0,10,9,2,10,5,4,0,9,0,3,39,1
2,4,2,15,6,4,1,3,4,1,0,0,3,39,0
3,4,0,15,6,2,1,5,4,0,0,0,3,39,1
5,1,2,15,6,0,1,1,4,0,0,0,3,39,0
4,1,1,11,5,2,1,0,4,1,0,0,4,39,0
0,0,0,1,4,4,0,3,4,0,0,0,2,39,0
2,6,0,15,6,2,4,0,4,1,0,0,5,39,1
2,4,2,11,5,4,7,1,4,1,0,0,3,39,0
0,0,1,1,4,4,0,3,2,0,0,0,1,39,0
5,4,0,5,2,2,3,0,4,1,0,0,3,39,0
3,6,1,7,7,4,10,3,2,0,0,0,0,39,0
2,4,2,15,6,0,1,1,2,0,0,0,3,39,0
3,4,0,11,5,0,11,3,4,1,0,0,3,39,0
3,4,0,11,5,0,10,1,4,0,0,0,3,39,0
5,4,1,9,8,2,4,0,4,1,0,0,6,39,1
4,6,0,9,8,2,4,0,4,1,9,0,5,39,1
2,4,1,11,5,2,3,0,4,1,0,0,4,39,0
0,4,1,11,5,4,14,2,2,1,0,0,4,39,0
3,2,1,8,6,2,14,0,4,1,0,0,2,39,0
2,4,1,7,7,0,3,4,4,1,0,0,4,39,1
3,4,1,9,8,2,4,0,4,1,0,0,3,39,0
3,6,0,7,7,2,3,0,4,1,0,4,3,39,1
0,4,0,11,5,2,3,0,4,1,0,0,3,39,0
2,2,0,11,5,2,8,0,4,1,0,0,5,39,0
0,4,1,15,6,4,7,1,4,1,0,0,3,39,0
1,0,1,11,5,5,0,4,4,0,0,0,3,39,0
2,4,1,11,5,2,7,0,4,1,0,0,3,39,0
3,6,0,11,5,0,12,1,4,1,0,0,4,39,0
6,2,1,11,5,2,6,0,4,1,0,0,3,39,0
3,5,0,9,8,2,3,0,4,1,0,0,5,39,1
0,4,0,15,6,4,4,3,4,1,0,0,5,39,0
0,4,1,11,5,4,12,3,4,0,0,0,2,39,0
2,4,3,0,3,0,3,1,4,1,0,0,3,39,0
7,4,0,15,6,2,10,0,4,1,0,0,1,39,0
0,4,0,15,6,4,10,3,1,1,0,4,3,39,0
5,1,0,14,9,0,4,1,2,1,0,0,5,39,1
1,4,0,11,5,2,12,5,4,0,0,0,1,39,0
1,4,1,11,5,4,12,3,4,0,0,0,2,39,0
6,6,1,11,5,2,5,0,4,1,0,0,3,39,0
0,4,1,9,8,4,4,3,4,0,0,0,3,39,0
2,7,0,9,8,4,10,4,2,0,0,0,3,39,0
2,4,0,9,8,2,4,0,4,1,0,0,3,39,0
8,4,1,15,6,6,9,1,4,0,0,0,1,39,0
0,4,1,1,4,4,12,3,4,0,0,0,1,39,0
1,6,2,11,5,2,4,0,4,1,0,0,7,39,0
3,2,1,9,8,0,10,4,4,0,0,0,3,39,0
4,4,0,11,5,6,6,2,4,0,0,0,4,39,0
0,4,0,11,5,4,8,3,4,1,0,0,3,39,0
5,4,1,15,6,2,3,0,4,1,0,0,3,39,1
6,4,0,11,5,6,12,1,4,0,0,0,3,39,0
1,4,1,11,5,2,4,0,4,1,0,0,3,39,1
3,4,1,15,6,2,13,0,4,1,0,0,1,39,1
0,4,0,1,4,4,8,1,4,1,0,0,1,39,0
6,0,0,11,5,2,0,0,4,1,0,0,3,39,0
0,2,1,15,6,4,8,3,2,0,0,0,3,39,0
2,4,0,9,8,3,8,4,4,0,0,0,2,39,0
2,4,1,11,5,2,3,0,4,1,0,0,3,39,0
2,4,0,11,5,0,7,1,4,1,0,0,3,39,0
1,4,1,11,5,4,8,1,4,0,0,0,5,39,0
0,0,0,15,6,4,0,3,4,1,0,0,7,39,0
2,4,2,15,6,2,8,5,4,0,0,0,3,39,1
3,4,0,15,6,0,1,4,4,0,0,0,4,39,0
4,2,0,12,8,2,4,0,2,1,0,4,5,39,1
3,4,0,15,6,2,4,0,4,1,0,4,6,39,1
2,0,1,9,8,4,0,1,4,0,0,0,1,0,0
4,4,0,11,5,4,8,4,4,1,0,0,3,39,0
3,4,2,7,7,4,10,1,4,1,0,0,5,39,1
3,4,1,9,8,4,10,3,4,0,0,0,1,9,0
0,0,0,0,3,4,0,3,4,1,0,0,3,39,0
0,4,1,15,6,4,12,3,4,0,0,0,0,39,0
3,5,0,10,9,2,10,0,4,1,0,0,6,39,0
1,4,1,11,5,4,8,3,4,0,0,0,2,39,0
2,4,2,9,8,4,12,4,4,0,0,0,3,39,1
5,4,1,11,5,2,1,0,4,1,0,0,3,39,0
1,4,0,11,5,2,7,0,4,1,0,0,4,39,0
0,4,0,2,4,4,12,3,4,0,0,0,1,39,0
6,2,1,15,6,0,4,1,4,0,0,0,3,39,0
2,4,3,11,5,0,8,1,2,1,0,0,3,39,0
3,6,0,11,5,2,3,0,4,1,0,0,2,39,0
2,2,0,9,8,4,10,1,0,1,0,0,6,39,0
1,4,0,9,8,4,4,3,4,1,0,0,4,39,0
3,4,1,15,6,0,10,4,2,0,0,0,3,39,0
0,4,2,15,6,4,11,3,4,1,0,0,3,11,0
1,1,0,15,6,2,1,0,4,1,0,0,3,39,1
2,2,0,9,8,2,10,0,4,1,0,0,5,39,0
1,4,0,11,5,5,4,4,4,0,0,0,3,39,0
4,4,1,7,7,2,4,0,4,1,0,0,4,39,1
5,4,0,15,6,2,3,0,4,1,0,0,3,39,1
3,6,1,14,9,2,10,0,4,1,0,5,8,39,1
5,4,0,12,8,2,10,0,4,1,0,0,5,39,0
2,7,0,15,6,4,5,3,4,1,0,0,3,39,0
0,4,0,6,2,4,8,4,4,0,0,0,1,39,0
5,5,0,15,6,2,4,0,4,1,0,4,4,39,1
5,4,1,11,5,0,6,1,4,1,0,0,3,39,0
2,4,0,11,5,5,8,3,4,1,0,0,3,39,0
5,4,1,9,8,2,12,0,4,1,0,0,3,39,1
4,5,2,8,6,2,4,0,4,1,0,0,6,39,1
1,4,1,9,8,2,4,0,4,1,0,0,3,39,0
5,4,0,10,9,2,13,0,4,1,0,4,3,11,1
5,4,1,8,6,2,12,0,4,1,0,0,5,39,0
4,2,1,14,9,4,10,1,4,1,0,0,3,39,0
3,4,1,15,6,5,8,4,4,0,0,0,0,39,0
0,0,1,7,7,4,0,1,4,1,0,0,1,39,0
1,4,0,9,8,4,10,1,4,1,0,0,5,39,0
4,1,0,15,6,2,4,5,1,0,0,0,3,39,1
2,2,1,9,8,2,10,0,4,1,0,0,3,39,0
0,4,0,11,5,4,1,3,4,0,0,0,1,39,0
1,4,1,14,9,4,10,1,4,1,0,0,6,39,0
3,4,1,15,6,0,4,2,4,0,0,0,4,39,0
4,4,0,11,5,0,12,1,4,0,0,0,3,39,0
0,6,1,15,6,4,5,3,4,1,0,0,6,39,0
6,4,0,15,6,2,6,0,4,1,0,0,2,39,0
2,6,1,11,5,2,4,0,4,1,0,0,3,39,0
4,4,0,8,6,2,4,0,4,1,0,0,4,39,1
0,0,0,7,7,2,0,0,4,1,0,0,1,39,0
1,4,0,8,6,4,8,1,4,1,0,0,3,39,0
4,5,0,15,6,2,4,0,4,1,0,0,6,0,1
0,4,0,9,8,4,10,3,4,1,0,0,5,39,0
2,4,2,6,2,4,3,1,4,1,0,0,3,39,0
6,2,0,12,8,0,10,1,4,0,0,0,3,39,1
3,2,2,7,7,4,4,1,4,1,0,0,3,39,0
1,5,0,8,6,4,14,4,4,1,0,0,5,39,0
3,4,0,9,8,2,10,0,4,1,0,0,3,39,1
3,1,2,15,6,2,1,0,2,1,0,0,3,39,0
3,2,1,7,7,2,13,0,4,1,0,0,3,39,1
0,4,0,15,6,4,6,3,4,0,0,0,0,39,0
1,4,1,11,5,3,12,4,4,0,0,0,2,39,0
3,7,2,15,6,2,11,0,4,1,0,0,3,39,1
0,4,1,15,6,4,12,1,4,1,0,0,1,39,0
5,4,2,9,8,2,7,0,4,1,0,0,3,31,1
2,4,1,1,4,2,5,0,4,1,0,0,3,39,0
3,4,1,9,8,2,4,0,4,1,1,0,6,39,1
0,4,0,11,5,4,7,1,4,0,0,0,2,39,0
0,2,1,15,6,4,8,1,2,1,0,0,2,39,0
6,0,0,9,8,2,0,0,4,1,0,0,4,39,1
3,4,0,11,5,0,7,1,4,1,0,0,3,39,0
2,7,1,15,6,4,1,1,4,1,0,0,3,39,0
9,4,0,15,6,0,1,4,4,0,0,0,3,39,0
5,7,3,8,6,2,3,0,2,1,0,0,6,39,1
1,4,0,11,5,2,10,0,4,1,0,0,5,39,1
4,7,1,10,9,2,10,0,4,1,0,0,3,39,1
4,2,1,15,6,0,10,1,4,0,0,0,3,39,0
5,2,0,11,5,2,4,0,4,1,0,0,5,39,0
4,2,1,9,8,2,10,0,4,1,0,0,6,39,0
6,4,1,5,2,6,8,1,2,0,0,0,2,39,0
2,4,0,11,5,0,1,3,4,1,0,0,3,39,0
0,4,1,15,6,4,13,3,4,1,0,0,2,39,0
0,7,1,9,8,4,1,3,4,1,0,0,3,39,0
6,0,1,15,6,3,0,1,4,1,0,0,3,39,0
1,2,0,9,8,2,10,0,4,1,0,0,3,39,0
5,6,0,14,9,2,12,0,4,1,0,0,2,39,0
4,6,1,9,8,2,4,5,4,0,0,0,3,39,1
2,1,1,11,5,2,1,5,4,0,0,0,3,39,1
7,5,0,12,8,2,4,0,4,1,9,0,3,39,1
4,6,1,9,8,4,12,1,4,1,0,0,4,39,0
6,4,0,6,2,2,4,0,4,1,0,0,3,39,0
4,4,0,15,6,0,3,1,4,1,0,0,2,39,0
0,4,1,1,4,4,8,3,2,1,0,0,0,39,0
1,4,0,11,5,0,12,4,4,0,0,0,3,39,0
4,4,1,1,4,0,3,2,4,0,0,0,3,39,0
5,2,1,12,8,0,10,1,4,0,0,0,3,39,0
5,4,2,11,5,6,1,4,4,0,0,0,6,39,0
4,4,1,9,8,2,4,0,4,1,0,0,3,39,1
2,2,1,7,7,0,4,1,2,0,0,0,3,39,0
4,4,0,15,6,0,3,1,4,1,0,0,4,39,1
1,4,1,11,5,0,3,1,4,1,0,0,5,39,0
2,4,1,15,6,4,4,1,4,1,0,0,6,39,0
0,4,1,15,6,4,8,3,4,0,0,0,1,39,0
1,7,0,7,7,4,1,4,2,0,0,0,3,39,0
6,0,1,11,5,6,0,1,4,0,0,0,1,39,0
4,2,0,13,0,4,7,1,4,0,0,0,3,39,0
0,4,1,15,6,4,6,3,4,1,0,0,1,39,0
5,4,0,15,6,2,12,0,4,1,0,0,4,39,0
0,4,1,1,4,4,12,3,4,0,0,0,3,39,0
2,0,1,15,6,0,0,1,4,1,0,0,3,39,0
3,4,1,11,5,2,5,0,4,1,0,0,4,39,0
1,4,1,11,5,4,1,3,4,0,0,0,3,39,0
2,4,2,11,5,2,14,0,4,1,0,0,5,39,0
7,4,2,15,6,2,12,0,4,1,0,0,2,39,0
1,4,1,9,8,4,4,4,4,0,0,0,5,39,0
3,4,1,7,7,2,13,0,4,1,0,0,3,39,1
3,4,1,9,8,2,4,0,4,1,0,0,6,39,1
1,4,1,9,8,4,12,1,4,1,0,0,3,39,0
2,4,1,15,6,4,1,4,1,0,0,0,3,39,0
1,4,1,11,5,2,8,0,3,1,0,0,3,39,0
5,4,0,6,2,2,12,0,4,1,0,0,3,39,0
1,4,0,15,6,2,6,0,4,1,0,0,3,39,0
0,4,0,5,2,4,7,3,4,1,0,0,3,39,0
4,4,0,11,5,2,3,0,4,1,0,0,3,39,1
6,0,0,9,8,2,0,0,4,1,0,0,3,39,1
0,4,1,11,5,4,5,3,2,1,0,0,3,39,0
4,6,1,9,8,0,4,1,1,1,0,0,6,24,0
4,4,1,12,8,2,4,5,4,0,0,3,3,39,0
1,4,1,15,6,2,1,0,4,1,0,4,3,39,0
1,0,1,8,6,5,0,4,4,0,0,0,3,26,0
1,4,1,9,8,4,8,1,4,1,0,0,3,39,0
4,6,2,15,6,2,3,0,4,1,0,0,3,39,0
0,4,1,11,5,4,7,1,4,1,0,0,3,39,0
3,4,1,11,5,5,7,4,4,1,0,0,3,39,0
4,4,1,1,4,2,7,5,2,0,0,0,3,39,0
0,4,2,11,5,4,8,1,4,1,0,0,3,39,0
3,4,1,11,5,2,4,5,4,0,0,0,3,39,1
2,5,1,15,6,2,4,0,1,1,0,0,7,37,1
1,4,0,11,5,2,8,0,4,1,0,0,5,11,0
0,4,0,15,6,4,14,3,4,1,0,0,2,39,0
3,4,2,11,5,2,12,0,4,1,0,4,4,39,1
4,4,1,15,6,5,1,4,4,0,0,0,5,39,1
4,4,0,11,5,2,3,0,4,1,0,0,3,39,0
3,4,0,11,5,2,12,0,4,1,0,0,5,39,1
6,5,0,11,5,2,4,0,1,1,0,0,3,39,1
7,4,1,14,9,2,10,0,4,1,0,0,1,39,1
3,6,0,15,6,2,4,0,1,1,0,0,7,0,0
8,4,0,9,8,6,12,1,4,1,0,0,5,39,1
3,2,0,9,8,0,10,1,4,0,0,0,5,39,0
3,6,0,0,3,2,3,0,4,1,0,0,6,0,0
5,4,2,15,6,0,8,1,4,1,0,0,3,39,0
0,4,2,0,3,4,12,3,4,1,0,0,0,39,0
4,4,1,11,5,2,3,0,4,1,0,0,3,39,0
1,6,0,15,6,2,3,0,4,1,0,0,3,39,0
6,4,0,15,6,4,1,1,4,0,0,0,3,39,0
1,4,1,10,9,4,1,3,4,0,0,0,3,39,0
2,4,1,7,7,2,3,0,4,1,0,0,4,39,0
1,4,0,11,5,6,3,4,4,0,0,0,3,39,0
2,4,1,0,3,0,7,1,4,1,0,0,3,39,0
0,4,1,6,2,4,7,1,4,1,0,3,3,39,0
1,4,1,4,1,4,3,3,4,1,0,0,3,0,0
4,4,0,9,8,2,12,0,4,1,0,0,6,39,1
2,4,1,15,6,4,12,4,4,1,0,0,5,39,0
4,0,1,15,6,2,0,0,4,1,0,0,1,39,1
2,5,0,15,6,2,12,0,4,1,0,0,5,39,1
6,6,1,9,8,2,12,0,4,1,0,0,1,39,0
1,4,1,9,8,2,10,5,4,0,0,0,3,39,0
2,0,1,9,8,4,0,3,4,0,0,0,3,39,0
1,4,2,11,5,2,14,0,4,1,0,0,5,39,0
2,4,0,1,4,2,8,0,4,1,0,0,3,39,0
2,6,2,11,5,4,14,3,4,1,0,0,3,39,0
0,4,0,11,5,4,8,3,4,1,0,0,3,39,0
4,4,1,9,8,2,12,0,4,1,0,0,7,39,0
3,1,1,11,5,4,1,3,4,1,0,0,3,39,0
4,4,0,15,6,6,8,1,4,0,0,0,3,39,0
3,4,1,11,5,2,14,0,4,1,0,0,3,39,0
3,1,2,15,6,2,1,0,2,1,0,0,3,39,1
2,4,0,9,8,4,10,1,1,0,0,0,3,30,1
3,4,1,15,6,2,3,0,4,1,0,0,5,39,1
6,0,0,9,8,6,0,1,4,0,0,0,3,39,1
2,4,0,11,5,4,14,3,4,0,0,0,3,39,0
2,4,1,11,5,0,10,3,4,0,0,0,3,39,1
4,2,1,12,8,5,10,4,4,0,0,0,7,39,0
0,4,1,15,6,4,1,3,4,0,0,0,3,39,0
2,4,1,5,2,5,6,1,2,1,0,0,3,14,0
1,4,2,11,5,2,7,0,1,1,0,0,3,30,0
1,4,2,11,5,4,3,3,4,1,0,0,3,39,0
1,1,2,11,5,4,1,1,2,0,0,0,5,39,0
2,1,0,8,6,4,10,2,1,1,0,0,3,39,0
4,5,1,11,5,2,3,0,4,1,0,0,3,39,1
1,4,1,15,6,4,1,1,4,1,0,0,3,39,0
3,4,2,11,5,2,1,5,4,0,0,0,3,39,0
3,4,0,9,8,2,4,0,4,1,0,0,5,39,1
4,4,2,12,8,2,4,0,4,1,0,0,3,39,0
3,6,2,15,6,0,12,4,4,0,0,2,4,39,0
5,4,2,6,2,4,8,1,2,1,0,0,5,39,0
0,0,1,1,4,4,0,3,4,1,0,0,3,39,0
6,6,0,5,2,2,3,0,4,1,0,0,3,39,0
5,4,0,11,5,2,3,0,4,1,0,0,3,39,0
2,4,2,9,8,2,4,0,4,1,0,0,5,39,1
0,4,1,2,4,4,8,1,4,1,0,0,3,39,0
0,4,1,11,5,4,8,3,4,0,0,0,1,39,0
0,4,1,0,3,4,12,2,2,0,0,0,3,39,0
1,2,1,15,6,4,14,4,2,0,0,0,3,39,0
4,4,0,15,6,2,13,0,4,1,0,0,4,39,1
4,4,1,11,5,0,12,3,4,0,0,0,1,39,0
2,4,2,11,5,0,8,1,4,0,0,0,7,39,0
1,5,1,15,6,4,4,1,4,0,0,0,6,39,0
6,2,1,9,8,2,4,0,4,1,2,0,3,39,1
3,2,1,12,8,2,10,5,4,0,0,0,3,39,1
4,2,1,11,5,2,1,0,4,1,0,0,3,39,0
1,4,1,15,6,2,1,3,4,0,0,0,3,39,0
1,4,0,8,6,2,10,0,4,1,0,0,4,39,0
3,4,1,9,8,2,12,0,4,1,0,0,3,39,1
2,5,0,9,8,2,12,0,4,1,0,0,6,39,0
0,4,0,1,4,4,7,1,4,0,0,0,3,39,0
2,6,0,11,5,5,8,4,4,0,0,0,3,39,0
4,1,1,9,8,2,10,0,4,1,0,0,3,39,1
2,5,0,14,9,2,10,0,4,1,0,0,4,39,1
3,4,0,8,6,2,4,0,4,1,0,0,4,39,1
2,2,2,9,8,0,1,4,4,0,0,0,3,16,0
2,4,1,11,5,2,3,3,4,1,0,0,3,39,0
3,6,0,11,5,2,5,0,4,1,0,0,3,39,0
5,6,0,6,2,2,3,0,4,1,0,0,5,39,0
2,4,0,11,5,0,3,4,4,1,0,0,4,39,0
6,2,2,11,5,6,8,4,2,0,0,0,2,39,0
0,4,3,11,5,4,6,1,4,1,0,0,2,39,0
2,4,1,15,6,0,4,3,4,1,0,0,4,39,0
1,4,1,1,4,2,6,0,4,1,0,0,3,39,1
4,4,0,7,7,2,12,0,4,1,0,0,4,39,1
0,2,0,9,8,4,10,3,4,0,0,0,1,39,0
1,4,0,11,5,2,5,0,4,1,0,0,3,39,0
7,2,1,5,2,2,11,0,4,1,0,0,0,39,0
2,4,0,7,7,2,3,0,4,1,0,0,6,39,0
0,4,0,15,6,4,4,1,2,1,0,0,4,39,0
1,4,3,11,5,2,3,0,4,1,0,0,3,39,0
6,2,1,11,5,0,8,1,4,0,0,0,2,39,0
0,7,0,15,6,4,10,3,4,1,0,0,0,39,0
6,0,1,11,5,2,0,0,4,1,0,0,4,11,0
2,4,1,9,8,0,12,1,4,0,0,4,6,39,0
0,4,2,7,7,4,1,1,4,0,0,0,2,39,0
0,4,0,0,3,2,12,5,4,0,0,0,3,39,0
0,4,0,15,6,4,7,1,4,1,0,0,7,39,0
0,4,1,15,6,4,7,3,4,1,0,0,3,39,0
0,4,1,15,6,2,7,0,4,1,0,4,3,39,0
5,4,1,11,5,6,3,4,4,1,0,0,3,39,0
2,4,2,7,7,4,1,1,4,0,0,0,3,39,0
2,4,0,9,8,2,8,5,4,0,0,0,3,39,0
1,4,1,15,6,4,3,1,4,1,0,0,6,39,0
2,4,1,11,5,4,7,1,4,1,0,0,3,39,0
1,4,2,14,9,2,10,0,4,1,0,0,5,39,0
5,4,0,13,0,4,7,1,4,1,0,0,3,6,0
0,4,2,15,6,4,4,3,4,1,0,0,3,39,0
3,2,1,11,5,0,14,1,2,0,0,0,3,39,0
2,4,0,11,5,4,1,3,4,1,0,0,3,39,0
4,5,1,12,8,2,4,0,4,1,1,0,5,39,1
2,4,0,7,7,0,13,1,4,0,0,0,6,39,0
3,2,0,12,8,2,10,0,4,1,0,0,4,39,1
0,4,1,15,6,4,12,1,4,1,0,0,4,39,0
4,4,1,9,8,2,3,0,4,1,0,0,3,39,1
5,0,0,4,1,2,0,0,4,1,0,0,2,39,1
1,4,0,11,5,4,4,3,4,1,0,0,3,39,0
3,1,0,11,5,5,8,2,2,0,0,0,3,39,0
3,4,1,11,5,0,14,1,4,1,0,0,3,39,0
2,4,1,11,5,4,8,4,2,0,0,0,3,39,0
3,4,1,9,8,2,10,0,4,1,0,0,3,39,1
7,0,0,11,5,2,0,0,1,1,0,0,0,39,0
1,4,1,9,8,4,1,1,4,1,0,0,5,39,0
1,4,0,15,6,2,6,0,4,1,0,0,3,39,0
3,4,0,11,5,0,8,1,2,0,0,4,3,39,0
0,4,0,15,6,4,12,3,1,1,0,0,0,19,0
4,6,2,10,9,2,14,0,4,1,0,4,4,39,0
4,4,1,15,6,4,4,1,2,0,0,0,3,39,0
2,4,0,15,6,4,1,4,4,1,0,0,3,39,0
3,6,1,8,6,2,4,0,4,1,0,0,6,39,0
4,6,2,9,8,2,10,0,4,1,0,0,6,39,1
2,7,0,9,8,4,10,1,4,1,0,0,3,39,0
4,4,0,15,6,2,3,0,4,1,0,0,3,39,1
6,6,2,0,3,2,10,0,4,1,0,0,0,39,1
3,4,0,15,6,2,7,0,4,1,0,0,3,39,0
5,0,0,0,3,0,0,1,4,0,0,0,3,39,0
4,4,1,1,4,0,12,1,4,0,0,0,3,39,0
2,0,1,11,5,2,0,5,4,0,0,0,1,39,0
3,7,1,11,5,4,1,4,2,0,0,0,3,39,0
1,4,1,11,5,4,8,1,4,1,0,0,3,33,0
4,4,1,7,7,2,12,0,4,1,0,0,4,39,1
3,4,0,9,8,6,12,4,2,1,0,0,5,39,0
6,4,1,11,5,4,7,1,4,1,0,0,0,39,0
5,4,2,15,6,5,12,1,4,0,0,0,3,39,0
3,4,1,9,8,2,4,0,4,1,0,0,5,39,1
0,0,0,15,6,4,0,1,4,0,0,0,3,39,0
3,4,2,5,2,2,12,0,4,1,0,0,3,39,0
2,4,1,9,8,2,10,0,4,1,0,0,3,39,1
4,4,0,15,6,6,4,4,4,0,0,0,3,39,0
2,4,0,15,6,4,8,1,4,1,0,0,3,39,0
1,4,1,11,5,2,14,0,4,1,0,0,6,39,0
3,4,0,11,5,2,3,0,4,1,0,0,2,39,0
2,6,1,11,5,2,3,0,4,1,0,0,6,39,0
3,4,1,14,9,2,10,0,4,1,1,0,5,11,1
9,6,1,11,5,6,12,1,4,0,0,0,5,39,0
0,7,1,15,6,4,8,3,2,1,0,0,1,39,0
6,4,0,12,8,4,1,1,4,0,0,0,1,39,0
0,0,1,11,5,4,0,3,2,0,0,3,2,39,0
1,4,1,15,6,2,4,0,4,1,0,0,3,39,1
2,4,0,1,4,4,14,4,0,1,0,0,6,39,0
2,4,0,15,6,2,1,5,4,0,0,0,1,39,1
1,4,1,11,5,0,7,1,4,1,0,0,3,39,0
0,0,1,9,8,4,0,1,1,1,0,0,2,36,0
2,1,0,9,8,4,10,1,4,0,0,0,3,39,0
0,4,0,11,5,4,6,4,2,0,0,0,3,39,0
4,4,1,15,6,2,3,0,4,1,0,0,3,39,1
3,4,0,11,5,2,7,0,4,1,0,0,3,39,1
1,4,0,8,6,2,1,0,4,1,0,0,3,39,0
5,4,0,15,6,2,12,0,4,1,0,0,4,39,1
0,4,1,7,7,2,12,5,4,0,0,0,2,39,0
3,4,0,15,6,5,1,3,4,0,0,0,3,39,0
6,4,1,14,9,2,3,0,4,1,0,0,4,39,1
2,5,1,9,8,2,3,0,4,1,0,0,5,39,1
1,4,0,8,6,2,12,0,4,1,0,0,4,39,0
4,4,1,11,5,2,7,0,4,1,0,0,4,39,0
2,4,1,9,8,2,4,0,4,1,0,0,6,39,1
0,0,1,15,6,4,0,3,4,1,0,0,3,39,0
2,4,1,11,5,2,4,5,4,0,0,0,4,39,0
1,4,0,8,6,2,12,0,4,1,0,0,4,39,0
3,4,2,15,6,2,7,0,4,1,0,0,3,39,0
2,6,1,11,5,2,12,0,4,1,0,4,4,39,1
1,1,2,8,6,2,3,0,4,1,0,0,3,39,1
4,4,1,12,8,2,4,0,4,1,0,0,4,39,1
5,4,0,12,8,2,4,0,4,1,0,4,3,39,1
0,4,1,13,0,4,5,1,4,1,0,0,5,26,0
3,4,0,11,5,0,3,4,4,1,0,0,3,39,0
1,2,0,14,9,2,10,0,4,1,0,0,3,39,0
1,4,0,15,6,2,1,0,4,1,0,0,5,39,0
4,0,0,12,8,2,0,0,4,1,0,0,6,39,1
0,4,1,11,5,4,1,3,4,0,0,0,3,39,0
3,4,2,9,8,2,4,0,4,1,1,0,3,39,1
3,6,0,14,9,2,10,0,4,1,1,0,6,39,1
1,4,1,12,8,3,12,1,4,0,0,0,8,39,1
6,2,1,11,5,2,8,0,4,1,0,0,0,39,0
1,4,0,15,6,2,12,0,1,1,0,0,5,35,0
3,7,0,11,5,0,4,4,4,0,0,0,3,39,0
2,4,1,11,5,2,7,0,4,1,0,0,3,39,0
0,4,1,11,5,4,6,1,4,1,0,0,7,6,0
2,4,1,1,4,3,3,1,2,1,0,0,5,39,0
0,4,1,11,5,4,14,3,2,1,0,0,3,39,0
1,7,0,9,8,4,10,1,4,1,0,0,3,39,0
1,4,1,11,5,2,7,0,4,1,0,0,3,39,0
0,4,1,11,5,5,7,3,4,1,0,0,3,39,0
3,4,1,11,5,0,1,4,4,0,0,0,3,39,0
4,6,0,9,8,2,10,0,4,1,0,0,3,39,0
0,0,2,1,4,4,0,3,4,1,0,0,2,39,0
1,4,2,0,3,0,8,1,4,0,0,0,3,39,0
3,4,0,9,8,4,12,3,4,1,0,0,3,39,0
0,4,1,15,6,4,8,3,4,0,0,0,2,39,0
2,4,1,11,5,2,10,0,4,1,0,0,6,39,0
3,4,2,10,9,2,10,0,4,1,0,0,3,39,1
0,4,0,2,4,2,7,0,4,1,0,0,3,39,0
1,4,1,15,6,0,1,3,4,0,0,0,1,39,0
2,2,1,9,8,4,8,1,4,1,0,0,1,39,0
1,4,2,15,6,5,8,4,2,0,0,0,3,39,0
4,4,2,9,8,2,4,0,4,1,0,0,4,39,1
1,4,0,0,3,4,7,3,4,0,0,0,3,39,0
2,4,1,1,4,2,8,0,4,1,0,0,3,39,0
2,4,0,11,5,2,12,0,4,1,0,0,5,39,1
3,4,1,9,8,2,4,0,4,1,0,0,5,39,1
6,4,0,15,6,2,12,0,4,1,0,0,3,39,1
6,4,0,5,2,2,14,0,2,1,0,3,3,39,0
0,4,0,15,6,4,8,3,4,0,0,0,2,39,0
3,4,1,11,5,2,14,0,4,1,0,0,3,39,1
5,6,0,14,9,2,10,0,4,1,0,0,2,39,1
3,5,1,9,8,2,12,0,4,1,0,0,4,39,1
3,1,1,11,5,0,1,1,2,0,0,0,5,39,0
3,4,0,11,5,2,4,0,4,1,0,0,6,39,0
1,4,0,11,5,2,3,0,4,1,0,0,5,39,0
4,4,0,15,6,2,13,0,4,1,0,0,3,39,0
0,4,1,8,6,2,3,0,4,1,0,0,3,39,0
4,4,0,11,5,0,8,1,4,1,0,0,3,39,0
6,4,0,11,5,6,13,1,4,0,0,0,1,39,0
1,4,1,12,8,4,12,1,4,1,0,0,5,39,0
4,6,2,15,6,0,12,4,4,1,0,0,6,39,1
6,0,0,11,5,2,0,0,4,1,0,0,3,39,0
4,6,0,11,5,2,5,0,4,1,0,0,5,39,0
3,0,1,15,6,0,0,1,4,0,0,0,1,39,0
3,2,2,9,8,5,4,1,4,1,0,0,4,39,1
0,4,0,7,7,4,8,3,4,0,0,0,0,39,0
5,4,2,15,6,0,1,1,4,0,0,0,3,39,0
2,6,1,9,8,2,1,5,4,0,0,0,2,39,1
4,4,0,11,5,2,3,0,4,1,0,4,3,39,1
7,4,0,11,5,2,4,0,4,1,0,0,2,39,0
1,4,2,11,5,2,8,0,4,1,0,0,3,39,0
0,4,1,11,5,4,1,3,4,0,0,0,3,39,0
3,4,0,9,8,0,12,4,4,1,0,0,4,0,0
0,6,2,9,8,4,10,3,1,1,0,0,1,19,0
2,4,1,11,5,2,8,0,2,1,0,0,3,39,0
2,4,2,7,7,4,8,1,4,0,0,0,8,39,1
1,6,0,15,6,2,3,0,4,1,0,0,4,39,0
1,4,1,9,8,2,4,0,4,1,0,0,4,39,0
4,4,0,15,6,0,8,4,4,0,0,0,3,39,0
1,2,1,11,5,4,11,1,2,0,0,0,3,39,0
0,4,0,15,6,4,1,3,4,1,0,0,2,12,0
1,4,0,11,5,2,7,0,4,1,0,0,3,39,0
2,4,1,11,5,2,6,0,4,1,0,0,6,39,0
4,1,0,15,6,0,1,4,2,0,0,0,3,39,0
0,7,1,7,7,4,10,1,4,0,0,0,1,39,0
3,2,1,12,8,2,10,0,4,1,0,0,4,39,1
0,4,1,11,5,4,12,3,4,0,0,0,3,39,0
3,2,1,11,5,5,14,3,4,1,0,0,3,39,0
2,4,2,0,3,0,3,4,4,0,0,0,3,39,0
1,4,0,11,5,4,8,1,4,1,0,0,3,39,0
0,0,1,15,6,4,0,3,4,1,0,0,7,39,0
4,1,1,11,5,0,1,1,4,1,0,0,3,39,0
4,4,2,11,5,6,1,4,4,0,0,0,3,39,0
2,4,1,11,5,2,4,5,2,0,0,0,3,39,0
3,4,1,11,5,0,7,4,4,1,0,3,3,39,0
2,5,1,9,8,4,13,1,4,1,2,0,5,39,1
7,0,1,11,5,2,0,0,4,1,0,0,1,39,0
1,4,1,15,6,4,1,1,4,0,0,0,3,39,0
5,6,2,11,5,2,6,0,4,1,0,0,3,39,0
1,4,1,4,1,2,7,0,3,1,0,0,3,26,0
0,4,2,11,5,4,4,1,2,1,0,0,3,39,0
3,4,2,3,0,6,8,4,3,0,0,0,2,26,0
0,4,1,15,6,4,8,3,4,0,0,0,1,39,0
2,4,0,12,8,4,4,1,4,0,0,0,3,39,0
3,4,0,15,6,2,12,0,4,1,0,0,2,39,1
1,4,1,15,6,4,8,1,4,1,0,0,4,39,0
2,4,0,11,5,2,3,0,4,1,0,0,6,39,0
2,4,1,11,5,4,7,1,4,0,0,0,4,39,0
3,4,0,15,6,2,3,0,4,1,0,0,4,39,1
4,6,0,9,8,2,4,0,4,1,0,0,5,39,0
0,4,1,0,3,4,3,1,4,1,0,0,2,39,0
4,4,0,9,8,0,10,4,4,0,0,0,3,21,0
5,4,0,15,6,2,12,0,4,1,0,0,3,39,0
3,4,1,11,5,2,3,0,4,1,0,0,3,39,1
4,6,1,11,5,2,12,0,4,1,0,0,6,12,0
2,4,1,11,5,5,12,1,4,0,0,0,3,39,0
0,4,2,9,8,4,13,3,4,1,0,0,3,39,0
2,4,0,9,8,4,12,1,1,1,0,0,5,0,1
1,6,0,1,4,2,8,5,4,0,0,0,0,39,0
4,4,1,15,6,6,12,4,4,1,0,0,5,39,1
6,2,1,10,9,4,10,1,4,0,0,0,5,39,1
1,4,0,8,6,4,12,1,4,0,0,0,3,39,0
2,4,0,11,5,0,6,4,2,0,0,0,3,39,0
4,4,0,9,8,0,10,1,2,0,0,0,3,39,0
2,4,0,11,5,2,7,0,4,1,0,0,3,39,0
0,4,0,15,6,4,8,3,4,0,0,0,1,39,0
3,4,1,7,7,0,1,1,4,1,0,0,3,39,0
3,4,1,9,8,2,4,0,4,1,9,0,7,39,1
0,4,1,11,5,4,12,1,4,1,0,0,4,39,0
5,4,1,9,8,4,10,1,4,0,0,0,4,26,0
5,7,2,15,6,0,1,1,4,1,0,0,3,39,0
7,4,1,15,6,4,1,1,4,0,0,0,0,39,0
3,4,0,0,3,4,7,1,4,1,0,0,3,39,0
2,7,0,9,8,2,10,0,4,1,0,0,6,39,1
3,6,2,15,6,2,12,0,4,1,0,0,5,26,1
3,4,0,12,8,2,4,0,4,1,0,0,3,39,1
1,4,1,8,6,4,5,3,4,1,0,0,3,39,0
3,4,0,11,5,4,7,1,4,1,0,0,3,39,0
3,1,0,15,6,2,1,0,4,1,0,0,3,33,1
1,2,2,11,5,0,1,4,4,0,0,0,3,39,0
1,4,2,11,5,4,8,3,2,0,0,0,3,39,0
2,4,0,11,5,4,1,4,4,0,0,0,3,39,0
1,4,2,11,5,5,12,2,4,0,0,0,3,39,0
4,4,0,11,5,2,1,0,4,1,0,0,3,39,0
4,6,1,15,6,2,5,0,4,1,0,0,2,39,0
5,4,1,11,5,2,14,0,4,1,0,0,6,39,0
5,4,1,11,5,2,14,0,4,1,0,0,4,39,1
0,2,1,9,8,4,10,2,4,0,0,0,5,39,0
0,4,0,1,4,4,8,3,4,0,0,0,1,39,0
4,4,0,12,8,4,4,1,4,1,0,0,3,39,0
2,4,1,11,5,4,1,1,2,0,0,0,3,39,0
3,4,1,8,6,5,10,1,4,1,0,0,3,39,0
1,4,1,15,6,2,4,0,4,1,0,0,5,23,1
3,6,1,12,8,2,12,0,4,1,0,0,5,39,0
5,6,0,15,6,2,5,0,4,1,0,0,7,39,0
0,4,2,1,4,4,13,3,4,0,0,0,3,39,0
5,4,0,11,5,6,9,1,4,0,0,0,3,39,0
1,6,1,9,8,2,12,0,4,1,0,0,7,39,1
3,6,0,15,6,4,7,1,4,1,0,0,3,39,0
3,4,2,2,4,5,3,1,2,1,0,0,3,39,0
3,4,2,11,5,2,3,0,4,1,0,0,2,39,0
2,4,2,15,6,2,14,0,4,1,0,0,6,29,0
3,2,1,15,6,0,8,4,4,0,0,0,3,39,0
7,4,1,6,2,2,7,5,4,0,0,0,3,39,0
3,4,2,14,9,2,10,0,4,1,0,4,5,39,1
5,4,1,15,6,2,10,0,4,1,0,0,3,39,1
7,6,1,8,6,6,4,1,4,0,0,0,2,39,0
2,4,0,1,4,4,3,1,1,1,0,0,3,19,0
4,4,1,10,9,2,10,0,4,1,0,4,6,39,1
5,6,0,11,5,6,3,1,4,1,0,0,5,39,1
3,4,1,7,7,2,13,0,4,1,0,0,3,39,0
0,4,1,15,6,4,8,4,4,0,0,0,5,39,0
4,2,0,9,8,2,10,0,4,1,0,0,5,39,0
0,4,1,11,5,4,1,4,4,1,0,0,6,39,0
4,4,1,15,6,2,4,0,4,1,0,4,3,39,1
4,2,1,15,6,2,6,0,4,1,0,0,3,39,1
3,6,1,11,5,2,12,2,4,0,0,0,3,5,0
3,2,0,9,8,2,10,5,4,0,0,0,3,39,1
0,4,0,15,6,4,1,3,1,0,0,0,1,39,0
5,4,0,15,6,2,4,0,4,1,0,0,5,39,1
4,4,0,11,5,6,7,1,4,0,0,0,0,39,0
5,2,1,11,5,4,1,1,4,0,0,0,2,39,0
4,5,1,9,8,2,4,5,1,0,0,0,3,36,0
0,4,1,11,5,4,8,1,4,0,0,0,2,39,0
2,4,0,12,8,2,10,5,4,0,1,0,5,39,1
6,0,0,10,9,2,0,0,4,1,0,0,1,39,0
3,4,1,12,8,4,3,1,4,0,0,0,5,39,0
1,4,2,15,6,4,6,1,4,1,0,0,5,39,0
4,6,1,7,7,2,10,0,4,1,0,0,3,39,0
0,4,0,5,2,4,8,2,1,0,0,0,3,30,0
1,4,1,8,6,4,4,3,2,0,0,0,3,39,0
2,4,1,11,5,2,3,0,4,1,0,0,5,39,0
6,4,0,15,6,6,13,1,4,0,0,0,3,39,0
4,6,2,11,5,2,3,0,4,1,0,0,5,39,1
4,4,1,11,5,2,12,0,4,1,0,0,4,39,1
2,4,1,11,5,2,7,0,4,1,0,0,4,39,0
0,0,0,4,1,4,0,1,4,1,0,0,5,39,0
0,4,1,11,5,4,8,2,4,1,0,0,3,26,0
2,0,0,11,5,0,0,1,1,0,0,0,4,0,0
1,4,0,9,8,4,8,4,4,1,0,0,3,0,0
0,4,1,15,6,4,3,3,4,1,0,0,3,39,0
1,4,0,15,6,4,3,3,0,1,0,0,3,39,0
4,2,1,9,8,0,11,1,4,1,0,0,3,39,1
2,4,1,11,5,2,7,0,4,1,0,0,4,39,0
2,4,0,11,5,2,7,0,4,1,0,0,3,39,0
1,0,0,11,5,2,0,0,4,1,0,0,3,6,0
1,4,1,11,5,2,1,0,4,1,0,0,4,39,0
2,4,0,0,3,0,8,4,4,0,0,0,3,39,0
1,4,0,9,8,4,4,3,4,1,0,0,3,39,0
5,4,1,11,5,2,4,0,4,1,0,0,5,39,0
6,4,0,11,5,2,10,0,4,1,0,0,2,39,0
1,4,0,11,5,0,3,1,4,0,0,0,3,39,0
6,6,0,8,6,2,5,0,4,1,0,0,2,39,0
3,4,1,15,6,2,3,0,4,1,0,0,8,39,1
3,2,3,9,8,2,1,0,4,1,0,0,4,39,1
3,4,1,12,8,4,1,1,1,0,0,0,3,30,0
4,4,2,12,8,0,10,4,4,0,0,0,3,39,0
3,4,0,15,6,3,10,1,4,1,0,0,3,39,1
5,7,0,11,5,6,1,4,1,0,0,0,3,39,0
6,6,0,5,2,6,5,4,4,1,0,0,5,39,0
2,4,1,7,7,0,3,1,4,1,0,0,3,39,0
0,0,0,9,8,4,0,1,4,1,0,0,5,39,0
6,4,1,11,5,2,12,5,4,0,0,0,1,39,0
2,4,1,15,6,2,6,0,4,1,0,4,3,39,1
1,4,1,11,5,4,6,1,4,1,0,0,4,39,0
3,4,1,7,7,0,12,4,4,0,0,0,3,39,0
1,4,1,15,6,2,12,0,2,1,0,0,4,39,0
7,0,0,9,8,2,0,0,1,1,0,0,0,40,0
3,4,0,1,4,0,7,4,3,0,0,0,4,33,0
3,4,0,0,3,0,7,1,2,0,0,0,3,39,0
2,4,1,12,8,4,4,4,4,0,0,0,5,39,0
1,6,0,11,5,2,14,0,4,1,0,0,4,39,0
0,4,1,1,4,4,12,3,4,0,0,0,1,39,0
2,4,0,15,6,4,12,1,4,1,0,0,3,39,0
3,4,2,3,0,2,3,0,4,1,0,0,4,26,0
3,4,0,12,8,2,10,5,1,0,0,0,5,35,0
3,4,0,6,2,4,9,4,4,0,0,0,3,4,0
7,4,0,2,4,4,8,1,4,0,0,0,3,39,0
5,4,2,5,2,4,5,4,2,0,0,0,1,39,0
3,6,0,11,5,2,5,0,4,1,0,0,3,39,0
6,6,1,15,6,6,3,1,4,0,0,0,0,39,0
2,4,1,9,8,2,12,0,4,1,0,0,3,39,1
2,4,1,11,5,2,12,0,4,1,0,0,6,39,1
5,4,0,11,5,2,4,0,4,1,0,0,6,39,0
2,4,1,11,5,4,1,1,4,0,0,3,3,39,0
0,4,2,15,6,4,12,1,4,1,0,0,3,39,0
3,4,0,8,6,2,8,0,4,1,0,0,2,39,0
3,4,0,15,6,4,1,3,1,0,0,0,3,39,0
2,4,1,9,8,2,10,0,4,1,0,0,4,39,1
0,4,1,15,6,4,12,3,4,0,0,0,3,39,0
3,1,0,7,7,0,1,1,4,0,0,0,3,39,0
0,4,0,0,3,4,6,3,4,1,0,0,2,39,0
5,1,0,12,8,2,4,0,4,1,0,0,3,32,1
0,5,0,11,5,4,8,4,1,0,0,0,2,19,0
4,5,0,11,5,2,4,0,4,1,0,0,5,39,0
0,4,0,11,5,6,1,3,4,0,0,0,3,39,0
0,4,1,15,6,4,7,3,4,1,0,0,2,39,0
1,4,1,8,6,4,12,1,4,1,0,0,5,39,0
3,4,1,15,6,2,3,0,4,1,0,0,5,39,1
3,6,1,9,8,2,5,0,4,1,0,0,7,39,1
1,6,1,11,5,2,4,0,4,1,0,0,3,39,1
2,4,2,11,5,2,7,0,4,1,0,0,3,39,0
1,4,2,15,6,4,12,4,4,0,0,0,3,39,0
3,4,1,15,6,2,1,0,4,1,0,0,3,39,0
0,4,2,15,6,4,3,1,4,1,0,0,5,39,0
0,4,0,11,5,4,8,1,4,0,0,0,2,39,0
5,5,1,11,5,2,4,0,4,1,0,0,3,39,0
1,4,2,9,8,4,4,1,2,0,0,0,3,39,0
0,4,1,2,4,4,12,3,4,0,0,0,2,39,0
4,4,1,3,0,2,3,0,3,1,0,0,5,33,0
5,4,1,9,8,2,3,0,4,1,0,0,4,39,1
4,4,1,15,6,2,1,5,4,0,0,0,3,39,1
5,1,0,11,5,2,3,0,4,1,0,4,3,39,1
3,6,1,11,5,2,5,0,1,1,0,0,3,1,1
4,4,0,11,5,2,14,0,4,1,0,0,5,39,1
3,4,0,15,6,0,4,4,4,0,0,0,7,39,0
3,6,1,11,5,0,12,1,4,1,0,0,5,39,0
3,6,1,15,6,0,3,1,4,1,0,4,5,39,0
0,7,1,15,6,4,10,3,4,0,0,0,0,39,0
1,4,0,9,8,4,10,3,1,1,0,0,3,39,0
0,4,1,11,5,4,8,2,4,0,0,0,2,39,0
3,4,2,15,6,2,7,0,4,1,0,0,3,39,1
4,4,1,12,8,2,4,0,4,1,1,0,5,39,1
2,4,1,6,2,2,6,0,4,1,0,0,5,39,0
3,6,0,9,8,2,12,0,4,1,0,0,3,39,1
3,4,2,0,3,2,3,3,3,1,0,0,4,39,1
2,2,1,15,6,2,3,0,4,1,0,0,3,39,0
4,4,1,15,6,2,12,0,4,1,0,0,3,39,1
2,4,0,9,8,4,10,1,4,0,0,0,3,39,0
2,4,0,15,6,0,10,4,4,0,0,0,0,39,0
9,0,1,9,8,6,0,2,4,0,0,0,0,39,0
7,5,0,0,3,6,12,4,4,0,0,0,3,2,0
1,4,1,11,5,4,10,2,4,0,0,0,3,39,0
3,7,2,9,8,2,10,0,4,1,0,0,3,39,1
2,4,0,12,8,2,1,0,4,1,0,0,3,39,0
3,4,0,8,6,2,10,0,4,1,0,0,3,39,1
4,4,1,15,6,2,12,0,4,1,0,0,3,39,0
3,4,2,12,8,2,4,0,4,1,0,4,6,39,1
2,7,1,10,9,4,10,1,4,0,0,0,7,39,0
1,4,1,11,5,4,3,3,4,1,0,0,4,39,0
4,1,2,8,6,0,5,1,4,0,0,0,3,39,0
3,4,0,1,4,5,8,4,2,0,0,0,6,39,0
4,4,1,11,5,2,3,0,4,1,0,0,3,39,1
4,4,1,1,4,2,14,0,4,1,0,0,3,39,1
6,2,1,11,5,6,1,1,4,0,0,0,3,39,0
2,4,0,7,7,2,6,0,4,1,0,0,3,39,0
0,4,2,9,8,2,12,0,4,1,0,0,4,39,1
3,4,2,12,8,2,4,0,4,1,0,0,6,39,1
1,4,0,9,8,4,8,1,4,0,0,0,3,39,0
1,4,0,8,6,4,3,3,4,1,0,0,4,39,0
0,4,1,1,4,2,3,0,4,1,0,0,6,39,0
1,4,1,11,5,5,3,1,4,1,0,0,5,39,0
4,4,0,9,8,2,4,5,4,0,0,5,1,39,1
5,6,1,9,8,2,4,0,4,1,0,4,4,39,1
0,4,0,9,8,4,1,1,4,0,0,0,3,39,0
2,4,0,11,5,0,1,4,4,0,0,0,3,39,0
3,4,1,11,5,5,1,4,4,0,0,0,3,39,0
4,4,0,5,2,4,8,3,4,0,0,0,0,39,0
1,4,1,15,6,4,1,4,4,0,0,0,2,39,0
3,4,1,11,5,6,1,1,4,0,0,0,3,39,0
8,4,0,9,8,4,10,1,4,0,0,0,0,39,0
6,4,1,14,9,2,10,0,4,1,0,0,2,39,1
3,4,0,10,9,2,10,0,4,1,0,4,5,39,1
2,4,0,14,9,4,10,1,4,0,0,0,5,39,1
3,4,0,11,5,4,1,1,4,0,0,0,3,39,0
8,6,0,5,2,2,5,0,4,1,0,0,2,39,0
0,4,2,0,3,4,14,1,4,1,0,0,5,39,0
4,2,0,0,3,6,8,1,4,0,0,0,2,39,0
1,4,1,11,5,4,12,1,4,1,0,0,5,39,1
3,4,0,11,5,2,12,0,4,1,0,0,3,39,0
0,4,2,15,6,4,8,4,4,0,0,0,2,39,0
5,0,0,11,5,0,0,3,4,1,0,0,3,39,0
3,4,0,12,8,6,10,1,4,0,0,0,4,39,0
7,6,1,15,6,2,3,0,4,1,0,0,7,39,1
4,4,2,5,2,0,6,2,2,1,0,0,3,39,0
3,0,1,9,8,2,0,5,4,0,0,0,2,39,0
2,6,1,9,8,4,11,1,4,1,0,0,5,39,1
1,4,1,11,5,2,6,0,4,1,0,0,5,39,0
4,5,1,15,6,5,12,1,4,0,0,0,3,39,0
0,4,1,0,3,4,8,3,4,0,0,0,2,39,0
1,4,0,9,8,4,10,1,4,0,0,0,3,39,0
5,5,0,11,5,2,1,0,4,1,0,0,5,39,0
2,5,1,12,8,4,4,1,4,0,0,0,4,10,1
1,4,1,11,5,2,14,0,4,1,0,0,3,39,0
8,4,0,11,5,2,12,0,4,1,0,0,2,39,0
5,4,1,11,5,6,7,1,4,0,0,0,3,39,0
4,4,1,5,2,2,7,0,4,1,0,0,3,39,0
3,4,1,7,7,4,1,1,4,0,0,0,4,5,0
2,4,1,11,5,2,14,0,4,1,0,0,3,39,0
2,4,0,9,8,2,10,0,1,1,0,0,4,0,0
2,4,0,7,7,2,12,0,3,1,0,0,3,24,1
4,4,1,3,0,2,8,0,2,1,0,0,3,33,0
0,4,3,11,5,4,7,3,4,0,0,0,3,29,0
4,4,0,15,6,0,1,1,4,0,0,0,3,39,0
0,2,1,9,8,4,10,1,4,0,0,0,3,39,0
0,0,1,15,6,4,0,3,4,1,0,0,1,39,0
4,0,1,11,5,2,0,1,4,0,0,0,3,39,0
2,4,1,15,6,2,10,0,4,1,0,0,3,39,0
4,4,0,12,8,2,4,0,4,1,0,0,5,39,1
0,7,0,15,6,4,10,3,4,0,0,0,1,39,0
3,4,1,9,8,2,13,0,4,1,0,0,3,39,0
2,4,1,11,5,2,8,0,4,1,0,0,6,39,0
3,4,1,11,5,2,6,0,4,1,0,0,4,39,0
3,4,0,11,5,0,8,4,4,0,0,0,3,39,0
4,4,1,15,6,0,4,1,4,0,0,0,5,39,1
3,2,2,12,8,2,4,0,4,1,0,0,6,39,1
2,4,0,9,8,0,12,1,4,1,0,0,3,39,0
1,4,0,8,6,4,8,1,2,0,0,0,3,39,0
6,4,1,15,6,2,14,0,4,1,1,0,0,39,1
0,4,0,2,4,4,12,3,4,0,0,0,2,39,0
1,4,2,9,8,2,3,2,4,1,0,0,5,39,0
3,4,0,7,7,0,12,1,4,0,0,0,2,11,0
3,4,2,15,6,2,11,0,2,1,0,0,3,39,1
1,4,1,9,8,4,13,1,4,1,0,0,3,39,0
1,4,2,15,6,4,13,3,4,0,0,0,3,39,0
0,2,3,0,3,4,8,1,4,1,0,0,3,39,0
0,4,1,11,5,2,7,0,4,1,0,0,4,39,0
0,4,1,8,6,4,4,3,4,1,0,0,3,39,0
4,4,0,11,5,2,14,0,4,1,0,0,5,39,1
1,7,0,15,6,4,8,3,0,1,0,0,8,39,0
1,2,0,7,7,4,1,4,2,0,0,0,3,39,0
8,0,0,14,9,2,0,0,4,1,0,0,2,39,1
2,4,0,11,5,4,14,3,4,1,0,0,3,39,0
1,2,2,11,5,4,6,2,2,1,0,0,3,39,0
1,4,1,11,5,5,8,1,4,0,0,0,3,39,0
5,4,0,11,5,2,12,5,4,0,0,0,3,12,0
1,7,1,1,4,0,8,4,4,0,0,0,3,39,0
5,5,2,14,9,2,10,0,4,1,0,4,5,39,1
3,4,0,7,7,0,3,1,4,1,0,0,3,39,0
5,4,5,5,2,2,3,0,4,1,0,0,4,39,0
3,4,2,9,8,4,10,1,4,1,0,0,4,39,0
5,4,1,15,6,0,1,1,1,0,0,0,3,39,0
2,4,1,9,8,2,10,0,4,1,0,4,3,29,1
4,5,0,11,5,2,5,0,4,1,0,0,3,39,1
7,4,0,15,6,2,11,0,2,1,0,0,3,39,0
0,4,1,11,5,4,3,2,4,1,0,0,3,0,0
4,2,1,12,8,4,10,1,4,0,0,0,3,39,0
4,6,0,15,6,2,3,0,4,1,0,0,3,39,0
7,4,0,11,5,2,12,0,4,1,0,5,5,39,0
0,4,1,15,6,4,8,3,4,1,0,0,2,39,0
0,4,1,15,6,4,8,3,4,1,0,0,3,39,0
2,4,1,12,8,2,4,0,4,1,0,0,5,8,1
0,0,1,11,5,4,0,3,4,1,0,0,1,39,0
3,7,0,1,4,2,5,0,4,1,0,0,3,39,0
4,4,2,15,6,0,4,4,4,0,0,0,3,39,0
1,4,1,0,3,4,7,3,2,1,0,0,4,39,0
3,7,0,9,8,2,4,0,4,1,1,0,3,39,1
3,4,0,9,8,2,10,0,4,1,0,4,3,39,1
8,5,1,0,3,2,4,5,4,0,0,0,2,39,0
4,2,0,15,6,5,8,4,2,0,0,0,2,39,0
0,4,1,8,6,2,7,3,4,0,0,0,2,39,0
6,4,0,9,8,2,12,0,4,1,0,0,4,39,1
2,4,0,15,6,4,3,1,4,1,0,0,3,39,0
0,4,2,0,3,4,8,3,4,1,0,0,1,39,0
0,4,0,8,6,4,14,1,4,1,0,0,3,39,0
2,4,1,15,6,2,4,0,4,1,0,0,5,39,0
3,4,1,11,5,2,3,0,4,1,0,0,3,39,1
4,4,1,11,5,5,14,4,4,1,0,0,4,39,0
3,4,0,2,4,2,7,0,4,1,0,0,3,39,0
7,0,0,15,6,2,0,0,4,1,0,0,0,39,0
3,4,0,15,6,2,3,0,4,1,0,0,3,39,0
6,4,0,11,5,0,3,4,4,1,0,0,1,39,0
2,4,1,11,5,0,7,4,2,0,0,0,3,39,0
0,7,0,15,6,4,1,3,4,1,0,0,1,39,0
3,4,1,1,4,2,12,0,4,1,0,0,3,39,1
2,7,2,7,7,6,4,1,4,0,0,0,3,39,0
3,7,0,9,8,4,1,1,4,1,0,0,3,39,0
1,1,0,8,6,4,10,3,4,1,0,0,3,39,0
3,4,0,12,8,2,13,0,4,1,0,4,3,39,1
6,4,0,9,8,2,10,0,4,1,2,0,3,39,1
3,4,0,11,5,2,12,0,4,1,0,0,4,39,1
2,4,1,11,5,0,12,1,1,1,0,0,4,24,0
0,4,1,11,5,2,8,0,4,1,0,0,1,39,0
2,4,2,11,5,0,8,4,4,0,0,0,2,39,0
3,2,1,9,8,2,11,5,2,0,1,0,3,39,1
3,4,1,11,5,4,12,4,2,0,0,0,3,39,0
2,2,1,15,6,2,11,0,4,1,0,0,6,39,0
4,4,0,11,5,2,4,0,4,1,0,0,3,39,0
3,4,1,11,5,2,12,0,4,1,0,0,5,39,0
2,4,0,11,5,2,1,0,4,1,0,0,3,39,0
1,4,2,15,6,2,12,0,0,1,0,0,6,39,0
3,4,1,15,6,2,10,0,4,1,0,0,3,39,1
5,4,0,9,8,2,10,0,4,1,0,0,3,39,1
3,4,0,5,2,2,8,0,1,1,0,3,3,3,0
4,2,1,12,8,2,10,0,4,1,0,0,3,39,1
2,4,1,15,6,4,1,1,4,1,0,0,4,39,0
2,4,2,9,8,2,4,0,1,1,0,0,5,3,1
2,4,0,15,6,2,3,0,4,1,0,0,3,39,0
5,4,1,15,6,2,14,0,4,1,0,0,3,39,1
0,4,1,15,6,2,6,0,4,1,0,0,3,39,0
3,7,0,9,8,4,10,1,4,0,0,0,3,39,0
4,4,0,11,5,2,11,0,4,1,0,0,3,39,0
3,4,0,11,5,4,7,1,4,1,0,0,3,39,0
5,4,0,11,5,2,3,0,4,1,0,0,3,39,1
1,0,1,11,5,4,0,1,2,0,0,0,3,39,0
4,6,0,9,8,2,12,0,4,1,1,0,5,39,1
1,4,3,11,5,4,6,1,4,1,0,0,1,26,0
4,2,2,11,5,2,1,0,2,1,0,0,3,39,0
0,4,0,11,5,4,6,3,2,1,0,0,2,39,0
6,4,1,15,6,0,8,1,4,0,0,0,3,39,0
5,4,0,11,5,2,7,5,4,0,0,0,3,22,1
3,4,1,8,6,2,4,0,4,1,0,0,4,39,1
1,4,0,11,5,2,3,0,4,1,0,0,7,39,0
1,4,1,11,5,0,3,4,4,1,0,0,3,39,0
1,2,0,8,6,0,11,4,0,0,0,0,3,39,0
3,6,0,11,5,2,3,0,4,1,0,0,3,39,0
1,4,1,4,1,4,5,2,2,1,0,0,3,26,0
2,4,1,11,5,2,7,0,4,1,0,0,3,39,0
2,4,1,1,4,2,1,5,4,0,0,0,3,39,0
2,4,0,11,5,2,14,0,4,1,0,0,5,39,0
0,4,1,15,6,4,7,4,4,1,0,0,3,39,0
6,4,0,11,5,0,12,4,4,0,0,6,2,39,0
1,4,1,9,8,2,4,0,4,1,0,0,5,39,1
1,2,0,11,5,4,8,4,2,0,0,0,2,39,0
0,4,1,15,6,4,12,1,4,0,0,0,1,39,0
3,4,0,15,6,2,4,0,4,1,0,0,6,39,0
3,4,1,11,5,3,3,1,4,1,0,0,7,26,0
2,4,1,11,5,0,3,3,4,1,0,0,3,39,0
2,2,0,5,2,2,8,0,4,1,0,0,3,39,0
4,4,1,1,4,0,8,4,4,0,0,0,1,39,0
5,2,2,12,8,6,10,4,4,1,0,0,3,39,1
2,4,1,9,8,2,10,0,4,1,0,0,5,39,1
6,4,0,15,6,6,4,1,4,0,0,0,1,39,0
1,4,1,8,6,2,10,5,4,0,0,0,0,39,0
6,4,0,15,6,2,10,0,4,1,0,0,3,39,1
1,4,2,9,8,4,1,1,4,1,0,0,5,39,0
3,7,1,15,6,5,4,4,2,0,0,0,2,39,0
4,6,1,7,7,2,3,0,4,1,0,0,2,4,0
1,4,8,11,5,3,13,3,2,1,0,0,3,39,0
5,4,0,11,5,3,7,1,4,1,0,0,3,31,0
2,2,1,9,8,2,4,0,2,1,0,0,3,39,0
6,0,2,11,5,2,0,0,2,1,0,0,0,39,0
5,4,1,4,1,5,7,1,4,1,0,0,3,39,0
2,6,1,11,5,2,10,0,4,1,0,0,5,39,0
5,1,1,9,8,2,4,0,4,1,0,0,3,39,1
0,0,1,8,6,4,0,3,4,1,0,0,3,39,0
0,4,0,11,5,4,12,2,4,1,0,0,2,39,0
0,6,1,0,3,4,7,3,4,1,0,0,3,39,0
3,6,0,11,5,0,3,1,4,1,0,0,4,2,0
2,4,2,12,8,4,4,1,4,0,0,0,5,39,0
6,5,0,0,3,2,5,0,4,1,0,0,5,39,0
1,0,0,15,6,5,0,1,4,1,0,0,6,39,0
5,4,0,11,5,2,14,0,4,1,0,0,3,39,1
1,4,1,11,5,2,7,0,4,1,0,0,5,39,1
1,4,2,9,8,4,1,1,4,1,0,0,3,39,0
4,4,0,8,6,2,3,0,4,1,0,0,4,12,0
2,6,1,11,5,2,3,0,4,1,0,0,3,39,1
3,4,0,11,5,2,8,5,4,0,0,0,1,39,0
2,4,0,14,9,4,10,3,4,1,0,0,4,39,1
1,4,0,9,8,4,1,3,1,0,0,0,3,39,0
2,4,0,8,6,2,3,0,4,1,0,0,3,39,0
1,4,3,15,6,2,12,0,4,1,0,3,4,39,0
4,4,2,12,8,2,4,0,4,1,1,0,6,39,1
3,4,1,14,9,0,4,1,4,1,0,0,3,39,0
0,4,1,11,5,4,12,1,4,0,0,0,2,39,0
2,1,0,11,5,0,1,1,4,0,0,0,4,39,0
5,1,0,9,8,2,10,0,4,1,0,0,3,39,1
0,4,1,11,5,4,7,3,4,0,0,0,1,39,0
1,4,0,11,5,4,1,1,4,0,0,0,4,39,0
2,4,1,1,4,2,3,0,4,1,0,0,2,39,0
4,4,0,11,5,6,13,4,4,1,0,0,3,39,0
2,4,1,15,6,2,4,0,2,1,0,0,5,23,0
1,4,1,9,8,2,12,0,4,1,0,0,3,39,1
3,6,0,15,6,2,3,0,4,1,0,0,6,39,0
3,4,1,11,5,2,12,0,4,1,0,0,3,39,0
4,1,4,9,8,2,13,0,2,1,0,0,3,39,1
2,4,1,5,2,0,6,1,4,1,0,0,3,39,0
1,4,1,11,5,0,7,4,4,1,0,0,3,39,0
7,4,0,15,6,2,12,0,4,1,0,0,1,39,1
3,5,1,6,2,2,4,0,4,1,0,3,3,26,0
1,4,1,12,8,2,7,1,4,1,0,0,3,26,0
2,1,1,15,6,0,11,3,4,1,0,0,7,39,0
1,4,1,11,5,2,7,0,4,1,0,0,4,39,0
1,4,1,8,6,2,14,0,4,1,0,0,5,39,0
2,6,1,1,4,2,14,0,4,1,0,0,6,39,0
0,0,1,15,6,4,0,3,2,1,0,0,2,39,0
6,4,1,11,5,2,5,0,4,1,0,0,2,39,0
1,4,0,11,5,4,6,4,4,1,0,0,5,39,0
5,6,1,11,5,2,5,0,1,1,0,0,2,39,0
3,4,2,11,5,2,13,0,1,1,1,0,3,39,1
6,6,0,11,5,2,14,0,4,1,0,0,4,39,0
1,4,1,9,8,2,3,0,4,1,0,0,6,39,1
4,2,1,11,5,2,11,0,4,1,0,0,5,39,1
2,1,0,15,6,4,8,4,2,0,0,0,3,39,0
5,6,0,11,5,2,3,0,4,1,0,0,6,39,0
2,4,1,12,8,2,4,0,4,1,0,4,5,39,1
1,4,0,9,8,2,13,0,4,1,0,0,3,39,0
5,2,1,15,6,2,3,0,4,1,0,0,4,39,1
0,4,0,11,5,4,5,1,4,1,0,0,3,39,0
5,4,0,11,5,2,3,0,4,1,0,0,3,39,0
4,4,0,5,2,2,6,0,4,1,0,0,3,39,0
2,4,1,11,5,4,1,1,4,1,0,0,4,39,0
5,4,0,12,8,2,8,0,4,1,0,0,3,39,0
1,4,0,11,5,6,1,1,4,0,0,0,3,39,0
1,4,0,11,5,4,3,1,4,1,0,0,3,39,0
1,4,1,7,7,0,3,1,4,1,0,0,5,39,1
1,4,1,15,6,4,1,1,4,0,0,0,3,39,0
0,0,1,15,6,4,0,3,4,1,0,0,3,39,0
2,4,3,15,6,4,8,3,2,1,0,0,3,39,0
2,4,1,11,5,2,7,0,4,1,0,0,4,39,1
3,4,0,11,5,4,4,1,2,0,0,0,3,39,0
4,4,1,9,8,0,1,1,4,0,0,0,3,39,0
3,4,1,11,5,0,8,4,4,0,0,0,3,39,0
5,4,1,11,5,2,7,0,4,1,0,0,3,39,0
4,6,1,11,5,2,14,0,4,1,0,0,2,39,0
4,2,1,7,7,4,1,1,2,1,0,0,3,39,0
0,4,0,1,4,4,6,3,4,1,0,0,1,39,0
1,4,0,9,8,0,12,1,4,0,0,0,3,39,0
4,4,2,11,5,0,7,1,2,1,0,0,3,39,0
4,4,1,9,8,0,4,1,4,1,0,0,5,39,1
1,6,1,11,5,2,14,0,4,1,0,0,3,39,1
2,4,0,9,8,4,12,1,4,1,0,0,5,39,0
1,4,0,9,8,2,3,0,1,1,0,0,3,40,1
4,6,0,8,6,2,8,5,4,0,0,0,1,39,0
1,4,1,15,6,4,3,1,4,0,0,0,3,39,0
3,4,0,9,8,4,1,1,4,1,0,0,3,39,0
3,6,0,15,6,2,5,0,4,1,0,0,6,39,0
0,4,0,11,5,4,14,3,4,0,0,0,3,39,0
0,4,0,12,8,2,10,5,4,0,0,0,3,39,1
1,4,2,9,8,2,12,0,4,1,0,0,5,39,0
6,4,0,9,8,6,4,1,4,1,1,0,5,39,1
0,4,0,15,6,0,12,3,1,0,0,0,2,30,0
4,4,1,11,5,2,8,5,4,0,0,0,2,39,0
5,4,3,11,5,2,3,0,4,1,0,0,5,39,0
2,4,1,11,5,2,12,0,4,1,0,0,6,39,0
6,0,1,11,5,2,0,0,4,1,0,0,3,39,0
1,4,1,11,5,2,7,0,2,1,0,0,3,39,0
0,4,1,9,8,4,12,2,2,0,0,0,2,39,0
1,2,0,9,8,4,1,1,4,0,0,0,3,39,0
0,4,1,8,6,2,3,0,4,1,0,0,3,39,0
2,6,2,5,2,2,12,0,4,1,0,0,3,26,0
4,4,1,11,5,2,3,0,4,1,0,0,3,39,0
4,6,0,15,6,2,12,0,4,1,0,0,3,39,0
4,4,0,12,8,2,10,0,4,1,0,0,5,39,1
5,6,1,11,5,2,5,0,4,1,0,0,4,39,0
2,4,0,11,5,3,8,4,4,0,0,0,1,39,0
4,5,2,15,6,2,12,0,4,1,0,0,7,39,1
3,4,1,15,6,2,1,5,4,0,0,0,3,39,1
1,4,1,1,4,0,12,3,4,1,0,0,3,39,0
2,4,0,15,6,2,6,0,4,1,0,3,3,39,0
2,4,1,11,5,0,8,1,4,0,0,0,3,39,0
0,4,1,11,5,4,12,3,4,1,0,0,2,39,0
4,4,1,10,9,2,12,0,4,1,0,0,6,39,0
3,4,2,11,5,2,4,0,4,1,0,0,5,39,1
1,4,1,9,8,2,13,0,1,1,0,0,3,39,1
3,7,0,11,5,4,14,1,4,0,1,0,3,39,1
4,4,1,12,8,2,10,0,4,1,0,0,3,39,0
3,4,2,11,5,2,5,0,4,1,0,0,3,39,0
4,4,1,0,3,2,14,0,4,1,0,0,2,39,1
3,6,1,12,8,2,10,0,4,1,0,0,6,39,0
0,4,0,15,6,4,8,3,4,1,0,0,3,39,1
3,4,1,7,7,4,13,1,4,0,0,0,3,39,0
1,4,1,11,5,2,14,0,4,1,0,0,7,39,1
2,4,2,15,6,4,1,1,4,1,0,0,3,39,0
3,4,0,15,6,0,1,4,2,0,0,0,3,39,0
3,6,0,9,8,4,4,1,4,0,0,0,3,39,0
0,4,1,6,2,4,6,3,4,1,0,3,1,39,0
2,6,0,15,6,4,3,1,4,1,0,3,6,39,0
1,4,1,15,6,2,3,0,4,1,0,0,4,39,0
1,4,1,12,8,2,12,5,4,0,0,0,3,39,0
1,4,0,8,6,0,12,1,4,0,0,0,3,39,0
3,6,1,15,6,2,4,0,0,1,0,0,3,39,0
1,4,1,15,6,4,10,1,4,1,0,3,3,0,0
6,4,0,15,6,0,8,4,2,0,0,0,4,39,0
0,4,1,8,6,4,1,1,4,0,0,0,3,39,0
4,4,2,14,9,2,10,0,4,1,9,0,4,39,1
0,4,1,15,6,4,12,3,2,0,0,0,1,39,0
3,4,0,11,5,0,7,2,2,1,0,0,3,39,0
0,4,1,15,6,4,13,3,4,1,0,0,2,39,0
1,2,0,7,7,4,11,4,4,1,0,0,3,39,0
2,4,1,15,6,2,12,0,4,1,0,0,4,39,0
3,4,1,7,7,2,3,0,4,1,0,0,4,39,1
3,4,0,8,6,2,13,0,4,1,0,0,3,39,0
0,4,2,11,5,4,9,3,4,0,0,0,3,39,0
5,4,0,11,5,2,6,0,4,1,0,0,3,39,0
4,4,1,11,5,2,3,0,4,1,0,0,3,39,1
1,6,1,9,8,0,4,1,4,1,0,4,3,39,0
1,4,0,9,8,4,13,1,4,1,0,0,3,39,0
8,5,0,2,4,6,12,1,4,1,1,0,4,39,1
6,4,0,0,3,2,3,0,4,1,0,0,4,39,0
2,4,1,15,6,4,1,4,2,0,0,0,3,39,0
7,6,1,10,9,3,10,1,4,1,0,0,2,39,1
3,4,0,15,6,2,3,0,4,1,0,4,3,39,1
7,4,1,5,2,6,8,1,4,0,0,0,9,0,0
1,4,0,4,1,4,14,1,4,1,0,0,3,4,0
1,4,0,11,5,4,6,1,4,1,0,0,3,39,0
1,4,1,15,6,2,11,0,4,1,0,0,3,39,0
1,7,0,1,4,5,1,4,1,0,0,0,3,19,0
1,7,0,11,5,2,1,2,4,0,0,0,3,39,0
3,6,1,11,5,2,10,5,4,0,0,0,3,22,1
3,4,0,11,5,2,3,5,4,0,0,0,3,39,1
3,4,1,2,4,2,10,0,4,1,0,0,3,5,1
1,2,1,7,7,4,1,1,4,0,0,4,3,39,0
2,1,0,12,8,2,4,0,4,1,0,0,3,39,1
6,0,0,15,6,6,0,4,4,0,0,0,0,39,0
1,4,1,11,5,4,12,3,4,1,0,0,3,39,0
2,4,1,15,6,2,4,0,4,1,0,0,3,39,1
6,0,1,5,2,6,0,1,2,0,0,0,3,39,0
6,4,0,15,6,2,8,0,4,1,0,0,0,39,0
1,6,0,11,5,4,11,1,4,1,0,0,2,39,0
1,4,1,0,3,4,8,2,0,1,0,0,3,26,0
1,0,0,1,4,2,0,0,4,1,0,0,3,39,0
3,2,0,15,6,2,4,0,4,1,0,0,4,39,1
1,4,0,7,7,4,12,1,4,1,0,0,3,39,0
3,1,0,9,8,2,10,0,4,1,0,0,3,39,0
6,1,1,11,5,2,10,0,4,1,0,0,0,39,0
1,4,2,9,8,4,10,1,4,0,0,0,4,39,0
1,4,3,11,5,4,8,3,4,1,0,0,3,8,0
1,4,1,7,7,2,4,0,4,1,0,0,3,39,0
0,4,0,9,8,4,1,3,4,0,0,0,3,39,0
1,4,0,15,6,2,7,0,4,1,0,0,3,39,0
5,1,1,10,9,2,10,0,4,1,0,0,3,39,1
1,4,1,9,8,4,6,2,4,1,0,0,2,39,0
3,4,1,12,8,4,10,1,4,0,0,0,3,39,0
5,6,0,12,8,2,10,0,4,1,0,0,3,39,1
1,4,1,1,4,2,1,5,4,0,0,0,3,26,0
0,4,1,11,5,4,8,3,4,0,0,0,2,39,0
3,4,2,11,5,0,12,1,4,1,0,0,6,39,0
3,4,1,11,5,3,1,4,2,0,0,0,3,39,0
2,6,0,11,5,2,11,0,4,1,0,0,2,39,0
5,4,1,11,5,2,14,0,4,1,0,0,6,39,0
0,4,1,1,4,4,12,3,4,0,0,0,1,39,0
2,2,2,15,6,2,11,0,4,1,0,0,4,39,0
2,6,1,9,8,2,4,0,4,1,0,0,3,39,1
4,2,3,15,6,0,14,1,4,0,0,0,3,39,0
4,7,1,11,5,2,14,0,4,1,0,0,3,33,0
6,5,1,0,3,2,12,0,4,1,0,0,2,39,0
5,6,0,9,8,4,5,3,4,1,0,0,7,39,0
1,4,3,11,5,4,3,4,4,1,0,0,3,26,0
0,4,0,15,6,4,6,3,4,1,0,0,1,39,0
0,4,1,1,4,4,12,3,4,0,0,0,1,39,0
0,4,0,1,4,4,6,3,4,1,0,0,1,39,0
0,4,1,0,3,4,8,3,4,1,0,0,2,39,0
3,0,0,9,8,2,0,5,4,0,0,0,1,39,1
2,4,0,9,8,2,10,0,4,1,0,0,3,9,1
3,5,1,9,8,2,12,0,4,1,0,0,2,39,0
1,4,3,11,5,2,12,0,4,1,0,0,4,39,0
4,7,1,11,5,2,4,0,4,1,0,0,3,39,0
5,1,0,15,6,2,1,5,4,0,0,0,3,39,1
2,4,1,11,5,0,8,4,4,0,0,0,3,39,0
7,4,0,6,2,2,8,0,4,1,0,0,3,39,0
1,4,2,15,6,4,8,1,4,0,0,0,1,39,0
4,4,1,5,2,2,14,0,4,1,0,0,5,39,0
0,4,3,15,6,4,8,4,2,0,0,0,3,39,0
4,4,1,7,7,5,10,1,4,0,0,0,5,39,0
0,4,0,11,5,2,11,0,1,1,0,0,3,37,0
2,4,0,15,6,4,5,4,4,1,0,0,6,39,0
3,4,1,15,6,2,8,5,4,0,0,0,2,39,0
4,4,1,5,2,2,10,0,4,1,0,0,3,39,0
4,4,1,11,5,2,10,5,4,0,0,0,1,39,0
2,4,1,11,5,4,1,1,4,1,0,0,3,39,0
4,4,0,1,4,4,7,2,4,0,0,0,3,39,0
5,5,1,15,6,2,4,0,4,1,0,0,5,39,1
3,1,2,11,5,0,1,1,4,1,0,0,3,39,0
1,4,1,9,8,2,10,0,4,1,0,0,5,39,0
4,4,0,10,9,2,10,0,2,1,0,0,3,0,1
3,4,1,9,8,0,14,1,4,1,0,0,3,39,0
2,4,2,9,8,2,4,0,4,1,0,0,3,39,1
1,4,0,11,5,0,12,4,4,0,0,0,5,39,0
3,6,1,14,9,2,10,0,4,1,0,0,5,39,1
1,4,1,11,5,2,14,0,4,1,0,0,3,39,0
1,4,0,0,3,0,6,1,4,1,0,0,3,39,0
3,4,1,3,0,2,7,0,4,1,0,0,3,26,0
3,4,1,15,6,4,3,1,4,1,0,0,3,39,0
1,1,1,11,5,5,6,4,4,0,0,0,3,39,0
6,4,1,5,2,2,8,0,4,1,0,0,2,39,0
5,4,2,9,8,0,4,1,4,1,0,0,3,39,0
4,4,1,1,4,2,8,0,4,1,0,0,5,39,0
4,4,1,11,5,2,7,5,4,0,0,0,3,39,0
0,4,1,6,2,4,12,3,4,0,0,0,3,39,0
1,4,1,11,5,2,3,0,4,1,0,0,3,39,1
3,4,1,9,8,2,3,5,2,0,0,0,3,39,1
2,4,1,11,5,4,7,4,4,1,0,0,3,39,0
1,4,2,15,6,4,3,1,4,1,0,0,3,39,0
4,1,1,15,6,0,1,4,4,0,0,2,3,39,0
3,7,1,9,8,4,1,1,4,0,0,0,3,39,0
1,4,1,15,6,4,1,1,4,1,0,0,2,39,0
0,4,0,1,4,4,12,1,4,0,0,0,3,39,0
0,4,0,11,5,4,12,3,4,0,0,0,1,39,0
3,4,1,11,5,2,12,0,4,1,0,0,6,39,1
3,4,0,8,6,0,14,1,4,1,0,0,5,39,1
1,6,1,15,6,2,4,0,4,1,0,0,4,39,1
0,4,1,1,4,2,3,0,4,1,0,0,5,39,1
5,5,1,9,8,2,10,0,4,1,0,0,3,39,1
3,0,1,5,2,2,0,0,4,1,0,0,2,39,0
1,4,1,11,5,2,3,0,4,1,0,0,3,39,1
5,7,0,12,8,2,10,0,4,1,0,0,5,39,1
5,4,2,15,6,2,4,5,4,0,0,0,3,39,1
2,4,1,9,8,2,10,0,4,1,0,0,3,39,1
6,4,1,0,3,2,14,0,4,1,0,0,1,39,0
4,4,1,3,0,3,3,4,4,1,0,0,3,39,0
0,4,0,11,5,4,12,3,4,1,0,0,3,39,0
2,4,1,11,5,5,11,1,2,1,0,0,3,39,0
1,4,1,11,5,2,4,0,4,1,0,0,4,39,1
0,4,1,1,4,5,10,3,4,1,0,0,3,39,0
2,4,1,0,3,4,3,4,4,0,0,0,3,39,0
1,4,0,9,8,2,12,0,4,1,0,0,3,39,1
0,4,1,15,6,4,8,3,2,1,0,0,3,0,0
3,4,1,11,5,0,14,4,4,0,0,0,5,39,0
9,2,0,11,5,2,8,0,4,1,0,0,3,39,0
7,6,0,11,5,2,12,0,4,1,0,4,1,39,0
0,4,2,15,6,4,4,1,4,1,0,0,3,39,0
1,4,1,12,8,4,10,3,4,1,0,0,3,39,0
5,6,1,11,5,2,8,0,2,1,0,0,4,39,0
3,4,4,15,6,4,3,1,4,1,0,0,3,39,0
1,4,3,11,5,4,14,1,4,1,0,0,4,39,0
4,4,0,11,5,0,14,4,4,1,0,0,3,39,0
0,0,1,2,4,4,0,3,3,1,0,0,3,39,0
3,4,1,9,8,2,4,5,2,0,0,0,5,39,1
8,0,0,11,5,6,0,1,4,0,0,0,1,39,0
0,0,0,15,6,4,0,3,4,0,0,0,3,39,0
3,4,0,12,8,2,10,0,4,1,0,0,3,39,1
4,5,0,15,6,0,4,4,4,0,0,0,3,39,0
6,2,0,11,5,0,1,1,4,0,0,0,3,39,0
2,4,1,11,5,2,3,0,4,1,0,0,3,39,0
0,4,0,15,6,4,12,3,4,0,0,0,1,39,0
0,4,1,11,5,4,7,3,4,0,0,0,2,39,0
3,4,1,6,2,4,7,1,4,1,0,0,3,39,0
1,4,1,9,8,4,4,1,4,0,0,0,3,39,0
0,4,2,15,6,4,1,3,4,1,0,0,2,39,0
2,4,1,11,5,4,4,1,4,1,0,0,4,39,0
0,6,1,15,6,2,14,0,4,1,0,0,6,39,0
2,7,0,10,9,2,13,0,1,1,0,0,1,3,0
5,5,1,11,5,2,4,0,4,1,0,0,4,39,0
0,4,0,1,4,4,8,3,4,1,0,0,4,8,0
2,4,1,11,5,2,8,0,2,1,0,0,3,39,0
2,4,0,15,6,2,3,0,4,1,0,0,3,39,0
3,4,0,9,8,4,13,3,4,1,0,0,3,39,0
6,0,1,5,2,2,0,0,4,1,0,0,2,39,0
1,4,0,9,8,4,10,1,4,1,0,0,3,39,0
0,4,0,11,5,0,8,1,4,0,0,0,3,39,0
1,4,0,11,5,2,3,0,4,1,0,0,3,39,1
2,4,1,9,8,2,12,0,4,1,0,0,3,39,0
4,2,1,9,8,0,1,1,4,0,0,0,3,39,0
3,4,0,15,6,2,3,0,2,1,0,0,3,39,0
1,4,1,9,8,4,10,1,4,1,0,0,3,39,0
0,4,1,15,6,4,4,1,4,1,0,0,3,39,0
1,4,2,7,7,4,6,3,4,1,0,0,1,39,0
1,4,1,9,8,2,4,0,4,1,0,0,3,6,0
0,4,1,2,4,4,12,2,4,1,0,0,5,39,0
0,4,0,11,5,4,1,1,4,0,0,0,3,39,0
3,7,0,11,5,0,13,1,4,0,0,0,3,39,0
3,4,0,9,8,2,1,0,4,1,0,0,3,39,1
2,4,1,12,8,4,4,1,4,0,0,0,3,39,1
3,4,1,11,5,2,14,0,4,1,0,0,4,39,0
1,4,1,9,8,2,12,0,4,1,0,0,6,39,1
1,4,0,9,8,2,10,0,4,1,0,0,3,39,1
0,4,1,15,6,4,13,1,4,0,0,0,2,39,0
2,4,0,9,8,2,12,0,4,1,0,0,3,39,1
6,0,1,0,3,4,0,1,2,0,0,0,3,39,0
3,4,0,9,8,2,10,1,4,1,0,0,6,39,0
5,4,0,11,5,2,14,0,4,1,0,0,4,39,0
4,4,0,12,8,0,10,1,4,0,0,0,3,39,0
5,6,1,9,8,2,4,0,4,1,0,0,4,39,1
3,4,0,11,5,2,4,0,4,1,0,0,4,39,1
3,4,1,11,5,2,14,0,4,1,0,0,4,0,0
4,4,0,11,5,2,7,0,4,1,0,0,3,39,1
6,4,1,11,5,0,11,1,4,1,0,0,3,39,0
2,4,2,7,7,2,13,0,4,1,0,0,3,39,1
3,4,0,11,5,0,1,4,4,0,0,0,3,39,0
3,7,1,9,8,4,10,1,4,1,0,0,3,39,1
1,4,0,11,5,2,3,0,4,1,0,0,3,39,0
1,4,0,1,4,2,3,0,4,1,0,0,3,39,0
3,1,1,15,6,2,8,0,4,1,0,0,3,39,0
2,4,2,11,5,2,3,0,4,1,0,0,4,39,0
0,7,0,15,6,4,10,1,4,1,0,0,1,0,0
4,5,1,14,9,2,10,0,4,1,0,5,6,39,1
0,4,0,15,6,4,6,1,4,1,0,0,3,39,0
0,4,0,15,6,4,1,3,4,0,0,0,1,39,0
3,4,1,9,8,0,1,4,4,0,0,0,3,39,1
4,4,0,15,6,0,1,1,2,1,0,0,3,39,0
2,5,1,11,5,2,3,0,4,1,0,0,3,39,1
3,4,1,9,8,4,10,1,4,1,0,0,3,39,0
1,4,0,15,6,4,1,1,4,1,0,0,4,39,0
1,4,0,11,5,0,1,4,4,0,0,0,5,39,0
6,0,0,15,6,6,0,1,4,1,0,0,0,39,0
6,2,0,9,8,2,4,0,4,1,0,0,5,39,1
0,4,0,11,5,4,8,3,4,1,0,0,3,39,0
7,4,1,11,5,0,8,1,4,0,0,0,2,39,0
2,4,0,9,8,2,12,0,4,1,0,0,6,39,1
2,4,0,15,6,2,14,0,4,1,0,0,4,39,0
5,7,0,11,5,2,13,5,4,0,0,4,3,39,1
2,4,1,11,5,4,1,1,4,0,0,0,3,39,0
1,4,0,4,1,2,7,0,4,1,0,0,3,26,0
3,1,1,8,6,2,10,0,4,1,0,0,5,39,0
0,7,0,11,5,4,8,2,3,1,0,0,3,39,0
3,4,2,12,8,2,10,0,4,1,0,0,3,39,1
0,4,0,11,5,4,1,3,4,0,0,0,1,39,0
0,4,1,15,6,4,1,1,4,0,0,0,4,39,0
1,4,0,9,8,2,4,0,4,1,0,0,4,39,0
2,4,0,11,5,2,14,0,4,1,0,0,4,39,0
6,4,0,15,6,2,3,0,4,1,1,0,4,39,0
1,4,0,15,6,2,1,0,4,1,0,0,3,39,1
2,2,0,15,6,5,1,4,0,0,0,0,3,39,0
0,4,1,1,4,4,3,1,2,1,0,0,2,39,0
6,2,1,11,5,0,14,4,4,1,0,0,1,39,0
5,1,0,11,5,4,1,1,2,0,0,0,3,39,0
3,4,0,9,8,2,12,0,4,1,0,0,3,39,0
3,4,1,11,5,5,8,4,4,0,0,0,4,39,0
3,4,0,9,8,2,1,0,4,1,0,0,3,39,1
4,4,1,11,5,2,7,0,4,1,0,0,3,39,0
3,6,0,15,6,2,4,0,4,1,0,0,6,39,0
3,4,1,15,6,2,4,0,4,1,0,0,5,39,0
0,4,0,2,4,4,8,4,2,1,0,0,3,39,0
1,4,0,11,5,2,3,0,4,1,0,0,7,39,0
3,4,1,9,8,2,4,0,4,1,0,0,3,39,1
4,6,0,9,8,2,5,0,4,1,0,0,7,39,0
3,4,1,11,5,2,3,0,4,1,0,0,7,39,1
1,1,1,11,5,4,1,1,2,0,0,0,3,39,0
2,2,0,11,5,4,14,1,4,1,0,0,3,39,0
6,0,0,5,2,0,0,1,4,1,0,0,0,39,0
0,4,1,11,5,4,5,1,4,1,0,0,3,39,0
1,4,1,9,8,2,12,0,4,1,0,0,5,39,0
5,4,2,11,5,5,1,1,4,0,0,0,2,39,0
3,4,1,12,8,2,10,0,4,1,0,0,3,39,0
0,4,1,15,6,4,4,3,4,0,0,0,2,39,0
1,5,1,9,8,2,4,0,4,1,0,0,5,39,1
0,4,3,11,5,1,1,5,4,0,0,0,2,39,0
3,4,0,14,9,2,10,0,4,1,0,0,5,39,1
4,4,2,7,7,4,1,4,2,0,0,0,3,39,0
0,4,0,11,5,4,3,2,4,1,0,0,3,39,0
0,4,1,11,5,4,7,3,4,0,0,0,3,39,0
2,4,0,9,8,2,10,0,4,1,0,0,3,39,0
1,4,1,11,5,4,12,3,2,1,0,0,3,39,0
1,4,1,9,8,2,4,0,4,1,0,0,3,39,1
2,4,1,11,5,5,10,2,2,0,0,0,3,39,0
1,4,1,1,4,4,6,2,4,1,0,0,3,39,0
6,2,0,11,5,2,8,0,4,1,0,0,3,39,0
0,4,1,5,2,4,9,3,4,0,0,0,3,8,0
1,4,0,11,5,4,3,1,4,1,0,0,3,39,0
5,6,1,11,5,2,5,0,4,1,0,0,7,39,0
1,4,1,11,5,2,4,0,4,1,0,0,3,11,0
1,4,0,11,5,0,12,4,4,0,0,0,3,39,0
2,4,1,11,5,2,8,0,4,1,0,0,4,0,0
3,4,1,0,3,2,14,0,4,1,0,0,3,39,0
3,4,1,15,6,2,4,0,4,1,0,0,6,39,1
1,4,0,2,4,4,14,1,4,1,0,0,3,39,0
1,4,0,8,6,2,8,0,4,1,0,0,4,39,0
7,4,1,14,9,2,10,0,4,1,9,0,5,39,1
2,4,1,9,8,2,4,0,4,1,0,0,4,39,0
4,2,0,6,2,2,3,0,4,1,0,0,3,39,0
1,4,1,11,5,2,3,0,0,1,0,0,3,39,0
5,4,0,6,2,2,14,0,4,1,0,0,6,39,1
3,2,0,12,8,2,4,0,4,1,0,0,5,39,0
3,4,0,15,6,2,7,0,4,1,0,0,3,39,0
4,4,2,15,6,4,4,1,4,1,0,0,3,39,0
6,4,1,15,6,3,4,4,4,0,0,0,3,39,0
2,4,0,9,8,0,10,4,4,0,0,0,5,39,0
2,4,1,11,5,0,4,4,4,0,0,0,5,39,0
1,4,1,11,5,2,7,0,4,1,0,0,4,39,0
3,4,1,11,5,2,7,0,4,1,0,0,4,39,0
3,4,0,15,6,2,3,0,0,1,0,0,5,39,1
4,4,0,9,8,2,8,0,4,1,0,0,3,39,0
0,4,2,11,5,4,6,3,4,1,0,0,5,39,0
2,4,1,11,5,4,3,3,4,1,0,0,3,39,0
1,4,1,15,6,2,3,0,4,1,0,0,3,39,0
4,4,1,11,5,6,8,1,4,0,0,0,4,39,0
2,4,0,11,5,5,8,1,2,1,0,0,3,39,0
6,7,0,11,5,2,4,0,4,1,0,4,3,39,1
1,4,0,0,3,2,14,0,4,1,0,0,3,39,0
5,4,1,3,0,2,3,0,2,1,0,0,3,14,1
1,4,2,7,7,2,1,5,4,0,0,0,3,39,0
0,4,1,11,5,4,14,1,4,0,0,0,4,39,0
3,4,3,11,5,2,3,0,4,1,0,0,3,39,0
3,4,1,11,5,4,3,1,4,1,0,0,3,39,0
6,4,1,15,6,2,12,0,4,1,0,0,2,39,0
2,4,1,11,5,0,7,4,4,0,0,0,3,39,0
3,4,1,9,8,2,10,0,4,1,0,0,4,39,1
1,4,0,9,8,2,3,0,4,1,0,0,3,39,0
4,4,2,15,6,6,1,1,4,0,0,0,3,39,0
4,4,1,4,1,2,9,5,2,0,0,0,0,14,0
1,4,0,11,5,0,14,1,4,1,0,0,6,39,0
3,2,0,9,8,0,10,4,4,0,0,0,3,39,0
4,4,1,11,5,0,1,1,4,0,0,0,3,39,0
2,7,1,15,6,0,10,4,4,0,0,0,2,39,0
5,5,1,14,9,2,10,0,1,1,0,0,5,36,1
0,4,0,11,5,5,7,1,4,1,0,0,3,39,0
2,4,0,9,8,4,10,1,4,0,0,0,3,39,0
3,6,1,6,2,2,5,0,4,1,0,0,3,39,0
0,4,3,11,5,4,1,2,4,1,0,0,2,39,0
3,4,1,7,7,2,10,0,4,1,1,0,6,39,1
1,4,0,11,5,4,14,1,4,1,0,4,7,39,0
3,2,0,7,7,5,3,1,4,1,0,0,5,39,0
0,4,0,2,4,4,8,3,4,0,0,0,1,39,0
4,4,0,14,9,2,10,0,4,1,0,0,4,39,0
4,4,0,15,6,4,8,1,4,0,0,0,6,39,0
0,4,1,15,6,4,1,3,4,0,0,0,1,39,0
4,0,0,15,6,0,0,4,4,0,0,0,3,39,0
3,4,2,15,6,5,1,4,4,0,0,0,3,39,0
3,4,1,15,6,3,8,1,2,0,0,0,3,39,0
4,4,1,1,4,0,3,3,4,1,0,0,0,39,0
2,4,1,11,5,0,12,1,4,1,0,0,8,39,0
0,4,1,9,8,4,8,3,2,0,0,0,7,39,0
5,4,1,9,8,2,4,0,4,1,0,0,5,39,1
2,4,1,9,8,4,4,1,4,0,0,0,5,39,1
1,4,1,9,8,0,4,1,4,0,0,0,5,39,1
0,4,0,11,5,4,7,3,4,1,0,0,3,39,0
6,4,1,4,1,6,8,1,2,0,0,0,1,39,0
6,4,0,6,2,2,3,0,2,1,0,0,4,39,0
5,4,0,11,5,2,1,0,4,1,0,0,5,39,1
5,4,1,15,6,2,10,0,4,1,0,0,3,39,1
3,4,2,15,6,2,12,0,4,1,0,0,4,39,1
2,4,1,11,5,2,1,5,4,0,0,0,3,39,1
4,7,1,9,8,2,8,0,4,1,0,0,3,39,0
6,7,0,9,8,2,10,0,4,1,0,0,3,39,0
3,4,3,9,8,0,4,4,4,0,0,0,3,39,0
4,7,0,5,2,2,14,0,4,1,0,0,3,39,0
1,7,1,15,6,5,1,4,4,0,0,0,5,39,0
1,4,2,15,6,4,12,1,4,1,0,0,4,39,0
5,7,0,6,2,2,5,0,4,1,0,0,3,39,0
4,5,1,4,1,2,12,0,4,1,0,0,3,26,1
0,4,0,15,6,4,8,1,4,1,0,0,3,39,0
1,6,1,1,4,4,3,1,4,1,0,0,3,39,0
4,4,0,11,5,0,12,1,4,0,0,0,3,39,0
5,4,1,11,5,0,14,1,2,1,0,0,3,39,0
2,4,1,11,5,4,6,4,4,0,0,0,3,39,0
3,4,1,9,8,4,10,1,4,0,0,0,3,11,0
3,4,1,6,2,0,14,1,2,1,0,0,3,39,0
1,2,0,9,8,4,10,1,4,0,0,0,3,39,0
2,4,0,9,8,2,4,0,4,1,0,4,4,39,1
1,4,1,9,8,4,4,1,4,1,0,0,5,39,1
2,4,1,1,4,4,9,4,2,0,0,0,3,39,0
2,4,0,11,5,2,14,0,4,1,0,0,4,39,0
6,4,1,1,4,2,14,0,4,1,0,0,3,39,0
4,7,1,9,8,2,4,0,4,1,0,0,3,39,1
1,4,0,9,8,4,10,1,4,1,0,0,5,39,0
5,2,3,15,6,2,1,5,4,0,0,0,1,39,0
2,4,1,11,5,4,1,3,4,1,0,0,3,39,0
1,4,0,14,9,4,10,1,4,0,0,0,0,22,0
1,4,0,15,6,4,4,1,4,1,0,0,5,39,0
1,4,1,15,6,2,1,0,4,1,0,0,3,39,0
2,0,0,11,5,0,0,4,2,0,0,0,3,39,0
1,4,0,9,8,0,4,1,1,0,0,0,3,3,0
5,5,0,9,8,2,12,0,4,1,0,0,5,39,1
3,4,1,15,6,0,12,3,4,1,0,0,4,39,0
4,4,1,11,5,2,7,0,4,1,0,0,5,39,0
0,4,1,15,6,4,14,3,4,1,0,0,5,39,0
0,4,0,15,6,4,12,3,4,1,0,0,0,39,0
6,4,1,11,5,2,7,0,2,1,0,0,3,39,0
5,4,0,4,1,2,3,0,4,1,0,0,3,26,0
2,4,1,15,6,2,3,0,2,1,0,0,3,39,0
4,5,1,15,6,6,12,1,4,0,0,0,6,39,0
2,4,1,11,5,2,12,0,4,1,0,0,3,7,0
3,4,0,11,5,2,14,0,4,1,0,0,4,39,0
3,4,1,10,9,0,10,4,2,0,0,6,3,39,1
1,4,1,7,7,2,10,0,4,1,0,0,3,39,1
8,0,0,11,5,2,0,0,4,1,0,0,1,39,0
2,5,0,9,8,4,4,3,4,1,0,0,3,39,0
1,2,1,9,8,2,11,0,4,1,0,0,3,39,1
1,4,0,9,8,4,10,1,4,0,0,0,3,39,0
2,4,0,15,6,2,7,0,4,1,0,0,3,39,0
4,4,0,6,2,0,8,1,2,1,0,0,3,39,0
3,1,1,7,7,4,10,1,4,1,0,0,3,39,1
3,4,0,0,3,4,3,2,2,1,0,0,5,39,0
0,4,1,2,4,4,12,1,4,0,0,0,0,0,0
2,4,0,11,5,2,14,0,4,1,0,0,5,39,1
0,4,2,11,5,5,8,4,2,0,0,0,3,39,0
0,4,0,2,4,4,12,3,4,0,0,0,0,39,0
0,4,1,11,5,4,3,3,4,1,0,0,1,39,0
3,2,0,9,8,2,10,0,4,1,0,0,3,39,1
3,4,1,12,8,2,4,0,4,1,0,0,5,39,1
1,4,0,11,5,4,3,1,4,1,0,0,3,13,0
1,4,1,11,5,4,8,1,4,1,0,0,8,39,0
3,4,0,11,5,0,6,4,4,1,0,0,3,39,0
4,4,1,1,4,2,3,0,4,1,0,0,3,39,1
4,4,1,0,3,2,14,0,4,1,0,0,4,39,0
4,2,0,15,6,0,1,1,4,0,0,0,3,39,0
0,4,1,15,6,4,12,3,4,0,0,0,3,39,0
3,4,1,8,6,2,14,0,4,1,0,0,5,39,0
2,4,0,9,8,2,1,0,4,1,0,3,4,39,0
0,4,0,15,6,4,1,3,4,0,0,0,0,39,0
1,4,0,9,8,4,8,1,4,1,0,0,3,39,0
5,4,0,11,5,6,10,1,4,0,0,0,1,39,0
5,4,0,0,3,2,7,0,4,1,0,0,3,39,0
2,4,0,9,8,2,8,5,4,0,0,0,3,39,0
1,4,1,9,8,2,10,0,4,1,0,0,3,39,0
1,6,0,5,2,2,3,0,4,1,0,0,3,39,0
1,4,0,11,5,4,3,3,4,1,0,0,1,39,0
1,4,2,11,5,4,6,3,2,1,0,0,3,39,0
5,1,0,15,6,5,8,1,2,1,0,0,3,39,0
2,1,0,11,5,4,4,4,4,0,0,3,3,39,0
4,4,1,11,5,2,7,0,2,1,0,0,3,39,1
3,4,1,9,8,2,10,0,4,1,0,0,4,39,1
0,4,1,15,6,0,7,3,4,0,0,0,3,39,0
2,4,0,2,4,2,3,5,4,0,0,0,5,39,0
5,5,1,15,6,2,12,0,4,1,0,0,5,39,1
3,2,0,1,4,2,8,5,4,0,0,0,2,39,0
4,1,1,11,5,0,1,1,4,0,0,0,4,39,0
1,4,0,11,5,2,1,5,4,0,0,0,3,39,1
2,0,1,11,5,4,0,3,4,1,0,0,3,39,0
2,4,0,11,5,4,7,1,4,0,0,0,2,39,0
1,6,1,4,1,2,6,0,4,1,0,0,2,26,0
7,6,0,11,5,2,12,0,4,1,0,0,3,39,1
6,5,1,11,5,2,1,5,4,0,0,0,3,39,1
2,4,1,15,6,4,8,1,2,1,0,0,3,39,0
2,4,0,5,2,0,4,1,4,1,0,0,5,39,0
3,4,1,15,6,0,7,4,4,0,0,0,3,39,0
2,4,1,9,8,2,4,5,4,0,0,0,3,39,1
4,4,1,9,8,2,3,0,4,1,0,0,5,39,0
1,4,1,9,8,2,4,5,4,0,0,0,5,39,1
5,4,1,15,6,6,3,4,4,0,0,0,5,39,0
1,4,2,11,5,4,6,1,2,1,0,0,3,39,0
4,2,0,2,4,2,3,0,4,1,0,0,3,39,0
0,0,1,15,6,4,0,3,4,1,0,0,3,39,0
5,4,1,15,6,0,3,1,4,1,0,0,4,39,0
2,6,0,14,9,2,10,0,4,1,0,0,6,39,1
0,4,1,11,5,4,3,3,4,0,0,0,3,39,0
1,4,2,15,6,2,6,0,4,1,0,0,3,0,1
3,4,2,11,5,2,7,0,4,1,0,0,3,39,1
0,4,3,9,8,4,14,4,2,0,0,0,3,39,0
0,4,0,15,6,4,6,2,4,1,0,0,3,22,0
4,4,0,11,5,2,3,0,4,1,0,0,3,39,1
1,4,2,11,5,4,6,2,4,1,0,0,4,39,0
4,4,0,1,4,2,3,0,4,1,0,0,3,39,0
2,4,0,11,5,4,6,1,4,1,0,0,6,39,0
0,4,0,11,5,4,6,3,4,0,0,0,3,39,0
1,2,0,15,6,4,1,3,0,0,0,0,2,39,0
5,4,0,15,6,2,14,0,4,1,1,0,6,39,1
5,6,0,12,8,4,5,1,4,1,0,0,1,39,0
3,7,0,15,6,0,1,3,4,1,0,0,3,39,0
2,4,1,11,5,0,3,4,4,1,0,0,3,39,0
2,6,1,10,9,4,10,1,4,1,0,0,4,39,1
6,4,1,4,1,6,7,1,4,0,0,0,0,22,0
3,4,0,15,6,2,10,0,0,1,0,0,3,39,1
3,4,1,7,7,4,1,1,4,0,0,0,3,39,0
1,4,0,15,6,0,7,4,4,0,0,0,3,39,0
2,4,1,11,5,2,3,0,4,1,0,0,4,39,0
0,4,0,8,6,4,5,3,4,1,0,0,3,39,0
2,4,1,11,5,2,3,0,4,1,0,0,3,39,0
0,4,1,0,3,2,12,3,4,0,0,0,2,39,0
0,4,0,11,5,4,3,3,4,1,0,0,3,39,0
4,4,1,11,5,2,7,0,4,1,0,0,3,39,1
2,4,1,15,6,5,8,4,2,0,0,0,3,39,0
0,4,0,15,6,4,6,3,4,1,0,0,3,39,0
3,4,0,11,5,0,1,1,4,0,0,0,3,39,0
0,4,2,15,6,4,8,3,4,0,0,0,1,39,0
3,4,1,7,7,0,10,4,4,0,0,0,3,39,0
2,4,2,4,1,2,3,0,4,1,0,0,6,26,0
2,4,2,11,5,5,3,1,4,1,0,0,5,39,0
6,0,1,11,5,2,0,0,4,1,0,0,3,39,0
0,4,1,15,6,4,1,3,4,1,0,0,3,39,0
3,4,0,15,6,5,4,1,2,0,0,0,3,39,0
2,4,0,8,6,4,10,1,4,0,0,0,3,39,0
1,4,1,15,6,4,1,1,0,0,0,0,1,39,0
0,4,0,11,5,4,8,3,4,1,0,0,3,39,0
5,4,2,3,0,2,8,0,4,1,0,0,3,26,0
3,4,1,9,8,2,12,0,4,1,0,0,4,39,1
1,4,1,11,5,4,12,3,0,1,0,0,3,39,0
2,6,2,15,6,2,4,0,4,1,0,0,3,39,0
5,4,1,11,5,2,8,0,4,1,0,0,3,39,1
5,4,1,11,5,2,12,5,4,0,0,0,1,39,0
0,4,1,15,6,4,12,3,4,1,0,0,3,39,0
4,4,2,1,4,0,8,4,4,0,0,0,3,39,0
3,4,1,7,7,2,4,0,4,1,0,0,4,39,1
2,6,1,11,5,0,12,3,4,1,0,3,6,39,0
4,4,0,15,6,2,12,0,4,1,0,0,3,39,1
4,4,2,11,5,4,3,4,4,0,0,0,4,26,0
1,4,1,11,5,0,1,4,2,0,0,0,6,39,0
1,0,1,9,8,4,0,1,4,0,0,0,4,39,0
2,4,0,11,5,2,4,0,4,1,0,0,3,39,0
1,4,1,9,8,6,8,1,4,0,0,0,2,39,0
2,4,3,0,3,0,4,4,4,0,0,0,3,39,0
1,4,1,9,8,0,10,1,4,0,0,0,4,39,0
6,7,1,11,5,2,1,0,4,1,0,4,3,39,1
4,6,2,9,8,2,13,5,4,0,0,0,5,39,1
4,4,0,12,8,2,10,0,1,1,0,0,3,19,0
4,4,1,0,3,0,1,4,4,0,0,0,4,39,0
1,6,0,9,8,2,4,5,4,0,0,0,3,39,0
3,4,1,15,6,0,6,3,4,1,0,0,3,39,0
4,5,1,15,6,2,12,0,4,1,0,0,6,39,0
0,0,2,11,5,2,0,3,4,0,0,0,2,39,0
5,6,1,11,5,2,8,5,2,0,0,0,5,39,0
1,4,0,9,8,4,12,3,4,0,0,0,3,39,0
1,4,0,15,6,0,1,1,4,0,0,0,4,39,0
3,6,0,12,8,4,4,1,1,1,0,0,4,39,1
5,1,1,9,8,4,10,1,4,0,0,0,3,39,0
3,4,1,11,5,4,8,1,4,1,0,0,3,39,0
0,2,2,2,4,4,1,3,4,0,0,0,1,39,0
4,0,0,5,2,2,0,0,4,1,0,0,9,39,0
1,4,0,11,5,2,13,0,4,1,0,0,3,39,0
6,4,1,6,2,2,5,0,2,1,0,0,3,39,0
1,4,1,15,6,4,8,3,4,1,0,0,3,39,0
3,2,0,11,5,4,8,3,4,1,0,0,3,39,0
0,4,2,0,3,4,8,4,4,1,0,0,6,26,0
6,4,0,9,8,6,8,1,4,0,0,0,3,39,0
2,4,0,11,5,2,3,0,4,1,0,0,3,39,1
1,4,2,14,9,0,10,1,4,1,1,0,5,39,1
0,4,1,11,5,4,12,1,4,0,0,0,1,39,0
0,4,0,11,5,3,7,3,4,0,0,0,3,6,0
4,4,1,9,8,2,4,0,4,1,0,0,5,10,1
4,4,1,15,6,0,12,4,4,0,0,0,3,22,0
5,4,0,15,6,2,10,0,4,1,0,0,3,39,0
2,4,0,15,6,4,7,1,2,1,0,0,3,39,0
0,4,0,11,5,4,11,3,4,1,0,0,3,39,0
0,1,2,11,5,4,10,1,4,1,0,0,3,39,0
3,4,0,15,6,5,1,4,2,0,0,0,3,39,0
4,4,0,11,5,0,7,4,4,0,0,0,3,39,0
2,4,1,15,6,2,7,0,4,1,0,0,5,39,0
4,5,0,12,8,2,4,0,4,1,1,0,6,39,1
1,4,0,11,5,4,5,1,2,0,0,0,6,39,0
2,4,1,14,9,2,4,5,4,0,0,0,3,39,1
0,4,1,6,2,4,8,3,4,0,0,0,5,26,0
6,6,1,12,8,2,5,0,4,1,4,0,5,39,0
1,4,0,15,6,0,13,1,4,1,0,0,5,39,0
3,2,1,11,5,5,8,1,2,0,0,0,6,0,0
1,4,1,9,8,4,1,1,4,0,0,0,3,39,0
3,4,1,11,5,2,7,0,4,1,0,0,3,39,0
4,4,1,11,5,2,3,0,4,1,0,4,4,39,1
2,4,1,11,5,2,7,0,4,1,0,0,3,39,0
2,7,0,15,6,2,4,0,4,1,0,0,8,39,0
4,4,1,9,8,0,12,4,4,1,0,0,3,39,1
3,4,0,11,5,2,3,0,4,1,0,0,5,39,0
2,4,0,0,3,5,1,4,4,1,0,8,3,39,0
4,4,1,15,6,2,7,0,4,1,0,0,3,39,1
4,5,1,9,8,4,12,1,4,1,0,0,6,39,0
5,4,0,15,6,4,3,1,4,1,0,0,4,39,0
1,7,0,9,8,4,4,1,4,1,0,0,5,39,0
4,4,1,11,5,2,3,0,4,1,0,0,3,39,1
2,6,0,11,5,2,5,0,4,1,0,0,7,39,0
0,4,1,11,5,2,14,0,4,1,0,0,3,39,0
1,6,1,6,2,2,3,0,4,1,0,0,6,39,0
5,4,1,12,8,2,4,0,4,1,9,0,5,39,1
2,4,2,15,6,2,4,0,4,1,0,0,3,39,1
0,4,0,6,2,4,7,1,4,0,0,0,3,39,0
3,4,1,11,5,4,3,1,4,1,0,0,5,39,0
0,4,1,11,5,4,7,2,2,1,0,0,4,39,0
5,4,1,9,8,2,4,0,4,1,0,4,5,39,0
1,4,0,11,5,0,1,4,4,0,0,0,4,39,0
1,4,1,11,5,4,1,1,4,0,0,0,4,39,0
1,4,1,4,1,4,1,3,4,0,0,0,3,26,0
3,4,2,15,6,0,14,4,4,1,0,0,3,39,1
4,4,0,11,5,2,7,0,4,1,0,0,3,39,0
3,6,0,9,8,2,4,0,4,1,0,0,4,39,0
3,4,0,8,6,2,13,0,4,1,0,0,3,39,0
6,4,1,0,3,6,12,1,4,0,0,0,1,39,0
5,5,0,0,3,6,4,4,4,0,0,5,5,39,1
1,7,1,15,6,4,8,1,4,1,0,0,1,39,0
2,4,1,9,8,4,4,1,4,1,0,0,3,39,0
0,0,2,11,5,4,0,3,4,1,0,0,3,32,0
0,4,1,11,5,4,12,1,4,0,0,0,4,39,0
4,4,0,11,5,2,3,0,4,1,0,0,3,39,0
3,4,1,7,7,0,13,4,4,0,0,0,3,39,0
2,4,1,15,6,5,8,1,4,0,0,0,2,39,0
1,4,1,0,3,4,7,1,4,1,0,0,3,6,0
1,4,1,11,5,2,8,0,4,1,0,0,3,26,0
4,4,1,11,5,4,4,4,4,0,0,0,3,39,0
0,0,1,15,6,4,0,3,4,0,0,0,3,39,0
1,2,1,15,6,2,5,0,4,1,0,0,3,39,0
3,7,1,11,5,4,14,1,2,1,0,0,3,39,0
2,5,0,11,5,2,3,0,4,1,9,0,3,39,1
2,5,1,11,5,2,12,0,4,1,0,0,6,39,1
2,6,0,11,5,2,3,0,4,1,0,0,3,39,0
3,2,1,11,5,2,14,0,2,1,0,0,3,39,0
1,4,1,15,6,2,7,0,4,1,0,0,4,39,0
0,4,1,5,2,4,7,3,4,0,0,0,5,39,0
5,4,2,9,8,2,10,0,4,1,0,0,4,39,1
6,2,0,9,8,4,10,1,2,0,0,0,2,39,0
6,4,2,15,6,2,1,0,4,1,0,0,3,39,0
0,4,0,8,6,4,11,1,4,1,0,0,6,39,0
0,4,0,1,4,4,10,3,4,0,0,0,1,39,0
1,6,0,9,8,2,12,5,4,0,0,0,0,39,0
7,6,0,11,5,2,5,0,4,1,0,0,2,39,0
1,4,0,11,5,2,1,0,4,1,0,0,3,39,0
2,4,1,15,6,2,4,0,4,1,0,0,5,39,1
4,2,1,12,8,2,10,0,4,1,0,0,3,39,0
0,4,1,15,6,4,5,3,2,1,0,0,0,39,0
6,2,2,12,8,0,1,1,4,0,0,0,3,39,0
0,4,1,15,6,4,3,3,4,1,0,0,3,39,0
3,2,1,1,4,2,8,0,2,1,0,0,5,39,0
1,6,1,11,5,4,12,3,4,1,0,0,3,39,0
2,4,1,11,5,4,4,3,4,0,0,0,3,39,0
3,4,0,11,5,6,12,1,4,0,0,0,3,39,0
2,4,2,11,5,2,8,0,4,1,0,0,3,39,0
1,4,0,15,6,2,1,3,4,0,0,0,0,39,0
2,4,2,11,5,2,7,0,4,1,0,0,3,39,0
2,6,0,15,6,2,3,0,4,1,0,0,2,39,0
3,5,1,14,9,2,10,0,4,1,0,4,5,39,1
1,4,2,11,5,4,7,1,4,1,0,0,4,39,0
2,4,0,11,5,4,6,2,4,1,0,0,6,39,0
2,7,0,9,8,2,10,0,1,1,0,0,6,19,1
4,6,1,12,8,6,4,4,4,0,0,0,3,0,1
3,4,0,11,5,0,1,4,4,0,0,0,3,39,0
4,4,0,11,5,2,4,0,4,1,9,0,3,39,1
2,4,1,2,4,2,7,0,4,1,0,0,3,26,0
3,4,0,11,5,4,7,3,4,1,0,0,3,39,0
3,4,1,9,8,2,8,5,4,0,0,0,3,0,1
1,0,1,9,8,2,0,1,3,0,0,0,0,26,0
1,2,1,11,5,2,11,0,4,1,0,0,3,39,1
1,4,1,11,5,4,8,1,2,0,0,0,3,23,0
3,4,0,9,8,5,10,4,4,1,0,0,4,39,0
2,4,1,15,6,2,8,0,4,1,0,0,1,39,0
5,2,0,11,5,2,10,2,4,0,0,5,3,39,1
1,1,1,9,8,4,11,1,4,0,0,0,6,39,1
5,4,2,6,2,0,1,1,4,1,0,0,3,39,0
1,4,0,15,6,4,1,4,4,0,0,0,3,39,0
4,1,2,11,5,4,4,1,4,0,0,0,3,39,0
1,4,1,15,6,2,7,0,4,1,0,0,3,39,0
6,4,0,11,5,4,8,2,2,0,0,0,0,39,0
4,4,1,11,5,0,8,1,4,0,0,0,3,39,0
0,4,1,1,4,4,14,3,4,1,0,0,1,39,0
0,4,2,11,5,2,8,5,4,0,0,0,3,29,0
3,4,1,6,2,2,6,0,4,1,0,0,3,39,0
0,4,0,11,5,2,12,5,4,0,0,0,3,39,1
5,4,1,10,9,2,4,0,4,1,0,0,3,39,1
0,4,1,15,6,4,1,1,4,0,0,0,3,39,0
5,4,0,1,4,2,3,0,4,1,0,0,3,39,0
3,4,2,7,7,0,4,1,4,1,0,0,3,39,1
2,4,1,2,4,5,7,4,4,0,0,0,3,39,0
1,4,1,11,5,2,12,0,4,1,0,0,3,39,1
0,4,1,15,6,4,1,3,4,0,0,0,2,39,0
1,4,0,9,8,4,1,1,2,0,0,0,3,39,0
1,1,1,7,7,2,13,0,4,1,0,0,4,39,0
2,2,1,9,8,0,10,4,2,0,0,0,3,39,0
4,4,1,11,5,0,8,1,4,0,0,0,3,39,0
1,4,1,11,5,0,14,4,2,0,0,0,1,39,0
3,6,1,10,9,0,1,2,3,1,0,0,3,0,0
2,6,2,11,5,4,3,1,4,1,0,0,3,39,0
1,4,1,9,8,2,12,0,4,1,0,0,5,39,1
3,5,0,11,5,2,3,0,4,1,0,0,3,39,0
1,4,1,11,5,4,7,3,4,1,0,0,3,39,0
0,4,0,11,5,4,12,3,1,0,0,0,2,30,0
1,6,1,11,5,4,3,1,4,1,0,5,5,39,0
0,2,1,15,6,4,11,3,4,1,0,0,3,39,0
0,4,2,0,3,4,12,2,4,0,0,0,0,39,0
1,4,2,1,4,2,8,5,2,0,0,0,2,39,0
1,4,1,11,5,2,3,0,4,1,0,0,5,39,0
4,4,0,9,8,4,4,1,4,1,0,0,5,39,0
2,4,1,11,5,4,3,1,4,1,0,0,3,39,0
4,4,1,11,5,2,7,0,4,1,0,0,3,39,0
0,0,1,2,4,4,0,3,4,0,0,0,2,39,0
1,4,0,7,7,2,10,5,4,0,0,0,7,39,0
5,7,1,11,5,2,3,0,4,1,0,0,3,39,0
4,4,0,15,6,0,3,1,2,0,0,0,4,39,0
5,4,1,11,5,6,7,4,4,0,0,0,3,39,0
3,4,1,11,5,4,8,2,2,1,0,0,3,39,0
1,0,0,15,6,2,0,0,4,1,0,0,3,39,0
3,4,1,15,6,0,8,1,4,0,0,0,3,39,1
2,4,2,9,8,4,10,1,4,0,0,0,3,39,0
1,4,0,15,6,4,6,2,1,1,0,0,4,30,0
3,4,1,9,8,2,10,5,4,0,0,0,3,39,0
1,6,0,6,2,2,3,0,4,1,0,0,3,39,0
1,6,1,11,5,2,3,0,4,1,0,0,6,39,0
0,4,2,11,5,4,1,4,4,0,0,0,3,11,0
4,2,1,12,8,0,10,4,4,0,0,0,5,39,0
5,4,1,6,2,2,4,0,4,1,0,0,4,39,1
2,0,0,12,8,2,0,5,2,0,1,0,0,39,1
2,4,2,11,5,2,4,0,4,1,0,0,5,39,1
4,4,1,0,3,2,5,0,2,1,0,0,3,39,0
1,2,0,9,8,0,10,4,4,0,0,0,3,39,0
4,4,1,9,8,3,1,1,0,1,0,0,3,30,0
5,7,1,10,9,2,10,0,4,1,0,0,5,39,0
6,7,1,10,9,2,10,0,4,1,0,0,5,4,1
2,4,1,9,8,2,3,0,4,1,0,0,5,39,1
0,0,1,11,5,4,0,3,4,1,0,0,3,39,0
0,4,0,11,5,4,5,1,4,1,0,0,3,39,0
0,2,1,9,8,4,10,1,4,1,0,0,3,39,0
5,6,1,11,5,6,3,1,4,0,0,0,3,39,0
5,5,0,14,9,2,10,0,4,1,1,0,6,39,1
3,4,0,5,2,0,3,4,4,1,0,0,3,33,0
1,4,0,11,5,2,3,0,4,1,0,0,3,39,0
1,4,1,9,8,2,4,0,4,1,0,0,3,39,1
3,4,1,15,6,0,1,1,4,0,0,0,3,39,0
0,4,1,11,5,4,3,1,4,1,0,0,3,39,0
5,6,2,9,8,2,12,0,4,1,0,0,3,39,0
3,0,1,11,5,2,0,0,4,1,0,0,3,39,0
5,4,0,15,6,2,3,0,4,1,0,0,3,11,1
4,2,0,12,8,2,10,0,4,1,0,0,3,39,1
1,4,0,11,5,4,4,1,2,1,0,0,3,39,0
2,4,0,11,5,2,3,0,4,1,0,0,3,39,0
5,2,0,9,8,0,10,1,4,0,0,0,5,39,0
2,4,1,4,1,2,7,0,1,1,0,0,5,0,0
5,4,2,9,8,2,10,0,4,1,0,4,4,39,1
3,4,1,11,5,0,7,4,4,0,0,0,3,39,0
5,4,1,12,8,0,10,1,4,0,0,0,5,39,0
1,4,1,11,5,2,3,0,4,1,0,0,5,39,0
6,0,2,11,5,6,0,4,4,0,0,0,3,39,0
4,7,0,1,4,2,14,0,4,1,0,0,3,39,0
2,4,0,15,6,2,3,0,4,1,0,0,3,39,0
0,4,1,6,2,4,5,2,4,1,0,0,1,26,0
2,4,0,11,5,0,4,4,4,1,0,0,4,39,0
1,7,1,12,8,4,10,1,4,0,0,0,3,39,0
1,2,1,11,5,2,3,0,4,1,0,0,4,39,0
5,4,0,15,6,2,12,0,4,1,0,0,3,39,1
5,4,0,11,5,0,13,1,4,1,0,0,3,39,1
1,4,1,6,2,4,8,3,4,1,0,0,5,26,0
1,4,1,11,5,4,7,3,4,1,0,0,3,39,0
3,4,2,11,5,0,4,1,4,0,0,0,3,39,1
4,4,1,15,6,2,6,0,4,1,0,0,5,39,0
1,4,1,11,5,2,3,0,4,1,0,0,4,39,0
2,1,2,7,7,0,8,4,4,1,0,0,3,39,0
3,4,1,9,8,2,3,0,4,1,0,0,3,39,0
3,4,0,9,8,2,4,0,4,1,0,0,5,39,1
1,4,1,7,7,4,1,1,4,0,0,0,0,39,0
0,4,1,1,4,4,6,3,4,1,0,0,2,39,0
3,4,1,11,5,0,4,4,4,0,0,0,3,39,0
0,4,1,1,4,2,14,0,4,1,0,0,5,39,0
0,4,1,8,6,4,3,4,2,0,0,0,3,39,0
1,4,0,1,4,2,6,5,1,0,0,0,1,30,0
1,2,0,15,6,4,1,2,2,1,0,0,3,14,0
1,4,1,11,5,2,3,0,4,1,0,0,5,39,0
5,4,0,7,7,2,4,0,4,1,0,0,3,39,1
2,4,1,7,7,5,8,4,2,0,0,0,3,39,0
3,1,0,9,8,2,1,0,4,1,0,0,4,39,0
1,4,0,11,5,4,14,1,3,1,0,0,3,39,0
1,2,1,12,8,4,10,1,4,1,0,0,4,39,0
5,2,0,11,5,6,8,4,2,0,0,0,3,39,0
1,4,0,11,5,4,8,4,2,0,0,0,5,39,0
3,4,0,15,6,2,14,0,4,1,0,0,6,39,0
4,4,0,9,8,2,7,0,4,1,0,0,2,39,0
5,6,1,11,5,2,3,0,4,1,0,0,5,39,0
2,4,0,11,5,2,5,0,4,1,0,0,3,39,0
3,5,1,9,8,2,12,0,4,1,0,0,7,39,1
4,5,0,12,8,2,10,0,4,1,0,0,5,39,1
3,6,0,15,6,2,4,0,4,1,0,0,3,39,1
4,5,0,8,6,2,4,0,4,1,0,0,3,12,1
0,2,2,15,6,4,1,1,4,0,0,0,5,39,0
2,2,1,9,8,2,10,5,4,0,0,0,4,39,0
0,4,1,1,4,4,12,3,4,0,0,0,1,39,0
3,4,1,7,7,2,10,0,4,1,0,0,3,39,1
2,4,0,9,8,5,8,4,2,0,0,0,3,39,0
4,4,2,11,5,2,7,0,4,1,0,3,3,39,0
0,4,2,11,5,4,12,4,4,0,0,0,3,39,0
2,4,1,1,4,0,3,3,4,1,0,0,5,39,0
3,7,1,11,5,0,4,4,4,0,0,0,3,39,0
2,4,1,15,6,2,12,5,4,0,0,0,3,39,1
2,4,0,12,8,2,4,0,4,1,1,0,4,39,1
1,2,1,15,6,2,11,0,4,1,0,0,4,39,0
0,4,1,15,6,4,7,1,4,1,0,0,3,39,0
4,2,1,15,6,2,1,0,4,1,0,3,4,39,0
0,4,2,11,5,4,8,3,2,1,0,0,2,39,0
4,4,1,11,5,6,12,1,4,0,0,0,3,39,0
3,4,0,11,5,2,7,5,4,0,0,0,3,39,0
2,7,1,11,5,2,8,0,4,1,0,0,3,39,0
1,4,0,9,8,2,4,0,4,1,0,0,4,39,0
4,2,1,8,6,2,3,0,4,1,0,0,3,39,0
3,4,0,15,6,4,1,3,4,0,0,0,4,39,0
5,4,1,14,9,4,10,2,4,0,0,0,6,39,0
3,4,1,11,5,2,12,2,4,0,0,0,4,31,0
0,4,2,11,5,4,6,3,4,0,0,0,3,39,0
2,4,1,12,8,0,4,4,4,1,0,0,6,39,1
4,4,0,5,2,4,6,3,4,1,0,0,1,39,0
6,6,2,11,5,2,12,0,4,1,0,0,3,39,0
7,0,2,15,6,2,0,0,4,1,0,0,3,2,0
3,1,1,11,5,2,14,0,4,1,0,0,3,39,1
2,4,2,11,5,4,1,1,4,1,0,0,4,39,0
6,7,1,9,8,2,1,0,4,1,0,0,3,39,0
3,6,0,14,9,2,10,0,4,1,1,0,5,39,1
6,0,0,15,6,0,0,1,4,0,0,0,0,39,0
2,4,2,8,6,0,1,4,4,0,0,0,3,39,0
6,4,1,2,4,2,14,0,4,1,0,0,3,5,0
2,2,2,11,5,4,3,1,4,1,0,4,3,2,0
8,4,1,5,2,6,8,1,4,0,0,0,2,39,0
3,4,0,9,8,2,4,0,4,1,0,0,3,39,0
1,2,2,9,8,4,10,1,4,0,0,0,4,39,0
3,4,0,2,4,4,5,3,4,1,0,0,3,39,0
0,0,1,5,2,4,0,4,4,0,0,0,3,26,0
2,4,0,15,6,2,3,0,4,1,0,0,5,39,0
0,4,0,2,4,4,5,3,4,0,0,0,2,39,0
1,4,1,15,6,4,8,1,4,0,0,0,3,39,0
3,4,2,15,6,0,7,4,2,0,0,0,3,39,0
3,2,1,11,5,2,7,0,4,1,0,0,3,39,1
2,4,1,12,8,2,1,0,4,1,0,0,5,39,1
1,4,1,11,5,4,12,3,4,0,0,0,3,39,0
1,2,1,12,8,4,4,1,4,1,0,0,4,39,0
7,4,0,11,5,2,12,0,4,1,0,0,2,39,0
0,4,0,6,2,4,8,4,2,0,0,0,2,39,0
2,2,1,11,5,2,3,0,4,1,0,0,3,0,0
3,4,3,10,9,2,10,0,4,1,0,5,5,39,1
3,4,0,11,5,6,3,4,2,0,0,0,3,39,0
2,4,1,6,2,5,7,4,4,0,0,0,3,6,0
2,4,0,11,5,2,7,0,4,1,0,0,5,39,1
5,7,1,12,8,4,10,1,4,0,0,0,4,39,1
5,4,1,15,6,2,12,0,4,1,0,4,5,39,1
1,4,2,4,1,2,5,0,4,1,0,0,3,26,0
2,7,0,10,9,2,10,0,4,1,0,0,4,39,1
4,4,1,11,5,2,3,0,4,1,0,0,3,39,0
0,4,1,9,8,4,10,1,4,1,0,0,3,0,0
4,6,0,2,4,2,8,0,4,1,0,0,9,39,0
2,4,1,11,5,2,6,0,2,1,0,0,1,39,0
0,4,1,15,6,4,10,3,4,0,0,0,2,39,0
1,4,0,11,5,0,1,4,4,0,0,0,5,39,0
5,4,2,9,8,2,3,2,4,1,0,0,3,39,0
0,4,1,15,6,4,1,3,4,0,0,0,1,39,0
1,4,0,9,8,2,4,0,4,1,9,0,5,39,1
1,4,0,11,5,4,7,3,1,1,0,0,3,11,0
0,4,0,0,3,4,12,3,4,0,0,0,1,39,0
0,6,1,11,5,2,8,5,4,0,0,0,3,39,0
4,6,0,9,8,6,12,4,4,0,0,0,3,39,0
4,4,1,12,8,2,4,0,4,1,0,0,5,39,1
0,4,1,11,5,4,12,1,4,1,0,3,4,39,0
5,4,1,11,5,2,1,0,4,1,0,0,3,0,0
2,4,0,15,6,0,4,4,4,0,0,0,3,39,0
2,4,1,9,8,4,12,1,4,0,0,0,3,39,0
1,4,1,11,5,2,4,5,4,0,0,0,3,39,0
3,7,0,12,8,2,10,0,4,1,0,0,6,39,1
1,4,0,15,6,4,14,4,4,1,0,0,3,39,0
1,4,1,11,5,4,3,1,2,1,0,0,3,39,0
5,4,1,11,5,6,7,4,4,1,0,0,3,39,0
0,4,1,15,6,4,6,3,4,1,0,0,1,39,0
0,4,0,11,5,4,3,3,4,1,0,0,3,39,0
2,4,1,11,5,0,1,4,4,0,0,0,4,39,0
3,4,0,15,6,2,8,0,1,1,0,0,8,39,1
2,4,1,11,5,4,1,2,4,1,0,0,3,39,0
0,4,0,11,5,4,8,4,4,0,0,0,3,39,0
0,4,2,15,6,4,8,1,4,1,0,0,5,39,0
1,2,1,15,6,4,4,1,4,1,0,0,3,20,0
7,4,0,11,5,5,14,4,2,0,0,0,3,39,0
0,4,1,15,6,2,14,0,4,1,0,0,6,39,0
4,4,0,12,8,2,10,0,4,1,0,0,4,39,1
1,7,0,10,9,2,4,0,4,1,0,0,5,39,1
3,4,0,11,5,3,8,1,4,1,0,0,3,26,0
3,4,1,7,7,4,1,1,4,0,0,0,3,39,0
4,1,1,11,5,6,1,1,4,0,0,0,3,39,0
0,4,2,11,5,4,3,1,4,1,0,0,3,39,0
4,4,2,8,6,2,10,0,4,1,0,0,3,39,0
3,4,0,11,5,2,12,0,4,1,0,0,5,39,1
2,2,1,12,8,2,10,0,4,1,0,0,5,39,0
3,4,1,11,5,5,14,4,4,0,0,0,4,39,0
0,4,2,11,5,4,14,1,4,1,0,0,6,39,0
0,4,1,15,6,4,6,3,4,1,0,0,3,39,0
0,0,1,11,5,5,0,3,4,0,0,0,3,39,0
4,4,1,9,8,4,4,3,4,1,0,0,3,5,0
1,4,0,8,6,4,12,3,4,0,0,0,3,39,0
1,6,0,6,2,2,3,0,4,1,0,0,3,32,0
3,4,0,9,8,2,12,0,4,1,0,0,6,39,1
2,4,1,9,8,2,10,5,4,0,0,0,0,39,1
5,4,0,11,5,4,8,1,4,1,0,0,1,39,0
0,2,1,15,6,4,11,1,4,1,0,0,5,39,0
1,4,2,11,5,0,7,1,4,1,0,0,3,39,0
6,0,0,5,2,6,0,1,2,1,0,0,3,39,0
5,4,0,15,6,2,4,0,4,1,0,0,3,39,1
0,0,1,11,5,4,0,3,4,1,0,0,2,39,0
3,4,1,11,5,2,12,0,4,1,0,0,3,39,0
3,4,1,15,6,2,3,0,4,1,0,0,5,39,1
5,4,0,15,6,2,11,0,4,1,0,0,5,39,0
1,4,1,12,8,4,10,3,4,0,0,0,3,39,1
4,2,0,11,5,2,3,0,4,1,0,0,3,39,0
0,4,1,15,6,4,12,3,4,1,0,0,1,39,0
0,4,1,11,5,4,1,1,4,0,0,0,2,39,0
3,4,0,11,5,2,4,0,4,1,0,0,3,39,0
0,4,1,15,6,4,12,3,4,1,0,0,3,39,0
5,6,0,11,5,2,12,0,4,1,0,0,5,39,1
5,4,0,15,6,2,12,0,4,1,0,5,5,39,1
2,4,1,11,5,2,1,0,4,1,0,0,3,39,0
3,6,1,12,8,2,4,0,4,1,9,0,5,39,1
2,4,0,1,4,4,3,3,4,1,0,0,3,39,0
8,6,0,12,8,2,10,0,4,1,0,0,2,0,1
3,2,0,11,5,4,1,1,2,0,0,0,3,39,0
0,4,1,15,6,4,8,3,2,1,0,0,3,28,0
3,4,1,7,7,4,3,3,4,1,0,0,3,39,0
2,6,0,9,8,4,8,1,4,0,0,0,1,39,0
2,7,0,11,5,2,3,0,4,1,0,0,4,39,1
0,4,1,9,8,4,12,3,4,0,0,0,6,39,0
1,4,1,11,5,4,12,4,2,0,0,0,2,39,0
3,1,1,8,6,2,3,0,4,1,0,0,3,39,1
3,6,1,7,7,2,12,0,4,1,0,0,3,0,0
2,4,0,6,2,2,8,0,4,1,0,0,3,39,0
2,6,1,11,5,4,7,3,4,1,0,0,3,39,1
2,6,0,8,6,4,3,1,4,1,0,0,3,39,0
2,4,1,15,6,0,7,4,4,0,0,0,3,39,0
2,4,1,11,5,2,14,0,4,1,0,4,5,39,0
3,4,1,11,5,2,3,0,4,1,0,0,3,39,0
4,1,0,15,6,2,1,0,2,1,0,0,3,39,1
3,4,0,11,5,0,1,1,4,0,0,0,3,39,0
4,4,0,11,5,2,7,0,4,1,0,0,3,39,0
4,4,0,11,5,2,3,0,4,1,0,0,4,39,1
1,4,2,11,5,4,14,1,4,1,0,0,3,39,0
3,4,1,9,8,0,4,4,4,0,0,0,3,39,0
2,4,1,9,8,4,12,1,4,1,0,0,3,39,1
1,6,0,15,6,2,12,0,4,1,0,0,5,39,0
1,2,1,12,8,4,10,3,4,1,0,0,3,39,0
4,7,0,9,8,2,4,0,4,1,0,0,3,39,1
6,4,1,11,5,0,8,2,4,0,0,0,1,39,0
3,4,1,9,8,5,8,2,2,1,0,0,5,39,0
0,4,1,11,5,4,8,3,2,1,0,0,1,39,0
3,5,0,15,6,2,4,0,4,1,0,0,4,39,1
1,4,0,15,6,0,12,4,4,0,0,0,4,39,0
1,4,0,1,4,3,12,3,1,0,0,0,3,19,0
2,4,0,11,5,0,14,1,4,1,0,0,3,39,0
2,4,0,8,6,0,1,4,2,0,0,0,3,39,0
3,6,1,7,7,0,10,1,4,0,0,0,5,39,0
0,4,0,15,6,4,8,1,4,0,0,0,1,39,0
0,0,0,15,6,4,0,1,1,1,9,0,5,35,1
2,4,1,9,8,4,4,1,4,1,0,0,3,39,1
4,4,1,15,6,0,12,1,4,0,0,0,4,39,1
6,5,0,9,8,2,4,0,4,1,0,0,3,39,1
1,4,0,3,0,4,8,1,4,1,0,0,1,8,0
2,4,2,11,5,0,3,3,4,1,0,0,3,39,0
4,4,0,9,8,2,10,0,4,1,0,0,5,39,1
5,4,0,9,8,2,4,0,4,1,1,0,4,39,1
0,4,1,1,4,4,3,3,4,1,0,0,3,39,0
3,4,1,11,5,2,6,0,4,1,0,3,4,39,0
4,5,0,14,9,2,10,0,4,1,0,4,6,39,1
2,4,0,8,6,2,8,0,4,1,0,0,3,39,0
3,6,0,15,6,5,12,4,4,1,0,0,5,39,0
0,4,2,15,6,4,12,1,4,0,0,0,3,39,0
4,4,1,9,8,2,1,5,4,0,0,0,3,39,1
0,4,1,15,6,4,1,3,4,0,0,0,2,39,0
5,4,1,15,6,2,3,0,3,1,0,0,3,39,1
1,0,0,9,8,3,0,1,4,1,0,0,3,2,0
2,4,1,11,5,2,3,0,4,1,0,0,3,39,0
6,4,0,11,5,2,4,0,4,1,0,0,3,39,1
2,6,1,11,5,4,14,1,4,1,0,0,6,39,0
0,4,3,11,5,4,1,1,4,1,0,0,5,39,0
1,4,0,11,5,4,4,3,3,0,0,0,3,26,0
5,4,1,11,5,2,3,0,4,1,0,0,3,39,1
1,4,0,7,7,4,12,3,4,0,0,0,3,29,0
3,5,0,14,9,2,4,5,4,0,0,5,5,39,1
1,4,1,11,5,2,3,0,4,1,0,0,3,39,0
0,4,1,15,6,4,12,1,4,0,0,0,3,39,0
4,2,0,11,5,0,1,1,4,0,0,0,3,39,0
2,4,0,12,8,4,13,1,1,1,0,0,1,36,0
1,4,0,15,6,2,6,0,4,1,0,0,3,39,0
4,4,2,8,6,0,12,4,2,0,0,0,2,39,0
3,4,0,12,8,2,10,0,4,1,0,0,3,39,1
4,4,1,0,3,2,8,0,4,1,0,0,3,39,0
0,4,0,1,4,4,12,3,4,0,0,0,1,39,0
1,1,1,7,7,4,14,1,2,1,0,0,3,39,0
4,4,1,11,5,2,7,0,4,1,0,0,3,39,0
6,6,1,11,5,2,3,0,4,1,0,0,1,39,0
0,4,0,9,8,2,8,0,4,1,0,0,3,39,0
2,4,1,11,5,2,7,0,4,1,0,0,3,39,0
3,7,1,9,8,2,4,0,4,1,0,0,5,39,1
3,4,1,8,6,2,3,0,4,1,0,0,5,39,0
5,4,0,9,8,2,1,5,4,0,0,0,3,39,0
1,4,0,15,6,0,1,1,4,0,0,0,3,39,0
2,4,1,9,8,0,10,1,4,0,0,0,3,39,0
6,2,0,11,5,2,14,0,4,1,0,0,3,39,0
3,6,1,11,5,2,12,0,2,1,0,0,7,23,0
2,4,0,11,5,4,3,1,4,1,0,0,3,39,0
2,4,1,11,5,0,7,1,4,1,0,0,3,39,0
5,0,0,15,6,6,0,1,2,0,0,0,3,39,0
6,4,0,15,6,6,1,4,4,0,0,0,4,39,0
2,1,0,12,8,2,4,0,4,1,0,0,3,39,1
9,0,1,15,6,4,0,3,1,1,0,0,0,35,0
3,4,1,11,5,2,12,0,4,1,0,0,3,39,0
1,4,1,12,8,4,4,1,2,1,0,0,6,39,0
1,4,2,11,5,2,3,0,1,1,0,0,3,25,0
0,4,2,6,2,4,7,2,4,1,0,0,3,26,0
6,6,1,11,5,2,5,0,4,1,0,0,5,39,0
7,0,2,15,6,2,0,0,4,1,0,0,0,39,1
2,4,1,8,6,2,3,0,4,1,0,0,4,39,0
0,1,1,15,6,4,2,2,4,1,0,0,3,39,0
0,0,1,0,3,4,0,3,3,0,0,0,1,39,0
2,7,0,12,8,2,10,0,4,1,0,0,3,39,1
5,4,1,0,3,0,10,4,4,1,1,0,6,39,1
3,6,0,8,6,2,3,0,4,1,0,0,3,39,1
0,4,0,0,3,4,8,3,4,1,0,0,0,39,0
4,4,2,11,5,0,1,4,4,0,0,0,3,5,0
0,4,0,5,2,4,3,3,4,1,0,3,3,39,0
4,4,1,11,5,5,9,1,4,0,0,0,5,39,0
4,4,0,10,9,0,4,1,4,0,0,0,5,39,1
3,6,0,14,9,0,10,4,4,1,0,0,3,39,1
3,4,1,8,6,0,10,4,4,1,0,0,3,39,0
6,6,0,9,8,2,12,0,4,1,0,0,0,39,0
3,1,0,11,5,2,14,0,4,1,0,0,3,39,0
0,4,0,9,8,4,12,3,1,1,0,0,3,39,0
1,4,0,9,8,2,10,5,4,0,0,4,2,39,1
0,4,1,11,5,4,7,3,4,1,0,0,3,39,0
2,4,2,8,6,2,13,5,4,0,0,0,3,39,1
3,4,0,9,8,4,12,3,4,1,0,0,6,39,0
2,4,1,1,4,0,8,1,4,0,0,0,7,39,0
5,4,0,11,5,2,14,0,4,1,0,0,4,39,1
1,4,2,11,5,4,1,4,4,1,0,0,4,39,0
2,4,1,6,2,0,8,4,4,0,0,0,3,39,0
3,4,2,0,3,4,8,4,4,0,0,0,2,26,0
6,4,1,9,8,2,4,0,4,1,0,0,5,39,1
3,4,1,15,6,2,1,0,2,1,0,0,3,39,0
0,1,0,9,8,4,10,1,4,0,0,0,1,39,0
2,4,1,8,6,2,13,0,4,1,0,0,3,39,1
0,4,1,15,6,4,1,3,2,0,0,0,3,14,0
3,4,0,15,6,2,7,0,4,1,0,0,3,39,0
4,4,0,12,8,4,10,4,4,0,0,0,3,39,0
3,2,1,9,8,2,10,0,4,1,0,0,5,39,1
6,6,1,11,5,2,3,0,4,1,0,3,3,39,0
5,6,2,11,5,2,3,0,4,1,0,0,4,39,1
1,4,1,15,6,0,1,4,2,0,0,0,3,39,0
4,6,2,9,8,2,10,0,4,1,0,0,6,39,1
1,4,1,11,5,4,8,3,4,0,0,0,2,39,0
3,4,1,1,4,2,6,0,4,1,0,0,4,39,1
3,4,1,8,6,0,13,1,4,0,0,0,2,39,0
5,0,0,15,6,2,0,0,4,1,0,0,3,39,0
1,1,1,11,5,2,1,0,3,1,0,0,3,39,0
3,4,1,11,5,2,7,0,4,1,0,0,4,39,1
2,4,0,1,4,2,3,0,4,1,0,0,3,39,1
0,4,3,11,5,4,1,1,4,1,0,0,2,39,0
5,0,0,1,4,3,0,4,2,0,0,0,1,39,0
5,4,1,7,7,0,7,1,4,1,0,0,7,39,0
3,4,1,12,8,4,10,1,4,1,0,0,3,39,0
1,4,2,8,6,2,8,0,4,1,0,0,3,0,0
1,6,1,9,8,2,1,5,4,0,0,0,1,39,0
2,4,1,15,6,4,1,1,4,0,0,0,3,39,0
2,4,0,11,5,0,3,1,4,1,0,0,5,39,0
3,4,0,9,8,2,12,0,2,1,0,0,3,39,1
4,4,1,12,8,0,12,1,4,0,0,0,5,39,1
3,4,0,15,6,2,4,0,4,1,0,0,3,39,0
0,0,1,0,3,4,0,3,4,0,3,0,3,39,0
6,4,1,3,0,6,7,1,4,0,0,0,3,7,0
5,5,0,12,8,2,4,0,4,1,1,0,8,39,1
0,4,0,7,7,4,8,3,4,0,0,5,1,39,0
1,2,1,11,5,4,3,4,2,1,0,0,3,39,0
4,4,1,6,2,2,3,0,4,1,0,0,5,39,1
2,4,1,11,5,5,8,1,4,0,0,0,2,39,0
1,2,0,9,8,2,10,5,4,0,0,0,5,39,1
0,4,2,7,7,4,12,1,4,1,0,0,3,39,0
2,4,0,11,5,4,8,3,2,1,0,0,3,39,0
3,4,1,11,5,4,3,3,4,1,0,0,2,39,0
2,4,0,11,5,4,3,1,4,1,0,0,3,39,0
0,4,1,15,6,4,8,3,4,0,0,0,3,39,0
0,4,0,15,6,4,8,3,4,1,0,0,3,39,0
1,0,1,1,4,4,0,3,2,0,0,0,3,39,0
4,4,0,3,0,2,4,0,4,1,0,0,5,39,1
7,0,0,15,6,6,0,1,4,0,0,0,0,39,0
3,4,1,15,6,0,14,1,2,0,0,0,3,39,0
1,4,1,10,9,2,10,0,4,1,0,0,5,39,1
3,4,0,12,8,3,4,1,4,1,0,0,5,39,0
0,4,0,15,6,4,8,3,4,0,0,0,1,39,0
2,4,0,15,6,2,8,0,1,1,0,0,3,30,0
2,4,1,1,4,0,6,2,4,1,0,0,3,39,0
3,4,1,11,5,2,3,0,4,1,0,0,3,39,0
0,6,1,11,5,4,14,3,4,1,0,0,3,39,0
2,4,0,15,6,5,8,4,2,0,0,0,2,39,0
1,4,0,15,6,2,10,0,4,1,0,0,5,39,1
2,4,1,11,5,4,14,1,2,1,0,0,8,39,0
2,4,0,11,5,2,12,0,4,1,0,4,3,39,1
4,4,1,12,8,2,10,0,4,1,0,0,3,39,1
6,4,1,9,8,2,10,0,4,1,0,0,3,39,1
1,4,2,7,7,4,12,1,4,1,0,0,4,26,0
4,4,0,11,5,2,1,5,4,0,0,0,3,11,1
4,4,1,15,6,2,4,0,4,1,0,0,4,39,1
2,6,0,11,5,0,5,1,4,1,2,0,3,39,1
2,2,0,12,8,4,10,1,4,1,0,0,6,39,1
0,0,1,4,1,2,0,5,3,0,0,0,3,26,0
2,4,0,15,6,0,4,4,4,0,0,0,2,39,0
0,4,2,15,6,4,3,3,4,1,0,0,3,39,0
3,4,1,15,6,2,4,0,4,1,0,0,4,39,1
5,2,1,11,5,0,1,1,4,0,0,0,3,39,0
3,6,0,14,9,2,10,0,3,1,0,0,3,39,1
3,6,0,9,8,0,10,1,4,1,0,0,7,39,1
3,4,1,9,8,2,14,0,4,1,0,0,5,0,0
3,4,0,11,5,5,12,1,4,0,0,0,4,39,0
4,4,1,11,5,2,4,0,4,1,0,0,4,39,1
0,4,0,15,6,4,12,3,4,1,0,0,1,39,0
0,4,2,15,6,4,13,3,4,0,0,3,0,39,0
3,4,1,11,5,4,1,1,4,0,0,0,3,39,0
2,4,1,15,6,2,14,0,4,1,0,0,3,39,1
2,1,2,14,9,2,10,0,4,1,0,4,5,39,1
5,4,1,11,5,0,4,1,2,1,0,0,3,0,0
0,4,2,9,8,4,1,3,4,0,0,0,2,39,0
4,6,0,8,6,0,10,1,4,0,0,0,3,39,0
1,4,1,11,5,2,3,0,4,1,0,0,3,39,0
6,0,0,1,4,4,0,1,4,1,0,0,2,39,0
2,4,1,15,6,6,1,4,2,0,0,0,3,39,0
3,4,0,11,5,2,3,0,4,1,0,0,3,39,0
4,4,0,11,5,2,7,0,4,1,0,0,3,39,0
2,4,1,7,7,2,1,0,4,1,0,0,3,39,0
4,2,1,7,7,2,10,0,4,1,0,0,6,39,0
4,4,3,9,8,2,13,0,4,1,0,0,1,39,1
3,4,0,15,6,2,7,0,4,1,0,0,3,39,0
0,4,1,1,4,4,5,4,4,1,0,0,3,39,0
4,4,1,12,8,0,10,4,4,0,0,0,5,39,1
0,4,1,1,4,4,12,1,4,0,0,0,2,39,0
5,0,0,9,8,2,0,0,4,1,0,0,3,39,0
2,6,0,15,6,2,3,0,4,1,0,0,6,39,0
3,4,1,11,5,0,1,1,4,0,0,3,4,39,0
8,4,0,11,5,6,8,4,4,0,0,0,3,39,0
0,4,0,9,8,4,12,3,4,1,0,0,3,39,0
3,6,0,14,9,0,10,4,4,1,0,0,6,39,1
5,6,0,11,5,0,4,1,4,1,3,0,6,39,0
1,4,1,11,5,4,6,3,4,1,0,0,4,39,0
2,4,1,15,6,0,4,2,4,1,0,0,6,39,0
1,4,0,11,5,2,3,0,4,1,0,0,4,39,0
0,4,2,4,1,4,6,1,4,1,0,0,3,26,0
5,6,0,15,6,2,3,0,4,1,0,3,4,39,0
0,0,0,15,6,4,0,1,4,1,0,0,3,39,0
4,4,0,7,7,5,1,4,4,0,0,0,5,39,0
2,4,4,15,6,2,12,0,4,1,0,0,4,39,1
3,4,0,12,8,4,12,1,1,1,0,0,3,3,0
2,4,1,11,5,2,3,0,2,1,0,0,4,39,0
5,4,0,0,3,2,3,0,2,1,0,0,3,39,1
4,4,0,11,5,0,3,1,4,1,0,0,3,39,0
3,4,3,11,5,2,3,0,2,1,0,0,6,39,1
3,1,0,8,6,0,10,4,0,0,0,0,3,39,0
5,4,0,12,8,2,1,0,1,1,0,0,5,35,1
3,4,1,11,5,2,14,0,4,1,0,0,6,39,0
0,4,1,11,5,4,12,3,4,1,0,0,3,39,0
3,4,1,1,4,0,12,2,4,0,0,0,3,39,0
2,4,0,15,6,4,3,1,4,1,0,0,8,39,0
9,4,0,9,8,2,4,5,4,0,0,0,3,9,1
0,4,0,11,5,4,1,3,4,0,0,0,3,39,0
6,1,1,15,6,2,1,0,4,1,0,0,3,39,1
1,4,4,11,5,4,3,3,2,1,0,0,3,39,0
3,1,1,11,5,2,1,0,4,1,0,0,3,39,1
3,4,2,0,3,2,3,0,4,1,0,0,3,39,0
1,4,0,11,5,2,7,0,4,1,0,0,5,39,0
3,4,0,8,6,2,10,0,4,1,0,0,3,39,0
0,4,1,15,6,4,12,4,4,1,0,0,5,26,0
3,4,1,11,5,4,3,1,4,1,0,0,4,39,0
1,4,1,11,5,2,4,0,4,1,0,0,5,39,0
3,7,0,12,8,2,10,0,4,1,0,0,3,39,1
1,4,0,5,2,0,8,4,4,0,0,0,5,39,0
0,7,1,15,6,2,10,0,4,1,0,0,3,39,0
0,4,2,15,6,4,4,3,4,1,0,0,3,39,0
2,4,0,15,6,0,12,1,4,0,0,0,4,39,0
0,4,1,11,5,4,6,1,4,1,0,0,3,39,0
0,4,1,2,4,4,6,3,4,1,0,0,1,39,0
5,4,1,5,2,0,7,1,4,1,0,0,3,39,0
0,4,0,11,5,2,3,0,4,1,0,0,2,39,0
4,4,1,1,4,2,7,0,4,1,0,0,4,39,1
2,4,1,12,8,2,8,0,2,1,0,3,3,0,0
0,4,0,6,2,4,7,3,4,1,0,0,3,26,0
0,4,1,1,4,4,3,3,4,1,0,0,2,39,0
4,6,0,15,6,2,3,0,4,1,0,0,4,39,0
2,7,0,8,6,4,1,4,4,0,0,0,3,39,0
2,4,0,7,7,0,8,4,4,0,0,0,5,39,0
2,4,0,15,6,2,4,0,4,1,0,0,6,39,1
2,4,0,11,5,2,3,0,4,1,0,0,3,39,0
3,4,0,11,5,4,12,1,4,0,0,0,5,39,0
4,4,1,12,8,2,4,0,4,1,1,0,6,39,1
3,4,0,15,6,2,6,0,4,1,0,0,3,39,0
4,4,1,11,5,5,10,4,3,0,0,0,6,33,0
6,0,0,15,6,2,0,0,4,1,0,0,1,39,0
6,4,0,15,6,2,12,0,4,1,0,0,4,39,1
3,4,1,7,7,0,10,4,4,0,0,0,4,39,0
2,4,0,9,8,5,4,1,4,0,0,0,3,39,0
0,4,0,15,6,2,12,5,0,0,0,0,3,39,0
3,4,1,11,5,2,7,0,4,1,0,0,3,39,1
0,4,0,9,8,2,10,0,4,1,0,0,5,39,0
0,4,0,9,8,4,4,3,4,0,0,0,3,39,0
0,4,0,2,4,4,5,1,0,1,0,0,5,39,0
0,4,1,11,5,4,8,3,4,1,0,0,2,39,0
1,7,3,9,8,2,11,5,2,0,0,0,4,39,0
2,4,1,15,6,5,7,4,2,0,0,0,7,39,0
0,4,3,11,5,0,3,1,4,0,0,0,3,8,0
2,4,0,11,5,5,1,1,4,0,0,0,3,39,0
2,4,1,11,5,4,3,3,4,1,0,0,3,39,0
0,4,1,11,5,2,12,0,4,1,0,5,3,39,0
1,4,0,11,5,2,3,0,4,1,0,0,3,39,0
2,4,0,11,5,0,8,4,4,0,0,0,3,39,0
7,0,1,0,3,6,0,2,1,0,0,0,0,3,0
1,4,0,11,5,4,3,2,4,1,0,0,3,39,0
3,4,0,15,6,2,13,0,4,1,0,0,3,39,1
6,4,1,15,6,2,6,0,4,1,0,0,2,5,1
5,4,2,15,6,2,10,0,4,1,0,0,3,39,1
0,4,0,15,6,4,12,3,2,1,0,0,2,39,0
2,4,1,2,4,2,14,0,4,1,0,0,3,39,0
0,4,0,9,8,4,13,3,4,1,0,0,3,39,0
6,4,1,1,4,6,8,1,4,0,0,0,3,39,0
5,6,0,7,7,2,8,0,4,1,0,0,3,20,0
7,5,0,9,8,2,4,0,4,1,0,5,6,39,1
0,4,0,15,6,4,12,3,4,0,0,0,3,39,0
5,4,2,7,7,6,4,1,4,0,0,0,3,39,1
1,4,0,15,6,2,14,0,4,1,0,0,3,39,0
0,4,2,11,5,2,12,0,4,1,0,0,3,26,0
1,7,0,12,8,2,10,0,1,1,0,0,1,36,0
4,0,1,6,2,0,0,1,4,1,0,0,3,39,0
5,4,0,1,4,2,14,0,0,1,0,0,3,39,0
2,4,4,11,5,5,3,2,2,1,0,0,3,39,0
1,4,2,11,5,5,8,1,4,1,0,0,3,39,0
0,0,0,15,6,4,0,3,4,0,0,0,1,39,0
5,7,4,11,5,2,14,0,4,1,0,0,3,39,1
2,4,1,11,5,4,9,4,2,0,0,0,2,0,0
0,4,0,15,6,4,12,3,4,1,0,0,3,39,0
2,4,0,9,8,5,10,4,4,0,0,0,3,39,0
1,1,1,11,5,4,4,4,4,0,0,0,7,33,0
1,4,1,8,6,2,12,0,4,1,0,0,3,39,0
7,4,1,11,5,2,12,0,4,1,0,0,0,39,0
3,4,1,12,8,4,4,1,4,1,0,0,3,39,0
2,4,1,11,5,0,3,1,4,1,0,5,8,39,0
6,5,0,15,6,2,12,0,4,1,0,0,3,39,1
2,4,0,8,6,0,3,1,4,1,0,0,3,39,0
3,4,1,15,6,2,5,5,4,0,0,0,1,39,0
1,4,1,1,4,4,4,1,4,0,0,0,3,39,0
4,4,0,11,5,2,1,5,4,0,0,0,3,39,0
2,4,0,9,8,2,10,0,0,1,0,0,7,39,1
5,1,1,11,5,2,4,0,4,1,0,0,3,39,0
0,0,0,15,6,4,0,3,4,0,0,0,2,39,0
4,6,2,0,3,0,12,1,4,0,0,0,5,39,0
2,4,2,12,8,2,4,0,4,1,0,5,6,39,1
5,4,1,11,5,6,1,1,4,0,0,0,2,39,0
2,1,1,11,5,4,8,3,2,1,0,0,3,39,0
0,4,0,15,6,4,1,3,4,0,0,0,3,39,0
7,4,0,15,6,0,1,1,4,0,0,0,0,39,0
0,4,3,1,4,4,6,1,4,1,0,0,3,39,0
2,1,2,12,8,2,10,0,4,1,0,0,3,0,1
0,4,0,15,6,4,1,3,4,0,0,0,0,39,0
0,0,1,15,6,4,0,1,1,0,0,0,2,39,0
0,4,0,11,5,4,4,4,4,0,0,0,3,39,0
2,6,0,15,6,2,12,0,4,1,0,0,2,39,0
2,4,1,11,5,2,3,0,4,1,0,0,4,39,1
5,6,0,9,8,2,4,5,4,0,0,4,3,39,1
0,4,1,0,3,4,14,3,4,1,0,0,2,39,0
0,4,1,15,6,4,1,3,4,1,0,0,3,39,0
2,4,0,11,5,0,8,4,4,0,0,0,3,39,0
5,4,1,9,8,2,4,0,4,1,0,0,3,39,1
2,2,1,11,5,0,11,1,4,1,0,0,5,39,0
3,4,1,11,5,2,14,0,4,1,0,0,3,39,0
3,1,1,15,6,2,1,2,4,1,0,0,4,39,1
2,4,1,1,4,5,7,2,4,1,0,0,2,39,0
3,1,2,11,5,2,1,0,2,1,0,3,3,39,0
2,4,1,15,6,2,3,0,4,1,0,0,3,39,1
1,4,0,8,6,4,1,1,4,0,0,0,3,39,0
2,4,1,7,7,4,10,4,4,0,0,0,3,39,0
3,4,0,6,2,0,3,1,4,1,0,0,3,39,0
2,4,2,11,5,2,8,0,4,1,0,0,2,26,0
3,4,1,11,5,2,7,0,4,1,0,0,3,39,1
0,0,1,15,6,4,0,3,4,1,0,0,5,39,0
7,5,0,9,8,2,7,0,4,1,0,0,2,39,0
2,4,0,9,8,5,8,1,4,1,0,0,7,9,0
1,2,2,7,7,2,11,0,1,1,0,0,3,17,1
1,7,0,11,5,2,13,0,4,1,0,0,3,39,0
3,4,0,11,5,2,14,0,4,1,0,0,3,39,0
2,4,1,9,8,5,4,1,4,1,0,0,3,39,0
6,0,1,5,2,2,0,0,4,1,0,0,3,39,0
3,6,0,11,5,2,4,0,4,1,0,0,6,39,0
2,6,0,11,5,2,5,0,4,1,0,0,5,39,1
4,4,1,15,6,2,12,0,2,1,0,0,3,39,1
1,6,1,8,6,2,5,0,4,1,0,0,5,39,0
3,7,0,9,8,2,10,0,4,1,0,0,3,39,0
6,0,1,15,6,6,0,4,2,0,0,9,3,39,0
4,4,1,8,6,2,3,0,4,1,0,0,6,0,1
4,6,0,15,6,0,12,1,4,0,0,0,3,39,0
3,4,1,8,6,2,12,0,4,1,0,0,3,39,1
3,4,0,11,5,0,1,4,4,0,0,0,3,39,0
2,4,1,15,6,4,1,1,4,0,0,0,3,39,0
3,4,1,12,8,2,10,0,4,1,0,0,3,39,1
3,6,0,9,8,2,5,0,4,1,0,0,5,39,0
0,1,0,9,8,4,10,1,4,0,0,0,2,39,0
3,4,1,9,8,4,10,1,4,0,0,0,4,39,0
7,4,0,12,8,4,10,1,4,1,0,0,6,39,0
0,4,1,4,1,4,6,2,4,1,0,0,3,13,0
1,6,0,6,2,4,3,1,4,1,0,0,1,39,0
1,4,1,11,5,2,3,0,4,1,0,0,3,39,1
4,4,0,0,3,0,3,1,2,0,0,0,3,39,0
2,5,0,11,5,2,12,0,4,1,0,0,6,39,1
3,4,1,11,5,2,14,0,0,1,0,0,3,39,0
1,4,1,9,8,4,12,1,2,0,0,0,5,39,0
1,4,1,15,6,4,12,1,4,1,0,0,4,39,0
1,4,0,11,5,4,5,3,4,1,0,0,3,39,0
0,4,1,15,6,4,1,3,4,1,0,0,3,39,0
2,4,1,9,8,2,14,0,4,1,0,0,3,39,0
4,4,0,7,7,5,1,1,4,0,0,0,3,39,0
2,5,0,7,7,2,1,5,4,0,0,0,3,39,0
5,7,1,11,5,4,8,1,2,0,0,0,3,39,0
0,4,0,1,4,4,8,3,4,0,0,0,1,39,0
3,2,1,9,8,2,10,0,4,1,0,0,5,39,0
3,4,3,11,5,2,3,0,4,1,0,0,3,39,0
3,4,0,11,5,2,14,0,1,1,0,0,6,38,0
3,4,0,15,6,6,4,4,4,0,0,0,5,39,0
7,4,0,11,5,6,8,4,4,0,0,0,1,39,0
3,4,0,8,6,2,4,0,4,1,0,0,3,39,0
1,4,0,11,5,2,13,5,4,0,0,0,3,39,0
4,1,0,15,6,4,1,1,4,1,0,0,2,39,0
2,4,0,9,8,2,3,0,4,1,0,0,3,39,1
4,4,0,9,8,2,10,0,4,1,0,0,5,39,0
1,5,1,9,8,4,4,3,1,1,0,0,3,36,0
3,0,1,2,4,5,0,1,4,0,0,0,3,33,0
0,4,1,11,5,2,7,0,4,1,0,0,5,39,0
0,7,0,15,6,4,10,3,4,1,0,0,2,39,0
0,4,1,5,2,4,7,2,4,0,0,0,6,26,0
3,4,1,11,5,2,3,0,4,1,0,0,3,39,0
6,6,0,15,6,2,5,0,4,1,0,0,8,39,0
4,4,1,15,6,2,14,0,4,1,0,4,4,39,1
1,4,0,8,6,4,1,3,4,0,0,0,6,39,0
2,4,3,15,6,2,1,5,4,0,0,0,3,39,0
0,4,4,11,5,4,6,1,4,1,0,0,2,39,0
0,4,1,1,4,4,8,3,4,0,0,0,3,39,0
0,4,1,1,4,4,12,3,4,0,0,0,2,39,0
3,4,0,11,5,2,6,0,4,1,0,0,5,39,1
5,4,1,11,5,2,12,0,4,1,0,0,3,39,1
0,0,1,15,6,4,0,3,4,1,0,0,4,39,0
1,4,0,9,8,4,12,4,1,1,0,0,4,30,0
2,4,0,11,5,4,12,3,4,0,0,0,3,39,0
3,5,0,15,6,0,7,1,4,0,0,0,3,16,0
3,7,2,10,9,4,10,1,4,0,0,0,3,39,0
5,4,0,5,2,3,7,1,4,1,0,0,3,39,0
0,0,0,11,5,4,0,1,4,0,0,0,3,39,0
1,4,1,11,5,4,1,1,4,1,0,0,5,39,0
7,5,1,9,8,2,12,0,4,1,0,0,5,39,1
0,4,0,11,5,4,8,1,4,0,0,0,3,39,0
2,7,1,10,9,2,10,0,4,1,0,0,5,39,1
3,7,1,9,8,2,1,0,4,1,0,0,3,39,1
2,4,0,9,8,4,10,1,4,0,0,0,4,39,0
0,4,0,8,6,4,8,3,4,0,0,0,1,39,0
3,4,2,15,6,0,4,1,4,0,0,0,8,39,0
4,4,1,9,8,2,4,0,1,1,0,0,3,24,1
0,4,1,2,4,4,12,3,4,0,0,0,3,39,0
2,2,1,12,8,2,10,0,4,1,0,0,4,39,0
3,6,0,2,4,2,4,0,1,1,0,0,6,40,0
0,0,0,15,6,4,0,3,4,0,0,0,1,39,0
3,4,0,11,5,2,7,0,4,1,0,0,3,39,0
7,6,0,12,8,2,12,0,4,1,1,0,3,39,1
0,4,1,1,4,4,12,4,4,0,0,0,2,39,0
1,4,1,1,4,4,8,2,4,1,0,0,2,26,0
3,5,0,15,6,2,4,0,4,1,0,0,5,39,1
0,4,1,15,6,4,7,3,4,1,0,0,2,39,0
3,4,1,11,5,2,1,5,4,0,0,0,4,39,1
1,4,1,7,7,2,4,0,4,1,0,0,4,39,0
0,4,1,1,4,4,12,3,4,0,0,0,3,39,0
0,4,1,11,5,4,8,1,2,0,0,0,3,39,0
3,4,0,11,5,0,6,4,4,1,0,0,4,39,0
1,4,0,15,6,0,3,1,4,1,0,0,6,39,0
5,4,1,15,6,4,1,2,2,0,0,0,3,23,0
6,4,0,12,8,4,10,2,4,0,0,0,0,39,0
2,4,0,15,6,4,8,1,4,1,0,0,2,39,0
1,6,1,5,2,4,3,3,4,1,0,0,3,39,0
1,4,1,8,6,4,6,1,4,1,0,0,3,39,0
5,4,0,11,5,2,3,0,4,1,0,0,3,39,1
4,2,0,15,6,2,3,0,4,1,0,0,3,39,0
0,4,2,15,6,4,10,3,4,1,0,0,1,39,0
1,4,1,12,8,2,4,0,4,1,0,5,7,36,1
1,0,0,9,8,2,0,5,4,0,0,0,1,39,0
1,4,1,6,2,4,7,4,3,1,0,0,3,26,0
0,4,2,15,6,4,12,3,4,0,0,0,2,39,0
0,4,1,15,6,4,8,3,4,0,0,0,3,6,0
1,4,1,15,6,0,1,4,4,0,0,0,3,39,0
2,4,0,11,5,5,3,3,4,1,0,0,3,39,0
3,4,2,15,6,4,12,1,4,0,0,0,4,39,0
4,4,1,11,5,2,7,0,4,1,0,0,3,39,0
1,4,0,9,8,2,4,0,4,1,0,0,4,39,1
1,1,1,7,7,2,1,0,4,1,0,0,3,8,0
0,4,0,1,4,4,6,3,4,1,0,0,1,39,0
0,7,1,7,7,2,1,0,4,1,0,0,2,39,0
5,4,1,11,5,2,7,0,4,1,0,0,3,39,0
5,6,1,14,9,2,12,5,4,0,1,0,3,39,1
0,4,1,11,5,2,7,0,2,1,0,0,4,39,0
2,4,0,11,5,0,8,4,4,0,0,0,3,39,0
1,4,1,15,6,4,13,3,4,0,0,0,4,39,0
0,2,0,15,6,2,1,5,4,0,0,0,4,39,0
3,4,0,15,6,4,1,1,2,0,0,0,3,39,0
1,4,1,12,8,2,10,0,4,1,0,0,5,39,0
6,4,0,11,5,6,1,4,4,0,0,0,3,39,0
2,4,0,2,4,4,12,1,2,0,0,0,3,39,0
3,4,1,9,8,2,4,0,4,1,0,0,4,39,1
1,4,1,15,6,4,1,3,4,1,0,0,3,39,0
6,4,0,11,5,0,8,1,4,0,0,0,8,39,0
0,4,2,15,6,4,1,3,4,0,0,0,1,39,0
2,4,0,1,4,2,8,5,4,0,0,0,6,39,0
1,4,0,11,5,4,7,1,4,0,0,0,3,39,0
3,4,1,7,7,3,4,4,1,0,0,0,3,25,0
1,4,0,11,5,2,12,0,4,1,0,0,3,39,0
4,4,1,7,7,2,7,0,4,1,0,0,3,39,0
0,4,0,15,6,4,12,3,4,0,0,0,1,39,0
1,4,0,12,8,2,10,0,4,1,0,0,1,39,0
3,4,0,8,6,2,8,0,1,1,0,0,6,19,1
1,4,1,2,4,0,5,1,4,1,0,0,3,39,0
0,4,1,5,2,4,3,1,4,1,0,0,2,11,0
3,4,2,15,6,0,1,4,4,0,0,0,3,39,0
1,4,0,11,5,4,6,1,4,1,0,0,3,39,0
6,4,1,11,5,2,11,0,4,1,0,0,2,39,0
1,4,0,15,6,3,12,3,1,0,0,0,2,19,0
4,4,0,1,4,2,7,0,3,1,0,0,3,6,0
3,6,0,9,8,2,10,0,4,1,0,0,5,39,0
2,4,0,11,5,4,8,1,4,1,0,0,7,39,0
1,1,2,11,5,4,1,2,4,0,0,0,3,39,0
1,4,1,15,6,2,12,5,4,0,0,0,2,39,0
4,1,1,11,5,2,3,0,4,1,0,0,3,39,1
3,2,1,12,8,2,1,0,4,1,0,0,3,39,0
4,4,1,6,2,6,12,4,2,0,0,0,2,39,0
4,4,0,11,5,0,3,1,4,1,0,0,4,39,0
0,4,1,11,5,4,1,3,2,0,0,0,3,39,0
5,0,0,11,5,2,0,0,3,1,0,0,0,4,0
0,4,1,8,6,4,8,3,2,0,0,0,3,39,0
5,2,1,11,5,2,3,0,4,1,0,0,3,39,0
3,4,0,11,5,5,1,4,4,0,0,0,4,39,0
0,0,1,11,5,0,0,4,2,0,0,0,3,39,0
4,4,1,8,6,2,10,0,4,1,1,0,3,39,1
1,4,0,11,5,2,3,0,4,1,0,0,3,39,1
6,0,0,2,4,2,0,0,4,1,0,0,2,39,0
2,6,1,11,5,2,10,0,4,1,0,0,2,39,0
4,1,0,15,6,2,3,0,4,1,0,0,3,39,1
0,4,2,0,3,4,8,3,4,1,0,0,0,2,0
1,4,1,15,6,4,12,1,4,1,0,0,5,39,1
5,5,0,8,6,2,12,0,4,1,0,0,5,39,1
2,4,1,11,5,0,3,1,0,1,0,0,5,39,0
1,4,1,11,5,2,7,0,4,1,0,0,5,39,0
1,7,2,15,6,2,1,0,4,1,0,0,3,39,0
0,4,1,15,6,2,10,5,4,0,0,0,3,39,1
0,4,0,11,5,2,3,0,4,1,0,0,3,39,0
2,4,0,11,5,2,8,5,1,0,0,0,3,35,0
4,4,2,5,2,2,3,0,4,1,0,0,3,39,0
1,4,0,11,5,2,12,0,4,1,0,0,6,39,1
1,4,1,12,8,2,10,0,4,1,0,4,3,39,1
0,4,1,11,5,4,1,3,4,1,0,0,1,39,0
1,4,1,15,6,4,12,1,4,0,0,0,5,39,0
4,4,1,9,8,4,4,1,4,1,0,0,5,39,0
3,6,1,14,9,2,10,0,4,1,9,0,7,39,1
2,4,0,11,5,4,7,3,4,0,0,0,3,0,0
4,1,0,11,5,6,4,1,4,0,0,0,1,39,0
1,2,0,15,6,4,6,1,4,1,0,0,5,39,0
3,4,1,0,3,2,3,0,4,1,0,0,2,0,0
2,4,1,11,5,4,6,4,2,0,0,0,2,39,0
2,4,0,9,8,2,4,5,4,0,0,0,3,39,1
3,4,0,15,6,2,12,0,4,1,0,0,5,39,1
5,6,1,11,5,0,3,4,4,0,0,0,3,39,0
2,4,0,0,3,4,12,4,4,0,0,0,3,0,0
2,4,1,11,5,2,14,0,4,1,0,0,3,39,0
3,4,1,15,6,4,3,3,4,1,0,0,3,39,0
1,4,0,15,6,3,1,4,4,0,0,0,2,39,0
4,4,0,11,5,2,7,0,4,1,0,0,3,39,1
1,4,0,11,5,4,1,1,4,1,0,0,3,39,0
1,4,1,15,6,4,1,1,2,0,0,0,3,23,0
5,4,0,15,6,0,8,1,4,1,0,0,2,39,0
3,4,2,9,8,2,12,0,4,1,1,0,4,39,1
5,4,0,11,5,6,7,1,4,0,0,0,3,39,0
1,4,1,11,5,4,7,3,4,1,0,0,6,39,0
0,4,1,11,5,4,12,3,2,0,0,0,1,39,0
2,4,1,0,3,4,5,3,2,1,0,0,6,39,0
6,4,1,1,4,2,8,0,4,1,0,0,2,39,0
4,7,1,12,8,0,10,4,2,0,0,0,3,39,1
2,4,1,11,5,2,8,0,4,1,0,0,3,39,0
1,4,0,11,5,4,3,4,4,1,0,0,3,39,0
3,4,2,9,8,2,12,0,4,1,0,0,5,11,1
2,4,0,0,3,4,3,1,4,1,0,0,5,39,0
0,4,0,15,6,4,8,1,1,0,0,0,3,40,0
2,4,0,14,9,4,10,1,1,0,0,0,3,39,0
1,4,1,11,5,0,4,4,2,0,0,0,3,39,0
3,4,0,15,6,2,13,0,4,1,0,0,3,39,1
0,4,1,15,6,4,12,3,4,1,0,0,1,39,0
1,4,1,14,9,0,10,1,4,0,0,0,4,39,1
6,1,0,12,8,0,10,1,4,1,0,0,3,39,1
1,4,1,15,6,4,8,1,4,1,0,0,6,39,0
3,6,0,15,6,2,4,0,4,1,0,0,8,39,0
5,4,0,9,8,2,3,0,4,1,1,0,5,39,1
4,2,0,15,6,6,10,4,4,1,0,0,3,39,0
5,4,1,15,6,0,8,4,4,0,0,0,3,39,0
2,4,1,11,5,4,3,3,2,1,0,0,3,39,0
4,4,0,11,5,2,14,0,4,1,0,0,5,39,1
6,4,2,9,8,2,1,0,4,1,1,0,1,39,1
0,4,2,11,5,4,14,1,4,1,0,0,3,39,0
4,4,1,15,6,0,3,1,4,1,0,0,3,39,0
1,4,1,12,8,4,14,3,2,1,0,0,3,39,0
0,4,0,15,6,4,1,1,4,0,0,0,3,39,0
2,1,1,15,6,4,1,3,4,1,0,0,3,39,0
5,6,1,15,6,2,5,0,4,1,0,0,9,39,1
2,4,1,11,5,4,7,3,4,1,0,0,3,39,0
4,5,1,9,8,2,1,0,4,1,0,0,3,39,1
3,4,0,9,8,0,4,4,2,0,0,0,9,39,1
1,5,0,11,5,4,1,3,4,0,0,0,3,39,0
3,4,1,11,5,2,7,0,4,1,0,0,3,39,0
1,4,1,11,5,0,7,4,4,0,0,0,1,39,0
4,2,0,9,8,4,10,3,4,0,0,0,5,39,0
1,4,0,15,6,2,4,0,4,1,0,0,5,39,0
3,4,4,3,0,3,5,4,4,1,0,0,3,26,0
0,4,1,15,6,4,1,4,2,0,0,0,3,39,0
2,4,0,11,5,2,3,0,4,1,0,0,3,39,1
5,5,0,14,9,2,10,0,4,1,0,0,3,39,1
3,4,0,12,8,4,12,1,4,1,0,0,5,39,1
0,0,1,1,4,4,0,3,2,0,0,0,1,39,0
6,6,1,14,9,2,10,0,4,1,0,0,2,39,1
2,1,0,11,5,0,10,4,1,0,0,0,3,0,0
0,4,0,15,6,0,8,3,4,0,0,0,3,39,0
5,4,1,14,9,2,4,0,4,1,0,4,3,39,1
0,4,1,15,6,4,12,3,4,0,0,0,2,39,0
1,0,1,6,2,4,0,3,4,0,0,0,3,39,0
0,4,0,1,4,4,8,3,4,0,0,0,1,39,0
3,4,0,5,2,2,3,0,3,1,0,0,3,39,0
2,4,1,9,8,2,12,0,4,1,0,0,6,39,1
0,4,1,7,7,4,4,3,4,1,0,0,3,39,0
1,4,2,11,5,2,7,0,4,1,0,0,4,39,0
4,4,1,11,5,0,8,2,2,0,0,0,2,39,0
4,2,1,12,8,0,4,4,2,0,0,0,3,39,1
0,4,0,9,8,4,10,1,4,1,0,0,3,39,0
1,4,0,15,6,2,3,0,4,1,0,0,5,0,0
3,4,1,15,6,2,4,0,4,1,0,0,6,39,1
3,4,0,12,8,4,4,1,4,0,0,0,2,39,0
0,4,2,9,8,2,10,0,4,1,0,0,2,39,0
3,4,0,9,8,2,12,0,4,1,0,0,6,39,0
1,4,1,15,6,2,6,0,2,1,0,0,3,26,0
3,2,1,15,6,2,11,0,4,1,0,0,3,39,1
2,6,1,15,6,2,8,0,4,1,0,0,6,39,0
1,7,0,7,7,5,8,4,2,0,0,0,3,39,0
0,2,2,15,6,4,11,3,1,0,0,0,1,39,0
4,4,0,11,5,2,3,0,4,1,0,0,3,39,0
0,4,2,15,6,4,1,1,4,0,0,0,3,39,0
2,4,1,11,5,2,3,0,4,1,0,0,3,39,0
0,4,2,15,6,4,1,1,4,1,0,0,1,39,0
2,4,1,11,5,0,3,1,4,1,0,0,3,39,0
3,4,2,3,0,4,7,1,4,0,0,0,3,8,0
1,4,0,9,8,4,10,3,4,0,0,0,1,39,0
3,5,1,11,5,3,5,1,4,1,0,0,4,39,0
2,4,1,7,7,2,1,0,4,1,0,0,3,39,0
4,6,0,15,6,2,10,5,4,0,0,0,3,39,1
3,4,3,9,8,0,13,1,4,1,0,0,3,39,0
4,4,2,11,5,0,1,1,4,0,0,0,3,39,0
2,6,1,9,8,0,10,2,4,1,0,0,3,39,1
0,4,1,11,5,0,8,3,4,0,0,0,0,39,0
1,4,1,11,5,2,6,0,4,1,0,0,3,39,0
0,4,1,15,6,4,12,3,4,1,0,0,3,20,0
2,4,1,11,5,0,8,1,2,0,0,0,3,0,0
1,4,0,8,6,4,10,1,4,1,0,0,3,39,0
4,6,2,14,9,2,10,0,4,1,0,0,5,39,1
6,0,1,9,8,2,0,0,4,1,0,0,5,39,1
3,4,1,9,8,4,10,1,4,0,0,0,3,39,0
0,4,1,15,6,4,1,1,3,0,0,0,3,39,0
0,4,0,11,5,4,6,3,4,1,0,0,2,39,0
2,5,0,12,8,2,12,0,4,1,0,0,6,39,1
4,1,1,9,8,2,4,0,4,1,0,4,3,39,0
2,4,1,11,5,4,7,3,4,1,0,4,3,39,0
0,0,1,15,6,4,0,3,4,0,0,0,3,39,0
3,4,2,11,5,2,10,0,4,1,0,0,3,39,0
5,4,1,14,9,4,10,1,4,1,0,0,5,39,0
0,4,2,11,5,4,6,3,4,1,0,0,3,39,0
1,7,1,11,5,2,1,0,4,1,0,4,3,39,0
5,4,0,11,5,4,1,4,4,0,0,0,3,39,0
0,6,1,15,6,4,1,3,4,0,0,0,1,11,0
5,4,0,11,5,2,14,0,4,1,0,0,3,39,1
4,7,3,10,9,2,4,0,4,1,0,0,3,39,1
1,4,1,11,5,4,1,1,4,1,0,0,5,39,0
4,6,0,15,6,2,3,0,4,1,0,0,5,39,0
6,0,1,1,4,2,0,0,4,1,0,0,3,26,0
3,4,0,15,6,0,4,4,4,0,0,0,5,39,0
0,4,0,2,4,4,8,3,4,0,0,0,2,39,0
3,4,2,15,6,2,1,0,4,1,0,0,3,39,1
5,4,0,15,6,2,11,0,4,1,0,4,3,39,1
2,4,0,0,3,0,4,4,4,0,0,0,3,39,0
1,4,1,8,6,4,1,1,4,0,0,0,3,39,0
4,4,0,11,5,5,10,2,3,0,0,0,3,33,0
3,1,1,11,5,2,1,0,4,1,0,0,3,39,1
1,4,1,11,5,2,7,0,4,1,0,0,5,39,0
1,4,0,15,6,5,12,4,4,0,0,0,3,39,0
1,4,1,8,6,4,1,4,2,0,0,0,3,39,0
0,2,0,1,4,4,6,3,4,1,0,0,3,39,0
1,4,1,11,5,4,7,3,4,1,0,0,3,39,0
4,2,1,11,5,2,8,5,4,0,0,0,0,39,1
0,4,1,1,4,4,11,3,4,0,0,0,2,39,0
1,4,0,11,5,2,14,0,2,1,0,0,3,39,0
4,4,1,15,6,4,8,4,2,0,0,0,3,39,0
3,4,0,14,9,2,10,0,4,1,0,0,3,39,1
1,4,1,11,5,2,3,0,4,1,0,0,3,39,0
4,1,1,11,5,2,3,0,4,1,0,0,3,39,0
4,4,0,12,8,2,1,5,4,0,0,0,3,39,1
1,4,0,11,5,4,6,2,4,1,0,0,3,39,0
2,4,1,11,5,4,3,1,4,1,0,0,3,39,0
1,4,0,15,6,3,4,4,4,0,0,0,4,39,0
1,4,1,11,5,4,1,1,4,1,0,0,3,39,0
4,6,1,6,2,2,3,0,4,1,0,0,3,2,0
4,7,1,11,5,6,13,4,2,0,0,0,3,39,0
3,4,2,11,5,4,8,1,4,0,0,0,3,39,0
3,7,2,14,9,0,10,4,4,0,0,0,4,39,0
5,5,1,11,5,2,12,0,4,1,0,0,4,39,1
0,4,1,15,6,4,8,3,4,0,0,0,2,39,0
4,4,0,0,3,2,3,0,4,1,0,0,3,39,1
3,4,2,2,4,0,7,1,2,0,0,0,3,39,0
0,4,3,4,1,2,8,0,4,1,0,0,3,26,0
4,4,0,15,6,2,4,0,1,1,0,0,3,39,0
3,4,1,9,8,2,3,0,4,1,0,0,4,39,0
2,2,1,15,6,2,11,0,4,1,0,0,3,39,1
2,6,2,14,9,2,10,0,4,1,0,0,5,39,1
2,7,1,7,7,2,8,0,4,1,0,0,3,39,0
1,2,1,9,8,4,10,3,2,0,0,0,4,39,0
3,6,0,15,6,2,5,0,4,1,0,0,8,39,0
6,6,1,0,3,2,7,0,4,1,0,0,3,39,0
1,4,0,8,6,4,4,1,4,1,1,0,6,12,1
1,2,2,9,8,4,10,1,2,0,0,0,3,11,0
6,6,0,11,5,0,4,1,4,0,0,0,1,39,0
4,4,1,9,8,2,7,0,4,1,0,0,4,39,1
0,4,1,11,5,4,6,2,4,1,0,0,1,26,0
0,4,0,1,4,2,3,0,4,1,0,0,3,39,0
3,7,1,15,6,0,10,4,4,0,0,0,3,39,0
2,4,0,11,5,2,3,0,4,1,0,0,5,39,1
1,7,1,12,8,2,10,5,4,0,0,0,4,39,1
3,4,1,11,5,5,7,1,4,0,0,0,3,39,0
3,6,0,14,9,2,10,0,4,1,0,0,5,39,1
0,4,1,11,5,2,7,0,4,1,0,3,5,39,0
1,4,1,9,8,4,10,1,4,1,0,0,3,39,0
6,2,1,0,3,5,8,1,2,0,0,0,9,39,0
5,5,1,9,8,2,4,0,4,1,0,4,5,39,1
2,4,0,15,6,2,4,0,4,1,0,0,3,39,0
2,4,0,9,8,4,1,1,4,0,0,0,3,39,0
1,4,1,11,5,4,1,4,2,0,0,0,3,39,0
5,6,1,10,9,2,10,0,4,1,0,0,3,39,0
3,4,1,8,6,2,6,0,4,1,0,0,4,39,0
2,4,1,15,6,2,8,5,4,0,0,0,3,39,0
3,2,0,11,5,6,14,4,4,0,0,0,3,39,0
1,4,0,9,8,4,4,1,4,0,0,0,5,39,0
0,4,1,11,5,4,12,1,4,0,0,0,3,39,0
3,4,1,11,5,0,12,1,4,0,0,0,2,39,0
4,5,1,11,5,4,4,1,4,1,1,0,3,39,1
2,4,1,12,8,2,10,0,4,1,0,0,4,39,0
1,4,1,15,6,2,3,0,4,1,0,0,3,39,0
0,6,1,9,8,4,1,3,4,1,0,5,3,39,1
6,0,1,11,5,6,0,1,3,0,0,0,3,33,0
1,4,0,9,8,2,10,0,4,1,9,0,3,39,1
5,4,0,8,6,2,14,0,4,1,0,0,1,39,0
0,4,0,15,6,4,8,1,4,0,0,0,2,39,0
1,4,1,0,3,2,3,0,4,1,0,0,4,39,0
5,1,1,11,5,0,1,4,2,0,0,0,3,39,0
2,4,2,3,0,4,3,1,4,1,0,0,3,13,0
2,4,1,1,4,2,3,0,4,1,0,0,3,39,0
0,4,0,9,8,4,10,3,4,0,0,0,3,39,0
0,4,0,15,6,4,12,3,4,0,0,0,3,39,0
5,5,0,11,5,2,4,0,4,1,0,0,4,39,0
0,0,0,15,6,4,0,3,4,1,0,0,1,39,0
6,4,2,15,6,6,4,1,4,0,0,0,0,39,0
0,4,2,6,2,4,8,4,4,1,0,0,2,26,0
7,0,0,15,6,2,0,0,4,1,0,0,1,39,0
0,4,0,9,8,4,12,3,4,1,0,0,5,39,0
3,4,1,9,8,2,1,0,4,1,0,0,3,39,0
0,0,0,15,6,4,0,3,4,1,0,0,4,39,0
4,6,1,0,3,2,5,0,4,1,0,0,3,39,0
3,6,2,9,8,0,3,1,2,1,0,3,6,0,0
0,4,1,1,4,4,6,3,4,1,0,0,2,39,0
0,4,1,15,6,4,8,1,4,1,0,3,0,39,0
0,4,1,15,6,4,12,3,3,0,0,0,1,39,0
4,6,0,0,3,0,5,4,4,1,0,0,7,39,0
3,4,0,11,5,4,7,3,4,0,0,0,3,39,0
1,4,0,8,6,4,8,1,1,0,0,0,3,30,0
2,4,2,15,6,2,7,0,4,1,0,0,5,39,0
1,4,0,5,2,0,3,4,4,0,0,0,5,39,0
6,4,1,11,5,4,7,1,2,0,0,0,3,39,0
2,4,0,15,6,0,1,4,4,0,0,0,3,39,0
5,4,1,5,2,2,4,0,4,1,0,0,3,39,1
1,6,1,11,5,2,12,0,4,1,0,0,3,39,0
2,4,0,11,5,0,14,1,4,0,0,0,3,39,0
1,4,0,11,5,2,3,0,4,1,0,0,3,39,1
7,4,0,11,5,6,1,1,4,0,0,0,3,39,0
1,4,0,2,4,4,12,2,2,1,0,0,5,39,0
5,4,0,11,5,4,7,1,4,1,0,0,3,39,0
1,4,0,11,5,4,1,3,2,0,0,0,3,39,0
0,0,1,0,3,4,0,3,4,0,0,0,1,39,0
5,2,1,9,8,4,10,1,4,1,0,0,5,39,0
1,7,0,15,6,4,13,3,4,0,0,0,8,39,0
3,4,1,11,5,0,1,1,4,0,0,0,5,39,0
1,4,0,7,7,4,12,3,4,0,0,0,3,39,0
6,4,1,0,3,2,12,0,4,1,0,0,1,39,0
2,4,1,9,8,5,4,4,2,0,0,0,3,39,0
6,0,0,12,8,2,0,0,4,1,0,0,0,39,0
4,6,0,14,9,2,4,0,4,1,9,0,5,39,1
5,4,1,7,7,2,8,0,4,1,0,0,5,39,0
1,4,0,11,5,2,14,0,4,1,0,0,3,39,0
4,5,1,11,5,5,8,1,4,1,0,0,4,39,0
0,4,1,15,6,4,7,2,2,0,0,0,3,39,0
4,0,1,11,5,2,0,0,4,1,0,0,3,39,1
0,4,0,6,2,4,14,3,4,1,0,0,3,39,0
1,4,0,11,5,4,7,1,2,1,0,0,2,39,0
2,4,1,8,6,0,8,4,4,0,0,0,3,0,0
0,4,1,11,5,2,1,0,4,1,0,0,3,39,0
1,4,1,12,8,4,4,3,4,0,0,0,3,39,0
0,2,1,2,4,4,8,3,2,1,0,0,1,39,0
3,4,2,9,8,2,7,0,4,1,0,4,3,39,1
3,7,0,15,6,2,4,0,4,1,0,0,3,39,0
0,4,0,15,6,4,13,1,4,0,0,0,0,39,0
2,4,1,11,5,2,14,0,4,1,0,0,3,39,0
5,0,0,11,5,0,0,1,4,1,0,0,1,39,0
1,2,1,9,8,2,11,0,2,1,0,0,5,39,1
1,4,1,11,5,2,14,0,4,1,0,0,3,39,0
3,1,1,11,5,2,4,0,4,1,0,0,3,39,1
4,2,1,9,8,0,10,1,4,1,0,0,5,39,0
1,4,0,11,5,4,3,2,4,1,0,0,3,39,0
1,4,1,9,8,4,10,1,2,0,1,0,6,39,1
0,4,1,11,5,4,7,3,4,1,0,0,3,39,0
3,7,0,15,6,0,4,4,2,0,0,0,3,0,0
3,7,1,8,6,4,3,1,4,1,0,0,3,39,0
3,4,1,9,8,0,10,4,2,1,0,0,3,39,0
3,4,0,9,8,2,12,0,4,1,0,0,6,39,0
2,7,1,15,6,5,1,4,2,0,0,0,3,39,0
5,2,1,15,6,3,1,4,2,0,0,0,3,39,0
3,4,1,11,5,5,1,1,2,0,0,0,3,39,0
2,4,1,8,6,2,6,0,4,1,0,0,5,39,0
4,4,0,11,5,4,12,1,4,1,0,0,3,39,0
3,1,2,11,5,2,3,0,4,1,0,0,3,39,1
4,4,1,6,2,3,8,1,2,0,0,0,1,23,0
3,6,0,11,5,2,8,0,4,1,0,0,4,39,0
0,0,1,11,5,4,0,4,2,0,0,0,3,39,0
0,4,1,15,6,4,7,2,1,1,0,0,3,40,0
6,4,1,0,3,2,7,0,4,1,0,0,3,39,0
3,4,1,11,5,0,4,4,4,0,0,0,3,39,0
2,4,0,9,8,4,8,1,4,1,0,0,3,39,0
5,4,1,14,9,2,10,0,4,1,0,0,6,39,0
0,4,1,9,8,4,12,3,4,1,0,0,2,39,0
3,4,0,9,8,2,1,5,4,0,0,0,3,39,0
3,4,1,15,6,2,4,0,4,1,0,0,3,39,1
0,4,0,15,6,4,12,1,4,0,0,0,2,39,0
4,7,0,15,6,0,1,2,4,0,0,0,3,39,0
3,4,0,15,6,2,12,0,4,1,0,0,3,39,0
2,6,1,9,8,4,10,3,2,0,0,0,6,0,0
4,5,1,10,9,2,10,0,4,1,1,0,6,39,1
0,6,1,5,2,2,3,0,4,1,0,0,3,39,0
1,4,2,9,8,4,12,1,4,0,0,0,6,39,0
0,4,0,0,3,4,8,3,4,0,0,0,0,39,0
2,2,1,11,5,2,11,0,4,1,0,0,3,39,0
2,2,0,11,5,2,3,0,4,1,0,0,3,39,0
2,4,0,8,6,4,4,2,1,0,0,0,3,39,0
0,7,3,15,6,4,1,3,1,1,0,0,3,0,0
0,4,0,1,4,4,10,3,4,0,0,0,1,39,0
1,4,0,11,5,4,6,1,4,1,0,0,6,39,0
1,4,0,11,5,2,7,0,4,1,0,0,3,39,0
7,1,2,15,6,2,4,0,4,1,2,0,3,39,1
1,4,0,15,6,4,3,1,4,1,0,0,3,39,0
0,4,0,15,6,4,6,3,4,1,0,0,2,39,0
4,6,1,11,5,4,10,1,4,1,0,0,5,39,0
3,7,1,14,9,2,4,0,4,1,1,0,3,39,1
3,4,1,11,5,0,1,1,1,0,0,3,3,24,0
6,2,1,8,6,0,1,1,2,0,0,0,3,39,0
0,7,1,15,6,4,10,3,4,1,0,0,3,39,0
4,7,0,10,9,2,1,0,4,1,0,0,5,39,1
1,4,0,15,6,4,12,1,4,0,0,0,3,39,0
0,4,0,15,6,4,1,3,1,1,0,0,1,39,0
3,4,1,9,8,0,4,1,4,1,0,3,4,39,1
6,4,0,11,5,0,12,1,4,0,0,0,3,39,0
0,4,0,11,5,4,3,3,4,0,0,0,1,39,0
3,4,1,12,8,0,10,1,4,1,0,0,3,39,0
0,4,1,11,5,4,1,3,4,1,0,0,3,39,0
3,1,0,9,8,0,4,4,2,0,0,0,3,39,0
0,4,2,15,6,4,8,3,4,0,0,0,0,39,0
4,4,1,15,6,2,4,5,4,0,0,0,1,39,1
3,5,0,9,8,2,12,0,4,1,0,0,4,39,1
1,2,1,11,5,2,3,0,4,1,0,0,3,39,0
4,4,0,15,6,2,14,0,4,1,0,0,6,39,0
7,0,2,15,6,4,0,1,4,1,0,0,0,39,0
4,4,0,8,6,2,8,0,1,1,0,0,5,30,1
3,4,0,9,8,2,10,0,4,1,0,4,5,39,1
4,4,1,11,5,0,7,2,4,0,0,0,5,39,0
0,4,1,9,8,4,7,3,4,1,0,0,3,39,0
2,4,0,9,8,2,8,0,4,1,0,0,3,39,0
0,4,1,11,5,4,7,3,4,0,0,0,3,6,0
3,6,1,15,6,2,3,0,4,1,0,0,5,39,0
2,4,1,11,5,3,8,4,2,0,0,0,1,39,0
1,1,1,9,8,2,4,0,4,1,0,0,3,39,1
2,4,2,9,8,2,12,0,4,1,0,4,5,39,1
0,4,1,11,5,4,8,3,4,1,0,0,3,39,0
4,4,1,7,7,0,3,1,4,1,0,0,3,39,0
3,4,0,15,6,2,12,0,4,1,0,0,5,39,1
4,4,0,1,4,4,8,1,4,0,0,0,2,39,0
2,4,0,7,7,2,1,0,4,1,0,0,4,39,1
0,4,2,7,7,4,1,1,2,0,0,0,3,39,0
2,4,3,11,5,0,3,1,4,1,1,0,3,39,1
0,4,0,0,3,2,7,0,4,1,0,0,5,39,0
3,4,1,15,6,2,12,0,4,1,0,0,3,39,1
2,4,1,11,5,1,8,2,4,0,0,0,0,39,0
0,4,1,15,6,4,12,3,4,1,0,0,3,39,0
0,4,2,4,1,4,6,2,4,1,0,0,3,26,0
3,2,1,9,8,0,10,4,4,0,0,0,4,39,0
4,7,1,9,8,2,11,0,4,1,0,0,3,39,1
5,0,1,2,4,2,0,0,4,1,0,0,3,39,0
2,4,1,11,5,0,5,4,4,1,0,0,4,39,0
1,4,1,9,8,2,12,0,4,1,0,0,4,39,1
2,4,2,11,5,2,3,0,4,1,0,0,2,11,0
2,2,0,15,6,2,8,5,4,0,0,0,3,39,0
1,4,0,9,8,4,13,1,4,0,0,0,3,39,0
1,4,2,15,6,2,4,0,4,1,0,0,6,39,0
4,4,1,11,5,2,12,0,4,1,0,0,3,39,1
0,4,1,7,7,4,8,3,4,1,0,0,3,39,0
3,4,1,11,5,4,1,1,4,0,0,0,7,39,0
4,6,1,1,4,0,4,4,4,0,0,0,5,39,0
2,4,1,9,8,2,10,0,4,1,0,0,5,22,0
2,7,1,11,5,6,4,1,4,0,0,0,3,39,0
1,4,1,9,8,4,10,1,4,1,0,0,5,39,1
0,7,0,11,5,4,1,1,4,0,0,0,1,39,0
5,4,0,11,5,6,1,4,4,0,0,0,3,39,0
1,4,1,9,8,4,10,4,4,0,0,0,3,39,0
1,6,2,11,5,4,12,1,4,1,0,0,3,39,0
4,4,1,11,5,2,12,5,4,0,0,0,2,39,0
2,4,1,15,6,4,4,3,4,1,0,0,3,39,0
6,0,1,0,3,2,0,0,4,1,0,0,5,39,1
1,4,1,8,6,0,6,4,4,0,0,0,3,39,0
2,4,1,4,1,2,7,0,4,1,0,0,3,26,0
1,4,1,11,5,2,14,0,4,1,0,0,3,39,0
3,4,2,11,5,2,7,0,4,1,0,0,3,39,1
1,5,1,11,5,2,12,5,4,0,0,4,2,39,1
2,4,1,11,5,4,1,3,4,0,0,0,3,39,0
5,5,0,12,8,2,12,0,4,1,1,0,6,39,1
1,4,1,15,6,0,7,4,4,1,0,0,5,39,0
2,6,1,10,9,2,10,0,4,1,0,0,5,39,1
0,0,1,15,6,4,0,3,4,0,0,0,3,39,0
2,1,0,15,6,0,13,4,0,0,0,0,1,39,0
3,4,1,9,8,0,10,1,4,0,1,0,3,39,1
0,4,1,2,4,4,1,3,4,1,0,0,3,0,0
1,4,1,5,2,4,6,1,4,0,0,0,2,32,0
1,4,0,12,8,4,1,1,4,0,0,0,3,10,0
3,4,0,11,5,2,3,0,4,1,0,0,4,39,1
0,4,1,11,5,4,3,3,4,1,0,0,3,39,0
1,4,0,11,5,2,7,0,4,1,0,0,3,39,0
2,5,1,12,8,2,12,0,4,1,0,0,4,26,1
2,1,3,9,8,2,4,0,4,1,0,0,3,39,0
3,2,0,9,8,0,11,4,4,0,0,0,3,39,0
5,4,0,11,5,0,1,1,4,0,0,0,3,39,0
0,4,1,1,4,4,4,3,4,0,0,0,1,39,0
5,6,0,11,5,6,12,1,4,1,0,0,3,39,0
4,2,0,11,5,2,3,0,4,1,0,4,3,39,0
1,4,0,12,8,2,4,0,4,1,0,0,4,39,1
0,0,2,0,3,4,0,3,4,1,0,0,2,39,0
0,4,1,8,6,4,3,3,4,1,0,0,3,39,0
3,4,0,8,6,2,3,0,1,1,0,0,3,0,1
0,6,0,15,6,4,5,3,4,1,0,5,0,39,0
4,4,0,9,8,2,4,0,4,1,0,0,6,12,1
3,4,1,7,7,4,1,1,2,0,0,0,3,39,0
4,6,1,11,5,2,5,0,4,1,0,0,5,39,1
6,1,0,11,5,2,1,0,4,1,0,0,3,39,0
0,4,1,15,6,4,3,1,4,1,0,0,3,39,0
4,4,0,8,6,2,3,0,4,1,0,0,3,39,0
2,4,0,15,6,2,3,0,4,1,0,0,5,39,0
0,4,1,11,5,3,4,2,4,0,0,0,6,39,0
5,6,0,9,8,6,12,4,4,0,0,0,1,39,0
5,4,0,12,8,2,4,0,4,1,0,0,4,39,1
3,4,1,9,8,2,12,0,4,1,0,0,5,39,1
0,4,0,11,5,4,12,3,4,0,0,0,1,39,0
2,2,0,12,8,4,10,1,2,0,0,0,3,39,0
2,4,1,11,5,2,3,0,4,1,0,0,3,39,1
0,7,3,15,6,4,8,3,2,0,0,0,1,39,0
8,0,1,15,6,2,0,0,4,1,0,0,1,39,1
0,6,0,15,6,4,13,1,4,1,0,0,2,39,0
0,0,1,0,3,4,0,2,4,0,0,0,2,39,0
3,4,0,9,8,0,1,4,4,1,0,0,4,39,1
0,4,2,1,4,4,9,1,4,0,0,0,3,39,0
3,7,0,9,8,2,10,0,4,1,0,0,3,39,1
1,4,0,8,6,2,3,0,4,1,0,0,3,39,0
1,4,1,0,3,4,3,3,4,1,0,0,3,39,0
4,4,0,11,5,0,3,4,4,0,0,0,3,39,0
3,4,0,8,6,2,3,0,4,1,0,0,9,39,0
1,4,0,6,2,2,7,5,4,0,0,0,3,32,0
2,2,1,9,8,4,11,1,4,0,0,0,4,39,1
3,2,1,9,8,4,4,1,4,1,0,0,3,39,0
1,4,0,4,1,4,5,4,4,1,0,0,4,13,0
2,4,1,9,8,2,4,0,4,1,0,0,5,39,1
8,0,0,7,7,6,0,1,4,0,0,0,0,39,0
4,4,0,15,6,2,3,0,4,1,0,0,3,39,0
0,4,1,15,6,4,13,2,1,1,0,0,3,40,0
4,4,0,11,5,2,6,0,4,1,0,0,3,39,1
2,4,0,8,6,2,3,0,4,1,0,0,5,39,0
5,4,1,11,5,2,8,0,4,1,0,0,7,39,0
3,4,1,4,1,5,12,4,2,0,0,0,2,33,0
3,6,0,0,3,6,14,4,4,1,0,0,3,39,0
0,1,1,15,6,0,1,4,2,0,0,0,2,39,0
2,2,1,11,5,2,8,5,4,0,0,0,3,39,0
4,4,2,4,1,6,8,4,4,0,0,0,3,26,0
4,4,0,15,6,2,1,0,4,1,0,0,5,39,1
4,4,0,15,6,2,8,0,4,1,0,0,3,39,0
1,4,2,11,5,0,14,3,2,1,0,0,3,39,0
3,4,0,15,6,0,1,4,4,0,0,0,3,39,0
2,4,1,15,6,0,13,1,4,0,0,0,3,39,0
1,5,1,9,8,2,12,0,4,1,0,0,5,39,0
1,4,2,0,3,5,5,4,4,0,0,0,3,13,0
2,4,1,11,5,0,1,4,4,0,0,0,4,39,0
3,5,0,12,8,2,12,0,4,1,0,0,5,0,1
0,7,1,15,6,4,1,3,4,1,0,0,3,39,0
6,7,1,12,8,2,10,5,4,0,0,0,0,39,1
3,4,0,0,3,0,3,1,4,1,0,0,3,39,0
0,4,0,15,6,4,14,1,4,1,0,0,3,39,0
1,2,1,11,5,4,8,2,4,1,0,0,1,39,0
1,4,1,11,5,4,8,4,4,0,0,0,3,26,0
6,4,4,15,6,2,12,0,4,1,0,0,4,39,1
2,4,0,9,8,2,12,0,4,1,0,0,5,39,1
2,4,0,2,4,2,3,0,4,1,0,0,8,39,0
3,4,1,9,8,2,4,0,4,1,0,0,3,39,1
1,4,1,9,8,4,6,1,2,1,0,0,3,39,0
3,5,2,15,6,2,12,0,4,1,0,0,7,39,1
5,4,1,11,5,0,6,1,4,0,0,0,3,39,0
4,4,1,4,1,5,12,4,4,0,0,0,3,26,0
0,4,0,9,8,4,12,3,4,1,0,0,3,39,0
2,4,2,15,6,2,3,0,2,1,0,0,3,39,0
4,4,1,15,6,2,1,5,4,0,0,0,3,39,0
1,4,1,11,5,2,6,0,4,1,0,0,6,39,0
3,1,2,14,9,5,10,4,4,0,0,0,3,11,1
1,4,1,12,8,2,10,5,1,0,0,0,3,17,1
0,4,1,9,8,4,13,3,4,0,0,0,3,39,0
5,4,0,9,8,2,4,0,4,1,0,0,5,39,1
6,1,1,11,5,2,1,0,4,1,0,0,3,39,0
1,4,1,0,3,0,14,1,0,1,0,0,7,39,0
1,2,0,11,5,5,8,4,4,0,0,0,2,39,0
6,1,1,11,5,6,1,4,4,0,0,0,3,39,0
1,4,0,15,6,4,1,3,4,1,0,3,3,39,0
0,7,0,15,6,3,13,4,4,1,0,0,1,39,0
1,4,0,11,5,0,8,4,4,0,0,0,3,39,0
2,4,0,11,5,2,3,0,4,1,0,0,4,39,0
1,4,1,11,5,4,14,2,4,1,0,0,3,0,0
1,4,1,11,5,4,7,3,4,0,0,0,3,39,0
6,6,1,14,9,2,10,0,4,1,0,0,5,39,1
0,4,0,11,5,4,6,3,4,1,0,0,4,39,0
3,4,1,12,8,2,4,0,4,1,0,5,4,39,1
4,4,1,11,5,2,3,0,4,1,0,0,6,39,0
4,2,0,10,9,2,10,5,4,0,0,0,3,39,1
3,5,1,9,8,2,10,0,4,1,0,0,5,39,1
4,4,0,5,2,2,11,0,4,1,0,0,3,39,0
5,4,0,6,2,6,7,4,4,0,0,0,3,39,0
2,4,1,11,5,2,3,0,2,1,0,0,3,39,0
3,4,0,11,5,2,7,0,4,1,0,0,3,39,0
2,4,1,9,8,2,4,0,4,1,0,0,5,39,1
4,4,1,5,2,2,7,0,4,1,0,0,3,39,0
3,4,2,15,6,0,3,4,4,1,0,0,3,39,1
3,4,1,15,6,2,12,0,4,1,0,0,5,39,0
0,4,2,15,6,4,1,3,4,1,0,0,2,39,0
2,7,0,15,6,2,4,0,4,1,0,0,3,39,0
2,6,2,11,5,4,3,1,4,1,0,0,4,39,1
0,0,0,15,6,4,0,3,3,0,0,0,3,39,0
6,6,0,9,8,2,5,0,4,1,0,0,1,39,1
5,4,1,5,2,2,14,0,4,1,0,0,3,26,0
0,4,0,11,5,4,3,3,4,1,0,0,2,39,0
4,4,0,12,8,2,4,0,4,1,1,0,6,39,1
3,6,0,14,9,2,10,0,4,1,0,0,2,39,1
2,4,1,11,5,0,12,1,4,1,0,0,3,39,0
3,4,1,15,6,2,13,5,4,0,0,0,3,39,1
1,4,1,11,5,6,14,1,4,1,0,0,3,39,0
5,4,0,15,6,2,12,0,4,1,0,0,5,39,0
2,7,2,4,1,2,8,0,4,1,0,0,3,26,0
3,4,0,15,6,2,4,3,4,1,0,0,3,39,1
3,6,1,11,5,4,3,1,4,1,1,0,3,39,1
3,7,0,9,8,4,4,1,4,1,0,0,4,39,0
2,4,2,4,1,3,14,4,3,1,0,0,1,8,0
3,4,1,11,5,3,8,4,2,0,0,0,6,39,1
4,0,1,2,4,4,0,2,2,1,0,0,3,39,0
4,5,0,15,6,2,12,0,4,1,0,0,3,39,1
3,4,1,11,5,0,4,4,4,0,0,0,3,39,0
4,4,0,9,8,4,4,1,4,0,0,0,5,39,1
0,2,1,11,5,4,13,1,4,0,0,0,3,39,0
2,4,1,6,2,2,3,0,4,1,0,0,3,39,0
1,4,0,9,8,4,1,3,2,0,0,0,3,39,0
3,4,0,15,6,2,1,0,4,1,0,0,5,39,1
0,4,1,15,6,4,7,3,4,0,0,0,3,39,0
2,4,1,9,8,2,12,0,4,1,0,0,5,39,1
1,4,1,14,9,4,10,1,4,1,0,0,5,39,0
0,2,1,15,6,4,1,3,4,0,0,0,1,39,0
3,4,0,15,6,2,3,0,4,1,0,0,3,39,1
3,4,1,11,5,4,8,4,2,0,0,0,3,39,0
4,4,0,11,5,4,1,3,1,0,0,0,3,39,0
6,6,1,15,6,6,3,1,4,0,0,0,3,39,0
0,4,3,11,5,4,8,3,4,0,0,0,2,39,0
5,6,0,1,4,2,12,0,4,1,0,0,1,39,0
0,4,1,11,5,4,8,3,2,1,0,0,2,39,0
2,7,2,7,7,0,11,1,2,1,0,0,3,39,0
3,1,1,8,6,0,1,4,2,0,0,0,3,39,1
0,4,1,9,8,4,1,3,4,0,0,0,1,39,0
3,2,1,15,6,0,1,4,2,0,0,0,3,39,0
0,4,2,11,5,4,7,3,4,1,0,0,3,39,0
0,4,0,15,6,4,1,3,4,0,0,0,2,39,0
2,4,0,14,9,2,10,0,4,1,0,0,5,39,1
6,4,1,9,8,6,12,1,4,1,0,0,3,39,1
4,6,0,11,5,2,4,0,4,1,0,0,4,39,1
4,4,1,11,5,2,4,0,4,1,0,0,5,39,1
1,4,2,7,7,2,4,5,4,0,0,0,5,39,0
3,6,0,9,8,2,12,0,4,1,0,0,4,39,0
6,4,1,9,8,4,4,1,4,1,0,0,3,39,0
3,4,1,8,6,4,3,4,4,1,0,0,3,39,0
2,4,1,11,5,2,12,0,4,1,0,0,6,39,0
1,4,1,11,5,4,1,1,4,0,0,0,4,39,0
6,0,1,5,2,2,0,0,4,1,0,0,3,39,1
6,4,1,0,3,0,6,1,4,0,0,0,2,39,0
0,4,0,15,6,4,12,3,4,0,0,0,1,39,0
3,7,0,12,8,6,11,4,4,1,0,0,3,39,0
3,1,0,12,8,4,10,1,4,0,0,0,3,39,0
3,4,1,12,8,2,1,0,4,1,0,4,3,39,1
7,0,1,4,1,2,0,0,4,1,0,0,5,26,0
0,4,0,8,6,4,7,1,4,1,0,0,3,39,0
1,4,0,12,8,2,13,0,4,1,0,4,3,39,1
1,4,1,9,8,4,10,1,1,1,1,0,3,39,1
2,4,0,9,8,4,12,3,2,0,0,0,3,39,0
4,6,0,14,9,2,10,0,4,1,0,0,3,39,1
4,6,0,14,9,2,10,0,4,1,0,0,7,39,1
0,4,1,15,6,4,8,1,4,1,0,0,4,39,0
1,4,0,15,6,4,12,1,4,0,0,0,3,39,0
3,4,0,11,5,4,7,1,4,0,0,0,0,39,0
3,4,0,0,3,4,5,4,4,1,0,0,3,39,0
0,4,0,0,3,4,3,1,4,0,0,0,3,39,0
1,4,1,15,6,4,1,4,2,0,0,0,3,0,0
2,4,1,11,5,2,12,0,4,0,0,0,3,39,0
4,2,1,11,5,2,4,0,4,1,0,0,6,39,0
4,1,0,10,9,2,10,0,4,1,0,0,3,39,1
1,4,0,8,6,2,3,0,4,1,0,0,6,39,1
5,4,1,11,5,2,10,0,4,1,0,0,2,39,0
4,7,0,15,6,4,11,1,4,0,0,0,3,39,0
3,4,1,11,5,2,3,0,4,1,0,0,6,39,1
1,4,0,12,8,2,10,5,4,0,0,0,5,39,0
2,4,0,1,4,2,3,0,4,1,0,0,3,39,0
2,4,0,15,6,6,10,3,4,0,0,0,3,39,0
2,4,1,8,6,4,13,1,4,0,0,0,0,39,0
3,4,1,3,0,4,8,3,4,1,0,0,0,39,0
6,8,0,11,5,2,1,0,1,1,0,0,1,30,0
5,5,1,10,9,2,10,0,4,1,9,0,7,39,1
4,4,1,9,8,2,4,0,4,1,0,0,4,39,1
6,6,1,7,7,2,3,0,4,1,0,0,2,18,0
0,1,0,15,6,4,1,2,4,0,0,0,3,39,0
5,4,1,15,6,4,4,1,4,1,0,0,3,39,1
1,4,1,11,5,4,1,1,4,1,0,0,3,39,0
4,5,0,7,7,2,3,0,4,1,0,0,3,39,1
1,4,1,11,5,2,4,0,4,1,0,0,5,39,0
1,4,0,9,8,4,1,1,2,1,0,0,1,39,0
1,4,2,9,8,4,10,1,4,0,0,0,1,39,0
4,6,2,14,9,0,10,4,4,1,1,0,6,39,1
1,4,2,11,5,4,7,3,4,1,0,0,4,39,0
4,4,1,15,6,2,12,0,4,1,0,0,5,39,1
2,7,0,11,5,4,8,4,2,0,0,0,3,39,0
4,4,4,9,8,2,8,0,4,1,0,0,3,8,0
5,2,0,9,8,0,4,1,4,1,0,0,3,39,0
2,4,1,11,5,0,6,3,4,0,0,0,3,39,0
0,4,0,15,6,4,1,3,4,0,0,3,3,39,0
3,1,0,9,8,2,4,0,4,1,0,0,5,39,1
2,4,1,11,5,2,3,0,4,1,0,0,5,39,0
2,4,0,12,8,4,4,1,4,0,1,0,3,39,1
6,4,0,5,2,6,8,1,4,0,0,0,4,39,0
2,4,0,7,7,2,4,5,4,0,0,0,3,39,0
2,4,0,11,5,2,5,5,4,0,0,0,3,39,0
0,4,1,0,3,4,5,3,4,1,0,0,2,39,0
0,4,0,9,8,4,10,3,4,1,0,0,4,39,0
5,4,1,0,3,2,14,0,4,1,0,0,3,39,0
1,4,0,7,7,4,13,1,4,0,0,0,3,39,0
5,6,0,15,6,2,4,0,4,1,0,0,5,39,1
2,4,0,11,5,2,12,0,4,1,0,0,4,39,0
1,4,1,11,5,0,1,4,4,0,0,0,5,39,0
3,4,0,11,5,2,10,0,4,1,0,0,4,0,1
3,6,0,12,8,4,4,1,4,0,0,0,5,39,0
5,2,0,9,8,6,10,1,4,0,0,0,3,39,1
6,2,0,2,4,6,4,1,4,1,0,0,4,39,0
5,4,1,15,6,6,8,1,4,0,0,0,3,39,0
4,6,0,11,5,2,5,0,4,1,0,0,8,39,0
2,4,1,8,6,2,5,0,4,1,0,0,4,39,0
3,2,1,15,6,0,13,1,4,0,0,0,3,39,0
1,4,1,15,6,2,6,0,4,1,0,0,2,39,0
0,4,1,15,6,4,8,3,4,0,0,0,1,39,0
1,4,2,11,5,2,6,0,4,1,0,0,3,39,0
2,4,0,11,5,0,12,4,4,0,0,0,2,2,0
0,4,3,15,6,4,1,3,4,0,0,0,2,39,0
1,4,0,9,8,4,4,1,4,0,0,0,3,39,0
2,4,0,1,4,0,8,4,4,0,0,0,1,39,0
2,4,0,5,2,2,5,0,4,1,0,0,6,39,0
2,4,2,15,6,2,3,0,4,1,0,0,3,39,0
2,4,0,14,9,4,10,1,4,0,0,0,5,39,1
4,4,0,12,8,2,4,0,4,1,0,4,5,12,1
5,4,0,15,6,0,12,1,4,0,0,0,4,39,0
4,5,1,15,6,0,4,1,4,1,0,0,3,39,0
1,4,1,9,8,4,13,4,2,0,0,0,3,39,0
1,0,1,11,5,4,0,3,2,1,0,0,3,39,0
1,4,1,15,6,0,8,3,2,1,0,0,3,39,0
1,6,1,11,5,2,3,0,4,1,0,0,3,39,1
4,4,1,11,5,2,1,0,4,1,0,0,5,39,1
4,4,1,15,6,2,3,0,4,1,0,0,3,39,1
4,4,1,11,5,0,1,4,4,0,0,0,3,39,0
0,4,1,15,6,4,3,1,4,1,0,0,3,39,0
4,6,2,0,3,2,5,0,4,1,0,0,6,39,0
0,4,2,15,6,2,13,0,4,1,0,0,4,39,0
4,6,1,7,7,4,12,1,4,0,0,3,0,39,0
0,1,2,9,8,4,10,1,4,1,0,3,4,39,0
3,1,0,11,5,2,1,0,4,1,0,0,3,39,1
2,4,1,15,6,0,4,1,4,0,0,0,4,39,0
1,4,0,15,6,4,4,1,4,1,0,0,3,39,0
2,4,1,15,6,4,1,1,4,0,0,0,3,39,0
4,4,1,15,6,2,7,0,4,1,0,0,3,39,0
3,4,2,8,6,2,10,0,4,1,0,4,4,39,1
0,4,3,11,5,4,12,3,2,1,0,0,3,39,0
2,4,1,8,6,4,3,4,4,1,0,0,3,39,0
1,4,0,11,5,4,3,3,4,1,0,0,3,39,0
3,4,1,11,5,2,3,0,4,1,0,0,6,39,1
1,2,0,12,8,4,10,3,1,1,0,0,3,36,0
3,4,0,12,8,2,4,0,4,1,0,0,3,39,1
5,6,0,15,6,0,12,4,4,0,0,0,4,39,0
3,4,1,9,8,4,4,1,4,1,0,0,3,39,1
0,4,0,15,6,4,1,1,1,1,0,0,3,0,0
1,4,1,11,5,2,8,0,4,1,0,0,3,39,0
3,4,2,11,5,0,6,1,4,1,0,0,1,39,0
6,4,1,4,1,2,3,0,4,1,0,0,3,8,0
0,0,1,1,4,4,0,3,4,0,0,0,2,39,0
2,5,1,10,9,2,10,0,4,1,0,0,6,39,0
0,4,0,15,6,4,6,3,4,0,0,0,1,39,0
3,6,1,11,5,2,5,0,4,1,1,0,6,39,1
0,4,0,11,5,4,8,3,4,1,0,0,2,39,0
1,4,1,11,5,2,12,0,4,1,0,0,6,39,0
2,4,1,0,3,4,10,1,4,1,0,5,9,39,1
3,6,0,9,8,2,3,0,4,1,0,0,3,39,1
3,4,2,11,5,6,7,4,2,0,0,0,3,39,0
5,4,1,11,5,2,7,5,4,0,0,0,3,39,1
0,4,0,11,5,4,6,3,4,1,0,0,3,39,0
0,4,1,15,6,4,8,3,4,1,0,0,2,39,0
3,4,1,11,5,2,3,0,4,1,0,0,3,39,0
7,4,1,11,5,6,12,2,4,0,0,0,1,39,0
5,4,0,14,9,2,10,0,4,1,0,0,7,11,1
3,4,0,9,8,2,1,0,4,1,0,0,3,39,0
4,4,1,11,5,0,9,1,4,0,0,0,1,39,0
6,2,0,12,8,4,4,2,4,0,1,0,7,39,1
1,4,0,7,7,4,4,3,2,0,0,0,3,39,0
2,4,1,11,5,0,3,4,4,1,0,0,4,39,0
0,4,1,11,5,4,12,3,4,0,0,0,3,39,0
0,4,0,1,4,4,6,3,4,1,0,0,1,39,0
2,4,0,4,1,2,8,0,1,1,0,0,3,0,0
3,5,1,11,5,2,4,0,4,1,0,0,7,39,0
6,0,0,5,2,6,0,1,2,1,0,0,0,39,0
2,4,0,9,8,0,3,4,4,0,0,0,2,39,0
7,2,2,11,5,6,1,1,4,0,0,0,1,39,0
3,4,2,15,6,2,1,0,4,1,0,0,3,39,0
2,4,0,11,5,2,4,0,4,1,0,0,3,39,1
0,2,2,11,5,4,1,3,4,1,0,0,3,39,0
2,4,1,11,5,2,3,0,4,1,0,0,3,39,0
0,4,2,15,6,4,8,3,4,0,0,0,3,39,0
0,4,1,4,1,4,7,2,4,0,0,0,3,26,0
5,4,2,6,2,6,8,4,2,0,0,0,3,39,0
6,6,0,15,6,6,4,1,4,1,0,0,3,39,0
3,5,0,9,8,2,4,0,4,1,0,0,3,39,1
1,1,0,15,6,2,4,0,4,1,0,0,3,39,1
3,4,1,12,8,2,4,0,4,1,0,0,5,39,1
1,0,0,15,6,2,0,5,4,0,0,4,3,39,1
3,4,0,15,6,0,1,4,4,0,0,0,3,39,0
3,4,0,15,6,2,3,0,4,1,0,0,3,39,0
2,4,2,7,7,4,1,1,4,0,0,0,3,39,0
3,4,1,1,4,2,8,0,2,1,0,0,6,39,0
1,4,1,11,5,4,12,3,2,1,0,0,2,39,0
1,6,1,11,5,2,3,0,4,1,0,0,3,39,0
4,4,1,15,6,2,3,0,4,1,0,0,4,39,1
6,4,1,9,8,2,4,0,4,1,0,0,3,39,1
1,4,2,11,5,2,3,0,4,1,0,0,3,39,0
3,4,1,9,8,2,4,0,4,1,0,0,3,39,1
0,4,0,9,8,4,12,3,1,1,0,0,5,39,0
1,4,1,11,5,2,14,0,4,1,0,0,6,39,0
2,4,0,11,5,4,12,1,4,1,0,0,4,39,0
4,1,1,15,6,0,10,1,2,0,0,0,3,39,0
3,4,0,11,5,0,7,1,2,1,0,0,3,39,0
0,4,2,15,6,2,3,0,4,1,0,0,5,39,0
5,5,1,15,6,2,12,5,4,0,0,0,6,2,1
1,0,1,11,5,4,0,3,4,1,0,0,2,39,0
5,1,0,9,8,3,4,1,4,0,0,0,3,39,0
3,4,2,11,5,0,3,1,4,1,0,0,3,39,0
1,4,0,15,6,4,1,1,2,0,0,0,3,39,0
1,4,2,11,5,4,14,1,4,1,0,0,6,39,0
1,7,1,11,5,4,10,1,4,1,0,0,3,39,0
2,4,3,15,6,2,4,0,4,1,0,0,5,39,1
3,4,1,11,5,2,8,0,4,1,0,4,3,39,1
1,4,1,1,4,4,6,3,4,1,0,0,3,39,0
7,0,1,11,5,2,0,0,4,1,0,0,3,5,0
3,4,1,11,5,0,11,1,2,1,0,0,3,39,0
2,4,0,11,5,2,14,0,4,1,0,0,9,39,1
0,4,1,1,4,4,8,3,4,0,0,0,1,39,0
4,2,0,12,8,2,10,0,4,1,0,0,4,39,0
0,4,3,11,5,4,8,1,2,1,0,0,8,39,0
7,7,0,11,5,2,11,0,4,1,0,0,3,39,0
0,4,0,11,5,4,8,3,4,0,0,0,3,39,0
2,4,1,11,5,3,8,4,4,0,0,0,2,39,0
0,4,1,9,8,2,13,0,4,1,0,0,5,39,0
1,4,1,15,6,2,3,0,4,1,0,0,3,39,1
3,4,1,11,5,2,3,0,1,1,0,0,3,36,0
2,4,1,11,5,2,7,0,4,1,0,0,4,39,0
3,4,1,11,5,4,8,3,4,0,0,0,3,39,0
1,4,0,6,2,4,8,3,4,1,0,0,2,39,0
4,4,1,15,6,2,10,0,4,1,0,0,4,39,1
2,5,1,15,6,0,4,1,4,1,0,0,6,39,0
3,5,0,9,8,2,4,0,4,1,9,0,4,39,1
3,6,1,15,6,4,3,1,4,1,0,0,3,39,1
2,2,1,11,5,0,1,4,4,0,0,0,3,39,0
0,4,1,11,5,2,9,5,4,0,0,0,3,39,0
2,4,0,15,6,2,1,5,4,0,0,0,4,39,1
0,4,1,11,5,4,5,3,4,1,0,0,3,39,0
0,4,1,9,8,4,4,3,4,1,0,0,2,39,0
3,6,1,11,5,4,3,3,2,0,0,0,1,39,0
1,7,1,9,8,4,10,1,4,1,0,0,1,39,0
3,4,1,2,4,2,7,0,1,1,0,0,3,0,0
0,4,1,15,6,4,7,3,4,1,0,0,3,39,0
5,4,1,15,6,2,3,0,4,1,0,0,3,39,0
3,4,1,11,5,5,3,4,4,1,0,0,3,39,0
3,4,1,9,8,2,13,5,4,0,0,0,1,39,1
3,4,2,11,5,5,14,1,4,1,0,0,3,39,0
3,7,1,9,8,4,1,1,4,1,0,0,3,39,0
4,4,0,9,8,2,4,0,4,1,1,0,5,39,1
0,4,3,0,3,4,8,3,4,1,0,0,0,39,0
0,4,1,0,3,4,6,2,3,1,0,0,3,39,0
3,4,0,9,8,2,1,0,1,1,0,0,3,39,1
2,4,1,1,4,4,1,1,4,0,0,0,3,39,0
0,4,0,15,6,2,14,0,4,1,0,0,2,39,0
0,2,2,11,5,2,11,0,2,1,0,0,2,33,0
1,0,3,8,6,4,0,4,4,0,0,0,3,39,0
3,6,1,15,6,2,6,0,4,1,0,0,5,39,1
3,4,1,9,8,2,7,0,4,1,0,4,3,39,1
1,4,1,11,5,2,14,0,4,1,0,0,5,39,0
2,4,1,11,5,4,12,1,4,0,0,0,3,39,0
1,6,0,8,6,2,12,0,4,1,0,0,6,11,0
6,4,1,5,2,2,3,0,4,1,0,0,3,39,0
1,7,0,12,8,4,4,1,4,0,0,0,3,39,0
3,4,1,15,6,2,13,0,2,1,0,0,3,39,0
3,4,1,9,8,2,10,0,4,1,0,0,4,39,1
2,4,0,15,6,4,1,4,1,0,0,0,3,39,0
2,5,0,15,6,2,14,0,4,1,0,0,5,39,1
4,2,1,12,8,2,4,0,4,1,0,0,4,39,1
2,4,1,15,6,2,10,0,4,1,0,0,3,39,0
2,2,1,9,8,4,11,1,2,1,0,0,3,39,0
0,4,1,15,6,4,1,3,4,1,0,0,3,39,0
2,4,0,15,6,4,1,1,4,0,0,0,3,39,0
1,7,1,11,5,2,11,0,4,1,0,0,3,39,0
2,4,0,2,4,2,14,0,4,1,0,0,3,39,0
2,4,0,15,6,2,3,0,4,1,0,0,4,39,0
3,4,1,11,5,2,3,0,4,1,0,0,3,39,1
3,7,1,9,8,2,4,0,4,1,0,0,3,39,1
6,4,1,15,6,2,1,5,4,0,0,0,3,39,1
1,4,0,8,6,2,7,0,4,1,0,0,3,39,0
4,1,0,15,6,2,1,0,4,1,0,0,3,39,0
3,6,0,15,6,4,3,3,4,1,0,0,1,39,0
0,4,0,8,6,4,1,4,2,0,0,0,3,39,0
2,4,0,11,5,2,3,0,4,1,0,0,5,39,1
3,4,1,15,6,0,12,1,4,1,0,0,4,39,0
3,4,1,9,8,0,4,3,4,0,0,0,3,39,0
1,4,0,9,8,4,6,3,4,1,0,0,3,39,0
4,4,1,11,5,2,8,0,4,1,0,0,3,39,0
7,2,1,15,6,2,8,0,4,1,0,0,3,39,0
2,4,0,9,8,2,4,0,4,1,0,0,3,39,1
1,4,0,10,9,4,10,1,4,0,0,0,2,39,0
4,4,2,5,2,2,3,0,2,1,0,0,6,39,1
3,4,1,12,8,4,10,1,4,0,0,0,3,39,0
2,4,1,11,5,2,4,0,4,1,0,0,3,39,1
2,4,1,15,6,2,1,0,4,1,0,0,5,39,0
3,2,2,7,7,0,10,1,4,1,0,0,5,39,0
0,7,0,11,5,2,13,0,4,1,0,0,3,39,0
3,4,1,15,6,2,4,5,4,0,0,0,3,8,1
3,6,1,9,8,4,12,1,4,1,0,0,4,39,0
0,4,1,15,6,4,1,3,3,0,0,0,1,5,0
2,4,1,11,5,4,6,3,4,1,0,0,3,39,0
2,4,1,9,8,0,10,1,4,1,0,0,3,39,0
1,4,2,2,4,2,10,0,4,1,0,0,4,0,0
4,4,1,11,5,3,3,1,4,1,0,0,3,39,0
0,6,1,15,6,4,8,3,4,0,0,0,3,26,0
3,4,1,15,6,2,4,5,4,0,0,0,6,39,0
3,2,1,15,6,4,1,1,4,0,0,0,4,39,0
0,0,1,15,6,4,0,3,4,1,0,0,3,39,0
2,4,1,15,6,4,4,1,4,0,0,0,3,39,0
6,6,1,11,5,2,12,0,4,1,0,0,0,39,0
0,4,0,0,3,4,6,3,4,1,0,0,3,39,0
3,6,0,11,5,2,5,0,4,1,0,0,6,39,0
1,4,1,11,5,2,7,0,1,1,0,0,3,25,0
3,2,0,11,5,0,10,4,1,0,0,0,3,39,0
2,4,0,8,6,0,3,1,4,1,0,0,3,39,0
0,4,1,15,6,4,6,3,4,1,0,0,3,39,0
4,4,0,11,5,4,4,2,4,0,0,0,3,39,0
4,4,0,15,6,0,10,4,4,0,0,0,1,39,0
6,4,1,15,6,0,1,4,4,0,0,0,3,0,0
5,4,0,11,5,0,1,4,4,0,0,3,3,39,0
3,4,0,11,5,4,14,4,4,1,0,0,7,39,0
3,4,0,11,5,2,1,5,4,0,0,0,5,2,1
2,4,2,4,1,5,8,4,4,0,0,0,3,26,0
0,4,1,15,6,4,12,3,4,0,0,0,2,39,0
3,6,0,9,8,0,12,4,4,1,0,0,4,39,0
4,6,0,11,5,2,3,0,4,1,0,0,2,39,0
1,4,3,6,2,2,7,0,4,1,0,0,4,39,0
1,4,2,2,4,2,7,2,3,1,0,0,3,26,0
2,2,0,15,6,2,11,0,4,1,0,0,3,39,1
2,2,0,11,5,4,3,1,4,1,0,0,3,39,0
1,4,0,11,5,2,7,0,4,1,0,0,3,39,0
1,4,1,15,6,4,5,1,4,0,0,0,3,39,0
2,4,1,11,5,0,14,1,4,1,0,0,6,39,0
0,4,2,9,8,4,7,1,4,1,0,0,6,39,0
5,2,0,11,5,0,1,4,4,0,0,0,3,39,0
1,4,1,9,8,2,10,0,4,1,0,3,4,39,0
3,4,0,11,5,2,1,0,4,1,0,0,3,39,1
2,4,0,11,5,4,8,3,2,0,0,0,3,23,0
3,4,1,10,9,2,10,0,4,1,0,0,3,39,1
5,4,1,4,1,2,12,0,4,1,0,0,5,39,0
4,4,0,12,8,2,12,0,4,1,0,0,4,39,0
1,4,0,9,8,4,10,1,1,0,0,0,3,30,0
6,4,1,13,0,6,9,2,4,0,0,0,3,13,0
0,4,1,7,7,4,1,1,4,0,0,0,1,39,0
0,4,1,8,6,4,4,4,1,1,0,0,3,35,0
1,7,0,12,8,2,1,0,4,1,0,0,3,39,0
0,4,1,15,6,4,12,3,4,0,0,0,2,39,0
5,4,1,5,2,6,8,4,4,0,0,0,1,0,0
3,4,0,15,6,0,12,4,4,1,0,0,5,39,1
3,4,1,8,6,2,4,0,4,1,0,0,3,39,0
6,4,1,9,8,2,10,0,4,1,0,4,3,39,1
4,4,2,14,9,2,10,0,1,1,9,0,5,36,1
4,4,1,9,8,2,10,0,4,1,0,0,3,39,1
1,7,0,11,5,4,11,2,1,1,0,0,3,39,0
3,4,1,12,8,0,4,1,4,0,0,0,5,39,1
3,4,0,15,6,4,14,4,2,0,0,0,3,39,0
3,4,1,7,7,2,12,0,4,1,0,0,3,39,1
1,4,1,9,8,4,12,1,4,0,0,0,3,39,0
6,4,1,1,4,2,11,0,4,1,0,0,3,39,1
3,4,1,15,6,4,8,1,4,1,0,0,4,39,0
0,0,0,15,6,4,0,3,4,0,0,0,2,39,0
3,2,1,15,6,2,11,0,4,1,0,0,3,39,1
0,4,0,9,8,4,1,3,4,0,0,0,6,39,0
1,4,2,9,8,4,10,1,4,0,0,0,3,39,1
1,4,0,11,5,4,7,1,4,0,0,0,3,39,0
0,0,1,8,6,4,0,3,1,1,0,0,1,39,0
4,4,1,15,6,2,1,5,2,0,0,0,4,39,1
4,0,3,11,5,2,0,0,4,1,0,0,6,39,0
3,4,1,11,5,0,3,3,4,1,0,0,3,39,0
7,4,0,5,2,6,14,1,4,1,0,0,0,39,0
4,2,1,9,8,2,11,0,4,1,0,0,4,39,1
4,4,0,11,5,2,12,5,2,0,0,0,3,39,0
5,0,0,15,6,0,0,1,4,0,0,0,3,39,0
7,4,0,5,2,2,8,0,4,1,0,0,1,39,0
5,4,0,0,3,2,8,0,4,1,0,0,3,39,0
1,4,0,15,6,2,14,0,4,1,0,0,3,39,0
7,4,2,5,2,2,6,0,4,1,0,0,2,39,0
0,4,3,7,7,2,1,5,4,0,0,0,3,39,0
0,4,1,2,4,4,1,2,2,1,0,0,4,0,0
1,5,1,15,6,4,12,1,4,1,0,0,4,39,0
3,4,0,15,6,0,1,3,4,1,1,0,3,39,1
1,4,1,15,6,2,7,0,4,1,0,0,3,39,0
2,4,1,8,6,2,1,5,2,0,0,0,4,39,1
2,4,0,15,6,2,3,0,4,1,0,0,3,39,1
5,4,1,11,5,0,4,4,4,0,0,0,3,39,0
4,4,2,4,1,2,12,5,4,0,0,0,1,8,0
1,2,1,9,8,0,10,2,4,0,0,0,3,39,0
2,7,1,11,5,4,8,3,2,1,0,0,4,39,0
4,7,0,15,6,2,5,0,4,1,0,0,3,39,0
0,0,0,15,6,2,0,0,4,1,0,0,0,39,0
2,2,0,15,6,2,8,0,4,1,0,0,3,39,0
1,4,1,11,5,2,3,0,4,1,0,0,3,26,0
1,4,0,15,6,2,3,0,4,1,0,0,5,11,1
3,6,0,11,5,0,14,1,4,1,0,0,5,39,0
4,2,0,5,2,2,14,0,4,1,0,0,3,39,0
2,5,1,11,5,2,4,0,4,1,0,4,3,39,0
5,5,0,5,2,2,7,0,4,1,0,0,3,39,1
0,4,1,7,7,2,8,5,4,0,0,0,3,33,0
1,4,1,9,8,2,12,0,4,1,0,0,4,39,1
0,4,3,11,5,4,12,2,2,0,0,0,3,39,0
3,1,1,12,8,2,4,0,4,1,0,0,6,39,1
1,4,1,0,3,4,8,1,4,1,0,0,3,39,0
0,4,0,11,5,4,6,1,4,1,0,0,1,39,0
1,6,1,11,5,4,8,1,4,0,0,0,2,39,0
4,4,1,15,6,2,14,0,4,1,0,0,4,39,1
0,4,3,11,5,2,12,3,2,1,0,0,3,39,0
2,6,1,11,5,4,8,1,4,0,0,0,6,39,0
7,4,0,3,0,6,9,1,2,0,0,0,1,39,0
2,0,0,5,2,0,0,1,4,0,0,0,3,39,0
1,4,1,1,4,2,4,0,4,1,0,0,3,39,0
1,5,0,8,6,2,5,0,4,1,0,0,5,39,0
2,4,1,11,5,2,7,0,4,1,0,0,3,39,0
4,1,1,15,6,4,1,1,4,1,0,0,3,39,0
3,4,2,8,6,2,13,0,1,1,0,0,3,30,0
0,4,1,1,4,4,6,3,4,1,0,0,0,39,0
0,4,1,15,6,4,11,3,4,0,0,0,2,39,0
4,5,1,15,6,2,4,0,4,1,0,0,5,39,1
1,4,0,0,3,4,8,4,4,0,0,0,1,39,0
0,2,0,9,8,4,10,1,4,0,0,0,3,39,0
3,4,2,11,5,4,8,1,4,1,0,0,0,20,0
3,7,1,9,8,0,1,1,4,1,0,0,3,39,0
2,4,2,15,6,2,6,0,4,1,0,0,3,26,0
3,4,1,11,5,0,4,1,4,0,0,0,3,39,0
4,4,2,11,5,2,1,0,4,1,0,0,3,39,0
2,2,1,1,4,5,7,1,2,1,0,0,3,39,0
5,4,1,15,6,2,3,0,4,1,0,0,3,4,0
5,6,1,11,5,0,8,1,4,1,0,0,5,39,0
3,4,0,0,3,2,7,0,4,1,0,0,3,39,0
1,4,0,15,6,2,6,0,4,1,0,0,1,39,0
4,4,1,5,2,0,3,1,4,1,0,0,6,39,0
3,2,1,14,9,2,4,0,4,1,0,0,5,39,1
4,1,0,11,5,2,14,0,4,1,0,0,8,39,0
2,4,1,8,6,2,10,0,4,1,0,0,4,39,1
2,4,0,7,7,2,3,0,4,1,0,0,4,39,0
7,4,2,14,9,2,10,0,4,1,0,0,0,39,0
3,6,0,14,9,2,10,0,4,1,0,0,6,39,1
4,7,0,12,8,0,10,1,4,0,0,0,3,39,0
3,4,1,11,5,4,12,1,4,0,0,0,3,39,0
3,4,2,9,8,0,12,1,4,1,0,0,4,39,1
5,4,0,7,7,2,13,0,4,1,0,0,3,39,1
4,4,0,11,5,2,3,0,4,1,0,0,3,39,0
3,6,1,11,5,2,14,0,4,1,0,0,3,39,0
1,4,1,8,6,0,4,1,4,1,0,0,3,39,0
3,6,0,11,5,2,12,0,4,1,0,0,5,39,1
1,7,0,9,8,3,1,1,4,1,0,0,3,39,0
1,4,0,11,5,4,14,2,3,1,0,0,3,6,0
0,4,1,9,8,4,9,1,4,0,0,0,3,10,0
2,4,0,9,8,2,10,5,4,0,0,0,3,39,1
4,4,1,0,3,2,12,0,4,1,0,4,3,39,1
4,4,1,15,6,2,4,0,4,1,0,0,5,39,1
0,4,1,11,5,2,4,5,4,0,0,0,3,39,0
0,4,0,11,5,4,8,1,4,0,0,0,2,39,0
0,0,1,15,6,4,0,3,2,1,0,3,1,39,0
2,6,0,11,5,0,14,1,4,1,0,0,6,39,0
3,4,1,15,6,2,8,0,4,1,0,3,4,39,0
1,4,1,11,5,4,1,3,4,0,0,0,3,39,0
3,6,0,11,5,2,4,0,4,1,0,0,3,39,0
5,4,1,11,5,2,3,0,4,1,0,0,3,39,0
5,2,1,15,6,0,4,4,2,0,0,0,3,39,0
3,2,0,9,8,2,10,0,4,1,0,0,3,39,0
2,4,0,11,5,2,7,5,4,0,0,0,3,39,0
3,4,1,12,8,2,4,0,4,1,0,0,3,39,1
0,4,2,15,6,4,1,2,4,0,0,0,3,39,0
0,6,1,1,4,2,14,0,4,1,0,0,6,39,1
4,4,0,0,3,5,7,4,2,0,0,0,3,39,0
4,1,0,11,5,2,1,0,2,1,0,0,3,39,0
4,4,0,5,2,0,7,1,4,0,0,0,6,39,0
2,4,1,15,6,2,4,0,4,1,0,0,6,39,1
3,4,0,9,8,2,3,0,4,1,0,0,3,39,1
3,6,1,11,5,2,4,0,4,1,0,0,3,39,0
1,4,2,15,6,4,13,1,4,0,0,0,3,39,0
5,0,0,0,3,0,0,1,4,0,0,0,3,9,0
5,4,1,11,5,2,3,0,4,1,0,0,3,39,0
0,4,1,15,6,4,8,3,4,0,0,0,3,39,0
0,2,1,15,6,0,6,1,2,1,0,0,5,39,0
3,4,0,11,5,2,5,0,0,1,0,0,3,39,0
4,0,0,8,6,2,0,0,4,1,0,0,3,39,1
3,2,0,11,5,2,11,0,4,1,0,0,9,39,0
1,4,3,11,5,4,1,1,4,0,0,0,3,39,0
2,4,1,9,8,4,8,1,4,1,0,0,4,39,0
2,4,1,11,5,0,1,4,4,0,0,0,3,26,0
1,4,0,15,6,4,8,1,4,1,0,0,2,39,0
0,4,0,15,6,4,8,3,4,1,0,0,2,39,0
1,4,0,9,8,2,4,0,4,1,0,0,6,39,1
1,4,0,11,5,4,1,4,4,0,0,0,3,39,0
3,4,1,11,5,0,9,1,4,0,0,0,3,13,0
2,4,0,8,6,0,1,4,4,0,0,0,3,39,0
4,2,1,12,8,2,4,0,4,1,0,0,6,39,1
3,4,0,8,6,0,12,4,4,0,0,0,3,39,0
0,7,1,15,6,4,1,3,4,0,0,0,3,39,0
4,0,2,11,5,2,0,0,4,1,0,0,3,39,0
5,0,1,12,8,2,0,0,4,1,0,0,3,39,0
1,4,3,0,3,2,8,0,2,1,0,0,3,39,0
0,0,1,2,4,2,0,2,4,0,1,0,3,39,1
4,4,1,15,6,0,6,4,2,0,0,0,3,39,0
2,4,1,1,4,2,6,0,4,1,0,0,4,39,1
8,4,0,9,8,2,4,0,4,1,0,0,5,39,1
2,1,0,9,8,2,10,0,4,1,0,0,3,39,1
1,4,0,15,6,4,1,3,4,0,0,0,3,39,0
3,7,1,12,8,2,10,0,4,1,0,0,3,39,0
4,4,1,11,5,4,1,1,4,0,0,0,3,39,0
4,2,0,9,8,2,10,5,4,0,0,0,2,39,0
4,4,1,8,6,2,6,0,4,1,0,0,3,39,0
2,1,2,12,8,2,10,0,4,1,0,0,4,39,1
1,4,1,11,5,4,3,1,4,1,0,0,7,39,0
1,0,1,15,6,4,0,3,4,1,0,0,1,39,0
4,7,1,10,9,4,4,1,4,0,0,5,5,39,1
5,4,2,11,5,2,6,0,4,1,0,0,3,39,1
0,4,0,9,8,4,7,3,4,0,0,3,3,39,0
0,4,0,11,5,4,6,3,4,1,0,0,3,39,0
1,4,0,15,6,4,13,3,4,0,0,0,2,39,0
2,4,0,11,5,2,14,0,4,1,0,4,3,39,0
0,4,1,11,5,2,8,5,4,0,0,0,2,39,0
6,6,2,11,5,2,5,0,4,1,0,0,3,39,0
0,4,1,11,5,5,3,3,4,1,0,0,5,39,0
0,0,1,15,6,4,0,3,4,1,0,0,3,39,0
3,6,2,15,6,0,5,4,4,1,0,0,3,39,0
1,4,0,7,7,2,13,0,4,1,0,0,3,39,0
0,4,0,15,6,4,12,3,2,0,0,0,1,39,0
3,2,2,11,5,2,14,5,4,0,0,0,3,39,1
5,4,1,15,6,5,8,1,4,1,0,0,2,4,0
2,4,1,15,6,2,12,0,4,1,0,0,3,39,0
3,4,1,11,5,2,8,0,2,1,0,0,3,39,1
4,7,0,11,5,2,1,0,4,1,1,0,3,39,1
2,4,2,14,9,2,4,0,4,1,0,0,5,0,0
2,5,0,14,9,2,10,0,1,1,0,0,3,39,1
0,4,0,12,8,2,10,0,1,1,0,4,5,19,1
2,2,1,8,6,5,1,3,2,0,0,0,3,39,0
5,4,1,9,8,2,10,0,4,1,0,4,6,39,1
5,4,1,15,6,0,1,4,4,0,0,0,3,39,0
4,2,1,11,5,0,13,4,4,1,0,0,3,39,1
3,4,0,12,8,4,4,1,4,1,1,0,5,39,1
0,4,1,15,6,0,12,3,4,0,0,0,4,20,0
3,4,1,8,6,2,12,0,4,1,0,0,3,39,1
4,4,0,11,5,2,13,0,4,1,0,0,3,39,1
3,4,1,14,9,4,4,1,4,0,0,0,3,5,0
1,4,0,15,6,2,8,5,4,0,0,0,3,39,0
4,7,1,9,8,4,4,1,4,0,0,0,3,39,0
2,4,0,7,7,2,10,0,4,1,0,4,4,39,0
4,4,0,11,5,0,1,1,4,0,0,0,3,39,0
2,2,2,15,6,2,13,0,4,1,0,0,3,39,1
3,2,2,15,6,0,1,4,2,0,0,0,3,39,0
4,2,2,9,8,2,4,0,4,1,0,0,6,26,1
0,4,1,9,8,2,10,0,4,1,0,0,2,39,0
2,4,2,11,5,2,1,0,4,1,0,0,3,39,0
7,2,1,11,5,2,4,0,4,1,0,0,3,39,0
3,4,0,15,6,4,10,1,2,1,0,0,3,39,1
3,7,1,11,5,2,1,5,4,0,0,0,3,39,0
0,4,1,11,5,4,10,1,4,1,0,0,3,39,0
0,7,0,15,6,4,13,3,4,0,0,0,0,39,0
7,2,1,15,6,6,1,1,4,0,0,0,1,39,0
1,6,1,15,6,2,3,0,4,1,0,0,5,39,1
3,4,2,11,5,2,13,0,2,1,0,0,3,39,1
4,4,0,11,5,2,12,0,4,1,1,0,6,39,1
2,4,1,9,8,0,12,1,4,0,0,0,3,39,0
5,4,0,8,6,0,8,1,4,1,0,0,1,39,0
4,4,0,7,7,2,3,0,4,1,0,0,4,39,0
5,4,1,9,8,2,1,0,4,1,0,0,3,26,0
3,2,0,15,6,0,4,1,4,0,0,0,3,39,0
3,4,3,9,8,4,10,1,4,1,0,0,3,39,0
1,4,1,12,8,4,4,3,4,0,0,0,3,39,0
3,4,1,11,5,0,7,1,4,0,0,0,3,39,0
3,4,1,11,5,2,3,0,3,1,0,0,3,39,0
2,4,1,15,6,4,12,3,2,0,0,0,3,39,0
0,4,1,15,6,4,8,3,4,0,0,0,2,39,0
3,2,1,13,0,4,6,3,4,0,0,0,2,39,0
3,7,1,15,6,5,10,4,2,0,0,0,3,39,0
2,4,1,11,5,2,14,0,4,1,0,0,2,39,0
3,6,2,15,6,2,5,0,4,1,0,0,8,39,0
5,0,1,11,5,2,0,0,4,1,0,0,2,39,1
5,4,1,11,5,2,7,0,4,1,0,0,2,22,0
1,4,0,11,5,4,1,4,4,1,0,4,4,39,0
0,4,0,11,5,4,6,3,4,1,0,0,3,39,0
0,4,0,11,5,4,6,2,2,1,0,0,3,39,0
2,4,0,11,5,4,7,2,4,1,0,0,3,39,0
4,6,1,14,9,2,10,0,4,1,1,0,6,39,1
4,1,0,7,7,2,4,0,4,1,0,0,6,39,0
8,6,1,11,5,2,8,0,4,1,0,0,3,39,0
3,1,0,15,6,2,1,0,4,1,0,0,5,39,0
3,1,1,11,5,2,1,0,4,1,0,0,3,39,0
3,4,1,7,7,0,10,1,4,0,0,0,4,39,0
5,2,1,6,2,2,8,0,4,1,0,0,3,39,0
0,4,0,1,4,4,12,3,4,1,0,0,1,39,0
2,5,1,12,8,2,4,0,4,1,0,0,7,39,1
3,4,1,12,8,4,13,1,4,0,0,0,3,39,0
1,6,1,8,6,4,8,1,4,0,0,0,3,39,0
0,4,0,15,6,4,14,3,4,1,0,0,5,39,0
6,0,1,12,8,6,0,1,4,1,0,0,0,39,0
5,4,0,9,8,4,8,1,4,0,0,0,5,39,0
3,2,0,12,8,0,10,1,4,0,0,0,5,39,1
6,0,1,9,8,0,0,1,4,0,0,0,3,39,0
1,4,0,4,1,4,5,1,4,1,0,0,3,26,0
4,4,2,11,5,2,12,0,4,1,0,0,3,39,1
0,4,0,9,8,4,12,1,4,1,0,0,3,39,0
3,4,1,15,6,4,3,1,4,0,0,0,3,39,0
0,4,2,11,5,4,3,3,4,1,0,0,3,39,0
3,4,0,11,5,2,3,0,4,1,0,0,3,39,0
1,4,1,15,6,2,12,0,4,1,0,0,3,39,0
4,4,1,11,5,0,7,1,4,0,0,0,3,39,0
0,4,1,8,6,4,13,3,4,0,0,0,2,39,0
2,4,0,11,5,2,12,5,4,0,0,0,4,39,0
2,4,0,15,6,0,1,3,4,0,0,0,3,39,0
1,4,1,15,6,4,12,4,4,0,0,0,2,39,0
5,6,0,15,6,2,14,0,4,1,0,0,9,39,0
2,6,1,1,4,0,4,1,4,1,0,0,5,39,0
0,6,0,15,6,4,3,1,4,0,0,0,3,39,0
3,4,1,15,6,2,6,0,4,1,0,0,5,39,0
3,4,0,11,5,2,1,5,4,0,0,0,3,39,1
7,6,0,6,2,2,5,0,4,1,0,0,2,39,0
1,4,1,8,6,4,7,4,4,1,0,0,4,39,0
1,4,1,11,5,4,3,1,4,0,0,0,3,39,0
6,4,1,2,4,2,12,0,4,1,0,0,3,39,1
1,4,1,15,6,4,8,2,3,0,0,0,2,7,0
1,2,1,15,6,2,8,0,4,1,0,0,3,39,0
2,4,1,9,8,4,12,4,2,1,0,0,4,0,0
1,1,0,0,3,2,8,5,0,0,0,0,3,39,0
5,4,2,7,7,2,1,0,4,1,0,0,3,39,1
3,4,1,8,6,0,7,1,4,1,0,0,3,39,0
0,4,1,9,8,4,12,1,4,0,0,0,4,39,0
0,4,1,11,5,4,1,3,4,0,0,0,3,39,0
1,1,2,11,5,5,1,2,2,1,0,0,3,39,0
0,4,2,11,5,2,3,0,4,1,0,0,5,39,0
3,7,1,11,5,2,10,5,4,0,0,0,3,39,1
3,4,0,15,6,0,10,4,4,0,0,0,3,39,0
1,4,0,11,5,4,7,3,4,1,0,0,4,39,0
1,4,3,1,4,2,7,0,4,1,0,0,3,39,0
1,4,1,9,8,2,10,0,4,1,0,0,3,39,0
1,2,1,9,8,4,10,3,4,1,0,0,3,39,0
6,6,1,11,5,2,5,0,4,1,0,0,3,39,0
3,7,0,15,6,2,1,0,4,1,0,0,3,39,0
3,4,0,3,0,2,5,0,4,1,0,0,3,26,0
0,0,1,1,4,4,0,3,4,1,0,0,2,39,0
2,4,1,11,5,0,9,4,2,0,0,0,2,39,0
3,4,0,0,3,0,8,1,2,0,0,0,3,6,0
0,4,1,15,6,4,5,3,4,1,0,0,3,39,0
3,2,1,12,8,2,4,5,0,0,0,0,5,39,1
5,4,2,11,5,2,4,0,4,1,0,0,3,39,1
1,4,1,11,5,4,1,1,4,1,0,0,6,39,0
3,7,1,11,5,2,3,0,4,1,0,0,3,39,0
1,4,1,9,8,4,3,1,4,1,0,0,4,39,1
0,4,1,11,5,4,1,4,4,0,0,0,3,39,0
0,4,1,7,7,4,1,1,4,0,0,0,0,39,0
4,4,1,9,8,2,1,0,1,1,0,0,3,0,1
6,4,1,12,8,0,12,1,4,1,0,0,2,39,0
1,4,1,15,6,4,13,1,4,0,0,0,3,39,0
2,4,1,15,6,4,3,4,4,1,0,0,7,26,0
5,4,0,9,8,2,4,0,3,1,0,3,3,19,0
3,4,1,12,8,4,10,1,4,0,0,0,3,39,0
3,5,0,14,9,2,10,0,4,1,0,0,3,39,1
0,4,1,15,6,4,8,3,4,0,0,0,1,39,0
1,4,1,9,8,4,4,1,4,1,0,3,5,39,0
4,4,0,11,5,0,7,1,4,0,0,0,5,39,0
0,4,1,2,4,2,6,3,4,1,0,0,3,39,0
4,4,0,11,5,0,8,4,4,0,0,0,3,39,0
5,4,1,11,5,6,8,1,4,0,0,0,3,22,0
3,4,1,9,8,0,4,4,2,0,0,0,6,39,0
6,4,1,6,2,0,5,1,2,1,0,0,1,39,0
2,4,0,15,6,4,8,1,4,1,0,0,3,39,0
3,4,0,15,6,2,3,0,4,1,0,0,6,39,0
2,1,0,9,8,4,4,4,1,1,0,0,3,1,0
2,4,1,7,7,2,12,0,2,1,0,4,5,39,1
4,5,1,14,9,2,10,0,4,1,9,0,5,39,1
5,4,1,3,0,5,9,2,4,0,0,0,3,26,0
2,4,3,11,5,2,14,0,2,1,0,0,5,39,1
3,4,2,12,8,4,10,1,4,0,0,0,5,39,1
1,4,0,11,5,4,7,3,1,1,0,0,3,30,0
1,4,1,12,8,4,10,1,2,1,0,0,3,39,0
0,4,2,2,4,2,3,0,4,1,0,0,3,39,0
1,4,1,15,6,2,6,0,4,1,0,0,3,39,0
4,6,1,11,5,2,5,0,4,1,0,3,9,39,0
1,4,1,15,6,4,12,1,4,1,0,0,2,39,0
3,4,1,11,5,5,4,1,4,0,0,0,4,39,0
4,2,1,9,8,5,10,1,4,1,0,0,3,39,1
4,4,1,12,8,2,4,0,4,1,0,0,4,39,1
4,4,1,11,5,0,8,4,4,1,0,0,3,4,0
3,4,0,7,7,0,3,1,4,1,0,5,7,39,1
3,1,1,10,9,5,10,4,2,0,0,0,2,39,1
5,4,0,11,5,2,12,0,4,1,0,0,3,39,0
7,0,1,11,5,6,0,1,4,0,0,0,1,39,0
1,4,1,15,6,4,8,1,4,1,0,0,3,39,0
2,4,0,12,8,2,10,0,3,1,0,0,3,20,1
1,4,0,15,6,4,8,3,2,0,0,0,5,39,0
6,4,0,12,8,6,10,1,4,0,0,0,3,39,1
1,4,1,11,5,4,1,1,4,0,0,0,3,39,0
2,4,1,11,5,2,12,0,4,1,0,3,5,39,0
4,4,0,15,6,0,4,1,4,0,0,0,3,39,0
4,6,2,11,5,4,12,1,4,1,0,0,3,39,0
3,4,0,0,3,2,3,0,4,1,0,0,4,39,0
2,4,0,14,9,4,12,1,4,0,1,0,5,39,1
4,4,0,11,5,2,12,0,4,1,0,0,3,39,1
2,1,0,15,6,4,4,1,4,1,0,0,3,39,0
3,7,0,11,5,0,1,2,4,0,0,0,3,39,0
3,5,0,7,7,2,4,0,4,1,0,0,5,39,1
0,4,2,11,5,4,6,3,4,1,0,0,2,39,0
2,4,1,8,6,4,1,1,4,0,0,0,3,39,0
5,4,1,11,5,2,4,0,4,1,0,4,5,39,1
3,4,1,15,6,2,3,0,4,1,0,0,5,39,1
2,7,0,15,6,0,4,1,4,0,0,0,3,39,0
1,4,1,9,8,2,1,0,4,1,0,0,4,39,0
2,4,2,10,9,2,13,5,4,0,0,0,1,0,0
4,1,1,15,6,2,6,0,4,1,0,0,3,39,1
1,4,1,14,9,0,10,4,4,1,0,0,5,39,0
3,4,1,13,0,3,1,3,4,1,0,0,3,39,0
7,7,2,9,8,4,4,1,4,1,0,0,3,39,0
0,4,0,15,6,4,1,2,4,0,0,0,1,39,0
1,4,0,15,6,4,8,1,4,0,0,0,4,39,1
5,4,0,10,9,2,10,0,4,1,1,0,4,39,1
4,0,0,5,2,2,0,0,4,1,0,0,3,39,0
4,4,0,11,5,2,3,0,4,1,0,0,3,39,0
6,4,2,15,6,2,4,0,4,1,0,3,3,39,0
6,5,1,15,6,2,4,0,4,1,2,0,1,39,1
1,6,1,15,6,2,3,0,4,1,0,0,6,39,0
5,4,0,11,5,6,8,1,4,0,0,0,0,39,0
6,4,1,11,5,2,14,0,4,1,0,0,1,39,0
2,4,1,8,6,2,7,0,4,1,0,0,5,39,0
3,4,1,11,5,0,7,3,4,0,0,0,3,5,0
5,4,1,11,5,2,7,0,4,1,0,0,3,39,1
1,4,2,6,2,0,7,4,2,0,0,0,3,39,0
3,4,0,11,5,0,8,4,2,0,0,0,3,39,0
4,7,1,11,5,2,3,0,4,1,0,0,5,39,1
0,4,1,11,5,0,6,3,4,1,0,0,4,39,0
3,4,0,15,6,2,3,0,4,1,0,0,3,39,0
1,4,1,9,8,0,6,3,2,1,0,0,3,39,0
3,4,0,9,8,2,1,0,1,1,0,0,3,40,0
1,5,0,11,5,0,4,1,4,1,0,0,3,39,0
5,4,0,11,5,2,12,0,4,1,0,0,3,39,0
0,0,1,7,7,4,0,1,4,1,0,0,3,39,0
0,4,1,11,5,4,7,1,4,1,0,0,3,39,0
2,4,1,12,8,2,10,0,4,1,0,0,3,39,1
3,4,2,11,5,4,1,1,4,1,0,0,3,39,0
6,4,1,11,5,2,4,0,4,1,0,0,3,39,1
0,4,0,11,5,4,1,3,4,1,0,0,2,39,0
1,7,0,15,6,2,4,0,4,1,0,0,1,39,0
2,0,1,11,5,0,0,4,4,0,0,0,1,39,0
0,0,0,1,4,4,0,3,4,0,0,0,1,39,0
1,4,0,11,5,2,3,0,4,1,0,0,3,39,0
5,4,1,9,8,2,13,0,4,1,0,0,5,39,1
3,4,1,1,4,4,10,4,4,0,0,0,2,33,0
1,4,0,5,2,4,1,3,4,1,0,0,3,32,0
5,1,0,9,8,2,1,0,4,1,0,0,3,39,1
4,4,1,11,5,2,3,0,4,1,0,0,3,39,0
0,4,1,15,6,4,8,3,4,0,0,0,3,39,0
4,4,0,11,5,2,13,0,4,1,0,0,3,39,1
7,0,0,15,6,6,0,1,4,0,0,0,1,2,0
0,0,2,11,5,2,0,0,4,1,0,0,3,39,0
1,4,1,8,6,2,8,0,4,1,0,0,6,39,0
3,4,0,11,5,2,3,0,4,1,0,0,3,39,1
4,1,0,9,8,2,10,0,4,1,0,0,3,39,1
2,0,2,11,5,4,0,4,2,0,0,0,3,39,0
3,0,1,0,3,6,0,4,4,0,0,0,1,39,0
9,4,2,9,8,4,10,3,4,0,0,0,0,39,0
0,4,1,0,3,4,12,1,4,1,0,0,4,8,0
3,4,1,11,5,4,7,1,4,1,0,0,3,39,0
0,4,0,15,6,4,8,3,2,1,0,0,3,0,0
3,4,0,9,8,0,4,1,4,1,0,0,4,39,1
3,4,0,4,1,2,8,0,3,1,0,0,3,26,0
3,6,0,8,6,2,10,5,4,0,0,0,1,39,1
2,2,1,15,6,2,14,0,4,1,0,0,3,39,0
1,4,0,11,5,2,1,5,4,0,0,0,3,39,1
0,4,0,0,3,2,3,0,4,1,0,0,3,32,0
0,4,1,11,5,0,12,2,4,0,0,0,3,39,0
3,4,0,9,8,2,13,0,4,1,0,0,3,39,1
1,4,1,15,6,0,1,1,4,0,0,0,3,39,0
0,0,1,11,5,4,0,3,2,1,0,0,3,39,0
6,6,0,5,2,2,3,0,4,1,0,0,3,39,0
4,4,1,15,6,2,12,0,4,1,0,0,8,39,1
0,0,1,11,5,4,0,3,2,0,0,0,2,39,0
2,4,0,9,8,2,12,0,4,1,0,0,4,39,0
1,7,1,14,9,4,10,1,1,1,0,0,5,19,0
3,4,1,11,5,0,12,1,4,0,0,0,3,39,0
2,4,2,15,6,4,12,1,4,0,0,0,3,39,0
0,4,0,2,4,4,14,1,4,1,0,0,4,39,0
3,6,2,11,5,2,5,0,4,1,0,0,1,39,0
0,4,1,11,5,4,6,3,2,1,0,0,3,39,0
0,0,2,15,6,4,0,1,4,1,0,0,3,39,0
3,4,1,15,6,4,6,1,4,1,0,0,3,39,0
3,4,1,15,6,2,7,0,4,1,0,0,4,39,1
4,6,0,14,9,2,10,0,4,1,9,0,4,39,1
0,4,1,15,6,4,5,3,4,0,0,0,3,39,0
3,1,1,11,5,0,1,4,4,0,0,0,2,39,0
2,4,0,9,8,2,4,0,4,1,0,0,4,39,0
5,4,1,9,8,2,4,0,4,1,1,0,4,39,1
1,4,0,11,5,2,7,0,1,1,0,0,3,40,1
1,4,1,0,3,4,3,1,4,1,0,0,3,26,0
6,7,0,7,7,6,10,1,4,0,0,0,3,39,0
4,1,0,12,8,2,13,0,4,1,0,0,3,39,1
2,7,1,11,5,2,3,0,4,1,0,3,3,39,1
1,4,0,11,5,4,6,3,4,1,0,0,3,39,0
0,4,2,9,8,4,1,1,4,0,0,0,6,39,0
2,4,4,2,4,0,7,4,2,0,0,0,3,39,0
2,4,4,11,5,4,4,1,4,0,0,0,3,39,0
5,4,1,9,8,2,13,0,4,1,0,0,4,39,1
3,2,1,15,6,2,4,0,4,1,0,3,3,39,1
0,4,1,7,7,2,3,0,4,1,0,0,3,39,0
3,4,1,15,6,0,13,1,4,0,0,0,5,39,0
4,4,1,5,2,2,4,0,4,1,0,0,3,39,1
0,0,0,15,6,4,0,3,4,0,0,0,0,39,0
4,4,1,9,8,2,3,0,4,1,0,0,3,39,1
5,6,1,11,5,2,14,0,4,1,0,0,7,39,0
1,4,1,15,6,4,3,1,4,1,0,0,4,39,0
0,4,1,15,6,4,8,3,2,1,0,0,3,39,0
5,6,0,6,2,2,5,0,4,1,0,0,2,39,0
0,4,0,1,4,4,6,3,4,1,0,0,1,0,0
0,4,1,15,6,4,8,2,4,1,0,0,2,39,0
2,4,0,8,6,0,12,1,4,1,0,0,4,39,1
1,4,2,11,5,4,6,1,4,1,0,0,5,11,0
1,4,1,11,5,0,12,4,4,0,0,0,3,39,0
2,4,0,7,7,0,7,4,0,0,0,0,3,39,0
6,0,2,1,4,6,0,1,2,0,0,0,3,39,0
4,4,2,11,5,0,1,4,4,0,0,0,3,9,0
1,4,0,9,8,2,12,0,4,1,0,0,3,26,1
2,4,0,9,8,4,4,1,4,0,0,0,3,39,0
3,7,1,12,8,2,10,5,1,0,0,0,3,3,1
6,0,1,11,5,2,0,0,4,1,0,4,3,39,1
2,4,1,11,5,2,1,0,4,1,0,0,4,39,0
1,4,0,8,6,4,6,3,4,1,0,0,4,39,0
1,4,0,7,7,2,13,0,4,1,0,4,7,39,1
0,4,0,15,6,4,12,3,4,1,0,0,2,39,0
4,4,1,15,6,2,4,0,4,1,1,0,5,2,1
4,4,0,9,8,4,1,1,4,1,0,0,6,39,0
0,4,0,9,8,4,12,3,4,0,0,0,3,39,0
1,4,1,15,6,2,3,0,4,1,0,3,3,39,0
6,4,1,9,8,2,10,0,4,1,1,0,4,39,1
2,4,0,11,5,0,1,4,4,0,0,0,3,39,0
0,0,1,15,6,4,0,1,4,0,0,0,3,39,0
3,4,0,15,6,4,1,3,4,0,0,0,3,39,0
1,4,1,15,6,4,8,4,2,0,0,0,3,39,0
1,4,0,7,7,4,1,1,4,1,0,0,3,39,0
2,4,1,15,6,2,7,0,4,1,0,0,3,39,0
3,5,0,11,5,2,12,0,4,1,0,0,5,39,1
2,4,2,11,5,5,1,1,4,1,0,0,3,39,1
2,4,1,11,5,0,14,1,4,1,0,0,4,39,1
2,4,1,11,5,2,3,0,4,1,0,0,3,39,1
3,2,0,7,7,2,11,0,4,1,0,0,3,39,0
2,4,0,15,6,2,4,0,4,1,0,0,4,39,1
3,4,0,11,5,2,3,0,4,1,0,4,6,39,0
4,4,0,15,6,4,10,1,4,1,0,0,3,39,0
4,4,0,15,6,0,1,4,4,0,0,0,3,39,0
0,4,1,2,4,4,1,3,4,0,0,0,2,39,0
0,4,1,15,6,2,3,0,4,1,0,0,6,39,0
3,6,2,9,8,5,3,1,4,1,0,0,3,39,0
1,4,1,11,5,4,8,1,4,1,0,0,3,39,0
3,4,0,11,5,4,1,1,4,0,0,0,4,39,0
0,4,0,15,6,4,14,3,4,0,0,0,2,39,0
1,4,0,11,5,4,8,1,4,0,0,0,5,39,1
4,4,0,5,2,4,7,1,2,0,0,0,3,39,0
3,5,1,9,8,2,12,0,4,1,0,0,6,39,1
3,4,2,11,5,0,7,1,2,1,0,0,3,39,0
3,4,5,11,5,2,6,5,4,0,0,0,2,39,0
3,4,0,7,7,2,1,5,2,0,0,0,3,39,1
2,4,0,11,5,2,3,0,4,1,0,0,7,39,0
6,4,1,11,5,6,1,4,4,0,0,0,2,39,0
0,0,0,15,6,4,0,1,4,0,0,0,2,39,0
1,4,1,15,6,4,14,1,2,1,0,0,7,39,0
1,4,1,1,4,0,3,4,4,0,0,0,5,39,0
4,4,0,11,5,2,4,5,4,0,0,0,4,39,0
2,4,1,11,5,5,8,1,2,1,0,0,3,39,0
2,4,2,14,9,2,10,0,4,1,0,0,6,39,0
0,4,0,11,5,4,1,3,1,0,0,0,3,40,0
0,4,4,11,5,4,3,3,4,1,0,0,3,8,0
1,4,0,15,6,1,11,0,4,1,0,0,3,39,0
4,4,1,11,5,0,12,1,4,1,0,0,6,39,0
4,2,0,11,5,2,8,0,4,1,0,0,3,39,0
5,6,0,11,5,2,5,0,4,1,0,0,5,39,0
2,6,1,5,2,2,5,0,4,1,0,0,7,39,0
5,4,0,9,8,0,1,4,4,0,0,0,3,39,0
3,1,2,9,8,4,4,1,4,0,0,0,3,39,0
3,1,1,15,6,5,1,4,4,0,0,0,3,39,0
1,4,1,9,8,2,10,0,4,1,0,0,3,39,0
5,4,0,11,5,2,12,0,4,1,0,0,5,39,1
5,5,2,11,5,2,4,0,4,1,0,0,3,39,0
4,1,1,12,8,6,12,4,4,1,0,0,5,8,1
3,4,2,4,1,2,8,0,4,1,0,0,3,26,0
3,5,1,11,5,2,12,0,4,1,0,0,3,39,1
0,4,1,1,4,4,12,3,4,0,0,0,0,39,0
2,4,0,9,8,4,4,1,4,1,1,0,4,39,1
0,0,2,1,4,4,0,3,4,1,0,0,1,39,0
2,4,0,7,7,4,1,3,4,1,0,0,2,39,0
3,4,0,8,6,0,12,4,4,0,0,0,3,39,0
4,4,1,11,5,0,1,1,4,0,0,0,3,39,0
1,4,1,11,5,4,1,4,2,0,0,0,3,39,0
2,6,2,11,5,2,3,0,4,1,0,0,3,39,0
0,4,1,15,6,4,12,3,0,0,0,3,2,39,0
2,4,1,11,5,2,1,0,4,1,0,0,3,39,0
1,6,1,15,6,4,7,3,4,1,0,0,3,39,0
1,4,1,6,2,4,7,2,4,1,0,0,4,26,0
0,6,2,15,6,4,10,1,1,1,0,0,3,39,0
1,4,1,0,3,2,3,0,4,1,0,0,3,39,0
1,2,1,5,2,2,14,0,4,1,0,0,3,39,0
6,6,1,11,5,2,8,5,2,0,0,0,1,39,0
3,4,0,15,6,0,1,1,4,0,0,0,3,39,0
2,4,2,15,6,4,3,1,2,1,0,0,2,39,0
1,4,0,7,7,2,10,0,4,1,0,0,3,39,0
6,4,0,8,6,6,10,1,4,0,0,0,3,39,0
4,4,1,15,6,2,12,0,4,1,0,0,3,39,1
3,4,1,11,5,2,1,3,4,1,0,0,3,39,0
6,4,1,11,5,2,8,0,4,1,0,0,1,39,0
1,7,2,7,7,4,4,1,4,0,0,0,5,39,0
4,4,1,9,8,2,10,0,4,1,0,3,3,39,1
1,4,1,11,5,2,8,0,3,1,0,0,3,39,0
2,4,0,0,3,2,7,3,4,0,0,0,3,39,0
1,4,2,6,2,4,9,4,4,0,0,0,2,26,0
3,4,1,1,4,2,3,0,4,1,0,0,3,39,0
2,2,0,13,0,4,1,3,2,0,0,0,2,39,0
7,0,0,15,6,6,0,4,1,0,0,0,0,39,0
3,4,1,9,8,2,10,0,4,1,0,0,5,39,1
0,4,0,11,5,4,6,3,4,1,0,0,1,39,0
0,4,0,11,5,4,8,1,4,1,0,0,2,39,0
5,4,2,12,8,2,4,0,4,1,0,4,6,39,1
0,4,0,15,6,4,12,3,4,0,0,0,3,39,0
2,4,1,11,5,4,3,1,4,0,0,0,3,39,0
0,4,1,11,5,4,5,2,4,1,0,0,5,39,0
0,4,0,2,4,4,12,3,4,1,0,0,3,39,0
5,7,0,12,8,2,4,0,4,1,0,0,5,39,1
2,4,2,11,5,3,12,1,4,1,0,0,1,39,0
0,4,1,0,3,4,14,1,0,1,0,0,8,39,0
1,4,1,1,4,4,6,2,2,1,0,0,3,39,0
0,4,0,15,6,4,8,1,4,0,0,0,2,39,0
3,4,1,11,5,2,6,0,4,1,0,0,6,39,0
0,4,0,11,5,4,7,3,4,1,0,0,3,39,0
0,4,1,11,5,4,12,3,4,0,0,0,2,39,0
1,4,2,0,3,2,13,0,4,1,0,0,3,39,1
3,4,3,15,6,0,5,1,4,0,0,0,3,39,0
5,6,0,15,6,5,12,1,4,1,0,0,3,39,0
4,6,1,9,8,2,12,0,4,1,0,0,5,39,0
2,4,1,12,8,2,4,0,4,1,0,0,5,39,1
5,7,0,9,8,0,4,1,4,0,0,0,3,39,0
2,7,2,0,3,2,8,0,4,1,0,0,3,39,0
4,4,2,0,3,2,12,0,4,1,0,0,7,39,0
4,4,1,6,2,4,8,4,4,0,0,0,5,39,0
4,4,1,6,2,2,8,0,4,1,0,0,3,6,0
7,6,0,5,2,2,12,0,4,1,0,0,5,39,0
1,4,0,11,5,4,8,1,4,1,0,0,5,39,0
1,7,0,15,6,4,8,3,4,0,0,0,3,39,0
1,4,1,11,5,4,1,1,2,0,0,0,3,39,0
1,6,0,11,5,2,3,0,4,1,0,0,3,39,0
6,0,0,11,5,6,0,1,4,0,0,0,0,39,0
2,4,0,11,5,2,4,5,4,0,0,0,3,39,0
3,6,1,9,8,2,10,0,4,1,0,0,5,39,0
0,4,1,11,5,2,1,0,4,1,0,0,3,39,0
1,4,0,8,6,4,1,1,4,0,0,0,4,39,0
5,0,2,11,5,2,0,0,4,1,0,0,4,39,1
2,4,1,9,8,2,10,0,3,1,0,0,3,7,0
6,2,0,11,5,2,3,0,4,1,0,0,9,39,0
4,4,1,8,6,2,1,0,4,1,0,0,3,39,0
1,4,0,11,5,4,8,3,4,0,0,0,3,39,0
0,7,0,15,6,4,1,3,4,0,0,0,0,39,0
2,4,1,9,8,0,10,4,4,0,0,0,3,39,1
1,6,1,11,5,4,5,1,4,1,0,0,5,39,0
5,4,1,0,3,2,8,0,4,1,0,0,3,39,0
1,4,2,13,0,4,8,2,4,0,0,0,3,26,0
2,4,1,12,8,2,10,0,1,1,0,0,4,19,1
1,2,1,9,8,4,11,1,4,1,0,0,5,39,0
4,4,0,11,5,5,12,4,4,1,0,0,5,39,0
2,4,1,15,6,0,1,1,4,0,0,0,3,39,0
3,4,0,9,8,2,4,0,4,1,0,0,3,39,0
6,4,0,4,1,2,5,0,1,1,0,0,3,30,0
4,2,0,12,8,0,4,1,4,0,0,0,3,39,0
4,4,0,11,5,0,3,1,4,1,0,0,3,39,0
5,0,2,15,6,0,0,1,4,0,0,0,3,39,0
1,4,1,4,1,4,8,2,4,0,0,0,3,8,0
4,4,1,9,8,0,12,2,4,0,0,0,3,39,0
1,4,1,11,5,4,12,1,4,0,0,0,2,39,0
2,7,2,8,6,2,10,0,4,1,0,0,3,39,0
1,4,1,15,6,4,7,1,4,1,0,0,3,39,0
6,0,1,12,8,2,0,0,4,1,0,0,2,39,0
0,4,1,11,5,4,7,3,4,1,0,0,3,39,0
0,4,0,15,6,4,7,3,4,1,0,0,3,0,0
2,4,1,11,5,2,7,0,4,1,0,0,6,39,1
3,4,0,12,8,2,10,0,4,1,0,0,3,0,1
2,6,0,15,6,2,4,0,4,1,0,0,5,39,0
0,4,1,1,4,4,3,4,4,1,0,0,3,39,0
1,4,1,11,5,0,7,1,4,1,0,0,3,39,0
2,4,0,6,2,2,7,0,4,1,0,0,5,39,1
0,4,0,11,5,4,5,3,4,1,0,0,3,39,0
1,4,1,9,8,2,4,0,4,1,0,0,3,39,1
4,4,4,12,8,0,13,1,4,1,0,0,3,39,0
4,2,1,12,8,0,10,4,4,0,0,0,4,39,0
0,4,1,11,5,4,8,3,4,0,0,0,1,39,0
4,4,1,15,6,0,8,3,4,0,0,0,4,39,0
0,4,1,15,6,4,8,3,4,1,0,0,2,39,0
1,4,1,6,2,4,14,2,4,1,0,0,3,39,0
4,5,1,14,9,2,10,0,4,1,9,0,3,39,1
2,4,1,15,6,2,7,0,1,1,0,0,3,30,0
0,4,1,0,3,4,6,4,4,1,0,0,5,39,0
0,4,0,0,3,4,8,2,4,0,0,0,2,39,0
5,4,2,11,5,2,1,0,4,1,0,0,1,39,0
5,4,2,9,8,2,11,0,4,1,0,0,3,39,1
5,2,2,2,4,2,5,0,4,1,0,0,3,39,0
3,4,0,15,6,2,12,0,4,1,0,0,3,39,1
3,4,0,9,8,0,4,4,4,0,0,0,4,39,0
5,4,1,15,6,2,14,0,4,1,0,0,3,39,1
2,4,1,2,4,2,3,0,4,1,0,0,3,39,1
3,4,0,8,6,4,3,1,4,1,0,0,2,39,0
4,4,0,1,4,2,14,0,4,1,0,0,7,39,0
1,4,0,1,4,4,7,4,4,0,0,0,1,39,0
4,7,0,9,8,3,10,1,4,1,0,0,3,39,0
1,0,1,15,6,4,0,4,2,0,0,0,3,39,0
0,4,0,11,5,4,1,3,1,1,0,0,3,39,0
7,0,1,3,0,2,0,0,2,1,0,0,3,39,0
1,5,1,9,8,4,4,1,4,1,0,0,3,39,0
2,4,1,6,2,2,14,0,4,1,0,0,6,39,0
4,4,2,11,5,2,3,0,4,1,0,0,3,39,0
3,1,0,9,8,4,1,1,4,1,0,0,4,39,0
0,4,1,9,8,4,10,1,4,0,0,0,3,39,1
1,4,1,9,8,4,13,3,4,0,0,0,3,39,0
2,4,0,15,6,4,12,1,4,1,0,0,6,39,0
0,4,1,11,5,4,7,2,4,1,0,0,3,39,0
4,6,3,9,8,0,12,1,4,1,0,0,5,39,0
5,5,1,14,9,2,10,0,4,1,9,0,6,39,1
4,4,0,11,5,2,3,0,4,1,0,0,3,39,1
1,6,1,7,7,4,3,1,4,1,0,0,3,39,0
2,4,1,9,8,2,10,0,4,1,0,0,3,39,1
4,4,1,12,8,5,4,1,4,1,9,0,5,39,1
2,6,0,11,5,4,5,3,4,1,0,0,8,39,0
0,4,1,11,5,4,6,3,4,1,0,0,2,39,0
1,4,1,9,8,6,10,4,4,0,0,0,5,39,1
2,4,0,15,6,2,12,0,4,1,0,0,3,39,0
2,2,1,15,6,2,8,0,4,1,0,0,3,39,0
0,4,0,5,2,2,3,0,4,1,0,0,9,39,0
1,4,0,15,6,4,1,1,4,0,0,0,3,39,0
3,4,0,12,8,2,4,0,4,1,0,0,5,39,1
3,4,0,11,5,2,3,0,2,1,0,0,4,39,1
1,4,1,15,6,4,4,3,2,1,0,0,3,39,0
0,4,2,11,5,2,1,5,4,0,0,0,3,39,0
4,1,0,9,8,6,1,1,4,0,0,0,3,39,0
0,4,2,15,6,4,12,3,2,0,0,0,2,39,0
2,4,0,11,5,2,3,0,4,1,0,0,3,39,0
5,4,2,6,2,2,8,0,4,1,0,0,2,39,0
2,4,0,15,6,2,3,0,4,1,0,3,3,39,0
1,4,0,11,5,4,8,3,2,0,0,0,3,39,0
0,4,2,15,6,0,4,4,4,0,0,0,2,39,0
2,0,0,9,8,4,0,1,2,1,0,0,4,0,0
2,6,1,11,5,2,3,0,4,1,0,0,3,39,1
3,4,1,6,2,2,3,0,4,1,0,0,3,39,0
5,4,0,11,5,2,4,0,4,1,0,0,3,39,0
2,4,1,11,5,5,3,3,4,1,0,0,3,39,0
6,4,1,11,5,2,13,0,1,1,0,0,6,30,1
1,6,2,7,7,4,10,1,4,0,0,0,7,39,0
0,0,0,15,6,4,0,2,1,1,0,0,0,40,0
2,2,1,11,5,4,8,4,2,0,0,0,3,39,0
0,0,2,0,3,4,0,3,4,1,0,0,3,39,0
0,4,0,8,6,4,8,3,4,1,0,0,2,39,0
1,4,1,11,5,4,10,1,4,1,0,0,4,39,0
3,4,0,9,8,4,3,1,4,1,0,0,3,39,0
1,4,1,15,6,4,4,1,2,0,0,0,4,23,0
6,4,2,15,6,2,11,0,4,1,0,0,3,39,0
3,6,0,11,5,2,3,0,4,1,0,0,2,39,0
3,4,1,11,5,4,3,1,2,1,0,0,3,39,0
0,2,1,9,8,2,11,0,4,1,0,0,4,39,0
0,4,2,15,6,4,6,1,4,1,0,0,3,39,0
2,4,2,7,7,0,4,1,4,1,0,0,4,39,0
4,4,1,5,2,2,3,0,4,1,0,0,3,39,0
0,2,2,15,6,4,1,1,4,1,0,0,2,39,0
5,4,1,15,6,2,3,0,4,1,1,0,5,39,1
0,4,0,15,6,4,12,2,4,1,0,0,1,39,0
3,5,0,15,6,2,5,0,4,1,0,0,5,39,1
4,4,0,1,4,0,14,3,4,1,0,0,3,39,0
1,2,2,7,7,2,11,0,4,1,0,0,4,39,0
5,1,1,9,8,0,10,4,4,1,0,0,3,39,0
3,4,0,11,5,2,7,5,2,0,0,0,2,38,0
4,4,0,11,5,2,3,0,4,1,0,0,3,39,0
2,7,0,11,5,0,1,4,4,0,0,0,3,39,0
3,4,1,2,4,0,14,1,4,0,0,0,3,39,0
2,2,0,12,8,2,10,5,4,0,0,0,3,39,1
3,2,0,9,8,0,14,1,4,1,0,0,3,39,0
5,0,2,9,8,3,0,4,2,0,0,0,1,39,0
6,0,0,1,4,0,0,1,1,0,0,0,1,39,0
6,4,0,15,6,5,1,1,4,0,0,0,3,39,0
2,6,0,8,6,4,8,3,4,0,0,0,3,39,0
4,6,0,0,3,2,3,0,4,1,0,0,3,39,0
6,4,1,0,3,6,6,1,4,0,0,0,3,39,0
0,4,0,11,5,4,9,1,4,0,0,0,4,39,0
3,4,0,11,5,0,9,2,2,0,0,0,3,39,0
3,0,2,9,8,0,0,1,4,0,0,0,0,39,0
4,1,1,11,5,2,14,0,4,1,0,3,5,39,0
6,4,2,11,5,6,12,1,4,0,0,0,1,39,0
0,4,0,15,6,4,8,1,4,1,0,0,2,39,0
2,4,1,6,2,0,6,1,4,1,0,0,5,39,0
5,4,1,15,6,2,3,0,4,1,0,0,3,39,1
1,0,2,11,5,2,0,0,2,1,0,0,3,39,0
4,2,1,15,6,2,11,0,4,1,0,0,4,39,1
0,4,1,15,6,4,13,3,4,1,0,0,3,39,0
3,0,0,15,6,2,0,0,4,1,0,0,6,39,0
2,0,2,11,5,2,0,0,2,1,0,0,0,39,0
1,2,0,9,8,4,1,1,2,0,0,0,6,39,0
2,2,1,4,1,4,8,4,3,0,0,0,3,8,0
3,4,1,11,5,4,7,1,2,1,0,0,3,39,0
1,7,2,15,6,5,4,3,4,1,0,5,3,39,0
5,4,0,15,6,2,3,0,4,1,0,3,4,39,0
2,4,0,15,6,0,1,1,4,0,0,0,3,39,1
0,4,0,1,4,4,6,1,4,1,0,0,2,39,0
0,4,0,1,4,4,3,3,4,1,0,0,1,39,0
5,4,1,9,8,2,4,0,4,1,0,0,5,39,1
5,2,1,12,8,2,10,0,4,1,0,0,3,0,1
3,4,1,11,5,2,7,0,4,1,0,0,4,39,1
1,4,1,9,8,4,10,3,4,0,0,0,1,39,0
2,4,0,15,6,2,3,0,4,1,0,0,3,39,1
5,4,1,15,6,2,3,0,4,1,0,0,3,39,1
3,4,0,9,8,2,4,0,4,1,0,0,3,39,1
1,4,1,9,8,4,1,3,4,0,0,0,3,39,1
1,4,1,5,2,5,5,1,4,1,0,0,4,26,0
2,6,1,9,8,2,3,0,4,1,0,0,3,39,1
3,4,0,15,6,2,3,0,4,1,0,0,5,39,1
5,5,0,11,5,2,4,0,4,1,0,4,4,39,1
4,4,1,7,7,2,12,0,4,1,0,0,4,39,0
0,4,1,12,8,4,1,1,4,1,0,0,5,39,0
1,4,1,8,6,4,10,1,2,1,0,0,3,39,0
2,4,1,11,5,0,7,1,4,1,0,0,4,39,0
3,4,1,8,6,2,3,0,4,1,0,0,3,39,0
1,4,2,7,7,2,6,0,2,1,0,0,3,39,0
7,4,1,11,5,0,8,1,4,0,0,0,1,39,0
0,4,0,15,6,4,4,3,4,1,0,0,3,39,0
6,2,0,11,5,2,11,0,4,1,0,0,3,39,0
3,4,1,5,2,2,3,0,4,1,0,0,3,39,0
1,4,1,15,6,2,3,0,4,1,0,0,3,39,1
1,4,1,11,5,5,13,3,4,0,0,0,3,39,0
3,4,0,15,6,2,3,0,4,1,0,0,4,39,1
3,1,1,11,5,2,1,0,4,1,0,0,5,39,0
2,4,1,9,8,2,4,0,4,1,1,0,6,39,1
4,4,2,11,5,6,14,1,4,1,0,0,3,39,0
0,0,0,15,6,4,0,3,4,0,0,0,2,39,0
3,4,0,9,8,2,8,0,4,1,0,0,2,39,1
1,4,0,15,6,4,1,3,4,0,0,0,2,39,0
4,4,1,8,6,5,4,4,2,0,0,0,6,39,0
1,4,2,11,5,2,14,0,4,1,0,0,3,39,0
0,4,0,11,5,4,1,1,4,0,0,0,3,39,0
5,0,2,4,1,2,0,0,4,1,0,0,4,26,0
3,5,1,12,8,2,4,0,4,1,0,0,4,39,0
7,4,0,8,6,2,7,0,4,1,0,0,5,39,1
2,4,1,11,5,2,6,0,4,1,0,0,3,39,0
4,4,0,11,5,2,1,0,4,1,0,0,3,39,0
4,1,1,15,6,2,6,0,3,1,0,0,3,0,0
4,6,0,4,1,2,12,0,4,1,0,0,5,22,1
1,4,1,9,8,2,10,5,4,0,0,0,5,39,1
7,4,1,8,6,5,8,4,4,0,0,0,2,39,0
4,1,0,9,8,0,4,4,2,0,0,0,5,39,1
4,4,0,11,5,4,5,1,4,1,0,0,6,0,0
6,4,0,2,4,2,8,5,4,0,0,0,3,39,0
0,4,0,15,6,4,1,3,4,0,0,0,1,39,0
3,4,1,9,8,2,14,0,4,1,0,0,5,39,0
5,4,0,15,6,2,3,0,4,1,0,0,4,39,1
1,5,0,11,5,2,4,0,4,1,0,0,5,39,0
0,4,1,15,6,4,8,3,4,0,0,0,2,39,0
0,4,1,15,6,4,4,3,4,1,0,0,3,39,0
0,1,1,15,6,4,12,3,4,0,0,0,3,39,0
4,4,2,15,6,2,3,2,1,1,0,0,3,1,1
0,4,1,15,6,4,12,3,4,0,0,0,1,39,0
3,4,0,11,5,2,8,5,4,0,0,0,3,39,0
5,4,1,11,5,0,3,4,2,1,0,0,3,39,0
2,4,1,11,5,2,4,0,4,1,0,4,4,39,1
3,4,0,11,5,2,8,0,1,1,0,0,2,3,0
2,4,1,11,5,0,8,1,4,0,0,0,1,39,0
2,4,0,11,5,2,3,0,4,1,0,0,5,39,1
0,4,0,11,5,4,8,3,1,0,0,0,1,39,0
3,6,0,9,8,2,14,0,4,1,0,0,3,39,1
0,4,2,15,6,4,4,3,4,1,0,0,3,39,0
2,4,1,15,6,6,7,4,2,0,0,0,4,39,0
2,4,0,0,3,5,6,1,4,1,0,0,3,39,0
3,4,1,11,5,4,12,1,4,0,0,0,1,39,0
2,4,1,9,8,2,10,0,1,1,0,0,3,0,1
0,4,0,9,8,4,4,1,4,1,0,0,3,39,0
2,6,1,11,5,2,3,0,4,1,0,0,3,39,0
4,4,1,11,5,6,7,1,4,1,0,0,3,39,0
2,4,0,0,3,2,3,0,4,1,0,0,5,39,0
1,4,0,11,5,4,1,3,4,0,0,0,3,39,0
4,4,0,9,8,2,10,0,4,1,0,0,5,39,0
1,4,0,6,2,4,12,1,4,1,0,0,4,39,1
3,4,1,15,6,2,12,0,4,1,0,0,6,39,0
1,4,1,9,8,4,13,1,4,1,0,0,4,39,0
5,2,1,9,8,6,10,4,4,0,0,0,6,39,1
1,4,1,11,5,4,8,3,4,1,0,0,3,39,0
0,4,1,15,6,2,6,0,4,1,0,0,2,39,0
2,4,1,8,6,2,10,0,4,1,0,0,4,39,1
0,4,0,15,6,4,1,3,4,0,0,0,3,39,0
0,4,1,11,5,4,6,1,4,1,0,0,4,39,0
5,4,1,11,5,2,14,0,4,1,0,4,5,39,0
1,4,1,15,6,4,8,3,4,0,0,0,3,39,0
4,4,1,9,8,2,4,0,4,1,0,0,5,39,1
6,4,0,15,6,5,8,1,4,1,0,0,3,39,0
4,1,2,15,6,2,4,0,4,1,0,0,3,39,1
0,0,0,1,4,4,0,3,2,1,0,0,2,39,0
3,4,1,9,8,2,4,0,4,1,0,0,7,2,1
3,4,1,12,8,0,4,4,4,0,0,0,4,39,0
1,4,2,15,6,4,7,1,4,1,0,0,4,39,0
2,4,0,11,5,0,7,2,4,0,0,0,3,39,0
5,2,0,11,5,2,4,0,4,1,0,0,3,39,1
1,4,1,9,8,4,1,1,4,0,0,0,4,39,0
0,4,2,15,6,4,11,1,2,0,9,0,3,39,1
3,4,1,7,7,0,4,4,4,1,0,0,3,39,0
0,4,1,11,5,4,12,4,2,0,0,0,1,39,0
0,4,1,15,6,2,7,0,4,1,0,0,3,39,0
1,2,1,15,6,4,8,3,4,0,0,0,0,39,0
2,2,1,15,6,4,1,4,2,0,0,0,3,39,0
2,4,2,15,6,2,3,0,4,1,0,0,3,39,0
2,4,1,1,4,2,3,0,4,1,0,0,3,13,0
0,4,0,15,6,0,3,1,4,1,0,0,4,39,0
4,4,1,11,5,2,12,0,4,1,0,0,4,39,1
2,1,2,11,5,4,1,3,4,0,0,0,2,39,0
3,7,1,9,8,2,10,0,4,1,0,0,3,39,0
2,4,0,1,4,4,12,1,4,1,0,0,4,39,0
2,4,1,11,5,2,6,0,4,1,0,0,5,39,0
3,6,0,11,5,2,14,0,4,1,0,0,2,39,0
2,2,0,15,6,2,11,0,4,1,0,0,9,39,0
4,4,2,11,5,2,4,0,4,1,0,0,3,39,0
4,4,1,9,8,2,12,0,2,1,0,0,3,39,1
3,7,0,8,6,2,11,0,4,1,0,0,3,39,0
0,4,0,9,8,4,10,3,1,1,0,0,3,39,0
3,6,2,10,9,2,10,0,4,1,0,4,5,39,1
8,4,2,5,2,6,11,1,4,0,0,0,1,39,0
4,4,0,5,2,4,14,1,0,1,0,0,3,39,0
0,0,3,11,5,4,0,3,4,1,0,0,3,26,0
0,4,0,15,6,4,10,1,4,0,0,0,3,39,0
2,4,1,11,5,0,1,4,2,0,0,0,3,39,0
1,4,1,3,0,4,9,1,4,0,0,0,3,13,0
2,4,2,15,6,4,12,4,2,0,0,0,3,39,0
0,4,2,15,6,4,1,1,4,0,0,0,2,39,0
5,4,2,11,5,2,3,0,4,1,0,0,4,39,1
1,4,0,11,5,4,6,1,2,0,0,0,3,39,0
4,4,2,6,2,3,7,1,1,0,0,0,2,3,0
0,4,2,11,5,4,1,1,4,1,0,0,3,39,0
1,0,0,5,2,6,0,1,4,0,0,0,4,39,0
0,4,1,11,5,4,11,3,4,1,3,0,0,39,0
0,4,0,1,4,4,14,2,4,1,0,0,3,13,0
3,0,0,15,6,2,0,5,4,0,0,0,1,39,0
3,4,0,8,6,4,7,1,4,1,0,0,3,39,0
1,4,1,9,8,4,10,3,1,1,0,0,3,36,0
3,2,1,11,5,2,14,0,2,1,0,0,3,39,0
4,4,1,12,8,4,10,1,4,0,0,0,3,39,0
4,4,0,8,6,0,1,4,4,0,0,0,3,39,0
2,4,0,2,4,4,5,1,4,1,0,0,1,39,0
0,0,1,15,6,4,0,3,4,1,0,0,3,39,0
4,4,1,0,3,0,7,4,4,0,0,3,3,39,0
1,4,0,11,5,5,7,4,2,0,0,0,3,39,0
2,4,2,9,8,4,10,1,4,0,1,0,4,39,1
3,4,1,9,8,2,12,0,4,1,0,4,6,39,1
1,4,1,11,5,4,1,1,4,1,0,0,3,0,0
3,4,1,15,6,2,14,0,4,1,0,0,3,39,0
0,0,2,15,6,4,0,3,2,1,0,0,2,39,0
5,4,1,0,3,2,8,0,4,1,0,0,3,5,1
5,4,1,4,1,0,7,1,4,0,0,0,3,33,0
2,5,0,7,7,2,12,0,4,1,0,0,6,39,0
3,5,2,15,6,2,4,0,4,1,0,0,3,39,1
1,4,0,11,5,4,8,4,4,0,0,0,2,4,0
0,4,0,11,5,4,12,3,4,1,0,0,3,39,0
0,4,1,11,5,4,8,3,4,0,0,0,3,39,0
2,4,1,9,8,2,10,0,4,1,0,0,9,39,1
3,4,0,15,6,4,12,1,4,1,0,0,4,39,0
4,4,1,0,3,0,8,1,4,1,0,0,4,39,0
4,4,2,15,6,2,7,0,1,1,0,0,3,30,1
6,0,1,14,9,2,0,0,4,1,0,0,2,39,1
5,4,2,11,5,2,3,0,4,1,0,0,3,39,1
5,4,1,15,6,2,4,0,4,1,0,0,3,39,1
2,4,0,11,5,5,14,1,4,1,0,0,3,39,0
3,4,0,12,8,4,1,3,4,0,0,0,3,39,0
0,4,2,15,6,4,12,1,4,1,0,0,4,39,0
3,4,2,11,5,2,6,0,4,1,0,0,3,39,0
3,4,1,11,5,2,3,0,4,1,0,0,3,39,0
2,5,1,15,6,2,4,5,4,0,0,0,4,39,0
3,4,1,11,5,2,3,0,2,1,0,0,3,39,0
2,4,0,1,4,2,3,0,4,1,0,0,3,39,0
1,4,0,11,5,2,3,5,4,0,0,0,4,39,0
7,6,1,14,9,0,10,2,4,1,0,0,3,39,0
1,4,1,11,5,2,3,0,4,1,0,0,3,39,0
2,6,1,0,3,0,3,1,4,1,0,0,3,39,0
0,4,1,15,6,4,12,1,4,0,0,0,2,39,0
2,0,1,11,5,4,0,1,2,0,0,0,3,39,0
1,4,1,9,8,4,3,1,4,0,0,0,4,39,0
3,4,1,11,5,2,14,0,4,1,0,0,5,39,0
0,4,0,9,8,4,12,1,4,1,0,0,5,39,0
1,4,1,9,8,2,10,0,4,1,0,0,4,39,1
1,2,1,9,8,4,10,1,4,1,0,5,5,39,0
3,4,0,11,5,2,14,0,4,1,0,0,2,6,0
3,4,2,11,5,0,1,3,4,1,0,0,3,39,0
4,7,0,11,5,2,1,0,4,1,0,0,3,39,1
2,4,0,9,8,2,4,0,4,1,0,4,4,39,1
4,4,0,6,2,2,7,0,4,1,0,0,3,39,0
1,4,1,5,2,4,3,1,4,1,0,0,3,39,0
1,4,1,9,8,4,1,1,4,0,0,0,4,39,0
0,4,0,11,5,4,3,1,4,1,0,0,3,39,0
0,4,0,15,6,4,1,1,4,0,0,0,4,39,0
3,4,2,15,6,2,3,0,2,1,0,0,3,39,0
1,4,1,9,8,4,3,3,4,1,0,3,3,39,0
2,4,0,11,5,2,3,0,4,1,0,0,7,39,0
3,4,0,11,5,0,7,4,4,1,0,0,3,39,0
1,4,1,8,6,2,10,0,4,1,0,0,3,39,0
5,1,0,11,5,2,1,0,4,1,0,0,3,39,1
5,5,1,14,9,2,14,0,4,1,1,0,5,39,1
2,4,2,11,5,4,8,1,2,1,0,0,3,39,0
0,4,0,11,5,2,3,0,4,1,0,0,3,39,0
2,4,1,11,5,5,13,1,4,1,0,0,4,39,0
2,4,1,11,5,4,8,4,2,0,0,0,2,39,0
4,4,0,12,8,0,10,4,4,1,1,0,5,39,1
3,4,1,10,9,2,4,0,4,1,0,0,6,39,0
3,5,1,14,9,2,10,0,4,1,0,0,6,39,1
0,4,1,11,5,4,8,3,4,1,0,0,2,39,0
3,6,0,9,8,2,4,0,4,1,0,0,6,39,0
4,2,0,12,8,6,10,4,4,0,0,0,1,39,0
1,1,2,9,8,2,10,0,4,1,0,0,3,39,1
4,4,1,11,5,2,14,0,4,1,0,0,3,39,1
1,4,2,4,1,4,8,1,4,1,0,0,6,8,0
0,4,0,11,5,4,1,3,4,0,0,0,3,39,0
2,4,0,15,6,2,3,0,4,1,0,0,6,39,0
2,4,1,14,9,2,10,5,4,0,1,0,4,39,1
4,4,0,11,5,3,6,4,4,0,0,0,3,39,0
0,4,0,2,4,4,8,3,4,1,0,0,1,39,0
3,4,0,11,5,2,3,0,4,1,0,0,5,39,1
6,5,0,11,5,6,8,4,4,0,0,0,1,39,0
2,7,0,9,8,0,10,1,4,0,0,0,5,39,0
3,4,2,15,6,5,12,1,0,0,0,0,3,39,0
1,4,1,9,8,4,13,1,4,1,0,0,3,39,0
0,4,0,15,6,4,12,3,4,0,0,0,1,39,0
2,4,0,9,8,2,3,5,4,0,0,0,3,39,0
2,4,1,9,8,2,4,0,4,1,0,0,3,39,1
0,4,1,11,5,0,6,1,4,1,0,0,2,39,0
5,4,1,15,6,6,12,1,4,0,0,0,1,39,0
4,4,2,11,5,0,7,1,4,1,0,0,3,39,0
0,4,2,11,5,4,8,3,4,1,0,0,1,39,0
4,4,2,15,6,2,10,0,4,1,0,0,3,34,1
0,4,2,4,1,4,9,1,4,0,0,0,3,26,0
0,4,0,11,5,4,8,1,4,0,0,0,3,39,0
2,4,1,11,5,5,8,1,4,0,0,0,3,0,0
4,7,0,12,8,2,10,0,4,1,0,0,3,39,0
4,2,1,12,8,4,4,1,4,0,1,0,5,39,1
1,4,1,11,5,5,1,3,4,0,0,0,3,39,0
4,6,0,9,8,4,4,1,2,1,1,0,4,39,1
4,2,2,12,8,4,10,1,4,0,0,0,8,39,0
0,4,0,11,5,4,1,3,4,0,0,0,3,39,0
5,4,2,15,6,2,3,0,4,1,0,0,3,39,1
5,4,1,12,8,2,4,0,4,1,0,0,3,39,1
2,4,0,11,5,0,8,4,4,0,0,0,3,39,0
3,4,0,11,5,2,3,0,4,1,0,0,3,39,0
2,4,0,11,5,4,12,3,4,0,0,0,3,39,0
0,4,0,0,3,4,3,3,4,1,0,0,1,39,0
3,4,1,1,4,5,1,4,2,0,0,0,2,39,0
3,4,1,11,5,2,8,0,4,1,0,0,6,39,1
1,4,1,11,5,0,12,4,4,0,0,0,2,39,0
2,4,1,15,6,2,3,0,4,1,0,0,3,39,1
3,4,0,8,6,4,5,1,4,1,0,0,6,39,0
2,4,1,15,6,2,4,0,4,1,0,0,7,39,1
7,2,4,11,5,6,1,1,2,0,0,0,1,39,0
0,4,1,15,6,4,8,3,4,1,0,0,2,39,0
2,6,1,9,8,2,4,0,4,1,0,0,3,39,0
0,4,2,15,6,4,10,3,4,1,0,0,1,39,0
3,4,0,11,5,0,8,1,2,1,0,0,3,39,0
5,4,1,9,8,0,14,1,4,1,0,0,4,39,0
1,4,1,9,8,2,10,5,4,0,0,0,5,39,1
3,4,1,15,6,0,4,1,4,0,0,0,3,39,1
3,4,0,15,6,2,3,2,1,1,0,0,3,30,0
1,4,1,1,4,0,7,4,4,0,0,0,3,39,0
6,6,1,14,9,2,10,0,4,1,0,0,1,39,1
5,5,0,9,8,2,4,0,4,1,0,0,2,39,1
0,4,0,15,6,4,14,3,4,1,0,0,2,39,0
1,4,2,11,5,4,6,2,4,1,0,0,3,39,0
0,4,1,6,2,4,4,2,4,0,0,0,3,26,0
2,4,0,8,6,4,13,1,2,1,0,0,3,39,0
3,4,0,11,5,0,8,4,4,0,0,0,2,39,0
2,2,1,11,5,0,1,4,4,0,0,0,3,39,0
3,4,1,11,5,4,12,3,4,1,0,0,3,39,0
0,4,0,11,5,4,3,3,4,1,0,0,3,39,0
3,7,0,11,5,0,4,4,4,0,0,0,3,39,1
5,4,0,11,5,2,14,0,2,1,0,0,3,23,0
1,4,1,11,5,5,12,4,2,0,0,0,3,39,0
1,4,1,11,5,2,12,0,4,1,0,3,6,39,0
2,4,1,15,6,4,12,3,4,0,0,0,5,39,0
4,4,2,9,8,3,14,4,4,1,0,0,2,4,0
0,4,0,15,6,4,12,3,4,1,0,0,2,39,0
6,4,0,12,8,4,10,1,4,1,0,0,9,39,0
1,4,0,15,6,2,12,0,4,1,0,0,3,39,0
4,6,0,15,6,4,10,3,4,0,0,0,3,39,0
3,4,1,15,6,0,12,4,4,0,0,0,3,39,0
3,2,1,12,8,2,10,0,4,1,0,4,4,39,1
8,0,2,11,5,4,0,1,4,1,0,0,0,39,0
3,6,1,9,8,2,5,0,4,1,0,0,4,39,0
0,4,1,7,7,4,1,3,4,1,0,0,3,39,0
7,0,4,15,6,6,0,1,4,0,0,0,1,39,0
1,4,0,15,6,2,12,0,4,1,0,0,6,39,0
1,5,0,15,6,4,4,1,4,1,0,0,6,39,0
3,6,0,12,8,0,4,1,4,1,0,0,2,39,0
5,6,0,4,1,2,8,0,4,1,0,0,1,8,0
3,4,0,7,7,0,8,4,2,0,0,0,3,39,0
4,4,0,8,6,0,12,1,4,1,0,0,5,39,0
0,0,1,15,6,4,0,3,4,0,0,0,3,39,0
4,6,0,15,6,2,12,0,4,1,0,0,4,39,0
3,4,1,9,8,2,12,0,4,1,0,0,5,19,1
0,4,0,15,6,4,1,1,2,0,0,0,1,0,0
3,4,1,7,7,2,3,0,4,1,0,0,5,39,1
1,4,0,11,5,0,12,1,4,0,0,0,3,39,0
0,4,1,11,5,2,14,2,4,1,0,0,8,39,0
7,7,0,15,6,5,12,1,4,1,0,0,1,39,0
5,4,1,12,8,2,14,0,4,1,0,0,0,39,0
4,4,0,11,5,2,14,0,4,1,0,0,3,39,0
2,2,2,11,5,2,3,0,4,1,0,0,3,39,1
2,4,1,8,6,2,10,0,4,1,0,0,5,39,1
0,4,1,1,4,2,3,0,4,1,0,0,6,39,0
3,7,0,9,8,0,3,1,4,1,0,0,3,39,0
1,4,1,15,6,4,1,1,4,0,0,0,3,39,0
4,4,0,5,2,2,3,0,4,1,0,0,3,39,0
0,4,0,15,6,2,14,0,4,1,0,0,3,39,0
2,4,1,8,6,2,3,5,4,0,0,0,4,39,0
3,4,0,7,7,2,13,0,4,1,0,0,3,39,0
3,4,0,11,5,0,12,4,2,0,0,0,3,39,0
5,2,2,5,2,0,8,1,4,1,0,0,3,39,0
5,4,0,8,6,2,4,0,4,1,0,0,3,39,1
1,2,1,9,8,4,10,1,4,0,0,0,3,39,0
5,4,1,0,3,2,14,0,4,1,0,0,5,39,0
4,4,3,6,2,2,5,0,4,1,0,0,3,26,0
3,6,1,9,8,0,4,1,4,0,0,0,3,39,0
2,4,1,15,6,2,3,0,4,1,0,0,4,39,1
8,4,1,5,2,6,11,1,4,1,0,0,2,39,0
4,4,2,12,8,2,4,0,4,1,1,0,5,39,1
5,4,1,15,6,2,3,0,4,1,0,0,5,39,1
1,4,0,0,3,4,8,1,4,0,0,0,3,39,0
0,4,1,11,5,4,6,3,0,1,0,0,3,39,0
3,2,2,15,6,0,3,1,4,1,0,0,3,39,0
0,4,1,15,6,4,6,3,4,1,0,0,3,39,0
4,4,0,11,5,2,7,0,4,1,0,0,4,39,0
5,7,2,11,5,2,8,0,4,1,0,0,3,39,0
3,4,0,15,6,0,8,4,2,0,0,0,3,39,0
0,4,2,11,5,4,1,3,4,0,0,0,3,39,0
1,4,2,12,8,4,4,1,4,1,0,0,3,39,0
2,4,1,0,3,2,7,0,4,1,0,0,3,39,0
4,4,1,5,2,2,7,0,4,1,0,0,3,39,0
0,4,0,11,5,4,8,3,4,0,0,0,1,39,0
1,4,1,11,5,2,3,0,4,1,0,0,3,39,0
1,4,1,11,5,2,1,5,4,0,0,0,3,0,1
1,4,2,2,4,4,6,1,4,1,0,0,3,6,0
3,4,0,9,8,2,3,0,4,1,1,0,3,39,1
2,4,0,9,8,4,4,1,4,1,0,0,3,39,0
2,4,0,11,5,2,6,0,4,1,0,0,3,39,0
4,4,1,11,5,2,3,0,4,1,0,0,3,39,0
2,4,0,15,6,0,12,1,4,0,0,0,6,39,0
2,4,1,12,8,2,10,0,4,1,0,4,6,39,1
4,4,1,11,5,6,7,1,2,0,0,0,3,39,0
6,0,0,5,2,2,0,0,4,1,0,0,3,39,0
3,4,2,15,6,2,10,0,4,1,0,0,4,39,0
5,4,0,11,5,2,9,5,4,0,0,0,2,39,0
4,4,1,11,5,0,8,4,4,0,0,0,3,39,0
2,4,1,11,5,4,8,4,4,0,0,0,3,39,0
3,5,1,6,2,2,1,5,4,0,0,0,5,39,0
0,4,1,2,4,4,8,3,4,0,0,0,1,39,0
1,4,3,0,3,4,12,2,4,1,0,0,1,13,0
4,4,1,11,5,2,12,0,4,1,0,3,4,39,0
7,4,1,8,6,6,12,1,4,0,0,0,2,39,0
1,4,1,12,8,2,10,0,4,1,0,0,5,39,0
2,4,2,11,5,2,7,0,2,1,0,0,3,39,0
2,4,2,7,7,5,3,1,4,1,0,0,6,39,0
1,6,0,9,8,0,3,1,4,1,0,0,6,39,0
2,4,0,8,6,2,3,0,4,1,0,0,3,39,0
4,4,0,15,6,2,10,0,4,1,0,4,4,39,1
2,4,0,5,2,4,7,3,4,0,0,0,2,39,0
2,4,1,8,6,4,13,4,4,0,0,0,6,39,0
0,4,0,15,6,2,3,0,4,1,0,0,6,39,0
3,4,1,12,8,4,1,1,4,1,0,0,3,0,0
5,4,1,1,4,2,7,0,4,1,0,0,3,39,0
6,0,0,11,5,2,0,0,1,1,0,0,2,3,0
3,4,1,9,8,0,4,1,4,0,0,0,5,39,1
3,4,1,12,8,4,10,1,4,1,0,0,3,39,1
2,4,1,7,7,4,12,1,2,1,1,0,4,39,1
0,4,0,15,6,4,1,1,4,0,0,0,3,39,0
2,2,0,15,6,4,1,3,0,0,0,0,3,39,0
3,7,0,8,6,0,13,4,4,0,0,0,3,39,0
3,4,1,11,5,0,1,1,4,0,0,0,3,39,0
2,4,1,8,6,0,10,1,4,0,0,0,4,39,1
1,4,1,6,2,2,11,5,2,0,0,0,3,39,0
2,4,0,15,6,4,1,1,4,1,0,0,3,39,0
2,4,1,5,2,2,5,0,4,1,0,0,4,26,0
2,6,1,9,8,2,12,0,3,1,0,0,4,0,0
1,4,1,8,6,4,8,1,4,0,0,0,3,39,0
3,4,1,11,5,5,8,4,4,0,0,0,3,39,0
2,4,1,9,8,2,4,0,4,1,0,0,4,39,0
2,2,1,11,5,2,11,0,4,1,0,0,3,39,1
2,7,0,9,8,0,4,1,1,0,0,0,3,39,0
3,4,2,9,8,2,4,0,4,1,1,0,6,39,1
2,4,0,11,5,0,1,1,4,0,0,0,3,39,0
3,5,0,3,0,2,12,0,4,1,0,0,6,0,0
4,4,1,5,2,0,7,4,2,0,0,0,5,39,0
1,4,1,9,8,2,4,0,4,1,0,0,4,39,0
4,4,0,11,5,2,3,0,4,1,0,0,5,39,1
0,5,0,11,5,4,14,1,4,1,0,0,5,39,0
1,2,1,15,6,2,10,0,4,1,0,0,3,39,0
4,4,0,9,8,4,8,1,1,0,0,0,2,24,1
5,4,0,15,6,2,4,0,4,1,1,0,3,39,1
2,4,2,15,6,2,4,0,4,1,0,0,5,39,1
5,4,0,5,2,2,6,0,4,1,0,0,3,39,0
3,4,0,10,9,2,10,0,4,1,0,0,4,39,0
2,4,0,15,6,5,4,4,4,0,0,0,3,39,0
2,0,1,11,5,2,0,0,4,1,0,0,3,39,0
0,0,0,0,3,4,0,3,4,0,0,0,1,39,0
3,4,0,14,9,4,10,1,4,1,1,0,3,39,1
4,0,1,0,3,5,0,3,4,1,0,0,3,39,0
5,4,1,15,6,3,1,1,4,1,0,0,3,39,0
3,1,1,7,7,4,4,1,4,1,0,0,4,39,0
8,0,1,5,2,2,0,0,4,1,0,0,1,39,0
1,7,1,12,8,4,10,4,1,0,0,0,1,36,0
4,4,1,11,5,0,8,1,4,1,0,0,3,39,0
4,2,0,9,8,0,10,1,2,0,0,0,3,39,0
2,1,0,15,6,0,1,1,4,0,0,0,5,39,0
2,4,1,14,9,2,10,0,4,1,0,4,8,39,1
2,4,1,7,7,3,3,1,4,1,0,0,1,39,0
2,0,1,1,4,2,0,5,4,0,0,0,0,39,0
4,4,0,15,6,2,3,0,4,1,0,0,3,39,0
2,4,2,15,6,2,3,0,4,1,0,4,3,39,1
1,4,1,9,8,4,4,3,4,1,0,0,3,39,0
1,1,2,15,6,4,3,1,4,1,0,0,3,39,0
6,5,0,1,4,2,4,0,4,1,0,0,3,39,1
1,4,1,15,6,4,12,3,4,1,0,0,3,39,0
2,0,1,8,6,4,0,4,4,0,0,0,0,39,0
0,4,1,11,5,4,1,1,4,0,0,0,3,39,0
2,4,1,7,7,4,13,4,4,0,0,0,4,39,0
1,4,0,15,6,4,10,1,4,1,0,0,3,39,0
3,4,2,11,5,2,3,0,4,1,0,0,3,39,1
2,0,2,9,8,2,0,5,4,0,0,0,5,39,1
0,4,1,11,5,0,8,4,4,0,0,0,3,39,0
0,0,0,15,6,4,0,3,4,1,0,0,3,39,0
2,4,0,11,5,2,13,0,4,1,0,0,4,39,1
3,6,1,9,8,2,3,0,4,1,0,0,5,39,0
3,4,0,9,8,2,3,0,4,1,0,0,3,39,0
1,4,0,2,4,0,8,4,4,0,0,0,2,39,0
1,7,1,12,8,2,10,0,4,1,0,0,5,39,0
6,4,1,11,5,2,3,0,4,1,0,0,3,39,1
1,4,0,11,5,4,12,1,4,0,0,0,3,39,0
5,4,1,9,8,4,10,1,4,0,0,0,5,5,0
6,4,1,9,8,0,10,4,4,0,0,0,0,5,0
0,4,1,6,2,3,6,3,4,1,0,0,3,39,0
0,0,1,11,5,4,0,3,4,0,0,0,3,39,0
6,4,0,0,3,6,8,4,2,0,0,0,1,39,0
4,4,2,8,6,2,8,5,4,0,0,0,1,39,1
6,4,1,15,6,2,4,0,4,1,0,0,2,39,0
6,6,0,11,5,2,5,5,4,0,2,0,3,39,0
3,4,1,15,6,2,3,0,4,1,0,0,3,39,1
1,4,0,15,6,2,4,0,4,1,0,0,3,39,0
1,4,0,15,6,2,1,5,4,0,0,0,3,39,1
4,6,0,9,8,2,5,0,4,1,0,0,6,39,0
3,2,1,1,4,4,8,1,4,1,0,0,3,39,0
1,4,1,9,8,4,8,3,4,1,0,0,3,39,0
3,4,3,9,8,2,10,0,2,1,0,0,2,39,0
1,2,1,8,6,4,1,3,4,1,0,0,4,39,0
5,4,2,9,8,2,4,0,4,1,0,4,3,39,1
0,4,1,15,6,4,6,3,4,1,0,0,2,39,0
1,7,0,9,8,4,10,3,2,0,0,0,3,39,0
1,4,0,15,6,2,10,5,1,0,0,0,0,39,1
0,4,1,9,8,4,4,3,2,0,0,0,3,39,0
3,4,0,9,8,0,4,4,4,0,0,0,5,39,1
2,4,1,11,5,4,7,1,4,1,0,0,3,39,0
4,4,0,8,6,2,3,0,4,1,0,0,3,39,1
1,6,2,15,6,2,8,5,4,0,0,0,2,39,0
7,4,2,9,8,2,10,0,4,1,0,5,3,39,1
3,4,0,11,5,2,5,0,4,1,0,0,8,39,0
4,4,1,11,5,2,3,0,4,1,0,0,3,39,0
0,0,1,11,5,4,0,1,4,1,0,0,2,39,0
2,4,1,15,6,2,12,0,4,1,0,0,3,39,1
2,4,1,11,5,4,12,1,4,0,0,0,5,39,0
4,4,1,11,5,2,7,0,4,1,0,0,3,39,0
4,4,1,11,5,0,10,1,4,1,0,0,4,39,0
5,4,2,11,5,2,5,0,4,1,0,0,1,39,0
0,4,1,15,6,4,12,3,2,0,0,0,1,39,0
3,4,1,7,7,2,13,0,4,1,0,0,4,39,0
2,4,1,11,5,0,1,4,4,0,0,0,5,39,0
3,4,3,9,8,2,4,0,2,1,0,0,3,39,1
5,4,0,9,8,2,10,5,4,0,9,0,3,39,1
3,4,0,8,6,2,3,0,4,1,0,0,3,39,0
4,4,0,9,8,0,12,1,4,1,0,0,6,39,0
2,4,2,15,6,2,7,0,4,1,0,0,3,39,0
4,4,2,11,5,2,3,0,4,1,0,0,3,39,0
3,2,1,12,8,2,10,0,4,1,0,0,3,39,1
0,4,0,15,6,4,8,1,4,0,0,0,2,39,0
3,2,0,12,8,0,10,4,2,0,0,0,3,39,0
0,4,2,9,8,4,1,3,4,1,0,0,3,39,0
1,4,1,9,8,2,12,0,4,1,0,0,3,39,0
3,4,0,12,8,2,10,0,4,1,0,0,3,9,0
3,4,0,12,8,2,4,0,4,1,0,0,4,39,1
0,4,0,11,5,4,14,3,4,1,0,0,2,39,0
1,4,1,11,5,2,6,0,4,1,0,0,3,39,0
1,4,0,9,8,4,10,4,2,0,0,0,3,39,0
3,4,1,12,8,0,4,1,4,1,1,0,4,39,1
0,4,1,15,6,4,6,3,4,1,0,0,3,39,0
4,4,0,2,4,2,12,0,1,1,0,0,3,1,1
2,6,0,11,5,3,5,1,4,1,0,0,6,39,0
3,4,1,6,2,2,6,0,1,1,0,0,3,19,0
4,6,0,11,5,2,13,0,4,1,0,0,2,39,1
0,4,1,0,3,4,8,3,4,1,0,0,1,39,0
4,4,1,15,6,0,12,4,4,0,0,0,5,39,0
8,4,0,11,5,6,4,1,4,0,0,9,1,39,0
4,4,0,15,6,0,1,4,2,0,0,0,3,39,0
2,4,0,7,7,0,4,1,4,0,0,0,5,39,0
3,4,2,8,6,0,1,1,4,0,0,0,3,39,0
2,6,0,15,6,5,5,1,4,1,0,0,6,39,0
2,4,0,15,6,2,4,0,4,1,0,0,3,39,1
2,2,1,7,7,2,1,0,4,1,0,0,3,39,0
5,6,1,6,2,2,5,0,4,1,0,3,8,39,0
0,0,2,15,6,4,0,3,2,0,0,0,3,39,0
1,4,1,7,7,4,13,1,4,1,0,0,4,39,0
2,4,1,11,5,2,1,0,1,1,0,0,3,40,0
2,4,1,11,5,2,3,0,4,1,0,0,3,39,0
4,4,1,9,8,0,1,1,4,0,0,0,3,39,0
3,6,0,11,5,0,3,3,4,1,0,0,5,39,0
0,4,2,15,6,4,8,1,4,1,0,0,3,39,0
3,4,0,8,6,2,8,0,4,1,0,0,4,39,0
4,1,2,15,6,2,4,0,4,1,0,0,3,39,1
4,4,0,6,2,0,8,1,4,0,0,3,2,39,0
1,2,1,15,6,2,8,2,4,1,0,0,3,39,0
0,0,1,15,6,4,0,3,4,1,0,0,3,39,0
1,4,1,15,6,2,8,0,1,1,0,3,5,0,1
4,4,1,11,5,0,12,4,4,0,0,0,6,39,0
0,4,0,15,6,4,14,1,4,1,0,0,5,39,0
3,4,2,15,6,2,5,0,4,1,0,5,9,39,1
2,4,2,0,3,4,8,3,2,1,0,0,1,39,0
5,4,1,11,5,2,7,0,4,1,0,0,3,39,0
1,4,1,15,6,4,4,1,4,1,0,0,4,39,0
4,4,0,12,8,2,4,0,4,1,0,4,5,39,1
0,4,0,1,4,4,8,2,2,1,0,0,1,39,0
2,4,0,12,8,2,4,0,4,1,0,4,3,39,1
3,4,0,15,6,2,5,0,4,1,0,0,1,39,0
1,5,2,11,5,4,3,2,4,1,0,0,5,26,0
3,4,1,11,5,2,3,0,4,1,0,0,3,39,0
2,4,1,11,5,4,4,1,4,0,0,0,3,39,0
0,7,2,15,6,4,10,3,4,1,0,0,0,39,0
2,4,0,15,6,2,7,0,4,1,0,0,4,39,0
4,4,0,12,8,2,4,0,4,1,0,0,6,39,1
0,4,2,11,5,4,13,1,4,0,0,0,3,39,0
4,4,1,15,6,0,3,1,4,1,0,0,3,39,1
4,4,0,15,6,2,12,0,4,1,0,0,3,39,0
4,6,0,12,8,0,10,4,4,1,0,0,6,39,1
2,4,0,11,5,2,1,0,4,1,0,3,3,39,0
5,5,0,10,9,2,10,0,4,1,0,0,5,0,1
2,4,1,15,6,4,12,3,4,1,0,4,6,39,0
4,4,1,11,5,2,3,0,4,1,0,0,3,39,1
2,4,2,15,6,4,11,3,2,1,0,0,2,39,0
7,6,2,15,6,2,4,0,4,1,0,0,3,39,0
4,4,1,11,5,2,7,0,4,1,0,0,5,39,0
4,4,0,11,5,6,1,1,2,0,0,0,3,39,0
0,1,1,15,6,4,4,1,4,0,0,0,3,39,0
0,4,1,9,8,4,12,1,4,1,0,0,4,39,0
4,2,1,1,4,2,6,0,2,1,0,0,3,39,0
2,4,0,8,6,4,8,4,2,0,0,0,3,39,0
1,6,1,8,6,2,10,0,4,1,1,0,6,39,1
1,4,1,9,8,2,10,0,4,1,0,0,4,39,1
4,4,1,7,7,2,14,0,4,1,0,0,4,39,0
2,4,0,9,8,2,4,0,4,1,0,0,7,39,0
3,4,1,11,5,2,14,0,2,1,0,0,3,39,0
6,4,0,12,8,2,10,0,1,1,0,4,6,3,0
2,4,0,8,6,2,3,0,4,1,0,0,3,39,0
0,4,0,9,8,4,12,1,4,1,0,0,4,39,0
3,4,1,9,8,2,4,0,4,1,0,0,3,0,1
0,4,1,11,5,4,7,4,2,0,0,0,3,39,0
4,4,0,9,8,2,10,0,4,1,0,0,4,22,1
0,4,1,15,6,4,12,1,4,0,0,0,3,39,0
6,4,2,13,0,2,10,0,3,1,0,0,2,26,0
3,4,1,15,6,0,4,1,4,1,0,0,3,39,0
0,4,0,15,6,4,7,3,4,1,0,0,4,39,0
4,4,1,11,5,2,7,0,4,1,0,0,3,39,1
2,4,1,11,5,0,8,4,2,1,0,0,3,39,0
4,4,0,11,5,2,14,0,4,1,0,0,7,39,0
1,4,1,9,8,4,12,3,4,1,0,0,3,39,0
4,1,1,8,6,0,4,4,2,0,0,0,4,39,0
3,4,0,15,6,2,3,0,4,1,0,4,5,39,1
6,4,0,11,5,6,8,1,4,0,0,0,2,39,0
0,4,0,7,7,2,4,0,1,1,0,0,0,39,0
7,4,0,11,5,6,8,2,4,0,0,0,1,39,0
3,4,0,9,8,2,10,0,4,1,0,0,4,39,1
3,4,0,15,6,2,13,0,4,1,0,4,4,39,1
0,4,1,0,3,4,13,3,4,1,0,0,0,39,0
5,6,0,11,5,4,5,4,4,1,0,0,4,39,0
4,4,2,15,6,2,6,0,4,1,0,0,2,39,0
1,6,0,15,6,2,5,0,4,1,0,0,5,39,0
2,0,1,8,6,0,0,3,4,1,0,0,5,39,0
1,2,1,9,8,2,10,0,4,1,0,4,6,11,1
3,4,1,1,4,5,7,1,2,1,0,0,3,39,0
3,0,1,15,6,6,0,4,2,0,0,0,1,39,0
4,7,0,9,8,2,4,0,4,1,0,0,3,39,1
3,4,2,11,5,2,13,0,4,1,0,0,4,39,1
3,4,3,14,9,2,3,0,4,1,0,0,3,26,1
1,4,1,11,5,4,1,3,4,0,0,0,3,39,0
1,4,0,15,6,4,11,1,4,1,0,0,4,39,0
2,4,0,11,5,0,14,4,4,0,0,0,4,11,0
4,2,3,11,5,5,1,4,2,0,0,0,3,39,0
6,2,0,8,6,2,4,0,4,1,0,0,3,39,1
0,4,2,11,5,4,10,3,4,1,0,0,2,39,0
0,4,1,1,4,4,6,1,2,0,0,0,1,39,0
1,4,1,1,4,2,13,0,4,1,0,0,3,39,0
0,4,1,11,5,4,8,1,4,1,0,0,3,39,0
2,5,1,11,5,2,4,0,4,1,0,0,5,39,0
1,4,1,7,7,2,12,0,4,1,0,0,3,39,0
1,6,0,11,5,4,5,3,4,1,0,0,8,39,0
0,4,0,11,5,4,12,1,4,1,0,0,3,39,0
4,4,1,15,6,6,1,2,4,0,0,0,2,39,0
5,4,0,11,5,2,7,0,4,1,0,0,3,39,0
3,4,1,15,6,4,4,4,4,0,0,0,3,39,0
3,1,1,9,8,2,4,0,4,1,0,0,3,39,1
4,4,1,11,5,2,8,0,2,1,0,3,3,39,0
0,4,1,15,6,4,7,3,4,0,0,0,3,39,0
3,4,0,11,5,0,1,4,4,0,0,0,4,39,0
4,4,2,12,8,2,12,0,4,1,0,0,3,39,1
2,4,0,11,5,2,3,0,4,1,0,0,3,39,0
6,0,1,9,8,0,0,4,4,0,0,0,3,39,0
4,6,1,11,5,0,10,1,4,1,0,0,1,39,0
1,4,1,7,7,2,12,0,4,1,0,0,3,39,0
2,4,2,15,6,0,12,1,2,1,0,0,3,39,0
6,0,1,11,5,2,0,0,4,1,0,0,3,39,0
0,4,0,0,3,4,3,3,2,0,0,0,3,39,0
1,6,0,11,5,2,10,0,4,1,0,0,2,39,0
1,4,0,7,7,2,12,0,4,1,0,0,2,39,0
0,4,1,1,4,4,6,3,4,1,0,0,1,39,0
2,5,2,15,6,2,4,0,4,1,0,0,6,41,1
6,7,1,10,9,4,10,1,4,0,0,0,3,39,1
1,4,0,11,5,2,10,0,4,1,0,0,3,39,1
3,4,1,9,8,2,1,0,4,1,0,0,3,39,1
6,4,1,9,8,2,8,0,4,1,0,0,1,39,0
4,2,0,9,8,2,10,0,4,1,0,0,4,39,0
3,4,1,9,8,2,10,0,4,1,0,0,3,39,1
3,4,1,9,8,2,12,0,4,1,0,0,5,39,1
7,4,1,11,5,6,7,4,4,1,0,0,3,39,0
2,4,1,15,6,4,3,1,4,1,0,0,3,39,0
2,4,1,9,8,0,12,3,4,0,0,0,3,39,0
2,2,3,9,8,2,10,5,4,0,0,0,5,39,1
4,4,0,11,5,2,3,0,4,1,0,0,5,39,1
3,4,2,9,8,0,12,1,4,1,0,0,3,39,1
4,4,1,5,2,0,3,1,4,1,0,0,7,39,0
4,4,2,11,5,2,11,0,4,1,0,0,3,39,1
1,4,0,9,8,2,4,0,4,1,0,3,6,39,1
0,4,0,0,3,4,8,2,2,1,0,0,1,39,0
1,2,1,15,6,2,11,0,4,1,1,0,3,39,1
3,4,1,14,9,2,4,0,4,1,1,0,3,39,1
3,1,0,10,9,4,10,1,4,0,0,3,5,39,1
1,4,1,11,5,4,12,1,4,0,0,4,3,39,0
3,4,1,11,5,2,14,0,4,1,0,5,4,39,0
2,4,1,11,5,0,7,3,4,1,0,0,5,39,0
4,4,0,15,6,2,1,5,2,0,0,0,3,23,0
4,6,0,15,6,2,4,0,4,1,0,0,9,39,1
3,4,0,15,6,0,8,4,4,0,0,0,0,0,0
1,4,0,9,8,2,12,0,4,1,0,0,4,39,0
0,4,0,15,6,4,4,1,4,1,0,0,3,39,0
0,4,0,1,4,4,1,3,2,1,0,0,1,39,0
2,4,0,15,6,2,12,0,4,1,0,0,4,39,0
3,2,0,11,5,0,3,1,4,1,0,4,3,39,0
4,4,1,5,2,2,7,0,2,1,0,0,3,39,0
4,5,1,9,8,2,12,0,4,1,1,0,6,39,1
5,5,0,9,8,2,4,0,4,1,0,0,6,39,1
5,4,2,5,2,5,9,4,2,0,0,0,1,39,0
0,0,1,11,5,4,0,3,4,1,0,0,3,39,0
3,4,0,9,8,2,13,5,4,0,0,0,2,39,1
4,2,0,11,5,2,8,0,4,1,0,4,4,39,0
5,4,1,11,5,2,3,0,4,1,0,0,3,39,0
0,4,1,2,4,3,8,3,3,0,0,0,1,39,0
5,6,1,5,2,2,3,0,4,1,0,0,3,39,0
4,4,0,9,8,0,10,4,4,0,0,0,5,9,0
6,4,1,4,1,2,6,0,4,1,0,0,4,39,0
0,4,1,9,8,4,10,1,4,1,0,0,4,39,0
3,4,2,15,6,0,10,1,4,0,0,0,3,39,0
3,1,0,9,8,2,4,0,1,1,0,0,3,39,1
6,2,1,10,9,2,10,0,2,1,2,0,3,23,1
0,4,3,11,5,4,8,2,2,1,0,3,2,39,0
4,4,0,11,5,2,5,0,4,1,0,0,6,39,1
0,4,1,11,5,2,7,0,4,1,0,0,3,39,0
2,4,0,15,6,2,3,0,4,1,0,0,5,39,0
3,0,0,11,5,2,0,0,4,1,0,0,3,39,0
7,4,1,15,6,6,1,1,4,0,0,0,2,39,0
5,2,1,11,5,0,1,4,4,0,0,0,6,39,0
0,4,1,9,8,4,6,1,4,1,0,0,3,39,0
0,4,0,8,6,4,8,3,1,1,0,0,1,39,0
4,4,1,11,5,0,4,1,4,0,0,0,3,39,0
0,4,0,1,4,4,12,3,1,0,0,0,1,30,0
3,7,0,12,8,4,10,1,4,1,0,0,4,39,0
2,7,1,11,5,3,8,4,4,0,0,0,1,39,0
2,6,2,11,5,2,12,0,4,1,0,0,6,39,0
4,5,1,8,6,2,4,0,4,1,0,0,3,39,0
3,6,0,8,6,2,5,0,4,1,0,0,7,39,1
1,4,1,11,5,2,14,0,4,1,0,3,3,39,0
2,4,1,12,8,4,10,1,4,0,0,0,3,39,0
0,0,1,1,4,4,0,4,4,0,0,0,2,39,0
1,1,1,9,8,4,10,1,4,1,0,0,4,39,0
1,4,0,15,6,4,8,3,4,0,0,0,3,39,0
0,4,1,15,6,4,8,3,4,0,0,0,1,39,0
3,4,0,9,8,4,12,1,4,1,0,0,5,39,0
0,4,1,15,6,4,3,3,4,1,0,0,3,39,0
6,4,2,11,5,6,12,1,4,0,0,0,3,39,0
6,4,1,3,0,0,14,1,4,1,0,0,3,39,0
2,1,0,7,7,2,1,5,4,0,0,0,3,39,1
4,4,1,11,5,6,6,1,4,1,0,0,2,39,0
0,4,0,15,6,4,8,2,2,0,0,0,2,14,0
3,4,0,15,6,0,3,4,4,1,0,0,3,39,0
4,2,0,1,4,2,14,0,4,1,0,0,3,8,0
5,4,1,0,3,2,3,0,4,1,0,0,4,39,0
2,4,1,14,9,2,10,0,4,1,0,0,5,39,1
2,4,3,1,4,2,6,0,4,1,0,0,3,26,0
1,4,1,6,2,2,7,0,4,1,0,0,3,26,0
0,4,0,11,5,4,12,3,2,1,0,0,2,39,0
0,4,2,1,4,4,3,3,4,1,0,0,0,39,0
0,4,0,8,6,2,6,0,4,1,0,0,3,39,0
0,0,2,15,6,4,0,1,4,0,0,0,3,39,0
4,4,2,9,8,4,10,1,4,0,0,0,4,26,0
3,4,1,7,7,2,13,0,4,1,0,0,4,39,1
4,4,0,11,5,0,1,1,4,0,0,0,3,39,0
4,4,0,8,6,2,4,0,4,1,0,0,3,39,0
3,2,1,9,8,2,10,0,1,1,0,0,3,30,1
3,5,0,11,5,2,4,0,4,1,0,0,3,39,0
0,4,1,15,6,4,8,3,4,0,0,0,2,39,0
0,2,1,7,7,4,1,3,2,0,0,0,3,14,0
0,4,0,11,5,2,6,0,4,1,0,0,6,39,0
5,4,1,5,2,2,6,0,4,1,0,0,3,39,0
3,4,1,15,6,2,14,0,4,1,0,0,5,39,0
5,4,1,9,8,2,4,0,4,1,0,0,3,39,0
2,6,1,11,5,2,3,0,4,1,0,0,3,39,0
0,4,0,0,3,4,12,1,4,0,0,4,2,39,0
1,2,1,9,8,4,4,3,4,1,0,0,3,39,0
2,6,1,11,5,2,5,0,4,1,0,0,9,39,0
3,4,2,11,5,2,4,0,1,1,0,0,3,39,1
2,4,1,11,5,4,6,4,4,0,0,0,3,27,0
1,2,0,7,7,4,11,1,2,1,0,0,3,39,0
3,6,1,11,5,0,8,4,4,0,0,0,3,39,0
3,4,0,15,6,2,10,5,4,0,0,0,3,39,1
3,2,0,15,6,0,1,4,4,0,0,0,3,39,0
1,4,1,15,6,0,1,4,4,0,0,0,3,39,0
3,6,0,11,5,2,5,0,4,1,0,0,5,39,0
2,4,1,11,5,4,1,1,4,1,0,0,3,39,0
1,4,1,11,5,4,8,3,4,0,0,0,3,39,0
4,2,0,11,5,2,3,0,4,1,0,0,3,39,1
0,4,1,15,6,4,4,1,4,0,0,0,3,39,0
0,4,0,15,6,4,13,3,4,1,0,0,1,39,0
3,4,0,12,8,2,4,0,4,1,0,0,5,39,1
1,4,2,11,5,5,14,1,4,1,0,0,3,39,0
1,4,0,11,5,4,7,3,4,1,0,0,4,39,0
1,4,0,15,6,4,3,3,1,1,0,4,3,30,0
2,4,1,11,5,2,14,0,4,1,0,3,6,39,0
4,4,1,12,8,3,10,2,4,1,0,0,6,0,0
3,4,1,15,6,2,4,0,4,1,0,0,3,39,0
0,4,1,9,8,4,1,3,4,1,0,0,1,39,0
0,4,1,11,5,4,3,3,4,1,0,0,3,39,0
2,4,1,2,4,0,11,3,4,1,0,0,5,26,0
4,1,0,9,8,3,4,1,4,0,0,0,3,39,0
5,6,1,15,6,2,12,5,4,0,0,0,5,39,0
5,4,1,11,5,6,1,1,4,0,0,0,3,39,0
5,4,0,11,5,2,12,0,4,1,0,0,4,39,0
1,4,2,15,6,4,1,1,4,0,0,0,3,39,0
5,4,0,4,1,2,14,0,4,1,0,0,3,39,1
1,4,0,15,6,4,8,1,4,0,0,0,2,39,0
3,4,1,9,8,4,8,1,4,1,0,0,3,39,0
1,4,2,9,8,4,4,1,4,1,0,0,4,39,0
5,1,1,11,5,4,1,4,4,0,0,0,1,39,0
3,4,1,12,8,2,4,0,4,1,1,0,5,39,1
1,4,1,9,8,4,8,1,4,1,0,0,2,39,0
5,4,1,12,8,0,10,1,4,0,0,5,3,39,1
3,2,0,11,5,0,8,1,4,0,0,0,5,39,0
5,4,0,11,5,2,12,0,4,1,0,0,5,39,1
3,4,1,11,5,4,12,4,2,0,0,0,3,39,0
1,4,1,9,8,4,5,3,4,1,0,0,5,39,0
2,4,1,11,5,2,6,0,4,1,0,0,2,39,0
5,7,0,15,6,2,14,0,4,1,0,0,3,39,0
3,4,0,9,8,2,12,0,4,1,0,0,3,39,1
0,4,1,1,4,4,8,3,4,0,0,0,1,39,0
3,4,0,11,5,2,8,0,1,1,0,0,6,3,0
4,1,1,15,6,2,10,0,4,1,0,0,3,39,1
4,4,1,11,5,2,14,0,4,1,0,0,4,39,0
3,6,1,12,8,2,4,0,4,1,0,0,5,39,1
1,4,0,11,5,4,8,1,0,1,0,0,2,39,0
5,4,1,11,5,6,1,1,4,0,0,0,3,39,0
3,4,0,9,8,4,12,1,4,1,1,0,5,39,1
3,4,0,11,5,4,3,3,4,1,0,5,4,39,1
0,4,1,0,3,4,8,2,4,1,0,0,2,26,0
1,4,1,12,8,4,10,1,2,1,0,0,2,39,0
2,6,2,9,8,2,12,0,1,1,0,0,6,35,0
0,4,1,4,1,3,5,1,4,1,0,0,3,26,0
3,4,0,11,5,0,3,1,4,1,0,0,3,39,0
1,4,1,11,5,4,6,1,4,0,0,0,3,39,0
5,2,0,12,8,2,1,0,4,1,0,0,3,39,1
4,4,1,9,8,2,13,0,4,1,0,0,4,39,0
2,0,0,15,6,4,0,4,4,1,0,0,0,39,0
3,4,1,9,8,2,4,0,4,1,1,0,6,39,1
4,7,0,15,6,2,7,0,4,1,0,0,3,39,1
4,4,1,1,4,2,7,0,4,1,0,0,3,39,0
5,4,1,11,5,2,12,0,4,1,0,0,3,39,0
3,4,1,9,8,0,4,4,4,0,0,0,4,39,0
3,4,2,6,2,2,6,0,4,1,0,0,4,26,0
3,4,1,1,4,2,7,0,4,1,0,0,3,39,0
3,2,2,9,8,3,10,1,4,0,0,0,4,39,1
4,4,0,11,5,2,3,0,4,1,0,0,3,39,1
6,4,1,11,5,2,11,0,4,1,0,0,3,39,0
2,4,1,15,6,2,3,0,4,1,0,0,3,39,0
0,4,0,11,5,4,5,3,4,1,0,0,2,39,0
7,0,0,15,6,6,0,1,4,0,0,0,1,39,0
0,4,7,11,5,4,8,1,4,0,0,0,2,39,0
5,6,0,11,5,2,8,0,4,1,0,0,6,39,0
2,4,0,11,5,2,14,0,4,1,0,0,6,39,0
3,6,1,12,8,2,12,5,4,0,0,4,3,39,1
0,4,1,11,5,4,12,3,4,0,0,0,2,39,0
0,4,0,15,6,4,12,3,4,0,0,0,3,39,0
2,4,2,11,5,5,8,4,2,0,0,0,2,39,0
0,4,0,15,6,5,12,4,4,0,0,0,3,39,0
6,4,1,9,8,2,10,0,4,1,0,0,5,39,1
2,4,0,1,4,4,8,1,4,1,0,0,2,39,0
5,4,3,2,4,2,14,0,2,1,0,0,3,39,1
5,4,1,11,5,2,3,0,4,1,0,0,3,39,1
0,4,0,1,4,2,6,3,4,1,0,0,3,39,0
5,4,1,1,4,6,7,1,4,0,0,0,3,39,0
3,4,2,8,6,2,12,0,4,1,0,0,5,39,0
0,4,1,11,5,4,6,3,4,1,0,0,1,39,0
4,4,0,9,8,3,8,1,1,1,0,0,3,30,0
2,4,1,14,9,2,10,0,4,1,9,0,7,39,1
4,2,0,7,7,0,8,1,4,0,0,0,2,39,0
0,4,1,15,6,4,1,3,2,0,0,0,3,39,0
0,4,0,1,4,4,8,3,4,0,0,0,0,39,0
3,7,0,9,8,2,10,0,4,1,0,0,3,39,1
3,1,0,9,8,4,10,1,4,0,0,0,6,39,0
1,4,0,15,6,4,13,1,4,1,0,0,5,39,0
1,4,2,15,6,2,3,0,4,1,0,0,3,39,0
0,4,1,11,5,4,1,1,4,0,0,0,2,39,0
2,4,0,11,5,2,7,0,4,1,0,0,3,32,0
1,4,0,15,6,4,14,1,4,1,0,0,5,39,0
0,4,0,11,5,4,3,3,4,1,0,0,2,39,0
1,4,3,12,8,2,10,0,4,1,0,0,3,39,1
0,4,0,1,4,4,3,3,4,1,0,0,0,39,0
2,5,0,8,6,2,12,0,4,1,0,0,3,39,1
3,4,2,11,5,4,1,4,2,0,0,0,3,39,0
0,2,1,1,4,4,10,3,4,0,0,0,3,39,0
2,5,0,11,5,4,5,3,4,1,0,0,5,39,0
6,0,2,11,5,2,0,0,4,1,0,0,1,39,0
1,4,0,7,7,4,8,3,2,0,0,0,1,39,0
2,0,0,9,8,0,0,4,4,0,0,0,3,39,0
5,2,1,8,6,2,14,0,2,1,0,0,3,39,0
5,0,0,9,8,2,0,0,1,1,0,4,2,35,0
3,4,1,11,5,2,3,0,4,1,0,0,3,39,1
2,4,1,11,5,4,7,1,4,1,0,0,3,39,0
1,0,1,4,1,2,0,5,4,0,0,0,3,26,0
3,4,1,4,1,3,3,1,4,1,0,0,3,33,0
2,4,0,11,5,0,12,1,4,0,0,0,6,39,0
4,4,1,11,5,2,3,0,4,1,0,4,3,39,1
1,4,0,9,8,2,12,0,4,1,0,0,5,39,1
2,6,2,9,8,2,10,0,4,1,0,0,7,39,0
3,4,0,15,6,5,1,4,4,0,0,0,4,39,0
0,4,0,11,5,4,6,3,4,1,0,0,3,39,0
2,4,0,9,8,2,10,0,4,1,0,0,4,39,1
1,4,0,11,5,2,3,0,4,1,0,0,3,39,0
3,1,2,11,5,0,1,4,2,0,0,0,3,39,0
2,4,1,11,5,2,3,0,4,1,0,0,3,39,0
4,4,0,11,5,2,3,0,4,1,0,0,4,39,0
1,4,1,9,8,4,12,3,4,1,0,0,3,39,0
1,4,1,9,8,4,4,1,4,0,0,0,5,39,0
3,4,0,15,6,2,1,5,4,0,0,0,3,39,0
3,4,1,11,5,0,14,3,4,1,0,0,6,39,0
5,4,1,8,6,0,10,4,4,0,0,0,3,39,0
0,0,2,1,4,4,0,1,2,1,0,0,3,39,0
3,7,0,14,9,2,10,0,1,1,0,0,7,19,1
5,0,1,5,2,2,0,5,4,0,0,0,4,33,0
4,4,0,11,5,2,3,0,4,1,0,0,3,39,1
4,0,0,9,8,0,0,3,4,0,0,0,3,39,0
3,4,0,11,5,2,13,0,4,1,0,0,3,39,0
0,4,0,11,5,4,3,3,4,1,0,0,3,39,0
4,4,2,4,1,2,3,2,4,0,0,0,3,39,0
1,4,1,9,8,4,1,3,4,0,0,0,3,39,0
4,0,1,11,5,2,0,0,4,1,0,0,3,39,1
1,0,0,11,5,5,0,2,4,0,0,0,3,39,0
0,5,1,15,6,4,14,3,4,1,0,0,3,39,0
1,4,1,11,5,4,12,3,4,0,0,0,3,39,0
5,4,1,11,5,2,10,0,4,1,0,0,3,39,1
3,4,2,9,8,2,10,0,4,1,0,0,3,39,0
2,6,1,9,8,0,10,1,2,0,0,0,3,39,1
0,4,1,15,6,4,8,3,4,0,0,0,0,39,0
4,4,2,9,8,4,12,1,4,1,0,0,5,39,1
3,5,0,12,8,2,4,0,4,1,0,0,5,39,1
7,4,1,9,8,6,10,1,4,1,0,5,3,39,1
3,4,1,4,1,2,8,0,3,1,0,3,3,27,0
5,4,0,15,6,3,7,1,4,1,0,0,5,39,1
1,7,1,9,8,2,10,0,4,1,0,0,5,39,1
4,4,0,11,5,0,12,1,4,0,0,0,5,39,0
0,4,0,15,6,4,6,1,4,1,0,0,2,39,0
6,6,1,11,5,2,4,0,4,1,0,0,3,39,0
3,4,1,9,8,0,12,4,4,1,0,0,6,39,0
2,2,0,9,8,4,10,1,2,0,0,0,5,39,0
3,4,1,9,8,0,1,1,4,0,0,0,3,39,0
3,4,0,9,8,2,4,0,4,1,0,0,3,39,1
3,2,0,15,6,0,4,4,4,0,0,0,2,39,0
2,7,1,11,5,0,1,4,4,0,0,0,1,33,0
5,4,1,7,7,2,3,0,4,1,0,0,3,39,1
4,4,1,11,5,2,3,0,4,1,0,0,3,39,0
3,7,0,10,9,2,10,0,4,1,0,4,3,39,1
3,4,1,15,6,2,7,0,4,1,0,0,6,39,0
1,4,1,11,5,2,14,0,4,1,0,0,4,39,0
2,4,1,11,5,0,7,1,4,0,0,0,3,39,0
2,4,1,12,8,2,4,0,4,1,0,0,6,2,1
1,4,1,15,6,2,1,5,4,0,0,0,3,39,0
6,4,0,5,2,6,8,1,2,0,0,0,0,39,0
0,4,1,7,7,4,8,3,4,0,0,0,3,39,0
1,4,0,11,5,2,7,0,4,1,0,0,3,39,1
5,4,0,11,5,0,3,1,4,1,0,0,3,39,0
2,4,1,7,7,2,4,0,4,1,0,0,9,39,1
1,0,1,8,6,4,0,3,4,1,0,0,9,39,0
2,4,1,0,3,5,8,4,4,0,0,0,3,39,0
1,4,1,1,4,0,8,1,4,0,0,0,3,39,0
2,6,0,5,2,4,6,4,2,1,0,0,0,39,0
0,4,0,15,6,4,3,3,4,1,0,0,3,39,0
3,4,1,11,5,2,3,0,4,1,0,4,3,39,1
2,6,0,15,6,2,12,0,4,1,0,0,6,39,0
1,4,0,7,7,2,1,0,4,1,0,0,3,39,1
1,6,0,15,6,4,10,4,4,1,0,0,3,39,0
2,2,2,9,8,0,10,1,4,0,0,0,3,39,0
8,0,0,6,2,6,0,1,4,1,0,0,2,39,0
2,4,1,9,8,4,12,1,4,1,0,0,4,39,1
7,4,0,3,0,2,14,0,2,1,0,0,1,39,0
5,1,1,15,6,2,1,0,4,1,0,0,3,39,1
1,4,1,8,6,4,14,3,4,1,0,4,6,39,0
0,0,1,15,6,4,0,1,4,0,0,0,3,39,0
0,4,2,15,6,4,12,3,4,0,0,0,3,39,0
1,4,1,15,6,2,4,0,4,1,0,0,3,39,0
3,2,0,12,8,0,10,1,4,1,0,4,3,39,0
0,4,0,11,5,4,1,3,4,1,0,0,3,39,0
2,4,0,11,5,0,1,4,4,0,0,0,3,39,0
1,4,1,11,5,5,5,1,4,1,0,0,3,39,0
3,4,0,11,5,0,5,1,4,0,0,0,3,39,0
4,4,1,9,8,2,4,0,4,1,0,0,4,39,0
1,7,1,0,3,4,8,3,2,0,0,0,3,39,0
2,4,0,11,5,2,14,0,4,1,0,0,3,39,0
5,4,1,11,5,2,14,0,4,1,0,0,3,39,0
5,7,1,12,8,2,10,0,4,1,0,4,5,39,1
1,4,0,15,6,2,3,0,4,1,0,0,3,39,0
5,0,1,0,3,5,0,1,4,1,0,0,2,39,0
6,0,1,13,0,2,0,0,2,1,0,0,2,39,0
4,4,1,11,5,2,4,0,4,1,0,0,6,39,0
1,6,1,9,8,2,4,0,4,1,0,0,6,39,1
8,4,0,5,2,6,8,1,4,0,0,0,2,39,0
2,4,2,15,6,2,10,0,4,1,0,0,5,39,1
1,4,1,15,6,4,8,1,2,0,0,0,2,23,0
1,4,1,8,6,0,13,1,4,0,0,0,4,39,0
0,1,1,11,5,4,1,4,2,0,0,0,3,39,0
7,4,0,11,5,6,12,2,4,0,0,0,1,39,0
0,4,1,11,5,4,1,1,4,0,0,0,3,39,0
3,7,0,11,5,2,14,0,4,1,0,0,3,39,0
1,4,1,9,8,4,1,3,4,1,0,0,3,39,0
1,4,0,15,6,2,6,5,4,0,0,0,3,39,0
3,4,0,11,5,2,1,0,2,1,0,0,4,39,0
0,0,0,15,6,4,0,3,4,0,0,0,4,39,0
6,6,0,1,4,2,4,0,4,1,0,0,5,0,1
7,2,0,10,9,2,4,0,4,1,0,2,3,39,0
3,4,1,9,8,2,4,0,4,1,1,0,5,39,1
1,4,0,11,5,2,7,0,4,1,0,0,3,39,0
1,4,1,9,8,4,10,1,4,1,0,0,4,39,0
2,4,1,9,8,2,11,0,2,1,0,0,2,39,0
1,0,1,7,7,4,0,2,4,1,0,0,3,39,0
1,4,0,9,8,4,10,1,4,0,0,0,3,39,0
4,5,1,9,8,2,12,0,4,1,0,0,3,39,1
4,4,1,11,5,2,3,0,4,1,0,0,5,39,1
0,4,1,11,5,4,10,3,4,0,0,0,2,39,0
1,4,0,11,5,4,3,1,4,1,0,0,3,39,0
6,4,0,11,5,2,12,0,4,1,0,0,0,39,1
1,4,1,15,6,2,6,0,4,1,0,0,3,26,0
0,0,0,11,5,4,0,3,4,1,0,0,3,39,0
2,4,0,15,6,2,4,0,4,1,0,0,5,39,0
3,4,0,11,5,2,7,0,4,1,0,4,3,39,0
1,4,3,15,6,2,3,0,4,1,0,0,4,39,0
0,0,0,6,2,4,0,4,2,0,0,0,3,39,0
5,6,2,15,6,2,3,0,4,1,0,0,5,39,1
0,4,1,15,6,4,12,3,2,1,0,0,2,39,0
1,6,1,12,8,5,13,1,4,0,0,0,2,39,0
1,4,1,9,8,4,10,3,4,0,0,0,3,39,0
5,4,1,11,5,2,7,0,4,1,0,0,4,39,0
1,4,0,15,6,2,1,0,4,1,0,0,3,39,0
0,4,0,11,5,2,12,3,4,1,0,0,3,39,0
1,2,0,12,8,4,10,1,4,0,0,0,5,39,0
2,4,2,11,5,4,3,1,4,1,0,0,3,39,0
3,4,0,15,6,2,13,0,4,1,0,0,4,39,1
3,4,2,9,8,4,4,1,4,0,0,0,0,39,0
5,4,0,11,5,0,1,4,4,0,0,0,3,39,0
1,4,1,9,8,2,1,5,4,0,0,0,3,39,0
4,4,1,4,1,0,7,4,3,0,0,0,3,6,0
0,4,1,11,5,2,8,0,4,1,0,0,3,39,0
2,4,0,9,8,5,8,4,1,0,0,0,3,30,0
0,4,1,15,6,4,7,3,4,1,0,0,1,39,0
2,4,2,10,9,2,10,0,4,1,0,0,5,2,0
2,4,0,8,6,2,8,0,4,1,0,0,3,39,1
2,4,4,9,8,0,4,1,4,1,0,0,5,39,1
3,4,1,11,5,2,7,0,4,1,0,0,5,39,1
3,2,1,9,8,0,10,1,4,0,0,0,2,39,1
2,5,2,15,6,2,12,0,4,1,0,0,5,39,1
1,4,1,8,6,0,1,4,4,0,0,0,3,39,0
0,4,1,15,6,4,1,3,4,1,0,0,3,39,0
4,2,0,11,5,2,11,0,4,1,0,0,7,39,0
1,4,2,15,6,2,11,0,4,1,0,0,3,39,0
2,7,1,8,6,3,11,3,4,0,0,0,3,11,0
2,7,3,15,6,0,13,4,4,0,0,0,3,39,0
3,0,1,9,8,2,0,5,4,0,0,0,2,39,1
1,4,0,9,8,2,4,5,4,0,0,0,5,39,1
7,4,3,6,2,6,8,4,2,0,0,0,1,39,0
1,6,1,11,5,5,3,3,4,1,0,0,3,39,0
3,4,0,9,8,2,12,0,4,1,0,0,3,39,1
1,4,1,9,8,4,10,1,4,0,0,0,3,39,0
2,7,1,9,8,4,1,1,4,1,0,0,3,39,0
2,6,2,14,9,2,10,0,4,1,0,0,6,39,1
5,6,1,14,9,2,12,0,4,1,0,0,4,39,1
3,4,0,9,8,2,4,0,4,1,0,0,4,39,1
3,4,1,0,3,2,3,0,4,1,0,0,6,39,0
0,4,1,9,8,4,10,1,4,0,0,0,3,39,0
5,2,1,12,8,6,10,4,4,0,0,0,3,39,0
0,6,0,15,6,4,8,1,4,0,0,0,7,39,0
3,4,1,9,8,2,4,0,4,1,0,0,6,39,1
0,4,1,1,4,4,5,4,4,1,0,0,3,39,0
2,4,0,11,5,5,3,1,4,1,0,0,4,32,0
3,4,0,11,5,2,3,0,4,1,0,0,3,39,0
2,2,1,12,8,4,10,1,4,1,0,0,6,39,0
6,7,2,10,9,2,10,0,4,1,0,4,3,39,1
2,4,1,11,5,4,3,1,4,1,0,0,6,39,0
6,0,1,11,5,2,0,0,4,1,0,0,2,39,0
2,7,0,9,8,4,10,1,4,0,0,0,3,39,0
1,4,0,11,5,2,3,0,1,1,0,0,3,39,0
3,7,0,10,9,4,10,1,2,0,0,0,3,39,0
4,4,1,11,5,0,13,1,4,0,0,0,3,39,0
5,2,1,12,8,0,10,4,4,0,0,0,6,39,1
5,7,2,11,5,2,1,0,2,1,0,0,3,39,1
3,4,1,4,1,2,8,0,4,1,0,0,3,26,0
2,0,0,9,8,2,0,5,1,0,0,0,3,3,0
3,4,1,15,6,0,8,1,4,0,0,0,3,39,0
3,4,0,12,8,2,12,0,4,1,0,0,5,39,1
2,4,1,5,2,2,3,0,4,1,0,0,3,26,0
2,4,0,15,6,4,1,1,4,0,0,0,3,39,0
3,4,0,9,8,5,10,1,2,0,9,0,6,39,1
3,4,1,9,8,3,1,1,4,0,0,0,3,5,0
1,4,0,7,7,0,1,4,4,0,0,0,3,39,0
2,4,0,12,8,2,3,0,2,1,0,0,3,39,1
3,4,1,11,5,0,3,1,4,1,0,0,3,39,0
3,4,1,11,5,2,3,0,4,1,0,0,3,39,0
6,4,1,7,7,2,4,0,4,1,0,0,4,39,0
3,4,1,9,8,2,13,0,4,1,0,0,5,39,0
4,4,1,11,5,2,14,0,4,1,0,0,3,39,0
0,0,1,6,2,0,0,1,4,0,0,0,3,39,0
6,7,3,9,8,2,4,0,4,1,0,0,1,39,0
6,6,0,11,5,2,5,0,4,1,0,0,4,39,1
3,4,1,9,8,2,4,0,4,1,0,0,6,39,1
7,4,2,11,5,2,5,0,4,1,0,0,5,39,0
1,4,0,2,4,2,14,0,4,1,0,0,3,39,1
1,4,1,11,5,4,8,1,2,0,0,0,3,39,0
2,4,0,11,5,2,12,0,4,1,0,0,3,39,1
2,4,0,3,0,2,6,0,4,1,0,0,3,22,0
3,4,0,9,8,6,10,1,4,0,1,0,5,39,1
5,7,0,0,3,2,5,0,4,1,0,0,3,39,0
2,6,2,9,8,2,12,0,4,1,0,0,6,39,1
5,4,1,11,5,0,7,3,4,0,0,0,3,39,0
5,4,1,15,6,2,3,0,4,1,0,0,3,39,1
0,4,1,9,8,4,1,1,1,0,0,0,3,39,0
1,4,1,15,6,0,13,3,4,0,0,0,3,39,0
2,4,0,11,5,4,8,3,2,1,0,0,3,39,0
1,4,1,9,8,4,10,1,4,0,0,0,3,39,0
1,4,2,12,8,2,5,1,4,1,0,0,9,39,1
6,4,1,11,5,4,3,2,1,1,0,0,3,1,0
2,6,1,11,5,2,6,0,4,1,0,0,3,39,1
2,6,0,11,5,2,3,0,4,1,0,0,3,39,0
0,4,0,15,6,4,8,1,1,0,0,0,2,39,0
0,4,1,11,5,4,7,3,4,0,0,0,2,39,0
5,4,1,11,5,0,8,1,4,1,0,0,3,39,0
5,4,0,0,3,2,3,0,4,1,0,0,3,39,0
4,4,1,15,6,2,14,0,4,1,0,0,5,39,0
2,5,0,11,5,2,1,0,4,1,0,0,4,39,0
4,4,0,9,8,0,12,1,2,1,0,0,3,39,1
3,4,0,8,6,2,13,5,4,0,0,4,3,39,1
1,4,0,9,8,2,4,5,4,0,1,0,2,39,1
1,7,1,9,8,4,10,1,4,1,0,0,3,39,0
3,4,1,11,5,0,3,4,4,0,0,0,3,39,0
1,4,1,7,7,0,1,1,4,0,0,0,3,39,0
3,4,0,11,5,4,14,3,4,1,0,0,3,39,0
1,4,2,9,8,2,4,0,4,1,0,0,3,39,0
1,4,1,5,2,2,6,0,4,1,0,0,3,26,0
1,2,1,12,8,2,10,0,4,1,0,0,9,39,1
3,4,2,11,5,4,12,1,2,1,0,0,3,39,0
4,0,1,15,6,2,0,0,4,1,0,0,3,39,0
4,6,1,9,8,2,10,0,4,1,0,0,6,39,0
0,4,0,11,5,5,8,3,4,0,0,0,3,39,0
1,5,0,7,7,4,10,2,2,0,0,0,3,39,0
1,4,1,11,5,2,10,5,2,0,0,0,3,39,0
2,4,1,7,7,2,4,0,4,1,0,0,5,39,1
3,7,1,15,6,4,8,1,4,0,0,0,3,39,0
4,4,0,2,4,2,7,0,4,1,0,0,3,39,0
2,4,1,15,6,0,10,1,4,1,0,0,3,39,0
2,4,1,11,5,4,8,1,4,1,0,0,5,39,0
3,0,1,1,4,6,0,4,2,0,0,0,3,39,0
3,5,0,15,6,2,4,0,4,1,0,0,5,39,1
2,4,0,2,4,5,8,1,4,0,0,0,2,39,0
3,2,0,9,8,0,10,4,4,1,0,0,4,39,0
5,6,2,9,8,2,4,0,4,1,0,0,3,39,1
5,4,1,9,8,2,4,0,4,1,0,0,4,39,1
2,4,1,9,8,2,10,0,4,1,0,0,5,39,0
0,4,1,11,5,2,12,2,4,1,0,0,1,39,0
7,6,0,15,6,2,4,0,4,1,0,5,3,39,1
3,4,1,11,5,0,5,1,4,1,0,5,4,39,1
4,2,1,11,5,6,8,1,4,0,0,0,2,39,0
1,4,0,15,6,4,10,1,4,1,0,0,1,39,0
1,4,1,15,6,2,12,0,4,1,0,0,3,39,1
0,4,1,15,6,4,6,3,4,1,0,0,3,5,0
0,7,1,15,6,4,6,3,4,1,0,0,3,39,0
6,0,1,5,2,6,0,1,4,0,0,0,1,39,0
3,2,1,11,5,2,14,0,4,1,0,0,3,39,0
1,0,2,9,8,4,0,1,4,1,0,0,3,39,0
4,0,0,8,6,0,0,1,4,1,0,0,3,39,0
2,5,1,11,5,2,4,0,4,1,0,0,3,39,1
0,1,1,1,4,4,7,3,4,1,0,0,0,39,0
1,4,3,11,5,4,14,1,4,1,0,0,7,39,0
2,4,0,15,6,4,12,3,4,1,0,0,3,39,0
2,4,1,11,5,0,8,2,4,0,0,0,5,29,0
2,4,1,11,5,2,6,0,4,1,0,0,3,39,0
0,4,1,11,5,2,3,0,4,1,0,0,2,39,0
3,4,1,11,5,5,7,4,4,0,0,0,4,5,0
2,4,2,9,8,2,10,0,4,1,0,0,3,39,0
2,6,0,11,5,2,3,2,4,1,0,0,3,21,0
4,4,0,7,7,0,13,1,4,1,0,0,2,39,0
0,4,1,11,5,4,7,1,4,1,0,0,5,39,0
2,4,1,11,5,2,3,0,4,1,0,3,4,39,0
3,6,0,15,6,2,4,0,4,1,0,0,5,39,1
2,4,0,15,6,2,13,0,4,1,0,0,4,39,0
3,4,0,11,5,0,12,1,4,1,0,0,6,39,1
4,4,1,15,6,2,12,0,4,1,0,0,3,39,1
4,4,0,9,8,0,1,1,4,0,0,0,0,39,0
2,4,1,9,8,2,12,0,3,1,0,0,3,33,0
7,0,0,10,9,2,0,0,4,1,0,5,0,39,1
4,6,1,11,5,2,14,0,4,1,0,0,3,39,1
1,4,0,11,5,3,11,1,4,1,0,0,3,39,0
1,4,0,8,6,0,12,3,4,0,0,0,3,39,0
3,4,0,11,5,2,14,0,4,1,0,0,3,39,0
1,4,1,11,5,2,3,0,4,1,0,0,3,7,0
3,4,0,15,6,0,8,1,2,1,0,0,5,39,1
0,0,1,5,2,2,0,3,4,1,0,0,6,39,0
2,4,1,12,8,2,4,0,4,1,0,0,5,10,0
4,4,0,15,6,0,4,4,4,0,0,0,3,39,0
1,6,1,11,5,2,12,0,4,1,0,0,5,39,1
2,4,2,7,7,0,6,4,4,0,0,0,2,39,0
1,4,1,8,6,2,1,5,4,0,0,0,3,39,0
0,4,2,1,4,4,6,3,4,1,0,0,2,39,0
0,4,2,9,8,4,12,3,4,1,0,0,3,39,0
4,4,0,9,8,2,10,0,4,1,0,0,4,39,0
0,4,1,1,4,4,1,3,4,0,0,0,1,39,0
1,6,1,15,6,4,12,3,4,1,0,0,2,39,0
3,4,1,11,5,2,14,0,4,1,0,0,3,39,0
0,4,1,0,3,2,7,5,4,0,0,0,3,39,0
4,1,0,15,6,2,1,0,2,1,0,0,3,39,1
4,4,0,9,8,2,4,0,4,1,0,0,6,39,1
0,4,1,11,5,4,6,1,4,1,0,0,3,39,0
6,4,0,11,5,4,14,1,4,1,0,0,5,39,0
4,4,0,2,4,3,4,1,4,0,0,0,5,39,0
4,6,1,14,9,2,10,0,4,1,0,0,8,39,1
2,4,1,9,8,5,10,1,4,1,0,0,3,0,0
3,4,1,15,6,2,4,0,4,1,0,0,5,39,1
1,4,0,15,6,4,10,3,4,0,0,0,3,39,0
2,0,1,5,2,2,0,0,4,1,0,0,4,39,0
5,6,0,11,5,2,5,0,4,1,0,0,7,39,0
2,4,1,15,6,2,12,0,4,1,0,0,5,39,1
1,0,1,15,6,4,0,4,4,0,0,0,3,39,0
1,4,1,11,5,2,7,0,4,1,0,0,3,39,0
6,0,0,1,4,2,0,0,4,1,0,0,2,39,0
2,0,0,11,5,2,0,0,4,1,0,0,5,39,0
0,4,1,7,7,4,7,3,4,1,0,0,3,39,0
4,4,0,11,5,2,6,5,4,0,0,0,1,39,1
3,4,0,11,5,2,10,5,4,0,0,0,1,39,0
0,4,0,15,6,4,1,3,4,0,0,0,3,39,0
5,4,1,11,5,5,7,1,4,1,0,0,4,39,0
5,4,0,11,5,2,12,0,4,1,0,0,3,39,0
3,4,1,8,6,0,1,4,4,0,0,0,5,39,0
0,4,1,6,2,4,6,2,4,1,0,0,3,26,0
4,4,0,11,5,2,4,0,4,1,0,0,3,39,1
7,6,0,11,5,2,12,0,4,1,0,0,5,39,0
3,4,0,15,6,0,7,3,4,1,0,0,3,22,0
3,4,0,11,5,2,6,0,4,1,0,0,3,39,0
3,4,0,15,6,0,5,1,4,1,0,0,3,39,0
4,7,2,11,5,2,11,0,4,1,0,0,7,39,1
3,7,0,15,6,0,4,4,4,1,0,0,3,39,0
3,4,2,15,6,2,10,0,4,1,0,0,3,39,1
5,4,0,11,5,2,3,0,4,1,0,0,3,39,0
4,5,1,15,6,0,3,1,4,1,0,0,5,39,0
3,4,0,15,6,2,12,0,4,1,0,0,3,39,0
3,6,1,14,9,2,10,5,4,0,1,0,3,39,1
0,2,2,15,6,4,1,3,4,0,0,0,0,39,0
2,4,1,11,5,2,14,5,4,0,0,0,3,39,1
1,4,0,14,9,6,8,1,4,1,0,0,3,39,0
1,0,0,9,8,4,0,1,4,1,0,0,3,39,0
3,7,2,15,6,0,1,1,4,0,0,0,3,39,0
6,0,1,11,5,2,0,0,4,1,0,0,1,39,0
2,4,1,11,5,2,3,0,4,1,0,0,4,39,0
0,4,1,11,5,4,1,3,4,0,0,0,2,39,0
4,4,0,0,3,2,8,0,4,1,0,0,3,26,0
5,2,1,14,9,2,1,0,1,1,0,0,3,30,1
3,5,0,9,8,2,4,0,1,1,0,4,6,36,1
3,6,1,9,8,3,4,1,4,1,0,0,4,31,0
3,4,1,11,5,4,4,1,4,0,0,0,3,39,0
4,4,0,12,8,2,10,0,4,1,0,4,6,39,1
4,0,0,5,2,5,0,1,4,1,0,0,3,39,0
2,2,1,9,8,5,10,1,4,0,0,0,5,39,1
3,4,1,15,6,2,10,0,4,1,0,0,5,39,0
4,2,1,14,9,0,10,1,4,0,0,0,5,39,0
4,4,0,8,6,2,10,0,4,1,0,0,3,39,1
8,0,0,5,2,2,0,0,4,1,0,0,3,39,0
5,4,2,13,0,2,3,0,1,1,0,0,3,19,0
2,4,0,11,5,2,12,0,4,1,0,0,5,39,1
4,4,1,11,5,5,1,2,4,0,0,0,3,39,0
6,4,1,9,8,0,9,1,4,0,0,0,1,0,0
5,4,1,15,6,2,3,0,4,1,0,0,3,39,0
3,5,1,11,5,4,12,1,4,1,0,0,5,39,0
3,1,0,15,6,0,6,1,1,1,0,0,3,39,0
3,5,1,15,6,2,3,0,4,1,0,0,5,39,1
6,2,0,11,5,2,3,0,4,1,0,5,3,39,0
4,4,1,15,6,0,13,1,4,1,0,0,3,39,0
4,4,0,12,8,2,4,0,4,1,0,0,3,39,1
1,4,1,11,5,4,11,1,2,0,0,0,3,39,0
2,6,0,11,5,2,3,0,4,1,0,0,3,39,0
1,4,1,5,2,4,3,4,4,1,0,0,3,39,0
1,4,0,15,6,2,1,0,0,1,0,0,3,39,0
0,4,0,15,6,4,8,3,4,0,0,0,6,39,0
1,4,2,11,5,4,7,3,4,1,0,0,3,39,0
4,2,0,15,6,2,14,0,4,1,0,0,3,39,0
4,6,0,12,8,2,10,0,4,1,0,0,5,39,1
1,4,0,15,6,4,1,2,4,1,0,0,3,39,0
2,4,1,9,8,4,3,3,4,1,0,0,1,39,0
4,4,1,9,8,2,4,0,4,1,0,0,5,39,1
4,6,1,9,8,2,10,0,4,1,0,0,3,39,1
8,4,2,15,6,0,1,1,4,0,0,0,1,39,0
0,4,1,11,5,4,6,1,4,0,0,0,3,39,0
0,4,1,15,6,4,11,3,4,1,0,0,3,39,0
2,4,1,9,8,4,1,4,2,0,0,0,2,39,0
4,6,1,15,6,2,5,0,4,1,0,0,6,39,0
3,5,1,9,8,2,10,0,4,1,0,0,6,39,0
2,4,0,8,6,4,14,1,4,1,0,0,3,39,0
2,4,0,11,5,0,12,4,4,0,0,0,3,39,0
1,4,0,15,6,4,1,4,4,0,0,0,5,39,0
2,4,1,15,6,2,14,0,1,1,0,0,3,0,0
2,4,1,11,5,0,3,1,4,1,0,0,3,39,0
1,7,1,7,7,4,1,1,4,0,0,0,3,39,0
4,4,1,15,6,2,12,5,4,0,0,0,3,39,1
1,5,1,9,8,2,4,0,4,1,0,3,7,39,0
3,4,1,11,5,4,12,1,2,0,0,0,6,39,0
4,4,1,11,5,0,1,4,4,0,0,0,3,39,0
4,7,0,12,8,2,4,0,4,1,0,0,6,39,1
0,4,0,11,5,2,6,0,4,1,0,0,3,39,0
0,4,2,11,5,4,8,1,4,0,0,0,2,39,0
0,4,1,11,5,4,5,3,4,1,0,0,3,39,0
1,4,0,12,8,2,12,0,4,1,0,0,1,39,0
1,4,1,11,5,0,1,3,2,0,0,0,3,39,0
1,1,0,12,8,2,4,0,4,1,0,0,6,39,1
3,4,2,9,8,0,10,4,4,0,0,0,5,39,0
7,4,0,3,0,6,9,1,2,0,0,0,0,39,0
0,4,1,15,6,4,1,3,4,1,0,0,2,39,0
4,5,0,15,6,2,4,0,4,1,1,0,5,39,1
1,4,0,11,5,0,1,4,4,0,0,0,4,39,0
3,2,2,9,8,0,11,1,4,1,0,0,3,39,0
4,2,0,15,6,0,4,1,4,1,0,0,5,39,1
0,4,0,15,6,4,4,1,4,0,0,0,3,39,0
5,4,0,9,8,2,13,0,4,1,0,0,1,39,1
2,4,8,9,8,2,12,0,4,1,0,0,5,39,1
1,4,2,2,4,2,8,5,4,0,0,0,3,39,0
1,4,0,11,5,4,6,3,0,0,0,0,0,39,0
3,6,0,11,5,2,5,0,4,1,0,0,5,39,0
3,2,1,12,8,5,10,4,2,0,0,0,3,39,0
3,4,0,4,1,2,14,0,0,1,0,4,3,39,0
1,4,0,9,8,2,3,0,4,1,0,0,6,39,0
0,7,1,9,8,4,10,3,4,0,0,0,1,39,0
6,0,2,6,2,0,0,1,4,0,0,0,3,39,0
3,7,0,11,5,0,8,4,2,0,0,0,3,39,0
4,5,2,9,8,2,4,0,4,1,0,0,5,39,0
1,4,1,9,8,2,12,0,4,1,0,0,3,39,0
0,0,1,11,5,4,0,3,4,1,0,0,3,39,0
1,4,0,15,6,4,10,3,4,1,0,0,3,39,0
2,4,0,9,8,2,12,0,4,1,1,0,6,39,1
0,0,1,2,4,4,0,3,4,0,0,0,2,39,0
4,1,1,15,6,2,4,5,1,0,0,4,3,30,1
1,4,0,11,5,4,14,3,4,1,0,0,3,39,0
0,4,0,11,5,4,8,1,4,1,0,4,3,39,0
1,4,1,11,5,2,1,5,2,0,0,0,3,39,0
2,4,0,11,5,4,12,2,1,0,0,0,3,0,0
3,6,0,6,2,2,3,0,4,1,0,0,3,39,1
4,4,0,15,6,6,4,1,4,0,0,0,3,39,1
1,2,1,9,8,2,1,0,4,1,0,0,4,39,0
2,4,0,12,8,2,10,0,4,1,0,0,4,39,1
4,7,2,12,8,0,10,4,4,0,0,0,3,39,0
1,4,0,9,8,2,12,0,4,1,0,0,3,39,1
2,6,0,11,5,0,5,1,4,1,0,0,3,39,0
3,1,1,11,5,2,1,5,4,0,0,0,3,39,1
9,2,1,7,7,2,1,0,1,1,0,0,1,30,0
7,6,1,15,6,2,4,0,4,1,0,0,3,39,0
0,0,0,15,6,4,0,3,4,1,0,0,3,39,0
2,6,0,11,5,2,12,0,4,1,0,0,6,39,0
2,4,0,4,1,2,7,0,4,1,0,0,3,26,1
5,5,1,2,4,2,4,0,4,1,0,3,3,39,0
3,4,0,0,3,5,7,4,2,0,0,0,3,39,0
5,4,0,9,8,2,12,5,4,0,0,0,3,39,0
6,4,1,8,6,0,8,1,4,0,0,0,1,39,0
1,4,2,15,6,2,6,0,4,1,0,0,1,39,0
3,7,1,15,6,0,1,2,4,0,0,0,3,39,0
2,7,1,5,2,2,6,0,4,1,0,0,1,39,0
4,2,1,7,7,2,1,5,4,0,0,0,3,39,1
1,4,1,9,8,2,4,5,4,0,0,0,2,39,1
1,4,0,15,6,4,6,1,2,1,0,0,4,39,0
0,4,1,1,4,2,6,2,4,1,0,0,3,39,0
0,6,0,1,4,4,8,3,4,0,0,0,0,39,0
1,4,1,9,8,4,4,3,4,0,0,0,3,39,0
0,4,1,11,5,4,1,3,2,0,0,0,3,39,0
4,4,0,11,5,2,14,0,0,1,0,0,3,39,1
3,4,1,15,6,2,3,0,4,1,0,0,4,39,1
5,4,1,0,3,6,8,2,1,0,0,0,3,30,0
1,5,1,11,5,4,12,3,4,1,0,0,4,39,0
4,4,0,12,8,2,4,0,4,1,9,0,6,39,1
2,6,2,9,8,2,12,0,4,1,0,0,6,24,0
9,2,1,5,2,2,11,0,4,1,0,0,3,39,0
3,6,0,9,8,2,3,0,4,1,0,0,3,39,0
4,2,1,9,8,2,11,0,4,1,0,0,3,39,1
0,4,1,11,5,4,8,1,4,0,0,0,3,39,0
3,4,0,11,5,2,10,0,4,1,0,0,3,39,0
1,0,1,7,7,4,0,3,4,0,0,0,8,39,0
1,4,0,9,8,4,10,1,4,0,0,0,3,39,0
1,4,1,15,6,4,12,1,4,0,0,0,1,39,0
3,5,0,15,6,2,4,0,4,1,0,0,5,39,0
3,4,0,15,6,6,12,1,4,0,0,0,2,39,0
6,7,1,9,8,0,10,1,4,1,1,0,3,39,1
2,4,0,8,6,4,13,1,4,0,0,0,3,39,0
6,4,1,11,5,6,4,1,4,0,0,0,3,39,0
2,4,1,11,5,2,10,0,4,1,0,0,3,39,0
1,4,0,15,6,2,3,0,4,1,0,0,3,39,1
6,0,0,15,6,2,0,0,2,1,0,0,3,39,1
1,7,1,7,7,4,11,1,4,1,0,0,3,39,0
3,4,0,15,6,2,12,0,4,1,1,0,3,39,1
0,4,2,11,5,4,7,1,4,0,0,0,4,39,0
4,4,1,15,6,6,1,4,4,0,0,0,4,39,0
3,4,0,7,7,2,4,0,4,1,0,0,3,39,1
0,4,0,15,6,4,12,3,1,1,0,0,1,40,0
2,6,1,7,7,2,3,0,4,1,0,0,3,39,0
6,4,2,9,8,2,12,0,4,1,0,0,3,39,0
8,4,0,15,6,2,12,0,4,1,0,0,1,39,0
2,2,1,15,6,0,1,4,4,0,0,0,3,39,0
0,4,1,11,5,4,8,3,4,1,0,0,3,39,0
1,4,1,11,5,2,7,0,4,1,0,0,3,39,0
0,2,2,15,6,2,11,0,2,1,0,0,3,39,0
0,6,2,15,6,4,8,3,4,1,0,0,2,39,0
3,0,2,11,5,4,0,2,4,0,0,0,3,39,0
0,4,0,15,6,4,8,3,4,0,0,0,1,39,0
4,4,0,9,8,2,4,0,4,1,0,4,5,39,1
0,4,1,11,5,4,3,1,4,1,0,0,3,39,0
3,4,1,5,2,4,6,1,2,1,0,5,3,39,0
1,4,1,15,6,2,5,0,4,1,0,0,3,39,0
5,4,0,11,5,2,4,0,4,1,0,0,5,39,1
2,6,0,15,6,2,3,0,4,1,0,0,5,39,1
4,4,1,11,5,2,14,0,4,1,0,0,5,39,1
1,4,1,15,6,4,1,1,4,1,0,0,2,39,0
6,6,1,15,6,2,8,0,4,1,0,0,2,39,0
5,4,1,11,5,2,4,0,4,1,0,0,3,39,1
2,4,1,15,6,0,3,1,4,1,0,0,3,20,0
2,4,1,12,8,2,12,0,4,1,0,0,5,39,1
4,7,0,8,6,0,13,1,4,1,0,5,3,39,1
6,4,1,11,5,6,12,1,4,0,0,0,3,39,1
4,4,1,15,6,2,4,0,4,1,0,3,6,39,0
3,4,0,11,5,4,12,1,4,0,0,0,3,39,0
0,0,0,15,6,4,0,3,0,1,0,0,7,39,0
0,4,4,11,5,4,12,3,2,0,0,0,3,39,0
4,4,0,9,8,2,10,0,4,1,0,0,3,39,1
0,4,2,11,5,2,5,0,2,1,0,0,3,39,0
3,4,0,15,6,4,1,1,4,0,0,0,3,39,0
4,4,0,11,5,2,7,0,2,1,0,0,3,39,0
3,4,0,11,5,2,12,0,4,1,0,0,6,39,0
6,4,1,11,5,6,1,1,4,0,0,0,3,39,0
0,4,1,5,2,4,3,1,4,1,0,0,4,39,0
4,4,1,10,9,2,4,0,4,1,0,0,3,39,1
0,4,0,2,4,4,8,3,4,0,0,0,0,39,0
0,4,1,9,8,4,4,1,4,0,0,0,3,39,0
3,4,0,15,6,2,3,0,4,1,0,0,3,39,0
1,4,1,15,6,2,1,0,4,1,0,0,3,39,0
1,4,3,15,6,2,3,0,4,1,0,0,3,39,1
4,1,1,12,8,3,4,1,4,0,1,0,5,39,1
5,1,0,15,6,0,1,1,2,0,0,0,3,39,0
3,6,0,8,6,0,8,4,4,0,0,0,0,39,0
0,4,1,11,5,4,1,3,4,1,0,4,3,39,0
3,6,0,9,8,2,4,0,4,1,0,0,3,39,0
3,4,1,12,8,2,10,0,4,1,0,0,4,39,0
7,4,0,9,8,4,4,1,4,0,0,0,1,39,0
4,4,0,11,5,2,12,0,4,1,0,0,3,39,1
2,4,1,15,6,2,11,0,4,1,0,0,4,6,0
2,6,0,12,8,4,4,1,4,1,0,0,3,39,0
0,4,0,11,5,2,4,0,4,1,0,0,2,39,0
2,4,0,15,6,0,4,4,4,0,0,0,6,39,0
1,4,1,11,5,5,6,4,2,0,0,0,3,39,0
2,1,0,11,5,4,8,3,2,0,0,0,3,39,0
5,4,1,12,8,6,10,1,4,0,0,0,3,39,0
2,4,1,8,6,4,6,1,2,1,0,0,3,39,0
4,5,0,12,8,2,4,0,4,1,0,0,3,39,1
1,7,0,9,8,2,10,0,1,1,0,0,3,19,1
0,4,0,1,4,4,8,3,4,0,0,0,0,39,0
6,4,1,11,5,6,8,1,4,0,0,0,3,39,0
3,4,0,9,8,2,10,0,4,1,0,0,5,39,1
6,6,1,11,5,2,5,0,4,1,0,0,1,39,0
3,5,0,11,5,2,12,0,4,1,0,0,3,39,0
4,4,0,12,8,2,4,0,4,1,1,0,5,39,1
0,2,1,15,6,4,5,3,4,1,0,0,3,39,0
2,6,2,9,8,2,3,0,4,1,0,0,3,39,0
2,4,1,11,5,2,10,0,4,1,0,0,3,0,0
1,4,1,0,3,2,7,0,4,1,0,0,3,39,0
1,6,1,7,7,4,12,1,4,1,0,0,5,39,0
5,6,1,5,2,2,10,0,4,1,0,0,3,0,0
5,4,1,11,5,6,8,2,4,0,0,3,2,39,0
1,4,0,15,6,3,12,4,4,0,0,0,3,39,0
4,4,0,2,4,0,5,3,4,1,0,0,3,39,0
1,6,0,7,7,0,3,1,4,1,0,0,5,39,0
1,4,0,14,9,4,10,1,4,0,0,0,6,39,1
5,4,0,0,3,2,7,0,4,1,0,0,3,39,0
3,6,1,10,9,4,10,1,4,1,0,0,3,39,1
8,6,1,5,2,2,3,0,4,1,0,0,0,39,0
5,7,1,12,8,2,4,0,4,1,0,0,4,39,1
4,4,1,7,7,2,1,5,4,0,0,0,3,22,1
3,4,1,15,6,5,12,1,4,1,0,0,8,39,1
1,4,1,9,8,4,4,1,4,1,0,0,5,39,0
2,4,1,9,8,2,3,0,4,1,0,0,3,39,0
2,5,1,9,8,2,12,0,4,1,0,0,5,39,1
6,2,1,11,5,6,8,4,4,0,0,0,3,39,0
4,0,0,11,5,2,0,0,4,1,0,0,2,39,0
4,4,2,8,6,2,3,0,4,1,0,0,3,39,1
3,6,0,9,8,2,12,0,4,1,0,0,4,39,0
4,4,1,11,5,2,8,0,2,1,0,0,6,39,1
0,4,2,15,6,4,8,4,4,1,0,0,3,26,0
0,4,2,15,6,4,12,3,4,1,0,0,3,39,0
2,4,1,12,8,4,10,4,4,0,0,0,3,39,0
3,7,0,12,8,4,10,1,4,1,0,0,3,39,0
2,4,0,11,5,0,6,1,2,1,0,0,3,39,0
2,2,0,15,6,2,11,5,4,0,0,0,3,10,1
0,4,1,15,6,4,8,3,4,1,0,0,2,39,0
3,6,0,11,5,2,14,0,4,1,0,0,4,39,0
1,4,1,8,6,2,7,0,4,1,0,0,3,39,0
4,2,1,15,6,2,11,0,4,1,0,0,3,39,1
1,4,1,0,3,0,6,1,4,0,0,0,2,39,0
2,4,1,12,8,2,4,0,4,1,0,0,4,39,1
3,4,0,10,9,2,10,0,4,1,0,0,6,39,1
1,0,2,0,3,4,0,3,4,0,0,0,3,39,0
3,4,0,11,5,2,4,0,4,1,0,0,3,26,0
1,4,1,11,5,4,3,3,4,1,0,0,3,39,0
1,2,2,15,6,2,4,0,4,1,0,0,3,39,1
4,5,0,15,6,2,10,5,4,0,0,0,6,39,1
1,4,0,11,5,4,8,3,4,1,0,0,3,39,0
6,4,1,11,5,4,1,1,4,0,0,0,2,39,0
3,2,0,11,5,4,3,2,0,1,0,0,3,39,0
3,2,1,7,7,4,11,1,4,1,0,0,3,39,0
0,4,1,9,8,4,4,1,4,0,0,0,2,39,0
0,0,1,15,6,4,0,3,4,0,0,0,3,39,0
0,4,1,15,6,4,14,3,4,1,0,0,2,39,0
1,4,0,11,5,4,1,3,4,0,0,0,0,39,0
6,6,1,6,2,5,14,1,4,1,0,0,4,39,0
3,4,0,9,8,2,4,0,4,1,0,4,5,39,1
5,4,1,9,8,6,12,4,4,0,0,0,3,39,0
3,4,0,15,6,2,5,0,4,1,0,0,6,39,0
3,5,1,12,8,0,12,4,4,0,2,0,4,39,1
1,4,1,7,7,4,13,3,4,0,0,0,3,39,0
5,6,1,7,7,0,12,1,4,0,0,0,3,39,0
2,4,1,15,6,2,10,0,4,1,0,0,5,0,1
2,0,0,11,5,4,0,1,4,1,0,0,3,39,0
0,4,1,9,8,4,6,3,4,0,0,0,1,39,0
6,4,0,7,7,3,1,2,4,0,0,0,3,39,0
6,0,0,9,8,2,0,0,4,1,0,0,0,39,0
5,7,0,15,6,6,10,1,4,0,0,0,1,39,0
1,4,0,12,8,4,1,3,4,1,0,0,4,39,0
1,4,1,11,5,4,1,4,4,1,0,0,3,26,0
3,4,1,11,5,2,7,0,4,1,0,0,5,39,0
4,4,1,6,2,6,8,1,4,0,0,0,2,33,0
1,4,0,11,5,4,3,2,4,1,0,0,6,39,0
3,4,1,11,5,2,7,5,4,0,0,0,3,39,1
0,4,1,15,6,4,8,3,4,0,0,0,2,39,0
1,4,2,15,6,3,14,4,4,1,0,0,5,39,0
6,4,0,11,5,2,14,0,4,1,0,0,3,39,0
2,4,1,6,2,5,8,4,2,0,0,0,3,0,0
3,4,0,8,6,2,4,0,4,1,0,0,5,39,1
3,2,1,15,6,2,4,0,2,1,0,0,3,39,1
7,0,1,11,5,6,0,1,4,0,0,0,1,39,0
0,4,0,11,5,4,7,3,4,0,0,0,4,39,0
4,4,0,11,5,2,7,0,4,1,0,0,4,39,0
6,4,1,11,5,2,7,0,4,1,0,0,3,39,0
1,4,1,9,8,2,12,0,4,1,0,0,3,39,1
5,4,1,8,6,2,3,0,4,1,0,0,4,39,1
3,4,0,12,8,2,10,0,4,1,1,0,3,39,1
5,4,2,11,5,6,8,1,4,0,0,0,4,39,0
6,4,1,1,4,2,3,0,4,1,0,5,3,39,0
3,5,0,15,6,2,10,0,0,1,0,0,2,39,0
3,2,2,15,6,5,3,1,2,1,0,0,3,39,0
1,4,0,9,8,2,12,0,4,1,0,0,6,39,0
3,4,1,0,3,5,14,3,4,1,0,0,3,39,0
7,6,0,9,8,2,10,0,4,1,2,0,3,39,1
1,0,0,9,8,4,0,3,4,1,0,0,4,39,0
1,4,1,15,6,0,1,4,4,1,0,0,3,39,0
3,5,0,6,2,4,12,3,4,0,0,0,4,32,0
6,4,1,11,5,4,4,1,4,1,0,0,3,39,0
5,4,1,7,7,0,1,4,4,0,0,0,3,39,0
2,4,3,11,5,4,12,1,4,0,0,0,3,39,0
3,0,0,2,4,2,0,0,4,1,0,0,3,39,0
5,5,1,15,6,2,4,0,4,1,0,0,3,39,1
1,4,0,11,5,2,3,0,4,1,0,0,3,39,0
3,4,1,7,7,0,7,3,4,0,0,0,4,39,0
4,4,2,15,6,2,3,0,4,1,0,0,3,39,1
3,4,1,12,8,2,4,5,4,0,0,0,3,39,1
9,4,1,11,5,6,10,1,4,0,0,0,1,39,0
2,6,1,2,4,4,8,1,2,0,0,0,3,38,0
1,4,1,15,6,4,7,3,4,1,0,0,4,39,0
4,6,2,11,5,0,3,1,4,1,0,0,6,39,1
1,6,1,9,8,4,10,2,4,1,0,0,3,39,0
1,4,2,15,6,0,13,1,4,1,0,0,6,39,0
2,5,2,15,6,2,12,0,4,1,0,0,6,39,1
4,7,1,9,8,2,10,0,4,1,0,0,3,39,0
0,4,1,11,5,4,12,3,4,1,0,0,0,39,0
3,2,1,0,3,2,6,0,4,1,9,0,3,39,1
5,6,0,8,6,2,3,0,4,1,0,0,4,39,0
0,4,1,11,5,4,1,2,4,1,0,0,3,39,0
1,4,2,15,6,0,3,1,4,1,0,0,4,39,0
3,1,1,9,8,2,10,0,1,1,0,0,5,39,1
0,4,1,11,5,4,6,3,2,1,0,0,3,39,0
7,4,1,5,2,6,8,1,4,0,0,0,3,39,0
3,4,1,11,5,2,7,0,4,1,0,0,3,39,0
4,4,0,7,7,2,4,0,4,1,1,0,3,39,1
2,4,0,9,8,2,10,0,4,1,0,4,5,39,1
1,2,0,9,8,4,12,3,4,0,0,0,3,39,0
1,4,1,9,8,4,10,1,4,1,0,0,3,39,0
6,5,0,11,5,2,14,0,4,1,0,0,3,39,0
0,4,2,11,5,4,1,3,4,0,0,0,1,39,0
2,6,1,4,1,2,8,5,4,0,0,0,1,26,0
0,4,1,15,6,4,1,3,4,0,0,0,5,6,0
2,4,1,11,5,4,1,3,4,1,0,0,3,39,0
3,4,1,12,8,2,4,0,4,1,0,0,6,39,1
4,4,0,9,8,2,13,5,4,0,9,0,3,39,1
1,4,1,11,5,2,7,3,4,1,0,0,3,39,0
2,0,2,9,8,2,0,5,4,0,0,0,1,39,1
4,4,1,1,4,5,8,1,2,0,0,0,3,39,0
1,4,1,15,6,4,1,1,4,0,0,0,6,39,0
2,4,0,1,4,2,3,0,4,1,0,0,6,39,0
0,0,2,15,6,4,0,3,4,1,0,0,2,39,0
1,4,0,7,7,4,1,3,4,1,0,0,3,39,0
4,4,1,11,5,2,12,0,4,1,0,0,4,39,0
0,6,1,7,7,4,3,3,4,1,0,0,3,39,0
3,4,1,11,5,5,1,1,4,0,0,0,3,33,0
1,4,0,15,6,4,12,2,4,0,0,0,3,39,0
0,0,1,11,5,4,0,2,4,1,0,0,3,8,0
4,4,0,5,2,0,9,3,2,0,0,0,1,39,0
0,6,0,11,5,4,8,3,4,1,0,0,3,12,0
4,4,1,9,8,2,1,0,4,1,0,0,3,39,1
3,4,0,8,6,2,3,0,4,1,0,0,3,2,1
3,4,0,8,6,0,4,4,4,0,0,0,4,39,0
3,4,1,7,7,4,4,1,1,0,0,0,5,39,0
5,4,0,11,5,6,8,4,4,0,0,0,3,39,0
3,2,0,7,7,2,13,0,4,1,0,0,4,39,0
0,4,0,15,6,4,13,1,4,0,0,0,0,2,0
4,6,1,15,6,2,14,0,4,1,0,0,7,39,0
4,6,1,5,2,2,4,0,4,1,0,0,4,39,0
1,4,1,11,5,5,1,4,4,0,0,0,3,39,0
3,4,1,11,5,2,4,0,4,1,0,0,3,39,0
0,4,1,9,8,4,4,4,4,1,0,0,3,39,0
6,0,0,1,4,2,0,0,4,1,0,0,0,39,0
5,2,1,11,5,6,8,4,4,0,0,0,2,39,0
7,0,1,9,8,2,0,0,4,1,0,0,0,39,0
6,2,1,10,9,2,4,0,4,1,0,0,3,39,0
1,4,0,8,6,0,4,1,4,0,0,0,3,39,0
2,4,0,11,5,2,7,0,4,1,0,0,3,39,0
1,6,0,9,8,3,3,1,4,1,0,0,6,39,0
0,4,0,15,6,4,12,3,4,1,0,0,2,39,0
1,4,1,11,5,4,4,3,4,0,0,0,3,39,0
2,4,1,12,8,2,10,0,4,1,0,0,5,39,0
2,7,1,15,6,2,11,0,4,1,0,0,3,39,0
3,5,1,9,8,0,4,4,4,1,0,0,5,39,1
0,4,1,15,6,4,1,1,4,0,0,0,3,39,0
0,4,1,11,5,4,3,1,2,1,0,0,3,39,0
1,4,0,9,8,4,1,3,2,1,0,0,3,39,0
1,4,0,9,8,2,1,0,4,1,0,0,3,39,0
4,4,1,11,5,2,3,0,4,1,0,0,3,39,0
1,6,0,11,5,4,10,3,2,0,0,0,3,39,0
3,4,0,12,8,0,4,4,2,0,1,0,6,39,1
3,4,0,15,6,4,12,1,4,1,0,0,3,39,0
3,4,0,11,5,2,12,0,4,1,0,0,3,39,0
5,6,0,5,2,4,8,2,4,0,0,0,6,39,0
4,5,0,9,8,2,4,0,4,1,0,0,5,39,1
3,4,0,9,8,2,12,0,1,1,0,0,3,39,1
1,4,1,9,8,2,10,0,4,1,0,0,5,39,1
0,4,0,11,5,4,10,3,4,0,0,0,1,39,0
1,4,2,7,7,4,4,1,4,1,0,0,3,39,0
3,4,0,8,6,2,4,0,4,1,0,0,4,39,1
2,4,1,9,8,2,6,0,4,1,0,0,3,39,1
6,4,2,12,8,5,10,1,4,0,0,0,3,39,1
0,4,1,11,5,4,3,1,4,1,0,0,3,39,0
5,6,0,15,6,2,3,0,4,1,0,0,5,39,0
4,4,1,9,8,0,13,4,4,0,0,0,3,39,0
4,6,1,10,9,2,10,5,4,0,0,0,3,39,1
0,4,1,11,5,4,7,3,4,1,0,0,3,39,0
0,4,0,15,6,4,8,3,4,1,0,0,1,2,0
0,4,1,15,6,4,1,3,4,1,0,0,2,39,0
3,4,0,11,5,2,5,0,4,1,0,0,7,39,0
1,4,2,1,4,3,6,1,0,1,0,0,3,26,0
4,4,1,15,6,4,6,1,4,1,0,0,3,39,0
3,2,1,11,5,2,11,0,4,1,0,0,9,39,1
2,4,1,11,5,0,6,1,4,1,0,0,3,39,0
0,4,0,8,6,4,12,4,1,1,0,0,5,35,0
1,4,0,1,4,0,12,3,4,1,0,0,3,39,0
4,4,0,11,5,2,1,5,4,0,0,0,3,39,1
1,4,1,15,6,4,12,1,4,0,0,0,3,39,0
3,4,0,15,6,2,13,0,4,1,0,0,4,39,1
4,4,0,11,5,2,1,0,4,1,0,0,3,39,0
5,2,3,9,8,2,10,0,2,1,0,0,3,39,0
0,4,2,9,8,4,4,3,1,1,0,0,2,39,0
0,4,0,15,6,4,1,3,4,0,0,0,1,39,0
4,4,0,4,1,4,7,1,4,0,0,0,3,0,0
3,4,1,9,8,2,13,0,4,1,1,0,3,39,1
0,4,0,7,7,4,1,1,4,0,0,0,3,39,0
3,4,1,15,6,2,1,0,4,1,0,0,3,39,0
2,4,1,8,6,4,7,4,2,0,0,0,3,39,0
4,4,0,11,5,2,8,0,4,1,0,0,3,39,0
4,5,0,11,5,2,5,0,4,1,0,0,5,39,0
2,4,0,11,5,0,3,4,4,1,0,0,3,39,0
3,4,1,14,9,4,10,1,4,1,0,0,6,10,0
3,4,0,9,8,2,4,0,4,1,0,0,3,39,1
1,4,0,11,5,4,3,1,4,1,0,0,3,39,0
6,0,0,1,4,2,0,0,4,1,0,0,3,39,0
3,4,0,12,8,2,10,0,4,1,0,0,6,39,0
5,2,1,12,8,2,10,0,4,1,0,0,4,39,1
2,4,1,15,6,4,12,4,4,1,0,0,3,39,0
1,4,1,15,6,4,8,3,4,1,0,0,2,2,0
5,4,2,9,8,2,4,0,4,1,0,0,3,39,1
5,4,0,0,3,2,6,0,2,1,0,0,3,39,0
2,4,0,9,8,2,12,0,4,1,0,0,6,39,1
4,5,1,9,8,2,4,0,4,1,0,4,4,39,1
3,5,1,9,8,2,4,0,4,1,0,0,5,39,1
5,6,0,12,8,0,10,4,4,0,0,0,0,39,0
3,6,1,14,9,2,10,0,4,1,0,4,5,39,1
6,4,0,11,5,4,12,1,4,0,0,0,3,39,0
1,2,2,11,5,2,11,0,4,1,0,0,3,39,1
3,4,1,15,6,0,3,1,4,1,0,0,3,39,0
2,4,1,8,6,2,12,0,4,1,0,0,5,39,1
6,2,1,5,2,2,3,0,4,1,0,0,3,39,0
1,2,1,15,6,4,11,3,4,0,0,0,3,39,1
2,4,0,15,6,2,4,0,4,1,0,4,5,39,1
5,4,0,11,5,0,1,4,0,0,0,0,4,39,0
2,1,0,9,8,2,3,0,4,1,0,0,3,39,1
6,4,0,5,2,0,6,1,4,1,0,0,3,39,0
2,4,0,15,6,2,8,0,4,1,0,0,3,39,0
1,4,0,7,7,4,8,1,2,0,0,0,3,39,0
4,4,0,9,8,6,8,4,4,0,0,0,1,39,0
8,0,0,11,5,2,0,0,4,1,0,0,1,39,0
8,5,2,11,5,2,4,0,4,1,0,0,3,39,1
2,7,2,11,5,4,14,3,4,1,0,0,3,39,0
1,2,0,11,5,2,3,0,4,1,0,0,3,39,0
2,7,1,10,9,2,10,0,1,1,0,0,3,36,0
4,4,0,11,5,2,3,0,4,1,0,0,5,39,1
1,4,0,9,8,2,10,0,3,1,0,0,3,39,0
7,4,0,9,8,6,4,1,4,0,0,0,1,39,0
6,7,1,12,8,2,10,0,4,1,0,0,3,39,1
3,4,1,3,0,6,10,4,4,0,0,0,2,26,0
0,4,0,11,5,4,7,3,4,1,0,0,3,39,0
8,6,1,15,6,6,14,1,4,1,0,0,3,39,0
3,4,1,5,2,2,3,0,4,1,0,0,3,8,0
2,4,0,11,5,2,3,2,0,1,0,0,3,39,0
5,2,0,9,8,2,11,0,2,1,0,0,2,39,0
1,2,0,15,6,2,4,0,4,1,0,0,5,39,0
1,4,0,14,9,4,10,1,4,1,0,0,5,39,1
5,4,1,11,5,6,12,1,4,0,0,0,3,39,0
0,2,0,15,6,4,10,1,4,1,0,0,1,39,0
2,4,1,11,5,3,8,4,2,0,0,0,3,39,0
3,6,1,15,6,2,3,0,4,1,0,0,6,39,0
6,4,0,0,3,2,3,0,4,1,0,0,3,39,0
4,4,1,15,6,2,14,0,4,1,0,0,3,39,1
4,5,1,15,6,0,11,1,4,1,0,0,3,39,0
1,4,3,5,2,4,3,1,4,1,0,0,3,26,0
3,4,1,9,8,0,1,1,4,1,0,0,3,32,0
5,4,1,11,5,2,12,0,4,1,0,0,3,39,1
2,7,1,15,6,5,13,1,4,1,0,0,1,39,0
3,2,2,1,4,2,14,0,4,1,0,0,3,39,0
0,4,0,11,5,4,14,3,4,1,0,0,3,39,0
1,4,1,8,6,2,1,5,4,0,0,0,3,39,0
0,4,0,1,4,4,1,2,4,0,0,0,3,39,0
4,4,1,9,8,4,13,4,1,0,0,0,3,19,0
0,4,3,15,6,4,1,3,4,0,0,0,1,39,0
3,4,2,11,5,0,13,4,4,0,0,0,3,39,0
5,1,0,11,5,5,1,2,2,0,0,0,3,39,0
2,4,1,11,5,0,1,1,4,1,0,0,3,39,0
3,4,1,15,6,4,1,3,2,0,0,0,3,39,0
2,4,1,1,4,0,7,1,4,1,0,0,6,39,0
0,4,1,15,6,4,12,3,4,1,0,0,2,39,0
0,4,0,1,4,4,6,3,4,1,0,0,5,39,0
4,1,1,15,6,2,1,0,4,1,0,0,3,39,0
0,4,1,11,5,4,1,3,4,0,0,0,3,5,0
2,7,0,10,9,4,10,1,4,1,0,0,4,39,0
7,0,1,7,7,2,0,0,4,1,0,0,0,39,0
3,4,0,11,5,2,12,0,4,1,0,0,6,39,0
2,2,0,15,6,2,13,5,4,0,0,0,3,39,1
4,6,1,11,5,2,3,0,4,1,0,0,7,39,0
0,7,1,11,5,2,14,0,4,1,0,0,4,39,1
4,6,0,9,8,0,12,1,4,0,0,0,5,39,0
2,4,0,7,7,2,13,0,4,1,0,4,0,39,0
3,4,1,9,8,5,10,4,4,0,0,0,3,39,0
3,4,1,15,6,0,1,4,4,0,0,0,2,39,0
5,0,0,15,6,0,0,4,4,0,0,0,5,39,1
3,4,0,9,8,0,10,1,2,0,0,0,3,39,0
3,4,0,9,8,2,12,0,4,1,0,0,5,39,1
5,4,1,11,5,0,1,2,2,0,0,0,3,39,0
0,4,2,6,2,4,7,1,4,1,0,0,4,26,0
4,4,1,11,5,4,6,3,4,1,0,0,2,39,0
3,4,1,4,1,2,3,0,4,1,0,0,6,39,0
0,4,1,1,4,2,7,0,4,1,0,0,3,33,0
2,1,1,12,8,4,10,1,4,1,0,3,3,39,0
3,4,2,9,8,2,4,0,4,1,0,0,3,39,0
3,4,1,9,8,2,4,0,4,1,0,0,6,39,0
7,5,0,14,9,2,10,0,4,1,0,0,3,39,1
1,4,0,0,3,0,7,1,2,0,0,0,2,39,0
0,0,0,11,5,4,0,2,4,0,0,0,3,39,0
3,4,0,12,8,2,10,0,3,1,0,0,5,39,0
1,2,0,9,8,4,10,1,4,0,0,0,3,39,0
1,4,1,15,6,2,3,0,4,1,0,0,5,39,1
1,4,0,6,2,0,1,1,4,0,0,0,3,39,0
6,6,0,9,8,2,4,0,4,1,0,0,0,39,1
1,4,2,9,8,4,1,1,4,0,0,0,3,39,0
2,6,1,14,9,2,10,0,4,1,0,0,4,39,1
2,4,1,0,3,4,3,3,4,1,0,0,3,39,0
1,4,0,11,5,2,7,0,4,1,0,0,4,39,0
1,4,0,15,6,4,7,1,4,0,0,0,5,39,0
6,0,0,11,5,2,0,0,4,1,0,0,3,39,1
6,4,0,15,6,6,12,1,4,1,0,0,3,39,0
1,4,2,15,6,2,3,0,4,1,0,0,3,39,0
5,1,1,15,6,2,4,0,4,1,1,0,3,39,1
2,4,1,11,5,2,3,0,4,1,0,0,3,39,0
0,4,3,15,6,4,12,3,4,1,0,0,3,39,0
1,4,1,11,5,2,12,0,4,1,0,0,3,39,0
4,4,1,11,5,2,3,0,4,1,0,0,4,39,0
5,4,2,15,6,0,8,4,4,0,0,0,3,39,0
0,4,1,15,6,4,8,3,4,1,0,0,1,39,0
4,4,1,11,5,2,10,0,1,1,0,0,3,35,1
0,4,1,15,6,4,8,3,4,0,0,0,3,39,0
2,6,1,11,5,2,5,0,4,1,0,0,2,39,0
2,6,2,11,5,2,3,0,4,1,0,0,3,39,0
2,4,1,9,8,2,4,0,4,1,0,0,3,39,1
4,7,2,9,8,2,11,0,4,1,0,0,3,39,0
3,4,1,11,5,0,4,2,4,0,0,0,3,39,0
4,5,0,15,6,2,4,0,4,1,0,0,5,11,1
1,4,0,11,5,0,7,4,4,1,0,0,3,39,0
2,4,0,15,6,0,10,1,4,1,0,0,5,39,0
3,4,0,4,1,3,5,1,4,1,0,0,3,26,0
3,4,1,9,8,4,3,1,4,0,0,0,3,39,0
1,2,1,11,5,2,11,5,4,0,0,0,3,39,0
3,4,2,15,6,4,10,1,4,0,0,0,4,39,0
2,4,3,11,5,4,9,4,4,0,0,0,3,26,0
3,4,1,11,5,2,12,0,4,1,1,0,5,39,1
3,4,0,15,6,2,12,0,4,1,0,0,3,39,1
1,4,0,11,5,4,5,1,4,1,0,0,3,39,0
1,1,0,7,7,2,12,0,1,1,0,0,3,39,0
6,4,1,7,7,4,10,2,4,0,0,0,2,39,0
5,6,1,15,6,2,4,0,4,1,0,0,6,39,1
0,4,2,11,5,4,8,4,2,0,0,0,2,39,0
5,4,0,9,8,2,8,0,1,1,0,0,3,35,0
3,2,0,12,8,0,10,4,4,0,0,0,6,39,0
5,1,1,12,8,0,1,4,4,0,0,0,3,39,0
4,6,2,7,7,0,12,1,4,1,0,0,5,39,0
0,7,0,15,6,4,13,1,4,1,0,0,5,39,0
5,5,0,9,8,2,3,0,4,1,0,0,5,39,1
4,4,2,14,9,2,13,0,4,1,0,4,3,39,1
3,4,2,2,4,2,1,0,4,1,0,0,5,39,0
5,4,1,11,5,2,3,0,4,1,0,0,3,39,1
4,4,0,11,5,2,3,0,4,1,0,0,3,39,0
5,4,0,11,5,6,8,4,4,0,0,0,2,0,0
1,4,1,9,8,2,4,0,4,1,0,0,6,39,1
2,4,1,8,6,0,8,4,4,0,0,0,3,39,0
1,4,1,11,5,4,1,1,4,1,0,0,3,39,0
0,4,2,11,5,4,6,3,4,1,0,0,5,39,0
1,4,1,11,5,2,7,0,4,1,0,0,3,39,0
2,4,0,12,8,2,10,0,1,1,0,0,3,3,0
4,4,0,9,8,2,10,5,4,0,0,4,3,39,1
1,4,1,15,6,2,6,0,4,1,0,0,4,39,0
0,4,0,15,6,4,4,1,4,1,0,0,4,0,0
2,4,0,15,6,2,10,0,4,1,0,0,3,39,0
2,4,2,9,8,4,4,1,4,1,2,0,3,39,1
6,4,0,11,5,5,3,1,4,0,0,0,1,39,0
4,1,1,9,8,0,13,1,0,1,0,0,3,39,0
6,4,1,9,8,2,12,0,4,1,2,0,3,39,1
2,4,1,15,6,2,14,0,4,1,0,0,5,39,0
3,2,1,11,5,2,11,0,4,1,0,4,3,39,1
4,4,0,9,8,2,4,0,4,1,9,0,5,39,1
6,4,0,11,5,2,4,0,4,1,0,0,3,39,1
1,4,0,11,5,3,12,4,4,1,0,0,3,39,0
3,2,1,12,8,0,10,4,4,0,0,0,5,2,0
2,4,1,15,6,2,3,0,4,1,0,0,5,39,1
5,4,1,11,5,6,8,4,4,0,0,0,2,39,0
2,2,1,9,8,2,1,5,4,0,0,0,3,39,0
1,4,1,8,6,0,10,4,4,0,0,0,3,39,0
1,4,2,11,5,0,8,3,2,1,0,0,3,39,0
3,2,0,12,8,2,4,0,4,1,0,0,3,39,1
4,4,2,9,8,2,4,0,4,1,0,0,5,39,1
5,4,1,11,5,0,1,1,4,0,0,0,3,39,0
3,4,0,15,6,2,10,0,4,1,0,0,0,39,0
4,5,1,4,1,2,14,0,4,1,0,0,5,5,0
4,1,1,11,5,2,1,0,4,1,0,0,3,39,1
2,4,1,11,5,2,3,0,4,1,0,0,4,39,1
2,6,0,15,6,2,7,0,4,1,0,0,4,39,1
2,4,1,11,5,5,12,4,4,0,0,0,0,39,0
1,4,0,11,5,2,7,0,2,1,0,0,3,39,0
4,2,0,11,5,2,3,0,4,1,0,0,3,39,1
3,4,1,14,9,2,10,0,4,1,0,0,4,39,1
3,4,0,11,5,0,6,1,4,1,0,0,3,39,0
6,4,0,15,6,4,1,1,4,0,0,0,3,39,0
1,4,0,11,5,4,3,3,4,1,0,0,3,39,0
2,4,0,7,7,2,3,0,4,1,0,0,3,39,0
0,4,0,9,8,4,1,1,4,1,0,0,3,39,0
3,2,3,9,8,2,3,0,2,1,0,0,3,39,0
1,4,2,9,8,2,10,0,4,1,0,0,4,39,1
3,2,1,15,6,2,3,0,4,1,0,0,3,39,1
1,4,0,11,5,2,7,0,4,1,0,0,3,39,0
1,4,1,15,6,2,6,0,4,1,0,0,3,39,1
1,4,1,6,2,4,5,2,4,1,0,0,4,26,0
3,7,1,8,6,2,10,0,4,1,0,0,3,39,1
5,4,0,10,9,2,10,0,4,1,0,0,5,39,1
0,2,0,11,5,4,5,3,4,1,0,0,3,39,0
1,4,0,15,6,4,8,3,4,0,0,0,2,39,0
2,4,1,15,6,0,1,4,4,0,2,0,2,39,1
0,4,0,5,2,4,7,3,4,1,0,0,3,39,0
5,4,1,11,5,2,12,0,4,1,0,0,3,39,1
2,4,1,8,6,2,3,0,4,1,0,0,3,39,1
1,4,2,11,5,2,6,0,4,1,0,0,3,39,0
1,4,0,8,6,2,6,0,4,1,0,0,3,39,0
3,4,0,11,5,2,3,0,4,1,0,0,3,39,1
0,4,0,11,5,4,1,4,4,0,0,0,3,39,0
2,4,1,9,8,4,11,1,2,1,0,0,2,39,0
6,0,0,9,8,2,0,0,4,1,0,0,3,39,0
4,4,0,11,5,6,3,1,4,1,0,0,3,39,0
5,4,1,11,5,4,6,3,4,1,0,0,2,39,0
0,4,1,15,6,4,1,3,4,0,0,0,0,39,0
1,4,2,9,8,2,4,5,4,0,0,0,3,39,0
2,4,2,11,5,2,7,0,4,1,0,0,3,39,0
7,4,1,8,6,6,10,1,4,1,2,0,6,39,1
3,4,1,5,2,2,14,0,4,1,0,0,3,39,0
3,4,1,11,5,2,4,0,4,1,0,0,3,39,1
2,4,3,11,5,0,12,4,2,0,0,0,2,39,0
6,2,0,15,6,4,10,1,2,0,0,0,3,39,0
0,0,2,15,6,4,0,3,4,0,0,0,3,39,0
1,4,2,11,5,4,11,1,1,1,0,0,3,30,0
4,4,0,11,5,2,11,0,4,1,0,0,3,39,0
1,4,1,11,5,2,3,0,4,1,0,0,3,39,1
4,4,1,11,5,0,3,1,4,1,0,0,3,39,1
0,4,2,8,6,5,4,3,4,0,0,0,3,39,0
5,6,1,12,8,2,3,0,4,1,0,0,5,39,1
1,4,0,11,5,4,14,1,4,1,0,0,9,39,0
3,4,0,14,9,2,10,0,1,1,9,0,3,0,1
2,4,0,9,8,2,12,0,4,1,0,0,3,39,1
1,4,2,9,8,0,12,1,4,1,0,3,3,39,1
4,2,1,15,6,0,8,4,2,0,0,0,3,39,0
6,0,0,6,2,2,0,0,4,1,0,0,5,39,0
2,6,0,11,5,2,14,0,4,1,0,0,6,39,0
2,4,0,0,3,4,7,1,4,1,0,0,6,39,0
6,6,0,11,5,2,14,0,4,1,0,0,5,39,1
1,1,0,9,8,4,4,3,4,0,0,0,3,5,0
3,4,3,1,4,4,3,1,2,1,0,0,3,39,0
2,1,0,9,8,2,10,0,4,1,0,0,3,39,1
0,4,2,5,2,4,6,2,4,1,0,0,3,26,0
4,4,0,9,8,2,3,0,4,1,0,4,5,39,1
1,4,1,14,9,4,10,1,4,1,0,5,3,2,0
1,4,1,11,5,4,1,1,4,0,0,0,5,39,0
1,4,1,7,7,4,8,2,1,1,0,0,3,40,0
8,5,0,10,9,2,5,0,4,1,2,0,3,39,1
3,4,1,15,6,2,12,5,4,0,0,0,3,39,1
2,4,2,11,5,5,8,1,2,1,0,0,3,39,0
1,4,1,9,8,2,10,0,4,1,0,0,6,39,0
4,2,1,10,9,0,4,1,4,0,0,0,4,39,1
2,4,1,9,8,2,13,0,4,1,1,0,3,39,1
3,4,0,11,5,0,3,1,4,1,1,0,4,39,1
3,5,2,5,2,0,3,4,4,1,0,0,2,39,0
2,4,0,9,8,2,4,0,4,1,0,0,4,39,1
1,4,0,11,5,1,14,0,4,1,0,0,8,39,0
3,2,0,9,8,4,10,1,4,1,0,0,3,39,0
0,4,1,15,6,4,1,3,4,1,0,0,3,39,0
1,2,0,11,5,5,1,1,4,0,0,0,3,39,0
3,4,1,11,5,0,14,1,4,1,0,0,3,39,0
3,4,1,11,5,2,7,0,2,1,0,0,3,11,1
6,0,0,6,2,2,0,0,4,1,0,0,0,39,0
6,0,1,11,5,2,0,0,2,1,0,0,1,39,0
3,1,1,11,5,2,1,0,4,1,0,0,4,39,1
1,4,1,15,6,2,14,0,4,1,0,0,5,39,1
1,4,0,15,6,2,1,0,4,1,0,0,3,39,0
3,4,1,15,6,0,13,4,4,0,0,0,2,39,0
3,2,2,10,9,2,10,5,4,0,0,4,5,39,1
2,4,1,9,8,4,10,1,4,1,0,0,4,39,1
6,4,0,4,1,3,6,4,4,0,0,0,3,33,0
0,4,1,11,5,4,7,1,4,1,0,0,4,39,0
0,4,0,15,6,4,10,3,4,0,0,0,3,39,0
3,4,1,11,5,4,12,4,2,0,0,0,3,39,0
6,5,1,8,6,2,3,0,4,1,0,0,0,39,0
6,6,0,9,8,2,4,0,4,1,1,0,3,39,1
4,6,1,14,9,2,10,0,4,1,0,0,3,39,1
3,4,0,8,6,0,13,4,2,0,0,1,3,39,0
6,6,0,14,9,4,10,1,4,1,0,0,6,39,0
1,4,2,11,5,4,3,3,4,1,0,0,3,39,0
1,4,0,11,5,4,7,4,2,0,0,0,3,39,0
3,4,1,9,8,2,13,0,4,1,0,0,3,39,1
2,4,1,11,5,2,13,0,4,1,0,0,6,39,1
1,4,1,5,2,2,3,0,4,1,0,0,4,39,0
4,2,2,7,7,0,1,1,4,0,0,0,2,39,0
5,6,0,11,5,2,5,0,4,1,0,0,3,39,1
1,4,0,12,8,4,10,1,4,0,1,0,5,39,1
2,4,0,9,8,4,12,1,4,0,0,0,4,39,1
4,4,0,15,6,2,3,0,4,1,0,0,3,39,0
4,4,1,9,8,2,14,0,4,1,0,0,5,39,1
5,4,0,9,8,2,10,0,4,1,0,0,3,39,1
3,4,0,8,6,2,4,0,4,1,0,4,5,39,1
6,2,0,9,8,0,8,1,4,1,0,0,2,39,0
3,4,1,9,8,5,12,1,4,1,0,0,5,39,0
3,1,1,15,6,2,14,0,4,1,0,0,6,39,1
1,2,1,8,6,4,13,3,4,0,0,0,3,39,0
2,4,4,11,5,0,1,4,4,0,0,0,1,39,0
3,4,2,11,5,5,1,1,2,1,0,0,3,39,0
4,4,1,11,5,2,14,0,4,1,0,0,8,39,1
3,4,1,12,8,4,4,1,4,0,0,0,4,39,0
2,4,1,9,8,2,12,0,4,1,1,0,3,39,1
3,4,1,9,8,2,4,0,4,1,0,0,3,39,1
4,4,0,12,8,2,14,0,4,1,0,0,5,39,1
2,4,0,9,8,0,12,2,1,0,0,0,3,35,0
5,4,0,9,8,2,12,0,4,1,0,0,3,39,1
2,1,0,9,8,2,10,0,4,1,0,0,3,39,0
4,4,1,11,5,2,14,0,4,1,0,0,5,39,1
3,4,0,11,5,2,7,5,2,0,0,0,3,39,0
2,7,0,2,4,4,1,1,2,0,0,0,3,39,0
6,4,0,8,6,2,10,0,4,1,0,0,5,39,1
0,4,0,15,6,4,8,3,4,0,0,0,1,39,0
0,4,1,11,5,4,8,2,2,1,0,0,3,39,0
4,4,0,9,8,2,10,0,4,1,0,0,3,39,1
4,4,0,9,8,4,8,4,1,0,0,0,3,40,0
0,4,1,6,2,4,6,2,4,1,0,0,2,39,0
1,4,2,11,5,0,1,1,4,0,0,0,3,39,0
1,4,1,6,2,4,12,1,4,0,0,0,4,39,0
0,4,1,6,2,4,8,3,2,1,0,0,3,39,0
0,4,1,1,4,4,8,3,4,0,0,0,1,39,0
0,4,1,9,8,4,4,3,4,0,0,0,0,39,0
0,4,2,9,8,4,4,3,4,0,0,0,2,39,0
4,2,0,14,9,6,10,1,4,0,0,0,3,39,0
0,4,1,15,6,4,12,3,4,0,0,0,1,39,0
2,4,1,8,6,2,1,5,2,0,0,0,3,39,0
5,4,2,15,6,0,8,1,4,0,0,0,5,39,0
3,4,0,11,5,2,4,5,4,0,0,0,3,39,1
6,4,1,15,6,2,12,0,4,1,0,0,4,39,1
0,4,0,15,6,4,8,3,4,0,0,0,2,39,0
2,2,0,15,6,2,11,0,4,1,0,0,3,39,1
2,4,1,15,6,5,13,1,0,1,0,4,3,39,0
2,4,2,6,2,0,3,1,4,1,0,0,4,39,0
1,4,2,11,5,2,8,0,4,1,0,0,5,26,0
7,4,0,11,5,2,10,0,4,1,0,0,1,39,0
3,6,0,9,8,2,5,5,4,0,0,0,5,39,0
3,2,0,12,8,0,10,4,4,0,0,0,4,39,0
4,4,2,11,5,0,12,3,4,0,0,0,3,39,0
1,4,0,0,3,2,14,0,4,1,0,0,3,39,0
2,4,1,12,8,4,4,4,2,0,0,0,3,39,0
3,0,0,8,6,0,0,4,4,1,0,0,2,39,0
2,4,1,9,8,2,4,0,4,1,0,0,5,39,1
1,4,2,5,2,4,3,1,4,1,0,0,3,39,0
3,7,0,15,6,0,10,4,4,0,0,0,5,39,0
3,4,1,12,8,4,10,1,4,0,0,0,3,39,0
3,2,0,9,8,0,10,4,4,0,0,0,3,39,0
1,4,1,11,5,4,1,1,4,0,0,0,3,39,0
8,4,0,11,5,6,1,1,4,0,0,0,0,39,0
2,4,3,15,6,2,3,0,4,1,0,0,3,39,0
5,4,0,10,9,2,10,0,1,1,0,0,3,36,1
3,4,1,15,6,6,12,4,2,0,0,0,3,39,0
4,4,1,11,5,6,1,1,4,0,0,0,3,9,0
5,4,1,1,4,2,7,0,4,1,0,0,3,39,0
2,6,0,11,5,2,8,5,4,0,0,0,0,0,0
3,4,0,8,6,2,12,0,4,1,0,0,4,39,0
2,4,1,8,6,0,13,1,4,0,0,0,6,39,0
6,4,1,0,3,0,8,1,4,1,0,0,2,39,0
3,4,0,10,9,3,10,1,4,0,0,0,3,0,0
4,4,0,15,6,2,12,0,4,1,0,0,4,39,0
3,4,1,9,8,0,4,4,4,0,0,0,4,39,0
2,4,0,12,8,4,1,4,4,0,0,0,3,39,0
2,4,0,15,6,4,10,4,1,1,0,0,1,39,0
6,0,1,15,6,0,0,2,4,0,0,0,3,39,0
0,1,1,15,6,4,13,3,4,0,0,0,2,39,0
1,4,1,15,6,4,1,1,2,0,0,0,3,23,0
1,4,2,9,8,2,3,0,4,1,0,0,3,39,0
0,4,1,11,5,4,10,1,4,0,0,0,3,39,0
1,4,0,15,6,4,1,4,4,0,0,0,6,39,0
1,6,1,11,5,4,12,4,4,1,0,0,6,39,0
2,1,0,12,8,2,10,0,4,1,0,0,3,20,1
1,4,1,15,6,4,3,3,4,1,0,0,3,39,0
2,4,1,15,6,4,4,2,4,1,0,0,3,39,0
5,2,1,7,7,2,10,0,1,1,0,0,3,39,1
5,4,1,11,5,2,12,0,4,1,0,0,5,39,1
3,6,1,11,5,2,5,5,4,0,0,0,3,39,0
1,4,0,15,6,0,1,4,4,0,0,0,3,39,0
1,2,0,14,9,4,10,1,4,0,0,0,7,39,0
1,4,0,9,8,2,12,0,4,1,0,0,5,39,0
0,4,1,11,5,4,7,3,2,0,0,0,3,39,0
0,4,1,9,8,4,13,1,4,0,0,0,3,39,0
0,0,0,15,6,4,0,3,4,1,0,0,3,39,0
5,0,0,11,5,2,0,0,4,1,0,0,5,39,1
5,4,1,15,6,2,13,0,4,1,0,0,3,39,1
3,7,0,11,5,2,1,5,1,0,0,0,1,39,0
1,4,1,11,5,2,14,0,4,1,0,0,4,39,1
2,2,0,8,6,4,11,1,4,0,0,0,3,39,0
0,4,0,11,5,4,4,2,4,0,0,0,3,39,0
3,0,1,11,5,2,0,0,4,1,0,0,3,39,0
2,4,1,11,5,4,7,1,4,1,0,0,6,39,0
6,4,1,9,8,2,12,0,4,1,0,3,3,39,0
1,4,0,11,5,4,8,1,2,1,0,0,3,0,0
3,4,0,10,9,2,4,0,4,1,1,0,5,2,1
0,4,2,1,4,4,12,3,2,0,0,3,1,39,0
2,4,2,9,8,2,3,0,4,1,0,0,4,39,1
3,2,2,15,6,2,8,0,4,1,0,3,3,39,1
3,6,0,11,5,2,5,0,4,1,0,0,9,39,1
0,0,0,1,4,4,0,3,4,0,0,0,2,39,0
1,2,1,9,8,4,10,1,3,0,0,0,4,0,0
6,4,1,12,8,2,12,0,4,1,0,0,5,39,0
2,4,2,12,8,2,10,0,1,1,0,0,3,0,0
0,7,0,15,6,4,10,3,4,0,0,0,1,39,0
1,4,0,9,8,4,12,1,4,1,0,0,4,39,0
5,4,1,11,5,2,3,0,4,1,0,0,3,39,0
1,5,1,11,5,5,1,1,4,1,0,0,3,39,0
3,4,1,14,9,0,10,1,4,1,0,0,7,39,1
2,6,0,10,9,2,10,0,4,1,0,0,6,39,0
3,4,1,9,8,0,1,1,1,0,0,0,2,30,0
4,5,2,10,9,2,4,5,4,0,0,0,3,39,1
0,4,0,7,7,4,12,1,4,1,0,0,3,39,0
1,4,1,11,5,4,14,1,4,0,0,0,3,39,0
6,4,0,8,6,2,1,0,4,1,0,0,2,39,0
2,0,2,15,6,2,0,5,4,0,0,0,1,39,0
2,4,0,11,5,0,1,4,4,0,0,0,3,39,0
5,4,0,9,8,2,12,0,4,1,0,0,3,39,0
2,4,0,15,6,4,10,1,4,0,0,0,1,39,0
2,4,0,0,3,0,8,4,4,0,0,0,3,39,0
0,4,1,11,5,4,8,3,4,0,0,0,3,39,0
2,4,2,6,2,2,8,0,4,1,0,0,3,26,0
4,4,0,15,6,2,4,0,4,1,0,0,6,39,1
0,4,2,15,6,4,8,3,4,1,0,0,3,39,0
2,4,1,1,4,4,7,1,4,1,0,0,3,39,0
1,4,1,11,5,2,3,0,4,1,0,0,3,39,0
3,5,1,7,7,2,4,0,4,1,0,0,5,39,1
2,4,1,6,2,5,3,1,4,1,0,0,3,0,0
5,4,0,6,2,2,7,0,4,1,0,0,4,39,0
5,6,2,10,9,2,12,0,4,1,0,4,3,39,1
2,2,0,12,8,2,10,0,4,1,0,4,3,39,1
5,4,1,15,6,0,13,1,4,0,0,0,3,39,0
0,0,1,1,4,4,0,3,4,1,0,0,3,39,0
2,4,0,11,5,2,10,0,4,1,0,0,5,39,1
1,6,2,11,5,0,3,1,4,1,0,0,3,39,0
3,1,1,15,6,2,10,5,4,0,0,0,3,39,1
3,2,0,9,8,0,10,4,4,0,0,1,3,39,0
6,6,1,5,2,2,4,0,4,1,0,0,1,39,0
0,0,1,1,4,4,0,3,4,0,0,0,0,39,0
0,0,2,15,6,4,0,3,4,1,0,0,3,39,0
0,4,1,1,4,4,8,3,4,0,0,0,1,39,0
5,0,2,5,2,2,0,0,4,1,0,0,3,0,0
6,4,0,11,5,2,4,0,4,1,0,0,1,39,0
6,4,0,5,2,2,3,0,4,1,0,0,3,39,0
5,2,2,9,8,2,10,0,4,1,1,0,3,39,1
2,4,2,10,9,4,10,1,4,1,0,0,3,36,1
5,0,1,15,6,2,0,0,4,1,0,0,3,39,1
2,6,1,10,9,5,10,4,4,0,0,0,0,2,0
0,4,2,15,6,4,12,4,4,0,0,0,3,39,0
2,4,2,11,5,2,3,0,4,1,0,0,3,39,1
1,6,1,11,5,2,12,0,4,1,0,0,3,39,0
4,6,0,11,5,4,3,1,4,1,0,0,2,39,0
4,6,1,15,6,2,5,0,4,1,0,0,6,39,1
2,4,1,11,5,2,4,0,4,1,0,0,3,21,0
1,4,0,15,6,2,1,0,4,1,0,4,3,39,0
4,4,1,11,5,0,8,1,4,0,0,0,1,39,0
3,4,0,1,4,2,12,0,4,1,0,0,6,39,0
1,0,1,15,6,4,0,3,4,1,0,0,3,39,0
6,4,1,11,5,2,7,0,4,1,0,0,3,39,0
1,0,0,15,6,4,0,1,4,0,0,3,2,39,0
6,5,0,15,6,2,12,0,4,1,0,4,3,39,1
5,5,0,9,8,2,12,0,4,1,0,0,6,39,1
2,4,0,9,8,2,10,0,4,1,0,0,6,39,1
6,0,0,8,6,6,0,1,4,0,0,0,3,39,0
1,4,0,11,5,2,7,0,4,1,0,0,3,39,0
4,4,1,11,5,0,1,1,4,0,0,0,3,39,0
8,4,0,5,2,6,9,1,4,0,0,0,3,39,0
5,7,1,15,6,0,10,1,2,0,0,0,3,39,0
5,4,3,12,8,2,12,0,4,1,0,0,3,39,0
1,4,1,15,6,4,3,2,1,0,0,0,3,1,0
0,4,1,1,4,4,3,3,4,1,0,0,3,39,0
0,4,2,8,6,4,1,1,4,0,0,0,3,39,0
2,6,1,7,7,4,3,1,4,1,0,0,3,39,0
2,4,0,11,5,4,8,1,2,0,0,0,3,39,0
3,4,0,11,5,2,12,0,4,1,0,4,3,39,1
1,1,2,12,8,2,10,0,4,1,0,0,3,39,1
2,4,1,11,5,2,1,5,4,0,0,0,1,39,1
0,4,2,15,6,4,1,3,4,0,0,0,1,39,0
2,4,0,15,6,5,8,4,4,0,0,0,2,39,0
2,1,0,14,9,2,10,5,4,0,0,0,3,39,1
0,2,2,11,5,4,5,1,4,1,0,0,3,31,0
4,4,0,8,6,2,3,0,4,1,0,0,3,39,0
0,4,1,15,6,4,8,2,2,1,0,0,1,39,0
2,4,1,8,6,2,4,0,4,1,0,0,6,39,1
4,4,1,11,5,2,5,0,4,1,0,0,3,39,0
1,4,1,11,5,4,8,1,4,1,0,0,3,39,0
4,4,0,11,5,2,3,0,4,1,0,0,3,39,0
2,4,1,9,8,2,10,0,4,1,0,0,3,39,0
3,1,1,11,5,0,1,1,4,1,0,0,3,39,0
5,0,1,11,5,0,0,4,4,1,0,0,3,39,0
7,4,1,1,4,4,9,1,4,0,0,0,7,39,0
6,4,1,11,5,0,7,1,4,0,0,0,3,39,0
0,4,3,9,8,4,1,4,2,0,0,0,3,39,0
6,6,1,15,6,2,4,0,4,1,0,0,7,39,0
5,4,1,9,8,2,13,0,4,1,0,0,2,39,1
0,4,1,11,5,4,12,2,2,0,0,0,2,23,0
3,6,1,15,6,5,12,4,4,1,0,0,6,39,0
2,4,1,1,4,5,8,4,4,1,0,0,1,39,0
4,4,1,12,8,3,1,4,4,0,0,0,3,39,0
5,4,1,0,3,2,6,0,4,1,0,0,3,39,0
1,4,1,9,8,4,4,1,4,1,0,0,7,39,1
1,4,0,9,8,4,10,1,4,0,0,0,4,39,0
1,7,2,15,6,4,8,1,1,1,0,0,3,39,0
2,7,1,9,8,4,4,1,1,0,0,0,4,39,0
3,2,2,11,5,0,1,1,4,0,0,0,3,39,0
5,4,0,15,6,2,12,0,4,1,0,0,3,39,0
1,4,0,15,6,2,7,0,4,1,0,0,4,39,0
1,4,1,9,8,4,3,1,1,1,0,0,3,40,0
2,4,0,8,6,2,1,0,4,1,0,0,3,39,0
0,4,2,11,5,4,12,3,4,0,0,0,1,39,0
3,4,1,15,6,5,1,4,4,0,0,0,3,39,0
1,4,2,9,8,0,10,1,4,0,0,0,3,39,0
0,4,1,2,4,4,8,3,4,1,0,0,3,39,0
4,4,0,11,5,2,14,0,4,1,0,0,5,39,1
3,4,2,11,5,0,13,4,4,0,0,0,3,39,0
4,4,0,11,5,4,8,1,4,0,0,0,3,39,0
2,2,1,11,5,4,14,4,2,0,0,0,3,39,0
5,6,0,12,8,2,12,0,4,1,0,0,5,39,0
5,6,1,11,5,2,3,0,4,1,0,0,5,39,1
0,4,0,11,5,4,3,3,4,1,0,0,3,39,0
3,4,2,11,5,5,7,1,4,1,0,0,1,39,0
6,0,0,11,5,2,0,0,4,1,0,0,3,39,1
0,4,0,15,6,4,8,3,4,0,0,0,2,0,0
7,6,2,11,5,6,5,1,4,0,0,0,1,39,0
3,4,0,15,6,2,3,0,4,1,0,0,3,39,0
3,4,0,7,7,2,7,0,4,1,0,0,3,39,1
3,0,0,2,4,0,0,1,4,0,0,0,3,2,0
4,4,0,11,5,0,4,1,4,0,0,4,3,39,0
0,0,1,1,4,4,0,3,4,1,0,0,1,29,0
1,4,0,7,7,4,13,1,4,0,0,0,3,39,0
0,4,0,15,6,4,6,3,1,1,0,0,3,30,0
3,4,1,9,8,0,1,4,4,0,0,0,3,39,0
3,4,0,15,6,0,10,4,4,0,0,0,1,39,0
2,4,1,11,5,2,3,0,4,1,0,0,3,39,1
2,4,0,15,6,4,4,4,2,0,0,0,3,39,0
4,4,1,15,6,0,7,1,4,0,0,0,3,39,0
1,1,0,15,6,4,1,3,2,0,0,0,3,39,0
1,4,1,11,5,4,8,3,4,0,0,0,3,39,0
2,1,1,9,8,2,12,0,4,1,0,0,4,39,1
2,6,1,11,5,2,10,5,4,0,0,0,3,39,0
2,4,0,15,6,2,5,0,4,1,0,0,6,39,0
6,2,1,9,8,0,1,4,2,0,0,0,3,39,0
0,4,0,15,6,4,1,1,4,0,0,0,3,39,0
1,4,0,9,8,4,4,1,4,0,0,0,4,39,0
5,4,0,8,6,2,12,0,4,1,1,0,3,39,1
1,4,0,8,6,2,3,0,1,1,0,0,3,39,1
1,4,0,15,6,2,7,0,4,1,0,3,3,39,0
0,4,1,7,7,4,6,3,4,1,0,0,1,39,0
0,0,0,15,6,4,0,3,4,1,0,0,3,39,0
1,4,0,11,5,2,14,0,4,1,0,0,3,39,0
2,4,1,0,3,0,7,1,1,0,0,0,3,32,0
5,4,2,11,5,2,4,0,4,1,0,0,3,39,1
5,4,0,9,8,2,4,0,4,1,0,0,3,39,0
4,2,0,11,5,6,8,4,4,0,0,0,3,39,0
3,6,0,11,5,2,5,0,4,1,0,0,6,39,0
4,4,1,7,7,2,13,0,2,1,0,0,3,39,0
5,2,1,15,6,0,4,4,4,0,0,0,3,39,0
2,4,2,9,8,2,6,0,4,1,0,0,3,39,0
3,4,1,11,5,0,8,4,4,0,0,0,3,39,0
6,5,2,11,5,6,4,1,4,0,1,0,3,39,1
4,0,1,11,5,2,0,0,4,1,0,0,3,39,0
0,4,1,11,5,4,12,3,1,1,0,0,3,35,0
1,6,2,7,7,2,3,1,4,1,0,0,5,39,1
0,0,0,15,6,4,0,3,4,1,0,0,2,39,0
4,4,0,12,8,4,10,1,4,1,0,0,3,39,1
0,4,1,11,5,4,1,1,4,0,0,0,3,39,0
4,7,2,12,8,0,10,1,1,0,0,0,3,39,0
2,4,1,9,8,4,1,3,4,0,0,0,3,39,0
2,4,2,11,5,2,8,0,4,1,0,0,5,39,0
2,4,1,8,6,4,10,4,2,0,0,0,3,39,0
4,4,0,11,5,4,1,4,4,0,0,0,3,39,0
5,6,0,11,5,2,3,0,4,1,0,0,3,39,0
0,7,0,15,6,4,1,3,4,1,0,0,1,39,0
0,0,1,7,7,2,0,0,4,1,0,0,3,8,0
3,5,0,9,8,2,4,0,4,1,0,0,7,39,0
1,1,1,9,8,4,10,1,4,0,0,0,3,39,0
2,4,0,9,8,2,10,0,4,1,0,0,4,39,1
5,0,2,11,5,2,0,0,4,1,0,0,3,39,0
3,7,0,9,8,2,10,5,0,0,0,0,4,39,1
3,4,0,9,8,4,8,1,4,1,0,0,4,39,0
3,2,0,12,8,4,10,3,4,0,0,0,5,39,0
1,4,0,15,6,4,12,2,4,1,0,0,5,39,0
4,4,0,11,5,4,12,1,4,0,0,0,3,39,0
2,6,0,11,5,2,14,0,4,1,0,0,5,39,0
3,6,2,9,8,2,10,0,4,1,0,0,2,39,0
2,6,2,15,6,2,3,0,4,1,0,0,3,39,1
4,7,2,7,7,2,12,0,4,1,0,0,3,39,1
2,4,1,11,5,0,8,4,0,0,0,0,3,39,0
2,4,2,15,6,4,1,4,4,0,0,0,3,39,0
1,0,2,15,6,5,0,4,4,0,0,0,1,39,0
6,1,1,12,8,6,10,4,4,0,0,0,3,39,0
3,4,0,0,3,0,14,1,4,1,0,0,3,39,0
4,5,1,5,2,2,3,0,4,1,0,0,5,39,1
5,4,0,9,8,2,1,0,4,1,0,0,5,39,0
0,4,1,11,5,2,7,5,4,0,0,0,2,39,0
6,4,0,9,8,2,12,0,4,1,0,0,5,39,1
0,4,0,15,6,4,12,3,4,0,0,0,3,39,0
2,2,0,11,5,2,1,5,4,0,0,0,6,39,0
0,4,0,11,5,4,6,3,2,1,0,0,3,39,0
0,4,1,11,5,4,7,3,4,1,0,0,1,39,0
6,6,2,11,5,2,1,5,4,0,0,0,0,39,0
0,4,2,15,6,4,12,3,4,1,0,0,3,39,0
3,2,1,11,5,4,1,4,4,0,0,0,3,39,0
2,4,1,11,5,4,3,4,4,1,0,0,0,39,0
0,0,0,11,5,4,0,3,4,0,0,0,1,39,0
5,5,1,11,5,2,12,0,4,1,0,0,5,39,1
0,0,2,15,6,4,0,3,4,1,0,0,3,39,0
3,4,1,11,5,2,3,0,4,1,0,0,4,39,0
0,4,1,11,5,4,12,3,4,0,0,0,2,39,0
3,4,0,5,2,2,14,0,4,1,0,0,3,39,0
1,2,1,11,5,4,5,3,4,1,0,0,3,39,0
2,4,0,11,5,2,3,0,4,1,0,0,3,39,0
2,2,1,7,7,2,11,0,4,1,0,0,3,39,1
2,4,1,8,6,0,10,1,4,0,1,0,3,39,1
2,4,0,1,4,0,14,1,4,1,0,0,3,39,0
1,0,0,9,8,2,0,5,4,0,0,0,2,39,1
2,4,1,9,8,0,4,1,4,0,0,0,4,39,0
1,4,0,0,3,4,7,4,2,0,0,0,3,39,0
2,4,1,11,5,4,7,4,2,0,0,0,3,39,0
1,4,1,9,8,4,12,3,4,1,0,0,0,39,0
2,4,1,9,8,3,3,4,4,1,0,0,3,39,0
5,1,2,2,4,2,1,0,4,1,0,0,3,39,0
6,4,2,9,8,2,12,0,4,1,0,4,3,39,1
2,4,1,14,9,2,10,0,4,1,0,0,3,39,1
2,2,1,15,6,4,3,1,4,1,0,0,3,39,0
2,4,1,15,6,0,8,4,2,0,0,0,3,39,0
0,4,2,9,8,2,10,5,4,0,0,0,3,39,0
3,4,1,15,6,0,4,1,4,1,0,0,4,39,0
0,4,1,1,4,4,1,4,2,1,0,0,3,39,0
1,4,1,9,8,2,4,5,4,0,0,0,3,39,1
0,4,0,15,6,4,12,3,4,0,0,0,1,39,0
1,4,0,9,8,4,10,1,4,1,0,0,4,39,0
0,0,0,1,4,4,0,2,4,0,0,0,2,39,0
0,4,1,15,6,4,6,3,4,1,0,0,2,39,0
3,4,0,15,6,2,7,0,4,1,0,0,4,39,1
1,4,1,11,5,4,8,3,2,0,0,0,3,0,0
2,4,0,2,4,2,7,0,4,1,0,0,3,39,0
0,4,1,15,6,4,12,3,4,0,0,0,1,39,0
4,4,1,9,8,0,12,4,4,0,0,0,5,39,0
5,4,1,14,9,2,10,0,4,1,0,0,4,39,1
3,1,3,15,6,0,4,4,2,0,0,0,3,39,0
0,7,1,11,5,4,11,3,4,1,0,0,3,39,0
4,4,1,9,8,2,4,0,4,1,0,0,4,39,1
0,4,2,15,6,4,12,1,4,0,0,0,1,39,0
6,7,1,5,2,2,14,0,4,1,0,0,3,39,0
5,5,1,9,8,2,12,0,4,1,1,0,5,39,1
4,5,0,11,5,2,3,0,4,1,0,0,6,39,1
7,0,0,4,1,2,0,0,4,1,0,0,2,39,0
3,4,0,15,6,2,12,0,4,1,0,0,5,39,0
2,1,1,11,5,2,14,0,4,1,0,4,3,39,0
5,4,0,0,3,6,3,4,2,0,0,0,3,39,0
5,4,0,8,6,2,13,0,4,1,0,0,3,39,0
3,5,0,15,6,2,14,0,4,1,0,0,3,39,1
3,4,1,12,8,4,10,1,4,0,0,0,5,39,0
7,5,0,12,8,2,4,0,4,1,0,0,3,39,1
4,6,1,14,9,2,10,0,4,1,1,0,3,39,1
2,2,2,9,8,2,1,0,4,1,0,0,3,39,1
2,4,0,9,8,3,10,1,4,0,0,0,3,39,0
4,0,0,1,4,2,0,3,2,0,0,0,3,39,0
2,4,0,7,7,2,8,0,4,1,0,0,3,8,0
4,4,0,11,5,2,3,0,4,1,0,0,3,39,0
5,0,1,11,5,0,0,1,4,0,0,0,3,9,0
2,4,0,8,6,2,14,0,4,1,0,0,4,39,1
2,4,0,11,5,3,1,4,4,0,0,0,3,39,0
1,7,0,15,6,0,1,3,4,1,0,0,1,39,0
2,4,2,15,6,2,7,0,2,1,0,0,3,39,1
2,4,7,15,6,5,13,4,4,0,0,0,5,4,0
3,4,1,11,5,6,1,4,4,0,0,0,4,39,0
2,2,0,12,8,0,4,1,4,0,0,0,3,39,0
4,4,1,11,5,4,7,1,2,0,0,0,3,39,0
0,4,0,15,6,4,12,3,2,0,0,0,1,39,0
4,4,0,9,8,5,1,4,4,0,0,2,3,39,0
2,4,1,15,6,4,7,1,4,1,0,0,3,9,1
4,4,0,9,8,4,10,1,4,1,0,0,3,39,0
3,4,1,6,2,2,7,5,4,0,0,0,3,39,0
1,4,0,15,6,4,4,3,4,1,0,0,3,39,0
1,7,0,9,8,4,10,1,4,0,0,0,3,39,0
4,4,1,1,4,0,8,1,4,0,0,0,3,39,0
5,4,1,11,5,0,1,1,4,0,0,0,3,39,0
3,5,1,11,5,2,14,0,4,1,0,0,9,39,0
3,4,0,12,8,2,4,0,4,1,0,4,4,39,1
0,1,0,11,5,4,1,3,4,1,0,0,3,39,0
4,5,1,9,8,2,12,0,4,1,0,0,6,39,0
0,4,1,4,1,4,8,1,4,1,0,0,5,13,0
0,0,1,15,6,4,0,3,4,0,0,0,3,0,0
0,4,2,15,6,4,1,4,4,1,0,0,3,39,0
3,4,1,9,8,2,12,0,4,1,9,0,3,39,1
3,4,0,15,6,0,8,1,4,0,0,3,5,39,0
4,4,0,2,4,0,14,1,4,0,0,0,3,39,0
0,4,1,11,5,4,10,3,4,0,0,0,4,39,0
3,4,1,11,5,0,8,4,4,0,0,0,3,39,0
1,4,1,11,5,2,4,0,4,1,0,0,5,39,0
6,6,0,5,2,6,5,4,4,0,0,0,0,39,0
5,4,1,15,6,2,12,0,4,1,0,0,3,39,0
2,4,1,11,5,4,1,1,4,0,0,0,4,39,0
0,4,1,15,6,4,10,3,4,1,0,0,1,39,0
2,4,1,11,5,0,12,1,4,1,0,3,4,39,0
1,4,1,14,9,2,10,0,4,1,0,0,2,39,1
3,5,0,15,6,2,4,0,4,1,0,0,5,39,1
2,4,1,8,6,0,12,1,4,1,0,0,5,39,1
2,2,0,7,7,5,1,4,4,0,0,0,3,39,0
0,2,2,9,8,4,10,1,4,0,0,2,3,39,0
1,4,0,8,6,4,1,3,4,0,0,0,3,39,0
0,4,0,15,6,4,1,1,4,0,0,0,3,39,0
0,4,0,15,6,2,12,0,4,1,0,0,2,39,0
1,2,0,9,8,2,10,0,4,1,0,0,3,39,0
0,4,0,11,5,4,3,3,0,1,0,0,3,39,0
1,4,0,15,6,2,4,0,4,1,0,0,5,39,0
5,4,0,15,6,2,3,0,4,1,0,0,3,39,1
6,4,0,15,6,4,9,1,4,0,0,0,3,39,0
4,4,1,9,8,2,4,0,4,1,0,0,3,39,1
4,5,1,14,9,2,10,0,4,1,0,0,3,39,1
0,4,1,15,6,4,12,3,4,0,0,0,2,39,0
5,4,2,12,8,2,10,0,4,1,0,4,4,39,1
4,4,0,11,5,0,14,1,4,1,0,0,3,39,1
3,1,2,14,9,2,10,0,1,1,0,0,5,19,1
0,4,1,9,8,4,4,3,4,0,0,0,1,39,0
0,4,1,11,5,2,3,0,4,1,0,0,3,39,0
2,4,1,11,5,4,8,4,4,1,0,3,3,0,0
4,4,1,11,5,0,7,1,4,1,0,0,3,39,0
3,2,1,9,8,0,10,4,4,0,0,0,5,39,1
2,4,1,5,2,5,12,4,4,0,0,0,3,39,0
0,4,0,6,2,4,12,3,3,0,0,0,3,39,0
5,4,1,15,6,0,8,4,4,0,0,0,4,10,0
3,4,1,15,6,0,1,1,4,0,0,0,4,39,0
4,4,0,1,4,2,8,0,4,1,0,0,3,39,0
1,4,1,11,5,2,6,0,4,1,0,0,3,39,0
7,4,0,15,6,6,9,4,4,0,0,0,0,39,0
1,4,1,11,5,2,7,0,4,1,0,0,3,39,0
1,4,2,9,8,4,10,1,4,0,0,0,4,39,0
5,4,1,11,5,2,8,0,4,1,0,0,3,26,0
1,4,1,7,7,4,12,3,4,1,0,0,1,39,0
2,4,1,11,5,2,6,0,4,1,0,0,4,39,0
2,4,1,9,8,4,1,1,4,0,0,0,3,39,0
3,2,0,12,8,0,10,4,2,0,0,0,3,39,1
3,4,0,15,6,5,4,4,4,0,0,0,3,39,0
1,1,2,11,5,4,3,1,4,1,0,0,3,39,0
3,4,1,11,5,0,4,4,4,0,0,0,3,39,0
2,4,4,11,5,2,8,0,4,1,0,0,2,0,0
2,4,1,15,6,5,13,4,2,0,0,0,3,39,0
2,4,3,9,8,2,4,0,2,1,0,0,3,0,0
0,4,2,11,5,4,1,3,4,1,0,0,3,39,0
2,4,1,11,5,4,1,1,4,1,0,0,3,39,1
1,4,0,11,5,2,6,0,2,1,0,0,3,39,0
7,4,2,8,6,6,1,1,4,0,0,0,1,4,0
4,4,0,11,5,0,7,3,2,0,0,0,3,39,0
7,4,1,0,3,2,7,0,4,1,0,0,3,39,0
3,4,0,15,6,2,7,0,4,1,0,0,8,39,1
4,4,0,9,8,0,4,4,2,0,0,0,3,39,0
1,4,1,11,5,2,10,0,4,1,0,0,3,39,1
2,4,1,3,0,2,3,0,4,1,0,0,3,26,0
0,4,1,15,6,4,12,3,4,1,0,0,1,0,0
1,4,0,9,8,4,1,3,4,0,0,0,3,32,0
1,4,1,5,2,2,3,0,4,1,0,0,3,26,0
0,4,0,11,5,2,7,5,4,0,0,0,3,39,1
3,4,0,12,8,2,4,0,4,1,0,0,3,39,1
3,6,1,11,5,3,3,1,1,1,0,0,3,37,0
0,4,0,15,6,2,8,0,4,1,0,0,3,39,0
1,2,1,11,5,2,14,0,2,1,0,0,3,39,0
3,4,1,9,8,2,4,0,4,1,0,4,6,39,1
1,4,0,11,5,2,3,0,4,1,0,0,3,39,0
0,4,0,11,5,4,1,4,4,0,0,0,3,39,0
7,6,1,11,5,2,4,0,4,1,0,0,3,39,0
6,0,0,10,9,2,0,0,4,1,2,0,5,39,1
2,4,1,11,5,4,3,1,4,1,0,0,2,39,0
0,4,0,15,6,4,8,3,4,1,0,0,1,39,0
2,4,0,9,8,2,10,0,4,1,0,0,5,39,0
1,4,0,9,8,2,6,0,2,1,0,0,8,0,1
1,4,2,11,5,4,1,1,2,0,0,0,3,39,0
5,1,0,9,8,2,1,0,4,1,0,0,3,39,1
1,4,1,11,5,4,6,2,2,1,0,0,4,39,0
1,4,0,15,6,2,14,0,4,1,0,0,4,39,0
0,4,1,15,6,4,10,3,4,0,0,0,2,39,0
1,4,2,9,8,4,1,1,2,0,0,0,3,39,0
0,0,0,11,5,4,0,2,4,1,0,0,6,39,0
2,4,1,11,5,2,7,0,4,1,0,0,3,39,0
0,7,1,15,6,4,1,3,4,0,0,0,3,39,0
2,4,1,9,8,2,12,0,4,1,0,0,3,39,0
5,6,0,14,9,2,5,0,4,1,0,0,2,39,0
2,4,3,15,6,0,1,4,2,0,0,0,3,39,0
2,4,0,15,6,2,3,0,4,1,0,0,3,39,0
4,4,1,15,6,2,4,0,4,1,0,0,3,39,0
5,4,0,11,5,0,8,4,4,0,0,0,3,39,0
3,4,1,15,6,2,12,0,4,1,0,0,5,39,1
4,2,1,11,5,2,11,0,4,1,0,0,3,39,0
4,2,1,15,6,4,8,3,4,0,0,0,1,39,0
3,6,0,11,5,2,4,0,4,1,0,0,5,39,0
2,4,1,6,2,4,8,1,4,1,0,0,4,8,0
5,4,0,15,6,4,3,1,2,0,0,0,3,39,0
1,2,0,9,8,4,6,3,4,1,0,0,3,39,0
1,4,0,9,8,3,13,4,2,0,0,0,3,39,0
4,4,0,15,6,0,7,4,4,1,0,0,3,39,0
3,4,1,9,8,2,13,0,4,1,0,0,4,39,1
1,4,0,0,3,4,5,4,0,1,0,0,3,39,0
1,4,1,6,2,4,5,3,4,1,0,0,3,39,0
8,5,1,15,6,2,4,0,4,1,0,0,3,39,0
1,4,1,0,3,4,1,3,4,1,0,0,6,39,0
3,4,1,6,2,2,14,0,4,1,0,0,3,39,0
2,4,1,11,5,2,3,0,4,1,0,0,3,39,0
3,4,0,11,5,2,7,0,0,1,0,0,3,39,0
4,5,0,7,7,2,12,0,4,1,0,0,6,39,0
0,2,0,1,4,4,11,3,4,1,0,0,0,39,0
2,5,2,11,5,2,12,0,4,1,0,0,5,39,1
3,4,2,15,6,2,3,0,4,1,0,0,6,39,1
1,4,1,11,5,4,8,4,4,0,0,0,2,39,0
2,4,0,12,8,0,4,1,4,1,0,0,4,39,1
4,6,0,14,9,2,10,0,4,1,0,0,3,39,0
2,4,0,15,6,2,3,0,1,1,0,0,3,17,0
3,6,0,11,5,2,4,0,4,1,0,0,8,39,0
0,4,1,15,6,4,12,3,4,1,0,0,2,39,0
3,4,1,11,5,4,8,2,2,1,0,0,3,39,0
6,4,1,9,8,4,1,1,4,1,0,0,3,39,0
5,4,0,11,5,2,3,0,4,1,0,0,3,39,0
0,4,1,11,5,4,1,3,4,0,0,0,1,39,0
6,4,1,12,8,2,10,0,4,1,0,0,1,0,0
1,1,2,11,5,2,13,0,4,1,0,0,3,39,0
1,4,0,9,8,4,10,1,4,0,0,0,5,39,0
5,2,0,9,8,2,4,0,4,1,0,0,4,39,0
1,4,0,8,6,4,8,1,4,0,0,0,3,39,0
4,5,3,0,3,2,4,0,4,1,0,0,3,39,0
1,4,1,15,6,2,8,0,2,1,0,0,3,39,0
3,1,2,9,8,2,10,0,4,1,0,0,4,39,1
2,4,1,11,5,4,3,3,2,1,0,0,2,39,0
1,4,1,11,5,2,1,5,4,0,0,4,1,39,0
1,4,1,15,6,2,13,5,4,0,0,0,3,39,0
7,2,0,12,8,4,10,4,4,0,0,0,5,39,1
3,4,1,15,6,4,1,1,4,1,0,0,2,39,0
2,0,0,11,5,5,0,3,4,0,0,0,0,39,0
5,4,0,11,5,0,4,1,4,0,0,0,6,39,0
5,4,1,15,6,6,7,4,4,0,0,0,3,39,0
3,4,1,1,4,4,14,3,4,1,0,0,3,39,0
3,4,1,9,8,4,10,3,4,1,0,0,3,39,0
4,7,2,10,9,0,10,3,4,1,0,0,5,39,1
4,2,0,15,6,2,1,5,4,0,0,0,3,39,0
6,4,0,12,8,2,12,0,4,1,0,0,2,39,1
5,4,1,15,6,6,12,4,4,0,0,0,2,39,0
2,1,1,15,6,2,8,0,2,1,0,0,3,39,0
6,4,1,11,5,6,12,1,4,0,0,0,2,39,0
0,4,1,15,6,4,1,3,2,0,0,0,1,39,0
0,4,1,11,5,4,8,3,4,1,0,0,2,39,0
2,4,0,15,6,4,1,1,4,0,0,0,3,39,0
3,4,1,11,5,2,7,0,4,1,0,0,3,39,0
0,4,0,15,6,4,10,3,4,1,0,0,3,39,0
6,0,0,5,2,2,0,0,4,1,0,0,0,39,0
5,4,1,1,4,3,3,1,4,1,0,0,3,2,0
0,4,1,15,6,4,10,3,4,1,0,0,1,39,0
1,4,0,9,8,4,12,1,4,1,0,0,4,39,0
3,4,0,11,5,0,8,1,4,0,0,0,3,39,0
2,7,0,15,6,4,13,4,2,0,0,0,1,39,0
3,4,2,15,6,2,14,0,4,1,0,0,4,39,1
1,4,1,15,6,0,8,1,4,1,0,0,3,39,0
2,4,1,11,5,4,3,4,4,1,0,0,3,39,0
1,4,0,15,6,2,1,5,4,0,0,0,1,39,0
1,4,0,8,6,2,3,0,4,1,0,0,5,39,0
2,0,1,1,4,5,0,1,4,0,0,0,6,39,0
3,4,1,8,6,2,7,0,4,1,0,0,3,39,0
3,4,1,11,5,2,6,0,4,1,0,0,3,39,0
0,4,1,15,6,4,1,1,4,1,0,0,3,39,0
7,1,0,15,6,6,13,1,4,0,0,0,1,39,0
1,7,1,11,5,0,1,3,4,0,0,0,2,39,0
2,6,0,11,5,2,12,5,4,0,0,0,3,39,1
0,4,2,8,6,4,8,3,4,0,0,0,3,39,0
3,5,1,14,9,2,10,0,4,1,1,0,6,39,1
3,4,1,9,8,2,13,0,4,1,0,0,3,39,1
2,4,1,11,5,2,3,0,4,1,0,0,3,39,0
2,2,1,9,8,2,11,0,1,1,0,0,3,30,1
3,7,1,11,5,2,3,0,4,1,0,0,3,39,0
2,4,1,3,0,4,12,3,4,0,0,0,2,39,0
2,6,0,11,5,2,14,0,4,1,0,0,6,39,0
2,4,0,11,5,2,10,0,4,1,0,3,4,39,0
1,2,0,11,5,4,8,3,4,1,0,0,1,39,0
4,2,0,12,8,2,10,0,0,1,0,0,3,39,0
7,6,1,14,9,2,10,0,4,1,9,0,3,39,1
5,4,1,11,5,2,12,0,4,1,0,0,3,39,0
0,4,1,9,8,4,10,1,4,1,0,0,5,39,0
2,4,0,15,6,2,3,0,4,1,0,0,5,39,0
3,6,1,15,6,2,3,0,4,1,0,3,3,39,1
2,4,1,15,6,4,4,3,4,0,0,0,3,39,0
1,4,0,15,6,5,12,1,4,1,0,0,3,39,0
1,4,0,15,6,2,10,5,1,0,0,0,3,39,0
3,4,1,14,9,2,10,0,1,1,0,5,6,19,1
6,5,1,11,5,2,10,5,4,0,2,0,2,9,1
2,7,0,15,6,0,1,4,4,0,0,0,1,39,0
3,4,2,11,5,2,14,0,4,1,0,0,2,39,0
6,4,0,11,5,2,3,0,4,1,0,0,3,39,1
1,2,1,7,7,6,10,4,4,1,0,0,3,39,0
2,6,0,11,5,2,4,0,4,1,0,0,5,39,0
1,7,1,15,6,0,1,4,2,1,0,0,3,39,0
6,5,0,12,8,2,12,0,4,1,0,0,3,39,0
2,4,2,10,9,4,10,1,4,1,0,0,5,39,1
7,4,1,11,5,0,6,1,4,0,0,0,1,39,0
3,4,0,9,8,2,4,0,4,1,1,0,5,39,1
0,7,1,15,6,4,7,3,4,0,0,0,3,39,0
5,1,0,9,8,4,14,1,2,1,0,4,6,39,0
2,4,1,11,5,2,1,5,4,0,0,0,2,39,0
5,4,1,15,6,2,3,0,4,1,0,0,3,39,1
0,4,0,15,6,4,4,3,4,1,0,0,3,39,0
5,4,0,15,6,0,3,1,4,1,0,0,3,39,0
3,4,0,11,5,2,7,0,4,1,0,0,4,39,1
5,1,0,11,5,2,12,5,4,0,0,0,3,39,1
3,4,1,11,5,2,3,0,4,1,0,0,3,39,0
3,4,1,6,2,2,14,0,4,1,0,0,3,39,0
4,4,1,15,6,5,8,1,2,0,0,0,3,39,0
1,4,1,7,7,2,4,0,4,1,0,0,5,39,1
1,4,0,11,5,4,6,1,4,1,0,0,3,39,0
2,4,0,8,6,2,3,0,4,1,0,0,5,39,0
0,1,0,15,6,4,6,1,4,1,0,0,3,39,0
1,4,0,12,8,2,10,0,4,1,0,0,5,39,1
2,4,1,11,5,2,3,0,4,1,0,0,3,39,0
6,4,1,11,5,0,12,1,4,0,0,0,1,39,0
2,4,2,9,8,0,4,1,4,1,0,3,3,39,0
0,0,0,15,6,4,0,3,4,0,0,0,3,39,0
4,4,1,8,6,2,10,0,4,1,0,0,3,11,1
5,2,1,8,6,2,8,0,4,1,0,0,3,39,0
4,4,0,5,2,2,6,0,4,1,0,0,3,32,0
2,6,1,9,8,2,3,0,4,1,0,0,4,39,0
0,4,0,15,6,4,1,3,4,1,0,0,3,39,0
3,5,2,14,9,2,10,0,4,1,0,0,5,39,1
6,0,1,11,5,2,0,0,4,1,0,0,0,39,0
3,6,0,14,9,2,4,0,4,1,1,0,5,39,1
5,4,1,15,6,0,10,4,4,1,0,0,3,39,0
1,4,1,15,6,4,6,4,4,0,0,0,3,39,0
3,4,1,9,8,2,12,0,4,1,1,0,4,39,1
6,6,1,9,8,2,12,0,4,1,1,0,3,39,1
3,6,0,12,8,2,4,0,4,1,0,0,5,39,1
3,4,1,11,5,2,7,0,4,1,0,0,3,39,0
2,4,1,11,5,2,14,0,4,1,0,0,3,33,0
1,4,1,9,8,4,4,3,1,0,0,0,5,36,0
3,4,1,15,6,2,3,0,4,1,0,0,3,39,1
3,2,0,9,8,2,10,0,4,1,0,0,3,39,1
6,4,1,11,5,2,7,0,4,1,0,0,3,39,0
0,2,0,15,6,4,10,3,4,0,0,0,2,39,0
6,4,0,11,5,2,3,0,4,1,0,0,3,39,0
3,4,1,11,5,4,3,1,4,1,0,0,5,39,0
3,4,2,0,3,2,3,0,4,1,0,0,3,39,0
2,4,1,11,5,4,10,1,4,1,0,0,3,39,0
8,4,1,6,2,2,11,0,4,1,0,0,1,39,0
2,7,1,11,5,4,4,1,4,1,0,0,5,39,0
0,2,0,15,6,4,10,1,4,0,0,0,2,39,0
3,6,1,6,2,2,5,2,4,1,0,0,3,5,0
9,4,0,9,8,2,4,0,4,1,0,0,0,31,0
2,4,0,11,5,0,6,3,4,1,0,0,4,39,0
2,0,1,2,4,4,0,3,2,0,0,0,3,39,0
1,2,0,12,8,4,11,1,4,1,0,0,3,39,0
0,4,2,11,5,4,1,3,4,0,0,0,3,39,0
3,4,1,8,6,2,4,5,4,0,0,0,3,39,1
7,4,1,11,5,2,12,5,4,0,0,0,3,39,0
3,4,0,11,5,2,7,0,1,1,0,0,3,1,1
1,4,3,15,6,5,12,4,4,0,0,0,3,39,0
1,4,1,8,6,2,12,0,4,1,0,0,3,39,0
4,6,2,11,5,6,4,4,1,0,0,0,4,35,0
7,4,0,9,8,2,12,0,4,1,0,0,7,39,1
7,4,1,9,8,2,10,0,4,1,0,0,1,39,0
3,4,1,12,8,2,10,5,4,0,0,0,4,39,1
3,7,1,12,8,0,10,1,4,0,0,0,4,39,0
3,4,1,15,6,0,3,1,4,1,0,0,5,39,0
1,4,0,15,6,2,8,0,4,1,0,0,3,39,0
1,4,0,15,6,4,8,1,4,0,0,0,2,39,0
1,4,0,11,5,2,12,0,4,1,0,0,5,39,0
2,2,1,15,6,0,11,1,4,1,0,0,7,39,0
3,4,1,11,5,2,7,0,4,1,0,0,3,39,0
3,4,1,7,7,4,3,1,4,1,0,0,2,39,0
4,6,0,15,6,2,13,0,4,1,0,0,6,39,1
2,4,0,11,5,2,12,0,4,1,0,0,5,39,0
2,4,1,1,4,3,8,2,4,1,0,0,3,8,0
3,4,1,11,5,2,5,0,3,1,0,0,3,39,0
7,0,1,9,8,2,0,0,4,1,1,0,0,39,1
1,4,1,8,6,4,12,1,4,1,0,0,4,39,0
1,4,1,15,6,4,14,1,4,0,0,0,4,39,0
3,7,1,5,2,4,8,1,2,0,0,0,3,39,0
3,2,2,15,6,2,4,0,4,1,0,0,3,39,0
4,6,0,15,6,2,5,0,4,1,0,0,4,39,0
2,4,0,9,8,2,4,0,4,1,0,0,3,0,1
2,4,0,11,5,0,1,1,4,0,0,0,3,39,0
3,4,1,11,5,5,7,3,2,0,0,0,3,39,0
3,4,3,15,6,2,3,0,4,1,0,4,5,39,1
1,4,0,15,6,0,12,3,4,0,0,0,2,39,0
0,0,2,15,6,4,0,3,4,1,0,0,3,39,0
2,4,1,11,5,4,10,1,4,0,0,3,4,39,0
0,4,0,1,4,4,12,3,4,0,0,0,0,39,0
3,4,0,7,7,2,3,0,4,1,0,0,3,39,0
5,7,1,9,8,2,1,0,4,1,0,0,3,39,1
3,6,1,11,5,2,12,0,4,1,0,0,7,39,0
2,4,1,11,5,4,14,1,2,1,0,0,5,39,0
1,7,1,15,6,3,8,2,4,1,0,0,3,39,0
4,4,1,9,8,4,1,3,4,1,0,0,3,39,0
4,4,0,0,3,2,3,0,4,1,0,0,3,39,0
1,4,2,9,8,4,4,1,4,0,0,0,3,39,0
3,4,0,11,5,0,1,4,2,0,0,0,3,39,0
0,4,1,0,3,4,12,2,4,1,0,0,2,39,0
0,4,1,15,6,4,6,3,4,1,0,0,0,39,0
1,4,1,11,5,2,1,5,4,0,0,0,3,39,0
3,4,1,8,6,2,4,0,4,1,1,0,5,39,1
1,4,0,8,6,4,8,1,4,0,0,0,3,39,0
0,2,2,15,6,5,4,4,2,1,0,0,3,39,0
5,6,0,12,8,2,4,0,4,1,0,0,5,39,0
2,4,0,9,8,4,4,1,1,1,0,0,3,0,0
3,1,0,15,6,2,13,0,4,1,0,0,3,39,1
3,4,1,15,6,0,12,4,4,1,0,0,3,39,0
4,2,1,11,5,2,3,0,4,1,0,0,3,39,0
5,4,0,11,5,0,12,4,2,0,0,0,3,39,0
0,4,1,15,6,4,1,3,4,0,0,0,1,39,0
2,7,1,15,6,5,4,3,4,0,0,0,3,39,0
4,4,1,11,5,2,12,3,4,0,0,0,3,39,1
2,4,3,11,5,2,6,0,4,1,0,0,3,39,0
4,4,1,11,5,2,4,0,4,1,0,0,6,39,1
2,4,2,11,5,0,1,4,4,1,0,0,3,39,0
1,0,1,15,6,4,0,4,4,0,0,0,3,39,0
0,0,2,11,5,4,0,1,3,1,0,0,4,39,0
3,4,2,15,6,2,3,0,4,1,0,0,6,39,1
5,4,1,6,2,0,8,4,4,0,0,0,3,39,0
0,4,4,11,5,4,3,3,2,1,0,0,3,39,0
2,6,1,11,5,4,5,1,4,1,0,0,5,39,0
4,4,1,11,5,2,3,0,4,1,0,0,3,26,0
1,4,1,12,8,2,10,0,4,1,0,4,4,39,1
3,5,0,11,5,2,12,0,4,1,0,4,5,39,1
0,4,1,15,6,4,10,3,4,0,0,0,3,39,0
5,4,1,15,6,4,13,1,4,1,0,0,3,39,0
3,4,0,12,8,2,10,0,4,1,0,0,5,39,1
4,4,2,11,5,2,7,0,4,1,0,0,3,39,0
4,2,1,9,8,2,4,0,4,1,0,0,5,39,1
2,4,1,11,5,2,7,0,4,1,0,0,3,39,0
1,4,1,15,6,6,1,4,4,0,0,0,3,39,0
0,4,0,9,8,4,1,3,4,0,0,0,3,39,0
4,4,1,9,8,2,12,0,4,1,0,0,6,39,1
0,0,2,15,6,4,0,4,4,1,0,0,3,39,0
3,4,1,5,2,2,3,0,4,1,0,0,3,39,0
2,2,4,15,6,0,4,4,2,0,0,0,4,39,0
1,4,2,15,6,2,3,0,4,1,0,0,3,39,1
0,4,0,15,6,4,8,3,4,0,0,0,2,39,0
2,4,1,11,5,0,5,1,4,1,0,0,3,39,0
3,7,2,15,6,0,1,1,2,0,0,0,3,39,0
1,4,1,11,5,5,4,3,4,0,0,0,3,39,0
0,4,2,4,1,4,5,2,4,1,0,0,3,26,0
4,4,0,15,6,2,10,0,4,1,0,0,3,39,0
1,4,1,15,6,4,12,1,4,1,0,0,2,39,0
0,4,1,15,6,4,5,3,4,1,0,0,3,39,0
1,4,0,11,5,2,7,0,4,1,0,0,3,39,0
1,4,1,11,5,2,6,0,2,1,0,0,8,39,1
1,4,1,11,5,2,7,0,4,1,0,3,3,39,0
4,4,0,11,5,0,1,4,4,0,0,0,3,39,0
2,6,1,9,8,2,3,0,1,1,1,0,7,35,1
3,4,0,15,6,2,4,0,4,1,0,0,3,39,1
2,7,0,11,5,0,8,4,4,0,0,0,1,39,0
2,4,1,11,5,2,14,0,4,1,0,0,3,39,0
1,4,1,11,5,4,6,1,4,1,0,0,4,39,0
0,4,0,6,2,4,8,3,4,0,0,0,3,39,0
5,0,1,11,5,0,0,1,4,1,0,0,1,39,0
2,6,0,8,6,2,5,0,4,1,0,0,6,39,0
4,4,0,15,6,2,3,0,4,1,0,0,3,39,0
0,0,1,15,6,4,0,3,4,0,0,0,3,22,0
0,4,1,2,4,4,8,3,4,1,0,0,1,39,0
5,4,1,9,8,2,10,0,4,1,0,0,3,39,1
1,4,1,0,3,2,7,0,4,1,0,0,3,39,0
1,4,0,9,8,2,4,5,4,0,0,4,3,39,1
2,4,2,9,8,2,4,0,4,1,0,0,3,39,0
1,4,1,9,8,4,4,1,4,1,0,0,3,39,0
1,4,1,11,5,2,3,0,4,1,0,0,5,39,0
4,2,1,15,6,0,1,4,4,0,0,0,3,26,0
4,4,0,11,5,2,7,0,4,1,0,0,3,39,0
2,4,0,11,5,4,1,3,4,0,0,0,3,39,0
5,4,0,11,5,5,3,4,4,1,0,0,3,39,0
3,6,1,11,5,2,10,0,4,1,0,0,3,39,0
3,6,1,11,5,2,4,0,4,1,0,0,3,39,0
5,7,0,12,8,0,10,1,4,0,0,0,3,39,0
3,4,1,15,6,0,7,3,4,1,0,0,3,39,0
0,4,2,15,6,4,6,1,4,1,0,0,2,39,0
2,4,1,11,5,0,6,4,4,0,0,0,3,39,0
1,2,0,8,6,2,11,0,4,1,0,0,3,39,1
0,4,2,11,5,4,6,3,4,1,0,0,1,39,0
6,0,1,1,4,2,0,0,4,1,0,0,0,39,0
2,4,3,15,6,2,3,0,4,1,0,0,3,39,1
4,4,1,12,8,0,4,1,4,1,0,0,6,39,1
3,2,1,9,8,0,11,1,2,1,0,0,5,39,1
2,4,2,15,6,2,14,0,4,1,0,0,5,39,0
3,0,2,4,1,2,0,0,4,1,0,0,3,26,0
1,4,0,15,6,2,5,0,4,1,0,0,3,39,0
0,4,0,15,6,4,12,3,4,0,0,0,1,39,0
0,4,1,11,5,4,1,3,4,0,0,0,1,39,0
1,7,1,11,5,2,11,0,4,1,0,0,3,39,0
0,4,1,15,6,4,1,1,4,1,0,0,3,39,0
1,4,1,15,6,4,1,3,4,0,0,0,3,39,0
1,4,1,15,6,3,3,1,4,1,0,0,3,0,0
2,4,1,12,8,2,4,5,4,0,0,0,3,39,0
6,4,1,15,6,2,12,0,4,1,0,0,3,39,0
3,4,1,11,5,2,14,0,4,1,0,0,3,39,0
0,4,1,15,6,4,8,1,4,1,0,0,3,39,0
6,0,1,0,3,2,0,0,4,1,0,0,5,39,1
1,4,1,15,6,2,7,0,4,1,0,0,3,27,0
1,4,0,15,6,2,6,0,4,1,0,0,3,31,0
0,4,0,11,5,4,7,1,4,1,0,0,4,39,0
6,4,0,0,3,2,8,0,2,1,0,0,3,39,0
5,4,0,0,3,2,14,0,4,1,0,0,4,39,1
2,4,0,11,5,2,1,5,4,0,0,0,3,39,1
1,5,2,11,5,4,12,1,4,1,0,0,5,39,0
2,6,1,11,5,2,3,0,4,1,0,0,5,39,0
4,1,0,11,5,2,4,0,4,1,0,0,5,39,1
2,4,0,11,5,4,1,3,2,0,0,0,3,39,0
1,4,0,7,7,4,1,1,4,0,0,0,3,39,0
1,4,1,11,5,4,7,2,4,0,0,0,3,33,0
5,6,1,15,6,0,10,1,4,0,0,0,3,39,0
6,5,1,11,5,2,3,0,4,1,0,0,0,39,0
6,0,0,11,5,2,0,0,4,1,0,0,3,39,0
3,2,1,11,5,0,3,3,4,0,0,0,3,33,0
2,1,1,2,4,2,2,0,4,1,0,0,3,39,0
1,7,0,9,8,4,10,1,4,0,0,0,3,39,0
4,6,0,15,6,2,5,0,4,1,0,0,8,39,0
0,4,1,15,6,4,8,3,4,0,0,0,1,39,0
0,4,1,9,8,4,1,1,4,0,0,0,3,39,0
2,4,0,15,6,2,3,0,4,1,0,0,4,39,0
3,4,1,11,5,4,1,4,4,0,0,0,6,39,0
2,4,0,11,5,4,14,1,4,1,0,0,3,39,0
3,7,1,11,5,2,3,0,4,1,0,0,3,39,0
0,7,3,15,6,4,1,2,4,0,0,0,1,24,0
2,4,1,15,6,6,3,4,4,1,0,0,3,39,0
1,4,1,11,5,4,13,1,4,1,0,0,3,39,0
3,4,1,6,2,0,8,1,4,1,0,0,2,39,0
2,6,1,12,8,4,12,1,4,1,1,0,4,39,1
1,4,0,11,5,2,3,0,4,1,0,0,3,39,0
4,4,0,9,8,2,10,0,4,1,0,0,5,39,1
2,4,1,15,6,5,7,1,3,1,0,0,3,39,0
3,4,0,9,8,2,10,0,4,1,1,0,5,22,1
5,4,1,9,8,2,4,0,4,1,0,0,6,39,1
1,4,0,11,5,2,1,0,2,1,0,0,3,39,0
2,4,0,11,5,2,1,0,4,1,0,0,3,39,0
4,0,1,11,5,5,0,4,4,0,0,0,3,4,0
5,7,0,15,6,2,4,0,4,1,0,0,3,39,1
3,4,1,11,5,2,12,0,4,1,0,0,3,39,0
1,4,0,11,5,2,1,0,4,1,0,0,3,39,0
1,2,0,11,5,4,6,3,0,1,0,0,2,39,0
1,4,1,11,5,4,8,4,4,0,0,0,3,39,0
0,4,1,15,6,4,8,3,4,1,0,0,2,39,0
5,7,1,8,6,6,10,4,4,0,0,0,3,39,0
3,4,1,15,6,2,14,0,4,1,0,0,5,39,0
1,4,3,9,8,2,4,0,2,1,0,4,3,39,1
0,2,1,1,4,4,3,3,4,1,0,0,3,39,0
3,4,1,15,6,2,14,0,4,1,0,0,5,39,1
0,6,0,11,5,4,3,3,4,1,0,0,3,39,0
0,7,0,15,6,2,8,0,4,1,0,0,2,39,0
1,4,0,6,2,2,6,0,4,1,0,0,3,39,0
0,4,2,11,5,4,6,3,4,1,0,0,2,39,0
3,4,3,12,8,2,4,0,4,1,0,0,5,39,1
2,4,0,9,8,2,10,5,4,0,0,0,3,39,0
1,4,1,9,8,0,3,4,4,1,0,0,5,39,0
6,4,0,5,2,2,3,0,4,1,0,0,3,39,0
1,4,0,11,5,2,7,0,4,1,0,0,4,39,0
1,7,1,12,8,2,4,5,4,0,0,0,3,39,0
2,4,0,9,8,2,4,0,4,1,0,4,3,39,1
1,4,0,9,8,0,10,1,4,1,0,0,6,39,0
6,0,1,11,5,5,0,1,4,0,0,0,3,39,0
6,0,0,11,5,2,0,0,4,1,0,0,3,39,0
3,2,2,2,4,2,8,2,4,0,0,0,3,26,0
2,4,1,9,8,2,11,0,2,1,0,0,3,9,0
4,4,0,1,4,2,7,0,4,1,0,0,3,39,0
1,4,0,7,7,0,10,4,4,0,0,0,3,39,0
3,4,1,15,6,2,10,0,4,1,0,0,3,39,1
0,0,1,15,6,4,0,3,4,0,0,0,1,39,0
3,7,1,8,6,2,7,0,4,1,0,0,3,39,1
3,4,0,15,6,2,3,3,1,1,0,0,3,39,0
0,4,0,15,6,4,10,3,4,0,0,0,3,39,0
5,4,0,11,5,0,1,4,4,0,0,0,3,39,0
4,4,0,10,9,2,4,0,4,1,0,0,5,39,1
3,4,1,15,6,0,1,4,4,0,0,0,3,39,0
1,4,2,9,8,4,5,1,4,1,0,0,3,39,0
0,4,0,11,5,2,3,0,4,1,0,0,4,39,0
3,6,1,15,6,2,14,0,4,1,0,0,4,39,0
1,4,1,11,5,2,3,0,4,1,0,0,4,39,1
1,4,1,11,5,4,1,1,4,1,0,0,3,39,0
0,0,0,11,5,4,0,2,3,0,0,0,1,39,0
5,4,1,5,2,2,12,0,4,1,0,0,5,39,0
1,4,0,15,6,2,10,0,4,1,0,0,8,39,0
1,4,0,11,5,0,3,1,4,0,0,0,5,39,0
0,0,0,6,2,4,0,3,2,1,0,0,3,39,0
3,4,1,9,8,4,1,1,4,0,0,0,3,39,0
1,7,1,9,8,4,10,1,4,1,0,0,5,39,0
0,4,0,15,6,4,10,1,4,1,0,0,4,39,0
2,7,0,15,6,4,1,1,2,0,0,0,3,39,0
1,4,0,9,8,2,12,0,4,1,0,0,3,39,0
3,2,1,9,8,2,10,5,4,0,0,0,7,39,0
5,1,0,15,6,2,1,0,4,1,0,0,3,39,0
1,7,0,9,8,2,11,0,4,1,0,0,5,39,0
3,2,2,15,6,2,10,0,4,1,0,0,5,39,1
2,4,0,5,2,2,3,0,4,1,0,0,3,39,0
4,1,1,15,6,2,1,0,4,1,0,0,3,39,0
3,4,0,7,7,6,13,4,4,0,0,0,3,39,0
6,4,1,15,6,6,4,1,4,0,0,0,0,39,0
3,6,2,9,8,4,12,3,1,1,0,0,6,20,0
0,4,1,11,5,4,12,3,2,0,0,0,1,39,0
3,4,2,11,5,5,1,4,4,0,0,0,3,39,0
7,4,1,0,3,2,12,0,4,1,0,0,1,39,0
0,4,1,15,6,2,14,0,4,1,0,0,3,39,1
0,4,1,15,6,4,8,1,4,1,0,0,2,39,0
0,4,1,15,6,4,8,3,4,1,0,0,0,39,0
1,4,1,9,8,4,13,1,4,0,0,0,3,39,0
6,4,0,0,3,5,8,1,4,0,0,0,3,39,0
2,4,1,11,5,4,6,1,4,1,0,0,3,39,0
0,4,1,9,8,4,1,3,4,0,0,0,3,39,0
0,4,0,15,6,4,8,3,4,0,0,0,3,39,0
2,6,0,9,8,2,10,0,4,1,0,0,3,39,1
4,4,1,15,6,6,1,4,4,0,0,0,3,39,0
4,6,0,9,8,2,3,0,4,1,0,0,5,39,1
5,4,0,0,3,0,3,1,4,1,0,0,4,39,0
1,4,1,11,5,2,3,0,4,1,0,0,4,39,0
2,2,0,9,8,2,10,0,4,1,0,0,4,39,1
2,4,0,11,5,2,8,5,4,0,0,0,1,39,1
1,4,1,11,5,2,3,0,4,1,0,0,4,39,0
0,4,1,15,6,4,7,3,4,0,0,0,7,39,0
3,6,1,11,5,2,12,5,2,0,0,0,5,6,1
2,7,1,9,8,2,4,5,2,0,0,0,2,39,1
3,7,1,9,8,2,1,0,4,1,0,0,4,39,1
3,4,1,15,6,2,3,2,1,1,0,0,3,19,0
5,4,0,11,5,2,3,0,1,1,0,4,3,39,1
4,4,1,4,1,0,8,1,4,1,0,0,3,5,0
0,4,0,15,6,4,6,1,4,1,0,0,3,39,0
2,4,1,11,5,2,12,0,4,1,0,0,5,39,1
1,2,1,11,5,2,6,0,4,1,0,0,3,39,0
5,5,1,9,8,2,4,0,4,1,0,0,6,39,1
5,4,0,12,8,2,4,0,4,1,0,0,6,39,1
6,6,2,11,5,6,8,1,4,0,0,0,1,39,0
3,4,0,12,8,2,4,0,4,1,1,0,6,39,1
3,4,1,9,8,2,3,0,4,1,0,0,8,39,1
2,4,1,15,6,4,14,1,4,1,0,0,5,39,0
0,4,2,9,8,4,10,1,4,1,0,0,3,39,0
2,6,1,11,5,2,3,0,4,1,0,0,6,39,0
1,4,2,8,6,2,3,0,4,1,0,0,3,26,0
2,4,0,8,6,2,1,0,4,1,0,0,3,39,1
3,4,1,2,4,2,12,0,4,1,0,0,3,39,1
3,4,1,7,7,6,10,4,4,0,0,0,2,39,0
2,4,1,15,6,0,12,1,4,1,0,0,3,39,0
1,4,1,15,6,4,13,3,4,1,0,0,6,39,0
4,4,1,11,5,0,7,1,4,1,0,0,3,39,0
3,4,1,14,9,2,10,0,2,1,0,0,3,39,1
4,7,0,15,6,0,10,1,4,0,0,0,3,39,0
0,4,2,1,4,4,8,3,2,1,0,0,0,39,0
1,4,0,9,8,0,4,1,4,1,0,0,3,39,0
0,7,1,15,6,2,1,0,1,1,0,0,3,40,0
4,4,0,11,5,0,14,1,4,1,0,0,3,39,0
0,4,1,15,6,4,14,3,4,1,0,0,2,39,0
3,4,1,11,5,2,7,0,4,1,0,0,3,39,0
4,2,1,15,6,2,14,0,2,1,0,0,3,39,0
0,4,1,15,6,4,7,3,4,1,0,0,3,39,0
3,6,2,11,5,2,3,0,4,1,0,0,5,39,1
2,4,1,12,8,4,12,1,4,1,0,0,6,39,0
0,4,0,11,5,4,4,3,4,0,0,0,3,39,0
0,4,1,11,5,4,8,1,4,0,0,0,4,39,0
8,6,0,9,8,6,10,1,4,0,0,3,0,18,0
7,0,0,11,5,2,0,0,4,1,0,0,1,39,0
3,4,1,11,5,4,7,1,4,0,0,0,3,39,0
0,4,1,11,5,4,12,3,4,0,0,0,2,39,0
2,4,2,11,5,2,7,0,4,1,0,0,3,39,0
6,4,0,11,5,2,12,0,4,1,0,0,1,39,0
0,4,1,7,7,4,8,1,4,0,0,0,3,39,0
0,4,3,5,2,4,3,1,4,1,0,0,3,26,0
3,4,1,9,8,0,1,1,4,1,0,0,3,39,0
1,4,2,9,8,2,13,0,4,1,0,0,3,39,0
7,6,3,15,6,5,12,4,2,1,0,4,0,39,0
1,4,0,6,2,2,3,0,4,1,0,0,3,39,0
3,6,0,11,5,2,8,0,4,1,0,0,6,39,0
3,4,0,11,5,2,14,0,4,1,0,0,3,39,1
3,4,2,11,5,0,4,1,4,0,0,0,3,39,0
3,4,5,11,5,2,3,0,4,1,0,0,7,39,1
1,4,1,11,5,4,4,1,4,1,0,0,3,39,0
3,1,0,11,5,0,1,4,2,0,0,0,3,39,0
1,4,2,15,6,0,3,3,4,1,0,0,3,39,0
0,4,1,15,6,4,8,3,4,1,0,0,2,39,0
3,4,1,7,7,4,14,1,2,1,0,0,6,39,0
1,4,0,9,8,4,12,1,2,0,0,0,3,39,0
2,4,1,11,5,2,6,0,4,1,0,0,3,39,0
2,4,1,15,6,2,7,0,4,1,0,0,5,39,0
3,1,0,8,6,2,10,5,4,0,0,0,6,39,1
0,0,0,11,5,4,0,2,1,0,0,0,1,35,0
3,2,1,15,6,2,11,0,4,1,0,0,3,39,1
1,4,0,11,5,2,3,0,4,1,0,0,5,39,0
1,4,1,8,6,4,3,1,4,1,0,0,3,39,0
3,4,1,15,6,0,1,4,4,0,0,0,3,39,0
0,4,1,9,8,4,12,1,4,0,0,0,5,39,0
1,4,1,11,5,2,12,5,4,0,0,0,3,39,0
2,4,0,15,6,2,3,0,4,1,0,0,5,39,0
0,4,1,11,5,4,8,1,4,0,0,0,5,39,0
4,7,0,9,8,2,4,0,4,1,0,0,4,39,1
2,6,1,9,8,0,13,1,4,1,0,0,1,39,0
2,4,1,11,5,1,8,5,4,0,0,0,2,39,0
2,4,1,15,6,4,4,1,4,1,0,0,4,39,0
1,2,1,11,5,2,11,0,4,1,0,0,3,39,1
4,1,0,11,5,0,1,1,4,0,0,0,3,39,0
1,4,1,11,5,4,8,1,4,1,0,0,3,21,0
2,4,1,4,1,5,7,1,4,0,0,0,3,39,0
6,5,1,11,5,2,4,0,4,1,0,0,3,39,1
2,4,1,15,6,2,13,0,4,1,0,0,3,39,0
0,4,1,0,3,4,7,4,4,1,0,0,3,39,0
4,2,1,11,5,2,7,0,4,1,0,0,3,39,0
2,4,0,9,8,2,10,0,4,1,0,0,3,39,1
0,4,0,15,6,0,8,1,2,1,0,0,3,39,0
2,7,1,15,6,4,10,3,2,0,0,0,3,39,0
4,4,1,0,3,0,8,2,4,0,0,0,2,39,0
1,2,1,9,8,4,10,3,4,0,0,0,3,39,0
2,6,0,15,6,2,3,0,0,1,0,0,6,39,0
1,4,1,11,5,5,8,3,4,0,0,0,3,39,0
5,6,0,11,5,2,12,0,4,1,0,0,5,39,1
3,4,0,11,5,2,12,0,4,1,0,0,7,39,1
2,4,1,11,5,2,8,2,2,1,0,0,3,39,0
4,7,0,11,5,2,3,0,4,1,0,0,3,39,0
1,4,1,15,6,2,3,0,4,1,0,0,4,39,1
4,2,3,9,8,2,10,0,2,1,0,0,3,39,0
0,4,1,7,7,4,8,3,4,0,0,0,1,39,0
1,4,0,11,5,2,7,0,4,1,0,0,6,21,1
2,4,0,7,7,4,1,4,2,0,0,0,3,23,0
3,4,0,9,8,2,10,0,4,1,0,0,3,39,1
2,0,4,9,8,0,0,4,4,0,0,0,3,39,0
1,4,1,15,6,4,12,3,2,1,0,0,8,39,0
1,4,1,9,8,2,4,0,4,1,0,0,4,39,1
5,6,0,0,3,0,8,1,2,0,0,0,0,39,0
2,4,0,11,5,2,8,5,1,0,0,0,6,30,0
4,5,1,11,5,2,4,5,4,0,1,0,3,39,1
1,4,1,12,8,2,4,0,4,1,0,0,6,10,1
1,4,1,15,6,2,12,0,4,1,0,0,4,39,0
2,6,0,15,6,2,3,0,4,1,0,0,5,39,0
2,6,1,15,6,2,12,0,4,1,0,0,5,39,0
6,4,1,9,8,2,12,0,4,1,0,0,2,39,0
6,4,1,15,6,0,12,1,4,0,0,0,1,39,0
4,4,0,11,5,2,10,0,4,1,0,0,4,39,1
3,4,1,15,6,4,14,1,2,1,0,0,4,39,0
1,4,1,11,5,2,13,0,4,1,0,0,8,39,0
4,4,2,8,6,2,3,0,4,1,0,0,3,39,1
0,4,1,15,6,4,6,1,4,1,0,0,3,39,0
1,4,0,12,8,4,4,1,4,0,0,0,4,39,0
2,4,2,8,6,4,8,4,2,1,0,0,3,39,0
1,4,1,11,5,4,3,3,4,1,0,0,3,39,0
3,1,1,9,8,4,10,1,4,0,0,0,3,0,0
3,4,1,15,6,0,7,1,4,1,0,0,3,39,0
2,4,1,9,8,2,4,0,4,1,0,0,3,39,1
3,2,0,15,6,2,14,0,4,1,0,0,1,39,0
5,4,0,11,5,2,14,0,4,1,0,0,5,39,0
5,4,1,3,0,6,9,1,2,0,0,0,2,39,0
5,4,1,11,5,2,7,0,4,1,0,0,3,9,1
1,4,1,11,5,2,3,0,4,1,0,0,3,39,0
0,4,1,8,6,4,12,4,4,1,0,0,0,39,0
1,4,1,9,8,4,10,3,2,0,0,0,5,39,0
5,4,1,11,5,2,6,0,4,1,0,0,3,39,0
2,4,1,9,8,2,3,0,1,1,0,0,3,30,1
2,7,2,8,6,4,10,1,4,1,0,0,3,39,1
0,4,0,15,6,4,3,1,4,1,0,0,3,39,0
1,4,1,7,7,4,10,3,4,1,0,0,0,39,0
4,4,1,15,6,0,8,4,4,0,0,0,3,39,0
3,2,1,15,6,2,11,0,4,1,0,0,7,39,1
4,4,1,10,9,2,10,0,4,1,0,4,5,39,1
4,4,2,7,7,2,10,0,4,1,0,0,3,39,1
3,4,1,12,8,0,4,4,4,1,0,0,7,39,1
2,4,1,6,2,2,6,0,4,1,0,0,3,39,0
3,4,0,11,5,4,7,1,2,0,0,0,5,39,0
5,4,1,11,5,0,1,1,4,0,0,0,3,39,0
8,0,1,11,5,2,0,0,4,1,0,0,0,2,0
5,2,1,12,8,6,10,1,4,0,0,0,3,39,0
3,4,0,9,8,2,10,0,4,1,0,0,5,39,1
3,4,1,11,5,2,6,0,4,1,0,0,3,39,0
0,4,0,11,5,4,3,1,4,1,0,0,2,39,0
2,4,1,11,5,2,7,0,4,1,0,0,3,5,1
0,4,1,9,8,4,4,3,2,0,0,0,6,39,0
2,4,1,11,5,0,1,4,4,0,0,0,3,39,0
1,4,0,7,7,4,4,3,4,1,0,0,3,39,0
0,4,1,9,8,4,10,1,0,0,1,0,3,39,1
1,4,0,8,6,2,7,0,4,1,0,0,3,39,1
5,4,1,0,3,2,14,0,2,1,0,0,3,39,1
0,4,1,11,5,4,8,3,4,0,0,0,2,39,0
3,4,1,11,5,6,12,1,4,0,0,0,3,39,0
2,4,0,8,6,2,7,0,4,1,0,0,3,39,1
3,4,1,1,4,2,8,5,4,0,0,0,3,39,0
0,4,0,15,6,4,1,3,4,1,0,0,3,39,0
0,1,2,11,5,4,1,3,4,0,0,0,3,39,0
0,4,2,11,5,4,1,1,4,1,0,0,2,39,0
2,4,1,8,6,0,7,1,4,0,0,0,2,39,0
4,4,3,2,4,4,1,2,2,0,0,0,3,39,0
5,4,0,1,4,2,1,0,4,1,0,0,4,39,0
0,4,0,15,6,5,12,3,4,0,0,0,3,39,0
1,4,1,11,5,4,3,1,4,1,0,0,3,39,0
3,4,1,11,5,0,8,1,4,1,0,0,3,39,0
5,0,2,6,2,4,0,3,4,0,0,0,4,39,0
3,4,2,6,2,2,14,0,4,1,0,0,3,39,0
6,1,0,10,9,0,4,1,4,0,0,5,6,39,1
6,6,2,9,8,2,14,0,4,1,0,0,6,39,0
5,4,1,9,8,2,14,0,4,1,0,0,3,39,0
1,4,0,11,5,5,4,4,4,0,0,0,3,39,0
3,4,0,12,8,2,4,0,4,1,0,0,3,39,1
0,0,2,15,6,4,0,3,4,1,0,0,2,39,0
0,4,0,2,4,4,6,3,4,1,0,0,1,39,0
4,6,1,11,5,2,4,0,1,1,0,0,2,35,0
1,4,1,11,5,2,6,0,4,1,0,0,3,39,0
2,4,1,9,8,2,4,0,4,1,0,0,5,39,1
1,4,1,11,5,4,12,1,4,1,0,0,4,39,0
1,2,1,9,8,4,10,3,2,1,0,0,3,9,0
2,7,0,12,8,0,1,1,4,0,0,0,3,39,0
3,5,0,8,6,2,3,0,4,1,0,5,3,39,1
0,4,1,15,6,4,6,3,4,1,0,0,3,39,0
1,4,1,14,9,4,10,1,4,0,0,0,8,39,0
5,4,1,0,3,2,3,0,4,1,0,0,3,39,0
1,4,2,4,1,4,8,1,4,1,0,0,7,26,0
1,7,0,9,8,4,10,1,4,0,0,0,3,39,0
5,4,1,11,5,2,8,5,4,0,9,0,3,39,1
4,6,0,7,7,2,7,0,4,1,0,0,3,39,1
5,4,1,15,6,2,5,0,4,1,0,0,3,39,0
1,5,0,9,8,4,12,1,4,1,0,0,8,39,0
1,4,1,8,6,2,1,5,2,0,0,0,3,39,0
6,0,0,11,5,6,0,4,4,1,0,0,0,39,0
4,6,0,11,5,2,3,0,4,1,0,0,6,39,0
2,4,0,2,4,2,12,5,1,0,0,0,3,0,0
2,6,0,9,8,2,10,0,4,1,0,0,5,39,1
5,2,0,9,8,6,10,1,4,0,0,0,3,39,0
1,4,0,11,5,4,3,1,4,1,0,0,4,39,0
4,4,0,11,5,4,1,2,4,1,0,0,3,39,0
6,6,0,9,8,2,4,0,4,1,0,0,3,39,0
4,4,1,15,6,2,6,0,4,1,0,0,3,39,0
6,6,1,5,2,2,14,0,4,1,0,0,2,39,0
6,4,1,15,6,0,8,1,4,1,0,0,3,39,0
0,4,1,11,5,2,8,0,4,1,0,0,4,39,1
4,4,0,7,7,0,4,4,4,0,0,0,4,39,0
1,4,2,6,2,2,6,0,2,1,0,0,4,39,0
4,5,1,11,5,2,12,0,4,1,0,0,4,39,1
1,4,1,11,5,5,4,4,4,0,0,0,1,39,0
3,0,1,11,5,0,0,1,2,0,0,0,3,39,0
4,6,1,11,5,2,3,0,2,1,0,0,7,39,0
0,4,0,2,4,4,6,3,4,1,0,0,1,39,0
1,4,0,15,6,4,7,1,1,1,0,0,4,39,1
1,4,1,15,6,5,12,4,2,0,0,0,1,39,0
1,4,2,8,6,2,7,0,4,1,0,0,3,39,1
1,4,3,9,8,2,1,5,4,0,0,0,3,39,1
6,4,1,11,5,6,8,4,2,0,0,0,1,23,0
1,6,1,9,8,0,12,1,4,1,0,0,3,39,0
2,4,1,15,6,2,3,0,4,1,0,0,5,39,1
3,4,0,7,7,4,5,3,4,1,0,0,3,39,0
4,4,1,15,6,2,3,0,4,1,0,4,3,39,1
0,4,2,15,6,4,8,2,2,1,0,0,1,39,0
4,5,1,1,4,0,12,1,4,1,0,0,3,39,0
6,4,1,11,5,2,10,0,4,1,0,0,3,22,1
1,4,0,9,8,4,1,2,1,0,0,0,3,17,0
2,4,0,14,9,2,10,0,4,1,0,0,3,39,1
2,2,0,9,8,0,11,4,4,0,0,0,6,11,0
3,4,1,14,9,2,10,0,4,1,0,0,6,39,0
2,4,0,11,5,2,8,0,4,1,0,0,4,39,1
3,4,1,15,6,4,1,3,4,0,0,0,3,39,0
0,4,1,15,6,4,6,3,4,1,0,0,1,39,0
3,5,1,8,6,2,4,0,4,1,0,0,6,39,1
1,4,1,9,8,4,4,4,4,0,0,0,4,39,1
2,4,0,15,6,4,1,3,2,0,0,0,3,39,0
2,0,1,11,5,2,0,0,4,1,0,0,2,39,0
3,6,1,12,8,0,6,4,4,1,0,0,3,29,0
0,4,1,11,5,4,6,1,4,1,0,0,3,39,0
3,4,1,8,6,3,3,4,4,1,0,0,3,39,0
4,6,1,11,5,0,8,4,4,0,0,0,3,39,0
3,0,0,11,5,4,0,1,4,0,0,0,0,39,0
5,4,1,8,6,6,10,1,4,0,0,0,3,39,0
3,4,0,12,8,2,4,0,4,1,0,4,4,39,1
3,4,0,9,8,4,12,1,4,1,0,4,5,39,0
5,4,1,12,8,2,13,0,4,1,0,0,3,39,1
2,2,1,12,8,4,10,1,3,0,0,0,3,0,0
3,4,0,9,8,5,4,4,4,0,0,0,3,39,0
1,4,0,11,5,4,3,1,4,1,0,0,3,39,0
2,4,2,11,5,2,6,0,4,1,0,0,3,19,0
1,4,0,7,7,2,8,5,4,0,0,0,2,39,1
5,6,1,11,5,4,4,1,2,1,0,5,5,39,1
0,4,1,2,4,4,8,3,4,1,0,0,1,39,0
8,7,0,3,0,6,8,1,4,0,0,0,1,39,0
0,4,1,11,5,4,1,3,4,1,0,0,3,39,0
3,6,0,15,6,2,14,0,4,1,0,0,3,39,0
1,4,1,9,8,4,10,3,4,0,0,0,2,39,0
0,4,0,1,4,4,6,3,4,1,0,0,3,39,0
6,5,0,9,8,2,5,0,4,1,0,5,6,39,1
1,7,0,11,5,4,1,3,4,0,0,0,3,39,0
6,4,0,8,6,5,9,1,2,0,0,0,1,39,0
4,2,0,11,5,2,4,5,4,0,0,0,5,39,1
2,4,0,11,5,0,13,4,4,0,0,0,3,39,0
2,4,1,11,5,0,3,4,4,1,0,0,3,39,0
5,1,1,11,5,2,13,0,4,1,0,4,3,39,1
3,4,1,9,8,4,6,1,2,1,0,0,3,0,0
3,4,2,9,8,2,10,0,4,1,0,0,3,39,1
6,0,0,11,5,6,0,1,4,0,0,0,3,39,0
0,4,1,1,4,4,12,3,4,1,0,0,1,39,0
0,4,1,15,6,4,8,3,4,0,0,0,1,39,0
2,2,0,11,5,0,13,1,4,0,0,0,5,39,0
1,2,0,7,7,4,1,3,2,0,0,0,3,39,0
0,4,2,5,2,4,3,3,2,1,0,0,3,39,0
2,4,0,11,5,4,7,4,2,0,0,0,3,39,0
2,2,0,11,5,0,1,4,4,0,0,0,3,39,0
3,2,1,15,6,0,4,1,4,1,0,0,5,39,0
4,4,0,15,6,0,8,4,4,0,0,0,3,39,0
5,5,0,14,9,2,10,0,4,1,0,5,3,12,1
5,4,1,11,5,2,4,0,4,1,0,0,4,39,0
1,4,1,9,8,2,3,0,4,1,0,0,4,39,1
3,4,1,9,8,0,12,4,2,0,0,0,3,39,1
5,4,0,0,3,2,14,0,4,1,0,3,3,39,1
0,4,2,15,6,4,1,3,2,0,0,0,1,39,0
1,4,1,9,8,4,1,3,2,1,0,0,3,39,0
0,4,0,1,4,4,9,3,4,0,0,0,1,39,0
3,4,1,11,5,4,6,2,4,1,0,0,3,39,0
2,4,1,12,8,4,10,4,1,1,0,0,3,35,0
3,2,1,11,5,2,11,0,4,1,0,0,7,39,1
7,4,0,0,3,4,3,2,4,1,0,0,3,39,0
2,4,0,11,5,4,7,1,4,1,0,0,3,39,0
0,4,1,11,5,4,8,3,4,1,0,0,3,39,0
3,2,0,9,8,2,10,0,2,1,0,0,3,39,0
1,4,0,15,6,4,7,2,4,0,0,0,3,39,0
0,4,0,6,2,4,8,3,2,1,0,0,3,39,0
3,7,2,9,8,2,10,0,4,1,0,0,3,39,0
1,4,0,0,3,4,12,2,4,1,0,4,3,39,0
6,7,1,14,9,2,10,0,4,1,0,4,3,39,1
3,4,0,15,6,2,3,0,4,1,1,0,4,39,1
0,4,0,15,6,4,10,3,4,1,0,0,0,39,0
0,0,1,15,6,4,0,3,4,0,0,0,3,39,0
1,4,0,11,5,2,8,0,4,1,0,0,3,31,0
3,4,1,11,5,2,7,0,4,1,0,0,3,39,0
2,4,1,0,3,2,3,0,4,1,0,0,3,39,1
6,6,1,0,3,6,5,4,4,1,0,0,1,39,0
1,4,0,11,5,4,3,3,4,1,0,0,3,39,0
5,2,1,4,1,0,8,2,2,0,0,0,3,14,0
0,0,1,11,5,4,0,2,4,0,0,0,3,39,0
4,6,0,11,5,2,8,5,4,0,0,0,1,0,0
2,4,1,10,9,2,10,0,4,1,0,0,6,39,1
6,6,0,15,6,2,4,0,4,1,0,0,3,39,0
5,6,0,15,6,2,3,0,4,1,0,0,3,39,0
3,1,1,9,8,2,4,0,2,1,0,0,4,39,0
0,4,1,11,5,4,12,1,4,0,0,0,2,39,0
5,2,0,8,6,2,11,0,4,1,0,0,3,39,1
3,2,1,11,5,3,1,4,2,0,0,0,3,39,0
6,4,1,15,6,6,12,1,4,0,0,0,1,39,0
2,4,1,11,5,2,14,3,4,1,0,0,3,39,0
2,4,1,8,6,2,4,5,4,0,0,0,4,39,1
1,4,1,9,8,2,3,0,4,1,0,0,3,39,0
5,1,1,11,5,0,1,1,4,0,0,0,3,39,0
3,4,1,12,8,2,10,0,4,1,0,0,3,39,1
0,4,0,11,5,4,6,3,4,0,0,0,3,39,0
2,4,1,11,5,4,3,1,4,1,0,0,3,39,0
2,4,2,9,8,2,10,0,4,1,0,0,6,39,1
0,0,1,1,4,4,0,2,4,1,0,0,3,39,0
1,7,1,15,6,2,10,5,2,0,0,0,3,39,1
1,4,0,11,5,2,1,0,4,1,0,0,3,39,0
5,4,1,11,5,6,14,4,4,1,0,0,5,39,0
3,4,2,7,7,0,10,4,4,0,0,0,3,39,1
4,6,0,11,5,0,4,4,4,0,1,0,2,39,1
0,4,0,11,5,4,13,1,4,0,0,0,3,39,0
1,4,1,11,5,2,4,5,4,0,0,0,3,39,0
2,1,0,9,8,2,10,0,4,1,0,0,3,39,0
0,4,0,0,3,4,8,1,4,1,0,0,3,39,0
5,6,1,11,5,6,3,1,4,1,0,4,3,39,0
1,5,1,9,8,2,12,0,4,1,0,0,5,39,1
3,4,0,11,5,2,6,0,4,1,0,0,3,39,0
1,4,0,9,8,4,1,3,4,1,0,0,2,39,0
0,4,0,9,8,4,1,1,4,0,0,0,3,39,0
1,4,0,11,5,4,8,1,4,0,0,0,3,39,0
0,4,0,1,4,4,12,3,4,0,0,0,1,39,0
4,4,0,15,6,0,13,2,4,1,0,0,3,39,0
4,7,1,10,9,2,10,0,4,1,0,0,5,39,1
5,4,1,12,8,0,10,1,4,1,0,0,5,39,0
2,7,1,11,5,5,8,3,4,0,0,0,3,39,0
2,4,1,2,4,2,3,0,4,1,0,0,3,39,1
4,4,0,15,6,2,1,0,4,1,0,4,5,39,1
3,4,0,15,6,2,3,0,4,1,0,0,6,39,0
2,4,2,9,8,2,12,0,4,1,0,0,6,39,1
5,2,2,15,6,4,10,1,4,0,0,0,3,26,0
1,4,2,11,5,3,3,2,4,1,0,0,3,39,0
3,4,1,9,8,2,1,0,4,1,0,0,5,39,1
0,7,1,15,6,4,10,3,4,0,0,0,1,39,0
3,4,1,11,5,2,4,0,4,1,0,3,4,39,0
4,4,1,11,5,0,12,4,4,0,0,0,2,39,0
3,4,1,10,9,2,10,0,4,1,0,0,5,39,1
4,6,1,11,5,2,12,0,4,1,0,0,3,39,1
0,4,2,15,6,4,12,1,4,1,0,0,6,39,0
0,4,1,11,5,4,1,4,4,0,0,0,3,39,0
3,4,2,11,5,0,14,1,4,1,0,0,3,39,0
1,4,0,9,8,2,4,0,4,1,0,0,5,39,1
4,4,0,9,8,0,4,1,4,1,0,0,4,39,0
3,4,1,15,6,0,14,1,4,1,0,0,4,39,0
2,4,0,9,8,2,4,0,4,1,0,0,5,39,1
2,4,0,8,6,2,3,0,4,1,0,0,5,39,1
2,2,0,15,6,5,1,3,2,1,0,0,3,39,0
4,4,1,9,8,2,4,0,4,1,0,0,3,39,1
2,4,1,11,5,2,7,0,4,1,0,0,4,39,0
0,4,1,0,3,5,7,3,4,1,0,0,3,39,0
6,5,0,9,8,2,4,0,4,1,0,0,1,39,0
3,4,0,15,6,5,3,1,2,1,0,0,3,39,0
5,4,1,11,5,2,12,0,4,1,0,0,3,39,0
1,2,1,15,6,4,1,3,4,0,0,0,1,39,0
3,2,0,7,7,0,10,4,4,0,0,0,4,39,0
6,4,1,11,5,6,1,4,4,0,0,0,0,39,0
3,6,1,11,5,2,12,0,4,1,0,0,3,39,0
2,4,0,9,8,4,10,3,4,0,0,0,1,39,0
3,7,0,15,6,2,3,0,4,1,0,0,3,0,0
3,4,1,11,5,4,1,2,4,0,0,0,3,39,0
1,4,2,11,5,4,7,1,4,1,0,0,4,39,0
0,4,0,15,6,4,4,2,2,0,0,0,3,39,0
3,4,1,11,5,2,3,0,4,1,0,0,1,39,0
3,6,1,15,6,5,10,1,4,1,0,0,1,39,0
4,4,0,11,5,5,3,4,2,1,0,0,4,39,0
4,4,0,11,5,0,4,4,1,0,0,0,3,39,0
1,4,2,11,5,4,1,3,4,0,0,0,3,39,0
3,4,0,7,7,0,1,4,2,0,0,0,3,39,0
2,0,1,15,6,4,0,1,2,1,0,0,2,39,0
6,0,0,2,4,4,0,1,2,1,0,0,5,39,0
3,4,1,15,6,5,4,4,4,0,0,0,6,39,0
2,4,0,9,8,2,4,0,4,1,0,0,3,39,0
0,4,1,15,6,4,8,3,4,1,0,0,3,39,0
5,4,1,6,2,2,8,0,4,1,0,0,3,39,0
4,4,0,9,8,2,10,0,4,1,1,0,5,39,1
4,7,0,9,8,2,4,0,4,1,0,0,3,2,1
4,2,0,10,9,2,10,0,4,1,0,4,3,39,1
3,2,2,15,6,2,3,0,2,1,0,0,3,39,1
1,4,2,9,8,4,10,4,2,0,0,0,3,0,0
2,4,0,11,5,2,4,0,4,1,0,0,3,39,0
0,4,1,15,6,4,1,2,1,0,0,0,2,40,0
6,2,1,15,6,2,1,0,4,1,0,0,3,39,0
1,7,1,11,5,4,11,3,4,1,0,0,3,39,0
7,4,1,9,8,2,6,0,4,1,0,0,1,39,0
2,4,2,15,6,4,8,3,2,0,0,0,3,39,0
6,0,0,9,8,4,0,1,4,1,0,0,0,39,1
3,4,1,9,8,0,10,1,2,1,0,0,3,39,0
3,0,0,9,8,2,0,5,4,0,0,0,0,39,1
2,4,1,8,6,2,8,0,4,1,0,0,3,39,0
2,4,0,11,5,2,3,0,4,1,0,0,3,39,0
0,4,1,15,6,4,7,3,2,0,0,0,1,23,0
0,4,1,11,5,4,14,3,4,1,0,0,2,39,0
2,4,1,11,5,0,6,1,4,1,0,0,3,39,0
0,4,1,7,7,4,4,3,4,0,0,0,3,39,0
0,4,1,15,6,4,1,1,4,0,0,0,3,39,0
3,4,0,9,8,2,13,0,4,1,0,0,5,39,1
4,4,1,5,2,2,7,0,4,1,0,0,4,39,0
6,4,0,9,8,2,10,0,4,1,0,0,3,39,1
1,4,1,15,6,4,1,1,1,1,0,0,1,30,0
5,4,0,3,0,2,3,0,4,1,0,0,3,39,0
5,4,1,11,5,0,4,1,4,0,0,0,3,39,0
1,4,0,11,5,2,1,5,4,0,0,0,5,39,1
3,4,0,7,7,4,3,1,4,1,0,0,3,39,0
1,4,0,11,5,2,11,0,4,1,0,0,3,39,0
0,5,0,1,4,4,5,3,4,1,0,0,7,39,0
1,4,0,5,2,4,7,4,4,1,0,0,4,39,0
0,0,2,15,6,4,0,3,4,1,0,0,3,39,0
3,4,1,11,5,2,14,0,4,1,0,0,5,39,1
3,4,1,0,3,0,8,4,2,0,0,0,3,39,0
0,4,0,11,5,4,6,3,4,1,0,0,1,39,0
4,4,1,8,6,4,4,1,4,0,0,0,4,39,0
3,4,1,12,8,2,10,0,1,1,0,0,4,3,1
6,4,1,9,8,2,13,0,4,1,0,0,3,39,0
2,4,0,15,6,2,3,0,4,1,0,0,5,39,1
1,4,0,10,9,4,10,1,4,1,0,0,3,2,0
2,5,1,11,5,2,3,0,4,1,0,0,5,39,0
1,6,0,11,5,2,3,0,4,1,0,0,3,39,0
1,7,0,9,8,4,10,1,4,0,0,0,3,39,0
0,4,1,1,4,4,12,3,4,0,0,0,1,39,0
0,4,2,15,6,4,8,3,4,1,0,0,1,39,0
4,4,0,0,3,2,14,0,4,1,0,0,6,39,0
3,4,1,1,4,2,6,5,4,0,0,0,2,39,0
3,1,2,15,6,2,4,0,2,1,0,0,3,39,0
4,4,2,11,5,0,12,1,4,1,0,0,3,39,0
1,4,0,11,5,0,1,4,4,0,0,0,3,39,0
3,7,1,11,5,4,8,1,2,1,0,0,3,39,0
1,4,1,15,6,2,10,0,1,1,0,0,3,1,1
0,4,1,11,5,4,6,3,4,1,0,0,3,39,0
3,0,1,11,5,2,0,0,4,1,0,0,6,6,0
4,2,0,9,8,5,10,1,4,0,0,0,7,39,0
3,4,2,11,5,4,4,4,2,0,0,0,2,39,0
1,4,2,9,8,4,12,3,4,0,0,0,3,39,0
3,4,1,8,6,0,6,1,4,0,0,0,3,39,0
4,6,0,12,8,0,10,1,4,1,0,0,3,39,0
2,4,0,11,5,0,7,3,2,0,0,0,3,39,0
5,6,1,4,1,2,4,0,4,1,0,4,6,39,1
6,4,0,15,6,2,10,0,4,1,0,0,4,39,0
7,0,2,6,2,2,0,0,4,1,0,0,3,39,0
6,4,0,11,5,6,8,2,4,0,0,0,3,39,0
4,4,1,0,3,2,7,0,4,1,0,0,3,39,1
1,4,1,11,5,4,8,1,4,0,0,0,3,39,0
3,4,1,12,8,4,10,1,4,0,0,0,4,39,1
0,4,1,7,7,2,12,3,4,0,0,0,1,39,0
1,4,0,15,6,4,1,1,4,0,0,0,5,39,0
4,4,0,11,5,0,14,4,4,1,0,0,3,39,0
6,0,1,9,8,0,0,1,4,0,0,0,2,39,0
2,4,0,14,9,4,10,1,4,1,0,0,3,39,1
0,0,2,1,4,4,0,3,4,1,0,0,3,39,0
0,4,1,11,5,4,6,3,4,1,0,0,3,39,0
2,4,0,8,6,2,7,0,4,1,0,0,3,39,0
1,4,1,5,2,2,8,0,4,1,0,0,3,26,0
0,0,1,15,6,4,0,1,2,0,0,0,3,39,0
2,4,0,7,7,2,10,0,4,1,0,0,5,39,0
2,4,3,11,5,2,3,0,4,1,0,0,5,39,1
2,4,2,1,4,4,3,2,4,1,0,0,3,39,0
1,4,2,1,4,4,3,1,4,1,0,0,3,39,0
0,2,0,9,8,4,10,1,4,0,0,0,3,39,0
1,4,0,11,5,4,14,4,4,0,0,3,7,39,0
0,4,0,2,4,4,3,3,4,1,0,0,0,39,0
3,4,3,11,5,0,12,4,2,1,0,0,3,39,0
3,4,1,15,6,2,1,0,4,1,0,0,6,39,1
2,4,2,9,8,4,1,2,4,1,0,0,3,39,0
4,4,1,15,6,2,13,5,4,0,0,0,3,39,1
4,2,0,11,5,2,14,0,4,1,0,0,3,39,0
0,4,2,15,6,4,12,3,4,1,0,0,3,39,0
1,7,2,11,5,4,12,4,2,0,0,0,3,39,0
1,2,1,11,5,4,11,3,4,1,0,0,3,39,0
2,6,1,11,5,0,5,3,4,1,0,0,5,39,0
3,4,1,11,5,2,7,0,2,1,0,0,3,39,0
4,4,1,5,2,2,3,0,4,1,0,0,3,39,0
4,4,1,6,2,2,14,0,4,1,0,0,3,39,0
6,0,0,11,5,2,0,0,2,1,0,0,1,39,0
1,4,1,11,5,2,1,2,4,1,0,0,3,39,0
6,1,1,11,5,4,1,4,4,0,0,0,3,33,0
0,4,2,15,6,4,1,3,4,0,0,0,3,39,0
2,4,0,9,8,2,4,0,4,1,0,0,4,39,1
1,4,1,1,4,2,3,0,4,1,0,0,3,39,0
6,4,1,8,6,0,12,1,4,0,0,0,3,39,0
4,5,0,15,6,2,1,5,4,0,0,0,3,39,1
3,4,1,14,9,4,4,1,4,1,0,0,5,39,1
4,4,1,3,0,2,3,0,4,1,0,0,3,32,0
3,4,1,8,6,0,10,1,4,1,0,0,4,39,0
1,4,2,6,2,2,3,0,4,1,0,0,3,39,0
4,4,2,8,6,2,3,0,4,1,0,0,3,39,0
3,4,0,11,5,0,8,1,4,0,0,0,2,39,0
0,4,1,11,5,4,12,3,4,0,0,0,3,39,0
0,4,1,8,6,4,8,1,4,0,0,0,2,39,0
0,4,1,15,6,4,8,3,4,0,0,0,1,39,0
6,7,0,9,8,2,3,0,4,1,0,0,4,39,1
4,4,1,11,5,2,7,0,4,1,0,0,3,39,0
5,4,0,11,5,0,8,4,2,0,0,0,1,39,0
0,4,0,15,6,4,6,1,4,1,0,0,5,39,0
3,4,0,5,2,2,3,0,4,1,0,0,4,39,0
1,4,0,12,8,4,10,1,4,0,0,3,3,39,0
1,6,0,9,8,2,4,0,4,1,0,0,6,0,1
1,2,0,9,8,4,10,1,4,0,0,0,5,39,0
1,4,1,6,2,4,8,2,4,1,0,0,5,39,0
0,7,1,15,6,4,1,1,4,0,0,0,3,39,0
3,2,0,15,6,2,11,0,4,1,0,4,3,39,1
5,6,1,9,8,2,12,0,4,1,0,0,5,39,1
0,4,1,11,5,2,12,0,4,1,0,0,3,39,0
0,6,0,1,4,4,1,1,4,0,0,0,3,39,0
2,4,1,11,5,2,3,0,4,1,0,0,3,39,0
0,4,1,9,8,4,1,1,1,0,0,0,1,39,0
1,2,1,11,5,5,14,3,4,0,0,0,2,39,0
5,4,0,15,6,2,12,0,4,1,0,0,5,39,1
0,4,0,11,5,4,5,1,4,1,0,0,3,39,0
2,2,0,15,6,0,1,4,4,0,0,0,3,39,0
1,4,2,15,6,4,3,4,1,1,0,0,3,36,0
2,4,1,11,5,2,4,0,4,1,0,0,7,39,1
6,2,1,11,5,6,10,1,4,0,0,0,3,39,0
5,6,0,15,6,2,14,0,4,1,0,0,2,39,0
3,4,1,9,8,2,4,0,4,1,0,0,4,39,1
2,4,0,2,4,5,8,4,4,0,0,0,3,26,0
0,4,2,15,6,2,1,0,4,1,0,0,3,39,1
3,6,1,11,5,2,3,0,2,1,0,0,2,23,0
5,4,2,11,5,2,3,0,4,1,0,0,3,39,0
3,4,0,11,5,2,6,0,4,1,0,0,3,0,0
0,7,1,15,6,4,5,1,4,1,0,0,3,39,0
2,5,2,9,8,2,4,0,4,1,0,0,8,39,1
1,4,2,11,5,2,14,0,3,1,0,0,3,39,0
2,4,1,15,6,4,12,1,4,0,0,0,3,39,0
1,4,0,15,6,2,6,0,4,1,0,0,3,39,0
0,4,0,11,5,4,3,3,4,1,0,0,3,39,0
2,4,0,9,8,2,10,5,4,0,0,0,3,39,1
3,0,1,9,8,0,0,1,4,1,0,0,5,39,0
2,6,1,11,5,4,8,4,4,1,0,0,6,39,0
0,4,0,11,5,2,3,3,4,1,0,0,3,39,0
0,4,1,11,5,4,3,3,4,1,0,0,3,39,0
0,4,1,9,8,4,12,3,4,0,0,0,1,39,0
2,6,0,11,5,0,5,3,4,1,0,0,5,39,0
0,4,0,15,6,4,1,2,2,0,0,0,2,39,0
0,0,0,15,6,4,0,3,4,1,0,0,1,9,0
3,4,0,15,6,4,12,1,2,1,0,0,3,39,0
2,4,0,11,5,2,3,0,4,1,0,3,3,39,0
2,4,2,1,4,2,7,0,4,1,0,0,3,39,0
1,0,0,15,6,0,0,4,4,0,0,0,3,39,0
4,4,1,9,8,4,8,1,4,1,0,0,5,26,1
0,4,1,15,6,2,13,0,4,1,0,0,3,39,0
3,7,1,12,8,4,10,3,4,0,0,0,3,39,0
2,7,1,11,5,2,13,0,4,1,0,0,3,39,1
2,4,1,15,6,2,3,0,4,1,0,0,3,22,0
3,4,1,12,8,2,4,0,4,1,0,0,5,39,1
5,5,0,15,6,2,12,0,4,1,0,0,4,39,1
5,4,2,9,8,2,12,0,4,1,0,0,3,39,1
4,0,1,15,6,4,0,1,4,1,0,0,3,39,0
0,4,0,7,7,4,12,3,4,0,0,0,2,39,0
0,0,0,0,3,4,0,3,4,1,0,0,2,39,0
4,4,0,11,5,2,3,0,4,1,0,0,3,39,0
2,7,0,9,8,2,4,5,4,0,0,0,3,39,1
3,7,0,11,5,0,11,4,2,0,0,0,3,39,0
2,6,0,11,5,4,5,4,4,1,0,0,5,39,0
4,4,1,15,6,2,12,0,4,1,0,0,6,39,0
0,4,3,11,5,4,8,2,4,1,0,0,3,26,0
0,4,0,0,3,4,8,3,4,1,0,0,0,39,0
2,2,1,11,5,2,11,0,4,1,0,0,4,39,0
3,4,1,11,5,2,3,0,4,1,0,0,3,39,0
2,4,1,11,5,4,7,4,4,1,0,0,3,39,0
1,4,1,15,6,2,11,0,4,1,0,0,5,39,1
4,4,1,11,5,6,12,4,4,0,0,0,3,39,0
2,6,0,11,5,0,5,1,4,1,0,0,8,33,0
1,4,0,9,8,4,3,1,4,1,0,0,3,39,0
1,4,0,5,2,0,6,2,4,1,0,0,7,39,0
5,4,0,15,6,6,5,1,4,1,0,5,6,39,1
1,2,1,11,5,0,11,1,4,1,0,0,4,39,1
4,7,2,11,5,2,10,0,4,1,0,0,4,39,1
7,4,0,5,2,2,12,0,4,1,0,0,2,39,1
4,4,0,15,6,2,4,0,4,1,0,0,3,39,0
2,4,0,12,8,2,10,0,4,1,0,0,3,39,1
0,4,5,0,3,2,6,0,4,1,0,0,3,39,0
3,4,0,11,5,2,10,0,4,1,0,0,4,39,0
2,4,1,15,6,3,10,1,4,0,0,0,2,39,0
6,6,0,15,6,6,5,4,4,0,0,0,5,39,0
3,4,1,14,9,2,10,0,4,1,0,0,3,39,1
0,4,0,15,6,4,12,3,2,0,0,0,1,39,0
8,4,1,11,5,3,1,1,4,0,0,0,1,39,0
6,4,1,9,8,2,3,0,4,1,0,0,3,9,1
1,4,0,11,5,0,3,1,4,1,0,0,5,39,0
0,4,1,11,5,4,7,3,4,0,0,0,3,39,0
1,4,2,15,6,4,4,1,4,1,0,0,3,39,0
1,4,1,11,5,4,1,1,4,0,0,0,5,39,0
0,4,1,15,6,4,12,3,4,0,0,0,2,39,0
0,7,2,15,6,4,1,1,4,0,0,0,1,39,0
2,4,1,9,8,0,10,1,4,0,0,0,5,39,0
3,4,0,11,5,2,14,0,4,1,0,0,3,39,0
1,6,2,9,8,4,13,1,4,1,0,0,3,39,0
4,1,0,15,6,2,3,0,4,1,0,0,3,39,0
3,4,3,15,6,0,1,4,4,0,0,0,3,39,0
2,4,1,11,5,2,3,5,4,0,0,0,3,39,0
0,4,1,11,5,4,8,2,2,1,0,0,3,39,0
3,4,1,11,5,0,8,4,4,0,0,0,3,39,0
1,2,1,15,6,4,4,3,4,0,0,0,3,39,0
3,6,0,15,6,2,3,0,4,1,0,0,3,39,0
0,4,1,8,6,4,8,3,4,1,0,0,3,39,0
4,6,1,7,7,2,12,0,4,1,0,0,3,39,1
0,4,1,11,5,4,1,3,4,1,0,0,3,39,0
1,0,0,8,6,0,0,4,4,0,0,0,3,39,0
3,4,0,15,6,0,1,4,4,0,0,0,3,39,0
0,4,1,9,8,2,10,0,4,1,0,0,3,39,0
1,4,1,14,9,4,10,2,4,1,0,0,5,39,0
4,4,1,11,5,2,7,0,4,1,0,0,4,39,0
7,4,1,11,5,6,8,1,4,0,0,0,1,39,0
3,4,0,11,5,2,12,5,4,0,0,0,3,39,1
2,4,1,9,8,2,12,0,4,1,9,0,6,39,1
3,5,0,11,5,5,4,4,4,1,0,0,3,39,0
2,4,1,9,8,4,4,1,4,0,0,0,3,39,0
2,4,0,8,6,2,12,0,4,1,0,0,5,39,0
4,0,1,9,8,2,0,0,4,1,1,0,6,39,1
0,4,2,15,6,4,8,3,4,1,0,0,2,39,0
2,4,1,11,5,0,1,3,4,0,0,0,3,39,0
2,6,0,0,3,2,12,0,4,1,0,4,3,39,1
2,1,0,11,5,5,7,1,2,1,0,0,4,39,0
0,7,1,9,8,2,4,0,4,1,0,0,1,39,0
3,0,0,15,6,6,0,1,4,0,0,0,1,39,0
2,4,0,7,7,0,4,1,4,0,0,0,3,39,0
0,4,0,15,6,4,10,1,2,1,0,0,1,39,0
2,4,1,14,9,4,4,1,4,1,2,0,5,39,1
3,4,1,11,5,6,7,4,2,0,0,0,3,39,0
4,4,0,11,5,4,10,4,4,0,0,0,3,39,0
3,4,0,9,8,4,12,4,4,1,0,0,3,39,0
0,4,0,15,6,4,14,3,1,1,0,0,3,39,0
3,5,0,14,9,2,10,0,4,1,0,0,6,39,1
1,4,1,9,8,4,13,3,1,0,0,0,3,30,0
6,6,0,8,6,2,10,0,4,1,0,4,3,39,0
1,4,1,11,5,4,8,3,4,1,0,0,3,26,0
4,4,1,11,5,2,6,0,4,1,0,0,3,39,1
2,4,2,9,8,4,4,1,4,1,0,0,3,39,0
3,4,1,11,5,0,7,4,4,1,0,0,3,39,0
1,4,0,11,5,6,3,4,4,0,0,3,2,39,0
3,4,1,11,5,2,8,0,4,1,0,0,4,39,0
5,6,0,12,8,0,12,1,4,1,0,4,6,39,0
2,4,1,15,6,0,3,1,4,1,0,0,5,39,0
3,6,1,9,8,2,10,5,4,0,0,0,3,39,0
2,4,1,11,5,2,3,0,4,1,0,0,3,39,1
4,4,0,11,5,4,8,1,4,0,0,0,3,39,0
1,4,2,15,6,4,8,3,4,1,0,0,3,39,0
3,7,1,12,8,4,1,1,2,0,0,0,3,39,0
1,4,1,15,6,0,1,4,4,0,0,0,3,39,0
1,4,1,9,8,2,12,0,4,1,0,0,5,39,1
2,7,0,11,5,2,1,5,2,0,0,0,3,39,0
3,4,0,7,7,0,1,4,4,0,0,0,3,39,0
3,4,1,15,6,0,13,3,4,0,0,3,7,39,0
3,4,0,11,5,0,7,1,4,1,0,0,3,39,0
1,5,0,12,8,4,14,3,4,1,0,0,3,39,0
2,7,0,9,8,2,13,0,4,1,0,0,1,39,0
0,4,1,2,4,4,8,3,4,1,0,0,3,39,0
4,4,0,11,5,2,5,0,4,1,0,0,7,39,0
2,4,0,15,6,2,10,0,4,1,0,0,3,39,0
2,4,1,9,8,4,12,1,2,1,0,0,4,39,0
4,0,0,15,6,4,0,1,4,1,0,0,6,39,1
5,4,0,15,6,0,12,1,4,0,0,0,4,39,0
3,4,0,1,4,2,8,5,2,0,0,0,3,39,1
3,4,2,15,6,2,12,0,2,1,1,0,9,39,1
1,4,1,9,8,4,12,1,4,0,0,0,5,39,0
7,0,1,15,6,2,0,0,4,1,0,0,3,39,0
0,4,1,11,5,4,6,2,4,1,0,0,3,23,0
6,4,0,11,5,2,6,0,4,1,0,0,4,39,1
0,7,0,15,6,4,4,3,4,1,0,0,3,39,0
2,4,1,11,5,2,3,0,4,1,0,0,3,11,0
1,4,0,11,5,0,8,1,4,0,0,0,2,39,0
5,6,0,9,8,0,4,1,4,1,0,0,5,39,0
3,2,1,9,8,2,10,5,4,0,0,0,4,39,1
6,4,0,8,6,2,5,0,4,1,0,0,6,39,0
3,4,1,11,5,0,7,4,4,0,0,0,5,39,0
5,4,0,5,2,0,7,1,4,0,0,0,3,39,0
3,4,0,11,5,2,4,5,1,0,0,0,3,0,1
3,0,2,9,8,2,0,5,4,0,0,0,0,39,1
4,1,2,9,8,0,10,4,4,1,0,0,3,39,0
0,0,1,15,6,4,0,1,4,1,0,0,1,39,0
8,6,0,15,6,2,12,0,4,1,0,0,3,39,0
3,4,2,15,6,0,7,4,2,0,0,0,3,39,0
3,6,0,12,8,0,4,4,4,0,0,0,3,39,0
2,4,0,9,8,2,4,0,4,1,0,0,5,39,1
4,4,1,12,8,2,4,0,4,1,0,0,4,39,1
0,4,0,15,6,4,13,1,4,0,0,0,3,39,0
4,4,1,11,5,0,12,1,4,0,0,0,2,39,0
6,0,0,10,9,2,0,0,0,1,0,0,3,39,1
3,1,1,7,7,2,10,0,4,1,0,0,3,39,1
1,4,0,6,2,2,7,5,4,0,0,0,3,32,0
5,4,1,15,6,0,4,1,4,0,0,0,3,22,0
1,4,0,11,5,2,3,0,4,1,0,0,3,39,0
1,4,0,11,5,2,3,0,4,1,0,0,3,39,0
3,4,1,15,6,5,13,1,4,0,0,0,3,39,0
0,4,1,11,5,4,3,3,4,1,0,0,3,39,0
1,2,1,9,8,4,10,1,2,0,0,0,6,39,0
4,4,1,0,3,0,12,1,4,0,0,0,3,39,0
4,4,0,9,8,2,10,0,4,1,0,0,3,39,1
1,4,1,11,5,4,7,4,4,0,0,0,3,39,0
3,7,1,9,8,2,4,0,4,1,0,0,3,39,1
5,6,1,11,5,3,8,4,4,0,0,0,4,39,0
2,5,0,11,5,2,3,0,4,1,0,0,3,39,1
4,7,0,11,5,0,4,4,4,0,0,0,4,39,0
1,4,1,9,8,2,12,0,4,1,0,0,3,39,1
0,4,1,11,5,4,12,1,4,0,0,0,8,39,0
8,6,1,5,2,2,5,0,4,1,0,0,2,39,0
3,4,2,9,8,4,12,1,4,1,0,0,3,39,0
3,4,1,11,5,2,8,0,4,1,0,0,3,39,0
0,0,1,15,6,4,0,3,4,1,0,0,3,39,0
2,6,1,9,8,2,4,0,4,1,0,0,5,20,0
4,4,0,12,8,2,10,0,4,1,0,0,3,39,1
0,4,1,15,6,4,8,3,4,1,0,0,3,39,0
0,4,1,1,4,4,7,3,3,1,0,0,1,39,0
2,4,0,15,6,4,4,1,4,0,0,0,3,39,0
3,4,1,9,8,2,10,0,4,1,0,0,4,39,0
4,6,2,15,6,2,4,0,4,1,0,0,6,39,0
1,4,2,15,6,4,3,1,4,1,0,0,4,39,0
4,2,0,12,8,2,10,0,4,1,0,0,3,39,1
2,4,0,11,5,2,4,5,4,0,1,0,3,39,1
3,4,1,9,8,0,8,1,4,1,0,0,4,0,1
2,2,2,11,5,0,14,1,4,0,0,0,3,39,0
0,2,0,9,8,4,10,3,4,1,0,0,2,39,0
3,4,1,5,2,6,3,4,4,1,0,0,3,39,0
4,5,0,15,6,4,3,1,4,1,0,0,4,39,0
1,4,1,9,8,2,4,0,4,1,0,0,4,39,1
3,4,0,13,0,4,6,1,4,1,0,0,2,39,0
2,4,0,6,2,0,6,1,4,1,0,0,7,39,0
0,4,1,11,5,4,12,3,4,1,0,0,3,39,0
3,7,0,9,8,2,10,5,4,0,0,0,3,39,1
2,4,0,9,8,4,8,1,4,1,0,0,1,39,0
0,4,1,0,3,2,7,3,1,0,0,0,3,40,0
4,5,0,15,6,0,12,1,4,1,0,0,2,39,0
4,4,0,9,8,2,4,0,4,1,0,0,6,39,1
5,4,1,11,5,2,3,0,4,1,1,0,3,39,1
1,4,1,9,8,4,13,4,4,1,0,0,3,39,0
2,4,1,11,5,2,14,0,4,1,0,0,6,39,0
1,4,1,8,6,3,1,1,4,0,0,0,3,39,0
1,4,0,11,5,2,4,5,4,0,0,0,3,39,0
1,4,0,11,5,4,8,1,4,1,0,0,3,39,0
1,2,0,12,8,2,10,5,4,0,0,0,3,39,1
2,4,1,11,5,2,8,5,3,0,0,0,3,39,0
2,4,1,11,5,2,3,0,4,1,0,0,3,39,0
3,4,2,11,5,2,14,0,4,1,0,4,5,39,1
5,4,1,4,1,4,8,1,4,1,0,0,3,5,0
3,4,1,9,8,2,3,0,4,1,0,0,5,39,1
3,7,1,12,8,4,4,1,4,0,0,0,3,39,0
7,0,1,9,8,2,0,0,4,1,0,0,3,39,0
2,7,1,8,6,4,10,4,2,0,0,0,3,39,0
3,1,1,9,8,2,4,0,4,1,0,0,3,39,0
5,4,1,0,3,2,7,0,4,1,0,0,3,39,0
2,6,0,8,6,2,4,0,4,1,0,0,6,39,1
7,6,1,12,8,2,4,0,2,1,0,0,3,39,0
3,1,1,12,8,2,11,0,4,1,0,0,3,39,1
1,4,0,12,8,4,10,1,4,0,0,0,4,39,0
5,4,0,5,2,2,7,5,4,0,0,0,4,39,0
2,5,0,9,8,4,10,1,4,0,0,0,6,39,1
0,4,0,15,6,4,1,3,4,1,0,0,1,39,0
5,4,1,9,8,2,10,0,4,1,0,0,3,39,0
5,2,1,11,5,2,6,0,4,1,0,0,3,39,0
0,2,1,9,8,4,10,1,2,0,0,0,3,39,0
5,4,0,1,4,2,8,5,4,0,0,0,4,39,0
2,0,0,11,5,2,0,0,4,1,0,0,3,39,0
0,4,1,15,6,4,1,3,4,0,0,0,3,39,0
0,4,0,15,6,4,8,1,4,0,0,0,2,39,0
0,0,2,1,4,4,0,4,2,0,0,0,5,39,0
2,4,1,2,4,2,8,0,4,1,0,0,3,6,0
5,0,1,9,8,2,0,0,4,1,0,0,1,39,0
3,2,1,11,5,0,8,3,2,0,0,0,3,39,0
2,4,0,11,5,2,1,5,4,0,0,0,3,39,1
1,4,1,2,4,4,7,1,4,1,0,0,4,39,0
6,0,0,11,5,0,0,1,4,0,0,0,9,39,0
3,4,1,11,5,2,12,0,4,1,0,0,3,39,0
4,4,2,12,8,2,4,0,4,1,0,0,3,39,1
4,4,0,12,8,0,4,4,4,0,0,0,3,39,1
3,4,0,8,6,2,10,0,4,1,0,0,3,39,1
4,4,0,11,5,0,1,4,4,0,0,0,4,39,0
2,4,1,7,7,2,12,0,4,1,0,0,5,39,1
3,4,0,15,6,0,8,1,4,1,0,0,2,39,0
0,4,1,11,5,4,14,3,2,1,0,0,3,39,0
4,2,0,12,8,2,10,0,4,1,0,0,6,39,1
6,0,1,8,6,6,0,1,4,0,0,0,2,39,0
2,4,1,11,5,2,6,0,4,1,0,0,3,39,0
2,4,1,11,5,6,6,4,4,0,0,0,2,39,0
2,4,0,15,6,2,1,0,4,1,0,0,5,39,0
6,6,1,15,6,2,4,0,4,1,0,0,6,39,1
3,4,1,9,8,2,4,0,4,1,0,4,5,39,1
6,4,1,15,6,2,13,0,4,1,0,0,2,39,0
5,4,0,0,3,2,4,0,4,1,0,0,4,39,0
1,4,0,12,8,4,13,1,4,0,0,0,3,39,0
3,2,1,15,6,2,11,0,4,1,0,0,3,39,1
6,4,0,11,5,0,14,4,4,1,0,0,4,39,1
0,4,1,15,6,4,5,3,4,1,0,0,2,39,0
0,4,0,15,6,4,1,1,4,1,0,0,1,39,0
7,4,0,11,5,6,1,4,4,0,0,0,0,39,0
2,4,0,11,5,5,1,4,4,0,0,0,3,39,0
6,6,1,11,5,2,3,0,4,1,0,0,2,22,0
1,4,1,15,6,0,8,4,4,0,0,0,4,39,0
0,4,1,11,5,2,7,5,4,0,0,0,3,39,0
3,6,1,11,5,0,14,1,4,1,0,3,3,39,0
5,4,1,6,2,2,6,0,4,1,0,0,5,39,1
2,4,2,0,3,0,7,1,2,1,0,0,6,39,0
1,4,2,15,6,2,4,0,4,1,0,0,6,39,0
0,4,2,9,8,4,4,1,4,0,0,0,3,39,0
0,4,1,11,5,4,12,3,0,0,0,0,1,39,0
1,4,1,11,5,4,14,1,4,1,0,0,6,39,0
3,6,1,11,5,2,5,0,4,1,0,3,5,39,0
1,4,0,11,5,2,6,0,4,1,0,0,3,39,0
1,4,0,8,6,2,12,5,4,0,0,0,4,39,1
1,4,1,15,6,2,7,0,4,1,0,0,3,39,0
1,4,0,9,8,4,12,1,4,1,0,0,4,39,0
6,4,1,15,6,2,4,5,4,0,0,0,3,39,0
3,4,0,11,5,2,8,0,2,1,0,0,3,39,0
2,2,0,12,8,0,10,1,4,0,0,0,5,39,0
4,4,1,11,5,0,7,4,4,0,0,0,3,39,0
3,4,1,10,9,2,10,0,4,1,0,0,5,39,1
5,4,0,11,5,0,1,1,4,0,0,0,3,39,0
1,4,1,9,8,2,4,0,2,1,0,0,5,39,1
0,4,0,11,5,4,8,3,4,1,0,0,2,2,0
0,0,0,15,6,4,0,1,4,1,0,0,3,0,0
3,4,1,11,5,2,7,0,4,1,0,0,3,39,0
4,4,2,11,5,4,7,1,4,0,0,3,3,39,0
1,4,0,11,5,3,8,4,4,0,0,0,3,39,0
1,4,0,0,3,2,3,0,4,1,0,0,3,39,0
4,4,0,11,5,2,10,0,4,1,0,0,4,39,1
0,4,0,15,6,4,8,3,4,1,0,0,0,39,0
3,2,1,12,8,0,10,4,4,0,0,0,4,39,0
1,4,2,2,4,4,3,1,2,1,0,0,3,39,0
0,4,1,15,6,4,12,1,4,0,0,0,3,39,0
4,4,1,9,8,2,12,0,4,1,0,0,3,39,1
2,4,1,8,6,2,12,0,4,1,0,0,6,39,0
4,4,1,15,6,0,1,1,4,0,0,0,3,39,0
6,4,1,12,8,2,10,0,4,1,0,0,3,39,1
4,4,1,11,5,5,10,4,2,0,0,0,3,39,0
3,5,1,9,8,2,4,0,4,1,0,0,4,39,1
3,2,0,12,8,2,10,0,2,1,0,0,0,39,1
2,4,2,15,6,2,3,0,4,1,0,0,3,0,1
4,1,1,10,9,2,10,0,4,1,1,0,6,11,1
0,4,2,11,5,4,6,3,4,1,0,0,3,39,0
3,4,2,9,8,2,10,0,4,1,0,0,3,39,1
2,6,0,11,5,2,5,0,4,1,0,0,7,39,0
4,7,0,8,6,0,10,4,4,0,0,0,3,39,0
2,4,1,14,9,2,12,5,4,0,0,0,3,39,0
0,0,0,11,5,4,0,3,4,1,0,0,6,39,0
0,4,1,11,5,4,1,3,4,0,0,0,1,39,0
3,4,1,4,1,3,9,1,4,0,0,0,3,26,0
0,4,1,9,8,4,12,1,4,1,0,0,2,39,0
4,4,1,11,5,0,12,4,4,0,0,0,4,39,0
6,4,0,15,6,2,4,0,4,1,0,0,4,39,0
1,4,1,3,0,4,9,1,4,0,0,0,3,13,0
0,4,0,11,5,4,1,3,4,1,0,0,2,39,0
4,4,1,11,5,6,3,4,2,0,0,0,3,39,0
2,4,1,15,6,4,1,1,4,0,0,0,6,39,0
5,1,2,9,8,2,13,0,4,1,0,0,4,39,1
2,4,1,15,6,4,1,4,2,1,0,0,3,39,0
5,4,0,8,6,2,13,0,4,1,0,0,3,39,1
1,4,0,15,6,4,1,1,4,0,0,0,3,24,0
2,4,0,11,5,0,12,1,4,1,0,0,6,39,0
6,0,1,15,6,2,0,0,4,1,0,0,4,39,1
3,4,3,12,8,2,1,0,4,1,0,0,3,39,0
2,4,1,9,8,2,4,0,4,1,1,0,5,39,1
3,6,1,9,8,2,10,0,4,1,0,0,4,39,1
2,4,0,9,8,2,4,0,4,1,0,0,4,39,1
0,4,2,8,6,4,12,1,4,0,0,0,3,39,0
1,4,2,11,5,2,7,0,4,1,0,0,3,39,0
1,7,1,15,6,4,8,4,4,0,0,0,3,39,0
0,4,1,7,7,4,1,1,4,1,0,0,1,39,0
0,0,0,15,6,4,0,3,4,1,0,0,1,39,0
5,7,1,15,6,0,1,1,4,0,0,0,3,39,0
0,4,1,15,6,4,12,3,4,1,0,0,1,39,0
5,4,1,7,7,0,1,1,2,0,0,0,3,39,0
2,2,2,15,6,6,14,1,2,0,0,0,4,39,0
5,4,1,9,8,2,10,0,4,1,0,0,3,39,0
6,4,1,15,6,2,12,0,4,1,0,0,3,39,1
2,2,0,12,8,2,10,5,4,0,0,0,4,39,1
1,8,1,15,6,2,5,3,4,1,0,0,6,39,0
0,4,0,15,6,4,12,3,4,0,0,0,0,39,0
7,7,0,5,2,0,8,1,1,0,0,0,3,39,0
2,4,0,11,5,4,3,1,1,1,0,0,3,17,0
1,4,0,11,5,4,4,1,4,0,0,0,4,39,0
4,4,1,15,6,6,12,1,4,0,0,0,3,39,0
0,4,0,2,4,4,12,3,4,0,0,0,2,39,0
0,4,0,15,6,4,8,1,1,0,0,0,3,30,0
1,4,0,11,5,2,6,0,2,1,0,0,3,39,0
1,6,0,8,6,0,3,1,4,1,0,0,4,39,0
0,4,0,11,5,4,12,3,4,0,0,0,2,39,0
7,4,0,12,8,2,10,0,4,1,0,0,2,39,0
2,4,1,11,5,2,3,0,4,1,0,0,3,39,0
1,4,2,2,4,4,5,1,2,1,0,0,6,39,0
0,0,1,1,4,4,0,3,4,0,0,0,3,39,0
1,0,0,15,6,4,0,4,4,0,0,0,3,39,0
6,4,1,11,5,0,9,4,2,0,0,0,9,39,0
3,4,2,14,9,2,10,0,4,1,9,0,6,39,1
4,4,2,11,5,0,8,4,2,0,0,0,3,39,0
5,2,1,9,8,2,10,5,4,0,0,0,3,39,1
2,4,1,11,5,0,3,1,4,1,0,0,3,39,0
3,4,1,8,6,5,7,1,2,0,0,0,3,39,0
0,4,1,11,5,4,14,3,4,1,0,0,3,39,0
3,2,1,7,7,2,5,0,4,1,0,0,2,39,0
5,6,1,11,5,0,4,1,4,1,0,0,7,39,0
4,2,1,12,8,2,4,0,4,1,0,4,4,39,1
4,4,1,15,6,0,1,4,4,0,0,0,3,39,0
6,4,1,11,5,2,3,0,4,1,0,0,3,39,0
1,0,0,11,5,0,0,3,4,0,0,0,0,39,0
0,4,1,11,5,4,8,3,4,0,0,0,1,39,0
6,1,1,15,6,2,10,0,4,1,0,0,3,39,0
0,4,0,1,4,4,1,3,4,0,0,0,1,39,0
3,7,0,11,5,2,8,5,4,0,0,0,1,39,0
2,4,1,9,8,0,10,4,4,0,0,0,3,39,0
2,4,3,9,8,2,12,0,4,1,9,0,5,39,1
1,6,0,8,6,0,7,1,4,0,0,0,3,39,0
1,4,0,7,7,4,10,1,4,0,0,0,3,39,0
2,4,0,11,5,2,4,0,4,1,0,0,6,39,1
2,4,0,11,5,0,4,1,4,1,0,0,3,39,0
2,5,1,11,5,2,3,0,4,1,0,0,5,0,1
3,4,0,1,4,2,6,0,4,1,0,0,3,39,0
1,6,0,8,6,0,3,3,4,1,0,0,1,39,0
1,4,1,11,5,2,12,0,4,1,0,3,3,39,0
2,4,2,15,6,2,14,0,4,1,0,3,4,39,1
0,4,0,2,4,4,8,3,4,0,0,0,1,39,0
3,5,0,9,8,2,4,0,4,1,0,0,6,39,1
1,4,0,11,5,0,1,1,4,0,0,0,3,39,0
1,4,1,9,8,4,8,3,4,1,0,0,3,39,0
7,4,1,12,8,4,8,1,4,0,0,0,1,39,0
0,0,1,11,5,4,0,3,2,1,0,3,2,39,0
0,4,0,15,6,4,10,1,4,0,0,0,3,39,0
4,4,0,8,6,2,4,0,4,1,0,0,5,39,1
2,7,0,15,6,0,1,4,4,0,0,0,4,39,0
3,4,1,7,7,2,13,0,4,1,0,4,6,39,1
3,6,3,9,8,2,4,0,4,1,0,0,3,39,0
0,4,1,1,4,4,1,3,4,0,0,0,1,39,0
3,7,0,12,8,2,1,0,4,1,0,0,3,19,0
3,4,2,15,6,0,8,4,4,0,0,0,3,39,0
4,6,0,10,9,4,10,1,4,1,9,0,7,39,1
2,4,0,15,6,2,1,0,4,1,0,0,5,39,0
1,4,0,11,5,2,14,0,4,1,0,0,4,39,0
3,2,1,15,6,2,11,0,4,1,0,0,3,39,1
3,4,2,11,5,2,4,0,4,1,0,0,3,39,1
1,4,1,11,5,4,1,2,4,1,0,0,3,26,0
2,2,2,11,5,5,4,1,2,1,0,0,3,39,0
1,4,0,11,5,2,3,0,4,1,0,0,5,39,0
0,4,1,15,6,4,8,3,4,0,0,0,1,39,0
1,4,0,11,5,4,1,3,1,1,0,0,8,0,1
4,4,0,9,8,2,12,0,4,1,0,0,3,39,1
2,4,0,15,6,0,1,4,4,0,0,0,3,39,0
4,4,1,15,6,2,10,0,4,1,0,0,3,39,0
3,4,0,7,7,2,4,0,4,1,0,0,5,39,1
3,4,1,12,8,4,4,1,4,1,0,0,3,39,0
2,4,1,0,3,2,5,0,4,1,0,0,3,39,0
0,0,0,9,8,4,0,3,4,1,0,0,3,39,0
0,4,1,11,5,4,3,3,4,1,0,0,6,39,0
0,4,2,15,6,4,12,3,4,1,0,0,3,4,0
0,4,0,9,8,4,4,1,4,1,0,0,3,39,0
1,4,1,15,6,2,7,0,4,1,0,0,3,39,1
0,4,0,6,2,4,6,3,2,1,0,0,3,39,0
0,0,1,11,5,4,0,3,4,1,0,0,3,39,0
2,4,1,11,5,2,4,0,4,1,0,0,5,39,1
3,6,1,9,8,2,12,0,4,1,0,0,6,39,0
0,0,0,11,5,4,0,2,0,0,0,0,3,39,0
1,4,3,9,8,4,14,3,4,1,0,0,1,39,0
1,4,2,9,8,4,13,3,4,1,0,0,3,39,0
0,4,2,11,5,4,12,2,4,1,0,0,6,39,0
2,4,0,11,5,2,14,0,4,1,0,0,5,39,0
1,4,1,15,6,0,12,3,4,0,0,0,3,39,0
8,0,0,12,8,2,0,0,4,1,0,0,0,39,1
3,4,0,7,7,2,4,0,4,1,1,0,5,39,1
1,5,0,11,5,2,4,0,4,1,0,0,4,39,1
1,4,0,11,5,4,4,1,4,0,0,0,5,39,0
3,4,1,7,7,2,10,0,4,1,0,0,3,39,1
4,5,0,15,6,2,4,0,4,1,0,0,9,39,1
1,4,0,15,6,2,4,0,4,1,0,0,6,39,1
5,4,1,11,5,0,8,1,4,1,0,0,3,0,0
6,2,0,11,5,2,1,5,4,0,0,0,3,39,1
4,5,1,11,5,2,8,0,4,1,0,0,2,39,0
4,4,1,15,6,0,1,1,4,0,0,0,4,39,0
6,4,2,15,6,2,4,0,4,1,0,0,3,39,0
0,4,0,15,6,4,1,3,4,1,0,0,2,39,0
4,4,1,11,5,2,14,0,4,1,0,4,3,39,0
1,4,0,15,6,2,12,0,4,1,0,0,3,39,0
2,4,2,9,8,2,12,0,4,1,0,0,5,39,1
2,4,2,0,3,2,3,0,4,1,0,0,3,39,0
0,0,1,11,5,2,0,3,4,0,0,0,1,39,0
3,4,0,11,5,2,12,5,4,0,0,0,2,39,0
5,1,0,15,6,2,3,0,4,1,0,0,3,39,0
3,4,0,11,5,2,1,0,4,1,0,0,0,39,0
1,4,0,9,8,0,8,1,1,1,9,0,7,39,1
0,4,1,11,5,2,8,3,2,1,0,0,3,39,0
2,2,2,15,6,0,1,4,4,0,0,0,6,39,0
1,4,1,15,6,4,3,1,4,1,0,0,3,39,0
2,1,0,15,6,4,8,1,4,0,0,0,0,39,0
2,4,1,11,5,2,3,0,4,1,0,0,3,39,0
3,4,2,11,5,2,12,0,4,1,0,0,3,39,0
2,4,0,8,6,2,1,0,4,1,0,0,3,39,1
1,4,1,11,5,2,6,0,4,1,0,0,3,39,0
9,6,1,14,9,2,10,0,4,1,0,0,3,39,0
1,4,1,12,8,4,10,1,4,1,0,0,2,39,0
2,4,1,0,3,2,7,0,4,1,0,0,3,39,1
0,4,0,11,5,4,8,1,4,1,0,0,0,39,0
4,4,0,5,2,2,8,0,1,1,0,0,2,3,0
0,4,0,0,3,4,8,3,4,0,0,0,0,39,0
2,4,0,11,5,2,14,0,4,1,0,0,3,39,0
2,4,1,15,6,0,1,1,4,1,0,0,4,39,0
1,4,0,9,8,4,10,1,4,0,0,0,3,39,0
0,4,2,11,5,4,8,3,4,1,0,0,1,39,0
0,4,2,2,4,4,8,2,4,0,0,0,2,39,0
0,4,2,11,5,4,10,1,4,1,0,0,2,39,0
2,4,1,9,8,2,10,0,4,1,0,0,3,39,1
5,6,0,11,5,2,3,0,4,1,0,0,4,39,1
2,2,1,11,5,0,4,1,4,1,0,0,3,39,0
0,5,0,11,5,4,3,3,4,1,0,0,3,39,0
1,4,2,15,6,4,10,2,4,0,0,0,3,39,0
2,7,1,12,8,2,10,0,4,1,0,0,5,39,1
4,4,0,1,4,2,5,0,4,1,0,0,5,39,0
4,4,1,9,8,2,4,0,4,1,0,0,5,39,1
3,4,1,11,5,4,14,4,2,0,0,0,3,39,0
4,2,0,11,5,0,11,4,4,1,0,0,5,39,0
3,2,2,15,6,2,4,0,4,1,0,0,3,39,1
3,4,1,15,6,0,6,1,4,1,0,0,3,39,0
2,4,0,12,8,4,4,1,4,1,0,0,3,39,1
3,4,1,11,5,2,4,0,4,1,0,0,4,39,0
3,4,0,9,8,2,4,0,1,1,0,0,3,39,0
1,4,1,2,4,0,7,1,4,0,0,0,3,39,0
3,6,1,9,8,0,8,4,1,0,0,0,6,35,1
5,0,0,12,8,2,0,0,4,1,0,0,1,39,0
2,6,1,1,4,2,3,0,4,1,0,0,3,39,0
2,4,1,15,6,2,7,0,4,1,0,0,3,39,0
2,4,4,9,8,2,4,0,2,1,0,0,4,39,1
0,4,1,15,6,4,6,3,2,0,0,3,3,39,0
0,4,1,15,6,4,1,1,4,1,0,0,5,39,0
0,4,0,15,6,4,1,3,1,0,0,0,2,39,0
5,4,1,9,8,2,12,0,4,1,0,0,3,39,1
4,4,1,15,6,0,7,1,4,0,0,0,3,39,0
1,4,1,11,5,2,3,0,4,1,0,0,4,39,0
3,2,1,6,2,4,8,3,4,1,0,0,3,39,0
0,4,0,15,6,4,7,1,4,0,0,0,2,26,0
4,4,1,4,1,2,3,0,4,1,0,0,3,39,0
5,4,1,11,5,4,14,3,4,1,0,0,3,2,0
2,4,0,9,8,4,1,1,1,1,0,0,3,39,0
6,7,1,11,5,6,1,1,4,0,0,0,2,39,0
0,5,0,1,4,4,5,3,4,1,0,0,2,39,0
5,4,1,12,8,2,4,0,4,1,0,0,3,39,1
0,0,0,15,6,4,0,3,4,1,0,0,1,39,0
2,4,1,12,8,4,4,1,4,0,0,0,5,39,0
3,6,1,11,5,2,1,5,4,0,0,0,1,39,1
5,2,0,8,6,0,10,4,4,1,0,0,3,39,1
5,2,1,15,6,6,1,4,4,0,0,0,3,26,0
0,2,1,11,5,0,11,4,2,0,0,0,3,39,0
2,0,0,6,2,0,0,4,4,0,0,0,3,39,0
1,5,0,11,5,2,4,0,4,1,0,0,5,39,1
3,4,2,11,5,2,3,0,4,1,0,0,3,39,0
4,6,0,11,5,2,14,0,4,1,0,0,3,39,1
1,4,2,11,5,2,4,0,2,1,0,0,6,39,0
2,4,2,11,5,2,6,0,4,1,0,0,5,39,1
3,4,2,11,5,0,1,2,2,1,0,0,3,39,0
7,4,0,11,5,0,8,1,4,0,0,0,1,39,0
8,4,0,11,5,6,1,1,4,0,0,0,3,39,0
2,4,0,7,7,2,6,0,4,1,0,0,3,39,0
3,5,1,11,5,2,4,0,4,1,0,0,3,39,1
1,4,0,7,7,2,1,5,4,0,0,3,3,39,0
1,2,1,8,6,4,11,3,4,1,0,0,2,39,0
1,4,1,15,6,4,1,3,4,0,0,0,3,39,0
2,1,2,15,6,5,1,1,2,1,0,0,3,39,0
2,4,1,9,8,2,10,0,4,1,0,0,5,39,0
2,4,1,15,6,4,8,1,4,1,0,0,3,39,0
4,4,0,9,8,2,4,5,4,0,0,0,4,39,0
2,4,2,3,0,2,5,0,4,1,0,0,8,26,0
2,4,1,9,8,0,4,4,4,0,0,0,4,39,1
1,2,0,9,8,2,11,0,4,1,0,0,7,39,1
0,4,1,11,5,4,14,2,4,1,0,0,3,39,0
6,4,1,15,6,6,10,1,4,0,0,0,1,18,0
6,0,1,11,5,6,0,1,4,0,0,0,2,39,0
4,4,0,9,8,2,4,0,4,1,0,0,4,39,1
1,4,2,11,5,2,10,0,4,1,0,0,3,39,0
1,4,0,9,8,2,10,0,4,1,0,0,3,39,1
0,4,2,15,6,4,1,3,4,0,0,0,1,39,0
3,4,0,9,8,4,8,1,4,1,0,0,3,39,0
1,4,0,9,8,4,10,1,4,0,1,0,3,39,1
1,2,1,9,8,4,10,1,4,1,0,0,4,39,0
2,4,2,9,8,2,4,2,1,0,0,0,3,3,1
2,4,1,15,6,4,1,1,4,0,0,0,3,39,0
5,4,1,15,6,0,1,4,2,0,0,0,3,39,0
1,2,0,11,5,2,6,0,4,1,0,0,3,39,0
1,4,0,0,3,3,1,4,4,0,0,0,3,26,0
2,2,0,9,8,4,10,1,4,0,0,0,4,39,0
1,4,1,9,8,2,12,0,4,1,0,0,5,39,1
0,4,0,1,4,4,6,1,2,1,0,0,3,39,0
1,4,1,9,8,4,13,1,4,1,0,0,4,39,0
7,1,0,11,5,6,4,1,4,1,0,0,0,39,0
1,4,0,15,6,4,1,3,2,1,0,0,3,39,0
0,4,2,9,8,4,4,2,4,0,0,0,3,39,0
4,4,0,11,5,2,8,5,2,0,0,0,2,39,0
3,5,1,10,9,2,10,0,4,1,0,0,6,39,1
0,4,2,11,5,2,3,0,4,1,0,0,6,39,0
1,4,1,7,7,4,12,3,4,1,0,0,2,39,0
1,4,1,15,6,2,12,0,4,1,0,0,3,39,0
4,2,0,12,8,2,10,0,4,1,0,0,5,39,1
0,4,0,2,4,4,14,4,4,1,0,0,2,39,0
2,1,1,7,7,2,8,0,4,1,0,0,3,39,0
1,4,1,9,8,4,12,1,4,1,0,0,3,39,0
4,4,0,15,6,2,5,0,4,1,0,0,5,39,0
5,4,0,9,8,0,10,4,4,0,0,0,3,39,0
3,2,0,15,6,0,7,3,4,0,0,0,3,39,0
4,4,0,8,6,2,3,0,4,1,0,0,3,39,0
0,4,1,9,8,4,10,1,4,1,0,0,3,39,0
3,2,1,12,8,2,4,0,4,1,0,0,5,39,1
6,0,1,11,5,2,0,0,4,1,0,0,3,39,0
5,0,1,11,5,2,0,0,4,1,0,0,5,39,1
2,4,0,0,3,6,8,1,2,0,0,4,3,39,0
6,5,0,11,5,6,12,1,4,0,0,0,1,39,0
5,0,2,9,8,2,0,0,4,1,0,0,3,39,0
3,6,1,11,5,2,3,0,4,1,0,0,4,39,0
0,7,1,9,8,4,10,1,4,0,0,0,1,39,0
4,4,1,15,6,4,5,1,4,1,0,0,3,39,0
4,2,1,9,8,0,1,4,4,0,0,0,3,6,0
0,4,1,4,1,4,5,2,2,1,0,0,3,26,0
5,0,2,1,4,0,0,1,2,1,0,0,1,39,0
0,4,1,11,5,4,8,1,4,1,0,0,3,39,0
2,4,0,11,5,4,3,1,4,1,0,0,7,39,0
4,6,1,11,5,2,4,0,4,1,0,0,5,39,1
2,4,1,15,6,3,14,1,4,0,0,0,3,39,0
0,4,2,15,6,4,3,1,4,1,0,0,3,39,0
4,4,0,15,6,2,4,0,4,1,0,0,8,39,1
2,4,1,11,5,2,3,0,4,1,0,0,9,39,1
4,4,1,15,6,4,1,4,2,0,0,0,3,39,0
1,7,0,11,5,2,11,0,4,1,0,0,4,39,0
2,4,0,11,5,4,7,1,1,1,0,0,3,1,0
0,7,1,1,4,4,8,3,4,1,0,0,1,39,0
3,4,2,4,1,2,8,0,4,1,0,0,4,26,0
2,4,0,11,5,2,1,0,4,1,0,0,4,39,1
0,4,1,1,4,4,10,1,4,0,0,0,2,39,0
3,0,1,15,6,0,0,4,4,1,0,0,3,39,0
3,4,0,15,6,2,1,5,4,0,0,0,3,39,0
2,4,1,15,6,0,1,1,4,0,0,0,3,39,0
3,4,1,11,5,2,7,0,2,1,0,0,3,39,0
3,5,1,9,8,0,5,1,4,1,0,0,3,39,0
2,4,0,15,6,2,3,0,4,1,0,0,3,39,0
4,4,0,9,8,2,13,0,4,1,0,0,3,39,0
1,4,1,0,3,2,3,0,4,1,0,0,3,39,0
4,5,1,12,8,2,8,0,4,1,0,0,3,39,0
1,0,1,4,1,2,0,5,4,0,0,0,3,39,0
6,4,0,15,6,2,6,0,4,1,0,0,1,39,0
4,2,2,12,8,2,10,0,4,1,0,4,5,39,1
2,4,1,11,5,4,1,1,4,0,0,0,3,39,0
2,4,1,11,5,4,14,1,4,1,0,0,3,39,0
0,0,0,15,6,4,0,3,4,1,0,0,2,39,0
1,4,2,8,6,0,10,4,4,0,0,0,3,39,0
4,4,1,9,8,0,4,4,4,1,0,0,3,39,1
0,4,3,11,5,4,4,2,4,1,0,0,5,39,0
1,6,1,11,5,4,7,2,2,1,0,0,2,39,0
1,4,0,5,2,6,1,1,4,0,0,0,3,39,0
3,4,0,11,5,0,4,4,4,0,0,0,4,39,0
1,4,1,9,8,4,8,3,4,1,0,0,1,39,0
3,4,1,15,6,0,1,4,4,0,0,0,3,39,0
0,4,1,1,4,4,12,4,4,0,0,0,2,39,0
3,4,1,11,5,2,3,0,4,1,0,0,3,39,0
4,4,1,9,8,4,4,4,2,0,0,0,4,39,0
3,4,0,11,5,2,3,0,4,1,0,0,5,39,0
3,4,1,12,8,2,10,5,4,0,0,4,1,39,1
4,4,0,11,5,2,12,0,4,1,0,0,2,39,1
4,6,0,9,8,2,4,0,4,1,0,5,3,39,1
0,4,0,9,8,4,10,1,4,1,0,0,3,39,0
2,5,0,11,5,2,4,0,4,1,0,0,3,39,1
5,4,0,10,9,4,10,1,4,0,0,0,6,39,1
3,2,1,11,5,0,4,4,0,0,0,0,3,39,0
3,4,0,9,8,2,10,5,4,0,0,0,1,39,1
4,4,0,12,8,0,4,4,4,1,0,0,4,39,0
4,5,2,15,6,2,4,0,4,1,0,0,3,39,1
2,5,0,14,9,2,10,0,4,1,0,0,5,39,1
0,4,0,11,5,2,14,0,4,1,0,0,6,39,0
0,7,1,9,8,4,13,1,4,0,0,0,3,39,0
2,4,1,0,3,2,3,0,4,1,0,0,4,39,0
5,7,0,10,9,2,10,0,4,1,0,0,0,39,1
2,4,1,11,5,4,7,3,4,1,0,0,3,39,0
1,4,1,15,6,4,8,3,4,1,0,3,1,39,0
3,4,0,15,6,4,13,1,4,0,0,0,3,39,1
4,5,1,8,6,2,4,0,4,1,0,0,5,39,1
5,4,2,4,1,2,7,0,4,1,0,0,3,39,0
4,1,1,7,7,2,1,0,2,1,0,0,3,39,1
1,4,1,12,8,4,4,1,4,0,0,0,4,39,0
3,4,1,15,6,0,7,4,4,1,0,0,5,39,1
3,4,1,11,5,2,1,0,4,1,0,0,3,39,0
3,4,2,15,6,2,13,0,2,1,0,0,3,23,1
0,4,0,0,3,4,12,3,4,0,0,0,1,39,0
0,4,0,8,6,4,3,3,4,1,0,3,3,39,0
3,4,1,8,6,0,11,1,2,1,0,0,3,39,0
0,4,0,9,8,4,4,3,4,1,0,0,4,39,0
2,4,1,11,5,2,3,0,2,1,0,0,6,39,1
2,4,0,9,8,2,4,0,4,1,0,0,5,39,1
0,4,0,11,5,4,8,4,4,0,0,0,3,39,0
4,4,0,9,8,2,4,0,4,1,0,0,5,39,1
3,4,1,8,6,2,3,0,4,1,0,0,3,39,0
0,4,2,1,4,4,1,3,4,0,0,0,1,39,0
2,0,1,12,8,2,0,0,4,1,0,0,5,39,0
3,7,1,11,5,0,1,4,4,0,0,0,3,39,0
5,6,0,11,5,2,4,0,4,1,1,0,6,39,1
0,4,0,6,2,0,8,3,4,0,0,0,3,39,0
1,4,0,15,6,2,1,5,4,0,0,0,3,39,0
1,4,2,11,5,5,1,4,2,0,0,0,3,39,0
1,4,2,11,5,4,1,1,4,1,0,0,3,39,0
0,0,1,15,6,4,0,3,4,0,0,0,3,39,0
7,5,1,15,6,4,4,1,4,1,0,0,0,39,0
3,4,0,10,9,2,10,0,1,1,0,0,3,36,1
4,6,0,11,5,2,3,0,1,1,0,0,3,39,0
2,4,1,11,5,2,8,0,4,1,0,0,3,41,1
3,4,1,15,6,2,14,0,4,1,0,4,6,39,1
2,4,1,11,5,0,8,1,4,0,0,0,4,39,0
1,4,0,7,7,2,4,5,4,0,0,0,1,39,1
0,4,0,1,4,4,14,2,4,1,0,0,0,39,0
3,0,1,15,6,0,0,1,4,0,0,0,3,39,0
2,6,0,8,6,2,3,0,4,1,0,0,5,39,0
6,4,0,0,3,2,12,0,4,1,0,0,3,39,0
0,4,1,15,6,4,10,2,2,0,0,0,1,39,0
3,4,0,9,8,4,14,1,4,1,0,0,2,39,0
4,4,1,11,5,2,3,0,4,1,0,0,3,39,0
1,4,0,11,5,0,8,4,4,0,0,0,2,39,0
3,4,2,15,6,0,12,1,4,0,0,0,1,39,0
6,4,1,11,5,4,8,2,2,0,0,0,3,39,0
1,4,1,11,5,4,14,3,4,1,0,0,3,39,0
0,4,0,2,4,4,12,3,4,0,0,0,1,39,0
0,4,0,11,5,4,5,3,4,1,0,0,4,39,0
3,6,0,15,6,0,3,1,4,1,0,0,2,39,0
2,4,2,11,5,4,6,1,2,1,0,0,3,23,0
1,4,1,8,6,4,12,1,4,1,0,0,3,39,0
3,2,1,11,5,2,11,0,4,1,0,0,3,39,1
3,4,0,5,2,4,8,3,4,1,0,0,5,39,0
3,4,0,9,8,2,4,0,4,1,1,0,5,39,1
4,2,1,8,6,2,4,0,4,1,0,0,3,39,1
1,1,0,15,6,4,10,1,4,0,0,3,3,39,0
3,4,1,12,8,2,4,0,4,1,0,0,4,39,1
1,1,1,15,6,4,2,1,2,1,0,0,6,39,0
1,4,1,15,6,4,1,1,4,0,0,0,3,39,0
1,0,0,9,8,2,0,0,4,1,0,0,6,39,0
2,4,1,10,9,2,10,0,4,1,0,0,6,39,1
1,4,0,11,5,5,5,4,4,0,0,0,1,39,0
1,4,1,8,6,2,12,0,4,1,0,0,4,39,1
4,4,1,11,5,0,1,1,4,0,0,0,3,39,0
1,4,1,15,6,4,1,1,4,0,0,0,3,39,0
3,4,0,7,7,2,10,0,4,1,0,0,5,39,0
1,2,1,12,8,2,10,5,4,0,0,4,5,39,0
1,7,1,12,8,4,1,1,2,0,0,0,1,39,0
0,4,1,11,5,2,7,3,4,0,0,0,3,39,0
3,4,1,11,5,2,7,5,4,0,0,0,3,27,0
1,4,1,11,5,4,8,3,2,0,0,0,3,39,0
2,4,1,15,6,2,4,5,4,0,0,0,4,39,1
2,4,0,0,3,2,6,0,0,1,0,0,3,39,0
5,4,0,12,8,2,10,0,4,1,0,0,5,39,1
0,4,1,11,5,4,6,3,2,1,0,0,3,39,0
1,4,0,8,6,2,6,0,4,1,0,0,4,39,0
4,2,1,12,8,5,10,4,4,0,0,0,5,39,0
3,4,0,9,8,2,4,0,4,1,0,0,4,39,1
2,5,0,9,8,0,5,1,4,1,0,0,6,39,0
0,4,1,11,5,4,10,1,4,0,0,0,3,39,0
3,4,1,11,5,0,3,4,4,1,0,0,3,24,0
3,4,0,1,4,6,1,4,4,0,0,0,3,39,0
2,4,0,9,8,2,4,0,4,1,1,0,5,39,1
2,5,0,15,6,2,3,0,4,1,0,0,6,0,0
4,4,2,15,6,0,4,1,4,1,0,0,6,39,0
0,0,1,15,6,4,0,3,2,0,0,0,2,39,0
3,4,0,15,6,0,12,2,4,0,0,0,3,39,0
0,0,1,15,6,4,0,3,4,0,0,3,1,39,0
0,4,1,15,6,4,12,1,4,1,0,0,2,39,0
1,6,0,15,6,2,8,5,4,0,0,0,5,39,0
2,4,1,11,5,4,8,3,4,0,0,0,3,39,0
1,4,1,11,5,0,3,1,4,1,0,0,5,39,0
1,4,1,15,6,2,14,0,2,1,0,0,6,39,0
2,4,0,15,6,4,8,1,4,1,0,0,3,39,0
1,4,0,11,5,0,13,3,1,0,0,0,3,39,0
6,4,0,11,5,0,4,1,4,0,0,0,3,39,0
1,4,0,11,5,2,3,0,4,1,0,0,4,39,0
1,2,0,11,5,0,3,4,4,1,0,0,3,39,0
2,4,0,9,8,4,3,1,4,1,0,0,3,39,0
1,4,1,7,7,2,1,5,4,0,0,0,3,39,0
1,4,0,9,8,2,8,0,4,1,0,0,6,39,1
3,4,1,11,5,2,4,0,4,1,0,0,4,39,1
0,0,0,15,6,4,0,3,4,1,0,0,2,39,0
1,4,1,9,8,4,10,1,4,0,0,0,3,39,0
0,4,0,11,5,2,8,3,4,1,0,0,5,39,0
6,0,1,9,8,2,0,0,4,1,0,0,6,39,1
4,7,1,12,8,2,4,0,4,1,0,0,7,39,1
1,4,1,9,8,2,10,5,4,0,0,0,4,39,1
5,5,0,14,9,4,10,1,4,1,2,0,3,39,1
1,4,1,11,5,4,12,1,4,0,0,0,5,39,0
3,4,1,15,6,2,3,0,4,1,0,4,3,39,1
4,4,1,11,5,2,3,0,4,1,0,0,4,39,0
6,6,1,15,6,2,5,0,4,1,0,0,4,39,0
3,4,1,15,6,0,4,4,4,0,0,0,3,39,0
2,6,1,14,9,4,10,1,4,1,0,6,4,39,1
1,4,1,15,6,0,4,3,4,0,0,0,3,39,0
6,4,0,5,2,2,12,0,4,1,0,0,3,39,0
2,4,1,11,5,2,3,0,4,1,0,0,4,39,1
5,4,0,15,6,0,1,1,4,0,0,0,4,11,0
4,1,0,11,5,0,1,1,4,1,0,0,4,39,0
7,1,0,1,4,6,1,1,4,0,0,0,1,39,0
1,4,1,1,4,4,7,4,4,1,0,0,4,39,0
5,6,1,11,5,2,12,0,4,1,0,0,3,39,0
1,4,1,1,4,4,1,4,4,0,0,0,4,39,0
0,4,0,1,4,4,8,3,4,1,0,0,0,39,0
2,4,0,15,6,3,5,3,4,1,0,0,3,39,0
6,1,1,15,6,2,4,0,4,1,0,0,3,39,1
0,4,1,11,5,4,6,2,4,1,0,0,1,39,0
0,4,1,15,6,2,8,0,2,1,0,0,5,39,0
2,4,2,6,2,2,5,0,4,1,0,0,5,26,0
0,4,2,1,4,6,12,3,2,0,0,0,3,39,0
0,4,1,11,5,4,8,3,4,1,0,0,3,39,0
0,6,0,15,6,4,12,3,4,0,0,0,1,39,0
2,4,1,11,5,2,7,0,4,1,0,0,4,39,0
3,4,0,14,9,2,10,0,4,1,0,0,6,39,1
2,4,0,8,6,4,3,1,4,1,0,0,4,21,0
1,4,0,9,8,4,4,1,4,0,0,0,3,39,1
2,4,1,8,6,2,3,0,4,1,0,0,3,39,0
8,4,0,4,1,6,8,4,4,1,0,0,1,39,0
3,4,1,15,6,0,8,1,4,1,0,0,4,39,0
3,1,3,9,8,2,4,0,4,1,0,0,3,39,1
1,4,0,9,8,4,4,3,2,1,0,0,3,11,0
3,2,0,9,8,0,1,4,4,0,0,0,3,39,0
3,7,0,1,4,2,3,0,4,1,0,0,3,39,0
3,4,0,14,9,0,10,1,4,1,0,6,3,39,1
3,4,1,9,8,2,3,0,4,1,0,0,4,39,1
0,4,0,15,6,4,1,3,4,0,0,0,1,39,0
6,4,0,11,5,2,3,0,4,1,0,0,3,39,0
1,4,1,11,5,5,8,4,2,0,0,0,3,39,0
1,4,0,15,6,2,8,0,4,1,0,0,3,39,1
2,5,0,9,8,4,3,1,4,0,0,0,1,39,0
3,4,1,9,8,2,4,0,4,1,0,4,3,39,1
3,4,1,11,5,2,12,0,4,1,0,0,6,39,1
1,0,2,11,5,4,0,4,4,0,0,0,1,39,0
4,0,1,13,0,3,0,2,4,1,0,0,3,26,0
4,4,3,5,2,2,3,0,4,1,0,0,3,26,0
3,6,0,15,6,4,3,1,4,1,0,0,2,39,0
4,4,2,11,5,0,1,1,4,0,0,0,3,39,0
0,4,1,11,5,4,3,3,2,1,0,0,3,39,0
1,2,1,11,5,4,11,1,2,1,0,0,3,39,0
2,4,1,14,9,2,10,0,4,1,0,0,6,39,1
2,4,1,11,5,4,12,1,4,0,0,0,3,39,0
1,4,1,4,1,4,14,1,4,1,0,0,3,26,0
2,5,0,14,9,2,10,0,4,1,0,0,3,39,1
2,4,1,14,9,2,10,5,1,0,1,0,5,39,1
2,4,1,11,5,4,8,4,0,0,0,0,3,39,0
0,4,0,11,5,4,7,3,4,1,0,0,3,39,0
0,4,1,5,2,4,1,3,4,1,0,0,8,39,0
2,4,1,9,8,2,4,0,4,1,0,0,3,39,1
0,4,1,11,5,4,13,2,1,1,0,0,3,40,0
5,4,0,15,6,2,8,0,4,1,0,0,3,39,0
6,4,0,11,5,2,14,0,4,1,0,0,3,39,0
1,4,0,11,5,0,3,3,4,1,0,0,3,39,0
0,4,0,15,6,4,12,3,4,1,0,0,1,39,0
5,6,1,11,5,2,12,0,4,1,0,0,6,39,0
1,4,1,9,8,2,4,0,4,1,0,0,5,39,0
2,4,1,9,8,2,4,5,4,0,0,0,3,39,1
0,4,1,9,8,4,1,3,4,0,0,0,3,39,0
4,4,1,11,5,2,12,0,4,1,0,0,3,39,1
0,4,0,6,2,4,14,3,4,1,0,0,3,39,0
2,4,0,11,5,4,3,1,4,1,0,0,4,39,0
4,4,1,15,6,0,12,1,4,0,0,0,3,39,0
1,0,1,11,5,0,0,3,4,1,0,0,7,39,0
1,4,0,9,8,4,10,1,4,0,0,0,5,39,0
5,2,1,8,6,2,4,0,4,1,0,0,6,39,1
5,4,1,9,8,2,8,2,1,1,0,0,3,30,0
0,4,4,9,8,4,12,1,4,0,0,0,6,39,0
5,5,1,11,5,2,4,0,4,1,0,0,3,39,1
3,7,1,11,5,0,13,4,4,0,0,0,3,39,0
4,4,0,11,5,2,4,0,4,1,0,0,6,39,0
4,6,2,11,5,2,3,0,4,1,0,0,3,39,1
2,6,1,11,5,2,5,0,4,1,0,0,8,39,0
2,4,0,11,5,0,3,1,4,1,0,0,3,39,0
6,6,1,15,6,2,7,0,4,1,0,0,3,39,1
4,4,1,11,5,5,7,4,2,0,0,0,3,39,0
4,5,0,9,8,0,12,1,4,1,0,0,6,39,1
3,4,0,11,5,0,1,4,4,0,0,0,3,39,0
0,4,1,1,4,4,6,3,4,1,0,0,1,39,0
1,4,0,9,8,2,1,0,4,1,0,0,3,39,1
0,4,1,9,8,4,1,3,4,1,0,0,3,39,0
0,4,1,11,5,4,3,3,4,1,0,0,3,39,0
5,4,2,0,3,2,14,0,4,1,0,0,5,39,1
4,6,1,15,6,2,12,0,4,1,0,0,5,39,0
2,4,1,15,6,4,12,1,4,1,0,0,5,39,0
5,4,1,8,6,2,7,0,4,1,0,0,4,39,0
4,4,0,5,2,4,7,1,1,1,0,0,4,25,0
0,4,1,9,8,4,8,3,4,0,0,0,2,39,0
1,4,0,9,8,4,10,1,4,1,0,0,7,39,0
0,4,1,9,8,4,1,1,1,0,0,0,3,39,0
0,4,3,1,4,4,12,3,4,1,0,0,1,39,0
2,4,1,9,8,2,4,0,4,1,0,0,5,39,1
3,4,0,11,5,0,1,1,4,1,1,0,3,39,1
3,4,0,12,8,2,4,0,4,1,0,0,5,39,1
7,0,2,9,8,2,0,0,4,1,9,0,3,39,1
2,4,0,11,5,0,8,4,4,0,0,0,2,39,0
5,4,1,0,3,5,12,4,4,0,0,0,4,22,0
0,4,0,1,4,2,5,3,4,1,0,0,3,26,0
0,4,0,1,4,4,8,3,4,0,0,0,2,39,0
2,2,1,15,6,4,8,1,4,1,0,0,1,39,0
5,4,0,11,5,2,13,0,4,1,0,0,1,39,0
3,2,2,11,5,0,3,4,4,0,0,0,3,39,0
4,2,1,15,6,0,4,1,4,0,0,0,3,39,0
6,2,0,11,5,6,8,1,4,0,0,0,3,2,0
4,4,0,11,5,2,14,0,2,1,0,0,3,39,0
0,4,1,15,6,4,12,2,2,0,0,0,1,39,0
8,4,0,6,2,6,9,1,2,0,0,0,0,39,0
3,4,1,5,2,4,8,3,4,1,0,3,3,39,0
5,4,0,15,6,0,14,1,4,1,0,0,5,39,0
3,6,0,11,5,2,14,0,4,1,0,0,5,39,0
1,4,0,9,8,2,10,5,4,0,0,0,2,39,0
3,4,0,15,6,0,12,4,4,0,0,0,4,39,0
2,4,2,15,6,2,6,0,2,1,0,0,3,39,1
6,4,1,11,5,6,3,1,4,1,0,0,1,39,0
0,4,1,11,5,4,12,3,4,0,0,0,0,39,0
4,4,1,11,5,0,8,1,2,0,0,0,1,39,0
0,0,1,15,6,4,0,3,4,0,0,0,3,39,0
3,4,2,0,3,5,8,3,2,0,0,0,1,39,0
2,4,4,15,6,4,11,4,2,0,0,0,3,39,0
1,4,1,11,5,2,12,0,4,1,0,0,4,39,0
3,4,2,11,5,2,3,0,4,1,0,0,0,39,0
4,5,1,14,9,2,10,0,4,1,0,0,4,39,1
2,4,1,11,5,2,3,5,4,0,0,0,3,39,1
3,4,1,9,8,4,10,1,4,0,0,0,3,39,1
3,4,1,15,6,2,10,0,4,1,0,4,5,39,1
3,5,1,9,8,2,4,0,4,1,0,0,6,39,1
2,7,0,14,9,2,10,5,4,0,0,0,3,39,1
1,7,0,9,8,4,1,1,4,0,0,0,3,39,0
3,4,1,11,5,2,3,0,4,1,0,0,3,39,1
2,4,1,15,6,4,10,1,4,1,0,0,4,39,0
0,1,0,1,4,4,8,3,1,1,0,0,1,30,0
0,4,0,15,6,0,8,3,4,0,0,0,2,39,0
6,0,1,1,4,4,0,4,4,1,0,0,3,39,0
2,4,0,15,6,2,4,0,4,1,0,0,3,39,1
4,4,1,12,8,2,3,0,4,1,0,4,4,39,1
3,1,0,15,6,0,14,1,4,1,0,0,3,39,0
3,4,1,11,5,0,3,2,4,1,0,0,3,39,0
5,5,1,0,3,2,14,5,4,0,0,0,3,39,0
0,4,1,9,8,4,12,1,4,0,0,0,3,39,0
1,6,0,15,6,2,10,0,4,1,0,0,0,39,0
2,4,1,7,7,2,1,5,4,0,0,0,3,39,1
5,4,2,12,8,0,4,1,4,1,0,6,5,39,1
3,4,2,11,5,0,6,4,2,0,0,0,3,39,0
3,6,2,12,8,4,10,1,4,1,0,0,3,39,0
4,2,1,12,8,2,1,0,4,1,0,0,3,22,1
2,4,1,9,8,4,8,1,4,1,0,0,3,39,0
2,4,1,9,8,4,4,1,4,1,0,3,3,39,0
3,0,0,11,5,4,0,4,2,0,0,0,3,39,0
4,4,0,12,8,2,10,5,4,0,0,4,3,39,1
5,7,0,11,5,2,11,0,4,1,0,0,3,39,0
0,4,1,9,8,4,10,3,1,0,0,0,3,30,0
0,4,1,9,8,4,10,3,4,0,0,0,3,39,0
4,2,2,12,8,2,4,0,4,1,0,0,5,39,1
0,4,1,15,6,4,1,2,4,0,0,0,3,26,0
0,4,1,0,3,4,12,3,4,0,0,0,1,39,0
1,4,1,9,8,2,10,0,4,1,0,0,5,39,0
2,2,1,11,5,2,3,0,4,1,0,0,3,39,0
4,4,0,9,8,2,4,0,4,1,0,0,5,39,1
3,4,0,14,9,2,10,0,4,1,0,0,5,39,1
3,4,0,11,5,0,4,1,4,0,0,0,4,39,0
1,4,0,11,5,2,12,0,4,1,0,0,3,39,0
0,4,0,1,4,4,8,3,4,1,0,0,0,39,0
0,4,1,8,6,4,7,3,4,1,0,0,3,39,0
1,4,0,10,9,2,10,0,1,1,0,0,6,19,0
1,4,2,15,6,5,12,4,4,0,0,0,3,26,0
4,4,0,11,5,4,1,4,2,0,0,0,3,39,0
1,4,1,11,5,4,6,3,4,1,0,0,2,39,0
3,4,1,4,1,4,7,4,4,0,0,0,3,26,0
1,4,3,8,6,2,8,0,4,1,0,0,3,39,1
1,4,1,11,5,3,1,3,4,0,0,0,3,39,0
1,6,1,11,5,2,3,0,4,1,0,0,3,39,0
2,4,0,11,5,3,8,1,1,0,0,0,3,37,0
1,4,2,8,6,2,13,5,4,0,0,0,3,11,0
2,4,1,9,8,0,12,1,4,1,0,0,4,39,0
1,4,2,11,5,4,1,2,2,0,0,0,3,39,0
1,5,0,9,8,2,4,0,4,1,0,4,4,39,1
0,4,0,1,4,4,8,3,4,1,0,0,5,39,0
3,4,0,11,5,6,12,4,4,0,0,0,4,39,0
2,1,2,11,5,4,4,4,2,0,0,0,3,39,0
6,0,0,15,6,2,0,0,4,1,0,0,0,39,0
7,0,1,15,6,2,0,0,4,1,0,0,0,39,0
6,7,0,6,2,2,3,0,4,1,0,0,3,39,0
3,4,1,4,1,0,9,4,4,0,0,0,3,26,0
3,5,0,15,6,4,12,1,4,1,0,0,6,39,0
5,4,1,11,5,0,14,1,4,1,0,0,3,39,0
1,7,0,15,6,4,3,1,4,1,0,0,3,39,0
6,7,0,15,6,2,11,0,4,1,0,0,4,39,1
3,6,1,0,3,2,8,0,4,1,0,0,7,39,0
4,4,2,11,5,2,7,0,4,1,0,0,3,39,0
1,4,1,8,6,2,13,0,4,1,0,0,3,26,0
3,4,2,9,8,2,13,0,4,1,0,0,3,39,0
4,4,0,15,6,4,4,4,4,0,0,0,3,39,0
8,0,1,11,5,2,0,0,4,1,0,0,1,39,0
0,4,1,8,6,4,3,4,4,1,0,0,5,39,0
0,1,1,9,8,4,2,1,4,1,0,0,3,39,0
1,4,1,1,4,2,3,0,4,1,0,0,5,39,0
3,4,1,11,5,2,1,5,4,0,0,0,3,39,0
4,4,2,11,5,2,8,0,4,1,0,0,3,26,0
3,4,1,11,5,2,3,0,4,1,0,0,3,39,0
4,2,1,12,8,2,10,0,4,1,0,4,5,39,1
5,4,0,8,6,2,3,0,4,1,0,0,6,39,0
3,4,0,11,5,2,3,0,4,1,0,0,4,39,0
0,6,0,11,5,0,3,1,4,1,0,0,5,39,0
1,4,2,11,5,4,3,1,4,1,0,0,3,39,0
0,0,0,15,6,4,0,1,4,1,0,0,3,39,0
2,4,1,11,5,0,12,1,4,1,0,0,3,39,0
2,5,1,11,5,2,4,0,4,1,0,0,5,39,0
0,0,1,7,7,4,0,3,4,0,0,0,3,39,0
2,4,0,0,3,2,3,0,4,1,0,0,4,39,1
2,4,0,11,5,6,1,4,4,0,0,0,6,39,0
0,4,1,15,6,2,6,0,4,1,0,0,2,39,0
2,4,0,0,3,0,3,1,4,1,0,0,3,39,0
1,4,1,11,5,4,8,1,4,0,0,0,3,39,0
4,4,1,15,6,0,1,1,4,0,0,0,6,39,0
0,4,1,15,6,4,8,1,4,1,0,0,3,39,0
4,4,1,15,6,2,1,5,4,0,0,4,3,39,1
3,5,1,9,8,2,4,0,4,1,0,0,3,39,1
3,4,1,11,5,2,3,0,2,1,0,3,3,14,0
0,4,1,15,6,4,1,3,2,1,0,0,5,39,0
4,4,1,9,8,2,10,0,4,1,0,0,5,39,0
6,4,1,11,5,2,3,0,4,1,0,0,3,39,1
1,4,2,1,4,2,3,1,4,1,0,0,6,39,1
6,0,0,3,0,0,0,1,4,0,0,0,1,39,0
4,4,0,11,5,2,12,5,4,0,0,0,1,39,0
6,5,0,11,5,2,1,5,4,0,2,0,3,0,1
2,4,0,15,6,2,3,0,4,1,0,0,3,39,0
3,4,0,9,8,2,4,0,4,1,0,0,5,39,1
3,4,0,10,9,2,10,0,4,1,9,0,5,39,1
0,4,0,11,5,4,5,3,4,1,0,0,2,39,0
4,6,0,14,9,0,10,1,4,1,0,0,8,39,1
3,4,0,15,6,0,8,4,4,0,0,0,3,39,0
4,4,1,9,8,2,12,0,4,1,0,0,3,39,1
5,4,1,11,5,2,14,0,4,1,0,0,7,39,0
0,4,2,11,5,4,14,3,2,1,0,0,1,39,0
6,4,0,11,5,6,10,1,4,0,0,0,2,39,0
2,4,2,11,5,0,12,4,4,0,0,0,3,39,0
1,0,1,9,8,2,0,5,4,0,0,0,2,39,1
3,0,2,11,5,2,0,5,2,0,0,0,1,39,0
4,4,1,15,6,2,4,0,4,1,0,0,5,39,1
3,4,1,15,6,2,12,0,4,1,0,0,5,39,0
0,4,1,11,5,4,8,3,4,0,0,0,2,39,0
4,6,1,15,6,5,12,4,4,0,0,0,5,39,0
0,4,0,15,6,4,10,3,4,1,0,0,3,39,0
0,4,1,2,4,4,12,1,4,1,0,0,3,39,0
0,4,0,11,5,4,1,3,4,0,0,0,2,39,0
1,4,1,7,7,4,9,1,4,0,0,0,5,39,0
3,4,1,11,5,0,4,1,4,1,0,0,5,39,0
7,6,1,15,6,2,12,0,4,1,0,0,3,39,0
3,4,0,9,8,0,10,3,4,0,0,0,3,39,0
3,4,0,9,8,2,12,5,4,0,0,0,3,33,0
2,4,0,15,6,2,14,0,4,1,0,0,5,39,1
2,4,0,9,8,6,10,4,4,0,0,0,3,39,1
0,4,2,15,6,4,8,3,2,1,0,0,3,39,0
4,7,1,14,9,2,10,0,4,1,1,0,5,39,1
4,5,1,11,5,2,4,0,4,1,0,0,3,39,1
0,4,2,2,4,4,12,3,2,0,0,0,1,39,0
4,4,0,11,5,6,7,1,4,0,0,0,1,39,0
4,2,1,14,9,2,10,0,4,1,0,0,3,39,1
8,4,0,15,6,4,10,1,4,1,0,4,6,39,0
4,2,0,10,9,4,10,4,4,0,0,0,3,39,0
1,0,1,11,5,4,0,1,4,1,0,0,3,39,0
1,4,1,6,2,4,3,1,3,1,0,0,4,39,0
0,4,1,6,2,4,6,2,4,1,0,0,3,26,0
2,4,1,11,5,2,4,0,4,1,0,0,4,39,1
5,4,1,9,8,2,4,0,4,1,0,0,5,39,1
5,4,1,1,4,5,8,1,2,0,0,0,3,39,0
7,0,0,10,9,4,0,1,4,1,0,0,3,39,0
6,4,0,11,5,4,1,1,4,0,0,0,3,39,0
1,6,1,11,5,2,10,0,4,1,0,0,3,39,0
4,4,1,11,5,0,1,1,4,0,0,0,4,39,0
4,7,2,9,8,2,4,0,4,1,1,0,3,39,1
2,4,0,11,5,4,8,3,4,1,0,0,3,39,0
2,4,2,9,8,2,10,0,4,1,0,0,4,39,1
1,4,0,11,5,2,6,0,0,1,0,0,3,39,0
3,6,1,11,5,2,12,3,4,0,0,0,3,39,1
0,4,1,8,6,4,1,3,4,0,0,0,3,39,0
1,4,0,9,8,4,13,1,2,1,0,0,2,23,0
2,4,2,15,6,2,3,0,4,1,0,0,3,39,1
3,1,0,12,8,2,4,0,4,1,0,4,3,39,1
4,4,0,7,7,2,3,0,4,1,0,0,3,39,0
0,6,0,15,6,4,3,1,4,0,0,0,3,39,0
0,0,1,15,6,4,0,3,4,0,0,0,2,39,0
1,4,0,15,6,4,1,1,4,1,0,0,6,39,0
3,4,1,5,2,2,6,0,4,1,0,0,5,39,0
5,4,1,11,5,2,4,0,4,1,0,0,3,39,1
2,4,0,11,5,0,12,3,4,0,0,0,3,39,0
5,4,0,0,3,2,1,0,2,1,0,0,3,39,0
1,6,1,11,5,2,12,5,4,0,0,0,3,39,0
2,4,0,15,6,0,8,1,4,0,0,0,5,39,0
1,4,0,15,6,2,12,0,4,1,0,0,4,39,0
4,4,0,11,5,0,7,4,2,0,0,0,4,39,0
0,4,1,0,3,4,8,3,4,0,0,0,3,39,0
1,2,1,7,7,4,10,1,4,0,0,0,3,39,0
0,4,1,15,6,2,3,0,4,1,0,0,3,39,0
5,4,0,11,5,2,7,0,4,1,0,0,3,39,0
1,4,0,9,8,4,10,1,4,0,0,0,4,39,0
2,4,0,14,9,2,10,0,4,1,1,0,4,39,1
4,4,1,9,8,0,4,4,4,0,0,0,3,39,1
3,7,0,9,8,4,1,1,4,1,0,0,3,39,0
3,4,2,11,5,4,3,1,4,1,0,0,3,39,0
3,1,0,9,8,2,10,0,4,1,0,0,6,39,1
1,4,1,10,9,2,10,0,1,1,0,0,3,3,0
2,4,1,9,8,4,4,4,4,0,0,0,3,5,0
1,4,0,8,6,4,1,1,4,0,0,0,3,39,0
6,4,1,12,8,4,10,1,4,1,0,0,7,39,0
2,4,1,11,5,2,3,0,4,1,0,0,3,39,0
0,4,1,1,4,4,8,2,4,1,0,0,2,39,0
3,0,0,11,5,0,0,1,4,0,0,0,3,39,0
4,4,0,11,5,2,4,0,4,1,0,0,5,39,1
9,4,0,15,6,4,8,1,1,1,0,0,3,39,0
0,4,1,11,5,4,8,3,4,0,0,0,1,39,0
9,4,0,11,5,4,8,1,2,1,0,5,3,39,0
0,4,0,9,8,4,10,3,4,1,0,0,1,39,0
4,2,0,11,5,2,14,0,4,1,0,0,3,39,0
2,4,1,8,6,2,8,0,4,1,0,0,6,39,1
0,4,1,15,6,4,1,1,2,1,0,0,1,39,0
4,5,0,14,9,0,10,1,4,1,2,0,5,39,1
2,4,0,8,6,2,1,5,4,0,0,0,1,39,0
0,7,2,12,8,4,10,1,2,0,0,0,3,39,0
7,5,0,11,5,2,12,0,4,1,0,0,1,39,0
1,4,1,15,6,4,6,1,4,1,0,0,3,39,0
9,4,1,0,3,2,4,0,4,1,0,0,3,39,0
7,0,1,10,9,2,0,0,4,1,0,0,0,39,1
1,2,0,9,8,4,13,1,4,1,0,0,5,39,0
2,1,1,15,6,0,6,4,2,0,0,0,3,39,0
4,4,1,0,3,0,12,4,4,0,0,0,2,39,0
0,0,1,15,6,4,0,1,2,0,0,0,2,39,0
0,4,2,11,5,4,6,3,4,1,0,0,3,39,0
0,4,0,6,2,4,1,4,2,0,0,0,1,39,0
4,6,0,11,5,2,5,0,4,1,0,0,5,39,1
0,4,0,15,6,4,8,3,4,1,0,0,1,39,0
1,4,0,8,6,4,8,1,4,0,0,0,3,39,0
3,4,0,9,8,2,10,0,4,1,0,0,6,39,1
6,6,1,9,8,0,10,1,4,1,0,0,3,39,0
1,4,1,9,8,4,4,1,4,1,0,0,4,39,0
6,5,0,9,8,0,12,1,4,1,0,0,4,39,0
5,4,2,12,8,2,12,0,4,1,0,0,3,39,0
2,4,1,15,6,2,10,0,4,1,0,4,3,39,1
4,6,2,9,8,2,12,0,4,1,0,0,6,39,0
5,4,1,15,6,2,12,0,4,1,0,0,4,39,1
0,4,0,9,8,4,13,3,4,0,0,0,3,39,0
0,4,1,15,6,4,1,3,4,0,0,0,1,39,0
4,4,0,15,6,4,1,1,4,0,0,0,3,39,0
4,2,1,5,2,2,14,0,4,1,0,0,3,39,0
1,4,1,9,8,4,10,1,4,0,0,0,5,39,0
3,4,0,11,5,0,3,2,4,0,0,0,3,40,0
3,4,1,12,8,0,12,1,4,1,0,0,2,20,0
3,4,0,11,5,4,6,1,2,1,0,0,3,39,0
3,2,0,11,5,2,4,0,4,1,0,0,6,39,0
1,2,1,9,8,2,4,0,2,1,0,0,3,39,1
3,2,1,12,8,2,10,0,4,1,0,0,5,39,0
2,1,0,15,6,0,4,1,4,0,0,0,3,39,0
2,2,1,11,5,2,11,0,4,1,0,0,3,39,0
1,4,0,11,5,4,6,1,4,1,0,0,3,39,0
2,4,1,9,8,2,12,0,4,1,0,0,4,23,0
4,4,1,11,5,0,8,2,4,1,0,0,2,39,0
5,0,0,11,5,0,0,3,1,1,0,0,1,39,0
6,4,0,11,5,2,14,0,4,1,0,0,3,39,1
0,4,0,15,6,4,5,1,4,0,0,0,3,39,0
0,0,0,6,2,4,0,3,4,1,0,0,3,39,0
0,4,0,15,6,4,7,3,4,1,0,0,1,39,0
2,4,1,9,8,2,12,5,4,0,0,0,2,39,1
2,6,0,11,5,4,5,1,4,1,0,0,3,39,0
1,4,1,11,5,2,3,0,4,1,0,0,3,39,0
3,5,0,15,6,0,4,4,4,1,0,0,9,39,1
0,0,1,11,5,4,0,2,1,0,0,0,1,35,0
1,4,0,9,8,0,10,3,4,0,0,0,5,39,0
1,4,2,15,6,4,9,1,4,0,0,0,5,18,0
0,4,1,11,5,4,1,1,4,0,0,0,2,39,0
0,4,2,15,6,4,12,3,4,1,0,0,2,39,0
1,4,2,11,5,2,11,0,4,1,0,0,3,29,0
1,4,1,9,8,4,5,1,4,1,0,0,6,39,0
2,4,0,8,6,5,10,1,4,1,0,0,4,39,0
5,2,0,11,5,6,5,4,4,1,0,5,3,39,0
0,4,1,15,6,4,8,1,4,0,0,0,2,39,0
0,4,1,9,8,4,1,3,4,0,0,0,0,39,0
0,0,3,1,4,4,0,3,4,0,0,0,0,39,0
3,2,0,12,8,2,10,5,4,0,0,0,3,39,1
4,6,0,9,8,2,4,0,4,1,0,0,6,34,1
1,4,1,11,5,4,7,1,4,0,0,0,3,39,0
3,4,0,15,6,2,4,5,4,0,0,0,7,39,1
3,4,1,15,6,2,12,0,4,1,0,0,5,39,1
6,4,0,15,6,0,1,1,4,1,0,4,3,39,0
1,4,1,7,7,4,12,1,4,1,0,0,3,39,0
2,4,2,11,5,4,13,1,4,1,0,0,3,39,0
3,4,1,15,6,2,10,0,2,1,0,0,0,39,0
2,4,1,15,6,0,12,4,4,0,0,0,2,39,0
0,4,1,11,5,4,14,3,4,1,0,0,3,39,0
1,6,0,9,8,4,10,1,4,1,0,0,6,39,0
0,4,1,9,8,4,12,1,1,1,0,0,5,36,0
0,4,2,11,5,4,6,1,4,1,0,0,3,39,0
4,4,1,9,8,2,4,0,4,1,0,0,5,39,1
5,1,0,9,8,2,10,0,4,1,0,0,3,39,1
3,4,1,11,5,2,12,0,4,1,0,0,3,39,1
1,4,0,15,6,2,8,5,0,0,0,0,3,39,0
1,4,1,15,6,0,10,3,4,0,0,0,3,39,0
3,4,0,9,8,2,12,0,4,1,0,0,5,39,1
3,6,1,12,8,2,10,0,4,1,0,0,3,39,0
0,4,0,11,5,4,7,3,4,0,0,0,3,39,0
0,4,1,15,6,4,6,3,4,1,0,0,1,39,0
3,1,0,11,5,2,1,0,4,1,0,0,3,39,1
1,4,2,11,5,4,13,3,2,1,0,0,3,39,0
5,4,0,11,5,2,3,0,1,1,0,0,3,39,0
2,7,1,9,8,4,1,1,4,0,0,0,3,39,1
4,4,0,15,6,0,10,1,4,1,1,0,4,39,1
2,4,0,11,5,2,12,0,4,1,0,4,4,39,1
1,4,2,11,5,2,3,0,4,1,0,0,3,39,1
2,4,0,14,9,4,10,1,1,1,0,0,3,19,1
0,4,0,15,6,4,4,3,4,0,0,0,3,39,0
0,4,1,11,5,4,6,1,4,1,0,0,3,39,0
2,4,1,9,8,2,4,0,4,1,0,0,3,39,0
3,4,2,15,6,2,10,0,4,1,0,0,3,39,1
3,4,1,11,5,2,3,0,4,1,0,0,3,39,0
2,4,2,11,5,4,8,4,2,1,0,0,2,39,0
0,4,0,1,4,2,14,0,1,1,0,0,3,40,0
5,6,2,12,8,2,4,0,4,1,0,0,2,39,0
0,0,1,15,6,4,0,3,4,0,0,0,0,39,0
3,4,1,4,1,0,8,4,4,0,0,0,3,33,0
1,4,1,11,5,5,7,3,4,0,0,0,3,39,0
3,4,0,15,6,2,4,0,4,1,0,0,3,39,1
3,4,0,9,8,2,10,0,4,1,0,0,4,39,1
2,4,0,11,5,3,7,4,4,0,0,0,3,39,0
6,4,0,5,2,2,7,0,4,1,0,0,3,22,0
5,2,1,11,5,0,1,4,4,0,0,0,3,39,0
2,2,1,8,6,3,3,1,4,1,0,0,3,39,0
0,0,1,11,5,4,0,3,4,1,0,0,1,39,0
0,4,0,15,6,4,1,3,4,0,0,0,1,39,0
3,4,1,11,5,0,1,1,4,0,0,0,3,39,0
4,4,0,12,8,2,10,0,4,1,0,4,3,39,1
0,4,0,1,4,4,8,3,4,1,0,0,1,39,0
3,4,1,11,5,0,1,4,4,0,0,0,4,39,0
2,4,1,3,0,2,3,1,4,1,0,5,3,26,0
3,4,0,1,4,3,7,4,1,0,0,0,3,35,0
1,4,0,9,8,4,12,1,4,0,0,0,3,39,0
3,2,1,15,6,4,11,1,2,0,0,0,3,39,1
4,4,1,9,8,2,12,0,4,1,0,0,4,39,1
2,4,0,15,6,2,3,0,4,1,0,0,6,39,0
2,4,0,15,6,2,12,0,4,1,0,0,5,39,1
2,4,1,7,7,4,1,1,4,0,0,0,3,39,0
2,6,1,5,2,2,12,0,4,1,0,0,3,39,1
1,4,1,11,5,4,3,2,4,1,0,0,3,39,0
1,4,2,11,5,4,7,1,2,1,0,0,3,39,0
4,4,1,9,8,2,5,0,4,1,0,0,3,2,0
0,0,2,0,3,4,0,3,4,1,0,0,3,39,0
5,4,0,11,5,2,3,0,4,1,0,0,3,39,1
6,4,0,15,6,6,8,4,4,0,0,0,2,39,0
1,4,1,12,8,4,8,1,4,0,0,0,3,39,0
4,4,0,11,5,4,1,2,4,0,0,0,3,39,0
1,0,0,2,4,5,0,4,4,0,0,0,2,39,0
2,4,0,15,6,4,3,1,4,1,0,0,3,39,0
3,4,1,9,8,0,12,1,4,1,0,3,6,39,1
2,4,0,11,5,0,8,4,4,0,0,0,4,39,0
2,6,0,9,8,2,12,0,1,1,0,0,5,19,0
4,2,0,6,2,2,14,0,2,1,0,0,3,39,0
3,4,1,9,8,2,4,0,4,1,0,0,3,39,1
2,4,1,15,6,2,10,0,4,1,0,0,3,39,1
0,4,1,11,5,4,7,3,4,1,0,0,3,39,0
0,4,0,15,6,4,6,3,4,1,0,0,5,39,0
2,4,0,11,5,2,4,5,4,0,0,0,3,39,1
1,4,1,11,5,4,8,1,4,1,0,0,3,39,0
2,4,1,11,5,3,1,4,2,0,0,0,3,39,0
5,4,0,5,2,2,3,0,4,1,0,0,3,39,0
3,2,1,12,8,0,10,1,4,1,0,0,3,39,0
0,4,1,15,6,4,12,3,1,0,0,0,1,39,0
1,4,0,11,5,2,7,0,4,1,0,0,4,39,0
2,6,0,7,7,0,12,4,4,0,0,0,3,39,0
3,4,1,11,5,5,8,4,4,0,0,0,2,39,0
3,4,0,11,5,2,1,0,4,1,0,0,5,39,0
0,2,1,15,6,4,10,3,4,0,0,0,1,39,0
0,4,1,13,0,4,5,1,4,1,0,0,3,26,0
4,6,1,11,5,0,5,1,4,1,0,0,2,39,0
3,4,1,1,4,0,14,1,4,1,0,6,7,39,1
4,0,2,11,5,2,0,0,4,1,0,0,3,39,0
1,4,0,7,7,2,12,0,4,1,0,0,3,39,0
3,6,1,1,4,2,14,0,4,1,0,0,3,39,0
0,4,0,15,6,4,1,1,4,0,0,0,1,39,0
3,5,1,9,8,2,4,0,4,1,0,0,4,39,0
1,4,0,9,8,2,3,0,4,1,0,0,3,39,1
6,0,1,15,6,6,0,1,2,0,0,0,2,39,0
2,4,0,14,9,2,10,0,4,1,0,0,3,39,1
2,4,0,11,5,0,7,4,4,1,0,0,3,0,0
5,6,1,11,5,2,4,0,4,1,0,0,4,39,0
1,4,1,2,4,4,3,4,4,1,0,0,3,39,0
0,6,2,3,0,2,12,2,4,1,0,0,3,39,0
1,4,2,10,9,4,10,3,4,1,0,0,1,39,0
4,4,1,11,5,2,1,5,4,0,0,0,3,39,0
3,1,0,15,6,2,14,0,2,1,0,0,3,39,0
3,4,1,9,8,2,12,0,4,1,0,0,4,39,0
2,4,1,12,8,4,10,1,4,1,0,0,3,39,0
3,2,1,15,6,4,3,1,4,1,0,0,3,39,0
2,4,0,8,6,4,3,3,4,1,0,0,3,39,0
3,4,1,11,5,2,3,0,4,1,0,0,3,39,1
5,4,0,11,5,0,1,1,4,0,0,0,3,39,0
4,4,2,15,6,0,6,2,2,1,0,0,3,39,0
3,6,0,9,8,2,12,0,4,1,0,0,3,39,1
1,4,1,15,6,2,3,0,4,1,0,0,5,39,0
8,6,1,11,5,2,3,0,4,1,0,0,3,5,0
7,0,1,7,7,6,0,1,4,0,0,0,0,22,0
2,4,0,9,8,2,13,5,4,0,0,0,3,39,1
0,4,1,11,5,4,7,3,4,1,0,0,3,26,0
0,4,0,15,6,5,12,4,4,0,0,0,4,39,0
6,4,0,11,5,2,14,0,4,1,0,0,1,39,0
5,4,1,9,8,0,12,1,4,0,0,3,3,39,0
1,4,0,11,5,4,8,3,4,1,0,0,2,39,0
1,4,0,11,5,0,12,4,4,0,0,0,2,39,0
4,4,0,12,8,2,10,5,4,0,9,0,5,39,1
3,4,1,7,7,0,1,4,4,0,0,0,3,39,0
0,4,0,11,5,4,8,1,4,0,0,0,3,39,0
3,4,1,9,8,3,4,4,4,1,0,0,3,39,0
2,4,2,11,5,2,1,0,4,1,0,0,3,39,0
1,1,0,14,9,4,10,1,2,0,0,0,3,39,0
2,4,0,11,5,2,4,0,4,1,0,0,5,39,0
4,4,0,12,8,0,10,1,4,0,0,0,3,39,0
0,4,1,11,5,4,8,3,4,0,0,0,3,26,0
3,4,1,11,5,0,3,1,4,1,0,5,3,39,0
4,6,1,11,5,2,12,0,4,1,0,0,7,39,1
2,2,1,11,5,2,8,0,4,1,0,0,3,39,0
3,4,2,12,8,0,1,1,4,0,0,0,2,39,0
0,2,1,11,5,4,8,4,2,0,0,0,3,39,0
2,4,2,15,6,2,3,0,4,1,0,0,3,39,0
0,4,1,9,8,4,1,3,2,1,0,0,2,39,0
0,0,1,2,4,4,0,1,2,0,0,0,3,39,0
3,1,0,15,6,2,1,0,2,1,0,0,1,39,0
5,4,0,15,6,5,4,4,4,0,0,0,0,39,0
4,6,1,11,5,2,7,5,4,0,0,0,1,39,1
2,4,0,15,6,5,4,1,4,1,0,0,6,39,1
4,6,1,6,2,2,3,0,4,1,0,0,1,39,0
1,4,1,7,7,4,1,3,4,0,0,0,3,39,0
1,2,0,0,3,4,14,2,4,1,0,3,3,39,0
3,4,0,11,5,2,12,0,4,1,0,0,6,39,1
1,0,1,15,6,2,0,5,4,0,0,0,3,39,1
0,4,1,15,6,4,6,3,2,1,0,0,3,39,0
3,0,1,1,4,2,0,0,4,1,0,0,2,7,0
0,4,1,11,5,4,3,3,4,1,0,0,3,39,0
1,4,0,0,3,4,8,1,4,1,0,0,3,39,0
2,6,0,9,8,4,12,1,4,1,0,0,6,39,0
4,0,1,11,5,3,0,1,4,1,0,0,1,39,1
6,4,0,15,6,0,9,2,4,0,0,0,2,39,0
0,4,1,11,5,4,1,3,4,1,0,0,3,39,0
1,4,1,15,6,2,3,0,4,1,0,0,3,39,1
4,4,1,11,5,2,4,5,4,0,0,0,2,39,1
0,4,1,15,6,4,6,3,4,0,0,0,0,39,0
0,0,0,15,6,4,0,1,4,0,0,0,1,39,0
5,2,1,11,5,2,14,0,4,1,0,0,3,39,0
4,4,1,11,5,2,14,0,4,1,0,0,5,39,1
4,4,1,0,3,0,8,4,4,0,0,0,2,39,0
5,2,1,9,8,2,4,0,4,1,0,0,3,39,0
1,4,2,11,5,1,1,0,4,1,0,0,6,39,0
3,7,2,11,5,0,11,1,4,1,0,0,3,39,1
6,0,0,11,5,6,0,1,4,0,0,0,1,39,0
5,4,1,11,5,0,11,1,4,1,0,0,3,39,0
2,4,0,9,8,2,10,0,4,1,0,0,5,39,0
2,4,2,11,5,2,4,0,4,1,0,0,3,39,1
2,4,1,8,6,2,7,0,4,1,0,0,3,39,1
2,4,1,15,6,2,7,0,4,1,0,0,4,39,1
4,4,0,15,6,2,4,0,4,1,0,0,5,39,0
0,4,0,15,6,4,8,1,4,0,0,0,2,39,0
3,4,1,11,5,2,1,5,4,0,0,0,3,39,1
6,0,1,11,5,2,0,0,0,1,0,0,3,39,0
2,4,1,0,3,2,3,0,4,1,0,0,3,39,0
3,4,0,9,8,2,12,0,4,1,0,0,5,39,1
3,4,0,9,8,2,6,5,4,0,0,0,3,31,1
1,4,0,15,6,2,6,0,4,1,0,0,6,39,0
0,4,1,1,4,2,7,0,4,1,0,0,7,39,1
4,0,0,11,5,0,0,4,2,0,0,0,3,39,0
4,7,0,9,8,0,1,4,4,0,0,0,3,39,0
2,4,1,9,8,4,12,1,4,1,0,0,6,39,1
0,4,0,7,7,4,4,1,4,0,0,0,5,39,0
0,4,1,11,5,4,8,3,4,1,0,0,1,39,0
2,0,0,9,8,2,0,0,4,1,0,0,2,39,0
5,5,1,12,8,6,12,1,4,0,0,0,3,39,0
1,5,1,11,5,4,12,1,4,1,0,0,5,39,0
2,4,1,14,9,2,10,0,4,1,0,0,4,39,1
1,6,2,11,5,4,3,4,4,1,0,0,5,39,1
3,4,1,11,5,6,8,2,1,0,0,0,5,35,0
0,4,1,11,5,2,7,0,2,1,0,0,3,39,0
2,4,2,12,8,4,4,4,4,1,0,0,3,39,0
2,6,0,12,8,2,4,0,4,1,0,0,7,39,1
3,6,0,9,8,1,10,0,4,1,0,0,5,39,1
8,4,1,9,8,2,12,0,4,1,0,0,3,39,0
2,7,1,11,5,2,3,0,4,1,0,3,3,39,0
5,4,0,14,9,2,3,0,1,1,0,4,3,30,1
3,4,1,11,5,2,7,0,4,1,0,0,3,13,0
5,4,1,3,0,2,14,0,4,1,0,0,5,39,0
0,4,1,15,6,4,1,1,4,0,0,0,0,39,0
3,1,1,9,8,4,4,1,4,0,0,0,3,39,0
1,4,0,11,5,4,1,3,4,1,0,0,3,39,0
0,4,0,11,5,4,1,3,4,1,0,0,1,39,0
6,4,0,8,6,2,4,5,4,0,0,0,4,39,1
3,2,0,15,6,4,11,1,4,1,0,5,3,39,1
4,4,0,6,2,2,6,0,4,1,0,0,3,39,0
5,4,0,9,8,0,12,1,4,1,0,0,5,39,1
3,4,0,12,8,2,10,0,4,1,0,4,5,39,1
3,4,0,8,6,4,1,1,4,0,0,0,3,39,0
3,4,0,1,4,2,6,0,4,1,0,0,3,39,1
4,4,2,14,9,2,10,0,4,1,0,0,5,39,1
6,4,1,11,5,2,1,0,4,1,0,0,3,39,1
0,4,1,2,4,4,6,3,4,1,0,0,1,39,0
4,4,0,12,8,2,10,0,1,1,0,0,3,19,1
3,4,1,15,6,0,1,3,4,0,0,0,3,39,0
5,4,0,11,5,4,3,1,2,1,0,0,6,39,0
2,4,0,4,1,4,8,1,4,1,0,0,3,39,0
6,6,1,14,9,2,10,0,4,1,0,0,1,39,0
5,4,1,11,5,6,1,2,4,0,0,0,3,39,0
4,4,0,11,5,5,7,1,4,1,0,4,3,39,0
0,4,0,11,5,4,13,3,4,1,0,0,3,39,0
4,1,0,9,8,0,10,4,2,0,0,0,3,39,0
5,4,1,11,5,2,14,0,4,1,0,0,6,39,0
5,6,0,11,5,0,3,1,4,1,0,0,5,39,1
6,0,0,10,9,2,0,0,4,1,0,0,2,39,1
1,4,1,11,5,4,8,1,4,0,0,0,3,39,0
5,4,0,9,8,2,4,0,4,1,0,0,5,39,1
2,0,1,8,6,2,0,3,4,0,0,0,5,39,1
2,4,1,11,5,2,7,0,2,1,0,0,3,39,1
5,4,2,12,8,2,10,5,4,0,0,0,3,39,1
0,4,0,11,5,4,12,3,4,0,0,0,3,39,0
2,4,0,11,5,5,14,1,1,1,0,0,3,39,0
1,4,0,0,3,4,8,3,2,0,0,0,3,39,0
0,0,0,11,5,2,0,5,4,0,0,0,3,39,0
4,4,1,5,2,2,6,0,4,1,0,0,3,39,0
3,4,0,11,5,4,13,1,4,1,0,0,6,9,0
0,4,1,11,5,2,6,0,4,1,0,0,3,39,0
3,4,1,9,8,4,10,3,4,1,0,0,6,39,0
2,2,1,8,6,2,13,0,4,1,0,0,5,39,0
2,4,1,11,5,0,10,4,4,0,0,0,2,39,0
1,4,0,15,6,4,13,3,4,0,0,0,3,39,0
5,6,0,9,8,2,5,0,4,1,0,0,2,39,0
0,4,0,6,2,4,7,3,4,1,0,0,1,39,0
0,0,1,11,5,4,0,4,4,0,0,0,1,39,0
2,4,0,11,5,2,3,0,4,1,0,0,5,39,0
4,4,1,5,2,2,8,5,4,0,0,0,3,0,0
0,4,1,2,4,4,8,3,4,0,0,0,2,39,0
5,4,0,11,5,2,14,0,4,1,0,0,4,39,1
2,4,1,9,8,5,12,1,4,1,0,6,5,39,1
5,7,1,8,6,2,11,0,4,1,0,0,3,39,0
3,4,1,9,8,4,4,1,4,0,0,0,3,39,0
3,4,0,15,6,0,3,1,4,1,0,0,3,39,1
2,4,2,9,8,2,1,5,2,0,0,0,2,39,0
0,4,2,11,5,4,8,1,4,0,0,0,3,39,0
3,6,0,9,8,2,5,0,4,1,0,3,7,39,1
1,4,1,11,5,2,8,0,4,1,0,0,3,39,0
5,6,0,9,8,2,10,5,4,0,0,0,0,39,0
3,4,1,9,8,3,3,1,4,1,0,3,5,0,1
1,2,1,11,5,2,11,0,4,1,0,0,4,39,1
4,4,0,8,6,2,14,0,4,1,0,0,5,39,1
3,4,0,11,5,0,8,4,4,0,0,0,2,39,0
4,6,1,11,5,0,3,1,4,1,0,0,3,39,0
2,4,1,11,5,0,14,1,4,1,0,0,4,39,0
0,4,0,15,6,4,12,3,4,0,0,0,3,39,0
4,2,0,11,5,2,8,0,2,1,0,0,3,39,0
0,0,0,11,5,4,0,3,1,0,0,3,3,39,0
3,4,0,12,8,2,10,0,4,1,0,0,3,39,1
4,4,0,3,0,5,10,4,2,0,0,0,3,39,0
1,4,1,15,6,4,14,1,4,1,1,0,5,39,1
3,1,2,11,5,4,6,1,4,1,0,0,3,39,0
1,1,1,14,9,2,10,0,4,1,0,0,8,39,0
2,4,1,15,6,2,10,0,4,1,0,0,5,39,1
2,4,0,9,8,4,4,1,4,0,0,0,4,39,0
2,4,1,8,6,0,8,1,4,0,0,0,2,39,0
0,4,1,11,5,4,6,1,4,1,0,0,3,39,0
3,6,0,8,6,2,14,0,4,1,0,0,8,39,1
5,4,0,11,5,2,7,0,4,1,0,0,3,39,0
4,4,1,11,5,0,3,1,4,1,0,0,5,39,0
1,4,1,9,8,4,4,1,4,1,0,0,5,39,0
3,4,1,9,8,0,4,1,4,1,0,0,3,39,0
0,4,0,11,5,4,8,3,4,1,0,0,5,39,0
1,4,0,15,6,2,12,5,4,0,0,0,3,39,0
3,5,0,9,8,4,10,1,4,0,0,0,4,39,0
1,4,1,11,5,2,7,0,4,1,0,0,3,39,0
1,4,1,15,6,2,1,0,4,1,0,0,3,39,1
0,7,0,12,8,3,10,1,1,0,0,0,0,3,0
4,4,1,11,5,4,7,4,0,1,0,0,5,33,0
1,6,1,0,3,0,3,1,4,1,0,0,8,39,0
3,4,1,9,8,0,1,1,2,1,0,0,6,39,0
2,4,0,8,6,2,4,5,4,0,0,0,5,39,1
4,4,0,11,5,0,1,1,4,0,0,0,3,39,0
1,0,1,5,2,4,0,1,4,0,0,0,3,26,0
7,4,1,9,8,0,13,3,4,0,0,0,1,39,0
3,2,0,11,5,0,1,4,4,0,0,0,2,39,0
0,4,0,15,6,4,1,3,4,0,0,0,2,0,0
2,4,1,15,6,5,8,4,4,0,0,0,3,8,0
2,4,1,11,5,2,10,0,4,1,0,0,3,39,1
0,4,0,15,6,4,6,3,4,1,0,0,5,39,0
3,4,0,11,5,4,6,3,4,1,0,0,3,31,0
1,4,1,11,5,4,8,1,2,0,0,0,3,39,0
4,4,0,11,5,2,4,0,1,1,9,0,3,24,1
1,2,1,12,8,2,10,0,4,1,0,0,3,39,0
0,4,2,15,6,2,14,0,4,1,0,0,4,39,1
5,2,0,15,6,4,10,1,4,0,0,0,5,39,0
2,4,1,9,8,2,10,0,4,1,0,4,3,39,1
4,4,0,12,8,0,4,1,4,1,9,0,5,39,1
1,4,1,11,5,0,6,3,4,1,0,0,3,39,0
2,4,2,15,6,2,1,0,4,1,0,0,3,39,0
3,4,1,15,6,0,10,4,4,0,0,0,3,39,0
1,4,1,0,3,4,7,4,4,0,0,0,3,39,0
0,4,1,11,5,0,6,3,4,1,0,0,3,39,0
4,4,0,9,8,6,9,4,4,0,2,0,3,39,1
3,2,0,9,8,2,10,5,4,0,0,0,5,39,1
2,4,0,9,8,2,12,0,4,1,1,0,5,39,1
1,4,0,8,6,5,3,1,4,1,0,0,3,39,0
3,6,3,11,5,2,10,0,4,1,0,0,6,39,0
1,4,1,11,5,2,12,0,4,1,0,0,3,26,0
6,7,1,9,8,2,4,0,4,1,0,0,3,39,0
4,4,1,12,8,0,12,1,4,1,0,0,4,39,1
0,4,1,15,6,4,1,3,2,0,0,0,3,39,0
2,2,0,9,8,5,10,1,4,1,0,0,3,39,0
1,4,0,11,5,0,14,1,4,1,0,0,3,39,0
2,4,0,11,5,2,6,0,4,1,0,0,3,39,0
5,7,0,11,5,2,11,0,0,1,0,0,3,39,1
4,2,1,11,5,2,6,0,4,1,0,0,3,39,0
1,7,2,15,6,0,11,1,4,1,0,0,3,39,1
4,4,0,11,5,2,14,0,4,1,0,0,6,39,1
4,6,0,9,8,2,4,0,4,1,0,0,2,39,0
5,4,0,12,8,0,1,1,4,0,0,4,4,39,0
2,4,0,14,9,2,4,0,1,1,0,0,6,24,1
1,4,1,9,8,0,4,1,4,1,0,0,4,39,0
1,4,1,11,5,4,8,4,2,0,0,0,3,39,0
2,4,0,11,5,4,7,3,2,0,0,3,1,39,0
3,4,1,11,5,2,4,5,4,0,0,0,3,39,1
3,7,1,11,5,2,11,0,4,1,0,0,3,39,0
3,4,1,9,8,2,8,0,1,1,0,0,7,30,1
1,4,0,11,5,2,6,0,4,1,0,0,3,39,1
2,4,1,9,8,2,10,0,4,1,0,0,3,20,1
5,4,1,11,5,2,12,0,4,1,0,0,3,39,1
0,4,1,1,4,4,12,3,3,0,0,0,3,27,0
3,4,0,7,7,0,12,4,4,1,0,0,3,39,0
3,4,0,8,6,2,3,0,4,1,0,0,3,39,0
1,7,1,11,5,2,3,0,4,1,0,0,3,39,1
1,4,1,15,6,4,6,1,2,1,0,0,5,39,0
5,4,1,11,5,0,14,1,4,1,0,0,3,39,0
5,1,2,15,6,2,4,0,4,1,0,0,3,39,1
6,0,2,11,5,2,0,0,4,1,0,0,1,39,0
2,4,1,0,3,6,14,4,2,1,0,0,3,39,0
5,4,1,11,5,2,13,5,4,0,0,0,3,39,1
3,2,2,7,7,2,4,0,2,1,0,0,5,39,1
2,4,1,9,8,2,4,0,4,1,0,0,5,39,1
4,4,1,9,8,2,4,0,1,1,0,0,3,30,1
3,4,2,15,6,2,1,5,2,0,0,0,3,39,1
5,4,0,11,5,0,8,4,4,0,0,0,3,39,0
0,4,1,15,6,4,12,3,2,0,0,0,2,39,0
2,4,0,8,6,2,7,0,4,1,0,0,3,39,0
4,6,1,9,8,4,3,1,4,0,0,0,3,39,0
7,4,1,11,5,2,8,0,4,1,0,0,2,39,0
1,0,0,1,4,4,0,1,4,1,0,0,2,39,0
2,4,0,15,6,4,8,1,4,0,0,0,2,39,0
3,4,1,11,5,0,12,1,4,1,0,0,5,39,0
2,6,1,15,6,4,3,1,4,1,0,0,3,39,0
1,4,1,9,8,4,10,1,4,0,0,0,3,39,0
1,4,1,9,8,2,4,0,2,1,0,0,4,39,1
3,4,2,11,5,0,4,4,4,0,0,1,5,39,0
2,1,2,8,6,0,3,4,2,0,0,0,3,39,1
5,4,0,11,5,2,14,0,4,1,0,0,5,39,0
3,4,1,15,6,0,10,4,4,1,0,0,4,39,0
0,4,1,15,6,4,7,3,4,1,0,0,3,39,0
3,4,1,11,5,2,3,0,4,1,0,0,5,39,1
0,4,0,2,4,4,6,3,4,1,0,0,3,39,0
2,2,1,8,6,2,11,0,4,1,0,0,5,39,1
1,4,0,9,8,2,10,0,4,1,0,0,3,39,1
0,4,1,1,4,4,12,3,4,1,0,0,3,39,0
2,5,0,9,8,4,10,1,3,1,0,0,6,39,0
0,4,0,15,6,4,12,1,4,1,0,0,3,39,0
3,4,0,11,5,0,1,4,4,0,0,0,4,9,0
0,4,1,15,6,4,10,1,4,1,0,0,1,39,0
6,0,0,0,3,0,0,1,4,0,0,0,3,39,0
4,4,0,11,5,5,6,4,4,0,0,0,3,39,0
2,1,1,11,5,0,1,4,4,0,0,0,3,39,0
1,5,0,2,4,2,12,0,3,1,0,0,9,6,0
1,4,0,12,8,2,10,0,4,1,0,0,3,39,0
2,4,0,12,8,2,10,0,4,1,0,0,4,39,1
0,4,1,8,6,4,13,1,4,1,0,0,4,39,0
1,4,1,15,6,0,6,1,4,1,0,0,4,39,0
5,1,1,11,5,2,3,0,4,1,0,0,3,39,1
2,4,0,11,5,2,4,5,4,0,0,0,3,39,0
1,4,2,11,5,4,3,1,4,1,0,0,5,39,0
1,2,2,15,6,2,11,0,4,1,1,0,5,39,1
4,4,1,15,6,0,12,4,4,1,0,0,5,39,0
5,4,0,5,2,0,8,1,4,1,0,0,3,39,0
1,4,2,11,5,4,8,4,4,0,0,0,3,26,0
6,4,2,8,6,2,14,0,4,1,0,0,1,39,0
1,4,0,9,8,4,12,1,4,0,0,0,6,39,1
5,7,1,11,5,2,12,0,4,1,0,0,3,39,0
4,6,0,14,9,2,10,0,4,1,0,0,3,39,1
4,4,1,5,2,0,3,1,4,1,0,0,3,39,0
0,4,1,11,5,4,7,3,4,1,0,0,3,39,0
2,5,1,9,8,2,3,0,4,1,1,0,5,39,1
2,6,1,6,2,2,3,0,4,1,0,0,5,39,0
1,2,1,9,8,4,11,3,4,1,0,0,3,39,0
5,6,1,9,8,6,10,1,4,0,0,0,5,39,1
2,2,1,9,8,2,4,0,4,1,0,0,3,39,1
0,4,0,15,6,0,3,3,4,1,0,0,3,39,0
4,4,0,11,5,2,3,0,4,1,0,0,6,39,1
6,4,0,11,5,6,8,1,4,0,0,0,3,39,0
4,5,1,15,6,2,3,0,4,1,0,0,4,39,1
2,4,1,9,8,4,12,1,4,1,0,0,3,39,0
3,6,2,15,6,2,3,0,4,1,0,4,5,39,1
0,4,3,15,6,4,12,2,2,0,0,0,3,39,0
5,6,0,15,6,2,4,0,4,1,0,0,3,39,0
3,4,0,15,6,2,1,5,4,0,0,0,3,39,0
1,4,1,11,5,2,4,0,4,1,0,0,3,39,1
2,7,0,10,9,2,10,5,4,0,0,0,3,0,1
1,4,0,9,8,2,12,5,4,0,0,0,5,39,0
1,4,0,11,5,4,7,2,4,1,0,0,0,39,0
2,4,1,5,2,2,7,0,4,1,0,0,3,39,0
3,6,0,9,8,2,5,0,4,1,0,0,7,39,1
1,4,4,9,8,4,10,1,4,0,0,0,6,39,0
1,4,0,11,5,2,3,0,4,1,0,0,8,39,1
5,4,2,11,5,2,7,0,4,1,0,0,3,39,1
1,4,0,11,5,2,7,5,1,0,0,0,3,25,0
2,4,1,11,5,4,12,3,4,0,0,0,3,39,0
2,4,0,11,5,4,6,1,4,1,0,0,3,39,0
1,0,1,12,8,2,0,0,4,1,0,0,4,39,1
0,0,1,11,5,2,0,0,4,1,0,0,3,39,0
1,4,0,9,8,4,10,3,1,0,0,0,3,39,0
3,7,0,9,8,4,10,1,4,1,0,0,3,39,0
2,4,1,14,9,2,10,0,4,1,0,0,6,0,1
0,4,0,15,6,4,1,2,2,1,0,0,2,39,0
0,4,1,15,6,4,1,1,3,0,0,0,3,39,0
2,4,1,15,6,4,4,1,4,1,0,0,3,39,0
6,6,0,14,9,2,10,0,4,1,0,0,5,9,1
0,4,0,15,6,4,12,3,4,1,0,0,4,39,0
4,2,1,9,8,2,10,0,4,1,0,0,3,39,1
0,4,1,15,6,4,8,3,4,1,0,0,1,39,0
1,4,2,11,5,4,1,1,4,0,0,0,4,39,0
3,4,1,11,5,2,14,0,4,1,1,0,4,39,1
3,4,1,12,8,4,10,1,4,0,0,3,3,39,0
3,4,0,15,6,2,8,5,2,0,0,0,2,39,0
6,6,0,15,6,2,4,0,4,1,0,4,0,39,1
0,4,0,15,6,4,12,1,4,1,0,0,3,39,0
7,0,0,11,5,0,0,1,4,0,0,0,3,39,0
2,4,2,6,2,5,8,4,4,0,0,0,2,26,0
5,6,0,9,8,2,5,0,4,1,0,0,5,39,0
5,4,0,11,5,0,3,1,4,1,0,0,3,39,0
2,4,1,8,6,2,3,0,4,1,0,0,4,39,1
6,4,0,2,4,6,7,4,4,0,0,0,3,22,0
1,4,1,9,8,4,1,1,4,1,0,0,3,31,0
1,4,1,11,5,2,5,0,4,1,0,0,5,39,0
3,1,0,12,8,2,10,0,1,1,0,4,3,35,1
5,4,0,15,6,2,13,0,4,1,0,0,5,2,1
4,4,0,7,7,2,4,0,4,1,0,0,5,39,1
3,0,0,12,8,2,0,5,1,0,0,0,3,0,0
5,4,1,11,5,2,7,0,4,1,0,0,3,39,0
4,4,1,11,5,2,14,0,4,1,0,0,3,39,1
1,4,0,9,8,4,4,3,4,1,0,0,3,39,0
2,4,0,14,9,4,10,1,4,1,0,0,3,39,0
3,2,1,15,6,2,11,0,4,1,0,0,3,39,1
4,4,0,11,5,2,1,5,4,0,0,0,3,39,1
5,4,1,11,5,2,8,0,4,1,0,0,2,39,0
4,4,1,1,4,0,8,4,2,0,0,0,3,39,0
2,4,1,12,8,2,4,0,4,1,0,0,3,39,1
1,4,1,12,8,4,10,3,4,0,0,0,3,39,0
2,4,2,9,8,2,4,0,4,1,0,0,4,39,1
1,4,0,1,4,2,3,0,4,1,0,0,3,39,0
3,4,0,15,6,0,6,1,4,1,0,0,5,39,1
4,4,1,11,5,4,3,1,4,1,0,0,3,39,0
2,4,0,1,4,0,7,4,2,0,0,0,5,39,0
0,4,2,11,5,4,6,3,4,1,0,0,3,39,0
3,6,1,11,5,2,3,0,4,1,0,0,6,39,0
5,5,0,15,6,2,12,0,4,1,0,0,3,39,1
1,4,1,5,2,4,7,3,4,1,0,0,4,39,0
1,0,1,1,4,4,0,4,4,0,0,0,3,39,0
6,4,1,11,5,2,3,0,4,1,0,0,3,12,0
3,7,2,8,6,2,4,0,4,1,0,0,3,39,0
5,4,0,7,7,2,3,0,4,1,0,3,3,39,0
2,1,0,9,8,2,1,0,1,1,0,0,3,30,1
3,2,1,11,5,0,4,3,4,1,0,0,4,39,0
3,7,0,15,6,2,11,0,4,1,0,0,3,39,0
2,4,0,12,8,2,4,0,1,1,0,0,3,36,1
4,6,0,9,8,2,4,0,4,1,0,0,3,22,1
1,4,1,15,6,4,5,2,2,1,0,0,7,39,0
4,4,1,15,6,2,4,0,4,1,0,0,3,39,1
3,4,1,0,3,2,4,0,4,1,0,0,3,39,1
4,2,2,11,5,2,3,0,4,1,0,0,3,39,1
1,7,1,11,5,5,1,1,4,0,0,0,3,39,0
2,4,1,8,6,4,4,1,2,0,0,0,3,9,0
1,4,1,11,5,2,1,5,4,0,0,0,3,39,0
0,4,0,11,5,4,14,3,4,1,0,0,3,39,0
0,4,1,15,6,4,14,3,4,0,0,0,3,39,0
3,4,1,15,6,2,12,0,4,1,0,3,5,39,0
0,4,0,11,5,4,8,3,4,1,0,0,2,39,0
4,4,2,11,5,0,8,4,2,1,0,0,0,39,0
1,4,2,11,5,4,6,1,4,1,0,0,3,39,0
0,4,1,9,8,4,8,3,4,1,0,0,3,39,0
4,4,1,11,5,0,7,2,3,0,0,0,3,7,0
2,4,1,11,5,2,8,0,4,1,0,0,3,39,0
0,5,1,8,6,4,3,1,4,1,0,0,5,39,0
0,1,1,11,5,4,1,2,4,1,0,0,3,39,0
9,6,1,14,9,2,4,0,4,1,0,0,3,39,0
3,4,2,11,5,0,3,4,4,1,0,0,3,39,0
0,0,1,15,6,4,0,3,4,0,0,0,3,39,0
7,4,1,11,5,6,12,4,4,0,0,0,1,39,0
4,4,1,11,5,2,8,0,4,1,0,0,5,39,0
3,4,0,15,6,2,14,0,4,1,0,0,4,39,0
0,4,1,2,4,4,8,3,4,1,0,0,3,39,0
3,7,0,12,8,2,10,0,4,1,0,0,7,39,1
2,4,2,11,5,0,3,1,4,1,0,0,2,39,0
0,4,1,15,6,4,5,4,4,1,0,0,4,39,0
0,4,1,9,8,2,1,2,4,0,0,0,3,39,0
5,4,5,11,5,2,3,0,4,1,0,4,3,39,0
1,4,0,15,6,0,10,1,4,0,0,0,3,39,0
1,4,2,9,8,4,1,3,4,0,0,0,3,39,0
2,4,2,9,8,5,4,1,2,0,0,0,4,39,0
0,4,1,15,6,4,12,3,2,0,0,0,1,39,0
2,2,1,15,6,2,11,0,4,1,0,0,5,39,1
2,4,1,8,6,4,1,3,4,0,0,0,3,39,0
0,0,4,0,3,4,0,3,4,0,0,0,1,39,0
4,4,1,11,5,2,1,0,4,1,0,0,3,39,1
1,4,0,1,4,4,1,1,4,1,0,0,3,39,0
1,4,2,15,6,4,11,3,4,1,0,0,4,39,0
1,4,2,1,4,2,3,0,4,1,0,0,3,39,0
3,4,0,15,6,0,3,1,4,0,0,0,5,39,0
0,4,0,1,4,4,8,3,4,1,0,0,3,39,0
1,7,1,9,8,4,10,1,2,1,0,0,3,39,0
1,4,1,15,6,4,3,3,4,1,0,0,4,39,0
0,4,1,1,4,4,8,3,4,0,0,0,2,39,0
4,4,1,15,6,4,1,1,4,0,0,0,3,39,1
0,0,0,15,6,4,0,3,4,0,0,0,3,39,0
3,4,0,11,5,4,14,1,4,1,0,0,3,31,0
1,6,1,11,5,0,3,1,4,1,0,0,3,39,0
5,4,0,9,8,2,4,0,1,1,1,0,6,35,1
0,4,0,11,5,4,8,1,4,0,0,0,2,39,0
1,4,0,9,8,2,13,0,4,1,0,0,5,39,0
4,4,0,11,5,4,3,1,3,0,0,0,3,0,0
2,5,1,7,7,5,4,1,4,1,0,0,5,39,0
4,4,0,15,6,2,3,0,4,1,0,0,4,39,1
0,6,0,8,6,4,5,1,0,1,0,0,7,39,0
3,5,0,9,8,2,5,0,4,1,0,0,3,39,1
6,6,0,15,6,4,10,1,4,0,0,0,3,39,0
4,7,0,12,8,2,10,0,4,1,0,0,4,39,1
3,7,0,12,8,2,10,0,4,1,0,0,5,39,1
4,1,1,11,5,2,1,0,4,1,0,0,3,39,0
2,4,0,11,5,2,3,0,4,1,0,0,3,39,0
4,4,1,11,5,0,3,1,4,1,0,0,5,39,0
2,4,1,11,5,4,3,1,4,1,0,0,4,39,0
3,4,0,15,6,5,14,1,4,1,0,0,3,39,0
3,6,0,15,6,2,5,0,4,1,0,0,7,39,0
5,4,1,11,5,5,8,1,4,0,0,0,1,39,0
3,4,1,8,6,2,3,0,4,1,0,0,3,39,1
1,4,0,9,8,4,4,1,4,1,2,0,6,39,1
3,5,0,9,8,2,12,0,4,1,0,0,6,39,1
0,4,1,11,5,4,6,3,4,1,0,0,4,39,0
5,2,0,11,5,2,14,0,4,1,0,0,7,39,0
2,6,1,11,5,2,12,0,4,1,0,0,4,39,0
5,6,0,12,8,0,10,1,4,0,0,0,2,39,0
4,4,0,12,8,4,10,1,4,0,0,0,3,39,0
7,6,1,5,2,2,5,0,4,1,0,0,5,39,0
4,4,1,11,5,2,11,0,4,1,0,0,3,39,0
1,4,0,15,6,0,3,4,4,0,0,0,3,39,0
2,4,1,7,7,4,7,1,2,0,1,0,5,39,1
0,4,1,15,6,4,8,3,4,0,0,0,1,39,0
4,1,0,11,5,2,4,0,4,1,0,0,3,39,1
3,4,1,9,8,2,10,5,4,0,0,0,1,39,0
0,1,0,11,5,4,1,3,4,1,0,0,3,39,0
1,4,0,15,6,4,8,3,4,0,0,0,3,39,0
3,5,0,9,8,2,12,0,1,1,0,0,5,0,1
3,4,0,9,8,2,10,0,4,1,0,0,3,39,1
2,4,0,15,6,2,3,0,4,1,0,0,4,39,0
4,2,1,15,6,0,1,1,4,0,0,0,4,39,0
2,4,0,11,5,2,14,0,4,1,0,0,6,39,0
1,4,0,11,5,2,3,0,4,1,0,0,3,39,1
2,4,1,11,5,4,3,4,4,1,0,0,3,39,0
5,4,1,11,5,2,6,0,4,1,0,0,3,39,1
7,0,1,11,5,6,0,1,4,0,0,0,0,39,0
3,4,3,6,2,5,6,4,2,0,0,0,5,39,0
2,2,1,9,8,4,10,4,4,1,0,0,3,39,0
4,5,1,11,5,0,4,4,4,0,0,0,3,39,0
4,1,0,12,8,2,1,0,4,1,0,0,3,39,1
3,5,1,14,9,2,10,0,4,1,1,0,3,39,1
3,4,0,11,5,2,6,0,4,1,0,0,3,39,0
4,4,0,6,2,5,8,1,2,0,0,0,2,39,0
6,4,1,11,5,2,1,0,4,1,0,0,2,39,0
0,4,0,11,5,4,6,2,4,0,0,0,2,39,0
1,4,1,7,7,2,4,0,4,1,0,0,3,39,0
0,4,0,1,4,2,12,2,4,0,0,0,5,39,0
0,4,0,2,4,4,8,1,4,0,0,0,2,39,0
0,4,1,1,4,4,9,2,4,0,0,0,3,26,0
1,2,0,9,8,2,11,0,4,1,0,0,6,39,0
1,4,3,11,5,2,3,0,4,1,0,0,3,39,0
3,4,0,11,5,0,8,1,4,1,0,0,3,39,0
0,4,0,11,5,4,8,3,4,0,0,0,2,39,0
2,4,1,11,5,4,1,1,4,1,0,0,3,39,0
5,5,1,9,8,2,4,0,4,1,0,5,5,39,1
4,4,0,15,6,0,8,4,2,0,0,0,3,39,0
2,6,0,15,6,2,3,0,4,1,0,0,4,39,0
0,4,1,15,6,4,1,1,4,0,0,0,3,39,0
3,6,1,9,8,0,3,3,4,1,0,0,3,39,0
3,4,0,8,6,4,10,1,4,0,0,0,4,39,0
3,4,2,11,5,4,6,3,4,1,0,0,1,39,0
2,4,1,9,8,2,10,0,4,1,0,0,4,39,1
4,4,1,11,5,6,8,4,1,0,0,0,3,19,1
5,4,0,12,8,2,4,0,2,1,0,4,3,39,1
3,4,2,15,6,2,1,5,4,0,0,0,3,39,1
0,4,0,11,5,4,13,3,4,0,0,0,0,39,0
1,5,1,9,8,0,10,1,4,0,0,0,8,39,0
0,4,1,12,8,4,4,3,4,1,0,0,2,39,0
0,4,1,15,6,4,12,3,4,0,0,0,2,39,0
4,4,1,11,5,2,7,0,2,1,0,0,4,39,0
1,4,0,11,5,4,12,1,4,0,0,0,3,39,0
0,0,0,15,6,4,0,3,4,0,0,0,3,39,0
3,4,1,9,8,2,4,5,2,0,0,0,3,0,0
4,4,1,9,8,2,4,0,2,1,0,0,3,39,1
5,4,0,2,4,0,14,2,2,1,0,0,3,39,0
5,4,0,11,5,2,3,0,4,1,0,0,3,39,1
0,4,2,15,6,4,3,3,4,1,0,0,1,39,0
1,4,0,15,6,4,1,1,4,0,0,0,3,39,0
0,4,1,11,5,4,6,1,4,1,0,0,6,39,0
4,4,0,15,6,0,1,1,4,1,0,0,3,39,0
2,4,0,11,5,2,3,0,4,1,0,0,3,39,0
5,4,0,12,8,0,10,1,4,1,0,0,1,39,0
2,6,1,9,8,4,5,1,4,1,0,0,5,26,0
3,4,0,12,8,2,4,0,4,1,0,0,4,39,1
6,4,1,11,5,2,1,0,4,1,0,0,3,39,1
0,4,1,15,6,4,1,3,4,0,0,0,1,39,0
4,4,1,11,5,5,1,4,4,0,0,0,3,39,0
3,4,1,15,6,2,3,0,4,1,0,0,3,39,1
2,4,3,8,6,0,10,3,2,1,0,0,3,39,0
0,4,1,15,6,4,6,3,4,0,0,0,3,39,0
4,2,2,10,9,2,10,0,4,1,0,0,4,39,1
2,4,2,15,6,0,12,1,4,1,0,0,5,39,0
5,6,0,11,5,2,5,0,4,1,0,0,6,39,1
4,5,2,15,6,0,4,1,4,1,0,0,6,39,1
1,6,0,15,6,4,3,1,4,1,0,0,3,39,0
0,4,0,11,5,4,12,3,4,0,0,0,2,39,0
1,4,0,11,5,4,14,4,4,1,0,0,5,39,0
4,6,0,15,6,2,3,0,4,1,0,0,3,39,0
5,4,1,11,5,2,4,0,4,1,0,0,5,39,1
0,4,1,11,5,4,1,1,4,0,0,4,3,39,0
4,4,0,11,5,2,3,0,4,1,0,0,3,39,0
0,4,0,15,6,4,12,4,4,0,0,0,3,39,0
1,4,0,15,6,4,8,1,4,1,0,0,3,39,0
3,4,1,15,6,0,3,2,4,1,0,0,5,39,0
3,2,0,14,9,4,4,1,4,1,0,0,6,39,1
4,2,2,12,8,2,10,5,4,0,0,0,5,39,1
2,4,0,9,8,2,10,0,4,1,0,0,5,39,1
1,4,0,11,5,2,3,0,4,1,0,0,4,39,0
3,4,0,10,9,3,8,1,4,1,2,0,6,0,1
1,4,2,0,3,5,12,4,4,0,0,0,3,39,0
0,7,0,15,6,4,4,3,4,1,0,0,5,39,0
2,4,0,11,5,2,7,0,2,1,0,0,3,39,0
1,4,4,10,9,4,10,1,4,0,0,0,6,11,1
5,4,0,15,6,0,10,1,4,0,0,0,3,39,0
4,4,0,11,5,2,1,0,4,1,0,0,3,39,0
5,4,0,11,5,2,3,0,4,1,0,0,4,39,0
0,4,1,15,6,4,8,3,4,0,0,0,2,39,0
2,4,1,9,8,0,1,1,4,0,0,0,4,39,0
1,4,2,9,8,4,12,1,4,1,0,0,3,39,0
1,4,0,15,6,4,4,1,4,0,0,0,6,39,0
3,2,2,12,8,2,10,5,4,0,0,0,4,39,1
4,4,0,11,5,4,7,3,4,0,0,0,3,39,0
1,4,0,11,5,5,6,4,4,0,0,0,3,24,0
3,4,1,15,6,2,7,0,4,1,0,5,3,39,0
2,2,1,15,6,2,13,0,4,1,0,0,4,39,1
2,2,1,11,5,0,1,4,4,0,0,0,3,39,0
3,4,0,12,8,4,4,1,4,0,1,0,5,39,1
2,4,1,1,4,2,6,0,4,1,0,0,3,4,0
1,4,1,12,8,2,4,0,4,1,0,0,3,39,1
2,4,0,8,6,2,8,0,4,1,0,0,3,33,0
1,4,3,15,6,2,10,0,4,1,0,0,3,39,0
0,0,1,1,4,4,0,3,4,0,0,0,0,39,0
3,4,1,11,5,0,3,2,4,1,0,0,3,39,0
2,4,0,11,5,2,12,0,4,1,0,0,4,39,0
1,4,1,15,6,4,12,1,1,0,0,0,5,39,0
6,8,0,5,2,6,5,4,4,0,0,0,5,39,0
2,7,1,14,9,0,10,3,1,0,0,0,3,30,0
1,2,1,8,6,4,11,1,4,1,0,0,5,39,0
0,4,2,11,5,4,14,3,4,1,0,0,3,39,0
5,4,1,11,5,0,12,1,4,0,0,0,2,39,0
5,1,0,15,6,2,13,0,1,1,0,3,3,39,1
0,4,1,15,6,4,8,4,4,0,0,0,4,8,0
1,4,2,11,5,4,1,2,2,1,0,0,3,0,0
2,4,1,15,6,2,3,0,1,1,0,0,3,30,0
5,4,1,5,2,2,7,0,4,1,0,0,4,39,0
1,4,0,11,5,2,7,0,4,1,0,0,3,39,0
2,4,2,11,5,2,14,0,4,1,0,0,3,39,0
7,4,1,0,3,5,7,1,4,0,0,0,2,29,0
0,4,1,11,5,4,12,3,4,1,0,0,5,39,0
6,4,2,5,2,2,5,0,4,1,0,0,3,39,1
2,4,0,11,5,0,3,1,4,1,0,0,3,0,0
3,4,0,5,2,2,10,5,4,0,0,0,4,39,0
1,4,1,11,5,2,3,0,4,1,0,0,3,39,0
3,2,0,15,6,2,14,0,4,1,0,0,3,39,0
3,1,0,15,6,2,4,0,4,1,0,0,5,39,1
5,4,2,12,8,2,4,0,4,1,0,0,4,39,1
0,0,0,11,5,4,0,3,4,1,0,0,2,39,0
0,4,1,11,5,2,8,0,4,1,0,0,5,39,0
3,4,2,15,6,4,7,1,4,1,0,0,3,39,0
4,4,1,1,4,6,8,3,4,0,0,0,4,39,0
4,4,1,8,6,2,13,0,4,1,0,0,3,39,1
2,4,1,11,5,4,1,1,4,0,0,0,3,39,0
2,4,0,15,6,0,4,1,4,1,0,0,5,39,0
5,7,0,12,8,2,10,0,4,1,0,0,4,39,1
1,4,0,11,5,0,8,1,4,0,0,0,2,39,0
4,4,0,15,6,4,3,1,2,0,0,0,3,39,0
4,2,2,12,8,2,10,5,4,0,0,0,3,39,1
4,4,1,15,6,2,3,0,4,1,0,0,4,39,1
2,4,1,11,5,0,14,3,4,0,0,0,3,39,0
0,4,1,15,6,4,8,1,4,0,0,0,3,39,0
5,4,0,15,6,2,12,0,4,1,0,0,3,39,1
4,7,0,12,8,0,10,4,4,0,0,0,3,39,0
1,2,0,11,5,4,1,1,4,0,0,0,3,39,0
2,4,1,8,6,0,10,1,4,1,0,0,3,39,0
3,4,0,11,5,2,1,0,4,1,0,0,4,39,0
1,4,0,0,3,2,5,5,0,0,0,0,3,39,0
3,4,0,15,6,2,10,5,4,0,0,0,3,39,1
0,4,1,15,6,4,1,3,4,1,0,0,2,39,0
5,1,2,15,6,2,10,0,4,1,0,0,3,39,1
4,4,2,15,6,5,12,4,2,0,0,0,3,39,0
5,4,1,8,6,2,11,0,2,1,1,0,3,23,1
1,4,0,9,8,4,3,3,4,1,0,0,3,39,1
1,0,0,11,5,3,0,1,4,1,0,0,3,39,0
0,4,0,11,5,4,7,4,4,0,0,0,3,39,0
0,4,1,11,5,4,1,4,2,0,0,0,3,39,0
0,4,0,11,5,4,1,3,4,0,0,0,1,39,0
4,4,0,6,2,4,8,4,2,0,0,0,3,39,0
2,4,0,9,8,2,4,0,4,1,0,0,5,39,1
2,6,1,8,6,2,5,0,4,1,0,0,9,39,0
3,4,2,9,8,4,10,1,4,1,0,0,3,39,1
0,4,0,9,8,4,13,1,4,0,0,0,3,39,0
4,1,0,15,6,2,11,0,1,1,0,0,7,0,0
1,4,1,15,6,2,14,0,4,1,0,0,3,39,0
0,4,1,1,4,4,8,1,4,1,0,0,3,39,0
3,6,2,9,8,4,12,1,4,1,1,0,4,39,1
5,7,1,12,8,0,10,1,4,1,0,3,3,39,0
3,6,0,11,5,2,5,0,1,1,0,0,4,24,0
1,4,0,11,5,4,5,4,4,1,0,0,3,39,0
3,5,1,12,8,2,12,0,4,1,0,4,6,39,1
2,2,1,15,6,2,3,0,4,1,0,3,3,39,0
0,6,1,15,6,4,10,3,4,0,0,0,0,39,0
4,2,1,15,6,2,8,0,4,1,0,0,3,39,0
4,4,0,11,5,2,7,0,4,1,0,0,3,39,1
3,4,1,12,8,2,4,0,1,1,0,0,3,19,1
0,4,3,2,4,4,9,3,4,1,0,0,2,39,0
0,4,1,8,6,4,10,3,4,0,0,0,3,39,0
6,4,1,11,5,2,3,0,4,1,0,0,3,39,0
3,4,1,14,9,2,10,0,4,1,0,0,3,39,1
2,2,0,15,6,4,11,1,4,0,0,0,3,39,0
3,4,0,15,6,0,1,4,4,0,0,0,4,39,0
0,4,0,11,5,2,3,0,4,1,0,0,5,39,0
2,4,1,15,6,0,6,3,4,1,0,3,3,39,0
2,4,1,11,5,0,1,4,4,0,0,0,3,39,0
2,1,1,4,1,4,3,1,4,1,0,0,3,26,0
1,1,0,9,8,4,4,1,2,0,0,0,3,39,0
2,1,1,15,6,2,6,0,4,1,0,0,5,39,0
2,4,1,11,5,2,14,0,4,1,0,0,3,39,0
0,4,0,11,5,4,8,3,4,0,0,0,2,39,0
3,4,0,15,6,0,3,1,4,1,0,0,3,39,0
1,4,0,9,8,4,12,1,4,1,0,0,3,39,0
3,4,0,0,3,2,1,0,4,1,0,0,3,39,0
6,4,1,10,9,0,10,1,4,0,0,0,3,5,0
2,4,1,9,8,2,12,0,4,1,0,0,5,39,1
4,4,0,11,5,3,8,4,4,0,0,0,3,39,0
6,6,1,11,5,6,1,4,4,0,0,0,1,39,0
4,4,1,15,6,2,11,0,2,1,0,0,7,39,1
0,4,1,15,6,4,8,1,1,1,0,0,3,6,0
5,6,0,11,5,0,3,1,2,1,0,0,5,0,0
2,5,1,11,5,2,4,0,4,1,0,0,6,39,0
2,4,0,9,8,2,4,0,4,1,0,0,5,39,1
0,4,0,15,6,4,4,1,4,1,0,0,4,39,0
2,4,1,9,8,4,8,1,4,0,0,0,3,39,0
0,0,0,15,6,4,0,3,4,0,0,0,0,39,0
6,5,1,9,8,2,4,0,4,1,1,0,3,39,1
5,6,1,9,8,0,10,1,4,0,0,0,3,39,0
2,4,1,11,5,5,14,4,2,0,0,0,4,39,0
2,7,1,15,6,0,1,4,2,0,0,0,3,39,0
2,4,1,12,8,2,10,0,4,1,0,0,3,39,1
0,0,1,1,4,4,0,3,4,0,0,0,0,39,0
6,2,1,15,6,0,1,1,2,0,0,0,1,39,0
3,4,1,7,7,2,12,0,4,1,0,0,3,39,0
2,4,0,9,8,2,4,0,4,1,0,0,3,39,1
0,4,2,0,3,4,8,1,4,1,0,0,3,26,0
2,5,1,11,5,2,5,0,4,1,0,4,5,39,1
2,4,0,8,6,2,7,0,4,1,0,0,3,39,0
1,4,1,7,7,2,10,0,4,1,0,0,5,39,0
4,4,1,15,6,6,4,4,4,0,0,0,3,39,0
1,6,0,14,9,4,10,3,4,1,0,0,5,22,1
2,4,0,9,8,2,3,0,4,1,0,0,4,39,1
2,4,0,11,5,4,8,1,2,0,0,0,3,39,0
1,4,0,15,6,2,10,0,4,1,0,0,2,39,1
4,4,2,11,5,2,3,0,4,1,0,0,3,39,0
1,7,2,9,8,4,3,1,4,1,0,0,3,39,0
2,4,0,12,8,4,4,1,4,0,0,0,3,39,0
1,4,0,15,6,2,1,0,4,1,0,0,3,39,0
1,4,1,11,5,4,14,3,4,1,0,0,3,39,0
4,0,0,9,8,2,0,0,4,1,0,0,1,39,0
3,4,1,9,8,2,4,0,4,1,0,0,3,39,1
1,4,1,9,8,4,4,3,4,1,0,0,3,39,0
4,4,0,14,9,2,10,0,4,1,0,4,4,39,1
3,5,2,9,8,2,5,0,4,1,1,0,6,39,1
1,4,0,1,4,2,3,0,4,1,0,0,3,39,0
3,2,0,15,6,2,14,5,4,0,0,0,2,39,0
3,4,0,11,5,4,1,4,2,0,0,0,3,39,0
5,4,1,11,5,0,8,4,2,0,0,0,3,23,0
0,4,1,15,6,4,12,2,4,1,0,0,3,39,0
4,4,0,1,4,2,3,0,4,1,0,0,3,39,0
4,4,1,4,1,2,3,0,3,1,0,0,3,33,1
6,4,1,9,8,2,11,0,4,1,0,0,0,39,1
2,4,1,9,8,2,12,0,4,1,0,0,4,39,0
1,4,2,11,5,4,1,1,4,1,0,0,5,39,0
4,2,0,12,8,2,10,0,4,1,0,0,3,39,1
2,4,0,1,4,2,12,0,4,1,0,0,3,39,0
3,4,0,11,5,2,12,0,4,1,0,0,6,39,1
1,4,0,12,8,2,10,0,1,1,0,0,5,19,1
6,4,1,11,5,4,4,1,4,1,0,0,0,39,0
1,4,0,7,7,4,13,1,4,1,0,0,4,39,0
0,4,1,9,8,4,7,1,4,0,0,0,3,39,0
4,4,0,15,6,5,1,2,2,0,0,0,3,39,0
1,0,1,15,6,0,0,4,4,0,0,0,2,39,0
1,2,0,9,8,4,10,3,4,0,0,0,3,39,0
4,4,0,11,5,2,3,0,4,1,0,0,4,39,1
1,4,1,7,7,2,1,3,4,0,0,0,3,0,0
3,6,0,8,6,0,5,1,4,1,0,0,3,39,0
3,7,2,8,6,2,3,0,4,1,0,0,3,39,0
0,4,1,11,5,4,6,3,4,1,0,0,3,39,0
0,0,0,15,6,4,0,3,4,0,0,0,2,39,0
1,4,1,8,6,0,3,3,4,1,0,0,3,39,0
6,4,0,12,8,2,10,0,4,1,0,0,5,39,1
2,4,0,11,5,2,12,0,4,1,0,0,5,39,0
0,4,2,15,6,4,6,3,4,1,0,0,1,39,0
4,4,1,15,6,2,10,0,4,1,0,0,3,39,0
1,4,1,8,6,0,12,3,4,0,0,0,3,39,0
2,4,1,10,9,2,10,0,1,1,0,0,3,36,1
0,4,2,11,5,4,9,1,4,0,0,0,4,0,0
3,5,1,11,5,0,12,4,4,1,0,0,5,39,0
0,4,1,11,5,4,8,4,4,0,0,0,3,39,0
5,4,0,1,4,2,4,0,4,1,0,0,4,39,0
5,4,1,6,2,2,3,0,4,1,0,0,5,39,0
1,4,1,0,3,4,6,2,4,1,0,0,3,26,0
1,4,1,9,8,2,12,0,4,1,0,0,4,39,1
5,6,0,9,8,2,4,0,4,1,0,0,1,39,1
3,4,2,11,5,0,1,4,4,0,0,0,3,39,0
1,4,1,11,5,4,3,3,2,1,0,0,3,39,0
4,4,1,4,1,3,8,4,4,0,0,0,3,26,0
1,4,1,1,4,4,6,3,4,1,0,0,2,39,0
1,4,0,11,5,4,12,1,4,1,0,0,2,39,0
4,5,0,9,8,0,10,4,4,1,0,0,4,39,0
0,4,0,11,5,2,13,2,4,1,0,0,3,39,0
2,4,0,9,8,2,13,0,4,1,0,0,3,39,1
0,4,0,6,2,4,8,3,4,1,0,0,1,39,0
0,4,1,15,6,4,12,3,4,1,0,0,1,39,0
1,4,0,9,8,4,1,1,4,0,0,0,4,39,0
4,4,1,8,6,2,3,0,4,1,0,0,3,39,0
0,0,0,0,3,4,0,3,4,1,0,0,3,39,0
3,4,1,15,6,6,4,1,4,0,0,0,5,39,0
0,0,1,15,6,4,0,3,4,0,0,0,1,39,0
0,2,0,0,3,4,3,4,2,1,0,0,6,14,0
2,4,2,2,4,4,7,1,2,0,0,0,5,39,0
2,6,2,7,7,4,10,1,4,0,0,0,2,39,0
7,4,0,15,6,4,8,1,4,0,0,0,6,39,0
3,6,0,15,6,2,3,0,4,1,0,0,4,39,0
3,6,0,9,8,2,12,5,1,0,0,0,6,35,0
2,6,3,7,7,0,12,4,2,1,0,0,6,39,0
2,4,1,11,5,0,1,4,4,0,0,0,3,39,0
1,4,1,2,4,2,3,0,4,1,0,0,3,39,1
7,0,0,15,6,2,0,0,4,1,0,0,2,39,1
1,4,1,11,5,4,3,1,4,1,0,4,3,39,0
0,4,1,1,4,4,8,2,4,0,0,0,2,39,0
3,4,1,15,6,2,3,0,4,1,0,0,3,39,0
3,4,2,8,6,2,10,5,4,0,0,0,3,39,0
0,4,2,1,4,4,1,3,4,0,0,0,3,39,0
0,4,0,15,6,4,1,3,4,0,0,0,2,39,0
1,4,0,11,5,2,8,0,4,1,0,0,3,39,0
2,4,0,9,8,2,12,0,4,1,0,0,5,39,1
2,2,1,7,7,4,10,1,4,1,0,0,3,39,0
2,4,1,15,6,2,10,0,4,1,0,0,3,39,1
3,4,0,11,5,2,7,0,4,1,0,0,3,39,1
1,4,1,8,6,4,3,1,4,1,0,0,3,39,0
2,4,0,15,6,5,8,1,2,1,0,0,3,0,0
3,4,0,9,8,2,4,0,4,1,0,0,4,39,1
2,4,1,15,6,5,13,4,4,0,0,0,5,39,0
3,1,0,9,8,0,10,4,4,0,0,0,5,39,1
2,4,1,3,0,2,14,0,4,1,0,0,3,5,0
3,0,1,1,4,2,0,0,4,1,0,0,1,39,0
6,0,1,5,2,0,0,1,4,1,0,0,3,39,0
1,4,1,9,8,2,13,0,4,1,0,0,3,39,1
5,4,1,11,5,6,1,4,4,0,0,0,3,39,0
5,4,1,11,5,2,4,0,4,1,0,0,2,39,1
5,4,1,1,4,0,8,1,2,0,0,0,3,39,0
4,5,0,11,5,2,12,0,1,1,0,0,3,39,1
7,0,0,11,5,6,0,1,4,0,0,0,2,39,1
5,4,0,12,8,2,10,0,4,1,0,0,3,39,1
2,4,0,9,8,0,13,2,4,1,0,0,3,39,0
5,4,2,11,5,2,3,0,4,1,0,0,3,39,0
5,4,0,1,4,0,11,1,4,1,0,0,3,39,0
1,4,1,11,5,4,6,1,4,1,0,0,3,39,0
1,4,1,10,9,0,10,1,4,0,0,0,6,39,1
2,4,0,11,5,2,4,0,4,1,0,0,3,39,0
4,4,1,11,5,2,14,0,4,1,0,0,3,39,0
4,4,0,7,7,0,1,4,4,0,0,0,3,39,0
1,7,1,9,8,2,10,0,4,1,0,0,1,39,0
3,4,1,11,5,2,3,0,4,1,0,0,3,39,0
2,2,2,7,7,2,11,0,4,1,0,0,5,39,0
4,5,0,10,9,0,4,1,4,1,1,0,5,39,1
2,4,1,11,5,0,13,1,4,0,0,0,3,39,0
3,4,0,9,8,0,10,4,4,0,0,0,2,28,0
3,4,0,9,8,4,10,1,4,1,0,0,3,0,1
5,4,2,9,8,0,12,1,4,1,0,0,5,39,0
0,0,1,11,5,4,0,2,4,1,0,0,3,39,0
0,4,2,15,6,4,10,3,4,1,0,0,5,39,0
1,4,0,9,8,4,12,1,4,1,0,0,3,39,0
1,4,2,15,6,2,10,0,4,1,0,0,3,39,0
2,4,3,15,6,4,10,1,4,1,0,0,5,39,1
1,2,1,9,8,2,11,0,4,1,0,0,4,39,1
0,4,1,8,6,0,1,1,4,0,0,0,2,39,0
1,6,0,15,6,0,8,4,4,0,0,0,2,39,0
0,4,0,9,8,4,1,1,4,0,0,0,3,39,0
4,6,1,15,6,0,4,1,4,0,0,0,6,39,0
0,4,1,4,1,3,5,2,4,1,0,0,3,26,0
1,4,0,11,5,4,6,1,4,1,0,0,3,0,0
3,4,1,14,9,0,10,4,4,0,0,0,3,39,0
5,4,1,12,8,0,4,1,4,1,0,0,5,39,1
6,2,1,3,0,2,8,0,4,1,0,0,3,26,0
2,4,1,15,6,4,4,1,4,0,0,0,4,39,0
0,4,1,1,4,4,6,1,4,1,0,0,3,39,0
1,4,0,9,8,4,1,1,4,0,0,0,3,39,0
1,4,1,11,5,2,6,0,4,1,0,0,4,39,0
3,4,1,9,8,2,4,0,2,1,0,0,5,39,1
1,4,0,15,6,4,13,1,4,0,0,0,3,39,0
4,6,1,12,8,2,12,0,4,1,0,0,7,39,0
1,4,0,8,6,2,10,0,4,1,0,0,4,39,0
2,4,1,11,5,2,3,0,4,1,0,0,3,39,1
1,4,2,15,6,4,3,4,4,1,0,0,5,39,0
1,4,4,9,8,4,10,1,4,1,0,0,5,39,0
2,4,3,9,8,5,4,4,2,0,0,0,3,39,0
2,4,2,12,8,2,10,0,4,1,0,0,3,39,1
2,4,1,7,7,2,3,0,4,1,0,0,3,39,0
0,4,3,3,0,4,3,1,4,1,0,0,3,13,0
0,0,0,15,6,4,0,1,4,0,0,0,2,39,0
5,4,1,5,2,4,8,3,4,0,0,0,2,39,0
2,4,0,11,5,2,14,0,4,1,0,0,4,39,0
3,4,0,15,6,0,10,4,4,0,0,0,3,39,0
4,4,1,9,8,2,4,0,4,1,0,0,3,39,1
1,4,2,2,4,4,12,1,2,1,0,0,3,39,0
1,4,0,15,6,4,12,1,4,0,0,0,3,39,0
0,0,0,1,4,4,0,3,4,1,0,0,2,39,0
1,4,0,9,8,4,10,1,4,0,0,0,3,39,0
6,8,1,11,5,2,14,0,4,1,0,0,1,39,0
2,4,1,15,6,2,12,0,4,1,0,0,3,39,0
5,4,0,15,6,6,10,1,4,1,0,0,5,39,0
3,4,0,11,5,2,8,0,4,1,0,0,3,39,0
0,4,0,15,6,4,8,3,4,1,0,0,1,39,0
0,4,0,8,6,2,14,0,4,1,0,0,3,39,0
3,4,1,3,0,2,6,0,4,1,0,0,3,26,0
3,4,1,11,5,2,3,0,4,1,0,0,3,39,0
6,4,1,11,5,6,12,2,4,0,0,0,3,39,0
0,0,0,15,6,4,0,3,4,0,0,0,0,39,0
0,4,0,15,6,4,8,3,4,1,0,0,2,39,0
0,4,1,11,5,4,12,2,4,0,0,0,2,39,0
3,4,1,15,6,0,13,1,4,0,0,0,3,31,0
1,4,0,9,8,2,10,0,4,1,0,0,3,39,1
1,4,1,11,5,2,3,0,2,1,0,0,3,39,0
0,4,0,11,5,4,8,1,2,0,0,0,3,39,0
4,4,0,12,8,2,10,0,4,1,0,0,4,39,1
0,7,1,9,8,4,10,1,4,1,1,0,3,39,1
6,5,0,11,5,2,12,0,4,1,0,0,3,39,0
2,6,0,11,5,5,3,2,4,1,0,0,5,39,0
5,4,0,11,5,0,1,4,2,0,0,0,3,39,0
2,4,0,11,5,2,7,0,4,1,0,0,3,39,1
3,4,1,9,8,2,10,0,4,1,0,0,4,39,1
5,4,0,15,6,2,12,0,4,1,0,0,5,39,0
2,0,1,15,6,2,0,5,4,0,0,0,0,39,1
0,4,0,11,5,4,5,3,4,1,0,0,1,39,0
3,4,0,15,6,2,1,0,4,1,0,0,3,11,0
3,1,2,8,6,2,13,0,4,1,0,4,3,39,1
5,6,2,12,8,0,12,4,4,0,0,5,6,39,0
4,6,0,8,6,2,3,0,4,1,0,0,3,39,0
0,1,2,7,7,4,4,3,4,0,0,0,3,31,0
4,4,1,11,5,2,14,0,4,1,0,0,6,39,1
2,2,1,11,5,2,11,0,4,1,0,0,5,39,1
2,4,2,11,5,3,5,4,3,1,0,0,3,26,0
6,4,1,11,5,4,4,1,4,0,0,0,3,39,0
0,0,2,11,5,4,0,4,4,0,0,0,3,39,0
4,4,1,9,8,2,4,0,4,1,1,0,5,39,1
3,5,1,15,6,2,12,0,4,1,9,0,5,39,1
3,4,0,11,5,2,10,0,0,1,0,0,5,39,0
0,4,1,3,0,2,7,5,0,0,0,0,3,26,0
1,4,0,15,6,4,8,3,4,0,0,0,4,39,0
5,4,0,12,8,0,10,2,2,1,0,0,3,39,0
6,4,0,15,6,2,12,0,1,1,0,0,3,39,1
3,6,0,11,5,2,3,0,4,1,0,0,5,39,0
3,4,0,12,8,2,4,0,1,1,1,0,3,39,1
1,4,1,0,3,2,3,0,4,1,0,0,3,39,0
3,7,1,8,6,2,8,0,2,1,0,0,2,39,0
1,4,1,11,5,4,4,4,2,0,0,0,3,39,0
5,4,1,11,5,2,14,0,4,1,0,0,6,39,1
1,4,0,15,6,4,12,3,4,1,0,0,4,39,0
3,4,0,8,6,2,3,0,2,1,0,0,3,39,0
4,4,0,5,2,2,3,0,4,1,0,0,3,39,0
6,2,1,15,6,0,8,1,4,1,0,0,4,39,0
2,4,1,6,2,2,14,0,4,1,0,0,3,39,0
4,0,1,11,5,0,0,1,4,1,0,0,4,39,1
4,4,2,9,8,0,10,1,4,1,0,0,4,39,0
5,4,0,1,4,2,12,0,4,1,0,0,3,39,0
5,4,1,11,5,2,12,0,4,1,0,0,3,39,0
1,4,0,11,5,2,14,0,4,1,0,0,3,39,1
1,4,0,9,8,4,12,3,4,1,0,0,3,39,0
4,4,0,11,5,2,6,0,2,1,0,0,3,39,0
4,4,0,15,6,2,1,0,4,1,0,0,3,39,1
0,4,1,15,6,4,13,2,4,0,0,0,3,39,0
3,4,1,11,5,2,8,0,2,1,0,0,3,14,0
2,4,0,15,6,2,12,0,4,1,0,0,6,39,0
3,4,2,8,6,2,1,2,4,0,0,0,1,39,0
6,4,1,9,8,2,7,0,4,1,0,0,3,39,0
3,4,2,12,8,2,4,0,4,1,0,0,3,39,1
0,0,1,2,4,4,0,1,4,1,0,0,4,39,0
0,4,0,15,6,4,1,3,4,0,0,0,2,39,0
1,4,1,11,5,4,8,2,4,1,0,0,2,39,0
2,5,1,7,7,2,12,0,4,1,0,4,3,39,1
3,4,1,15,6,2,3,0,4,1,0,0,5,39,1
3,7,0,12,8,2,10,0,4,1,0,0,3,39,1
3,4,0,9,8,2,1,0,1,1,0,0,3,30,1
4,1,0,11,5,4,7,3,2,1,0,0,3,39,0
5,4,1,11,5,4,8,2,4,0,0,0,1,18,0
3,4,0,11,5,2,3,0,4,1,0,4,3,39,1
0,6,1,2,4,4,6,3,4,1,0,0,1,39,0
3,4,1,11,5,2,3,0,4,1,0,0,5,39,0
3,2,0,14,9,5,10,3,2,0,0,0,3,39,0
4,4,1,9,8,2,4,0,4,1,0,0,4,39,1
5,5,1,9,8,2,4,0,4,1,0,0,3,0,1
2,4,0,11,5,2,1,5,4,0,0,0,3,39,1
3,4,0,15,6,2,12,0,4,1,0,0,4,39,0
2,4,1,11,5,2,7,0,4,1,0,0,3,39,0
3,4,1,11,5,4,8,1,4,1,0,0,3,39,0
1,4,0,9,8,4,4,1,2,1,0,0,5,0,0
1,2,1,9,8,4,10,1,2,0,0,0,3,39,0
6,4,1,11,5,0,6,1,2,0,0,0,3,39,0
1,6,1,12,8,4,10,1,4,0,0,0,5,39,0
4,4,0,8,6,2,13,0,4,1,0,0,3,39,1
1,4,0,9,8,2,4,5,4,0,0,0,5,39,1
0,7,0,15,6,4,1,3,4,0,0,0,3,39,0
0,4,0,1,4,4,12,3,4,0,0,0,1,39,0
5,5,1,11,5,2,12,0,4,1,0,0,3,5,0
0,4,3,11,5,2,4,0,4,1,0,0,5,39,0
6,2,1,9,8,2,14,0,4,1,0,0,3,5,0
0,0,3,15,6,4,0,3,4,1,0,0,3,39,0
4,4,0,1,4,0,7,4,2,0,0,0,3,39,0
2,7,2,12,8,2,7,0,4,1,0,4,3,39,1
0,4,1,11,5,4,5,3,2,1,0,0,5,39,0
4,2,1,12,8,0,10,4,4,0,0,0,8,39,0
5,1,1,9,8,2,10,0,4,1,0,0,3,39,1
1,4,1,9,8,2,13,5,4,0,0,0,3,39,1
6,6,1,15,6,0,14,1,4,0,0,0,1,39,0
2,1,1,11,5,2,3,0,4,1,0,0,3,39,0
2,4,1,7,7,4,10,1,4,1,0,0,3,0,0
5,4,0,1,4,2,8,5,2,0,0,0,3,39,1
2,4,0,15,6,2,14,0,4,1,0,0,6,39,0
0,4,1,9,8,4,4,1,4,1,0,0,2,39,0
7,0,1,8,6,6,0,1,4,0,0,0,2,39,0
1,1,0,9,8,4,4,2,1,0,0,0,4,39,0
1,4,1,9,8,4,3,1,2,1,0,0,6,39,0
4,1,0,11,5,0,1,4,2,0,0,0,3,39,0
3,4,0,11,5,2,5,0,4,1,0,0,6,39,0
4,4,0,11,5,6,1,1,4,0,0,0,3,39,0
3,4,0,15,6,2,12,0,4,1,0,0,4,39,0
3,7,0,11,5,4,1,1,4,0,0,0,3,39,0
4,4,1,1,4,2,7,0,4,1,0,0,3,39,0
2,4,1,15,6,0,10,1,4,0,0,0,3,39,0
3,1,0,12,8,2,4,0,4,1,0,0,3,9,1
0,7,1,15,6,4,11,3,2,0,0,0,3,39,0
4,4,0,15,6,2,13,0,4,1,0,0,3,39,0
3,4,1,4,1,2,5,0,4,1,0,0,3,26,0
3,6,1,11,5,2,4,0,4,1,0,0,5,39,0
6,2,1,9,8,0,10,1,2,0,0,0,3,39,0
1,4,1,8,6,2,1,0,4,1,0,5,4,39,0
7,5,1,15,6,2,4,0,4,1,0,0,1,39,1
1,6,0,11,5,4,3,1,4,1,0,0,3,39,0
0,4,1,15,6,4,12,3,4,0,0,4,2,39,0
2,4,1,11,5,5,14,3,4,1,0,0,5,39,0
1,4,2,15,6,2,4,0,4,1,0,0,5,39,0
0,4,1,11,5,4,1,3,4,0,0,0,3,39,0
2,6,0,8,6,4,8,2,4,0,0,0,3,39,0
0,0,1,15,6,4,0,3,2,0,0,3,3,1,0
2,5,0,15,6,2,3,0,4,1,0,0,5,39,1
2,4,1,15,6,2,12,0,4,1,0,0,5,39,1
5,4,0,9,8,2,13,0,4,1,0,0,3,39,1
3,4,0,11,5,2,1,0,4,1,0,0,4,39,0
5,6,1,11,5,2,12,0,4,1,1,0,3,39,1
3,4,1,11,5,0,1,1,4,0,0,0,3,39,0
3,2,1,9,8,2,10,0,4,1,0,0,3,39,0
4,6,1,0,3,2,4,0,4,1,0,0,6,39,0
4,7,1,10,9,2,10,0,4,1,0,0,5,39,1
5,0,1,9,8,2,0,0,2,1,0,0,3,39,0
6,1,0,7,7,2,8,0,1,1,0,0,3,39,1
2,4,1,7,7,2,3,0,4,1,0,0,4,39,0
0,4,2,2,4,4,8,3,4,1,0,0,1,39,0
0,4,0,11,5,4,8,3,4,1,0,0,3,39,0
0,4,1,11,5,4,8,1,4,0,0,0,2,39,0
0,4,0,11,5,4,12,1,4,1,0,0,3,39,0
1,2,2,9,8,4,10,1,4,0,0,0,3,39,0
4,1,1,15,6,2,3,0,4,1,0,0,3,39,0
2,6,0,15,6,2,12,0,4,1,0,0,9,39,0
3,4,0,15,6,0,4,1,4,1,0,3,3,39,0
1,4,0,8,6,0,1,1,4,0,0,0,5,39,0
2,4,1,9,8,2,4,5,4,0,0,0,3,39,1
3,4,1,7,7,2,4,0,4,1,0,0,5,39,1
5,4,1,11,5,2,4,0,4,1,0,0,3,39,1
4,2,1,12,8,4,10,1,4,1,0,0,3,39,1
3,6,1,14,9,2,10,0,4,1,0,0,3,39,1
3,1,1,11,5,2,5,0,4,1,0,0,3,39,1
5,6,1,5,2,2,5,0,4,1,0,0,5,39,0
0,0,1,15,6,4,0,3,4,0,0,0,0,39,0
2,4,0,9,8,2,7,0,4,1,0,0,5,39,0
5,1,0,11,5,2,1,0,4,1,0,0,3,39,1
2,2,1,9,8,0,10,4,4,0,0,0,3,39,0
2,4,1,7,7,0,4,4,2,0,0,0,3,39,0
2,4,3,9,8,4,10,3,4,1,0,0,3,39,0
5,4,0,9,8,2,12,0,4,1,0,0,5,39,1
3,4,0,11,5,5,7,4,2,0,0,0,3,39,0
2,4,1,11,5,0,7,1,4,1,0,0,3,39,0
5,4,1,9,8,2,12,0,4,1,0,0,7,39,0
6,0,1,11,5,2,0,5,4,0,0,0,2,39,0
3,4,0,1,4,4,8,2,4,1,0,0,3,39,0
2,4,0,9,8,2,4,0,4,1,0,0,3,39,1
1,4,1,11,5,2,12,5,4,0,0,0,5,39,0
2,4,0,12,8,2,10,0,4,1,1,0,3,39,1
4,4,0,15,6,2,4,0,4,1,0,0,5,0,1
2,4,0,11,5,4,3,1,4,1,0,0,3,39,0
5,0,0,15,6,2,0,0,4,1,0,0,3,39,1
5,4,0,1,4,4,7,1,4,1,0,0,3,39,0
3,4,0,15,6,2,4,0,4,1,0,0,5,39,1
3,4,1,11,5,2,3,0,4,1,0,0,3,39,1
3,4,1,9,8,2,3,0,4,1,0,0,1,39,0
3,4,0,11,5,4,9,1,4,0,0,0,3,0,0
5,7,0,9,8,0,1,4,4,1,0,0,3,39,0
5,4,0,11,5,0,13,1,2,0,0,0,3,39,0
2,4,1,7,7,0,1,4,4,0,0,0,3,39,0
3,4,0,8,6,0,3,4,4,0,0,0,3,39,0
4,4,0,15,6,0,12,1,4,1,0,0,5,39,0
4,5,0,15,6,2,3,0,1,1,0,0,5,39,1
1,4,0,15,6,4,8,3,4,0,0,0,2,39,0
0,4,1,11,5,4,4,1,4,1,0,0,3,41,0
2,4,1,15,6,4,3,1,4,0,0,0,3,39,0
3,7,1,12,8,2,4,0,4,1,0,4,3,39,1
2,4,1,15,6,0,1,4,4,0,0,0,2,39,0
2,4,0,15,6,2,13,0,4,1,0,3,3,39,0
2,2,0,8,6,4,11,1,4,1,0,0,3,39,0
1,4,0,11,5,2,1,0,0,1,0,0,3,39,1
3,2,2,9,8,2,5,0,1,1,0,0,3,39,1
4,4,0,11,5,0,12,1,4,0,0,0,3,39,0
4,6,1,11,5,2,5,0,4,1,0,0,6,39,0
3,4,1,15,6,0,13,1,2,0,0,0,3,38,0
5,0,0,2,4,6,0,1,4,1,0,0,2,39,0
5,0,1,9,8,0,0,1,4,1,0,0,2,39,0
1,4,0,11,5,4,6,2,4,1,0,0,6,39,0
0,4,1,15,6,4,1,1,4,0,0,0,2,39,0
2,4,1,11,5,4,1,3,4,1,0,0,3,39,0
2,4,1,11,5,2,3,0,4,1,0,0,3,39,1
4,2,1,12,8,2,10,0,4,1,0,0,3,39,0
4,0,1,15,6,6,0,4,4,0,0,0,2,39,0
2,4,0,9,8,4,3,4,4,1,0,0,3,39,0
5,4,1,11,5,2,8,0,4,1,0,0,3,39,0
3,4,1,9,8,0,8,1,4,1,0,0,3,39,0
0,4,0,15,6,4,8,3,4,0,0,0,1,39,0
0,4,1,11,5,4,7,1,4,1,0,0,4,39,0
1,2,2,15,6,4,1,3,2,0,0,0,3,39,0
0,4,1,15,6,4,1,1,1,1,0,0,2,40,0
1,4,2,9,8,4,1,1,4,1,0,0,3,39,0
0,4,0,0,3,4,8,3,4,1,0,0,0,39,0
0,2,1,15,6,4,11,3,4,1,0,0,3,39,0
5,4,0,8,6,6,4,4,1,0,0,0,3,39,1
3,4,1,9,8,2,5,0,4,1,0,0,6,39,0
1,0,0,1,4,4,0,1,4,0,0,0,3,11,0
2,6,0,9,8,2,4,0,4,1,0,0,3,39,1
5,7,1,9,8,2,4,0,4,1,0,0,3,39,0
0,4,0,11,5,4,8,3,4,1,0,0,3,39,0
4,6,0,11,5,2,3,0,4,1,0,0,6,39,0
2,7,0,12,8,4,10,2,4,0,0,0,3,39,0
3,4,1,11,5,2,12,0,4,1,0,0,6,39,1
2,4,1,11,5,2,7,0,4,1,0,0,6,39,0
5,4,0,0,3,2,3,0,4,1,0,0,3,39,1
2,4,1,11,5,2,8,0,4,1,0,0,3,39,0
0,4,1,11,5,4,1,3,4,0,0,0,3,39,0
3,4,0,11,5,2,13,0,4,1,0,0,3,39,0
0,4,0,11,5,4,12,1,4,1,0,0,3,39,0
1,4,1,9,8,4,10,1,4,1,0,0,3,39,0
1,5,1,9,8,2,12,0,4,1,0,0,8,39,1
0,0,1,15,6,4,0,3,4,1,0,0,3,39,0
4,1,0,9,8,2,4,0,4,1,0,0,4,39,1
3,1,1,12,8,0,11,1,4,1,0,0,6,39,1
1,4,0,11,5,0,1,4,4,0,0,0,3,39,0
4,4,0,11,5,0,4,1,2,0,0,0,3,39,0
2,4,1,0,3,2,3,0,4,1,0,0,3,39,0
3,4,1,7,7,0,10,1,4,1,0,0,8,39,0
1,4,1,15,6,4,10,1,4,1,0,0,4,39,0
1,4,0,9,8,2,1,5,4,0,0,0,3,39,0
4,5,0,14,9,2,12,0,4,1,0,0,3,39,1
4,4,1,15,6,4,3,1,4,1,0,0,3,39,0
7,4,0,11,5,2,8,0,4,1,0,0,1,39,0
1,4,0,9,8,2,10,0,4,1,0,0,3,39,0
1,4,1,12,8,2,4,0,4,1,0,0,3,39,0
0,4,0,9,8,4,4,3,1,0,0,0,3,39,0
4,4,0,9,8,4,10,4,4,0,0,0,3,39,0
0,4,1,15,6,4,6,3,4,1,0,0,6,39,0
1,4,0,11,5,2,14,0,4,1,0,0,6,39,0
6,4,0,15,6,6,1,1,4,0,0,0,3,39,0
2,4,2,9,8,2,10,0,4,1,0,0,3,39,1
0,4,0,15,6,4,1,1,4,0,0,0,3,39,0
4,4,0,9,8,2,4,0,4,1,0,0,5,39,1
1,4,1,11,5,2,6,0,4,1,0,0,3,39,0
6,0,1,11,5,6,0,1,4,0,0,0,1,39,0
1,4,1,11,5,4,6,3,4,1,0,0,3,39,0
3,4,1,15,6,4,4,1,4,0,0,0,3,39,0
5,5,0,4,1,2,5,0,4,1,0,0,3,22,0
4,1,0,15,6,0,4,4,4,1,0,0,3,39,0
4,4,1,10,9,2,10,0,4,1,0,0,3,39,1
3,6,0,11,5,2,3,0,4,1,0,0,3,39,0
5,5,0,11,5,2,4,0,4,1,0,0,6,39,1
3,0,1,4,1,2,0,0,4,1,0,0,3,26,0
4,5,0,15,6,2,12,0,4,1,1,0,5,39,1
0,7,0,15,6,4,8,1,4,1,0,0,2,39,0
1,4,0,15,6,2,1,5,4,0,0,0,3,39,0
3,4,2,11,5,0,4,1,4,0,0,0,3,9,0
1,4,1,11,5,4,1,1,4,0,0,0,7,39,0
2,4,1,11,5,2,14,0,4,1,0,0,5,39,0
2,4,3,15,6,4,6,1,2,1,0,0,4,0,0
3,1,1,11,5,2,13,0,4,1,0,0,2,39,1
0,4,0,11,5,4,7,1,4,1,0,0,3,39,0
4,4,1,9,8,2,1,0,4,1,0,4,5,0,1
2,4,0,9,8,4,8,1,4,0,0,0,1,39,0
2,4,1,12,8,0,4,1,4,1,0,0,4,39,1
5,2,1,9,8,2,10,5,4,0,0,0,4,39,1
6,4,1,15,6,6,4,1,4,0,0,0,4,39,0
5,4,1,11,5,5,1,4,4,0,0,0,3,33,0
1,0,1,11,5,4,0,1,2,1,0,0,3,39,0
1,4,1,9,8,4,4,1,4,0,0,0,3,39,0
2,5,3,14,9,2,10,0,4,1,9,0,5,39,1
4,2,1,11,5,3,6,4,4,1,0,0,3,39,0
2,4,0,12,8,4,10,1,4,1,0,0,4,39,1
0,4,1,11,5,4,12,3,4,1,0,0,3,39,0
0,4,1,0,3,4,6,1,3,1,0,0,3,6,0
0,4,0,11,5,4,8,1,4,0,0,0,1,39,0
2,4,1,9,8,2,10,0,4,1,0,0,4,39,0
4,4,1,9,8,2,6,0,4,1,0,0,3,39,0
2,4,1,8,6,2,10,5,4,0,0,4,3,39,1
2,4,2,15,6,2,12,0,4,1,0,0,5,39,0
2,4,1,11,5,2,7,0,4,1,0,0,3,39,0
0,4,1,11,5,4,6,1,2,1,0,0,3,39,0
0,4,1,15,6,4,1,3,4,0,0,0,1,39,0
0,4,1,9,8,4,1,3,4,0,0,0,3,39,0
1,4,1,9,8,2,10,0,4,1,0,0,3,39,0
1,4,1,15,6,2,12,0,2,1,0,0,3,0,0
0,4,1,15,6,4,8,3,4,0,0,0,2,39,0
3,4,1,15,6,2,14,0,4,1,0,0,5,39,0
1,4,1,15,6,0,7,4,2,0,0,0,2,39,0
6,6,2,8,6,2,8,0,4,1,0,0,4,39,0
2,6,2,15,6,2,3,0,4,1,0,0,5,39,1
2,4,1,9,8,2,4,0,4,1,0,0,3,39,1
1,6,1,9,8,4,10,1,4,0,0,0,0,39,0
0,4,1,8,6,2,8,2,4,0,0,0,5,26,0
1,4,1,15,6,4,8,1,4,0,0,0,3,39,0
5,4,0,9,8,2,1,0,4,1,0,0,3,39,0
0,4,0,11,5,2,7,0,4,1,0,0,3,39,0
3,4,1,9,8,2,12,0,4,1,0,4,3,39,1
1,2,1,9,8,4,10,1,2,0,0,0,3,39,0
3,2,2,9,8,2,11,0,4,1,0,0,3,39,1
2,4,0,11,5,2,14,0,4,1,0,0,5,39,1
4,4,0,1,4,2,3,0,4,1,0,0,3,39,1
1,4,4,11,5,4,6,3,2,1,0,0,4,39,0
3,4,0,9,8,2,4,0,4,1,0,0,3,39,1
3,2,0,12,8,2,10,0,4,1,0,0,3,39,0
2,6,0,11,5,4,8,1,4,0,0,0,3,39,0
4,4,0,11,5,0,8,1,4,0,0,0,3,39,0
3,4,1,1,4,0,8,1,4,1,0,0,3,39,0
3,2,1,11,5,2,3,0,4,1,0,0,3,39,1
4,2,1,12,8,2,10,0,4,1,0,0,3,39,1
0,0,0,1,4,4,0,2,4,1,0,0,0,39,0
2,4,1,11,5,2,3,0,4,1,0,0,3,39,0
3,6,1,11,5,2,3,0,4,1,0,0,3,39,1
6,4,1,11,5,4,1,1,4,0,0,0,3,39,0
3,4,0,1,4,0,8,2,4,0,0,0,1,39,0
2,4,2,11,5,4,6,3,4,1,0,0,3,39,0
2,4,2,11,5,0,8,1,4,0,0,0,3,39,0
4,4,1,11,5,2,8,5,2,0,0,0,3,39,0
6,0,1,8,6,6,0,1,4,0,0,0,0,39,0
3,7,1,10,9,2,10,0,4,1,0,4,5,39,1
0,0,0,11,5,4,0,3,4,0,0,0,3,39,0
0,2,3,1,4,4,1,3,4,1,0,0,1,39,0
3,4,1,15,6,2,12,0,4,1,0,0,5,39,0
2,4,0,11,5,2,7,0,4,1,0,0,3,39,0
5,1,0,12,8,2,4,0,4,1,0,0,6,39,1
4,4,0,11,5,5,3,3,2,0,0,0,3,39,0
1,4,2,7,7,4,7,1,4,1,0,0,4,39,0
0,4,1,15,6,4,1,1,4,0,0,0,3,39,0
1,4,1,12,8,2,4,0,1,1,0,0,3,24,0
6,5,1,11,5,2,3,0,4,1,0,0,3,39,1
3,2,1,8,6,6,10,4,2,0,0,0,3,39,0
2,4,0,9,8,4,10,3,4,1,0,0,3,39,0
4,2,0,8,6,4,11,4,4,1,0,0,4,39,0
2,4,1,11,5,4,8,4,2,0,0,0,3,39,0
3,4,1,4,1,2,3,5,4,0,0,0,4,22,0
3,4,1,9,8,2,14,0,4,1,0,0,3,39,0
0,1,0,9,8,4,10,1,3,0,0,0,3,39,0
3,7,1,15,6,4,8,3,2,0,0,0,3,39,0
4,6,1,11,5,0,12,1,4,1,0,0,3,39,0
3,4,2,11,5,2,3,0,4,1,0,0,3,39,0
3,4,2,11,5,0,1,4,2,0,0,0,3,39,0
4,4,1,15,6,2,12,0,4,1,9,0,6,39,1
0,0,0,15,6,4,0,3,4,1,0,0,0,39,0
2,4,1,11,5,2,4,0,4,1,0,0,3,39,0
0,0,2,15,6,4,0,2,4,1,0,0,0,39,0
6,5,1,15,6,2,4,0,4,1,0,0,4,39,1
1,4,1,11,5,4,9,2,4,0,0,3,1,26,0
1,4,1,15,6,4,12,1,2,1,0,0,5,28,0
7,5,1,6,2,0,12,1,4,1,0,0,4,39,0
4,4,0,9,8,2,10,0,4,1,0,0,5,39,1
4,4,0,11,5,0,7,1,2,0,0,0,3,39,0
4,2,1,12,8,4,10,1,4,1,0,0,3,39,0
4,4,0,11,5,4,1,1,2,0,0,0,3,39,0
4,4,0,12,8,4,10,1,4,0,0,0,2,39,0
2,4,0,11,5,2,12,0,4,1,0,0,4,39,1
1,4,1,1,4,2,6,0,4,1,0,0,3,39,0
1,6,1,11,5,2,3,0,4,1,0,4,3,39,1
0,4,2,15,6,4,10,4,4,0,0,0,1,39,0
2,4,0,6,2,5,7,4,4,0,0,0,3,4,0
3,4,1,11,5,2,1,5,4,0,0,0,3,39,1
5,4,1,11,5,2,3,0,4,1,0,0,3,39,1
1,4,1,5,2,4,7,2,4,0,0,0,3,6,0
4,4,0,7,7,2,4,0,4,1,0,0,3,39,1
3,4,1,11,5,2,12,0,4,1,0,0,3,39,0
5,5,1,15,6,2,12,0,4,1,0,4,3,39,1
2,4,0,11,5,0,14,4,4,1,0,0,4,0,0
6,0,2,8,6,2,0,5,4,0,0,0,1,39,0
5,4,1,15,6,2,10,0,2,1,0,0,5,14,1
3,4,0,11,5,0,14,1,4,1,0,0,4,39,0
1,4,0,9,8,4,4,4,2,0,0,0,3,39,0
6,0,0,9,8,2,0,0,4,1,0,5,4,39,0
2,4,2,11,5,2,3,0,4,1,0,0,7,26,0
6,2,0,11,5,0,8,1,4,0,0,0,3,39,0
2,4,1,9,8,2,1,0,4,1,0,0,6,20,1
2,4,0,1,4,4,14,4,4,1,0,0,3,39,0
0,4,2,1,4,4,12,3,2,0,0,0,1,39,0
6,6,0,12,8,0,10,4,4,0,0,0,3,39,0
2,7,0,9,8,2,4,0,4,1,0,0,3,39,1
7,5,0,15,6,6,12,1,4,1,0,0,3,39,1
4,4,1,9,8,2,12,0,4,1,0,0,3,39,0
2,4,1,15,6,4,8,1,4,1,0,0,3,39,0
1,4,1,11,5,2,12,0,4,1,0,0,3,39,0
1,4,1,11,5,0,13,1,4,0,0,0,4,39,0
3,4,2,1,4,0,3,1,4,1,0,0,3,39,0
0,4,1,15,6,2,4,5,2,0,0,0,3,39,0
3,6,2,9,8,5,3,3,4,1,0,0,3,39,0
1,4,1,11,5,0,5,1,4,1,0,0,3,39,0
2,4,1,9,8,2,1,5,2,0,0,0,3,39,0
3,4,1,4,1,2,7,0,4,1,0,0,3,26,0
5,4,1,11,5,0,3,1,4,1,0,0,3,39,0
3,4,1,5,2,2,3,0,4,1,0,0,4,39,0
1,0,2,11,5,4,0,3,4,1,0,0,2,39,0
5,4,0,15,6,5,12,1,4,1,1,0,6,39,1
5,0,2,0,3,2,0,5,4,0,0,0,3,39,0
1,4,1,11,5,4,12,1,3,1,0,0,3,39,0
2,4,0,15,6,2,10,0,4,1,0,0,3,39,1
1,6,1,15,6,2,3,0,4,1,0,0,3,39,1
0,4,1,11,5,4,8,3,4,1,0,0,2,39,0
3,6,0,15,6,2,5,0,4,1,0,0,9,39,0
2,5,2,11,5,2,4,0,4,1,0,0,5,39,1
2,4,0,9,8,4,1,1,4,0,0,0,5,39,0
1,4,1,14,9,2,10,0,2,1,0,3,3,14,0
0,6,0,0,3,4,1,3,4,1,0,0,0,39,0
1,4,0,9,8,4,14,1,4,1,0,0,5,39,0
2,4,1,15,6,0,4,4,2,1,0,0,6,39,0
5,2,0,9,8,2,10,0,4,1,0,0,5,39,1
3,4,1,11,5,0,1,1,4,0,0,0,3,39,0
2,4,1,11,5,5,6,4,4,1,0,0,3,33,0
0,0,1,9,8,4,0,3,4,1,0,0,2,39,0
2,2,1,12,8,4,10,3,2,0,0,0,3,39,0
1,4,1,11,5,2,3,0,4,1,0,0,3,39,0
0,4,0,8,6,4,13,3,4,1,0,0,3,39,0
1,4,1,9,8,2,10,0,1,1,0,0,3,36,0
4,4,0,9,8,2,3,0,4,1,1,0,5,39,1
2,1,0,9,8,4,10,1,4,0,0,0,3,39,0
1,4,1,11,5,4,3,1,4,1,0,0,3,39,0
0,4,1,9,8,4,4,3,4,0,0,0,3,39,0
0,4,0,11,5,4,8,3,4,1,0,0,2,39,0
3,6,1,11,5,0,3,4,4,1,0,0,2,39,0
1,4,2,9,8,4,1,1,4,1,1,0,6,39,1
2,6,1,9,8,0,4,4,2,0,0,0,2,39,0
4,4,1,11,5,4,5,4,4,0,0,0,4,39,0
4,4,1,11,5,2,4,0,4,1,0,0,4,39,0
1,4,1,11,5,4,13,2,2,1,0,0,3,0,0
3,0,2,7,7,0,0,1,4,1,0,0,3,39,0
4,4,0,12,8,2,4,0,4,1,0,0,3,39,0
1,4,0,1,4,0,8,4,4,0,0,0,1,39,0
5,7,1,11,5,2,3,0,4,1,0,0,3,39,0
4,4,0,12,8,2,4,5,4,0,0,4,3,39,1
0,4,1,15,6,5,3,1,4,1,0,0,3,39,0
4,5,0,11,5,2,1,5,4,0,0,5,3,39,1
1,4,1,9,8,2,4,0,4,1,0,5,4,39,1
2,4,1,1,4,2,12,0,4,1,0,0,6,39,0
1,4,1,15,6,4,12,1,4,0,0,3,3,39,0
5,4,0,11,5,4,8,2,4,1,0,0,2,39,0
1,4,0,9,8,4,13,1,4,1,0,0,3,39,0
2,2,0,11,5,2,14,0,4,1,0,0,3,39,0
2,1,0,15,6,0,4,4,2,0,0,0,3,39,1
0,4,1,11,5,4,12,1,4,0,0,0,2,39,0
5,4,1,8,6,2,4,0,4,1,0,0,3,39,0
2,4,0,8,6,0,12,1,4,1,0,0,3,39,0
0,0,0,15,6,4,0,3,4,0,0,0,3,39,0
5,1,1,11,5,2,13,0,4,1,0,4,3,39,1
0,4,0,15,6,2,12,0,4,1,0,0,4,39,0
5,4,1,7,7,6,1,1,4,0,0,0,3,39,0
1,4,3,7,7,4,3,1,4,1,0,0,3,39,0
2,4,1,12,8,4,12,1,4,1,0,0,5,39,0
2,4,0,11,5,5,8,3,2,0,0,0,2,39,0
4,4,0,9,8,2,13,0,4,1,0,0,3,39,1
3,2,1,11,5,5,8,4,2,0,0,0,3,39,0
6,4,1,0,3,0,8,1,2,0,0,0,2,39,0
4,4,1,11,5,2,12,0,4,1,0,0,1,26,0
3,4,0,8,6,0,1,1,4,0,0,0,3,39,0
2,4,1,5,2,2,13,0,4,1,0,0,3,26,0
2,4,1,11,5,0,1,1,2,1,0,0,4,39,0
4,4,0,11,5,2,9,2,4,0,0,0,3,39,0
1,4,0,9,8,2,7,0,4,1,0,0,5,39,0
5,4,1,4,1,2,3,0,2,1,0,0,3,38,0
2,4,1,14,9,2,10,0,4,1,0,0,5,39,1
1,4,1,9,8,4,4,1,4,0,0,0,3,39,0
3,4,1,9,8,2,12,0,4,1,0,0,3,2,1
0,4,0,15,6,2,12,3,4,0,0,0,1,39,0
0,5,1,11,5,4,14,3,4,1,0,0,6,39,0
2,5,0,11,5,2,8,0,4,1,0,0,6,39,0
1,1,2,15,6,2,11,0,2,1,0,0,3,39,0
3,4,1,7,7,0,4,4,4,0,0,0,3,39,0
4,4,2,3,0,2,8,0,4,1,0,0,5,26,0
6,2,0,12,8,2,10,0,4,1,0,3,0,12,0
0,4,1,11,5,2,3,0,4,1,0,0,3,39,0
1,4,2,11,5,2,8,0,4,1,0,0,2,39,0
0,4,1,15,6,4,8,3,4,0,0,0,1,39,0
4,4,0,15,6,4,8,1,2,0,0,0,3,28,0
3,4,0,9,8,0,4,1,4,1,0,0,4,39,0
0,0,2,15,6,4,0,3,4,1,0,0,3,39,0
3,4,1,15,6,0,4,1,4,0,0,0,3,39,0
2,6,0,11,5,0,3,4,4,1,0,0,3,39,0
0,4,1,11,5,4,12,3,4,1,0,0,3,39,0
1,4,1,11,5,5,8,4,2,0,0,0,2,39,0
1,4,2,15,6,4,1,3,4,0,0,0,1,39,0
7,7,1,15,6,2,14,0,4,1,0,0,1,39,0
4,4,0,11,5,0,14,1,4,1,0,0,3,39,0
3,4,1,9,8,2,10,0,4,1,0,0,3,39,1
1,4,0,6,2,4,7,1,4,1,0,0,5,6,0
3,4,0,11,5,2,1,0,4,1,0,0,3,39,0
4,6,1,11,5,2,3,0,4,1,0,0,6,39,0
0,4,1,11,5,4,6,3,2,1,0,0,3,39,0
2,4,0,11,5,2,4,0,4,1,0,0,4,39,0
3,4,0,7,7,2,4,5,4,0,1,0,4,39,1
0,4,1,15,6,2,3,0,4,1,0,0,3,39,0
0,4,1,1,4,4,7,4,4,0,0,0,3,39,0
0,4,1,15,6,4,8,3,4,0,0,0,1,39,0
4,4,1,11,5,2,3,0,4,1,0,0,3,8,0
2,2,0,9,8,4,11,1,4,1,0,0,6,39,0
1,4,1,11,5,4,3,1,4,1,0,0,5,39,0
3,4,1,12,8,2,10,0,4,1,0,0,5,39,0
0,4,1,15,6,4,8,4,4,0,0,0,3,39,0
0,4,1,15,6,4,3,3,4,1,0,0,3,39,0
2,7,0,15,6,4,1,3,4,0,0,0,3,39,0
2,4,1,11,5,4,1,2,4,0,0,0,3,39,0
4,4,1,9,8,2,4,0,4,1,0,4,3,39,1
0,4,0,11,5,4,3,3,4,1,0,0,5,39,0
1,4,1,15,6,2,3,0,4,1,0,0,3,39,1
7,0,0,1,4,2,0,0,4,1,0,0,0,39,0
0,4,1,11,5,2,14,3,4,0,0,0,3,39,0
1,4,1,12,8,2,4,0,4,1,0,4,4,39,1
3,2,0,12,8,2,10,0,4,1,0,0,3,39,1
5,4,0,14,9,2,10,0,1,1,9,0,3,19,1
5,6,0,10,9,0,4,1,4,0,0,0,2,39,0
0,4,0,11,5,4,6,3,4,1,0,0,3,39,0
2,4,3,11,5,2,11,0,4,1,0,0,9,39,0
3,4,1,15,6,2,8,3,4,0,0,0,3,39,1
0,4,2,15,6,4,7,1,4,1,0,0,3,39,0
4,2,0,15,6,4,8,4,4,0,0,0,2,39,0
0,0,2,15,6,4,0,1,4,1,0,0,3,39,0
0,4,0,11,5,4,8,1,4,0,0,0,3,39,0
5,6,2,11,5,2,3,0,4,1,0,0,5,39,0
1,4,0,12,8,4,12,1,4,1,0,0,1,39,0
0,4,1,11,5,4,8,3,4,0,0,0,3,26,0
2,5,0,11,5,4,5,1,4,1,0,0,5,39,0
5,2,1,9,8,4,10,1,4,0,0,0,3,39,0
4,4,1,11,5,0,12,1,4,1,0,0,3,39,0
5,1,0,7,7,2,8,0,2,1,0,0,3,39,0
4,4,2,8,6,6,10,4,1,0,0,0,3,39,0
2,4,0,11,5,2,1,5,4,0,0,0,3,39,1
5,4,0,11,5,2,6,0,4,1,0,0,3,39,1
4,4,2,11,5,0,3,1,4,1,0,0,3,39,0
0,4,1,11,5,4,12,3,4,1,0,0,1,39,0
0,4,2,15,6,4,8,3,4,0,0,0,2,39,0
4,4,0,8,6,2,6,0,4,1,0,0,4,39,0
3,4,1,8,6,2,4,0,4,1,1,0,3,39,1
0,4,2,15,6,3,1,3,2,0,0,0,4,39,0
2,4,1,0,3,0,3,2,2,1,0,0,3,39,0
2,4,5,15,6,0,1,4,4,0,0,0,3,39,0
3,0,2,15,6,5,0,1,2,1,0,0,3,39,0
0,4,0,7,7,4,14,1,4,1,0,0,4,39,0
4,4,1,11,5,2,3,0,4,1,0,0,3,39,0
2,4,0,9,8,2,1,5,4,0,0,0,3,0,1
0,4,1,0,3,4,8,3,2,1,0,0,0,39,0
3,4,1,7,7,2,10,0,4,1,0,0,3,39,1
1,4,1,15,6,2,14,0,4,1,0,3,4,8,0
4,4,0,4,1,2,6,0,4,1,0,0,5,0,0
1,7,1,15,6,0,1,4,2,1,0,0,3,23,0
1,4,1,0,3,4,6,2,4,1,0,0,3,26,0
1,1,0,7,7,2,13,0,4,1,0,0,3,39,0
4,4,1,9,8,2,12,0,4,1,0,0,3,39,1
2,4,0,11,5,2,7,0,4,1,0,0,3,39,0
2,4,1,9,8,4,4,1,4,0,0,0,5,39,1
4,6,2,11,5,0,12,1,4,1,0,0,3,39,0
7,4,1,6,2,6,8,4,4,0,0,0,0,39,0
0,4,0,15,6,4,10,3,4,1,0,0,2,39,0
0,4,1,2,4,4,1,3,4,1,0,0,3,39,0
1,0,1,9,8,3,0,1,1,0,0,0,0,36,0
2,4,1,15,6,2,4,0,4,1,0,0,4,39,1
1,4,0,11,5,2,3,3,1,1,0,0,3,39,0
1,4,0,9,8,4,10,1,1,1,0,0,1,24,0
4,2,1,11,5,2,11,0,4,1,0,0,3,39,1
0,4,1,0,3,4,8,3,4,1,0,0,2,39,0
0,4,0,5,2,4,7,2,4,1,0,0,3,39,0
2,4,0,2,4,2,11,0,4,1,0,0,3,39,0
0,4,1,1,4,4,8,3,4,0,0,0,1,39,0
3,4,0,11,5,2,3,0,4,1,0,0,3,39,1
0,4,1,15,6,4,12,4,2,0,0,0,2,39,0
1,4,1,0,3,2,7,0,4,1,0,0,3,39,0
5,4,1,0,3,0,8,1,4,1,0,0,7,39,0
4,4,1,11,5,0,8,1,2,0,0,0,1,39,0
0,4,1,15,6,4,3,4,4,1,0,0,3,39,0
1,4,1,8,6,2,4,5,4,0,0,0,3,39,0
1,4,0,11,5,2,3,0,4,1,0,0,1,39,0
2,5,2,11,5,2,3,0,4,1,0,0,3,39,1
0,6,2,15,6,4,1,3,4,1,0,0,2,39,0
4,2,1,11,5,0,14,4,2,1,0,0,3,39,0
3,4,0,15,6,4,3,4,4,1,0,6,6,0,1
0,4,1,11,5,4,3,4,4,1,0,0,3,39,0
2,4,0,6,2,2,7,0,4,1,0,0,3,39,0
5,4,1,12,8,2,3,0,4,1,0,4,4,39,1
0,2,1,2,4,4,6,4,2,0,0,0,1,39,0
2,4,2,12,8,2,10,5,4,0,0,4,4,39,1
1,6,0,15,6,4,1,1,4,0,0,0,6,39,0
3,4,1,15,6,2,14,0,4,1,0,0,7,39,1
1,4,2,12,8,2,4,0,4,1,0,0,5,39,1
6,6,1,15,6,2,7,0,4,1,0,0,3,39,1
3,2,0,9,8,5,10,4,2,0,0,0,3,39,0
0,7,1,9,8,4,1,2,4,0,0,0,0,39,0
0,4,0,11,5,4,12,1,4,1,0,0,3,39,0
0,4,1,11,5,4,12,3,4,0,0,0,3,39,0
4,4,0,0,3,2,7,0,4,1,0,0,5,39,0
0,0,2,11,5,4,0,1,1,0,0,0,4,0,0
1,4,1,11,5,4,3,3,4,1,0,0,7,39,0
4,7,1,11,5,0,4,1,4,1,0,2,3,39,0
1,6,0,2,4,2,14,0,4,1,0,0,7,39,0
4,1,0,11,5,0,1,1,4,0,0,0,0,39,0
4,4,1,11,5,2,12,0,4,1,0,0,5,39,1
2,4,0,9,8,4,13,1,1,0,0,0,3,30,0
3,7,1,12,8,2,10,0,2,1,0,0,3,39,1
2,4,2,9,8,2,4,0,4,1,0,0,5,39,0
1,4,0,11,5,4,12,4,2,0,0,0,2,39,0
3,4,1,12,8,2,4,0,4,1,0,0,5,39,1
3,5,1,14,9,2,10,0,4,1,0,4,3,39,1
0,6,1,15,6,4,4,1,2,1,0,0,4,39,0
3,4,0,9,8,2,13,0,4,1,0,0,3,39,0
3,8,0,11,5,2,7,5,4,0,0,0,2,39,0
1,2,1,12,8,2,10,0,4,1,0,0,4,39,0
2,4,0,11,5,4,12,3,2,0,0,0,3,39,0
3,4,1,9,8,4,10,3,4,1,1,0,3,39,1
3,4,0,9,8,5,4,4,4,1,0,0,6,39,1
2,4,1,13,0,2,7,0,4,1,0,0,3,26,0
3,4,0,6,2,5,3,4,4,0,0,0,3,39,0
3,6,1,14,9,2,10,0,4,1,0,4,3,39,1
5,4,0,12,8,2,10,0,4,1,0,0,3,39,1
1,4,2,9,8,4,4,1,4,0,0,3,3,39,0
5,4,1,11,5,0,12,2,4,0,0,0,3,39,0
5,6,2,15,6,2,13,0,4,1,0,0,3,39,1
2,4,2,11,5,2,12,0,4,1,0,0,4,39,0
2,5,0,9,8,4,10,1,4,1,0,0,4,39,0
3,1,1,15,6,2,13,0,4,1,0,0,3,39,0
5,4,0,2,4,2,10,0,4,1,0,0,3,39,1
2,4,0,8,6,2,12,0,4,1,0,0,3,39,0
2,4,0,11,5,5,4,1,4,0,0,0,3,39,0
2,7,0,11,5,2,3,0,4,1,0,0,3,39,1
2,4,1,9,8,2,10,0,4,1,0,0,3,39,1
2,4,0,14,9,4,13,1,1,1,0,3,3,19,1
6,4,1,6,2,6,4,1,2,1,0,0,6,39,0
1,4,1,8,6,0,1,4,4,0,0,0,2,39,0
0,4,1,11,5,4,7,3,4,1,0,0,2,39,0
1,2,1,9,8,4,1,1,4,1,0,0,4,39,0
0,4,0,11,5,4,4,1,4,0,0,0,3,39,0
1,4,1,11,5,2,3,0,4,1,0,0,3,39,0
4,4,1,5,2,2,12,0,3,1,0,0,4,6,0
3,4,1,15,6,2,3,0,4,1,0,0,3,39,0
0,4,0,15,6,4,3,1,4,1,0,0,3,39,0
1,4,1,11,5,4,3,3,4,1,0,0,5,39,0
2,4,1,15,6,4,4,3,4,1,0,0,4,39,0
3,4,0,8,6,0,3,4,4,1,0,0,5,39,1
1,4,1,5,2,2,6,0,4,1,0,0,3,26,0
5,6,0,12,8,2,10,0,4,1,0,0,3,39,1
0,4,3,4,1,2,8,0,4,1,0,0,3,26,0
5,4,2,1,4,2,3,0,4,1,0,0,3,39,0
1,4,0,11,5,2,12,0,4,1,0,0,5,39,0
1,4,0,9,8,2,10,0,4,1,0,4,5,39,1
2,4,1,11,5,2,7,0,4,1,0,0,3,39,0
3,6,0,11,5,2,3,0,4,1,0,0,4,39,0
2,4,1,11,5,2,12,0,4,1,0,0,3,4,0
2,4,1,11,5,0,6,4,4,0,0,0,3,39,0
2,4,1,15,6,4,12,3,4,1,0,0,4,39,0
2,6,1,9,8,5,3,1,4,1,0,0,6,39,0
3,4,1,12,8,0,10,4,4,0,0,0,5,39,0
2,4,1,0,3,0,7,1,4,0,0,0,3,39,0
1,4,1,0,3,4,14,1,4,1,0,0,5,39,0
1,4,1,11,5,2,3,0,4,1,0,0,3,39,0
0,4,1,9,8,4,4,4,4,1,0,0,3,39,0
3,4,1,15,6,2,4,0,4,1,0,0,5,39,1
1,4,1,9,8,4,4,1,4,1,0,0,5,39,0
5,4,0,11,5,2,14,0,4,1,0,0,5,39,0
1,4,0,5,2,2,8,5,4,0,0,0,3,39,0
4,4,0,11,5,2,1,0,4,1,0,0,3,39,0
3,4,1,6,2,5,3,3,4,1,0,0,3,26,0
4,6,1,11,5,2,3,0,4,1,0,0,4,39,1
2,4,1,15,6,2,3,0,4,1,0,0,4,39,0
6,1,0,15,6,2,13,0,4,1,0,0,1,39,1
4,1,1,7,7,2,8,0,4,1,0,0,3,39,1
2,4,0,15,6,2,3,0,1,1,0,0,3,0,0
0,4,1,9,8,4,12,1,4,0,0,0,3,39,0
1,4,2,12,8,4,10,1,4,0,0,0,5,39,0
7,4,0,15,6,4,13,2,4,1,0,0,3,39,0
3,4,1,9,8,0,11,1,4,1,0,0,4,39,0
2,0,1,2,4,5,0,4,2,0,0,0,3,39,0
2,2,1,8,6,2,11,0,4,1,0,0,3,39,1
6,4,0,11,5,2,4,0,4,1,0,0,4,39,1
4,0,1,7,7,0,0,1,4,0,1,0,3,39,1
2,6,2,2,4,2,3,0,4,1,0,0,3,39,0
1,4,1,9,8,2,10,0,4,1,0,0,3,39,0
3,4,1,11,5,0,13,4,4,0,0,0,3,39,0
1,4,1,11,5,2,7,0,4,1,0,0,3,39,0
0,6,1,15,6,4,8,3,4,0,0,0,2,39,0
1,2,2,11,5,4,1,2,4,1,0,0,1,39,0
0,7,0,15,6,4,1,3,1,0,0,0,1,39,0
2,4,1,11,5,0,3,1,4,1,0,0,6,39,0
7,4,0,11,5,2,3,0,4,1,0,0,1,39,0
7,4,1,8,6,4,1,1,4,0,0,0,3,39,0
6,4,0,12,8,4,6,1,4,1,0,0,3,39,0
4,4,0,15,6,0,1,1,4,0,0,0,3,39,0
2,4,0,11,5,2,3,0,4,1,0,0,2,39,0
5,4,1,7,7,0,8,1,4,0,0,0,3,39,0
2,4,1,4,1,3,3,2,4,1,0,0,3,26,0
0,4,1,9,8,4,12,3,4,0,0,0,1,39,0
5,5,1,9,8,2,10,0,4,1,0,0,3,39,1
0,4,1,11,5,4,6,3,4,1,0,0,3,39,0
6,4,1,11,5,2,6,0,4,1,0,0,3,39,0
4,4,0,7,7,0,12,3,4,1,0,0,4,39,0
2,4,0,15,6,2,7,0,4,1,0,0,3,39,0
2,4,1,7,7,0,4,3,4,0,0,0,3,39,0
0,0,1,1,4,4,0,3,4,1,0,0,2,39,0
0,4,1,15,6,2,1,0,4,1,0,0,3,39,1
2,7,1,9,8,2,10,0,4,1,0,0,3,39,1
2,4,0,1,4,2,5,0,4,1,0,0,3,39,0
0,4,1,11,5,4,1,4,4,0,0,0,4,39,0
4,6,1,11,5,2,5,0,4,1,0,0,9,39,0
4,6,1,15,6,0,3,1,4,1,0,0,3,39,0
0,7,1,15,6,4,1,3,4,0,0,0,1,39,0
4,4,1,13,0,2,8,0,4,1,0,0,3,26,0
3,4,1,11,5,2,4,0,4,1,0,0,3,39,1
1,4,1,11,5,2,7,0,4,1,0,0,4,21,0
0,4,1,15,6,4,1,3,3,0,0,0,1,39,0
4,2,2,14,9,2,1,0,1,1,0,0,3,25,1
1,4,0,9,8,4,10,1,4,1,0,0,3,39,0
0,4,1,5,2,2,14,0,4,1,0,0,3,39,0
0,8,1,11,5,4,6,3,4,1,0,0,3,39,0
2,4,2,11,5,2,5,0,2,1,0,0,3,39,0
1,5,0,11,5,2,4,0,4,1,0,0,6,2,1
2,2,1,15,6,2,11,0,4,1,0,0,3,39,1
5,4,1,9,8,2,4,0,4,1,0,0,4,39,1
0,4,0,15,6,4,10,3,0,0,0,0,0,39,0
3,2,0,12,8,0,10,4,4,0,0,0,6,39,0
0,4,0,15,6,0,4,1,4,1,0,0,5,39,0
2,2,1,12,8,0,10,1,2,1,0,0,3,23,0
3,4,1,11,5,0,14,1,4,1,0,4,4,39,0
2,4,3,15,6,2,1,0,4,1,0,0,3,39,0
5,4,0,11,5,2,9,2,2,0,0,0,1,39,0
0,0,0,15,6,4,0,3,4,0,0,0,0,39,0
0,4,1,1,4,2,8,0,4,1,0,0,3,39,0
0,0,0,11,5,3,0,1,4,0,0,0,3,39,0
4,4,0,11,5,2,3,0,4,1,0,0,3,39,1
3,4,0,9,8,2,4,0,4,1,0,0,6,39,0
1,5,0,15,6,2,12,0,4,1,0,0,5,39,0
3,4,1,15,6,0,4,4,4,0,0,0,4,39,0
2,4,0,11,5,4,7,3,4,1,0,0,3,39,0
0,4,0,15,6,4,12,1,4,0,0,0,1,39,0
3,5,0,14,9,2,10,0,4,1,0,4,5,39,1
3,4,2,13,0,4,8,1,4,0,0,0,1,39,0
1,4,2,11,5,4,12,1,4,0,0,0,3,39,0
5,4,0,12,8,2,10,0,4,1,0,0,3,0,1
3,4,0,11,5,0,4,1,4,0,0,0,3,39,0
2,4,0,1,4,2,3,0,4,1,0,0,3,39,0
1,4,1,11,5,2,14,2,4,1,0,0,3,39,0
3,2,1,1,4,0,1,4,4,0,0,0,3,39,0
1,4,0,5,2,4,3,1,4,1,0,0,5,39,0
4,4,0,11,5,0,8,3,4,0,0,0,3,39,0
2,4,2,15,6,2,4,0,4,1,0,0,3,39,0
5,6,0,9,8,0,5,1,4,1,2,0,5,39,1
5,4,1,12,8,4,4,1,4,1,0,0,3,5,0
5,4,1,9,8,2,3,0,2,1,0,0,4,39,1
0,4,1,2,4,4,8,1,4,1,0,0,3,39,0
4,4,1,5,2,2,8,0,4,1,0,0,4,5,0
1,4,1,8,6,2,7,0,4,1,0,4,4,39,1
2,6,0,8,6,0,8,4,4,0,0,0,9,39,0
2,4,1,11,5,2,12,0,4,1,0,0,5,39,0
1,4,0,10,9,2,10,5,4,0,0,0,9,39,0
0,4,0,15,6,4,1,3,4,0,0,0,3,39,0
2,4,1,11,5,3,3,1,1,1,0,0,3,0,0
3,4,3,6,2,2,4,0,4,1,0,0,3,26,0
6,0,0,15,6,2,0,0,4,1,0,0,0,39,0
2,4,1,15,6,2,4,5,4,0,0,0,3,39,1
4,4,0,11,5,0,1,1,4,0,0,0,3,39,0
2,4,0,11,5,2,7,0,4,1,0,0,8,39,0
3,4,1,10,9,2,10,0,4,1,9,0,5,39,1
4,0,0,4,1,2,0,0,2,1,0,0,0,39,0
1,4,1,7,7,4,7,4,2,0,0,0,3,39,0
1,0,0,9,8,2,0,0,4,1,0,4,3,39,0
1,4,0,15,6,4,13,4,4,0,0,0,3,39,0
6,4,1,15,6,0,1,1,4,0,0,0,3,39,0
0,4,0,11,5,4,8,2,4,1,0,0,2,39,0
1,4,1,12,8,2,10,0,1,1,0,0,3,39,1
7,0,1,15,6,2,0,0,4,1,0,0,2,39,0
3,4,1,11,5,2,3,0,4,1,0,0,3,39,0
4,4,1,11,5,2,3,0,4,1,0,0,1,39,0
3,4,2,11,5,0,8,4,2,1,0,0,3,39,0
0,4,1,15,6,4,1,2,2,0,0,0,2,23,0
5,6,1,12,8,6,8,1,4,0,0,0,1,39,0
5,4,1,7,7,2,1,0,4,1,0,0,2,39,0
0,4,1,11,5,4,12,1,4,1,0,0,4,39,0
1,4,0,11,5,4,12,1,4,0,0,0,0,39,0
0,4,1,15,6,4,3,3,4,1,0,0,1,39,0
0,4,1,15,6,4,14,3,4,1,0,0,3,39,0
0,2,1,6,2,4,8,3,4,1,0,0,4,39,0
5,4,2,11,5,2,12,0,4,1,0,0,3,39,1
2,4,0,9,8,0,10,1,4,0,0,0,5,39,1
2,7,3,12,8,2,10,5,2,0,0,0,3,39,1
3,2,0,9,8,2,4,0,4,1,0,0,5,39,0
4,4,1,15,6,0,8,1,4,0,0,0,1,39,0
7,4,1,11,5,2,3,0,4,1,0,0,1,39,0
1,0,1,9,8,4,0,1,4,0,0,0,3,39,0
6,4,2,4,1,0,3,1,4,1,0,0,3,39,0
4,4,0,11,5,2,3,0,4,1,0,0,3,39,0
1,4,0,11,5,2,8,5,4,0,0,0,3,39,0
0,4,0,11,5,4,5,1,4,1,0,0,5,39,0
5,4,1,11,5,2,6,0,2,1,0,0,1,39,1
2,4,2,7,7,2,3,0,4,1,0,0,4,39,0
1,6,2,11,5,2,4,0,4,1,0,0,3,31,0
5,7,1,11,5,2,5,0,4,1,0,0,3,39,1
2,4,1,11,5,2,4,0,4,1,0,0,3,39,0
4,5,1,10,9,2,10,0,4,1,0,0,5,39,1
0,4,0,11,5,4,12,3,4,1,0,0,5,39,0
4,4,1,11,5,2,3,0,4,1,0,0,4,39,1
3,4,0,15,6,2,14,0,4,1,0,0,5,39,0
1,4,1,9,8,4,10,1,4,1,0,3,3,39,0
1,4,0,11,5,4,5,3,4,1,0,0,3,39,0
1,4,1,9,8,2,1,0,4,1,0,4,3,39,1
2,4,1,11,5,2,7,0,1,1,0,0,3,0,0
6,4,0,15,6,6,8,1,4,0,0,0,1,39,0
1,4,0,6,2,0,14,1,4,1,0,0,3,39,0
1,4,0,11,5,2,13,0,4,1,0,0,3,39,0
2,4,1,15,6,2,13,0,4,1,0,0,5,39,0
3,4,0,11,5,5,12,4,2,0,0,0,2,39,0
0,4,1,15,6,4,12,3,4,0,0,0,1,39,0
1,6,1,11,5,2,5,0,4,1,0,0,7,39,0
5,6,1,11,5,3,4,1,4,1,0,0,7,39,0
5,4,1,9,8,2,12,0,4,1,0,0,5,39,1
0,7,2,11,5,4,1,3,4,1,0,0,3,39,0
1,1,0,9,8,4,10,3,2,0,0,0,3,39,0
3,4,2,1,4,2,3,0,4,1,0,3,5,39,1
3,4,0,7,7,2,3,0,4,1,0,0,3,39,0
0,4,1,11,5,4,12,1,4,0,0,0,3,39,0
1,4,1,9,8,4,10,1,2,1,0,0,3,39,0
1,4,1,11,5,2,6,0,4,1,0,0,3,39,1
0,4,1,15,6,4,6,1,4,1,0,0,1,39,0
2,6,1,15,6,2,4,0,4,1,0,0,5,39,1
5,5,1,15,6,2,4,0,4,1,1,0,6,39,1
3,4,0,9,8,2,10,0,4,1,0,0,3,39,1
2,4,2,15,6,4,1,4,3,0,0,0,3,39,0
3,2,1,12,8,0,10,1,2,1,0,0,3,39,0
5,4,0,15,6,2,3,0,4,1,0,0,3,39,1
3,4,1,11,5,2,4,0,4,1,0,0,3,39,1
0,4,0,15,6,4,12,3,4,0,0,0,0,39,0
4,2,1,5,2,2,14,0,4,1,0,4,3,39,0
3,6,2,15,6,2,13,0,4,1,0,0,5,39,1
4,5,0,9,8,2,4,0,4,1,0,0,6,39,0
4,1,1,9,8,0,10,1,4,1,0,0,3,39,0
2,7,0,10,9,2,10,0,1,1,0,0,5,17,0
2,4,0,11,5,2,12,0,4,1,0,0,5,39,1
1,4,1,15,6,2,8,0,4,1,0,0,3,39,0
2,4,1,15,6,0,4,4,4,0,0,0,3,39,0
2,4,2,12,8,2,7,0,4,1,0,0,4,39,0
1,4,0,8,6,0,10,4,4,0,0,0,3,39,0
0,4,1,1,4,4,12,3,4,1,0,0,1,0,0
1,4,0,11,5,2,6,0,4,1,0,0,3,39,0
4,4,2,11,5,0,7,1,4,1,0,0,3,39,0
2,4,0,7,7,2,10,0,4,1,0,0,4,39,1
1,4,0,15,6,2,3,0,2,1,0,0,3,39,0
2,4,1,15,6,4,4,1,4,1,0,0,6,39,0
1,2,0,9,8,2,8,0,4,1,0,0,3,39,1
6,4,2,11,5,6,1,1,4,0,0,0,1,39,0
2,4,0,11,5,2,1,0,4,1,0,0,3,39,0
2,4,1,9,8,4,4,1,4,1,0,0,5,39,1
2,4,0,9,8,2,10,2,4,1,0,0,3,39,0
1,4,1,15,6,2,7,0,4,1,0,0,3,39,0
2,4,1,12,8,2,10,0,4,1,0,0,3,39,1
9,4,0,11,5,6,14,4,4,1,0,0,9,39,0
5,4,1,5,2,2,3,0,4,1,0,0,2,39,0
2,4,1,11,5,2,7,0,4,1,0,0,3,39,1
3,4,1,15,6,2,10,5,4,0,0,0,5,39,1
3,4,1,11,5,0,3,2,4,1,0,0,3,39,0
1,4,0,15,6,0,10,4,4,0,0,0,3,39,0
1,4,1,15,6,5,1,4,2,0,0,0,3,39,0
4,4,0,3,0,6,8,4,4,0,0,0,3,32,0
1,4,2,7,7,4,6,3,4,1,0,0,2,39,0
1,4,2,1,4,4,3,1,4,1,0,0,3,39,0
0,4,1,15,6,3,1,3,4,0,0,0,1,39,0
2,4,0,4,1,2,6,0,4,1,0,0,3,26,0
5,2,1,15,6,2,11,0,4,1,0,0,5,39,0
2,2,1,15,6,2,11,0,4,1,0,0,3,39,0
4,0,0,2,4,2,0,5,4,0,0,0,3,22,0
1,4,1,7,7,0,12,4,4,0,0,0,3,39,0
1,4,0,9,8,4,12,3,4,1,0,0,1,39,0
1,6,0,11,5,4,12,4,1,0,0,0,3,39,0
3,2,1,15,6,2,11,0,4,1,0,0,5,39,1
2,4,1,15,6,2,4,0,2,1,0,4,6,5,1
0,4,1,1,4,4,3,3,4,0,0,0,1,39,0
2,4,1,7,7,2,12,5,4,0,0,0,3,39,0
3,6,0,11,5,6,8,2,4,0,0,0,3,39,0
3,1,1,11,5,5,4,1,2,0,0,0,3,39,0
2,4,0,11,5,0,1,3,1,0,0,0,3,39,0
1,4,0,9,8,4,10,1,4,0,0,0,3,39,1
4,4,1,11,5,2,3,0,4,1,0,0,3,39,1
4,5,1,11,5,2,3,0,4,1,0,3,6,39,0
3,7,0,12,8,0,10,1,4,1,0,0,3,39,0
2,4,0,7,7,2,4,0,4,1,0,0,6,39,1
7,6,0,11,5,6,8,1,4,1,0,0,1,39,0
2,4,1,15,6,0,4,4,4,1,0,0,6,39,0
1,4,1,2,4,4,12,4,2,0,0,0,3,39,0
3,4,1,9,8,2,4,0,4,1,0,0,5,39,1
4,4,1,11,5,0,12,1,4,0,0,0,3,39,0
3,4,0,15,6,2,10,5,4,0,0,0,3,39,0
0,4,0,0,3,4,8,3,4,0,0,0,1,39,0
3,5,0,9,8,2,12,0,4,1,1,0,6,39,1
1,4,1,11,5,2,12,0,3,1,0,0,5,39,0
3,1,2,15,6,2,10,0,4,1,0,0,4,39,1
4,4,0,9,8,0,4,1,4,1,0,5,3,39,1
3,4,1,15,6,5,12,4,4,0,0,0,0,39,0
3,4,1,9,8,2,10,0,4,1,0,0,0,39,0
5,4,2,15,6,2,4,0,4,1,0,4,3,39,1
0,4,1,2,4,4,8,3,4,1,0,0,1,39,0
1,4,0,11,5,3,7,1,4,1,0,0,3,31,0
3,4,1,9,8,2,10,5,4,0,0,0,5,39,0
1,4,1,11,5,2,3,0,4,1,0,0,3,39,0
1,4,1,11,5,2,3,0,4,1,0,0,3,39,0
2,4,1,9,8,4,10,1,4,1,0,0,3,2,0
3,4,0,12,8,2,10,0,1,1,0,0,3,30,1
4,4,0,11,5,4,7,2,4,1,0,0,3,6,0
0,4,2,15,6,2,4,0,4,1,0,5,4,39,0
0,4,1,11,5,2,6,3,4,1,0,0,3,39,0
0,4,1,15,6,4,1,3,4,1,0,0,3,39,0
2,6,1,9,8,0,10,4,4,0,0,0,5,39,0
0,0,1,11,5,4,0,3,4,1,0,0,3,39,0
0,4,1,15,6,4,12,3,2,1,0,0,2,39,0
3,4,1,12,8,2,4,0,4,1,1,0,3,39,1
0,4,2,11,5,4,1,3,4,1,0,0,3,39,0
6,7,2,15,6,2,14,0,4,1,0,0,3,39,0
4,4,0,15,6,0,1,1,4,0,0,0,3,39,0
1,4,0,15,6,2,12,0,4,1,0,4,3,39,1
3,5,1,9,8,2,4,0,4,1,0,0,6,39,0
6,4,2,15,6,2,12,0,4,1,0,0,2,39,0
2,1,2,11,5,0,13,4,4,0,0,0,3,39,0
2,4,1,11,5,2,3,0,4,1,0,0,5,39,0
1,2,1,15,6,5,1,4,4,0,0,0,3,39,0
3,4,0,11,5,4,12,1,2,0,0,0,4,39,0
1,4,0,11,5,4,1,4,2,0,0,0,2,39,0
4,4,1,11,5,0,8,3,2,0,0,0,3,39,0
2,6,0,11,5,4,5,3,4,1,0,0,7,39,0
5,6,0,15,6,2,5,0,4,1,0,0,7,39,0
5,6,1,11,5,2,12,0,4,1,0,0,3,39,0
0,6,1,11,5,4,10,4,4,0,9,0,3,6,1
0,4,0,11,5,2,12,0,2,1,0,0,3,39,0
1,4,1,15,6,4,13,3,4,0,0,0,3,39,0
0,4,0,0,3,4,8,3,2,0,0,0,1,39,0
4,6,0,11,5,2,5,0,4,1,0,0,6,39,1
2,4,1,15,6,2,12,0,4,1,0,0,4,39,1
4,4,0,9,8,0,4,4,1,1,0,0,5,39,0
2,4,1,11,5,2,7,5,4,0,0,0,5,39,0
0,4,1,9,8,4,10,1,4,1,0,0,5,39,0
1,4,0,11,5,0,7,3,4,0,0,0,3,39,0
3,4,1,11,5,2,11,0,4,1,0,0,3,2,0
2,4,2,9,8,0,10,1,4,1,0,0,4,39,0
2,4,0,11,5,2,14,0,0,1,0,0,5,39,0
3,4,1,11,5,0,3,4,4,0,0,0,3,39,0
0,4,2,4,1,2,6,0,4,1,0,0,3,26,0
2,4,2,9,8,2,4,0,4,1,0,0,5,39,1
1,4,0,1,4,5,8,4,4,0,0,0,1,39,0
0,4,2,15,6,4,1,3,4,0,0,0,3,33,0
4,1,0,9,8,2,10,0,4,1,0,0,3,39,1
2,5,1,9,8,4,4,1,4,1,0,0,5,39,0
1,4,1,11,5,0,1,4,4,0,0,0,3,39,0
5,4,1,15,6,4,1,1,4,1,0,0,4,39,0
0,4,1,0,3,4,1,1,4,0,0,0,3,39,0
3,4,0,0,3,2,4,0,4,1,0,0,3,39,0
3,6,0,11,5,2,10,0,4,1,0,4,3,39,1
1,6,1,11,5,2,12,0,4,1,0,0,5,39,0
2,2,0,8,6,0,11,3,1,1,0,0,3,39,0
4,4,0,9,8,0,4,4,4,1,0,0,4,39,1
7,4,1,6,2,0,9,1,2,0,0,0,0,39,0
1,4,1,9,8,2,10,0,4,1,0,0,5,39,0
0,4,1,9,8,4,4,3,4,0,0,0,3,39,0
2,5,1,11,5,2,4,0,4,1,0,0,3,39,1
3,2,1,9,8,0,13,1,4,0,0,0,3,9,1
9,0,1,5,2,5,0,1,4,0,0,0,1,39,0
5,6,0,1,4,2,5,0,4,1,0,0,5,39,0
4,4,0,11,5,6,1,1,4,0,0,0,3,39,0
5,7,1,14,9,2,10,0,4,1,1,0,3,39,1
4,4,0,9,8,2,3,0,4,1,0,0,3,39,0
2,6,1,11,5,5,12,1,4,1,0,0,5,39,0
2,4,1,15,6,5,1,4,2,0,0,0,3,0,0
1,4,0,7,7,4,3,3,3,1,0,0,5,39,0
0,4,1,11,5,4,6,2,4,1,0,0,3,39,0
0,4,0,15,6,2,13,0,4,1,0,0,3,39,0
1,4,0,15,6,2,3,0,4,1,0,0,3,39,0
0,4,1,15,6,4,12,3,4,0,0,0,0,39,0
1,6,1,11,5,4,3,1,4,1,0,0,5,39,0
1,4,1,12,8,2,10,0,1,1,0,0,3,17,1
0,4,1,15,6,4,3,1,4,1,0,0,3,39,0
6,4,0,11,5,0,4,2,4,0,0,0,5,39,0
0,4,0,15,6,4,12,3,4,1,0,0,4,39,0
1,4,1,11,5,4,4,1,4,0,0,0,3,39,0
3,4,0,12,8,2,4,0,4,1,1,0,6,39,1
1,2,1,11,5,2,3,0,4,1,0,0,3,39,0
1,1,0,9,8,1,10,0,4,1,0,0,5,39,1
5,4,0,8,6,6,3,1,4,0,0,0,2,39,0
6,0,1,0,3,2,0,0,4,1,0,0,3,39,0
1,4,1,15,6,2,1,0,4,1,0,0,5,39,0
2,4,0,11,5,2,7,0,4,1,0,0,3,39,0
2,4,0,11,5,2,3,0,4,1,0,3,3,39,0
1,4,1,9,8,2,1,5,4,0,0,0,3,5,1
2,4,0,11,5,2,12,0,4,1,0,0,4,39,1
3,4,0,11,5,5,12,1,4,0,0,0,3,39,0
6,4,0,9,8,0,4,1,4,0,0,0,3,39,0
2,4,0,15,6,0,10,1,4,1,0,0,3,39,0
3,2,1,12,8,4,10,4,4,0,0,0,4,39,0
1,0,1,15,6,4,0,3,2,1,0,0,3,0,0
1,4,2,9,8,2,10,5,4,0,0,0,3,39,1
1,4,1,10,9,4,10,1,4,0,0,0,1,39,0
6,4,1,14,9,2,10,0,4,1,0,3,7,39,0
2,0,1,11,5,2,0,0,4,1,0,0,2,39,0
5,4,0,0,3,5,9,1,2,0,0,0,2,39,0
1,4,0,11,5,0,8,4,4,0,0,0,4,39,0
1,4,2,11,5,4,8,1,4,1,0,0,2,39,0
1,4,1,11,5,0,8,4,4,0,0,0,9,39,0
2,5,1,11,5,2,4,0,4,1,9,0,5,0,1
4,1,0,15,6,0,4,1,4,1,0,0,3,39,0
5,6,0,11,5,2,5,0,4,1,0,0,6,39,0
1,4,0,11,5,0,7,4,4,1,0,0,3,39,0
0,4,0,11,5,4,7,1,4,0,0,0,3,39,0
1,4,1,11,5,0,8,2,1,0,0,0,3,35,0
0,4,1,11,5,4,3,1,4,1,0,0,5,39,0
4,4,1,11,5,2,7,0,4,1,0,4,3,39,0
0,4,1,11,5,4,12,1,4,1,0,0,2,39,0
2,0,0,8,6,2,0,5,4,0,0,0,1,39,1
1,4,1,15,6,2,10,0,4,1,0,0,5,39,0
3,4,1,11,5,2,4,0,4,1,0,0,5,39,1
4,4,0,11,5,2,14,0,4,1,0,0,5,39,1
1,6,1,9,8,4,10,1,2,1,0,0,5,39,1
4,4,0,11,5,2,6,0,4,1,0,0,3,39,1
1,4,2,6,2,5,6,2,4,1,0,0,3,8,0
1,0,1,11,5,4,0,4,2,0,0,0,3,39,0
3,4,0,15,6,0,14,1,4,1,0,0,6,39,0
2,4,1,11,5,0,14,1,4,1,0,0,3,39,0
3,7,0,8,6,4,4,4,4,0,0,0,5,39,0
3,4,1,15,6,2,14,0,4,1,0,0,4,39,0
5,1,0,11,5,2,1,0,4,1,0,0,3,39,1
4,4,0,4,1,4,7,1,4,1,0,0,4,39,0
3,2,0,12,8,2,10,0,4,1,0,0,5,39,0
6,4,1,11,5,2,8,0,4,1,0,0,3,39,0
1,4,0,15,6,0,3,4,4,0,0,0,1,39,0
3,4,2,15,6,2,4,0,4,1,1,0,5,39,1
1,4,0,15,6,4,1,1,4,0,0,0,6,39,0
2,2,1,7,7,2,10,0,4,1,0,0,4,2,1
0,0,2,11,5,4,0,1,4,0,0,0,4,39,0
1,2,1,15,6,0,1,1,4,0,0,0,3,39,0
4,4,1,1,4,2,6,0,4,1,0,0,3,39,0
4,6,0,15,6,2,3,0,4,1,0,0,5,39,0
2,4,0,9,8,4,10,1,4,1,0,0,4,39,1
1,4,1,9,8,2,13,0,1,1,0,0,3,19,1
2,5,2,15,6,2,4,0,4,1,0,0,6,39,1
2,4,1,15,6,4,4,2,4,0,0,0,5,39,0
3,4,1,15,6,0,4,1,4,0,0,0,3,39,0
3,4,0,9,8,6,8,3,1,0,0,0,3,30,0
4,4,0,11,5,0,1,1,4,1,0,0,3,39,0
1,4,1,11,5,2,1,0,4,1,0,0,3,39,0
0,7,0,11,5,2,4,0,4,1,0,0,3,39,0
1,4,0,11,5,2,8,0,4,1,0,0,3,39,0
5,7,1,9,8,2,10,5,4,0,0,0,1,39,1
2,4,1,11,5,2,3,0,4,1,0,0,5,39,1
1,4,0,11,5,4,3,2,4,1,0,0,3,39,0
0,4,0,15,6,4,10,3,4,0,0,0,0,39,0
1,7,1,11,5,2,1,3,4,0,0,0,3,39,0
0,6,1,11,5,4,3,3,4,1,0,0,5,39,0
2,4,0,11,5,2,14,0,4,1,0,0,4,39,0
7,0,1,14,9,2,0,5,4,0,0,0,2,0,0
3,6,1,9,8,2,1,0,4,1,0,0,3,9,0
4,5,0,11,5,0,4,1,4,1,1,0,3,39,1
6,0,0,0,3,2,0,0,4,1,0,0,3,39,0
5,6,1,14,9,2,10,0,4,1,0,0,5,39,1
1,4,0,9,8,2,10,5,4,0,0,0,3,39,1
5,6,0,15,6,2,12,0,4,1,0,0,3,39,0
1,6,2,11,5,4,5,1,4,1,0,0,3,39,0
3,7,0,12,8,0,4,1,4,1,0,0,4,39,0
1,0,2,15,6,4,0,3,1,1,0,0,3,30,0
1,7,1,15,6,0,1,4,4,0,0,0,3,39,0
1,4,1,9,8,4,1,1,4,0,0,0,3,39,0
2,4,1,11,5,4,3,1,4,1,0,0,3,39,0
4,4,1,9,8,2,5,0,4,1,0,0,6,39,0
1,4,4,15,6,4,3,1,2,1,0,0,4,39,0
1,4,1,4,1,4,8,3,4,1,0,0,3,26,0
5,2,0,11,5,5,11,4,2,0,0,0,3,39,0
3,6,1,9,8,2,4,0,4,1,0,0,5,39,1
4,0,0,12,8,3,0,2,4,1,0,0,3,39,0
4,0,0,11,5,5,0,1,2,1,0,0,0,39,0
0,4,0,11,5,2,4,0,4,1,0,0,4,39,0
2,5,0,8,6,2,12,0,4,1,0,0,6,39,1
1,1,2,9,8,4,4,1,4,1,0,0,3,39,0
1,4,1,2,4,4,8,1,3,1,0,0,3,39,0
4,6,0,11,5,2,12,5,4,0,0,0,5,39,0
3,2,0,9,8,2,4,0,4,1,0,0,4,39,1
5,2,0,9,8,2,10,5,4,0,0,0,6,39,0
5,4,0,11,5,2,14,0,4,1,0,0,5,39,0
1,4,1,11,5,2,7,0,4,1,0,0,4,2,0
2,4,1,9,8,2,10,0,4,1,0,0,3,39,1
1,4,0,1,4,4,14,1,4,1,0,0,3,39,0
1,0,0,9,8,2,0,5,3,0,0,0,3,36,1
2,4,0,11,5,4,5,1,2,1,0,0,3,39,0
2,6,0,11,5,2,3,0,4,1,0,0,4,39,0
2,4,1,9,8,2,4,0,4,1,0,0,6,39,0
3,4,1,15,6,2,10,0,4,1,0,0,5,39,0
2,4,0,15,6,2,14,0,4,1,0,0,3,39,0
1,4,0,15,6,0,8,1,4,1,0,0,2,39,0
3,4,2,11,5,2,12,0,4,1,0,0,3,39,0
1,4,1,11,5,4,14,1,4,1,0,0,3,39,0
2,4,1,15,6,0,3,3,4,1,0,0,3,39,1
3,4,1,9,8,0,1,4,4,1,0,0,2,39,0
3,7,2,9,8,2,4,0,4,1,0,0,3,39,0
4,2,0,11,5,4,4,3,4,0,0,0,3,39,0
0,0,1,15,6,4,0,3,4,0,0,0,3,39,0
0,4,1,15,6,4,8,3,4,0,0,0,1,39,0
4,4,0,11,5,4,3,1,4,1,0,0,3,39,1
4,2,0,15,6,0,10,1,4,0,0,4,3,39,0
4,4,1,11,5,2,3,0,4,1,0,0,4,39,1
1,2,0,11,5,4,11,2,2,1,0,4,3,39,0
0,4,1,11,5,4,10,4,4,0,0,0,5,39,0
4,5,2,14,9,2,10,0,4,1,0,0,7,39,1
0,4,1,2,4,4,12,3,4,0,0,0,0,39,0
1,4,1,11,5,2,8,0,4,1,0,0,3,39,0
2,4,1,8,6,2,12,0,4,1,0,0,3,39,0
3,4,1,9,8,2,12,0,4,1,0,0,6,39,1
0,4,1,11,5,2,8,5,4,0,0,0,2,39,0
0,4,0,1,4,4,6,3,4,1,0,0,2,39,0
1,2,2,9,8,4,10,2,4,1,0,0,5,39,0
4,4,1,9,8,2,12,0,4,1,0,0,5,39,1
2,4,1,3,0,2,6,0,4,1,0,0,3,26,0
2,4,1,15,6,4,1,4,4,0,0,0,3,39,0
2,0,1,0,3,0,0,1,4,1,0,0,3,4,0
7,6,1,14,9,2,10,0,4,1,0,0,3,39,0
7,6,1,11,5,2,4,0,4,1,0,0,0,39,0
3,2,2,15,6,0,1,4,4,0,0,0,4,39,0
2,7,2,9,8,2,11,0,4,1,0,0,3,39,1
0,4,2,11,5,4,6,3,4,1,0,0,3,39,0
3,4,0,8,6,2,3,0,4,1,0,0,3,39,0
1,4,1,8,6,2,10,0,4,1,0,0,3,39,0
0,0,2,15,6,4,0,1,4,1,0,0,3,39,0
1,4,0,15,6,2,1,0,4,1,0,0,2,39,0
5,4,3,11,5,6,12,1,4,1,0,0,3,39,0
0,4,0,15,6,4,8,1,4,0,0,0,5,39,0
0,4,0,15,6,4,10,4,4,0,0,0,2,39,0
0,4,0,15,6,4,8,1,4,0,0,0,2,39,0
0,4,2,11,5,5,8,1,4,0,0,0,5,39,0
0,4,1,15,6,4,1,3,4,0,0,0,0,39,0
1,4,0,4,1,2,7,0,4,1,0,0,3,0,0
3,4,1,11,5,0,6,4,4,1,0,0,3,39,0
0,4,1,12,8,4,10,1,4,0,0,0,3,39,0
0,4,1,6,2,4,12,3,4,0,0,0,4,39,0
2,4,1,11,5,0,4,1,4,1,0,0,6,39,0
3,4,1,9,8,0,7,2,4,1,0,0,3,39,0
1,4,0,1,4,5,7,1,2,1,0,0,3,39,0
3,4,0,15,6,2,14,0,4,1,0,4,6,39,1
4,4,1,11,5,4,3,1,2,1,0,0,3,39,0
2,4,1,11,5,0,4,1,4,1,0,0,6,39,0
5,1,1,9,8,5,8,4,4,0,0,0,7,0,0
4,6,1,11,5,2,14,0,4,1,0,0,5,39,0
2,4,1,11,5,2,4,0,4,1,0,0,3,39,0
0,4,1,9,8,4,4,3,4,1,0,0,2,0,0
4,1,0,2,4,4,8,4,2,0,0,0,3,39,0
4,4,0,15,6,3,1,1,4,0,0,0,3,39,0
0,4,0,15,6,4,8,1,4,0,0,0,1,39,0
2,2,0,9,8,2,10,0,4,1,0,0,3,39,1
0,4,1,11,5,4,12,3,4,0,0,0,2,39,0
1,4,0,9,8,2,10,0,4,1,0,0,3,39,1
0,4,1,8,6,4,7,3,4,1,0,0,3,39,0
1,2,1,7,7,2,11,0,4,1,0,0,4,39,1
6,0,2,8,6,2,0,0,4,1,0,0,5,39,1
1,4,1,9,8,4,8,1,1,1,0,0,1,3,0
4,4,0,15,6,2,6,0,4,1,0,0,3,39,0
5,6,0,9,8,2,4,0,4,1,0,0,5,39,0
0,4,0,15,6,4,1,2,1,1,0,0,1,33,0
2,4,1,0,3,4,3,2,4,1,0,0,4,39,0
4,4,0,15,6,2,12,0,4,1,0,0,4,39,1
1,4,1,0,3,0,3,1,4,1,0,0,3,39,0
0,4,1,1,4,4,3,3,4,1,0,0,4,39,0
0,4,1,11,5,2,5,0,4,1,0,0,6,39,0
6,5,0,7,7,2,12,0,4,1,0,0,3,39,1
1,4,2,9,8,4,10,1,4,1,0,0,7,39,0
0,4,1,11,5,0,12,3,4,0,0,0,3,39,0
0,4,2,2,4,4,8,3,4,1,0,0,1,39,0
2,2,0,11,5,2,1,5,4,0,0,0,3,39,1
4,4,0,11,5,2,3,0,4,1,0,0,3,39,0
4,4,0,0,3,4,5,3,4,1,0,0,3,39,0
1,0,1,15,6,4,0,2,4,0,0,0,3,39,0
4,4,1,1,4,2,1,0,4,1,0,3,5,39,0
3,6,1,14,9,2,10,0,4,1,0,4,4,39,1
3,4,1,11,5,4,10,1,4,1,0,0,3,39,0
3,4,0,11,5,2,9,5,4,0,0,0,3,39,0
1,4,0,8,6,0,7,4,4,1,0,0,4,39,0
4,4,1,9,8,2,4,0,4,1,0,0,3,39,1
0,7,0,15,6,4,4,3,4,1,0,0,0,39,0
2,4,0,15,6,2,4,0,4,1,0,0,6,39,1
2,4,0,11,5,0,7,1,4,1,0,0,3,39,0
0,4,2,15,6,2,3,0,4,1,0,0,3,39,0
3,2,0,8,6,0,3,4,4,0,0,0,4,39,0
6,4,1,9,8,2,3,0,1,1,0,0,2,30,0
2,4,1,12,8,4,12,4,4,1,0,0,6,39,1
3,4,0,9,8,0,13,4,4,0,0,0,3,39,0
7,0,1,11,5,2,0,5,4,0,0,0,0,39,0
3,4,1,11,5,2,3,0,4,1,0,0,3,39,0
1,4,1,15,6,5,9,1,4,0,0,0,2,13,0
5,6,1,11,5,2,14,0,4,1,0,0,6,39,1
0,4,0,11,5,2,3,0,4,1,0,0,3,39,0
3,4,2,11,5,2,7,0,4,1,0,0,3,39,0
3,2,1,9,8,0,10,4,4,0,0,0,5,39,0
3,1,1,15,6,4,1,4,2,0,0,0,3,39,0
4,4,1,11,5,4,3,1,4,1,0,0,3,39,0
1,4,0,6,2,2,3,0,4,1,0,0,3,39,0
6,4,1,11,5,2,6,0,2,1,0,0,3,0,0
2,4,0,15,6,2,12,0,4,1,0,0,3,39,0
3,4,0,15,6,5,6,1,4,1,0,0,3,39,0
6,4,0,15,6,0,8,1,4,0,0,0,6,39,0
4,4,0,7,7,2,14,0,4,1,0,0,4,39,0
6,2,1,12,8,6,10,4,2,0,0,0,3,39,1
0,4,0,15,6,4,8,2,1,1,0,0,2,39,0
2,4,0,9,8,2,10,0,1,1,0,0,5,24,1
4,5,1,9,8,2,4,0,4,1,0,0,5,39,1
3,4,1,8,6,4,7,3,4,1,0,0,3,39,0
4,4,0,11,5,2,14,0,4,1,0,0,3,39,1
3,4,0,12,8,2,10,0,4,1,0,0,3,39,1
1,4,1,11,5,2,8,3,4,1,0,0,3,39,0
1,4,1,8,6,4,1,1,4,1,0,0,3,0,0
0,4,0,9,8,4,10,3,4,0,0,0,0,39,0
2,4,1,7,7,4,4,4,4,0,0,0,5,0,0
5,2,0,11,5,2,11,0,4,1,0,0,3,39,0
1,4,0,11,5,4,3,1,4,1,0,0,3,39,0
3,2,1,9,8,2,10,0,4,1,0,0,3,39,1
6,4,1,9,8,2,10,0,4,1,1,0,5,39,1
3,4,0,15,6,0,12,1,4,1,0,0,3,39,0
1,4,0,11,5,4,8,1,4,0,0,0,3,39,0
7,4,1,0,3,6,8,1,2,0,0,0,0,39,0
2,4,1,9,8,2,10,5,4,0,0,0,3,39,1
4,4,1,12,8,2,10,0,4,1,0,0,5,39,1
1,4,2,11,5,5,4,4,4,0,0,0,2,39,0
3,4,1,12,8,4,10,1,4,1,0,0,6,39,1
1,4,2,15,6,4,5,2,4,0,0,0,6,39,0
4,4,1,11,5,2,7,0,4,1,0,0,4,39,0
4,4,0,8,6,0,4,1,4,1,0,0,4,39,1
5,4,2,8,6,2,3,0,4,1,0,4,4,39,1
0,4,0,0,3,4,8,3,4,1,0,0,2,39,0
4,4,0,9,8,4,9,1,4,1,0,0,2,39,0
3,4,1,9,8,2,4,0,4,1,0,0,3,9,1
2,2,2,11,5,2,8,0,2,1,0,0,3,39,0
0,4,0,15,6,4,12,1,4,0,0,0,2,39,0
0,0,0,0,3,4,0,3,4,0,0,0,1,39,0
1,4,0,15,6,2,12,0,1,1,0,0,5,36,0
0,4,0,11,5,2,7,0,4,1,0,0,3,39,0
1,4,2,15,6,4,14,2,4,1,0,0,3,39,0
6,4,1,15,6,2,1,0,4,1,0,0,3,39,1
0,5,1,0,3,4,12,3,4,1,0,0,1,39,0
3,4,1,11,5,0,14,1,2,1,0,0,1,14,0
2,4,0,11,5,4,12,3,4,0,0,0,1,39,0
0,4,0,1,4,4,12,3,3,0,0,0,1,0,0
3,4,1,9,8,4,13,1,1,0,0,5,4,30,0
3,4,1,9,8,2,4,0,1,1,0,0,6,3,1
2,4,4,0,3,2,5,0,4,1,0,0,3,26,0
3,6,0,12,8,0,8,4,4,0,0,0,2,39,0
3,4,1,9,8,4,1,4,1,0,0,0,3,30,0
4,4,0,9,8,6,10,4,4,0,0,0,3,39,0
1,4,2,9,8,2,10,0,4,1,0,0,3,39,1
1,2,0,9,8,4,10,1,4,1,0,0,3,39,0
3,4,0,9,8,2,10,0,4,1,0,0,6,21,1
0,6,0,11,5,4,8,3,4,1,0,0,5,39,0
1,4,0,15,6,2,1,5,4,0,0,3,3,39,0
2,4,0,8,6,2,4,0,4,1,0,0,5,39,1
2,0,0,11,5,2,0,5,4,0,0,0,0,39,1
0,4,1,15,6,4,8,3,4,0,0,0,1,39,0
3,2,1,9,8,2,11,0,2,1,0,0,3,39,1
4,6,0,9,8,3,4,1,2,1,0,0,3,23,1
3,5,2,9,8,2,4,0,4,1,0,0,4,39,1
1,4,1,11,5,5,11,2,4,1,0,0,3,39,0
3,4,1,15,6,5,4,4,4,0,0,0,1,39,0
5,4,0,11,5,0,3,1,4,1,0,0,3,39,1
0,4,1,9,8,4,6,2,4,0,0,0,3,5,0
0,4,1,15,6,4,8,3,4,1,0,0,5,39,0
0,4,2,0,3,0,3,3,4,1,0,0,3,39,0
3,4,1,15,6,2,1,5,4,0,0,0,4,39,1
1,0,1,15,6,4,0,3,4,0,0,0,3,39,0
0,4,1,15,6,4,8,1,4,0,0,0,1,39,0
6,7,1,5,2,2,8,5,2,0,0,0,3,39,0
0,4,1,15,6,4,8,3,4,1,0,0,3,39,0
0,0,3,7,7,4,0,3,4,1,0,0,1,39,0
8,0,0,11,5,6,0,1,2,0,0,0,2,39,0
4,4,1,15,6,0,8,1,4,1,0,0,3,39,0
3,4,1,11,5,2,8,0,0,1,0,0,4,39,0
0,4,1,11,5,4,12,4,4,0,0,0,3,39,0
5,6,1,12,8,0,12,1,4,1,0,0,1,39,0
3,4,0,11,5,4,7,4,4,0,0,0,3,2,0
4,4,1,1,4,4,7,4,2,0,0,0,3,39,0
1,4,1,15,6,4,12,3,2,0,0,0,2,39,0
4,4,1,11,5,2,4,0,4,1,0,0,3,39,0
5,4,2,15,6,0,7,1,3,1,0,0,3,26,0
1,6,0,9,8,0,4,4,4,1,0,0,6,39,1
0,4,1,9,8,4,4,1,4,0,0,0,3,2,0
2,6,2,11,5,2,14,0,4,1,0,0,7,26,1
3,6,1,11,5,2,4,0,4,1,0,0,3,39,0
2,4,2,11,5,2,7,0,2,1,0,0,3,14,0
4,4,0,15,6,0,1,4,4,0,0,0,3,39,0
3,7,0,15,6,2,4,0,4,1,0,3,3,39,0
6,1,0,15,6,2,1,5,4,0,0,0,2,39,0
5,4,1,11,5,2,8,0,2,1,0,0,3,39,0
3,4,1,11,5,0,8,1,4,1,0,0,3,39,0
0,4,1,9,8,4,4,3,4,0,0,0,5,39,0
0,4,0,11,5,4,12,1,4,1,0,0,3,39,0
5,4,1,11,5,2,3,0,4,1,0,0,3,39,0
3,4,2,11,5,2,14,0,4,1,0,0,3,39,0
2,4,1,11,5,0,3,3,4,1,0,0,3,39,0
3,4,1,12,8,4,4,1,4,0,0,0,3,39,1
0,4,0,11,5,4,12,3,4,1,0,0,4,39,0
0,4,1,6,2,4,8,3,4,1,0,0,5,39,0
2,4,1,11,5,4,8,1,4,1,0,0,3,39,0
2,4,1,11,5,2,3,0,4,1,0,0,3,39,0
0,4,2,4,1,2,3,0,4,1,0,0,3,26,0
1,4,0,11,5,0,10,3,4,0,0,0,3,39,0
2,4,1,15,6,2,12,5,4,0,0,0,1,39,0
1,7,0,12,8,4,10,1,4,0,0,0,3,39,0
3,4,0,15,6,2,3,0,4,1,0,4,3,39,1
5,7,1,12,8,3,10,1,1,0,0,0,3,3,0
5,4,0,11,5,2,3,0,4,1,0,0,2,39,0
5,4,0,15,6,2,4,0,4,1,0,3,4,39,0
4,2,0,9,8,2,10,0,4,1,0,0,3,39,0
1,4,0,11,5,4,3,4,4,1,0,0,3,39,0
0,6,0,11,5,4,14,3,4,1,0,0,4,39,0
2,4,1,11,5,4,7,1,4,1,0,0,3,39,0
1,4,2,15,6,2,4,0,4,1,0,0,5,11,1
5,4,1,9,8,2,4,0,4,1,0,0,4,39,1
0,4,1,11,5,4,5,1,4,1,0,0,5,39,0
2,5,0,15,6,2,4,0,4,1,0,0,3,39,0
2,4,1,15,6,0,4,4,2,0,0,0,3,39,0
3,4,1,10,9,2,4,0,4,1,0,0,4,39,1
7,4,0,11,5,6,8,1,4,0,0,0,3,39,0
3,4,0,11,5,4,6,1,4,1,0,0,3,39,0
4,4,1,1,4,2,3,0,4,1,0,0,3,6,0
5,4,1,11,5,2,3,0,4,1,0,0,3,39,0
7,4,1,11,5,2,11,0,4,1,0,0,3,39,1
1,4,0,9,8,4,12,3,4,1,0,0,4,39,0
1,7,2,12,8,2,10,5,4,0,0,0,5,39,1
2,4,2,12,8,2,4,0,4,1,0,0,3,39,1
6,4,0,9,8,2,10,0,4,1,0,0,3,39,1
3,4,0,9,8,2,10,0,4,1,1,0,9,39,1
2,4,1,11,5,2,7,0,4,1,0,0,3,39,0
3,4,0,15,6,4,3,1,4,1,0,3,3,39,0
1,4,0,15,6,2,4,0,4,1,0,0,3,39,1
2,4,1,9,8,0,13,4,4,1,0,0,3,11,1
2,4,1,0,3,0,8,4,2,0,0,0,2,39,0
3,4,1,11,5,4,13,2,4,1,0,0,3,39,0
2,4,1,1,4,5,9,4,4,0,0,0,0,26,0
3,4,0,12,8,6,10,1,4,0,0,0,5,39,0
5,6,0,11,5,4,3,3,4,1,0,0,3,39,0
5,6,0,3,0,4,4,1,0,1,0,0,6,39,0
4,6,1,11,5,0,5,1,4,1,0,0,3,39,0
2,4,1,1,4,0,8,4,4,0,0,0,3,39,0
1,4,0,0,3,2,7,0,4,1,0,0,3,39,0
1,4,0,11,5,4,6,1,4,1,0,0,4,39,0
3,4,0,11,5,2,6,0,4,1,0,0,3,39,0
1,4,0,15,6,2,10,0,4,1,0,0,4,39,0
2,4,2,15,6,0,1,4,4,0,0,0,3,39,0
4,4,0,12,8,2,10,0,4,1,0,0,3,39,1
0,4,0,15,6,4,13,3,4,1,0,0,3,39,0
4,6,2,11,5,2,12,0,4,1,0,4,6,39,1
1,4,0,11,5,4,3,3,2,1,0,0,5,39,0
1,2,1,9,8,2,1,0,4,1,0,0,3,39,0
4,4,2,11,5,2,8,0,4,1,0,0,3,39,0
0,4,1,11,5,2,6,0,3,1,0,0,3,39,0
0,6,1,11,5,4,12,3,4,1,0,0,4,0,0
5,4,1,11,5,2,14,0,4,1,0,0,3,39,1
3,6,3,11,5,2,3,0,4,1,0,0,1,39,0
3,4,2,15,6,2,10,0,4,1,0,0,4,39,1
6,4,0,15,6,2,1,5,4,0,1,0,3,39,1
1,4,1,0,3,4,1,4,2,0,0,0,3,39,0
2,0,2,1,4,0,0,3,4,1,0,0,8,39,0
0,4,1,9,8,4,1,3,4,0,0,0,5,39,0
3,4,5,11,5,0,1,4,4,0,0,0,3,39,0
0,4,1,15,6,4,8,3,4,0,0,0,1,39,0
2,4,1,11,5,0,7,1,4,1,0,0,5,39,0
4,4,0,11,5,2,10,0,4,1,0,0,3,39,1
1,4,1,9,8,4,10,1,2,1,0,0,3,39,0
0,4,1,2,4,4,8,3,4,1,0,0,2,39,0
2,4,1,11,5,2,3,0,4,1,0,0,3,39,1
1,1,1,11,5,4,7,3,4,1,0,0,4,39,0
2,6,1,12,8,2,4,0,4,1,0,0,5,39,1
0,4,2,15,6,4,8,3,2,1,0,0,1,39,0
1,4,0,11,5,0,12,4,4,0,0,0,3,39,0
3,4,0,11,5,2,3,0,4,1,0,0,3,39,0
3,4,1,15,6,2,1,5,4,0,0,0,3,39,0
0,4,0,11,5,4,8,3,4,1,0,0,3,39,0
3,4,1,12,8,2,4,0,4,1,0,0,3,39,1
0,4,1,15,6,4,12,3,4,0,0,3,0,39,0
3,2,1,9,8,2,10,0,4,1,0,0,3,39,0
2,4,0,8,6,2,3,0,4,1,0,0,3,39,0
0,4,2,15,6,4,4,3,4,1,0,0,1,39,0
6,2,1,9,8,2,1,5,4,0,0,2,3,39,0
4,6,0,15,6,4,8,1,4,1,0,0,3,39,0
1,4,2,15,6,2,3,0,4,1,0,0,3,39,0
0,4,1,15,6,4,9,1,4,0,0,0,3,39,0
6,4,0,9,8,2,10,0,4,1,0,0,5,39,1
0,4,2,0,3,4,6,3,4,1,0,0,1,39,0
5,0,0,15,6,0,0,1,4,0,0,0,3,39,1
0,4,1,15,6,4,10,3,4,1,0,0,0,39,0
2,4,1,15,6,2,3,0,4,1,0,0,3,39,0
0,4,0,11,5,4,3,2,4,1,0,0,3,39,0
1,4,1,11,5,4,6,3,2,1,0,0,3,39,0
6,4,1,11,5,0,8,1,4,0,0,0,3,39,0
4,4,0,0,3,2,12,0,4,1,0,0,6,39,0
1,4,1,11,5,4,14,4,4,1,0,0,5,39,0
5,2,1,12,8,2,4,0,4,1,0,0,5,39,1
2,6,1,14,9,4,10,1,4,0,0,0,6,39,1
3,4,0,11,5,3,10,1,1,1,0,0,3,24,1
2,4,0,9,8,2,7,0,3,1,0,0,3,7,0
2,4,0,11,5,2,14,0,4,1,0,0,4,39,0
5,2,1,11,5,0,6,1,2,0,0,0,2,39,0
1,4,1,7,7,4,12,1,4,0,0,0,3,39,0
0,4,0,15,6,4,8,3,4,0,0,0,1,39,0
3,2,1,12,8,2,10,0,4,1,0,0,3,39,1
3,2,0,5,2,0,6,1,4,1,0,0,3,39,0
0,0,1,11,5,4,0,3,4,0,0,0,0,39,0
2,4,1,15,6,2,12,0,4,1,0,0,4,39,0
0,1,0,15,6,4,4,1,2,1,0,0,3,39,0
2,0,0,11,5,2,0,0,4,1,0,0,3,39,0
2,4,0,11,5,4,7,1,4,0,0,0,3,39,0
0,4,0,11,5,2,12,0,4,1,0,0,8,39,0
1,4,1,8,6,2,4,0,4,1,0,0,4,39,0
2,4,1,14,9,2,10,0,4,1,0,0,9,39,1
8,0,1,11,5,6,0,1,4,0,0,0,2,39,0
1,6,2,8,6,4,10,2,4,1,0,0,2,39,0
4,4,0,8,6,2,10,0,4,1,0,0,3,39,1
3,4,0,12,8,5,4,4,4,0,0,0,1,39,0
3,4,0,11,5,2,12,0,4,1,0,0,4,39,1
1,4,2,15,6,2,1,0,4,1,0,0,3,39,0
6,4,0,15,6,2,13,0,4,1,1,0,1,39,1
0,4,2,11,5,4,13,1,4,0,0,0,3,39,0
3,4,1,11,5,5,13,1,4,0,0,0,2,39,0
3,2,1,12,8,2,10,0,4,1,0,0,3,39,1
3,4,0,9,8,2,13,0,4,1,0,0,4,39,1
6,4,1,5,2,2,7,0,4,1,0,0,3,39,0
1,4,0,15,6,4,10,1,4,0,0,0,3,39,0
1,4,0,11,5,0,1,1,4,0,0,0,3,39,0
1,4,2,7,7,4,3,1,4,1,0,0,5,39,1
3,4,3,11,5,2,7,0,2,1,0,0,3,39,1
1,4,2,9,8,2,1,0,1,1,0,0,6,19,0
0,4,1,11,5,4,8,2,4,1,0,0,3,0,0
1,4,0,15,6,4,1,1,4,0,0,4,3,39,0
3,4,1,9,8,2,10,0,4,1,0,0,3,39,1
0,0,1,5,2,4,0,1,4,0,0,0,3,26,0
3,4,0,15,6,5,7,3,4,1,0,0,3,39,0
0,0,1,8,6,4,0,3,2,0,0,0,1,39,0
2,2,1,7,7,2,10,0,4,1,0,0,6,39,0
1,4,1,15,6,0,13,4,4,1,0,0,3,39,0
4,4,1,11,5,0,1,4,4,0,0,0,3,39,0
3,4,1,11,5,0,1,4,4,0,0,0,3,39,0
5,6,0,15,6,3,5,1,4,0,2,0,1,39,1
3,4,1,11,5,0,1,1,1,0,0,0,3,40,0
3,4,0,9,8,2,4,0,4,1,0,0,7,39,1
1,1,0,15,6,4,1,4,2,0,0,0,3,39,0
4,4,0,1,4,2,8,0,4,1,0,0,3,39,0
0,4,0,15,6,4,12,3,4,1,0,0,0,39,0
4,2,1,4,1,2,8,0,4,1,0,0,3,26,0
4,7,1,8,6,0,10,4,4,0,0,0,5,39,1
4,4,1,5,2,2,3,0,4,1,0,0,3,39,0
0,4,1,15,6,4,12,3,4,0,0,0,1,39,0
3,4,1,15,6,5,4,1,2,1,0,0,3,39,0
1,4,1,11,5,4,3,4,2,0,0,0,3,39,0
0,4,1,15,6,4,8,3,4,0,0,0,1,39,0
3,4,1,15,6,0,12,4,4,0,0,0,4,39,0
2,4,1,9,8,2,4,0,4,1,1,0,5,39,1
3,4,1,11,5,2,8,0,4,1,0,0,6,27,0
1,4,2,8,6,4,12,1,4,1,0,0,5,39,0
6,4,1,15,6,6,8,1,4,0,0,0,1,39,0
2,5,2,15,6,2,4,0,4,1,0,0,5,39,1
1,7,1,8,6,0,1,3,4,1,0,0,3,39,0
0,4,0,6,2,4,7,3,2,1,0,0,1,39,0
4,2,0,15,6,6,1,1,4,0,0,0,3,39,0
6,4,1,7,7,0,4,1,4,0,0,0,4,39,0
6,4,0,9,8,2,10,0,4,1,0,0,3,21,1
2,4,0,11,5,2,14,0,4,1,0,0,3,39,1
1,4,1,11,5,3,13,1,4,0,0,0,3,39,0
6,7,1,9,8,2,1,0,4,1,0,0,3,39,0
0,4,1,11,5,4,3,3,2,1,0,0,3,39,0
1,4,1,15,6,2,8,0,4,1,0,0,2,39,0
1,4,0,11,5,2,5,0,4,1,0,0,4,39,0
3,4,0,15,6,0,6,4,4,0,0,0,3,39,0
2,4,1,3,0,4,8,2,3,0,0,0,3,8,0
0,4,2,11,5,4,8,3,4,0,0,0,1,39,0
1,4,2,11,5,2,6,0,4,1,0,0,3,39,0
0,0,0,11,5,4,0,1,4,0,0,0,3,39,0
0,4,0,13,0,4,8,3,4,0,0,0,1,39,0
0,4,2,15,6,4,8,3,4,0,0,0,1,39,0
3,4,1,9,8,4,12,1,4,1,0,3,3,39,0
0,0,0,15,6,4,0,3,4,0,0,0,3,39,0
1,4,1,9,8,2,12,0,4,1,0,0,5,39,0
1,4,1,15,6,3,1,3,2,0,0,0,1,39,0
3,4,1,11,5,0,3,1,4,1,0,0,2,39,0
4,4,1,9,8,2,12,0,4,1,0,0,3,39,1
2,4,2,11,5,0,8,1,4,0,0,0,3,39,0
3,2,1,15,6,0,11,1,4,1,0,0,1,39,0
1,4,0,8,6,2,1,0,4,1,0,0,3,39,0
0,4,2,1,4,4,3,3,4,1,0,0,2,39,0
3,4,1,1,4,2,6,0,4,1,0,0,3,39,0
3,1,0,9,8,2,4,0,4,1,1,0,3,39,1
2,6,0,7,7,2,5,0,4,1,0,0,5,39,0
1,4,4,15,6,4,6,3,2,1,0,0,3,39,0
1,5,1,9,8,2,4,0,4,1,0,0,5,39,0
2,6,2,10,9,2,10,0,4,1,0,0,3,39,0
4,4,1,4,1,2,14,0,4,1,0,0,3,26,0
0,4,1,1,4,4,8,3,4,1,0,0,1,39,0
2,1,1,9,8,2,1,0,4,1,0,0,4,39,1
0,6,2,5,2,2,14,0,4,1,0,4,3,39,1
9,4,0,9,8,4,10,1,1,1,0,0,3,39,0
3,4,1,15,6,2,1,0,4,1,0,0,3,39,0
3,6,1,9,8,3,10,1,4,0,0,0,3,39,0
1,2,1,9,8,4,14,1,4,0,0,0,3,39,0
2,4,2,9,8,4,10,3,4,0,0,0,3,39,1
4,6,1,2,4,2,3,0,4,1,0,0,4,39,0
3,4,1,11,5,0,1,4,4,0,0,0,2,39,0
3,4,0,9,8,2,14,0,4,1,0,0,3,39,1
0,4,2,15,6,4,12,3,4,1,0,0,3,39,0
3,4,1,6,2,5,3,4,2,1,0,0,3,39,0
0,0,0,15,6,4,0,3,4,1,0,0,3,39,0
2,6,2,11,5,4,3,1,2,1,0,0,3,39,0
0,4,1,15,6,4,12,3,4,0,0,0,3,39,0
6,4,1,0,3,0,12,4,4,0,0,0,3,39,0
2,7,1,11,5,2,11,0,4,1,0,0,3,39,0
3,2,2,15,6,0,1,1,4,0,0,0,3,39,0
3,4,2,9,8,2,12,0,4,1,0,4,5,39,0
0,4,0,11,5,4,6,2,4,1,0,0,3,39,0
0,4,0,15,6,4,12,3,4,1,0,0,1,39,0
0,4,0,9,8,2,4,5,4,0,0,0,3,39,0
3,4,1,11,5,2,14,0,4,1,0,0,7,39,0
1,2,1,15,6,4,4,4,4,1,0,0,3,39,0
1,4,0,11,5,2,3,0,4,1,0,0,5,39,0
3,4,1,7,7,2,3,0,4,1,0,0,6,39,1
3,4,0,11,5,0,4,1,4,0,0,0,6,39,0
3,4,0,11,5,0,8,1,2,0,0,0,3,39,0
0,0,0,15,6,4,0,3,1,0,0,0,3,39,0
2,4,1,7,7,0,13,1,4,0,0,0,3,39,0
2,4,0,9,8,2,4,0,4,1,0,4,5,39,1
0,0,0,15,6,4,0,3,4,0,0,0,3,39,0
5,4,1,11,5,2,14,0,4,1,0,0,4,39,1
2,4,1,9,8,0,10,4,4,1,0,0,4,39,0
9,4,0,11,5,2,7,0,4,1,0,0,3,39,0
1,4,1,15,6,2,4,5,2,0,0,0,3,39,1
1,4,0,4,1,2,6,0,3,1,0,0,3,26,0
2,4,1,9,8,2,1,0,4,1,0,0,3,39,0
0,4,2,5,2,4,8,1,4,1,0,0,6,39,1
2,2,1,11,5,4,8,1,2,1,0,0,3,39,0
2,4,1,15,6,0,13,4,4,0,0,0,3,39,0
5,6,1,6,2,5,3,1,4,1,0,0,3,39,0
2,7,3,11,5,4,1,1,4,0,0,0,3,39,0
2,4,0,0,3,0,3,1,4,1,0,0,6,39,0
3,6,0,9,8,2,4,0,4,1,0,0,6,39,1
2,6,0,9,8,0,14,1,4,1,0,0,5,0,0
3,4,0,6,2,2,7,0,2,1,0,0,3,39,0
5,4,2,11,5,3,1,4,4,0,0,0,1,33,0
3,4,0,11,5,2,3,0,4,1,0,0,4,39,0
0,4,0,15,6,4,1,3,4,1,0,0,3,39,0
2,4,1,1,4,4,8,1,2,1,0,0,3,39,0
1,4,1,11,5,2,11,0,4,1,0,0,6,39,1
3,4,1,11,5,0,10,1,4,1,0,0,3,39,0
4,4,0,10,9,2,10,0,4,1,0,0,5,39,1
1,2,2,10,9,4,10,1,4,1,0,0,5,26,1
2,4,2,9,8,2,10,0,4,1,0,3,5,39,1
6,0,1,11,5,2,0,0,4,1,0,0,3,39,1
5,1,0,9,8,0,4,1,4,1,0,0,3,39,0
4,2,0,15,6,0,1,1,4,0,0,0,3,39,0
4,4,1,15,6,5,1,3,4,1,0,0,3,5,0
3,4,0,15,6,2,8,0,4,1,0,0,3,39,0
4,1,1,15,6,5,3,1,2,1,0,0,3,39,0
2,6,0,10,9,2,4,0,4,1,0,0,3,39,0
1,4,0,15,6,4,1,4,2,0,0,0,3,39,0
2,4,1,11,5,4,10,1,4,0,0,0,3,39,0
0,0,0,15,6,4,0,3,4,0,0,0,2,39,0
4,7,1,10,9,0,10,4,4,1,0,0,5,39,1
3,4,1,9,8,2,4,0,4,1,0,0,5,39,1
1,0,2,9,8,2,0,5,4,0,0,4,3,39,1
6,7,1,4,1,2,14,0,4,1,0,0,3,39,0
1,4,1,1,4,5,3,4,4,0,0,0,3,39,0
7,0,0,4,1,6,0,1,4,0,0,0,3,39,0
4,4,1,11,5,2,3,0,4,1,0,0,3,39,1
3,5,1,9,8,2,7,0,4,1,0,0,3,0,1
4,6,0,14,9,2,10,0,4,1,0,5,2,39,1
3,4,1,9,8,2,4,0,4,1,0,0,4,39,1
7,4,1,3,0,2,8,2,2,0,0,0,1,39,0
4,0,0,11,5,0,0,1,4,0,0,0,3,39,0
0,0,1,2,4,4,0,3,4,0,0,0,1,39,0
1,4,0,11,5,2,7,0,4,1,0,0,4,39,0
3,4,0,7,7,2,13,0,1,1,0,0,3,39,0
2,4,1,11,5,2,3,0,4,1,0,0,3,39,0
6,2,1,15,6,0,8,2,4,0,0,0,3,0,1
0,4,1,11,5,0,3,1,4,1,0,0,3,39,0
3,0,1,4,1,2,0,0,4,1,0,0,3,26,0
2,4,0,8,6,2,10,0,4,1,0,0,3,39,1
0,7,1,9,8,4,10,3,4,0,0,0,2,39,0
1,4,1,15,6,4,12,1,4,1,0,0,4,39,0
0,0,0,11,5,4,0,3,2,1,0,0,3,39,0
4,5,0,15,6,2,5,0,4,1,0,0,6,39,0
2,7,1,12,8,2,10,0,4,1,0,0,7,39,0
3,7,0,9,8,2,4,0,4,1,0,4,6,39,1
4,4,0,9,8,2,4,0,1,1,0,0,6,24,0
3,4,2,8,6,0,13,2,4,0,0,0,3,39,0
2,4,1,15,6,2,6,0,2,1,0,0,3,39,0
1,4,1,11,5,2,1,5,4,0,0,0,3,39,0
0,4,0,0,3,4,5,3,4,1,0,0,2,39,0
4,4,1,11,5,0,8,2,2,1,0,0,3,14,0
0,4,1,8,6,4,13,1,4,1,0,0,3,39,0
5,1,1,15,6,2,1,0,4,1,0,0,3,39,1
1,4,2,11,5,5,12,4,2,0,0,0,3,39,0
6,6,0,11,5,2,3,0,4,1,0,0,3,39,0
2,4,2,11,5,2,7,0,4,1,0,0,3,39,0
2,4,2,11,5,4,4,3,4,1,0,0,6,0,0
1,0,1,0,3,4,0,3,2,1,0,0,3,39,0
1,1,2,15,6,4,1,4,2,0,0,0,3,39,0
1,4,1,1,4,4,6,1,4,1,0,0,3,39,0
2,4,1,11,5,0,1,1,4,0,0,0,3,39,0
1,4,0,15,6,4,3,1,2,1,0,0,3,39,0
0,4,1,11,5,4,6,1,2,1,0,0,3,39,0
4,7,1,11,5,2,10,0,4,1,0,0,5,39,0
1,2,1,15,6,5,6,1,2,1,0,0,3,39,0
3,4,2,5,2,0,6,1,4,1,0,0,4,39,0
2,4,0,9,8,2,10,5,4,0,0,0,5,20,1
2,6,1,15,6,4,3,3,4,1,0,0,3,39,0
1,7,1,15,6,2,11,0,4,1,0,0,3,39,0
4,5,1,11,5,0,4,4,4,0,0,0,3,39,0
2,4,0,15,6,2,12,0,4,1,0,0,3,39,0
8,5,0,6,2,2,10,0,4,1,0,0,3,39,0
0,2,1,11,5,0,1,3,4,0,0,0,3,5,0
2,4,0,8,6,0,12,1,4,1,0,0,3,39,0
0,4,1,9,8,4,7,3,2,0,0,0,3,39,0
2,4,1,11,5,0,1,4,4,0,0,0,3,39,0
1,4,0,9,8,2,10,0,4,1,0,0,3,39,0
4,2,2,11,5,0,1,1,4,0,0,0,4,39,0
1,6,0,7,7,4,3,3,4,1,0,0,3,39,0
4,4,0,15,6,2,12,0,4,1,0,0,3,39,1
1,4,1,11,5,4,1,1,4,0,0,0,3,39,0
4,4,1,9,8,0,13,1,4,0,0,0,3,39,0
4,7,0,0,3,2,14,0,4,1,0,0,3,39,1
0,0,0,15,6,4,0,3,4,0,0,0,3,39,0
1,4,0,15,6,0,8,3,4,0,0,0,1,39,0
4,6,0,7,7,0,4,4,4,0,0,0,9,39,0
3,4,0,10,9,2,10,0,4,1,0,0,6,39,1
0,4,0,11,5,4,1,1,4,0,0,0,3,39,0
6,5,1,12,8,2,12,0,4,1,0,0,4,39,1
5,0,1,15,6,2,0,0,4,1,0,0,1,39,1
0,4,0,15,6,2,6,0,4,1,0,0,3,39,0
3,4,1,15,6,2,10,0,4,1,0,0,3,39,1
4,4,1,12,8,2,4,0,4,1,0,0,6,39,1
1,4,0,11,5,4,8,1,4,1,0,0,3,39,0
0,4,0,1,4,4,1,3,4,0,0,0,1,39,0
3,2,2,12,8,2,10,5,4,0,0,4,1,39,1
3,4,0,11,5,2,1,5,2,0,0,0,5,39,0
1,4,0,11,5,2,8,0,4,1,0,0,5,39,0
1,4,0,11,5,4,1,3,2,0,0,0,3,33,0
3,1,3,15,6,2,1,0,4,1,0,0,3,39,1
2,4,0,9,8,2,4,0,4,1,0,0,5,39,1
1,4,1,11,5,2,12,0,2,1,0,0,3,39,0
1,4,0,11,5,4,8,1,4,0,0,0,5,39,0
1,4,1,11,5,4,9,3,4,0,0,0,3,13,0
3,4,0,11,5,4,3,1,4,1,0,0,3,39,0
3,6,1,11,5,0,14,1,4,1,0,0,8,39,0
1,0,4,1,4,5,0,1,2,1,0,0,3,39,0
3,7,0,14,9,0,10,1,4,1,0,0,5,39,0
3,2,1,12,8,0,10,3,4,0,0,0,5,39,0
5,4,2,12,8,0,10,1,4,0,1,0,3,39,1
2,4,1,11,5,0,1,4,2,0,0,0,3,0,0
3,4,1,9,8,0,12,4,4,0,0,0,3,39,0
0,4,1,1,4,4,12,3,4,0,0,0,2,39,0
0,4,1,15,6,4,1,1,4,0,0,0,3,39,0
2,4,0,15,6,4,3,4,4,1,0,0,3,39,0
2,1,2,11,5,2,1,5,4,0,0,0,3,39,0
1,4,1,11,5,0,1,4,4,0,0,0,3,39,0
2,0,1,8,6,0,0,1,4,0,0,0,3,10,0
0,0,2,15,6,4,0,3,4,1,0,0,3,39,0
4,7,1,12,8,0,10,1,4,1,0,0,3,39,1
3,4,1,11,5,2,3,0,4,1,0,0,3,39,1
2,4,5,11,5,2,3,0,4,1,0,0,3,27,0
0,4,2,15,6,4,10,1,2,1,0,0,3,39,0
0,2,0,11,5,4,8,3,4,1,0,0,6,39,0
2,4,0,7,7,4,1,1,4,0,0,0,3,39,0
2,7,0,12,8,4,10,3,4,0,0,0,3,39,0
4,4,0,11,5,2,14,0,4,1,0,0,5,39,0
3,2,2,15,6,4,4,1,4,0,0,0,1,39,0
5,4,2,15,6,0,4,4,4,0,0,0,3,11,0
2,4,0,11,5,4,1,1,4,0,0,0,4,39,0
0,4,0,15,6,4,12,1,4,1,0,0,2,39,0
3,4,0,12,8,2,10,5,4,0,0,4,2,39,1
3,4,1,9,8,2,12,0,4,1,0,0,5,39,1
3,2,1,10,9,2,10,0,4,1,0,0,3,39,1
2,4,0,1,4,0,3,4,4,1,0,0,3,39,0
0,4,1,6,2,4,3,2,4,1,0,0,6,39,0
1,4,1,9,8,4,1,1,1,0,0,0,3,24,0
2,4,2,15,6,4,4,1,4,1,0,0,5,39,0
3,1,1,12,8,0,10,4,4,0,0,0,3,39,0
0,4,1,11,5,4,6,1,4,1,0,0,3,39,0
1,4,0,11,5,2,14,0,2,1,0,0,2,39,0
3,4,0,8,6,2,14,0,0,1,0,0,6,39,0
3,4,2,11,5,0,3,1,4,0,1,0,3,39,1
3,4,1,9,8,0,4,1,4,1,0,0,5,39,1
6,4,2,15,6,6,1,4,4,0,0,0,1,39,0
6,4,1,5,2,2,10,0,4,1,0,0,1,39,0
4,4,0,15,6,2,1,0,4,1,0,0,3,39,0
3,1,1,9,8,0,4,1,4,1,0,0,3,39,1
1,4,1,9,8,4,1,1,4,0,0,0,2,0,0
1,4,1,15,6,2,6,0,4,1,0,0,4,39,0
4,6,0,11,5,2,12,0,4,1,0,0,6,39,1
2,4,0,9,8,2,4,0,4,1,0,0,5,39,1
2,2,0,12,8,4,10,1,4,1,0,0,4,39,0
4,4,1,11,5,0,3,2,4,1,0,0,5,39,1
1,5,0,11,5,2,3,0,4,1,0,0,6,39,0
0,4,1,15,6,4,12,3,4,1,0,0,1,39,0
2,2,0,11,5,4,1,1,4,1,0,0,3,39,0
4,4,2,1,4,2,9,2,4,0,0,0,3,39,0
3,1,1,15,6,6,13,1,4,0,0,0,4,39,1
2,4,0,11,5,5,1,1,4,0,0,0,3,39,0
1,6,1,15,6,4,3,3,4,1,0,0,8,39,0
5,4,1,11,5,4,7,1,4,1,0,0,3,39,0
6,4,2,4,1,2,5,0,4,1,0,0,2,26,0
1,4,1,9,8,4,1,1,4,0,0,0,3,39,0
3,4,1,2,4,2,1,5,2,0,0,0,3,39,1
2,1,1,15,6,2,13,5,4,0,0,0,3,39,0
0,4,1,11,5,4,6,1,2,0,0,0,3,39,0
4,4,0,15,6,2,3,0,4,1,0,0,3,39,0
1,4,1,11,5,4,6,3,4,1,0,0,3,39,0
3,4,2,9,8,2,4,5,4,0,0,0,3,39,1
1,4,1,7,7,2,1,0,4,1,0,0,3,39,0
4,4,0,11,5,0,1,1,4,0,0,0,3,39,0
1,4,3,9,8,4,13,1,2,0,0,0,3,10,0
5,4,1,9,8,0,12,1,4,1,0,0,3,39,0
6,6,1,11,5,2,5,0,4,1,0,0,6,39,0
1,2,2,9,8,2,10,0,4,1,0,0,3,39,0
6,4,0,11,5,2,11,0,2,1,0,0,3,19,0
1,4,0,11,5,4,8,4,4,0,0,0,3,39,0
1,4,1,9,8,4,4,3,4,0,0,0,9,39,0
3,6,0,15,6,0,4,1,4,0,0,0,3,39,0
2,4,1,15,6,2,7,0,2,1,0,0,3,39,1
0,4,0,11,5,4,1,3,4,0,0,0,3,39,0
3,4,1,9,8,2,4,0,4,1,0,0,5,39,1
6,0,1,9,8,2,0,0,4,1,0,0,0,39,0
3,4,1,9,8,2,10,0,4,1,0,0,6,39,1
0,4,0,15,6,4,8,1,4,1,0,0,1,39,0
3,5,1,9,8,0,4,1,4,1,0,0,3,39,0
0,4,1,11,5,4,12,3,4,1,0,0,3,39,0
4,4,1,9,8,2,10,0,4,1,1,0,4,39,1
0,4,1,3,0,4,6,1,4,1,0,0,5,26,0
3,4,1,9,8,0,4,1,4,0,1,0,5,39,1
2,4,1,15,6,0,4,1,4,0,0,0,7,39,0
3,6,2,15,6,0,8,4,4,1,0,0,3,39,0
2,4,0,9,8,2,4,5,4,0,0,4,3,39,1
3,4,1,8,6,2,3,0,4,1,0,0,7,39,0
2,4,1,8,6,2,12,0,4,1,0,0,3,39,0
1,4,1,12,8,2,4,5,4,0,0,0,3,39,1
3,5,0,15,6,2,12,0,4,1,0,0,2,39,0
2,4,1,11,5,0,4,1,4,1,0,0,3,39,0
5,4,1,10,9,4,10,1,4,1,0,0,5,39,0
2,6,1,1,4,2,3,0,4,1,0,0,3,39,0
5,4,0,12,8,2,13,0,4,1,0,0,3,20,0
2,4,1,9,8,2,12,0,4,1,0,0,5,39,1
1,4,1,13,0,2,5,2,4,1,4,0,2,26,0
3,4,0,8,6,0,1,4,4,0,0,0,3,39,0
2,4,2,9,8,2,4,5,4,0,0,0,6,11,0
3,4,1,7,7,2,3,0,4,1,0,4,3,39,1
0,0,1,1,4,4,0,3,4,0,0,0,2,39,0
3,4,0,11,5,0,14,1,4,1,0,0,3,39,0
2,1,0,14,9,2,10,0,4,1,0,0,5,39,0
3,4,0,11,5,6,8,4,4,0,0,0,3,39,0
1,5,1,10,9,2,10,0,4,1,0,0,3,39,1
4,6,1,12,8,2,10,5,4,0,0,0,2,39,1
0,2,0,9,8,4,1,3,2,0,0,0,2,39,0
0,4,0,11,5,4,1,1,3,0,0,0,3,39,0
2,4,1,9,8,4,1,1,4,1,0,0,3,39,0
5,4,2,12,8,2,1,0,4,1,0,0,8,39,1
2,4,1,15,6,2,3,0,4,1,0,0,3,39,1
2,4,2,9,8,2,1,5,4,0,0,0,0,39,0
2,6,2,10,9,2,10,0,4,1,0,0,5,39,1
2,4,0,12,8,2,4,0,4,1,0,0,3,39,1
3,4,1,15,6,2,4,0,4,1,0,0,3,39,1
2,4,0,15,6,2,4,0,4,1,0,0,5,39,0
5,2,1,11,5,2,5,0,4,1,0,0,3,39,0
2,4,1,15,6,2,4,0,4,1,0,0,3,39,1
2,4,0,9,8,2,4,0,4,1,0,0,5,39,1
0,4,0,9,8,4,7,1,1,1,0,0,4,3,0
2,4,0,11,5,5,6,1,4,1,0,0,3,39,0
1,4,1,14,9,4,13,3,4,0,0,0,2,39,0
1,7,1,12,8,4,10,1,4,1,0,0,3,39,0
4,4,1,15,6,2,3,0,4,1,0,0,3,39,0
0,0,1,2,4,4,0,3,4,0,0,0,3,39,0
0,4,1,15,6,4,8,1,4,0,0,0,5,39,0
1,4,0,9,8,2,4,0,4,1,0,0,4,39,0
1,4,1,15,6,0,1,1,4,0,0,0,3,39,0
3,4,1,0,3,2,7,0,4,1,0,0,3,39,1
4,6,0,11,5,5,8,2,4,0,0,0,2,39,0
1,4,1,15,6,0,1,4,2,0,0,0,3,39,0
2,4,1,11,5,0,14,1,4,0,0,0,6,39,1
7,4,1,11,5,2,12,0,4,1,0,0,3,39,0
1,4,1,11,5,4,1,1,4,0,0,0,3,39,0
3,4,2,2,4,2,8,0,4,1,0,0,3,0,0
1,4,1,9,8,4,1,1,4,1,0,0,3,39,0
4,4,1,15,6,0,1,1,4,0,0,0,6,39,0
1,4,0,9,8,2,10,5,4,0,0,0,3,39,1
6,4,0,15,6,6,12,2,4,0,0,0,4,39,0
5,4,0,6,2,5,3,4,4,1,0,0,3,39,0
1,4,0,15,6,4,7,1,2,0,0,0,3,39,0
3,5,0,11,5,2,4,0,4,1,0,0,3,39,0
3,2,0,9,8,2,11,0,4,1,0,0,4,39,0
2,4,0,11,5,4,12,1,4,0,0,0,3,39,0
3,4,1,15,6,2,12,0,4,1,0,0,3,39,1
3,4,0,9,8,4,3,1,4,1,0,0,3,39,0
4,4,1,15,6,5,4,4,2,0,0,0,3,39,0
2,4,0,11,5,2,3,0,4,1,0,0,3,39,0
4,7,1,14,9,0,4,1,4,0,0,0,3,39,0
2,4,5,11,5,4,7,3,2,1,0,0,3,39,0
3,4,1,15,6,2,10,5,3,0,0,0,0,33,0
2,4,1,7,7,4,12,1,2,0,0,0,4,38,0
4,6,1,10,9,4,10,4,4,0,0,0,6,39,1
0,4,1,11,5,4,8,1,4,0,0,0,4,39,0
1,7,2,9,8,4,13,1,4,1,0,0,1,39,0
3,7,1,11,5,2,11,0,4,1,0,0,5,39,0
2,4,1,11,5,2,7,0,4,1,0,0,3,39,0
3,7,0,15,6,2,11,0,2,1,0,0,4,39,0
5,0,0,11,5,0,0,1,4,0,0,0,2,39,0
2,4,1,15,6,2,12,0,4,1,0,0,3,39,1
3,4,2,15,6,2,7,0,3,1,0,0,3,39,1
0,4,0,9,8,4,1,1,4,0,0,0,2,39,0
4,7,1,10,9,2,4,0,4,1,0,0,5,39,1
3,4,0,8,6,4,13,1,4,1,0,0,3,39,0
4,1,1,11,5,3,1,1,2,0,0,0,3,33,0
1,4,1,9,8,2,12,0,4,1,0,0,3,39,1
2,4,1,9,8,2,10,0,4,1,0,0,4,39,1
3,4,0,15,6,2,12,5,1,0,0,0,3,30,0
4,6,1,9,8,2,10,0,4,1,0,0,3,39,0
3,2,1,11,5,0,4,4,4,0,0,0,3,39,0
1,4,0,8,6,4,9,3,4,0,0,0,3,39,0
2,4,0,11,5,0,6,1,4,1,0,0,3,39,0
0,4,0,15,6,4,1,3,4,0,0,0,1,39,0
3,0,0,15,6,0,0,4,1,0,0,0,3,39,0
2,4,1,9,8,0,4,1,4,0,0,0,4,39,1
5,4,1,4,1,2,14,0,4,1,0,0,3,39,0
2,4,0,11,5,2,13,5,4,0,0,4,3,39,1
3,6,0,6,2,2,3,0,4,1,0,0,3,39,0
0,4,2,6,2,4,7,2,4,0,0,0,3,26,0
3,4,1,15,6,4,4,1,4,1,0,0,5,39,0
3,4,1,11,5,4,1,3,4,1,0,0,3,39,0
0,4,0,9,8,4,1,3,4,0,0,0,2,39,0
2,4,0,9,8,2,10,0,4,1,0,0,3,39,1
1,4,0,11,5,2,14,0,4,1,0,0,6,39,0
2,4,0,11,5,4,3,3,4,1,0,0,3,39,0
0,4,2,11,5,4,1,2,2,1,0,0,3,39,0
6,2,2,5,2,6,8,1,2,0,0,0,3,39,0
4,4,0,11,5,0,10,4,4,0,0,0,3,39,1
4,4,1,11,5,0,4,1,0,0,0,0,4,39,0
3,6,0,14,9,2,10,0,4,1,0,0,3,39,0
3,4,1,15,6,2,7,0,4,1,0,0,4,39,0
3,4,2,11,5,0,4,1,4,1,0,0,3,39,0
2,4,2,15,6,2,12,0,4,1,0,0,5,39,0
2,4,1,9,8,2,4,5,4,0,0,0,3,39,1
2,4,1,15,6,4,13,1,4,1,0,0,7,39,0
0,4,1,11,5,4,8,4,4,1,0,0,3,39,0
2,4,0,15,6,0,8,4,2,0,0,0,3,39,0
2,4,1,7,7,4,1,1,4,0,1,0,3,39,1
2,4,1,9,8,2,10,0,4,1,0,0,3,39,1
1,7,0,8,6,2,3,0,4,1,0,0,3,39,0
0,4,1,9,8,4,10,4,4,1,0,0,1,39,0
0,4,1,11,5,4,8,3,4,1,0,0,3,39,0
2,4,1,11,5,2,14,0,4,1,0,0,5,39,0
9,4,2,5,2,2,10,0,2,1,0,0,0,39,0
0,4,1,11,5,4,3,3,4,1,0,0,1,0,0
1,4,0,9,8,4,13,1,1,0,0,2,3,30,0
2,2,1,11,5,4,11,3,4,1,0,0,3,39,0
2,4,0,0,3,2,3,0,4,1,0,0,3,39,0
1,4,0,6,2,4,3,3,0,1,0,0,3,39,0
5,4,1,11,5,0,1,2,4,0,0,0,3,39,0
4,4,1,11,5,2,3,0,4,1,0,0,4,39,0
1,4,0,12,8,4,4,1,4,1,0,0,3,39,0
0,4,1,11,5,4,8,2,1,1,0,0,2,39,0
3,2,1,8,6,4,13,1,4,1,0,3,3,39,0
3,4,1,11,5,0,8,1,2,1,0,0,3,39,0
1,4,0,9,8,4,1,1,4,0,0,0,3,2,0
2,4,1,15,6,2,12,0,4,1,0,0,5,39,0
0,4,1,15,6,4,1,3,4,0,0,0,3,27,0
1,7,0,11,5,4,11,1,4,1,0,0,3,39,0
1,4,1,12,8,4,10,1,4,1,0,0,3,21,0
3,4,0,14,9,2,10,0,4,1,0,0,8,39,1
0,4,1,1,4,4,12,3,4,0,0,0,0,39,0
1,4,1,11,5,4,1,3,2,1,0,0,3,39,0
3,2,1,12,8,0,10,4,4,0,0,0,3,39,0
4,4,1,11,5,2,14,0,4,1,0,0,4,39,0
6,0,1,9,8,2,0,0,4,1,0,0,2,39,0
0,1,2,15,6,2,1,2,4,0,0,0,3,39,0
0,4,1,15,6,4,8,2,4,0,0,0,2,39,0
5,6,1,11,5,2,4,0,4,1,0,0,4,39,0
6,2,0,11,5,2,4,0,4,1,0,0,5,39,0
0,0,2,15,6,4,0,3,4,0,0,0,3,39,0
6,6,0,5,2,2,3,0,4,1,0,0,3,39,0
0,4,1,15,6,4,1,3,4,1,0,0,2,39,0
2,4,1,11,5,2,3,0,2,1,0,0,3,39,0
2,4,1,9,8,2,4,0,4,1,0,0,3,39,1
3,4,1,9,8,2,4,0,4,1,0,0,3,39,1
1,4,1,15,6,2,1,0,4,1,0,0,3,39,1
2,4,0,8,6,4,3,1,4,0,0,0,3,32,0
1,4,0,11,5,2,14,0,4,1,0,4,4,39,0
5,4,1,2,4,2,1,0,4,1,0,0,3,39,0
3,4,0,12,8,2,4,0,4,1,1,0,6,9,1
3,4,1,9,8,2,10,0,4,1,0,4,3,39,1
3,4,0,11,5,2,3,0,4,1,0,0,3,39,1
2,4,1,5,2,6,8,4,4,0,0,0,8,39,0
1,4,5,15,6,4,3,3,4,1,0,0,5,39,0
1,7,2,9,8,2,10,0,4,1,0,0,5,39,1
5,4,0,11,5,0,8,4,4,1,0,0,3,39,0
3,4,0,11,5,3,6,1,4,1,0,0,6,31,0
2,4,0,8,6,0,12,4,4,0,0,0,3,39,0
3,4,1,11,5,0,13,1,4,1,0,0,5,39,1
1,4,1,11,5,2,3,0,4,1,0,0,5,39,0
0,4,2,1,4,4,1,3,4,0,0,0,1,39,0
3,4,1,15,6,0,8,1,4,0,0,0,5,39,0
1,4,1,15,6,0,1,4,4,0,0,0,3,39,0
3,2,1,9,8,2,11,0,4,1,0,0,5,39,1
0,0,0,15,6,4,0,3,4,0,0,0,1,39,0
3,7,0,11,5,5,1,4,4,0,0,0,3,39,0
0,4,0,1,4,4,6,3,4,1,0,0,3,2,0
0,0,1,15,6,4,0,3,4,0,0,0,3,39,0
3,4,1,12,8,2,4,0,4,1,0,0,3,39,1
1,4,2,15,6,4,1,1,4,1,0,0,3,39,0
3,4,1,12,8,4,10,1,4,0,0,0,3,39,1
4,4,0,11,5,0,8,4,4,0,0,0,3,39,0
1,4,0,9,8,2,13,5,4,0,0,0,1,39,1
4,4,0,12,8,2,10,5,4,0,0,0,0,39,1
3,7,2,8,6,0,13,1,4,0,0,0,4,39,0
0,4,0,1,4,4,3,2,4,1,0,0,2,39,0
1,5,1,9,8,4,1,3,4,0,0,0,5,39,0
1,4,0,11,5,2,6,0,4,1,0,0,3,39,0
4,4,1,7,7,0,1,1,1,1,0,0,3,39,0
3,6,0,15,6,2,5,0,4,1,0,0,5,39,0
0,4,2,2,4,4,8,3,2,1,0,0,1,39,0
0,4,0,1,4,4,12,3,4,1,0,0,1,39,0
5,4,1,9,8,2,10,0,4,1,0,0,3,39,1
3,4,0,14,9,2,10,0,4,1,1,0,8,39,1
0,0,0,11,5,4,0,1,4,0,0,0,3,39,0
2,0,1,11,5,2,0,0,4,1,0,0,3,39,0
4,5,1,15,6,2,3,0,4,1,0,0,7,39,0
4,5,1,9,8,2,4,0,4,1,0,4,6,5,1
4,6,1,8,6,5,3,1,4,1,0,0,3,31,0
5,6,2,9,8,2,4,0,4,1,0,0,3,39,1
6,1,1,15,6,0,1,2,2,0,0,0,3,39,0
2,1,0,9,8,4,1,3,4,1,0,0,3,39,0
3,4,0,11,5,0,14,1,4,1,0,0,5,39,0
3,6,0,14,9,2,10,0,4,1,0,0,5,39,1
2,2,0,9,8,4,10,1,4,1,0,0,5,39,0
3,4,0,15,6,0,1,4,4,0,0,0,3,39,0
3,4,0,15,6,2,14,0,4,1,0,0,3,39,1
2,4,1,11,5,2,13,0,4,1,0,0,3,39,1
2,4,1,11,5,2,7,0,4,1,0,0,3,26,0
1,7,1,9,8,2,11,0,4,1,0,0,3,39,1
6,5,0,9,8,2,12,0,4,1,0,0,5,39,0
2,4,0,7,7,4,12,4,2,0,0,0,3,39,0
3,5,0,9,8,4,10,3,4,1,0,0,3,39,0
4,4,0,11,5,0,8,1,4,0,0,0,0,39,0
1,1,2,11,5,0,1,3,4,0,0,0,3,39,0
1,4,2,7,7,2,3,0,4,1,0,0,3,39,1
3,5,1,8,6,2,4,0,4,1,0,0,6,39,1
3,2,0,9,8,5,10,4,4,0,0,0,3,39,0
5,4,0,11,5,2,8,5,4,0,0,0,3,39,0
8,0,1,9,8,2,0,0,4,1,0,0,0,39,0
0,0,1,15,6,4,0,3,4,1,0,0,1,39,0
2,4,1,11,5,4,1,1,4,0,0,0,3,39,0
0,5,1,5,2,2,3,0,4,1,0,0,3,39,0
2,4,0,1,4,2,3,0,4,1,0,0,5,39,0
0,4,1,0,3,4,8,3,4,0,0,0,1,39,0
3,4,1,9,8,2,3,0,1,1,0,0,3,30,1
2,4,1,14,9,2,10,0,4,1,0,0,8,39,1
0,4,1,15,6,4,8,3,4,0,0,0,1,39,0
4,4,1,4,1,4,6,1,4,0,0,0,3,39,0
0,4,0,2,4,4,8,3,4,0,0,0,1,39,0
1,4,1,11,5,2,7,0,4,1,0,0,4,39,0
7,4,1,11,5,2,6,0,4,1,0,0,1,39,0
8,6,0,1,4,2,4,0,4,1,0,0,2,39,0
0,0,2,15,6,4,0,3,4,1,0,0,1,39,0
3,4,1,12,8,4,4,1,4,1,0,0,3,6,0
2,4,1,15,6,2,12,0,4,1,0,0,4,39,1
0,4,1,15,6,4,12,3,4,0,0,0,1,39,0
2,0,2,11,5,3,0,4,2,1,0,0,5,39,0
2,4,0,11,5,0,7,4,4,0,0,0,3,39,0
0,0,0,1,4,4,0,3,4,0,0,0,1,39,0
1,0,0,7,7,4,0,1,4,0,0,0,4,39,0
0,0,0,15,6,4,0,3,4,0,0,0,0,39,0
2,7,1,12,8,2,4,0,4,1,0,0,3,39,0
3,4,1,11,5,2,4,5,4,0,0,0,2,39,1
1,4,1,15,6,4,13,1,4,1,0,0,5,39,0
3,4,0,15,6,6,4,1,2,0,0,0,3,39,0
5,4,0,11,5,6,12,1,4,0,0,0,3,39,1
2,4,1,9,8,3,14,1,3,1,0,0,8,19,0
3,6,1,11,5,4,5,3,4,1,0,0,8,39,0
3,5,0,9,8,2,12,0,4,1,0,0,5,39,0
6,0,0,11,5,2,0,5,4,0,0,0,0,39,0
1,4,0,11,5,2,1,0,4,1,0,0,3,39,0
2,6,0,11,5,2,4,0,4,1,0,0,6,39,1
4,1,1,11,5,2,1,5,4,0,0,0,3,39,1
6,0,2,11,5,2,0,0,4,1,0,0,3,39,0
7,2,1,4,1,2,11,0,4,1,0,0,1,39,0
4,2,0,15,6,2,8,0,4,1,0,0,3,39,1
2,4,1,8,6,0,13,3,4,1,0,0,3,39,0
0,4,1,2,4,4,6,3,2,0,0,0,5,39,0
4,6,1,11,5,2,14,0,4,1,0,0,6,39,0
3,4,2,15,6,4,1,1,4,1,0,0,3,39,0
1,0,0,15,6,4,0,3,2,0,0,0,3,39,0
4,2,3,11,5,2,4,0,2,1,0,0,3,39,1
0,4,1,9,8,4,10,3,4,1,0,0,3,39,0
2,2,1,11,5,2,14,0,4,1,0,0,3,39,0
3,4,0,9,8,0,8,1,4,1,0,0,3,39,0
2,4,0,15,6,4,6,2,4,1,0,0,1,39,0
4,2,0,14,9,4,4,1,2,0,0,0,5,39,1
2,4,1,7,7,2,3,0,4,1,0,0,5,39,1
0,4,1,7,7,4,8,3,4,1,0,0,6,39,0
6,0,1,11,5,2,0,0,4,1,0,0,1,39,0
0,0,1,11,5,2,0,5,4,0,0,0,3,39,0
3,2,1,6,2,2,8,0,4,1,0,0,3,39,0
3,4,0,15,6,0,1,4,2,0,0,0,3,39,0
2,4,0,12,8,4,12,1,4,0,0,0,3,39,0
6,4,0,11,5,2,11,0,4,1,0,0,3,39,0
1,4,0,8,6,2,4,0,4,1,0,0,6,39,1
2,4,0,11,5,0,4,4,4,0,0,0,3,39,0
5,1,1,8,6,4,13,1,4,1,0,0,3,39,0
0,4,2,9,8,4,12,3,2,0,0,0,2,39,0
0,4,0,2,4,4,12,3,4,0,0,0,1,39,0
3,4,1,11,5,2,3,0,3,1,0,0,3,26,0
3,4,1,8,6,2,1,0,4,1,0,0,3,39,0
3,6,0,12,8,2,3,0,4,1,0,0,5,39,1
2,0,2,15,6,0,0,1,4,0,0,0,3,39,0
3,7,1,12,8,0,4,1,4,1,0,0,4,39,0
0,0,1,11,5,4,0,4,2,0,0,0,3,39,0
2,4,0,15,6,2,13,5,4,0,0,0,3,39,1
1,4,1,11,5,2,14,0,4,1,0,0,4,39,0
2,4,1,15,6,4,1,1,4,0,0,0,3,39,0
3,4,0,0,3,5,8,1,2,0,0,0,3,39,0
3,4,5,15,6,2,12,0,4,1,0,0,5,39,1
1,4,1,8,6,2,3,0,4,1,0,0,3,9,0
0,4,1,1,4,4,6,3,4,1,0,0,2,39,0
3,4,0,9,8,2,10,0,4,1,0,0,3,39,0
0,7,0,15,6,4,8,1,4,0,0,0,3,2,0
3,4,0,9,8,4,4,1,4,1,0,0,5,39,1
3,1,0,8,6,5,13,1,3,0,0,0,2,39,0
1,4,0,9,8,2,12,0,4,1,0,0,5,39,1
4,4,0,11,5,0,4,1,4,1,0,0,4,39,0
4,4,0,15,6,2,4,0,4,1,0,0,4,39,1
3,5,1,11,5,4,4,1,2,1,0,0,5,39,0
1,4,0,11,5,2,1,5,4,0,0,0,2,39,0
2,4,1,6,2,2,6,0,4,1,0,0,3,39,0
1,4,0,11,5,2,14,0,0,1,0,0,6,39,0
3,5,0,9,8,0,4,1,4,0,0,0,5,39,0
0,4,1,15,6,4,6,1,2,1,0,0,1,39,0
3,4,1,11,5,2,14,0,4,1,0,0,3,39,0
2,4,1,15,6,0,1,4,2,0,0,0,3,39,0
4,4,3,7,7,2,14,0,4,1,0,0,5,39,0
1,4,0,8,6,2,13,5,4,0,0,0,3,39,0
1,4,0,9,8,4,4,1,4,1,0,0,3,39,0
1,4,1,12,8,4,10,1,4,1,0,0,5,39,0
1,3,1,11,5,2,0,5,2,0,0,0,3,39,0
0,4,1,15,6,4,12,3,4,0,0,0,4,39,0
0,4,1,11,5,4,1,1,4,0,0,0,3,39,0
2,1,0,11,5,4,4,1,2,0,0,0,3,39,0
4,4,0,15,6,2,10,0,4,1,0,0,7,39,0
4,2,1,5,2,2,14,0,4,1,0,0,3,39,0
1,0,0,11,5,4,0,3,4,1,0,3,3,39,0
6,4,1,11,5,2,5,0,4,1,0,0,3,39,1
6,4,0,9,8,2,4,0,4,1,0,0,3,39,1
6,4,1,5,2,2,3,0,4,1,0,0,3,31,1
1,4,3,0,3,2,6,5,4,0,0,0,3,39,0
5,7,0,11,5,0,1,1,4,0,0,0,3,39,0
1,4,1,11,5,3,8,1,4,0,0,0,1,10,0
3,1,0,9,8,2,10,0,4,1,0,0,3,39,1
1,4,1,15,6,2,4,0,4,1,0,0,3,39,0
0,4,0,0,3,4,12,3,4,0,0,0,1,39,0
1,4,0,11,5,4,3,3,4,1,0,0,4,39,0
2,4,1,11,5,2,4,0,4,1,0,4,5,39,1
1,4,0,1,4,2,4,0,4,1,0,0,5,39,1
2,4,1,0,3,4,8,4,2,0,0,0,3,39,0
3,6,0,9,8,2,5,0,4,1,0,0,6,39,0
2,6,1,15,6,2,1,5,4,0,0,0,1,39,0
4,4,1,15,6,0,12,4,4,0,0,0,4,39,1
0,4,0,15,6,4,13,1,4,0,0,0,3,39,0
0,4,1,11,5,0,4,1,4,0,0,0,3,39,0
3,4,1,5,2,2,7,5,4,0,0,0,3,6,0
3,4,1,11,5,2,1,0,4,1,0,0,3,39,0
1,4,0,11,5,2,3,0,4,1,0,0,3,39,0
5,0,0,11,5,2,0,5,4,0,0,0,3,39,1
5,4,1,5,2,2,7,5,4,0,0,0,3,39,0
2,6,0,11,5,2,3,0,4,1,0,0,6,39,1
0,4,1,15,6,4,3,4,4,1,0,0,5,39,0
2,4,0,8,6,2,12,0,4,1,0,0,3,39,0
6,2,2,10,9,0,10,1,4,0,0,0,3,39,0
1,4,1,15,6,4,1,1,4,0,0,0,2,39,0
3,5,0,8,6,2,12,0,3,1,0,5,8,26,0
4,2,1,9,8,2,10,5,4,0,0,0,5,39,1
2,4,0,11,5,6,1,4,4,1,0,0,1,39,0
4,4,0,5,2,5,7,1,2,0,0,0,2,39,0
0,6,1,15,6,4,3,3,4,0,0,0,2,39,0
0,4,0,9,8,4,12,1,4,1,0,3,1,39,0
6,2,1,12,8,4,10,4,4,0,0,0,2,39,0
1,4,1,9,8,4,10,3,4,0,0,0,3,39,0
0,4,2,11,5,4,12,1,4,1,0,3,5,39,0
1,4,2,11,5,4,12,1,4,0,0,0,4,39,0
0,4,0,15,6,4,12,3,4,0,0,0,2,39,0
3,1,0,9,8,2,6,0,4,1,0,0,5,39,0
1,4,0,1,4,2,3,0,4,1,0,0,3,39,0
1,2,1,11,5,2,11,0,4,1,0,0,4,39,0
0,4,1,15,6,4,12,3,4,0,0,0,1,39,0
3,4,3,11,5,0,6,1,4,0,0,0,4,39,0
1,5,0,11,5,0,8,1,4,0,0,0,6,39,0
1,4,1,11,5,4,3,3,4,0,0,0,4,39,0
2,4,0,15,6,0,3,4,4,0,0,0,3,39,0
1,4,1,15,6,4,1,4,1,0,0,0,2,0,0
1,4,0,9,8,4,4,3,4,0,0,3,3,0,0
2,4,1,7,7,4,1,1,4,0,0,0,3,39,0
1,4,1,9,8,4,12,3,4,1,0,0,3,39,0
2,4,1,8,6,4,8,1,4,1,0,0,3,5,0
4,4,2,11,5,2,3,0,4,1,0,0,3,39,0
2,4,2,9,8,4,10,1,4,0,0,0,4,39,1
5,0,0,11,5,2,0,0,4,1,0,0,3,39,0
1,4,1,11,5,4,8,2,2,0,0,0,3,0,0
1,4,2,15,6,4,1,4,4,0,0,0,3,39,0
2,4,0,11,5,2,7,0,4,1,0,0,3,39,0
0,4,0,6,2,4,8,3,2,1,0,0,2,39,0
2,4,0,9,8,2,10,0,4,1,1,0,7,39,1
2,4,0,11,5,5,14,1,4,1,0,0,5,39,0
0,0,0,15,6,4,0,3,4,0,0,0,1,39,0
3,4,0,9,8,2,4,0,4,1,1,0,3,39,1
6,4,0,5,2,3,8,4,0,0,0,0,3,39,0
0,4,1,11,5,4,8,3,4,1,0,0,3,39,0
1,4,0,11,5,4,8,4,4,1,0,0,3,39,0
0,0,1,7,7,4,0,3,4,1,0,0,3,39,0
0,4,1,11,5,4,7,3,2,0,0,0,3,39,0
0,4,2,15,6,4,4,3,4,1,0,0,3,39,0
2,4,0,11,5,0,3,4,4,1,0,0,3,39,0
2,4,0,11,5,2,7,0,4,1,0,0,3,39,0
3,2,1,15,6,0,10,4,4,0,0,0,2,39,0
0,4,1,15,6,4,8,3,2,1,0,0,2,39,0
3,6,1,15,6,4,10,1,4,1,0,3,1,39,1
3,5,0,11,5,2,4,0,4,1,0,0,5,39,0
4,4,0,11,5,4,6,4,4,1,0,0,3,39,0
6,4,1,12,8,2,10,0,4,1,2,0,6,39,1
3,4,1,11,5,4,3,3,4,1,0,0,3,39,0
3,4,1,9,8,2,1,5,4,0,0,0,3,39,1
2,4,1,15,6,5,7,1,4,1,0,0,3,39,0
3,4,1,4,1,2,6,0,4,1,0,0,3,26,0
3,1,1,8,6,0,1,3,2,0,0,0,3,39,0
3,6,1,11,5,2,14,0,4,1,0,0,6,39,1
2,4,0,11,5,2,10,5,4,0,0,0,3,39,0
1,4,0,11,5,4,1,1,4,0,0,0,3,39,0
0,4,0,1,4,4,8,3,4,0,0,0,1,39,0
1,5,1,11,5,2,12,0,1,1,0,0,3,11,0
3,5,0,9,8,2,4,0,4,1,0,0,5,39,1
0,7,0,12,8,4,14,3,4,1,0,0,1,39,0
1,4,0,15,6,0,7,1,4,1,0,0,3,39,0
4,4,0,15,6,0,1,4,4,0,0,0,5,39,0
4,4,1,1,4,4,8,1,4,1,0,0,6,39,0
4,4,1,4,1,2,3,0,4,1,0,0,3,26,0
1,4,0,11,5,2,7,0,4,1,0,0,3,39,0
4,0,0,11,5,4,0,1,4,1,0,3,3,39,0
0,4,2,11,5,3,12,1,4,1,0,0,5,39,0
2,6,1,11,5,2,3,0,4,1,0,0,3,39,1
3,4,2,9,8,2,12,0,4,1,0,0,6,39,1
1,4,0,11,5,4,8,3,4,1,0,0,2,2,0
6,0,2,11,5,2,0,0,2,1,0,0,3,39,0
0,0,0,11,5,4,0,2,4,0,0,0,2,39,0
0,0,1,7,7,4,0,1,4,1,0,0,5,39,0
2,4,1,10,9,0,12,1,4,1,9,0,6,39,1
1,5,1,11,5,0,1,4,4,0,0,0,3,39,0
2,4,0,9,8,3,1,1,4,0,0,0,4,39,0
2,7,2,12,8,2,11,0,2,1,0,0,3,39,0
0,2,1,15,6,4,8,1,4,1,0,0,3,39,0
0,4,1,15,6,4,12,3,4,0,0,0,3,39,0
3,4,1,9,8,6,13,4,4,0,0,0,3,39,0
0,4,1,1,4,4,6,3,4,1,0,0,1,39,0
0,4,1,15,6,4,12,1,4,1,0,0,3,39,0
1,4,2,9,8,4,4,3,4,1,0,0,3,39,0
1,6,0,11,5,2,5,0,4,1,0,3,7,39,0
2,4,2,11,5,4,12,1,4,0,0,0,3,39,0
5,4,2,9,8,2,12,0,4,1,0,0,5,39,1
0,4,0,15,6,4,5,3,4,1,0,0,3,39,0
2,4,1,9,8,4,12,1,4,0,0,0,1,39,0
0,4,0,15,6,4,6,3,4,1,0,0,3,39,0
2,4,0,11,5,2,7,0,4,1,0,0,2,39,0
1,6,0,5,2,4,8,2,4,0,0,0,9,26,0
2,6,1,15,6,2,5,0,4,1,0,0,0,39,0
0,0,0,6,2,4,0,3,4,1,0,0,3,39,0
2,4,1,9,8,2,4,0,4,1,0,0,3,39,1
2,4,1,8,6,2,6,0,4,1,0,0,3,39,1
4,4,1,11,5,4,1,1,4,0,0,0,3,39,0
0,4,1,8,6,4,1,3,4,0,0,0,3,39,0
6,4,0,11,5,2,3,0,4,1,9,0,3,39,1
0,4,2,0,3,4,12,3,4,0,0,0,3,39,0
1,4,2,15,6,5,8,4,4,0,0,0,5,26,0
0,4,0,15,6,4,12,3,2,1,0,0,2,39,0
3,6,0,15,6,4,4,1,4,1,0,0,3,39,0
0,6,0,8,6,4,8,4,4,0,0,0,3,39,0
1,4,0,15,6,2,3,0,4,1,0,0,3,39,0
0,4,1,15,6,4,12,3,4,0,0,0,3,39,0
0,4,1,15,6,5,5,2,4,0,0,0,3,39,0
4,4,1,9,8,2,12,0,4,1,0,0,5,39,1
3,7,4,12,8,2,10,0,2,1,0,0,6,39,1
3,4,0,11,5,2,14,0,4,1,0,0,6,39,1
5,4,0,9,8,4,13,2,4,0,0,3,3,39,0
0,4,1,11,5,4,14,3,4,1,0,0,3,39,0
1,0,0,11,5,5,0,3,4,0,0,0,1,39,0
0,4,0,11,5,4,3,2,4,0,0,0,1,39,0
0,4,1,2,4,4,12,2,4,1,0,0,3,39,0
1,4,0,0,3,2,6,0,4,1,0,0,3,39,0
2,1,0,9,8,2,10,0,1,1,0,0,3,40,0
3,7,1,12,8,0,10,1,4,0,0,0,3,39,0
0,4,0,5,2,4,14,4,4,1,0,0,2,13,0
3,2,0,12,8,4,10,1,4,0,0,3,3,39,0
3,4,0,15,6,0,14,1,4,1,0,0,4,39,1
2,6,1,11,5,2,8,0,4,1,0,0,8,22,0
1,4,0,11,5,4,14,1,4,1,0,0,4,39,1
2,6,0,11,5,2,5,0,4,1,0,0,6,39,0
3,4,0,9,8,2,4,0,4,1,0,4,3,39,1
3,5,0,12,8,2,12,0,4,1,0,0,7,39,1
2,4,0,15,6,2,12,0,4,1,0,0,6,39,1
4,4,0,11,5,0,3,4,2,0,0,0,4,39,0
2,5,1,9,8,0,12,1,4,1,0,0,6,39,0
5,4,1,11,5,2,7,0,4,1,0,4,3,39,1
4,2,2,7,7,2,11,0,4,1,0,0,5,39,1
1,4,0,15,6,2,5,0,4,1,0,0,5,39,1
1,4,1,6,2,2,12,0,4,1,0,0,3,39,0
1,0,0,15,6,0,0,4,4,0,0,0,5,39,0
3,4,0,11,5,0,3,1,4,1,0,0,3,39,0
2,4,0,15,6,4,13,1,2,1,0,0,3,39,0
1,4,1,9,8,2,10,0,4,1,0,0,3,39,0
2,0,1,11,5,0,0,4,4,0,0,0,2,39,0
2,4,1,15,6,2,14,0,4,1,0,0,5,39,0
3,0,1,15,6,2,0,0,4,1,0,0,0,39,0
3,1,2,15,6,2,3,0,4,1,0,0,3,39,1
3,7,1,15,6,4,1,4,2,0,0,0,4,39,0
2,4,0,11,5,2,3,0,4,1,0,0,6,39,0
1,4,0,15,6,2,3,0,4,1,0,0,5,39,0
5,4,0,15,6,2,3,0,4,1,0,0,3,39,1
0,4,1,15,6,4,12,3,4,1,0,0,2,39,0
1,7,0,1,4,2,14,0,4,1,0,0,3,39,0
2,6,1,9,8,4,3,3,4,1,0,0,3,39,0
3,4,1,11,5,2,14,0,4,1,0,0,6,39,1
4,4,1,11,5,2,7,0,4,1,0,0,4,39,1
2,4,1,9,8,4,10,1,4,0,0,0,4,39,0
3,7,1,9,8,4,1,2,4,0,0,0,3,39,0
0,4,1,15,6,4,7,1,1,0,0,0,3,0,0
3,4,2,0,3,0,7,1,4,0,0,0,3,39,0
5,4,0,11,5,0,8,1,4,0,0,0,3,39,0
0,4,0,9,8,4,12,1,4,0,0,0,3,39,0
4,4,1,9,8,2,4,0,4,1,0,0,3,0,1
0,4,0,15,6,4,1,2,4,1,0,0,2,39,0
3,6,0,15,6,2,5,0,4,1,0,0,5,39,1
3,2,2,15,6,6,1,4,4,0,0,0,1,39,0
2,4,0,9,8,2,10,0,4,1,0,0,5,39,0
6,4,1,0,3,0,14,1,4,1,0,0,1,39,0
4,4,0,15,6,6,4,4,2,0,0,3,3,39,0
3,4,0,5,2,0,7,1,2,0,0,0,3,39,0
3,4,1,8,6,2,3,0,4,1,0,0,3,39,0
2,4,1,11,5,0,12,1,4,0,0,3,3,39,0
3,4,1,11,5,4,3,1,4,1,0,0,3,39,0
0,4,0,9,8,2,4,5,4,0,0,0,3,39,0
0,4,1,15,6,4,12,3,1,1,0,0,2,39,0
1,4,1,15,6,2,12,0,4,1,0,0,4,39,1
3,4,1,5,2,2,14,0,2,1,0,0,3,39,0
6,0,2,6,2,2,0,0,4,1,0,0,3,39,1
3,7,0,11,5,0,4,4,4,0,0,0,4,39,0
6,1,0,11,5,2,13,0,4,1,0,0,3,39,1
2,4,1,12,8,4,3,1,4,1,0,0,5,39,1
4,4,0,11,5,0,8,1,4,0,0,0,3,39,0
4,4,0,9,8,0,12,1,4,0,0,0,5,39,0
1,4,0,11,5,4,4,1,1,0,0,0,3,39,0
5,4,0,0,3,2,14,0,4,1,0,0,3,39,0
0,0,0,11,5,4,0,3,4,1,0,0,3,39,0
2,0,0,11,5,2,0,0,4,1,0,0,3,39,0
2,4,0,6,2,4,3,1,4,1,0,0,3,39,0
0,4,0,11,5,4,7,3,4,1,0,3,3,39,0
2,4,2,9,8,4,12,1,4,1,0,0,3,39,0
5,4,2,15,6,2,3,0,4,1,0,0,3,39,0
2,2,1,9,8,0,10,1,4,1,0,0,3,33,0
0,4,1,1,4,4,3,3,4,1,0,0,1,39,0
2,4,0,15,6,2,4,0,4,1,0,0,3,39,0
1,4,1,9,8,4,3,3,4,1,0,0,3,39,0
1,4,0,11,5,4,1,2,4,0,0,4,3,39,0
5,4,4,9,8,5,1,4,4,1,0,0,6,39,0
4,2,0,15,6,2,4,0,4,1,0,0,4,39,0
3,4,2,11,5,2,4,0,4,1,0,0,3,39,0
5,4,0,11,5,0,14,1,4,1,0,0,2,39,0
1,4,0,11,5,4,12,4,2,0,0,2,3,39,0
3,2,1,9,8,0,10,1,4,0,0,3,3,39,0
1,4,2,11,5,4,3,1,4,1,0,4,5,39,0
0,4,1,15,6,4,7,2,4,1,0,0,5,39,0
0,4,0,9,8,4,4,3,1,0,0,0,3,30,0
0,4,0,2,4,4,6,3,0,1,0,0,1,39,0
5,4,1,8,6,2,13,0,4,1,0,0,3,39,1
1,4,0,0,3,0,8,1,4,1,0,0,3,39,0
2,4,0,15,6,0,1,1,4,0,0,0,5,39,0
2,4,1,11,5,6,8,4,4,0,0,0,1,39,0
0,4,1,15,6,4,8,1,4,0,0,0,2,39,0
2,4,1,11,5,6,4,4,4,0,0,0,2,39,0
3,6,0,8,6,2,5,0,4,1,0,0,4,39,0
0,4,2,11,5,4,6,3,2,1,0,0,2,39,0
0,4,1,2,4,2,3,0,4,1,0,0,3,39,0
5,4,1,11,5,0,1,1,4,0,0,0,2,39,0
3,5,2,15,6,2,7,0,4,1,0,0,5,39,0
3,4,0,15,6,4,1,1,2,0,0,0,3,39,0
6,4,0,9,8,2,10,0,4,1,0,0,3,39,1
2,6,1,11,5,2,3,0,4,1,0,0,2,39,0
3,5,0,11,5,2,12,0,4,1,0,0,6,39,0
3,4,0,11,5,4,7,4,2,0,0,0,3,39,0
3,4,0,15,6,2,10,0,4,1,0,0,3,39,1
2,2,0,11,5,2,3,0,4,1,0,0,3,39,0
4,4,1,11,5,2,8,0,4,1,0,0,5,11,1
2,4,2,11,5,4,6,1,4,0,0,0,3,39,0
5,4,0,11,5,2,12,0,4,1,0,4,3,39,1
5,6,1,11,5,2,12,0,4,1,0,0,3,39,0
3,4,0,0,3,2,14,0,4,1,0,0,6,39,0
4,2,1,15,6,4,1,1,2,1,0,0,3,39,0
1,2,2,11,5,2,3,0,4,1,0,0,3,39,0
3,6,1,11,5,2,4,0,4,1,0,4,4,39,1
3,4,0,9,8,2,3,0,4,1,0,0,5,39,1
2,4,0,10,9,2,10,0,4,1,0,0,6,39,1
3,4,1,9,8,2,3,0,4,1,0,0,3,39,1
3,4,0,12,8,2,10,0,4,1,0,0,3,39,1
4,5,0,9,8,2,4,0,4,1,0,0,5,5,1
2,4,1,7,7,2,3,0,4,1,0,0,5,39,0
1,5,0,15,6,5,12,3,4,0,0,0,3,39,0
0,0,0,9,8,0,0,1,4,0,0,0,3,39,0
1,4,1,15,6,4,14,1,4,1,0,0,5,39,0
5,6,0,9,8,2,3,0,4,1,0,0,5,39,0
5,4,0,9,8,0,4,3,4,1,0,0,6,39,0
2,4,1,11,5,2,6,0,4,1,0,0,2,26,0
6,4,0,9,8,6,8,1,4,1,0,0,1,39,0
4,4,1,8,6,5,12,4,4,0,0,0,3,39,0
1,4,0,8,6,2,3,0,4,1,0,0,3,39,0
4,6,0,9,8,2,3,0,4,1,0,0,5,39,0
1,4,0,11,5,4,8,1,4,1,0,4,3,39,0
2,4,4,6,2,0,1,4,4,0,0,0,3,39,0
2,6,1,14,9,2,10,0,4,1,0,0,6,39,1
5,4,0,12,8,2,4,5,4,0,0,0,5,39,0
0,4,1,11,5,4,1,3,4,0,0,0,3,39,0
5,6,1,11,5,0,8,2,4,0,0,0,3,39,0
4,4,0,11,5,2,1,0,4,1,0,0,4,39,1
3,4,0,11,5,2,3,0,4,1,0,0,3,39,1
3,4,1,9,8,5,4,4,4,1,0,0,3,39,1
5,4,1,0,3,0,8,1,2,0,0,0,3,39,0
2,4,0,0,3,2,3,0,4,1,0,0,3,39,0
0,4,0,11,5,2,3,0,4,1,0,0,3,39,0
2,7,2,11,5,2,1,0,4,1,0,0,3,39,0
6,0,1,11,5,2,0,0,4,1,0,0,2,39,0
2,2,1,15,6,2,8,0,0,1,0,0,3,39,0
0,4,1,15,6,4,1,3,2,1,0,0,1,14,0
3,1,1,15,6,2,1,0,4,1,0,0,3,39,1
4,4,0,9,8,3,8,2,2,0,0,0,3,14,0
3,2,3,9,8,0,10,4,2,0,0,0,4,39,0
0,4,1,11,5,4,1,3,4,1,0,0,3,39,0
3,7,0,9,8,2,10,2,4,1,0,0,3,39,0
6,4,1,9,8,0,10,1,4,1,0,0,3,39,0
3,6,0,11,5,2,5,0,4,1,0,0,7,39,0
3,4,1,15,6,2,14,0,2,1,0,0,3,39,0
1,4,1,15,6,5,1,3,4,1,0,0,3,39,0
1,4,1,11,5,2,3,0,4,1,0,0,3,39,1
0,4,1,15,6,4,10,1,4,0,0,0,1,39,0
1,4,1,14,9,4,10,1,1,1,0,0,0,19,0
2,4,1,15,6,2,10,0,4,1,0,0,3,39,1
1,1,0,11,5,4,6,1,0,1,0,0,3,39,0
3,5,1,9,8,2,4,5,1,0,0,0,7,0,0
2,4,0,12,8,2,13,0,4,1,0,0,6,39,1
2,4,1,15,6,0,7,1,4,1,0,0,3,39,0
5,7,0,10,9,2,10,0,1,1,0,0,7,0,1
1,4,1,15,6,4,1,4,2,0,0,0,3,39,0
2,4,3,12,8,4,10,1,4,0,0,0,3,39,1
0,2,1,15,6,4,1,1,4,0,0,0,3,39,0
2,7,0,12,8,2,10,0,4,1,0,0,6,2,0
6,4,4,9,8,2,12,0,4,1,0,0,6,39,1
5,5,1,11,5,0,3,1,4,1,0,0,3,39,0
0,7,0,7,7,4,10,1,4,1,0,0,2,39,0
3,4,0,8,6,2,1,5,4,0,0,0,4,39,1
4,6,0,7,7,2,3,0,4,1,0,3,6,39,0
5,6,0,5,2,2,14,0,4,1,0,0,3,39,1
3,5,2,14,9,2,10,0,4,1,0,0,5,39,1
4,4,0,15,6,0,12,1,4,0,0,0,3,39,0
2,4,1,9,8,4,12,1,4,0,0,0,3,39,0
6,4,1,11,5,6,3,4,2,0,0,0,3,39,0
0,0,1,6,2,4,0,3,4,0,0,0,1,39,0
3,6,0,9,8,0,4,1,4,1,0,0,6,39,0
6,6,0,12,8,2,4,0,4,1,0,0,1,39,1
3,4,2,11,5,4,3,1,4,1,0,0,3,39,0
3,6,1,11,5,0,12,3,4,1,0,0,5,0,0
2,4,0,11,5,4,8,1,4,1,0,0,3,39,0
6,4,0,11,5,6,9,1,4,0,0,0,0,39,0
3,4,0,11,5,2,7,0,4,1,0,3,4,39,0
3,4,0,11,5,0,8,3,1,0,0,0,3,35,0
1,4,0,14,9,2,10,5,4,0,0,0,6,39,1
1,4,1,15,6,2,12,0,4,1,0,0,2,8,0
0,6,1,7,7,4,3,1,4,1,0,0,2,39,0
6,5,2,12,8,2,12,0,4,1,0,0,4,39,1
1,4,0,11,5,2,3,0,4,1,0,0,3,39,0
6,4,1,11,5,2,6,0,4,1,0,0,0,39,0
0,4,0,1,4,4,5,3,4,1,0,0,4,39,0
0,4,2,9,8,4,8,3,4,0,0,0,1,39,0
2,6,0,11,5,0,4,4,4,1,0,0,5,39,0
3,4,1,11,5,0,3,4,4,0,0,0,5,39,0
0,4,0,11,5,4,12,1,4,1,0,0,5,39,0
0,4,1,11,5,4,8,1,4,1,0,0,2,39,0
1,4,0,9,8,2,12,0,4,1,0,0,6,39,0
4,7,0,11,5,2,10,0,4,1,0,0,3,39,1
0,4,0,0,3,4,3,2,4,1,0,0,2,39,0
1,4,1,11,5,4,3,3,4,1,0,0,4,39,0
1,1,1,9,8,4,10,1,2,1,0,0,3,39,0
2,1,2,10,9,4,10,1,4,0,0,0,9,39,0
4,0,1,4,1,6,0,4,2,0,0,0,2,39,0
6,4,2,12,8,2,10,0,4,1,0,0,5,39,1
1,4,2,15,6,4,8,1,4,1,0,0,3,39,0
3,4,0,2,4,0,1,1,0,1,0,0,3,39,0
3,4,1,9,8,4,10,1,4,1,0,0,3,39,1
6,6,0,11,5,2,5,0,4,1,0,0,5,39,1
4,4,1,15,6,2,12,0,4,1,0,0,3,39,0
7,0,0,5,2,6,0,4,4,0,0,0,1,39,0
4,4,1,9,8,0,8,1,4,1,0,0,3,39,0
2,4,1,0,3,5,8,4,4,0,0,0,4,39,0
4,4,2,11,5,4,1,4,2,0,0,0,3,39,0
1,0,1,6,2,5,0,4,4,0,0,0,5,39,0
1,4,0,12,8,4,10,1,4,0,0,0,5,39,0
1,4,0,11,5,2,5,0,4,1,0,0,7,39,0
3,4,0,2,4,2,8,5,4,0,0,0,0,39,0
5,1,0,15,6,4,4,3,2,0,0,0,3,39,0
2,4,0,7,7,2,12,0,4,1,0,0,6,39,1
2,1,1,9,8,2,10,0,4,1,0,0,3,0,1
2,4,1,15,6,2,13,5,4,0,0,0,3,39,0
2,4,0,8,6,0,3,1,4,1,0,0,3,39,0
7,0,0,11,5,6,0,1,4,0,0,0,0,39,0
3,4,1,8,6,2,7,0,4,1,0,0,3,39,1
4,4,0,15,6,2,6,0,4,1,0,0,3,39,0
4,4,1,15,6,2,3,0,4,1,0,0,3,39,0
4,7,0,8,6,0,1,1,2,0,0,0,4,39,0
4,6,1,11,5,2,5,0,4,1,0,0,6,39,0
5,5,0,15,6,2,4,0,4,1,0,0,3,39,0
1,4,0,8,6,0,13,4,4,0,0,0,3,39,0
3,4,0,9,8,2,12,0,4,1,0,0,3,39,1
1,0,1,15,6,0,0,3,4,1,0,0,3,39,0
2,4,0,11,5,0,12,4,4,0,0,0,3,39,0
3,4,1,6,2,2,8,0,4,1,0,0,3,39,0
0,4,1,11,5,4,1,3,4,0,0,0,3,39,0
6,6,0,6,2,2,12,0,4,1,0,0,5,39,1
4,7,1,12,8,5,10,1,4,1,0,0,3,39,0
4,4,0,6,2,2,7,0,4,1,0,0,4,39,0
4,4,2,15,6,0,10,1,4,1,0,0,4,39,1
5,4,1,8,6,2,3,0,4,1,0,0,3,39,1
5,4,1,11,5,0,10,1,4,0,0,0,3,39,0
3,4,0,12,8,2,4,0,4,1,0,0,4,39,1
1,4,2,6,2,2,7,0,4,1,0,0,4,39,0
2,2,1,11,5,2,14,0,4,1,0,0,3,39,0
3,4,1,15,6,0,1,1,2,0,0,0,3,39,0
1,5,1,9,8,4,12,1,4,1,0,0,4,39,1
1,4,0,9,8,4,13,3,4,1,0,0,5,39,0
4,4,0,8,6,2,3,0,4,1,0,0,5,39,1
1,7,0,9,8,4,13,3,1,1,0,0,1,39,0
6,4,1,0,3,2,4,0,4,1,0,0,3,39,0
1,7,0,9,8,4,8,1,4,0,0,0,5,39,0
1,4,1,9,8,4,1,3,4,0,0,0,3,39,0
3,4,0,0,3,2,7,0,4,1,0,0,6,39,0
5,5,0,12,8,0,4,1,4,1,2,0,6,39,1
4,6,1,15,6,2,3,0,4,1,0,0,2,39,0
1,4,1,11,5,2,3,3,4,1,0,0,3,39,0
0,4,0,15,6,4,10,2,1,0,0,0,1,35,0
1,4,0,0,3,4,1,1,4,0,0,0,3,39,0
4,6,1,9,8,2,4,0,1,1,0,0,3,24,0
0,4,2,9,8,2,10,5,4,0,0,0,3,39,0
0,4,0,15,6,2,7,5,3,0,0,0,3,33,0
0,2,1,9,8,4,10,3,4,0,0,0,1,39,0
1,4,1,12,8,4,10,1,4,0,0,0,4,39,0
1,4,0,11,5,4,7,4,4,1,0,0,3,39,0
1,4,1,6,2,2,7,0,4,1,0,0,3,26,0
2,4,1,0,3,4,6,1,4,0,0,0,3,39,0
5,5,2,14,9,2,10,0,4,1,0,5,8,39,1
0,4,1,3,0,4,5,1,3,1,0,0,6,26,0
0,7,0,15,6,4,4,3,4,1,0,3,0,39,0
4,4,1,11,5,2,12,0,4,1,0,0,3,39,0
3,6,1,11,5,2,3,0,4,1,0,0,5,39,0
2,4,1,9,8,2,7,0,4,1,0,0,3,39,1
6,6,1,11,5,2,4,0,4,1,0,0,3,39,1
1,4,1,11,5,4,8,1,3,0,0,0,3,39,0
7,0,1,7,7,6,0,1,4,0,0,0,1,39,0
2,4,1,15,6,4,8,1,4,0,0,3,3,39,0
4,6,0,9,8,4,12,4,4,1,0,0,6,39,1
4,1,1,15,6,0,6,1,4,1,0,0,3,39,0
2,4,0,9,8,2,4,0,4,1,0,0,4,39,1
2,4,1,11,5,2,3,0,4,1,0,0,3,39,0
4,2,2,11,5,2,3,0,4,1,0,0,6,39,0
6,4,0,11,5,2,7,0,4,1,0,0,3,39,0
2,4,0,8,6,4,10,1,4,1,0,0,3,39,0
1,4,1,0,3,4,3,1,4,1,0,0,3,39,0
6,0,1,5,2,2,0,0,4,1,0,0,2,39,0
6,4,0,11,5,2,12,0,1,1,0,0,3,30,0
3,2,0,11,5,2,10,0,4,1,0,0,2,39,0
5,4,0,15,6,6,1,4,4,0,0,0,3,39,0
6,0,1,14,9,2,0,0,4,1,0,0,1,39,0
0,4,2,15,6,4,1,3,2,1,0,0,2,6,0
1,4,1,5,2,4,6,4,4,1,0,0,3,39,0
1,4,2,15,6,0,8,1,4,0,0,0,3,39,0
0,4,1,15,6,4,1,2,4,0,0,0,1,39,0
0,4,2,11,5,4,1,3,4,0,0,0,3,39,0
1,4,1,11,5,4,8,1,4,1,0,0,4,39,0
3,4,1,11,5,2,7,0,4,1,0,0,3,39,0
0,4,1,1,4,4,14,3,4,1,0,0,6,39,0
2,2,0,9,8,4,10,1,4,1,0,0,5,39,0
6,7,0,5,2,6,8,2,4,0,0,0,2,39,0
3,4,1,9,8,4,1,1,4,0,0,0,3,39,0
3,1,0,7,7,0,10,4,1,0,0,0,3,30,1
3,4,1,11,5,0,9,4,4,0,0,0,2,7,0
3,4,1,11,5,5,8,1,4,0,0,0,3,39,0
1,4,0,9,8,2,4,5,4,0,0,0,4,39,1
1,6,1,8,6,2,5,0,4,1,0,0,3,39,0
3,4,0,11,5,0,8,4,4,0,0,0,3,39,0
0,0,1,1,4,2,0,5,4,0,0,0,3,39,0
5,4,1,11,5,0,3,4,2,1,0,0,4,39,1
2,4,1,11,5,0,3,4,4,1,0,0,3,39,0
3,4,1,11,5,0,1,4,2,0,0,0,3,39,0
2,4,0,9,8,2,4,0,4,1,0,0,3,39,0
4,7,0,11,5,2,3,0,4,1,0,0,3,39,0
1,4,2,15,6,4,4,4,4,1,0,0,6,39,0
1,4,1,11,5,2,6,0,4,1,0,0,4,39,0
6,4,1,11,5,6,1,1,4,0,1,0,1,11,1
2,4,0,9,8,4,13,1,4,0,0,0,3,39,0
0,0,0,0,3,4,0,3,4,1,0,0,2,39,0
0,4,0,1,4,4,12,3,4,0,0,0,2,39,0
2,4,0,7,7,4,14,1,4,1,0,0,5,20,0
0,4,0,6,2,4,3,3,4,0,0,0,1,39,0
2,5,1,9,8,2,10,0,4,1,0,0,3,39,1
2,4,1,11,5,5,8,1,4,0,0,0,3,39,0
4,4,1,15,6,5,4,1,4,0,0,0,4,39,1
5,2,0,12,8,0,10,1,4,0,0,0,3,39,0
7,4,0,6,2,2,8,0,4,1,0,0,3,39,0
3,4,0,15,6,4,7,3,4,1,0,0,4,39,0
4,2,1,9,8,2,13,0,4,1,0,0,3,39,0
4,4,0,15,6,4,1,1,4,0,0,0,5,39,1
5,4,0,3,0,3,8,1,4,1,0,0,3,0,0
2,4,0,9,8,4,10,1,4,1,0,0,3,39,1
2,4,1,11,5,4,7,4,2,0,0,0,3,39,0
2,4,0,11,5,2,14,0,4,1,0,0,3,39,0
0,4,1,11,5,4,6,4,4,1,0,0,3,39,0
2,4,2,11,5,2,3,0,4,1,0,0,3,39,0
1,4,3,12,8,2,10,0,4,1,0,0,4,39,1
4,6,1,11,5,2,4,0,2,1,0,0,4,39,1
2,6,0,15,6,2,3,0,4,1,0,0,5,39,1
5,6,2,14,9,2,10,0,4,1,0,0,3,39,0
3,4,0,5,2,2,7,0,4,1,0,0,3,39,0
4,2,2,9,8,2,10,0,4,1,0,0,3,39,1
3,4,0,9,8,2,14,0,4,1,0,0,3,39,0
3,2,1,12,8,0,10,4,4,1,0,0,3,39,0
2,2,1,8,6,2,4,0,4,1,0,0,3,39,1
5,4,1,11,5,6,12,4,4,0,0,0,3,39,0
0,4,1,8,6,4,1,1,4,0,0,0,3,39,0
2,4,0,15,6,0,7,4,4,0,0,0,3,39,0
3,4,0,11,5,0,3,1,4,1,0,0,3,39,0
0,0,1,8,6,4,0,1,4,1,0,0,3,39,0
0,4,1,15,6,4,12,2,4,0,0,0,2,39,0
0,4,1,15,6,4,14,3,4,1,0,0,0,39,0
2,5,1,15,6,2,12,0,4,1,0,3,3,39,0
1,4,1,9,8,2,10,5,4,0,0,0,3,39,0
5,6,1,11,5,2,3,0,4,1,0,0,4,39,1
3,5,2,9,8,2,4,0,4,1,0,0,4,39,1
0,4,0,6,2,4,6,3,1,1,0,0,3,30,0
0,4,3,11,5,2,5,0,4,1,0,0,5,39,0
2,6,2,1,4,2,3,0,4,1,0,0,3,39,0
3,2,1,9,8,2,10,5,4,0,0,0,3,39,1
3,7,2,11,5,2,14,0,4,1,0,0,3,39,0
0,4,1,15,6,4,8,3,4,0,0,0,1,39,0
1,2,1,15,6,2,4,0,4,1,0,0,6,39,0
4,4,0,15,6,0,4,4,4,1,0,0,4,34,0
0,4,1,2,4,4,1,3,4,0,0,0,2,39,0
4,6,2,15,6,2,4,0,4,1,0,0,3,39,1
2,4,1,11,5,4,14,1,4,1,0,0,4,39,0
1,4,1,1,4,2,14,0,4,1,0,0,3,39,0
4,5,1,15,6,2,4,0,4,1,0,0,4,39,1
2,4,0,11,5,4,1,4,4,0,0,0,3,39,0
2,4,2,9,8,4,10,1,2,0,0,0,3,39,0
7,0,0,11,5,2,0,0,4,1,0,0,0,39,0
3,2,1,12,8,0,10,4,4,0,0,0,3,39,0
6,5,0,11,5,2,4,0,4,1,0,0,5,39,1
3,2,0,8,6,0,1,4,4,0,0,0,4,39,0
7,1,1,11,5,6,8,1,4,1,0,0,1,39,0
2,4,1,11,5,0,7,1,4,1,0,0,3,39,0
0,4,1,2,4,4,3,3,4,1,0,0,1,39,0
1,2,1,12,8,4,10,1,4,0,0,0,3,2,0
2,6,3,0,3,2,14,0,2,1,0,0,5,39,0
1,4,0,11,5,0,8,2,4,1,0,0,3,39,0
2,4,0,15,6,4,10,1,4,1,0,0,4,39,0
8,6,1,12,8,2,3,0,4,1,0,0,0,39,0
0,4,1,9,8,4,8,3,4,0,0,0,3,39,0
3,4,0,15,6,2,3,0,4,1,0,0,3,39,0
0,4,1,15,6,4,6,3,4,0,0,0,3,39,0
6,0,0,11,5,2,0,5,4,0,0,0,3,34,1
4,4,1,11,5,2,3,0,4,1,0,0,3,39,0
2,4,0,8,6,2,3,0,4,1,0,0,3,39,0
2,4,0,15,6,2,3,0,4,1,0,0,3,39,0
3,2,0,9,8,0,10,3,4,0,0,0,6,39,0
7,5,1,14,9,2,10,0,4,1,9,0,5,39,1
5,4,1,11,5,2,7,0,4,1,0,0,5,39,1
2,4,0,11,5,0,8,4,4,0,0,0,3,39,0
2,4,0,9,8,3,4,4,4,0,0,0,3,39,0
2,4,3,7,7,4,10,1,4,1,0,0,3,39,0
1,4,1,11,5,4,12,3,4,1,0,0,4,39,0
0,4,1,11,5,4,8,1,4,0,0,0,3,39,0
2,7,0,9,8,4,1,1,4,1,0,0,3,39,0
1,4,2,11,5,2,3,0,4,1,0,4,3,39,1
4,4,1,11,5,2,1,0,4,1,0,0,4,39,0
0,4,1,11,5,4,6,3,4,1,0,0,5,39,0
5,1,1,9,8,2,4,0,4,1,0,0,3,33,1
0,0,1,15,6,4,0,3,2,0,0,0,3,39,0
0,4,1,11,5,4,8,3,4,0,0,0,1,39,0
0,0,0,2,4,4,0,1,4,1,0,0,2,39,0
3,4,0,7,7,4,12,1,4,0,0,0,3,39,0
2,4,0,11,5,2,3,0,4,1,0,3,3,39,0
4,6,0,8,6,2,12,0,4,1,0,0,3,39,1
5,4,1,15,6,2,11,0,4,1,0,0,1,39,1
1,4,1,11,5,2,1,0,4,1,0,0,4,39,0
4,4,1,9,8,2,8,0,4,1,0,0,3,39,0
4,2,1,12,8,2,10,0,4,1,0,0,5,39,1
1,4,1,15,6,4,4,1,4,1,0,0,4,16,0
3,4,0,9,8,2,3,0,4,1,0,0,3,39,0
2,6,0,11,5,0,12,1,4,1,0,0,5,39,1
5,4,1,11,5,2,5,0,4,1,0,0,5,39,1
1,2,1,9,8,4,10,1,4,0,0,0,3,39,0
6,4,0,9,8,0,1,1,4,0,0,0,3,39,0
2,4,1,9,8,0,8,1,2,0,0,0,6,0,0
0,4,0,11,5,4,3,4,4,1,0,0,3,39,0
3,1,2,15,6,2,4,0,2,1,0,0,3,39,1
1,4,2,15,6,2,4,0,4,1,0,0,7,26,0
8,4,0,0,3,6,12,4,2,0,0,0,1,39,0
2,5,2,15,6,2,14,0,2,1,0,0,3,14,0
2,4,1,13,0,4,7,1,2,1,0,0,3,33,0
2,4,1,9,8,2,12,0,4,1,0,0,5,39,0
0,4,1,15,6,4,8,3,4,0,0,0,1,39,0
1,2,0,15,6,2,3,0,4,1,0,0,3,39,0
3,4,0,9,8,0,10,1,4,1,0,0,4,39,1
5,6,0,0,3,2,14,0,4,1,0,0,5,39,0
4,4,0,11,5,2,3,0,4,1,0,0,3,39,0
2,2,1,4,1,2,6,2,4,1,0,0,3,26,0
0,4,1,15,6,4,1,3,4,1,0,0,1,39,0
1,4,1,14,9,4,10,1,4,0,0,0,4,39,0
2,4,3,11,5,2,3,0,4,1,0,0,3,39,0
2,4,0,11,5,2,7,0,4,1,0,0,6,39,1
0,4,1,11,5,4,7,3,1,1,0,0,3,30,0
8,0,0,11,5,6,0,1,4,0,0,0,1,39,0
3,4,0,12,8,0,4,1,4,0,0,0,3,39,1
1,1,1,15,6,2,1,0,2,1,0,0,3,39,0
1,4,0,15,6,2,7,0,4,1,0,0,3,39,1
1,4,1,11,5,4,3,1,4,1,0,0,5,39,0
3,5,0,8,6,2,5,0,4,1,0,0,6,39,1
3,4,1,11,5,0,9,4,2,0,0,0,1,39,0
0,0,1,15,6,4,0,3,4,0,0,0,3,39,0
6,2,1,11,5,2,6,0,4,1,0,0,3,39,0
2,4,1,11,5,2,6,0,4,1,0,0,3,39,1
4,1,1,15,6,5,4,1,4,0,0,0,3,39,0
2,2,0,11,5,2,8,0,0,1,0,0,3,39,0
5,4,0,9,8,2,14,0,4,1,0,0,3,39,0
3,4,0,11,5,5,3,4,2,0,0,0,3,39,0
3,4,0,15,6,2,1,0,4,1,1,0,3,39,1
2,4,1,11,5,2,7,0,4,1,0,0,5,39,1
3,4,1,11,5,2,1,5,4,0,0,0,2,39,1
1,4,1,15,6,5,13,4,4,1,0,0,3,39,1
1,7,0,12,8,0,1,1,4,0,0,0,2,39,0
1,7,0,12,8,2,4,0,4,1,0,0,5,39,1
6,4,1,15,6,6,12,1,4,0,0,0,3,39,0
1,7,0,9,8,4,10,3,4,1,0,0,3,39,0
0,4,3,3,0,4,6,2,4,1,0,0,5,26,0
2,2,2,15,6,2,3,0,4,1,0,0,3,39,1
5,4,0,11,5,2,14,0,4,1,0,0,5,39,1
2,4,1,15,6,2,7,0,4,1,0,0,7,39,0
3,4,1,6,2,2,1,0,2,1,0,0,3,39,1
0,4,0,1,4,4,12,3,4,0,0,0,1,39,0
3,4,0,15,6,0,14,4,4,1,0,0,5,39,0
3,7,1,10,9,3,10,4,4,1,2,0,6,39,1
3,4,0,11,5,0,14,4,4,1,0,0,3,39,0
4,6,1,15,6,2,3,0,4,1,0,0,3,39,0
2,6,0,12,8,2,5,0,4,1,0,0,7,39,0
4,4,1,11,5,2,12,0,4,1,9,0,4,39,1
0,4,1,15,6,4,12,3,4,1,0,0,3,39,0
3,4,1,9,8,3,10,1,4,1,0,0,3,39,0
3,0,0,15,6,2,0,0,4,1,0,0,4,39,1
0,4,1,9,8,4,8,1,4,1,0,0,6,7,0
1,4,1,14,9,0,10,3,4,0,0,0,7,39,0
4,4,0,11,5,2,3,0,4,1,0,0,3,39,1
0,4,1,15,6,4,12,3,4,0,0,0,3,39,0
3,4,1,11,5,0,4,1,4,0,0,0,3,39,0
2,4,1,15,6,2,14,0,4,1,0,0,3,11,0
1,4,0,9,8,4,4,1,4,0,0,0,4,39,0
3,4,0,9,8,2,4,0,4,1,0,0,3,39,1
2,4,1,15,6,0,8,1,4,0,0,0,3,39,0
1,4,1,0,3,2,3,0,4,1,0,0,5,39,0
3,4,0,13,0,4,8,1,4,0,0,0,1,39,0
3,4,1,9,8,2,10,0,4,1,0,0,4,39,1
3,4,1,11,5,2,12,0,4,1,0,0,3,39,0
5,4,1,4,1,3,7,4,4,1,0,0,3,26,0
0,4,1,11,5,4,13,3,4,1,0,0,3,39,0
6,0,1,11,5,2,0,0,4,1,0,0,0,39,0
4,2,1,11,5,2,7,0,2,1,0,0,3,39,1
4,1,2,15,6,0,4,1,4,0,0,0,3,39,0
0,0,0,0,3,4,0,3,4,1,0,0,1,39,0
4,4,1,12,8,3,10,1,4,1,0,0,3,39,0
3,4,1,11,5,2,7,0,4,1,0,4,3,39,1
0,4,1,1,4,4,1,3,4,1,0,0,1,39,0
3,4,1,9,8,2,3,0,4,1,0,0,3,39,1
2,4,0,11,5,3,3,4,4,1,0,0,5,39,0
2,4,1,0,3,4,3,1,4,1,0,0,3,39,0
3,4,1,15,6,2,10,0,4,1,0,0,4,39,1
3,2,1,12,8,4,10,1,4,0,0,0,3,39,1
0,4,1,11,5,0,4,1,4,0,0,0,4,39,1
3,6,0,5,2,2,4,0,4,1,0,0,7,12,0
5,4,2,15,6,0,10,4,4,0,0,0,3,39,0
3,2,1,9,8,2,10,0,4,1,0,0,3,39,1
2,4,2,15,6,2,3,0,4,1,0,0,3,39,0
1,0,0,10,9,2,0,0,4,1,0,0,5,39,1
2,4,1,9,8,4,10,1,4,0,0,0,3,39,0
0,4,1,11,5,2,7,0,4,1,0,0,3,39,0
3,0,0,11,5,4,0,3,4,0,0,0,3,39,0
2,4,1,15,6,4,7,1,2,0,0,0,2,39,0
2,0,1,11,5,0,0,1,4,0,0,0,3,39,0
3,4,0,11,5,2,1,0,4,1,0,0,3,39,1
5,6,0,11,5,2,14,0,4,1,0,0,1,39,0
3,4,2,14,9,2,10,0,4,1,0,4,6,39,1
1,4,1,15,6,2,3,0,4,1,0,0,4,39,0
2,4,0,12,8,2,13,0,1,1,0,0,5,39,1
4,4,1,15,6,0,4,1,4,1,0,0,6,39,0
1,4,1,11,5,4,1,1,4,1,0,0,3,39,0
1,4,1,15,6,2,13,5,2,0,0,0,4,39,0
0,4,1,15,6,4,14,3,4,1,0,3,2,39,0
3,4,0,11,5,2,14,0,4,1,0,0,6,39,0
3,7,0,7,7,2,13,0,4,1,0,0,3,39,1
3,4,1,9,8,2,4,0,4,1,0,3,6,39,0
1,6,0,11,5,4,3,1,4,1,0,0,2,39,0
4,4,1,15,6,4,4,1,4,0,0,0,3,21,1
2,4,2,9,8,5,10,1,4,1,0,0,3,39,0
3,4,0,11,5,2,7,0,4,1,0,0,4,39,0
0,7,2,11,5,4,13,3,4,0,0,0,3,39,0
4,4,1,11,5,2,3,0,4,1,0,0,3,39,1
4,4,0,11,5,0,7,2,4,0,0,0,4,39,0
0,4,0,9,8,4,12,1,4,1,0,0,4,39,0
2,4,1,11,5,0,7,4,4,0,0,0,3,39,0
0,4,1,0,3,4,6,3,4,1,0,0,1,39,0
1,4,0,2,4,4,8,2,4,1,0,0,3,39,0
5,6,0,11,5,0,5,4,4,0,0,0,0,39,0
6,2,0,12,8,2,10,0,4,1,0,0,4,39,0
2,4,1,11,5,4,3,3,4,1,0,0,3,39,0
7,6,1,15,6,3,3,1,4,1,0,0,2,39,0
3,4,1,9,8,2,4,0,4,1,0,4,5,39,1
0,4,0,11,5,4,8,3,2,1,0,0,3,39,0
1,4,1,15,6,2,12,0,4,1,0,0,3,39,1
0,6,1,11,5,0,8,4,4,0,0,0,5,39,0
0,4,2,2,4,4,10,1,1,0,0,0,2,37,0
0,0,0,7,7,4,0,1,4,0,0,0,3,39,0
2,4,1,11,5,2,3,0,4,1,0,0,5,39,0
2,4,0,11,5,4,3,1,4,1,0,0,3,39,0
2,4,1,15,6,4,7,3,2,0,0,0,3,39,0
1,4,1,8,6,2,10,3,4,0,0,0,1,39,1
1,4,1,9,8,4,1,2,4,0,0,0,5,39,0
2,4,1,11,5,2,7,0,1,1,0,0,3,35,0
3,5,0,11,5,2,3,0,4,1,0,0,3,39,0
5,4,0,9,8,0,10,1,4,0,0,0,5,39,0
6,6,0,11,5,2,5,0,4,1,0,0,5,39,0
1,4,1,9,8,4,10,1,4,1,0,0,4,39,0
0,4,2,9,8,4,1,1,4,1,0,0,2,39,0
0,4,0,11,5,4,12,3,1,1,0,0,4,35,0
0,7,2,15,6,2,10,5,4,0,0,0,5,39,0
3,4,1,11,5,2,12,0,4,1,0,0,5,39,0
3,4,1,6,2,4,7,1,4,0,0,0,1,39,0
6,4,1,11,5,2,8,0,4,1,0,0,3,39,0
4,4,0,15,6,0,12,2,4,0,0,0,1,39,1
3,4,0,11,5,2,4,0,4,1,0,0,5,39,0
5,5,1,11,5,4,12,1,4,1,0,0,4,39,0
2,0,2,8,6,4,0,3,4,1,0,0,1,39,0
1,4,3,11,5,4,5,1,4,1,0,0,9,39,0
1,4,1,11,5,2,8,5,4,0,0,0,3,5,0
1,4,1,8,6,4,3,1,4,1,0,0,5,39,0
1,4,2,15,6,4,1,3,2,1,0,0,3,39,0
6,0,1,9,8,2,0,0,4,1,0,0,1,39,1
2,4,1,15,6,2,13,0,2,1,0,0,3,39,1
4,7,1,15,6,2,10,0,4,1,0,0,3,39,0
2,6,1,9,8,4,12,1,2,0,0,0,5,39,0
3,6,1,15,6,4,3,3,4,1,0,0,3,39,0
1,4,2,11,5,4,7,3,2,0,0,0,3,39,0
1,4,1,12,8,2,10,0,4,1,0,0,3,39,1
1,4,0,15,6,0,12,3,4,1,0,0,3,39,0
3,4,0,11,5,2,4,0,4,1,0,0,3,39,0
5,5,0,15,6,2,4,0,4,1,0,0,5,39,1
3,4,2,9,8,0,10,4,2,0,0,0,3,39,0
2,7,1,11,5,2,4,0,4,1,0,0,6,39,1
0,4,1,15,6,4,8,1,4,0,0,0,1,39,0
1,4,1,15,6,4,3,1,4,1,0,0,3,22,0
2,4,0,9,8,2,10,5,4,0,0,4,3,39,1
5,2,1,12,8,0,10,1,4,1,0,0,3,39,1
2,4,1,11,5,4,8,4,2,0,0,0,3,39,0
2,4,2,11,5,2,3,0,4,1,0,0,3,26,1
0,4,1,15,6,4,10,3,4,0,0,0,0,39,0
3,4,1,15,6,2,4,0,4,1,0,0,4,39,1
1,0,0,11,5,4,0,3,4,1,0,0,5,39,0
4,4,1,11,5,2,11,0,4,1,0,0,3,39,1
3,7,1,15,6,0,12,1,4,0,0,0,3,39,0
6,7,0,10,9,2,10,0,4,1,0,0,3,0,1
2,7,0,9,8,2,12,0,4,1,0,0,3,39,0
0,4,1,2,4,4,5,3,2,1,0,0,3,39,0
0,4,2,3,0,4,7,2,4,1,0,0,3,26,0
0,4,3,11,5,4,6,3,4,1,0,0,3,39,0
3,2,0,15,6,2,4,0,4,1,0,0,3,39,1
6,6,1,14,9,2,10,0,4,1,0,0,3,39,1
5,6,1,9,8,2,12,0,4,1,1,0,3,39,1
2,4,1,9,8,4,10,3,4,0,0,0,3,39,0
3,4,1,11,5,2,7,0,4,1,0,0,3,39,0
2,2,1,11,5,5,8,3,4,0,0,0,8,39,0
1,4,3,11,5,0,14,1,4,1,0,0,3,39,0
1,6,1,15,6,4,4,3,1,1,0,0,4,35,0
3,4,0,8,6,2,3,0,2,1,0,0,4,39,0
0,4,1,15,6,4,6,3,4,1,0,0,1,39,0
6,0,0,11,5,2,0,0,4,1,0,0,3,39,0
4,0,2,5,2,5,0,3,4,0,0,0,1,39,0
3,4,1,9,8,2,10,0,4,1,9,0,3,39,1
1,4,1,1,4,2,3,0,4,1,0,0,3,26,0
1,4,0,11,5,4,8,1,4,0,0,0,4,39,0
1,4,1,11,5,4,7,1,4,1,0,0,3,39,0
3,2,0,11,5,2,4,0,4,1,0,0,3,0,0
1,4,1,11,5,2,8,0,2,1,0,0,2,39,0
1,4,2,11,5,2,13,0,4,1,0,0,3,39,0
0,4,1,15,6,4,4,3,4,1,0,0,5,39,0
0,4,2,11,5,4,8,2,3,1,0,0,3,26,0
0,4,1,15,6,2,6,0,4,1,0,0,3,39,0
2,4,0,15,6,0,4,1,4,1,0,0,4,39,0
3,4,1,15,6,2,12,0,4,1,0,0,3,39,1
5,4,0,0,3,2,12,0,4,1,0,0,3,39,0
3,6,1,9,8,5,3,4,4,1,0,0,3,39,0
3,4,1,11,5,2,12,0,4,1,0,0,2,39,0
1,5,2,8,6,2,12,0,4,1,0,0,3,39,0
1,4,1,11,5,2,1,5,2,0,0,4,3,39,1
3,4,2,15,6,5,4,1,4,1,0,4,4,9,0
0,4,1,1,4,5,3,1,4,1,0,0,3,39,0
1,4,1,9,8,2,1,0,4,1,0,0,5,39,1
5,6,0,11,5,2,5,0,4,1,0,0,1,39,0
1,2,1,15,6,4,11,4,1,0,0,0,3,39,0
4,4,1,1,4,2,4,0,4,1,0,0,5,39,1
5,6,3,11,5,2,4,0,2,1,0,0,3,39,0
2,1,1,11,5,2,1,0,2,1,0,0,3,39,0
2,4,2,3,0,3,9,1,4,0,0,0,3,13,0
1,4,2,11,5,2,1,5,4,0,0,0,3,39,1
1,7,1,10,9,4,10,1,4,1,0,0,7,39,0
5,4,2,11,5,2,5,0,4,1,0,0,3,39,0
3,4,4,11,5,5,7,4,4,0,0,0,2,39,0
4,2,0,11,5,2,1,5,4,0,0,0,2,39,1
2,4,0,9,8,4,4,3,4,1,0,0,5,39,0
1,4,0,11,5,4,5,1,4,1,0,0,3,21,0
7,4,1,15,6,6,4,1,4,0,0,0,1,39,0
5,4,2,9,8,4,12,1,4,1,0,0,3,39,0
4,6,0,12,8,2,10,5,4,0,0,0,1,39,1
2,4,1,11,5,4,7,2,2,1,0,0,3,39,0
2,4,1,11,5,2,3,0,4,1,0,0,4,39,1
6,4,1,11,5,6,3,1,2,0,0,3,5,39,0
4,4,1,11,5,2,7,0,4,1,0,0,3,39,1
0,0,0,15,6,4,0,4,0,0,0,0,2,39,0
1,4,1,11,5,4,8,2,4,1,0,0,2,39,0
5,5,2,9,8,2,12,0,4,1,0,0,7,39,1
6,4,0,4,1,0,14,1,4,1,0,4,5,39,0
6,6,0,0,3,2,5,0,4,1,0,0,8,39,0
3,4,0,8,6,2,1,5,4,0,0,0,3,39,1
3,7,1,12,8,2,10,0,4,1,0,0,3,39,1
2,6,0,8,6,0,4,4,4,1,0,0,3,39,0
4,4,0,11,5,2,3,0,4,1,0,0,3,39,1
7,0,0,1,4,2,0,0,4,1,0,0,3,39,0
0,4,2,1,4,4,8,2,2,0,0,0,2,39,0
3,4,2,11,5,4,4,1,4,0,0,0,4,39,0
3,4,3,11,5,0,1,1,4,1,0,0,3,39,0
1,4,1,9,8,0,1,1,4,0,0,0,3,39,0
1,7,0,12,8,2,4,0,2,1,0,0,3,23,0
6,0,0,11,5,2,0,0,4,1,0,0,3,39,1
2,2,1,15,6,2,6,0,4,1,0,0,6,0,0
0,4,1,11,5,4,8,3,4,0,0,0,3,39,0
1,4,1,1,4,4,7,3,2,0,0,0,3,39,0
2,4,0,0,3,4,3,1,2,1,0,0,3,0,0
2,4,1,9,8,2,12,0,4,1,0,0,4,39,1
4,4,0,15,6,2,12,0,4,1,0,0,3,39,1
2,4,1,7,7,2,13,0,4,1,0,0,3,39,1
1,4,1,15,6,2,3,0,4,1,0,0,3,39,0
3,4,1,9,8,2,12,0,4,1,0,4,3,39,1
3,4,0,1,4,2,14,0,4,1,0,4,3,39,0
2,4,1,4,1,3,3,1,4,1,0,0,3,26,0
0,4,1,0,3,4,14,3,1,1,0,0,2,39,0
1,4,0,11,5,4,12,3,4,1,0,0,6,39,0
2,5,1,15,6,2,4,0,4,1,0,0,6,39,1
3,4,2,11,5,0,3,1,4,1,0,0,3,39,0
3,4,0,11,5,0,3,1,1,1,1,0,3,39,1
3,4,1,11,5,4,5,1,4,1,0,0,5,39,0
3,4,0,15,6,2,4,0,4,1,0,0,3,39,1
2,4,1,15,6,4,10,1,4,0,0,0,1,39,1
3,4,3,15,6,2,3,0,4,1,0,0,3,39,0
1,4,1,9,8,4,10,3,4,1,0,0,3,39,0
2,4,0,15,6,2,6,0,4,1,0,0,3,39,0
2,4,1,9,8,2,4,0,1,1,0,0,5,24,1
1,4,0,9,8,2,1,2,4,0,0,0,1,39,0
1,0,0,1,4,0,0,4,4,0,0,0,5,2,0
4,2,1,10,9,0,10,1,4,0,1,0,3,39,1
1,4,1,11,5,4,7,2,4,1,0,0,3,39,0
1,4,1,11,5,0,6,3,4,1,0,0,5,39,0
7,4,1,10,9,2,10,0,4,1,0,0,3,3,1
2,2,1,8,6,0,4,3,4,1,0,0,3,39,0
1,4,1,11,5,0,7,1,4,0,0,0,3,39,0
2,0,0,11,5,4,0,3,2,1,0,0,3,39,0
0,0,1,15,6,4,0,3,4,1,0,0,2,39,0
2,4,0,11,5,2,5,0,4,1,0,0,5,39,0
1,4,3,9,8,4,12,1,4,1,0,0,3,39,0
0,4,1,11,5,4,1,4,4,0,0,0,3,39,0
5,5,0,11,5,0,8,1,4,1,0,0,3,2,0
1,4,1,15,6,4,1,3,4,0,0,0,3,39,0
1,4,1,9,8,4,1,1,4,1,0,0,6,39,0
3,4,1,3,0,4,7,3,4,1,0,0,3,33,0
4,4,0,15,6,2,7,0,4,1,0,0,3,39,0
3,4,1,10,9,2,4,0,4,1,0,0,4,39,1
2,4,1,11,5,2,4,0,4,1,0,0,6,39,0
5,4,0,11,5,2,8,0,4,1,0,0,3,39,0
0,4,0,11,5,4,8,3,4,0,0,0,1,39,0
2,4,0,11,5,4,7,1,4,0,0,0,3,39,0
0,4,1,11,5,4,12,3,4,1,0,0,4,39,0
4,0,1,9,8,2,0,0,4,1,0,0,8,39,1
2,6,2,9,8,4,4,1,4,1,0,0,3,39,0
3,4,1,7,7,2,1,0,1,1,0,0,3,19,0
1,4,1,11,5,4,5,3,4,0,0,0,3,39,0
1,4,0,9,8,4,1,2,4,1,0,0,3,39,0
2,1,1,15,6,2,7,0,4,1,0,0,3,39,0
0,4,1,9,8,1,10,5,4,0,0,0,3,39,1
3,7,2,15,6,4,14,3,2,1,0,0,3,39,0
6,4,2,6,2,2,7,0,2,1,0,0,1,38,0
2,4,1,9,8,2,10,0,4,1,0,0,3,39,1
3,4,2,15,6,2,7,0,4,1,0,0,3,39,0
2,4,0,11,5,2,7,0,4,1,0,0,3,39,0
1,4,1,15,6,2,6,0,4,1,0,0,3,39,1
1,4,1,2,4,2,7,0,4,1,0,0,3,8,0
1,4,0,8,6,2,6,0,4,1,0,0,5,39,0
0,4,1,0,3,4,12,3,4,0,0,0,0,39,0
3,4,2,15,6,2,12,0,4,1,0,4,5,39,0
2,4,6,11,5,2,4,5,4,0,0,0,3,39,1
2,7,1,9,8,2,10,5,4,0,0,0,4,39,1
3,4,1,9,8,4,12,1,3,0,0,0,5,39,1
0,4,1,11,5,2,3,0,4,1,0,0,3,39,0
1,4,1,12,8,4,10,3,4,0,0,0,3,39,0
0,2,1,1,4,2,6,0,4,1,0,0,3,39,0
3,4,1,11,5,4,1,1,4,1,0,0,3,39,0
4,4,0,9,8,2,10,0,4,1,0,0,5,39,1
0,4,0,15,6,4,1,2,4,0,0,0,1,39,0
2,4,1,12,8,4,4,1,4,0,0,0,3,0,0
5,5,0,1,4,2,14,0,4,1,0,0,6,39,0
1,7,1,10,9,2,10,0,4,1,0,4,7,39,1
1,6,0,15,6,2,14,2,3,1,0,0,5,7,1
4,1,0,9,8,2,4,0,4,1,0,0,4,39,1
1,4,1,15,6,0,3,1,4,1,0,0,4,39,0
4,4,0,15,6,2,4,0,4,1,0,0,4,39,0
2,4,0,9,8,2,12,0,4,1,0,0,4,39,1
0,4,0,15,6,4,7,3,2,0,0,0,4,39,0
0,4,1,1,4,4,12,3,4,0,0,0,0,39,0
0,4,1,11,5,4,12,1,4,0,0,0,2,39,0
0,4,0,15,6,4,12,3,4,0,0,0,6,39,0
0,4,1,11,5,4,7,1,4,1,0,0,3,39,0
3,7,0,12,8,2,10,5,4,0,0,0,3,39,1
4,0,0,12,8,4,0,1,4,0,0,0,3,39,1
2,4,1,1,4,2,6,0,4,1,0,0,3,39,0
3,4,1,1,4,2,14,0,2,1,0,0,3,39,0
3,4,2,15,6,4,13,4,2,0,0,0,3,39,0
1,4,1,6,2,2,14,0,4,1,0,0,3,39,0
5,4,1,15,6,2,3,0,2,1,1,0,3,39,1
4,4,1,8,6,0,8,4,4,0,0,0,3,39,0
3,2,1,11,5,3,5,3,2,1,0,0,3,39,0
0,4,1,15,6,4,8,3,4,0,0,0,0,39,0
0,6,1,15,6,4,8,3,4,0,0,0,2,39,0
2,0,1,0,3,0,0,1,4,0,0,0,3,39,0
8,6,0,15,6,2,3,0,4,1,0,0,0,39,1
0,4,0,15,6,4,8,3,4,1,0,0,1,39,0
5,4,0,1,4,2,7,0,4,1,0,0,3,39,0
0,4,1,11,5,2,6,0,4,1,0,0,3,39,0
2,4,0,9,8,2,4,0,4,1,1,0,3,39,1
0,4,2,0,3,4,3,1,4,1,0,0,3,39,0
0,4,0,15,6,4,6,3,4,1,0,0,2,39,0
2,4,1,8,6,2,4,0,4,1,0,0,5,39,1
3,4,1,11,5,2,4,0,4,1,0,0,3,39,1
1,4,0,11,5,2,3,0,4,1,0,0,4,39,0
3,2,2,7,7,4,14,1,4,1,0,0,4,39,0
2,4,1,9,8,4,8,1,1,0,0,0,3,37,0
2,4,2,9,8,2,4,0,2,1,0,0,4,39,1
4,4,0,9,8,2,4,0,4,1,9,0,5,39,1
0,4,3,9,8,2,4,5,4,0,0,0,4,39,1
3,7,2,14,9,2,10,0,4,1,0,0,5,39,1
2,4,1,11,5,4,7,1,2,0,0,0,3,39,0
1,4,0,15,6,2,1,0,4,1,0,0,3,39,0
1,4,1,11,5,4,4,3,4,1,0,0,3,39,0
0,4,2,11,5,4,3,3,4,1,0,0,3,39,0
1,6,1,7,7,2,12,0,4,1,0,0,6,20,0
5,5,1,11,5,2,12,0,4,1,0,4,2,39,1
3,4,1,11,5,0,13,1,4,0,0,0,4,39,0
3,4,1,11,5,0,6,1,4,0,0,0,3,39,0
5,0,0,12,8,4,0,1,4,0,0,0,5,39,1
1,4,0,7,7,2,14,0,4,1,0,0,3,39,0
1,4,2,11,5,2,14,0,4,1,0,0,7,39,1
2,4,1,5,2,2,7,0,4,1,0,0,3,39,0
1,4,3,10,9,4,10,1,4,1,0,0,3,0,0
0,1,1,8,6,2,6,0,4,1,0,0,2,39,0
3,4,1,8,6,0,13,1,4,1,0,0,3,39,0
0,4,1,15,6,4,1,3,4,0,0,0,1,39,0
2,4,1,11,5,0,3,1,4,1,0,0,5,39,0
1,4,2,6,2,2,3,0,4,1,0,0,4,39,0
2,4,1,11,5,2,11,0,4,1,0,0,5,39,0
0,4,3,9,8,4,12,3,2,1,0,0,0,39,0
2,4,1,11,5,2,14,0,4,1,0,0,3,39,0
2,0,0,6,2,0,0,3,0,1,0,0,3,39,0
5,4,1,11,5,0,8,1,4,0,0,0,3,39,0
3,4,0,11,5,2,7,0,4,1,0,0,3,39,0
1,4,1,0,3,0,8,4,4,0,0,0,3,39,0
1,5,0,11,5,2,3,0,4,1,0,0,5,39,0
1,6,2,15,6,2,3,0,1,1,0,0,3,35,0
3,4,0,7,7,0,14,4,4,0,0,0,3,39,0
0,7,1,9,8,4,1,3,4,0,0,0,0,39,0
4,6,0,15,6,6,3,1,2,1,0,0,3,39,0
1,4,0,12,8,0,12,3,4,0,0,0,3,39,0
5,5,1,8,6,2,7,0,4,1,0,5,7,0,1
3,4,1,15,6,0,3,3,4,1,0,0,3,39,0
1,4,2,8,6,2,3,0,4,1,0,0,3,26,1
2,4,1,9,8,2,10,0,4,1,0,0,5,39,1
1,4,1,11,5,0,7,4,4,1,0,0,3,39,0
4,4,0,15,6,2,4,0,4,1,0,0,3,39,0
2,4,0,15,6,2,4,0,4,1,0,0,3,39,0
1,1,2,9,8,2,4,0,4,1,0,0,3,39,1
4,4,1,15,6,2,7,0,2,1,0,0,6,39,0
3,5,1,9,8,3,12,1,4,1,0,0,3,39,0
3,4,1,11,5,2,14,0,4,1,0,0,3,39,0
5,6,1,12,8,2,10,0,4,1,0,4,3,39,1
1,6,0,11,5,4,3,1,4,1,9,0,5,39,1
3,2,0,11,5,2,5,0,4,1,0,0,3,8,0
5,4,0,11,5,6,10,1,4,0,0,0,5,39,0
4,6,0,0,3,6,14,2,4,0,0,0,3,39,0
4,4,1,11,5,2,4,0,4,1,0,0,6,39,1
1,2,0,9,8,4,10,1,4,0,0,0,3,39,0
4,4,0,1,4,0,8,4,2,0,0,0,2,39,0
7,6,0,15,6,6,5,1,4,0,0,0,1,39,0
0,4,2,11,5,4,1,3,4,0,0,0,3,39,0
6,4,0,5,2,6,8,4,0,0,0,0,1,39,0
0,4,1,15,6,4,8,1,4,1,0,0,4,39,0
0,4,1,1,4,4,8,3,4,0,0,0,1,39,0
5,7,0,11,5,6,4,1,4,0,0,0,3,39,0
3,6,1,15,6,2,12,0,4,1,0,0,3,39,0
1,4,1,15,6,4,12,1,4,0,0,0,3,39,0
1,4,1,9,8,4,13,1,4,0,0,0,3,39,0
2,4,0,15,6,0,3,4,4,1,0,0,5,39,0
6,6,0,9,8,2,3,0,4,1,0,0,5,39,1
1,4,0,14,9,4,10,1,4,0,0,0,9,39,0
0,4,3,2,4,4,7,3,4,1,0,0,2,26,0
2,2,1,0,3,2,14,0,4,1,0,0,3,39,0
1,4,0,11,5,4,3,1,4,1,0,0,5,39,0
4,4,0,12,8,2,10,0,4,1,0,0,5,39,1
2,4,0,11,5,2,12,5,4,0,0,0,3,39,0
0,7,0,0,3,4,5,3,4,1,0,0,3,39,0
1,4,2,15,6,2,12,5,4,0,0,0,2,39,0
2,5,1,11,5,4,8,4,1,1,0,0,3,40,0
2,4,2,9,8,4,10,3,4,1,0,0,3,39,0
5,4,0,0,3,6,14,1,2,0,0,0,3,39,0
2,4,0,11,5,2,4,0,4,1,0,0,3,39,1
5,6,0,0,3,2,5,0,4,1,0,0,3,39,0
2,4,1,11,5,2,3,0,4,1,0,0,3,39,0
4,4,1,10,9,2,10,0,1,1,0,0,9,35,0
4,4,0,11,5,0,14,1,4,1,0,0,4,39,0
2,4,2,9,8,4,13,3,4,1,0,0,3,39,0
4,4,1,15,6,2,12,0,1,1,0,0,5,39,1
3,4,1,15,6,0,12,1,4,1,0,0,3,39,0
3,4,0,14,9,2,1,2,1,0,0,0,3,30,0
1,4,0,15,6,2,13,0,4,1,0,0,4,39,0
3,4,1,11,5,4,14,1,4,1,0,0,3,39,0
0,4,1,15,6,4,11,3,4,1,0,0,3,26,0
3,4,1,15,6,2,14,0,4,1,0,0,3,39,0
4,6,0,15,6,2,12,0,4,1,0,0,5,39,0
1,4,0,11,5,2,12,0,4,1,0,0,5,39,1
2,4,2,11,5,0,13,4,4,0,0,0,7,39,0
2,4,1,8,6,2,1,0,4,1,0,0,3,22,0
5,4,1,5,2,2,3,0,4,1,0,0,3,39,0
1,4,2,9,8,2,10,5,2,0,0,0,3,5,0
6,6,0,9,8,2,10,0,4,1,0,0,3,39,1
4,4,1,11,5,6,14,4,4,1,0,0,3,39,0
1,4,1,8,6,4,10,1,4,1,0,0,4,39,0
2,4,1,15,6,2,8,5,4,0,0,0,2,39,0
1,4,3,15,6,4,10,3,4,1,0,0,0,8,0
2,5,1,9,8,4,4,1,4,0,0,0,6,39,1
1,4,2,9,8,4,13,1,2,1,0,0,3,0,0
0,1,1,15,6,4,13,1,4,1,0,0,3,39,0
3,6,0,8,6,2,4,0,4,1,0,0,6,39,0
3,4,0,6,2,0,8,3,4,0,0,0,5,39,0
6,6,1,11,5,2,3,0,4,1,0,0,3,39,0
4,4,0,9,8,2,14,0,4,1,0,0,3,39,1
0,4,0,15,6,4,12,1,4,0,0,0,3,39,0
3,4,0,0,3,2,3,0,4,1,0,0,3,39,0
2,4,1,11,5,2,4,0,4,1,0,0,4,39,0
1,2,1,15,6,2,11,0,4,1,0,0,4,39,0
4,2,0,12,8,0,10,1,2,0,0,0,2,0,0
1,4,0,11,5,0,4,4,4,0,0,0,3,39,0
2,4,0,11,5,2,14,0,4,1,0,0,3,39,0
2,4,1,8,6,0,8,4,2,0,0,0,3,39,0
2,2,1,12,8,4,10,1,4,0,0,0,3,39,0
1,4,1,14,9,2,1,0,4,1,0,0,3,39,0
4,4,0,11,5,2,13,0,4,1,0,0,3,39,1
2,0,0,8,6,2,0,5,4,0,0,0,3,39,1
1,4,1,11,5,2,4,0,4,1,0,0,5,39,0
3,4,1,11,5,4,12,1,4,1,0,0,5,39,0
2,2,0,8,6,2,10,0,4,1,0,0,6,39,0
3,1,0,8,6,4,10,1,4,0,1,0,3,39,1
2,4,2,9,8,2,10,5,4,0,0,0,0,0,1
2,4,0,15,6,2,10,0,0,1,0,0,3,39,0
3,4,1,9,8,2,4,0,4,1,0,0,3,39,1
2,4,1,11,5,2,3,0,4,1,0,0,3,39,0
1,7,0,12,8,0,4,4,4,0,0,0,5,39,1
1,4,0,15,6,2,3,0,4,1,0,0,6,39,0
1,4,0,15,6,4,1,1,4,0,0,0,1,39,0
3,7,0,15,6,2,1,0,4,1,0,0,3,0,0
3,4,0,11,5,2,12,0,4,1,0,0,6,39,0
0,4,1,0,3,2,7,5,4,0,0,0,3,39,0
5,6,1,11,5,2,4,0,2,1,0,0,4,39,0
2,4,0,11,5,0,8,4,4,0,0,0,3,39,0
1,4,0,11,5,4,14,1,4,1,0,0,5,39,0
1,1,1,11,5,0,1,1,3,1,0,0,4,39,0
0,4,1,11,5,4,12,1,4,1,0,0,3,39,0
4,4,1,15,6,2,3,0,4,1,0,3,4,39,0
1,4,1,15,6,5,6,1,4,1,0,0,3,39,0
5,4,0,5,2,2,14,0,2,1,0,0,3,39,0
2,4,1,11,5,6,8,4,2,1,0,0,3,39,0
1,4,0,1,4,2,3,0,4,1,0,0,4,39,0
2,4,1,15,6,2,10,0,2,1,0,0,3,23,1
0,4,1,11,5,3,12,3,4,0,0,0,3,39,0
2,4,1,15,6,4,12,3,4,1,0,0,4,39,0
6,4,0,11,5,0,8,1,2,0,0,0,3,39,0
7,0,0,8,6,3,0,1,4,0,0,0,3,39,0
4,6,0,11,5,2,5,0,4,1,0,0,5,39,0
1,4,0,5,2,2,8,5,4,0,0,0,3,39,0
2,4,1,15,6,2,13,0,4,1,0,0,3,39,1
2,2,1,9,8,2,10,0,4,1,0,0,6,39,1
3,4,0,11,5,0,7,1,4,0,0,0,2,39,0
0,4,2,7,7,4,8,1,4,0,0,0,2,39,0
5,6,1,9,8,2,4,0,4,1,0,0,6,39,0
0,4,0,11,5,4,3,3,4,1,0,0,3,39,0
1,4,1,9,8,4,12,1,4,1,0,0,4,39,0
0,4,0,11,5,4,12,3,4,1,0,0,3,39,0
1,4,0,9,8,4,4,1,4,0,0,0,6,39,0
6,4,0,6,2,6,9,4,2,0,0,0,2,39,0
0,0,1,15,6,4,0,3,4,0,0,0,1,39,0
2,4,0,11,5,2,12,0,4,1,0,0,3,39,0
3,4,0,11,5,0,3,1,4,0,0,0,3,39,0
0,4,2,11,5,4,3,1,4,0,0,0,3,39,0
0,4,1,8,6,4,10,4,2,0,0,0,3,39,0
2,5,1,15,6,2,11,0,4,1,0,0,6,39,1
2,4,0,7,7,2,4,0,4,1,0,0,3,39,1
3,6,1,11,5,0,8,4,4,1,0,0,4,39,0
1,4,0,9,8,4,4,1,4,0,1,0,5,39,1
1,4,1,15,6,2,1,0,2,1,0,4,3,39,1
2,4,0,7,7,4,4,1,4,0,0,0,6,39,0
3,6,0,11,5,2,4,0,4,1,0,0,3,39,0
1,4,0,15,6,4,8,1,4,1,0,0,2,39,0
5,1,0,15,6,0,10,1,4,1,0,0,4,39,1
4,4,0,1,4,2,7,0,4,1,0,0,3,39,0
1,1,2,15,6,2,1,0,4,1,0,0,4,5,1
0,4,1,15,6,5,8,3,4,0,0,0,2,39,0
7,4,0,11,5,0,8,1,4,0,0,0,3,39,0
2,4,0,9,8,2,4,5,4,0,0,4,2,39,1
1,4,0,15,6,2,1,5,2,0,0,5,1,39,0
1,4,1,12,8,4,6,4,4,1,0,0,2,39,0
4,4,2,8,6,2,10,0,4,1,0,0,3,39,1
3,4,0,11,5,0,12,4,2,0,0,0,3,39,0
2,4,1,15,6,4,1,4,4,0,0,0,3,11,0
1,7,1,9,8,4,11,3,4,1,0,0,3,39,0
2,4,1,0,3,4,3,4,4,1,0,0,3,39,0
6,4,0,11,5,6,9,1,4,0,0,0,1,39,0
4,5,0,15,6,2,7,0,4,1,0,0,7,11,0
4,4,0,11,5,2,3,0,4,1,0,0,3,39,0
3,4,1,11,5,2,3,0,4,1,0,0,3,39,0
3,4,0,12,8,6,4,4,4,1,0,0,3,39,1
3,4,0,9,8,2,12,0,4,1,0,0,5,39,1
1,4,1,9,8,4,1,1,4,0,0,0,3,39,0
4,5,1,7,7,2,12,0,4,1,0,0,3,39,1
2,4,0,1,4,4,8,4,0,1,0,0,3,39,0
3,1,2,11,5,4,1,4,2,0,0,0,3,39,0
1,7,0,9,8,2,4,0,2,1,0,0,3,39,1
0,4,0,1,4,4,14,3,4,0,0,0,1,39,0
4,4,0,11,5,0,8,4,4,0,0,0,3,39,0
0,4,1,15,6,4,9,3,4,0,0,0,3,39,0
1,4,0,15,6,0,1,1,4,0,0,0,5,39,0
1,4,1,15,6,4,4,4,2,0,0,0,3,39,0
0,7,0,11,5,4,8,3,2,1,0,0,3,39,0
2,4,1,11,5,2,3,0,4,1,0,0,3,39,0
4,4,0,11,5,2,3,0,4,1,0,0,3,39,1
1,4,3,11,5,4,8,1,4,1,0,0,3,26,0
5,7,1,7,7,2,10,0,4,1,0,0,1,26,0
1,0,1,12,8,4,0,4,1,1,0,0,1,36,0
3,6,1,9,8,2,4,0,4,1,0,5,5,39,1
2,0,2,2,4,4,0,1,4,1,0,0,3,39,0
0,4,0,1,4,4,6,3,4,1,0,0,3,39,0
0,4,1,9,8,2,12,0,2,1,0,0,2,39,0
4,4,0,12,8,2,10,0,4,1,0,0,3,39,1
2,4,2,15,6,2,13,0,4,1,0,0,5,31,0
2,4,1,7,7,0,1,4,4,0,0,0,4,39,0
2,4,1,9,8,0,4,4,4,0,0,0,3,39,0
4,4,0,1,4,0,4,1,4,0,0,0,3,39,0
2,4,0,11,5,2,3,0,4,1,0,0,4,39,0
3,5,1,15,6,2,4,0,4,1,0,0,5,39,1
1,4,1,11,5,2,3,0,4,1,0,0,5,39,0
0,4,1,11,5,4,12,1,4,0,0,0,3,39,0
0,4,0,11,5,4,12,3,4,0,0,0,5,39,0
0,4,2,1,4,4,14,3,4,0,0,0,3,39,0
4,4,1,1,4,2,8,5,4,0,0,0,0,39,0
1,4,1,0,3,2,12,0,4,1,0,0,3,39,0
3,4,1,11,5,2,14,0,4,1,0,0,4,39,0
1,4,1,15,6,2,10,0,4,1,0,0,3,39,0
1,4,0,11,5,2,3,0,4,1,0,0,5,39,0
4,2,1,12,8,2,1,0,4,1,0,0,3,39,0
1,4,1,11,5,4,1,1,4,0,0,0,5,39,0
0,4,1,9,8,4,8,2,4,1,0,0,1,39,0
2,6,1,11,5,2,3,0,4,1,0,0,3,39,0
1,4,1,0,3,2,3,2,4,1,0,0,5,39,0
0,0,1,0,3,4,0,1,4,0,0,0,2,39,0
2,6,0,9,8,2,10,0,1,1,0,0,6,39,1
2,4,0,11,5,4,10,1,4,1,0,0,3,39,1
1,4,1,15,6,4,8,2,4,0,0,0,1,39,0
0,4,1,11,5,4,4,3,2,1,0,0,7,39,0
5,4,1,11,5,0,12,1,4,0,0,0,3,39,0
1,4,0,9,8,4,7,2,4,1,0,0,3,39,0
4,4,2,15,6,2,12,0,4,1,0,4,5,39,1
2,4,0,11,5,2,14,0,4,1,0,0,6,39,0
2,4,0,8,6,4,12,3,1,1,0,0,3,30,0
2,4,1,9,8,2,12,0,4,1,0,4,3,39,1
1,6,1,7,7,0,1,1,4,0,0,0,3,39,0
1,4,1,5,2,2,7,2,1,0,0,0,4,3,0
5,2,0,15,6,2,4,0,4,1,0,0,6,39,1
5,4,1,11,5,0,1,1,4,0,0,0,3,39,0
4,1,0,11,5,2,14,0,4,1,0,0,3,39,1
2,4,1,8,6,0,10,4,4,0,0,0,3,39,0
1,4,1,9,8,4,10,1,2,1,0,0,4,0,0
1,4,1,11,5,2,3,0,4,1,0,4,4,39,1
2,4,1,1,4,4,11,1,2,1,1,0,3,39,1
4,7,0,11,5,0,1,4,4,0,0,0,3,39,0
5,4,1,1,4,6,6,4,4,0,0,0,3,39,0
4,4,0,11,5,2,3,0,4,1,0,0,3,39,0
3,5,1,15,6,2,4,0,4,1,0,0,7,39,1
0,4,1,1,4,4,12,3,4,1,0,0,0,39,0
4,5,0,15,6,0,4,1,4,1,0,5,5,39,0
5,6,0,15,6,2,4,0,4,1,0,0,5,39,0
1,4,1,9,8,2,12,0,1,1,0,0,3,19,0
3,5,1,15,6,2,4,0,4,1,0,0,5,39,0
1,4,2,9,8,4,1,1,4,0,0,0,6,39,0
6,2,1,7,7,2,4,0,4,1,0,0,3,39,0
2,4,1,11,5,2,3,0,4,1,0,0,3,39,0
0,4,1,1,4,3,6,3,4,1,0,4,3,6,0
0,4,2,15,6,4,14,1,4,1,0,0,3,39,0
0,4,2,11,5,4,6,3,4,1,0,0,3,39,0
4,4,1,9,8,2,10,0,4,1,0,0,3,39,0
1,2,1,12,8,4,10,1,4,1,0,0,5,39,0
4,4,2,15,6,2,3,0,4,1,0,0,3,39,1
2,4,2,6,2,4,6,1,2,1,0,0,3,39,0
3,2,1,9,8,2,10,0,4,1,0,0,3,39,1
1,4,0,11,5,4,8,3,1,1,0,0,3,39,0
1,4,1,5,2,2,5,0,4,1,0,4,3,39,0
2,4,0,11,5,2,7,0,4,1,0,0,8,39,1
5,4,1,7,7,6,4,4,4,0,0,0,3,39,0
2,4,0,15,6,2,3,0,4,1,0,0,5,39,1
0,4,1,11,5,4,3,4,4,1,0,0,4,28,0
5,4,2,5,2,2,7,5,4,0,0,0,3,39,0
5,4,1,9,8,2,12,0,4,1,0,0,3,39,1
1,4,1,9,8,2,3,0,4,1,0,0,4,39,1
1,4,0,11,5,4,14,1,4,0,0,0,4,39,0
1,4,3,8,6,4,7,1,4,1,0,0,3,39,0
1,4,1,4,1,2,3,0,4,1,0,3,5,39,0
0,4,0,15,6,4,5,1,4,1,0,0,7,39,0
3,4,1,0,3,0,1,4,3,0,0,0,4,39,0
1,4,1,11,5,2,7,0,4,1,0,0,3,39,0
3,7,2,11,5,0,8,1,2,0,0,0,4,39,0
1,4,0,6,2,4,3,3,4,1,0,0,4,39,0
3,2,1,12,8,0,10,1,2,1,0,0,3,6,0
1,4,1,11,5,4,1,1,4,0,0,0,3,39,0
1,4,1,1,4,3,6,1,4,1,0,0,3,26,0
4,4,0,11,5,2,3,0,4,1,0,0,3,39,1
4,4,1,12,8,2,4,0,4,1,1,0,3,39,1
3,4,2,11,5,2,8,3,4,0,0,0,1,39,0
1,4,1,15,6,2,3,0,4,1,0,3,3,39,0
0,4,1,6,2,4,7,3,4,1,0,0,3,39,0
4,5,1,11,5,2,4,0,4,1,0,0,3,39,1
0,0,0,9,8,4,0,3,4,1,0,0,3,39,0
0,2,1,15,6,4,1,1,4,0,0,0,3,39,0
3,4,2,11,5,0,1,4,4,0,0,0,5,39,0
3,4,1,15,6,2,12,0,4,1,0,0,3,39,0
4,4,2,15,6,5,4,4,2,0,0,0,6,39,0
5,0,1,15,6,2,0,0,4,1,0,0,3,39,1
2,6,1,11,5,4,3,1,4,1,0,0,5,39,0
5,5,0,14,9,2,10,0,1,1,1,0,5,19,1
0,4,0,1,4,4,10,3,4,0,0,0,3,39,0
3,1,0,15,6,4,1,1,4,0,0,0,5,39,0
2,4,2,11,5,0,12,3,4,0,0,0,3,39,0
2,5,2,10,9,2,10,0,2,1,0,0,9,39,1
2,4,0,11,5,4,13,1,4,1,0,0,3,39,0
7,6,0,9,8,2,3,0,4,1,0,5,1,39,1
3,4,0,12,8,2,10,0,4,1,1,0,5,39,1
5,4,0,15,6,2,4,5,4,0,0,0,5,39,1
0,4,2,1,4,2,3,0,4,1,0,0,3,26,0
1,4,0,9,8,4,12,1,4,1,0,0,3,39,1
3,2,1,11,5,5,8,4,2,0,0,0,3,39,0
2,4,1,11,5,4,7,1,4,1,0,0,3,39,0
3,6,0,15,6,2,5,0,4,1,0,0,7,39,0
4,5,1,9,8,2,4,0,4,1,0,0,3,39,0
1,4,1,9,8,4,5,3,4,1,0,0,3,39,0
6,6,0,5,2,6,5,2,4,0,0,0,3,39,0
5,4,1,15,6,2,12,0,4,1,0,0,3,39,1
1,5,1,15,6,4,1,3,4,0,0,0,4,39,0
1,4,0,7,7,2,3,0,4,1,0,0,3,39,0
3,4,1,11,5,4,1,1,4,0,0,0,3,39,0
4,4,0,11,5,2,12,0,1,1,0,0,5,1,0
3,4,1,11,5,4,12,3,4,0,0,0,1,39,0
0,4,1,11,5,4,6,3,4,1,0,0,3,39,0
5,2,1,11,5,2,8,0,4,1,0,0,3,39,0
5,7,0,9,8,4,10,4,1,0,0,0,3,39,1
4,4,1,9,8,2,4,0,4,1,0,0,5,39,1
3,4,1,4,1,0,3,1,4,0,0,5,4,39,0
5,4,1,9,8,2,6,0,4,1,0,0,3,22,1
1,4,0,11,5,4,12,3,4,1,0,0,3,39,0
1,4,0,15,6,5,12,1,4,0,0,0,3,39,0
7,2,1,4,1,2,10,0,4,1,0,0,0,39,0
1,4,1,11,5,4,12,2,4,1,0,0,4,39,0
2,5,0,8,6,0,12,4,4,0,0,0,3,39,0
3,4,1,7,7,0,10,1,4,1,0,0,5,39,0
2,4,1,12,8,2,4,0,4,1,0,0,3,39,1
1,4,0,11,5,0,1,3,4,0,0,0,3,39,0
1,4,1,11,5,4,1,4,2,0,0,0,3,39,0
1,4,1,11,5,2,12,0,4,1,0,0,5,39,1
3,4,2,11,5,2,4,0,4,1,0,0,3,39,1
3,5,1,15,6,2,5,0,4,1,0,0,3,39,1
0,4,0,1,4,4,8,2,4,1,0,0,3,39,0
1,4,1,11,5,2,8,0,4,1,0,0,3,39,0
3,6,1,11,5,2,12,0,4,1,0,0,3,39,0
4,1,2,12,8,2,10,0,4,1,0,0,3,39,1
0,4,1,1,4,4,8,3,4,0,0,0,1,39,0
1,6,0,11,5,2,1,0,4,1,0,0,3,39,0
5,1,0,15,6,2,3,0,4,1,0,0,3,39,0
4,2,2,6,2,2,8,5,4,0,0,0,3,39,0
0,4,1,15,6,4,8,3,4,0,0,0,1,39,0
0,4,0,15,6,4,8,3,4,0,0,0,1,39,0
2,4,1,9,8,2,4,0,4,1,0,0,3,39,1
2,4,1,15,6,2,1,5,4,0,0,0,3,39,1
2,2,0,9,8,2,13,0,4,1,0,0,4,39,1
4,4,1,12,8,4,10,1,4,1,0,0,3,39,0
0,4,0,11,5,4,8,1,4,1,0,0,3,39,0
1,4,1,7,7,2,13,5,4,0,0,0,3,39,0
4,4,0,14,9,2,4,0,4,1,9,0,5,39,1
5,6,0,11,5,2,12,0,4,1,0,0,3,39,0
0,4,2,0,3,4,9,3,2,0,0,0,1,39,0
0,0,0,15,6,4,0,3,4,1,0,0,2,39,0
2,6,1,5,2,2,5,0,4,1,0,0,5,39,0
3,4,2,11,5,0,3,4,4,0,0,0,6,39,0
6,4,3,9,8,2,12,0,4,1,0,0,1,39,0
4,4,0,12,8,2,10,0,4,1,0,0,5,39,1
4,7,0,8,6,2,10,0,4,1,0,0,3,39,1
3,4,1,11,5,2,3,0,4,1,0,0,3,39,0
4,4,0,11,5,2,8,0,1,1,0,0,3,3,0
6,6,0,11,5,2,12,0,1,1,0,0,6,35,0
2,4,1,8,6,5,1,3,2,0,0,0,5,39,0
4,4,0,7,7,2,10,0,4,1,0,0,5,39,1
3,2,1,15,6,2,11,0,3,1,0,0,3,39,1
3,4,0,9,8,2,1,0,4,1,0,0,4,39,1
5,6,0,0,3,2,12,0,4,1,0,0,6,39,0
2,4,0,15,6,2,12,5,4,0,0,0,3,39,1
3,4,0,8,6,2,14,5,4,0,0,0,2,39,0
0,4,2,11,5,4,1,3,4,0,0,0,3,39,0
0,4,1,15,6,4,8,3,4,1,0,0,1,39,0
3,4,0,12,8,2,4,0,4,1,0,0,3,39,0
3,4,0,8,6,5,1,1,1,1,0,0,3,39,0
1,4,1,15,6,0,8,3,4,0,0,0,1,39,0
0,4,1,1,4,4,6,3,4,1,0,0,3,39,0
5,1,0,12,8,2,4,0,2,1,1,0,3,39,1
4,6,2,12,8,2,4,0,4,1,0,0,3,26,1
3,4,1,11,5,0,3,1,4,1,0,0,5,39,0
2,4,1,9,8,0,12,4,4,0,0,0,3,39,0
4,4,1,15,6,2,1,0,4,1,0,0,4,39,1
8,4,1,5,2,6,9,1,4,0,0,0,2,39,0
2,6,0,9,8,2,12,0,4,1,0,0,5,39,1
1,4,1,11,5,2,14,0,4,1,0,0,3,39,0
6,4,0,11,5,2,12,0,4,1,0,0,5,39,0
6,4,0,9,8,0,4,4,4,1,2,0,5,39,1
3,7,1,7,7,0,8,1,4,0,0,0,3,39,0
1,4,1,11,5,4,7,1,4,1,0,0,3,39,0
7,4,0,11,5,2,11,0,4,1,0,0,1,39,0
0,4,1,15,6,4,12,3,1,0,0,0,3,39,0
0,4,1,15,6,4,1,3,4,0,0,0,1,39,0
6,4,1,11,5,2,3,0,4,1,0,0,2,39,0
6,4,1,0,3,2,14,0,4,1,0,0,3,39,0
4,4,1,15,6,2,4,0,4,1,0,0,3,39,1
4,6,1,15,6,4,1,4,4,1,0,0,0,39,0
3,4,1,11,5,2,3,0,4,1,0,0,3,39,0
5,7,1,10,9,4,4,1,4,0,0,0,4,39,1
2,2,1,9,8,2,3,0,4,1,0,0,3,39,0
3,2,1,2,4,2,14,0,4,1,0,3,3,39,0
0,4,1,4,1,4,7,1,4,1,0,0,2,26,0
2,4,1,9,8,4,12,1,4,0,0,0,3,39,0
0,4,1,9,8,4,12,1,4,0,0,0,1,39,0
0,7,1,15,6,4,11,1,4,1,0,0,3,39,0
1,4,1,15,6,2,12,0,4,1,1,0,4,39,1
2,4,0,15,6,0,10,1,4,0,0,0,2,39,0
2,4,1,8,6,4,10,4,2,0,0,0,2,39,0
1,2,1,11,5,4,8,3,4,1,0,0,3,39,0
2,4,1,11,5,2,12,0,1,1,0,4,5,20,1
0,4,1,15,6,4,6,3,4,1,0,0,3,39,0
1,4,0,9,8,0,8,1,4,1,0,0,3,39,0
4,6,0,12,8,2,10,5,4,0,0,0,3,2,1
1,4,0,11,5,4,7,1,1,1,0,0,3,1,0
2,2,1,15,6,4,1,4,2,0,0,0,1,39,0
3,4,0,15,6,0,12,4,4,0,0,0,3,39,0
3,2,1,9,8,5,10,1,2,1,0,0,2,39,0
8,2,0,1,4,2,4,0,4,1,0,0,0,39,0
4,4,1,15,6,2,3,0,4,1,0,4,6,39,1
3,4,1,11,5,2,12,0,4,1,0,0,3,39,1
2,6,1,8,6,2,3,0,4,1,0,0,7,39,0
2,4,1,7,7,2,3,0,4,1,0,4,5,39,1
0,4,1,7,7,4,10,3,2,1,0,0,1,39,0
5,4,1,4,1,3,8,4,2,0,0,0,2,14,0
2,4,1,11,5,2,3,0,4,1,0,0,3,39,0
2,7,1,12,8,4,1,1,4,0,0,0,3,39,0
2,4,1,9,8,4,4,1,4,1,0,3,3,39,0
1,4,1,8,6,4,8,1,2,1,0,0,3,39,0
3,6,1,11,5,2,7,5,4,0,0,0,4,39,0
5,4,3,5,2,2,3,0,4,1,0,0,3,39,0
0,0,0,15,6,4,0,3,4,1,0,0,3,39,0
4,4,0,15,6,2,4,0,4,1,0,0,3,39,0
4,4,0,9,8,2,1,0,4,1,0,0,3,39,1
1,2,1,11,5,4,11,1,2,1,0,0,3,39,0
5,4,0,11,5,2,11,0,4,1,0,0,3,39,0
3,4,1,9,8,2,4,0,4,1,0,0,3,39,1
0,4,1,1,4,4,8,3,4,0,0,0,1,39,0
2,4,1,15,6,0,3,1,4,1,0,0,4,39,0
6,2,1,11,5,2,4,0,4,1,0,0,1,39,0
0,0,1,15,6,4,0,3,4,0,0,0,3,39,0
3,4,0,15,6,0,7,3,4,0,0,0,1,39,0
1,4,1,15,6,4,6,1,4,1,0,0,4,39,0
5,0,0,12,8,2,0,0,4,1,0,0,3,39,0
2,4,1,11,5,2,6,0,4,1,0,0,2,39,0
3,4,2,11,5,5,12,1,4,0,0,0,2,39,0
4,4,0,8,6,0,13,4,4,0,0,0,3,39,0
4,4,0,15,6,2,4,5,4,0,0,0,0,39,1
5,6,1,0,3,2,3,0,4,1,0,0,0,39,0
1,4,1,11,5,5,3,3,4,1,0,0,3,26,0
2,6,0,14,9,2,10,0,4,1,0,0,4,39,1
0,0,0,11,5,4,0,1,4,0,0,0,1,39,0
2,6,1,15,6,4,8,4,4,0,0,0,5,39,0
4,4,0,11,5,2,5,0,4,1,0,0,3,39,0
4,4,1,11,5,2,1,0,4,1,0,0,3,39,1
0,4,1,1,4,4,12,3,4,0,0,0,1,39,0
4,4,1,9,8,5,10,4,1,0,0,0,3,30,0
3,7,1,15,6,2,11,0,2,1,0,0,7,39,1
3,4,0,8,6,5,3,1,4,1,0,0,2,39,0
3,4,0,7,7,2,12,0,4,1,0,0,3,39,1
0,0,0,15,6,4,0,4,4,0,0,0,1,39,0
2,4,1,15,6,0,6,4,2,1,0,0,3,27,0
3,6,0,11,5,2,5,0,4,1,0,0,6,39,0
6,6,1,4,1,4,12,1,4,0,0,0,0,39,0
0,4,3,15,6,2,7,0,4,1,0,0,3,26,0
1,4,2,11,5,2,8,0,4,1,0,0,3,26,0
0,4,1,1,4,4,12,3,2,0,0,0,0,39,0
2,4,1,9,8,4,10,1,2,1,0,0,5,39,1
6,5,0,11,5,2,3,0,4,1,0,0,3,39,0
0,4,2,6,2,4,9,3,4,1,0,0,3,26,0
2,4,1,12,8,0,4,3,4,0,1,0,5,39,1
3,4,1,15,6,0,4,1,4,0,0,0,3,39,0
1,0,0,6,2,4,0,1,4,0,0,0,2,39,0
0,4,0,1,4,4,6,3,4,1,0,0,2,39,0
2,4,0,11,5,4,6,1,4,0,0,0,4,39,0
6,4,1,11,5,2,14,0,4,1,0,0,3,39,0
0,4,0,0,3,4,8,3,4,0,0,0,2,39,0
0,4,0,7,7,4,1,3,4,1,0,0,3,39,0
1,2,1,11,5,4,3,3,4,1,0,0,3,39,0
5,6,0,15,6,2,5,0,4,1,0,0,5,39,0
2,4,2,15,6,2,3,0,4,1,0,0,3,39,1
3,4,1,11,5,4,8,3,4,0,0,0,2,39,0
2,1,1,9,8,2,11,0,4,1,0,0,6,39,0
4,4,1,11,5,2,1,0,4,1,0,0,3,26,0
5,5,1,15,6,2,12,0,4,1,0,0,3,39,0
3,4,2,15,6,2,12,0,4,1,0,0,3,39,1
1,4,1,9,8,4,1,3,4,0,0,0,3,39,0
3,2,0,11,5,3,5,4,2,1,0,0,3,39,0
3,4,0,6,2,5,7,1,4,0,0,0,3,21,0
3,4,0,15,6,2,3,0,4,1,0,0,3,39,0
2,1,0,15,6,4,4,1,4,1,0,0,5,39,0
3,6,0,12,8,2,5,0,4,1,0,0,3,39,1
2,4,1,8,6,4,13,3,4,0,0,0,3,39,0
1,4,1,11,5,2,12,0,4,1,0,0,4,39,0
3,6,1,11,5,2,14,0,4,1,0,0,9,39,0
2,6,1,6,2,2,3,0,4,1,0,0,3,26,0
0,0,1,15,6,4,0,3,4,0,0,0,4,39,0
0,4,1,9,8,4,7,3,4,1,0,0,2,39,0
4,4,1,11,5,0,4,1,4,0,0,5,3,39,1
0,4,1,0,3,0,6,4,4,0,0,0,5,39,0
5,4,1,8,6,6,1,1,4,1,0,0,3,39,0
2,4,0,15,6,2,1,0,2,1,0,0,3,23,1
2,7,2,11,5,2,4,0,4,1,0,0,3,39,0
5,1,2,9,8,0,1,1,4,1,0,0,3,39,0
2,4,1,11,5,4,7,1,4,0,0,0,3,39,0
3,6,0,0,3,4,3,3,4,1,0,0,5,39,0
0,4,1,11,5,4,3,3,4,1,0,0,3,4,0
0,4,1,9,8,4,8,1,4,0,0,0,2,39,0
2,4,0,9,8,0,10,4,4,0,0,0,4,0,0
0,4,1,11,5,2,7,0,3,1,0,0,3,26,0
1,1,0,11,5,0,4,1,3,0,0,0,3,39,0
3,4,0,15,6,2,12,0,4,1,0,0,6,39,1
3,4,1,0,3,2,3,0,4,1,0,0,5,39,0
0,2,1,8,6,4,1,3,4,0,0,0,3,39,0
2,2,0,12,8,4,10,1,4,0,0,0,3,11,0
0,4,1,11,5,4,12,3,4,1,0,0,1,39,0
6,0,0,11,5,2,0,0,4,1,0,0,0,39,1
0,4,1,0,3,2,5,0,4,1,0,0,7,39,0
2,4,1,11,5,0,1,4,4,0,0,0,3,39,0
3,4,0,11,5,2,8,5,1,0,0,0,5,30,0
1,4,1,15,6,4,1,4,2,0,0,0,3,39,0
2,2,1,9,8,2,10,3,4,1,0,0,3,39,0
2,4,1,8,6,2,10,5,4,0,0,0,3,39,1
5,0,1,15,6,2,0,0,4,1,9,0,3,39,1
4,4,0,15,6,5,4,1,2,0,0,0,3,39,0
2,4,1,8,6,2,7,0,4,1,0,0,4,39,1
2,2,0,11,5,4,11,1,0,1,0,0,3,39,0
0,6,1,6,2,4,10,1,4,1,0,0,3,26,0
1,4,2,9,8,2,12,0,4,1,0,0,1,29,0
0,4,1,1,4,4,7,3,4,1,0,0,6,39,0
3,7,0,7,7,0,10,1,2,1,0,0,3,39,0
4,6,1,12,8,2,4,0,4,1,0,0,4,39,0
0,0,0,8,6,4,0,1,0,0,0,0,2,39,0
2,4,0,11,5,4,1,1,4,0,0,0,3,39,0
2,6,3,11,5,2,3,5,2,0,0,0,3,39,1
3,4,1,15,6,0,8,1,4,1,0,0,2,39,0
3,4,1,7,7,4,1,1,3,0,0,0,5,39,0
1,4,1,6,2,2,7,0,4,1,0,0,3,26,0
1,2,0,11,5,2,6,2,4,1,0,0,2,39,0
1,4,0,11,5,4,8,4,4,1,0,0,3,39,0
3,2,0,11,5,2,3,0,4,1,0,0,3,39,0
1,4,0,0,3,4,1,4,4,0,0,0,3,39,0
0,5,1,9,8,4,1,3,4,0,0,0,3,39,0
0,4,1,1,4,2,7,0,4,1,0,0,3,39,0
2,7,0,15,6,2,4,0,4,1,0,0,3,39,0
3,4,0,11,5,0,12,4,4,0,0,0,3,39,0
2,2,1,9,8,2,10,5,4,0,0,0,3,39,1
1,4,0,11,5,4,8,3,2,1,0,0,3,39,0
5,6,0,11,5,0,3,4,4,1,2,0,5,39,1
7,4,1,4,1,6,8,2,4,0,0,0,3,0,0
0,4,1,11,5,2,6,0,4,1,0,0,3,39,0
5,4,1,11,5,4,3,1,4,1,0,0,3,39,0
4,4,2,11,5,2,1,5,2,0,0,0,3,39,0
1,4,1,15,6,2,10,0,4,1,0,0,5,39,1
2,7,2,11,5,0,7,3,4,1,0,0,3,39,0
7,6,1,11,5,2,5,0,1,1,0,5,3,40,0
3,4,0,11,5,2,12,5,4,0,0,0,1,39,0
0,4,1,15,6,4,1,3,4,1,0,0,2,39,0
4,2,0,15,6,2,11,0,4,1,0,0,3,39,1
2,4,1,7,7,2,10,0,4,1,0,0,3,39,1
2,2,1,11,5,2,11,0,4,1,0,0,3,39,1
4,4,1,12,8,2,4,0,1,1,0,0,3,30,1
3,1,1,9,8,2,1,0,1,1,0,0,3,30,1
4,4,0,8,6,0,13,4,2,0,0,0,4,39,0
2,0,0,11,5,2,0,0,4,1,0,0,3,39,0
5,4,0,15,6,2,3,0,4,1,0,0,3,39,1
1,4,2,7,7,4,12,3,4,0,0,0,3,39,0
3,4,1,11,5,2,6,0,4,1,0,0,4,39,1
1,4,1,9,8,2,12,0,4,1,0,0,3,39,1
1,4,1,8,6,4,1,1,4,0,0,0,3,39,0
4,4,0,7,7,0,3,1,2,1,0,0,4,39,0
3,4,1,15,6,2,8,5,4,0,0,0,2,39,0
6,4,1,11,5,6,1,1,4,0,0,0,1,39,0
1,4,0,14,9,2,10,0,4,1,0,0,5,39,1
2,4,0,11,5,4,8,3,1,0,0,0,3,30,0
3,4,1,11,5,2,3,0,4,1,0,0,3,39,0
4,4,2,15,6,0,4,1,4,1,0,0,5,39,0
3,6,0,15,6,4,5,3,4,1,0,0,7,39,0
5,6,1,11,5,2,5,0,4,1,0,0,7,39,0
2,4,2,15,6,0,1,4,2,0,0,0,3,39,0
3,4,1,15,6,2,13,0,4,1,0,0,3,39,1
1,4,2,9,8,4,12,1,4,1,0,0,5,39,0
1,4,1,1,4,2,14,0,4,1,0,0,3,39,0
2,4,1,11,5,5,3,4,2,1,0,0,3,39,0
3,4,0,1,4,2,3,0,4,1,0,4,3,39,1
4,2,1,12,8,0,4,1,4,0,0,0,6,39,1
1,6,1,15,6,3,3,3,4,1,0,0,6,39,1
1,4,0,9,8,5,4,1,4,0,0,0,7,39,0
4,4,2,11,5,5,8,4,2,0,0,0,3,39,0
0,4,0,11,5,4,12,3,4,0,0,0,3,39,0
1,4,1,9,8,2,10,5,4,0,0,0,4,39,1
3,4,1,15,6,2,3,0,4,1,0,0,5,39,1
1,4,1,4,1,4,8,2,4,1,0,0,3,26,0
2,4,1,9,8,2,12,0,4,1,0,0,3,39,1
1,4,1,11,5,2,3,0,4,1,0,0,5,39,0
2,4,0,15,6,0,1,4,4,0,0,0,3,39,0
0,7,1,11,5,4,1,4,2,0,0,0,1,39,0
1,4,1,15,6,4,12,1,2,0,0,0,3,39,0
3,5,1,8,6,0,12,4,4,0,0,0,2,39,0
3,4,1,0,3,2,8,5,2,0,0,0,3,39,0
4,4,1,15,6,2,3,0,4,1,0,0,3,39,1
4,4,0,15,6,2,3,0,4,1,0,0,3,39,1
1,4,1,11,5,4,4,3,4,0,0,0,3,39,0
1,0,0,15,6,4,0,1,4,1,0,0,3,39,0
0,4,0,15,6,4,1,1,4,0,0,0,3,39,0
0,4,0,8,6,4,12,4,4,0,0,0,6,39,0
0,4,2,0,3,4,12,4,4,0,0,0,2,39,0
1,4,0,11,5,2,6,0,4,1,0,0,4,39,0
1,4,2,11,5,5,1,4,4,0,0,0,1,0,0
3,7,0,9,8,0,10,1,4,1,0,0,3,39,0
2,4,1,1,4,4,6,1,2,1,0,0,3,39,0
2,2,1,12,8,4,10,1,4,0,0,0,3,39,0
3,4,1,9,8,4,12,4,2,0,0,0,3,39,1
0,4,0,11,5,4,8,3,4,0,0,0,3,39,0
2,4,1,14,9,0,10,1,4,1,9,0,4,39,1
4,2,0,12,8,0,10,1,4,0,0,0,4,39,0
5,4,1,10,9,2,10,0,4,1,0,0,5,39,0
5,6,0,11,5,2,14,0,4,1,0,0,4,39,0
4,4,0,15,6,2,4,0,4,1,0,0,6,39,1
1,4,0,15,6,2,4,5,3,0,0,0,3,39,0
1,7,1,15,6,2,4,0,2,1,0,0,3,39,1
4,4,0,11,5,2,5,0,4,1,0,0,5,39,0
4,2,0,6,2,2,4,0,4,1,0,0,3,39,0
0,4,1,1,4,4,8,3,4,1,0,0,1,29,0
3,4,1,15,6,0,12,4,4,0,0,0,3,39,0
4,4,1,9,8,0,4,1,4,1,1,0,5,39,1
1,4,1,8,6,4,10,1,4,0,0,0,3,39,0
0,4,0,15,6,4,8,3,4,0,0,0,3,0,0
3,4,0,9,8,2,10,5,1,0,0,0,2,36,1
6,0,0,11,5,2,0,0,4,1,0,0,4,39,0
0,4,1,15,6,4,8,2,2,0,0,0,0,39,0
2,4,0,11,5,2,6,0,4,1,0,0,3,39,0
2,7,1,12,8,2,10,0,4,1,0,0,5,39,0
3,4,1,11,5,5,3,1,4,1,0,0,3,39,0
4,4,1,11,5,0,12,1,4,0,0,0,3,11,0
3,4,0,7,7,0,1,4,4,0,0,0,3,39,0
1,2,1,15,6,3,1,4,4,0,0,0,3,39,0
1,4,1,8,6,4,1,1,4,0,0,0,3,39,0
6,0,0,11,5,2,0,0,4,1,0,0,5,39,1
2,6,0,1,4,2,14,0,4,1,0,0,4,39,0
2,0,0,14,9,2,0,0,4,1,0,0,0,26,0
1,4,0,9,8,4,10,1,4,1,0,0,3,39,0
3,4,1,9,8,2,14,0,4,1,0,0,4,39,1
0,4,0,11,5,4,3,1,4,1,0,0,4,39,0
2,0,0,0,3,2,0,5,4,0,0,0,3,39,0
1,4,0,11,5,4,1,1,4,0,0,0,3,39,0
1,4,0,11,5,2,1,5,4,0,0,0,2,39,0
0,4,0,0,3,4,3,3,4,1,0,0,4,39,0
2,4,1,11,5,2,4,0,4,1,0,0,3,39,0
0,4,2,15,6,2,6,0,4,1,0,0,3,39,0
2,4,1,9,8,4,10,1,4,1,0,3,3,39,0
1,4,1,9,8,4,3,3,4,1,0,0,3,26,0
2,4,1,8,6,4,4,1,4,0,0,0,2,39,0
3,4,1,8,6,2,14,0,4,1,0,0,4,39,0
5,4,0,11,5,6,14,4,4,1,0,1,4,39,1
3,4,1,11,5,0,3,4,4,1,0,0,4,39,0
1,4,1,15,6,0,3,1,4,1,0,0,3,39,0
0,0,2,11,5,0,0,2,2,0,0,0,3,39,0
1,4,0,9,8,4,10,3,4,1,0,0,7,39,0
4,6,1,15,6,2,3,0,4,1,0,0,3,39,0
1,4,1,9,8,4,10,1,4,0,0,0,5,39,0
3,4,1,11,5,4,9,4,2,0,0,0,2,39,0
0,4,1,11,5,4,6,3,4,1,0,0,3,39,0
1,4,0,11,5,2,7,0,4,1,0,0,4,39,0
2,4,0,11,5,2,8,0,4,1,0,0,2,21,0
2,4,1,7,7,4,14,1,2,1,0,0,2,23,0
1,2,2,9,8,4,10,1,4,1,0,0,3,39,0
5,4,2,15,6,2,10,0,4,1,0,0,3,39,1
3,4,1,11,5,5,8,1,4,0,0,0,3,39,0
1,4,2,15,6,2,7,0,4,1,0,0,3,39,0
1,4,1,11,5,0,8,1,4,1,0,0,2,39,0
2,4,2,11,5,0,14,4,4,0,0,0,3,39,0
6,2,0,15,6,0,1,1,4,0,0,0,2,39,0
0,4,0,7,7,4,10,3,4,0,0,0,1,39,0
6,4,2,15,6,0,4,1,4,0,0,0,3,39,0
4,4,0,12,8,2,4,0,4,1,9,0,5,0,1
0,4,0,0,3,4,12,3,2,0,0,0,2,39,0
0,4,0,11,5,4,3,1,4,0,0,0,3,39,0
0,4,2,11,5,2,6,0,2,1,0,0,3,39,0
2,4,0,15,6,2,6,0,4,1,0,0,3,39,0
2,4,1,4,1,3,3,2,4,1,0,0,3,26,0
1,4,0,15,6,0,12,1,4,1,0,0,5,39,0
0,6,0,15,6,4,1,3,4,0,0,0,1,39,0
2,4,1,11,5,0,7,1,4,1,0,0,3,39,0
2,4,1,8,6,4,8,1,4,1,0,0,3,39,0
5,4,0,15,6,2,3,0,4,1,0,0,6,39,0
2,4,1,11,5,2,7,0,4,1,0,0,4,39,0
4,6,1,11,5,0,12,1,4,1,0,0,3,39,0
1,4,3,4,1,2,14,0,4,1,0,0,3,26,0
4,4,1,11,5,2,7,5,2,0,0,0,3,39,0
2,4,0,11,5,4,1,3,4,0,0,0,3,39,0
2,4,2,15,6,2,1,0,4,1,0,0,3,39,0
3,4,0,15,6,2,3,0,4,1,0,0,3,39,0
0,2,1,15,6,4,11,4,3,1,0,0,3,39,0
6,6,0,10,9,2,12,0,4,1,2,0,3,39,1
1,4,1,11,5,2,3,0,4,1,0,0,3,39,0
2,4,0,6,2,5,1,1,4,1,0,0,4,39,0
0,8,1,11,5,4,3,3,2,1,0,0,3,39,0
1,4,1,15,6,4,12,3,4,1,0,0,2,39,0
0,4,1,2,4,4,6,1,4,1,0,0,3,39,0
6,4,2,8,6,2,1,0,4,1,0,0,1,39,0
0,4,0,0,3,4,12,3,4,0,0,0,1,39,0
1,4,2,9,8,4,12,1,4,0,0,0,4,39,0
4,4,1,9,8,2,4,0,4,1,0,0,3,39,0
4,4,1,11,5,4,8,1,2,0,0,0,3,39,0
1,4,0,11,5,4,8,2,1,1,0,0,6,0,0
1,4,0,9,8,4,4,1,4,1,0,4,3,39,0
3,4,0,11,5,2,14,0,4,1,0,0,5,39,1
3,4,1,9,8,2,7,0,4,1,0,0,3,39,1
6,4,0,11,5,2,6,0,4,1,0,0,1,39,0
0,4,1,6,2,2,8,0,4,1,0,0,3,39,0
3,4,1,9,8,2,10,0,4,1,0,4,4,39,1
3,4,0,7,7,2,13,0,4,1,0,0,3,10,1
1,4,0,11,5,4,8,1,4,0,0,0,4,39,0
2,4,1,15,6,2,3,0,4,1,0,0,3,39,1
6,0,1,11,5,2,0,0,4,1,0,0,3,39,0
1,4,1,9,8,4,12,1,4,1,0,0,5,39,1
1,4,1,15,6,4,12,1,4,1,0,0,3,39,0
5,6,0,15,6,2,12,0,4,1,0,0,3,39,0
1,4,0,11,5,4,1,1,4,0,0,0,3,39,0
3,1,1,15,6,2,10,0,4,1,0,0,5,39,1
0,4,1,11,5,4,1,3,4,1,0,0,3,39,0
2,7,1,9,8,2,11,0,4,1,0,0,5,39,1
3,7,1,11,5,2,13,0,4,1,0,0,3,39,0
1,5,0,9,8,2,4,0,4,1,0,0,6,39,1
1,4,0,1,4,3,12,3,1,1,0,0,3,19,0
1,4,0,12,8,4,4,1,2,0,0,0,4,39,0
4,4,2,11,5,2,13,0,4,1,0,0,3,39,0
1,4,1,9,8,4,1,3,4,1,0,0,3,39,0
5,6,1,11,5,2,4,0,4,1,0,0,3,39,0
0,4,1,7,7,4,12,3,4,1,0,0,2,39,0
5,6,1,9,8,0,10,1,4,0,0,0,2,39,0
3,6,0,15,6,5,3,1,4,1,0,0,6,39,1
3,1,1,9,8,2,10,0,4,1,0,0,3,39,1
1,0,1,9,8,4,0,4,1,1,0,0,2,30,0
3,4,1,11,5,5,3,1,4,1,0,0,3,39,0
2,4,1,11,5,2,6,0,4,1,0,0,4,39,1
3,4,1,11,5,5,1,4,4,0,0,0,3,39,0
1,2,1,12,8,2,10,2,4,1,0,0,3,39,0
2,4,0,15,6,4,7,1,4,0,0,0,3,39,0
3,4,0,9,8,2,4,0,4,1,1,0,5,39,1
3,2,1,12,8,0,10,1,4,0,0,0,3,39,0
9,4,0,15,6,4,8,1,1,1,0,0,3,39,0
1,4,0,11,5,4,14,1,4,1,0,0,6,39,0
0,4,0,11,5,4,6,3,2,0,0,0,1,39,0
5,1,1,11,5,0,1,4,4,0,0,0,3,39,0
3,4,0,15,6,2,1,0,4,1,0,0,3,39,0
4,4,0,9,8,2,4,0,4,1,0,0,3,39,1
0,4,1,2,4,4,12,3,4,0,0,0,1,39,0
5,4,1,11,5,2,3,0,4,1,0,0,5,39,1
1,5,0,9,8,4,4,3,4,0,0,0,3,39,0
3,6,1,15,6,2,12,0,4,1,0,0,6,39,1
1,4,1,11,5,2,12,0,4,1,0,0,3,39,0
1,4,0,1,4,4,4,4,4,0,0,0,4,39,0
3,4,1,9,8,2,4,0,4,1,0,0,5,39,1
1,4,1,11,5,2,7,0,4,1,0,0,3,39,0
2,2,1,9,8,4,10,1,4,0,0,0,5,39,0
2,4,0,7,7,2,3,0,4,1,0,0,4,32,0
2,4,1,9,8,2,10,0,4,1,0,0,3,39,1
0,4,2,11,5,4,12,3,4,1,0,0,5,39,0
4,0,1,11,5,6,0,1,2,0,0,0,3,39,0
1,4,1,9,8,4,4,1,4,0,0,0,4,39,0
6,4,1,11,5,0,1,4,4,0,0,0,3,39,0
0,0,1,11,5,4,0,3,2,0,0,0,1,39,0
5,0,2,11,5,2,0,0,2,1,0,0,2,39,0
2,6,1,15,6,2,4,0,4,1,0,0,6,39,0
5,4,0,12,8,2,4,0,1,1,0,0,3,39,1
2,4,1,9,8,2,3,0,4,1,0,0,7,26,0
3,4,1,9,8,2,12,0,4,1,0,0,3,39,1
4,4,1,11,5,2,14,0,4,1,0,0,5,39,0
5,4,1,11,5,2,3,0,4,1,0,0,5,39,0
3,5,2,11,5,2,4,0,4,1,0,0,6,39,1
0,4,0,11,5,4,7,4,4,0,0,0,4,39,0
3,4,0,15,6,0,8,4,4,0,0,0,6,39,0
2,4,2,15,6,2,14,0,4,1,0,0,5,39,0
0,4,0,15,6,4,13,3,4,1,0,3,1,39,0
7,0,1,11,5,6,0,4,4,1,0,0,2,39,0
4,4,0,11,5,3,1,1,4,0,0,0,5,39,0
1,4,0,15,6,2,4,5,4,0,0,0,3,39,0
2,6,0,15,6,4,3,3,4,1,0,0,4,39,0
0,4,2,15,6,4,12,3,4,1,0,0,3,39,0
2,4,1,11,5,0,4,1,4,1,0,0,3,39,0
2,4,1,15,6,6,1,4,2,0,0,0,3,39,0
0,4,1,11,5,4,12,3,4,1,0,0,6,39,0
0,4,2,15,6,4,6,3,4,1,0,0,3,39,0
1,4,1,11,5,4,12,2,4,1,0,0,3,39,0
1,7,1,9,8,4,1,3,2,0,0,0,3,39,0
4,4,1,9,8,2,10,0,4,1,0,0,3,39,0
1,4,1,0,3,4,3,1,4,1,0,0,2,39,0
2,4,0,1,4,0,12,1,4,1,0,0,4,39,1
1,4,1,8,6,4,8,4,4,0,0,0,3,39,0
4,4,0,12,8,2,4,0,4,1,0,0,6,39,1
1,5,2,11,5,4,3,1,4,1,0,0,4,39,0
4,4,0,12,8,2,11,0,4,1,0,4,3,39,1
0,1,0,15,6,4,1,3,2,1,0,0,1,39,0
3,0,0,11,5,0,0,1,4,0,0,0,1,39,0
3,1,2,9,8,2,10,0,4,1,0,0,4,39,1
0,4,2,4,1,2,7,2,4,0,0,0,3,26,0
2,6,1,11,5,4,8,2,4,0,0,0,2,39,0
1,4,0,11,5,2,3,0,4,1,0,0,3,39,1
0,4,3,15,6,4,8,3,4,0,0,0,3,33,0
6,4,1,12,8,2,12,0,4,1,0,0,5,39,0
2,4,1,11,5,5,12,4,2,0,0,0,1,39,0
2,4,0,5,2,2,3,0,4,1,0,0,3,39,0
4,4,2,11,5,2,5,0,3,1,0,0,4,26,0
1,4,1,15,6,2,3,0,4,1,0,0,3,39,0
1,4,1,15,6,0,1,4,4,0,0,0,3,39,0
5,4,0,11,5,6,8,1,4,0,0,0,3,39,0
3,4,1,15,6,2,5,0,4,1,0,0,5,39,1
5,4,0,11,5,0,14,1,4,1,0,0,4,39,0
0,4,2,0,3,4,7,3,4,0,0,0,3,39,0
3,4,2,0,3,2,3,0,1,1,0,0,4,3,0
1,4,0,11,5,4,14,3,2,1,0,0,3,39,0
2,4,0,15,6,2,10,0,4,1,0,0,3,39,0
0,0,1,15,6,4,0,3,4,1,0,0,1,39,0
4,4,0,9,8,2,5,0,4,1,0,0,4,39,1
2,6,0,5,2,2,7,0,4,1,0,0,4,39,1
3,2,1,11,5,2,14,0,4,1,0,0,3,39,0
3,6,0,11,5,0,3,4,0,1,0,0,2,39,0
3,2,0,12,8,0,10,1,4,0,0,0,3,39,0
0,4,1,11,5,2,14,0,2,1,0,0,3,39,0
6,4,1,11,5,0,1,4,2,0,0,0,3,39,0
0,4,1,11,5,4,3,2,2,1,0,0,3,39,0
2,4,1,9,8,2,10,0,4,1,0,0,5,39,1
6,4,1,6,2,5,8,1,2,0,0,0,2,39,0
4,4,1,4,1,2,6,0,4,1,0,0,3,26,0
1,4,1,10,9,3,10,1,1,1,0,0,6,3,0
2,4,0,7,7,2,13,0,4,1,0,0,3,39,0
6,4,1,4,1,5,8,2,4,0,0,0,1,5,0
1,1,0,14,9,4,10,1,4,0,0,0,5,39,0
1,4,0,11,5,0,8,4,4,0,0,0,3,39,0
1,7,0,11,5,2,11,3,4,1,0,0,3,39,0
2,6,0,11,5,2,8,0,2,1,0,0,3,39,0
6,0,1,15,6,2,0,0,4,1,0,4,3,39,1
0,4,1,11,5,2,7,0,4,1,0,0,3,39,0
3,4,1,15,6,0,1,4,4,0,0,0,3,39,0
5,4,2,15,6,0,3,1,4,1,0,0,3,39,0
5,5,0,11,5,0,12,1,4,1,0,0,5,39,0
0,4,1,15,6,4,11,3,4,0,0,0,1,39,0
1,4,1,15,6,4,8,2,4,1,0,0,3,27,0
2,4,1,11,5,2,13,0,4,1,0,0,5,39,1
0,4,0,2,4,4,8,3,4,0,0,3,2,39,0
2,4,1,15,6,2,1,0,4,1,0,0,3,26,0
0,4,1,15,6,4,12,3,4,1,0,0,2,39,0
2,4,2,15,6,2,4,0,4,1,0,0,4,39,1
5,4,1,4,1,0,7,4,4,0,0,0,3,39,0
2,4,0,15,6,2,6,0,4,1,0,0,3,39,0
3,4,1,5,2,4,8,3,4,1,0,0,3,26,0
6,4,0,11,5,2,7,0,4,1,0,0,3,39,0
3,4,1,11,5,5,8,2,2,1,0,0,3,39,0
5,6,0,9,8,2,10,0,4,1,0,0,5,39,0
0,4,2,15,6,4,12,3,4,0,0,0,2,39,0
1,4,0,11,5,0,14,1,4,1,0,0,5,39,0
1,4,1,11,5,2,10,0,4,1,1,0,3,39,1
2,0,0,11,5,4,0,4,2,0,0,0,3,39,0
2,4,0,9,8,2,4,0,4,1,0,0,3,0,1
0,4,0,15,6,4,6,3,4,1,0,0,1,39,0
3,4,0,10,9,3,10,4,0,0,0,0,3,39,0
3,7,0,11,5,0,1,4,4,0,0,0,3,39,0
0,4,1,15,6,3,6,4,4,1,0,0,3,39,0
3,6,1,11,5,0,5,2,4,1,0,0,1,39,0
2,4,2,14,9,2,10,0,4,1,0,0,7,39,1
0,4,2,11,5,3,14,3,4,1,0,0,3,29,0
3,1,2,14,9,2,10,0,4,1,0,4,5,39,1
1,4,1,5,2,4,5,3,4,1,0,0,5,0,0
3,6,0,10,9,4,10,1,4,1,0,0,0,0,0
7,4,0,4,1,6,8,4,2,1,0,0,0,39,0
3,1,1,11,5,2,1,0,4,1,0,3,3,39,0
4,4,0,11,5,2,10,0,4,1,0,0,3,39,0
1,4,0,9,8,4,8,2,4,1,0,0,3,39,0
3,4,3,15,6,0,8,1,4,1,0,0,3,39,0
0,4,1,5,2,4,5,2,3,1,0,0,3,26,0
1,4,1,15,6,4,1,4,2,0,0,0,3,39,0
2,4,1,11,5,0,13,4,4,0,0,0,3,39,0
1,4,1,9,8,4,3,2,4,1,0,0,3,39,0
0,4,1,15,6,4,8,3,4,0,0,0,1,26,0
3,4,1,11,5,2,1,0,2,1,0,0,3,39,1
3,2,1,7,7,2,3,0,2,1,0,0,3,39,1
0,0,1,11,5,4,0,3,4,0,0,3,2,39,0
1,4,1,15,6,0,1,4,2,0,0,0,3,39,0
3,4,0,9,8,2,13,0,4,1,0,4,4,39,1
1,4,1,11,5,2,12,0,4,1,0,0,3,39,0
0,4,1,4,1,4,8,2,4,1,0,0,4,26,0
4,4,0,11,5,0,7,1,4,0,0,0,3,39,0
2,1,1,7,7,0,11,1,4,1,0,0,3,39,0
4,4,0,6,2,2,7,0,4,1,0,0,4,39,0
1,4,3,11,5,4,14,1,4,1,0,0,3,39,0
5,4,1,9,8,0,4,1,4,1,0,0,3,39,0
2,4,0,12,8,4,1,1,4,1,0,0,3,39,0
2,1,1,8,6,2,3,0,4,1,0,0,3,39,0
2,4,0,11,5,2,12,0,4,1,0,0,3,39,1
3,4,1,15,6,2,1,0,1,1,0,0,2,26,0
3,4,0,7,7,6,13,4,4,0,0,0,2,39,0
5,4,1,7,7,6,1,4,4,0,0,0,2,39,0
2,6,1,10,9,4,10,1,4,1,0,0,3,39,1
4,2,0,12,8,2,10,0,4,1,0,0,3,39,1
1,4,2,11,5,5,8,1,4,1,0,0,3,39,0
3,4,1,11,5,2,7,0,2,1,0,0,3,39,0
0,4,1,15,6,4,8,3,4,1,0,0,3,39,0
0,4,1,11,5,4,12,4,4,0,0,0,4,39,0
2,4,1,15,6,4,14,3,4,1,0,0,3,39,0
3,2,0,9,8,2,10,0,4,1,0,0,4,39,1
2,4,1,8,6,2,10,0,4,1,0,0,3,24,0
4,4,0,0,3,5,7,3,4,0,0,0,4,39,0
0,4,1,9,8,4,12,1,4,1,0,0,5,39,0
0,0,0,15,6,4,0,3,4,1,0,0,1,39,0
1,4,1,9,8,4,8,1,4,0,0,0,1,39,0
1,2,1,11,5,4,8,4,4,0,0,0,3,39,0
5,4,0,11,5,2,8,0,4,1,0,0,3,39,1
3,4,1,9,8,0,12,1,4,0,0,0,3,39,0
1,4,1,15,6,4,8,3,4,0,0,0,5,39,0
0,4,1,15,6,4,4,3,4,0,0,0,2,39,0
0,4,0,15,6,4,8,3,4,0,0,0,3,39,0
0,4,1,15,6,4,4,3,4,0,0,0,4,39,0
5,4,1,9,8,4,10,1,4,0,0,0,5,39,0
3,4,2,6,2,2,7,0,4,1,0,0,3,26,0
0,4,1,15,6,4,8,3,4,1,0,0,2,39,0
2,4,1,9,8,2,12,0,4,1,0,0,4,39,0
4,6,0,0,3,0,3,1,4,1,0,0,4,39,0
1,2,1,9,8,4,1,2,2,0,0,0,3,39,0
2,4,1,15,6,5,1,1,2,1,0,0,3,39,0
4,5,0,15,6,2,12,0,4,1,0,3,3,39,0
5,4,0,12,8,2,4,0,4,1,1,0,3,12,1
5,4,0,11,5,6,1,4,0,1,0,0,3,39,0
2,4,2,9,8,4,4,1,4,1,0,0,3,39,0
1,4,1,11,5,4,4,1,4,0,0,0,3,39,0
0,4,1,1,4,4,6,3,4,1,0,0,1,39,0
2,1,0,11,5,2,1,0,4,1,0,0,3,39,1
4,7,1,9,8,0,4,1,4,0,0,0,3,39,1
2,4,0,12,8,4,10,1,4,1,0,5,5,39,0
0,4,1,15,6,4,10,3,4,0,0,0,1,39,0
3,0,1,8,6,0,0,1,4,1,0,0,8,39,0
4,4,0,11,5,2,14,0,4,1,0,0,3,39,1
1,0,1,11,5,2,0,5,4,0,0,0,1,39,0
7,4,2,15,6,6,10,1,4,0,0,0,0,39,0
1,4,1,11,5,4,1,4,4,1,0,0,3,39,0
4,4,2,15,6,2,3,0,4,1,0,0,3,39,1
0,4,2,1,4,4,8,3,4,1,0,0,1,39,0
1,4,1,9,8,4,12,1,4,1,0,0,6,39,0
5,5,0,9,8,2,4,0,4,1,0,0,3,39,1
4,4,1,11,5,2,14,0,4,1,0,0,5,39,0
1,4,0,11,5,4,3,1,4,1,0,0,5,39,0
2,4,1,7,7,2,1,0,4,1,0,0,3,39,1
3,4,0,11,5,2,4,0,4,1,0,0,3,39,1
5,0,0,15,6,4,0,1,4,0,0,0,3,39,0
2,4,0,12,8,2,4,0,1,1,0,0,3,36,1
2,6,1,4,1,2,3,0,4,1,0,0,5,39,1
4,4,1,11,5,2,3,0,4,1,0,0,0,39,0
0,7,1,12,8,4,1,1,2,0,0,0,3,39,0
6,6,2,11,5,2,14,0,2,1,0,0,3,39,0
4,4,1,12,8,0,4,4,4,1,0,4,4,39,1
0,4,2,15,6,4,8,3,4,0,0,0,1,39,0
2,0,2,6,2,2,0,5,4,0,0,0,3,39,0
5,4,1,11,5,5,3,4,0,0,0,0,3,39,0
4,4,0,12,8,0,12,1,4,1,0,0,3,39,0
2,4,0,11,5,4,8,1,4,1,0,0,3,39,0
1,4,2,11,5,2,14,0,2,1,0,0,6,39,0
1,4,1,9,8,4,8,3,4,1,0,0,3,39,0
0,4,1,11,5,4,1,1,4,0,0,0,3,39,0
3,4,2,11,5,2,3,0,4,1,0,0,4,39,0
5,4,2,5,2,0,14,4,4,1,0,0,7,39,0
6,4,1,5,2,2,3,0,2,1,0,0,3,39,0
5,6,0,11,5,2,5,0,4,1,0,0,5,39,0
2,4,0,3,0,4,8,4,4,0,0,0,4,8,0
1,4,0,15,6,2,3,0,4,1,0,0,3,33,0
0,4,0,11,5,4,8,2,4,1,0,0,2,39,0
3,4,0,11,5,2,1,0,4,1,0,0,3,39,0
4,4,1,8,6,0,8,1,4,1,0,0,3,39,0
2,4,1,11,5,5,1,4,4,0,0,0,3,39,0
2,4,0,12,8,2,10,0,1,1,0,0,3,19,0
5,6,1,15,6,2,12,0,4,1,0,0,6,39,0
0,4,0,2,4,4,3,1,4,1,0,0,5,39,0
7,7,0,14,9,2,8,0,4,1,0,0,2,39,0
4,5,0,14,9,2,10,0,4,1,0,0,6,39,1
2,4,1,11,5,3,3,4,4,0,0,0,3,39,0
0,0,1,1,4,0,0,1,4,0,0,0,3,39,0
1,4,0,8,6,0,12,1,0,0,0,0,3,39,0
7,6,0,9,8,6,10,4,4,1,0,0,4,39,1
0,4,0,11,5,4,1,3,4,0,0,0,3,39,0
0,4,1,11,5,2,12,5,4,0,0,0,3,39,0
5,2,1,9,8,2,4,0,4,1,0,0,3,39,0
1,4,1,5,2,2,7,0,4,1,0,0,3,39,0
5,0,1,4,1,2,0,0,4,1,0,0,8,39,1
2,4,2,10,9,2,10,5,4,0,0,0,3,39,0
2,0,0,9,8,2,0,5,3,0,0,0,5,0,1
2,4,0,0,3,4,1,3,4,1,0,0,3,39,0
3,4,0,11,5,4,1,4,2,0,0,0,3,0,0
1,4,1,1,4,4,6,3,4,1,0,0,4,39,0
3,4,1,8,6,0,4,4,2,0,0,0,3,39,0
1,6,1,11,5,2,4,0,4,1,0,0,7,39,0
3,2,0,8,6,2,11,0,4,1,0,0,3,39,1
5,4,0,1,4,2,12,0,4,1,0,0,3,39,1
4,4,2,1,4,0,6,1,4,1,0,0,3,39,0
3,4,0,9,8,2,4,0,4,1,0,0,6,39,1
1,4,0,8,6,5,8,1,2,1,0,0,3,39,0
3,4,0,11,5,6,7,3,4,0,0,0,2,39,0
2,2,1,9,8,2,10,0,4,1,0,4,3,39,1
3,4,1,5,2,2,14,0,4,1,0,0,3,39,0
2,4,2,11,5,5,3,4,4,1,0,0,7,30,0
1,4,0,9,8,2,12,0,4,1,0,0,3,39,1
6,0,1,11,5,0,0,1,4,0,0,0,0,39,0
0,0,0,15,6,4,0,3,4,0,0,0,2,39,0
3,4,0,11,5,2,6,0,4,1,0,0,3,39,0
2,4,1,11,5,0,3,4,4,1,0,0,3,39,0
2,0,1,11,5,2,0,0,4,1,0,0,2,39,0
1,4,1,11,5,4,14,1,4,1,0,0,3,39,0
1,4,2,11,5,2,7,0,2,1,0,0,4,39,0
0,4,2,15,6,4,8,3,4,1,0,0,1,39,0
7,6,1,5,2,2,5,0,4,1,0,0,3,39,0
0,4,1,11,5,4,3,1,4,1,0,0,3,39,0
3,0,0,6,2,5,0,3,2,1,0,0,3,39,0
0,4,1,1,4,4,8,3,4,0,0,0,1,39,0
3,4,1,9,8,2,10,0,4,1,0,0,3,39,0
6,5,1,11,5,2,4,0,4,1,0,0,3,39,0
2,6,2,11,5,2,12,0,4,1,9,0,5,39,1
2,4,2,12,8,2,4,0,4,1,0,0,3,39,0
1,4,2,15,6,5,1,1,4,0,0,0,3,39,0
0,4,1,11,5,4,6,4,4,1,0,0,4,39,0
2,4,1,9,8,4,4,1,4,1,0,6,3,39,1
1,4,1,9,8,4,7,1,4,0,0,0,3,39,0
8,0,0,5,2,2,0,0,4,1,0,0,3,32,0
3,4,0,11,5,0,12,1,4,0,0,0,3,39,0
0,4,1,1,4,4,1,2,4,0,0,0,0,39,0
3,6,0,15,6,2,10,3,4,0,0,0,2,39,0
1,4,2,1,4,4,3,1,4,1,0,0,3,26,0
3,4,1,15,6,2,12,0,4,1,0,0,3,39,0
0,4,1,15,6,4,12,2,4,0,0,0,3,39,0
5,4,0,11,5,2,6,0,4,1,0,0,1,39,0
1,4,1,15,6,4,10,1,2,0,0,0,5,39,0
1,4,3,15,6,4,3,1,4,1,0,0,5,39,0
4,2,0,15,6,2,3,0,4,1,0,0,5,39,0
1,4,0,15,6,4,12,1,4,1,0,0,4,39,0
2,4,1,15,6,2,4,0,4,1,0,0,5,39,1
3,2,1,11,5,0,14,3,4,1,0,0,2,39,0
2,4,1,6,2,2,14,0,4,1,0,0,5,39,0
2,6,0,11,5,2,7,0,4,1,0,0,3,39,0
3,4,1,15,6,2,3,0,4,1,0,0,3,39,0
1,4,0,15,6,4,7,1,4,0,0,0,3,39,0
2,4,0,9,8,5,10,4,4,1,0,0,3,39,0
0,4,1,11,5,4,7,3,4,1,0,0,3,39,0
3,4,2,6,2,2,3,0,4,1,0,0,3,26,0
4,4,1,11,5,6,3,3,4,0,0,0,3,39,0
5,2,0,9,8,2,11,0,4,1,0,0,4,39,1
0,0,0,0,3,4,0,3,4,1,0,0,3,39,0
6,7,2,15,6,2,7,0,2,1,0,0,3,39,1
2,4,1,8,6,5,11,1,4,0,0,0,3,39,0
5,4,0,11,5,2,4,0,4,1,0,0,3,39,1
4,4,0,11,5,2,3,0,4,1,0,0,3,39,0
0,4,0,11,5,4,8,3,4,1,0,0,3,39,0
6,4,1,11,5,0,3,1,4,0,0,0,3,39,0
5,1,0,11,5,2,3,0,2,1,0,0,3,39,1
0,4,1,7,7,4,12,3,4,0,0,0,6,39,0
1,4,0,11,5,2,7,0,4,1,0,0,3,39,0
1,4,1,9,8,4,10,1,4,0,0,0,3,39,0
3,2,1,11,5,5,8,1,4,1,0,0,3,39,0
3,6,1,11,5,2,12,0,4,1,0,0,5,39,0
0,4,1,6,2,4,8,3,0,1,0,0,3,39,0
1,4,1,11,5,2,14,0,4,1,0,0,5,39,0
7,4,0,11,5,2,3,0,4,1,0,0,3,39,0
3,4,0,15,6,0,7,1,4,0,0,0,3,39,0
3,4,1,15,6,2,12,0,4,1,0,0,5,9,1
2,4,1,12,8,2,12,0,4,1,0,0,5,39,1
3,4,0,12,8,0,10,3,4,0,0,0,3,39,0
1,7,0,15,6,4,13,1,2,1,0,0,3,39,0
0,4,1,11,5,4,8,1,4,0,0,0,2,39,0
3,4,1,15,6,4,6,1,4,1,0,0,4,39,0
1,4,3,9,8,4,10,1,2,1,0,0,3,39,0
3,7,1,11,5,4,8,1,4,0,0,0,3,39,0
4,4,1,11,5,2,3,0,4,1,0,0,4,39,0
1,5,3,15,6,4,4,1,4,1,0,0,6,39,1
2,4,1,15,6,2,4,0,4,1,0,0,3,39,0
4,4,1,9,8,2,10,0,4,1,0,0,4,39,1
0,4,0,15,6,4,1,3,4,0,0,0,3,20,0
2,2,0,11,5,4,8,4,0,1,0,0,3,39,0
3,4,0,11,5,2,8,5,4,0,0,0,3,39,0
3,4,1,9,8,5,10,4,4,0,0,0,5,11,0
3,1,1,15,6,4,1,3,4,0,0,0,3,39,0
4,7,1,15,6,0,1,1,4,0,0,0,3,39,0
0,4,2,15,6,4,8,3,4,1,0,0,3,39,0
1,4,1,11,5,0,12,4,2,1,0,0,5,39,0
0,4,0,15,6,4,8,3,4,1,0,0,1,39,0
1,4,0,11,5,1,12,0,4,1,0,0,5,39,0
2,4,1,15,6,2,3,0,4,1,0,3,3,39,0
0,4,1,1,4,2,3,0,4,1,0,0,3,39,0
4,4,1,1,4,0,1,4,4,0,0,0,3,39,0
0,4,1,15,6,4,3,3,4,1,0,0,3,26,0
1,4,1,11,5,2,7,0,4,1,0,0,3,39,0
6,4,1,14,9,2,10,0,4,1,2,0,4,39,1
3,4,1,15,6,2,7,0,4,1,0,0,3,39,1
6,4,1,2,4,2,3,0,4,1,0,0,3,4,0
2,4,2,15,6,2,3,0,4,1,0,0,6,39,0
3,4,1,6,2,2,14,0,4,1,0,0,2,39,0
1,4,0,11,5,4,3,3,4,1,0,0,3,39,0
3,6,0,14,9,0,8,1,4,0,0,5,3,39,0
5,4,0,11,5,0,7,1,4,0,0,0,3,39,0
4,4,0,11,5,2,4,0,4,1,0,4,3,39,1
5,2,0,8,6,0,1,1,4,0,0,0,3,39,0
3,5,1,2,4,0,3,1,4,1,0,0,0,39,0
0,4,0,15,6,4,1,1,4,0,0,0,1,39,0
8,4,1,11,5,6,8,1,2,0,0,0,3,39,0
2,4,1,11,5,4,6,3,4,0,0,0,3,39,0
0,0,1,11,5,4,0,3,2,0,0,0,2,39,0
2,4,1,12,8,2,12,0,4,1,0,0,3,39,0
3,6,0,8,6,2,3,0,4,1,0,0,3,39,0
8,6,0,11,5,4,4,1,4,1,0,0,1,39,0
7,0,1,14,9,0,0,1,4,1,0,0,0,39,0
2,2,0,9,8,0,10,4,4,0,0,0,3,39,0
1,4,1,11,5,4,3,4,1,1,0,0,3,40,0
5,4,1,1,4,0,1,4,4,0,0,0,3,39,0
4,4,1,15,6,0,3,1,4,1,0,0,3,39,0
2,4,0,11,5,0,4,1,4,0,0,0,3,39,0
2,6,0,11,5,2,14,0,4,1,0,0,5,39,0
1,4,0,9,8,2,12,0,4,1,0,0,5,39,0
2,4,1,11,5,0,3,1,4,1,0,0,3,39,0
0,4,1,15,6,4,8,3,4,0,0,0,1,39,0
1,4,1,3,0,4,6,1,4,1,0,0,3,26,0
6,4,0,15,6,6,8,1,4,0,0,0,3,39,0
2,6,1,11,5,4,4,1,4,1,0,0,5,39,0
1,4,1,15,6,4,13,1,1,1,0,0,3,39,0
3,4,2,15,6,2,3,0,4,1,0,0,4,39,0
1,4,0,5,2,0,14,4,4,1,0,0,1,39,0
0,5,1,1,4,4,10,3,4,1,0,0,1,39,0
1,4,2,9,8,4,13,1,4,1,0,0,3,39,0
0,4,1,11,5,4,14,2,4,1,0,0,3,39,0
0,0,1,15,6,4,0,3,4,0,0,0,3,39,0
1,4,1,15,6,2,12,0,4,1,0,0,3,39,1
0,4,0,11,5,2,3,0,4,1,0,0,5,39,0
2,4,0,11,5,4,8,1,4,0,0,0,3,39,0
2,6,0,8,6,5,4,1,4,1,0,0,4,39,0
2,4,0,11,5,2,3,0,2,1,0,0,3,39,0
4,1,1,11,5,2,7,0,4,1,0,0,3,39,0
1,4,1,9,8,2,12,0,4,1,0,4,4,39,1
3,4,0,11,5,2,12,0,4,1,0,0,5,39,0
3,4,0,15,6,0,10,1,4,0,0,0,3,39,0
5,4,1,11,5,2,8,0,4,1,0,0,3,39,0
0,6,1,11,5,0,12,1,4,0,0,0,2,39,0
3,4,0,11,5,2,8,2,2,0,0,0,3,39,0
5,4,1,0,3,2,8,5,2,0,0,0,3,39,0
1,4,1,15,6,4,1,1,4,1,0,0,3,39,0
3,4,1,11,5,2,7,0,4,1,0,0,3,39,0
1,4,1,15,6,4,6,3,2,0,0,0,1,39,0
0,4,0,15,6,2,1,5,0,0,0,0,4,39,0
1,4,0,8,6,2,12,0,4,1,0,0,6,39,0
1,4,2,0,3,4,1,1,2,1,0,0,1,39,0
2,4,1,11,5,2,1,5,4,0,0,0,3,39,0
3,4,0,9,8,4,6,1,4,1,0,0,3,39,0
3,4,1,15,6,2,1,0,4,1,0,0,3,39,0
6,5,1,15,6,2,12,0,4,1,0,0,3,39,0
2,4,1,15,6,4,1,3,4,0,0,0,3,39,0
3,1,1,7,7,0,1,4,4,0,0,0,3,39,0
1,2,0,11,5,4,11,3,4,1,0,0,4,39,0
2,6,0,11,5,5,8,1,4,0,0,0,1,39,0
4,4,0,11,5,0,1,4,4,0,0,0,4,39,0
1,4,0,7,7,0,1,3,4,0,0,4,3,39,0
6,0,0,15,6,2,0,5,4,0,0,0,1,39,1
2,2,0,15,6,2,11,0,4,1,0,0,7,39,0
6,6,1,9,8,2,12,0,4,1,0,0,2,39,0
5,4,1,4,1,2,7,0,4,1,0,0,3,26,0
2,5,1,11,5,2,12,0,4,1,0,0,6,39,1
5,4,1,15,6,2,14,0,4,1,0,0,0,39,1
3,4,1,11,5,2,6,0,4,1,0,0,3,39,1
2,4,1,11,5,4,7,3,4,1,0,0,4,39,0
0,4,2,11,5,4,3,1,4,1,0,0,5,39,0
5,6,1,0,3,0,4,3,4,1,0,0,6,39,1
1,4,2,11,5,4,4,1,4,1,0,0,6,39,0
6,0,1,11,5,2,0,0,4,1,0,0,2,39,0
1,4,1,15,6,4,13,1,3,0,0,0,3,39,0
5,7,0,10,9,2,10,0,1,1,0,0,3,19,0
4,4,0,11,5,4,8,1,2,1,0,0,3,14,0
2,7,1,9,8,4,10,1,4,1,0,0,1,39,0
2,6,1,11,5,2,3,0,4,1,0,0,5,39,0
4,6,2,0,3,4,3,1,2,1,0,0,3,39,0
5,6,1,11,5,2,12,0,4,1,0,0,3,9,1
5,4,1,8,6,2,4,0,4,1,0,0,3,11,1
2,4,1,15,6,0,12,3,4,0,0,0,2,39,0
3,2,0,15,6,4,8,3,2,1,0,0,3,39,0
0,7,0,15,6,4,10,3,4,1,0,0,0,39,0
3,4,0,1,4,2,14,0,4,1,0,0,4,39,0
2,4,1,12,8,4,10,3,4,1,0,0,3,39,0
2,2,0,9,8,4,4,4,1,1,0,3,3,40,0
3,2,1,12,8,4,10,4,4,0,0,0,3,39,0
4,2,0,12,8,2,10,0,4,1,0,0,6,39,1
5,4,0,15,6,2,4,0,4,1,0,0,1,39,0
1,4,1,9,8,4,12,1,4,0,0,4,3,39,0
0,4,1,15,6,4,3,1,4,1,0,0,5,39,0
5,6,0,15,6,0,3,1,4,1,0,0,3,0,0
1,4,0,9,8,4,1,1,4,0,0,0,3,39,0
3,4,2,11,5,2,14,0,4,1,0,0,3,39,1
5,4,1,9,8,6,1,4,4,0,0,0,3,39,0
6,4,1,15,6,2,11,0,4,1,0,0,1,39,0
0,4,0,11,5,4,12,1,4,0,0,0,3,39,0
0,4,2,15,6,4,12,2,2,0,0,0,3,39,0
0,4,0,11,5,5,8,2,4,1,0,0,3,39,0
2,4,0,11,5,2,3,0,4,1,0,0,3,39,0
3,4,0,5,2,0,5,4,4,0,0,0,3,39,0
3,4,0,15,6,0,4,1,4,0,0,0,3,39,0
1,4,0,9,8,0,8,4,3,0,0,0,3,39,0
3,7,1,15,6,4,4,1,4,0,0,0,3,39,0
5,4,0,11,5,2,12,0,4,1,0,3,5,39,0
0,4,1,7,7,4,1,1,4,1,0,0,3,39,0
1,4,1,9,8,4,4,1,4,1,0,0,4,39,0
0,4,1,11,5,4,8,3,4,1,0,0,3,39,0
5,4,0,12,8,4,12,1,4,0,2,0,4,39,1
2,2,2,9,8,2,10,0,4,1,0,0,4,26,1
0,4,1,15,6,4,12,3,4,1,0,0,4,39,0
4,4,1,11,5,0,1,2,1,0,0,0,3,30,0
3,4,1,11,5,2,7,5,4,0,0,0,3,39,1
3,4,1,10,9,2,10,5,4,0,0,0,2,39,1
5,6,0,11,5,2,3,0,4,1,0,0,3,39,0
3,4,0,5,2,0,3,1,4,1,0,3,3,39,0
1,4,1,15,6,4,10,1,4,0,0,0,0,39,0
4,6,1,8,6,2,4,0,4,1,0,0,3,39,0
0,4,3,11,5,2,3,0,4,1,0,0,3,39,0
2,4,1,11,5,2,1,5,4,0,0,0,5,39,0
3,4,0,11,5,2,12,0,4,1,0,0,6,39,0
3,4,1,11,5,0,1,4,4,0,0,0,2,39,0
1,2,1,11,5,4,10,3,2,0,0,0,3,39,0
0,4,0,11,5,4,8,1,4,1,0,0,2,39,0
4,2,1,12,8,0,10,1,4,0,0,0,3,39,1
2,4,2,0,3,4,8,4,2,0,0,0,3,39,0
3,4,1,8,6,5,3,2,4,1,0,0,4,39,1
1,4,2,7,7,0,1,1,4,0,0,0,2,39,0
0,4,4,11,5,4,3,1,2,1,0,0,3,39,0
0,0,1,15,6,4,0,3,4,0,0,0,0,39,0
0,5,2,0,3,4,8,3,2,1,0,0,3,39,0
2,6,2,6,2,0,3,1,4,1,0,0,3,39,0
0,4,1,15,6,4,1,3,2,0,0,0,2,39,0
1,4,1,11,5,4,7,1,4,1,0,0,3,7,0
3,5,0,11,5,2,8,0,4,1,0,0,3,39,1
0,4,2,11,5,2,1,5,4,0,0,0,3,26,0
1,4,1,11,5,2,7,0,4,1,0,0,3,33,0
1,2,0,12,8,2,10,0,4,1,0,0,4,39,0
2,4,0,9,8,2,12,0,4,1,0,0,5,39,1
2,4,1,15,6,0,4,4,4,0,0,0,3,39,0
5,1,1,0,3,0,8,1,4,0,0,0,3,39,0
2,4,1,9,8,0,4,1,4,0,0,0,5,39,1
2,4,0,9,8,4,12,1,4,0,0,0,3,39,0
0,4,1,7,7,4,1,1,4,0,0,0,1,39,0
5,5,0,9,8,2,10,0,4,1,0,0,3,39,0
5,4,0,11,5,2,14,0,4,1,0,0,5,39,0
3,7,2,15,6,3,8,2,2,1,0,0,3,14,0
2,4,1,11,5,2,7,0,4,1,0,0,3,39,0
4,4,0,12,8,2,4,0,4,1,9,0,5,39,1
1,4,1,1,4,4,7,3,4,1,0,0,4,39,0
3,6,1,0,3,2,3,0,4,1,0,0,7,39,0
0,4,1,15,6,4,12,3,4,0,0,0,1,39,0
3,7,0,11,5,4,14,1,4,1,0,0,6,39,0
3,4,0,12,8,2,10,0,4,1,0,0,6,39,0
2,4,1,9,8,2,8,0,1,1,0,0,3,39,1
3,4,1,8,6,2,1,5,4,0,0,0,1,39,1
5,4,0,11,5,2,12,5,4,0,0,0,0,39,0
5,2,0,9,8,5,10,4,4,0,0,0,5,39,0
4,4,1,1,4,2,14,0,4,1,0,0,3,39,0
0,4,1,11,5,4,6,3,4,1,0,0,4,39,0
2,6,0,9,8,2,12,0,4,1,0,0,5,39,1
2,4,0,15,6,2,5,0,4,1,0,0,3,26,0
5,4,0,15,6,2,12,5,4,0,0,0,3,39,1
3,5,0,9,8,2,4,0,4,1,0,0,5,39,1
2,6,0,6,2,2,3,0,4,1,0,0,2,39,0
2,4,1,11,5,0,8,3,4,1,0,0,3,39,0
1,2,2,15,6,2,11,0,4,1,0,3,3,39,1
1,6,0,11,5,0,3,3,4,1,0,0,3,39,0
4,5,0,15,6,2,5,0,4,1,0,0,6,39,0
2,1,1,11,5,4,1,1,4,1,0,0,4,39,1
1,2,0,9,8,4,10,2,4,1,0,0,3,0,0
4,4,0,11,5,0,1,1,4,0,0,0,3,39,0
1,4,0,7,7,4,8,1,3,1,0,0,3,39,0
1,4,3,15,6,4,12,3,2,1,0,0,3,39,0
1,4,2,11,5,4,7,3,4,1,0,0,3,39,0
4,4,1,8,6,2,6,0,4,1,0,0,3,39,1
5,4,2,11,5,4,4,4,4,1,0,0,3,39,1
6,5,1,9,8,5,12,1,4,0,0,0,2,39,0
4,4,1,4,1,4,6,1,4,1,0,0,3,26,0
2,4,1,4,1,2,8,0,4,1,0,0,5,26,0
1,4,1,2,4,4,12,1,4,1,0,0,5,39,0
1,4,1,9,8,2,12,0,4,1,0,0,4,39,0
2,4,0,6,2,4,6,3,4,1,0,0,3,39,0
3,2,1,5,2,2,3,0,4,1,0,0,3,39,0
6,6,0,4,1,2,5,0,4,1,0,0,2,39,0
4,4,1,11,5,2,7,5,4,0,0,0,3,39,0
9,0,0,11,5,6,0,1,4,0,0,9,3,39,0
1,4,0,8,6,2,12,0,4,1,0,0,3,39,1
4,4,0,11,5,2,3,0,4,1,0,0,5,39,1
3,7,1,15,6,0,1,3,4,0,0,0,3,39,0
2,4,1,11,5,4,6,3,4,0,0,0,2,39,0
4,6,1,15,6,2,4,0,4,1,0,0,8,39,0
4,1,1,7,7,2,3,0,4,1,0,0,3,39,1
3,4,1,9,8,0,10,1,4,0,0,0,5,39,1
5,4,1,11,5,5,1,1,4,0,0,0,3,39,0
2,4,1,9,8,0,12,3,4,1,0,0,5,39,0
4,2,1,15,6,3,3,2,4,1,0,0,4,39,0
4,4,0,11,5,2,3,0,4,1,0,0,3,39,1
0,4,1,15,6,4,12,3,4,0,0,0,1,39,0
0,4,1,15,6,4,8,1,4,0,0,0,3,39,0
2,6,2,15,6,2,5,5,4,0,0,0,1,39,0
0,4,1,2,4,4,7,3,4,1,0,0,3,39,0
7,4,0,11,5,6,1,1,4,0,1,0,3,39,1
0,4,0,11,5,4,7,3,4,1,0,0,3,39,0
0,4,0,11,5,4,12,1,4,1,0,0,2,39,0
6,6,1,11,5,2,12,0,4,1,0,0,9,39,1
0,4,1,15,6,5,12,4,2,0,0,0,3,39,0
0,4,2,1,4,4,8,3,4,0,0,0,3,39,0
1,4,0,15,6,4,12,1,4,1,0,0,6,39,0
7,0,3,9,8,2,0,0,4,1,0,0,1,39,0
4,6,1,15,6,2,3,0,4,1,0,4,3,39,1
1,4,1,7,7,4,10,1,4,1,0,0,5,39,1
0,4,1,15,6,4,12,1,4,1,0,0,2,39,0
0,4,2,11,5,4,4,4,4,1,0,0,3,39,0
3,4,0,0,3,2,6,0,2,1,0,0,3,39,0
5,7,0,11,5,4,1,1,4,0,0,0,1,39,0
5,7,1,8,6,6,8,1,2,0,0,0,3,39,0
1,4,1,9,8,2,12,0,4,1,0,0,4,39,1
1,4,0,11,5,2,12,3,1,0,0,0,3,39,0
4,4,0,4,1,2,7,5,1,0,0,0,3,30,0
2,4,0,11,5,2,6,0,4,1,0,0,3,39,0
0,4,2,2,4,4,6,3,4,1,0,0,1,39,0
2,4,1,9,8,2,10,0,4,1,0,0,5,39,1
6,4,1,9,8,2,12,0,4,1,0,0,3,39,1
1,2,0,11,5,4,6,4,1,1,0,3,4,39,0
0,4,1,15,6,4,8,1,4,0,0,0,1,39,0
0,4,0,15,6,4,14,1,4,1,0,0,3,39,0
3,4,0,15,6,2,3,0,4,1,0,0,3,39,0
3,1,1,9,8,4,1,1,4,1,0,0,5,39,1
2,4,2,15,6,4,8,1,2,0,0,0,3,39,0
3,4,1,15,6,2,12,0,4,1,0,0,3,39,1
1,4,1,15,6,2,3,0,4,1,0,0,3,39,0
4,4,3,11,5,0,1,1,2,1,0,0,3,39,0
1,4,1,11,5,4,8,1,2,0,0,0,3,39,0
1,4,1,15,6,0,1,4,2,0,0,0,3,39,0
4,4,2,11,5,6,8,4,4,0,0,0,3,39,0
2,4,0,15,6,4,14,3,4,1,0,0,4,39,0
4,6,0,9,8,2,4,0,1,1,0,0,1,3,1
0,4,1,15,6,4,12,3,4,1,0,0,4,39,0
2,4,1,11,5,2,4,0,4,1,0,4,5,39,1
3,4,2,15,6,0,1,1,4,0,0,0,3,39,0
1,4,0,9,8,4,10,1,4,0,0,0,3,39,0
2,4,1,1,4,2,7,5,4,0,0,0,3,39,0
5,4,1,3,0,2,8,0,4,1,0,0,3,5,0
3,6,2,15,6,5,8,4,2,0,0,0,5,39,0
4,4,1,8,6,2,10,5,4,0,0,4,3,39,1
2,4,0,15,6,2,10,0,4,1,0,0,3,39,1
2,4,0,12,8,2,10,0,4,1,0,0,4,39,1
6,4,0,13,0,3,8,1,1,1,0,0,3,3,0
2,1,1,11,5,4,1,1,4,1,0,0,3,39,0
0,4,1,8,6,4,3,3,4,1,0,0,3,39,0
0,4,0,0,3,4,8,3,4,0,0,0,0,39,0
3,4,1,7,7,4,8,2,4,1,0,0,2,39,0
0,7,0,12,8,4,10,1,1,1,0,0,1,19,0
2,6,0,15,6,2,12,0,0,1,0,0,6,39,0
4,6,0,15,6,4,3,4,4,1,0,0,3,39,0
1,4,3,8,6,2,6,0,4,1,0,0,3,26,0
3,4,0,11,5,4,14,3,4,1,0,0,3,39,0
0,4,1,15,6,4,1,3,4,0,0,0,1,39,0
2,1,0,15,6,0,4,4,1,0,0,0,3,30,0
1,4,1,9,8,4,13,1,4,1,0,0,3,39,0
0,4,1,11,5,4,1,3,4,1,0,0,3,39,0
5,5,1,9,8,2,4,0,4,1,0,5,5,39,1
3,4,0,8,6,6,1,1,1,0,0,0,3,39,0
1,4,0,11,5,5,3,4,2,0,0,3,3,39,0
2,4,0,11,5,5,12,1,4,1,0,0,6,39,0
2,4,0,9,8,2,1,0,4,1,0,0,4,39,0
4,4,0,8,6,2,4,0,4,1,1,0,5,39,1
0,4,0,15,6,4,12,1,4,0,0,0,1,39,0
4,5,0,14,9,2,10,0,4,1,0,0,6,39,1
0,4,0,11,5,4,14,1,4,1,0,0,7,39,0
1,4,0,11,5,0,10,1,3,0,0,0,2,11,0
5,4,2,1,4,0,12,1,4,0,0,0,3,39,0
2,4,0,11,5,4,3,1,4,1,0,0,3,39,0
6,0,1,3,0,2,0,0,4,1,0,0,1,26,0
1,4,0,15,6,0,1,2,4,0,0,0,3,39,0
1,4,0,8,6,4,13,3,4,0,0,0,3,39,0
3,2,0,15,6,2,4,0,4,1,1,0,3,39,1
3,2,0,12,8,2,10,0,4,1,0,0,3,39,1
4,4,0,9,8,2,4,0,4,1,0,0,4,39,1
0,4,2,9,8,4,13,1,4,0,0,0,1,39,0
0,0,0,15,6,4,0,3,4,0,0,0,0,39,0
1,4,1,7,7,2,1,0,4,1,0,0,3,39,1
2,2,0,14,9,2,10,0,4,1,0,0,3,39,1
2,4,0,15,6,2,3,0,4,1,0,0,4,39,0
1,4,1,15,6,2,12,0,4,1,0,0,5,39,0
1,4,1,9,8,2,3,0,4,1,0,0,4,39,0
2,7,0,9,8,2,4,5,4,0,0,0,5,39,1
1,4,2,11,5,4,3,3,4,1,0,0,1,39,0
1,4,2,15,6,4,12,1,4,1,0,0,3,39,0
5,7,0,15,6,2,11,0,4,1,0,0,3,39,0
5,4,1,5,2,2,6,0,4,1,0,4,3,39,0
1,6,0,15,6,2,12,0,4,1,0,0,4,39,0
1,4,1,11,5,2,3,0,4,1,0,0,3,39,1
1,4,2,15,6,3,12,1,4,0,0,0,2,39,0
6,4,1,11,5,6,4,1,4,0,0,0,0,39,1
2,4,2,11,5,0,8,1,4,0,0,0,3,39,0
6,6,1,5,2,2,12,0,4,1,0,0,2,39,1
1,4,1,15,6,4,1,3,4,1,0,0,3,39,0
3,4,3,12,8,0,14,1,4,1,1,0,4,39,1
0,0,0,15,6,4,0,3,4,1,0,0,3,39,0
0,4,0,11,5,4,1,3,4,0,0,0,3,39,0
0,4,1,15,6,4,1,3,4,0,0,0,3,39,0
5,4,2,14,9,2,14,0,2,1,1,0,5,39,1
3,2,0,15,6,2,12,0,4,1,0,0,3,39,0
4,1,1,11,5,5,1,4,4,0,0,0,3,39,0
5,4,1,0,3,2,14,0,2,1,0,0,4,39,0
2,2,1,9,8,2,10,5,2,0,0,4,3,39,1
4,6,0,9,8,2,12,0,4,1,0,0,3,39,0
2,4,1,9,8,2,10,0,4,1,0,0,3,39,1
0,6,0,0,3,3,1,4,0,0,0,0,3,39,0
9,4,0,11,5,2,7,0,4,1,0,0,3,39,0
2,4,1,9,8,2,10,0,4,1,0,4,5,39,1
3,4,0,6,2,0,12,1,4,1,0,0,3,39,0
0,4,1,11,5,4,7,2,3,1,0,0,3,39,0
3,4,1,1,4,2,3,0,4,1,0,0,3,0,0
4,2,0,12,8,2,10,5,4,0,0,0,7,39,1
4,4,0,12,8,0,12,1,4,0,0,0,0,39,0
0,4,0,9,8,4,4,3,4,0,0,0,3,39,0
2,6,1,10,9,2,10,0,4,1,0,0,3,2,1
2,4,1,11,5,0,7,2,4,0,0,0,3,39,0
4,4,1,15,6,0,4,1,4,0,0,0,3,39,0
3,4,0,11,5,5,4,1,4,0,0,0,3,39,0
2,4,1,11,5,2,8,0,2,1,0,0,3,39,0
0,4,1,11,5,4,4,3,4,1,0,0,3,39,0
4,5,0,9,8,2,4,0,4,1,0,4,4,39,1
2,6,1,11,5,2,14,0,4,1,0,0,3,39,1
4,5,0,14,9,2,10,0,4,1,9,0,8,39,1
3,4,1,9,8,2,4,0,4,1,0,0,5,39,1
1,4,1,15,6,2,8,5,4,0,0,0,4,39,0
5,4,1,11,5,2,3,0,4,1,0,0,3,39,0
3,4,0,11,5,2,1,0,4,1,0,0,3,39,0
0,4,1,15,6,4,1,3,4,1,0,0,1,39,0
0,7,1,9,8,4,13,1,4,1,0,0,2,39,0
3,2,0,9,8,2,10,0,4,1,0,0,3,39,1
7,0,1,9,8,2,0,0,4,1,0,0,0,39,0
3,6,0,11,5,0,3,1,4,1,0,0,3,39,0
3,4,0,11,5,4,8,1,4,0,0,0,3,39,0
0,2,2,15,6,4,13,1,4,1,1,0,5,39,1
4,4,0,9,8,2,4,0,4,1,0,4,5,39,1
2,4,0,15,6,2,14,0,4,1,0,0,5,39,1
0,4,1,0,3,4,8,3,4,0,0,0,1,39,0
7,7,1,5,2,6,6,1,4,0,0,0,1,39,0
2,5,2,7,7,0,4,4,4,1,0,0,4,39,0
4,4,0,8,6,2,3,0,4,1,0,0,3,39,0
1,4,2,6,2,2,3,0,4,1,0,0,3,26,0
0,4,0,0,3,4,8,3,4,1,0,0,1,39,0
3,2,0,9,8,0,10,4,4,0,0,0,7,39,0
5,4,0,7,7,2,3,0,4,1,0,0,1,39,1
0,0,1,0,3,4,0,3,2,0,0,0,3,39,0
0,4,1,15,6,4,12,3,4,0,0,0,1,39,0
5,4,0,3,0,2,8,0,3,1,0,0,3,6,0
7,6,1,9,8,6,3,1,4,1,1,0,0,11,1
6,7,1,8,6,6,4,4,2,0,0,0,3,39,0
2,6,1,15,6,4,12,1,4,1,0,0,6,39,0
0,0,2,0,3,4,0,3,2,1,0,0,1,39,0
1,4,0,0,3,4,6,1,4,1,0,0,3,39,0
1,4,0,7,7,0,4,1,4,0,0,0,4,39,0
3,4,2,15,6,0,6,1,4,1,0,0,3,39,0
5,4,0,15,6,2,12,0,4,1,0,4,3,39,1
2,0,1,11,5,4,0,4,4,0,0,0,3,39,0
6,5,1,11,5,2,4,0,4,1,0,0,4,39,0
4,6,1,1,4,2,4,0,4,1,0,0,6,39,0
2,7,1,11,5,2,11,0,4,1,0,0,3,39,0
0,4,1,15,6,4,12,1,4,0,0,0,2,39,0
0,4,1,8,6,4,8,2,4,0,0,0,3,26,0
3,4,1,15,6,0,14,1,4,1,0,0,5,39,0
0,4,1,15,6,4,6,3,4,1,0,0,5,39,0
2,4,0,11,5,4,1,1,2,0,0,0,3,39,0
1,4,0,9,8,4,10,3,4,1,1,0,6,39,1
4,4,1,12,8,5,13,1,4,1,2,0,3,39,1
3,5,0,11,5,0,3,1,4,1,0,0,5,39,0
4,4,0,9,8,0,12,1,4,1,0,0,4,39,0
1,1,1,8,6,4,3,3,4,1,0,0,5,24,0
5,4,1,15,6,6,1,1,4,0,0,0,3,39,0
3,4,2,11,5,5,4,4,4,0,0,0,3,2,0
3,6,0,11,5,2,4,0,4,1,0,0,3,39,1
5,6,0,9,8,2,5,0,4,1,0,0,5,39,0
2,4,2,11,5,4,12,1,4,0,0,0,2,39,0
4,2,2,14,9,2,10,0,4,1,0,0,4,39,1
2,4,0,5,2,2,7,0,4,1,0,0,3,0,1
3,4,0,10,9,2,4,0,4,1,0,0,6,39,1
0,4,0,15,6,4,8,3,4,0,0,0,0,39,0
5,5,0,9,8,2,12,5,4,0,0,0,3,39,1
1,4,1,11,5,4,8,4,4,0,0,0,2,39,0
5,4,1,5,2,0,7,4,4,0,0,0,3,39,0
0,4,0,11,5,5,8,4,4,0,0,0,5,32,1
2,7,0,11,5,0,11,4,4,0,0,0,3,39,0
0,4,2,11,5,4,12,1,4,0,0,0,3,39,0
0,7,0,15,6,4,11,1,4,1,0,0,3,39,0
0,4,2,0,3,4,8,3,4,0,0,0,1,39,0
4,7,1,10,9,2,10,0,4,1,0,0,3,39,1
1,4,1,15,6,4,8,1,4,1,0,0,2,39,0
3,6,1,11,5,2,4,5,4,0,0,0,5,39,0
2,4,0,15,6,0,10,1,4,0,0,0,3,39,0
0,4,1,11,5,4,12,1,4,1,0,0,3,39,0
3,4,1,9,8,2,7,0,4,1,0,0,3,39,1
6,2,1,1,4,2,3,0,2,1,0,0,3,39,1
3,4,0,9,8,2,4,0,4,1,0,0,5,39,1
3,4,0,15,6,0,1,1,2,0,0,0,2,8,0
3,4,3,12,8,2,13,0,4,1,0,0,1,39,1
3,0,0,11,5,4,0,1,4,1,0,3,3,39,0
0,4,0,15,6,4,10,1,4,0,0,0,3,39,0
2,6,2,9,8,2,5,0,4,1,0,0,5,39,0
2,4,1,11,5,0,6,4,4,1,0,0,2,39,0
6,4,1,6,2,0,6,1,4,1,0,0,3,33,1
6,4,1,11,5,2,3,0,4,1,0,0,0,39,0
3,4,0,15,6,0,1,4,2,0,0,0,3,39,0
6,7,1,9,8,0,10,1,4,1,0,0,3,39,0
4,6,0,11,5,2,5,0,4,1,0,0,2,39,0
0,4,1,11,5,4,1,3,4,0,0,0,3,39,0
0,4,1,11,5,4,6,3,4,1,0,0,2,39,0
3,4,2,9,8,2,4,0,4,1,0,4,5,39,1
0,4,1,1,4,4,10,3,4,0,0,0,0,39,0
2,6,1,11,5,2,5,0,4,1,0,0,5,39,0
4,4,1,8,6,2,3,0,2,1,0,0,3,39,1
2,4,0,11,5,2,5,0,4,1,0,0,6,39,1
5,4,1,15,6,0,1,1,4,1,0,0,2,39,0
4,4,1,9,8,5,1,4,4,0,0,0,3,39,0
6,6,0,6,2,2,3,0,4,1,0,0,4,39,0
2,4,0,15,6,2,3,0,4,1,0,0,3,39,1
3,4,1,15,6,2,3,0,4,1,0,0,5,39,0
2,7,2,11,5,2,11,0,2,1,0,0,3,39,0
2,4,1,11,5,0,8,4,4,0,0,0,3,39,0
1,4,2,11,5,2,6,0,2,1,0,0,3,39,0
0,4,0,15,6,4,6,1,4,1,0,0,5,39,0
4,4,0,15,6,2,10,0,4,1,1,0,3,39,1
1,2,1,14,9,2,10,0,4,1,0,0,3,39,1
3,4,1,7,7,0,3,1,4,0,0,0,5,39,0
1,4,2,8,6,2,3,0,4,1,0,0,3,39,1
2,4,1,11,5,0,1,3,4,0,0,0,3,39,0
1,4,0,11,5,0,12,1,0,0,0,0,5,39,0
0,4,0,1,4,4,8,3,2,1,0,0,1,39,0
0,4,1,15,6,4,12,3,1,1,0,0,3,25,0
1,7,0,15,6,2,11,0,4,1,0,0,3,39,0
2,4,1,8,6,2,13,5,4,0,0,0,2,39,1
1,4,1,15,6,5,1,4,2,0,0,0,3,39,0
2,4,1,9,8,4,6,1,1,0,0,0,5,14,0
3,6,0,11,5,2,4,5,4,0,0,0,3,39,0
0,4,2,15,6,4,1,1,4,0,0,0,2,39,0
3,4,0,11,5,0,3,1,4,1,0,3,3,39,0
0,4,2,15,6,4,7,1,4,0,0,0,3,39,0
6,0,1,1,4,2,0,0,4,1,0,0,3,39,0
1,4,3,9,8,4,10,1,4,0,0,0,2,39,0
2,4,1,1,4,4,3,1,2,0,0,0,3,39,0
1,6,1,11,5,4,3,1,4,1,0,0,5,39,1
4,4,0,11,5,0,8,1,4,0,0,0,3,39,0
4,4,0,11,5,2,7,5,4,0,0,0,3,39,0
1,4,1,10,9,2,10,0,4,1,0,0,7,39,1
2,4,0,11,5,2,4,2,4,1,0,0,3,39,1
2,5,0,15,6,2,3,0,4,1,0,0,3,39,0
4,4,0,11,5,2,3,0,0,1,0,0,3,39,0
0,4,1,0,3,4,8,3,2,1,0,0,2,39,0
2,1,0,9,8,4,13,1,1,1,0,0,2,0,0
4,4,0,11,5,2,7,0,4,1,0,0,3,39,1
5,4,1,11,5,0,3,1,4,1,0,0,3,39,0
5,4,0,11,5,2,3,0,4,1,0,0,3,39,1
0,4,2,15,6,4,1,3,4,1,0,0,3,39,0
5,4,0,15,6,0,4,1,4,0,0,4,3,39,0
6,4,0,15,6,5,12,4,4,0,0,3,3,39,0
6,0,2,11,5,6,0,4,4,0,0,0,7,39,0
3,4,0,15,6,5,12,1,4,1,0,0,4,39,0
2,7,1,9,8,4,4,1,4,0,0,0,3,39,0
2,4,1,5,2,2,7,0,4,1,0,0,3,26,0
5,4,2,11,5,2,8,0,4,1,0,0,5,39,0
2,4,1,10,9,4,10,1,4,1,0,0,3,39,1
0,4,1,15,6,4,12,3,4,1,0,0,2,0,0
5,4,2,11,5,2,7,0,4,1,0,0,3,39,0
4,4,0,9,8,0,12,4,4,0,0,0,4,39,0
0,5,1,9,8,4,12,3,4,1,0,0,3,39,0
4,4,0,11,5,2,14,0,4,1,0,0,3,39,1
5,0,0,1,4,2,0,0,4,1,0,0,1,39,0
3,4,0,11,5,2,12,0,0,1,0,0,5,39,0
3,2,1,8,6,0,4,1,4,0,0,0,3,39,0
5,4,1,15,6,4,5,1,4,1,0,0,3,39,0
8,0,0,4,1,2,0,0,4,1,0,0,1,39,0
1,4,0,11,5,2,3,0,4,1,0,0,5,39,0
3,4,1,11,5,2,5,0,4,1,0,0,3,26,0
3,2,0,11,5,4,8,4,4,0,0,0,2,39,0
2,4,0,11,5,2,14,0,1,1,0,0,3,0,0
2,6,3,11,5,2,4,0,4,1,0,0,3,39,0
2,4,1,7,7,0,12,1,4,1,0,0,4,39,0
0,4,0,9,8,4,4,3,4,1,0,0,3,39,0
1,4,1,9,8,4,6,3,4,1,0,0,3,39,0
2,4,2,4,1,2,8,0,4,1,0,0,7,26,0
3,4,0,10,9,2,4,5,4,0,1,0,3,39,1
7,0,0,11,5,6,0,1,4,0,0,0,6,39,0
2,4,2,11,5,2,12,0,4,1,0,0,3,5,1
1,4,0,11,5,2,7,0,4,1,0,0,3,39,0
0,4,0,15,6,4,8,2,4,1,0,0,1,39,0
2,4,2,0,3,5,8,1,4,0,0,0,3,39,0
6,4,0,9,8,2,10,0,4,1,0,0,5,39,1
1,4,0,9,8,2,3,0,4,1,0,0,4,39,0
2,4,0,11,5,2,11,0,4,1,0,0,3,39,0
1,4,0,7,7,4,8,3,4,1,0,0,4,39,0
6,4,0,11,5,2,3,0,4,1,0,0,3,39,0
3,6,1,15,6,4,12,3,4,0,0,0,3,39,0
0,4,1,15,6,4,12,3,4,0,0,0,1,39,0
0,0,1,15,6,4,0,3,4,1,0,0,0,39,0
1,7,0,11,5,2,12,0,4,1,0,0,3,39,0
0,4,2,11,5,4,3,1,4,1,0,0,3,39,0
4,7,1,12,8,4,10,1,4,1,0,0,3,39,1
3,4,0,11,5,4,12,3,4,0,0,0,3,39,0
1,4,0,12,8,4,13,2,4,1,0,0,2,39,0
1,7,0,15,6,2,8,0,4,1,0,0,3,39,0
0,4,0,15,6,4,13,1,4,0,0,0,0,39,0
6,4,0,15,6,2,1,0,4,1,0,0,3,39,0
0,2,0,6,2,4,8,3,2,1,0,0,0,39,0
1,4,1,11,5,4,1,4,4,0,0,0,3,26,0
2,4,1,9,8,4,12,1,4,0,0,3,3,39,0
1,4,2,9,8,4,1,3,4,0,0,0,3,26,0
0,4,1,15,6,4,8,3,4,1,0,0,3,39,0
4,2,1,3,0,2,8,0,4,1,0,0,3,26,0
4,4,0,12,8,0,10,1,4,1,0,0,3,39,1
7,5,1,9,8,2,4,0,4,1,0,0,4,39,1
2,5,0,15,6,2,5,0,4,1,0,0,7,39,0
2,4,0,9,8,2,10,0,4,1,0,0,4,39,0
0,4,0,9,8,2,1,3,0,0,0,0,2,39,0
2,4,0,9,8,2,4,5,4,0,0,0,3,39,0
0,4,1,11,5,4,10,3,4,1,0,0,5,39,0
0,4,1,0,3,5,8,4,4,0,0,0,3,39,0
5,4,1,1,4,2,8,0,4,1,0,0,1,39,0
6,4,0,5,2,0,3,3,4,1,0,0,3,39,0
2,4,1,9,8,4,1,1,4,0,0,0,3,39,0
0,4,1,15,6,4,1,3,4,0,0,0,1,39,0
5,2,2,12,8,0,10,1,4,0,0,0,3,39,0
3,4,0,15,6,2,7,0,4,1,0,3,3,39,0
0,4,0,15,6,4,4,3,4,1,0,0,3,39,0
4,2,1,2,4,2,1,0,4,1,0,0,3,33,0
2,4,1,11,5,4,14,4,4,1,0,0,3,39,0
5,4,0,11,5,5,3,1,4,0,0,0,3,39,0
3,4,0,15,6,0,7,1,4,1,0,0,3,39,0
0,4,1,11,5,4,1,1,4,1,0,0,3,39,0
0,4,1,11,5,4,12,1,4,1,0,0,4,39,0
2,4,0,7,7,2,11,0,4,1,0,0,3,39,0
0,4,1,11,5,4,3,1,4,1,0,0,3,33,0
3,4,1,1,4,2,7,0,4,1,0,0,2,39,0
1,4,0,11,5,2,3,0,4,1,0,0,3,26,0
5,2,1,12,8,0,8,4,2,0,0,0,3,39,0
3,4,0,15,6,2,10,0,4,1,0,0,5,39,0
4,4,0,7,7,2,11,0,4,1,0,0,3,39,1
0,4,1,11,5,4,3,1,4,1,0,0,4,39,0
3,4,0,9,8,2,10,0,4,1,0,0,5,39,1
5,4,0,15,6,2,14,0,4,1,0,0,6,39,0
2,4,1,0,3,0,14,4,4,1,0,0,4,39,0
1,4,1,15,6,2,14,0,4,1,0,0,3,39,0
3,4,1,15,6,5,10,3,4,0,0,8,3,39,0
4,6,1,9,8,2,12,0,4,1,1,0,5,39,1
4,4,1,12,8,2,4,0,4,1,0,0,3,39,0
0,4,1,15,6,4,12,1,4,0,0,4,3,39,0
2,4,1,5,2,0,13,4,4,0,0,0,3,39,0
3,1,1,11,5,0,3,1,4,1,0,0,3,39,0
2,4,1,14,9,2,12,0,4,1,0,0,3,0,0
2,4,2,11,5,4,1,4,2,0,0,0,3,39,0
0,0,0,15,6,4,0,3,4,1,0,0,3,39,0
3,4,2,11,5,2,3,0,2,1,0,0,3,39,1
3,4,0,2,4,0,12,1,4,0,0,0,3,39,0
5,6,0,9,8,2,1,0,4,1,0,0,3,39,1
3,6,1,10,9,2,10,0,4,1,1,0,3,39,1
1,4,0,9,8,4,4,1,4,0,0,0,6,39,0
1,6,1,9,8,2,4,5,4,0,0,0,3,39,1
1,4,0,7,7,4,3,4,4,1,0,0,3,39,0
5,2,1,11,5,2,8,0,4,1,0,0,3,39,0
3,6,0,11,5,4,12,2,4,0,0,0,0,39,0
0,4,2,1,4,4,12,3,4,0,0,0,1,39,0
0,2,1,1,4,4,11,3,4,1,0,0,2,39,0
3,4,1,15,6,2,13,5,4,0,0,0,3,39,0
1,4,0,2,4,2,3,0,4,1,0,0,5,39,0
3,4,0,7,7,2,10,0,2,1,0,0,3,39,0
1,4,3,4,1,4,7,1,4,1,0,0,4,26,0
3,2,1,12,8,2,10,5,4,0,0,0,3,39,1
3,2,1,12,8,4,13,1,2,0,0,0,4,39,1
5,4,1,0,3,2,12,0,4,1,0,0,3,39,0
1,0,0,9,8,2,0,0,4,1,0,0,1,39,0
2,4,0,15,6,4,7,4,4,1,0,0,4,39,0
2,4,0,11,5,4,8,1,4,1,0,0,5,39,0
1,4,1,11,5,4,3,2,4,0,0,0,3,39,0
5,5,0,9,8,2,4,0,4,1,0,0,1,39,0
1,4,1,11,5,2,4,0,4,1,0,0,3,4,0
6,6,0,14,9,2,10,0,4,1,0,0,3,39,1
1,4,0,15,6,5,12,4,1,1,0,0,3,35,0
1,4,0,11,5,2,1,5,1,0,0,0,3,40,0
0,4,0,1,4,4,9,3,4,0,0,0,2,39,0
5,4,0,15,6,2,12,0,4,1,0,0,3,39,1
1,4,0,15,6,4,4,1,2,0,0,0,3,39,0
3,4,1,9,8,2,3,0,4,1,0,0,5,39,1
3,4,1,12,8,2,10,0,4,1,0,0,6,39,0
1,4,1,9,8,4,1,1,4,0,0,0,3,39,0
7,4,1,11,5,6,9,4,4,0,0,0,1,5,0
5,2,0,15,6,2,1,5,4,0,0,0,3,39,0
5,4,0,12,8,6,12,1,4,0,0,0,2,39,0
2,1,0,9,8,2,10,0,4,1,0,0,3,39,0
3,4,1,4,1,2,5,5,4,0,0,0,3,26,0
1,2,0,9,8,2,10,0,4,1,0,4,3,39,1
0,4,1,15,6,4,8,3,4,1,0,0,1,39,0
0,4,2,15,6,4,6,3,4,1,0,0,2,39,0
3,4,1,11,5,2,7,0,4,1,0,0,4,39,0
2,6,0,15,6,2,8,5,4,0,0,0,3,39,0
1,4,2,11,5,3,3,1,4,1,0,0,3,39,0
6,4,2,15,6,0,12,1,4,0,0,0,3,39,0
2,1,0,8,6,2,13,0,4,1,0,0,3,39,0
6,0,0,12,8,2,0,0,4,1,0,0,0,39,0
0,4,2,15,6,4,6,3,4,1,0,0,2,39,0
5,1,0,11,5,2,3,0,4,1,0,0,3,39,1
2,2,0,11,5,2,14,0,4,1,0,0,3,39,0
3,4,1,8,6,2,3,0,4,1,0,0,3,39,1
3,4,0,11,5,4,3,3,4,1,0,0,3,39,0
0,4,1,11,5,4,7,4,2,0,0,0,3,39,0
2,2,1,11,5,2,14,0,4,1,0,0,4,39,0
4,2,2,15,6,0,8,1,4,0,0,0,3,39,0
1,4,0,11,5,2,14,0,4,1,0,0,3,39,0
3,4,0,9,8,2,4,0,4,1,0,0,3,39,1
3,4,1,11,5,2,3,0,4,1,0,3,3,39,0
7,5,1,15,6,2,4,0,4,1,0,0,2,39,0
2,4,2,8,6,2,4,0,4,1,0,0,4,39,1
1,4,1,8,6,5,1,4,4,0,0,0,3,39,0
1,4,0,11,5,4,12,3,2,0,0,0,3,39,0
2,4,1,9,8,0,1,4,1,0,0,0,3,30,0
0,4,1,9,8,4,10,1,4,0,0,0,3,39,0
1,6,1,11,5,2,3,0,4,1,0,0,3,39,0
3,4,1,4,1,2,7,0,4,1,0,0,3,26,0
2,0,4,11,5,2,0,0,4,1,0,0,3,0,0
2,6,0,11,5,2,7,0,4,1,0,0,3,39,0
3,4,0,11,5,2,8,0,4,1,0,0,3,0,0
2,4,1,11,5,5,8,4,2,0,0,0,3,39,0
2,4,0,11,5,2,3,0,4,1,0,0,4,39,0
0,6,0,11,5,4,5,3,4,1,0,0,3,39,0
4,4,1,15,6,2,3,0,4,1,0,0,5,0,1
4,4,1,15,6,6,1,1,4,0,0,0,3,39,0
5,4,0,10,9,2,10,0,4,1,0,0,5,39,1
1,4,1,7,7,0,10,1,4,0,0,0,3,39,0
0,4,0,1,4,4,8,3,4,1,0,0,3,39,0
3,4,1,12,8,4,4,1,4,1,0,0,3,39,1
4,4,1,9,8,0,8,4,4,0,0,0,5,39,1
1,4,1,11,5,4,3,1,4,1,0,0,3,39,0
3,4,1,12,8,0,4,4,2,0,0,0,6,39,1
3,4,1,9,8,2,10,0,4,1,0,0,6,39,0
1,4,1,12,8,2,8,0,4,1,0,0,1,39,1
3,5,4,12,8,2,4,0,4,1,0,0,5,39,1
3,5,0,15,6,2,10,5,4,0,0,0,3,0,1
1,4,0,7,7,4,13,1,4,0,0,0,3,39,0
5,4,1,1,4,6,14,4,2,1,0,0,3,39,0
3,4,0,11,5,4,6,1,4,1,0,0,3,39,0
3,4,1,11,5,2,8,5,2,0,0,0,3,39,0
4,4,0,15,6,2,1,5,4,0,0,0,3,39,0
5,0,0,11,5,4,0,1,4,1,1,0,3,39,1
6,0,0,5,2,2,0,0,0,1,0,0,3,39,0
2,6,0,8,6,2,5,0,4,1,0,0,7,39,0
2,4,0,11,5,2,3,0,4,1,0,0,3,11,1
5,4,1,11,5,0,12,4,4,0,0,4,2,39,0
5,4,1,15,6,2,10,0,4,1,0,0,3,39,1
3,4,1,14,9,5,10,1,4,1,0,0,5,39,1
3,4,0,11,5,4,8,4,2,0,0,0,3,39,0
1,4,1,15,6,4,8,3,2,1,0,0,4,39,0
1,1,1,9,8,4,10,1,4,1,0,4,3,39,0
2,4,2,4,1,4,5,4,4,1,0,0,3,39,0
4,4,0,11,5,5,3,3,4,1,0,0,3,39,0
3,4,1,11,5,4,7,3,4,1,0,0,3,39,0
2,4,0,15,6,4,13,2,4,0,0,0,3,39,0
5,4,1,6,2,2,14,0,2,1,0,0,3,39,0
6,6,3,15,6,2,12,0,2,1,0,0,6,39,1
1,4,1,11,5,2,4,5,4,0,0,0,4,39,1
3,6,0,9,8,2,5,0,4,1,0,0,3,39,1
3,4,1,14,9,2,4,0,4,1,0,0,5,39,1
4,1,1,9,8,2,11,0,2,1,0,0,5,39,1
1,7,1,9,8,4,10,1,4,1,0,0,5,39,0
3,6,0,11,5,2,7,0,4,1,0,0,2,39,0
3,4,0,12,8,2,4,0,4,1,0,0,3,39,1
3,2,1,11,5,4,1,4,2,0,0,0,3,39,0
3,4,0,11,5,2,4,5,4,0,0,0,3,39,0
0,4,1,11,5,4,6,3,4,1,0,0,3,39,0
2,4,1,15,6,0,8,4,4,0,0,0,2,39,0
4,0,3,15,6,2,0,0,4,1,0,0,2,39,0
7,5,1,15,6,6,4,4,4,1,0,0,3,39,0
2,4,1,11,5,0,3,1,4,1,0,0,4,39,0
0,4,1,11,5,4,1,1,4,0,0,0,3,39,0
0,4,1,2,4,4,7,3,4,1,0,0,2,39,0
4,4,0,2,4,0,14,1,4,1,0,0,3,39,0
2,2,0,15,6,2,11,0,4,1,0,0,3,39,0
0,4,0,7,7,4,1,3,4,0,0,0,1,39,0
1,7,1,15,6,4,1,1,4,0,0,0,3,39,0
1,4,0,15,6,4,1,1,4,1,0,4,3,39,0
1,4,3,11,5,2,7,0,4,1,0,0,4,39,0
2,4,1,11,5,2,3,0,4,1,0,0,5,39,1
2,0,1,11,5,0,0,4,4,0,0,0,3,39,0
3,2,0,9,8,2,10,0,4,1,9,0,7,39,1
4,4,1,11,5,5,10,4,4,0,0,1,3,33,0
3,4,0,11,5,2,3,0,4,1,0,3,3,39,0
0,4,0,11,5,4,6,3,4,1,0,0,3,39,0
3,6,0,14,9,2,10,0,1,1,0,0,6,36,1
4,4,0,15,6,0,7,1,4,1,0,0,4,39,0
3,4,0,11,5,2,3,0,4,1,0,0,3,39,1
3,4,0,11,5,0,3,1,4,1,0,0,3,39,0
1,2,0,0,3,2,3,0,4,1,0,0,3,39,0
0,2,1,4,1,4,6,2,4,1,0,0,3,13,1
0,4,0,11,5,4,8,3,4,0,0,0,3,39,0
1,6,1,11,5,2,3,0,4,1,0,0,5,18,0
0,4,1,2,4,4,1,3,4,1,0,0,3,39,0
5,5,0,11,5,5,5,1,4,1,0,0,6,39,1
2,4,0,9,8,2,10,0,4,1,0,0,6,39,1
1,4,0,9,8,4,1,3,1,0,0,0,2,39,0
2,4,1,11,5,4,6,1,4,1,0,0,3,39,0
2,4,1,9,8,2,1,0,4,1,0,0,3,39,0
3,5,1,11,5,2,12,5,4,0,0,0,5,39,0
0,0,0,11,5,4,0,3,4,0,0,0,1,39,0
3,1,1,15,6,3,1,1,2,1,0,0,3,39,0
6,6,1,4,1,2,5,0,4,1,0,0,2,39,0
1,6,0,7,7,2,1,5,4,0,0,0,3,39,1
6,4,1,15,6,2,5,0,4,1,0,0,3,39,0
3,4,0,11,5,5,8,1,4,0,0,0,3,39,0
3,4,1,15,6,2,3,0,4,1,0,0,3,39,0
0,4,1,9,8,4,12,1,4,1,0,0,6,39,0
2,4,0,6,2,2,12,3,4,1,0,0,5,39,1
5,4,0,11,5,2,14,0,4,1,0,0,6,39,1
3,4,0,15,6,4,4,4,4,1,0,0,5,39,0
4,4,0,11,5,2,14,0,4,1,0,0,3,39,0
0,6,1,8,6,4,5,3,4,1,0,0,9,39,0
1,4,0,9,8,4,12,3,4,1,0,0,3,39,0
0,4,1,2,4,4,12,3,4,0,0,0,1,39,0
3,6,0,11,5,2,5,0,4,1,0,0,8,39,0
6,6,1,15,6,2,12,0,4,1,0,0,3,39,1
3,4,0,7,7,2,12,0,4,1,0,0,2,39,0
0,4,1,15,6,4,6,3,4,1,0,0,3,39,0
4,4,0,7,7,2,3,0,4,1,0,0,4,39,0
5,4,1,11,5,0,12,1,4,0,0,0,3,9,0
5,4,1,11,5,6,1,3,4,0,0,0,3,39,0
0,0,1,15,6,4,0,2,2,1,3,0,0,39,0
3,6,0,8,6,2,5,0,4,1,0,0,6,39,0
1,1,3,11,5,4,3,1,2,1,0,4,3,39,0
5,5,0,14,9,2,10,0,4,1,0,0,3,39,1
5,7,0,11,5,0,1,1,4,0,0,3,3,39,0
2,7,1,11,5,2,3,0,4,1,0,0,3,39,0
4,6,0,11,5,2,4,0,4,1,0,0,4,39,0
2,4,1,11,5,0,7,1,4,0,0,0,3,39,0
4,4,1,11,5,2,4,0,4,1,0,0,5,39,1
3,4,2,8,6,2,3,0,4,1,0,0,3,39,0
1,4,1,15,6,4,1,1,4,1,0,0,4,39,0
4,4,1,9,8,4,4,1,4,1,0,0,5,39,1
3,4,1,11,5,0,1,1,4,0,0,0,3,39,0
3,4,0,11,5,2,14,0,4,1,0,0,3,39,1
1,4,2,11,5,5,8,4,4,0,0,0,5,39,0
2,5,1,15,6,2,12,0,4,1,0,0,6,39,1
1,4,1,9,8,4,1,1,4,0,0,0,3,39,0
1,2,2,7,7,4,1,1,4,1,0,0,3,39,0
2,4,0,11,5,0,3,1,4,1,0,0,3,39,0
6,4,0,0,3,6,8,1,4,0,0,0,3,39,0
3,4,1,15,6,2,3,0,4,1,0,0,3,39,0
3,1,1,7,7,4,1,1,4,1,0,0,3,4,0
5,1,2,11,5,2,14,0,4,1,0,0,7,39,0
1,4,2,15,6,0,3,4,4,0,0,0,3,39,0
8,0,0,11,5,2,0,0,4,1,0,0,2,39,0
4,7,0,10,9,2,10,0,4,1,0,0,5,39,1
1,0,1,0,3,5,0,1,4,1,0,0,8,39,0
5,4,1,11,5,2,3,0,4,1,0,0,3,39,1
1,5,0,15,6,4,4,1,4,1,0,0,2,39,0
8,2,1,15,6,6,1,1,4,0,0,0,2,39,0
3,4,0,11,5,2,3,0,4,1,0,0,3,39,1
5,2,1,15,6,6,1,4,4,0,0,0,3,39,0
9,6,0,9,8,2,5,0,4,1,0,0,1,39,0
3,4,1,9,8,2,12,0,4,1,0,0,5,39,1
6,4,2,10,9,2,10,0,4,1,0,0,3,39,1
1,4,1,11,5,0,8,1,4,0,0,0,1,39,0
0,4,1,1,4,4,12,3,4,1,0,0,1,39,0
1,4,1,1,4,2,3,0,4,1,0,0,4,39,0
3,4,0,9,8,2,10,5,4,0,0,0,5,11,1
4,4,1,9,8,0,4,4,4,1,0,0,3,39,0
3,4,1,15,6,5,10,4,2,0,0,0,3,39,0
2,4,0,15,6,4,12,1,4,1,0,0,3,39,0
4,4,1,9,8,0,4,1,4,1,0,0,5,39,1
0,4,0,1,4,4,8,2,4,1,0,0,3,30,0
2,4,0,12,8,2,10,0,4,1,0,0,5,39,1
3,4,0,11,5,0,4,4,4,0,0,0,3,39,1
5,4,1,11,5,0,3,1,4,1,1,0,4,39,1
3,4,1,12,8,2,4,5,4,0,1,0,3,39,1
1,6,1,9,8,2,12,0,4,1,0,0,7,0,0
5,4,1,11,5,2,3,0,4,1,0,0,5,39,0
3,7,0,10,9,2,10,0,4,1,0,0,3,39,1
0,4,0,15,6,4,12,3,4,0,0,0,1,39,0
1,4,1,11,5,2,6,0,4,1,0,0,3,39,0
6,4,1,15,6,2,10,0,4,1,0,0,3,39,0
0,4,1,15,6,4,13,3,4,0,0,0,2,7,0
3,2,2,11,5,6,11,1,4,1,0,0,3,39,1
2,4,1,15,6,2,12,5,4,0,0,0,3,39,0
3,2,1,15,6,4,8,4,2,0,0,0,3,39,0
4,4,1,9,8,4,10,1,4,0,0,0,4,26,0
0,7,2,11,5,2,11,0,4,1,0,0,3,39,0
0,2,0,15,6,4,11,1,4,1,0,0,3,39,0
3,4,0,11,5,2,7,0,4,1,0,0,4,39,1
4,4,0,11,5,6,10,4,4,0,0,0,3,39,0
1,4,0,15,6,4,12,1,4,1,0,0,5,39,0
5,4,0,11,5,0,8,1,4,0,0,0,3,39,0
0,4,1,9,8,4,4,1,4,0,0,0,2,39,0
2,2,0,12,8,2,4,0,4,1,0,0,7,39,1
4,4,1,9,8,2,4,0,4,1,0,0,3,39,1
0,4,1,7,7,4,14,4,4,0,0,0,3,39,0
1,4,0,8,6,4,8,4,0,0,0,0,3,39,0
3,1,1,9,8,2,10,0,4,1,0,0,3,30,1
2,4,0,11,5,2,3,0,4,1,0,0,3,39,0
3,5,2,11,5,2,3,0,4,1,0,0,6,39,1
3,4,2,6,2,0,8,4,4,0,0,0,3,39,0
0,4,1,11,5,4,6,3,4,1,0,0,3,39,0
5,4,1,5,2,2,1,0,4,1,0,0,7,39,0
3,4,0,11,5,2,4,5,4,0,0,0,3,39,1
7,6,0,12,8,2,4,0,4,1,0,5,0,39,1
0,4,1,11,5,4,8,2,4,0,0,0,3,39,0
0,1,1,15,6,4,13,3,2,1,0,0,1,39,0
1,4,2,11,5,4,3,3,4,1,0,0,3,39,0
2,4,0,11,5,2,5,0,4,1,0,0,4,39,0
5,4,1,7,7,0,13,1,4,0,0,0,3,39,0
0,4,1,11,5,4,8,4,4,1,0,0,3,8,0
5,4,1,4,1,0,8,4,2,1,0,0,2,39,0
4,4,0,11,5,0,8,1,2,1,0,0,3,39,0
0,0,2,11,5,4,0,3,4,0,0,0,3,39,0
2,4,1,1,4,2,7,0,4,1,0,0,4,39,1
0,4,1,11,5,4,1,3,4,0,0,0,3,39,0
6,0,0,15,6,2,0,0,4,1,0,0,3,39,0
2,4,0,11,5,2,3,0,4,1,0,0,3,39,0
0,0,0,15,6,4,0,1,4,0,0,0,2,39,0
1,4,0,15,6,2,3,0,0,1,0,0,6,39,0
3,6,1,9,8,4,12,1,4,0,0,0,6,39,0
2,4,1,6,2,2,3,0,4,1,0,0,3,39,0
1,4,2,15,6,4,8,1,2,1,0,0,3,39,0
2,4,0,11,5,0,1,3,3,0,0,0,6,39,0
4,4,0,9,8,2,4,0,4,1,0,0,6,39,1
0,4,2,15,6,4,1,3,4,1,0,0,3,39,0
2,6,0,11,5,2,3,0,4,1,0,0,5,39,0
0,4,0,15,6,4,12,1,4,1,0,0,3,39,0
2,4,1,8,6,2,13,5,4,0,0,0,2,39,1
1,4,1,9,8,2,10,3,4,1,0,0,7,39,0
0,4,0,11,5,4,8,3,2,1,0,0,0,39,0
2,4,4,11,5,2,3,0,4,1,0,0,3,39,0
3,4,0,11,5,0,6,1,4,0,0,0,4,39,0
2,5,0,11,5,2,4,0,1,1,0,0,8,36,1
2,4,1,11,5,2,3,0,4,1,0,0,3,39,0
1,5,0,8,6,4,12,1,4,1,0,0,6,39,0
1,4,1,11,5,4,5,4,4,1,0,0,2,0,0
2,4,0,15,6,4,8,2,1,1,0,0,3,0,0
0,4,1,11,5,4,1,3,4,0,0,0,2,39,0
0,4,1,15,6,4,6,3,3,1,0,0,2,39,0
3,4,1,11,5,2,12,0,4,1,0,0,6,39,0
4,4,1,8,6,2,3,0,4,1,0,0,5,39,0
6,4,1,0,3,6,5,4,4,1,0,0,1,39,0
7,6,1,11,5,6,8,2,4,0,0,0,1,39,0
3,4,1,11,5,4,5,1,4,1,0,0,3,39,0
4,0,1,8,6,2,0,0,4,1,0,0,5,39,1
3,4,1,12,8,2,10,0,2,1,0,0,3,39,0
4,4,1,15,6,2,14,0,4,1,0,0,3,39,1
3,4,0,15,6,2,1,5,4,0,0,0,3,39,0
5,4,1,15,6,2,3,0,2,1,0,0,3,33,1
2,4,1,13,0,0,8,1,3,1,0,0,7,26,0
3,4,0,0,3,4,7,1,2,1,0,0,3,39,0
3,5,0,5,2,2,4,0,4,1,0,0,5,0,0
0,7,1,2,4,4,4,1,4,1,0,0,5,39,1
4,4,0,6,2,5,6,3,4,1,0,0,3,39,0
0,4,2,0,3,3,6,1,4,1,0,0,3,39,0
5,6,0,7,7,2,4,0,4,1,0,0,5,39,1
4,4,1,11,5,2,14,0,4,1,0,0,3,39,0
2,4,1,11,5,0,4,3,4,1,0,0,4,39,0
1,6,1,8,6,2,4,0,4,1,0,0,5,39,0
5,7,1,15,6,2,10,0,2,1,0,0,3,39,1
3,6,2,11,5,2,8,0,4,1,0,0,0,39,0
3,4,1,11,5,4,6,1,4,1,0,0,5,39,0
1,4,1,9,8,2,4,0,4,1,0,0,4,39,1
2,4,2,3,0,3,8,1,4,1,0,0,3,13,0
3,4,1,14,9,2,4,0,4,1,0,0,3,39,1
3,6,1,11,5,2,4,0,4,1,0,0,3,39,0
3,7,0,15,6,0,14,4,4,1,0,0,3,39,0
0,4,1,11,5,4,8,3,2,1,0,0,2,39,0
1,4,0,11,5,2,1,5,4,0,0,5,3,39,0
3,2,0,12,8,2,10,5,4,0,0,0,3,39,1
2,4,0,15,6,2,14,0,4,1,0,0,4,39,0
4,4,1,1,4,0,7,1,2,0,0,0,1,39,0
4,4,1,11,5,5,8,4,4,0,0,0,3,39,0
2,4,1,15,6,2,12,5,4,0,0,0,3,39,1
2,4,1,8,6,4,4,1,4,1,0,0,5,39,1
3,2,0,9,8,2,10,0,4,1,0,0,3,39,1
8,4,1,8,6,2,3,0,4,1,0,0,2,39,0
2,4,1,11,5,2,4,0,4,1,0,0,4,39,1
3,6,0,8,6,2,5,0,4,1,0,0,5,39,1
6,6,0,5,2,2,5,0,4,1,0,0,3,39,0
3,4,0,11,5,0,1,1,4,0,0,0,3,39,0
6,4,1,9,8,2,10,0,4,1,0,0,4,39,1
3,4,0,15,6,2,3,0,4,1,1,0,6,39,1
2,4,0,8,6,0,13,4,2,0,0,0,3,39,0
4,4,2,9,8,2,4,0,4,1,0,0,3,39,1
4,7,2,15,6,4,1,1,4,0,0,0,3,39,0
6,7,1,2,4,2,3,0,4,1,0,0,3,39,0
3,4,0,0,3,4,7,1,1,1,0,0,3,40,0
3,6,1,11,5,2,12,0,4,1,0,0,6,39,0
4,4,1,11,5,6,7,4,2,0,0,0,3,39,0
4,4,1,15,6,4,10,1,4,1,0,0,3,39,1
2,4,0,11,5,0,8,4,4,1,0,0,3,39,0
1,4,1,15,6,0,12,1,4,1,0,0,2,39,0
3,4,1,9,8,5,8,1,4,0,0,0,5,39,0
1,4,1,1,4,4,3,3,2,1,0,0,3,14,0
0,4,1,0,3,4,8,3,4,0,0,3,1,39,0
4,4,1,11,5,2,3,0,4,1,0,3,3,39,0
1,4,0,15,6,4,12,3,4,1,0,0,1,39,0
2,4,2,11,5,2,3,0,4,1,0,0,3,39,1
5,4,0,15,6,0,4,1,4,0,0,0,3,39,0
0,4,1,11,5,4,14,3,4,1,0,0,3,39,0
5,6,0,4,1,2,5,0,4,1,0,0,3,39,0
0,4,1,11,5,4,3,3,4,1,0,0,3,39,0
2,2,0,9,8,4,10,1,4,1,0,0,3,39,0
2,4,0,11,5,0,8,1,4,1,0,0,3,39,0
5,2,1,0,3,2,1,0,4,1,0,0,3,39,0
1,4,2,11,5,0,12,1,4,1,0,0,3,39,0
5,4,1,0,3,2,7,0,4,1,0,0,3,39,0
1,4,0,1,4,2,3,0,4,1,0,0,3,39,0
3,4,1,15,6,5,1,4,4,0,0,0,3,39,0
2,7,0,15,6,5,4,1,4,0,0,0,4,39,0
5,4,0,9,8,0,4,1,4,0,0,0,3,18,1
2,4,0,9,8,2,4,0,4,1,0,0,3,39,1
3,4,0,15,6,6,8,4,2,0,0,0,3,39,0
5,4,1,15,6,2,13,0,4,1,0,0,3,39,1
0,4,0,15,6,4,10,3,4,1,0,0,4,39,0
0,4,0,15,6,4,1,3,4,0,0,0,1,39,0
4,4,1,11,5,2,6,5,2,0,0,0,3,39,0
4,4,1,10,9,2,10,0,4,1,1,0,6,20,1
6,2,0,15,6,0,4,1,4,0,0,0,3,39,0
2,4,2,9,8,4,4,1,4,0,0,0,3,39,0
2,4,1,15,6,2,3,0,4,1,0,0,3,39,1
3,2,0,12,8,2,4,0,4,1,0,0,3,39,1
0,4,0,9,8,4,10,3,4,0,0,0,1,39,0
4,4,0,5,2,6,7,1,4,0,0,0,3,39,0
1,4,0,9,8,2,4,0,4,1,0,0,3,39,1
2,6,1,11,5,2,3,0,4,1,0,0,6,39,0
3,4,1,11,5,5,14,4,2,1,0,0,3,39,0
2,4,2,15,6,2,1,5,2,0,9,0,3,39,1
2,2,1,15,6,2,3,0,4,1,0,0,6,39,1
0,4,1,15,6,4,14,1,4,0,0,0,2,39,0
0,4,0,15,6,4,1,3,4,0,0,0,2,39,0
1,4,0,0,3,4,3,1,4,1,0,0,5,39,0
6,6,0,11,5,2,5,0,4,1,0,4,6,39,1
0,4,1,15,6,4,6,3,4,1,0,0,1,39,0
2,1,0,15,6,2,1,0,4,1,0,0,3,39,0
5,4,2,11,5,2,12,0,4,1,0,0,3,39,1
0,4,1,3,0,4,7,1,4,1,0,0,2,26,0
4,4,1,15,6,2,13,0,4,1,0,0,4,39,1
0,4,0,9,8,4,4,3,4,1,0,0,3,39,0
6,5,1,11,5,0,4,1,2,1,0,0,3,39,0
4,4,1,11,5,2,3,0,2,1,0,0,3,39,0
2,6,1,0,3,2,8,5,4,0,0,0,3,39,0
5,4,1,11,5,2,3,0,4,1,0,0,3,39,0
3,4,1,15,6,0,12,4,4,0,0,0,3,39,0
2,4,0,9,8,4,12,3,1,1,0,3,3,35,0
3,2,0,12,8,0,10,4,4,0,0,0,4,39,0
4,4,1,11,5,6,10,4,4,0,0,0,3,39,0
1,4,1,11,5,4,7,1,4,0,0,0,3,39,0
7,0,0,11,5,6,0,1,4,0,0,0,0,39,0
1,4,1,15,6,4,12,1,4,1,0,0,4,39,1
2,4,1,15,6,2,14,0,4,1,0,0,3,39,0
4,0,0,2,4,2,0,5,2,0,0,0,3,39,1
7,0,0,6,2,6,0,4,4,0,0,0,2,39,0
4,4,0,15,6,2,3,0,4,1,0,0,5,39,0
3,4,1,15,6,2,10,0,4,1,0,0,3,39,0
4,6,0,11,5,2,12,0,4,1,0,0,5,39,0
2,6,1,15,6,0,5,1,4,1,0,0,3,39,0
3,4,0,9,8,2,10,0,4,1,0,0,4,39,1
3,4,0,11,5,4,14,3,4,1,0,0,3,39,0
0,4,1,11,5,2,1,2,4,0,0,0,3,39,0
2,6,1,12,8,2,10,0,4,1,0,0,3,39,0
5,5,0,11,5,2,3,0,4,1,0,0,3,39,1
1,4,1,9,8,2,4,0,4,1,0,0,3,39,0
2,4,2,7,7,4,13,1,2,1,1,0,3,9,1
4,7,0,12,8,3,4,4,4,0,0,0,4,39,1
2,4,0,15,6,0,12,1,4,0,0,0,3,39,0
6,6,0,11,5,2,12,0,4,1,0,0,3,39,0
1,1,0,7,7,4,10,1,4,0,0,0,3,39,0
3,4,0,11,5,2,7,0,1,1,0,0,3,0,1
4,4,1,1,4,4,8,1,2,0,0,0,3,39,0
4,4,1,11,5,2,3,0,4,1,0,0,1,39,0
4,1,1,9,8,2,10,0,4,1,0,0,5,39,1
4,4,0,15,6,0,10,1,4,0,0,0,3,39,0
0,4,0,15,6,4,8,3,4,0,0,0,1,39,0
3,4,0,15,6,4,8,3,2,0,0,5,3,39,0
0,4,1,11,5,4,6,3,4,1,0,0,3,39,0
2,2,1,9,8,2,10,0,4,1,0,0,3,39,0
2,6,1,11,5,2,10,0,4,1,0,0,5,39,1
5,4,0,11,5,0,8,1,2,0,0,0,3,39,0
4,4,0,11,5,2,1,0,4,1,0,0,5,39,0
6,4,1,11,5,2,1,0,4,1,0,0,3,39,0
3,4,2,7,7,2,7,0,4,1,0,0,3,39,0
0,4,0,15,6,4,4,3,4,0,0,0,3,39,0
1,7,0,15,6,2,11,0,4,1,0,0,3,39,0
5,4,0,9,8,2,12,0,4,1,0,0,3,39,0
1,5,0,6,2,4,3,3,4,1,0,0,3,39,0
4,4,1,15,6,2,8,0,4,1,0,0,3,39,0
0,4,0,1,4,4,12,3,4,0,0,0,1,39,0
1,2,1,11,5,2,11,0,4,1,0,0,3,39,1
2,4,0,8,6,4,14,3,4,1,0,0,3,39,0
6,4,1,15,6,2,4,0,4,1,0,0,1,39,0
3,4,1,11,5,2,3,0,4,1,0,0,3,39,0
1,4,2,9,8,4,8,1,4,1,0,0,3,39,0
1,4,0,7,7,4,6,1,4,1,0,0,4,39,0
8,6,0,5,2,4,5,1,4,1,0,0,2,39,0
1,6,0,15,6,4,3,1,4,1,0,3,3,39,0
0,4,1,11,5,4,4,3,4,1,0,0,3,39,0
1,0,1,15,6,0,0,1,4,0,0,0,2,39,0
4,4,1,5,2,2,14,0,4,1,0,3,5,39,0
5,2,1,11,5,0,8,4,4,0,0,0,3,39,0
3,4,1,11,5,0,4,1,4,1,0,0,4,39,0
3,4,0,11,5,2,5,0,2,1,0,0,3,39,0
1,4,1,11,5,2,4,0,4,1,0,0,5,39,0
3,0,1,6,2,2,0,5,1,0,0,0,3,17,0
1,4,2,11,5,4,10,3,4,1,0,0,3,39,0
2,4,2,11,5,2,3,0,4,1,0,0,3,39,0
1,4,1,11,5,3,7,3,1,1,0,0,3,30,0
2,4,1,11,5,2,3,0,4,1,0,0,3,39,0
1,4,1,11,5,3,11,1,4,1,0,0,3,39,0
6,4,0,11,5,2,4,0,4,1,0,0,3,39,1
1,4,0,9,8,4,13,1,4,1,0,0,3,39,0
5,4,2,15,6,2,13,0,4,1,0,4,1,39,1
2,4,1,9,8,2,10,0,4,1,0,0,4,39,0
4,7,0,12,8,2,10,0,4,1,0,0,6,39,1
3,6,0,11,5,2,4,0,4,1,0,0,5,39,0
3,4,1,9,8,2,12,0,4,1,0,0,3,39,0
1,4,0,15,6,4,8,1,4,1,0,0,2,39,0
4,2,0,12,8,2,10,0,4,1,0,0,8,39,1
3,1,2,1,4,6,1,1,4,0,0,0,3,39,0
3,7,0,12,8,4,10,1,4,0,0,0,6,39,0
1,4,1,15,6,4,13,1,4,1,0,0,3,39,0
2,7,1,15,6,0,1,1,4,0,0,0,3,39,0
3,7,1,15,6,4,1,4,4,0,0,0,3,39,0
2,7,2,11,5,2,1,0,4,1,0,0,3,39,0
0,7,1,15,6,4,8,3,4,0,0,0,1,39,0
5,0,0,11,5,2,0,0,4,1,0,0,0,39,0
0,4,1,15,6,4,1,3,4,0,0,0,1,39,0
4,2,1,7,7,5,1,1,2,0,0,0,3,39,0
1,4,1,11,5,2,6,0,4,1,0,0,3,39,0
4,4,0,11,5,0,14,1,4,1,0,0,3,39,0
4,7,1,12,8,2,10,0,4,1,0,4,6,39,1
3,4,1,11,5,2,3,0,2,1,0,0,3,39,0
3,2,0,15,6,0,1,4,2,0,0,0,3,39,0
3,6,0,15,6,2,4,0,4,1,0,0,6,39,0
2,4,1,11,5,2,7,0,4,1,0,0,3,39,0
8,4,1,9,8,6,10,1,4,0,0,0,1,39,0
0,4,0,15,6,4,10,1,4,0,0,0,2,39,0
0,4,1,1,4,4,6,1,4,1,0,0,3,26,0
1,4,3,11,5,2,8,5,4,0,0,0,2,39,0
3,4,0,12,8,4,10,1,4,1,0,0,6,39,0
1,4,1,9,8,4,13,3,4,0,0,0,1,39,0
0,4,1,8,6,4,1,3,4,0,0,0,3,39,0
0,4,0,9,8,4,4,3,4,1,0,0,4,39,0
0,4,1,7,7,4,6,3,4,1,0,0,3,39,0
6,4,0,3,0,6,7,4,4,0,0,0,4,32,0
4,6,1,10,9,0,12,1,4,1,0,0,6,39,0
2,4,1,11,5,0,7,1,1,0,0,0,3,30,0
2,1,1,11,5,0,10,4,4,0,0,0,3,39,0
4,4,0,12,8,2,10,0,4,1,0,0,3,2,1
0,0,0,15,6,4,0,2,0,0,0,0,3,39,0
2,6,0,9,8,2,7,0,4,1,0,0,7,39,1
1,2,2,9,8,2,10,0,4,1,0,0,2,8,0
0,4,1,8,6,2,3,0,4,1,0,0,4,39,0
3,4,1,6,2,5,8,1,4,1,0,0,3,39,0
3,0,2,12,8,2,0,0,4,1,0,0,5,39,0
5,4,0,11,5,6,12,4,4,0,0,0,3,39,0
1,4,0,11,5,2,7,0,4,1,0,0,4,39,0
1,1,2,11,5,4,14,3,4,1,0,0,3,39,0
2,4,1,11,5,2,14,0,4,1,0,0,7,39,1
1,4,1,15,6,2,4,0,2,1,0,0,3,39,0
3,0,0,11,5,0,0,4,2,0,0,0,3,39,0
0,4,0,11,5,4,9,4,3,0,0,0,3,13,0
6,6,0,9,8,2,12,0,4,1,0,0,3,39,1
2,4,1,9,8,0,8,1,4,0,0,0,3,39,0
1,4,0,0,3,2,14,0,4,1,0,0,5,39,0
0,4,1,11,5,4,12,4,4,1,0,0,4,39,0
1,4,1,15,6,2,4,0,4,1,0,0,3,5,1
0,4,3,15,6,4,8,3,2,1,0,0,8,39,0
2,6,1,11,5,2,5,0,4,1,0,0,4,39,0
3,4,0,1,4,0,1,4,4,0,0,0,1,39,0
2,4,1,12,8,2,10,0,4,1,0,0,3,39,1
2,4,4,9,8,2,10,0,4,1,0,0,3,39,1
2,4,1,3,0,6,8,2,4,0,0,0,1,26,0
2,6,0,5,2,4,3,3,4,1,0,0,3,39,0
2,6,1,3,0,3,3,1,4,1,0,0,3,26,0
5,4,1,12,8,2,10,0,4,1,0,0,3,39,1
2,4,1,1,4,2,7,0,4,1,0,0,3,39,0
2,4,0,8,6,2,3,0,4,1,0,0,3,39,1
0,4,2,11,5,4,3,3,4,1,0,0,3,39,0
0,4,0,15,6,4,8,1,4,0,0,0,2,39,0
4,4,0,9,8,2,3,0,4,1,0,0,3,39,1
0,4,1,9,8,4,4,1,4,0,0,0,3,39,0
0,4,1,11,5,4,6,1,4,1,0,0,3,39,0
0,4,1,15,6,4,12,3,2,0,0,0,2,39,0
1,4,1,12,8,2,4,0,4,1,0,0,4,11,0
2,4,0,11,5,2,3,0,4,1,0,0,3,39,0
0,4,2,0,3,4,5,3,4,1,0,0,3,39,0
3,4,1,7,7,2,14,0,4,1,0,0,3,39,0
4,5,2,10,9,2,10,0,4,1,9,0,6,39,1
1,4,1,9,8,4,12,1,4,0,0,0,1,39,0
1,5,0,15,6,2,4,5,1,0,0,0,7,35,0
2,7,0,9,8,0,10,1,4,1,0,4,4,39,0
3,4,0,9,8,0,12,1,1,1,0,0,3,3,0
2,4,2,11,5,2,7,0,3,1,0,0,3,26,0
3,2,0,12,8,4,10,1,4,0,0,0,3,39,0
6,8,1,15,6,2,1,5,4,0,0,0,1,39,0
2,4,2,2,4,0,3,3,4,1,0,0,3,39,0
1,6,0,7,7,4,8,3,4,1,0,0,6,39,0
2,4,0,8,6,0,4,1,4,1,0,0,4,39,0
5,4,0,11,5,6,1,1,4,0,0,0,3,39,0
5,0,1,11,5,2,0,0,4,1,0,0,6,39,0
6,0,1,5,2,2,0,0,4,1,0,0,5,39,0
0,4,0,6,2,4,3,3,4,1,0,0,3,39,0
1,4,1,11,5,0,14,1,4,1,0,0,4,39,0
0,4,1,11,5,4,7,3,2,0,0,0,3,39,0
3,6,0,11,5,2,5,0,4,1,0,0,6,39,0
4,4,0,11,5,2,3,0,4,1,0,0,3,39,0
4,4,1,1,4,2,6,0,2,1,0,0,3,39,0
2,0,3,11,5,4,0,1,4,0,0,0,0,39,0
4,0,0,15,6,2,0,0,4,1,0,0,1,39,0
3,4,0,1,4,4,7,1,2,0,0,0,3,39,0
6,4,0,15,6,2,1,0,4,1,0,0,3,39,1
2,2,1,9,8,2,12,0,1,1,0,0,3,30,1
1,4,1,9,8,4,10,3,4,1,0,0,2,39,0
0,4,1,6,2,4,14,1,4,1,0,0,5,39,0
2,4,1,12,8,4,1,1,2,0,0,0,3,39,0
2,4,0,15,6,0,4,4,4,0,0,0,4,39,0
2,4,1,12,8,2,4,5,4,0,0,0,3,39,0
3,1,0,9,8,6,4,4,4,0,0,0,3,39,1
6,2,0,11,5,2,8,0,4,1,0,0,3,39,1
5,2,0,12,8,2,4,0,4,1,0,0,5,39,0
1,0,3,15,6,2,0,0,4,1,0,0,1,26,0
0,4,0,1,4,4,12,3,4,0,0,0,1,39,0
1,4,0,15,6,4,1,3,4,0,0,0,3,39,0
5,0,0,3,0,3,0,4,0,1,0,0,3,39,0
0,4,1,12,8,4,9,1,4,0,0,0,4,0,0
1,4,3,9,8,4,1,1,4,1,0,0,3,39,0
5,4,1,15,6,2,10,0,4,1,0,0,3,39,1
4,4,0,11,5,2,7,0,4,1,0,0,3,39,0
1,4,1,9,8,4,10,1,3,0,0,3,3,39,0
7,7,0,11,5,6,1,1,4,0,0,0,3,39,0
1,4,1,11,5,2,14,0,4,1,0,0,6,39,0
4,4,1,10,9,2,10,0,4,1,0,0,3,20,1
0,4,0,9,8,4,1,3,4,1,0,0,3,39,0
5,4,1,5,2,2,7,0,4,1,0,0,3,39,0
1,4,1,7,7,2,3,0,4,1,0,0,4,39,0
3,4,1,11,5,5,8,4,2,0,0,0,1,39,0
3,4,0,11,5,2,12,0,4,1,0,0,5,39,1
3,4,0,15,6,2,11,0,4,1,0,0,3,39,0
4,0,1,15,6,2,0,5,4,0,0,0,1,39,0
1,4,0,9,8,2,4,0,4,1,0,0,5,39,0
1,0,0,9,8,4,0,3,2,0,0,0,3,11,0
2,4,2,15,6,2,12,0,2,1,0,0,6,39,0
3,2,1,15,6,2,11,0,2,1,0,0,9,39,0
1,4,0,11,5,4,6,1,2,1,0,0,3,39,0
3,4,1,11,5,2,7,5,2,0,0,0,3,0,0
1,7,2,12,8,2,10,0,1,1,0,0,1,36,0
2,4,5,11,5,0,8,4,4,0,0,0,3,39,0
0,4,0,5,2,4,12,3,4,1,0,0,0,39,0
1,4,1,11,5,4,1,3,4,0,0,0,3,39,0
3,4,1,15,6,2,3,0,4,1,0,0,3,39,0
4,4,0,11,5,0,14,1,4,1,0,0,9,39,0
0,4,4,1,4,4,12,3,4,1,0,0,1,39,0
2,4,1,7,7,2,10,0,4,1,0,0,3,39,0
1,4,0,11,5,2,14,0,4,1,0,0,3,39,0
5,6,1,15,6,2,12,0,4,1,0,0,4,39,0
5,6,1,11,5,0,3,1,4,1,0,0,3,39,0
1,4,2,1,4,2,8,2,4,1,0,0,2,39,0
3,2,0,12,8,2,4,0,4,1,0,4,4,39,1
4,6,1,11,5,2,14,0,4,1,0,0,4,39,1
3,4,1,7,7,5,1,4,4,1,0,0,3,39,0
5,4,0,11,5,2,12,0,4,1,0,0,3,39,0
2,0,2,8,6,2,0,0,4,1,0,0,5,39,1
2,4,2,5,2,2,3,0,4,1,0,0,3,39,0
1,4,0,11,5,2,12,0,4,1,0,0,3,39,0
2,2,1,8,6,2,11,0,2,1,0,0,3,39,0
3,4,1,11,5,2,3,0,4,1,0,0,3,39,0
0,4,0,7,7,4,12,3,4,0,0,0,2,39,0
3,4,1,11,5,2,3,0,3,1,0,0,3,26,0
3,5,1,12,8,4,10,1,4,0,0,0,3,39,0
4,4,1,1,4,0,8,1,4,0,0,0,3,39,0
1,4,3,4,1,4,3,1,4,1,0,0,3,26,0
2,4,0,15,6,4,8,3,4,1,0,0,4,39,0
0,4,0,11,5,4,1,3,2,1,0,0,3,39,0
2,1,1,15,6,2,3,0,4,1,0,0,3,39,0
8,4,0,5,2,6,9,4,4,0,0,0,2,39,0
6,4,0,9,8,2,4,0,4,1,1,0,3,39,1
4,4,0,7,7,2,10,0,4,1,0,0,4,39,0
1,4,1,9,8,4,10,3,4,0,0,0,3,39,0
5,6,0,7,7,2,5,5,4,0,0,0,3,39,0
1,4,1,1,4,2,6,3,4,1,0,0,3,39,0
5,4,1,1,4,5,1,4,2,0,0,0,3,39,0
2,4,1,12,8,2,4,0,4,1,0,0,4,39,1
0,4,0,2,4,4,8,3,4,1,0,0,0,39,0
7,0,0,11,5,2,0,0,4,1,0,0,2,39,0
7,4,1,15,6,2,14,0,4,1,0,0,1,39,0
4,5,1,0,3,2,12,0,4,1,0,0,4,39,0
0,4,0,6,2,4,8,3,4,0,0,0,1,39,0
9,6,0,9,8,2,10,0,4,1,1,0,5,39,0
1,4,1,0,3,2,14,0,4,1,0,0,3,39,0
2,4,1,9,8,2,1,0,4,1,0,0,2,39,0
4,2,0,8,6,0,1,4,4,0,0,0,5,39,0
1,4,1,15,6,4,1,1,4,0,0,0,4,0,0
1,4,1,15,6,2,10,0,4,1,0,0,6,39,0
1,4,1,15,6,0,13,1,4,0,0,0,3,39,0
2,2,0,8,6,2,13,0,4,1,0,0,3,39,0
3,4,0,12,8,2,10,0,4,1,1,0,5,39,1
5,4,1,11,5,2,3,0,4,1,0,3,4,39,1
2,4,0,9,8,0,4,4,4,0,0,0,3,2,0
0,4,0,11,5,4,10,1,4,0,0,0,3,39,0
0,4,2,7,7,4,8,3,4,1,0,0,2,4,0
0,7,0,15,6,4,1,3,4,0,0,0,2,39,0
1,2,1,12,8,2,10,5,4,0,0,0,1,39,1
4,6,1,5,2,2,3,0,4,1,0,0,3,22,0
1,4,2,11,5,5,7,4,4,0,0,5,3,39,0
0,4,1,7,7,4,12,3,4,0,0,0,3,39,0
4,7,1,11,5,5,8,1,4,0,0,0,3,39,0
3,5,0,14,9,2,10,0,4,1,9,0,6,39,1
5,4,1,11,5,2,3,0,4,1,0,0,4,39,0
0,4,1,11,5,4,3,1,4,1,0,0,6,39,0
3,5,0,11,5,2,5,0,4,1,0,0,5,39,0
5,6,0,15,6,3,10,1,2,1,0,0,5,39,0
2,4,0,8,6,2,11,0,4,1,0,0,3,39,0
1,4,1,15,6,4,8,3,4,0,0,0,2,39,0
0,7,0,9,8,4,10,1,4,0,0,0,3,39,0
3,4,0,11,5,2,14,0,4,1,0,0,3,39,0
3,2,1,15,6,2,3,0,4,1,0,0,3,39,0
1,4,0,9,8,2,1,5,2,0,0,0,3,39,1
0,0,1,15,6,4,0,3,4,1,0,0,0,39,0
1,5,1,9,8,4,1,1,4,0,0,0,3,39,0
2,4,1,11,5,4,1,1,4,0,0,0,3,39,0
0,4,0,9,8,4,4,1,4,1,0,0,4,39,0
4,5,0,9,8,6,12,4,4,1,0,0,6,39,1
6,4,1,9,8,2,3,0,4,1,0,0,5,39,1
6,6,0,11,5,6,1,2,4,0,0,0,2,39,0
5,2,0,10,9,0,10,1,4,0,0,3,3,39,0
4,6,0,4,1,4,13,1,1,0,0,0,1,39,0
1,4,0,7,7,2,13,5,4,0,0,0,3,39,0
3,4,2,9,8,4,1,1,4,0,0,3,1,39,0
0,4,2,11,5,4,12,1,4,1,0,0,2,39,0
5,2,1,12,8,0,10,4,4,0,0,0,4,39,0
4,4,0,0,3,2,14,0,4,1,0,0,3,39,1
2,4,0,11,5,4,6,1,4,1,0,0,3,39,0
1,4,2,2,4,2,14,0,4,1,0,0,3,26,0
4,4,0,9,8,2,10,0,4,1,0,0,5,39,1
3,4,1,15,6,2,14,0,4,1,0,0,3,39,0
2,4,1,7,7,0,12,4,2,0,0,0,4,39,0
3,6,1,11,5,5,4,2,4,1,0,0,3,39,0
2,4,1,9,8,2,4,0,2,1,0,0,3,9,1
0,4,2,8,6,0,13,1,4,1,0,0,6,39,0
4,4,0,15,6,2,8,0,4,1,0,0,5,39,1
2,1,0,14,9,4,10,1,1,0,9,0,5,2,1
6,4,0,7,7,0,4,1,4,1,0,0,3,39,1
3,4,1,11,5,2,1,0,4,1,0,0,4,39,1
1,4,2,6,2,2,8,0,4,1,0,0,3,26,0
0,4,2,11,5,4,3,4,4,0,0,0,3,26,0
1,6,1,15,6,4,10,1,4,0,0,0,0,26,0
3,2,0,12,8,2,10,0,2,1,0,0,3,39,1
0,4,0,15,6,4,7,3,4,0,0,0,4,39,0
3,4,1,11,5,0,1,4,4,0,0,3,4,39,0
6,4,0,15,6,6,13,4,4,0,0,0,3,39,0
3,4,0,7,7,0,10,1,4,0,0,0,5,39,0
6,4,1,11,5,6,8,1,4,0,0,0,1,39,0
5,4,0,2,4,2,8,5,4,0,0,0,2,39,0
1,4,0,15,6,4,4,1,4,1,0,3,6,39,0
0,4,2,11,5,4,3,1,4,1,0,0,3,39,0
4,4,1,7,7,2,4,0,4,1,0,0,3,39,0
0,4,0,11,5,4,3,3,4,1,0,0,4,39,0
1,4,0,8,6,2,3,0,4,1,0,0,3,39,0
3,4,1,10,9,2,10,0,4,1,0,0,5,39,1
0,2,1,15,6,4,1,3,4,0,0,3,2,39,0
0,4,1,15,6,4,13,3,4,0,0,0,1,39,0
1,4,0,11,5,4,1,1,4,0,0,0,3,39,0
2,0,1,15,6,2,0,0,1,1,0,0,3,30,1
1,4,1,12,8,2,10,0,4,1,0,0,4,39,0
0,4,2,0,3,4,8,2,4,1,0,0,3,26,0
3,4,0,9,8,2,4,0,4,1,0,4,5,39,1
0,4,1,15,6,4,3,3,4,1,0,0,1,39,0
0,4,1,15,6,2,4,5,4,0,0,0,2,39,0
3,6,2,9,8,2,4,0,4,1,0,4,7,39,1
2,4,0,9,8,4,10,1,4,1,0,0,4,39,0
6,0,1,0,3,0,0,1,4,0,0,0,1,39,0
0,4,3,11,5,2,10,3,4,1,0,0,3,26,1
2,6,0,7,7,0,12,1,4,1,0,0,6,39,0
2,4,0,11,5,0,7,1,4,1,0,0,3,39,0
0,4,1,2,4,4,6,3,0,1,0,0,3,39,0
3,7,1,11,5,2,8,0,2,1,0,0,3,39,1
7,6,1,15,6,2,3,0,2,1,0,3,3,39,0
5,4,0,11,5,2,7,0,4,1,0,0,3,39,0
5,4,1,11,5,2,12,0,4,1,0,0,5,39,0
3,6,1,11,5,2,6,0,4,1,0,5,3,39,0
1,4,1,9,8,4,14,3,4,1,0,0,1,39,0
8,2,0,11,5,6,8,4,0,0,0,0,3,39,0
2,7,1,11,5,0,14,4,4,0,0,0,3,39,0
2,4,1,15,6,0,1,1,4,0,0,0,3,39,0
2,6,0,11,5,0,3,1,4,1,0,0,6,39,1
5,4,0,9,8,6,8,1,4,0,0,0,3,39,0
1,6,0,15,6,4,4,1,4,1,0,0,6,39,1
0,4,1,15,6,4,1,3,4,1,0,0,3,39,0
3,4,2,11,5,4,4,1,4,0,0,0,5,39,0
4,4,1,11,5,2,7,0,4,1,0,0,3,39,1
2,4,1,15,6,2,6,0,2,1,0,0,5,39,0
1,4,0,15,6,4,1,3,4,0,0,0,3,39,0
6,2,0,12,8,5,10,1,4,0,0,0,5,0,0
0,4,1,11,5,4,8,1,4,0,0,0,2,39,0
3,4,1,9,8,4,4,1,4,0,0,0,3,39,0
0,4,0,3,0,4,5,1,4,1,0,0,3,26,0
2,7,1,12,8,4,10,3,4,0,0,0,2,39,0
2,6,2,15,6,2,3,0,4,1,0,0,3,39,0
4,0,0,11,5,4,0,1,2,1,0,0,3,39,0
2,4,2,8,6,2,3,0,4,1,0,0,5,39,0
5,4,1,15,6,4,1,3,4,0,0,0,3,39,0
3,4,0,11,5,2,3,0,4,1,0,0,5,39,0
6,2,0,12,8,0,10,1,4,0,0,0,7,39,0
1,2,1,9,8,2,10,5,4,0,0,0,3,39,1
5,6,1,1,4,2,5,0,4,1,0,0,3,39,0
2,4,1,9,8,2,10,0,4,1,0,0,4,39,1
2,4,0,9,8,2,4,0,4,1,0,0,3,39,1
0,4,0,11,5,2,3,0,4,1,0,0,3,39,0
0,4,1,11,5,4,6,3,4,1,0,0,4,39,0
4,7,0,9,8,2,10,0,4,1,0,0,4,39,1
1,4,1,11,5,4,4,3,2,0,0,0,3,23,0
3,4,1,15,6,2,13,0,4,1,0,0,3,39,1
2,4,1,7,7,0,3,1,4,1,0,0,5,39,0
7,4,1,6,2,6,3,1,4,1,0,0,0,0,0
4,4,1,9,8,2,4,0,4,1,0,0,5,39,0
4,2,1,11,5,2,4,0,4,1,0,0,3,39,1
4,6,0,10,9,2,10,0,4,1,0,0,3,39,1
1,4,0,4,1,2,6,0,4,1,0,0,5,26,0
3,4,0,0,3,0,7,4,4,0,0,0,3,39,0
4,4,1,14,9,2,10,0,4,1,0,0,6,39,1
1,2,0,9,8,4,3,1,4,1,0,0,3,39,1
1,4,1,15,6,4,6,4,2,1,0,0,3,39,0
2,4,0,11,5,5,1,4,4,1,0,0,3,39,0
2,7,0,11,5,5,8,4,4,0,0,0,3,39,0
0,4,1,8,6,4,7,3,4,1,0,0,3,39,0
0,4,1,15,6,4,8,3,4,1,0,0,3,39,0
2,6,1,15,6,2,3,0,4,1,0,0,6,39,1
5,4,1,15,6,2,10,0,4,1,0,0,4,39,0
1,4,1,15,6,2,12,5,2,0,0,0,3,39,0
3,4,1,8,6,2,4,5,4,0,0,0,3,39,1
0,4,1,4,1,4,6,2,4,1,0,0,2,16,0
0,4,1,15,6,5,12,4,4,0,0,0,4,39,0
0,4,2,8,6,2,3,0,4,1,0,0,4,39,0
3,4,1,4,1,2,8,0,4,1,0,0,3,8,0
5,5,0,0,3,2,3,0,4,1,0,0,3,39,0
3,4,1,9,8,2,13,0,4,1,0,0,4,39,1
1,7,1,7,7,4,1,3,2,0,0,0,4,39,0
1,4,1,0,3,2,3,0,4,1,0,0,3,39,0
2,4,1,11,5,2,14,0,4,1,0,0,6,39,0
5,4,1,15,6,2,6,0,4,1,0,0,3,39,0
4,1,0,11,5,2,1,0,2,1,0,0,3,39,1
3,4,1,9,8,2,13,0,4,1,0,0,3,39,1
4,4,1,9,8,2,1,0,4,1,0,0,4,0,1
3,4,0,11,5,0,4,3,4,1,0,0,3,39,0
2,2,0,11,5,6,8,4,4,0,0,0,3,39,0
2,6,0,11,5,4,5,1,4,1,0,0,8,39,0
0,2,1,15,6,2,11,0,4,1,0,0,7,39,1
4,6,2,8,6,0,4,1,4,0,0,0,5,39,0
1,6,0,15,6,2,4,0,4,1,0,0,2,39,0
5,7,0,7,7,0,1,3,1,1,0,0,3,39,0
0,0,1,11,5,6,0,3,4,1,0,0,3,39,0
5,4,1,9,8,2,12,0,4,1,0,4,3,39,1
1,4,0,15,6,2,12,0,4,1,0,0,5,11,0
5,4,1,15,6,5,1,4,4,1,0,0,3,39,0
0,4,0,11,5,4,6,3,4,1,0,0,3,39,0
2,4,0,11,5,2,3,0,4,1,0,0,3,39,0
1,6,1,11,5,2,3,0,4,1,0,0,6,39,0
2,4,1,11,5,4,12,1,4,0,0,0,4,39,0
5,7,1,12,8,2,10,0,4,1,0,0,5,39,0
0,4,0,11,5,4,1,1,4,1,0,0,3,39,0
2,6,0,11,5,2,4,0,4,1,0,0,3,39,0
0,4,1,9,8,4,10,3,4,1,0,0,3,39,0
1,4,2,12,8,2,10,0,1,1,0,0,0,35,0
0,4,1,9,8,4,10,3,4,0,0,0,1,39,0
4,4,1,15,6,2,3,0,4,1,0,0,3,39,1
0,4,3,15,6,4,1,3,4,0,0,0,3,39,0
3,4,0,11,5,2,12,0,4,1,0,0,4,39,1
2,0,1,11,5,0,0,4,4,0,0,0,2,39,0
0,4,1,11,5,4,12,3,4,0,0,0,2,39,0
1,6,1,11,5,2,8,0,2,1,0,0,6,39,1
6,4,0,9,8,6,10,1,4,0,0,0,2,39,0
3,4,1,15,6,0,3,4,4,1,0,0,3,39,0
3,4,0,12,8,2,10,0,4,1,0,0,3,39,1
2,4,0,9,8,2,8,5,1,0,0,0,2,39,1
3,4,1,9,8,0,7,4,3,0,0,0,3,33,0
3,4,0,11,5,5,3,4,2,0,0,0,3,0,0
3,4,1,1,4,6,8,1,4,0,0,0,2,8,0
3,0,1,11,5,5,0,4,4,1,0,0,3,39,0
2,4,1,1,4,4,7,4,4,0,0,0,3,39,0
0,4,0,15,6,4,14,1,4,1,0,0,6,39,0
2,2,2,9,8,2,4,0,2,1,0,0,5,39,1
0,4,0,15,6,4,6,3,2,1,0,0,3,39,0
6,4,0,11,5,4,7,1,4,1,0,0,3,39,0
2,4,1,9,8,2,4,0,4,1,0,0,4,39,1
0,4,1,15,6,4,1,3,4,1,0,0,3,39,0
3,4,1,0,3,2,7,0,4,1,0,0,3,39,0
3,4,1,9,8,2,4,0,4,1,0,0,3,39,1
1,4,0,15,6,5,1,4,4,0,0,0,1,39,0
3,7,0,9,8,5,10,1,4,0,0,0,3,39,0
0,0,0,15,6,4,0,2,4,0,0,0,2,39,0
0,4,0,9,8,4,10,1,4,0,0,0,6,39,0
4,2,0,9,8,4,10,3,4,0,0,0,3,39,1
2,4,1,15,6,4,3,3,4,1,0,0,3,39,0
0,4,2,15,6,4,12,3,4,1,0,0,2,39,0
2,4,2,11,5,2,4,0,4,1,0,0,5,39,0
3,4,1,15,6,2,4,0,4,1,0,0,5,39,1
1,6,2,15,6,4,3,1,4,1,0,0,4,39,0
4,4,1,11,5,0,8,4,4,0,0,0,3,33,0
2,4,0,9,8,4,12,1,4,1,0,0,4,0,1
3,4,1,11,5,2,7,0,4,1,0,0,4,39,1
5,4,1,8,6,4,3,1,4,1,0,0,3,39,1
5,2,1,12,8,4,10,1,4,0,0,0,4,39,0
3,7,0,15,6,0,1,1,2,0,0,3,3,39,0
3,4,2,11,5,4,8,3,4,1,0,0,2,39,0
1,4,1,11,5,0,1,1,4,1,0,0,3,39,0
3,4,1,9,8,0,1,1,4,0,0,0,3,39,0
0,4,0,15,6,4,11,1,4,1,0,0,1,39,0
1,4,0,15,6,4,13,3,4,1,0,0,1,39,0
1,4,0,11,5,4,6,3,2,1,0,0,2,39,0
5,6,0,15,6,0,12,1,4,0,0,0,3,39,0
2,4,1,11,5,2,14,0,0,1,0,0,3,39,0
3,4,1,15,6,4,13,4,1,0,0,0,3,30,0
3,6,1,15,6,2,5,0,4,1,0,0,9,39,0
2,1,0,12,8,2,10,0,4,1,0,0,3,39,1
0,0,0,1,4,4,0,3,4,0,0,0,1,39,0
0,4,1,1,4,4,8,2,4,1,0,0,2,39,0
5,4,0,15,6,4,8,1,4,0,0,0,3,39,0
1,4,0,11,5,0,14,1,4,1,0,0,7,39,0
0,4,1,11,5,0,12,1,4,1,0,0,3,39,0
1,4,1,11,5,4,7,3,4,1,0,0,3,39,0
1,4,0,1,4,0,4,4,4,0,0,0,3,39,0
2,4,0,11,5,2,3,0,4,1,0,0,3,39,0
3,1,0,9,8,2,1,5,1,0,0,0,3,30,1
0,4,0,11,5,4,12,3,4,1,0,0,3,39,0
6,4,1,9,8,2,12,0,4,1,0,0,3,39,0
4,4,2,11,5,2,12,0,4,1,0,0,3,39,0
6,4,1,13,0,4,7,1,4,1,0,0,0,39,0
3,4,1,14,9,0,10,1,4,0,0,0,3,39,1
1,4,1,9,8,2,12,0,4,1,0,0,5,39,1
1,4,1,9,8,2,3,0,4,1,0,0,3,2,0
7,4,0,14,9,6,1,1,2,0,0,0,1,39,0
4,4,1,15,6,2,7,0,4,1,0,0,4,39,0
2,4,2,5,2,2,3,0,4,1,0,0,3,33,0
2,4,1,0,3,2,8,0,1,1,0,0,6,19,0
3,4,1,11,5,2,4,0,4,1,0,0,4,39,1
3,4,0,11,5,4,14,1,0,1,0,0,3,39,0
2,4,1,11,5,2,8,5,4,0,0,0,3,39,1
2,2,0,11,5,2,8,5,4,0,0,3,3,39,0
3,4,1,11,5,0,7,1,2,0,0,0,7,39,0
7,4,1,1,4,2,14,0,4,1,0,0,3,39,0
4,4,0,11,5,2,14,0,4,1,0,0,6,39,0
0,4,0,9,8,4,1,3,4,0,0,0,3,39,0
1,4,0,11,5,2,7,5,4,0,0,0,3,6,0
2,2,0,11,5,2,11,0,4,1,0,0,5,39,1
3,4,1,15,6,2,12,0,4,1,0,0,3,39,1
5,2,1,15,6,2,3,0,4,1,0,0,3,39,0
1,2,0,12,8,4,1,1,4,0,0,0,3,39,0
2,4,0,9,8,2,10,5,1,0,0,0,3,30,1
2,4,2,12,8,4,10,1,4,0,0,3,3,39,0
0,4,2,11,5,4,12,3,4,1,0,0,3,6,0
3,6,0,11,5,4,5,1,4,1,0,0,7,39,0
0,4,2,11,5,2,6,0,2,1,0,0,3,0,0
4,6,0,1,4,2,5,0,4,1,0,0,5,39,1
3,4,1,11,5,0,1,3,4,0,0,0,4,39,0
4,4,0,11,5,2,14,0,4,1,0,0,4,39,0
4,6,0,12,8,2,12,0,4,1,0,0,4,39,1
0,4,1,5,2,4,7,3,2,0,0,0,3,6,0
3,4,0,12,8,2,4,0,4,1,0,0,5,39,1
2,4,2,11,5,0,3,4,4,0,0,0,4,39,0
0,4,0,6,2,4,12,3,4,0,0,0,3,39,0
0,4,1,15,6,4,3,3,4,1,0,3,2,39,0
7,2,0,15,6,4,10,2,4,0,0,0,1,39,0
1,4,2,9,8,4,4,1,4,0,0,0,3,39,0
4,4,1,14,9,4,10,1,4,0,0,5,5,39,1
1,4,1,9,8,4,4,1,4,0,0,0,3,39,0
2,6,0,9,8,2,3,0,4,1,0,0,3,39,0
0,0,0,15,6,4,0,3,1,0,0,0,1,35,0
4,5,0,15,6,2,4,0,4,1,1,0,5,39,1
3,6,1,15,6,4,10,1,4,1,0,0,3,39,0
0,4,2,2,4,4,1,4,4,1,0,0,3,39,0
6,0,0,12,8,2,0,5,4,0,0,0,3,39,0
4,4,0,5,2,2,5,0,4,1,0,0,4,39,0
3,4,1,9,8,2,10,0,4,1,0,0,4,39,1
3,7,1,7,7,0,10,1,4,0,0,0,3,39,0
3,6,1,11,5,4,4,1,4,1,0,0,6,39,0
0,4,0,11,5,4,14,3,2,1,0,0,3,39,0
1,6,1,9,8,4,12,1,4,1,0,0,5,39,0
3,4,2,6,2,0,3,1,4,1,0,0,3,39,0
5,2,0,11,5,6,14,1,4,0,0,0,3,39,0
0,4,0,11,5,0,8,4,4,0,0,0,2,39,0
0,4,0,15,6,3,12,4,3,0,0,0,2,7,0
5,4,0,15,6,4,1,1,4,0,0,0,3,2,0
5,6,0,12,8,2,4,0,4,1,0,0,3,39,0
0,4,0,11,5,4,8,3,4,0,0,0,1,39,0
1,4,0,9,8,4,7,4,2,0,0,0,3,39,0
1,4,2,8,6,2,3,0,4,1,0,0,3,39,1
1,4,2,11,5,0,11,1,4,1,0,0,3,39,0
0,4,1,15,6,4,8,3,4,1,0,0,1,39,0
4,4,2,9,8,2,10,0,4,1,0,0,3,39,0
2,4,2,7,7,4,3,3,2,0,0,0,3,39,0
0,4,1,0,3,4,1,1,4,0,0,0,3,39,0
0,4,0,1,4,4,8,3,4,0,0,0,1,39,0
3,4,1,11,5,3,3,4,4,0,0,0,3,39,0
1,4,1,15,6,2,14,0,4,1,0,0,3,39,0
3,7,0,11,5,2,3,0,4,1,0,0,3,39,0
3,6,0,15,6,0,3,1,4,1,0,0,3,39,0
3,4,2,11,5,4,1,4,2,0,0,0,3,39,0
0,4,0,15,6,4,12,3,4,0,0,0,1,39,0
0,4,1,11,5,4,1,3,4,1,0,0,3,39,0
2,4,0,11,5,4,3,3,4,1,0,0,3,39,0
3,4,0,11,5,2,3,0,4,1,0,0,3,39,0
4,4,0,15,6,2,3,0,4,1,0,0,3,39,1
4,2,1,11,5,2,11,0,4,1,0,0,5,39,0
1,4,0,15,6,4,3,3,4,1,0,0,3,39,0
0,4,1,15,6,4,6,1,4,1,0,0,2,39,0
6,4,0,6,2,0,8,1,4,1,0,0,3,39,0
4,4,0,15,6,2,3,0,4,1,0,0,3,39,1
3,4,0,15,6,4,4,1,4,0,0,0,5,39,0
5,4,0,15,6,2,12,0,4,1,0,0,4,39,0
2,4,1,11,5,2,1,0,4,1,0,0,5,39,1
5,4,0,11,5,2,4,0,4,1,0,0,6,39,1
4,1,1,11,5,2,14,0,2,1,0,0,3,39,1
6,6,0,5,2,2,5,0,4,1,0,0,5,39,0
2,4,0,11,5,2,7,0,4,1,0,0,6,39,1
6,4,1,1,4,0,14,1,4,1,0,0,7,39,0
0,0,0,2,4,4,0,3,4,1,0,0,3,39,0
3,4,1,11,5,2,8,0,4,1,0,0,3,39,0
1,1,0,9,8,4,1,1,4,0,0,0,3,39,0
5,4,2,11,5,2,12,0,4,1,0,0,3,39,1
4,2,2,7,7,2,11,0,4,1,0,0,3,39,1
3,7,0,12,8,2,4,0,4,1,0,0,3,39,1
0,4,1,2,4,4,8,3,4,1,0,0,1,39,0
5,4,2,9,8,6,7,4,4,0,0,0,3,0,0
2,4,1,1,4,2,3,0,4,1,0,0,3,39,0
1,7,2,15,6,4,11,1,4,1,0,0,3,39,0
1,4,2,15,6,4,10,1,2,1,0,0,3,39,0
0,2,2,9,8,4,10,1,4,0,0,0,3,39,0
5,2,0,11,5,2,8,0,4,1,0,0,3,39,0
6,4,1,8,6,2,4,0,4,1,0,0,5,39,1
4,2,0,9,8,2,10,0,4,1,0,0,3,39,0
5,4,0,8,6,2,3,0,4,1,0,0,4,39,1
2,6,1,11,5,2,5,0,4,1,0,0,9,39,0
1,4,2,15,6,4,1,1,4,0,0,0,5,39,0
1,6,0,11,5,2,5,0,4,1,0,0,3,39,0
3,4,0,11,5,0,8,1,3,0,0,0,3,6,0
4,4,0,9,8,0,3,1,4,0,0,0,5,39,0
1,6,1,5,2,2,5,0,4,1,0,0,3,26,0
5,0,1,5,2,0,0,4,4,0,0,0,3,39,0
3,4,2,11,5,2,12,0,4,1,0,0,3,39,0
2,4,1,14,9,5,10,1,4,1,0,0,3,39,1
3,5,0,11,5,0,3,4,4,1,0,0,6,39,0
3,5,0,15,6,2,5,0,4,1,0,0,5,39,0
5,4,1,15,6,0,3,4,4,0,0,0,4,39,0
3,4,1,11,5,0,13,1,4,0,0,0,3,39,0
5,4,1,6,2,5,7,4,4,0,0,0,3,26,0
2,4,0,9,8,2,12,0,4,1,0,0,3,39,1
5,4,0,2,4,0,7,1,4,0,0,0,3,22,0
3,7,0,14,9,2,10,0,4,1,0,4,7,39,1
1,4,1,11,5,4,7,3,3,1,0,0,5,33,0
0,4,1,9,8,4,10,1,4,1,0,0,3,39,0
4,4,0,7,7,2,7,0,4,1,0,0,5,39,1
1,4,0,14,9,4,10,3,1,1,0,0,3,39,0
2,4,1,15,6,2,4,0,4,1,0,0,5,11,0
2,4,0,11,5,2,6,0,4,1,0,0,3,39,1
6,5,0,12,8,6,4,4,4,0,0,0,9,39,0
3,4,1,1,4,2,1,0,4,1,0,0,3,39,1
4,6,1,7,7,2,12,0,4,1,0,0,2,39,1
0,4,0,7,7,4,4,1,4,1,0,0,1,39,0
0,4,0,15,6,4,8,3,4,1,0,0,1,39,0
3,4,1,9,8,4,12,1,4,1,0,0,4,39,1
2,6,0,11,5,2,3,0,4,1,0,0,3,39,0
5,1,1,11,5,6,7,4,4,0,0,0,3,39,0
3,4,1,15,6,0,3,4,4,1,0,0,3,39,0
2,4,1,15,6,2,3,0,4,1,0,0,4,39,1
1,4,0,2,4,2,7,2,3,1,0,0,3,7,0
3,4,1,15,6,2,3,0,4,1,0,0,3,39,1
0,4,0,15,6,4,12,3,1,0,0,0,1,30,0
2,4,1,11,5,0,3,4,4,1,0,0,3,39,0
3,2,0,7,7,0,11,1,4,0,0,0,5,39,1
3,4,1,11,5,4,1,4,4,0,0,0,3,39,0
1,6,1,9,8,4,1,1,2,0,0,0,1,39,0
2,4,2,9,8,4,1,2,2,0,0,0,3,39,0
3,4,0,8,6,0,13,1,4,0,0,0,3,39,0
4,7,0,11,5,2,11,0,4,1,0,0,3,39,0
4,4,1,1,4,0,8,4,4,0,0,0,3,39,0
2,4,1,11,5,2,1,5,3,0,0,0,1,39,0
4,6,1,9,8,2,12,0,1,1,0,5,3,3,1
0,4,0,0,3,4,12,3,4,1,0,0,1,39,0
3,4,4,9,8,2,10,0,4,1,0,0,5,39,1
2,2,2,9,8,4,10,1,4,0,0,0,3,39,0
3,4,0,2,4,3,14,1,2,1,0,0,4,0,0
2,4,1,7,7,4,10,1,4,0,0,0,3,39,0
5,4,0,9,8,2,1,0,4,1,0,0,3,39,1
5,7,0,10,9,0,10,4,4,0,0,0,5,39,0
0,4,1,11,5,4,8,3,2,1,0,0,3,39,0
3,2,2,12,8,2,10,5,4,0,0,0,3,39,1
4,4,0,8,6,2,8,0,4,1,0,0,5,39,0
1,4,0,15,6,5,6,1,2,1,0,0,3,39,0
1,4,1,11,5,2,7,0,4,1,0,0,3,39,0
2,4,1,15,6,2,3,0,4,1,0,0,3,39,0
1,0,2,11,5,2,0,2,4,1,0,0,1,39,0
3,5,2,12,8,2,4,0,4,1,0,0,6,39,1
1,4,0,15,6,0,10,1,4,1,0,0,3,39,0
2,4,2,9,8,4,4,1,4,1,0,0,5,39,0
0,4,0,11,5,0,8,4,4,0,0,0,8,39,0
2,2,1,7,7,2,4,0,4,1,0,0,3,10,1
0,4,0,1,4,0,8,4,4,0,0,0,3,39,0
6,0,1,15,6,2,0,0,4,1,0,0,2,39,1
3,4,1,5,2,2,8,0,4,1,0,0,3,0,0
1,4,1,15,6,4,11,1,4,1,0,0,3,39,0
3,4,0,11,5,2,1,5,4,0,0,0,3,39,1
0,4,1,15,6,4,7,1,4,1,0,0,3,39,0
1,4,0,8,6,4,12,4,4,0,0,0,5,0,0
3,4,3,11,5,5,6,4,4,0,0,0,5,29,0
0,4,0,15,6,4,12,3,4,0,0,0,2,39,0
6,6,0,9,8,2,1,0,4,1,0,0,0,39,0
1,4,1,11,5,2,3,0,4,1,0,0,3,39,0
0,4,1,11,5,4,7,3,2,0,0,0,3,39,0
4,4,0,11,5,2,4,0,4,1,0,0,3,39,0
0,4,1,15,6,4,1,3,4,0,0,0,3,39,0
6,0,1,11,5,0,0,4,4,0,0,0,3,39,0
3,7,0,11,5,2,3,0,4,1,0,0,3,39,1
4,5,1,11,5,2,3,0,4,1,0,0,3,39,0
2,4,0,9,8,4,10,1,4,0,0,0,5,39,0
0,4,0,0,3,4,6,3,4,1,0,0,2,39,0
6,4,1,11,5,6,7,1,4,0,0,0,3,39,0
1,4,0,9,8,6,4,1,4,0,0,0,5,39,0
0,4,1,1,4,4,8,3,4,0,0,0,1,39,0
2,4,1,9,8,4,3,3,4,1,0,0,3,39,0
4,2,1,12,8,0,11,1,2,1,0,0,5,39,1
6,4,1,11,5,5,7,1,2,1,0,0,3,39,0
1,6,1,15,6,0,7,1,4,1,0,0,4,39,0
1,1,2,9,8,4,10,1,4,1,0,0,5,39,0
3,4,0,9,8,2,4,0,4,1,0,0,3,39,1
1,4,0,8,6,4,1,3,4,0,0,0,3,39,0
3,4,1,11,5,2,3,0,4,1,0,0,4,39,1
2,4,1,11,5,2,7,0,4,1,0,0,4,39,1
3,4,1,7,7,2,1,5,4,0,0,0,2,39,1
3,4,1,8,6,2,10,0,4,1,0,0,2,39,1
1,6,1,11,5,2,14,0,4,1,0,0,4,39,0
8,0,0,9,8,6,0,1,4,1,0,0,0,39,0
1,4,1,9,8,2,12,0,4,1,0,0,2,0,0
0,0,0,11,5,4,0,1,4,1,0,0,3,39,0
2,4,1,11,5,2,7,0,1,1,0,0,3,25,0
2,4,1,11,5,2,7,0,4,1,0,0,3,39,0
2,4,2,3,0,2,7,0,4,1,0,0,3,26,0
3,4,2,11,5,0,3,3,4,1,0,0,3,39,0
0,4,2,15,6,4,1,3,4,0,0,0,3,39,0
4,2,1,9,8,2,3,0,4,1,0,0,5,39,1
2,7,1,15,6,2,8,0,4,1,0,0,3,39,0
2,4,0,15,6,4,8,1,4,1,0,3,3,39,0
2,6,0,11,5,2,3,0,4,1,0,0,9,39,0
4,4,0,11,5,2,3,0,4,1,0,0,3,39,0
2,5,0,15,6,2,4,0,4,1,0,0,5,39,1
6,5,1,11,5,2,4,0,4,1,0,0,3,39,1
3,4,1,11,5,4,7,4,2,0,0,0,3,39,0
6,2,1,9,8,3,10,1,4,1,0,0,3,39,0
1,4,0,11,5,0,14,1,4,1,0,0,3,39,0
2,4,0,9,8,2,5,0,4,1,0,0,5,39,0
2,4,0,12,8,4,4,3,4,1,0,0,3,39,0
3,4,2,11,5,0,1,4,2,1,0,0,3,39,0
1,4,2,11,5,2,3,0,4,1,0,0,3,39,0
4,4,1,15,6,2,4,0,4,1,0,0,4,39,0
2,4,1,15,6,2,10,5,4,0,0,0,3,39,1
2,1,2,8,6,4,13,3,2,1,0,0,3,39,0
1,0,0,9,8,2,0,5,4,0,0,0,2,39,0
0,7,1,15,6,4,1,1,4,1,0,0,1,39,0
1,0,0,9,8,3,0,1,4,1,0,0,5,39,0
3,5,1,11,5,2,4,0,4,1,0,0,3,39,0
2,4,0,11,5,2,3,0,4,1,0,0,3,39,0
1,4,0,0,3,4,8,3,2,0,0,0,2,39,0
6,4,1,6,2,6,8,4,2,0,0,0,2,39,0
4,4,1,11,5,2,10,5,4,0,0,0,0,39,0
1,4,1,11,5,2,3,0,4,1,0,0,3,39,0
3,4,0,11,5,0,3,1,4,0,0,0,3,39,0
2,2,0,11,5,0,1,4,4,0,0,0,3,39,0
3,5,1,15,6,2,12,0,4,1,0,0,5,39,1
3,0,1,11,5,2,0,0,2,1,0,0,3,39,0
1,0,1,11,5,5,0,4,4,0,0,0,3,26,0
4,4,0,2,4,4,8,1,3,0,0,0,3,39,0
3,7,1,9,8,0,11,1,4,0,0,0,3,39,0
0,6,0,11,5,4,1,3,1,0,0,0,2,39,0
5,4,1,9,8,2,4,0,4,1,0,4,5,39,1
1,4,1,11,5,2,3,0,4,1,0,0,3,39,0
3,4,3,14,9,2,10,0,4,1,9,0,6,39,1
3,4,0,11,5,0,8,1,4,0,0,0,3,39,0
4,4,1,11,5,2,4,0,4,1,0,0,5,39,1
3,2,1,9,8,2,3,0,4,1,0,0,3,39,0
2,4,0,9,8,2,10,0,4,1,0,0,5,39,1
2,4,1,11,5,2,4,0,4,1,0,0,5,39,0
0,0,1,15,6,4,0,3,4,0,0,3,3,39,0
1,5,2,12,8,2,4,0,4,1,1,0,6,0,1
4,4,1,9,8,0,9,1,4,0,0,0,4,11,0
2,4,1,11,5,4,6,1,4,1,0,0,3,39,0
1,4,0,9,8,4,4,1,4,0,0,0,3,39,0
5,4,2,11,5,6,1,1,4,0,0,0,3,39,0
2,4,0,11,5,2,1,5,4,0,0,0,3,39,1
7,0,0,14,9,2,0,0,4,1,0,0,3,39,1
2,5,1,12,8,2,1,0,4,1,0,0,5,39,0
3,4,1,11,5,0,4,4,4,0,0,0,4,39,0
2,7,2,12,8,4,10,1,4,1,0,0,6,39,0
5,4,1,15,6,2,12,0,4,1,0,0,5,39,0
0,4,2,8,6,4,1,1,4,0,0,0,3,39,0
1,4,0,11,5,0,10,1,4,0,0,0,3,39,0
1,4,0,9,8,2,10,0,4,1,0,0,6,39,1
3,4,1,12,8,2,10,0,4,1,0,0,3,39,1
1,4,0,7,7,2,1,5,1,0,0,0,3,19,1
3,4,1,9,8,2,10,0,4,1,0,4,3,39,1
7,4,0,9,8,2,11,0,4,1,0,0,1,39,0
3,4,1,11,5,2,14,0,4,1,0,0,3,39,0
3,4,2,14,9,4,10,1,4,0,1,0,3,39,1
4,4,1,9,8,2,12,0,4,1,0,0,4,39,1
0,4,1,15,6,4,1,1,4,0,0,0,3,39,0
6,4,1,6,2,2,3,0,4,1,0,0,3,39,0
5,4,0,11,5,4,12,4,4,0,0,0,3,39,0
0,4,1,15,6,4,12,3,4,0,0,3,2,39,0
3,7,0,15,6,0,1,4,2,0,0,0,3,39,0
0,4,1,9,8,4,4,1,4,1,0,0,4,39,0
1,4,0,9,8,2,12,0,4,1,0,0,3,39,1
4,4,2,11,5,2,7,0,4,1,0,0,3,39,0
1,4,1,9,8,4,10,3,4,0,0,0,3,39,0
2,4,1,9,8,2,12,0,4,1,0,0,6,39,1
3,4,0,15,6,0,12,4,4,0,0,0,5,39,1
7,4,0,11,5,6,4,1,4,0,0,0,3,39,0
0,6,2,1,4,2,3,3,4,1,0,4,5,39,0
3,2,1,15,6,2,11,0,4,1,0,0,3,39,1
1,4,1,8,6,2,13,0,4,1,0,0,7,39,1
1,2,1,15,6,4,11,3,4,1,0,0,4,39,0
0,4,0,1,4,4,12,3,4,0,0,0,3,39,0
6,5,0,9,8,2,4,0,4,1,0,5,7,39,1
3,4,2,11,5,2,14,0,4,1,0,4,7,2,1
2,7,0,14,9,4,10,1,4,1,0,0,3,39,0
0,4,0,15,6,5,12,4,4,0,0,0,3,39,0
3,6,0,11,5,2,3,0,4,1,0,0,3,39,1
2,6,1,9,8,2,3,0,4,1,0,0,5,39,0
2,5,0,7,7,2,10,0,4,1,0,0,7,39,0
0,4,1,11,5,4,4,3,4,0,0,0,3,39,0
4,1,1,11,5,0,10,1,4,1,0,3,3,39,0
5,4,1,11,5,0,1,4,4,0,0,0,4,39,0
4,4,1,14,9,2,10,5,4,0,0,0,2,39,1
5,6,0,11,5,2,8,0,4,1,0,4,6,39,1
0,4,0,1,4,4,3,3,4,1,0,0,1,39,0
7,0,1,11,5,6,0,1,4,0,0,0,2,39,0
2,4,0,9,8,2,3,0,4,1,0,0,5,39,1
1,4,0,11,5,2,7,0,4,1,0,0,3,39,1
1,4,1,1,4,2,5,0,4,1,0,0,3,39,0
1,4,2,8,6,4,3,4,0,1,0,0,3,39,0
0,4,1,15,6,4,12,3,4,0,0,0,1,39,0
1,7,0,12,8,4,4,1,4,1,0,0,3,39,0
1,4,1,9,8,4,11,3,4,0,0,0,3,39,0
4,5,0,1,4,6,4,1,4,0,0,0,2,39,0
3,4,1,15,6,2,14,0,4,1,0,0,3,39,0
3,6,0,15,6,2,7,0,4,1,0,0,3,39,1
3,4,1,9,8,0,1,1,4,0,0,0,3,39,0
2,4,1,9,8,4,1,1,4,0,0,0,3,39,0
2,4,1,11,5,2,12,0,4,1,0,0,4,39,0
2,4,1,8,6,3,10,4,4,0,0,0,4,39,0
6,4,0,0,3,2,6,0,4,1,0,0,2,39,1
0,1,1,11,5,4,1,1,4,0,0,0,3,39,0
6,0,0,11,5,2,0,0,4,1,0,0,0,39,0
2,2,0,12,8,5,10,4,4,0,0,0,3,39,0
3,4,1,12,8,2,1,0,4,1,0,0,3,39,0
2,4,1,9,8,0,4,1,4,1,0,0,3,39,0
1,4,0,11,5,4,14,1,4,1,0,0,3,39,0
1,6,2,15,6,2,8,0,4,1,0,0,3,39,0
0,4,0,11,5,2,8,5,2,0,0,0,1,39,0
1,4,0,15,6,4,1,3,4,0,0,0,3,39,0
1,4,0,15,6,4,1,1,4,0,0,0,3,39,0
2,4,1,15,6,2,1,0,2,1,0,0,3,39,1
1,4,1,12,8,2,10,0,4,1,0,0,3,39,0
7,7,1,11,5,2,8,0,4,1,0,0,1,39,0
8,4,0,5,2,2,6,0,4,1,0,0,0,39,0
3,4,0,14,9,0,10,1,4,1,0,0,4,39,1
5,2,0,11,5,2,3,0,4,1,0,0,3,39,1
1,4,0,9,8,2,4,0,4,1,0,0,4,39,1
3,1,0,9,8,2,13,0,4,1,0,0,2,39,0
2,4,2,11,5,0,3,1,4,1,0,0,3,39,0
3,4,0,14,9,2,10,5,4,0,0,0,6,39,1
1,4,2,6,2,2,3,0,3,1,0,0,3,26,0
0,0,1,1,4,4,0,3,2,1,0,0,1,39,0
3,4,0,12,8,4,4,1,4,1,2,0,5,39,1
0,4,1,11,5,4,6,3,4,1,0,0,1,39,0
4,5,1,12,8,2,10,0,4,1,0,0,5,39,1
1,4,1,4,1,4,9,1,4,0,0,0,6,9,0
1,4,1,5,2,2,3,0,4,1,0,0,6,39,0
3,7,0,15,6,2,1,5,1,0,0,0,3,39,1
3,4,1,11,5,2,7,0,4,1,0,0,5,39,0
0,4,0,15,6,4,1,3,4,0,0,0,3,39,0
2,4,0,15,6,0,14,1,4,1,0,0,3,39,0
1,4,2,15,6,2,4,0,4,1,0,0,4,11,1
0,4,1,11,5,4,8,1,4,1,0,0,3,39,0
3,4,1,11,5,0,14,1,4,1,0,0,5,39,0
1,4,1,11,5,4,6,3,2,0,0,0,3,39,0
3,4,2,10,9,2,10,0,1,1,0,4,4,17,1
1,4,0,11,5,4,3,1,4,1,0,0,3,21,0
2,4,0,9,8,2,10,0,4,1,0,0,6,39,0
5,4,1,11,5,2,12,0,4,1,0,0,3,39,0
4,2,0,9,8,0,10,4,4,0,0,0,3,39,1
5,4,0,15,6,4,12,1,2,1,0,0,4,39,0
4,6,1,11,5,2,3,0,4,1,0,0,3,39,1
3,4,2,15,6,4,8,1,4,1,0,0,3,39,0
1,7,0,15,6,4,8,3,4,0,0,0,3,39,0
3,1,0,15,6,2,10,0,4,1,0,0,3,39,1
2,4,2,12,8,2,10,0,4,1,0,0,3,39,1
5,7,2,14,9,2,10,0,4,1,0,0,3,39,1
7,0,0,15,6,6,0,1,4,0,0,0,2,39,0
2,0,0,8,6,2,0,5,4,0,0,0,0,39,0
1,4,0,11,5,2,1,3,0,0,0,0,3,39,0
4,4,0,9,8,2,4,0,4,1,0,0,6,39,1
0,0,1,11,5,2,0,2,4,0,0,0,3,39,0
2,4,0,15,6,0,4,1,4,0,0,0,3,39,0
3,6,2,15,6,2,10,5,4,0,0,0,3,39,1
2,4,1,11,5,4,7,1,2,1,0,0,3,39,0
2,4,1,11,5,0,3,4,4,1,0,0,3,39,0
4,4,0,14,9,2,10,5,4,0,0,4,6,16,1
0,0,1,11,5,4,0,4,2,0,0,0,2,39,0
0,0,0,6,2,4,0,3,4,1,0,0,4,39,0
0,1,1,15,6,4,1,1,4,0,0,0,3,39,0
0,4,1,11,5,4,12,1,4,0,0,0,3,39,0
0,4,3,6,2,4,8,4,4,1,0,0,3,26,0
3,4,1,1,4,0,4,4,4,0,0,0,3,39,0
0,4,0,11,5,4,1,1,4,0,0,0,3,39,0
0,4,1,15,6,4,12,1,4,0,0,0,2,39,0
3,7,2,12,8,4,1,1,2,1,0,0,3,39,0
6,5,0,11,5,2,12,0,4,1,0,0,5,39,1
0,4,1,11,5,4,6,3,4,1,0,0,3,39,0
3,4,0,7,7,2,12,0,4,1,0,0,4,39,1
5,4,0,11,5,2,3,0,4,1,0,0,3,39,0
6,4,1,15,6,0,1,4,4,0,0,0,2,39,0
4,1,0,9,8,2,4,0,4,1,0,0,3,39,0
2,4,0,15,6,2,12,0,4,1,0,0,3,39,0
6,2,1,4,1,0,8,1,4,0,0,0,4,0,0
0,4,2,11,5,4,6,2,4,1,0,0,5,39,0
0,4,1,2,4,4,1,3,4,0,0,0,3,26,0
3,4,0,15,6,0,6,1,0,0,0,0,8,39,0
0,4,0,7,7,4,6,1,2,1,0,6,3,0,1
4,4,0,11,5,2,13,5,4,0,0,0,3,39,0
5,0,0,15,6,4,0,1,2,0,0,0,3,39,0
6,4,0,0,3,6,5,4,4,0,0,0,5,39,0
2,2,1,12,8,4,10,1,4,0,0,0,5,39,0
3,5,1,2,4,2,3,0,4,1,0,0,4,0,0
3,4,0,4,1,2,8,0,1,1,0,0,3,30,0
2,4,1,8,6,2,3,0,4,1,0,0,3,39,1
1,4,1,11,5,4,4,3,4,0,0,0,3,39,0
0,4,0,6,2,4,8,3,1,1,0,0,1,30,0
5,6,0,9,8,2,4,0,4,1,0,0,3,39,1
4,4,0,9,8,0,1,1,4,1,0,0,3,39,0
1,4,2,8,6,4,12,1,4,1,0,0,5,39,0
6,2,0,5,2,2,8,0,4,1,0,0,5,39,0
1,4,0,15,6,2,13,0,4,1,0,0,3,39,0
1,4,1,11,5,4,7,1,4,1,0,0,5,39,0
3,4,1,12,8,2,4,0,4,1,0,0,5,39,1
1,4,0,9,8,2,4,0,4,1,0,0,3,39,0
4,6,0,14,9,2,10,0,4,1,0,0,5,39,1
0,0,1,15,6,4,0,1,4,0,0,0,2,39,0
6,0,0,11,5,6,0,2,4,0,0,0,2,39,0
2,4,1,11,5,2,13,5,4,0,0,0,3,39,0
1,2,1,11,5,4,11,1,4,1,0,0,3,39,0
3,4,0,11,5,4,8,1,4,1,0,0,2,39,0
3,4,4,11,5,2,8,0,2,1,0,0,3,39,0
5,4,1,11,5,0,7,1,4,1,0,0,3,39,0
6,0,1,9,8,2,0,0,4,1,1,0,3,39,1
2,4,0,11,5,4,4,1,4,1,0,5,7,39,0
5,4,0,11,5,2,8,2,1,1,0,0,3,30,0
1,4,2,11,5,4,8,2,2,0,0,0,3,39,0
3,4,1,7,7,2,13,5,4,0,0,0,4,39,0
4,4,0,11,5,2,5,0,4,1,0,0,3,39,0
4,4,2,8,6,3,10,1,4,1,0,0,3,39,0
4,1,1,12,8,4,4,1,4,1,0,0,5,39,1
4,6,1,15,6,0,4,4,1,0,0,0,3,0,0
2,4,1,11,5,2,3,0,4,1,0,3,3,39,0
3,4,0,12,8,0,4,1,4,0,0,0,5,39,1
6,4,0,15,6,2,1,0,4,1,0,0,6,39,1
2,4,0,9,8,2,8,5,4,0,0,0,2,31,0
0,4,0,11,5,4,14,4,4,1,0,0,5,39,0
1,4,1,11,5,4,7,1,4,0,0,0,3,39,0
0,5,2,9,8,4,5,1,4,1,0,0,3,39,0
0,4,0,15,6,4,4,1,4,0,0,0,5,39,0
1,2,1,15,6,4,1,4,2,0,0,0,3,39,0
0,0,1,0,3,4,0,4,4,0,0,0,2,39,0
0,0,1,15,6,2,0,5,4,0,0,0,3,39,0
2,4,1,15,6,2,13,0,4,1,0,0,4,39,0
4,4,1,11,5,2,1,0,4,1,0,0,3,39,0
3,4,1,11,5,2,3,0,4,1,0,4,3,39,0
2,4,1,9,8,2,1,0,4,1,0,0,5,39,1
1,4,2,11,5,2,3,0,4,1,0,0,3,39,0
2,4,1,9,8,6,10,1,4,0,0,0,5,39,0
0,4,2,0,3,4,8,3,4,1,0,0,3,39,0
0,0,1,11,5,4,0,1,4,0,0,0,3,39,0
1,4,1,11,5,2,4,2,4,0,0,0,3,39,0
5,4,0,12,8,2,4,0,4,1,0,4,5,39,1
5,4,1,9,8,2,1,0,4,1,0,0,4,39,1
3,4,0,9,8,2,10,5,4,0,0,0,0,39,1
0,1,2,9,8,4,10,1,4,1,0,0,3,39,0
3,4,1,15,6,5,4,1,4,1,0,0,6,2,0
3,4,1,15,6,2,6,0,4,1,0,0,3,11,1
1,4,9,15,6,0,4,4,4,0,0,0,2,39,0
4,4,1,0,3,5,4,1,2,1,0,0,9,39,0
6,4,1,12,8,0,10,1,4,0,0,0,4,39,0
5,4,0,3,0,2,6,0,4,1,0,0,3,22,0
1,0,0,15,6,0,0,1,4,0,0,0,2,39,0
4,4,0,9,8,2,4,0,4,1,0,0,6,39,1
4,2,1,11,5,2,4,5,2,0,0,0,3,39,1
0,4,0,1,4,4,8,3,4,1,0,0,0,39,0
2,4,1,15,6,2,3,0,4,1,0,0,7,39,1
0,4,1,15,6,4,13,1,4,1,0,0,4,39,0
3,1,1,12,8,2,4,0,4,1,0,4,3,39,1
0,4,0,9,8,4,12,1,4,0,0,0,4,39,0
4,4,0,11,5,2,14,0,4,1,0,4,3,39,1
0,1,1,9,8,4,13,3,4,0,0,0,3,0,0
0,4,0,1,4,4,12,3,2,0,0,0,0,39,0
6,4,0,11,5,0,5,1,4,1,0,0,2,39,0
2,2,0,15,6,2,8,0,4,1,0,0,3,39,0
3,4,0,9,8,2,8,5,4,0,0,0,3,33,0
2,4,0,11,5,0,8,4,4,0,0,0,7,39,0
1,4,2,15,6,2,5,0,4,1,0,0,3,39,0
2,6,2,5,2,2,3,0,4,1,0,0,3,39,0
4,4,0,11,5,0,3,1,4,1,0,0,3,39,0
2,4,0,11,5,4,8,3,4,1,0,0,4,39,0
0,4,1,15,6,4,1,3,4,1,0,0,0,39,0
7,4,0,11,5,2,8,0,4,1,0,0,1,39,0
1,4,1,1,4,4,8,1,2,0,0,0,3,23,0
2,0,0,15,6,2,0,5,2,0,0,0,2,39,0
3,2,1,1,4,2,8,0,4,1,0,0,3,39,0
1,4,1,15,6,4,6,2,2,1,0,0,3,0,0
4,4,1,15,6,4,4,1,4,0,0,0,5,39,0
5,4,0,11,5,2,6,0,4,1,0,0,3,39,1
3,4,0,9,8,6,4,4,4,0,0,0,3,39,0
2,4,1,9,8,2,14,0,4,1,0,0,3,39,0
1,6,0,9,8,4,11,3,4,1,0,0,3,39,0
0,4,3,11,5,4,8,3,2,1,0,0,3,39,0
4,4,0,11,5,5,10,4,4,0,0,1,6,39,0
3,4,0,6,2,4,14,1,4,1,0,0,4,39,0
0,4,0,15,6,4,8,3,4,0,0,0,2,39,0
1,2,1,9,8,4,10,1,4,0,0,0,3,39,0
5,4,1,8,6,2,10,0,4,1,0,0,3,39,0
6,2,1,6,2,0,11,1,2,1,0,0,2,39,0
1,4,0,11,5,2,10,0,4,1,0,0,3,39,1
2,4,0,15,6,4,14,4,4,0,0,0,1,33,0
1,4,0,7,7,0,13,3,4,0,0,3,2,39,0
0,4,0,1,4,4,9,3,4,0,0,0,2,39,0
3,4,2,15,6,2,4,0,4,1,1,0,5,39,1
1,4,1,11,5,2,6,0,4,1,0,0,3,39,0
5,4,2,10,9,2,10,0,4,1,0,0,5,39,0
6,4,1,8,6,0,4,1,4,0,0,0,3,39,0
0,4,1,11,5,2,11,0,4,1,0,0,3,39,0
3,4,1,7,7,2,12,0,4,1,0,0,1,39,0
0,4,1,15,6,4,1,2,4,1,0,0,2,27,0
4,4,1,11,5,0,12,1,4,0,0,0,4,39,0
6,5,1,11,5,2,4,0,4,1,0,0,1,39,1
4,4,1,9,8,2,12,0,2,1,0,0,3,39,1
2,4,1,15,6,2,4,5,4,0,0,4,3,39,1
4,4,0,11,5,2,1,5,4,0,0,0,1,39,0
3,4,0,11,5,0,14,1,4,1,0,0,3,39,0
0,4,1,11,5,4,6,3,0,1,0,0,3,39,0
2,4,1,15,6,3,10,3,2,0,0,0,3,39,0
4,4,0,11,5,0,7,1,2,1,1,0,3,39,1
1,4,2,2,4,2,5,3,4,1,0,0,5,39,0
3,4,1,15,6,0,4,1,4,0,0,0,3,39,0
0,4,1,15,6,4,12,3,4,0,0,0,1,39,0
3,4,2,15,6,0,3,1,4,1,0,0,3,39,0
4,4,1,12,8,2,4,0,4,1,0,4,3,39,1
4,7,0,12,8,2,4,0,4,1,1,0,3,39,1
5,6,2,12,8,2,12,0,4,1,0,0,5,39,1
3,4,2,15,6,2,1,5,4,0,0,0,3,39,1
5,6,0,15,6,2,3,0,4,1,0,0,2,39,0
0,4,1,8,6,4,1,1,4,0,0,0,3,39,0
3,2,2,11,5,2,14,0,4,1,0,0,3,39,1
4,4,0,12,8,2,10,0,4,1,1,0,3,39,1
1,4,0,8,6,4,10,1,4,0,0,4,3,2,0
5,4,1,12,8,0,10,1,4,0,0,0,3,39,0
0,4,0,9,8,5,4,1,4,0,0,0,3,39,0
9,4,0,12,8,4,4,3,4,0,0,0,3,39,0
1,4,2,11,5,2,3,0,4,1,0,0,6,39,0
1,4,1,9,8,2,4,0,4,1,0,0,3,39,1
5,4,1,11,5,5,7,1,4,1,0,0,3,5,0
4,6,0,12,8,4,10,1,4,0,0,0,5,39,0
4,7,1,15,6,0,4,1,4,0,0,0,3,39,0
3,4,1,9,8,2,12,0,4,1,0,4,4,39,1
4,6,1,9,8,0,10,1,4,0,0,0,6,39,0
3,1,1,12,8,2,13,0,1,1,0,4,3,30,1
2,5,0,12,8,2,10,0,1,1,0,0,3,19,1
2,2,1,7,7,2,6,0,4,1,0,0,3,39,0
4,4,0,12,8,2,4,0,4,1,0,0,3,39,1
4,2,0,12,8,2,10,0,4,1,0,0,4,39,1
6,0,1,15,6,2,0,5,4,0,0,5,3,39,0
1,4,0,15,6,4,8,1,4,0,0,0,2,39,0
3,4,0,15,6,2,4,0,4,1,0,0,3,39,0
3,4,0,15,6,3,3,4,4,1,0,0,3,39,1
5,2,1,9,8,2,10,0,4,1,0,0,5,39,0
0,7,1,15,6,4,1,4,2,0,0,0,3,39,0
0,4,0,15,6,4,10,3,4,0,0,0,1,39,0
1,4,1,15,6,2,13,0,4,1,0,0,3,39,0
4,4,2,15,6,2,13,0,2,1,0,0,3,39,1
3,6,1,11,5,0,3,1,4,1,0,0,3,39,0
3,4,0,12,8,4,13,1,4,1,0,0,3,39,1
7,0,0,11,5,6,0,1,4,0,0,0,1,39,0
3,4,1,10,9,5,4,4,4,1,0,0,3,39,1
3,6,0,8,6,6,10,4,4,0,0,0,3,39,0
2,4,2,8,6,0,3,1,4,1,0,0,3,39,0
4,5,1,15,6,2,12,0,4,1,0,0,6,39,1
4,4,1,11,5,6,12,1,4,0,0,5,7,39,1
1,4,2,14,9,4,10,1,4,0,0,0,1,39,0
1,4,1,1,4,2,3,0,4,1,0,0,5,39,0
2,4,0,15,6,4,12,2,2,1,0,0,2,39,0
0,4,0,15,6,4,12,3,4,0,0,0,1,39,0
4,2,0,9,8,2,10,5,4,0,0,0,4,39,0
4,2,0,9,8,0,10,4,4,0,0,0,5,10,0
6,2,0,12,8,2,4,0,4,1,0,0,6,39,1
3,7,0,12,8,2,10,0,4,1,0,0,6,39,1
2,4,1,11,5,2,14,0,4,1,0,0,3,39,0
3,4,1,9,8,2,12,0,4,1,0,0,5,39,1
4,4,2,11,5,2,14,0,2,1,0,0,6,39,0
1,5,3,9,8,4,10,1,4,1,0,0,4,39,1
3,4,1,10,9,2,1,0,4,1,0,0,5,39,1
6,4,0,11,5,2,1,5,4,0,0,0,0,39,0
2,4,1,11,5,2,1,0,4,1,0,0,5,39,1
2,2,1,9,8,3,10,1,4,0,0,0,3,39,0
0,4,0,11,5,4,8,3,4,0,0,0,1,39,0
3,4,0,11,5,0,7,1,2,0,0,0,3,39,0
6,4,1,15,6,2,4,0,4,1,0,0,3,39,0
1,4,0,9,8,2,10,0,4,1,0,0,3,39,0
4,2,0,9,8,2,4,0,4,1,0,0,3,39,1
1,4,0,11,5,2,12,0,4,1,0,0,4,39,0
3,4,1,11,5,2,7,0,4,1,0,0,5,39,1
4,4,1,11,5,6,13,4,2,0,0,0,3,39,0
0,4,1,11,5,4,3,3,4,1,0,0,3,39,0
2,4,1,12,8,2,4,0,4,1,0,0,5,39,1
1,4,1,11,5,0,1,3,4,0,0,0,3,39,0
0,4,1,9,8,4,10,3,4,1,0,0,3,39,0
0,4,2,11,5,0,9,4,4,0,0,0,3,39,0
3,4,1,12,8,2,4,0,4,1,0,0,4,39,1
1,6,1,11,5,0,4,1,4,0,0,0,3,39,0
2,1,2,10,9,2,10,0,4,1,0,4,3,39,1
3,4,0,15,6,2,12,0,4,1,0,0,4,39,1
5,6,1,12,8,2,10,0,4,1,0,0,5,39,1
0,4,2,11,5,4,3,3,2,1,0,0,3,39,0
3,4,2,9,8,2,12,0,4,1,0,0,5,39,1
0,4,0,11,5,4,7,3,4,1,0,0,3,39,0
3,2,0,9,8,6,1,1,4,0,0,0,3,39,0
3,4,0,9,8,2,10,0,4,1,0,0,3,39,1
1,4,0,9,8,2,4,0,4,1,0,0,4,39,1
1,4,1,11,5,4,12,3,4,1,0,0,3,39,0
3,4,1,9,8,0,7,1,4,1,0,3,3,0,0
2,4,0,15,6,2,3,0,4,1,0,0,5,39,0
4,1,1,11,5,2,7,0,4,1,0,0,3,39,1
3,4,1,11,5,0,1,4,4,0,0,0,3,39,0
1,4,2,15,6,2,1,5,2,0,0,0,3,39,1
0,4,3,11,5,4,1,3,4,0,0,0,3,26,0
3,6,3,4,1,2,5,0,4,1,0,0,3,26,0
2,4,1,11,5,2,6,0,2,1,0,0,3,39,0
0,6,1,11,5,4,5,3,4,1,0,0,1,39,0
1,4,1,15,6,5,5,3,4,1,0,0,3,39,0
2,4,1,9,8,2,4,0,4,1,0,4,3,39,1
3,4,0,12,8,0,10,1,4,0,0,4,3,39,0
0,4,0,9,8,4,12,3,4,0,0,0,3,39,0
2,4,1,11,5,0,8,4,2,0,0,0,3,0,0
0,4,1,15,6,4,12,3,4,1,0,0,1,39,0
5,2,0,15,6,0,1,1,4,0,0,0,3,39,0
2,4,0,15,6,2,1,5,4,0,0,0,1,39,1
2,4,0,11,5,2,14,0,4,1,0,0,6,39,1
0,4,0,15,6,4,7,3,1,1,0,0,2,39,0
1,4,0,15,6,4,5,3,4,1,0,0,4,39,0
1,4,0,7,7,4,1,1,1,0,0,0,3,39,0
1,2,0,9,8,4,10,1,4,0,0,0,3,39,0
2,4,0,10,9,4,10,1,4,1,0,0,3,9,0
3,4,1,12,8,2,10,0,4,1,0,4,5,39,1
4,7,1,12,8,2,10,0,4,1,1,0,3,39,1
3,1,0,15,6,4,1,2,4,1,0,0,3,39,0
4,4,1,15,6,2,10,0,4,1,0,0,3,39,0
2,6,0,12,8,4,10,1,4,1,0,0,3,39,1
6,4,3,9,8,2,12,0,4,1,0,0,1,39,1
1,6,0,11,5,4,5,1,4,1,0,0,4,39,0
1,0,1,15,6,2,0,5,4,0,0,0,0,39,0
4,4,0,11,5,2,4,0,4,1,0,0,3,39,1
3,4,1,14,9,0,10,1,4,1,0,0,5,39,1
1,4,0,11,5,4,8,3,2,0,0,0,3,39,0
2,4,1,12,8,4,10,1,4,0,0,0,3,39,1
3,4,1,7,7,0,3,3,4,1,0,0,3,39,0
3,5,1,11,5,2,4,0,4,1,1,0,5,39,1
1,4,1,13,0,4,5,1,4,1,0,0,3,26,0
1,4,1,12,8,4,10,1,1,1,0,0,1,19,0
3,4,0,15,6,0,3,4,2,0,0,0,2,39,0
0,4,1,11,5,4,1,3,4,0,0,0,3,39,0
4,4,1,12,8,0,10,1,4,0,0,0,3,39,1
0,4,0,11,5,4,8,3,4,0,0,0,2,39,0
2,4,0,11,5,0,10,1,4,1,0,0,4,39,0
4,5,1,9,8,2,4,0,1,1,0,0,5,24,1
3,4,0,15,6,0,14,3,4,1,0,0,5,39,0
0,4,1,15,6,4,8,3,4,0,0,0,2,39,0
1,4,1,9,8,4,4,1,4,0,0,3,5,39,1
3,7,0,11,5,0,3,4,4,1,0,0,3,39,0
4,4,0,11,5,2,3,0,4,1,0,0,3,39,0
3,4,1,11,5,0,1,4,2,0,0,0,4,39,0
0,4,0,11,5,0,3,1,4,1,0,0,3,39,0
2,0,0,15,6,2,0,0,4,1,0,0,1,39,0
3,4,1,15,6,0,1,3,2,0,0,0,3,39,0
0,4,1,4,1,4,6,4,4,1,0,0,2,13,0
0,0,0,15,6,4,0,1,4,1,0,0,3,39,0
4,2,0,12,8,2,10,0,4,1,0,0,6,39,0
1,4,1,9,8,4,8,1,4,0,0,0,5,39,0
1,4,0,15,6,4,1,4,2,0,0,0,3,39,0
5,4,2,11,5,0,7,1,4,0,0,0,3,39,0
1,0,0,11,5,2,0,3,4,0,0,0,1,39,0
4,4,1,9,8,4,4,4,4,0,0,0,3,39,0
3,4,0,11,5,4,7,1,4,0,0,0,3,39,0
1,4,2,15,6,2,3,0,4,1,0,0,7,39,0
2,7,0,9,8,2,10,5,4,0,0,3,3,39,0
2,4,1,1,4,2,4,0,4,1,0,0,5,39,0
5,4,1,0,3,0,7,1,4,0,0,0,3,39,0
5,7,1,11,5,2,8,0,4,1,0,0,3,39,0
3,7,2,14,9,0,10,4,4,0,0,0,3,39,0
5,4,1,3,0,0,3,1,3,1,0,0,3,6,0
4,4,1,9,8,0,6,1,4,1,0,0,4,39,0
2,6,0,8,6,2,13,0,4,1,0,0,6,39,0
3,4,2,9,8,4,12,1,4,1,0,0,5,39,0
3,4,1,8,6,0,3,1,4,1,0,0,3,39,0
0,4,0,1,4,4,8,2,4,0,0,0,1,39,0
3,6,1,15,6,2,3,0,4,1,0,0,1,39,0
2,4,0,12,8,4,4,1,4,0,0,0,4,39,1
2,1,0,14,9,2,10,0,4,1,0,0,3,39,1
5,2,0,10,9,2,4,0,4,1,0,0,6,39,1
1,4,1,15,6,4,13,3,4,1,0,0,1,26,0
0,4,0,11,5,4,14,4,2,1,0,0,3,39,0
4,6,1,4,1,2,3,0,4,1,0,0,3,39,0
0,4,1,15,6,4,12,1,4,1,0,0,3,39,0
2,4,0,11,5,0,12,1,4,1,0,0,5,39,0
1,4,0,15,6,4,12,3,4,0,0,0,3,39,0
1,4,1,11,5,0,3,1,4,1,0,0,3,39,0
5,2,1,11,5,2,11,0,4,1,0,0,3,39,0
0,4,0,11,5,4,12,1,4,0,0,0,3,39,0
6,4,0,5,2,2,3,0,4,1,0,0,2,39,0
1,4,1,9,8,2,4,0,4,1,0,0,7,39,0
2,4,0,15,6,4,12,1,1,1,0,0,2,35,0
0,4,1,11,5,4,12,1,4,1,0,0,4,39,0
3,4,0,11,5,2,6,0,4,1,0,0,3,39,1
2,4,0,15,6,2,12,0,4,1,0,0,6,39,1
3,4,1,11,5,5,6,4,4,1,0,0,3,31,0
0,4,0,0,3,4,8,3,4,0,0,0,2,39,0
2,4,1,15,6,0,3,4,4,0,0,0,3,39,0
4,2,0,11,5,2,11,0,4,1,0,0,6,39,1
1,1,0,11,5,0,1,1,4,1,0,0,5,39,0
0,0,1,1,4,2,0,5,3,0,0,0,2,39,0
0,4,1,15,6,4,1,3,4,1,0,0,3,39,0
4,6,1,15,6,2,3,0,4,1,0,0,3,39,0
1,6,1,12,8,4,10,3,4,1,0,0,3,39,0
3,4,1,15,6,0,12,4,4,0,0,0,3,5,0
0,4,1,15,6,4,11,3,4,1,0,0,0,39,0
1,4,0,9,8,4,1,3,4,0,0,0,3,39,0
2,4,1,1,4,0,8,1,4,0,0,0,3,39,0
3,4,1,11,5,2,6,0,2,1,0,0,3,39,0
0,4,1,11,5,4,6,1,4,1,0,0,4,39,0
6,4,1,11,5,2,3,0,4,1,0,0,5,39,0
4,4,0,11,5,2,13,0,4,1,0,0,3,39,1
3,4,1,9,8,2,6,0,4,1,0,0,3,39,0
3,4,2,15,6,2,4,0,4,1,0,0,3,39,0
2,4,1,15,6,2,12,0,4,1,0,0,2,39,0
2,2,2,7,7,0,11,1,4,1,0,0,5,39,0
1,4,1,15,6,5,12,2,2,1,0,0,2,39,0
3,2,2,2,4,2,6,0,4,1,0,0,3,39,0
2,4,0,15,6,2,13,0,4,1,0,0,3,39,1
2,2,0,12,8,4,10,1,4,0,0,0,3,39,0
5,4,0,15,6,2,3,0,4,1,0,0,3,39,0
4,4,0,12,8,2,4,0,4,1,1,0,5,39,1
0,4,0,11,5,4,7,3,4,0,0,0,3,39,0
2,6,2,11,5,2,14,0,4,1,0,0,2,39,0
1,4,1,14,9,4,13,1,4,1,0,0,5,39,0
4,4,1,15,6,2,1,0,4,1,0,0,3,39,1
1,4,0,15,6,0,8,1,4,0,0,0,2,39,0
1,4,0,11,5,2,3,0,4,1,0,0,3,39,0
0,1,0,11,5,4,1,2,4,1,0,0,1,39,0
0,4,1,15,6,4,8,3,4,1,0,0,1,39,0
1,4,1,9,8,4,12,3,4,0,0,0,1,39,0
3,4,0,11,5,4,8,1,2,1,0,0,3,14,0
0,4,1,11,5,4,12,1,4,0,0,0,3,39,0
1,4,6,2,4,4,14,3,2,1,0,0,3,39,0
1,4,0,15,6,4,1,2,4,0,0,0,3,39,0
6,1,2,11,5,0,10,1,4,0,0,8,3,39,0
3,4,0,15,6,0,10,1,4,1,0,0,3,39,0
2,4,2,9,8,4,4,4,4,0,0,0,3,39,0
0,4,0,11,5,4,6,3,4,1,0,0,3,39,0
0,4,0,11,5,2,12,0,4,1,0,0,5,39,0
6,4,1,11,5,2,12,5,4,0,0,0,3,39,0
3,4,0,9,8,2,4,0,4,1,0,0,3,39,1
0,4,1,11,5,4,8,3,4,1,0,0,1,39,0
2,4,1,8,6,2,1,0,4,1,0,0,3,39,0
4,4,0,12,8,2,4,0,4,1,9,0,5,39,1
3,6,1,11,5,2,3,0,4,1,0,0,1,39,0
0,4,1,15,6,4,8,3,4,1,0,3,2,39,0
3,6,1,1,4,5,8,4,4,0,0,0,2,39,0
1,4,1,9,8,4,10,3,4,0,0,0,7,39,0
3,5,1,9,8,2,12,0,4,1,0,0,5,39,0
6,0,1,5,2,0,0,1,4,1,0,0,0,39,0
5,6,1,15,6,2,4,0,4,1,0,0,3,4,0
0,7,0,15,6,2,10,0,4,1,0,0,2,39,0
3,4,1,12,8,2,10,0,4,1,0,0,3,39,1
4,6,0,9,8,2,12,0,4,1,0,4,3,39,1
3,4,1,9,8,2,12,0,4,1,0,0,3,39,1
1,4,0,11,5,0,5,1,1,1,0,0,3,30,0
4,4,1,15,6,6,1,4,4,0,0,0,4,39,0
1,4,1,1,4,5,3,3,4,1,0,0,3,39,0
2,4,2,2,4,4,1,4,4,0,0,0,3,39,0
1,4,0,9,8,2,13,0,4,1,0,0,3,39,1
6,4,1,11,5,2,3,0,4,1,0,0,3,39,0
1,4,1,9,8,4,12,1,4,0,0,0,3,39,0
1,1,2,11,5,2,1,0,2,1,0,0,5,39,0
2,4,0,9,8,4,1,3,4,1,0,0,3,39,0
0,4,1,1,4,4,8,2,4,1,0,0,1,39,0
3,2,1,12,8,2,4,0,4,1,0,0,5,39,1
2,4,0,1,4,4,14,1,4,1,0,0,6,39,1
4,4,1,11,5,2,12,0,4,1,0,0,4,39,0
5,2,0,15,6,2,5,0,4,1,0,0,3,39,0
3,4,1,11,5,0,3,3,4,1,0,0,3,39,0
3,4,1,8,6,5,12,4,4,0,0,0,4,39,0
1,4,1,9,8,4,10,3,4,0,0,0,3,39,0
2,4,0,11,5,2,1,5,4,0,0,4,1,39,1
4,2,1,14,9,2,10,5,4,0,0,4,6,39,1
3,6,1,9,8,2,3,0,4,1,0,0,1,39,0
1,2,0,9,8,4,10,1,0,0,0,0,4,39,0
3,6,1,14,9,2,10,0,4,1,0,0,3,39,1
3,1,1,9,8,0,10,1,4,1,0,0,3,39,0
1,4,1,15,6,4,8,1,4,1,0,0,1,39,0
2,4,1,11,5,0,13,3,4,1,0,0,4,39,0
2,4,0,9,8,2,7,0,4,1,0,0,5,39,1
2,4,0,15,6,2,6,0,4,1,0,0,3,39,0
5,4,1,15,6,2,4,0,4,1,0,0,3,39,0
4,7,0,11,5,0,1,4,4,1,0,0,3,39,0
2,6,0,11,5,2,4,0,4,1,0,0,5,39,0
5,2,1,15,6,2,10,0,4,1,0,0,3,39,1
0,4,2,11,5,4,12,4,4,1,0,0,1,39,0
0,4,0,15,6,3,8,1,4,0,0,0,5,39,0
1,4,0,15,6,4,3,3,0,1,0,0,3,39,0
9,4,1,9,8,2,4,0,4,1,0,0,4,39,0
6,6,1,15,6,4,12,1,4,0,0,0,1,39,0
6,0,1,11,5,2,0,0,4,1,0,0,1,39,0
0,4,1,15,6,4,12,3,4,1,0,0,3,39,0
3,4,0,15,6,0,1,4,4,0,0,0,3,39,0
1,4,1,0,3,4,7,1,4,0,0,0,3,4,0
1,4,2,11,5,4,3,1,4,1,0,0,3,39,0
1,4,0,8,6,2,4,5,2,0,0,0,4,39,0
0,4,1,7,7,0,8,1,4,0,0,0,2,39,0
3,4,0,11,5,2,14,0,4,1,0,0,3,39,1
4,4,0,11,5,0,8,1,4,0,0,0,3,39,0
0,4,1,15,6,2,8,0,4,1,0,0,2,39,0
2,4,0,15,6,0,3,4,4,1,0,0,3,39,0
5,4,1,15,6,2,3,0,4,1,0,0,4,39,0
6,6,2,8,6,2,5,0,4,1,0,0,5,39,0
1,4,0,15,6,4,8,1,4,0,0,0,3,39,0
0,4,2,11,5,4,12,1,4,1,0,0,3,39,0
1,4,0,3,0,4,8,2,4,1,0,0,2,8,0
3,6,1,11,5,2,3,0,4,1,0,0,3,39,0
3,4,0,11,5,2,3,0,4,1,0,0,3,39,0
2,4,2,12,8,4,10,1,4,0,0,0,3,39,0
0,7,0,15,6,4,1,3,4,0,0,0,0,39,0
0,4,1,1,4,4,3,3,4,1,0,0,1,39,0
8,4,0,11,5,6,12,4,4,0,0,0,1,39,0
4,4,1,9,8,0,13,4,4,0,0,0,3,39,0
0,4,0,11,5,4,7,2,4,1,0,0,4,39,0
1,5,1,15,6,4,4,3,4,1,0,0,4,39,0
3,4,0,9,8,4,1,3,4,0,0,0,3,39,0
0,4,1,7,7,4,1,1,4,0,0,0,2,39,0
5,4,1,11,5,2,3,0,4,1,0,0,5,39,1
4,4,0,9,8,3,10,2,1,0,0,0,3,30,1
2,4,0,11,5,0,12,4,4,0,0,0,3,39,0
4,4,0,11,5,2,7,0,4,1,0,0,3,39,0
4,4,2,11,5,4,12,3,4,1,0,0,3,39,0
3,6,1,11,5,4,8,1,2,1,0,0,6,23,0
1,4,2,11,5,2,12,0,4,1,0,0,3,39,0
2,4,0,15,6,4,10,3,4,0,0,0,3,39,0
2,4,1,15,6,0,1,1,2,0,0,0,3,39,0
3,6,1,14,9,2,10,0,4,1,0,4,5,39,1
6,7,0,15,6,2,11,0,4,1,0,0,3,39,0
2,4,2,11,5,2,3,0,4,1,0,0,3,39,0
6,4,0,5,2,2,14,0,4,1,0,0,5,39,0
3,4,1,9,8,0,1,4,4,0,0,0,1,39,0
3,4,0,11,5,3,3,1,4,1,0,0,3,31,0
3,4,1,15,6,0,3,4,2,1,0,0,3,39,0
1,4,0,9,8,2,10,5,4,0,0,0,3,39,0
3,4,1,11,5,2,10,0,4,1,0,0,4,39,0
1,4,1,11,5,4,9,1,4,0,0,0,6,39,0
3,2,0,8,6,2,11,0,4,1,0,0,6,39,1
1,4,1,8,6,4,13,1,4,1,0,0,3,39,0
0,4,1,15,6,4,1,3,4,1,0,0,3,39,0
1,6,0,8,6,4,5,3,4,1,0,0,6,39,0
4,4,0,11,5,0,10,4,0,0,0,0,3,39,0
1,4,1,11,5,4,4,1,4,0,0,0,4,39,0
6,4,0,15,6,6,1,1,4,0,0,0,3,39,0
6,4,2,9,8,2,14,0,4,1,0,0,2,39,0
0,4,0,0,3,4,6,1,4,1,0,0,3,39,0
1,4,0,15,6,2,1,5,0,0,0,0,4,39,0
1,4,0,0,3,4,9,3,4,0,0,0,2,39,0
9,4,0,12,8,4,4,1,2,1,0,0,5,39,1
3,4,0,9,8,2,10,0,4,1,0,4,4,39,1
1,2,0,15,6,4,6,3,4,1,0,0,3,39,0
4,4,1,0,3,2,1,5,4,0,0,0,3,39,0
0,4,2,11,5,4,12,1,4,1,0,0,4,39,0
0,0,1,15,6,4,0,3,4,1,0,0,3,39,0
3,4,1,11,5,2,3,0,4,1,0,0,3,39,1
0,4,0,11,5,4,12,1,4,1,0,0,3,39,0
5,6,1,5,2,2,14,0,4,1,0,0,3,39,0
0,4,1,15,6,4,1,3,2,0,0,0,1,39,0
3,4,0,11,5,2,3,0,4,1,0,0,3,39,0
2,4,3,15,6,2,1,0,2,1,0,0,3,39,1
1,2,1,9,8,4,10,3,2,0,0,0,4,39,0
6,4,0,15,6,0,1,1,4,1,0,0,3,39,0
5,2,0,11,5,6,8,1,4,0,0,3,1,39,0
2,4,0,15,6,2,1,5,4,0,0,0,2,39,0
4,6,1,14,9,2,10,0,4,1,0,0,5,39,1
2,5,0,9,8,0,4,1,4,1,0,0,5,39,0
1,4,0,15,6,4,6,1,4,1,0,0,3,39,0
2,6,0,12,8,2,5,0,4,1,0,0,6,39,0
1,4,0,9,8,4,10,4,3,1,0,0,3,39,0
3,1,1,1,4,4,13,1,4,1,0,3,3,39,0
7,6,0,0,3,3,5,1,4,1,0,0,4,39,0
3,4,3,11,5,6,6,4,4,1,0,0,3,0,0
0,6,2,11,5,2,3,0,4,1,0,0,6,39,0
0,4,0,15,6,3,12,3,3,0,0,0,2,6,0
1,2,0,9,8,2,11,0,2,1,0,0,4,39,1
4,5,0,12,8,2,12,0,4,1,0,0,6,39,1
2,4,0,9,8,2,6,0,4,1,0,0,5,39,1
1,4,1,14,9,4,10,1,4,0,0,0,5,39,0
2,0,1,11,5,6,0,1,4,0,0,0,0,39,0
0,4,0,15,6,4,12,3,4,1,0,0,3,39,0
6,7,0,0,3,4,8,1,2,0,0,0,3,39,0
6,0,2,11,5,4,0,1,4,1,0,0,1,39,0
1,4,2,15,6,4,1,3,2,0,0,0,3,23,0
2,4,0,9,8,4,6,1,4,1,0,0,2,39,0
4,4,1,6,2,2,7,2,1,0,0,0,4,3,0
3,4,3,4,1,5,6,1,4,1,0,0,5,26,0
3,2,0,8,6,2,1,5,4,0,0,0,3,39,0
2,4,1,2,4,5,1,4,4,0,0,0,3,39,0
2,2,0,12,8,2,11,0,4,1,0,0,5,39,1
2,4,0,15,6,0,4,4,4,0,0,0,3,39,0
3,4,1,12,8,2,4,0,4,1,0,0,3,39,1
1,4,0,11,5,2,14,0,4,1,0,0,3,39,1
1,4,0,9,8,4,10,1,4,1,0,0,3,39,0
0,0,1,15,6,4,0,3,4,1,0,0,2,39,0
0,4,1,9,8,4,12,1,4,1,0,0,2,39,0
3,4,2,11,5,2,3,0,4,1,0,0,3,39,0
0,4,1,15,6,4,1,3,4,0,0,0,1,39,0
2,2,1,10,9,2,4,0,4,1,0,4,5,39,1
2,4,1,11,5,2,6,5,4,0,0,0,3,39,1
0,4,2,8,6,4,1,1,4,0,0,0,3,39,0
0,5,2,9,8,4,1,3,4,1,0,0,3,35,0
1,4,2,11,5,4,3,1,4,1,0,0,3,39,0
3,4,0,9,8,2,10,0,4,1,0,0,5,22,1
0,4,1,15,6,4,1,3,3,0,0,0,3,39,0
2,4,1,15,6,2,1,0,4,1,0,0,3,39,0
6,0,0,5,2,6,0,1,4,0,0,0,3,39,0
5,4,2,11,5,2,4,5,4,0,0,0,2,39,1
2,4,0,11,5,2,14,0,1,1,0,0,3,39,1
5,4,0,15,6,6,1,4,4,0,0,5,3,39,1
1,4,0,11,5,4,3,3,4,1,0,0,3,39,0
0,0,0,15,6,4,0,3,4,0,0,0,0,39,0
3,5,1,12,8,2,10,5,4,0,0,0,3,39,1
0,0,1,1,4,4,0,3,2,1,0,0,0,39,0
1,7,1,7,7,4,1,3,2,0,0,0,0,39,0
2,5,1,9,8,2,12,0,4,1,0,0,3,39,1
3,4,1,8,6,2,3,0,4,1,0,0,3,39,1
1,4,0,11,5,4,7,2,3,1,0,0,3,7,0
3,2,0,12,8,2,10,0,4,1,1,0,3,39,1
0,4,1,11,5,4,6,2,4,1,0,0,2,39,0
3,4,0,12,8,2,4,0,4,1,0,0,3,39,1
1,4,0,11,5,2,1,5,4,0,0,0,3,39,1
0,4,1,15,6,4,13,3,4,1,0,0,1,39,0
3,6,1,8,6,2,10,5,4,0,0,4,1,39,1
0,0,1,15,6,4,0,3,4,1,0,0,3,39,0
1,4,0,9,8,4,10,1,4,0,0,0,3,39,0
2,6,2,11,5,2,7,0,4,1,0,0,7,0,0
0,4,0,11,5,4,3,1,4,1,0,0,4,39,0
1,2,1,9,8,4,10,1,4,0,0,0,3,11,0
2,6,1,11,5,2,3,0,4,1,0,0,5,39,0
3,5,1,10,9,2,10,0,4,1,0,4,6,39,1
0,4,1,11,5,4,7,2,4,1,0,0,3,39,0
4,7,0,11,5,0,3,3,4,1,0,0,3,39,1
3,4,1,11,5,2,14,0,4,1,0,0,3,39,0
3,5,1,11,5,2,8,0,2,1,0,0,4,39,0
2,4,0,11,5,2,11,3,4,1,0,0,4,39,0
0,4,1,15,6,4,12,3,1,1,0,0,2,30,0
3,2,0,9,8,0,10,4,4,1,0,0,6,39,0
1,4,0,15,6,4,13,3,2,1,0,0,2,39,0
0,4,0,11,5,2,8,0,4,1,0,0,3,13,0
3,4,1,0,3,4,7,1,2,1,0,0,3,39,0
4,4,0,9,8,2,12,0,4,1,0,0,3,39,1
1,4,0,15,6,4,1,3,4,1,0,0,3,39,0
5,4,1,11,5,2,4,5,4,0,0,0,3,39,1
1,4,1,11,5,2,13,0,4,1,0,0,3,39,0
1,4,1,11,5,2,14,0,4,1,0,0,5,39,0
2,4,0,15,6,0,8,4,4,0,0,0,3,39,0
1,4,0,9,8,4,10,3,4,0,0,0,1,39,0
0,4,1,11,5,4,6,3,4,1,0,0,3,39,0
4,4,1,11,5,6,8,4,4,0,0,0,3,39,0
1,4,0,6,2,2,5,0,0,1,0,0,3,39,0
1,2,1,11,5,4,5,3,4,1,0,3,1,39,0
4,2,1,8,6,2,3,0,2,1,0,0,3,39,1
0,0,2,9,8,4,0,1,4,0,0,0,3,39,0
0,4,1,12,8,4,4,3,4,1,0,0,9,39,0
2,4,1,12,8,2,10,0,2,1,0,0,3,39,1
0,4,1,2,4,4,8,3,4,0,0,0,0,39,0
3,6,2,15,6,2,12,0,4,1,0,0,6,26,1
1,1,0,15,6,4,3,1,4,1,0,0,3,39,0
3,4,1,11,5,6,7,4,3,1,0,0,3,4,0
1,4,0,9,8,4,10,1,4,0,0,0,5,39,0
1,4,1,8,6,0,1,4,4,0,0,0,3,39,0
1,0,0,9,8,4,0,1,4,0,0,0,8,39,0
4,1,1,15,6,6,1,1,2,0,0,0,3,39,0
1,0,1,7,7,4,0,2,4,1,0,0,4,39,0
4,4,0,11,5,2,3,0,4,1,0,0,3,39,1
2,4,1,11,5,4,14,3,4,1,0,4,3,39,0
3,5,0,11,5,2,4,0,4,1,0,0,4,39,1
2,4,1,11,5,0,3,1,4,1,0,0,3,39,0
4,5,1,5,2,2,3,0,4,1,0,0,3,0,0
2,4,2,11,5,0,3,1,4,1,0,3,3,39,0
5,4,1,1,4,2,7,0,4,1,0,0,3,39,0
0,4,0,9,8,4,10,1,4,0,0,0,0,39,0
1,4,1,1,4,4,8,4,2,0,0,0,3,39,0
0,0,1,15,6,4,0,3,4,1,0,0,6,39,0
2,4,2,11,5,2,12,5,4,0,0,0,3,39,1
1,4,1,15,6,2,1,0,2,1,0,0,5,39,0
4,4,0,15,6,6,12,4,4,0,0,0,2,39,0
0,4,1,15,6,4,12,3,4,0,0,0,1,39,0
5,6,1,11,5,2,5,0,4,1,0,0,6,39,0
0,4,0,1,4,4,3,1,4,1,0,0,5,39,0
3,4,0,14,9,2,10,0,4,1,1,0,5,39,1
0,0,2,11,5,4,0,2,4,1,0,0,3,26,0
4,4,3,11,5,2,8,0,4,1,0,0,3,39,1
6,5,0,12,8,0,10,1,4,1,0,0,7,39,1
3,4,0,12,8,2,10,5,4,0,1,0,2,39,1
1,4,2,15,6,5,13,4,2,0,0,0,3,39,0
6,0,1,5,2,6,0,1,4,0,0,0,0,39,0
5,4,1,6,2,2,3,0,4,1,0,0,3,39,0
6,4,1,9,8,6,1,1,4,0,0,0,2,39,0
0,4,0,15,6,4,4,3,4,1,0,0,3,39,0
6,6,0,1,4,2,8,0,4,1,0,0,3,39,0
5,4,1,11,5,2,3,0,4,1,0,0,3,39,1
1,4,1,8,6,4,1,1,4,0,0,0,3,39,0
1,4,1,11,5,2,14,0,4,1,9,0,3,39,1
3,4,0,15,6,2,10,0,4,1,0,0,3,39,0
4,4,1,12,8,2,4,0,2,1,0,0,4,39,0
1,0,0,11,5,5,0,4,4,0,0,0,3,39,0
2,4,1,15,6,2,10,0,4,1,0,0,3,39,0
4,4,1,9,8,2,10,0,4,1,0,0,3,4,0
2,4,1,15,6,2,14,0,4,1,0,0,3,39,0
1,4,0,11,5,4,8,1,4,1,0,0,3,39,0
2,4,1,9,8,2,4,0,4,1,0,0,5,39,1
0,4,0,11,5,4,12,1,4,1,0,0,6,39,0
3,4,2,11,5,2,6,0,4,1,0,0,3,39,1
2,4,1,11,5,4,4,1,4,0,0,0,5,39,0
1,0,1,11,5,2,0,5,4,0,0,0,2,26,0
1,4,1,15,6,2,12,5,4,0,0,0,4,39,1
4,4,1,12,8,2,4,0,4,1,0,0,3,39,1
5,4,3,11,5,0,1,4,4,0,0,0,3,39,0
1,0,1,11,5,4,0,1,4,1,0,0,3,39,0
2,4,1,15,6,2,3,0,4,1,0,0,3,39,0
6,4,0,12,8,2,4,0,4,1,0,0,5,39,1
0,4,0,15,6,4,8,3,4,0,0,0,1,39,0
1,4,0,15,6,2,7,0,2,1,0,0,3,39,0
3,2,1,11,5,2,3,0,4,1,0,0,3,39,1
3,4,1,12,8,0,13,4,2,0,0,0,3,39,1
2,4,0,15,6,0,1,4,4,0,0,0,3,39,0
1,6,0,15,6,2,5,0,4,1,0,0,5,39,0
3,5,1,15,6,2,12,0,4,1,0,0,6,39,0
2,4,3,9,8,2,4,0,4,1,0,0,6,39,1
3,6,0,15,6,4,5,3,4,1,0,0,6,39,0
0,0,2,15,6,4,0,1,4,0,0,0,4,39,0
1,5,0,11,5,2,8,0,4,1,0,0,3,39,0
3,4,1,0,3,0,3,1,4,1,0,0,5,39,0
6,2,1,15,6,6,1,1,4,0,0,0,3,39,0
0,4,0,11,5,4,6,1,4,1,0,0,3,39,0
0,4,3,11,5,4,12,3,4,0,0,0,1,39,0
4,4,0,12,8,2,10,0,4,1,0,0,3,39,1
3,6,1,9,8,2,12,0,4,1,0,0,5,39,1
1,4,3,5,2,4,12,2,4,1,0,0,4,13,0
6,4,1,11,5,4,3,1,4,1,0,0,3,39,0
3,4,1,15,6,0,13,1,4,1,0,0,5,39,0
2,4,1,15,6,0,4,1,2,1,0,0,3,39,0
3,4,0,8,6,2,3,0,4,1,0,0,3,39,0
6,4,0,9,8,4,13,1,4,1,0,0,3,39,1
0,4,1,11,5,4,8,3,4,1,0,0,1,39,0
0,4,1,8,6,2,7,0,4,1,0,0,3,39,0
3,5,0,9,8,2,4,0,4,1,0,0,3,0,0
4,7,1,15,6,0,10,1,4,0,0,0,3,39,0
1,4,1,15,6,2,13,0,4,1,0,0,3,39,1
0,0,1,15,6,4,0,3,4,0,0,0,3,39,0
0,4,1,11,5,4,7,2,4,1,0,0,5,39,0
1,6,1,11,5,2,3,0,4,1,0,0,4,39,0
3,4,1,11,5,2,7,0,4,1,0,0,4,39,1
0,4,1,9,8,4,10,1,4,1,0,0,1,9,0
3,4,2,15,6,4,13,1,4,0,0,0,5,39,1
4,6,1,15,6,2,8,0,2,1,0,0,3,39,0
1,1,1,15,6,4,8,1,4,0,0,0,3,39,1
0,4,1,15,6,4,12,3,2,1,0,0,4,39,0
2,4,1,9,8,2,4,0,4,1,0,0,3,39,1
5,6,0,11,5,2,4,0,1,1,0,0,5,0,0
2,4,1,11,5,4,14,1,4,1,0,0,3,39,0
4,4,1,11,5,0,1,1,4,0,0,0,3,39,0
2,4,1,11,5,0,4,4,4,1,0,0,3,39,0
1,4,2,4,1,2,6,0,4,1,0,0,4,26,0
4,4,0,12,8,2,4,0,4,1,1,0,5,39,1
3,2,0,12,8,0,10,1,4,0,0,0,2,39,0
6,4,0,9,8,0,4,1,4,0,0,5,0,39,0
5,2,0,0,3,2,11,0,4,1,0,0,4,39,0
1,4,1,11,5,4,1,4,2,0,0,0,3,23,0
0,4,0,8,6,2,3,0,4,1,0,0,5,39,1
2,4,1,11,5,2,7,0,4,1,0,0,3,39,1
2,4,0,11,5,2,4,0,4,1,0,0,5,39,1
2,4,0,15,6,6,4,1,4,0,0,0,3,39,1
5,6,0,11,5,2,5,0,4,1,0,0,3,39,0
4,6,2,11,5,5,8,4,4,0,0,0,1,39,0
4,5,0,12,8,3,12,1,1,1,0,0,5,19,0
1,4,1,9,8,4,10,1,4,0,0,0,3,39,0
0,4,2,8,6,4,8,1,4,1,0,0,2,39,0
4,5,1,9,8,2,12,0,4,1,0,0,6,39,1
6,4,2,12,8,2,13,0,4,1,0,0,3,39,0
4,4,1,12,8,2,10,0,1,1,0,0,4,19,0
0,7,1,15,6,4,13,3,4,0,0,0,0,39,0
0,4,1,5,2,4,8,3,4,0,0,0,3,39,0
0,4,1,15,6,2,3,2,4,1,0,0,3,8,0
3,4,0,12,8,2,10,0,4,1,0,4,6,39,1
2,4,1,14,9,2,12,0,4,1,1,0,6,39,1
5,4,1,15,6,4,14,1,4,1,0,0,1,39,0
5,5,2,7,7,2,3,0,4,1,0,0,3,39,0
6,2,0,8,6,6,10,1,4,0,0,0,1,39,0
0,4,0,11,5,4,5,1,4,1,0,0,5,39,0
0,0,0,15,6,4,0,3,4,1,0,0,2,39,0
1,4,1,11,5,0,3,2,3,1,0,0,3,39,0
0,4,0,11,5,4,7,3,4,0,0,0,3,39,0
3,4,1,9,8,0,1,4,4,0,0,0,4,39,0
1,4,1,11,5,4,3,3,4,1,0,0,3,39,0
2,4,1,15,6,4,1,3,4,1,0,0,3,39,0
0,4,0,9,8,4,12,3,4,1,0,0,3,39,0
2,4,1,15,6,5,8,2,2,0,0,0,3,39,0
2,7,2,9,8,2,10,0,4,1,0,0,5,39,0
1,4,1,9,8,2,4,0,4,1,0,0,3,39,0
3,5,2,11,5,2,4,5,0,0,1,0,3,39,1
3,4,0,9,8,2,4,0,4,1,0,0,4,39,1
2,4,0,11,5,2,12,0,4,1,0,4,9,39,1
6,4,0,11,5,2,4,0,4,1,0,0,5,39,0
4,4,0,11,5,2,14,0,4,1,0,0,5,39,1
1,4,0,9,8,4,4,3,4,0,0,0,1,39,0
4,4,0,11,5,2,1,5,4,0,0,0,3,39,1
5,2,2,11,5,2,4,0,4,1,0,0,3,39,0
4,4,0,11,5,0,4,4,4,1,0,0,3,39,0
1,4,0,15,6,2,3,0,4,1,0,0,6,39,1
3,4,2,9,8,0,4,1,4,1,0,0,5,39,0
5,4,1,12,8,2,4,0,4,1,0,4,4,39,1
4,6,1,11,5,2,3,0,4,1,0,0,5,26,0
3,2,0,11,5,0,5,1,4,1,0,0,3,39,0
1,4,0,15,6,4,12,1,4,1,0,0,3,39,0
2,4,1,9,8,2,10,0,4,1,0,0,2,39,1
0,4,1,9,8,4,12,3,4,0,0,0,1,39,0
5,4,1,5,2,2,11,0,4,1,0,0,3,33,0
4,4,0,9,8,0,12,1,4,0,0,0,6,39,0
2,4,0,9,8,2,10,0,4,1,0,0,4,39,1
5,4,0,6,2,2,7,0,4,1,0,0,3,39,0
3,4,0,8,6,0,4,1,4,1,0,0,5,39,0
0,4,0,8,6,4,7,1,4,1,0,0,2,39,0
2,4,2,11,5,2,3,0,4,1,0,0,3,39,0
4,4,1,9,8,2,3,0,4,1,0,0,3,39,0
5,4,0,14,9,3,10,4,4,1,0,0,5,39,0
5,2,1,12,8,2,4,0,4,1,0,0,3,39,1
2,2,0,9,8,0,10,4,4,1,0,0,3,39,0
1,4,1,11,5,2,3,0,4,1,0,0,5,39,0
5,4,1,0,3,2,3,0,4,1,0,0,3,39,1
0,4,1,11,5,4,1,3,4,0,0,0,1,39,0
3,4,1,15,6,2,1,5,4,0,0,0,2,2,1
4,4,0,8,6,2,13,0,4,1,0,0,3,39,1
1,4,0,9,8,4,10,1,4,1,0,0,4,39,1
0,4,1,1,4,4,8,2,2,1,0,0,1,39,0
6,0,2,11,5,2,0,5,4,0,0,0,1,39,0
1,4,1,11,5,4,3,3,2,1,0,0,3,39,0
0,4,1,15,6,4,1,3,4,1,0,0,3,39,0
3,4,2,11,5,2,3,0,4,1,0,0,3,39,0
5,4,1,11,5,6,3,4,4,1,0,0,5,26,1
4,2,2,12,8,2,10,0,4,1,0,0,5,39,1
1,4,1,9,8,4,14,4,1,1,0,0,3,0,0
5,4,0,11,5,2,3,0,4,1,0,0,3,39,0
2,4,0,11,5,2,5,0,4,1,0,3,5,39,0
3,1,2,9,8,4,13,1,4,1,0,0,5,39,0
6,4,0,1,4,0,7,2,4,1,0,0,3,39,0
9,4,0,14,9,2,10,0,4,1,2,0,7,39,1
3,2,1,9,8,0,10,1,4,1,0,0,1,39,0
0,4,1,15,6,2,12,0,4,1,0,0,3,39,0
0,4,0,0,3,4,3,3,4,1,0,0,2,39,0
1,4,1,11,5,0,12,1,4,0,0,0,2,39,0
4,4,2,11,5,0,4,4,4,0,0,0,3,39,0
3,4,1,8,6,0,7,4,4,1,0,0,3,39,0
5,4,2,11,5,2,1,5,4,0,0,0,3,39,1
0,4,1,15,6,4,3,1,4,1,0,0,3,39,0
4,4,1,15,6,2,12,0,4,1,0,0,2,39,0
1,4,1,12,8,4,1,3,4,1,0,0,3,39,0
5,2,1,1,4,2,14,0,4,1,0,0,1,39,0
2,4,1,15,6,2,4,5,4,0,0,3,3,39,1
2,4,0,11,5,4,3,2,0,1,2,0,4,39,1
2,4,2,5,2,2,5,0,4,1,0,0,3,39,0
2,5,1,11,5,2,3,0,4,1,0,0,3,39,0
1,2,1,15,6,4,1,1,3,1,0,0,3,7,0
1,4,1,11,5,0,7,4,4,0,0,0,3,39,0
3,4,1,9,8,6,1,1,4,0,0,0,2,39,0
3,5,1,7,7,2,12,0,4,1,1,0,5,39,1
4,5,1,14,9,2,10,0,3,1,9,0,6,39,1
1,4,0,11,5,4,12,4,4,0,0,0,7,39,0
3,4,1,15,6,2,3,0,4,1,0,0,3,39,0
4,4,1,11,5,2,14,0,4,1,0,0,5,39,1
2,4,2,11,5,2,7,0,4,1,0,0,4,39,0
3,4,1,4,1,2,7,0,4,1,0,0,3,26,0
2,4,1,15,6,2,1,5,4,0,0,4,3,39,0
7,4,0,6,2,2,4,5,1,0,0,0,4,39,1
5,4,1,1,4,2,7,5,1,0,0,0,2,17,0
0,4,1,1,4,4,1,3,4,1,0,0,3,39,0
0,4,1,15,6,4,7,3,4,1,0,0,3,39,0
4,4,1,14,9,2,10,0,4,1,0,0,5,39,1
3,4,2,11,5,2,4,0,4,1,0,0,3,39,0
0,4,1,15,6,4,3,3,4,1,0,0,3,39,0
0,4,1,11,5,4,8,3,2,1,0,0,2,39,0
0,4,2,4,1,4,6,1,4,1,0,0,2,26,0
1,5,0,9,8,2,12,0,4,1,0,0,5,39,1
6,5,0,11,5,2,4,0,2,1,2,0,7,39,1
3,2,1,3,0,4,8,1,0,0,0,0,1,39,0
6,4,1,15,6,2,4,0,4,1,0,0,3,39,0
0,4,0,11,5,4,1,1,4,0,0,0,3,39,0
0,4,1,11,5,4,1,3,4,1,0,0,1,39,0
3,4,0,11,5,0,3,1,4,1,0,0,3,39,1
2,4,0,0,3,2,14,0,4,1,0,0,8,39,1
3,4,0,12,8,0,10,1,4,0,0,0,1,39,0
3,6,1,11,5,2,12,5,4,0,0,0,3,39,1
0,4,1,15,6,4,12,3,4,0,0,0,2,39,0
1,4,0,12,8,4,13,1,4,1,0,0,3,0,0
5,4,0,9,8,0,8,1,4,0,0,0,3,39,0
1,4,1,9,8,4,10,1,4,1,0,0,3,39,0
4,2,0,15,6,2,11,0,4,1,0,0,4,39,0
1,4,1,11,5,2,7,0,4,1,0,0,3,39,1
3,7,0,12,8,0,4,4,4,0,0,0,3,39,0
4,4,1,11,5,0,7,1,4,0,0,0,3,39,0
1,4,0,9,8,2,10,0,4,1,0,0,3,39,1
0,4,0,15,6,4,13,1,4,0,0,0,6,39,0
0,7,1,15,6,2,8,0,4,1,0,0,1,39,0
5,2,1,12,8,2,4,0,4,1,0,0,5,39,1
2,6,1,9,8,4,10,1,4,0,0,0,5,39,1
1,4,1,11,5,4,1,1,4,0,0,0,3,39,0
1,4,0,9,8,2,10,0,4,1,0,0,3,39,1
1,4,2,9,8,4,12,1,4,1,1,0,4,39,1
2,4,3,15,6,2,6,0,4,1,0,0,5,2,1
0,4,1,15,6,4,6,3,4,1,0,0,5,39,0
4,4,0,9,8,2,4,0,4,1,0,0,3,39,1
1,4,0,11,5,4,14,3,4,1,0,0,3,39,0
2,2,1,9,8,4,13,1,2,1,0,3,5,39,1
3,4,2,15,6,2,1,3,2,0,0,0,5,39,1
1,4,1,12,8,4,4,1,4,1,0,3,3,39,1
2,4,1,8,6,2,1,0,4,1,0,0,3,39,0
2,4,1,15,6,2,3,0,4,1,0,0,5,39,1
0,4,1,15,6,4,1,3,4,0,0,0,3,39,0
3,4,1,11,5,2,12,5,4,0,0,0,3,39,1
2,4,1,1,4,2,12,0,4,1,0,0,2,0,0
4,4,1,11,5,2,8,0,4,1,0,0,3,26,1
0,0,0,11,5,2,0,5,4,0,0,0,2,39,0
4,4,0,7,7,2,7,0,4,1,0,0,3,39,1
3,7,1,15,6,2,1,5,4,0,0,0,3,39,1
7,0,0,7,7,0,0,4,4,0,0,0,0,39,0
2,4,1,11,5,4,4,4,4,0,0,0,3,39,0
0,0,1,15,6,4,0,3,4,0,0,0,0,39,0
0,4,1,11,5,4,1,1,4,0,0,0,2,39,0
1,4,0,15,6,2,14,0,4,1,0,0,3,39,1
1,7,0,11,5,1,1,3,4,0,0,0,3,39,0
5,0,2,7,7,2,0,0,4,1,0,0,1,39,0
1,4,0,11,5,4,11,4,0,0,0,0,3,39,0
4,4,0,9,8,2,10,0,4,1,0,4,3,39,1
3,2,0,12,8,4,10,1,4,0,0,0,3,39,0
3,1,2,7,7,4,4,1,4,1,0,0,3,39,0
4,4,1,11,5,2,12,0,4,1,0,0,3,39,1
1,4,1,11,5,2,3,0,4,1,0,0,5,39,1
0,4,1,15,6,4,8,3,4,1,0,0,1,39,0
5,4,1,9,8,2,10,0,4,1,0,0,5,39,1
2,4,0,7,7,2,3,0,4,1,0,0,4,39,0
1,4,0,9,8,4,10,1,4,0,0,0,1,39,0
3,4,1,8,6,2,6,0,2,1,0,0,3,39,0
4,4,2,9,8,2,4,0,4,1,0,0,6,39,1
3,7,1,7,7,2,11,0,4,1,0,0,3,39,0
1,4,1,11,5,2,3,0,4,1,0,0,3,39,0
0,4,0,0,3,4,8,3,4,1,0,0,1,39,0
4,4,1,11,5,5,1,2,4,0,0,0,3,39,0
4,6,1,11,5,4,5,1,4,1,0,0,3,39,1
5,4,1,12,8,2,10,0,4,1,0,0,3,39,1
4,4,0,15,6,2,4,0,4,1,0,0,3,39,1
4,4,1,4,1,5,7,4,4,0,0,0,3,26,0
4,4,2,15,6,0,4,1,4,1,0,0,3,39,0
3,4,0,14,9,2,12,5,0,0,1,0,3,35,1
1,6,1,1,4,3,3,1,4,1,0,0,2,16,0
0,0,1,15,6,4,0,3,4,0,0,0,3,39,0
2,4,1,5,2,3,7,4,4,0,0,0,3,33,0
0,4,0,11,5,4,6,3,4,1,0,0,2,39,0
3,4,1,11,5,2,3,0,4,1,0,0,6,39,1
3,4,2,15,6,2,3,0,4,1,0,0,3,39,1
1,4,1,9,8,4,4,1,1,1,0,0,3,35,0
5,6,0,9,8,2,3,0,4,1,0,0,3,39,0
5,2,1,11,5,0,1,1,4,0,0,0,4,39,0
4,4,0,11,5,0,1,1,4,0,0,0,3,39,0
3,4,0,11,5,0,14,1,4,1,0,0,3,39,0
0,4,2,15,6,4,1,1,2,0,0,0,1,39,0
5,4,1,15,6,2,1,0,4,1,0,0,3,39,0
2,2,1,12,8,2,4,0,4,1,0,0,3,39,1
6,1,1,10,9,2,10,0,1,1,0,0,3,3,1
4,4,1,5,2,6,7,1,0,0,0,0,3,39,0
4,4,0,9,8,2,4,0,4,1,0,0,3,12,0
3,4,1,15,6,0,4,4,4,0,0,0,4,39,0
2,6,1,6,2,2,3,0,4,1,0,0,2,39,0
4,4,2,11,5,2,5,0,4,1,0,0,2,39,0
6,4,1,15,6,6,1,1,4,0,0,0,3,39,0
0,0,0,1,4,4,0,3,4,1,0,0,3,39,0
0,4,1,15,6,4,12,3,4,0,0,0,1,39,0
1,4,0,11,5,2,7,0,4,1,0,0,3,39,0
4,4,1,2,4,4,7,1,4,1,0,0,3,39,0
4,1,3,9,8,2,4,0,4,1,0,0,3,39,1
3,2,1,15,6,2,4,0,4,1,0,0,3,39,0
5,6,0,9,8,2,5,0,4,1,0,0,3,39,0
2,4,0,14,9,2,10,0,4,1,9,0,6,39,1
2,4,1,9,8,4,6,1,2,1,0,0,3,39,0
2,2,0,15,6,0,6,1,4,1,0,0,5,39,0
6,0,1,1,4,6,0,1,4,0,0,0,3,39,0
0,4,1,11,5,4,8,1,4,0,0,0,4,39,0
1,4,1,11,5,2,8,0,4,1,0,0,6,39,0
2,7,2,11,5,2,10,5,4,0,0,0,3,39,1
3,4,1,5,2,2,8,0,4,1,0,0,2,39,0
2,4,1,12,8,2,4,0,4,1,0,0,5,39,1
1,4,1,11,5,4,6,1,4,1,0,3,3,39,0
5,6,0,11,5,2,12,0,4,1,0,0,3,39,0
0,4,0,15,6,4,8,3,4,1,0,0,1,39,0
3,4,1,11,5,0,8,2,2,0,0,0,3,39,0
2,4,0,11,5,2,3,0,4,1,0,0,4,39,0
0,4,0,15,6,4,1,3,4,0,0,0,1,39,0
2,2,1,11,5,2,14,5,4,0,0,0,2,39,0
3,4,0,12,8,0,4,4,4,0,0,5,3,39,1
5,4,0,12,8,2,12,0,4,1,0,0,6,39,1
1,4,3,3,0,2,5,0,4,1,0,0,9,26,0
1,4,0,11,5,2,14,0,4,1,0,0,4,39,1
0,7,1,15,6,4,4,3,4,0,0,0,1,39,0
2,4,2,11,5,5,1,4,4,0,0,0,3,39,0
0,4,2,2,4,4,7,3,4,1,0,0,3,39,0
2,4,1,9,8,4,1,3,4,0,0,0,3,39,0
4,6,1,15,6,2,12,0,4,1,0,0,5,39,0
0,4,0,8,6,4,3,1,4,1,0,0,4,39,0
2,4,0,1,4,4,8,1,2,1,0,0,3,39,0
0,0,0,5,2,4,0,3,4,1,0,0,3,39,0
1,6,0,14,9,2,10,0,4,1,0,0,6,39,1
1,6,1,2,4,2,12,5,1,0,0,0,5,0,0
6,4,1,11,5,0,1,1,1,0,0,0,3,24,0
3,7,1,11,5,0,14,1,4,1,0,0,4,39,0
0,3,0,1,4,4,0,3,4,0,0,0,0,39,0
1,2,0,11,5,4,10,3,2,0,0,0,3,39,0
2,6,1,9,8,4,12,1,4,0,0,0,3,39,0
6,4,1,1,4,6,8,4,3,1,0,0,3,39,0
1,7,6,15,6,2,7,0,4,1,0,0,3,39,0
3,4,0,12,8,4,4,1,4,1,0,0,5,39,1
0,4,2,15,6,2,8,0,4,1,0,0,5,39,0
0,4,0,15,6,4,1,3,4,0,0,0,1,39,0
2,4,0,11,5,0,4,1,4,0,0,0,3,39,0
2,4,1,9,8,4,4,2,4,1,0,5,5,39,1
6,4,1,10,9,2,10,0,4,1,1,0,5,39,1
5,0,1,9,8,2,0,0,4,1,0,0,0,39,1
0,4,1,11,5,5,1,4,4,0,0,0,2,39,0
3,4,1,9,8,2,4,0,4,1,0,0,3,39,1
1,2,1,15,6,2,10,0,4,1,0,0,3,39,0
4,0,0,9,8,2,0,0,4,1,0,0,3,39,1
3,4,2,6,2,2,6,0,4,1,0,0,3,39,0
1,4,0,7,7,4,12,3,4,0,0,0,3,39,0
0,4,0,11,5,4,7,3,4,1,0,0,3,39,0
2,4,1,11,5,2,7,0,4,1,0,0,3,39,0
4,2,1,12,8,2,10,0,4,1,0,0,3,39,1
3,6,0,11,5,0,4,4,4,0,0,0,6,39,0
6,1,1,15,6,6,11,1,4,0,0,0,3,39,0
4,6,1,9,8,2,4,0,4,1,0,0,5,39,1
4,4,2,9,8,2,10,0,4,1,0,0,4,2,1
2,5,0,11,5,2,4,0,4,1,0,0,6,39,0
2,4,1,9,8,4,5,1,4,1,0,0,3,39,0
1,4,0,0,3,4,14,4,4,1,0,0,2,39,0
1,4,2,7,7,4,8,3,2,1,0,0,3,39,0
4,5,1,9,8,2,11,0,2,1,0,0,3,39,1
5,4,1,15,6,4,1,3,4,0,0,0,3,39,0
4,4,0,11,5,2,14,0,4,1,0,0,8,39,1
0,4,0,15,6,5,12,4,4,0,0,0,2,39,0
2,4,1,11,5,2,12,0,4,1,0,0,6,39,0
7,7,0,10,9,4,10,2,4,0,0,8,1,39,1
6,4,0,5,2,0,12,1,4,0,0,0,3,39,0
5,2,2,8,6,0,3,1,4,1,0,0,3,39,0
1,4,0,9,8,3,1,1,4,0,0,0,3,39,0
2,4,0,11,5,2,3,0,4,1,0,0,3,39,0
1,1,0,9,8,4,13,1,4,1,0,0,4,39,0
2,2,2,15,6,2,3,0,4,1,0,0,3,39,0
1,4,0,15,6,2,3,0,4,1,0,0,6,39,0
3,5,2,9,8,0,4,1,4,1,0,0,5,39,0
5,6,1,14,9,2,10,0,1,1,9,0,5,30,1
0,4,2,8,6,2,3,0,4,1,0,0,3,39,0
4,4,1,11,5,4,13,2,4,1,0,0,5,39,0
0,7,0,15,6,4,8,3,4,1,0,0,0,39,0
3,4,1,7,7,4,1,1,4,0,0,0,3,39,0
1,4,1,11,5,4,8,3,4,1,0,0,2,39,0
0,4,1,7,7,4,10,3,4,1,0,0,3,39,0
0,4,0,2,4,0,8,1,4,0,0,0,0,39,0
1,4,1,9,8,4,10,3,4,0,0,0,3,39,0
1,4,2,15,6,4,1,1,4,1,0,0,3,11,0
0,4,0,9,8,4,1,1,4,0,0,0,3,39,0
1,4,1,11,5,2,14,0,4,1,0,0,5,39,0
2,4,0,11,5,2,3,0,4,1,0,4,5,39,1
3,6,1,9,8,2,12,0,4,1,0,0,4,39,1
7,4,1,15,6,6,12,1,4,0,0,0,3,39,0
3,4,0,11,5,2,7,0,2,1,0,0,3,39,0
0,4,2,4,1,2,3,2,4,1,0,0,3,26,0
1,6,0,11,5,2,7,0,4,1,0,0,3,39,0
3,4,1,10,9,0,10,4,4,0,0,0,8,39,0
7,2,1,0,3,2,14,0,4,1,0,0,0,39,0
7,6,2,11,5,2,12,0,4,1,0,0,3,39,0
3,4,0,15,6,2,3,0,4,1,0,0,3,0,0
1,4,1,11,5,0,3,4,4,1,0,0,5,39,0
1,4,1,14,9,2,10,0,4,1,0,0,6,39,1
3,4,1,11,5,2,12,0,4,1,0,0,3,0,0
3,4,0,7,7,2,3,0,4,1,0,0,4,39,1
1,1,1,15,6,4,13,3,4,0,0,0,3,39,0
3,4,1,15,6,0,3,1,4,1,0,0,4,39,1
6,4,0,9,8,2,9,2,4,1,0,0,9,39,0
0,4,0,0,3,4,8,3,4,0,0,0,3,39,0
2,4,1,11,5,2,6,0,4,1,0,0,6,39,0
3,4,0,11,5,4,3,3,4,1,1,0,4,39,1
4,4,1,11,5,2,3,0,4,1,0,0,3,39,1
4,7,1,7,7,2,14,0,4,1,0,0,3,39,0
1,4,1,1,4,5,3,1,4,1,0,0,4,11,0
4,6,0,9,8,2,5,0,4,1,0,0,8,39,0
4,2,0,6,2,6,6,4,4,1,0,5,3,39,1
3,5,1,11,5,2,12,0,4,1,0,4,5,39,1
1,5,0,15,6,4,4,1,4,1,0,0,5,39,0
1,4,1,9,8,4,10,1,4,0,0,0,3,39,0
4,4,0,11,5,4,3,4,4,0,0,0,3,33,0
2,4,3,11,5,4,12,1,4,1,0,0,5,39,0
3,6,1,14,9,2,10,0,4,1,9,0,5,39,1
2,4,0,9,8,4,1,1,4,1,0,0,3,39,0
7,6,1,11,5,6,3,1,4,1,0,0,2,39,0
7,1,0,15,6,6,14,1,4,0,0,0,1,39,0
2,4,1,7,7,4,1,1,4,0,0,0,4,39,0
3,4,1,12,8,2,7,0,4,1,0,0,3,39,0
6,4,0,5,2,2,3,0,4,1,0,0,3,39,0
2,1,2,11,5,0,3,1,4,1,0,0,3,39,0
0,4,0,15,6,4,1,3,4,0,0,0,3,39,0
0,0,0,2,4,4,0,3,1,0,0,0,2,11,0
4,7,0,12,8,2,4,0,4,1,0,0,4,39,1
1,4,1,11,5,2,7,0,4,1,0,0,6,39,0
3,4,1,11,5,2,1,0,4,1,0,0,3,39,0
1,2,2,11,5,0,1,4,4,0,0,0,2,39,0
3,4,1,9,8,5,1,4,2,1,0,0,3,39,0
0,4,0,15,6,4,8,3,4,1,0,0,1,39,0
2,6,1,1,4,5,6,4,4,0,0,0,3,27,0
2,4,1,1,4,0,14,1,4,1,0,0,5,39,0
1,4,0,15,6,4,7,3,4,1,0,0,6,39,0
0,4,1,1,4,4,8,3,4,1,0,0,1,39,0
9,4,0,11,5,4,8,1,4,0,0,0,3,39,0
2,4,1,11,5,4,7,4,2,1,0,0,3,39,0
2,4,1,15,6,2,3,0,4,1,0,0,3,39,0
3,4,1,15,6,2,12,0,4,1,0,0,6,39,1
0,4,1,9,8,4,4,1,4,1,0,0,3,39,0
1,4,1,11,5,0,3,1,4,1,0,0,3,39,0
3,4,1,11,5,4,1,1,2,0,0,0,3,39,0
3,4,2,8,6,2,3,0,4,1,0,0,3,39,0
2,4,0,9,8,2,4,0,4,1,1,0,6,39,1
2,4,0,15,6,2,4,0,4,1,0,0,4,39,0
3,6,1,0,3,0,5,4,4,1,0,0,2,39,0
3,4,2,9,8,2,4,0,4,1,0,0,6,39,1
0,4,1,11,5,4,12,1,4,1,0,0,3,39,0
4,4,1,11,5,0,7,4,2,1,0,0,3,39,0
4,4,1,7,7,2,10,5,2,0,1,0,3,39,1
5,5,0,14,9,2,10,0,4,1,9,0,3,39,1
6,5,2,3,0,2,12,0,4,1,0,0,1,39,0
6,4,1,6,2,2,3,0,4,1,0,0,3,39,0
5,4,2,0,3,2,14,0,2,1,0,0,3,39,0
1,5,2,11,5,4,12,3,4,1,0,0,5,39,0
1,4,0,10,9,2,10,0,1,1,0,0,5,37,1
0,4,0,15,6,4,12,4,4,1,0,0,3,39,0
6,0,0,15,6,2,0,0,1,1,0,0,1,39,0
2,4,0,11,5,2,6,0,4,1,0,0,3,39,0
5,4,1,8,6,2,3,0,4,1,0,0,3,39,1
6,0,1,7,7,2,0,0,4,1,0,0,0,39,1
5,6,1,15,6,0,13,1,4,0,0,0,1,39,1
0,2,0,1,4,4,1,2,4,0,0,0,2,39,0
0,4,2,11,5,2,7,0,4,1,0,0,3,39,0
5,5,1,14,9,2,10,0,4,1,0,0,3,39,0
1,4,2,11,5,0,1,1,4,0,0,0,3,39,0
7,4,1,11,5,6,1,4,4,1,0,0,0,39,0
1,4,1,11,5,4,13,2,4,1,0,0,3,39,0
4,4,1,11,5,2,3,0,4,1,0,0,4,39,0
2,4,2,11,5,4,8,4,2,0,0,0,3,39,0
4,4,1,12,8,0,10,4,4,0,0,4,3,39,0
4,4,0,15,6,2,13,0,4,1,0,0,3,39,0
3,4,1,12,8,2,10,0,4,1,0,0,5,39,0
4,4,2,9,8,3,10,1,4,1,0,0,3,39,1
4,4,1,11,5,3,4,4,4,0,0,0,0,39,0
2,4,0,15,6,0,12,1,4,1,0,0,6,39,0
1,4,0,15,6,2,4,0,4,1,1,0,6,39,1
2,7,0,12,8,4,10,1,1,1,0,0,2,24,0
0,4,1,9,8,4,10,3,4,1,0,0,3,39,0
2,4,1,15,6,5,1,4,4,0,0,0,3,39,0
1,2,2,11,5,2,11,0,4,1,0,0,3,39,0
5,4,0,0,3,4,8,1,4,1,0,0,3,39,0
2,4,1,11,5,2,12,0,4,1,0,0,5,39,0
2,4,1,11,5,4,3,3,4,1,0,0,3,39,0
2,7,1,9,8,4,10,1,4,0,0,0,3,39,0
2,5,0,11,5,2,4,0,4,1,0,0,5,39,1
1,4,2,11,5,2,7,0,4,1,0,0,3,39,0
2,4,0,11,5,2,7,0,4,1,0,0,3,39,0
3,2,0,12,8,4,10,1,4,0,0,0,3,39,0
1,4,1,9,8,2,11,0,4,1,0,0,3,39,1
2,4,1,7,7,0,4,1,4,0,0,0,4,39,0
1,4,1,11,5,4,12,3,4,1,0,0,3,39,0
2,4,0,8,6,4,8,1,4,1,0,0,3,39,0
6,6,5,3,0,6,8,4,4,0,0,0,2,8,0
1,4,1,11,5,2,6,0,4,1,0,0,6,39,0
4,6,0,11,5,2,5,0,4,1,0,0,5,39,0
2,4,0,9,8,2,12,0,4,1,0,0,3,39,1
2,4,2,8,6,2,12,0,4,1,0,0,3,39,1
0,4,1,11,5,4,6,3,4,1,0,0,2,39,0
2,4,1,11,5,2,3,0,4,1,0,0,3,39,1
3,4,0,11,5,2,4,0,4,1,0,0,3,39,1
3,7,0,11,5,2,4,5,4,0,0,0,3,39,0
7,0,1,11,5,2,0,0,4,1,0,0,0,39,0
2,4,1,15,6,0,4,1,4,0,0,0,5,39,1
3,4,1,9,8,0,10,1,4,1,0,0,5,39,1
2,4,2,11,5,2,7,5,4,0,0,0,3,26,0
4,4,0,8,6,2,4,5,4,0,0,0,4,39,1
0,4,0,2,4,4,8,1,4,0,0,0,2,39,0
1,0,0,15,6,2,0,5,4,0,0,0,3,39,0
0,2,1,11,5,4,11,1,4,1,0,0,3,39,0
3,2,0,8,6,0,13,4,1,1,0,0,3,39,0
5,4,1,15,6,2,8,0,3,1,0,0,3,26,0
3,4,0,9,8,2,6,0,4,1,0,0,8,39,1
0,4,0,9,8,4,12,3,4,1,0,0,3,39,0
0,4,0,15,6,4,1,3,4,1,0,0,2,39,0
1,4,1,6,2,4,8,3,4,1,0,0,3,39,0
6,6,1,9,8,2,10,0,4,1,0,0,1,39,0
5,6,0,1,4,6,8,4,4,0,0,0,6,12,1
0,4,0,1,4,4,8,3,4,1,0,0,1,39,0
2,4,1,11,5,2,14,0,2,1,0,0,3,39,0
6,0,0,11,5,6,0,1,4,0,0,0,2,39,0
1,6,0,0,3,2,3,0,4,1,0,0,4,39,0
1,4,1,11,5,2,14,0,2,1,0,0,3,39,0
2,4,1,8,6,5,10,3,4,0,0,0,3,39,0
5,4,1,10,9,4,10,1,4,1,0,0,0,39,0
4,6,2,11,5,2,3,0,4,1,0,4,3,39,1
2,1,1,11,5,2,1,0,2,1,0,0,6,39,1
1,4,0,15,6,2,3,0,4,1,0,0,4,39,0
6,6,0,11,5,2,5,0,4,1,0,5,5,39,0
6,2,1,9,8,2,10,0,4,1,0,0,0,39,0
3,5,2,11,5,0,3,1,4,1,0,0,6,32,0
2,4,0,13,0,2,7,5,1,0,0,0,3,1,0
3,4,1,11,5,2,12,0,1,1,0,0,2,0,0
2,4,1,15,6,0,4,1,4,0,0,0,3,39,0
4,7,1,10,9,2,10,0,4,1,0,0,3,39,1
4,4,2,11,5,2,12,0,4,1,0,0,4,39,1
1,4,1,8,6,4,12,1,4,1,2,0,3,39,1
0,4,0,15,6,4,12,2,4,0,0,0,1,39,0
4,2,0,12,8,2,10,5,4,0,0,0,3,39,1
1,4,0,11,5,4,8,1,2,0,0,0,4,39,0
5,2,1,11,5,0,4,1,4,0,0,0,3,39,0
2,7,0,10,9,4,10,1,4,0,0,0,6,39,0
6,4,1,0,3,2,14,0,4,1,0,0,3,39,1
2,4,1,9,8,2,4,0,4,1,0,0,3,39,0
3,4,0,15,6,0,4,1,4,0,0,0,5,39,0
5,6,1,11,5,2,4,5,4,0,0,0,0,39,1
6,4,0,15,6,6,1,1,4,0,0,0,3,39,0
3,4,2,9,8,2,10,0,4,1,0,0,4,39,0
1,4,2,15,6,0,3,3,2,1,0,0,3,39,0
0,0,1,15,6,4,0,3,4,1,0,0,5,39,0
1,4,0,15,6,0,4,1,4,0,0,0,3,39,0
0,1,1,2,4,4,1,3,2,1,0,0,2,39,0
4,4,1,15,6,6,14,4,4,0,0,0,2,28,0
5,4,1,15,6,0,7,1,4,1,0,0,5,39,0
3,4,0,9,8,4,10,1,4,1,0,0,3,39,0
1,2,0,15,6,4,11,1,2,1,0,4,3,39,0
5,4,1,9,8,2,10,0,4,1,0,0,3,39,0
5,4,1,1,4,2,14,0,4,1,0,0,5,39,0
2,2,0,11,5,2,8,0,4,1,0,0,3,39,0
4,2,1,9,8,0,10,4,2,0,0,0,3,39,0
2,4,2,15,6,2,6,0,4,1,0,0,5,39,1
5,4,0,9,8,2,7,0,4,1,0,0,3,39,0
4,4,1,15,6,2,3,0,4,1,0,0,3,39,1
3,4,0,8,6,0,8,1,0,0,0,0,3,4,0
3,4,1,15,6,2,14,0,4,1,0,0,3,39,0
5,6,0,11,5,2,5,0,4,1,0,0,6,39,1
0,4,1,11,5,4,1,3,4,1,0,0,4,39,0
5,4,0,5,2,0,7,4,4,0,0,8,3,39,0
8,6,0,5,2,6,5,1,4,1,0,0,3,39,0
3,4,0,11,5,2,1,5,4,0,0,0,5,39,1
1,4,1,15,6,2,12,0,4,1,0,0,3,39,0
0,4,1,15,6,4,12,3,4,0,0,0,2,39,0
0,4,0,15,6,4,1,3,4,1,0,0,3,19,0
0,4,0,11,5,4,1,4,4,1,0,0,3,39,0
3,2,0,14,9,2,10,0,1,1,0,0,3,30,1
0,4,0,0,3,4,10,3,3,0,0,0,1,39,0
2,4,0,9,8,2,4,0,4,1,0,4,6,39,1
5,2,1,9,8,4,10,1,4,0,0,0,3,39,0
1,4,2,11,5,4,1,1,2,1,0,0,3,39,0
0,7,0,15,6,4,3,3,4,1,0,0,3,39,0
2,4,1,11,5,2,12,0,4,1,0,0,5,39,0
2,4,1,9,8,0,13,4,4,1,0,0,1,39,0
3,4,0,11,5,3,5,1,4,1,0,0,6,39,0
1,4,1,15,6,4,1,1,4,0,0,0,3,39,0
1,4,0,11,5,2,7,5,4,0,0,0,3,39,0
1,2,1,8,6,4,11,1,4,1,0,3,5,39,1
6,4,0,8,6,2,3,0,4,1,0,0,4,39,0
4,4,1,6,2,3,7,4,2,1,0,0,7,14,0
1,4,1,15,6,4,1,1,4,0,0,0,3,39,0
4,4,2,15,6,2,4,5,4,0,0,0,3,39,1
2,4,1,11,5,2,5,0,4,1,0,0,2,39,0
1,4,0,15,6,2,12,0,4,1,0,0,3,0,1
0,4,0,15,6,4,8,3,4,0,0,0,2,39,0
3,4,0,15,6,2,12,0,1,1,0,4,3,39,1
3,4,0,2,4,2,6,0,4,1,0,0,3,39,1
3,4,0,7,7,2,7,0,4,1,0,0,3,39,0
0,4,1,9,8,4,1,1,4,0,0,0,4,39,0
5,4,1,11,5,6,7,1,4,0,0,0,3,39,0
1,4,0,14,9,0,10,1,4,0,0,0,1,39,0
6,7,1,9,8,0,13,1,4,1,0,0,3,39,0
2,4,1,8,6,4,3,3,2,1,0,0,3,39,0
0,4,1,11,5,4,12,3,4,0,0,0,1,39,0
3,4,0,11,5,4,12,3,4,0,0,0,3,39,0
3,4,0,11,5,2,10,0,4,1,0,4,3,39,1
2,4,1,11,5,0,3,1,4,1,0,0,3,39,0
1,4,0,11,5,4,12,4,4,0,0,0,3,39,0
3,4,0,9,8,2,5,0,4,1,0,0,3,39,0
0,4,0,15,6,4,1,1,4,0,0,3,3,39,0
1,4,1,14,9,2,10,0,4,1,0,4,3,39,1
2,0,2,1,4,4,0,1,4,0,0,0,3,39,0
5,0,0,9,8,6,0,1,4,0,0,0,3,39,0
5,4,1,11,5,4,1,2,4,0,0,0,3,39,0
2,4,0,11,5,0,1,4,2,0,0,0,3,39,0
3,6,1,7,7,2,5,0,4,1,0,0,5,39,1
3,4,1,7,7,0,3,1,4,1,0,0,3,39,0
2,4,1,9,8,2,4,0,4,1,0,0,3,39,1
0,4,1,15,6,4,1,3,4,1,0,0,3,39,0
2,0,6,11,5,0,0,4,2,1,0,0,3,39,0
2,1,2,14,9,2,10,0,4,1,0,0,5,39,1
0,4,0,11,5,4,3,1,4,1,0,3,3,39,0
3,4,1,11,5,2,1,5,4,0,0,0,2,39,0
2,4,1,1,4,0,3,1,4,1,0,0,3,39,0
5,4,0,11,5,2,1,0,4,1,0,0,3,39,1
2,4,1,11,5,2,11,0,4,1,0,0,3,34,0
0,4,0,11,5,2,3,0,4,1,0,0,3,39,0
3,4,0,11,5,2,1,5,4,0,0,0,3,39,0
2,6,0,15,6,4,8,1,4,0,0,0,1,39,0
3,4,0,12,8,2,4,0,4,1,0,0,5,39,1
4,4,2,14,9,2,10,0,4,1,0,0,3,39,1
3,4,0,9,8,2,12,5,4,0,0,0,1,39,1
7,7,1,11,5,2,11,0,4,1,0,0,2,39,0
0,4,0,15,6,4,8,3,4,0,0,0,1,39,0
3,4,0,15,6,0,1,1,4,0,0,0,6,39,0
4,4,0,11,5,2,4,0,4,1,0,0,3,39,0
0,4,1,11,5,4,5,1,4,1,0,0,5,39,0
3,6,1,14,9,2,10,0,4,1,0,0,4,39,1
3,4,1,1,4,2,8,0,2,1,0,0,3,39,1
1,4,3,5,2,2,5,0,4,1,0,0,3,26,0
3,4,1,7,7,2,3,0,4,1,0,0,6,11,1
5,4,0,15,6,2,7,0,4,1,0,0,5,39,0
4,4,0,6,2,2,3,0,4,1,0,0,3,39,0
1,4,1,11,5,0,3,1,4,1,0,0,2,39,0
3,4,0,15,6,4,4,1,4,0,0,5,3,39,1
3,1,2,14,9,2,10,0,4,1,0,0,3,39,1
3,4,1,15,6,3,12,4,2,0,0,0,3,39,0
1,4,1,7,7,2,4,5,4,0,0,0,5,37,1
3,4,1,11,5,2,8,0,4,1,0,0,2,39,0
2,4,2,9,8,4,10,1,4,1,0,0,5,39,1
3,4,1,11,5,2,3,0,4,1,0,3,4,39,1
4,5,0,15,6,6,4,1,4,1,0,0,3,39,1
3,2,0,12,8,2,10,0,4,1,0,0,3,39,1
0,4,0,11,5,4,12,3,1,0,0,0,3,39,0
3,1,0,12,8,4,4,1,4,0,1,0,5,39,1
3,7,1,8,6,2,11,0,4,1,0,0,3,39,0
6,4,1,5,2,6,8,4,2,0,0,0,3,39,0
2,4,2,0,3,2,4,5,4,0,0,0,3,39,0
4,4,1,11,5,2,7,0,4,1,0,0,6,39,0
6,5,0,11,5,2,5,0,4,1,0,5,6,39,0
0,4,1,15,6,4,8,3,4,1,0,0,3,39,0
1,4,2,11,5,4,8,4,4,0,0,0,3,26,0
1,4,0,9,8,4,1,1,4,0,0,0,1,39,0
1,4,1,9,8,4,10,1,4,1,0,0,5,39,0
7,6,0,15,6,2,5,0,4,1,0,0,7,39,0
3,4,2,8,6,5,10,4,4,0,0,0,3,39,0
3,1,0,11,5,4,14,4,1,0,0,0,3,39,0
4,4,1,5,2,0,8,4,4,0,0,0,3,39,0
4,7,0,6,2,0,8,1,4,0,0,0,3,39,0
4,4,0,11,5,6,7,4,4,0,0,0,3,39,0
1,2,0,15,6,0,1,4,4,0,0,0,3,39,0
4,4,0,15,6,2,12,0,4,1,0,0,4,39,1
2,4,0,15,6,2,8,0,1,1,0,0,3,30,0
1,4,0,9,8,4,4,3,2,1,0,0,5,39,0
3,2,1,12,8,4,10,1,4,0,0,0,3,39,0
3,4,1,5,2,3,9,4,4,0,0,3,2,13,0
6,4,1,11,5,2,12,0,4,1,0,0,3,2,1
1,6,0,11,5,4,5,3,4,1,0,0,6,39,0
3,4,1,5,2,2,6,0,4,1,0,0,2,26,0
0,0,0,15,6,4,0,3,4,1,0,0,5,39,0
1,0,0,11,5,4,0,3,4,0,0,0,3,39,0
2,4,1,5,2,4,5,1,4,1,0,0,3,26,1
4,1,2,11,5,0,4,1,4,0,0,0,3,39,0
1,4,2,8,6,2,4,0,4,1,0,0,5,39,1
3,4,2,8,6,2,3,0,4,1,0,0,3,39,0
3,4,1,11,5,2,3,0,2,1,0,0,3,0,0
4,4,1,15,6,2,14,0,4,1,0,0,5,39,0
3,4,2,11,5,2,7,0,4,1,0,0,3,39,0
3,4,1,15,6,2,12,0,4,1,0,0,3,39,1
2,4,0,7,7,2,12,0,4,1,0,4,4,39,1
2,4,0,9,8,4,1,3,4,0,0,0,3,39,0
2,1,0,7,7,0,4,4,4,1,0,0,5,39,1
3,6,0,11,5,2,5,0,4,1,0,0,7,39,1
4,4,2,11,5,2,14,0,4,1,0,0,6,39,1
4,4,1,3,0,2,3,0,4,1,0,0,3,26,0
6,4,0,12,8,2,4,0,4,1,0,0,3,39,1
3,4,0,11,5,2,14,0,4,1,0,0,5,39,0
2,4,1,15,6,2,7,0,2,1,0,0,3,39,0
2,4,0,0,3,4,5,1,4,1,0,0,4,0,0
3,4,2,11,5,0,1,4,4,0,0,0,3,39,1
1,2,0,9,8,4,10,1,4,0,0,0,3,39,0
0,4,1,11,5,5,1,4,4,0,0,0,3,39,0
1,4,2,15,6,2,4,0,2,1,0,0,3,39,1
0,4,0,11,5,4,9,2,4,0,0,0,0,39,0
3,4,2,9,8,2,11,0,4,1,1,0,6,39,1
4,4,1,4,1,3,7,2,4,1,0,0,3,26,0
1,4,1,11,5,0,6,3,4,0,0,0,3,39,0
4,4,0,9,8,2,6,0,4,1,0,0,5,39,0
1,4,1,9,8,2,10,0,4,1,0,0,3,39,0
3,4,1,9,8,2,10,0,4,1,0,0,3,39,1
3,6,0,15,6,2,4,0,4,1,0,0,3,39,1
0,4,1,0,3,4,8,3,4,1,0,0,1,39,0
2,6,0,11,5,2,8,0,4,1,0,0,4,39,0
1,4,2,8,6,4,3,3,4,1,0,0,3,39,0
1,4,1,9,8,2,12,0,4,1,0,0,3,39,0
3,4,0,9,8,2,10,0,4,1,0,0,4,39,1
3,4,0,9,8,2,4,0,4,1,0,0,3,39,1
1,4,0,15,6,4,8,1,1,0,0,0,3,39,0
5,4,0,11,5,2,7,0,4,1,0,0,3,39,0
3,4,1,7,7,2,4,0,2,1,0,0,5,19,1
2,4,0,15,6,2,3,0,4,1,0,0,3,39,0
0,0,0,15,6,4,0,1,4,0,0,0,3,39,0
1,4,2,12,8,2,4,0,4,1,1,0,6,39,1
0,4,0,1,4,4,8,3,4,1,0,0,0,39,0
0,4,1,15,6,4,3,3,4,1,0,0,3,39,0
3,4,0,8,6,2,5,0,4,1,0,0,3,39,1
1,4,1,9,8,4,3,3,4,1,0,0,3,39,0
5,4,1,9,8,2,4,0,4,1,0,0,6,39,1
3,4,1,9,8,2,4,0,4,1,1,0,4,39,1
0,4,2,1,4,4,14,3,4,1,0,0,1,39,0
4,6,2,14,9,0,10,1,4,1,0,0,6,39,1
4,4,1,8,6,0,8,3,4,0,0,0,3,39,0
3,4,1,12,8,4,10,1,4,0,0,0,3,39,0
4,2,0,11,5,2,1,5,4,0,0,0,3,39,1
3,2,0,8,6,4,3,1,4,1,0,0,4,39,0
2,4,0,7,7,5,8,4,4,0,0,0,3,39,0
1,7,1,12,8,2,10,0,4,1,0,0,1,39,0
1,4,1,2,4,0,14,3,4,1,0,0,3,39,0
0,4,1,15,6,4,1,3,4,0,0,0,3,39,0
3,4,1,15,6,4,4,4,4,0,0,0,4,39,0
3,7,1,7,7,2,11,0,4,1,0,0,5,39,0
2,4,0,6,2,0,7,1,4,1,0,0,3,39,0
3,4,1,9,8,0,3,1,4,1,0,0,4,39,0
2,4,1,11,5,2,8,0,4,1,0,0,3,39,0
1,4,0,9,8,4,10,1,4,0,0,0,3,39,0
0,4,0,8,6,4,10,3,1,1,0,0,3,39,0
1,4,0,11,5,4,3,3,4,1,0,0,3,39,0
1,4,1,9,8,2,12,5,4,0,0,0,4,39,1
3,4,1,9,8,2,10,0,4,1,0,4,5,39,1
0,4,1,15,6,4,1,3,4,1,0,0,2,39,0
5,5,1,11,5,2,5,0,4,1,0,0,2,39,0
3,4,1,11,5,5,1,4,4,0,0,0,3,39,0
1,4,0,9,8,0,1,4,4,0,0,0,4,39,0
1,4,1,11,5,4,3,1,4,1,0,0,3,21,0
4,4,0,11,5,2,3,0,4,1,0,0,3,39,0
2,4,1,6,2,2,14,2,4,1,0,0,3,26,0
0,0,0,6,2,4,0,1,4,0,0,0,2,39,0
2,4,3,11,5,4,3,1,4,1,0,3,3,39,0
3,7,2,9,8,2,10,0,4,1,0,0,6,39,1
3,4,0,9,8,4,4,1,4,0,0,0,3,39,0
1,4,1,11,5,2,14,0,4,1,0,0,3,39,0
2,4,0,15,6,2,6,0,4,1,0,4,3,39,0
3,4,3,13,0,2,3,0,4,1,0,0,3,27,0
0,0,0,15,6,4,0,3,4,1,0,0,3,39,0
2,1,1,9,8,6,1,1,4,1,0,0,3,39,1
3,5,1,12,8,2,4,0,4,1,0,0,5,39,0
4,6,1,11,5,2,3,0,4,1,0,0,6,39,0
3,4,2,9,8,2,14,0,4,1,0,0,4,2,1
5,4,1,9,8,2,10,0,4,1,0,0,3,39,1
3,2,0,7,7,2,10,5,0,0,0,0,3,39,0
0,4,0,11,5,4,3,1,4,1,0,0,4,39,0
0,4,0,15,6,4,12,3,4,0,0,0,2,39,0
3,2,0,2,4,2,3,0,4,1,0,0,5,39,0
2,4,0,9,8,0,10,3,4,0,0,0,3,39,0
1,0,0,15,6,4,0,1,2,1,0,0,3,0,0
0,4,0,9,8,4,13,3,4,0,0,0,3,39,0
5,4,1,9,8,0,10,1,4,1,0,3,3,39,0
0,4,1,9,8,4,4,1,4,0,0,0,3,39,0
1,2,1,9,8,4,4,1,4,0,0,0,5,39,0
6,6,0,11,5,2,12,0,4,1,0,0,1,39,1
2,7,1,15,6,0,4,1,2,0,0,0,3,39,0
4,7,0,12,8,2,10,0,4,1,0,0,3,39,1
5,6,0,9,8,0,8,1,4,0,0,0,1,39,0
3,7,0,12,8,2,4,0,4,1,0,0,3,39,0
1,6,1,11,5,2,3,0,4,1,0,0,3,39,0
0,4,1,15,6,2,3,0,4,1,0,0,6,39,0
3,4,0,11,5,2,14,0,4,1,0,0,5,39,0
0,4,1,15,6,4,14,3,4,1,0,0,3,39,0
2,4,0,9,8,2,8,5,1,0,0,0,5,30,1
1,4,1,1,4,2,6,0,1,1,0,3,3,40,0
2,4,1,15,6,2,8,0,2,1,0,0,2,39,0
0,1,1,9,8,4,10,3,4,1,0,0,0,39,0
4,4,0,11,5,2,6,0,2,1,0,0,3,39,0
1,7,1,15,6,2,8,5,4,0,0,0,1,39,0
3,1,1,11,5,0,1,1,2,1,0,0,3,39,0
1,0,1,15,6,0,0,3,2,1,0,0,3,39,0
4,6,0,12,8,2,4,0,1,1,0,0,3,30,0
2,4,1,12,8,4,10,1,4,0,0,0,1,39,0
4,0,0,15,6,0,0,1,0,0,0,0,3,39,0
3,4,1,9,8,2,7,0,4,1,0,0,3,0,0
0,4,2,11,5,4,1,3,4,1,0,0,2,39,0
4,7,0,10,9,2,10,5,4,0,0,4,4,39,1
1,4,0,11,5,3,1,1,4,1,0,0,3,39,0
2,4,1,11,5,2,3,0,4,1,0,0,3,39,0
2,6,1,1,4,2,14,0,4,1,0,0,3,39,0
3,4,2,3,0,4,8,1,4,1,0,0,4,8,0
3,4,0,15,6,4,4,1,2,1,0,0,3,39,0
5,1,2,9,8,2,10,0,2,1,0,0,3,39,1
1,6,0,15,6,4,3,3,4,1,0,0,5,4,0
5,0,0,0,3,0,0,1,0,0,0,0,0,39,0
0,0,0,11,5,4,0,3,4,1,0,0,3,39,0
1,6,2,9,8,2,12,0,4,1,0,0,4,39,0
4,4,1,14,9,0,4,1,4,1,0,5,6,39,1
1,0,0,9,8,2,0,5,4,0,0,4,1,39,1
3,4,1,9,8,2,4,0,4,1,1,0,5,39,1
3,6,1,15,6,5,3,1,4,1,0,0,3,39,0
6,4,0,15,6,2,10,0,4,1,0,0,1,39,0
0,2,1,11,5,4,6,3,4,1,0,0,3,39,0
4,4,0,15,6,6,10,1,4,0,0,0,3,39,0
4,2,1,11,5,2,14,0,4,1,0,0,3,39,1
4,4,0,15,6,2,4,0,4,1,0,3,3,39,0
1,4,2,15,6,2,3,0,4,1,0,0,3,39,0
3,4,0,2,4,0,14,1,4,1,0,0,8,39,1
3,4,0,7,7,2,4,5,4,0,0,0,5,39,1
0,4,0,15,6,0,8,3,4,1,0,0,1,39,0
0,0,2,11,5,4,0,3,3,0,0,0,3,39,0
3,4,1,0,3,3,3,1,4,0,0,0,3,39,0
3,6,2,12,8,0,12,4,4,1,0,0,0,39,1
3,6,0,9,8,2,5,0,4,1,0,0,9,39,0
4,4,2,11,5,5,3,4,2,1,0,0,3,39,0
1,4,2,8,6,4,10,1,4,1,0,0,3,39,0
2,0,0,0,3,5,0,3,4,1,0,0,3,39,0
2,4,2,11,5,2,14,5,2,0,0,0,3,39,0
5,4,2,15,6,2,10,5,4,0,0,0,3,39,0
2,6,0,11,5,0,4,4,4,0,0,0,3,39,0
4,2,0,12,8,2,10,0,4,1,1,0,3,39,1
1,4,2,8,6,4,4,3,4,0,0,0,3,39,0
3,0,0,11,5,4,0,1,4,0,0,0,2,39,0
5,4,0,15,6,2,4,0,4,1,0,0,3,39,1
2,4,0,9,8,4,8,2,4,0,0,0,4,39,0
0,7,0,9,8,4,10,1,4,1,0,0,3,39,0
3,4,1,9,8,2,13,0,4,1,0,0,5,39,1
4,4,1,11,5,0,12,1,4,0,0,0,3,39,0
2,4,0,11,5,4,7,4,2,0,0,0,4,39,0
5,4,1,15,6,2,4,0,4,1,0,0,7,39,1
1,1,1,11,5,2,1,5,4,0,0,0,3,39,1
3,7,3,11,5,4,1,4,2,0,0,0,3,39,0
3,4,0,11,5,0,8,4,4,0,0,0,3,39,0
1,4,0,9,8,4,10,1,4,1,0,0,5,39,0
0,4,0,11,5,0,3,1,4,1,0,0,6,39,0
3,4,0,11,5,0,7,1,4,0,0,0,3,39,0
2,4,0,15,6,2,1,5,2,0,0,0,3,39,0
3,4,3,15,6,2,1,5,2,0,0,0,3,39,1
3,6,1,15,6,2,3,0,4,1,0,0,6,39,0
3,4,0,11,5,2,3,0,4,1,0,0,3,39,1
3,5,1,15,6,4,12,1,4,1,0,5,6,39,0
2,4,1,8,6,2,3,0,4,1,0,0,4,39,0
4,1,0,7,7,2,13,0,2,1,0,0,3,39,0
3,4,0,9,8,2,14,0,4,1,0,0,5,39,0
6,4,0,11,5,6,1,1,4,0,0,0,4,39,0
4,4,0,11,5,2,12,0,4,1,0,0,6,39,1
6,6,2,11,5,2,5,0,4,1,0,0,1,39,0
1,4,3,15,6,4,1,3,2,0,0,0,3,39,0
1,4,1,12,8,4,12,1,4,1,0,0,5,39,1
6,4,1,11,5,2,14,0,4,1,0,0,3,39,1
2,6,0,11,5,2,3,0,4,1,0,0,3,39,1
6,6,0,0,3,2,3,0,4,1,0,0,3,39,0
1,4,2,15,6,2,4,5,4,0,0,0,3,39,0
2,4,0,11,5,2,4,0,4,1,0,0,5,39,0
4,5,1,15,6,2,4,0,4,1,0,0,5,39,1
0,4,1,15,6,4,3,3,4,1,0,0,3,39,0
5,4,0,11,5,2,1,0,4,1,0,0,4,39,0
3,4,1,11,5,0,7,1,4,0,0,0,3,39,0
3,4,1,15,6,2,13,0,4,1,0,0,5,39,1
3,5,0,9,8,2,12,0,1,1,0,0,3,0,1
1,4,1,11,5,4,6,3,4,0,0,0,3,39,0
6,4,2,15,6,2,14,0,4,1,0,2,1,39,0
1,6,0,9,8,4,3,1,4,1,0,0,5,39,0
2,2,0,12,8,0,1,4,4,0,0,0,4,39,0
4,4,0,11,5,0,8,2,2,0,0,0,3,39,0
0,4,0,15,6,4,1,1,1,1,0,0,3,40,0
5,5,1,11,5,2,4,0,4,1,0,0,9,39,1
4,4,0,15,6,2,14,0,4,1,0,0,3,39,1
2,6,0,7,7,4,8,1,2,1,0,0,3,39,0
4,1,1,11,5,2,1,0,2,1,0,4,3,39,1
0,4,1,1,4,4,12,1,4,0,0,0,3,16,0
4,2,0,12,8,2,4,0,4,1,0,0,6,39,1
6,4,1,15,6,2,12,0,4,1,0,4,7,39,0
0,4,1,15,6,4,4,4,2,0,0,0,3,23,0
4,4,0,9,8,3,10,1,4,1,0,0,2,39,1
3,4,0,15,6,0,1,4,4,0,0,0,3,39,0
0,4,1,15,6,4,6,3,4,1,0,0,1,39,0
3,4,1,11,5,5,14,4,2,0,0,0,3,39,0
2,4,0,11,5,4,12,1,4,1,0,0,4,39,0
2,4,1,11,5,2,3,0,4,1,0,0,3,39,1
5,4,2,5,2,2,14,0,4,1,0,0,3,39,0
1,4,0,11,5,2,12,0,4,1,0,0,4,39,0
5,4,1,15,6,6,3,4,4,0,0,0,3,39,0
0,4,1,11,5,4,7,3,4,0,0,0,3,39,0
0,4,1,11,5,4,7,3,4,1,0,0,3,39,0
2,4,1,11,5,2,12,0,4,1,0,0,4,39,0
2,4,0,10,9,2,10,0,4,1,0,0,6,39,0
3,4,1,11,5,4,8,1,4,1,0,0,3,0,0
4,4,1,12,8,2,4,0,4,1,0,0,5,39,1
2,4,0,11,5,4,13,1,4,0,1,0,3,39,1
4,4,1,0,3,2,3,0,4,1,0,0,3,39,0
2,4,1,11,5,2,14,0,4,1,0,0,3,39,0
2,4,1,7,7,2,10,0,4,1,0,0,4,39,1
3,4,2,12,8,2,13,0,4,1,0,4,3,0,1
3,4,1,11,5,2,1,0,4,1,0,3,3,39,1
1,4,1,15,6,3,12,1,4,1,0,0,5,39,0
1,4,0,1,4,4,3,1,4,1,0,0,4,39,0
4,4,1,14,9,2,10,0,4,1,0,0,4,39,0
6,4,1,11,5,6,5,4,4,0,0,0,3,39,0
1,0,1,3,0,4,0,3,1,1,0,0,3,30,0
4,7,0,10,9,2,10,0,4,1,0,0,3,20,1
6,4,0,15,6,0,4,4,4,0,0,0,3,39,0
1,4,1,15,6,4,7,3,2,1,0,0,3,39,0
2,4,0,9,8,4,10,1,4,0,0,0,3,39,0
0,4,0,15,6,4,12,1,4,1,0,0,3,39,0
0,4,2,15,6,4,8,3,4,0,0,0,2,39,0
0,4,0,15,6,4,3,3,4,0,0,0,3,39,0
0,4,0,15,6,0,1,1,4,0,0,0,3,39,0
4,5,0,14,9,2,10,0,4,1,9,0,3,39,1
3,4,2,9,8,2,10,0,4,1,0,0,3,39,1
3,2,0,12,8,2,4,0,4,1,0,4,6,39,1
0,4,0,9,8,4,13,1,4,0,0,0,3,39,0
4,4,1,11,5,2,7,5,4,0,0,0,3,39,0
3,5,1,15,6,2,5,0,4,1,0,0,6,39,0
5,4,1,9,8,2,3,0,4,1,0,0,3,39,0
5,2,2,11,5,0,11,1,4,0,0,0,3,39,0
3,4,2,11,5,0,7,1,4,0,0,0,3,39,0
4,4,1,11,5,5,12,1,4,0,0,0,3,39,0
2,4,0,15,6,2,12,0,4,1,0,0,5,39,1
6,7,1,12,8,5,10,4,4,0,0,0,2,0,0
0,4,1,15,6,4,8,3,4,0,0,0,2,39,0
0,4,2,1,4,4,10,3,4,1,0,0,1,39,0
3,7,0,11,5,2,3,0,4,1,0,0,3,39,0
0,0,0,15,6,4,0,4,4,1,0,0,3,39,0
3,4,2,15,6,2,14,0,2,1,0,0,4,39,1
6,4,0,6,2,5,5,1,2,1,0,0,3,39,0
2,4,0,1,4,4,8,3,1,1,0,0,3,30,0
3,4,0,15,6,2,4,0,4,1,0,0,5,39,0
1,6,0,12,8,0,10,1,1,1,0,0,5,19,1
1,4,0,8,6,2,10,5,4,0,0,0,3,39,0
1,5,0,11,5,2,3,0,4,1,0,0,5,39,0
3,4,1,12,8,2,4,5,4,0,0,5,6,39,1
0,4,0,1,4,4,8,3,0,1,0,0,1,39,0
2,4,2,9,8,4,8,4,3,1,0,0,3,39,0
3,1,1,9,8,4,1,1,4,1,0,0,3,33,0
2,7,1,12,8,2,10,0,4,1,0,0,3,39,1
1,4,0,11,5,4,13,1,4,0,0,0,3,39,0
0,4,1,9,8,4,10,1,4,1,0,0,3,39,0
6,4,1,10,9,0,10,4,4,1,1,0,5,39,1
2,4,0,11,5,2,3,0,4,1,0,4,3,31,0
0,4,2,11,5,4,12,3,4,0,0,0,2,39,0
3,4,0,15,6,2,3,0,4,1,0,3,5,39,0
1,4,0,15,6,4,3,1,2,1,0,0,3,39,0
5,4,0,3,0,2,6,0,4,1,0,0,2,39,0
3,6,0,15,6,2,8,5,4,0,0,0,1,39,1
5,6,0,5,2,2,12,0,4,1,0,0,8,39,0
2,4,1,8,6,4,13,1,4,0,0,4,3,39,0
3,5,0,12,8,2,4,5,4,0,1,0,2,20,1
3,4,1,11,5,2,1,5,4,0,0,0,2,39,1
6,4,0,11,5,2,4,0,4,1,0,0,3,39,1
4,5,0,15,6,2,12,0,4,1,0,0,9,39,1
4,4,1,11,5,2,3,0,4,1,0,0,3,39,1
3,7,0,11,5,2,14,0,4,1,0,0,3,39,1
3,4,1,15,6,0,1,1,4,0,0,0,5,39,0
3,4,0,11,5,2,8,0,4,1,0,0,4,39,0
2,4,2,8,6,4,8,1,4,0,0,0,6,39,0
0,4,0,9,8,4,4,3,4,0,0,0,6,39,0
3,4,1,11,5,4,1,1,4,0,0,0,4,39,0
5,4,0,9,8,0,1,1,4,0,1,0,3,39,1
2,4,1,2,4,4,4,1,4,1,0,0,5,39,0
6,4,1,11,5,6,8,1,4,0,0,0,2,39,0
2,4,1,11,5,2,1,0,4,1,0,0,4,39,1
3,4,1,12,8,0,4,4,4,0,0,0,4,39,0
6,0,1,11,5,6,0,1,4,0,0,0,3,39,0
2,4,0,15,6,2,4,0,4,1,0,0,6,39,0
3,4,1,7,7,0,10,4,4,0,0,0,3,39,0
4,4,1,15,6,0,12,1,4,0,0,0,6,39,0
1,4,1,11,5,4,3,2,3,1,0,0,3,27,0
3,5,0,9,8,2,4,0,4,1,0,0,5,39,0
3,1,0,8,6,0,3,1,4,1,0,0,3,39,0
4,4,1,11,5,3,12,4,4,0,0,0,1,5,0
2,4,2,11,5,5,12,4,2,0,0,0,3,39,0
0,4,0,15,6,4,8,1,4,1,0,0,4,39,0
4,4,1,9,8,2,10,0,4,1,0,0,3,39,1
0,4,1,11,5,4,4,1,4,1,0,0,5,39,0
2,4,2,11,5,2,3,0,4,1,0,0,3,39,0
0,6,0,11,5,5,8,4,4,0,0,0,5,39,0
7,4,2,9,8,0,6,1,4,1,0,0,3,39,0
4,4,2,7,7,2,10,5,4,0,0,0,2,39,1
0,4,0,15,6,4,12,1,1,0,0,0,5,30,0
0,4,2,11,5,4,8,3,4,1,0,0,2,39,0
2,4,0,11,5,0,1,2,4,0,0,0,3,39,0
0,4,0,9,8,4,1,1,4,0,0,0,2,39,0
4,4,1,11,5,2,7,5,4,0,0,0,3,8,0
7,0,0,11,5,2,0,0,4,1,0,0,7,39,0
2,4,0,9,8,4,10,1,4,0,0,0,4,39,0
1,2,0,10,9,0,10,1,4,0,0,0,3,39,0
4,4,1,15,6,2,4,0,4,1,0,0,6,39,1
4,4,2,15,6,0,1,4,4,0,0,0,3,39,0
4,4,0,11,5,2,3,0,4,1,0,0,3,39,0
2,4,2,15,6,2,4,0,4,1,0,0,5,39,0
5,4,0,11,5,6,1,1,4,0,0,0,3,39,0
0,4,1,9,8,4,1,2,1,0,0,0,3,36,0
0,4,4,15,6,4,8,3,2,1,0,0,3,39,0
3,6,2,7,7,2,14,0,4,1,0,0,5,39,0
1,7,2,2,4,2,13,5,4,0,0,0,3,39,1
3,4,0,15,6,6,1,1,4,0,0,0,6,39,0
3,4,1,15,6,2,3,0,4,1,0,0,4,39,1
0,4,1,11,5,4,5,4,4,1,0,0,3,39,0
3,4,0,12,8,2,10,0,4,1,0,4,3,39,1
2,4,1,7,7,0,10,4,4,1,0,0,2,39,0
2,4,0,0,3,0,12,3,4,1,0,0,3,39,0
0,4,1,9,8,4,4,1,4,1,0,0,3,39,0
1,6,1,11,5,4,3,1,4,1,0,0,4,39,0
1,4,0,9,8,4,13,1,4,0,0,0,5,39,0
0,0,1,15,6,4,0,3,4,0,0,0,2,39,0
3,4,1,6,2,2,8,0,4,1,0,0,5,28,0
0,1,0,11,5,4,6,3,4,1,0,0,4,39,0
4,4,1,9,8,2,10,0,0,1,1,0,3,39,1
6,6,0,10,9,2,10,0,4,1,0,0,5,2,0
5,4,1,1,4,2,3,0,4,1,0,0,4,39,0
3,4,2,15,6,2,14,0,4,1,0,0,6,39,1
5,4,1,11,5,2,12,0,4,1,0,0,3,39,0
0,4,1,0,3,5,8,4,4,0,0,0,3,39,0
3,4,0,8,6,4,14,1,4,1,0,0,5,39,0
4,4,1,4,1,0,5,4,4,1,0,0,3,39,0
1,4,1,11,5,4,14,4,2,0,0,0,2,39,0
2,4,0,12,8,2,10,5,1,0,0,0,3,3,1
0,4,1,11,5,4,3,3,4,1,0,0,3,39,0
2,4,0,15,6,2,6,0,4,1,0,0,3,39,0
3,4,1,11,5,4,6,2,4,1,0,0,3,39,0
5,6,1,15,6,0,3,1,4,1,0,0,4,39,0
9,4,2,1,4,4,6,3,4,1,0,0,3,39,0
1,4,0,11,5,4,1,1,4,0,0,0,3,39,0
4,4,0,11,5,4,1,1,4,0,0,0,4,39,0
0,4,2,11,5,4,3,3,4,1,0,0,3,39,0
3,2,0,15,6,2,5,0,4,1,0,0,3,39,1
3,4,1,9,8,2,1,0,4,1,0,0,3,26,0
2,6,0,11,5,2,3,0,4,1,0,0,3,39,0
4,4,1,11,5,0,3,4,4,1,0,0,3,39,0
2,4,1,11,5,0,14,1,4,1,0,0,3,39,0
3,6,0,15,6,2,3,0,4,1,0,0,5,39,0
4,4,1,8,6,2,12,0,4,1,0,0,3,39,1
2,4,0,8,6,0,10,4,4,0,0,0,3,39,0
3,4,0,12,8,0,4,1,4,0,0,0,5,39,1
7,0,1,9,8,2,0,0,4,1,0,0,2,39,0
0,4,2,11,5,4,1,3,4,1,0,0,2,39,0
2,6,0,9,8,2,3,0,4,1,0,0,6,39,1
2,4,0,8,6,2,7,0,4,1,0,3,5,39,0
0,4,0,15,6,4,12,3,4,0,0,0,1,39,0
2,4,0,0,3,2,3,0,4,1,0,0,7,26,0
1,0,1,9,8,4,0,1,4,1,0,0,1,39,0
4,6,1,11,5,2,5,0,4,1,1,0,5,39,1
1,4,1,11,5,2,7,0,4,1,0,0,3,39,0
3,4,1,9,8,2,12,0,4,1,0,0,4,39,1
3,4,2,7,7,2,5,0,4,1,0,0,6,39,1
2,4,1,11,5,4,6,1,2,1,0,0,3,39,0
0,7,2,15,6,4,1,3,4,0,0,0,1,39,0
3,4,0,12,8,2,10,0,1,1,0,0,5,36,1
6,4,1,5,2,6,5,1,2,1,0,0,3,39,0
1,5,0,9,8,4,12,1,4,1,0,0,5,39,0
2,5,0,11,5,0,12,4,4,1,0,0,5,39,0
1,0,1,15,6,2,0,5,4,0,0,0,1,39,0
2,4,1,11,5,2,14,0,1,1,0,0,3,0,0
2,6,1,9,8,2,10,0,4,1,0,0,0,39,1
0,7,0,15,6,4,8,3,4,1,0,0,4,39,0
8,0,0,8,6,3,0,1,4,0,0,0,2,39,0
1,4,0,11,5,2,7,0,2,1,0,0,3,39,0
2,7,0,15,6,0,11,4,0,0,0,0,3,39,1
4,6,0,15,6,2,10,0,4,1,0,0,3,39,1
0,4,0,8,6,4,13,1,4,0,0,0,3,39,0
2,4,3,11,5,5,6,1,4,0,0,0,3,39,0
4,4,1,11,5,0,3,4,4,0,0,0,3,39,0
4,6,1,15,6,2,3,0,4,1,0,0,3,20,1
4,4,1,8,6,6,4,4,4,0,0,0,3,39,0
4,4,1,11,5,2,7,0,4,1,0,0,5,39,1
1,2,1,11,5,2,14,0,4,1,0,0,6,39,0
0,4,3,15,6,4,8,3,4,0,0,0,3,39,0
6,2,0,11,5,2,5,0,4,1,0,0,3,39,0
1,6,2,15,6,2,7,0,4,1,0,0,4,39,0
3,4,0,1,4,2,3,0,4,1,0,0,3,39,0
1,6,1,12,8,2,4,5,4,0,0,0,2,39,1
2,2,1,12,8,4,10,1,4,1,0,0,3,39,0
1,4,0,15,6,2,3,0,1,1,0,0,3,39,0
1,4,0,15,6,2,13,0,4,1,0,0,3,39,0
1,4,0,11,5,2,3,0,4,1,0,0,3,32,0
2,4,0,2,4,0,4,1,4,1,0,0,3,39,0
3,4,2,14,9,4,10,1,4,1,0,0,3,39,1
0,4,1,15,6,4,8,1,4,0,0,0,2,39,0
1,4,1,9,8,4,4,1,4,1,0,5,4,39,1
2,4,1,12,8,2,4,0,4,1,0,0,6,39,1
4,4,1,11,5,0,1,4,4,0,0,0,5,39,0
3,4,0,11,5,2,7,5,4,0,0,0,3,39,1
3,2,0,9,8,2,11,0,4,1,1,0,3,39,1
2,4,0,11,5,4,8,3,4,0,0,0,3,39,0
1,4,0,15,6,4,7,3,4,1,0,0,3,19,0
8,4,0,12,8,6,10,1,4,0,0,0,0,39,0
3,4,2,11,5,0,5,1,4,1,0,0,4,39,0
4,4,0,15,6,0,1,4,4,0,0,0,4,39,0
2,2,0,11,5,4,1,4,0,1,0,0,5,39,0
0,4,0,15,6,4,12,3,4,0,0,0,0,39,0
0,4,2,15,6,4,1,3,4,0,0,0,3,39,0
6,6,2,14,9,0,10,1,4,1,0,3,3,39,0
3,7,1,12,8,2,10,0,4,1,0,0,6,39,1
0,4,0,11,5,4,13,3,4,1,0,0,3,39,0
6,4,0,0,3,2,5,0,4,1,0,0,5,39,0
0,4,0,8,6,4,14,3,1,1,0,0,3,35,0
5,2,0,0,3,2,1,0,4,1,0,0,3,39,0
2,2,1,11,5,2,4,0,4,1,0,0,3,39,0
2,4,1,9,8,4,4,2,1,0,0,0,3,30,0
5,4,1,11,5,4,1,1,4,0,0,0,3,39,0
2,2,1,8,6,2,4,0,4,1,0,0,3,39,0
3,4,2,15,6,2,3,0,2,1,0,0,4,39,1
1,0,1,1,4,4,0,3,4,1,0,0,3,39,0
0,4,0,11,5,4,12,3,4,0,0,0,3,39,0
3,0,1,8,6,2,0,5,2,0,0,0,3,39,1
0,4,0,15,6,4,4,3,4,1,0,0,2,39,0
2,6,0,11,5,2,5,5,4,0,0,5,1,39,0
5,2,1,11,5,2,8,0,4,1,0,0,3,39,0
0,4,2,15,6,4,5,1,4,1,0,0,1,39,0
3,4,1,8,6,4,10,1,4,0,0,3,3,39,1
2,4,2,9,8,2,4,0,4,1,0,4,7,39,1
3,4,0,15,6,0,7,1,4,0,0,0,3,39,0
2,4,1,11,5,0,8,4,4,0,0,0,1,39,0
5,4,0,11,5,2,1,0,4,1,0,0,5,39,1
2,2,0,11,5,0,3,4,4,1,0,0,3,39,0
2,4,1,15,6,2,12,0,4,1,0,0,4,39,0
1,4,1,7,7,2,1,0,4,1,0,0,3,22,0
1,4,0,9,8,4,10,1,4,0,0,0,6,28,0
3,4,0,11,5,0,12,1,4,0,0,0,5,39,1
0,4,0,15,6,4,3,1,4,1,0,0,3,39,0
4,4,2,4,1,2,14,0,4,1,0,0,3,39,0
1,2,1,11,5,0,13,4,4,0,0,0,3,39,0
1,4,2,15,6,4,3,3,4,0,0,0,5,39,0
7,4,1,9,8,2,10,0,4,1,0,0,2,39,0
1,7,0,15,6,4,14,1,2,1,0,0,3,39,0
1,5,2,11,5,2,6,0,4,1,0,0,6,39,0
2,4,1,15,6,0,4,1,4,0,0,0,0,39,0
1,4,0,9,8,2,10,5,4,0,0,0,3,39,0
0,4,1,15,6,4,12,1,4,0,0,0,5,39,0
8,4,0,14,9,2,10,0,4,1,0,0,3,39,1
2,6,1,9,8,2,10,0,2,1,0,4,4,39,1
3,0,0,11,5,0,0,4,4,0,0,0,3,39,0
0,4,1,15,6,2,8,0,4,1,0,0,3,39,0
0,4,0,1,4,4,8,3,4,1,0,0,1,39,0
4,5,1,15,6,2,14,0,4,1,0,0,5,39,1
4,4,3,15,6,2,3,0,4,1,0,0,3,13,0
0,4,0,15,6,4,7,3,3,1,0,0,1,39,0
3,4,0,15,6,4,3,1,4,1,0,0,3,39,0
0,4,0,9,8,4,11,1,4,0,0,0,3,39,0
1,4,1,11,5,5,7,4,4,0,0,0,3,39,0
0,4,1,15,6,4,8,3,4,1,0,0,3,39,0
0,7,1,15,6,4,8,3,4,0,0,0,1,39,0
3,4,0,11,5,2,3,0,4,1,0,0,5,39,0
3,1,0,15,6,4,1,4,4,0,0,0,3,39,0
2,4,1,11,5,2,7,0,4,1,0,0,3,39,0
2,4,0,15,6,2,4,3,4,0,0,0,3,24,0
6,6,0,11,5,2,5,0,4,1,1,0,6,39,1
5,4,0,4,1,0,7,1,2,1,0,0,3,39,0
1,2,1,9,8,4,10,3,4,0,0,0,3,39,0
2,4,1,9,8,4,10,3,4,1,0,0,3,39,0
4,4,1,15,6,2,4,0,4,1,0,0,6,39,1
1,4,1,15,6,2,14,0,4,1,0,0,3,39,1
3,1,0,12,8,0,1,1,4,1,0,4,6,39,0
6,5,0,14,9,5,10,1,4,1,0,0,3,39,1
4,6,0,15,6,2,3,0,4,1,0,0,5,39,1
3,4,0,9,8,2,4,0,4,1,0,0,3,39,0
4,4,0,15,6,2,12,5,4,0,0,0,5,2,1
5,5,1,15,6,2,4,0,4,1,0,0,6,39,1
4,4,1,15,6,2,6,0,4,1,0,0,5,39,0
1,7,1,14,9,4,10,1,4,1,0,0,9,39,0
1,4,1,9,8,4,10,1,4,1,0,0,5,39,1
4,6,1,14,9,4,10,1,4,1,0,0,3,39,1
3,1,1,15,6,0,4,4,4,1,0,0,6,39,1
1,6,1,1,4,4,3,1,4,1,0,0,3,26,0
4,4,1,6,2,0,6,1,4,0,0,0,3,39,0
2,6,0,0,3,4,8,3,4,0,0,0,3,39,0
0,4,0,15,6,4,1,1,4,0,0,0,2,39,0
4,4,0,11,5,2,3,0,4,1,0,0,4,39,1
5,4,1,9,8,2,4,0,1,1,0,0,3,35,0
2,6,0,11,5,0,4,1,4,1,0,0,6,39,1
0,4,2,2,4,4,5,3,4,1,0,0,5,39,0
4,4,2,1,4,2,14,0,4,1,0,4,3,39,0
5,6,2,14,9,6,10,1,4,1,0,0,5,39,1
1,4,0,9,8,2,4,5,4,0,0,0,5,39,1
0,4,1,11,5,4,1,1,4,0,0,0,4,39,0
2,2,1,8,6,4,1,3,4,1,0,3,5,39,0
8,4,0,15,6,2,1,0,4,1,0,0,1,39,0
4,4,0,15,6,2,4,0,4,1,0,4,5,39,1
2,7,0,9,8,0,10,1,4,1,0,0,5,39,0
3,4,1,9,8,2,14,0,4,1,0,0,3,39,1
4,4,0,11,5,2,1,5,2,0,0,0,3,39,0
3,4,1,15,6,2,10,0,4,1,0,0,5,39,1
0,4,1,11,5,4,6,3,4,0,0,3,1,39,0
0,4,1,7,7,4,1,3,4,0,0,0,0,39,0
5,4,1,2,4,2,14,0,4,1,0,0,3,39,1
2,2,0,11,5,2,11,0,4,1,0,0,3,39,0
0,4,0,1,4,4,6,3,4,1,0,0,1,39,0
3,5,0,8,6,2,4,0,2,1,0,0,3,39,1
6,4,0,9,8,2,7,0,4,1,0,0,3,39,0
5,4,2,11,5,0,14,1,4,1,0,0,4,39,0
6,0,1,9,8,0,0,1,4,1,0,0,0,39,0
1,4,1,15,6,6,1,4,4,0,0,0,3,39,0
2,4,1,12,8,4,10,1,4,1,0,0,6,39,0
1,4,1,11,5,2,7,0,2,1,0,0,3,39,0
3,4,0,11,5,0,7,3,4,1,0,0,3,39,0
4,0,1,11,5,2,0,0,4,1,0,0,3,39,0
0,4,0,15,6,4,12,3,4,0,0,0,1,39,0
3,2,1,9,8,2,11,0,4,1,0,0,5,39,1
3,6,0,11,5,2,3,0,4,1,0,0,3,39,0
5,4,0,9,8,2,12,0,2,1,0,0,4,39,1
1,4,0,11,5,4,8,3,4,0,0,0,3,39,0
0,4,0,0,3,4,12,3,4,0,0,0,0,39,0
7,6,0,9,8,2,5,0,4,1,0,0,2,39,0
2,4,0,15,6,4,8,1,4,1,0,0,5,39,0
4,4,0,9,8,2,12,0,4,1,0,0,6,39,1
6,5,2,15,6,2,12,0,4,1,0,0,3,39,0
1,2,1,9,8,4,3,3,4,1,0,0,2,39,0
3,4,0,2,4,0,14,4,2,1,0,0,3,39,0
3,4,1,12,8,2,12,0,4,1,1,0,5,0,1
2,4,1,11,5,2,7,0,4,1,9,0,5,39,1
0,4,1,8,6,2,3,0,4,1,0,0,3,13,0
2,4,1,11,5,2,8,0,4,1,0,0,3,39,0
3,1,2,12,8,4,13,1,4,0,0,0,3,39,0
3,4,1,11,5,2,3,0,4,1,0,0,3,39,0
2,4,0,11,5,2,3,0,4,1,0,0,3,22,0
5,4,0,6,2,2,7,0,4,1,0,0,3,39,0
2,7,2,11,5,4,8,4,2,0,0,0,3,39,0
4,4,0,6,2,6,1,4,4,0,0,0,3,39,0
5,1,0,15,6,0,8,1,4,1,0,0,3,39,0
2,4,0,9,8,4,4,1,4,1,0,0,5,39,0
4,4,0,9,8,0,4,1,4,1,0,5,5,39,1
1,4,0,11,5,4,7,1,4,1,0,0,4,39,0
2,0,0,2,4,5,0,4,2,0,0,0,5,39,0
2,4,1,11,5,0,3,1,4,1,0,0,3,39,0
3,4,1,11,5,2,7,0,4,1,0,0,3,39,0
1,4,0,11,5,4,4,1,4,1,0,0,3,39,0
2,4,1,9,8,2,10,0,4,1,0,0,3,0,1
1,4,0,11,5,2,14,5,4,0,0,0,3,39,1
2,4,2,12,8,4,4,1,1,1,0,0,3,39,0
2,7,0,12,8,4,10,1,2,0,0,0,3,39,0
3,6,2,11,5,2,3,0,4,1,0,0,2,39,0
6,4,3,15,6,2,4,0,4,1,0,0,4,39,1
2,4,1,9,8,4,4,1,4,0,0,0,7,39,0
3,7,0,12,8,2,10,0,4,1,0,4,4,39,1
2,4,4,9,8,4,4,1,2,1,0,0,6,39,1
3,4,0,15,6,2,7,0,4,1,0,0,6,39,0
0,4,1,1,4,4,6,3,4,1,0,0,1,39,0
3,4,1,11,5,2,5,0,4,1,0,0,2,39,0
6,4,1,11,5,0,10,1,4,0,0,0,7,39,0
4,4,2,15,6,0,14,1,4,1,0,0,5,39,0
5,5,1,11,5,0,12,4,4,0,0,0,5,39,1
1,1,1,15,6,4,4,1,2,1,0,0,3,39,0
1,4,1,5,2,5,8,3,4,1,0,0,6,26,0
4,4,1,8,6,2,7,0,4,1,0,0,3,39,1
4,4,1,11,5,0,3,3,2,1,0,0,3,39,0
2,4,1,11,5,2,14,0,4,1,0,0,8,39,1
0,4,1,15,6,4,8,3,4,0,0,0,1,39,0
5,4,1,15,6,2,7,0,4,1,0,0,3,39,0
1,4,0,11,5,2,8,0,4,1,0,0,3,39,0
3,4,1,9,8,5,7,4,2,0,0,0,0,39,0
0,0,0,9,8,4,0,3,4,1,0,0,5,39,0
1,4,2,7,7,2,6,0,4,1,0,0,3,27,0
2,7,1,15,6,4,13,1,4,0,0,0,3,39,0
0,4,2,11,5,4,14,3,4,1,0,0,3,39,0
3,4,1,15,6,2,4,0,4,1,9,0,5,39,1
1,4,1,11,5,2,3,0,4,1,0,0,3,39,1
1,6,1,9,8,4,13,1,4,1,0,0,4,39,0
1,2,1,1,4,0,8,4,2,0,0,0,1,39,0
1,4,0,9,8,2,4,0,4,1,0,4,5,39,1
1,4,0,11,5,4,3,3,4,1,0,0,3,39,0
3,4,1,12,8,4,4,1,4,1,0,0,4,39,1
4,4,0,1,4,2,8,5,4,0,0,0,3,39,0
3,6,1,9,8,0,10,1,4,1,0,0,4,39,0
0,1,0,7,7,4,4,4,4,0,0,0,3,39,0
0,4,0,4,1,2,6,0,4,1,0,0,3,26,0
1,6,0,11,5,0,3,1,4,1,0,0,6,39,0
0,4,1,1,4,4,12,3,4,0,0,0,1,39,0
3,4,1,3,0,2,7,0,4,1,0,0,3,26,1
3,4,1,7,7,2,10,0,4,1,0,0,5,39,0
5,7,2,9,8,0,10,1,4,0,0,5,3,39,0
0,4,0,12,8,4,12,1,4,0,0,0,1,39,0
4,4,0,8,6,0,10,1,4,0,0,3,3,39,0
5,2,0,11,5,2,14,0,4,1,0,0,4,39,0
3,4,0,8,6,2,7,0,4,1,0,0,3,39,0
4,4,1,12,8,2,4,0,4,1,0,0,5,39,1
1,0,1,15,6,0,0,1,4,0,0,0,3,39,0
3,4,1,8,6,4,12,1,4,0,0,0,3,39,0
4,4,1,15,6,2,3,0,4,1,0,0,3,39,1
0,4,0,15,6,4,6,1,4,0,0,0,3,39,0
3,4,1,7,7,0,10,4,4,0,0,0,3,39,0
0,4,0,1,4,4,8,3,2,1,0,0,1,39,0
5,4,1,4,1,2,3,0,4,1,0,0,5,39,0
3,4,1,9,8,2,10,0,4,1,0,0,6,39,1
3,4,0,7,7,2,4,0,4,1,0,0,4,39,1
4,4,0,11,5,2,3,0,4,1,0,0,3,39,1
0,4,1,11,5,2,8,0,4,1,0,0,3,39,0
1,4,2,0,3,2,6,0,4,1,0,0,3,39,0
4,2,0,14,9,4,10,1,4,0,0,0,5,39,1
1,4,0,11,5,4,4,1,4,0,0,0,5,39,0
3,4,0,9,8,2,8,5,1,0,0,0,4,0,0
3,6,1,11,5,2,3,0,4,1,0,0,7,39,1
0,4,2,9,8,4,8,1,4,1,0,0,3,39,0
3,4,0,8,6,2,4,0,4,1,0,0,5,39,1
0,4,1,9,8,4,10,3,4,1,0,0,3,39,0
5,4,1,9,8,4,10,1,4,1,0,0,9,39,0
0,4,1,1,4,4,6,3,2,1,0,0,3,39,0
4,5,1,12,8,2,12,0,4,1,0,0,3,39,1
1,4,1,9,8,4,12,2,4,0,0,0,4,39,0
2,4,1,11,5,0,4,4,4,0,0,0,3,39,0
3,4,0,11,5,4,6,1,4,0,0,0,3,39,0
2,4,0,7,7,2,10,0,4,1,0,0,5,39,0
9,4,1,11,5,2,3,0,4,1,0,0,5,7,1
2,4,1,5,2,2,7,0,4,1,0,0,3,26,0
2,4,1,9,8,2,4,5,4,0,0,0,5,39,1
3,5,1,15,6,2,4,0,4,1,0,0,5,39,1
8,2,0,11,5,2,4,0,4,1,0,0,0,39,0
2,4,0,9,8,2,3,0,4,1,0,0,4,39,0
0,4,1,0,3,4,6,3,4,0,0,0,2,39,0
2,4,1,7,7,2,13,0,4,1,0,0,3,39,1
4,5,1,11,5,2,12,0,4,1,9,0,3,39,1
2,4,1,9,8,2,12,0,4,1,0,0,4,39,0
3,5,2,14,9,2,10,0,4,1,0,3,5,39,1
0,4,0,11,5,2,3,0,4,1,0,0,3,39,0
1,4,1,9,8,2,14,0,4,1,0,0,1,39,0
0,0,1,15,6,4,0,3,4,1,0,0,1,39,0
2,4,0,11,5,0,4,1,4,0,0,0,3,39,0
2,4,0,15,6,0,5,1,4,0,0,3,5,39,0
3,4,1,12,8,2,10,0,4,1,0,0,5,39,1
2,4,1,15,6,2,7,0,4,1,0,0,3,39,0
7,0,0,8,6,6,0,4,4,0,0,0,3,39,0
5,0,1,0,3,6,0,4,4,0,0,0,3,39,0
2,4,0,11,5,4,8,3,4,0,0,0,3,39,0
2,4,0,12,8,0,10,3,4,0,0,0,6,39,1
1,4,1,8,6,2,7,0,0,1,0,0,3,39,0
6,4,0,15,6,2,8,0,4,1,0,0,3,39,0
3,4,1,0,3,4,14,4,4,1,0,0,3,39,1
5,0,1,15,6,2,0,0,4,1,0,0,5,39,0
8,0,0,14,9,2,0,0,4,1,0,0,0,39,0
3,4,1,12,8,0,10,4,4,0,0,5,3,39,1
4,4,1,11,5,2,8,5,2,0,0,0,3,39,1
1,4,0,10,9,2,10,0,4,1,0,4,9,39,1
3,4,1,15,6,2,7,0,4,1,0,0,3,39,0
4,6,0,11,5,0,4,1,4,0,9,0,3,39,1
1,2,1,11,5,4,11,4,4,1,0,0,4,39,0
7,5,1,9,8,5,4,1,4,1,0,0,3,39,0
3,4,1,15,6,2,10,0,4,1,0,0,3,39,1
3,4,1,9,8,2,3,0,1,1,0,0,3,0,1
1,4,1,9,8,4,4,1,4,1,0,0,3,39,0
0,3,0,15,6,4,0,3,4,1,0,0,0,39,0
1,4,1,0,3,2,7,0,4,1,0,0,3,39,0
4,7,0,11,5,0,1,4,1,0,0,0,3,39,0
1,4,1,9,8,4,12,1,4,1,0,0,4,39,0
5,4,0,12,8,2,10,0,4,1,0,0,3,39,1
1,2,1,9,8,4,10,1,4,1,0,0,3,39,0
3,4,0,9,8,2,4,0,4,1,0,0,6,39,1
1,4,0,11,5,2,12,5,4,0,0,0,3,39,1
1,4,1,14,9,4,10,1,4,0,0,0,8,0,0
0,4,1,1,4,4,7,3,4,1,0,0,3,39,0
2,4,0,4,1,2,7,5,1,0,0,0,3,25,1
0,4,1,1,4,2,7,0,4,1,0,0,3,39,0
0,4,0,0,3,4,3,4,4,1,0,0,3,39,0
1,4,1,11,5,0,3,1,4,1,0,0,4,39,0
2,4,0,9,8,2,8,0,4,1,0,0,7,39,0
3,5,0,10,9,2,10,5,4,0,0,0,7,39,1
1,4,1,11,5,4,4,1,4,0,0,0,3,39,0
6,1,0,15,6,2,4,0,2,1,0,4,3,39,1
0,4,1,15,6,4,1,3,4,0,0,0,3,39,0
3,4,0,9,8,2,12,0,4,1,0,0,5,39,0
0,4,0,11,5,4,8,3,4,1,0,0,3,39,0
2,4,1,15,6,0,1,4,4,0,0,0,3,39,0
0,4,1,11,5,4,6,2,2,1,0,0,3,39,0
2,4,1,11,5,2,4,0,4,1,0,0,3,39,0
2,4,1,14,9,2,10,0,4,1,0,0,5,39,1
3,2,2,15,6,0,11,4,4,0,0,0,3,39,0
0,4,1,9,8,4,13,3,4,1,0,0,3,39,0
0,0,0,1,4,4,0,3,2,0,0,0,3,39,0
3,7,0,15,6,2,4,0,4,1,0,0,3,39,1
0,4,1,11,5,4,12,3,4,0,0,0,3,39,0
5,2,1,11,5,2,5,0,4,1,0,0,3,39,0
1,4,1,11,5,2,1,5,4,0,0,0,3,39,0
5,2,0,9,8,2,10,5,4,0,0,0,4,39,1
2,4,0,15,6,4,1,1,4,1,0,0,3,39,0
3,4,2,11,5,2,1,0,4,1,0,0,3,39,1
1,4,1,15,6,2,3,0,4,1,0,0,3,39,0
0,0,1,15,6,4,0,3,1,1,0,0,1,3,0
0,4,1,2,4,4,12,3,2,0,0,0,1,39,0
0,4,0,7,7,4,12,3,4,1,0,0,1,39,0
8,4,0,11,5,6,1,1,4,1,0,0,0,39,0
2,4,2,9,8,2,4,0,4,1,0,0,5,39,1
5,4,0,15,6,2,12,0,4,1,0,0,4,39,1
1,4,1,11,5,2,3,0,4,1,0,0,3,39,0
4,5,0,9,8,2,5,0,4,1,0,0,7,39,1
4,4,0,8,6,2,13,0,4,1,0,0,5,39,1
6,6,1,11,5,4,8,1,4,1,0,0,3,39,0
5,2,1,7,7,0,10,1,4,0,0,0,5,39,0
2,2,1,15,6,2,11,0,4,1,0,0,4,39,0
2,4,1,11,5,0,6,3,4,1,0,0,3,39,0
8,0,0,0,3,6,0,1,4,1,0,0,1,39,0
5,7,0,11,5,2,4,0,4,1,0,0,3,39,0
1,4,0,9,8,2,4,0,4,1,0,0,3,39,0
2,4,2,9,8,4,4,3,4,0,1,0,3,39,1
3,4,1,15,6,0,1,1,4,0,0,0,2,39,0
2,4,1,11,5,2,14,0,4,1,0,0,1,39,0
4,2,0,15,6,2,11,0,4,1,0,0,3,39,1
4,2,1,15,6,2,11,0,4,1,0,4,3,39,1
1,4,0,11,5,4,3,2,4,1,0,0,3,39,0
1,2,0,11,5,2,3,0,4,1,0,0,3,39,0
0,4,1,15,6,4,1,3,4,1,0,0,3,39,0
5,7,1,10,9,0,10,1,4,1,0,0,6,39,1
0,0,0,15,6,4,0,3,4,1,0,0,8,39,0
5,4,0,10,9,2,10,0,4,1,0,0,6,39,1
0,4,2,0,3,5,12,1,4,0,0,0,3,39,0
4,4,1,15,6,2,4,0,4,1,0,0,3,39,1
4,4,0,10,9,2,10,0,4,1,0,0,4,39,1
0,2,1,15,6,4,11,2,4,0,0,0,4,39,0
5,4,0,11,5,2,4,0,4,1,0,0,3,39,1
1,6,1,1,4,2,3,0,4,1,0,0,3,39,0
2,4,3,1,4,5,14,1,2,1,0,0,3,39,0
4,4,1,11,5,2,3,0,4,1,0,0,5,39,0
2,1,1,15,6,4,1,1,2,0,0,0,7,39,0
2,4,1,9,8,2,4,0,4,1,0,0,5,39,1
3,6,1,14,9,2,10,0,4,1,0,0,3,39,1
2,4,1,0,3,2,14,0,4,1,0,0,7,39,0
2,4,0,15,6,2,4,0,4,1,0,0,3,39,1
2,0,2,5,2,5,0,4,2,0,0,0,3,39,0
1,4,1,15,6,4,1,1,4,0,0,0,3,39,0
2,4,1,11,5,0,3,4,4,1,0,0,3,39,0
2,4,2,12,8,4,4,1,2,0,0,0,3,39,1
0,7,1,7,7,4,8,3,4,1,0,3,1,39,0
2,4,1,9,8,4,3,1,4,1,0,0,3,39,0
1,6,0,15,6,2,4,0,4,1,0,0,3,39,0
3,4,1,9,8,0,4,4,4,0,0,0,3,39,0
3,4,0,0,3,0,1,3,2,1,0,0,3,39,0
2,4,0,11,5,2,3,0,4,1,0,0,3,39,1
8,0,1,7,7,2,0,0,4,1,0,0,0,39,0
4,6,0,15,6,2,3,0,4,1,0,0,6,31,0
5,4,1,15,6,2,3,0,4,1,0,0,3,39,1
2,7,2,10,9,2,10,0,4,1,0,0,3,39,1
0,4,1,15,6,4,12,3,4,0,0,0,3,39,0
0,0,1,11,5,4,0,3,4,0,0,0,3,39,0
2,4,0,1,4,4,8,1,4,0,0,0,3,21,0
2,4,2,1,4,0,5,1,4,1,0,0,3,39,0
4,4,0,11,5,2,12,0,4,1,0,0,3,39,0
1,4,1,9,8,4,10,1,1,0,0,0,3,39,0
5,4,0,11,5,2,12,0,4,1,0,0,3,39,0
3,4,1,12,8,2,10,0,4,1,0,0,3,39,0
8,0,0,5,2,6,0,1,4,1,0,0,0,39,0
5,4,0,15,6,0,10,4,4,1,0,0,4,39,0
4,0,1,6,2,2,0,0,4,1,0,0,5,39,0
3,4,1,9,8,2,6,0,2,1,0,0,3,14,1
3,4,1,11,5,0,13,4,4,0,0,0,5,39,0
2,4,0,9,8,2,4,0,4,1,0,0,5,39,1
4,6,0,9,8,2,12,0,4,1,0,0,3,39,1
0,4,1,11,5,4,14,3,4,1,0,0,3,39,0
1,4,0,8,6,2,13,0,4,1,0,0,3,39,0
2,1,0,11,5,0,3,4,4,1,0,0,3,39,0
3,7,1,11,5,2,14,0,0,1,0,0,3,39,0
2,4,0,9,8,2,10,0,4,1,0,0,3,39,1
1,4,0,9,8,2,10,0,4,1,0,0,4,39,1
1,0,1,0,3,4,0,4,2,0,0,0,3,39,0
2,1,1,11,5,4,1,4,4,0,0,0,3,39,0
6,0,0,11,5,2,0,0,4,1,0,3,3,39,1
0,4,0,15,6,4,1,3,4,0,0,0,2,39,0
3,2,1,11,5,4,1,1,4,0,0,0,3,39,0
3,4,1,15,6,2,4,0,4,1,0,0,4,39,1
5,7,1,9,8,2,1,0,4,1,0,0,3,39,1
4,1,0,11,5,2,1,0,4,1,0,0,3,39,0
3,5,1,7,7,2,4,5,4,0,0,0,3,39,0
1,4,2,11,5,4,1,4,4,0,0,0,1,39,0
2,4,1,7,7,2,8,5,4,0,0,0,2,39,0
1,2,1,7,7,4,3,3,4,1,0,0,0,39,0
5,4,1,11,5,2,3,0,4,1,0,0,3,39,1
1,4,1,9,8,4,12,1,1,1,0,0,1,35,0
4,4,0,11,5,4,1,1,4,1,0,4,3,39,0
0,7,0,15,6,4,13,3,4,1,0,0,1,39,0
6,6,0,11,5,4,12,1,4,0,0,0,4,39,0
2,4,0,11,5,2,5,0,4,1,0,0,1,39,0
0,4,0,15,6,2,3,0,4,1,0,0,3,39,0
5,4,0,11,5,2,7,0,4,1,0,0,3,31,1
3,4,1,7,7,0,7,3,4,1,0,0,3,39,0
1,4,0,9,8,2,13,0,4,1,0,0,2,39,0
2,4,0,15,6,2,3,0,4,1,0,0,3,39,1
0,4,0,11,5,2,6,0,4,1,0,0,5,39,0
1,4,1,14,9,4,10,1,4,0,0,0,4,39,0
5,5,2,9,8,2,4,0,4,1,0,0,4,39,1
3,4,0,15,6,2,1,5,4,0,0,0,3,39,1
5,4,1,9,8,2,4,0,4,1,0,0,4,39,1
3,4,0,9,8,2,4,0,2,1,0,0,5,39,0
3,2,0,12,8,0,10,1,0,1,0,0,3,39,0
2,4,1,15,6,4,7,1,4,1,0,0,3,39,0
3,4,1,15,6,2,1,5,4,0,0,5,0,39,1
3,4,1,12,8,2,4,0,4,1,0,0,5,39,1
2,4,1,9,8,4,4,1,4,1,0,0,4,39,1
0,4,1,8,6,4,8,3,4,0,0,0,3,39,0
3,4,0,15,6,0,12,4,4,0,0,0,4,39,0
1,4,0,15,6,2,3,0,4,1,0,0,4,39,0
4,7,0,10,9,2,10,0,2,1,0,4,6,0,1
3,4,1,15,6,2,12,0,4,1,0,4,5,39,1
3,2,0,12,8,2,10,0,4,1,0,0,5,39,1
2,4,1,11,5,2,3,0,4,1,0,0,4,39,0
4,4,0,15,6,2,14,0,4,1,0,5,3,39,0
2,4,0,15,6,0,1,4,4,0,0,0,3,39,0
1,4,1,11,5,2,3,0,4,1,0,0,4,39,0
2,6,1,15,6,2,4,0,4,1,0,0,4,39,0
3,4,1,11,5,4,12,1,4,1,0,0,5,39,0
3,4,1,9,8,0,10,4,4,1,0,1,5,39,1
2,4,1,11,5,0,3,1,4,1,0,0,3,39,0
5,4,0,5,2,2,7,0,4,1,0,0,3,31,0
3,4,0,15,6,0,7,1,4,1,0,0,5,39,0
5,4,1,10,9,2,10,0,4,1,0,4,5,0,1
3,4,0,5,2,2,4,0,4,1,0,0,6,39,0
3,7,0,9,8,4,10,4,4,0,0,0,1,39,0
7,2,2,12,8,6,10,1,4,0,0,0,3,39,0
3,4,0,11,5,0,1,1,4,0,0,0,3,2,0
5,1,0,9,8,0,4,4,4,0,0,0,3,39,0
1,4,0,5,2,2,3,0,4,1,0,0,3,39,0
3,6,1,9,8,2,4,0,1,1,0,0,4,3,1
5,5,1,11,5,2,14,0,4,1,0,0,6,18,1
3,4,1,15,6,4,7,2,1,1,0,0,3,30,0
5,4,1,11,5,4,1,2,4,0,0,0,3,39,0
1,4,2,7,7,2,10,0,4,1,0,0,3,39,0
2,4,2,8,6,2,10,0,1,1,0,0,3,30,1
1,4,1,9,8,4,1,1,4,0,0,0,3,39,0
2,4,1,15,6,2,11,0,2,1,0,0,1,39,0
6,4,0,11,5,4,6,2,2,0,0,0,3,39,0
0,4,1,11,5,4,6,3,4,1,0,0,3,39,0
3,4,0,12,8,2,10,0,4,1,0,0,3,39,1
1,4,0,11,5,2,13,0,4,1,0,0,3,39,1
0,0,0,15,6,4,0,3,4,1,0,0,3,39,0
1,4,1,1,4,4,8,4,2,0,0,0,3,39,0
2,4,1,5,2,2,1,0,4,1,0,0,4,39,0
2,4,1,15,6,2,7,0,4,1,0,0,4,39,0
2,4,2,15,6,0,1,1,4,1,0,0,4,39,0
1,4,1,11,5,0,3,1,4,1,0,0,3,39,0
4,4,0,11,5,0,7,1,2,0,0,0,3,39,0
4,5,1,9,8,2,12,0,4,1,0,0,4,39,1
3,4,0,11,5,2,12,5,4,0,0,0,3,39,0
4,4,1,11,5,4,4,3,4,0,0,0,5,5,0
2,4,0,11,5,0,5,1,4,1,0,0,3,39,0
2,4,0,15,6,2,7,0,4,1,0,0,3,39,1
4,4,1,3,0,2,5,0,4,1,0,0,3,39,0
1,4,0,11,5,4,8,3,4,0,0,0,3,39,0
6,4,1,11,5,2,12,0,4,1,0,0,0,39,0
4,4,1,11,5,2,7,0,4,1,0,0,3,39,0
3,4,1,11,5,0,1,4,4,0,0,0,3,39,0
3,4,1,12,8,2,4,0,4,1,0,0,5,0,1
4,7,2,11,5,0,1,1,4,0,0,0,3,9,0
1,4,0,15,6,2,7,0,4,1,0,0,4,39,0
0,4,0,1,4,4,6,3,0,1,0,0,1,39,0
4,4,1,11,5,0,11,1,4,1,0,0,3,39,0
0,4,1,15,6,4,12,3,4,0,0,0,5,39,0
3,4,1,11,5,2,7,0,4,1,0,0,4,39,0
0,4,1,2,4,4,1,3,4,1,0,0,1,39,0
4,1,1,8,6,2,3,0,4,1,0,0,3,39,0
2,6,1,11,5,2,3,0,4,1,0,0,4,39,0
0,4,1,2,4,4,7,3,4,0,0,0,3,39,0
0,4,1,1,4,5,8,4,4,0,0,0,3,39,0
5,4,0,11,5,2,3,0,4,1,0,0,3,39,1
2,5,0,11,5,2,12,0,4,1,0,0,5,39,0
0,4,1,11,5,4,1,3,4,1,0,0,1,39,0
4,4,0,11,5,2,14,0,4,1,0,0,4,39,1
1,4,0,15,6,4,4,3,2,0,0,0,3,39,0
1,4,0,9,8,4,13,1,4,1,0,0,3,39,0
2,4,0,8,6,0,10,1,4,0,0,0,3,39,0
0,4,1,8,6,4,1,3,4,0,0,0,3,39,0
3,4,0,15,6,2,12,0,4,1,0,0,3,30,1
2,4,1,15,6,2,7,0,2,1,0,0,3,39,0
1,0,1,11,5,5,0,4,2,0,0,0,2,39,0
4,4,2,11,5,0,8,1,4,0,0,0,3,39,0
2,4,0,9,8,4,14,1,4,1,0,0,3,39,0
5,2,1,11,5,2,14,0,4,1,0,0,4,39,0
3,4,1,12,8,2,4,0,4,1,0,0,5,39,1
1,4,0,12,8,4,4,1,4,0,0,0,2,39,0
4,4,0,11,5,0,10,4,4,0,0,0,3,39,0
3,4,0,9,8,2,10,0,4,1,0,0,5,39,1
0,4,1,8,6,4,11,1,4,1,0,0,3,39,0
1,4,1,15,6,4,3,3,4,1,0,0,3,39,0
6,4,1,8,6,2,13,0,4,1,0,0,3,39,1
3,7,1,9,8,2,4,0,4,1,0,0,5,39,1
1,4,1,1,4,3,6,1,4,0,0,0,3,26,0
3,6,2,7,7,0,3,1,4,1,0,0,3,39,0
0,4,1,11,5,4,8,1,4,1,0,0,1,39,0
3,4,0,15,6,2,3,0,4,1,0,4,6,39,1
4,4,0,15,6,2,7,0,4,1,0,0,3,39,0
0,6,1,15,6,4,5,3,4,1,0,0,3,39,0
3,4,2,11,5,2,4,0,4,1,0,0,6,39,1
1,4,0,12,8,4,4,1,4,0,0,0,2,39,0
1,4,0,7,7,0,4,1,4,1,0,0,3,39,0
1,4,1,11,5,2,8,5,4,0,0,0,2,39,0
3,4,1,8,6,2,13,5,4,0,0,0,3,39,1
3,4,0,11,5,0,7,4,4,0,0,0,3,39,0
0,4,1,15,6,4,4,3,4,0,0,0,3,39,0
1,4,0,8,6,4,1,1,1,0,0,0,4,39,0
5,4,1,12,8,4,10,1,4,1,0,0,8,39,0
3,4,1,8,6,2,1,0,4,1,0,0,3,39,0
0,0,1,2,4,4,0,3,3,0,0,0,3,39,0
1,4,1,11,5,4,7,1,4,1,0,0,3,39,0
0,0,1,2,4,4,0,3,2,1,0,0,3,39,0
1,4,0,11,5,4,7,4,4,0,0,0,3,13,0
1,4,1,15,6,4,3,1,4,1,0,0,3,39,1
4,5,1,8,6,4,1,3,4,0,0,0,3,39,0
0,4,0,11,5,4,1,1,4,0,0,0,3,39,0
3,1,0,11,5,4,1,1,0,1,0,0,3,39,0
5,4,0,11,5,2,3,0,4,1,0,0,3,39,1
6,6,0,11,5,2,5,0,4,1,0,0,3,39,0
3,2,1,9,8,4,10,3,4,1,0,0,6,39,0
2,4,0,11,5,0,12,4,4,0,0,0,3,39,0
0,4,0,15,6,4,12,3,4,1,0,4,3,39,0
3,4,1,9,8,2,7,0,0,1,0,0,3,39,0
1,6,2,11,5,2,3,0,4,1,0,0,3,22,0
1,4,1,11,5,4,1,1,4,1,0,0,3,39,0
2,6,2,9,8,2,12,0,4,1,0,0,4,39,0
2,4,0,9,8,2,10,5,4,0,0,0,1,39,1
4,4,0,11,5,2,3,0,4,1,0,0,3,39,0
1,4,1,11,5,4,7,3,2,1,0,0,3,39,0
5,0,1,6,2,0,0,1,4,0,0,0,1,39,0
1,4,1,11,5,4,6,1,4,1,0,0,4,39,0
2,1,0,14,9,2,10,0,4,1,1,0,5,39,1
1,4,1,9,8,4,3,3,4,1,0,0,3,39,0
7,2,0,11,5,2,3,0,4,1,0,0,0,39,0
5,7,1,15,6,2,4,0,4,1,0,5,3,39,0
1,4,1,14,9,2,10,0,4,1,0,0,4,39,1
0,4,1,15,6,4,8,3,4,1,0,0,3,39,0
3,4,1,9,8,2,14,0,4,1,1,0,5,39,1
0,0,1,7,7,4,0,3,1,1,0,0,1,30,0
2,7,1,9,8,4,10,3,4,0,0,0,3,39,0
2,4,0,15,6,0,10,4,4,0,0,0,4,39,0
4,5,0,10,9,2,10,0,2,1,0,0,6,39,1
1,4,1,5,2,2,14,0,4,1,0,0,3,26,0
0,4,0,11,5,4,7,3,4,1,0,0,6,39,0
2,2,1,15,6,4,1,4,4,0,0,0,1,39,0
0,4,1,4,1,4,3,4,4,1,0,0,3,8,0
3,4,1,11,5,2,4,0,4,1,0,0,3,39,1
3,4,0,11,5,0,7,1,4,1,0,0,4,39,0
4,4,1,11,5,2,8,5,4,0,0,0,2,39,1
3,7,0,11,5,4,3,1,4,1,0,0,3,39,0
1,6,0,8,6,4,3,3,4,1,0,0,6,39,0
4,6,1,7,7,2,11,0,4,1,0,0,1,39,0
0,4,1,13,0,4,8,3,4,1,0,0,3,39,0
2,4,2,11,5,2,3,0,4,1,0,0,3,39,0
3,6,0,11,5,2,3,0,4,1,0,0,2,39,0
3,7,0,9,8,2,10,0,0,1,0,0,3,39,1
5,4,1,11,5,2,3,0,4,1,0,0,4,39,1
4,2,1,12,8,2,10,0,4,1,0,4,3,39,1
0,4,2,11,5,4,3,3,4,1,0,0,2,39,0
4,4,1,9,8,2,14,0,4,1,0,0,4,39,1
1,4,0,11,5,2,12,5,1,0,0,3,3,0,0
1,6,1,9,8,4,12,4,4,1,0,0,3,39,0
2,4,2,11,5,4,8,4,2,0,0,0,2,39,0
1,4,1,9,8,2,1,0,4,1,0,0,3,39,1
4,4,1,11,5,2,14,0,4,1,0,0,3,39,0
1,4,0,9,8,4,10,4,4,0,1,0,5,39,1
3,4,1,11,5,5,7,4,4,0,0,0,3,39,0
2,4,2,9,8,4,8,2,4,1,0,0,5,39,0
2,4,1,9,8,5,10,2,2,0,0,0,3,23,0
3,0,1,15,6,2,0,5,4,0,0,0,2,39,0
1,4,1,9,8,4,13,3,4,0,0,0,3,39,0
0,2,0,9,8,4,10,1,1,1,0,0,3,39,0
4,5,0,14,9,2,10,0,1,1,0,0,5,30,1
1,4,0,15,6,4,10,1,4,0,0,0,3,39,0
0,4,0,15,6,2,3,0,4,1,0,0,3,39,0
0,4,1,15,6,4,1,3,4,0,0,0,1,39,0
4,4,0,15,6,2,3,0,2,1,0,0,3,39,1
3,4,1,11,5,4,1,3,4,0,0,0,4,39,0
2,2,1,9,8,2,1,0,4,1,0,0,3,39,1
4,7,0,11,5,2,6,0,4,1,0,0,3,39,0
5,2,1,11,5,0,1,4,4,1,0,0,3,39,0
2,6,0,9,8,2,12,5,4,0,0,0,5,39,0
0,4,0,15,6,4,14,1,4,1,0,0,3,39,0
5,4,1,1,4,0,3,1,4,1,0,0,4,39,0
0,5,0,11,5,4,5,3,4,0,0,0,0,39,0
0,4,0,15,6,4,1,3,1,0,0,0,3,39,0
0,0,0,6,2,4,0,1,4,1,0,0,2,39,0
4,4,1,9,8,0,4,4,4,0,0,0,3,39,1
3,4,1,12,8,2,10,5,4,0,0,0,4,39,0
4,4,1,4,1,4,9,3,4,0,0,0,3,8,0
2,6,0,11,5,2,5,0,4,1,0,0,8,39,0
9,4,0,11,5,4,8,3,4,0,0,0,2,39,0
0,4,2,9,8,4,1,1,4,0,0,0,3,39,0
3,4,0,15,6,2,4,0,4,1,0,0,5,39,1
4,4,1,9,8,0,10,1,4,0,0,0,5,39,0
1,4,1,7,7,4,4,1,4,0,0,0,3,39,1
3,4,0,9,8,3,4,1,4,1,0,0,3,39,1
0,4,0,15,6,4,8,3,4,0,0,0,1,39,0
3,4,1,11,5,0,14,4,4,1,0,0,4,39,0
0,4,2,15,6,4,1,3,4,0,0,0,3,39,0
1,4,1,1,4,4,1,3,2,0,0,0,3,39,0
0,0,1,15,6,4,0,3,4,0,0,0,1,39,0
3,4,2,11,5,2,7,0,4,1,0,0,3,39,0
6,5,2,9,8,2,4,0,4,1,0,0,5,39,1
2,2,0,15,6,2,13,0,4,1,0,0,4,39,1
6,4,1,1,4,0,8,4,4,0,0,0,3,39,0
6,0,1,11,5,2,0,5,4,0,0,0,1,39,0
1,5,1,15,6,2,4,5,4,0,0,0,2,39,0
2,0,1,0,3,0,0,4,4,0,0,0,1,0,0
0,4,0,15,6,2,4,5,4,0,0,0,3,39,0
5,4,1,9,8,2,3,0,4,1,0,0,6,39,1
2,6,1,7,7,4,5,1,4,1,0,0,3,39,0
4,4,1,11,5,0,1,4,4,0,0,0,3,39,0
4,2,0,12,8,2,10,0,4,1,0,0,3,39,1
1,4,1,12,8,4,10,1,4,0,0,0,8,39,0
1,4,0,9,8,2,8,0,4,1,0,0,4,39,1
3,4,1,8,6,0,3,1,4,0,0,0,3,39,0
5,4,0,11,5,0,1,4,4,0,0,0,3,39,0
2,4,1,8,6,0,7,1,2,1,0,0,4,39,0
3,4,1,15,6,0,12,4,4,0,0,3,4,39,0
2,4,0,15,6,4,8,4,4,0,0,0,3,39,0
0,4,2,15,6,4,8,3,4,1,0,0,3,39,0
2,4,1,9,8,2,6,0,4,1,0,0,3,39,0
1,4,1,4,1,4,9,2,4,0,0,0,3,8,0
1,4,1,11,5,2,1,5,4,0,0,0,3,39,0
1,2,2,12,8,4,10,1,4,0,0,0,3,39,0
4,4,1,15,6,2,4,0,4,1,0,0,5,39,1
3,4,0,12,8,2,10,0,4,1,0,0,4,39,1
4,4,0,9,8,0,3,1,4,1,0,0,3,39,0
5,4,0,12,8,2,4,0,4,1,0,0,3,39,0
3,4,2,15,6,0,1,1,2,0,0,0,3,39,0
1,4,2,9,8,4,4,1,2,0,0,0,3,39,0
2,4,0,12,8,2,4,0,1,1,0,0,3,0,0
0,4,2,11,5,4,1,3,4,1,0,0,2,27,0
5,4,0,9,8,0,10,1,4,0,0,0,4,39,1
0,4,1,11,5,2,6,0,4,1,0,0,5,39,0
2,4,1,5,2,2,6,0,4,1,0,0,3,26,0
1,4,1,15,6,4,4,3,4,0,0,0,3,0,0
4,4,1,1,4,2,7,0,4,1,0,0,3,39,0
1,4,1,7,7,5,8,4,4,0,0,0,3,39,0
0,4,0,2,4,5,10,3,4,0,0,0,3,39,0
1,4,1,5,2,0,14,1,4,1,0,0,3,39,0
2,6,0,11,5,4,5,1,4,1,0,0,7,39,1
3,4,1,8,6,2,3,0,4,1,0,3,4,39,0
4,4,1,15,6,2,3,0,4,1,0,0,3,0,0
7,0,2,11,5,2,0,0,4,1,0,0,2,39,0
6,0,0,6,2,2,0,0,4,1,0,0,3,39,0
0,4,1,15,6,4,8,3,4,1,0,0,1,39,0
4,6,0,11,5,1,3,0,4,1,0,0,9,39,0
6,4,0,11,5,6,12,1,4,0,0,0,5,10,1
0,4,1,9,8,4,4,1,4,1,0,0,3,39,0
2,4,1,8,6,4,8,4,4,0,0,0,2,39,0
0,4,0,11,5,4,3,3,4,1,0,0,3,39,0
0,4,0,9,8,4,10,3,4,0,0,5,3,39,1
1,2,0,15,6,2,11,0,4,1,0,0,5,39,1
2,2,1,7,7,2,11,0,4,1,0,0,5,39,1
6,6,1,11,5,2,8,0,2,1,0,0,1,39,0
2,4,0,9,8,4,3,1,4,1,0,0,9,39,1
8,0,0,5,2,2,0,0,4,1,0,0,6,39,0
4,0,1,15,6,0,0,4,4,1,0,0,3,39,0
1,4,0,9,8,4,4,3,4,1,0,0,5,39,0
3,6,0,15,6,2,3,0,4,1,0,0,3,8,0
0,4,0,11,5,4,8,1,4,1,0,0,2,39,0
1,4,2,12,8,4,10,1,4,1,1,0,3,39,1
4,1,0,15,6,2,13,0,4,1,0,0,3,39,1
2,4,0,1,4,4,7,1,4,1,0,0,3,39,0
2,6,1,11,5,2,14,0,4,1,0,0,4,39,0
3,2,0,14,9,2,11,0,4,1,0,0,3,39,1
3,4,0,15,6,2,4,0,4,1,0,0,6,39,1
0,2,0,11,5,4,1,3,4,1,0,0,3,39,0
0,4,0,2,4,4,8,3,4,0,0,0,1,39,0
0,0,1,15,6,2,0,5,4,0,0,0,2,39,0
0,4,1,11,5,4,7,1,4,0,0,0,3,39,0
6,4,0,9,8,2,14,0,4,1,0,0,1,39,0
2,4,1,11,5,2,3,0,4,1,0,0,3,39,0
2,4,0,12,8,2,10,0,4,1,0,4,5,39,1
2,5,0,9,8,2,4,0,4,1,1,0,8,39,1
2,6,2,14,9,5,10,4,4,1,0,0,4,39,1
5,4,1,12,8,2,10,0,4,1,0,0,6,39,0
5,4,0,1,4,4,7,1,2,0,0,0,3,39,0
3,4,1,1,4,4,7,4,2,0,0,0,3,39,0
5,7,0,9,8,5,10,1,4,0,0,0,3,0,0
1,4,1,12,8,4,4,1,3,1,0,0,2,5,0
2,5,0,15,6,4,12,1,4,1,0,0,7,39,0
3,2,1,9,8,0,10,4,4,0,0,0,3,39,0
4,2,1,9,8,2,10,0,4,1,0,0,3,39,0
0,0,0,15,6,4,0,3,4,1,0,0,5,39,0
1,4,1,15,6,4,1,1,4,0,0,0,3,39,0
3,2,1,12,8,4,10,1,4,0,0,0,3,39,0
0,0,1,15,6,5,0,3,4,1,0,0,2,39,0
0,4,2,2,4,4,6,3,4,1,0,0,1,39,0
2,4,1,11,5,2,3,0,4,1,0,0,3,26,0
1,4,0,11,5,4,6,1,2,1,0,0,3,39,0
1,4,1,9,8,4,10,1,4,1,0,0,5,39,0
0,4,1,15,6,4,5,1,4,0,0,0,5,39,0
3,4,1,11,5,2,6,0,4,1,0,0,5,39,0
2,4,0,15,6,4,12,1,2,1,0,0,3,39,0
3,7,0,10,9,0,10,1,4,0,0,0,6,39,1
0,0,0,11,5,4,0,3,4,0,0,0,2,39,0
5,2,1,12,8,2,10,5,4,0,0,5,3,39,0
2,4,1,15,6,2,4,0,4,1,0,0,4,39,0
3,4,1,12,8,4,8,1,4,0,0,0,2,31,0
3,4,1,10,9,0,10,4,4,0,2,0,6,39,1
2,4,0,11,5,2,6,0,4,1,0,0,3,39,0
1,2,0,9,8,4,10,3,4,1,0,0,3,39,0
2,4,2,15,6,2,10,0,4,1,0,0,3,29,1
0,4,2,9,8,2,10,0,4,1,0,0,4,39,1
1,4,1,12,8,2,12,0,4,1,0,0,3,39,1
1,4,1,9,8,4,12,1,4,1,0,0,6,39,1
0,4,2,7,7,4,1,1,4,1,0,0,3,39,0
3,5,1,12,8,0,12,1,4,1,0,0,6,39,1
3,0,1,5,2,5,0,1,4,0,0,0,0,39,0
7,4,1,15,6,6,12,1,4,1,0,0,3,39,1
0,4,1,11,5,4,8,2,4,1,0,0,3,39,0
3,4,0,11,5,5,3,4,2,0,0,0,3,39,0
0,4,2,9,8,4,1,1,4,1,0,0,3,39,0
2,4,1,11,5,2,3,0,4,1,0,0,5,39,0
1,4,2,11,5,4,3,3,4,1,0,0,3,39,0
6,4,1,11,5,6,4,1,4,0,0,0,3,39,0
0,4,1,6,2,4,8,3,2,1,0,0,3,39,0
2,4,1,15,6,4,3,1,4,1,0,0,4,39,0
5,1,0,15,6,2,1,0,4,1,0,0,3,39,1
0,4,0,2,4,4,7,4,4,1,0,0,3,26,0
0,7,0,9,8,2,13,0,4,1,0,0,3,39,0
2,4,0,9,8,2,4,0,4,1,0,0,3,39,1
7,1,1,11,5,2,1,0,4,1,0,0,3,39,1
0,4,0,1,4,4,6,1,4,1,0,0,3,39,0
1,5,1,9,8,2,10,0,4,1,0,0,5,39,1
3,4,2,11,5,2,3,0,2,1,0,0,3,39,0
0,4,1,15,6,2,7,5,4,0,0,0,4,39,1
5,4,0,15,6,4,1,1,2,0,0,0,3,39,0
2,4,1,11,5,0,14,1,4,1,0,0,5,39,0
5,4,0,6,2,2,5,0,4,1,0,0,4,39,0
4,4,0,11,5,6,12,4,4,0,0,4,3,39,0
1,4,1,11,5,4,4,3,4,1,0,0,2,39,0
5,4,2,15,6,2,3,5,4,0,0,0,3,39,0
7,0,1,11,5,0,0,1,4,0,0,0,3,39,1
0,4,2,15,6,4,12,3,4,0,0,0,3,39,0
0,4,1,15,6,4,13,3,4,0,0,0,1,39,0
4,4,0,11,5,0,3,4,4,0,0,0,4,39,0
2,6,0,15,6,4,5,1,4,1,0,0,7,39,0
2,4,0,15,6,5,1,2,4,0,0,0,3,39,0
2,4,1,11,5,2,7,0,4,1,0,0,4,39,1
4,4,0,11,5,2,3,0,2,1,0,0,3,39,0
6,5,0,10,9,2,4,0,4,1,0,4,6,39,1
6,4,1,2,4,2,5,0,4,1,0,0,4,11,0
3,6,2,8,6,2,10,0,4,1,0,0,3,39,0
0,4,2,6,2,4,8,3,2,0,0,0,3,39,0
0,7,0,15,6,2,1,5,4,0,0,0,1,39,0
3,4,2,15,6,2,13,0,4,1,0,0,3,39,0
3,5,0,7,7,2,4,0,4,1,0,0,5,39,0
0,4,0,15,6,4,1,3,4,0,0,0,3,39,0
4,4,1,9,8,2,4,0,4,1,9,0,5,39,1
2,4,0,9,8,4,1,1,4,1,0,0,6,39,1
6,4,1,9,8,2,12,0,4,1,2,0,3,39,1
0,0,0,15,6,2,0,5,4,0,0,0,3,39,0
1,4,1,9,8,2,4,0,4,1,0,0,3,39,0
3,7,0,9,8,2,4,5,4,0,0,0,1,39,0
0,4,1,11,5,4,3,2,4,1,0,0,3,39,0
6,4,2,4,1,2,5,2,4,0,0,0,4,26,0
0,4,0,11,5,4,8,2,4,0,0,0,3,39,0
5,4,1,11,5,0,3,1,4,1,0,0,4,39,0
4,2,0,12,8,0,10,1,4,0,0,0,3,39,1
1,4,2,11,5,4,8,4,2,0,0,0,3,39,0
1,4,1,11,5,4,14,1,2,1,0,0,3,39,0
3,4,2,11,5,2,12,0,4,1,0,4,4,39,1
0,4,1,11,5,4,7,1,4,1,0,0,4,39,0
1,4,1,10,9,4,10,1,4,1,0,0,5,39,0
1,4,1,11,5,4,8,3,4,1,0,0,3,39,0
1,4,1,9,8,3,1,1,4,1,0,0,3,39,0
0,4,1,11,5,4,6,3,4,1,0,0,1,39,0
1,4,2,15,6,4,12,1,4,0,0,0,3,39,0
4,7,1,8,6,2,13,0,4,1,0,0,4,39,1
3,4,0,11,5,2,10,5,2,0,0,0,3,39,0
3,4,1,11,5,5,6,1,4,1,0,0,3,39,0
5,4,1,9,8,2,4,5,4,0,0,0,3,39,0
3,6,2,9,8,0,4,1,4,1,0,0,6,39,0
0,4,0,15,6,4,8,3,4,1,0,0,1,39,0
0,4,0,2,4,4,6,3,0,1,0,0,3,39,0
2,0,1,11,5,4,0,1,4,1,0,0,3,39,0
2,4,2,9,8,2,10,0,4,1,0,0,3,39,1
3,4,2,11,5,2,3,0,4,1,0,0,3,39,1
2,6,4,9,8,2,13,0,4,1,0,0,3,39,1
4,4,0,9,8,0,4,1,4,0,0,0,5,39,1
2,2,1,12,8,6,10,1,4,0,0,0,3,39,0
2,4,1,9,8,2,1,0,4,1,0,0,3,39,1
2,4,1,11,5,2,7,0,2,1,0,0,3,39,0
4,4,0,15,6,2,1,5,4,0,0,0,3,39,0
6,4,1,1,4,2,3,0,4,1,0,0,4,39,0
0,0,1,15,6,4,0,3,4,1,0,0,3,39,0
0,4,0,11,5,4,14,3,4,1,0,0,4,39,0
2,6,0,11,5,2,4,0,4,1,0,0,9,39,0
3,4,0,11,5,0,12,3,4,1,0,0,3,39,0
4,1,1,11,5,2,1,0,4,1,0,0,3,39,0
4,4,1,8,6,0,12,4,4,0,0,0,3,39,0
5,1,0,0,3,2,3,0,4,1,0,0,3,39,0
3,1,1,8,6,0,3,1,0,0,0,0,6,39,0
6,6,1,11,5,6,3,1,4,1,0,0,1,39,0
3,4,0,12,8,0,10,1,4,1,0,0,1,39,0
6,4,0,5,2,0,13,4,4,0,0,0,3,4,0
2,4,1,9,8,4,10,1,4,1,0,0,3,39,0
0,4,1,7,7,4,6,3,2,1,0,0,1,23,0
4,4,0,9,8,4,10,1,4,0,0,0,4,39,0
3,4,0,11,5,2,12,0,4,1,0,0,5,39,1
6,4,1,9,8,2,4,0,4,1,0,0,3,39,1
3,4,0,11,5,0,3,4,4,1,0,0,3,39,0
3,4,1,11,5,2,14,0,4,1,0,0,3,39,0
5,6,0,15,6,2,12,0,4,1,9,0,4,39,1
5,2,1,12,8,6,10,4,4,0,0,0,6,39,1
2,6,0,9,8,2,12,3,4,1,0,0,1,39,0
3,4,0,15,6,2,6,0,4,1,0,0,3,39,0
0,4,1,15,6,4,8,3,4,0,0,0,2,39,0
4,4,0,9,8,2,4,0,4,1,0,0,5,39,1
5,4,1,11,5,2,12,0,4,1,0,0,5,39,0
3,7,2,11,5,4,8,1,2,0,0,0,3,39,0
3,4,0,8,6,0,14,1,4,1,0,0,3,39,0
5,2,1,12,8,0,10,1,4,0,0,0,3,39,0
3,4,1,9,8,2,5,0,4,1,0,0,5,39,1
0,4,1,7,7,4,1,3,4,0,0,4,1,39,0
4,5,0,11,5,0,12,4,1,0,0,0,8,0,0
5,6,0,5,2,2,14,0,4,1,0,0,3,39,1
4,4,1,11,5,2,7,0,4,1,0,0,4,39,0
0,4,1,15,6,4,12,1,4,0,0,0,3,39,0
2,4,1,15,6,5,4,4,4,1,0,0,3,39,0
7,5,0,11,5,2,1,0,4,1,0,0,2,39,0
0,4,1,11,5,4,4,1,4,1,0,0,2,39,0
5,5,0,14,9,2,10,0,4,1,0,0,3,39,1
2,4,0,7,7,3,12,3,2,0,0,0,3,39,0
3,4,1,4,1,2,1,0,4,1,0,0,3,26,0
2,4,1,11,5,2,3,0,4,1,0,0,4,39,0
1,4,0,11,5,4,7,1,4,1,0,0,3,39,0
1,7,0,12,8,2,4,0,4,1,0,0,3,39,0
4,0,0,2,4,0,0,2,2,1,0,0,3,39,0
0,4,1,5,2,2,5,0,4,1,0,0,5,39,0
5,4,0,11,5,0,3,4,4,0,0,0,3,39,0
4,6,1,12,8,2,12,0,1,1,0,0,5,19,0
3,4,2,9,8,2,4,0,4,1,0,4,5,39,1
6,4,0,8,6,6,1,4,4,0,0,0,0,39,0
0,4,2,11,5,4,8,3,4,1,0,0,3,39,0
2,6,0,11,5,2,3,0,4,1,0,0,3,39,0
2,4,0,2,4,4,8,4,4,0,0,0,1,39,0
3,4,1,4,1,2,7,5,4,0,0,0,3,26,0
1,4,1,11,5,4,8,4,4,0,0,0,6,39,0
2,4,1,11,5,4,3,1,1,1,0,0,7,35,0
1,4,1,11,5,4,1,3,4,0,0,0,3,39,0
3,4,1,9,8,2,8,0,4,1,0,0,3,39,0
2,4,1,1,4,4,14,3,4,1,0,0,3,39,0
1,6,1,11,5,4,3,3,4,1,0,0,3,39,0
0,4,1,7,7,4,1,3,4,0,0,0,3,39,0
0,4,1,15,6,4,8,3,4,0,0,0,3,39,0
3,5,0,11,5,2,3,0,4,1,0,0,3,39,0
2,4,1,11,5,2,8,0,4,1,0,0,5,39,0
3,4,2,4,1,2,5,0,4,1,0,0,3,26,0
4,4,1,5,2,4,8,2,4,1,0,0,3,39,0
0,6,1,8,6,4,5,3,4,1,0,0,3,39,0
4,4,1,12,8,2,13,0,4,1,0,0,4,39,0
3,4,1,9,8,4,13,1,4,1,0,0,3,39,0
4,4,0,11,5,2,5,0,4,1,0,0,8,39,1
0,4,0,11,5,2,6,0,4,1,0,0,5,39,0
4,4,1,11,5,2,14,0,4,1,0,0,4,39,0
0,4,1,11,5,4,6,3,4,1,0,0,2,39,0
2,1,1,15,6,2,3,0,4,1,0,0,4,39,0
4,4,2,15,6,0,4,1,4,0,0,0,5,39,0
2,7,1,15,6,0,8,4,2,0,0,0,1,39,0
3,7,1,11,5,2,11,0,4,1,0,0,3,39,0
4,4,0,11,5,2,7,0,4,1,0,0,4,39,1
1,6,1,1,4,4,5,3,2,1,0,0,3,39,0
0,0,1,15,6,4,0,3,4,0,0,0,1,39,0
2,4,0,11,5,2,14,0,4,1,0,0,3,39,0
2,7,0,12,8,4,10,1,4,0,0,0,3,39,0
1,4,1,11,5,4,3,1,4,1,0,0,3,39,0
1,4,0,9,8,2,4,0,4,1,0,0,3,39,1
2,1,0,12,8,0,10,1,4,0,0,0,3,39,0
3,4,0,8,6,0,4,1,4,1,0,0,3,39,1
2,4,0,15,6,2,8,0,2,1,0,0,5,39,0
1,4,1,9,8,4,12,1,4,1,0,0,4,39,0
2,4,1,1,4,4,7,1,4,1,0,0,5,39,0
4,6,0,11,5,2,8,0,1,1,0,0,6,35,0
4,2,0,9,8,0,10,4,4,0,0,0,5,39,0
1,4,1,9,8,4,10,3,4,0,0,3,3,39,1
3,7,1,12,8,2,10,2,3,0,0,0,3,39,1
0,4,3,9,8,4,10,1,2,1,0,0,3,39,0
0,4,0,1,4,4,12,3,4,0,0,0,2,39,0
3,4,3,11,5,4,6,2,4,1,0,0,3,39,0
3,4,1,11,5,2,3,0,4,1,0,0,3,39,1
2,4,2,9,8,4,4,1,4,1,0,0,5,39,0
0,4,0,7,7,2,10,5,4,0,0,0,3,39,0
2,4,0,9,8,2,12,0,4,1,0,0,4,39,1
0,4,0,15,6,4,12,3,4,0,0,0,2,39,0
0,4,0,1,4,4,12,3,4,1,0,0,2,39,0
5,6,1,11,5,2,3,0,4,1,0,0,1,39,0
3,4,2,11,5,0,1,4,4,0,0,0,3,39,0
5,4,0,15,6,0,7,1,4,0,0,0,3,39,0
3,4,1,8,6,4,4,3,4,0,0,0,3,39,0
3,4,0,11,5,2,3,0,4,1,0,0,5,39,1
2,4,0,11,5,2,1,0,4,1,0,0,3,39,0
6,4,1,8,6,2,1,5,4,0,0,0,3,39,0
6,6,0,5,2,2,5,0,4,1,0,0,6,39,1
5,4,0,15,6,2,12,0,4,1,0,0,1,39,0
3,4,0,11,5,2,3,0,4,1,0,0,3,39,0
6,4,1,11,5,0,11,1,4,1,0,0,1,39,0
1,4,1,11,5,2,14,0,4,1,0,0,5,39,1
3,4,1,11,5,2,6,0,4,1,0,0,3,39,0
1,0,2,11,5,4,0,1,4,0,0,0,2,39,0
0,4,0,11,5,2,6,0,4,1,0,0,3,39,0
3,4,1,15,6,4,12,1,2,1,0,0,3,39,0
3,4,1,11,5,6,8,4,2,0,0,0,2,39,0
1,4,1,11,5,5,14,1,4,1,0,0,4,39,0
1,4,0,11,5,4,1,1,4,1,0,0,5,26,0
2,4,1,11,5,2,7,0,4,1,0,0,3,39,0
1,4,1,0,3,2,6,0,4,1,0,0,2,26,0
0,4,0,9,8,4,4,3,1,1,0,0,3,39,0
1,4,2,11,5,0,3,4,4,0,0,0,3,39,0
2,4,3,9,8,0,4,4,4,0,0,0,3,39,0
0,4,0,15,6,4,3,1,4,1,0,0,2,39,0
0,4,0,15,6,4,5,3,4,1,0,0,6,39,0
4,4,0,12,8,2,10,0,4,1,0,0,5,39,1
3,4,0,9,8,0,4,4,4,0,0,0,4,39,0
7,7,0,15,6,6,1,1,4,0,0,1,3,39,0
5,6,2,11,5,2,8,0,4,1,0,4,5,2,1
6,6,2,10,9,2,12,0,4,1,0,5,2,39,1
6,0,1,0,3,2,0,0,4,1,0,0,0,39,0
2,4,1,9,8,2,4,0,4,1,0,0,7,39,0
2,4,1,0,3,4,1,1,2,1,0,0,3,39,0
5,4,1,15,6,2,13,0,4,1,0,0,3,39,1
3,7,1,9,8,0,11,1,4,1,0,0,3,39,0
3,4,1,9,8,2,13,0,4,1,0,0,3,39,1
3,2,1,11,5,5,4,4,4,1,0,0,3,39,0
2,0,2,15,6,2,0,5,4,0,0,0,5,39,0
4,0,0,14,9,3,0,4,1,0,0,0,3,40,0
6,4,1,11,5,4,1,1,4,0,0,0,3,39,0
0,4,2,15,6,4,3,3,4,1,0,0,1,39,0
7,4,0,11,5,6,1,4,4,0,0,0,0,39,0
4,4,2,9,8,2,3,0,4,1,0,4,3,39,1
0,4,0,1,4,4,8,4,4,0,0,0,2,39,0
4,4,0,11,5,0,12,3,4,0,0,0,3,39,0
4,4,0,11,5,2,11,0,4,1,0,0,3,39,0
3,4,0,0,3,2,7,0,4,1,0,0,3,39,0
2,4,0,8,6,2,3,0,4,1,0,4,3,39,1
6,4,1,15,6,6,1,2,4,0,0,0,3,39,0
2,4,0,11,5,2,3,0,4,1,0,0,5,39,1
5,5,2,9,8,2,4,0,4,1,0,0,5,39,1
2,4,1,9,8,2,10,0,4,1,9,0,3,39,1
3,4,1,9,8,0,12,4,4,1,0,0,3,39,1
0,4,0,15,6,4,1,3,4,1,0,0,1,39,0
1,4,1,11,5,4,6,3,4,1,0,0,3,39,0
3,4,0,5,2,2,8,2,1,0,0,0,4,0,0
0,4,1,11,5,0,12,4,4,0,0,0,2,39,0
3,4,1,5,2,2,14,0,4,1,0,0,8,39,1
3,4,0,11,5,2,4,0,4,1,0,0,5,39,1
5,4,1,11,5,2,14,0,4,1,0,0,7,39,1
3,4,1,1,4,0,10,4,0,1,0,0,3,39,1
1,4,1,15,6,4,1,1,4,0,0,0,1,39,0
0,4,0,15,6,4,1,3,4,1,0,0,1,39,0
3,4,1,15,6,2,12,0,4,1,0,0,5,39,0
6,4,1,11,5,6,3,4,4,1,0,0,3,39,0
0,4,2,1,4,4,6,1,4,1,0,0,3,39,0
0,4,1,11,5,4,7,2,4,1,0,0,3,26,0
4,4,1,11,5,0,14,1,4,1,0,3,3,39,0
4,6,2,9,8,2,12,0,4,1,1,0,5,39,1
1,4,0,11,5,2,3,0,4,1,0,0,4,39,0
1,4,2,8,6,2,8,5,0,0,0,0,2,26,0
3,4,0,8,6,2,12,0,4,1,0,0,3,39,0
0,4,1,11,5,4,8,3,4,0,0,0,2,39,0
3,4,1,15,6,2,12,0,4,1,0,0,6,39,1
1,4,0,11,5,2,8,5,4,0,0,0,3,39,1
7,0,0,15,6,2,0,0,4,1,0,0,0,39,1
2,4,0,11,5,2,3,0,4,1,0,0,5,39,0
3,2,1,10,9,2,4,0,4,1,0,0,4,0,1
4,4,1,9,8,2,7,0,2,1,0,0,4,39,0
2,4,0,11,5,4,14,3,1,1,0,0,6,39,0
2,4,0,9,8,5,3,1,4,1,0,0,3,39,0
1,4,1,15,6,2,13,0,4,1,0,0,5,39,1
6,0,0,15,6,6,0,1,1,0,0,0,0,39,0
3,7,0,9,8,2,1,0,4,1,0,0,5,39,1
4,2,0,11,5,0,1,4,2,0,0,0,3,39,0
3,4,1,12,8,4,10,1,4,1,0,0,3,39,0
1,2,1,12,8,2,10,0,4,1,0,0,5,39,0
4,4,1,15,6,2,4,5,2,0,0,0,3,39,1
0,4,0,15,6,4,1,1,4,1,0,0,3,39,0
2,4,2,5,2,4,9,1,4,0,0,0,1,26,0
3,4,2,9,8,0,4,3,4,1,0,3,3,39,0
0,4,0,1,4,4,6,3,4,1,0,3,1,39,0
2,4,1,7,7,2,4,5,4,0,0,4,3,39,1
2,7,0,9,8,2,1,0,4,1,0,0,1,22,0
0,4,1,15,6,4,3,3,4,1,0,0,6,2,0
4,4,0,2,4,2,3,0,4,1,0,0,4,39,0
3,4,1,7,7,0,10,1,4,0,0,0,3,39,0
0,4,1,11,5,2,7,1,4,0,0,0,3,7,0
5,7,0,11,5,3,8,4,2,0,0,0,3,16,0
0,4,1,15,6,4,12,1,4,0,0,0,2,39,0
1,4,2,9,8,2,1,5,4,0,0,0,3,39,1
6,5,0,0,3,2,3,0,4,1,0,0,3,39,0
2,4,1,9,8,4,10,1,4,1,0,4,5,39,0
0,4,2,15,6,4,8,1,4,0,0,0,2,39,0
1,4,2,11,5,0,3,4,4,1,0,0,3,39,0
4,6,2,15,6,0,6,3,4,0,0,0,3,39,0
0,4,1,11,5,2,12,0,4,1,0,0,5,39,0
5,4,0,11,5,0,3,1,4,1,0,0,4,39,0
0,4,1,4,1,4,9,2,4,0,0,0,3,8,0
1,4,0,0,3,4,5,1,2,1,0,0,3,39,0
0,7,0,15,6,4,14,3,4,1,0,0,2,39,0
0,4,1,1,4,4,12,3,4,0,0,0,1,39,0
4,4,1,0,3,2,3,0,4,1,0,0,3,39,1
4,4,0,11,5,2,13,0,4,1,0,0,3,39,0
2,4,1,15,6,0,7,3,4,0,0,0,2,39,0
2,4,1,11,5,2,12,0,4,1,0,0,1,39,0
0,4,0,11,5,4,6,3,4,1,0,0,3,39,0
4,4,0,11,5,0,7,4,4,0,0,0,6,39,0
6,4,0,5,2,2,14,0,4,1,0,0,3,39,0
0,4,2,6,2,2,12,0,4,1,0,0,4,26,0
1,4,0,9,8,4,10,1,4,0,0,0,3,39,0
2,7,1,11,5,2,11,0,4,1,0,0,3,39,1
6,0,0,11,5,2,0,0,4,1,0,0,3,39,0
7,6,0,11,5,6,1,1,4,0,0,0,3,39,0
4,4,0,9,8,2,4,0,4,1,0,0,5,39,1
3,5,0,9,8,2,10,0,4,1,0,4,3,39,1
0,0,0,1,4,4,0,3,4,0,0,0,3,39,0
4,7,1,9,8,6,4,4,4,0,0,0,5,39,0
1,2,1,9,8,2,6,0,4,1,0,0,6,39,1
5,4,1,5,2,2,7,0,4,1,0,0,3,39,0
3,4,1,11,5,2,12,0,4,1,0,4,3,39,1
0,4,0,15,6,5,3,1,4,1,0,0,3,39,0
3,6,0,11,5,0,5,1,4,1,0,0,5,39,1
1,4,2,9,8,2,4,0,4,1,0,0,5,10,1
1,4,2,11,5,5,12,4,4,0,0,0,2,39,0
3,4,1,11,5,2,14,0,4,1,0,0,3,7,0
1,4,0,8,6,2,3,0,4,1,0,0,3,39,1
5,4,2,11,5,2,3,0,4,1,0,0,4,39,1
3,4,0,10,9,2,10,0,4,1,0,0,4,39,1
5,4,1,9,8,2,12,0,4,1,0,0,3,39,1
0,4,0,15,6,4,7,3,4,0,0,0,3,39,0
4,4,1,11,5,6,12,1,4,0,0,0,2,39,0
4,4,0,15,6,0,1,1,4,0,0,0,3,39,0
0,4,1,15,6,4,6,2,4,1,0,0,1,39,0
2,6,1,9,8,4,8,1,2,0,0,0,6,39,0
0,4,1,15,6,4,12,3,4,0,0,0,2,39,0
1,7,1,15,6,4,11,3,4,1,0,0,3,39,0
1,4,0,9,8,4,1,1,4,1,0,0,4,39,0
1,4,0,11,5,4,3,3,4,1,0,0,3,39,0
4,6,1,11,5,2,4,0,4,1,0,0,4,39,1
2,4,0,9,8,2,12,0,4,1,0,0,3,39,0
5,4,1,11,5,4,10,1,4,0,0,0,4,39,0
1,4,0,9,8,4,10,1,4,1,0,0,5,39,0
2,4,0,11,5,3,6,2,4,1,0,0,3,39,0
5,4,2,11,5,6,1,4,2,0,0,0,3,39,0
1,0,0,12,8,4,0,1,3,0,0,0,3,24,0
3,4,2,10,9,2,10,0,4,1,0,0,3,31,1
4,4,0,10,9,4,4,1,4,1,0,0,3,39,1
0,4,0,15,6,4,12,1,4,0,0,0,2,39,0
3,5,0,9,8,2,12,3,1,0,0,0,3,30,1
0,4,0,15,6,4,8,3,4,1,0,0,3,39,0
5,4,1,12,8,2,12,0,4,1,0,0,5,39,1
0,4,2,1,4,4,1,2,1,0,0,0,1,39,0
1,4,1,9,8,4,8,1,4,0,0,0,3,39,0
5,4,0,12,8,4,1,1,4,0,0,0,2,39,1
3,5,0,12,8,2,4,0,4,1,0,0,6,39,1
7,0,1,5,2,0,0,1,4,1,0,0,2,39,0
3,6,2,9,8,4,12,1,4,0,0,0,3,39,0
3,4,0,8,6,4,9,1,4,1,0,0,2,39,0
4,4,2,1,4,2,3,0,4,1,0,0,4,39,0
3,4,0,9,8,2,13,0,4,1,0,0,3,39,0
5,4,0,0,3,0,14,1,2,1,0,0,5,39,0
0,4,1,15,6,4,8,3,4,1,0,0,1,39,0
5,4,0,9,8,2,4,0,4,1,0,0,3,39,0
2,4,1,7,7,2,10,0,4,1,0,3,4,39,0
4,2,0,15,6,2,4,0,4,1,0,0,3,39,0
0,4,1,9,8,4,12,3,4,1,0,0,3,39,0
2,4,1,11,5,0,7,1,4,1,0,0,3,39,0
2,6,0,15,6,2,3,0,4,1,0,0,5,39,0
6,0,0,6,2,2,0,0,2,1,0,0,3,39,0
4,4,1,11,5,0,9,3,4,0,0,0,3,39,0
5,4,1,8,6,6,10,1,4,0,0,0,3,39,0
1,4,0,9,8,4,4,3,4,0,0,0,0,39,0
5,4,0,8,6,2,13,0,4,1,0,0,3,39,1
1,6,1,9,8,4,13,1,4,0,0,0,3,39,0
6,4,1,11,5,6,1,1,4,0,0,0,3,39,0
2,4,1,0,3,2,7,0,4,1,0,0,3,39,0
2,4,1,15,6,0,13,4,4,0,0,0,3,39,0
1,4,1,9,8,4,13,2,4,1,0,0,5,39,0
3,4,1,9,8,2,1,0,1,1,0,5,3,30,1
0,4,1,15,6,4,1,3,4,0,0,0,1,39,0
1,4,0,9,8,2,13,0,4,1,0,0,3,39,1
4,4,0,11,5,2,3,0,4,1,0,0,3,39,1
1,2,1,9,8,4,10,3,4,1,0,0,3,39,0
5,2,1,12,8,2,10,0,4,1,0,0,6,39,0
2,4,2,11,5,0,12,1,4,0,0,0,3,39,0
2,4,1,15,6,3,1,1,2,0,0,0,3,39,0
1,4,1,1,4,4,14,4,4,1,0,0,3,39,0
1,2,1,9,8,4,10,3,4,0,0,0,1,39,0
0,0,0,15,6,5,0,4,4,0,0,0,1,39,0
4,5,0,10,9,2,10,0,4,1,1,0,3,39,1
1,4,0,2,4,4,3,2,3,1,0,0,4,13,0
2,7,0,7,7,0,10,4,4,0,0,0,3,39,0
1,6,1,0,3,2,3,0,4,1,0,0,3,39,1
1,4,1,8,6,4,7,4,2,0,0,0,3,39,0
0,4,0,1,4,4,8,3,4,0,0,0,1,39,0
1,2,1,7,7,4,1,1,4,0,0,0,3,39,0
2,1,0,15,6,2,1,0,4,1,0,0,3,39,1
1,4,0,11,5,4,3,1,0,1,0,0,4,39,0
2,4,0,9,8,4,5,1,4,1,0,0,2,39,0
3,4,0,15,6,2,3,0,1,1,0,0,3,40,0
1,4,1,15,6,4,6,3,4,1,0,0,3,39,0
5,5,0,11,5,2,4,0,4,1,0,0,6,39,0
3,4,1,9,8,2,10,5,1,0,0,0,3,30,1
1,4,0,12,8,2,12,0,4,1,0,0,7,39,1
1,4,1,11,5,4,7,4,2,0,0,0,3,39,0
5,7,0,5,2,2,14,0,4,1,0,0,3,39,0
2,4,1,7,7,0,8,3,4,0,0,0,3,39,0
3,2,1,14,9,4,10,1,4,1,1,0,3,39,1
4,6,0,11,5,0,8,1,4,0,0,0,3,39,0
1,4,0,11,5,2,8,0,4,1,0,0,4,39,0
1,6,0,15,6,2,12,3,1,1,0,0,6,35,0
3,4,1,8,6,4,1,3,4,0,0,0,5,39,0
1,4,0,15,6,4,13,3,4,0,0,0,3,39,0
5,4,1,11,5,5,12,1,4,0,0,0,3,39,0
0,4,0,15,6,4,12,3,4,1,0,0,1,39,0
1,4,2,11,5,2,3,0,2,1,0,0,3,39,0
2,4,2,15,6,2,14,0,2,1,0,0,5,39,0
1,6,2,9,8,4,10,1,4,1,0,0,5,39,1
1,4,0,9,8,2,1,5,4,0,0,0,3,39,0
3,4,1,9,8,4,10,1,4,0,0,0,3,39,1
3,2,0,9,8,2,10,5,4,0,0,0,5,39,1
0,4,1,0,3,4,6,1,4,1,0,0,3,39,0
1,6,2,11,5,3,14,2,1,1,0,3,5,19,1
5,1,1,15,6,2,1,0,1,1,0,0,3,25,0
4,4,0,13,0,2,8,0,4,1,0,0,3,0,0
2,7,0,9,8,2,13,3,4,0,0,0,2,0,1
3,6,1,11,5,2,8,5,4,0,0,0,1,39,0
4,7,1,9,8,2,4,0,2,1,0,0,3,39,1
4,4,1,9,8,0,4,1,4,1,0,0,3,39,1
3,4,2,7,7,2,6,0,4,1,0,0,6,39,0
2,4,1,6,2,4,9,1,4,0,0,0,2,8,0
5,4,0,11,5,4,8,1,2,0,0,0,3,39,0
1,4,0,11,5,2,10,0,4,1,0,0,4,39,1
3,4,1,15,6,4,8,1,4,1,0,0,3,39,0
0,4,4,15,6,4,8,3,4,1,0,0,3,8,0
0,7,2,15,6,4,10,3,4,1,0,0,1,39,0
3,0,2,11,5,2,0,0,4,1,0,0,3,39,0
1,4,0,9,8,4,4,1,4,1,0,0,5,39,0
5,6,0,5,2,2,7,0,4,1,0,0,5,39,0
3,4,0,11,5,2,7,0,4,1,0,0,4,39,1
3,4,0,11,5,0,3,1,4,1,0,0,3,39,0
1,0,2,1,4,0,0,1,4,0,0,0,4,39,0
0,4,0,7,7,4,12,3,4,1,0,0,3,39,0
1,7,0,9,8,4,4,1,4,1,0,0,3,39,0
1,4,1,15,6,2,4,5,4,0,0,0,1,39,0
3,4,1,0,3,4,12,4,3,0,0,0,3,6,0
7,4,1,14,9,2,10,0,4,1,0,0,1,39,0
1,4,1,9,8,2,8,0,4,1,0,0,5,39,0
2,4,2,15,6,5,4,4,2,0,0,0,3,39,0
4,4,1,8,6,0,10,1,4,0,0,0,3,39,0
0,4,1,11,5,4,12,3,4,1,0,0,2,39,0
3,4,0,11,5,2,3,0,4,1,0,0,3,39,0
2,4,0,9,8,2,12,0,4,1,0,0,3,39,1
6,4,0,0,3,2,3,0,2,1,0,0,3,39,0
0,4,2,15,6,4,3,3,4,1,0,0,3,39,0
0,0,1,11,5,4,0,3,4,1,0,0,2,39,0
1,4,0,15,6,2,5,0,4,1,0,0,8,39,0
3,4,0,7,7,2,12,0,4,1,0,0,5,39,0
4,4,1,0,3,2,14,0,2,1,0,0,4,39,1
3,4,0,9,8,2,12,0,4,1,0,0,3,39,1
6,6,0,11,5,2,3,0,4,1,0,0,1,39,0
3,4,0,11,5,0,8,4,4,0,0,0,3,39,0
4,2,0,11,5,2,11,0,4,1,0,0,5,39,1
2,4,1,11,5,2,8,5,4,0,0,0,2,39,1
2,1,3,15,6,4,3,1,4,1,0,0,3,39,0
0,4,1,15,6,4,3,1,4,0,0,0,3,39,0
2,4,0,8,6,4,10,1,4,0,0,0,1,39,0
0,1,1,7,7,4,8,3,4,1,0,0,1,39,0
2,4,1,11,5,2,3,0,4,1,0,3,3,39,0
4,4,1,0,3,2,3,0,4,1,0,0,3,39,0
0,4,1,15,6,4,8,1,4,0,0,0,3,39,0
2,4,1,1,4,2,14,0,4,1,0,0,5,39,0
2,4,1,15,6,0,6,3,4,1,0,0,3,39,0
3,6,1,11,5,2,4,0,4,1,0,0,1,39,0
5,6,2,9,8,4,4,1,4,0,0,0,6,39,0
3,4,1,14,9,2,7,0,4,1,0,0,4,0,0
3,6,1,14,9,2,10,0,4,1,0,0,7,39,1
1,4,1,12,8,2,12,0,4,1,0,0,3,39,1
1,4,2,9,8,4,10,1,4,1,0,0,6,39,0
3,4,1,5,2,2,3,0,4,1,0,0,3,39,0
5,4,0,11,5,0,1,1,4,1,0,0,4,39,0
2,4,1,9,8,2,10,0,4,1,0,0,4,39,1
2,4,2,9,8,0,10,1,4,0,0,0,3,39,0
1,4,1,11,5,4,3,1,4,1,0,0,3,39,0
2,4,0,9,8,0,3,1,4,1,0,0,5,39,1
2,4,1,2,4,2,3,0,3,1,0,0,3,39,0
3,6,0,11,5,3,3,1,4,1,0,0,3,39,0
0,4,0,11,5,4,1,3,4,0,0,0,3,39,0
9,6,1,11,5,6,4,1,4,1,0,0,0,39,0
2,4,1,11,5,4,12,1,4,1,0,0,5,39,0
3,4,1,15,6,4,1,1,4,0,0,0,5,39,0
5,6,1,15,6,2,14,0,4,1,0,0,4,39,1
5,4,2,0,3,2,6,0,4,1,0,0,3,39,0
2,5,0,9,8,2,3,0,4,1,0,0,6,39,0
1,4,0,9,8,4,3,1,4,1,0,0,4,39,0
2,4,1,3,0,2,3,0,1,1,0,0,3,1,0
4,4,1,1,4,2,4,0,4,1,0,0,5,39,0
0,4,0,0,3,4,12,3,4,0,0,0,1,39,0
3,4,0,12,8,2,4,0,4,1,0,0,5,39,1
1,4,1,11,5,2,3,0,2,1,0,0,3,39,0
5,6,0,11,5,2,12,5,4,0,0,0,2,39,0
3,4,1,0,3,2,14,0,4,1,0,0,3,39,0
8,0,1,11,5,2,0,0,4,1,0,0,3,39,0
1,4,0,11,5,0,14,3,4,1,0,0,3,39,0
6,0,0,11,5,2,0,0,4,1,0,0,2,39,0
2,7,0,15,6,4,8,3,4,1,0,0,3,39,0
1,4,1,7,7,2,12,0,4,1,0,0,4,39,1
2,4,0,15,6,2,5,0,4,1,0,0,5,39,1
0,4,0,7,7,4,3,2,4,1,0,0,3,39,0
2,4,1,4,1,2,7,0,4,1,0,0,3,26,0
3,7,0,12,8,2,1,0,0,1,0,0,3,39,1
3,6,1,9,8,2,12,0,4,1,0,0,6,39,0
6,6,2,11,5,6,8,1,4,0,0,0,2,39,0
0,4,0,15,6,4,9,3,4,0,0,0,0,39,0
2,6,0,11,5,2,13,0,4,1,0,0,2,39,0
2,4,1,9,8,2,1,0,4,1,0,0,5,39,1
3,4,0,15,6,0,10,1,4,1,0,0,3,39,0
4,4,0,11,5,2,4,0,4,1,0,0,3,39,1
1,4,0,11,5,4,14,1,4,1,0,0,7,39,0
8,0,0,12,8,0,0,1,4,1,0,0,4,39,0
4,4,0,9,8,2,1,5,4,0,0,0,1,39,1
5,6,1,11,5,2,4,0,4,1,0,0,5,39,1
6,0,1,15,6,0,0,1,4,0,0,0,3,39,0
3,4,0,11,5,0,8,4,0,0,0,0,3,39,0
2,4,1,9,8,4,4,1,4,0,0,0,3,39,0
6,4,1,9,8,0,1,1,4,1,0,0,3,39,1
0,4,2,5,2,4,3,3,4,1,0,0,3,39,0
1,7,0,12,8,2,10,0,1,1,0,0,1,36,0
4,2,0,12,8,2,10,0,4,1,0,0,3,39,1
0,2,2,9,8,2,10,5,2,0,0,0,3,39,0
3,4,0,11,5,4,3,1,0,1,0,0,3,39,0
2,4,2,11,5,4,8,1,4,0,0,0,3,39,0
1,4,4,11,5,4,12,3,4,0,0,3,2,39,0
5,4,0,9,8,4,10,1,4,0,0,0,6,39,0
0,4,0,15,6,4,12,2,3,0,0,0,3,39,0
0,7,1,15,6,4,8,3,4,0,0,0,3,39,0
4,4,0,1,4,2,3,0,4,1,0,0,3,39,0
0,4,0,9,8,4,12,3,4,1,0,0,1,39,0
5,0,0,6,2,6,0,1,4,0,0,0,3,39,0
0,4,0,2,4,4,1,3,4,0,0,0,1,39,0
5,4,0,0,3,0,7,1,4,0,0,0,3,39,0
2,2,0,6,2,2,3,0,4,1,0,0,2,39,0
2,4,0,11,5,2,1,5,4,0,0,0,6,39,0
1,6,0,2,4,2,3,1,4,1,0,0,3,39,0
2,4,2,11,5,0,3,3,4,1,0,0,2,39,0
3,4,0,11,5,4,3,1,4,0,0,0,4,39,0
2,4,0,9,8,4,4,3,0,0,0,0,3,39,0
1,4,1,15,6,4,6,1,2,1,0,0,2,39,0
0,4,0,8,6,2,1,2,4,0,0,3,3,39,0
0,4,1,8,6,4,7,3,4,0,0,0,3,39,0
0,4,1,11,5,4,5,3,4,1,0,0,9,39,0
3,1,0,15,6,6,4,4,0,0,0,0,1,39,0
0,0,1,7,7,4,0,2,4,1,0,0,1,39,0
0,4,0,11,5,4,12,3,4,1,0,0,3,8,0
1,4,0,11,5,4,7,3,4,0,0,0,3,39,0
4,4,1,15,6,2,3,0,4,1,0,0,6,39,0
2,4,1,8,6,3,12,4,2,0,0,0,3,39,0
0,4,0,11,5,4,7,3,4,1,0,0,1,39,0
3,4,0,4,1,2,7,5,1,0,0,0,3,40,1
0,4,1,11,5,4,1,2,2,1,0,0,3,23,0
3,4,1,0,3,0,8,4,2,0,0,0,3,39,0
3,4,1,15,6,0,3,4,4,1,0,0,4,39,0
0,4,1,15,6,4,1,3,4,1,0,0,0,39,0
4,6,1,10,9,2,10,0,4,1,0,0,6,39,1
1,4,0,11,5,4,6,1,4,1,0,0,3,39,0
6,0,1,14,9,4,0,1,4,1,2,0,8,39,1
2,4,1,15,6,4,3,1,1,1,0,0,3,25,0
1,2,0,11,5,4,7,3,4,1,0,0,6,39,0
2,0,1,11,5,0,0,1,4,0,0,0,2,39,0
4,6,1,11,5,2,3,0,4,1,0,0,6,9,0
7,0,1,11,5,6,0,1,4,0,0,0,3,39,0
1,4,0,9,8,2,4,0,4,1,0,0,5,39,0
2,4,1,15,6,2,3,0,4,1,0,0,6,39,1
0,4,1,15,6,4,12,3,4,0,0,0,1,39,0
3,4,2,11,5,2,12,0,4,1,0,0,6,39,0
0,4,1,15,6,4,1,2,2,1,0,0,2,39,0
6,6,1,11,5,6,10,4,4,0,0,0,1,39,0
3,2,1,9,8,0,10,1,4,1,0,0,5,0,0
6,0,0,11,5,2,0,0,4,1,0,0,3,39,1
0,4,0,11,5,5,6,2,4,0,0,0,3,39,0
1,4,0,9,8,4,4,1,4,1,0,0,3,39,0
1,4,1,9,8,4,12,1,4,0,0,0,3,39,0
1,4,1,11,5,4,8,4,4,0,0,0,3,39,0
1,4,0,12,8,5,8,3,4,0,0,0,3,39,0
2,4,3,6,2,0,12,1,4,0,0,0,3,39,0
3,4,1,9,8,0,4,1,4,1,0,0,5,39,0
6,4,0,11,5,6,9,1,4,0,0,0,5,9,0
6,4,0,15,6,0,1,1,4,0,0,0,3,39,0
2,4,1,11,5,2,3,0,4,1,0,0,3,39,1
7,0,1,11,5,2,0,0,4,1,0,0,3,39,0
2,6,1,12,8,2,12,0,1,1,0,0,3,0,1
2,2,1,9,8,4,10,1,4,0,0,0,3,39,0
4,6,1,11,5,2,12,0,4,1,0,0,3,39,0
4,5,0,8,6,2,3,0,4,1,0,0,7,39,1
3,6,0,15,6,2,5,0,4,1,0,0,6,39,0
1,4,0,15,6,0,7,1,4,1,0,0,3,39,0
6,1,0,14,9,2,10,0,4,1,0,0,5,39,1
5,2,0,15,6,0,1,4,4,0,0,0,3,39,0
0,4,2,11,5,4,4,3,4,0,0,0,4,39,0
2,4,0,2,4,0,3,1,4,1,0,0,5,39,1
4,2,2,9,8,2,10,0,4,1,0,0,4,39,0
6,4,0,11,5,5,7,2,4,0,0,0,3,39,0
0,4,1,15,6,4,1,1,4,1,0,0,3,39,0
4,4,0,11,5,4,6,1,4,1,0,0,3,39,0
4,2,2,8,6,2,3,0,4,1,0,0,3,39,1
3,4,0,8,6,2,7,0,4,1,0,0,3,39,0
3,2,0,9,8,2,10,0,4,1,0,0,6,39,1
3,6,3,12,8,4,10,1,4,0,0,0,5,4,0
0,4,2,9,8,4,10,3,4,1,0,0,2,39,0
2,4,2,9,8,2,4,0,4,1,0,0,5,0,1
2,4,0,7,7,0,8,4,4,0,0,0,3,39,0
4,7,1,15,6,2,8,0,4,1,0,0,3,39,0
4,4,1,12,8,2,12,0,4,1,0,0,3,39,1
0,4,0,11,5,5,12,4,4,0,0,0,4,39,0
1,0,0,0,3,5,0,2,4,0,0,0,3,33,0
1,2,1,9,8,2,7,0,4,1,0,0,3,0,0
3,2,2,11,5,2,7,0,2,1,0,0,3,39,0
1,0,1,11,5,2,0,5,2,0,0,0,4,39,0
3,4,1,15,6,2,7,0,2,1,0,4,3,39,1
6,4,0,11,5,2,3,0,4,1,0,0,2,39,0
3,1,1,12,8,2,10,0,4,1,0,0,3,39,0
1,2,0,15,6,4,1,3,4,0,0,0,3,39,0
3,4,1,10,9,2,10,0,4,1,0,0,5,39,1
0,4,1,15,6,4,3,3,4,0,0,0,2,39,0
2,4,1,11,5,4,8,1,2,0,0,0,3,39,0
3,5,1,9,8,2,4,0,4,1,0,0,6,39,1
6,5,0,11,5,2,12,0,4,1,0,0,5,39,0
3,4,1,9,8,4,4,1,4,1,0,0,5,39,1
4,4,1,12,8,2,10,0,4,1,0,0,3,39,1
2,4,1,1,4,0,3,1,4,1,0,0,3,39,0
4,4,0,11,5,2,3,0,4,1,0,0,3,39,0
2,7,3,15,6,2,4,5,2,0,0,0,3,38,0
1,4,0,7,7,3,3,2,1,0,0,0,3,0,0
2,4,3,11,5,2,14,0,2,1,0,0,3,39,0
3,2,0,7,7,2,1,5,4,0,0,0,1,39,1
4,2,0,12,8,2,10,0,4,1,0,0,3,39,1
3,4,1,10,9,2,4,0,1,1,0,0,3,19,1
3,4,0,11,5,2,12,0,4,1,0,0,3,39,1
1,0,1,15,6,0,0,1,4,1,0,0,2,39,0
2,4,1,15,6,4,14,1,4,1,0,0,3,39,0
3,4,0,9,8,0,4,4,2,0,0,0,3,39,0
6,6,1,11,5,2,3,0,4,1,0,0,5,39,0
4,4,0,11,5,2,3,0,4,1,0,0,3,39,0
1,4,1,15,6,2,3,0,4,1,0,0,4,39,0
3,6,0,5,2,2,12,0,4,1,0,0,2,39,0
5,4,3,9,8,2,10,0,4,1,0,0,6,39,1
2,4,1,11,5,0,3,1,4,1,0,0,3,39,0
3,4,1,6,2,0,8,2,4,0,0,0,3,39,0
4,4,1,12,8,2,13,0,4,1,0,0,3,39,1
5,0,1,5,2,2,0,0,4,1,0,0,2,39,0
6,4,1,11,5,2,4,0,4,1,0,0,5,39,1
3,4,3,0,3,0,7,4,2,1,0,0,3,39,0
4,4,0,11,5,2,3,0,4,1,0,0,4,39,1
3,5,1,9,8,2,12,0,4,1,9,0,7,39,1
4,4,0,15,6,2,14,0,4,1,0,0,4,39,1
0,0,1,11,5,4,0,3,4,1,0,0,3,22,0
4,4,0,8,6,2,6,0,4,1,0,0,3,12,0
4,4,0,6,2,2,3,0,4,1,0,0,3,39,0
3,4,1,2,4,4,6,1,4,1,0,0,3,39,0
3,2,1,7,7,2,4,0,4,1,0,0,3,39,1
4,4,0,9,8,5,4,4,4,0,0,0,3,0,0
0,4,1,9,8,4,1,3,4,0,0,0,3,39,0
4,4,3,11,5,4,14,1,4,1,0,0,4,39,0
7,0,1,8,6,4,0,1,4,1,0,0,2,39,0
3,1,1,7,7,2,1,0,4,1,0,0,3,39,1
6,0,0,5,2,4,0,1,4,1,0,0,0,39,0
1,4,0,11,5,2,14,0,2,1,0,0,3,39,0
5,4,1,11,5,2,12,5,4,0,0,0,3,39,0
4,4,1,11,5,2,3,0,4,1,0,0,5,39,1
1,2,1,15,6,2,11,0,4,1,0,0,3,39,0
0,0,0,15,6,4,0,3,1,0,0,0,3,39,0
3,2,2,2,4,2,8,0,4,1,0,0,3,39,1
5,4,0,9,8,3,10,4,4,0,0,0,3,39,0
0,4,1,9,8,4,13,1,4,0,0,0,1,39,0
6,4,1,11,5,2,12,0,4,1,0,0,3,39,0
0,4,4,11,5,4,1,4,2,0,0,0,3,39,0
6,4,1,11,5,2,12,0,4,1,0,0,6,39,1
0,4,1,7,7,4,8,3,4,0,0,0,1,39,0
2,4,1,15,6,2,3,0,2,1,0,0,5,23,1
0,4,0,15,6,4,8,3,4,1,0,0,1,39,0
1,4,0,6,2,4,3,4,4,1,0,0,3,39,0
2,4,0,11,5,2,6,0,4,1,0,0,3,39,0
2,4,0,11,5,2,3,0,4,1,0,3,3,39,0
5,4,1,12,8,2,13,0,4,1,0,4,1,39,1
4,5,1,11,5,2,12,0,4,1,0,0,5,39,1
1,4,0,5,2,2,12,2,4,1,0,0,3,39,0
5,6,0,0,3,2,14,0,4,1,0,0,6,39,0
6,4,1,11,5,0,1,2,2,0,0,0,3,39,0
3,5,0,12,8,4,8,3,4,1,0,0,9,39,0
6,0,1,3,0,0,0,1,4,1,0,0,3,39,0
4,4,1,12,8,0,12,1,4,0,0,3,4,39,0
1,4,0,3,0,4,8,2,4,0,0,0,2,8,0
4,4,1,11,5,0,1,1,2,0,0,0,3,39,0
2,4,0,15,6,0,12,1,4,0,0,0,3,39,0
0,4,1,6,2,4,12,1,4,1,0,0,3,39,0
3,4,1,9,8,2,4,0,4,1,0,0,4,39,1
0,4,0,15,6,4,4,3,4,0,0,0,3,0,0
0,4,0,15,6,4,12,3,4,1,0,0,3,39,0
0,4,1,11,5,3,8,3,4,0,0,0,0,39,0
2,5,1,10,9,4,10,1,4,1,0,0,7,39,0
1,4,0,11,5,4,6,3,4,1,0,0,3,39,0
5,6,1,9,8,2,4,0,4,1,0,0,3,39,1
7,5,0,11,5,6,12,2,1,1,0,0,3,39,1
2,4,0,11,5,2,7,5,2,0,0,0,3,39,0
5,7,1,15,6,0,3,1,4,0,0,0,3,39,0
0,4,1,8,6,4,13,3,4,0,0,0,2,39,0
4,4,0,6,2,2,6,0,4,1,0,0,5,39,0
2,7,0,12,8,4,10,4,4,0,0,0,3,39,0
3,4,1,7,7,5,13,4,4,0,0,0,3,39,0
1,4,1,9,8,4,10,4,4,1,0,0,3,39,0
1,4,1,9,8,4,1,1,4,1,0,0,4,39,0
3,1,2,8,6,2,11,0,4,1,0,0,3,39,0
4,4,1,15,6,2,4,0,4,1,0,4,6,39,1
0,4,2,2,4,4,6,3,4,1,0,0,1,39,0
1,4,1,0,3,2,3,0,4,1,0,0,3,39,0
0,4,2,9,8,4,4,1,4,1,0,0,5,39,0
4,4,0,15,6,2,12,0,4,1,0,4,3,39,1
3,4,1,9,8,2,12,0,4,1,0,0,4,39,1
4,6,1,15,6,0,8,4,4,0,0,0,4,39,0
4,5,0,14,9,2,10,0,4,1,0,0,6,39,1
4,4,1,9,8,0,12,4,2,1,0,0,3,39,0
0,4,2,15,6,4,13,3,4,1,0,0,3,39,0
1,4,1,11,5,4,1,1,2,1,0,0,3,39,0
1,2,2,12,8,4,10,1,4,0,0,0,3,39,0
1,4,0,3,0,2,8,0,4,1,0,0,3,0,0
0,4,0,11,5,4,8,3,4,0,0,0,3,39,0
1,4,0,15,6,2,8,0,3,1,0,0,3,33,0
0,4,0,2,4,4,10,3,4,1,0,0,0,39,0
2,4,2,9,8,5,12,1,4,0,0,0,5,39,1
3,2,1,11,5,2,3,0,4,1,0,0,3,39,0
3,4,1,15,6,5,1,1,4,0,0,0,3,39,0
6,2,2,9,8,6,10,1,2,0,0,5,2,39,0
3,4,0,11,5,2,8,5,2,0,0,0,3,39,0
5,6,0,15,6,2,5,0,4,1,0,0,5,39,0
3,4,4,15,6,5,7,1,2,1,0,0,3,39,0
3,5,0,12,8,2,4,0,4,1,0,0,3,39,1
3,1,3,15,6,2,5,0,4,1,0,0,3,39,0
2,4,1,11,5,3,8,1,4,1,0,0,3,0,0
4,4,1,9,8,2,4,0,4,1,0,0,6,39,1
5,4,1,11,5,5,8,4,4,0,0,0,3,6,0
3,7,0,9,8,2,4,0,4,1,0,0,3,39,1
2,4,0,9,8,3,7,1,1,1,0,5,3,0,0
0,0,2,15,6,4,0,3,4,0,0,0,1,39,0
5,4,0,1,4,5,7,1,4,0,0,0,3,39,0
2,2,1,15,6,2,3,0,4,1,0,0,4,39,0
4,4,1,3,0,2,7,0,4,1,0,0,3,26,0
4,6,2,15,6,0,3,1,4,1,0,0,0,33,1
0,4,2,11,5,4,3,1,4,1,0,0,3,39,0
2,6,2,11,5,2,14,0,4,1,0,4,6,39,1
1,4,1,11,5,4,1,1,0,0,0,0,0,39,0
4,4,1,9,8,2,12,0,4,1,0,0,5,39,1
4,5,1,7,7,6,4,1,4,0,0,0,6,39,0
7,6,0,8,6,2,12,0,4,1,0,0,0,39,0
5,4,1,11,5,4,1,1,4,0,0,0,3,39,0
2,4,0,11,5,2,3,0,4,1,0,0,3,39,1
3,4,1,14,9,2,10,0,4,1,0,0,6,39,1
3,2,1,12,8,2,10,0,4,1,0,4,4,39,1
5,7,1,11,5,0,1,4,4,0,0,0,3,39,0
2,4,0,11,5,2,4,0,4,1,0,0,4,39,0
1,0,1,9,8,4,0,1,4,1,0,0,1,39,0
4,4,1,1,4,2,7,0,1,1,0,0,3,30,0
2,4,1,11,5,2,10,0,4,1,0,4,3,39,1
3,4,0,8,6,4,1,1,4,0,0,0,3,39,0
4,6,1,15,6,0,12,4,4,0,0,0,5,39,0
1,4,2,13,0,3,7,1,4,1,0,3,3,26,0
6,4,1,11,5,2,12,0,4,1,0,0,3,39,0
1,4,1,15,6,4,12,1,4,1,0,0,4,39,0
0,4,3,11,5,4,11,3,2,1,0,0,3,39,0
3,4,1,15,6,0,3,1,4,1,0,0,3,39,0
6,6,1,11,5,2,3,0,4,1,0,0,5,39,1
2,4,1,12,8,2,4,0,4,1,0,4,6,39,1
4,4,0,15,6,2,3,0,4,1,0,0,3,39,0
0,4,1,8,6,4,1,2,4,0,0,0,3,39,0
0,4,0,11,5,4,12,4,2,1,0,0,2,14,0
0,0,0,15,6,4,0,3,4,1,0,0,1,39,0
0,3,1,5,2,0,0,1,4,1,0,0,3,39,0
3,4,0,15,6,4,7,1,4,1,0,0,4,39,0
3,6,0,9,8,2,12,0,4,1,0,0,3,39,1
5,4,0,15,6,0,1,1,4,0,0,0,3,39,0
5,4,1,11,5,5,8,1,4,0,0,0,3,39,0
6,6,1,14,9,2,10,0,4,1,0,0,2,39,0
2,4,0,15,6,2,3,0,4,1,0,4,4,39,0
5,4,0,15,6,2,12,5,4,0,0,0,3,39,0
1,4,1,11,5,4,6,2,4,1,0,0,3,39,0
6,6,0,10,9,2,4,0,4,1,0,0,2,39,1
5,4,1,7,7,0,1,1,4,0,0,0,3,39,0
0,4,1,11,5,4,3,1,4,1,0,0,3,39,0
4,4,2,9,8,2,12,0,4,1,0,0,6,39,1
1,2,0,11,5,2,3,0,4,1,0,0,3,39,0
2,4,0,11,5,2,3,0,4,1,0,0,4,39,0
1,4,1,11,5,2,1,0,4,1,0,0,5,39,0
0,2,0,11,5,4,10,1,4,0,0,0,3,39,0
1,4,1,11,5,2,7,0,4,1,0,0,3,39,0
1,4,0,8,6,5,10,4,4,0,0,0,3,39,0
1,4,2,1,4,4,8,3,4,0,0,0,1,39,0
3,4,0,15,6,2,3,0,4,1,0,0,3,22,0
6,4,0,15,6,0,12,1,4,0,0,0,3,39,0
3,4,0,4,1,3,8,4,1,0,0,0,3,30,0
4,4,1,8,6,5,10,3,4,0,0,0,3,39,0
4,2,1,12,8,2,10,5,4,0,0,0,3,39,0
4,4,0,12,8,4,12,1,4,0,0,0,3,39,0
2,4,1,9,8,2,10,0,4,1,0,4,4,39,1
2,4,0,15,6,2,3,0,4,1,0,0,3,39,0
2,4,0,11,5,4,7,1,4,1,0,0,3,39,0
2,4,1,11,5,0,1,4,2,0,0,0,3,39,0
0,4,1,11,5,4,12,3,2,0,0,0,1,39,0
1,4,1,14,9,4,10,3,4,0,0,0,3,39,0
6,6,1,5,2,2,12,0,4,1,0,0,0,39,0
3,4,0,8,6,2,3,0,4,1,0,0,3,2,0
4,4,0,15,6,2,4,0,4,1,0,0,3,39,1
4,2,1,12,8,0,10,4,4,0,0,0,5,39,0
4,2,0,9,8,2,1,5,4,0,0,0,3,39,1
4,1,1,15,6,0,1,1,4,1,0,0,4,39,0
2,4,0,11,5,2,12,0,4,1,0,0,5,39,0
3,1,0,12,8,4,10,1,4,1,0,0,3,39,0
1,4,0,11,5,5,7,1,4,1,0,0,3,39,0
1,4,2,9,8,2,4,5,4,1,0,0,3,39,1
5,4,1,9,8,2,12,0,4,1,1,0,3,39,1
4,4,2,9,8,2,10,0,4,1,1,0,3,39,1
2,4,1,11,5,4,7,1,4,1,0,0,4,39,0
1,4,1,7,7,4,10,2,1,0,0,0,3,30,0
3,4,0,15,6,2,12,0,4,1,0,0,7,39,1
0,4,1,15,6,4,8,3,4,0,0,0,1,39,0
3,4,1,9,8,2,4,0,4,1,0,0,5,39,1
5,4,0,11,5,0,13,1,4,1,0,0,4,39,1
3,6,1,14,9,2,10,0,4,1,0,5,5,0,1
5,4,2,12,8,2,4,0,4,1,0,0,5,39,1
6,4,0,6,2,4,9,1,2,0,0,0,2,39,0
6,2,0,11,5,6,14,1,2,0,0,0,3,39,0
1,6,1,15,6,2,12,0,0,1,0,0,5,39,1
1,7,0,11,5,2,5,0,4,1,0,0,3,39,0
4,4,0,11,5,2,13,0,4,1,0,0,8,39,0
5,4,0,0,3,2,7,0,2,1,0,0,4,39,0
4,4,1,11,5,2,14,0,0,1,0,0,3,39,1
6,6,1,5,2,2,3,0,4,1,0,0,0,39,0
2,4,1,9,8,2,4,5,4,0,0,0,4,39,1
6,4,0,11,5,2,14,0,4,1,0,0,3,39,0
3,6,1,9,8,2,12,0,4,1,0,0,3,39,0
1,4,2,5,2,4,6,2,4,1,0,0,2,39,0
2,4,1,9,8,2,12,0,4,1,0,4,5,39,1
2,4,1,4,1,2,12,0,4,1,0,0,3,26,0
2,0,0,15,6,4,0,4,4,0,0,0,2,39,0
1,4,2,15,6,2,3,0,4,1,0,0,3,39,0
2,4,1,11,5,4,3,4,4,1,0,0,5,39,0
5,2,1,15,6,0,4,1,4,0,0,0,3,39,0
1,2,0,11,5,2,8,0,2,1,0,0,3,39,0
1,4,1,15,6,2,14,0,4,1,0,0,4,39,0
1,4,0,14,9,4,10,3,4,1,0,0,5,39,0
1,4,1,11,5,4,10,3,4,0,0,0,2,39,0
4,4,1,8,6,4,8,1,4,1,0,0,3,39,0
5,4,0,15,6,2,14,0,4,1,0,0,2,39,1
0,4,1,11,5,4,8,2,4,0,0,0,3,39,0
2,5,0,7,7,2,12,0,4,1,0,4,4,39,1
3,6,0,12,8,0,10,1,4,0,0,0,1,39,0
2,4,0,1,4,4,3,1,0,1,1,0,6,39,1
4,4,2,11,5,2,7,0,4,1,0,0,3,39,0
3,6,0,7,7,0,3,3,0,1,0,0,3,39,0
4,4,1,15,6,2,13,0,4,1,0,0,6,39,1
1,7,1,9,8,2,10,0,4,1,0,0,2,27,0
2,4,2,11,5,2,1,5,4,0,0,0,3,39,1
7,6,1,14,9,2,10,0,4,1,0,5,2,39,1
2,4,1,11,5,5,1,4,2,0,0,0,3,39,0
1,4,0,11,5,2,8,5,4,0,0,0,3,26,0
2,4,1,4,1,2,7,0,0,1,0,0,3,26,0
5,2,2,12,8,2,10,0,2,1,0,0,2,39,1
2,4,0,11,5,2,3,0,4,1,0,0,3,39,0
1,4,0,9,8,2,4,0,4,1,0,0,5,39,1
2,4,1,15,6,2,3,0,4,1,0,0,3,39,1
0,4,1,15,6,4,1,3,4,0,0,0,3,26,0
0,4,1,0,3,4,8,1,4,1,0,0,1,8,0
5,6,0,8,6,2,3,0,4,1,0,0,3,39,1
3,4,1,15,6,0,4,1,4,0,0,0,3,39,0
3,7,2,15,6,4,4,1,4,0,0,0,3,39,0
4,1,0,11,5,2,1,0,4,1,0,0,3,39,1
2,4,1,15,6,2,1,0,4,1,0,0,3,39,0
2,4,3,11,5,0,7,1,4,1,0,0,2,39,0
1,6,0,10,9,2,10,0,4,1,0,0,3,39,1
6,4,0,11,5,4,4,3,4,0,0,0,3,39,0
3,2,1,7,7,0,13,1,2,1,0,0,3,39,0
1,4,2,11,5,0,1,1,4,0,0,0,3,39,0
2,6,0,11,5,2,5,0,4,1,0,0,6,39,1
9,4,2,11,5,6,1,4,4,0,0,0,2,39,0
2,4,1,11,5,2,7,0,4,1,0,0,3,39,1
1,4,1,9,8,4,4,1,4,1,0,0,4,39,0
5,4,0,15,6,4,1,1,4,0,0,0,3,39,0
1,6,1,15,6,2,3,0,0,1,0,3,6,39,1
3,4,0,11,5,2,1,5,4,0,0,0,3,39,0
1,2,1,11,5,2,1,0,4,1,0,0,3,39,0
0,4,1,2,4,4,3,3,4,1,0,0,3,39,0
6,5,0,14,9,2,10,0,4,1,1,0,5,39,1
6,4,1,12,8,2,12,0,4,1,2,0,3,39,1
3,4,0,11,5,2,3,0,4,1,0,0,3,39,0
7,4,0,11,5,3,7,4,4,1,0,0,3,0,0
1,4,0,8,6,2,4,0,4,1,0,0,7,39,0
1,4,1,9,8,4,1,1,4,0,0,0,3,39,0
4,4,0,8,6,2,8,0,4,1,0,0,3,39,0
3,4,0,15,6,0,1,4,2,0,0,0,3,39,0
0,0,2,15,6,4,0,1,4,1,0,0,3,39,0
6,4,0,15,6,2,12,0,4,1,0,0,3,39,1
1,4,1,12,8,0,8,1,3,0,0,0,2,39,0
1,4,1,9,8,2,3,0,4,1,0,0,3,39,0
0,4,2,11,5,4,1,3,4,1,0,0,3,39,0
5,4,0,9,8,2,4,0,4,1,0,0,5,39,1
5,4,1,11,5,0,9,1,4,0,0,0,3,10,0
2,4,1,8,6,2,3,0,4,1,0,0,3,39,0
4,4,0,15,6,2,3,0,4,1,0,0,3,39,1
5,4,1,9,8,2,10,0,4,1,0,0,3,39,1
2,4,0,9,8,2,10,0,1,1,0,0,3,39,1
4,4,0,11,5,2,3,0,4,1,0,0,3,39,1
4,4,1,12,8,0,4,1,4,0,0,0,3,39,0
1,0,1,2,4,2,0,0,2,1,0,0,4,39,0
2,4,1,8,6,4,13,1,4,1,0,0,3,39,0
1,4,0,9,8,2,10,0,4,1,0,0,3,39,1
6,0,1,5,2,2,0,0,4,1,0,0,3,39,0
1,6,1,9,8,3,4,1,4,1,0,4,6,39,0
1,1,0,9,8,4,10,1,4,1,0,0,3,39,1
5,4,1,15,6,0,1,4,4,0,0,0,4,39,0
1,4,1,11,5,2,14,0,4,1,0,0,4,39,0
0,4,1,15,6,4,1,3,2,0,0,0,2,39,0
0,4,1,4,1,4,9,4,4,0,0,0,1,26,0
3,4,1,11,5,0,13,4,2,0,0,0,3,39,0
2,4,3,12,8,2,10,0,4,1,0,0,3,39,1
4,4,5,11,5,2,7,0,4,1,0,0,3,39,1
1,4,0,9,8,4,10,1,2,0,0,0,4,39,0
0,7,1,11,5,4,14,3,4,1,0,0,3,39,0
1,7,0,0,3,2,1,0,4,1,0,0,3,39,0
0,4,0,15,6,4,3,1,4,1,0,0,3,39,0
1,4,0,7,7,4,8,1,4,1,0,0,3,39,0
6,0,0,11,5,6,0,4,4,0,0,5,0,39,0
3,5,0,4,1,2,3,0,4,1,0,0,3,0,1
2,0,0,15,6,2,0,0,4,1,0,0,3,39,0
3,1,0,12,8,2,6,0,4,1,0,0,1,39,0
3,4,1,15,6,0,1,4,4,0,0,0,1,39,0
3,4,1,9,8,0,4,1,4,0,0,0,5,39,0
0,0,0,15,6,4,0,3,4,1,0,0,3,39,0
3,4,0,11,5,2,8,0,1,1,0,0,8,24,1
3,6,1,8,6,2,10,0,4,1,0,0,1,39,0
3,4,1,11,5,2,3,0,4,1,0,0,3,39,0
4,2,1,15,6,2,11,0,4,1,0,0,3,39,0
0,4,2,15,6,4,6,3,4,1,0,0,3,39,0
1,4,1,11,5,4,4,3,4,0,0,0,3,39,0
0,4,0,15,6,4,3,1,4,1,0,0,3,39,0
5,4,2,9,8,2,12,0,4,1,0,0,3,39,1
2,4,0,9,8,4,8,1,1,1,0,0,3,35,0
5,4,1,1,4,2,8,0,2,1,0,3,3,39,0
2,4,1,11,5,2,3,3,4,0,0,4,3,39,0
0,4,2,15,6,4,6,1,4,1,0,0,3,39,0
1,7,1,9,8,4,11,1,2,0,0,0,3,39,0
3,2,1,12,8,2,10,0,4,1,0,0,5,39,1
9,2,1,12,8,2,4,0,4,1,2,0,6,39,1
6,4,0,2,4,3,10,1,4,1,0,0,3,39,0
0,4,0,15,6,4,6,1,4,1,0,0,3,39,0
3,1,2,11,5,4,3,3,2,0,0,0,3,39,0
3,4,0,9,8,0,1,1,2,0,0,0,3,39,0
6,6,0,2,4,2,3,0,4,1,0,0,3,39,1
4,4,0,4,1,2,7,0,1,1,0,0,3,25,0
5,5,0,14,9,2,10,0,4,1,0,0,3,39,1
3,4,0,8,6,2,1,0,4,1,0,0,3,39,0
4,4,0,2,4,2,4,0,4,1,0,0,5,39,0
2,4,0,15,6,4,7,3,4,1,0,0,3,39,0
0,4,0,15,6,2,12,2,4,0,0,0,2,39,0
0,4,0,0,3,4,8,3,4,0,0,0,0,39,0
1,2,2,11,5,2,1,0,2,1,0,0,3,39,0
6,4,0,0,3,0,8,4,4,0,0,0,3,39,0
1,4,1,9,8,2,4,0,4,1,0,0,5,39,1
2,6,0,11,5,2,4,0,4,1,0,0,5,39,0
3,4,0,9,8,4,4,1,4,0,0,0,3,39,0
0,2,2,9,8,4,1,1,4,1,0,0,3,39,0
0,4,2,0,3,4,8,3,4,1,0,0,3,39,0
3,5,1,9,8,2,12,0,4,1,0,0,3,39,0
4,5,0,9,8,2,12,0,4,1,0,0,5,39,0
1,4,1,11,5,4,12,1,4,1,0,3,3,39,0
3,1,0,12,8,2,4,0,4,1,0,0,3,39,1
1,4,1,11,5,2,4,0,4,1,0,0,3,39,1
0,4,0,15,6,4,8,1,4,0,0,0,3,39,0
0,4,0,1,4,4,3,3,4,1,0,0,3,39,0
3,4,1,9,8,2,4,0,4,1,0,0,4,39,0
3,4,0,9,8,2,4,0,4,1,0,0,4,39,1
0,4,1,11,5,4,12,3,4,0,0,0,3,39,0
4,2,0,11,5,2,4,5,4,0,0,0,3,39,0
3,1,0,15,6,2,4,0,4,1,0,0,3,39,1
6,6,2,15,6,0,4,1,4,1,0,0,5,39,1
5,2,0,9,8,6,10,1,4,0,0,0,4,39,0
2,2,1,9,8,2,10,5,4,0,1,0,5,39,1
1,4,1,11,5,4,8,3,4,0,0,0,3,39,0
3,4,0,9,8,5,4,1,4,0,0,0,5,39,0
1,4,0,8,6,4,13,3,4,1,0,0,3,39,0
3,2,1,11,5,2,3,0,2,1,0,0,3,39,0
1,6,0,15,6,4,5,3,4,0,0,0,5,39,0
0,4,1,15,6,2,3,0,4,1,0,0,3,39,0
5,1,0,12,8,2,4,0,1,1,0,0,6,39,1
5,4,1,15,6,4,1,1,4,0,0,0,3,39,0
2,4,1,11,5,2,5,5,4,0,0,0,3,39,0
1,4,2,11,5,4,7,3,4,1,0,0,3,39,0
6,4,2,7,7,6,8,1,4,0,0,0,0,39,0
1,4,1,7,7,4,13,1,4,1,0,0,2,39,0
2,7,2,11,5,2,3,0,4,1,0,0,3,39,1
2,4,1,15,6,2,12,0,4,1,0,3,4,39,0
2,4,3,11,5,0,7,4,4,1,0,0,3,39,0
8,5,0,15,6,2,12,0,4,1,0,0,0,39,0
0,4,0,15,6,4,14,1,4,1,0,0,3,39,0
1,4,1,9,8,4,1,3,4,0,0,0,3,39,0
3,4,1,15,6,0,12,1,4,1,0,0,3,39,0
1,5,1,11,5,2,4,0,4,1,0,0,6,39,0
7,0,0,8,6,6,0,1,4,0,0,0,3,39,0
2,6,2,15,6,2,12,0,4,1,0,0,5,39,0
2,4,1,15,6,2,3,5,4,0,0,0,6,39,0
2,4,1,7,7,4,12,4,4,1,0,0,5,39,0
3,4,0,9,8,0,12,4,4,1,0,0,4,39,1
5,6,1,12,8,2,12,0,4,1,0,0,4,39,1
1,4,1,4,1,4,7,1,4,1,0,0,3,26,0
3,4,0,12,8,2,10,0,4,1,0,0,3,9,1
1,4,1,7,7,0,8,1,4,0,0,0,3,39,0
1,4,0,12,8,4,10,1,4,1,0,0,4,39,1
2,4,1,1,4,4,6,3,2,1,0,0,3,39,0
0,4,1,9,8,4,1,3,4,0,0,0,3,39,0
4,4,1,11,5,2,12,0,2,1,0,5,3,39,0
4,0,2,11,5,2,0,5,4,0,0,0,0,39,1
3,4,1,14,9,2,10,0,4,1,1,0,5,39,1
1,4,1,11,5,0,8,4,4,0,0,0,3,39,0
3,4,2,11,5,2,7,0,4,1,0,0,3,39,0
3,2,0,9,8,4,10,3,4,1,0,0,4,39,1
1,4,1,11,5,4,7,3,4,1,0,0,3,39,0
0,4,1,1,4,4,3,3,4,1,0,0,4,39,0
7,0,0,9,8,2,0,0,4,1,0,0,0,39,0
1,4,1,11,5,2,12,0,4,1,0,0,3,39,0
7,4,1,9,8,6,10,4,4,0,0,0,1,33,0
1,5,0,11,5,5,10,2,4,1,0,0,2,39,0
3,4,0,11,5,2,3,0,4,1,0,0,3,39,1
2,4,0,15,6,0,1,4,4,0,0,0,3,39,0
4,4,1,15,6,0,6,3,4,1,0,0,3,39,0
4,0,2,15,6,2,0,5,4,0,0,0,3,39,1
6,4,1,11,5,6,1,4,4,0,0,0,3,39,0
3,7,1,11,5,2,10,0,4,1,0,0,3,39,0
2,4,0,9,8,2,12,0,4,1,0,0,3,39,0
5,4,1,15,6,2,4,0,4,1,0,0,4,39,1
0,4,2,15,6,4,6,3,4,1,0,0,3,39,0
0,4,1,15,6,3,1,3,1,0,0,0,3,39,0
3,4,0,15,6,2,12,0,4,1,0,0,3,39,1
3,4,1,15,6,2,12,0,4,1,0,0,6,39,1
0,4,1,11,5,4,3,1,4,1,0,0,3,26,0
2,4,0,7,7,0,10,4,2,0,0,0,3,39,0
0,4,2,9,8,4,12,1,4,1,0,0,2,39,0
5,6,0,5,2,2,5,0,4,1,0,0,6,39,0
0,0,0,15,6,5,0,4,4,0,0,0,2,39,0
0,0,0,15,6,4,0,3,4,0,0,0,3,39,0
2,4,1,4,1,5,9,4,3,0,0,0,3,26,0
2,4,2,8,6,0,8,4,4,0,0,0,3,39,0
6,0,2,0,3,2,0,0,4,1,0,0,3,39,0
1,6,1,11,5,4,8,2,4,1,0,0,3,39,0
2,4,1,15,6,4,3,1,4,1,0,0,3,39,0
2,4,1,9,8,4,10,1,4,1,0,0,3,39,0
3,5,1,11,5,2,3,0,4,1,0,0,4,39,0
0,4,2,0,3,4,6,3,4,1,0,0,3,39,0
3,4,1,10,9,2,10,0,4,1,0,0,6,39,1
3,4,1,11,5,2,12,0,4,1,0,0,2,39,0
1,4,1,12,8,4,1,1,4,0,0,0,4,39,0
0,7,0,15,6,4,1,3,4,1,0,0,0,39,0
1,4,1,15,6,2,7,0,4,1,0,0,3,39,0
4,4,0,11,5,2,7,5,4,0,0,0,5,39,0
3,6,2,1,4,2,5,0,4,1,0,0,8,39,0
2,6,0,15,6,2,5,0,4,1,0,0,8,39,0
0,4,3,9,8,4,5,1,4,1,0,0,3,39,0
4,4,1,15,6,2,10,0,4,1,0,0,3,39,0
2,4,1,7,7,0,1,1,2,1,0,0,3,39,0
2,7,1,11,5,4,8,4,2,0,0,0,3,39,0
2,6,4,9,8,2,14,0,2,1,0,0,4,0,0
4,4,1,7,7,0,4,4,4,0,0,0,3,9,0
3,4,0,6,2,5,8,4,3,0,0,0,3,38,0
5,4,1,10,9,2,4,0,4,1,0,0,8,39,1
2,4,1,11,5,2,12,0,1,1,0,0,3,17,0
4,4,0,11,5,2,3,0,4,1,0,0,3,39,1
5,5,0,15,6,2,4,0,4,1,0,0,3,39,0
3,6,0,11,5,2,4,0,4,1,0,0,3,39,1
1,4,0,11,5,2,14,0,3,1,0,0,5,39,0
3,4,0,9,8,2,4,0,4,1,0,0,3,39,1
1,4,1,11,5,0,1,4,4,0,0,0,3,39,0
1,4,2,14,9,4,10,1,4,1,0,3,8,39,0
2,4,1,1,4,2,6,0,2,1,0,0,3,39,1
4,4,0,15,6,0,4,1,4,0,0,0,4,39,0
2,4,0,15,6,2,7,0,4,1,0,0,8,39,1
3,4,0,15,6,2,14,0,4,1,0,0,4,39,0
3,0,1,9,8,2,0,0,4,1,0,0,3,39,0
2,4,1,11,5,4,10,1,4,1,0,0,3,39,0
6,4,1,11,5,0,1,1,4,0,0,0,3,39,0
4,4,0,11,5,2,7,0,4,1,0,0,3,39,1
6,4,1,5,2,6,8,1,4,0,0,0,1,11,0
2,4,1,9,8,2,4,0,4,1,0,0,3,39,0
1,4,0,15,6,0,4,4,4,0,0,0,3,39,0
3,4,0,11,5,0,6,1,4,0,0,0,4,39,0
3,4,0,15,6,4,3,1,4,1,0,0,3,39,0
6,0,1,11,5,6,0,1,4,0,0,0,3,39,0
2,4,1,15,6,2,13,0,4,1,0,0,4,39,0
4,5,1,15,6,5,4,4,4,0,0,0,7,39,0
0,4,1,1,4,4,8,2,4,0,0,0,1,39,0
0,4,2,11,5,4,8,1,4,1,0,0,3,39,0
5,6,0,15,6,2,5,0,4,1,0,0,3,39,0
7,4,1,3,0,2,14,0,4,1,0,3,1,39,0
3,6,1,1,4,2,3,0,4,1,0,0,5,39,0
1,4,0,11,5,4,8,1,2,1,0,0,3,24,0
4,4,1,11,5,2,3,0,4,1,0,0,3,39,1
2,4,0,11,5,4,12,1,4,1,0,0,3,39,0
1,4,1,11,5,2,1,5,4,0,0,0,5,39,1
3,4,1,1,4,5,7,1,4,0,0,0,3,39,0
0,4,1,11,5,4,8,3,4,1,0,0,3,39,0
1,4,0,11,5,2,3,0,4,1,0,0,3,39,0
1,0,2,0,3,2,0,0,4,1,0,0,3,39,0
3,4,0,11,5,2,1,5,4,0,0,0,3,39,0
4,6,1,10,9,2,10,0,4,1,0,0,3,39,0
0,4,1,1,4,4,12,3,4,0,0,3,1,39,0
1,4,2,9,8,4,12,4,4,1,0,0,5,39,0
3,6,0,11,5,2,3,0,4,1,0,4,4,39,0
4,4,1,11,5,4,8,1,4,0,0,0,3,4,0
2,4,1,11,5,2,14,0,4,1,0,0,6,39,1
1,6,1,11,5,4,10,1,4,1,0,0,3,39,0
5,4,1,11,5,2,5,0,4,1,0,0,4,39,0
3,6,1,9,8,2,4,0,1,1,0,0,5,35,0
0,0,0,11,5,4,0,3,4,1,0,0,2,39,0
3,4,2,15,6,2,12,0,4,1,0,0,3,39,1
0,7,1,9,8,4,10,1,4,1,0,0,1,39,0
3,4,1,9,8,2,5,0,4,1,0,0,3,39,0
2,6,0,15,6,0,3,1,4,1,0,0,3,39,0
4,4,1,11,5,0,4,4,4,0,0,0,3,39,0
0,4,1,15,6,4,1,3,2,0,0,0,1,39,0
0,4,1,11,5,4,6,2,2,1,0,0,3,39,0
0,4,1,15,6,4,4,1,4,1,0,0,3,39,0
0,7,0,2,4,4,14,3,2,1,0,0,1,39,0
7,4,1,11,5,6,1,1,4,0,0,0,3,39,0
3,4,2,11,5,0,1,4,4,0,0,0,3,39,0
3,4,1,11,5,2,3,0,4,1,0,0,4,39,0
6,2,1,11,5,6,8,1,4,0,0,0,1,39,0
4,4,0,15,6,2,12,0,4,1,0,0,6,39,1
6,4,0,10,9,2,10,0,4,1,0,0,5,39,1
1,4,1,15,6,2,7,0,2,1,0,0,3,39,0
3,1,0,15,6,2,4,0,4,1,0,4,5,39,1
0,4,0,15,6,4,1,3,4,0,0,0,3,0,0
2,6,0,11,5,4,3,1,4,1,0,0,3,39,0
1,0,0,11,5,4,0,3,4,1,0,0,3,39,0
1,4,1,15,6,2,4,0,4,1,0,0,8,39,0
2,4,1,8,6,2,1,0,4,1,0,0,4,39,0
2,4,1,9,8,0,4,1,4,1,0,0,6,39,0
0,4,1,9,8,4,1,1,4,0,0,0,3,39,0
6,6,1,9,8,2,12,0,4,1,0,0,1,39,0
3,5,0,9,8,2,12,2,1,1,0,0,4,19,0
4,1,1,9,8,2,10,0,4,1,0,0,5,39,0
5,0,0,11,5,2,0,0,4,1,0,0,3,39,0
6,0,1,0,3,2,0,0,4,1,0,0,7,39,0
0,4,1,3,0,2,8,2,4,1,0,0,3,9,0
4,4,1,15,6,2,3,0,4,1,0,0,6,39,1
5,7,0,10,9,2,4,0,4,1,0,4,5,39,1
3,4,0,15,6,2,12,0,4,1,0,0,2,0,0
1,4,1,7,7,4,10,3,4,0,0,0,3,39,0
3,4,0,7,7,2,1,0,4,1,0,0,3,39,0
1,4,1,9,8,2,14,0,4,1,0,0,3,39,1
6,4,0,15,6,2,10,0,4,1,0,0,5,39,1
0,4,1,15,6,4,6,3,2,0,0,0,3,39,0
2,4,0,6,2,0,3,3,4,1,0,0,3,39,0
4,4,0,4,1,2,8,2,4,0,0,0,2,22,0
2,4,1,9,8,2,12,0,4,1,0,0,4,39,0
3,2,0,11,5,4,11,3,0,1,0,0,4,39,0
5,2,1,12,8,2,10,5,2,0,0,4,3,39,1
6,0,0,5,2,2,0,0,4,1,0,0,3,39,1
0,4,1,9,8,4,12,1,4,0,0,0,3,39,0
3,2,3,15,6,2,6,0,4,1,0,0,3,39,0
1,4,1,0,3,0,12,2,4,0,0,0,3,39,0
2,7,0,12,8,4,10,1,4,1,0,0,3,39,0
6,0,1,11,5,0,0,1,4,1,0,0,3,39,1
0,4,1,0,3,4,12,3,4,1,0,0,0,39,0
2,4,1,9,8,2,12,0,4,1,0,0,3,39,1
3,7,1,9,8,2,4,0,4,1,1,0,5,39,1
2,6,1,11,5,4,3,1,4,1,0,0,3,39,0
3,1,1,15,6,4,1,1,4,1,1,0,5,39,1
2,4,0,9,8,2,4,0,4,1,0,0,6,39,1
3,4,1,11,5,2,14,0,4,1,0,4,4,39,1
8,0,0,15,6,6,0,4,4,0,0,0,0,39,0
0,4,2,11,5,4,3,3,1,1,0,0,3,30,0
1,4,1,7,7,4,7,2,4,0,0,0,1,39,0
4,4,0,11,5,0,10,1,4,1,0,0,3,39,0
3,4,0,11,5,0,4,1,4,0,0,0,3,39,0
1,4,1,9,8,2,12,5,2,0,1,0,4,39,1
0,0,0,11,5,4,0,3,4,0,0,0,3,39,0
1,6,2,11,5,2,12,0,4,1,0,0,6,39,1
6,0,0,11,5,0,0,3,4,1,0,0,1,39,0
5,6,1,9,8,2,4,0,4,1,0,0,1,39,1
6,1,1,7,7,5,10,1,4,0,0,0,3,39,1
1,2,2,7,7,4,13,1,4,1,0,0,1,39,0
2,6,1,11,5,4,4,1,4,1,0,0,5,10,0
0,4,0,1,4,4,12,3,4,1,0,0,1,39,0
0,4,0,7,7,4,1,1,4,0,0,0,3,39,0
1,4,1,9,8,4,13,1,4,0,0,0,4,39,0
2,4,0,15,6,4,3,1,2,1,0,0,5,39,0
0,4,1,1,4,4,12,3,4,0,0,0,1,39,0
3,4,0,11,5,2,14,0,4,1,0,0,3,39,0
4,6,1,15,6,2,14,0,4,1,0,0,5,39,1
2,2,1,9,8,4,1,1,4,0,0,0,3,39,0
2,4,1,15,6,2,12,0,4,1,0,0,4,39,1
3,4,1,11,5,0,1,4,4,0,0,0,3,39,0
3,4,0,9,8,2,13,0,4,1,0,0,6,39,1
7,4,1,9,8,6,8,1,4,0,0,0,0,39,0
4,4,1,2,4,6,6,4,4,0,0,0,5,39,0
3,4,0,11,5,2,1,0,4,1,0,0,3,39,1
0,4,0,15,6,4,11,3,4,0,0,0,1,39,0
2,4,1,11,5,2,12,0,4,1,0,0,3,39,1
2,4,0,9,8,4,4,1,4,0,0,0,3,39,0
2,4,0,11,5,2,4,5,4,0,0,0,4,2,1
6,0,0,11,5,2,0,0,4,1,0,0,3,39,0
2,6,0,11,5,2,14,0,0,1,0,0,3,39,0
0,4,0,15,6,4,13,3,4,0,0,0,3,0,0
1,4,1,11,5,0,3,1,4,1,0,0,4,39,0
3,4,2,15,6,0,4,1,4,0,0,0,3,39,0
1,4,1,4,1,4,5,3,4,1,0,0,2,26,0
2,4,0,9,8,2,4,0,4,1,0,0,3,39,1
8,4,0,14,9,2,4,0,4,1,0,0,3,39,0
2,4,0,11,5,0,3,1,4,1,0,0,3,39,0
0,4,1,15,6,4,1,2,2,0,0,0,3,39,0
2,4,0,15,6,4,1,1,4,1,0,0,2,39,0
5,4,1,0,3,2,14,0,4,1,0,0,5,39,0
2,4,0,11,5,4,8,1,4,0,0,0,1,39,0
2,4,0,11,5,6,8,1,4,0,0,0,3,39,0
1,4,1,15,6,4,8,1,4,1,0,0,3,39,0
1,4,1,15,6,4,8,1,3,0,0,0,3,39,0
1,4,0,1,4,2,14,0,4,1,0,0,3,31,1
1,4,0,15,6,2,12,5,4,0,0,0,3,39,0
3,4,2,9,8,4,12,1,4,1,0,0,5,39,1
1,2,1,11,5,2,11,0,4,1,0,0,3,39,0
0,4,0,15,6,4,8,1,4,0,0,0,3,39,0
2,4,1,9,8,2,4,0,1,1,0,0,3,0,0
0,2,0,9,8,4,10,1,4,1,0,0,3,39,0
1,4,3,5,2,4,8,2,4,1,0,0,3,13,0
0,0,0,11,5,4,0,3,4,0,0,0,1,39,0
6,5,0,11,5,2,4,0,4,1,0,0,3,39,1
0,4,1,15,6,4,6,4,0,0,0,0,3,39,0
6,7,1,6,2,4,1,1,4,0,0,0,3,39,0
9,0,0,11,5,6,0,1,4,1,0,0,0,39,0
4,6,0,15,6,2,4,0,4,1,0,0,3,39,0
4,4,0,11,5,4,5,1,4,1,0,0,0,39,0
2,4,1,11,5,4,1,1,4,1,0,0,3,39,0
1,4,2,15,6,2,4,0,4,1,0,0,4,39,0
2,4,0,11,5,0,7,4,4,0,0,0,3,39,0
0,4,2,1,4,4,8,3,2,1,0,0,1,39,0
0,0,1,11,5,5,0,1,2,1,0,0,5,11,0
2,0,0,11,5,2,0,5,2,0,0,0,3,39,0
1,4,0,11,5,4,8,4,4,0,0,0,3,39,0
0,4,1,5,2,4,8,3,4,1,0,0,3,39,0
1,4,1,11,5,4,1,3,2,0,0,0,6,39,0
4,4,0,9,8,2,12,0,1,1,0,4,5,35,1
4,6,0,15,6,0,3,1,4,1,0,0,3,39,0
3,4,1,12,8,2,10,5,4,0,0,0,4,39,1
4,6,1,11,5,2,5,0,4,1,0,0,8,39,0
0,4,1,9,8,4,8,3,4,0,0,0,2,39,0
4,4,1,4,1,2,3,0,4,1,0,0,3,39,0
2,4,1,12,8,2,10,0,4,1,0,0,5,39,1
2,4,0,11,5,2,14,0,4,1,0,0,3,39,0
3,1,0,15,6,0,4,4,1,0,0,0,3,39,0
0,4,1,11,5,2,3,0,4,1,0,0,3,39,0
0,4,1,8,6,4,3,4,4,1,0,0,3,39,0
1,4,0,9,8,4,8,1,4,1,0,0,3,39,0
4,1,2,9,8,2,10,0,4,1,0,0,4,39,1
3,4,1,9,8,2,10,0,4,1,0,0,3,39,0
6,4,1,11,5,5,11,1,4,1,0,0,1,39,0
4,4,1,12,8,0,12,1,4,0,0,0,3,39,0
0,4,1,1,4,4,9,3,4,0,0,0,3,39,0
5,0,1,8,6,0,0,1,4,1,0,0,4,39,0
3,4,1,11,5,2,1,0,4,1,0,0,3,39,1
4,4,0,15,6,2,12,0,2,1,0,0,0,39,0
5,5,1,15,6,2,4,0,4,1,0,0,3,39,1
0,4,1,7,7,4,1,1,4,0,0,0,2,39,0
3,4,0,15,6,2,10,0,4,1,0,0,4,39,1
3,4,1,15,6,2,10,0,4,1,1,0,3,39,1
4,4,1,11,5,2,3,0,4,1,0,0,5,39,1
0,4,1,15,6,4,7,4,1,1,0,0,3,40,0
3,5,0,11,5,2,5,0,4,1,0,0,4,39,0
4,4,0,7,7,5,8,1,2,0,0,0,3,39,0
0,7,1,15,6,4,10,3,4,0,0,0,1,39,0
1,4,0,9,8,4,3,3,4,1,0,0,2,2,0
6,7,0,15,6,0,4,1,4,0,0,0,5,39,0
2,4,1,11,5,0,4,4,4,0,0,0,3,39,1
3,4,0,11,5,2,3,0,4,1,0,0,3,39,0
0,4,2,11,5,4,1,1,4,0,0,0,3,39,0
3,4,1,11,5,4,8,1,4,0,0,0,2,39,0
2,4,1,15,6,2,12,0,4,1,0,0,5,39,0
1,4,1,11,5,2,4,0,4,1,0,0,4,39,0
0,4,0,15,6,4,8,3,4,0,0,0,2,39,0
2,5,1,9,8,0,12,4,4,0,0,0,3,39,0
5,4,0,7,7,2,12,0,4,1,0,0,2,39,0
0,4,3,2,4,3,8,4,2,0,0,0,5,39,0
1,2,0,9,8,2,11,0,4,1,0,0,9,39,1
0,4,2,11,5,4,7,1,4,1,0,0,3,39,0
1,2,1,12,8,2,10,0,4,1,0,0,3,39,0
3,4,0,9,8,0,8,1,4,0,0,0,3,39,0
2,4,1,9,8,0,3,1,4,1,0,0,3,39,0
0,4,1,9,8,4,1,3,4,0,0,0,3,39,0
2,4,0,15,6,4,8,3,4,0,0,0,3,39,0
0,0,1,15,6,4,0,3,4,1,0,0,2,39,0
7,2,1,12,8,2,10,0,4,1,0,0,0,31,1
2,4,1,11,5,2,5,0,4,1,0,0,3,39,0
3,4,0,15,6,2,12,0,4,1,0,0,6,39,0
3,4,0,9,8,2,12,0,4,1,0,4,3,39,1
1,4,1,11,5,2,7,0,4,1,0,0,3,39,0
3,4,1,15,6,4,1,3,4,0,0,0,3,39,0
6,5,0,9,8,2,5,0,4,1,0,0,3,39,1
2,4,1,1,4,0,6,1,4,0,0,0,6,39,0
1,4,0,1,4,2,3,0,4,1,0,0,3,39,0
1,4,0,11,5,2,7,0,4,1,0,0,4,39,0
5,1,0,15,6,6,4,1,4,0,0,0,3,9,0
0,4,1,8,6,4,3,3,4,1,0,0,1,39,0
3,7,2,15,6,4,10,1,4,1,0,0,3,39,0
4,4,1,11,5,2,7,0,4,1,0,0,3,39,1
3,4,0,11,5,0,10,4,4,0,0,0,3,39,0
4,4,0,12,8,0,11,4,4,1,0,0,3,39,0
3,4,2,9,8,6,4,4,4,1,0,0,1,39,0
0,4,1,11,5,4,5,3,4,1,0,0,6,39,0
3,4,0,9,8,0,10,1,4,1,0,0,3,39,0
2,4,0,8,6,2,13,5,4,0,0,0,3,39,1
0,4,1,15,6,4,10,3,4,0,0,0,1,39,0
0,0,0,15,6,4,0,3,4,1,0,0,2,39,0
3,4,1,11,5,2,12,0,2,1,0,0,3,39,1
0,4,1,11,5,4,3,4,4,0,0,0,3,39,0
0,2,1,1,4,4,12,3,4,1,0,0,1,39,0
2,2,1,15,6,3,4,4,2,0,0,0,3,39,0
4,4,1,11,5,2,11,0,4,1,0,0,3,39,1
1,4,0,9,8,4,4,1,4,1,0,0,3,39,0
1,4,1,11,5,2,6,0,4,1,0,0,3,39,0
0,4,1,11,5,4,8,3,2,0,0,0,3,39,0
2,4,1,11,5,2,3,0,4,1,0,0,3,39,0
4,4,0,15,6,4,4,1,2,0,0,0,3,39,0
2,4,1,11,5,2,4,0,4,1,0,0,4,39,1
0,4,1,15,6,4,1,3,4,1,0,0,3,39,0
1,2,1,15,6,4,11,3,4,1,0,0,3,39,0
5,0,1,11,5,2,0,0,4,1,0,0,1,39,0
4,4,1,0,3,2,7,0,4,1,0,0,4,39,0
0,4,1,11,5,4,3,3,4,1,0,0,3,39,0
5,6,1,5,2,0,12,2,4,1,0,0,1,26,0
3,4,2,8,6,2,12,0,4,1,0,0,3,39,1
5,4,0,15,6,2,12,0,4,1,0,4,3,39,1
3,5,0,12,8,0,4,4,1,1,0,5,6,19,1
1,4,1,4,1,2,5,0,4,1,0,0,3,26,0
6,4,0,9,8,2,10,0,4,1,0,0,5,39,1
3,4,0,9,8,2,4,0,4,1,0,0,4,39,1
4,7,0,14,9,2,4,0,4,1,0,0,5,39,1
1,4,1,9,8,2,4,5,4,0,0,0,3,39,1
0,4,0,11,5,4,12,1,4,0,0,0,3,39,0
0,4,0,0,3,4,8,3,4,1,0,0,1,39,0
4,1,1,9,8,2,4,5,4,0,0,0,3,39,1
1,4,2,11,5,2,1,5,4,0,0,0,3,39,1
2,4,0,9,8,4,10,1,2,0,0,0,3,39,0
6,4,0,0,3,0,10,4,4,0,0,0,3,39,0
1,4,1,15,6,4,6,3,4,1,0,0,3,39,0
3,1,2,9,8,0,4,1,2,0,0,0,3,39,0
6,4,0,11,5,4,3,1,4,1,0,0,3,39,0
3,6,2,2,4,2,6,0,2,1,0,0,3,39,1
1,4,0,9,8,4,4,1,4,0,0,3,5,39,0
3,4,1,10,9,6,10,4,4,1,1,0,3,20,1
0,4,1,9,8,4,10,1,4,1,0,0,2,39,0
6,0,2,11,5,2,0,0,4,1,0,0,0,39,0
6,4,1,11,5,6,4,4,4,1,0,0,3,39,1
1,4,1,7,7,4,10,1,4,1,0,0,3,39,0
0,4,4,15,6,4,13,3,4,0,0,0,1,39,0
2,4,1,11,5,2,14,0,4,1,0,0,3,39,0
2,1,0,9,8,2,10,0,1,1,0,0,5,39,1
3,6,1,2,4,0,3,2,2,1,0,0,3,39,0
1,4,0,8,6,4,10,1,4,0,0,0,3,2,0
0,4,2,15,6,4,1,3,4,0,0,0,3,39,0
4,4,1,5,2,4,10,2,2,1,0,0,4,39,0
3,4,0,11,5,0,14,1,4,1,0,0,6,39,0
0,4,0,15,6,4,10,1,4,1,0,0,2,39,0
4,7,1,0,3,2,3,0,0,1,0,0,3,39,0
0,4,1,11,5,4,6,3,4,1,0,0,3,39,0
6,4,0,11,5,2,13,0,4,1,0,0,3,39,1
2,4,0,15,6,0,3,1,4,1,0,0,3,39,0
0,4,1,15,6,4,1,3,4,1,0,0,2,27,0
7,5,0,11,5,2,1,5,4,0,0,0,1,39,1
0,0,1,15,6,4,0,3,1,1,0,0,3,36,0
0,4,0,15,6,4,10,3,4,1,0,0,0,39,0
6,4,0,9,8,2,4,0,4,1,2,0,4,39,1
5,4,1,9,8,4,4,1,4,1,0,0,5,39,1
3,4,0,15,6,2,1,0,4,1,0,0,3,39,0
0,0,1,15,6,4,0,3,4,0,0,0,3,39,0
0,4,2,11,5,4,7,2,4,0,0,0,3,39,0
5,6,0,11,5,6,5,1,4,1,0,0,8,39,0
3,4,0,9,8,2,12,0,4,1,0,0,5,39,0
3,4,2,15,6,2,12,0,4,1,0,0,3,39,1
1,4,1,11,5,0,3,1,4,1,0,0,6,39,0
2,6,1,11,5,2,14,0,4,1,0,0,4,5,1
1,4,1,9,8,2,12,0,4,1,0,4,5,39,1
3,0,0,7,7,4,0,2,4,0,0,0,3,39,0
0,0,0,15,6,4,0,3,1,0,0,0,0,35,0
0,4,1,11,5,2,3,0,4,1,0,0,3,39,0
2,4,1,8,6,4,10,4,4,0,0,0,5,39,0
1,4,1,11,5,4,8,3,4,1,0,0,2,39,0
6,4,0,15,6,6,1,1,4,0,0,0,1,39,0
0,4,0,1,4,4,8,3,4,0,0,0,2,39,0
3,6,1,10,9,4,10,1,4,0,0,0,4,39,0
2,4,1,9,8,2,13,0,4,1,0,0,3,39,1
1,4,0,11,5,2,6,0,0,1,0,0,0,39,0
4,4,1,15,6,4,7,1,4,1,0,0,2,39,0
1,4,0,3,0,3,8,3,3,0,0,0,3,6,0
1,1,0,9,8,4,13,1,3,1,0,0,6,39,0
2,4,0,11,5,2,3,0,4,1,0,0,3,39,1
5,4,0,11,5,6,12,1,4,0,0,0,5,39,0
2,4,0,11,5,2,3,0,4,1,0,4,5,39,1
2,4,0,8,6,4,3,1,4,1,0,0,3,39,0
2,2,0,15,6,4,8,1,4,1,0,0,4,39,0
0,4,1,7,7,4,6,3,4,1,0,0,1,39,0
1,6,1,11,5,4,5,3,4,1,0,0,3,39,0
3,4,1,9,8,0,13,3,4,1,0,0,3,39,0
6,0,2,10,9,2,0,0,4,1,0,0,7,39,0
0,4,2,9,8,4,1,1,4,1,0,0,3,39,0
1,4,2,8,6,4,4,4,4,0,0,0,5,39,0
1,4,0,11,5,2,7,0,4,1,0,0,3,39,0
1,4,1,9,8,4,7,1,4,1,0,0,3,39,0
2,4,1,12,8,2,12,0,4,1,0,0,3,39,1
1,4,2,8,6,4,11,3,2,1,0,0,3,39,0
4,4,0,5,2,2,7,5,3,0,0,0,3,33,0
2,4,0,12,8,2,4,0,4,1,0,0,6,39,1
0,4,1,0,3,4,7,1,4,0,0,0,3,39,0
6,5,0,15,6,6,12,1,4,0,1,0,6,39,1
5,2,1,11,5,2,14,0,4,1,0,0,3,39,1
0,4,1,15,6,4,12,2,4,1,0,0,3,39,0
6,4,1,15,6,2,13,0,4,1,0,0,3,39,1
5,0,0,6,2,0,0,1,2,1,0,0,3,39,0
2,7,0,11,5,4,6,1,2,1,0,0,3,39,0
1,4,1,11,5,2,8,0,4,1,0,0,5,26,0
5,4,1,12,8,2,10,0,4,1,0,0,3,39,1
1,7,0,11,5,4,14,1,0,1,0,0,3,39,1
3,1,1,11,5,2,4,0,0,1,0,0,3,39,0
2,4,1,11,5,5,9,4,2,0,0,0,2,39,0
1,4,1,15,6,4,11,1,4,1,0,0,6,39,0
0,0,1,15,6,4,0,3,4,0,0,0,3,39,0
4,4,2,6,2,0,3,4,4,0,0,0,3,5,0
2,0,1,5,2,0,0,4,2,0,0,0,2,39,0
1,4,1,5,2,2,14,0,4,1,0,0,4,39,0
3,5,0,15,6,2,4,0,4,1,0,0,3,39,0
2,4,1,11,5,2,3,0,4,1,0,0,4,39,0
0,4,2,9,8,4,12,1,4,1,0,0,3,39,0
3,6,1,11,5,2,4,0,1,1,0,0,3,3,0
3,6,0,5,2,2,3,0,4,1,0,5,3,39,0
3,2,1,2,4,2,13,0,4,1,0,0,5,39,0
5,4,1,13,0,2,3,0,1,1,0,0,3,3,0
2,6,1,11,5,0,3,1,4,1,0,0,5,39,0
1,4,0,9,8,4,8,3,4,0,0,0,1,39,0
0,4,1,11,5,4,8,3,4,0,0,0,3,39,0
5,4,1,8,6,6,4,1,4,0,0,0,3,39,0
4,6,1,11,5,2,12,0,2,1,0,0,3,39,0
3,4,0,15,6,2,14,0,4,1,0,0,4,39,0
6,4,1,3,0,0,9,1,4,0,0,0,1,39,0
5,0,1,11,5,4,0,1,4,0,0,0,3,39,0
3,6,1,14,9,2,10,0,4,1,9,0,5,39,1
2,4,1,8,6,4,13,1,4,0,0,0,3,39,0
3,0,0,8,6,6,0,1,4,0,0,5,3,39,0
5,2,1,9,8,2,4,0,1,1,0,0,3,30,1
2,4,1,11,5,2,1,0,4,1,0,0,3,39,0
3,6,0,9,8,0,4,1,4,1,0,0,3,39,0
4,4,0,11,5,0,7,1,4,1,0,0,5,39,0
4,0,1,9,8,2,0,0,4,1,0,0,2,39,1
2,4,1,8,6,2,1,0,2,1,0,0,4,39,1
1,2,0,11,5,2,4,0,4,1,0,0,8,39,1
6,4,1,0,3,2,11,0,4,1,0,0,3,39,0
4,6,0,15,6,2,4,5,4,0,0,0,2,39,0
6,4,0,14,9,2,4,0,4,1,0,0,1,39,0
0,4,0,9,8,4,10,3,4,0,0,0,2,39,0
0,4,1,6,2,4,8,4,4,1,0,0,1,39,0
0,6,1,11,5,2,1,5,4,0,0,0,3,39,0
3,2,0,9,8,2,10,5,4,0,0,0,2,39,0
3,6,0,8,6,2,4,0,4,1,0,0,3,39,1
1,4,1,11,5,0,12,1,4,0,0,0,3,39,0
6,4,0,15,6,2,4,0,4,1,0,4,9,39,1
7,6,1,11,5,2,4,0,4,1,0,0,1,39,1
0,4,3,2,4,4,7,3,4,1,0,0,3,39,0
1,4,1,11,5,2,3,0,4,1,0,0,4,39,0
5,2,2,12,8,0,10,1,4,0,0,0,2,39,0
6,0,0,9,8,4,0,1,4,0,0,0,4,39,0
1,4,1,8,6,4,7,1,3,1,0,0,3,39,0
3,4,0,11,5,2,4,5,4,0,0,0,3,32,1
3,6,1,15,6,0,10,1,4,0,0,0,1,39,0
3,1,0,7,7,2,1,0,4,1,0,0,3,39,1
0,4,2,11,5,4,8,1,4,1,0,0,1,39,0
1,4,0,11,5,4,3,1,4,1,0,0,3,39,0
5,4,1,9,8,2,12,0,4,1,0,0,4,39,1
1,4,1,9,8,2,10,0,1,1,1,0,4,30,1
3,4,1,7,7,0,3,1,4,1,0,0,3,39,0
1,4,1,15,6,4,4,3,2,0,0,0,3,39,0
0,4,1,9,8,4,12,2,4,0,0,0,3,39,0
2,4,1,11,5,0,8,1,2,0,0,0,1,39,0
3,4,2,11,5,5,6,1,2,1,0,0,2,39,0
0,4,0,11,5,4,14,3,4,1,0,0,5,39,0
2,4,2,11,5,2,14,0,4,1,0,0,3,39,0
2,4,1,15,6,4,3,1,4,1,0,0,3,39,0
2,4,1,9,8,2,13,0,4,1,0,4,3,39,1
6,4,0,14,9,2,14,0,4,1,0,0,0,39,1
3,4,1,9,8,4,10,3,4,0,0,0,6,39,0
1,4,1,8,6,4,1,3,4,0,0,0,3,39,0
1,0,0,11,5,4,0,3,2,1,0,0,3,39,0
5,4,0,6,2,2,3,0,4,1,0,0,3,39,0
1,4,1,15,6,4,6,3,4,1,0,0,3,39,0
6,4,0,11,5,0,1,4,4,0,0,5,5,2,0
5,4,1,11,5,0,1,1,4,0,0,0,3,39,0
2,4,1,4,1,2,8,0,4,1,0,0,3,26,0
1,4,2,0,3,5,8,3,4,0,0,0,2,39,0
1,4,1,11,5,2,14,0,4,1,0,0,3,39,0
6,4,0,11,5,2,1,0,4,1,0,0,3,39,0
0,4,1,1,4,4,10,3,4,1,0,0,3,39,0
5,4,1,11,5,2,3,0,4,1,0,0,3,39,1
1,4,1,11,5,4,6,3,4,1,0,0,3,39,0
4,5,1,14,9,4,8,1,4,1,0,0,6,39,1
5,4,0,15,6,0,10,1,4,0,0,0,4,39,0
0,2,1,7,7,4,11,1,4,1,0,0,5,39,0
3,5,1,15,6,2,4,0,4,1,0,0,3,39,0
3,4,1,11,5,2,13,0,4,1,0,0,4,39,1
4,2,0,4,1,2,8,0,4,1,0,0,3,39,0
3,4,0,12,8,2,4,0,4,1,0,0,3,39,1
1,7,1,15,6,4,11,1,4,1,0,0,3,39,0
2,6,1,11,5,2,5,0,4,1,0,4,6,39,1
3,4,1,15,6,0,1,1,4,0,0,0,2,39,0
1,4,0,8,6,5,1,4,4,0,0,0,3,39,0
3,4,0,9,8,2,13,5,4,0,0,0,2,39,1
1,4,0,15,6,4,8,3,4,1,0,0,3,31,0
3,4,1,8,6,2,10,0,4,1,0,0,5,39,1
2,4,0,9,8,2,4,0,4,1,0,0,5,39,1
0,0,1,1,4,4,0,1,3,0,0,0,1,39,0
3,7,0,8,6,2,11,0,4,1,0,0,3,39,1
0,4,0,15,6,4,1,3,4,0,0,0,1,39,0
2,4,0,11,5,4,6,1,4,0,0,0,3,39,0
6,4,1,11,5,2,14,0,4,1,0,0,3,39,1
6,0,1,11,5,2,0,0,4,1,0,0,3,39,1
1,4,0,9,8,4,4,1,4,0,0,5,4,39,1
3,2,1,9,8,2,10,5,2,0,0,0,3,39,1
2,0,0,9,8,0,0,4,4,0,0,0,1,0,0
7,4,0,0,3,6,1,1,4,0,0,0,1,39,0
5,4,2,9,8,4,3,1,4,1,0,0,5,39,0
2,4,2,11,5,2,3,0,4,1,0,0,3,39,1
3,5,1,9,8,2,12,0,4,1,9,0,6,39,1
6,6,0,15,6,6,4,4,4,0,0,0,4,39,0
2,4,1,15,6,2,12,0,4,1,0,0,6,39,0
5,4,0,11,5,2,4,0,4,1,1,0,6,39,1
2,4,1,15,6,4,10,1,4,0,0,0,3,39,0
3,4,0,11,5,6,4,1,2,0,0,0,3,39,0
3,4,0,5,2,5,8,1,4,0,0,0,3,39,0
0,4,0,11,5,4,6,2,4,1,0,0,3,39,0
2,1,0,15,6,0,4,4,4,0,0,0,3,39,0
4,4,0,1,4,5,7,4,2,1,0,0,3,39,0
4,2,2,11,5,6,14,4,4,0,0,0,3,39,0
8,0,1,15,6,2,0,0,4,1,0,0,0,39,0
0,4,1,11,5,4,12,2,4,1,0,0,5,39,0
2,4,0,5,2,2,14,0,4,1,0,0,3,39,0
3,4,1,7,7,6,1,4,4,0,0,0,4,39,0
3,2,1,12,8,2,10,5,1,0,0,0,3,36,1
9,4,1,12,8,2,10,5,4,0,0,0,3,39,1
3,4,1,15,6,0,1,1,4,0,0,0,3,39,0
1,4,1,9,8,4,4,1,4,1,0,0,5,39,0
6,6,1,11,5,2,14,0,4,1,0,0,2,39,0
1,2,0,9,8,0,10,1,4,0,0,0,3,39,0
0,4,1,11,5,4,1,4,4,0,0,0,3,26,0
6,6,0,11,5,2,5,0,4,1,0,0,4,39,0
3,4,1,11,5,3,8,3,4,0,0,0,3,39,0
0,4,0,11,5,4,12,3,1,1,0,0,3,39,0
4,5,0,12,8,2,12,0,4,1,0,0,3,39,1
0,4,0,9,8,4,4,3,4,0,0,0,0,39,0
0,1,1,11,5,4,1,1,4,0,0,4,3,39,0
3,4,0,8,6,2,8,0,4,1,0,0,3,39,0
1,4,1,6,2,4,8,3,4,0,0,0,3,8,0
0,0,1,9,8,4,0,1,4,1,0,0,5,39,0
0,4,2,11,5,2,4,0,4,1,0,0,5,39,0
5,4,1,11,5,2,5,0,4,1,0,0,3,39,0
4,4,1,11,5,0,7,4,4,0,0,0,2,39,0
1,4,1,15,6,2,6,0,4,1,0,0,3,39,0
0,4,0,9,8,4,5,1,4,1,0,0,1,39,0
0,4,0,0,3,4,6,4,4,1,0,0,5,39,0
3,4,0,12,8,4,1,1,4,0,0,0,3,39,0
2,6,1,12,8,2,10,0,4,1,0,0,4,39,1
2,4,1,11,5,4,14,1,4,1,0,0,4,39,0
3,5,1,14,9,2,10,0,4,1,1,0,6,39,1
1,4,0,11,5,2,4,0,4,1,0,0,6,39,0
0,4,1,15,6,4,10,3,4,1,0,0,3,39,0
2,7,3,12,8,4,10,1,4,1,0,0,0,39,0
0,4,2,11,5,4,14,3,2,1,0,0,3,14,0
1,6,2,9,8,4,10,1,4,0,0,0,1,39,0
5,0,1,11,5,0,0,2,4,1,0,0,4,39,0
0,2,1,0,3,4,11,3,4,0,0,3,3,39,0
0,0,0,11,5,2,0,5,4,0,0,0,2,39,0
0,4,1,11,5,4,12,3,4,1,0,0,3,39,0
5,4,0,15,6,2,12,0,4,1,0,0,3,39,1
3,4,0,9,8,2,3,5,4,0,0,0,2,39,1
1,4,1,11,5,4,1,1,4,1,0,0,3,39,0
3,7,1,9,8,2,10,0,4,1,0,0,5,39,0
6,6,1,14,9,2,10,0,4,1,2,0,2,39,1
3,4,2,11,5,0,4,1,4,1,0,0,8,39,0
0,6,2,8,6,2,5,0,4,1,0,0,3,39,0
2,4,0,12,8,2,4,0,2,1,0,0,3,0,0
4,6,0,11,5,4,5,4,4,1,0,0,4,39,0
1,2,0,11,5,0,1,1,0,0,0,0,3,39,0
1,6,0,15,6,2,7,0,4,1,0,0,3,39,0
4,2,0,11,5,4,8,1,2,1,0,0,3,39,0
2,6,0,11,5,2,7,0,4,1,0,0,3,39,0
1,4,1,4,1,4,8,1,4,0,0,0,3,26,0
0,4,1,11,5,4,12,1,1,0,0,0,3,39,0
1,7,1,11,5,4,8,1,2,0,0,0,3,39,0
1,4,1,11,5,4,3,2,4,1,0,0,3,39,0
0,0,2,15,6,4,0,3,4,0,0,0,1,39,0
7,0,0,11,5,2,0,0,4,1,0,0,6,39,0
4,6,1,11,5,0,14,1,4,1,0,0,6,39,0
1,4,0,11,5,2,3,0,4,1,0,0,3,39,0
3,4,0,11,5,2,1,5,4,0,0,0,3,39,0
5,4,0,0,3,2,8,5,4,0,0,0,0,39,0
1,4,0,11,5,0,12,1,0,1,1,0,3,39,1
1,4,2,2,4,4,3,1,4,1,0,0,3,39,0
4,4,0,9,8,2,12,0,4,1,0,0,4,39,1
3,4,1,11,5,2,14,0,4,1,0,0,7,39,1
6,4,0,1,4,6,13,4,4,0,0,0,1,39,0
1,4,0,15,6,2,13,0,4,1,0,0,7,39,0
5,4,0,11,5,5,6,4,4,1,0,0,3,39,0
7,2,0,11,5,0,1,1,4,0,0,0,1,39,0
5,4,1,15,6,2,10,0,4,1,0,0,3,31,1
0,4,1,9,8,4,3,1,0,1,0,0,3,26,0
1,4,1,11,5,2,14,0,4,1,0,0,7,39,0
1,4,1,11,5,4,12,4,4,0,0,0,3,26,0
1,4,1,6,2,2,7,0,4,1,0,0,3,39,0
4,4,0,7,7,2,14,0,4,1,0,0,4,39,0
4,4,0,9,8,2,4,0,4,1,1,0,5,39,1
5,0,1,7,7,2,0,0,2,1,0,0,3,39,1
4,6,0,11,5,2,4,0,4,1,0,5,5,39,1
2,5,0,9,8,4,4,1,4,1,0,0,5,39,0
2,6,2,15,6,2,5,0,4,1,0,0,5,39,0
3,2,1,12,8,0,10,1,4,0,0,0,3,39,0
2,4,1,11,5,2,7,2,3,0,0,0,1,4,0
1,4,0,9,8,2,12,0,4,1,0,0,4,39,1
5,4,1,11,5,2,3,0,4,1,1,0,3,39,1
2,4,1,9,8,4,1,3,4,0,0,0,3,39,0
1,4,0,5,2,0,7,4,4,1,0,2,3,39,0
6,4,1,11,5,0,7,1,4,0,0,0,3,39,0
2,4,0,11,5,4,10,1,4,1,0,0,6,39,1
2,4,2,12,8,4,1,1,4,0,0,0,5,22,1
2,4,1,5,2,2,3,0,4,1,0,0,3,39,0
2,4,2,15,6,0,10,4,4,0,0,0,3,39,0
4,7,1,11,5,2,6,0,4,1,0,0,3,39,1
3,4,0,9,8,2,4,0,4,1,0,0,4,39,1
0,4,0,7,7,2,1,5,4,0,0,0,3,39,0
3,4,0,12,8,2,13,0,1,1,0,0,3,30,1
2,4,0,1,4,2,5,0,4,1,0,0,3,39,0
3,4,0,11,5,0,3,1,4,1,0,0,7,39,1
2,4,0,15,6,2,4,0,4,1,0,0,3,39,1
2,6,0,11,5,2,3,0,4,1,0,0,5,39,0
1,4,0,9,8,4,4,1,4,0,0,0,5,39,0
3,4,2,8,6,5,10,2,4,0,0,0,3,39,0
1,4,0,1,4,0,6,3,4,1,0,0,3,39,0
1,2,1,11,5,5,11,2,4,0,0,0,3,39,0
3,4,3,15,6,2,14,0,4,1,0,0,5,39,1
5,4,2,15,6,2,4,0,4,1,0,0,4,39,1
2,4,0,11,5,2,4,0,4,1,0,0,6,39,1
1,4,0,0,3,2,8,5,4,0,0,0,3,39,0
3,4,1,15,6,0,4,1,4,0,0,3,5,39,0
1,4,0,11,5,2,7,0,4,1,0,0,5,39,0
1,4,1,11,5,4,5,4,4,1,0,0,4,39,0
0,4,2,0,3,5,12,4,2,0,0,0,3,39,0
2,4,0,9,8,2,12,0,4,1,0,0,5,39,0
2,4,1,12,8,4,10,1,4,1,0,0,6,39,1
0,5,0,1,4,4,12,3,4,1,0,0,1,39,0
2,4,1,9,8,0,10,1,4,0,0,0,3,39,1
2,4,1,11,5,2,7,0,4,1,0,0,3,39,0
2,4,4,0,3,4,14,1,2,0,0,0,3,39,0
3,4,1,9,8,4,4,1,4,1,0,0,4,39,0
1,6,1,15,6,4,8,1,4,0,0,0,4,39,0
4,6,0,15,6,2,3,0,1,1,0,0,3,0,1
1,6,0,8,6,2,3,0,4,1,0,0,5,39,0
6,4,0,1,4,6,6,1,4,0,0,0,2,39,0
0,0,1,0,3,4,0,3,4,1,0,0,2,39,0
3,2,0,12,8,0,4,4,4,0,0,0,6,39,1
4,4,0,5,2,2,3,0,4,1,0,0,3,39,0
3,4,1,11,5,0,3,1,4,1,0,0,3,39,0
3,4,0,15,6,2,3,0,4,1,0,0,4,39,1
4,4,1,15,6,2,1,0,4,1,0,0,4,39,1
0,4,0,15,6,4,1,4,1,0,0,0,3,40,0
4,4,1,9,8,0,8,1,4,0,0,0,2,11,0
0,4,1,7,7,4,8,3,4,0,0,0,2,39,0
8,2,0,9,8,2,4,0,4,1,0,0,1,39,0
3,4,2,11,5,2,6,0,4,1,0,0,3,39,0
2,4,1,1,4,4,1,4,2,0,0,0,3,39,0
1,7,0,8,6,0,4,1,4,0,0,0,3,39,0
0,4,0,0,3,4,8,3,4,1,0,0,1,39,0
2,2,0,10,9,2,10,0,4,1,0,4,5,39,1
3,7,1,12,8,2,10,0,4,1,0,0,3,39,1
4,4,2,9,8,2,13,0,1,1,0,0,4,30,1
3,2,0,15,6,2,11,0,4,1,0,0,3,39,0
4,1,1,12,8,2,1,0,4,1,0,0,3,39,1
5,1,1,12,8,4,4,1,4,1,0,0,3,39,0
0,4,0,11,5,0,12,1,4,0,0,0,3,39,0
3,2,0,15,6,4,1,4,0,0,0,0,3,39,0
1,4,1,9,8,4,1,3,4,0,0,0,3,39,0
2,4,1,9,8,2,10,0,4,1,1,0,5,39,1
1,4,0,11,5,4,6,1,4,1,0,0,6,9,0
5,4,0,8,6,2,3,0,4,1,0,0,3,39,1
1,4,0,11,5,0,12,3,4,0,0,0,3,39,0
1,4,0,11,5,4,8,1,4,1,0,0,3,39,0
0,3,3,15,6,4,0,3,2,1,0,0,3,39,0
0,4,0,8,6,4,8,1,4,1,0,0,2,39,0
4,4,1,0,3,3,7,1,4,0,0,0,3,4,0
0,7,1,9,8,4,1,1,4,0,0,0,6,39,0
2,2,1,15,6,2,4,0,4,1,0,5,3,39,0
2,6,0,9,8,2,5,0,4,1,0,0,9,39,0
3,7,2,11,5,2,1,0,4,1,0,0,3,39,0
1,4,0,11,5,4,12,3,0,1,0,0,1,39,0
2,4,1,12,8,4,10,1,1,0,0,0,3,36,1
5,4,1,11,5,2,1,5,4,0,0,0,3,39,0
0,0,1,0,3,4,0,1,4,0,0,0,3,39,0
3,0,1,11,5,3,0,1,4,1,0,0,3,39,0
1,6,0,11,5,2,5,0,4,1,0,0,7,39,1
0,4,0,11,5,4,8,1,4,0,0,0,3,39,0
3,4,2,1,4,6,8,4,4,0,0,0,3,39,0
3,4,3,9,8,2,10,0,4,1,0,0,3,39,1
4,2,1,12,8,0,10,1,4,0,0,0,6,39,0
0,0,1,11,5,5,0,3,4,1,0,0,1,39,0
3,4,1,9,8,2,4,0,4,1,0,0,3,39,0
2,4,1,15,6,4,3,3,4,1,0,0,6,39,0
3,4,2,9,8,0,4,1,4,1,0,0,5,39,1
3,4,0,10,9,4,10,1,4,1,0,0,4,39,0
2,4,1,10,9,2,10,0,1,1,0,0,3,0,0
2,4,0,7,7,2,3,0,4,1,0,0,5,39,1
2,4,1,11,5,0,7,3,4,1,0,0,3,39,0
4,1,1,10,9,2,10,0,1,1,1,0,3,40,1
2,4,2,15,6,2,3,0,3,1,0,0,4,39,1
2,2,1,11,5,2,3,0,4,1,0,0,3,39,0
3,4,1,11,5,2,14,0,4,1,0,0,3,39,0
2,4,0,8,6,2,14,0,4,1,0,0,3,39,0
4,4,1,12,8,2,10,0,4,1,0,0,3,39,1
1,4,1,9,8,4,1,3,4,1,0,0,3,39,0
1,4,1,12,8,2,10,0,4,1,0,0,4,39,1
0,4,1,15,6,4,8,1,4,0,0,0,2,39,0
1,4,1,8,6,2,10,0,4,1,0,0,5,39,1
2,6,0,11,5,0,5,4,4,1,0,0,5,39,0
4,2,0,12,8,2,10,0,4,1,0,0,5,39,0
5,4,1,15,6,2,14,0,2,1,0,0,3,39,0
1,0,2,9,8,4,0,1,4,1,0,0,3,39,0
4,4,1,15,6,2,14,0,4,1,0,0,7,39,1
4,4,0,9,8,2,6,0,4,1,0,0,3,39,0
2,4,0,9,8,2,10,0,4,1,0,0,4,39,1
4,4,0,12,8,2,4,0,4,1,0,0,5,39,1
5,6,2,12,8,4,12,1,4,1,0,0,1,39,0
5,4,0,9,8,2,3,0,4,1,0,0,0,39,0
4,6,0,15,6,2,3,0,4,1,0,0,3,39,0
2,4,0,9,8,5,10,4,4,0,0,0,3,39,1
4,2,0,12,8,6,10,4,2,0,0,3,3,39,0
3,4,1,5,2,2,5,0,4,1,0,0,3,39,0
3,4,0,9,8,3,10,1,1,1,1,0,3,1,1
0,0,0,0,3,4,0,3,4,1,0,0,3,39,0
2,4,1,9,8,0,4,1,4,1,0,0,3,39,0
0,4,1,2,4,4,12,1,4,0,0,0,5,39,0
3,4,0,11,5,2,1,5,4,0,0,0,3,39,1
1,4,1,15,6,4,3,1,4,1,0,0,4,39,0
1,4,2,8,6,4,10,1,4,0,0,0,3,39,0
4,2,1,12,8,2,10,5,4,0,1,0,3,39,1
1,4,0,9,8,4,4,3,4,1,0,0,5,39,1
1,1,1,9,8,2,4,0,4,1,0,0,3,39,1
4,4,1,5,2,6,8,4,2,0,0,0,3,39,0
2,4,1,8,6,0,10,4,4,0,0,0,3,39,1
1,4,1,11,5,4,5,4,4,0,0,0,3,39,0
8,6,1,11,5,2,3,0,4,1,0,0,2,39,0
2,4,0,11,5,2,3,0,4,1,0,0,3,39,0
4,7,0,9,8,2,10,2,4,0,0,0,4,39,0
3,5,0,11,5,2,4,0,4,1,0,0,6,12,0
2,2,1,12,8,4,10,1,4,0,0,0,5,39,0
0,4,0,15,6,4,3,3,4,1,0,0,3,39,0
2,4,0,11,5,2,3,0,1,1,0,0,3,19,0
6,5,1,10,9,2,4,0,4,1,9,0,3,39,1
0,4,0,1,4,4,3,1,4,1,0,0,3,39,0
2,5,2,8,6,2,4,0,4,1,0,0,3,39,0
4,4,0,11,5,2,3,0,4,1,0,0,4,39,0
1,2,0,9,8,5,10,1,4,0,0,0,3,39,0
7,4,1,2,4,2,14,0,4,1,0,0,6,39,1
7,6,1,0,3,2,3,0,4,1,0,0,0,39,0
2,4,5,9,8,2,12,0,4,1,0,0,3,39,1
2,4,1,11,5,0,1,4,4,0,0,0,3,39,0
2,4,2,8,6,4,3,1,4,1,0,0,3,39,0
2,4,2,0,3,2,8,5,4,0,0,0,2,39,0
2,4,1,7,7,4,1,1,4,0,0,0,3,39,0
3,5,1,11,5,2,12,5,4,0,0,0,6,39,0
2,4,0,11,5,2,10,5,4,0,0,0,3,39,0
4,4,0,4,1,4,6,1,4,1,0,0,5,39,0
2,2,0,15,6,2,11,0,4,1,0,0,5,39,0
1,7,1,8,6,2,11,0,4,1,0,0,3,39,0
3,4,1,12,8,2,10,0,4,1,0,0,4,39,1
0,4,1,12,8,4,10,1,4,0,0,0,2,39,0
0,4,1,11,5,2,7,0,4,1,0,0,5,39,0
1,4,1,11,5,2,7,0,4,1,0,0,3,26,0
8,0,1,11,5,2,0,0,4,1,0,0,0,39,0
3,4,2,11,5,0,12,1,4,1,0,0,5,39,0
2,7,2,11,5,5,1,4,4,0,0,0,1,39,0
1,2,0,9,8,0,10,1,4,1,0,0,3,39,0
5,5,1,15,6,6,12,1,4,0,0,0,1,39,1
5,7,0,15,6,0,1,1,4,0,0,0,3,39,0
1,4,0,9,8,2,12,5,4,0,0,0,5,39,1
3,4,0,15,6,2,4,0,1,1,0,0,6,0,0
0,4,1,11,5,4,7,1,4,1,0,0,3,39,0
0,4,0,8,6,4,8,3,4,0,0,0,3,39,0
1,4,0,15,6,4,1,1,4,0,0,0,3,39,0
1,4,0,11,5,4,6,1,4,1,0,0,4,39,0
3,4,1,11,5,0,7,3,4,1,0,0,3,39,0
3,2,1,15,6,2,11,0,4,1,0,0,3,39,1
5,4,2,15,6,2,13,0,4,1,0,0,3,39,0
1,4,1,9,8,4,10,1,4,1,0,0,3,39,0
0,4,1,0,3,4,8,3,4,0,0,3,1,39,0
3,4,0,15,6,2,13,0,4,1,0,0,3,39,0
6,4,0,11,5,2,3,0,4,1,0,0,3,39,0
0,4,2,7,7,4,8,3,4,1,0,0,1,39,0
0,4,0,15,6,4,10,1,3,0,0,0,1,39,0
3,7,1,12,8,2,1,0,4,1,0,0,3,39,1
3,4,1,9,8,2,12,5,4,0,0,0,2,39,0
2,4,1,9,8,2,12,0,4,1,0,0,5,39,0
3,5,0,11,5,2,6,0,4,1,0,0,3,39,0
5,2,1,12,8,6,10,4,4,0,0,0,4,39,0
2,5,0,0,3,4,14,1,4,1,0,5,5,39,1
3,4,0,12,8,2,1,0,4,1,0,0,5,39,0
4,4,1,12,8,0,12,1,4,0,0,0,3,39,1
2,7,0,9,8,4,10,2,4,1,0,0,3,39,0
3,4,2,15,6,2,4,0,4,1,0,4,3,39,1
1,4,0,15,6,5,13,4,4,0,0,0,3,39,0
1,7,0,2,4,2,8,5,4,0,0,0,3,39,0
2,4,0,9,8,2,13,0,4,1,0,0,4,39,1
1,4,1,11,5,5,7,1,2,1,0,0,3,39,0
1,4,1,8,6,4,12,1,2,1,0,0,4,39,0
1,4,2,9,8,4,1,1,4,1,0,3,3,39,0
2,4,3,11,5,2,3,0,4,1,0,0,3,39,0
1,4,1,9,8,4,12,3,1,1,0,0,3,0,0
0,4,0,8,6,2,7,0,4,1,0,0,3,39,0
1,6,2,5,2,2,10,0,4,1,0,0,6,39,0
4,4,1,9,8,2,12,0,4,1,0,0,5,39,1
2,7,0,15,6,2,4,0,4,1,0,0,3,39,0
0,4,1,11,5,4,8,3,4,0,0,0,2,0,0
2,4,0,9,8,4,1,1,4,0,0,0,5,39,0
2,2,1,9,8,4,10,1,4,0,0,0,5,39,1
3,1,0,7,7,2,10,5,2,0,0,0,3,39,0
2,6,0,11,5,2,12,0,4,1,0,0,6,39,1
0,4,0,15,6,4,12,3,4,0,0,0,3,39,0
0,4,1,9,8,4,10,1,1,1,0,0,5,21,0
4,4,1,8,6,2,3,0,4,1,0,0,3,39,1
1,4,1,7,7,4,13,3,4,1,0,0,3,39,0
0,4,0,2,4,4,12,3,4,1,0,0,1,39,0
1,1,1,9,8,4,13,1,2,0,0,0,3,39,0
1,4,0,15,6,5,8,4,4,0,0,0,1,39,0
0,4,1,15,6,4,1,1,4,0,0,0,1,39,0
3,4,0,9,8,0,10,4,4,0,0,0,1,39,0
2,4,1,11,5,4,12,1,4,1,0,0,3,39,1
1,4,1,11,5,4,6,3,4,0,0,0,3,39,0
2,4,2,11,5,2,12,0,4,1,0,0,3,39,1
0,4,0,15,6,4,1,3,4,0,0,0,1,39,0
2,4,1,11,5,0,3,4,4,1,0,0,3,39,0
2,5,0,9,8,2,3,0,4,1,0,0,5,39,1
6,4,1,11,5,2,3,0,4,1,0,0,4,39,0
3,4,0,12,8,4,10,1,4,1,0,0,3,39,0
4,6,0,15,6,2,5,0,4,1,0,0,7,39,0
3,2,0,12,8,2,10,0,4,1,1,0,3,39,1
4,4,1,11,5,2,1,0,4,1,0,0,3,39,0
2,4,0,9,8,2,4,0,4,1,0,0,4,39,0
6,4,1,11,5,6,4,1,4,0,0,0,2,39,0
4,4,1,7,7,0,4,1,4,0,0,0,3,39,0
1,4,1,11,5,4,6,3,4,1,0,0,9,39,0
1,4,1,1,4,2,7,0,4,1,0,0,3,39,0
1,4,0,15,6,0,1,1,4,0,0,0,3,39,0
2,4,1,8,6,5,3,1,4,1,0,5,4,39,1
3,6,0,11,5,2,3,0,4,1,0,0,5,39,0
1,4,1,15,6,2,12,0,4,1,0,0,5,39,0
3,4,0,15,6,0,1,4,4,0,0,0,4,39,0
4,4,2,3,0,2,5,0,4,1,0,0,5,26,0
0,0,0,15,6,4,0,3,4,0,0,0,3,39,0
0,4,1,11,5,4,8,3,4,1,0,0,3,39,0
3,4,0,11,5,5,7,4,4,1,0,0,3,39,0
2,4,1,11,5,2,3,0,4,1,0,0,3,39,0
5,4,0,11,5,6,4,4,4,0,0,0,4,39,0
2,4,2,11,5,2,3,0,4,1,0,0,3,39,0
3,4,0,15,6,0,4,4,4,0,0,0,3,39,0
5,1,1,11,5,6,1,4,4,0,0,0,3,39,0
0,0,0,11,5,2,0,5,4,0,0,0,4,39,0
2,4,0,11,5,2,14,0,4,1,0,0,9,39,0
5,4,0,11,5,2,14,0,1,1,0,0,4,39,0
5,4,2,11,5,0,3,2,4,1,0,0,3,39,0
7,4,1,1,4,2,1,0,4,1,0,0,1,39,0
0,4,1,11,5,4,8,3,4,1,0,0,3,39,0
2,4,1,11,5,2,3,0,4,1,0,0,5,39,0
3,4,2,12,8,2,12,0,4,1,0,0,3,7,0
3,6,2,9,8,2,4,0,1,1,0,0,5,30,0
6,6,0,9,8,2,12,0,4,1,0,0,2,39,1
3,4,2,8,6,4,3,1,4,1,0,0,4,39,0
4,4,0,15,6,2,4,0,4,1,0,0,4,39,1
2,0,1,15,6,2,0,5,4,0,0,0,0,39,0
7,4,3,11,5,6,1,1,4,0,0,0,3,39,0
1,6,0,12,8,2,3,0,4,1,0,0,2,39,0
5,4,1,11,5,6,1,1,4,0,0,0,3,39,0
0,4,0,15,6,4,5,3,4,1,0,0,5,39,0
3,4,2,7,7,2,5,0,1,1,0,0,3,39,0
0,4,1,15,6,4,8,3,4,0,0,0,3,39,0
2,4,1,9,8,2,4,0,4,1,0,0,5,39,1
1,7,1,15,6,2,3,0,4,1,0,0,3,39,1
3,6,0,9,8,4,12,1,4,1,0,0,4,39,0
0,4,0,5,2,4,12,3,4,1,0,0,3,39,0
1,4,1,7,7,4,3,3,4,1,0,0,3,39,0
4,4,0,12,8,2,10,0,4,1,0,0,4,39,1
2,5,1,10,9,2,10,0,4,1,0,0,3,5,1
2,4,0,11,5,2,12,0,4,1,0,0,3,39,0
5,0,1,11,5,2,0,0,4,1,0,0,3,39,0
4,4,1,12,8,2,4,0,4,1,0,0,5,39,1
1,4,1,3,0,4,3,1,4,1,0,0,3,26,0
7,0,1,3,0,2,0,0,1,1,0,0,3,30,0
4,4,1,11,5,0,8,4,4,0,0,0,3,39,0
8,0,0,11,5,6,0,1,4,1,0,0,2,39,0
4,4,0,8,6,2,8,5,2,0,0,0,3,39,0
1,4,1,9,8,2,1,5,4,0,0,0,3,39,1
4,4,2,5,2,2,7,0,4,1,0,0,3,39,1
0,4,2,9,8,4,1,1,4,1,0,0,0,39,0
3,4,1,11,5,3,3,1,4,1,0,0,3,39,1
1,1,0,11,5,4,1,3,2,1,0,0,3,39,0
2,4,1,1,4,2,3,0,4,1,0,0,4,39,0
0,4,0,1,4,4,1,3,4,0,0,0,0,39,0
1,5,1,15,6,2,3,0,2,1,0,0,7,39,0
4,4,2,4,1,4,9,4,4,0,0,0,3,27,0
3,4,1,11,5,2,4,5,4,0,0,0,3,39,0
6,5,0,11,5,2,14,0,4,1,0,0,5,39,1
5,6,0,5,2,2,5,0,4,1,0,0,7,39,0
0,4,2,2,4,4,1,3,4,0,0,0,2,39,0
5,6,0,5,2,2,3,0,4,1,0,0,3,39,1
3,1,1,11,5,2,1,0,2,1,0,0,8,39,1
4,2,2,7,7,0,10,1,4,0,0,0,3,39,0
3,4,0,15,6,2,3,0,2,1,0,0,3,39,1
0,4,0,15,6,4,10,1,4,1,0,0,4,39,0
0,4,0,11,5,4,8,1,4,0,0,0,5,39,0
0,4,2,15,6,4,1,3,1,1,0,0,1,39,0
0,4,1,11,5,4,12,3,4,0,0,0,3,39,0
7,0,1,11,5,2,0,0,4,1,0,0,2,39,0
1,0,1,11,5,4,0,4,2,0,0,0,3,39,0
5,4,0,9,8,2,10,0,4,1,0,0,3,39,1
3,4,2,15,6,2,4,0,4,1,0,0,3,39,0
0,4,0,1,4,4,6,3,4,1,0,0,3,39,0
2,2,0,12,8,2,10,0,4,1,0,0,5,39,1
4,4,1,10,9,2,10,0,4,1,0,0,6,39,1
3,2,1,15,6,2,3,0,4,1,0,0,3,39,1
1,4,2,9,8,4,6,3,4,1,0,0,3,39,0
1,4,1,11,5,0,3,1,4,1,0,0,4,39,0
2,4,0,15,6,4,12,1,4,1,0,0,6,39,0
0,4,1,11,5,4,3,3,4,1,0,0,5,39,0
7,7,0,14,9,2,1,0,4,1,0,0,3,39,1
3,0,1,11,5,2,0,0,4,1,0,0,3,39,0
2,4,1,11,5,2,14,0,3,1,0,0,3,33,0
1,4,2,0,3,2,11,5,2,0,0,0,5,39,0
2,6,0,11,5,2,4,0,4,1,0,0,5,39,0
5,6,0,8,6,4,4,1,4,1,0,0,3,39,1
2,4,1,11,5,2,8,3,4,0,0,0,2,39,0
2,4,1,11,5,4,3,1,4,1,0,0,3,39,0
0,4,1,9,8,2,12,2,4,1,0,0,3,39,0
1,0,1,9,8,4,0,1,4,1,0,0,0,39,0
2,4,1,15,6,4,12,1,4,0,0,0,3,39,0
0,4,1,11,5,0,8,3,4,0,0,0,3,24,0
1,4,0,11,5,4,4,3,4,1,0,0,3,39,0
2,4,1,11,5,2,1,5,4,0,0,0,3,39,1
1,4,1,12,8,4,10,1,4,0,0,0,3,39,0
0,4,0,11,5,4,5,3,2,1,0,0,2,39,0
5,0,1,8,6,6,0,4,4,0,0,0,3,39,0
2,4,1,11,5,2,12,0,4,1,0,0,5,39,0
6,1,1,11,5,0,1,3,2,0,0,0,1,39,0
4,4,1,15,6,0,13,1,4,0,0,0,3,39,0
5,0,0,15,6,2,0,5,4,0,0,0,3,39,0
5,4,1,9,8,2,4,0,4,1,0,0,3,39,1
1,4,0,2,4,2,9,5,3,0,0,0,3,6,0
1,4,1,9,8,4,4,1,4,0,1,0,5,39,1
3,7,1,15,6,2,11,0,4,1,0,0,7,39,0
1,6,0,11,5,4,3,3,4,1,0,0,5,39,0
2,4,1,11,5,2,3,0,4,1,0,0,3,39,0
2,4,1,7,7,2,4,0,4,1,0,0,3,33,0
0,4,2,9,8,4,13,1,4,1,0,0,3,39,0
1,4,1,15,6,2,8,0,4,1,0,0,5,26,0
0,4,2,11,5,0,7,1,4,1,0,0,3,39,0
0,4,1,11,5,4,8,3,4,0,0,0,1,39,0
2,4,1,1,4,2,3,0,4,1,0,0,3,39,0
0,4,1,1,4,4,6,3,4,1,0,0,1,39,0
0,4,2,15,6,4,12,1,4,1,0,0,3,39,0
5,0,0,11,5,0,0,1,4,0,0,0,2,39,0
5,4,1,11,5,2,11,0,4,1,0,0,2,39,1
3,6,1,6,2,2,3,0,4,1,0,0,3,39,0
3,6,1,11,5,2,3,0,4,1,0,4,3,39,0
4,4,1,15,6,2,3,0,4,1,0,0,3,39,0
1,4,2,11,5,4,14,3,4,1,0,0,1,39,0
4,4,1,11,5,0,8,4,4,0,0,0,3,39,0
4,4,0,11,5,2,1,2,4,0,0,0,3,39,0
6,0,1,6,2,2,0,0,4,1,0,0,1,39,0
4,4,0,11,5,6,3,4,1,0,0,0,3,35,0
1,4,1,1,4,4,6,4,4,1,0,0,1,39,0
2,6,2,11,5,2,4,0,4,1,0,0,6,39,0
5,4,0,15,6,2,11,0,2,1,0,0,3,0,1
3,1,1,11,5,0,1,4,2,0,0,0,3,0,0
1,4,0,9,8,4,8,1,4,1,0,0,3,39,0
0,0,3,15,6,4,0,3,4,0,0,0,3,39,0
1,4,0,15,6,0,12,4,4,0,0,0,5,39,0
0,4,1,15,6,0,1,1,2,1,0,0,3,39,0
6,0,0,11,5,2,0,0,4,1,0,0,1,39,0
0,4,0,15,6,4,3,1,4,1,0,0,7,39,0
0,4,1,6,2,4,7,4,4,1,0,0,3,13,0
4,4,3,8,6,0,13,1,2,1,0,0,3,39,0
0,0,0,11,5,4,0,3,2,1,0,0,0,39,0
5,4,0,0,3,0,5,1,4,1,0,0,4,39,0
3,2,2,12,8,2,4,0,4,1,0,0,4,39,0
1,4,1,5,2,2,3,0,4,1,0,0,3,39,0
5,6,2,11,5,2,12,0,2,1,0,0,3,39,0
2,4,1,11,5,2,12,0,4,1,0,0,3,39,0
4,4,1,9,8,2,12,0,4,1,0,0,6,39,0
1,7,0,7,7,4,10,1,2,1,0,0,3,39,1
1,4,0,15,6,2,4,0,4,1,0,0,3,39,0
5,2,1,12,8,2,10,0,4,1,0,0,5,39,1
2,4,1,8,6,2,3,0,4,1,0,0,3,0,1
4,4,0,11,5,6,8,1,4,0,0,0,2,39,0
3,4,1,11,5,2,7,0,4,1,0,0,4,39,1
4,1,1,10,9,4,10,1,4,0,0,3,7,39,1
1,4,1,15,6,0,1,4,4,0,0,0,4,39,0
3,4,1,15,6,0,1,1,4,1,0,0,4,39,0
5,4,1,11,5,2,3,0,4,1,0,4,3,39,0
1,4,2,5,2,2,6,0,4,1,0,0,3,39,0
0,4,2,0,3,4,8,2,4,1,0,0,3,26,0
2,4,0,11,5,4,6,1,4,1,0,0,3,39,0
1,0,1,1,4,0,0,4,4,0,0,0,3,39,0
6,2,0,11,5,4,3,1,4,1,0,0,3,39,0
2,7,0,11,5,4,13,3,4,1,0,0,3,39,0
4,0,1,9,8,2,0,0,2,1,0,4,6,39,1
5,6,0,11,5,2,3,0,4,1,1,0,5,39,1
3,4,1,0,3,2,3,0,4,1,0,0,3,39,0
4,4,1,10,9,2,4,0,4,1,9,0,5,39,1
3,4,1,9,8,2,10,0,4,1,0,0,4,39,1
1,4,2,9,8,4,12,1,4,0,0,0,4,39,0
2,4,1,15,6,0,1,4,3,0,0,0,3,39,0
5,4,0,11,5,2,14,0,4,1,0,0,6,39,0
1,6,0,8,6,2,8,5,4,0,0,0,4,39,0
0,4,0,11,5,4,6,3,4,1,0,0,3,39,0
1,4,1,11,5,4,4,1,4,0,0,0,3,39,0
3,4,1,11,5,2,14,0,4,1,0,0,3,39,1
3,4,2,12,8,4,4,1,2,1,0,0,5,39,1
3,4,1,9,8,0,10,1,4,1,0,0,3,39,0
5,4,1,5,2,6,8,1,3,0,0,0,2,39,0
2,4,0,11,5,0,8,4,4,0,0,0,3,39,0
4,6,0,11,5,2,3,0,4,1,0,0,3,39,0
2,6,2,14,9,2,10,0,4,1,0,0,5,39,1
1,2,1,12,8,4,10,1,4,1,0,0,4,39,0
2,6,0,9,8,2,12,2,4,1,0,0,4,39,0
1,4,1,11,5,2,3,0,0,1,0,0,4,39,0
3,4,1,3,0,4,12,3,4,1,0,0,3,39,0
2,4,1,11,5,0,1,1,4,0,0,0,3,39,0
3,4,1,4,1,2,6,0,4,1,0,0,3,26,0
3,4,1,8,6,2,5,0,4,1,0,0,6,39,0
0,4,1,15,6,4,12,3,4,1,0,0,2,0,0
4,4,1,11,5,2,14,0,4,1,0,0,3,39,1
3,4,1,8,6,2,7,0,4,1,0,0,3,39,0
0,4,1,15,6,4,8,4,4,0,0,0,1,39,0
1,4,0,9,8,2,3,0,4,1,0,0,3,39,1
7,0,0,11,5,6,0,1,4,1,0,0,2,39,0
0,6,0,9,8,4,5,4,4,1,0,0,5,39,0
5,2,1,5,2,2,3,0,4,1,0,0,3,39,0
1,4,1,8,6,4,4,3,4,1,0,0,5,39,0
5,4,1,15,6,2,6,0,2,1,0,0,3,39,0
0,4,0,1,4,4,10,3,4,1,0,0,1,39,0
1,4,1,7,7,4,10,3,4,0,0,0,3,39,0
0,2,1,15,6,4,11,3,4,0,0,0,3,39,0
2,4,2,11,5,4,13,1,4,0,0,0,3,39,0
2,4,0,1,4,2,14,0,4,1,0,0,3,39,0
3,4,1,12,8,2,4,0,4,1,0,0,3,39,0
1,4,2,11,5,2,3,0,2,1,0,4,6,39,1
4,6,1,9,8,2,10,0,4,1,0,4,2,39,0
5,4,1,3,0,0,9,4,4,0,0,0,2,5,0
2,1,3,15,6,0,13,4,2,0,0,0,3,39,0
3,4,3,1,4,6,8,1,2,0,0,0,1,39,0
4,4,0,9,8,2,4,0,4,1,1,0,3,39,1
3,2,1,7,7,0,4,1,4,1,0,0,5,39,1
6,1,0,12,8,2,4,0,4,1,0,0,5,39,1
6,5,1,9,8,2,4,0,4,1,0,0,4,26,1
2,4,1,15,6,0,12,4,4,0,0,0,3,39,0
2,2,0,15,6,2,11,0,4,1,0,0,6,39,1
2,4,1,11,5,2,4,0,2,1,0,0,5,39,0
4,4,1,11,5,2,3,0,2,1,0,0,3,39,0
0,0,1,15,6,4,0,3,4,0,0,0,1,39,0
0,7,0,15,6,4,1,3,4,0,0,0,1,39,0
5,4,2,9,8,2,4,0,4,1,0,0,4,39,1
5,4,1,11,5,2,1,0,2,1,0,0,1,39,0
4,6,0,11,5,2,3,0,4,1,0,0,3,39,0
5,4,1,15,6,0,1,1,4,0,0,0,3,39,0
3,4,2,11,5,2,7,0,2,1,0,0,3,39,1
3,4,1,15,6,5,1,4,2,0,0,0,3,39,0
9,1,1,11,5,2,3,0,4,1,0,0,2,39,0
1,4,1,15,6,4,13,3,4,1,0,0,3,39,0
7,4,0,12,8,0,12,1,4,0,0,0,0,39,0
5,4,0,9,8,6,5,3,1,1,0,0,3,39,0
5,2,1,11,5,2,14,0,4,1,0,0,2,39,1
6,4,0,4,1,5,8,1,4,1,0,0,1,22,0
1,4,1,7,7,4,12,1,4,1,0,0,5,39,0
7,6,1,10,9,2,10,0,4,1,0,0,0,39,0
4,0,1,11,5,2,0,0,4,1,0,0,3,39,0
6,6,2,9,8,2,4,0,4,1,0,0,5,39,0
4,4,0,11,5,2,3,0,4,1,0,0,3,39,0
1,4,2,9,8,2,4,0,1,1,0,0,3,17,1
2,1,0,14,9,2,10,0,4,1,0,0,3,39,1
4,2,0,11,5,2,4,0,0,1,0,0,4,39,0
1,4,1,6,2,4,6,3,2,0,0,0,2,39,0
3,4,1,9,8,2,12,0,4,1,0,0,3,39,1
2,0,1,15,6,2,0,0,4,1,0,0,1,39,0
1,4,1,11,5,0,6,3,4,0,0,0,3,39,0
3,4,1,15,6,2,7,0,2,1,0,0,3,39,0
3,4,1,0,3,2,7,0,4,1,0,0,3,39,0
0,4,1,15,6,4,6,3,2,1,0,0,2,39,0
5,0,0,11,5,2,0,0,4,1,0,0,4,39,0
5,4,0,0,3,2,3,0,4,1,0,0,5,39,0
0,4,1,1,4,4,6,1,4,1,0,0,3,39,0
7,4,0,4,1,2,1,0,4,1,0,0,3,39,0
0,7,1,10,9,4,10,1,4,0,0,0,9,9,0
0,4,1,15,6,4,8,2,4,0,0,0,2,39,0
0,4,1,1,4,4,6,3,4,1,0,0,0,39,0
3,5,1,9,8,2,12,0,4,1,0,0,3,0,1
0,4,1,11,5,4,6,3,4,1,0,0,2,39,0
1,4,0,11,5,2,14,0,0,1,0,0,3,39,0
1,4,1,15,6,4,12,1,4,0,0,0,4,39,0
1,4,1,9,8,2,13,0,4,1,0,0,3,39,0
5,0,0,11,5,2,0,0,4,1,0,0,3,39,1
3,6,1,11,5,2,3,0,1,1,0,0,6,35,0
0,4,1,15,6,4,8,2,4,0,0,0,3,39,0
5,7,1,10,9,2,10,0,4,1,0,4,3,39,1
3,4,1,11,5,2,3,0,4,1,0,0,3,39,1
1,2,1,15,6,4,1,3,4,0,0,0,0,39,0
2,6,0,9,8,2,5,0,4,1,0,0,6,39,0
4,4,0,6,2,2,8,0,4,1,0,0,3,39,0
0,4,0,11,5,4,1,3,4,0,0,0,3,39,0
1,1,0,8,6,2,13,0,4,1,0,0,4,39,1
5,4,1,11,5,2,7,0,4,1,0,0,3,39,0
1,4,0,1,4,0,12,3,4,0,0,0,3,39,0
1,4,2,15,6,2,12,0,4,1,0,0,3,39,1
2,4,1,11,5,4,6,1,4,1,0,0,3,39,0
2,4,1,15,6,4,12,1,4,1,0,0,5,39,0
2,4,1,9,8,4,12,1,1,0,0,0,5,3,0
5,7,0,11,5,5,4,4,4,0,0,0,3,39,0
4,4,1,9,8,2,4,5,2,0,0,0,3,39,1
3,4,1,8,6,2,10,0,4,1,0,0,3,39,1
1,4,1,11,5,5,5,1,4,1,0,0,5,39,0
2,4,0,1,4,2,12,0,4,1,0,0,5,39,0
3,4,0,11,5,2,3,5,4,0,0,0,3,39,1
3,4,1,15,6,2,10,0,4,1,0,0,3,39,0
1,4,0,15,6,4,3,1,4,1,0,0,4,39,0
1,4,0,6,2,3,1,4,1,0,0,0,3,40,0
6,0,1,15,6,2,0,0,4,1,0,0,1,39,0
0,4,1,1,4,4,1,3,4,0,0,0,1,39,0
3,4,2,15,6,5,14,4,4,1,0,0,5,39,1
2,4,1,9,8,4,1,1,4,1,0,0,5,39,0
0,4,2,6,2,4,5,4,4,1,0,0,7,39,0
3,4,0,9,8,4,1,1,2,0,0,0,3,39,1
1,4,1,11,5,4,4,1,4,1,0,4,4,39,0
1,4,1,9,8,4,10,3,2,1,0,0,3,0,0
4,4,0,11,5,2,3,5,4,0,0,0,3,39,1
1,4,0,5,2,2,3,0,4,1,0,0,2,39,0
0,4,2,1,4,4,14,3,4,1,0,0,1,39,0
2,4,1,15,6,2,12,0,4,1,0,0,5,39,1
3,7,1,15,6,5,13,4,4,0,0,0,3,39,0
0,4,2,11,5,4,3,1,4,1,0,0,3,39,0
1,4,3,11,5,4,6,2,4,1,0,0,3,26,0
2,4,1,11,5,4,8,3,4,1,0,0,3,39,0
4,5,0,14,9,2,10,0,4,1,1,0,3,39,1
5,4,0,11,5,2,8,5,4,0,0,0,0,39,0
3,4,1,9,8,2,1,0,4,1,0,0,3,39,1
4,4,0,11,5,2,3,0,4,1,0,0,3,39,0
6,4,0,15,6,2,14,0,4,1,0,0,6,39,0
2,4,2,9,8,2,10,0,4,1,0,0,3,2,0
2,4,1,9,8,2,10,0,4,1,0,0,5,39,1
1,4,2,1,4,2,12,3,2,1,0,0,3,39,0
1,4,2,7,7,4,8,1,4,1,0,0,3,39,0
3,2,1,9,8,0,1,1,4,0,9,0,3,39,1
3,4,1,9,8,0,12,1,4,1,1,0,3,39,1
0,4,0,11,5,4,1,1,4,1,0,0,3,39,0
2,4,2,11,5,5,13,4,4,0,0,0,3,39,0
1,2,0,9,8,2,10,0,4,1,0,0,6,39,0
4,7,0,12,8,0,11,1,4,1,0,0,7,39,0
0,6,1,11,5,4,5,3,4,1,0,0,3,39,0
2,4,1,15,6,2,4,0,2,1,0,0,5,39,0
3,4,1,8,6,2,7,0,4,1,0,0,3,39,1
0,4,1,5,2,2,6,2,3,0,0,0,2,8,0
1,4,1,9,8,2,10,0,4,1,0,0,3,0,0
4,4,1,9,8,2,4,0,4,1,0,0,3,39,1
1,4,1,0,3,2,6,0,4,1,0,0,3,39,0
0,2,0,11,5,4,1,3,2,0,0,0,3,39,0
6,6,0,11,5,2,4,0,4,1,0,0,4,39,1
0,4,1,9,8,4,1,1,1,0,0,0,0,40,0
0,4,0,15,6,4,12,1,4,0,0,0,2,39,0
2,0,0,11,5,0,0,1,4,0,0,0,3,39,0
1,6,2,8,6,4,3,3,4,1,0,0,3,39,0
3,5,1,9,8,2,1,5,4,0,0,0,3,0,0
2,1,0,15,6,4,6,4,4,0,0,0,3,39,0
1,4,0,11,5,0,6,1,4,1,0,0,3,39,0
6,4,0,12,8,2,10,0,4,1,0,0,3,0,1
4,4,0,11,5,2,10,5,4,0,0,0,3,39,1
2,4,2,9,8,0,4,1,4,0,0,0,3,39,0
0,4,0,11,5,4,6,4,2,0,0,0,0,39,0
3,4,2,9,8,2,1,5,2,0,0,0,3,39,0
3,4,1,15,6,0,1,1,4,1,0,0,4,39,0
2,4,1,1,4,3,14,3,4,1,0,0,3,26,0
4,4,1,6,2,0,12,1,4,0,0,0,3,39,0
3,0,1,9,8,0,0,1,4,0,0,0,5,39,0
9,4,2,9,8,2,12,0,4,1,0,0,1,0,0
1,7,3,9,8,4,1,1,4,1,0,0,4,39,0
2,4,1,7,7,4,1,1,4,1,0,0,5,39,0
1,4,0,11,5,2,4,0,4,1,0,0,6,39,1
1,4,0,15,6,2,3,0,1,1,0,0,3,30,1
5,4,0,8,6,0,1,4,2,0,0,0,3,39,0
2,6,1,0,3,2,5,0,4,1,0,0,3,39,0
2,4,1,11,5,0,11,1,2,1,0,0,4,39,0
2,4,1,8,6,4,3,1,4,1,0,0,4,39,0
0,4,1,15,6,4,12,3,4,0,0,0,1,39,0
0,4,1,9,8,4,1,3,4,0,0,0,3,39,0
2,4,0,11,5,0,3,1,4,1,0,0,3,39,0
5,4,1,15,6,2,4,0,4,1,0,0,6,39,1
2,2,2,15,6,0,1,4,4,0,0,0,3,39,0
5,4,0,8,6,2,10,5,4,0,0,0,1,39,0
3,7,1,15,6,0,1,1,2,0,0,0,3,39,0
1,4,0,15,6,2,8,5,4,0,0,0,3,39,0
4,7,0,9,8,2,4,0,4,1,0,0,3,39,1
1,4,0,11,5,4,6,3,4,1,0,0,3,39,0
1,4,4,11,5,2,5,0,2,1,0,0,3,39,0
4,4,0,12,8,3,11,1,1,1,0,0,3,19,0
1,4,1,15,6,4,4,1,4,0,0,0,6,39,0
1,4,2,11,5,4,5,2,4,1,0,0,3,26,0
1,4,1,11,5,4,14,3,2,1,0,0,3,39,0
3,4,1,9,8,2,13,0,4,1,0,0,3,39,1
2,4,1,15,6,0,12,4,2,0,0,0,3,39,0
3,4,1,14,9,0,4,1,4,1,0,0,5,39,0
3,4,1,8,6,2,10,0,4,1,0,0,6,39,0
1,4,0,9,8,2,4,5,4,0,0,0,4,39,1
1,4,1,9,8,4,1,3,4,0,0,0,3,39,0
0,4,0,11,5,4,8,3,4,1,0,0,5,39,0
1,7,1,11,5,2,8,5,4,0,0,0,7,39,0
2,4,2,8,6,2,14,0,4,1,1,0,5,39,1
4,4,0,11,5,2,1,0,4,1,0,0,3,39,1
1,4,2,6,2,2,3,0,4,1,0,0,4,39,0
0,4,0,11,5,4,4,1,4,0,0,0,5,39,0
5,4,0,15,6,0,1,1,4,0,0,0,3,39,0
1,4,1,4,1,2,6,3,4,1,0,0,3,39,0
1,4,1,15,6,2,12,0,4,1,0,0,3,39,0
2,0,1,6,2,0,0,4,4,0,0,0,3,26,0
0,4,0,0,3,4,8,3,4,1,0,0,3,39,0
0,4,1,15,6,2,12,0,4,1,0,0,3,39,0
1,5,1,11,5,5,12,4,4,0,0,0,1,16,0
1,4,0,15,6,2,12,0,4,1,0,0,3,39,0
2,4,0,11,5,2,3,0,4,1,0,0,3,39,0
3,4,1,9,8,2,10,0,1,1,0,0,4,30,1
1,0,0,0,3,0,0,4,4,1,0,0,3,39,0
6,4,1,11,5,2,6,0,4,1,0,0,3,39,0
1,0,1,9,8,4,0,1,1,1,0,0,2,36,0
2,0,2,11,5,2,0,0,2,1,0,0,3,39,0
2,4,2,15,6,4,12,1,4,1,0,0,3,39,0
3,4,1,15,6,2,1,5,4,0,0,0,3,6,0
1,4,0,11,5,5,8,4,4,0,0,0,1,39,0
4,4,1,9,8,2,10,0,4,1,0,0,3,39,1
2,4,0,11,5,0,3,1,4,1,0,3,5,39,0
4,4,1,2,4,3,6,1,3,1,0,0,5,6,0
4,2,1,15,6,2,3,0,4,1,0,0,3,39,1
0,4,0,9,8,4,1,2,1,0,0,0,1,39,0
3,4,1,9,8,2,10,0,4,1,0,0,5,39,1
0,4,1,15,6,4,8,3,4,1,0,0,1,39,0
5,4,1,11,5,2,13,0,2,1,0,4,3,38,1
3,4,1,11,5,4,6,3,4,1,0,0,6,39,0
1,4,1,15,6,2,1,0,4,1,0,0,3,39,0
4,0,1,11,5,2,0,0,4,1,0,0,3,0,0
0,2,0,0,3,4,11,3,4,0,0,0,0,39,0
2,4,1,15,6,2,10,0,4,1,0,0,5,39,1
1,4,1,12,8,4,10,1,4,0,0,0,6,39,0
4,5,1,10,9,5,10,1,4,1,0,0,3,39,1
1,4,1,2,4,4,7,1,4,1,0,3,3,39,0
5,4,1,3,0,5,7,4,4,1,0,0,3,39,0
2,4,1,9,8,2,4,0,4,1,0,0,3,39,1
2,4,1,11,5,2,3,0,4,1,0,0,3,39,0
0,4,0,1,4,2,6,0,4,1,0,3,3,39,0
0,4,1,11,5,2,6,0,4,1,0,0,4,39,0
2,4,0,15,6,0,3,4,4,1,0,0,3,39,0
0,0,0,15,6,4,0,3,1,0,0,3,3,36,0
0,6,0,15,6,4,10,2,1,0,0,0,1,35,0
0,4,1,5,2,2,3,0,4,1,0,0,3,39,0
4,7,1,11,5,2,8,0,4,1,0,0,3,39,0
2,4,0,11,5,2,10,0,4,1,0,0,3,39,0
4,4,1,15,6,2,1,5,4,0,0,0,3,39,1
3,4,0,11,5,0,1,4,4,0,0,0,3,39,0
3,5,0,7,7,2,12,0,4,1,0,0,4,39,1
1,4,1,8,6,4,12,2,2,1,0,0,6,39,0
3,4,1,2,4,2,8,0,2,1,0,0,3,23,0
3,4,0,7,7,2,13,0,4,1,0,0,3,39,0
6,0,0,12,8,2,0,0,2,1,0,0,3,39,1
7,5,0,11,5,2,8,0,4,1,0,0,3,39,1
1,4,2,15,6,4,3,4,4,1,0,0,4,26,0
7,5,1,15,6,2,4,0,4,1,0,0,3,39,1
4,2,2,11,5,2,3,0,4,1,0,0,3,39,0
3,4,1,12,8,4,10,1,4,0,0,0,3,39,0
3,6,2,9,8,2,10,0,4,1,0,4,3,39,1
2,4,0,11,5,4,12,3,4,0,0,0,3,39,0
0,0,0,15,6,4,0,3,4,0,0,0,1,10,0
3,5,0,11,5,2,4,0,4,1,0,4,3,39,1
4,4,2,11,5,2,4,0,4,1,0,0,5,39,1
3,7,2,15,6,0,11,4,0,0,0,0,3,39,0
1,4,2,9,8,4,3,1,4,1,0,0,5,39,0
2,2,1,8,6,4,11,1,2,0,0,0,6,39,1
0,4,0,15,6,4,6,3,1,1,0,0,2,39,0
4,6,1,9,8,2,5,0,4,1,0,0,0,39,0
1,4,2,11,5,4,3,2,2,1,0,0,3,39,0
2,4,1,9,8,4,4,1,4,0,0,0,3,39,0
3,0,1,12,8,2,0,5,4,0,0,4,4,39,1
5,4,2,15,6,2,12,0,4,1,0,0,5,39,0
3,6,0,9,8,2,12,0,4,1,0,0,6,39,0
4,4,1,7,7,0,4,4,4,1,0,0,5,11,0
0,1,1,11,5,4,2,1,4,1,0,0,0,39,0
2,4,1,11,5,2,4,0,4,1,0,4,4,39,1
3,1,0,15,6,0,1,1,4,0,0,0,5,39,0
0,4,0,11,5,2,1,5,4,0,0,0,1,39,0
2,5,1,15,6,2,4,0,4,1,0,0,5,39,1
6,4,0,15,6,0,8,1,4,0,0,0,2,39,0
7,6,0,3,0,0,3,1,4,0,0,0,2,39,0
6,4,0,11,5,2,4,0,4,1,0,0,0,39,0
0,7,2,15,6,4,8,1,4,1,0,0,3,39,0
3,4,1,12,8,2,4,0,4,1,0,0,5,39,1
4,2,0,12,8,4,10,4,4,0,0,3,3,39,0
5,4,0,14,9,2,4,0,4,1,9,0,3,39,1
3,4,1,8,6,4,3,1,4,0,0,0,3,0,0
4,4,2,11,5,0,4,4,4,0,0,0,3,39,0
1,4,2,11,5,4,13,1,1,1,0,0,5,39,0
3,4,1,9,8,2,10,0,4,1,0,0,3,0,1
0,4,0,15,6,4,8,3,2,1,0,0,1,39,0
4,4,1,15,6,2,14,0,4,1,0,0,3,39,1
2,4,2,9,8,2,10,0,2,1,0,0,3,39,1
3,5,0,15,6,4,4,1,2,1,0,0,4,39,0
3,5,1,9,8,2,4,0,4,1,0,0,4,39,1
0,4,1,15,6,4,8,3,4,1,0,0,2,39,0
3,4,1,15,6,4,1,1,4,0,0,0,3,39,0
4,2,1,15,6,4,11,1,2,1,0,0,3,39,0
0,4,1,12,8,4,13,1,4,1,0,0,5,39,0
0,4,1,9,8,4,1,1,4,0,0,0,0,39,0
0,4,2,7,7,4,12,1,4,0,0,0,1,39,0
1,4,1,15,6,0,13,1,4,1,0,0,2,39,0
1,4,1,8,6,4,1,3,4,0,0,0,3,39,0
1,4,0,15,6,2,14,0,4,1,0,0,4,39,0
2,4,2,11,5,2,1,5,4,0,0,4,4,39,1
5,4,0,11,5,0,1,4,4,0,0,0,3,39,0
3,4,1,9,8,2,10,0,4,1,0,0,5,39,1
1,4,2,11,5,4,3,1,4,1,0,0,3,39,0
6,4,1,1,4,6,12,1,4,0,0,0,2,39,0
2,4,0,9,8,2,12,0,4,1,0,4,3,39,1
1,4,0,15,6,4,7,1,4,0,0,0,2,39,0
8,6,0,11,5,2,4,0,4,1,0,0,2,39,0
4,5,1,14,9,2,10,0,4,1,9,0,5,39,1
3,6,1,5,2,2,4,0,4,1,0,0,5,39,1
1,4,1,11,5,0,8,1,4,1,0,0,5,39,0
4,4,1,11,5,2,6,0,4,1,0,0,3,0,0
1,2,0,7,7,4,1,3,0,0,0,0,3,39,0
1,4,1,11,5,0,12,3,4,0,0,0,3,39,0
4,4,0,11,5,2,3,0,4,1,0,0,3,39,0
3,4,0,7,7,0,13,1,2,0,0,0,3,39,0
0,4,0,4,1,2,8,0,4,1,0,0,3,8,0
3,1,0,9,8,2,1,5,1,0,0,0,3,30,0
3,4,0,11,5,2,14,0,4,1,0,0,3,39,0
4,0,1,12,8,2,0,0,4,1,0,0,3,39,0
1,4,2,9,8,4,12,1,4,1,0,0,3,39,0
1,4,0,15,6,2,3,0,4,1,0,0,5,39,0
4,1,0,5,2,3,6,4,4,1,0,0,3,39,0
4,5,1,15,6,0,12,1,4,1,0,0,5,5,1
3,4,1,9,8,2,12,0,4,1,0,0,3,39,1
2,4,1,15,6,0,1,4,2,0,0,0,3,39,0
5,2,1,12,8,6,10,4,4,0,0,0,5,39,0
3,4,0,15,6,2,1,0,4,1,0,0,4,39,1
0,4,1,15,6,4,12,3,4,0,0,0,3,39,0
6,4,1,11,5,0,8,1,4,1,0,0,2,39,0
2,2,0,11,5,2,8,5,4,0,0,0,2,39,0
3,6,0,14,9,2,4,0,4,1,1,0,3,39,1
5,4,1,11,5,2,7,0,4,1,0,0,3,39,0
3,6,1,11,5,2,12,0,4,1,0,0,1,39,0
3,6,0,9,8,0,4,1,4,0,0,0,3,39,0
1,4,0,15,6,2,4,0,4,1,0,0,5,39,0
1,4,1,11,5,0,8,1,4,0,0,3,5,39,0
7,0,1,5,2,6,0,2,4,0,0,0,1,31,0
1,4,1,15,6,2,12,0,4,1,0,4,5,39,0
3,6,1,10,9,2,10,0,4,1,1,0,5,39,1
3,4,1,8,6,2,5,0,4,1,0,0,7,39,0
0,7,1,7,7,4,13,3,4,1,0,0,0,39,0
2,4,0,11,5,2,7,0,4,1,0,0,4,39,1
3,2,0,15,6,2,13,0,4,1,0,0,9,39,1
2,4,0,9,8,2,1,0,4,1,0,4,5,39,1
3,1,1,9,8,2,6,0,4,1,0,0,3,39,0
2,6,0,15,6,2,4,0,4,1,0,0,4,39,0
1,7,0,9,8,4,4,1,4,0,0,0,3,39,0
3,4,1,11,5,2,14,0,4,1,0,0,5,39,1
1,4,0,9,8,4,12,3,4,1,0,0,3,39,0
0,4,1,11,5,2,12,0,3,1,0,0,3,39,0
3,7,0,11,5,2,8,0,0,1,0,0,3,39,0
4,4,0,12,8,0,4,1,4,0,0,0,7,39,0
2,4,1,9,8,4,10,1,4,0,0,0,4,39,0
4,4,1,1,4,2,8,0,4,1,0,0,3,39,0
5,6,1,14,9,0,10,1,4,0,0,0,3,39,0
3,4,0,12,8,2,1,0,4,1,0,3,6,39,0
6,4,0,9,8,2,4,0,4,1,0,0,3,39,1
2,4,0,12,8,2,12,0,4,1,0,0,3,19,0
1,4,2,11,5,4,8,2,2,0,0,0,5,39,0
1,4,0,11,5,2,1,0,1,1,0,0,3,39,0
3,5,1,11,5,0,4,1,4,1,0,0,4,39,0
3,4,0,8,6,0,12,3,4,1,0,0,5,39,0
4,4,1,11,5,6,1,4,4,0,0,0,1,39,0
4,4,2,12,8,2,3,0,4,1,0,0,3,39,1
1,4,0,15,6,4,6,3,1,1,0,0,3,39,0
4,4,0,15,6,2,4,0,4,1,0,0,3,39,1
0,4,1,1,4,4,7,3,4,1,0,0,5,39,0
0,4,1,11,5,4,12,3,4,1,0,0,0,39,0
4,2,1,11,5,0,1,4,4,0,0,0,3,39,0
2,6,0,11,5,2,5,0,4,1,0,0,5,39,0
3,4,1,15,6,2,7,0,4,1,0,0,4,39,1
0,4,0,9,8,4,1,3,4,0,0,0,1,39,0
1,4,1,7,7,4,13,3,4,0,0,0,3,39,0
5,1,1,9,8,4,1,1,4,1,0,5,3,39,0
5,0,1,11,5,2,0,5,4,0,0,0,3,39,1
1,4,3,5,2,4,6,4,4,1,0,0,3,13,0
5,4,1,11,5,2,12,0,4,1,0,0,6,39,1
2,4,1,10,9,2,10,0,4,1,0,0,3,39,0
7,0,0,1,4,2,0,0,4,1,0,0,4,39,0
0,6,0,15,6,4,3,1,4,1,0,0,4,39,0
3,4,3,11,5,2,3,0,4,1,0,0,3,39,1
1,4,1,9,8,4,14,4,4,1,0,0,1,39,0
2,4,1,7,7,2,3,0,4,1,0,4,3,21,1
4,4,0,4,1,2,3,0,4,1,0,0,3,39,0
0,4,1,15,6,4,8,3,4,1,0,0,2,39,0
0,4,1,8,6,4,5,1,4,0,0,3,2,39,0
3,6,2,15,6,4,14,1,2,1,0,0,2,39,0
2,2,0,15,6,2,14,0,4,1,0,0,3,39,0
0,4,0,11,5,4,12,3,4,0,0,3,1,39,0
3,4,0,11,5,4,1,2,4,0,0,0,2,39,0
0,4,1,11,5,4,8,1,4,0,0,0,3,39,0
3,5,0,11,5,2,11,0,4,1,0,0,7,39,0
1,4,0,11,5,4,8,4,4,1,0,0,2,39,0
1,4,3,0,3,5,7,3,4,1,0,0,3,26,0
2,4,1,11,5,2,3,0,4,1,0,0,4,39,0
1,6,1,9,8,4,12,1,4,1,0,0,5,39,0
3,4,1,9,8,2,4,0,4,1,0,0,6,39,1
4,4,0,9,8,0,4,2,4,1,0,0,3,39,0
1,7,2,15,6,0,11,2,4,1,0,0,4,39,0
1,4,4,11,5,4,7,1,2,1,0,0,3,39,0
5,4,1,9,8,2,13,0,4,1,0,0,4,39,0
1,4,0,15,6,2,4,3,2,0,0,0,3,39,0
0,4,1,15,6,4,8,3,4,0,0,0,1,39,0
1,4,1,7,7,4,12,1,4,1,0,0,4,39,0
1,4,2,12,8,2,12,0,4,1,0,0,4,10,1
3,4,1,11,5,4,4,1,4,1,0,0,3,39,0
2,6,0,11,5,0,5,1,4,1,0,0,6,39,0
1,4,1,11,5,4,8,1,4,0,0,0,3,39,0
3,4,0,14,9,4,10,1,4,0,1,0,5,39,1
4,8,1,11,5,2,1,5,4,0,0,0,2,39,0
4,4,1,11,5,2,4,0,4,1,0,0,3,39,1
4,0,1,10,9,4,0,1,4,1,0,6,3,39,1
5,6,1,9,8,0,14,1,4,1,0,0,6,39,0
3,6,1,11,5,2,5,5,4,0,0,0,5,39,0
3,4,1,11,5,5,14,4,4,1,0,0,3,26,0
4,5,1,15,6,6,12,4,4,0,0,0,3,39,0
1,4,1,9,8,4,12,3,4,0,0,0,6,39,0
1,4,1,11,5,2,7,0,4,1,0,0,4,39,0
5,4,0,12,8,2,4,0,1,1,0,0,4,39,1
0,4,1,15,6,4,8,3,4,0,0,0,2,39,0
6,4,4,3,0,6,6,1,4,0,0,0,3,39,0
1,2,0,9,8,4,11,1,4,1,0,0,3,39,0
1,2,1,9,8,4,13,4,1,0,0,0,3,40,0
3,5,1,11,5,2,12,0,4,1,0,0,5,39,1
1,4,0,1,4,2,5,0,4,1,0,0,6,26,0
2,4,2,15,6,5,6,1,2,1,0,0,3,39,0
1,2,1,12,8,2,10,5,4,0,0,0,3,39,1
6,4,0,12,8,0,4,1,4,0,0,0,3,39,1
2,6,0,14,9,0,10,4,4,1,2,0,3,39,1
3,6,1,11,5,4,12,1,4,1,0,0,5,0,0
6,4,0,11,5,2,14,0,4,1,0,0,1,39,0
8,6,0,8,6,2,12,0,4,1,0,0,1,39,1
3,4,1,15,6,2,7,0,4,1,0,0,3,39,0
0,4,2,9,8,4,13,3,2,1,0,0,3,39,0
3,6,1,15,6,2,3,0,4,1,0,0,4,39,1
6,4,0,1,4,2,8,0,4,1,0,0,3,39,1
2,4,0,11,5,2,4,0,4,1,0,0,5,39,0
3,4,1,11,5,2,7,0,4,1,0,0,3,39,0
3,2,2,9,8,0,10,4,4,0,0,0,3,39,0
3,4,1,6,2,4,8,4,2,0,0,0,3,39,0
5,4,0,11,5,2,4,0,4,1,0,0,4,39,0
4,2,0,9,8,2,10,0,4,1,0,0,4,39,1
1,4,0,9,8,2,4,5,1,0,0,0,3,35,0
0,2,0,11,5,4,6,2,4,1,0,0,5,39,0
1,4,1,15,6,2,4,0,4,1,0,0,5,39,0
1,4,1,7,7,4,10,3,4,1,0,0,3,10,0
3,4,1,11,5,2,3,0,4,1,0,4,9,39,1
2,2,1,15,6,0,1,3,4,0,0,0,3,39,0
3,4,1,15,6,2,8,5,4,0,0,0,1,39,0
0,4,1,11,5,4,3,1,4,1,0,0,3,39,0
3,4,1,11,5,6,3,1,4,0,0,0,3,39,0
3,4,1,11,5,2,7,0,4,1,0,0,4,39,0
5,2,0,12,8,2,10,0,4,1,0,0,3,39,1
4,1,2,9,8,2,4,0,4,1,0,0,3,39,1
3,6,0,11,5,4,5,1,4,1,0,0,6,39,0
3,2,1,9,8,4,1,1,4,0,9,0,3,39,1
3,4,1,6,2,2,8,0,4,1,0,4,3,39,1
4,6,0,15,6,2,4,0,0,1,0,0,6,39,0
0,4,2,11,5,2,7,0,4,1,0,0,3,39,0
1,4,1,7,7,4,14,3,4,1,0,0,6,39,0
4,4,1,15,6,0,6,1,4,0,0,0,3,21,0
1,4,2,11,5,4,3,4,4,1,1,0,3,39,1
3,2,1,12,8,2,10,0,4,1,0,0,3,39,1
5,2,1,9,8,2,10,0,4,1,0,0,3,39,1
2,4,1,7,7,0,3,4,4,0,0,0,3,39,0
5,4,1,5,2,2,3,0,4,1,0,0,6,39,0
0,4,1,11,5,4,7,3,4,1,0,0,2,39,0
0,4,1,15,6,4,12,3,4,0,0,0,3,39,0
2,4,1,11,5,2,7,0,2,1,0,0,3,39,0
6,4,0,9,8,2,4,0,4,1,0,0,3,39,1
3,4,2,11,5,2,14,0,2,1,0,0,3,5,0
1,4,1,11,5,2,5,0,4,1,0,0,5,39,0
2,0,1,11,5,2,0,5,4,0,0,3,3,39,0
3,4,2,11,5,0,8,4,4,0,0,0,3,39,0
2,4,0,15,6,2,6,5,4,0,0,0,3,39,0
4,4,1,9,8,2,4,5,4,0,0,0,3,39,1
3,6,2,9,8,2,10,0,4,1,1,0,5,24,1
4,4,0,15,6,2,8,0,4,1,0,0,3,39,1
1,4,1,7,7,4,1,4,4,0,0,0,3,39,0
3,6,1,11,5,2,4,0,4,1,0,0,4,26,0
2,4,0,11,5,2,14,0,4,1,0,0,3,39,1
3,4,1,12,8,2,4,0,4,1,0,0,4,39,0
3,4,0,9,8,2,12,0,4,1,0,4,5,39,1
1,7,1,11,5,2,11,0,4,1,0,0,3,39,0
2,4,2,11,5,0,1,4,4,0,0,0,3,39,0
2,1,1,9,8,4,4,1,4,0,0,0,6,39,0
4,4,0,11,5,2,12,0,4,1,0,0,0,39,0
2,4,1,15,6,4,3,1,2,1,0,0,3,39,0
3,4,2,0,3,2,3,0,4,1,0,0,3,39,0
1,4,0,15,6,0,1,4,4,0,0,0,3,39,0
6,6,0,11,5,2,5,0,4,1,0,0,6,39,0
3,4,1,15,6,2,1,5,3,0,0,0,2,26,1
2,4,1,11,5,2,3,0,4,1,0,0,3,39,0
0,4,0,1,4,4,8,3,4,1,0,0,1,34,0
8,4,0,4,1,2,14,0,1,1,0,0,3,39,0
0,4,1,15,6,4,12,3,4,0,0,0,1,39,0
0,0,1,15,6,4,0,3,4,1,0,0,2,39,0
1,4,1,0,3,2,3,0,4,1,0,0,5,39,0
3,4,1,9,8,4,10,1,4,1,0,0,4,39,1
2,4,1,14,9,2,10,0,4,1,0,0,3,39,0
4,4,1,12,8,2,12,0,4,1,0,0,3,39,1
0,4,2,15,6,4,8,4,2,0,0,0,2,39,0
3,4,1,9,8,2,4,0,1,1,0,0,3,3,1
2,4,1,15,6,0,8,4,4,0,0,0,3,39,0
0,4,0,11,5,4,7,4,4,1,0,0,2,39,0
3,4,1,12,8,2,4,0,4,1,0,0,6,39,1
0,7,0,15,6,4,10,1,4,0,0,0,0,39,0
1,4,0,15,6,2,14,0,4,1,0,0,3,39,0
1,4,0,15,6,4,1,3,4,0,0,0,2,39,0
2,4,0,8,6,0,13,4,4,0,0,0,3,39,0
5,6,0,15,6,0,3,4,4,1,0,0,3,39,0
1,6,0,5,2,2,5,0,4,1,0,0,7,39,0
0,4,1,1,4,4,3,1,4,1,0,0,6,39,0
1,4,3,15,6,2,14,0,4,1,0,0,4,39,1
0,0,1,15,6,4,0,2,4,1,0,0,3,39,0
3,4,1,15,6,2,8,0,4,1,0,0,3,39,1
4,5,0,10,9,2,10,0,4,1,0,0,3,39,1
5,4,0,3,0,2,7,0,4,1,0,0,3,39,0
3,4,1,11,5,2,3,0,4,1,0,0,3,39,0
0,4,0,11,5,4,8,1,4,0,0,0,2,39,0
0,4,1,2,4,4,8,3,4,1,0,0,1,39,0
0,4,2,0,3,4,12,4,2,0,0,0,3,39,0
0,4,0,1,4,4,12,3,4,0,0,0,4,39,0
1,4,1,5,2,2,6,0,3,1,0,5,3,33,0
1,4,1,1,4,4,14,3,4,1,0,0,5,39,0
2,7,2,9,8,2,4,0,4,1,0,0,3,39,0
2,4,0,9,8,2,4,0,4,1,0,0,3,39,1
4,4,0,11,5,4,12,1,4,1,0,5,4,39,1
3,4,3,13,0,2,8,0,4,1,0,3,3,26,0
0,4,1,11,5,4,6,3,4,1,0,0,1,39,0
1,4,1,11,5,3,9,2,2,0,0,0,6,23,0
3,7,0,10,9,2,10,0,4,1,0,0,5,39,1
5,7,2,9,8,2,1,0,1,1,0,3,3,3,0
1,4,1,11,5,4,4,1,4,1,0,0,3,39,0
1,4,1,1,4,0,7,4,4,0,0,0,3,39,0
4,1,1,8,6,2,1,5,4,0,0,0,3,39,0
2,4,1,9,8,2,1,2,1,1,0,0,3,19,0
3,5,1,15,6,2,5,0,4,1,0,0,5,39,0
3,4,1,7,7,6,13,4,4,1,0,0,3,39,1
2,2,1,11,5,2,14,0,4,1,0,0,1,39,0
4,4,0,15,6,2,7,0,4,1,0,0,3,39,0
5,5,0,15,6,2,4,0,4,1,0,0,5,39,1
4,4,1,14,9,2,4,0,4,1,9,0,3,39,1
4,4,0,8,6,4,12,2,2,1,0,0,3,0,0
3,7,0,11,5,0,10,1,4,1,0,0,3,39,0
2,4,1,15,6,2,4,0,2,1,0,0,8,39,1
3,6,0,11,5,2,3,0,4,1,0,0,5,39,1
0,6,0,15,6,4,5,3,4,1,0,0,5,39,0
2,4,3,9,8,2,8,0,4,1,0,0,3,26,0
3,4,0,11,5,4,1,1,4,0,0,0,3,39,0
2,4,1,15,6,2,7,0,4,1,0,0,6,39,0
3,4,2,11,5,0,9,1,4,0,0,0,2,39,0
3,6,0,15,6,2,4,0,4,1,0,0,5,39,0
1,4,0,5,2,2,3,0,4,1,0,0,3,39,0
5,6,1,15,6,6,5,1,4,0,0,0,3,39,0
4,4,0,5,2,2,7,5,2,0,0,0,3,39,0
2,4,1,11,5,0,14,1,4,1,0,3,6,39,0
4,5,0,11,5,2,3,0,4,1,0,0,3,39,0
5,4,2,9,8,2,4,0,1,1,0,0,5,24,1
3,4,1,7,7,4,12,3,4,1,0,0,3,39,0
5,4,1,11,5,2,12,0,4,1,0,0,6,39,0
2,4,0,14,9,2,10,0,4,1,0,0,3,39,1
0,4,2,15,6,4,11,3,1,1,0,0,2,19,0
1,7,1,15,6,2,1,0,4,1,0,0,3,39,0
4,5,0,11,5,2,5,0,4,1,0,0,6,39,0
4,4,1,0,3,2,7,0,2,1,0,0,3,39,0
2,4,1,9,8,4,7,1,4,0,0,0,0,39,0
2,4,1,0,3,2,14,0,4,1,0,0,3,39,0
2,4,0,11,5,2,3,0,4,1,0,0,3,39,0
7,6,0,2,4,2,5,0,4,1,0,0,1,39,0
3,4,2,11,5,5,7,1,2,1,0,0,3,39,0
2,4,1,15,6,2,3,0,4,1,0,0,3,39,0
4,4,1,11,5,2,5,0,4,1,0,0,3,39,0
0,4,2,11,5,4,3,1,4,1,0,0,3,39,0
1,4,0,10,9,4,10,1,4,0,0,0,7,39,0
4,4,0,5,2,0,8,2,4,0,0,0,3,39,0
9,5,1,11,5,0,12,1,4,1,0,0,1,39,0
2,6,1,12,8,2,10,0,2,1,9,0,6,39,1
3,4,1,4,1,5,1,2,4,1,0,0,3,8,0
6,4,1,11,5,2,1,0,4,1,0,0,1,39,0
5,4,1,7,7,2,4,0,4,1,0,0,6,39,1
0,4,0,2,4,4,14,3,4,1,0,0,1,39,0
4,4,0,15,6,2,13,0,4,1,0,0,3,39,1
3,4,1,11,5,2,4,0,4,1,0,0,5,39,1
0,2,1,1,4,4,8,3,4,0,0,0,1,39,0
3,4,0,15,6,2,14,0,4,1,0,0,5,39,1
3,4,0,8,6,2,3,0,4,1,1,0,3,39,1
2,4,1,11,5,2,8,0,2,1,0,0,3,39,1
2,4,1,11,5,2,1,5,2,0,0,0,3,39,0
3,1,0,15,6,0,4,1,2,0,0,0,3,39,0
3,4,2,12,8,4,4,1,4,0,0,0,3,39,0
6,4,2,15,6,2,12,0,4,1,0,0,2,39,0
4,4,1,15,6,2,10,0,4,1,0,0,3,39,1
0,4,1,9,8,4,4,3,4,0,0,0,3,39,0
0,4,1,7,7,4,1,1,4,0,0,0,3,39,0
2,6,1,11,5,2,3,0,4,1,0,0,6,39,1
3,4,1,15,6,2,10,0,4,1,0,0,4,39,1
5,6,0,0,3,2,4,5,4,0,0,0,3,39,0
2,4,0,11,5,2,5,0,4,1,0,0,3,39,0
2,7,0,10,9,2,10,0,4,1,0,0,5,39,1
1,4,0,9,8,4,4,1,4,1,0,0,5,39,1
2,4,2,11,5,2,4,5,4,0,0,0,3,39,0
3,4,1,15,6,2,12,0,0,1,0,0,3,39,0
5,4,0,11,5,4,12,1,4,1,0,0,3,39,0
3,4,0,8,6,4,1,1,4,0,0,0,6,39,0
5,4,1,11,5,5,11,1,4,1,0,0,8,39,0
2,4,0,15,6,4,1,3,4,0,0,0,3,39,0
1,4,0,11,5,2,3,0,4,1,0,0,3,39,0
0,4,0,15,6,4,13,1,4,0,0,0,5,39,0
0,4,1,11,5,4,12,3,4,0,0,0,3,39,0
3,4,0,14,9,2,10,0,4,1,1,0,4,39,1
7,6,0,11,5,2,12,0,4,1,0,0,3,39,0
0,4,1,15,6,4,1,3,4,0,0,0,0,39,0
2,4,0,11,5,6,8,4,4,0,0,0,2,39,0
0,4,1,11,5,4,1,3,4,1,0,0,3,39,0
3,4,1,11,5,2,3,0,4,1,0,0,3,39,1
2,4,1,15,6,2,11,0,2,1,0,0,3,39,1
2,4,0,11,5,4,8,1,4,1,0,0,3,39,0
3,4,0,15,6,2,3,0,4,1,0,0,3,39,0
4,4,1,11,5,0,1,4,4,0,0,3,3,39,0
1,4,1,11,5,2,14,0,4,1,0,0,3,39,0
0,4,1,11,5,4,12,3,4,0,0,0,3,39,0
3,4,0,1,4,2,7,0,4,1,0,0,3,39,0
1,4,0,11,5,2,14,0,4,1,0,0,3,39,0
6,7,1,10,9,2,4,0,4,1,0,4,5,39,1
4,4,1,9,8,2,12,0,4,1,9,0,6,0,1
1,4,0,1,4,2,12,0,4,1,0,0,3,39,0
4,4,1,15,6,2,10,0,4,1,0,0,4,39,1
1,4,1,1,4,4,8,4,2,0,0,0,3,39,0
3,5,1,9,8,2,12,0,4,1,0,0,6,39,1
2,4,0,9,8,4,4,1,4,1,0,0,4,39,0
4,6,1,9,8,4,4,3,4,0,0,0,3,39,0
0,4,0,15,6,4,12,3,4,1,0,0,3,39,0
2,4,1,11,5,0,6,2,4,1,0,0,3,39,0
2,4,0,11,5,0,3,1,4,1,0,0,6,39,0
0,0,0,9,8,4,0,3,2,0,0,0,3,23,0
1,4,3,15,6,2,7,0,4,1,0,0,3,39,0
3,0,1,11,5,5,0,1,2,0,0,0,3,39,0
0,4,1,15,6,4,8,3,4,1,0,0,3,22,0
5,4,1,9,8,0,3,3,4,0,0,0,1,39,0
8,1,0,12,8,6,10,1,4,0,0,0,1,39,0
6,1,1,7,7,2,4,0,4,1,0,0,4,39,1
1,4,1,15,6,4,8,3,2,0,0,0,2,39,0
3,4,1,11,5,2,7,0,4,1,0,0,4,39,1
2,4,1,11,5,2,14,0,4,1,0,0,5,39,0
2,4,1,2,4,2,7,0,4,1,0,0,3,39,0
4,4,1,8,6,2,13,0,4,1,0,0,3,39,0
1,4,2,7,7,5,14,1,4,1,0,0,4,39,0
2,1,0,15,6,4,8,3,4,1,0,0,3,24,0
0,4,0,11,5,0,12,3,4,1,0,0,3,39,0
3,4,0,11,5,2,3,0,4,1,0,4,3,39,1
2,7,0,9,8,2,4,0,4,1,0,0,5,39,1
6,6,0,3,0,2,3,0,4,1,0,0,1,39,0
3,4,0,9,8,2,4,0,4,1,0,0,5,39,0
2,4,2,12,8,2,4,0,1,1,0,0,6,17,1
8,4,1,11,5,2,4,0,4,1,0,5,2,39,1
1,4,1,15,6,4,12,1,3,1,0,0,3,19,0
2,4,1,9,8,2,4,0,4,1,0,0,5,39,0
3,4,1,9,8,5,10,4,1,0,0,0,3,30,1
2,4,1,12,8,2,8,0,4,1,0,0,3,39,0
2,4,1,11,5,2,3,0,4,1,0,0,4,39,0
2,4,1,12,8,2,10,0,4,1,0,0,2,39,0
3,4,2,15,6,5,1,4,4,0,0,0,2,39,0
2,4,1,11,5,2,6,5,2,0,0,0,3,39,0
8,0,1,14,9,2,0,0,4,1,0,2,1,39,0
2,4,0,9,8,4,12,1,4,0,0,0,3,39,0
2,4,1,7,7,2,4,0,4,1,0,0,6,39,1
2,4,2,15,6,2,12,0,4,1,0,0,4,39,1
1,4,1,9,8,2,3,0,4,1,0,0,3,39,0
2,7,1,9,8,2,1,0,4,1,0,0,5,39,0
3,4,1,9,8,2,10,0,4,1,0,0,9,39,0
6,1,0,11,5,6,4,1,4,0,0,0,3,39,0
1,4,0,9,8,4,8,1,4,0,0,0,2,39,0
1,4,1,7,7,4,4,3,4,1,0,0,3,39,0
1,4,2,11,5,2,7,0,4,1,0,0,3,39,0
1,4,2,11,5,0,8,4,4,1,0,0,3,39,0
1,0,0,11,5,2,0,0,1,1,0,0,3,30,0
2,4,2,15,6,0,7,4,4,1,0,0,3,39,0
2,2,0,9,8,0,10,1,4,1,0,0,3,39,0
5,4,0,11,5,4,1,1,4,0,0,0,4,39,0
1,4,1,9,8,4,8,1,4,0,0,0,3,39,0
1,4,1,15,6,4,4,2,4,0,0,3,4,39,0
2,6,0,15,6,2,8,5,4,0,0,0,5,39,0
2,1,0,11,5,2,1,0,4,1,0,0,3,39,0
3,4,0,7,7,2,12,0,4,1,0,0,5,39,1
1,0,0,1,4,4,0,4,4,1,0,0,3,39,0
1,4,2,9,8,4,12,1,4,0,0,0,3,39,0
1,4,0,11,5,0,10,1,4,0,0,0,3,39,0
3,4,1,9,8,2,5,0,4,1,0,0,3,39,0
1,7,1,12,8,4,13,1,4,1,0,0,3,39,0
5,5,0,9,8,2,3,0,4,1,0,0,6,39,0
5,4,2,6,2,2,12,0,2,1,0,0,5,39,1
3,6,1,15,6,0,4,4,4,0,0,0,5,39,0
2,2,1,11,5,2,10,0,4,1,0,0,3,8,0
3,4,1,12,8,2,10,0,4,1,0,4,5,39,1
1,4,2,11,5,2,7,0,4,1,0,0,9,39,0
4,2,1,11,5,5,11,1,2,1,0,0,3,39,0
5,2,0,14,9,0,10,1,4,0,0,0,3,39,0
0,4,1,1,4,4,12,3,4,1,0,0,2,39,0
2,2,0,9,8,0,10,4,4,0,0,0,3,39,0
4,2,0,5,2,4,8,2,2,0,0,0,3,39,0
5,1,1,14,9,2,4,0,4,1,1,0,3,39,1
3,7,3,9,8,4,11,1,2,1,0,3,3,33,0
2,4,0,15,6,4,3,1,4,1,0,0,3,39,0
3,4,1,9,8,2,10,0,4,1,0,0,3,39,1
2,2,0,9,8,2,10,0,4,1,0,4,3,39,0
4,6,1,6,2,2,5,0,4,1,0,0,7,39,0
1,4,0,5,2,5,3,1,4,0,0,0,3,39,0
8,2,2,11,5,6,8,1,4,0,0,0,1,39,0
5,4,1,8,6,2,14,0,4,1,0,0,5,39,1
2,7,2,9,8,0,10,1,4,0,0,0,3,39,0
0,7,0,4,1,4,14,1,4,1,0,0,3,39,0
0,4,2,11,5,4,12,3,4,0,0,0,0,26,0
4,4,0,15,6,0,1,1,4,0,0,0,3,39,0
2,0,0,15,6,4,0,3,4,0,0,0,3,39,0
3,5,1,9,8,2,10,0,4,1,0,0,6,39,0
5,4,0,11,5,2,3,0,4,1,0,0,4,39,0
8,5,1,1,4,2,4,0,4,1,0,0,0,39,0
0,4,1,15,6,4,7,1,4,0,0,0,3,39,0
5,7,0,11,5,5,8,1,4,0,0,0,3,39,0
4,4,1,15,6,2,12,0,4,1,0,0,4,39,1
3,4,1,11,5,2,8,0,1,1,0,0,3,3,0
3,4,0,15,6,0,7,1,4,0,0,0,3,39,0
4,4,0,11,5,6,7,1,4,0,0,0,3,39,0
2,4,1,15,6,4,13,1,4,1,0,0,3,39,1
5,6,2,7,7,2,12,0,4,1,0,0,5,39,1
0,4,1,1,4,4,12,1,4,0,0,0,1,39,0
1,6,0,14,9,0,10,1,4,1,9,0,6,39,1
2,6,2,15,6,2,5,0,4,1,0,0,6,39,0
6,4,0,15,6,4,3,1,4,0,0,0,3,39,1
0,4,0,15,6,4,1,4,4,0,0,0,3,39,0
3,2,1,8,6,0,4,4,4,0,0,0,3,39,0
0,0,0,15,6,4,0,3,4,0,0,0,1,39,0
4,6,1,11,5,2,3,0,4,1,0,0,3,39,1
5,4,0,11,5,6,8,4,4,0,0,0,3,39,0
2,2,1,12,8,2,10,0,2,1,0,0,3,39,0
1,4,0,15,6,2,3,0,4,1,0,0,3,39,0
5,4,1,13,0,2,5,0,4,1,0,0,6,39,0
6,6,1,10,9,2,10,0,4,1,1,0,3,39,1
6,2,0,6,2,4,1,2,4,1,0,0,3,39,0
3,4,0,12,8,0,4,4,4,1,0,0,5,39,0
1,4,0,11,5,4,12,1,4,0,0,0,4,39,0
3,4,1,11,5,2,8,0,2,1,0,0,3,39,0
2,4,1,8,6,4,8,3,4,1,0,0,3,39,0
4,2,0,12,8,2,10,0,4,1,1,0,3,39,1
3,6,1,11,5,2,5,0,4,1,0,0,2,39,0
4,4,1,11,5,2,3,0,4,1,0,0,5,39,0
3,4,1,8,6,0,8,1,4,0,0,0,3,39,0
3,4,0,10,9,4,10,1,4,1,9,0,2,39,1
6,0,1,1,4,2,0,0,4,1,0,0,3,39,0
1,4,2,8,6,2,5,0,4,1,0,0,3,39,0
3,4,0,11,5,2,7,0,4,1,0,0,4,39,0
2,4,0,12,8,2,10,0,4,1,0,4,4,39,1
2,1,0,11,5,2,1,0,4,1,0,0,3,39,0
4,1,1,11,5,2,1,0,4,1,0,0,7,39,0
0,4,0,7,7,4,12,3,4,0,0,0,3,39,0
7,0,1,6,2,6,0,4,4,0,0,0,1,39,0
5,0,0,11,5,6,0,1,4,0,0,0,1,39,0
3,4,1,10,9,2,10,0,4,1,0,0,5,39,1
0,4,1,11,5,4,12,3,4,1,0,0,2,39,0
6,4,0,11,5,6,1,1,4,0,0,0,3,39,0
3,4,0,11,5,2,3,0,4,1,0,0,6,39,1
3,4,1,11,5,0,4,1,4,1,0,0,4,39,0
1,4,0,15,6,4,3,3,4,1,0,0,5,39,0
3,5,0,12,8,2,5,0,4,1,0,0,6,39,1
4,5,1,15,6,2,12,0,4,1,0,0,5,39,1
0,4,0,9,8,4,4,3,4,0,0,0,4,39,0
1,4,2,9,8,4,4,1,4,0,0,0,3,39,0
3,4,1,11,5,4,3,1,4,1,0,0,3,39,0
7,0,1,5,2,2,0,0,4,1,0,0,4,39,0
2,4,1,15,6,2,7,0,4,1,0,0,5,39,1
0,4,0,15,6,4,4,1,4,0,0,0,3,39,0
1,4,0,15,6,4,8,3,4,0,0,0,3,39,0
5,4,2,11,5,0,7,1,4,0,0,0,3,39,1
2,6,1,11,5,0,6,3,4,1,0,0,0,39,0
7,4,1,11,5,2,12,0,4,1,0,0,3,39,0
4,4,1,4,1,2,8,0,2,1,0,0,3,23,0
0,4,0,11,5,4,6,3,4,1,0,0,3,39,0
0,4,2,15,6,4,14,3,4,1,0,0,3,39,0
1,4,1,9,8,4,4,1,4,0,0,0,3,39,0
1,4,2,14,9,2,10,0,4,1,0,0,6,39,1
3,4,1,11,5,6,14,4,4,1,0,0,3,39,0
0,4,2,15,6,4,1,3,4,0,0,0,3,39,0
0,4,1,11,5,2,3,0,4,1,0,0,3,39,0
6,4,1,9,8,2,12,0,4,1,1,0,3,20,1
4,4,1,11,5,2,6,0,4,1,0,0,3,39,1
0,2,1,1,4,4,10,3,2,1,0,0,1,39,0
2,4,0,11,5,5,3,4,4,0,0,0,3,39,0
0,4,1,0,3,4,3,3,4,1,0,0,3,39,0
4,4,1,6,2,2,6,0,4,1,0,0,4,39,0
1,4,2,2,4,2,3,0,4,1,0,0,3,39,0
0,0,1,1,4,5,0,4,2,0,0,0,3,39,0
0,4,1,11,5,0,1,1,4,0,0,0,3,39,0
3,4,1,11,5,2,13,0,4,1,0,0,3,29,0
2,4,2,11,5,4,3,3,2,1,0,0,3,39,0
1,4,1,11,5,2,6,0,4,1,0,0,3,39,0
4,4,1,3,0,2,8,0,4,1,0,0,3,39,0
3,5,0,15,6,2,4,0,1,1,0,0,5,3,0
0,4,1,11,5,2,3,0,4,1,0,0,4,39,0
1,4,0,9,8,4,4,3,4,0,0,3,6,39,0
3,4,1,11,5,4,7,3,4,0,0,0,3,29,0
5,4,1,9,8,4,10,1,4,0,0,0,6,2,0
6,4,1,9,8,4,12,1,4,1,0,0,2,39,0
2,4,1,9,8,2,4,0,4,1,0,0,5,39,1
1,4,1,11,5,2,12,0,4,1,0,0,5,39,0
0,4,3,11,5,4,12,2,2,0,0,0,3,39,0
2,7,1,12,8,2,10,0,4,1,0,0,6,39,1
4,1,1,11,5,2,14,0,2,1,0,0,5,39,1
4,4,1,7,7,2,6,0,2,1,1,0,4,39,1
5,4,1,15,6,2,12,0,4,1,0,0,5,39,0
4,4,1,11,5,2,3,0,4,1,0,0,3,22,1
2,4,2,7,7,4,4,4,4,1,0,0,5,39,0
1,4,2,15,6,0,4,3,4,0,0,0,3,39,0
6,6,2,7,7,2,4,5,4,0,2,0,0,39,1
1,4,0,2,4,4,7,3,4,1,0,0,5,39,0
6,6,1,5,2,2,4,0,4,1,0,0,1,39,0
4,5,0,11,5,4,12,2,4,1,0,0,3,0,0
2,4,2,12,8,2,10,0,4,1,0,0,4,39,0
2,6,1,4,1,4,14,1,4,1,0,0,3,39,0
5,4,1,11,5,6,4,4,4,0,0,0,4,39,0
2,4,1,11,5,2,3,0,4,1,0,0,3,39,0
3,1,1,15,6,0,1,1,4,1,0,0,3,39,1
3,4,0,11,5,0,12,1,4,1,0,0,2,39,0
2,4,1,11,5,2,8,0,4,1,0,0,5,39,0
0,4,0,9,8,4,12,1,4,1,0,0,3,39,0
3,4,0,15,6,0,14,1,4,1,0,0,6,39,0
1,0,2,11,5,4,0,4,2,0,0,0,3,39,0
7,4,0,11,5,2,12,0,4,1,0,0,1,39,0
2,4,0,7,7,2,4,0,4,1,0,0,5,39,1
5,4,1,15,6,0,4,2,4,0,0,0,0,39,0
1,4,2,9,8,4,10,1,4,1,0,0,3,39,0
0,7,0,15,6,4,5,3,4,1,0,0,1,39,0
2,4,1,11,5,2,3,0,4,1,0,0,6,39,0
3,4,2,11,5,2,3,0,4,1,0,0,6,39,1
0,4,0,11,5,4,11,1,4,1,0,0,3,39,0
3,4,1,10,9,2,10,0,1,1,0,0,4,3,1
0,4,0,1,4,4,8,3,2,1,0,0,1,14,0
0,7,0,15,6,2,8,0,1,1,0,0,2,0,0
1,4,0,11,5,2,5,0,4,1,0,0,3,39,0
5,4,1,11,5,5,8,1,4,0,0,0,2,39,0
1,4,1,9,8,4,1,3,4,1,0,0,2,39,0
5,1,1,15,6,2,13,0,4,1,0,0,3,39,1
2,2,1,11,5,0,11,4,4,1,0,0,3,39,0
3,4,0,11,5,0,7,1,4,1,0,4,4,39,0
0,4,2,11,5,4,1,1,4,0,0,0,2,39,0
7,4,0,1,4,2,7,0,4,1,0,0,1,39,0
4,2,0,11,5,6,11,1,2,1,0,0,3,39,0
2,4,1,9,8,2,4,0,4,1,0,4,5,39,1
0,0,1,15,6,4,0,3,4,1,0,0,7,39,0
4,2,1,12,8,4,10,1,4,1,0,0,3,39,1
0,4,1,15,6,4,3,3,4,1,0,0,3,39,0
3,4,1,11,5,5,8,1,4,0,0,0,3,8,0
4,4,0,11,5,2,12,0,4,1,0,0,3,39,0
4,1,0,11,5,0,1,1,4,0,0,0,3,39,0
3,1,2,10,9,4,10,1,4,0,0,0,5,39,1
5,4,1,11,5,6,8,4,4,0,0,0,3,39,0
6,5,1,10,9,2,10,0,4,1,0,0,6,2,1
3,4,0,11,5,2,3,0,4,1,0,4,3,39,1
5,4,0,11,5,0,12,1,4,1,0,0,3,39,0
0,4,1,15,6,4,12,3,4,1,0,0,4,39,0
4,4,2,11,5,2,1,0,4,1,0,0,4,39,1
1,4,1,9,8,2,12,0,4,1,0,0,5,39,0
2,6,0,11,5,0,3,1,4,1,0,0,5,39,0
1,4,1,11,5,4,8,3,4,1,0,0,1,39,0
4,6,1,10,9,2,10,0,4,1,0,4,6,39,1
3,4,0,11,5,4,8,4,2,0,0,0,3,39,0
0,4,1,11,5,4,11,3,4,1,0,0,3,39,0
0,4,1,15,6,4,8,3,4,0,0,0,3,39,0
0,4,1,0,3,4,12,1,4,0,0,0,1,39,0
2,4,1,9,8,4,10,1,4,0,0,0,3,39,0
5,0,0,5,2,6,0,4,4,0,0,0,1,39,0
3,4,0,2,4,2,3,0,4,1,0,0,5,39,1
4,4,1,9,8,3,4,1,4,0,0,0,5,39,1
0,6,0,15,6,4,5,3,4,1,0,0,1,39,0
1,4,1,9,8,2,10,0,4,1,0,0,3,39,1
5,4,0,12,8,2,10,0,4,1,1,0,5,0,1
3,4,0,9,8,4,10,1,4,1,0,0,3,39,1
4,7,0,15,6,2,5,0,4,1,0,0,5,39,0
0,4,0,15,6,4,5,3,4,1,0,0,6,39,0
2,4,0,11,5,2,3,0,4,1,0,0,4,39,0
1,4,1,11,5,0,7,2,4,1,0,0,3,39,0
4,4,0,10,9,2,10,0,3,1,0,0,5,39,1
6,1,2,9,8,0,1,1,2,0,0,0,3,39,0
1,4,2,12,8,2,4,0,4,1,1,0,6,39,1
2,4,1,11,5,2,3,0,4,1,0,0,5,39,1
0,4,0,15,6,4,12,3,4,1,0,0,2,39,0
5,4,1,1,4,2,7,0,4,1,0,0,3,39,0
3,4,1,7,7,0,12,4,4,0,0,0,3,39,0
1,4,1,9,8,4,4,1,4,1,0,0,7,39,1
4,4,1,1,4,5,6,4,4,1,0,0,3,39,0
4,4,0,15,6,2,10,0,4,1,0,0,3,11,1
2,4,0,8,6,0,4,1,4,0,0,0,5,39,0
3,4,1,8,6,0,8,4,4,0,0,0,3,39,0
3,4,1,7,7,2,11,0,2,1,0,0,6,39,0
1,0,3,11,5,2,0,0,4,1,0,0,2,26,0
3,1,1,14,9,2,10,0,4,1,0,0,5,19,1
0,4,1,9,8,4,4,1,4,0,0,0,3,39,0
1,2,0,15,6,4,11,1,4,1,0,5,3,39,1
2,4,1,9,8,2,13,0,4,1,0,4,3,39,1
2,4,1,7,7,2,10,0,4,1,0,0,3,39,1
0,4,0,11,5,4,6,3,4,1,0,0,2,39,0
6,0,1,11,5,2,0,0,4,1,0,0,3,39,1
2,4,0,11,5,0,10,3,4,0,0,0,3,39,0
5,2,0,5,2,4,8,4,2,0,0,0,3,39,0
2,4,0,7,7,4,12,1,3,1,0,0,3,39,0
4,4,0,11,5,0,6,1,4,1,0,0,3,39,0
1,4,1,11,5,2,14,0,4,1,0,0,6,39,0
1,4,1,15,6,4,4,1,4,0,0,0,5,39,0
2,4,1,12,8,2,4,0,2,1,0,4,3,39,1
3,4,1,2,4,2,11,0,2,1,0,0,3,0,0
0,4,0,15,6,4,1,3,1,0,0,0,3,40,0
0,4,0,15,6,2,7,0,0,1,0,0,2,39,0
3,4,0,12,8,0,4,4,4,0,0,0,3,39,0
3,6,1,15,6,0,4,1,4,1,0,0,5,39,0
0,4,0,0,3,4,6,1,4,1,0,0,3,39,0
2,4,1,9,8,2,4,0,4,1,0,0,3,39,1
1,4,0,15,6,2,8,5,4,0,0,0,6,39,0
5,2,1,6,2,0,8,1,4,0,0,0,3,39,0
0,4,0,11,5,4,7,1,2,1,0,0,3,0,0
3,4,1,15,6,4,7,1,4,0,0,0,4,39,0
0,4,4,15,6,4,1,3,2,0,0,0,2,39,0
4,4,1,11,5,2,3,0,4,1,0,0,4,39,1
3,4,0,11,5,3,1,3,4,0,0,0,3,39,0
7,6,0,12,8,3,10,1,4,0,0,0,5,39,0
0,4,0,11,5,4,6,3,4,0,0,0,2,39,0
1,4,1,9,8,4,13,1,4,1,0,0,3,39,0
1,2,1,8,6,2,10,5,4,0,0,0,3,39,1
2,2,0,9,8,2,10,0,4,1,0,0,5,39,0
2,5,1,11,5,2,8,5,4,0,0,0,1,31,0
1,4,0,11,5,4,1,3,1,0,0,0,3,39,0
3,4,1,7,7,5,10,1,4,0,0,0,2,39,0
0,4,1,11,5,4,8,3,4,0,0,0,1,39,0
0,4,1,15,6,4,1,3,4,0,0,0,1,39,0
4,4,0,9,8,0,6,1,4,1,0,3,5,39,1
1,6,0,15,6,4,8,1,4,0,0,0,2,39,0
0,0,1,15,6,4,0,3,4,0,0,0,2,39,0
3,2,1,5,2,2,3,0,2,1,0,4,3,0,1
0,6,0,11,5,2,3,0,4,1,0,0,3,39,0
4,4,0,11,5,0,4,4,4,0,0,0,4,39,0
2,1,0,11,5,4,1,1,4,1,0,0,3,39,0
4,4,1,11,5,2,1,0,4,1,0,0,3,39,0
4,4,0,15,6,2,13,0,4,1,0,0,3,39,1
5,4,0,12,8,0,4,4,4,1,0,0,3,39,1
5,1,1,15,6,0,1,4,2,0,0,0,3,39,0
4,4,1,15,6,0,3,1,4,0,0,0,3,39,0
5,5,0,15,6,2,12,0,4,1,0,0,5,39,1
0,0,1,5,2,4,0,3,4,1,0,0,3,39,0
2,4,1,15,6,2,3,0,4,1,0,0,3,39,0
0,4,0,11,5,4,3,3,4,1,0,0,1,39,0
5,6,2,15,6,2,4,0,2,1,0,0,2,39,0
2,4,2,7,7,4,11,1,4,1,0,0,3,39,0
6,5,0,6,2,2,4,0,4,1,0,0,0,0,0
1,4,1,9,8,2,12,0,4,1,0,0,5,39,0
4,4,0,15,6,0,4,1,4,1,1,0,4,39,1
3,4,0,9,8,5,13,4,4,0,0,0,3,39,0
2,4,1,15,6,2,3,0,4,1,0,0,5,39,0
0,4,0,15,6,4,1,3,4,0,0,0,1,39,0
3,4,1,15,6,0,3,1,4,1,0,0,4,39,0
3,4,0,11,5,2,1,0,4,1,0,0,5,39,1
3,4,2,7,7,4,1,1,4,1,0,0,3,39,0
1,5,0,8,6,0,12,1,4,1,0,0,3,39,0
2,4,1,9,8,3,3,1,2,1,0,0,3,6,0
4,4,1,15,6,2,3,0,4,1,0,0,3,39,1
0,0,0,15,6,4,0,1,4,1,0,0,3,39,0
3,7,0,14,9,4,10,1,4,0,0,3,5,39,1
4,4,0,12,8,2,10,0,4,1,1,0,4,39,1
0,4,1,11,5,4,7,3,4,1,0,0,3,39,0
2,1,1,15,6,2,1,0,4,1,0,0,4,39,1
5,6,1,3,0,2,14,0,4,1,0,5,1,39,0
4,4,1,15,6,2,10,0,4,1,0,0,3,39,1
1,4,1,9,8,4,10,3,4,0,0,0,3,39,0
4,4,0,11,5,5,1,1,4,0,0,4,3,39,0
3,2,1,11,5,2,4,0,4,1,0,0,3,39,1
2,4,1,15,6,2,12,2,1,0,0,0,3,12,0
0,7,1,15,6,4,8,3,4,0,0,0,0,39,0
2,4,0,11,5,2,12,0,4,1,0,0,7,39,0
5,4,0,11,5,2,8,0,4,1,0,0,2,39,0
1,4,0,15,6,2,3,0,4,1,0,4,3,39,0
3,4,1,15,6,2,7,0,4,1,0,0,3,39,0
2,6,0,6,2,2,14,0,4,1,0,0,7,39,1
2,4,0,1,4,2,3,0,4,1,0,0,3,39,1
2,4,0,1,4,0,14,4,4,1,0,2,6,39,0
2,2,1,9,8,2,1,0,4,1,0,0,3,39,0
4,4,0,9,8,0,10,4,4,0,0,4,3,39,1
4,4,0,11,5,0,1,2,4,0,0,0,3,39,0
0,4,0,15,6,4,12,3,4,0,0,0,2,39,0
0,4,1,8,6,4,8,3,4,0,0,0,1,39,0
0,4,1,11,5,4,1,3,2,0,0,0,3,23,0
0,4,1,15,6,4,6,3,4,0,0,0,3,39,0
0,0,2,0,3,4,0,3,4,0,0,0,0,39,0
2,2,0,11,5,4,8,1,4,1,0,0,3,39,0
3,4,0,9,8,2,4,0,4,1,0,4,3,39,1
2,4,1,11,5,0,1,1,4,0,0,0,4,39,0
6,4,1,11,5,2,14,0,4,1,0,0,4,39,1
0,4,1,15,6,4,8,1,4,0,0,0,3,39,0
5,0,2,12,8,2,0,0,4,1,0,0,5,39,1
2,6,0,8,6,4,5,3,4,1,0,0,6,39,0
0,0,0,15,6,4,0,3,4,0,0,0,3,39,0
2,4,1,11,5,0,1,4,4,0,0,0,4,39,0
0,6,0,1,4,4,12,3,4,0,0,0,3,39,0
0,4,1,11,5,4,14,1,4,1,0,0,3,39,0
0,4,6,11,5,4,4,1,2,1,0,0,4,39,0
3,4,1,15,6,0,1,4,2,0,0,0,3,38,0
0,4,0,9,8,4,12,1,4,0,0,0,3,39,0
3,2,0,15,6,2,11,0,4,1,0,0,4,39,1
3,4,0,11,5,2,3,0,4,1,0,0,3,39,1
3,4,1,15,6,2,13,5,4,0,0,0,3,39,1
3,4,1,9,8,2,10,5,4,0,0,0,1,5,1
0,0,1,15,6,4,0,3,4,1,0,0,1,39,0
0,4,2,11,5,4,8,3,4,0,0,0,1,39,0
5,2,2,11,5,2,1,5,4,0,0,0,3,39,1
2,4,0,8,6,0,1,4,4,0,0,0,3,39,0
3,4,0,11,5,2,3,0,4,1,0,0,3,39,1
3,4,0,11,5,2,3,0,4,1,0,0,3,39,0
3,4,1,9,8,2,10,0,4,1,0,0,3,39,0
0,4,0,11,5,4,1,3,4,0,0,0,3,39,0
5,2,1,12,8,2,10,0,4,1,0,4,3,39,1
4,7,0,11,5,2,1,5,4,0,0,0,3,39,0
2,4,1,9,8,2,12,0,4,1,0,0,6,39,1
1,4,1,15,6,0,12,4,0,0,0,0,3,39,0
2,4,2,11,5,4,7,3,1,1,0,0,3,3,0
1,4,1,15,6,4,4,3,4,1,0,0,4,39,0
0,4,0,9,8,4,8,3,2,0,0,0,2,39,0
3,4,0,7,7,0,1,4,4,0,0,0,3,39,0
1,4,0,8,6,2,10,5,4,0,0,0,3,39,1
1,0,0,15,6,0,0,4,4,0,0,0,0,39,0
0,4,0,1,4,4,12,3,4,0,0,0,1,19,0
1,4,1,11,5,2,7,0,4,1,0,0,5,39,0
3,4,1,15,6,2,12,0,4,1,0,0,3,39,1
0,4,1,15,6,4,8,3,4,0,0,0,3,39,0
0,4,3,15,6,4,4,3,3,1,0,0,2,29,0
2,4,0,1,4,2,7,3,4,0,0,0,3,39,0
2,4,0,15,6,4,1,1,4,0,0,0,5,39,0
1,4,1,15,6,2,3,0,4,1,0,0,3,39,0
2,7,2,10,9,2,10,5,4,0,0,0,3,39,1
1,4,0,14,9,4,10,1,4,1,0,0,5,39,0
4,4,1,11,5,2,7,0,4,1,0,0,3,39,0
1,0,2,11,5,5,0,4,2,0,0,0,1,39,0
1,6,0,15,6,5,3,1,4,1,0,0,2,39,0
2,6,1,9,8,2,5,0,4,1,0,0,4,39,0
3,4,0,11,5,3,1,4,4,0,0,0,3,39,0
1,4,0,11,5,2,3,0,4,1,0,0,5,39,0
1,4,1,11,5,3,1,4,4,0,0,0,3,23,0
1,4,1,15,6,2,3,0,4,1,0,0,6,39,1
2,4,3,2,4,2,1,5,4,0,0,0,3,39,0
2,4,1,11,5,2,4,0,4,1,0,0,3,39,0
0,4,1,11,5,4,6,1,4,1,0,0,3,39,0
4,5,0,9,8,2,12,0,1,1,0,0,6,35,1
4,4,0,11,5,2,3,0,4,1,0,0,3,39,1
0,4,1,15,6,4,12,3,4,1,0,0,3,39,0
7,4,0,13,0,4,9,1,1,0,0,0,4,30,0
1,4,1,0,3,4,3,1,4,1,0,0,5,33,0
6,5,1,15,6,6,12,1,4,0,0,0,1,39,0
1,4,0,11,5,2,3,0,4,1,0,0,3,11,0
2,4,2,15,6,4,12,1,4,1,0,0,3,39,0
2,5,0,7,7,5,4,4,4,1,0,0,5,39,0
3,4,0,3,0,2,8,5,1,0,0,0,3,40,0
0,4,0,9,8,4,4,3,4,0,0,0,3,39,0
7,6,0,15,6,2,5,0,4,1,0,0,7,39,0
4,4,1,11,5,4,6,3,4,0,0,0,3,39,0
2,4,1,1,4,2,7,0,4,1,0,0,3,39,0
3,2,1,12,8,2,10,0,4,1,0,0,3,39,0
3,4,2,15,6,2,3,0,2,1,0,0,3,39,1
5,0,2,15,6,2,0,0,1,1,0,0,6,39,1
0,4,2,5,2,2,6,3,4,1,0,0,4,26,0
1,2,1,8,6,2,11,0,2,1,0,0,4,39,0
5,6,0,15,6,2,5,0,4,1,0,3,6,39,0
5,4,0,11,5,0,7,1,4,0,0,0,3,39,0
1,4,1,8,6,4,1,3,4,0,0,0,3,39,0
3,6,1,0,3,2,3,0,4,1,0,0,6,39,0
0,4,1,15,6,4,1,3,4,1,0,0,1,39,0
0,4,1,11,5,4,6,3,4,1,0,0,3,39,0
7,4,1,0,3,2,7,0,4,1,0,0,5,39,0
4,4,1,11,5,0,1,1,4,0,0,0,3,39,0
3,2,0,15,6,0,1,4,4,0,0,0,3,39,0
0,7,1,15,6,4,10,3,4,1,0,0,3,39,0
5,2,0,12,8,4,10,1,4,1,0,0,3,39,0
3,4,1,14,9,2,4,0,4,1,0,0,3,39,1
0,4,0,8,6,4,3,3,4,1,0,0,5,39,0
2,4,1,9,8,2,4,0,4,1,0,0,5,39,1
4,6,0,15,6,2,5,0,4,1,0,0,3,39,1
4,4,2,10,9,2,4,0,4,1,1,0,8,39,1
0,1,2,11,5,4,1,2,4,1,0,0,1,39,0
4,4,1,15,6,0,4,1,4,1,0,0,5,39,1
1,4,1,15,6,2,4,5,4,0,0,0,2,39,0
1,4,0,11,5,3,8,1,1,0,0,0,3,30,0
3,4,1,11,5,0,3,1,1,0,0,0,3,24,0
6,0,1,15,6,2,0,0,4,1,0,0,3,39,0
5,4,0,15,6,2,12,0,4,1,0,0,3,39,1
4,4,0,9,8,2,4,0,4,1,0,4,5,39,1
2,4,0,11,5,0,14,1,4,1,0,0,5,39,0
2,4,1,0,3,0,3,1,4,1,0,0,3,9,0
0,4,1,11,5,4,1,3,4,0,0,0,3,39,0
0,0,0,0,3,4,0,2,4,1,0,0,0,39,0
2,4,2,15,6,4,4,1,2,1,0,0,3,39,0
1,7,0,15,6,4,1,1,4,0,0,0,3,39,0
0,4,2,11,5,4,4,1,4,1,0,0,3,39,0
3,6,2,12,8,4,4,1,4,0,0,0,3,39,0
6,2,0,11,5,2,8,0,1,1,0,0,3,39,1
1,4,2,7,7,0,12,4,4,0,0,2,4,39,0
0,4,0,2,4,4,12,3,4,0,0,0,2,39,0
0,7,0,15,6,4,8,3,4,1,0,0,0,39,0
2,4,0,1,4,4,14,1,2,1,0,0,6,39,0
4,4,0,8,6,2,13,0,4,1,0,0,3,39,1
0,4,1,1,4,4,6,3,4,1,0,0,2,39,0
4,2,0,9,8,2,10,5,4,0,0,0,2,39,1
3,2,0,11,5,0,11,4,4,0,0,0,5,39,0
1,4,1,11,5,4,11,2,2,1,0,0,3,39,0
0,4,1,11,5,4,7,4,4,0,0,0,3,39,0
4,4,0,11,5,0,10,1,4,0,0,0,3,39,0
5,6,0,11,5,2,5,0,4,1,0,0,2,39,0
3,2,0,14,9,5,10,4,4,0,0,0,3,39,0
2,4,1,15,6,2,10,0,2,1,0,0,5,39,0
2,4,2,3,0,3,3,1,4,1,0,0,3,26,0
6,4,1,11,5,0,4,1,4,0,0,0,3,39,0
3,4,1,12,8,3,4,1,4,1,0,0,7,39,1
8,0,0,8,6,0,0,4,4,0,0,0,0,0,0
2,4,0,5,2,2,7,5,4,0,0,0,5,2,1
3,4,1,15,6,2,11,0,3,1,0,0,3,39,0
0,0,0,11,5,4,0,3,4,1,0,0,3,39,0
3,4,0,12,8,2,10,0,4,1,0,0,5,39,1
4,4,1,8,6,2,1,0,4,1,0,0,3,39,0
2,4,1,9,8,2,10,0,4,1,0,0,3,39,1
3,4,0,15,6,2,3,0,4,1,0,0,3,39,0
2,7,0,12,8,0,10,4,4,1,0,0,2,39,0
3,4,1,11,5,2,7,0,2,1,0,0,3,39,0
6,4,0,10,9,2,10,0,4,1,0,0,6,39,1
5,1,1,11,5,2,14,0,0,1,0,0,3,39,0
3,4,0,15,6,0,3,1,4,1,2,0,5,39,1
0,4,1,8,6,4,1,3,1,0,0,0,3,30,0
1,4,0,15,6,4,8,1,2,1,0,0,3,39,0
1,4,0,1,4,2,14,0,4,1,0,0,6,39,0
4,2,1,11,5,0,3,1,3,1,0,0,3,0,1
1,4,0,11,5,4,8,3,4,1,0,0,2,39,0
0,4,0,11,5,4,7,2,4,0,0,0,3,39,0
3,4,0,7,7,2,3,0,4,1,0,3,5,39,0
3,4,0,9,8,2,13,0,4,1,0,0,3,39,1
5,4,1,11,5,2,4,0,4,1,9,0,3,39,1
4,4,1,14,9,0,1,1,4,1,0,0,3,39,0
2,4,0,0,3,0,8,4,4,0,0,0,4,39,0
5,5,0,2,4,6,4,1,4,0,0,0,3,39,0
0,4,0,1,4,2,7,0,4,1,0,0,6,39,0
2,4,0,2,4,2,6,0,4,1,0,0,3,39,0
4,4,1,12,8,2,12,0,4,1,1,0,3,39,1
2,2,0,11,5,0,11,4,4,1,0,0,3,32,0
0,4,3,15,6,4,10,1,4,0,0,0,4,39,0
3,0,1,12,8,2,0,5,4,0,0,0,0,39,0
1,4,1,11,5,2,7,5,0,0,0,0,3,39,0
1,4,3,15,6,2,7,0,4,1,0,0,2,39,0
0,0,0,15,6,4,0,3,4,1,0,0,3,39,0
1,0,1,11,5,2,0,5,4,0,0,0,1,39,0
3,4,0,11,5,0,12,1,4,1,0,0,4,39,0
3,4,3,11,5,0,1,1,4,0,0,0,3,39,0
3,2,0,12,8,0,10,4,4,0,0,0,3,39,0
0,4,0,1,4,4,6,3,4,1,0,0,2,39,0
2,4,0,11,5,2,3,0,4,1,0,0,6,39,0
1,4,0,11,5,4,1,4,2,1,0,0,3,39,0
2,4,1,11,5,5,12,1,4,0,0,0,4,39,0
3,2,1,15,6,2,3,0,4,1,0,4,3,26,1
8,0,0,14,9,2,0,0,4,1,1,0,0,39,1
2,4,1,15,6,0,8,4,4,0,0,0,3,39,0
4,4,1,5,2,2,4,5,4,0,0,0,5,39,0
4,4,1,11,5,2,6,0,4,1,0,0,4,39,0
4,4,1,11,5,2,3,0,4,1,0,0,3,39,0
1,4,0,11,5,4,8,1,2,0,0,0,3,39,0
8,4,0,15,6,0,1,1,4,0,0,0,1,39,0
1,4,2,9,8,4,8,1,2,0,0,0,2,23,0
1,0,1,8,6,2,0,3,4,0,0,0,3,39,0
2,0,1,11,5,5,0,1,4,0,0,0,2,39,0
1,4,1,15,6,4,4,1,4,1,0,0,5,39,0
4,6,0,9,8,2,3,0,4,1,0,0,5,39,0
3,4,1,14,9,2,10,5,4,0,1,0,2,39,1
4,6,1,15,6,2,5,0,4,1,0,0,2,39,0
0,0,2,1,4,4,0,3,2,1,0,0,3,39,0
1,4,1,8,6,4,13,1,2,0,0,0,3,39,0
5,4,0,12,8,2,10,0,4,1,0,0,6,39,0
3,4,0,5,2,5,8,4,4,0,0,0,3,29,0
9,0,0,4,1,2,0,0,4,1,0,0,1,39,0
3,7,1,11,5,4,11,1,4,1,0,0,3,39,1
1,4,0,11,5,2,7,5,4,0,0,0,3,39,1
1,4,1,11,5,2,11,0,4,1,0,0,3,39,0
1,4,1,15,6,4,12,3,1,1,0,0,3,39,0
5,4,0,5,2,2,14,0,4,1,0,0,5,39,0
3,4,1,15,6,0,6,1,4,1,0,0,2,39,0
6,0,1,12,8,2,0,0,4,1,0,0,5,39,0
4,7,1,15,6,0,1,3,4,1,0,0,3,39,0
0,4,0,15,6,4,12,3,4,0,0,0,2,39,0
1,0,0,15,6,4,0,1,0,0,0,0,1,39,0
2,2,1,11,5,2,14,0,4,1,0,0,4,39,0
0,4,1,11,5,4,3,3,4,1,0,0,3,39,0
2,4,1,1,4,2,3,0,4,1,0,0,3,39,1
5,4,1,11,5,0,4,1,4,0,0,0,3,39,0
1,4,1,11,5,4,12,1,2,1,0,0,3,39,0
4,4,1,9,8,0,10,1,4,1,1,0,5,39,1
2,0,0,15,6,0,0,3,4,0,0,0,3,39,0
3,4,1,5,2,2,7,0,3,1,0,0,3,27,0
2,4,0,8,6,0,8,4,2,0,0,0,3,39,0
4,7,1,9,8,2,4,0,4,1,0,0,3,39,1
2,4,0,11,5,2,3,0,4,1,0,0,5,39,1
2,4,0,11,5,0,3,4,4,1,0,0,4,39,0
2,4,0,11,5,0,4,1,4,0,0,0,4,39,0
0,0,1,15,6,4,0,3,4,1,0,0,2,39,0
0,4,0,7,7,4,8,3,4,0,0,0,0,39,0
0,4,0,11,5,3,8,3,2,1,0,0,3,23,0
5,5,0,8,6,2,4,0,4,1,1,0,3,39,1
6,4,0,0,3,2,7,0,4,1,0,0,3,39,0
4,4,1,8,6,4,1,4,4,1,0,0,3,39,0
1,4,0,11,5,4,8,1,4,1,0,0,6,39,0
3,4,1,4,1,2,7,0,4,1,0,0,3,26,0
1,4,1,0,3,4,8,3,4,1,0,0,3,39,0
0,4,0,15,6,4,8,3,4,0,0,0,2,39,0
5,5,2,12,8,2,12,0,4,1,9,0,3,39,1
0,4,0,15,6,4,12,3,1,1,0,0,2,19,0
6,4,0,11,5,6,12,1,4,0,0,0,2,39,0
0,4,1,9,8,4,4,1,4,1,0,0,3,39,0
1,4,2,15,6,4,1,2,1,1,0,0,3,19,0
0,4,2,0,3,4,8,1,4,0,0,0,3,39,0
1,4,1,9,8,5,13,3,4,1,0,0,5,39,0
2,5,1,9,8,2,12,3,4,1,0,0,5,39,1
5,0,1,11,5,2,0,0,4,1,0,0,6,39,0
3,4,0,9,8,0,12,3,4,1,0,0,8,39,0
1,4,0,6,2,4,6,3,2,1,0,0,3,39,0
0,4,1,15,6,4,12,3,4,0,0,0,1,39,0
3,4,0,11,5,0,8,4,4,0,0,0,8,39,0
5,2,1,6,2,2,8,0,4,1,0,0,3,39,0
3,4,1,9,8,4,1,1,4,0,0,0,3,39,0
3,4,0,15,6,2,4,0,4,1,0,0,3,39,1
4,4,0,2,4,0,7,1,4,0,0,0,3,39,0
0,4,0,11,5,4,6,3,4,1,0,0,5,39,0
0,4,1,15,6,4,8,3,4,0,0,0,3,39,0
3,4,1,15,6,2,7,0,4,1,0,0,3,39,1
3,4,0,1,4,2,8,5,4,0,0,0,3,39,0
0,4,1,13,0,4,5,1,4,1,0,0,5,26,0
0,6,1,15,6,4,10,3,4,1,0,0,0,39,0
5,4,0,11,5,2,4,0,4,1,0,0,3,39,1
0,4,1,15,6,3,12,3,4,0,0,3,3,39,0
4,1,0,9,8,5,1,4,2,0,0,0,3,39,0
1,4,1,5,2,4,7,1,3,0,0,0,3,26,0
2,4,1,11,5,2,14,0,4,1,0,0,3,39,0
1,4,1,15,6,4,1,1,4,0,0,0,3,39,0
1,4,0,2,4,4,3,3,4,1,0,0,3,39,0
1,2,2,11,5,5,14,3,4,1,0,0,4,39,0
6,0,0,11,5,2,0,0,4,1,0,0,2,39,0
3,4,0,12,8,2,4,0,4,1,0,0,3,39,1
0,5,0,15,6,2,3,0,4,1,0,0,3,39,0
1,4,1,9,8,4,1,3,4,0,0,0,3,39,0
0,0,1,6,2,4,0,3,4,0,0,0,2,26,0
4,2,0,12,8,2,10,5,4,0,0,0,3,39,1
3,4,1,10,9,2,4,0,4,1,1,0,6,39,1
0,4,0,7,7,4,6,3,4,1,0,0,2,39,0
3,4,0,9,8,2,1,0,4,1,0,0,3,39,1
4,4,1,11,5,2,7,0,3,1,0,0,3,4,0
5,4,4,2,4,6,8,4,2,0,0,0,3,39,0
7,4,3,15,6,6,1,1,4,0,0,0,2,39,0
2,5,1,9,8,2,10,0,4,1,0,0,4,39,0
3,4,1,7,7,2,8,0,4,1,0,0,3,39,0
0,4,1,11,5,4,11,3,0,1,0,0,3,39,0
0,4,0,15,6,4,12,2,4,1,0,0,3,39,0
6,5,1,9,8,0,12,1,4,1,9,0,3,39,1
0,4,1,11,5,4,4,1,4,0,0,0,3,39,0
4,4,1,11,5,2,7,0,4,1,0,0,5,39,0
6,5,0,12,8,2,10,0,1,1,0,0,3,35,0
2,4,1,1,4,4,3,3,4,1,0,0,3,39,0
4,5,1,14,9,2,4,0,4,1,0,0,3,39,0
6,4,1,15,6,0,1,4,4,0,0,0,3,39,0
4,5,2,15,6,2,4,0,4,1,1,0,5,39,1
0,4,1,15,6,4,1,1,2,0,0,0,3,39,0
1,4,1,15,6,2,14,0,4,1,0,0,3,8,0
1,2,0,12,8,4,10,1,4,0,0,0,3,39,0
0,4,0,11,5,4,8,3,4,1,0,0,5,39,0
3,1,0,15,6,0,1,1,4,0,0,0,3,39,0
6,5,0,2,4,2,4,0,4,1,0,0,1,39,0
1,4,1,9,8,2,10,0,4,1,0,0,3,39,0
3,4,1,15,6,0,4,2,2,0,0,0,5,39,0
4,1,0,15,6,6,8,4,2,0,0,0,3,39,0
3,4,0,15,6,4,6,3,1,0,0,0,3,39,0
1,4,0,9,8,4,10,2,4,0,0,0,3,39,0
2,4,1,15,6,2,4,0,4,1,0,0,5,39,0
3,1,2,14,9,2,10,0,4,1,0,0,3,39,1
3,6,1,11,5,2,14,0,4,1,0,0,5,39,0
3,2,1,9,8,2,3,0,4,1,0,0,3,39,0
1,6,2,14,9,4,10,1,4,1,0,0,3,39,0
3,4,1,11,5,2,12,0,4,1,0,0,8,39,1
1,4,1,5,2,2,7,0,3,1,0,0,3,39,0
1,2,0,9,8,2,10,0,4,1,0,0,8,39,0
2,4,0,9,8,4,10,1,4,0,0,0,3,39,0
4,4,0,11,5,5,14,1,4,1,0,0,2,39,0
4,4,0,11,5,2,10,0,4,1,0,0,3,39,0
2,6,0,15,6,0,8,1,4,0,0,0,3,39,0
0,4,1,11,5,5,7,3,2,0,0,0,3,39,0
0,4,0,15,6,4,8,3,1,1,0,0,1,39,0
0,4,2,1,4,4,12,3,4,0,0,0,0,26,0
1,4,0,8,6,4,1,3,4,0,0,0,3,39,0
2,4,0,11,5,2,11,0,4,1,0,0,1,39,0
1,4,2,11,5,4,6,3,4,1,0,0,3,39,0
0,4,0,15,6,2,14,0,4,1,0,0,6,39,1
2,4,1,9,8,2,12,0,4,1,0,0,6,39,1
3,4,0,9,8,2,10,0,4,1,0,0,3,39,1
2,5,0,11,5,4,14,1,4,1,0,0,6,39,0
0,4,2,11,5,4,8,4,4,1,0,0,3,26,0
1,4,1,9,8,2,1,0,4,1,0,0,3,39,0
1,4,2,11,5,4,8,4,2,1,0,0,1,39,0
2,2,1,11,5,4,8,3,4,1,0,0,3,39,0
2,4,0,11,5,2,3,0,4,1,0,0,3,39,0
2,4,2,12,8,2,10,0,4,1,1,0,4,39,1
0,4,0,15,6,4,8,3,4,0,0,0,3,39,0
1,2,1,15,6,2,14,0,4,1,0,0,3,39,0
5,6,2,9,8,2,5,0,4,1,0,0,2,39,0
5,4,1,11,5,0,13,4,4,0,0,0,3,39,0
4,4,0,9,8,2,10,0,4,1,0,4,3,39,1
2,4,0,11,5,2,8,5,4,0,0,0,3,39,1
4,6,0,0,3,2,3,0,4,1,0,0,5,39,1
5,4,1,11,5,2,12,0,4,1,0,0,4,39,0
0,0,1,2,4,4,0,3,4,1,0,0,2,39,0
6,4,0,11,5,2,8,0,2,1,0,0,3,39,0
3,4,1,2,4,0,1,4,4,0,0,0,3,39,0
4,1,0,11,5,4,1,1,2,1,0,0,3,39,0
1,2,2,9,8,4,10,1,4,0,0,0,3,39,0
2,4,1,9,8,2,12,0,4,1,0,0,7,39,1
3,4,0,9,8,4,10,1,4,0,0,0,4,39,0
3,1,0,9,8,2,13,0,4,1,0,0,3,39,1
1,6,1,15,6,0,3,1,4,1,0,0,5,39,0
2,4,1,12,8,4,10,1,2,1,0,0,5,39,0
3,5,1,14,9,2,10,0,2,1,0,0,9,39,1
2,4,1,8,6,0,13,4,4,0,0,0,5,39,0
3,4,2,11,5,6,3,1,4,0,0,0,3,39,0
2,4,1,11,5,4,13,3,1,1,1,0,3,3,1
4,4,1,1,4,2,7,0,4,1,0,0,3,39,0
2,4,1,15,6,2,3,0,4,1,0,0,3,39,0
0,4,0,11,5,4,6,3,0,1,0,0,3,39,0
2,4,2,1,4,0,6,1,4,1,0,0,4,39,0
2,4,0,11,5,4,8,2,0,0,0,0,3,39,0
1,7,0,12,8,2,10,5,4,0,0,0,5,39,1
4,4,0,11,5,2,3,0,4,1,0,0,3,39,0
1,4,0,15,6,4,1,4,3,1,0,0,3,39,0
2,4,1,15,6,2,4,0,4,1,0,0,3,39,1
2,4,1,11,5,2,14,0,4,1,0,0,5,39,1
1,6,1,11,5,2,3,0,4,1,0,0,3,39,0
1,4,1,11,5,4,14,3,4,1,0,0,3,39,0
2,4,0,11,5,2,4,0,4,1,0,0,3,39,0
1,4,3,3,0,2,5,0,4,1,0,0,4,26,0
1,1,1,15,6,2,11,0,4,1,0,0,6,39,0
1,4,1,9,8,4,12,4,2,1,0,0,3,39,0
4,4,0,11,5,0,3,4,4,0,0,0,3,39,0
1,4,1,0,3,3,3,4,4,1,0,0,3,26,0
1,4,2,6,2,2,7,0,4,1,0,0,3,26,0
1,7,0,9,8,0,10,1,4,1,0,0,3,39,0
2,4,1,9,8,2,12,0,4,1,0,0,5,31,0
0,4,1,15,6,4,1,3,4,0,0,0,2,0,0
0,4,0,9,8,2,10,2,1,0,0,0,3,30,0
3,1,1,9,8,0,10,4,4,0,0,0,6,39,0
7,8,0,11,5,2,8,0,4,1,0,0,5,39,0
3,0,1,12,8,2,0,0,4,1,0,0,3,39,0
4,4,1,8,6,5,10,4,4,0,0,0,3,39,0
4,4,0,11,5,0,7,3,4,1,0,0,3,39,0
0,4,0,15,6,4,1,3,2,1,0,0,1,39,0
0,4,1,11,5,4,6,2,3,0,0,0,6,13,0
3,7,1,12,8,2,10,5,4,0,1,0,3,39,1
3,4,0,15,6,2,14,0,4,1,0,0,4,39,0
0,4,1,15,6,4,12,3,2,1,0,0,1,39,0
5,4,2,9,8,2,4,0,4,1,0,0,3,39,1
1,7,0,11,5,4,3,4,4,1,0,0,5,39,0
6,0,0,9,8,2,0,0,4,1,0,0,0,39,0
2,4,1,15,6,0,1,1,1,0,0,0,5,39,0
1,4,1,15,6,4,12,1,4,1,0,0,3,39,0
4,4,0,11,5,0,1,4,4,0,0,0,3,39,0
3,4,2,14,9,2,4,5,4,0,1,0,4,39,1
1,4,1,11,5,4,8,3,4,0,0,0,3,39,0
2,2,1,0,3,0,14,1,4,1,0,0,3,39,0
3,4,1,7,7,2,4,0,4,1,0,0,3,39,1
0,2,2,1,4,4,1,3,4,0,0,0,1,39,0
2,4,1,11,5,4,8,4,2,0,0,0,3,39,0
5,4,1,1,4,0,1,1,4,1,0,0,3,39,1
7,0,1,7,7,6,0,1,4,0,0,0,3,39,0
0,4,0,2,4,2,3,0,4,1,0,0,3,39,0
6,4,0,11,5,6,12,1,4,0,0,0,3,39,0
0,4,1,15,6,2,8,0,4,1,0,0,1,39,0
3,5,0,9,8,2,4,0,4,1,0,0,6,39,1
0,2,0,15,6,4,1,3,4,1,0,0,3,39,0
2,1,0,15,6,2,13,5,4,0,0,0,3,39,0
5,4,1,5,2,2,3,0,4,1,0,0,3,39,0
3,4,1,11,5,4,1,4,4,0,0,0,3,39,0
4,4,0,11,5,2,3,0,4,1,0,0,3,33,0
3,5,0,11,5,2,4,0,4,1,0,0,6,39,1
2,6,1,11,5,4,12,4,2,0,0,0,3,11,0
3,4,2,15,6,0,11,4,2,0,0,0,2,39,0
5,4,0,11,5,2,4,0,1,1,0,0,5,39,0
1,4,0,9,8,2,4,0,4,1,0,0,5,39,0
0,4,2,0,3,0,8,1,4,0,0,0,3,39,0
