0,1,2,3,4,5,6,7
2.0,4.0,0.0,3.0,0.0,1.0,2.0,0.045682089647370416
0.6811738873238518,0.0,3.0,0.8761190259479115,2.0,1.0,2.0,0.010292549864741929
0.0,0.0,1.1332919230129996,3.0,2.0,1.0,2.0,1.9651281007781995
0.0,0.0,0.0,0.0,0.0,0.0,0.0,0.09025869605448877
0.0,0.0,0.0,0.0,0.0,0.0,0.0,1.02954383596435
0.0,0.0,0.0,0.0,0.0,0.0,0.0,2.0
2.0,4.0,3.0,3.0,2.0,1.0,2.0,1.0512069199776262
0.0,0.0,0.0,0.0,2.0,0.0,0.0,0.0
2.0,0.0,0.0,0.0,2.0,0.0,2.0,0.858650694803874
0.0,0.0,0.0,0.0,0.0,0.0,0.0,1.9456542061761506
2.0,4.0,0.0,3.0,2.0,1.0,2.0,0.11637124854000513
0.0,0.23628000391329107,0.0,0.0,2.0,1.0,2.0,1.983341750910565
0.0,0.0,0.0,0.0,0.0,0.0,0.0,1.0628923912978143
0.0,0.0,0.0,0.0,0.0,0.0,0.0,1.9090150639300907
0.0,0.0,0.0,0.0,0.0,0.0,0.0,1.9147872485166813
0.0,0.0,0.0,0.0,0.0,0.0,0.0,0.12911141146029792
2.0,4.0,3.0,3.0,2.0,1.0,2.0,0.009798147627439135
1.7688969449592669,4.0,0.0,0.0,2.0,0.0,0.0,0.010828571535315357
0.6623641835381215,4.0,3.0,0.0,2.0,1.0,2.0,1.9625060938229781
2.0,4.0,0.0,1.1874810769444153,2.0,0.0,2.0,1.0169299819381195
0.0,0.0,0.0,3.0,0.0,0.8447951197824425,0.0,2.0
2.0,4.0,3.0,3.0,2.0,1.0,2.0,0.0
1.945146872990243,4.0,3.0,3.0,2.0,1.0,2.0,0.09180796910188338
2.0,4.0,3.0,3.0,2.0,1.0,0.0,0.0
0.0,0.0,3.0,0.0,0.0,1.0,2.0,2.0
0.0,0.0,0.0,0.0,0.0,0.0,0.0,0.09958175790705137
2.0,0.0,0.0,0.0,0.0,1.0,0.0,1.9140587369181858
2.0,4.0,0.0,3.0,2.0,0.0,0.0,1.0554660395364084
0.0,3.461807806846259,3.0,2.9919433060596097,0.0,1.0,0.0,0.8310154391006449
2.0,0.5126004049131356,3.0,3.0,0.0,0.0,0.0,0.9233627365845314
0.0,4.0,0.0,0.0,0.0,0.0,0.0,2.0
0.0,0.0,0.0,2.756241560005286,1.527659757792557,0.0,2.0,2.0
2.0,3.240366948519876,3.0,3.0,2.0,1.0,2.0,0.05693334977426445
0.0,0.0,0.0,3.0,0.0,0.0,0.0,1.6730978423927947
0.0,0.0,0.0,3.0,2.0,0.0,0.0,2.0
2.0,4.0,3.0,3.0,2.0,1.0,2.0,0.9220840097848128
0.0,0.0,0.0,0.0,0.0,0.0,0.0,0.9088475502175314
2.0,4.0,3.0,3.0,2.0,1.0,2.0,1.9526380838088264
0.0,4.0,0.0,0.0,2.0,1.0,0.0,1.0973306312753102
2.0,4.0,3.0,3.0,2.0,1.0,2.0,1.1770748095544168
0.0,3.115119839602822,3.0,0.0,0.0,1.0,2.0,1.0702984954112351
2.0,4.0,3.0,3.0,2.0,1.0,2.0,0.0
0.0,3.9693299810729172,3.0,3.0,2.0,1.0,2.0,1.014318294391796
0.0,0.0,0.0,0.0,0.0,0.0,0.0,2.0
0.0,0.0,3.0,0.0,0.0,0.0,0.0,1.2209009968713247
0.0,0.0,0.0,0.0,0.0,1.0,0.0,2.0
0.0,4.0,3.0,3.0,0.0,0.0,0.0,2.0
2.0,4.0,3.0,3.0,0.0,1.0,0.9941889671292762,0.09509249455686075
2.0,4.0,3.0,0.0,2.0,0.0,2.0,2.0
0.0,0.0,3.0,3.0,2.0,1.0,2.0,2.0
2.0,1.812919508191848,3.0,3.0,2.0,1.0,0.0,1.9876239386496135
0.0,0.0,2.784815576815871,3.0,0.0,0.0,0.0,0.009897911482332988
2.0,0.0,0.0,1.245920623174733,2.0,0.35989931253183305,0.0,0.0823557300568376
0.0,0.0,3.0,2.7191438995893353,2.0,0.0,0.0,0.03130720870964476
2.0,4.0,3.0,0.0,0.0,0.0,1.2604823488779595,0.005189258722485546
2.0,4.0,3.0,3.0,2.0,1.0,0.8637839057985595,2.0
0.0,0.0,0.0,0.0,0.0,0.0,0.0,1.430622304485403
2.0,4.0,3.0,3.0,2.0,1.0,2.0,1.4630830655941023
0.0,0.0,0.0,3.0,2.0,0.0,2.0,0.9473530094786226
0.0,0.0,0.0,3.0,0.0,0.0,0.7535408411295453,1.9062184955165171
2.0,4.0,3.0,3.0,2.0,1.0,2.0,0.9050764575554046
0.0,0.3047105417740288,3.0,3.0,0.0,1.0,2.0,0.021311881531847487
0.0,0.0,0.0,0.0,0.0,0.0,0.0,1.126443939382227
2.0,0.0,3.0,3.0,2.0,0.0,0.0,1.7067233133910746
0.0,0.0,0.0,0.0,0.0,0.3448576770491101,0.0,1.9505938169371615
0.0,0.0,2.0677523857841926,0.0,0.0,0.0,0.0,0.0
2.0,4.0,3.0,0.0,2.0,1.0,2.0,1.526574654146444
0.0,0.0,3.0,0.0,1.0286959310093138,0.0,0.0,0.958385802590034
2.0,4.0,3.0,3.0,2.0,1.0,0.0,0.04929566503108729
0.0,0.0,0.0,0.0,2.0,1.0,2.0,2.0
2.0,4.0,3.0,0.0,0.0,1.0,2.0,1.9523484689632846
2.0,4.0,3.0,3.0,0.619350422782347,1.0,0.0,0.03612849089921211
1.371918285111596,4.0,3.0,0.0,2.0,0.0399806569260297,2.0,1.083851741942101
2.0,0.0,0.0,0.0,2.0,0.0,0.0,0.9975977972826016
0.0,4.0,0.0,0.9172029264947489,0.0,1.0,0.0,1.0648751572295307
2.0,4.0,3.0,3.0,0.0,0.0,2.0,1.069688843890455
0.0,4.0,3.0,3.0,0.0,1.0,2.0,0.0
0.0,0.0,0.0,0.0,0.0,0.0,0.8791812524561909,1.3806414998500287
0.0,0.7650066690357753,3.0,0.0,0.0,0.0,0.0,1.7672234955245458
2.0,1.2657366144423672,3.0,3.0,2.0,0.634015087934694,2.0,0.0
2.0,4.0,3.0,3.0,2.0,1.0,2.0,1.0622432378046764
0.0,0.0,0.0,3.0,2.0,1.0,0.0,0.0
0.0,0.0,0.0,0.0,0.0,0.0,0.0,0.0
0.0,0.0,0.0,0.0,0.0,0.0,0.0,2.0
2.0,0.0,3.0,3.0,2.0,0.14257829731274757,2.0,1.0792887142405712
2.0,0.0,0.0,0.0,0.0,0.0,2.0,1.040845001631689
0.0,0.0,0.0,0.0,0.6271972088041735,0.0,0.0,0.05340731762735251
2.0,0.0,0.0,3.0,2.0,0.0,2.0,2.0
0.0,0.0,0.0,0.0,0.0,0.0,0.0,0.0
2.0,0.0,3.0,0.0,2.0,0.0,0.0,2.0
0.0,4.0,3.0,0.0,0.0,0.0,0.0,1.9385318562360911
0.0,0.0,0.0,0.0,1.5259153017595635,0.0,0.0,0.9848026898752062
0.0,3.887567661308215,0.0,3.0,0.0,1.0,2.0,2.0
2.0,4.0,0.0,0.0,0.0,1.0,0.0,0.0
0.0,0.0,0.0,0.0,2.0,0.0,0.0,0.04610425889336778
0.0,0.0,0.0,0.0,0.0,0.5530968389746483,0.0,0.9254070268902301
0.0,0.0,0.0,0.0,0.0,0.4906747057218379,0.0,1.0157173366753764
2.0,4.0,3.0,3.0,2.0,1.0,2.0,1.811311668964704
2.0,4.0,3.0,3.0,0.0,1.0,0.0,1.6313538388342361
0.0,4.0,0.0,2.345847731177052,0.0,0.0,2.0,0.9377032141288761
0.7251304236778473,0.04369350185131693,0.0,3.0,0.0,0.0,0.0,0.15845869744396357
0.0,1.091483295991059,0.0,0.0,0.9239326915596413,0.0,0.0,0.024371048788359495
2.0,4.0,0.2291091578793826,0.0,0.0,0.0,2.0,0.0
0.0,0.0,3.0,3.0,0.6196523812180748,1.0,2.0,0.0
2.0,4.0,3.0,3.0,2.0,1.0,2.0,0.0
2.0,4.0,0.0,0.0,0.0,0.0,2.0,1.5251712780908366
2.0,0.0,3.0,3.0,1.4762878842518816,1.0,2.0,2.0
0.0,0.0,2.9875683701478564,0.0,0.0,0.0,2.0,2.0
2.0,0.0,3.0,3.0,2.0,1.0,0.0,1.047262386113223
2.0,0.0,0.0,3.0,2.0,0.0,0.0,0.0
0.0,0.0,0.0,0.0,0.0,0.0,0.0,2.0
0.0,0.0,0.0,3.0,0.0,0.0,0.0,0.1603133743853019
2.0,0.0,3.0,3.0,2.0,1.0,0.47976533963724743,2.0
0.6279984819198124,0.0,0.0,0.0,2.0,1.0,2.0,1.9839368168707132
2.0,4.0,3.0,3.0,2.0,1.0,2.0,2.0
0.0,0.0,0.0,0.0,0.0,0.0,0.0,0.06803358846175234
0.0,0.0,2.326368312216331,3.0,0.0,1.0,0.0,2.0
0.0,0.0,0.0,3.0,2.0,0.0,2.0,1.3310581001193498
0.0,0.0,0.0,0.0,2.0,0.0,2.0,0.051446313201458205
0.0,4.0,3.0,3.0,2.0,0.0,0.0,0.8604905074266391
2.0,0.0,3.0,3.0,0.0,1.0,0.0,0.0
0.0,0.0,3.0,0.0,0.0,0.0,0.0,1.1926708864337183
2.0,0.0,0.0,0.0,0.0,1.0,0.0,0.9601834255940572
2.0,0.0,3.0,0.0,0.765363582199617,0.0,2.0,1.461527738641422
2.0,4.0,3.0,3.0,0.0,1.0,2.0,2.0
2.0,4.0,3.0,3.0,2.0,1.0,2.0,0.0
2.0,0.0,0.0,0.0,1.6081933337144565,0.0,2.0,0.0
2.0,2.5657417315344393,3.0,3.0,2.0,1.0,1.91320473776774,0.991045000231267
2.0,4.0,3.0,3.0,2.0,1.0,1.902870897638409,0.08889958344482396
0.0,0.0,3.0,3.0,2.0,0.0,2.0,2.0
2.0,0.0,0.0,0.0,2.0,0.0,0.0,1.2163688512623356
2.0,4.0,2.6384007948073256,3.0,2.0,1.0,2.0,0.0
0.0,0.5280170637043515,3.0,1.3435561386571082,2.0,1.0,2.0,2.0
0.0,4.0,3.0,3.0,2.0,1.0,2.0,0.787609865610073
0.0,4.0,3.0,3.0,1.8446512087350522,0.0,0.0,2.0
2.0,4.0,3.0,3.0,2.0,0.0,0.0,2.0
2.0,4.0,3.0,3.0,2.0,1.0,2.0,0.04935821474841473
2.0,0.0,3.0,0.0,2.0,0.0,0.0,1.7028315864276746
2.0,4.0,3.0,3.0,2.0,1.0,2.0,2.0
2.0,4.0,3.0,3.0,2.0,1.0,2.0,2.0
0.0,0.0,0.0,3.0,2.0,1.0,0.0,0.0005272302889844926
2.0,0.0,0.0,3.0,2.0,1.0,2.0,1.9960505981570844
0.0,0.0,0.0,3.0,0.0,0.0,0.0,1.7643791027925904
0.0,4.0,3.0,3.0,0.2559975907458817,0.0,2.0,0.004399625822428255
2.0,0.0,3.0,0.0,0.0,0.0,0.0,0.0
1.5428962265788781,0.0,3.0,3.0,2.0,0.0,0.0,2.0
2.0,4.0,3.0,3.0,2.0,0.0,0.0,0.0
2.0,4.0,3.0,1.5229052278112316,2.0,1.0,2.0,0.9781179717160763
2.0,4.0,3.0,3.0,2.0,1.0,1.5760064928130162,1.0794185934281155
0.0,4.0,3.0,3.0,0.44188766157154635,0.0,2.0,0.8540439513640197
0.0,0.0,0.0,0.0,0.0,0.0,0.0,0.9740996619546681
2.0,4.0,3.0,3.0,2.0,1.0,2.0,1.0757696801670467
2.0,1.5641607813084282,3.0,3.0,2.0,1.0,2.0,0.02377845407711543
0.0,1.98455109545837,3.0,0.0,0.0,1.0,2.0,2.0
0.0,0.0,3.0,0.0,2.0,1.0,2.0,2.0
0.0,0.0,0.0,0.0,0.0,0.0,0.0,0.9476817567804259
0.0,4.0,3.0,3.0,2.0,1.0,2.0,0.045852034019107424
0.0,4.0,0.0,3.0,2.0,0.0,1.6552780892902415,1.2536567798419957
0.0,0.0,0.0,0.0,0.0,0.0,0.0,1.0464524331936418
0.0,4.0,0.0,3.0,2.0,0.0,1.251203980850775,0.0
2.0,0.0,0.0,0.0,0.0,0.0,0.0,1.11120307203293
0.0,0.0,0.0,0.0,2.0,0.8745203280211764,0.0,0.9627858767661005
2.0,4.0,3.0,3.0,2.0,0.0,2.0,0.0
2.0,4.0,0.0,3.0,2.0,1.0,2.0,2.0
0.0,4.0,0.0,3.0,0.0,0.0,2.0,0.02102496445092039
0.0,0.0,3.0,0.0,0.0,0.0,0.0,0.05195104056680366
2.0,4.0,3.0,0.0,2.0,0.6155874801683074,0.0,1.1003273357162915
2.0,4.0,3.0,3.0,2.0,1.0,2.0,1.0722370562369428
2.0,4.0,3.0,3.0,2.0,1.0,2.0,2.0
0.0,0.0,0.0,0.0,0.0,0.0,0.0,0.0
0.0,4.0,0.0,3.0,2.0,1.0,0.0,1.0842139065908944
2.0,0.0,0.0,1.040825013290129,2.0,1.0,0.0,2.0
2.0,4.0,3.0,0.0,2.0,1.0,0.0,1.6092966993148412
0.0,0.0,0.0,0.0,0.0,0.0,0.0,1.885405351357487
2.0,4.0,3.0,3.0,2.0,1.0,2.0,0.9175140780593081
2.0,0.0,3.0,3.0,2.0,1.0,0.0,0.9772612529535906
2.0,0.0,0.0,3.0,2.0,0.0,0.0,0.012116106091848766
2.0,4.0,3.0,3.0,2.0,0.0,2.0,2.0
2.0,1.3203369747845635,2.0312223368951168,1.0099327915413958,0.0,1.0,0.0,2.0
2.0,0.0,3.0,3.0,2.0,0.0,2.0,1.9278178091139773
0.0,0.0,3.0,3.0,2.0,1.0,2.0,1.1508101807048128
2.0,0.0,2.485778233037029,0.0,0.0,1.0,2.0,1.6174185465339255
2.0,4.0,3.0,3.0,2.0,1.0,2.0,0.0
2.0,4.0,3.0,3.0,0.713533441084888,1.0,2.0,0.8618235179551823
0.0,0.0,0.0,0.0,0.0,0.0,0.0,1.8915806463917821
0.0,0.0,0.0,0.0,2.0,0.0,0.0,1.1492648161654264
0.0,0.0,0.0,3.0,2.0,1.0,0.0,1.9597744032760631
2.0,4.0,3.0,3.0,0.0,0.0,0.0,1.0304447894092803
0.0,4.0,3.0,0.0,2.0,1.0,1.1931034022544358,0.0
0.0,0.0,0.0,0.0,0.0,0.0,0.0,1.0227421048891938
2.0,4.0,3.0,0.0,0.4122034628821205,1.0,2.0,0.0
0.0,0.0,3.0,0.0,0.0,1.0,0.0,0.03952293181338362
2.0,0.0,3.0,3.0,2.0,1.0,2.0,0.0
2.0,4.0,3.0,3.0,2.0,1.0,2.0,0.0
2.0,4.0,3.0,0.0,2.0,1.0,2.0,0.08732125413383407
2.0,3.4414372056145135,1.2859984714303585,3.0,0.0,1.0,0.0,0.0
0.0,0.0,0.0,0.0,0.0,0.0,0.0,1.5104908119875526
1.5146276588380716,0.0,2.9287119354698805,3.0,0.0,0.0,2.0,0.9358819800615074
2.0,4.0,0.0,3.0,0.0,1.0,2.0,0.0
0.0,0.0,0.0,0.0,0.0,1.0,2.0,2.0
2.0,4.0,0.0,0.0,2.0,0.0,2.0,1.1115784004442943
2.0,4.0,3.0,2.4659732366107305,2.0,1.0,0.3513722808676767,0.06863829002326594
0.0,4.0,3.0,3.0,2.0,0.0,0.13890244225957193,0.0
2.0,4.0,3.0,3.0,2.0,1.0,2.0,1.9079295561398482
0.0,0.0,0.0,0.0,2.0,0.0,0.0,2.0
0.0,0.0,0.0,0.0,0.0,0.0,0.0,1.9674782364523031
0.0,0.0,0.0,3.0,0.0,0.0,0.0,1.0069202722225807
2.0,0.0,0.0,0.0,2.0,0.0,2.0,0.03101068323725542
2.0,4.0,3.0,3.0,0.0,1.0,0.0,0.05286409284196458
2.0,4.0,0.0,0.0,0.0,0.0,0.0,0.03140889747488851
0.0,0.0,3.0,3.0,2.0,1.0,2.0,1.8493484491692436
0.0,4.0,1.4960754138071672,3.0,0.9664428548913001,0.0,2.0,1.1254996181925976
2.0,0.20411268687127837,3.0,0.0,2.0,0.0,2.0,1.9948234692464895
0.0,4.0,3.0,0.0,0.0,1.0,0.0,0.9977022763134453
2.0,4.0,3.0,3.0,0.0,0.0,2.0,1.9117566253775657
0.0,0.0,0.0,0.0,0.0,0.0,0.0,1.945681238626531
0.0,0.0,0.0,0.0,0.0,0.0,0.0,0.9607919066544286
2.0,4.0,3.0,3.0,2.0,0.0,2.0,1.9044675444482206
0.0,0.0,3.0,0.0,0.0,1.0,0.0,0.0
0.0,0.0,3.0,0.0,2.0,1.0,0.0,1.079629243863468
0.0,0.0,3.0,0.0,2.0,0.0,0.0,1.0562716584582303
2.0,4.0,3.0,3.0,2.0,1.0,2.0,1.9297123388585118
2.0,4.0,3.0,3.0,2.0,1.0,2.0,1.9527358305518883
2.0,4.0,3.0,3.0,0.0,1.0,2.0,1.0684272891198385
2.0,0.0,3.0,0.0,0.0,0.0,0.0,0.9757730911910683
0.0,0.0,3.0,0.0,0.0,0.0,2.0,1.8863221855639272
2.0,0.0,0.0,0.0,0.0,0.0,0.0,0.0
1.4845642501819774,4.0,0.0,0.0,2.0,0.23111901470575924,0.0,0.0
0.0,4.0,3.0,3.0,2.0,0.0,0.0,0.1775347451055036
0.0,0.0,3.0,3.0,2.0,1.0,2.0,1.9079339109806495
2.0,4.0,3.0,3.0,2.0,1.0,2.0,1.6656588675598525
2.0,4.0,0.0,3.0,2.0,0.0,0.0,1.479337592535757
0.0,4.0,0.8218250185524968,0.0,0.0,1.0,0.0,0.11784316543954887
0.0,0.8514060032083404,0.0,0.0,0.0,0.0,0.0,1.903705556056988
0.0,4.0,0.0,3.0,2.0,0.0,2.0,2.0
2.0,4.0,3.0,3.0,2.0,1.0,0.0,1.0912380932146633
2.0,4.0,3.0,0.0,0.7697192098329468,0.0,2.0,1.9290771152480155
2.0,4.0,3.0,3.0,2.0,0.0,2.0,2.0
2.0,4.0,3.0,3.0,2.0,1.0,2.0,2.0
0.0,0.0,0.0,0.0,2.0,0.0,2.0,0.0
2.0,0.0,3.0,3.0,0.0,1.0,0.0,1.9054269664375405
1.6515944985317632,4.0,0.0,3.0,0.0,1.0,0.0,1.1060482222722505
0.0,0.19154743037701683,0.0,0.0,0.0,0.0,0.0,0.16254583474745865
2.0,4.0,3.0,3.0,2.0,1.0,2.0,0.969550775668982
2.0,4.0,0.0,3.0,2.0,0.0,0.44516965960211086,2.0
2.0,4.0,3.0,3.0,2.0,1.0,2.0,2.0
0.0,0.0,0.0,0.0,0.0,0.0,0.0,2.0
2.0,4.0,3.0,0.7169745774245484,2.0,1.0,2.0,1.8393334087400632
2.0,0.0,0.0,3.0,0.0,1.0,2.0,0.05908236459240268
2.0,4.0,3.0,0.0,2.0,0.39811508924212036,2.0,1.0646297829136055
0.0,0.0,0.0,0.0,0.0,0.0,0.0,0.09657792127807285
2.0,4.0,3.0,3.0,2.0,1.0,2.0,0.033638600012715236
0.0,4.0,3.0,3.0,0.0,1.0,2.0,1.0424491651324947
2.0,4.0,3.0,3.0,2.0,1.0,2.0,2.0
0.0,0.0,0.0,3.0,0.0,0.0,0.0,1.9705894914808773
2.0,4.0,3.0,0.0,2.0,1.0,2.0,1.91755819658024
0.0,0.0,0.0,0.0,2.0,0.0,0.0,0.0
0.0,4.0,3.0,3.0,2.0,1.0,0.0,2.0
0.0,0.0,0.0,0.0,0.0,0.0,0.0,0.025779682038820195
2.0,4.0,3.0,3.0,2.0,1.0,0.0,2.0
2.0,0.0,0.0,0.0,0.0,0.0,0.0,0.9670950908516862
2.0,4.0,3.0,3.0,2.0,1.0,2.0,1.0749491291138562
0.0,0.0,0.0,0.0,0.0,0.0,2.0,0.0
0.0,0.0,0.0,0.0,0.0,1.0,0.0,0.0
0.0,0.0,0.0,0.0,0.0,0.2083136509097408,0.0,0.05986545623152495
0.0,4.0,3.0,3.0,0.0,0.0,0.0,0.0
2.0,4.0,3.0,3.0,0.0,1.0,0.0,0.11535192586352783
0.0,0.0,0.0,3.0,2.0,0.0,0.0,0.10495518999075715
0.0,4.0,0.0,3.0,0.0,0.0,0.0,0.09140730413745646
0.0,4.0,3.0,3.0,1.656295129607514,1.0,0.0,2.0
0.0,0.0,0.0,3.0,0.0,0.0,0.0,1.9674856295696976
2.0,4.0,3.0,0.0,2.0,1.0,0.0,0.8900267554603772
0.0,0.0,0.0,3.0,0.0,0.0,0.0,0.1809105919030244
2.0,4.0,3.0,3.0,2.0,1.0,2.0,0.048581927280802906
0.0,4.0,2.2167038599146167,0.7212611807715604,2.0,0.0,2.0,1.1741925911528015
0.0,4.0,3.0,3.0,2.0,1.0,2.0,0.13695705871435404
2.0,4.0,3.0,3.0,2.0,1.0,2.0,0.028270433931933847
0.0,0.0,1.808682373683716,0.0,0.0,0.0,0.0,1.984449448202029
2.0,0.0,0.0,0.0,2.0,0.0,0.0,1.972743530232435
2.0,4.0,3.0,3.0,2.0,0.0,2.0,1.9746140828522283
2.0,0.0,3.0,3.0,2.0,1.0,2.0,2.0
2.0,0.0,3.0,0.0,0.0,1.0,0.0,0.0
2.0,4.0,0.0,3.0,2.0,0.0,0.0,0.7581788297386091
0.0,0.0,0.0,0.0,0.0,1.0,0.31243636707821176,0.04561184748306624
0.01610614303300517,0.0,3.0,0.0,0.0,0.0,0.0,0.9997678374888138
2.0,4.0,0.0,3.0,0.0,0.0,0.0,1.1568084323464396
2.0,4.0,3.0,3.0,2.0,0.9331991559646484,2.0,1.025302109305543
2.0,4.0,0.0,0.0,0.0,0.0,0.0,1.574103730777364
0.0,4.0,0.0,0.0,0.0,1.0,0.0,0.07961476268721779
0.0,0.0,0.0,3.0,0.0,0.0,2.0,1.863466265497097
2.0,4.0,0.0,1.105982650341428,0.0,0.521529174188154,0.0,2.0
2.0,4.0,3.0,3.0,2.0,1.0,2.0,0.08736627430270005
2.0,4.0,3.0,2.9875724298561437,0.5745896838957554,1.0,0.0,0.20378530647153537
1.2885279701703836,4.0,0.0,3.0,1.6727936366584815,0.0,0.0,0.0
0.0,0.0,3.0,0.0,2.0,0.0,0.0,1.9182293074685073
0.0,4.0,0.0,3.0,0.0,0.0,0.0,1.05073122092931
0.0,0.0,0.0,0.0,0.0,0.0,0.0,0.01676265323175541
0.0,0.0,0.0,0.0,0.0,0.0,0.0,0.9285047043291231
2.0,4.0,0.0,3.0,2.0,1.0,0.6711140133907538,1.9693568260529317
0.0,4.0,0.0,3.0,0.0,1.0,1.6207700213461653,0.0
0.0,0.0,1.9292947831908651,0.0,0.0,0.0,0.0,2.0
0.0,0.0,0.0,0.0,0.0,1.0,0.0,0.0
0.0,0.0,0.0,0.0,2.0,0.0,0.0,0.09051917160069645
0.0,0.0,0.0,3.0,0.0,0.0,0.0,0.0
2.0,4.0,0.0,0.0,0.0,0.0,0.0,0.0
2.0,4.0,3.0,3.0,2.0,1.0,2.0,0.9686388395877628
0.0,0.0,0.0,0.0,0.0,0.0,0.0,0.04932730961751863
2.0,0.0,0.0,0.0,0.0,1.0,2.0,0.0
0.0,0.0,3.0,0.0,2.0,0.0,2.0,0.0
0.0,4.0,0.0,3.0,0.0,1.0,0.0,1.9339262841080744
0.0,4.0,0.0,0.0,2.0,1.0,0.0,1.0077653724153106
0.0,0.0,0.22007469083869935,0.0,0.0,0.0,0.0,0.995374390994401
0.0,0.0,0.0,0.0,0.0,0.0,0.0,1.1141907738441872
0.8124318554117782,0.0,0.0,0.0,0.0,0.0,0.0,0.15064118797058834
2.0,4.0,3.0,3.0,2.0,1.0,2.0,0.13160472283750202
0.0,4.0,0.0,0.0,0.8298399829695001,0.0,2.0,0.0
2.0,4.0,3.0,3.0,2.0,1.0,2.0,0.9495397023139145
2.0,0.0,3.0,0.0,0.0,0.0,2.0,1.8651282584049556
0.0,0.0,0.0,0.0,0.0,0.0,0.0,0.0644122102032616
0.0,0.0,0.0,0.0,2.0,0.0,0.0,0.0
0.0,3.679535024983262,3.0,0.0,0.0,0.0,2.0,0.0
0.0,0.0,0.0,0.0,0.0,1.0,0.0,0.1991673466396775
2.0,0.0,0.0,3.0,2.0,0.0,2.0,2.0
0.0,0.0,2.8940536678280795,0.0,0.0,1.0,2.0,0.021329430622113787
2.0,4.0,3.0,3.0,0.0,1.0,2.0,1.0446186402449005
2.0,1.4462721435745045,0.0,0.0,0.0,0.0,0.0,0.0585240782339943
2.0,4.0,3.0,3.0,2.0,1.0,1.893129965203574,1.9945982691819055
0.0,0.0,3.0,0.0,0.0,0.0,0.0,1.982116730157756
0.0,0.0,0.0,0.0,0.0,0.0,0.0,1.1880949334087576
2.0,4.0,3.0,0.3174759669926369,2.0,1.0,2.0,2.0
2.0,4.0,3.0,3.0,2.0,0.0,0.0,1.9436195638224716
2.0,0.0,0.0,0.0,0.0,0.0,0.0,0.0
2.0,0.0,0.0,0.0,0.0,0.9770033770043063,2.0,2.0
2.0,4.0,3.0,3.0,0.0,1.0,2.0,1.0610119570906555
2.0,4.0,3.0,3.0,2.0,1.0,2.0,1.0332402725963847
0.0,0.0,0.0,0.0,0.0,0.0,0.0,0.0
2.0,4.0,0.0,3.0,2.0,0.0,0.0,2.0
0.0,0.0,0.0,0.0,0.0,0.0,0.0,1.979908493400008
0.0,0.0,0.0,0.0,0.0,0.0,0.0,0.9097194099937428
0.0,4.0,0.0,0.0,2.0,0.0,0.0,1.0143784823072675
2.0,4.0,3.0,3.0,2.0,1.0,2.0,1.0291470971305274
0.0,4.0,2.3693875487026834,0.0,0.0,1.0,0.0,1.1184990310472216
0.0,0.0,3.0,3.0,0.0,0.0,2.0,0.9490500892172786
0.0,0.0,0.0,0.0,0.0,0.0,0.0,0.050716870022541216
0.0,1.7422282151638342,0.0,0.0,0.0,0.0,0.0,2.0
2.0,0.0,0.0,3.0,0.0,1.0,0.0,0.0
2.0,4.0,3.0,3.0,2.0,1.0,1.5591614632226087,1.9406092785285178
0.0,0.0,0.0,0.0,0.0,0.0,0.0,1.9929400059590598
0.0,4.0,3.0,3.0,2.0,1.0,2.0,0.9968614477072557
0.0,4.0,0.0,0.0,0.8466833241415682,1.0,2.0,0.05120273295679001
2.0,4.0,3.0,3.0,2.0,1.0,2.0,0.0002990493715451237
0.0,4.0,0.0,3.0,2.0,1.0,2.0,1.063578994650433
2.0,4.0,0.0,0.0,0.0,0.37199524352568425,0.0,1.0794956546664467
2.0,4.0,3.0,0.0,2.0,1.0,2.0,1.5596361806411798
0.0,0.0,0.0,0.0,0.0,0.08203650021447667,0.0,0.03439948379360125
0.0,0.0,0.0,0.0,0.0,1.0,2.0,1.7450989322822004
0.0,0.0,0.0,0.0,2.0,0.0,0.0,0.0
0.0,4.0,3.0,3.0,2.0,0.0,2.0,0.06447201582593098
2.0,3.7573343236230032,3.0,0.0,0.0,0.0,0.0,0.0
0.0,0.0,3.0,3.0,2.0,1.0,2.0,0.0
2.0,0.0,0.0,3.0,2.0,1.0,2.0,1.9656801116714202
0.0,0.0,0.0,0.0,0.0,0.0,0.0,0.020910665115270732
2.0,4.0,3.0,3.0,2.0,1.0,0.0,0.0
0.0,0.4053144759636287,3.0,3.0,2.0,0.0,1.850357455066638,0.025142090820194585
2.0,4.0,3.0,3.0,2.0,0.0,2.0,0.08329782797588658
2.0,0.0,0.0,3.0,2.0,1.0,0.0,0.06388266674712362
0.0,4.0,3.0,0.0,2.0,0.7060899239864097,0.0,1.9340241482238523
2.0,4.0,0.0,3.0,0.0,1.0,0.0,1.0232725898197341
0.0,0.0,0.0,0.5992826186266613,0.0,0.0,0.0,0.0891777458931583
0.0,0.0,0.0,0.0,0.0,0.0,0.0,0.9817151586046642
2.0,4.0,3.0,3.0,2.0,1.0,0.0,1.9263657304380128
0.5522212682972953,4.0,3.0,3.0,0.0,0.0,0.0,1.9522087563708248
0.0,0.0,0.0,0.0,0.0,0.0,0.0,1.9572337583037558
2.0,4.0,3.0,3.0,2.0,1.0,2.0,1.8306036243323878
0.0,0.0,0.0,3.0,0.0,0.0,0.2194125994021292,1.8712339145906949
2.0,4.0,3.0,3.0,2.0,0.0,2.0,0.12246573722642329
2.0,4.0,3.0,3.0,2.0,1.0,2.0,0.995952217882124
0.0,4.0,0.0,0.0,0.0,0.0,0.0,0.9706632630342723
0.0,0.0,3.0,0.0,0.0,1.0,2.0,2.0
2.0,4.0,3.0,3.0,2.0,1.0,2.0,2.0
0.03145950787986862,0.0,0.0,0.0,0.0,1.0,0.0,2.0
2.0,2.275554586538876,0.0,2.9679846576361917,1.5618444637156157,0.0,2.0,0.0
0.0,4.0,0.0,0.0,0.0,0.0,2.0,2.0
2.0,4.0,3.0,3.0,2.0,1.0,2.0,0.9916011466362524
0.0,0.0,3.0,0.05711627072135148,2.0,0.0,2.0,0.0
0.0,4.0,3.0,0.0,0.0,1.0,2.0,0.8817168721798789
0.0,0.0,0.0,0.0,0.0,0.0,0.0,2.0
0.0,0.0,0.0,1.0265837724815452,0.0,0.0,2.0,0.0
2.0,4.0,3.0,3.0,2.0,1.0,2.0,0.0
1.638885132843297,0.0,0.0,3.0,0.0,0.0,0.0,1.5376412354634916
0.0,4.0,0.0,3.0,2.0,1.0,0.0,2.0
0.0,0.0,0.0,0.0,0.0,0.0,0.0,1.9563585091640627
2.0,4.0,0.0,2.3970889667694717,2.0,1.0,2.0,1.0685958694022855
2.0,4.0,3.0,3.0,2.0,1.0,2.0,0.0
0.0,0.0,0.0,0.0,0.0,0.0,0.0,0.0
0.0,4.0,0.9360282082948477,3.0,2.0,1.0,0.0,2.0
0.0,0.0,0.0,2.6574079343469044,0.0,1.0,0.0,0.13720270456518646
1.0769253982363995,0.0,0.0,3.0,2.0,0.0,2.0,1.9267254350056293
0.0,0.0,3.0,0.0,0.0,0.0,0.0,0.9437120532557268
2.0,4.0,0.0,3.0,0.0,0.0,0.0,2.0
0.9622202114321465,4.0,3.0,3.0,2.0,1.0,2.0,2.0
0.0,0.0,0.0,0.0,0.0,0.0,2.0,0.9863372675919894
2.0,4.0,0.0,0.0,0.0,0.0,0.0,1.0063376808194435
0.0,0.0,0.0,0.0,0.0,0.0,0.0,0.08802957975232595
0.0,4.0,3.0,3.0,2.0,1.0,0.0,0.0
2.0,4.0,0.40344795199633765,3.0,2.0,1.0,0.0,0.0
0.0,2.423471345658937,0.0,0.0,2.0,1.0,2.0,2.0
0.0,4.0,3.0,1.4364516169503652,2.0,1.0,1.8005294133590304,1.989496536672803
0.0,0.0,0.0,0.0,2.0,0.0,0.0,0.0
0.32956700706760234,0.0,0.0,0.0,2.0,0.0,2.0,1.819100965825917
0.0,0.0,3.0,3.0,2.0,1.0,2.0,0.045347839791805344
0.0,0.0,0.0,3.0,0.0,1.0,0.0,0.0
0.0,0.0,0.0,3.0,0.0,0.0,0.0,1.9882017546851112
1.8697171959003054,0.0,3.0,0.0,0.0,0.0,0.0,1.2348416437667122
2.0,0.0,3.0,3.0,2.0,1.0,2.0,2.0
0.0,4.0,3.0,0.0,0.0,1.0,0.0,0.9230901808067646
0.0,4.0,0.0,0.0,0.0,1.0,2.0,1.9904585386263836
0.0,0.0,0.0,0.0,0.0,0.0,0.0,1.9390516475067963
0.0,0.0,0.0,3.0,2.0,1.0,2.0,1.6423268833505023
2.0,4.0,3.0,3.0,2.0,1.0,0.9788949740814563,1.084833308860501
1.3965398976248777,4.0,0.0,3.0,0.0,0.0,0.0,0.9857270457080917
2.0,0.0,3.0,3.0,2.0,1.0,2.0,1.988142169929705
2.0,0.0,3.0,3.0,0.0,0.0,2.0,1.9463902916511748
2.0,0.0,3.0,0.0,2.0,1.0,0.0,0.09160891613285815
0.0,0.0,3.0,0.0,2.0,0.0,0.0,0.0
0.0,0.0,0.0,0.0,0.0,0.0,0.0,0.9166514603838695
2.0,4.0,3.0,1.5571829605881262,2.0,1.0,2.0,1.968608210527118
0.0,0.0,0.0,0.0,0.0,0.0,0.0,0.09407505787583625
2.0,4.0,3.0,3.0,0.8300305799992322,0.5529587904758677,2.0,0.0
0.0,0.0,0.0,0.0,0.0,0.0,0.0,1.9772143059290075
2.0,0.0,0.0,0.0,0.0,0.0,0.0,0.0
0.0,4.0,0.0,1.4312834496820976,2.0,0.0,2.0,0.0
0.0,0.0,3.0,0.0,0.0,0.7715501986020792,0.0,1.9105718009761392
2.0,4.0,3.0,3.0,2.0,1.0,2.0,0.04469762625284168
2.0,4.0,3.0,2.1814595621220474,2.0,1.0,2.0,0.9833309605095876
0.1536334403594921,0.0,1.4254886324223466,1.9701313134130414,0.0,0.0,2.0,1.9919310380073059
0.0,0.0,3.0,0.0,2.0,0.0,2.0,0.05359618768404373
2.0,4.0,3.0,3.0,2.0,1.0,2.0,2.0
2.0,4.0,3.0,3.0,2.0,1.0,2.0,0.0
2.0,0.0,0.0,3.0,2.0,0.0,2.0,1.1235831874253825
2.0,4.0,0.0,0.0,2.0,1.0,2.0,1.0625299839650144
0.0,0.0,0.0,0.0,0.0,0.0,2.0,1.096284601629072
2.0,0.0,1.4306989791488125,0.0,0.0,0.371007993442272,1.63291680633507,1.32144203318409
2.0,4.0,3.0,3.0,2.0,1.0,2.0,1.0732338650557585
0.0,0.0,0.0,0.0,0.0,0.0,0.0,0.16780618512633116
0.0,0.0,2.3917980033352446,0.0,0.0,0.0,0.0,0.05257568860174833
0.0,0.0,0.0,0.0,0.0,0.0,0.0,1.8478832026062753
0.0,0.0,0.0,3.0,2.0,1.0,0.0,0.01733450319387364
0.0,4.0,0.0,0.0,0.0,0.0,0.0,1.7240653679608928
2.0,4.0,3.0,3.0,2.0,1.0,2.0,1.0830996294468902
2.0,4.0,3.0,3.0,2.0,1.0,2.0,2.0
0.0,1.8317080148383342,0.0,0.0,0.0,0.0,0.0,1.0016527866023128
2.0,4.0,3.0,3.0,2.0,1.0,2.0,0.0
0.0,0.0,3.0,3.0,2.0,0.0,0.0,1.8899770408152794
2.0,4.0,3.0,3.0,2.0,1.0,2.0,2.0
2.0,4.0,3.0,3.0,2.0,1.0,2.0,0.12419876784523842
0.0,4.0,0.0,3.0,0.0,0.0,0.9613911154733562,2.0
2.0,0.0,0.0,0.0,0.0,0.0,0.0,2.0
0.0,2.523689000058761,3.0,3.0,0.0,1.0,0.0,1.024224865319558
0.0,0.0,0.0,3.0,0.0,0.0,0.0,2.0
1.04674934478573,0.0,0.2711445293810222,3.0,0.0,1.0,2.0,1.8776355182498585
0.0,4.0,0.0,0.0,0.0,0.0,0.0,2.0
2.0,4.0,0.0,3.0,2.0,0.8206419616531693,0.0,1.9047870994266436
2.0,4.0,0.0,0.0,0.0,0.0,0.0,0.9964171461373492
2.0,4.0,3.0,3.0,2.0,0.0,2.0,0.0
0.0,4.0,0.0,3.0,2.0,1.0,0.0,1.9928621876104229
2.0,4.0,3.0,0.0,0.0,1.0,2.0,1.0551431932564772
2.0,0.0,3.0,3.0,0.0,1.0,2.0,2.0
0.0,0.0,3.0,0.8886926173078203,2.0,1.0,0.0,0.0
0.0,0.0,0.0,3.0,2.0,0.0,0.0,0.9613706402161604
0.0,0.0,0.0,0.0,0.0,0.0,0.0,0.9720531953429141
2.0,4.0,3.0,3.0,1.1731192126880543,1.0,0.0,0.9954079309091687
1.2851359969868996,0.0,3.0,3.0,0.0,0.0,0.0,1.1497949122821123
2.0,4.0,3.0,3.0,2.0,1.0,2.0,2.0
0.0,0.0,0.0,0.0,0.0,0.0,0.0,1.1101144165741603
0.0,0.0,0.0,0.0,0.0,0.0,0.0,0.11408153722349057
2.0,0.0,0.0,0.0,0.0,0.0,0.0,0.9625343775514651
0.0,0.0,0.0,0.0,0.0,0.0,2.0,0.9476307079426821
2.0,4.0,3.0,3.0,1.8455223598234274,0.0,2.0,1.9685710030928987
0.0,0.0,0.0,3.0,0.0,0.0,0.0,0.0
2.0,4.0,3.0,1.979388443467315,2.0,0.0,2.0,0.0679278739669894
0.0,4.0,0.0,3.0,2.0,1.0,2.0,0.05552149919582006
2.0,0.0,3.0,0.0,0.0,0.0,0.0,1.9886842219512304
2.0,4.0,3.0,3.0,2.0,0.42919089382621584,2.0,0.9381871098848383
0.0,4.0,3.0,3.0,0.0,1.0,2.0,0.04766628804888684
2.0,0.0,0.0,0.0,0.0,0.0,0.0,0.0
2.0,4.0,0.0,3.0,2.0,1.0,0.5960033597898169,0.9544784457094826
2.0,4.0,0.0,3.0,2.0,1.0,2.0,1.0944799922763546
0.0,4.0,3.0,3.0,2.0,0.0,2.0,0.9788369067072158
2.0,4.0,3.0,3.0,0.0,1.0,2.0,1.992544201598213
2.0,4.0,3.0,3.0,2.0,1.0,2.0,2.0
0.0,0.3576741412855047,0.0,3.0,2.0,1.0,0.0,2.0
0.0,0.0,0.0,0.0,0.0,0.0,2.0,1.0222363179635918
0.0,4.0,3.0,3.0,2.0,1.0,0.0,2.0
0.0,0.0,0.0,0.0,0.0,1.0,0.0,0.014013285927772512
2.0,4.0,3.0,3.0,2.0,1.0,2.0,0.019349793200399867
0.0,0.0,0.0,0.0,0.0,0.0,0.0,1.03271774989734
0.0,0.0,0.0,0.0,0.0,0.0,0.0,1.203475869742666
2.0,0.0,1.0126482748043728,3.0,2.0,1.0,0.0,1.9582262291668804
2.0,0.0,3.0,3.0,2.0,0.0,0.0,0.0
0.14043453084560487,0.0,0.0,0.0,0.0,0.0,0.0,0.0
0.0,0.0,1.5802609799568164,3.0,0.0,0.0,2.0,0.9838386482923607
2.0,4.0,0.0,3.0,2.0,1.0,2.0,1.017369986440707
0.4290160527116722,0.0,0.0,3.0,0.0,1.0,0.0,1.8917512016576892
0.0,0.0,0.0,0.0,0.0,0.0,0.0,2.0
1.3241061742859914,4.0,3.0,3.0,2.0,1.0,2.0,0.0011354822908750117
0.0,4.0,0.0,0.0,0.0,0.0,0.15354994092993424,1.1005035100056502
0.0,4.0,3.0,3.0,2.0,1.0,2.0,0.1107076885352144
2.0,0.0,3.0,3.0,0.0,0.0,0.0,0.0
0.0,0.0,0.0,0.0,2.0,0.0,0.0,1.8853384804236555
0.0,0.0,3.0,0.0,0.0,0.0,2.0,1.007955573521821
0.0,1.9733979854170824,0.0,0.0,0.0,0.0,2.0,0.06572816213458188
0.0,0.0,0.0,0.0,2.0,0.0,2.0,0.0
2.0,4.0,3.0,3.0,2.0,1.0,2.0,0.0
2.0,4.0,3.0,3.0,2.0,1.0,2.0,1.1015791818667373
2.0,4.0,0.0,3.0,2.0,1.0,2.0,1.2080083738875524
2.0,4.0,0.0,3.0,0.0,1.0,0.0,1.3117822776587393
2.0,4.0,0.0,2.1414884320516006,0.0,0.0,2.0,0.0
2.0,3.7954678755385185,3.0,3.0,0.0,1.0,2.0,1.9983751464230297
0.0,4.0,0.0,2.7113377741616382,2.0,1.0,2.0,0.0
2.0,2.551156272760807,3.0,0.0,0.0,1.0,2.0,1.494740946399863
2.0,4.0,3.0,3.0,2.0,0.06343194708094657,2.0,1.0390222764963646
2.0,4.0,3.0,3.0,0.0,0.0,2.0,0.0351549351942142
0.0,0.0,0.0,0.0,0.0,0.0,0.0,1.9792205232464184
0.0,4.0,0.0,0.0,2.0,0.0,0.0,0.047044698048712585
0.0,0.0,0.0,0.0,0.0,0.21744191343974634,2.0,1.9182442872642005
0.0,0.0,0.0,0.0,0.0,0.0,0.0,1.9910195211919846
2.0,4.0,3.0,3.0,2.0,1.0,2.0,0.0
0.838445336343562,0.0,0.0,0.0,2.0,0.0,0.0,1.2608741712529357
0.0,4.0,0.0,0.3922528814244839,0.0,0.0,0.28821412470899777,1.0227732586731582
0.0,4.0,3.0,3.0,2.0,1.0,2.0,0.16563158158341307
0.0,4.0,0.0,0.0,0.0,0.0,0.0,0.9662165202461743
0.0,0.0,0.0,0.8780822735602285,0.0,0.0,0.0,0.019718074286980136
0.0,4.0,0.0,1.8606718478254052,0.2652210661588179,0.0,0.0,0.0
2.0,4.0,0.0,3.0,0.0,1.0,2.0,2.0
2.0,4.0,0.0,3.0,1.553290292367305,1.0,2.0,0.9627271106839208
0.0,0.0,0.0,0.0,0.0,0.0,0.0,2.0
0.0,0.0,0.23308235731086976,0.0,2.0,1.0,0.0,1.8110852084279478
2.0,4.0,0.0,3.0,2.0,1.0,2.0,0.023121031467363107
0.0,0.0,3.0,0.0,0.0,0.0,0.0,1.10958823571259
0.0,0.0,0.8933913593674301,0.0,0.0,1.0,0.0,2.0
2.0,4.0,0.0,3.0,2.0,1.0,2.0,2.0
0.0,4.0,0.0,0.0,0.0,0.0,0.0,0.021426359008812845
0.0,0.0,0.0,0.0,2.0,0.0,0.0,2.0
0.0,0.0,3.0,3.0,0.7054038588113222,0.00408867246336464,1.318186712988084,2.0
2.0,4.0,0.0,0.0,0.0,0.0,0.0,1.6189226058362953
1.2086362283697099,0.0,0.0,0.0,2.0,0.0,2.0,0.0
2.0,2.875244171968731,2.8961100543631613,3.0,0.0,0.0,2.0,0.0
2.0,0.0,0.0,2.3475962083512947,0.0,0.0,0.0,0.09154228906614159
2.0,4.0,3.0,3.0,2.0,1.0,2.0,0.012873992443612314
2.0,4.0,3.0,3.0,2.0,1.0,2.0,2.0
0.0,0.0,3.0,3.0,0.0,0.5463558470021863,2.0,0.0
0.0,0.0,0.0,0.0,0.0,0.0,0.0,1.0842978704030215
0.0,4.0,0.0,0.0,2.0,0.0,0.0,0.0
1.8297554929780888,0.0,3.0,3.0,0.0,0.0,2.0,1.1622356861102618
2.0,4.0,3.0,3.0,2.0,1.0,2.0,1.0661684079211442
2.0,4.0,3.0,1.957855202208004,0.0,0.0,0.0,1.0987711689777357
0.0,4.0,3.0,3.0,0.0,1.0,0.0,0.9677471401390412
2.0,4.0,3.0,3.0,2.0,1.0,2.0,1.7310849173094038
2.0,4.0,3.0,3.0,0.0,0.7041295020964535,2.0,2.0
0.0,0.0,0.0,3.0,2.0,0.0,0.0,1.7550992885398031
2.0,4.0,3.0,3.0,2.0,1.0,2.0,0.8888501029489915
0.0,0.0,0.0,0.08058368460569985,0.0,0.0,2.0,0.0
0.0,4.0,3.0,3.0,2.0,1.0,2.0,0.06548139093539729
2.0,4.0,3.0,3.0,2.0,1.0,2.0,2.0
2.0,4.0,3.0,3.0,2.0,1.0,2.0,1.1294964333109874
2.0,4.0,0.0,3.0,2.0,1.0,0.0,1.0963085971729933
0.0,4.0,3.0,0.0,0.0,0.0,2.0,2.0
2.0,4.0,3.0,0.07351122001766432,0.0,0.0,2.0,2.0
0.0,0.0,0.0,0.0,2.0,0.0,0.0,1.884560550863866
2.0,0.0,3.0,3.0,2.0,1.0,2.0,2.0
2.0,4.0,1.9072938351409114,0.0,2.0,0.0,2.0,0.020354050763519815
1.3055790563916103,4.0,3.0,3.0,0.0,0.9907942009799554,0.0,0.05196291726672797
0.23887945438378577,4.0,3.0,3.0,2.0,1.0,2.0,1.865792743283064
0.0,4.0,3.0,3.0,2.0,0.0,0.0,1.087618785513656
2.0,0.0,3.0,0.0,2.0,1.0,0.0,0.9879799540068793
0.0,0.0,0.0,0.0,2.0,1.0,0.0,1.9761432378869959
0.0,0.0,0.5984546631358086,0.0,0.0,0.0,0.0,1.9673158129964348
2.0,0.0,0.0,3.0,0.0,0.0,1.1520949862638878,1.9267638471228157
0.0,0.0,0.0,0.0,0.0,0.0,0.0,1.9133167951470047
2.0,4.0,3.0,3.0,2.0,1.0,0.0,2.0
2.0,4.0,3.0,3.0,2.0,1.0,2.0,1.4982124348187316
0.0,2.936805622896789,0.9482639243048393,0.0,2.0,0.0,2.0,0.0
2.0,0.0,3.0,3.0,1.020162709187335,0.0,2.0,0.0
2.0,0.0,0.0,0.0,0.0,0.0,0.0,1.0351369827827734
2.0,4.0,3.0,3.0,2.0,0.0,0.0,1.0331650585862466
0.0,0.0,0.0,0.0,0.0,0.0,2.0,1.375168769236716
2.0,0.0,0.0,0.0,0.0,0.0,0.0,1.091997412155931
2.0,0.0,0.0,0.0,0.0,0.34259386992672103,0.0,1.228502524256565
0.0,4.0,3.0,2.6719323308419782,0.0,1.0,2.0,0.9615529300941216
0.0,0.0,0.0,0.0,0.0,1.0,0.32084656536607015,1.0670850640901548
2.0,0.0,0.0,3.0,2.0,1.0,0.0,0.9653074183326888
0.0,0.0,0.0,2.9177192294645957,0.0,0.0,0.0,0.11420336691725141
2.0,4.0,3.0,3.0,2.0,1.0,2.0,0.9834824180295344
2.0,4.0,3.0,0.0,2.0,1.0,0.0,1.1541118071957899
0.0,0.0,3.0,2.0088060600948627,2.0,1.0,0.0,1.003711766566641
0.0,4.0,0.0,3.0,0.0,1.0,2.0,0.12288047797252433
0.0,0.0,0.0,3.0,0.0,0.0,0.20566118173788528,1.0095886797731306
0.0,0.0,0.0,0.0,2.0,1.0,0.0,2.0
0.0,0.0,0.0,0.0,0.0,1.0,2.0,1.3169810514203788
0.0,0.0,0.0,0.0,0.0,0.0,2.0,2.0
2.0,4.0,3.0,3.0,0.0,1.0,2.0,2.0
2.0,4.0,3.0,3.0,2.0,1.0,2.0,2.0
0.0,0.0,0.0,3.0,0.0,0.0,0.0,0.0
2.0,0.0,0.0,0.0,2.0,0.0,0.0,1.037062505669892
2.0,0.0,0.0,0.0,0.0,0.0,0.0,0.8363365405371632
0.0,0.0,0.0,0.0,0.0,0.0,0.0,1.1711225606527411
2.0,0.0,0.0,2.0967497441445335,2.0,1.0,0.0,1.8441261405385614
2.0,1.4155146247499433,3.0,0.0,2.0,1.0,2.0,2.0
0.0,1.8758996516911939,0.0,0.0,2.0,0.0,2.0,2.0
0.0,0.0,3.0,0.0,0.0,0.0,0.0,2.0
2.0,4.0,3.0,0.0,0.0,0.0,2.0,0.09578298510995142
2.0,4.0,3.0,3.0,2.0,1.0,2.0,1.0635198179133083
2.0,4.0,3.0,3.0,2.0,1.0,2.0,0.0
2.0,4.0,0.0,3.0,2.0,0.13695577509172435,2.0,1.0279131759759061
0.0,0.0,0.0,0.0,0.0,0.0,0.0,0.9627397386264362
0.0,0.692333495797469,0.0,0.0,0.6668226978514913,0.0,0.0,1.0035520829244176
2.0,3.2823494638928534,0.0,3.0,0.0,0.0,2.0,0.08204339050501197
2.0,4.0,3.0,0.0,0.0,0.24242449961991575,2.0,1.0685611066738483
0.0,0.0,0.0,0.0,2.0,1.0,2.0,1.9182611662611175
2.0,4.0,0.0,0.0,2.0,0.0,0.0,0.017694776681382973
2.0,0.0,3.0,3.0,0.0,0.0,2.0,0.06448669976804544
2.0,0.0,0.0,0.0,0.01619848617315378,1.0,0.0,1.9348959874359453
2.0,0.0,3.0,0.0,2.0,1.0,0.8954568208419346,1.9351031798941511
2.0,0.0,3.0,3.0,2.0,1.0,2.0,2.0
0.0,0.0,0.0,0.0,0.0,0.0,0.0,2.0
2.0,4.0,3.0,3.0,2.0,1.0,2.0,1.0118332536693855
2.0,0.0,0.0,3.0,2.0,0.0,0.0,1.0393883470459253
2.0,0.0,0.0,3.0,0.0,0.0,0.0,0.012544698123235443
0.0,4.0,0.0,0.0,0.0,0.0,0.0,0.06704986527263546
0.0,0.0,3.0,3.0,2.0,1.0,2.0,1.0583406115032974
2.0,4.0,3.0,3.0,2.0,1.0,2.0,1.0454681202025091
2.0,4.0,3.0,0.0,0.0,0.0,2.0,1.5460432403868212
0.0,0.0,0.3844780736266574,0.0,0.0,0.0,0.0,2.0
2.0,0.0,0.0,0.0,0.0,0.6590895981817986,2.0,1.0096728703439517
2.0,4.0,3.0,3.0,2.0,1.0,0.0,1.8051564189183826
0.0,4.0,0.0,0.0,0.0,0.0,2.0,1.8753197566802133
0.0,0.0,3.0,3.0,2.0,0.0973144537501468,2.0,1.0974080132199353
2.0,4.0,3.0,3.0,2.0,1.0,2.0,0.9952674563028219
0.0,4.0,3.0,3.0,2.0,0.0,2.0,0.05148194692657482
0.0,0.0,0.0,0.0,0.0,0.0,0.0,0.0
2.0,0.0,0.0,0.0,0.0,1.0,0.0,1.0011073088522218
2.0,4.0,0.0,0.0,2.0,1.0,0.5982379930650843,2.0
0.0,0.0,0.0,0.0,2.0,0.0,0.0,1.3861702844911714
0.0,4.0,3.0,0.0,0.0,0.0,0.0,0.017836262346701992
2.0,4.0,3.0,0.0,2.0,0.0,2.0,0.016783782543381198
0.0,4.0,3.0,0.0,2.0,1.0,2.0,0.0
0.0,4.0,0.0,0.0,0.0,0.0,0.0,1.96598975754616
0.0,4.0,3.0,3.0,2.0,0.27362477856912254,2.0,1.0495952290852002
2.0,4.0,3.0,3.0,2.0,1.0,0.7889254067085032,1.8986353351049108
0.0,0.0,0.0,0.0,0.0,1.0,2.0,1.0606803999141214
2.0,4.0,3.0,3.0,2.0,1.0,2.0,0.9588148432433045
0.0,0.0,0.0,3.0,2.0,0.0,2.0,1.9519383196892712
0.0,3.2546416777484186,0.0,3.0,0.0,0.0,0.0,2.0
2.0,4.0,3.0,3.0,0.0,1.0,2.0,1.9756592610315349
0.0,0.0,0.0,0.0,0.0,0.0,0.0,1.9520746775045905
0.0,0.0,3.0,0.0,0.0,1.0,0.0,0.9806801292725956
2.0,0.0,0.0,3.0,2.0,1.0,2.0,0.0
2.0,4.0,3.0,3.0,2.0,1.0,2.0,0.0
2.0,0.0,0.0,0.0,0.0,0.0,2.0,0.1340393821671667
2.0,4.0,0.0,3.0,0.3046805814007195,0.949883372082664,2.0,0.0
1.9121895561649778,0.0,0.0,3.0,2.0,0.0,0.0,0.0
2.0,0.0,3.0,3.0,2.0,1.0,2.0,1.0373628602631113
2.0,0.0,3.0,3.0,0.0,0.0,0.0,0.0
0.0,4.0,3.0,3.0,2.0,0.0,0.0,0.9791965996490272
2.0,1.4083531246548577,3.0,3.0,0.0,1.0,2.0,1.9344326106044627
0.0,0.0,0.0,0.0,0.0,0.0,0.0,2.0
0.0,0.0,0.0,0.0,0.0,0.0,0.0,0.022015931644010944
2.0,0.0,3.0,3.0,2.0,1.0,2.0,2.0
2.0,0.0,0.0,1.5531551776372825,0.0,0.0,1.3318731006304274,0.0
2.0,4.0,3.0,3.0,2.0,1.0,2.0,0.009458014648693003
0.0,2.072642612265226,0.0,0.0,0.0,0.0,0.0,0.9672329040654478
0.0,0.0,0.0,0.0,0.0,0.0,0.0,2.0
2.0,4.0,0.0,3.0,2.0,1.0,2.0,1.0707611753068642
0.0,0.0,0.0,0.0,0.0,0.0,2.0,2.0
0.0,0.0,0.0,0.0,0.0,0.0,0.0,0.918194981687492
0.0,0.0,0.0,0.015076632596338707,0.0,1.0,0.0,0.0
2.0,4.0,3.0,3.0,2.0,1.0,0.0,0.9361935062427978
0.0,4.0,3.0,0.0,0.0,0.4622300474918153,1.1955347470075721,0.0
0.0,4.0,0.0,1.7706409307813387,0.0,0.22983297637270733,0.0,2.0
2.0,0.0,0.0,3.0,2.0,0.8343503967973884,0.0,0.041569792523658555
0.0,0.0,3.0,3.0,2.0,0.0,2.0,2.0
2.0,4.0,0.0,0.0,0.0,0.0,0.23995098318945285,1.4612095268958907
2.0,4.0,3.0,3.0,2.0,0.0,2.0,0.14057015500342818
0.0,0.0,0.0,0.0,0.0,0.0,0.0,0.08940348224084771
1.7947850306820716,0.0,0.0,0.0,2.0,1.0,0.0,0.08535401978614032
2.0,0.0,2.7600152869454373,0.0,2.0,0.0,0.0,0.12367307497755853
2.0,0.0,0.0,3.0,0.0,1.0,0.0,1.9414158448573553
0.0,0.0,3.0,3.0,0.0,1.0,0.0,2.0
2.0,4.0,3.0,3.0,0.0,1.0,0.0,0.02857998441202758
2.0,4.0,3.0,3.0,2.0,1.0,2.0,1.9683417205833886
2.0,4.0,3.0,3.0,2.0,0.1283347756985585,2.0,1.1396339392896833
2.0,0.0,0.0,0.0,2.0,1.0,0.0,2.0
0.0,0.0,0.8518971803525646,0.0,0.0,1.0,0.0,1.036493406988858
2.0,0.0,3.0,0.0,0.0,0.0,0.0,0.9241886521770535
0.0,0.0,0.0,0.0,0.0,0.0,2.0,2.0
2.0,0.0,0.0,0.0,0.0,0.0,0.0,2.0
2.0,0.0,3.0,0.0,0.0,0.0,0.0,0.0
0.0,4.0,3.0,3.0,1.8504734516254258,1.0,2.0,0.0
0.0,0.0,0.0,0.0,0.0,0.0,0.0,1.1001675447793913
2.0,4.0,3.0,0.0,2.0,1.0,2.0,0.0
0.0,0.0,0.0,0.0,0.0,0.0,1.4397186652294742,2.0
0.0,0.0,0.0,0.0,0.7612959725523789,0.0,0.0,0.8711487909984601
0.0,0.0,0.0,0.0,0.0,0.0,0.0,0.0
2.0,4.0,0.0,3.0,2.0,0.0,1.4974340400188428,1.0216037030684586
2.0,4.0,3.0,3.0,2.0,1.0,2.0,1.4282480687494015
0.0,0.0,3.0,1.0057831779733557,0.0,0.0,0.0,0.0
0.0,0.0,3.0,1.4661187055636435,0.0,0.0,0.0,1.93018998777241
0.0,0.0,3.0,0.0,0.0,0.0,0.12335189496198118,0.111991205279945
0.0,4.0,0.0,0.0,0.0,1.0,0.0,0.0
2.0,4.0,3.0,1.6668301122022757,2.0,0.0,0.0,1.885995381861929
2.0,4.0,3.0,2.2361351668691722,2.0,1.0,2.0,2.0
0.0,4.0,0.0,2.5612572416640553,2.0,0.0,0.0,2.0
2.0,4.0,0.0,0.0,2.0,1.0,2.0,0.9669806987024232
0.0,0.0,0.0,0.0,0.8569510261140532,0.0,0.0,2.0
0.0,4.0,3.0,3.0,0.0,1.0,2.0,0.8957500871562429
2.0,4.0,3.0,3.0,0.0,1.0,2.0,0.890271233009573
2.0,4.0,3.0,3.0,2.0,0.0,2.0,1.0667414887308826
0.0,4.0,3.0,3.0,2.0,0.0,2.0,1.9970475425975713
2.0,4.0,3.0,3.0,2.0,1.0,2.0,1.032792163516795
2.0,0.0,0.0,0.0,0.0,1.0,0.0,1.617252881994689
2.0,4.0,3.0,3.0,2.0,1.0,2.0,1.067657333058388
0.0,0.0,0.0,0.0,0.0,0.0,0.0,0.9127679700606017
2.0,0.0,3.0,3.0,0.0,1.0,2.0,1.9851100166743185
0.0,0.0,0.0,0.0,0.0,0.0,0.0,1.3475597818871428
2.0,0.0,0.0,0.0,0.0,1.0,0.0,0.058534360676865904
0.0,0.0,3.0,0.0,2.0,1.0,2.0,2.0
2.0,4.0,1.4385278558184866,0.0,0.22096725904117986,1.0,2.0,0.09131196930419594
0.4135059068569741,4.0,3.0,3.0,2.0,1.0,2.0,2.0
2.0,0.0,0.0,2.086028627073185,2.0,1.0,2.0,1.1610682305794953
0.0,0.0,0.0,0.0,0.0,1.0,0.0,0.009762327880571409
0.0,0.0,0.0,0.0,0.0,0.14037705723287053,2.0,0.0
0.0,4.0,3.0,3.0,0.0,0.0,2.0,2.0
2.0,4.0,3.0,0.0,2.0,1.0,0.0,1.9352359937534276
2.0,0.0,3.0,0.0,0.0,1.0,2.0,1.9647228508665835
0.0,4.0,3.0,3.0,0.0,0.9962270640484713,2.0,2.0
0.0,0.0,0.0,0.0,2.0,0.0,0.0,0.8595773141166316
0.0,4.0,3.0,0.0,0.0,1.0,0.0,1.1522923553424471
2.0,0.1959086953319389,3.0,3.0,2.0,1.0,2.0,0.07860046422125755
1.9216923096397418,4.0,3.0,3.0,2.0,1.0,2.0,2.0
2.0,0.0,0.0,0.0,0.0,1.0,0.0,0.0
2.0,0.0,3.0,0.0,2.0,1.0,2.0,0.0
2.0,4.0,0.0,3.0,0.0,0.0,2.0,0.16226630180834634
2.0,0.0,0.0,3.0,0.0,0.0,2.0,2.0
0.0,0.0,0.0,0.0,0.0,0.0,2.0,0.0
0.0,1.2173444940537408,3.0,0.0,0.0,0.20492407523692407,0.0,1.831900407343586
2.0,0.0,0.0,3.0,2.0,1.0,2.0,1.0776876888108113
2.0,0.0,3.0,0.0,2.0,1.0,1.8538302528071704,0.995706736965694
2.0,0.0,0.0,0.0,0.0,0.0,0.0,1.111878662016364
0.0,1.0020708041255806,0.0,3.0,2.0,0.0,2.0,0.9813968515835614
0.0,2.0435580936551228,0.0,0.0,2.0,0.0,2.0,2.0
0.0,4.0,0.0,3.0,2.0,1.0,2.0,0.018103087055423073
2.0,0.0,3.0,0.0,0.0,0.0,1.0219332113371824,1.0445902479016866
0.0,0.0,0.0,0.0,0.0,0.0,0.0,0.9563760527748434
2.0,4.0,3.0,0.0,2.0,1.0,2.0,1.820076484121686
0.0,4.0,3.0,3.0,0.0,0.6833939818114633,0.0,0.0
0.0,4.0,3.0,3.0,2.0,1.0,2.0,1.0976362244835285
2.0,0.0,2.9466512347668345,0.0,0.09055549933749352,1.0,2.0,1.805597140216677
1.931770087006425,0.0,0.0,0.0,0.0,0.0,0.0,0.9639426113762679
2.0,4.0,3.0,3.0,2.0,1.0,2.0,0.08530580197961812
0.0,0.0,3.0,0.0,0.0,0.0,0.0,0.13038366546596714
0.0,0.0,0.0,0.0,2.0,1.0,0.0,0.029491989948127184
0.0,0.0,0.0,0.0,0.0,0.0,0.0,0.07047453691616723
0.0,0.0,0.0,0.0,0.0,0.0,0.0,1.9097192331699193
0.0,4.0,0.0,0.0,0.0,0.0,0.0,0.0
0.0,0.0,0.0,0.0,0.0,0.0,0.0,1.0686186009777512
2.0,0.0,0.0,3.0,0.0,1.0,2.0,1.8919572303624446
0.0,4.0,3.0,0.0,2.0,1.0,0.0,1.0904293709078154
2.0,1.1436066588002065,0.0,0.0,0.0,0.0,2.0,1.975038752784909
2.0,0.0,0.0,0.0,0.0,0.0,2.0,1.033948731286405
0.0,4.0,3.0,0.0,0.335747677983938,1.0,0.0,2.0
0.0,4.0,0.0,3.0,0.0,0.0,0.0,0.13315273473773326
0.0,4.0,0.0,3.0,2.0,0.0,0.0,0.005546125853399642
0.0,4.0,0.0,0.0,0.0,0.0,0.0,0.0
2.0,4.0,0.08782827121191511,3.0,2.0,1.0,0.0,0.8262286720658054
2.0,0.0,3.0,3.0,2.0,0.7420261583553218,2.0,0.9515219139292578
0.0,4.0,0.0,0.0,2.0,1.0,2.0,0.0
0.20792997016688597,0.4461135976547195,0.0,3.0,2.0,1.0,2.0,1.010171380846149
0.0,0.0,0.0,0.0,0.0,0.0,0.0,2.0
2.0,0.0,3.0,0.0,2.0,0.0,0.0,2.0
0.0,4.0,3.0,3.0,0.0,1.0,2.0,1.1132287904669957
0.0,0.0,0.0,0.0,0.0,1.0,0.0,2.0
0.0,4.0,0.0,3.0,2.0,0.0,2.0,0.17971059222331798
2.0,4.0,3.0,3.0,0.0,1.0,2.0,1.9880573821578378
2.0,0.0,0.0,0.30290338311851145,0.0,0.0,0.0,0.9568596370559123
0.8765910750351357,0.0,3.0,0.0,0.0,0.432104621001208,2.0,1.0950129053305007
0.0,4.0,3.0,0.0,0.0,0.0,2.0,0.0
0.0,4.0,3.0,3.0,2.0,0.4893536917372466,0.0,1.950832524912459
0.0,0.0,0.0,0.0,0.0,0.0,0.0,0.07868103636397084
2.0,0.0,0.0,0.0,0.0,0.0,0.0,0.030746049393008623
2.0,4.0,3.0,3.0,0.0,0.0,2.0,0.0
2.0,0.47942109844250047,0.0,0.0,0.0,0.0,2.0,1.645850496878793
0.0,0.0,0.0,0.0,0.0,0.0,0.0,2.0
0.0,0.0,0.0,0.0,2.0,0.0,2.0,2.0
2.0,0.0,0.0,0.0,0.0,0.0,0.0,1.276859714390993
0.0,0.0,0.0,0.0,2.0,0.0,0.0,1.9306237938342576
0.0,4.0,0.0,3.0,0.0,1.0,2.0,0.9845551999318523
0.0,0.0,3.0,0.0,0.0,0.0,0.0,0.8380549333135026
2.0,0.0,3.0,0.0,0.0,1.0,2.0,2.0
2.0,4.0,3.0,3.0,0.0,0.0,2.0,0.8630386654632678
0.0,0.0,0.0,0.0,2.0,0.0,0.0,1.0861526423846086
2.0,4.0,3.0,3.0,2.0,1.0,2.0,1.9187164672396673
2.0,0.0,0.0,3.0,0.0,0.5457547374291871,0.0,1.9992421352543697
2.0,0.0,0.0,0.0,0.0,1.0,0.0,1.1428741204745707
0.0,4.0,0.0,0.715064211740607,1.2838709746876593,0.0,0.0,1.940791180681731
0.0,0.0,0.0,0.0,0.10428373884965336,1.0,2.0,1.8641084134998447
2.0,0.0,3.0,3.0,2.0,1.0,0.0,1.984875853852432
0.0,0.0,0.0,0.0,0.0,1.0,0.0,0.014136150065612973
0.0,0.0,0.0,0.0,0.0,0.0,0.0,0.8679851868914037
2.0,0.0,0.0,1.028663977831646,2.0,1.0,2.0,2.0
2.0,0.0,0.0,3.0,0.0,0.0,0.0,0.9918596930375401
0.0,4.0,0.0,0.0,2.0,1.0,2.0,1.9096913770522144
0.0,0.0,0.0,0.0,0.0,0.0,0.0,1.0118365626945791
0.0,4.0,3.0,3.0,2.0,1.0,2.0,2.0
2.0,4.0,3.0,3.0,2.0,1.0,2.0,2.0
2.0,4.0,3.0,3.0,2.0,1.0,2.0,1.858158156177141
2.0,0.0,3.0,3.0,2.0,0.0,2.0,0.035747964693944034
2.0,4.0,3.0,3.0,2.0,1.0,2.0,1.0126317521307837
2.0,0.0,3.0,3.0,2.0,1.0,2.0,0.039514331838668704
2.0,4.0,0.0,3.0,0.0,0.0,0.0,1.9373711186020128
2.0,4.0,3.0,3.0,0.0,1.0,2.0,1.9972538841824425
2.0,4.0,3.0,3.0,2.0,1.0,2.0,1.491476204041077
0.0,0.0,0.0,0.0,0.0,0.0,0.0,0.0
2.0,4.0,3.0,3.0,2.0,1.0,2.0,2.0
2.0,0.0,0.0,0.0,0.0,1.0,2.0,0.17016879309976773
2.0,4.0,0.0,0.0,0.0,0.0,2.0,2.0
2.0,0.0,2.153281374774371,2.8803182053483667,2.0,1.0,0.0,2.0
2.0,4.0,3.0,3.0,2.0,1.0,2.0,1.8942365438560842
2.0,4.0,3.0,3.0,1.9174874421619124,1.0,2.0,1.927166879532383
2.0,4.0,3.0,3.0,2.0,1.0,2.0,0.0
0.0,0.0,0.0,0.0,2.0,1.0,0.6024056326668163,0.0
0.0,0.0,0.0,0.0,0.0,0.0,0.0,0.09108517428533702
2.0,4.0,3.0,3.0,2.0,0.0,2.0,0.03303038321793439
2.0,0.0,0.0,0.0,0.0,0.0,0.0,2.0
2.0,0.0,3.0,3.0,0.0,1.0,2.0,1.0550591378696454
0.37996743314324544,0.0,0.0,0.0,0.0,0.0,0.0,1.7889906737354428
0.0,0.0,0.0,0.0,0.0,0.0,2.0,1.338908121907386
0.0,4.0,0.0,0.0,0.0,0.0,2.0,0.7798838059541175
0.0,0.0,0.0,0.0,0.0,0.0,0.0,0.9566492546214606
2.0,4.0,3.0,3.0,2.0,1.0,2.0,0.9703411218555403
2.0,4.0,3.0,3.0,2.0,1.0,2.0,2.0
0.0,0.0,3.0,0.0,0.0,0.0,0.0,1.1164631840934116
0.0,0.0,0.0,0.0,0.0,1.0,2.0,0.012934461250656448
2.0,0.0,3.0,3.0,0.0,1.0,0.0,1.2095192558328394
2.0,4.0,0.0,3.0,2.0,0.0,2.0,0.037636489635904824
2.0,4.0,3.0,3.0,2.0,1.0,2.0,0.053493024796598565
0.0,4.0,3.0,3.0,2.0,1.0,0.0,1.0668814156010673
0.0,0.0,0.0,0.0,0.0,1.0,0.0,0.0
2.0,4.0,3.0,3.0,2.0,1.0,2.0,1.873910453833434
2.0,1.195985102382628,0.0,2.759172313334261,0.0,0.7123688714771428,2.0,1.468198620560413
0.0,0.0,0.0,0.0,1.3354381466727814,0.0,0.0,0.8498264705637735
2.0,4.0,3.0,0.0,2.0,1.0,2.0,1.8581208960655695
0.0,0.0,3.0,3.0,0.0,1.0,2.0,1.9833446987159742
2.0,4.0,3.0,3.0,2.0,1.0,2.0,1.2205549053043767
0.0,0.0,3.0,0.8618702652127299,2.0,1.0,2.0,2.0
2.0,4.0,3.0,3.0,2.0,1.0,2.0,1.1168522186850909
2.0,4.0,3.0,3.0,2.0,1.0,0.0,1.112782895433074
2.0,4.0,3.0,3.0,2.0,0.0,2.0,1.069305980576411
0.0,0.0,3.0,1.4022838131758846,0.0,0.0,1.6473373934981081,0.9452758303123003
2.0,4.0,3.0,0.0,0.0,1.0,0.0,0.9173301453090037
2.0,4.0,3.0,0.0,0.12657777302629591,1.0,2.0,1.023023044306952
0.0,4.0,0.0,0.0,0.0,0.0,0.0,1.9938082104295258
0.0,0.0,0.0,0.0,2.0,0.0,0.0,0.04364994816991863
2.0,4.0,3.0,0.0,2.0,0.0,1.9156974409715168,0.05133795862692159
2.0,4.0,3.0,3.0,0.0,1.0,0.0,1.03031427843399
2.0,4.0,3.0,3.0,2.0,1.0,2.0,0.0
2.0,0.0,3.0,0.0,0.0,0.0,2.0,0.0
0.0,0.0,2.752033844174939,0.0,2.0,1.0,0.0,0.0
0.0,0.0,3.0,0.0,2.0,0.0,0.0,0.0
2.0,4.0,3.0,3.0,2.0,0.0,2.0,0.0
0.0,4.0,3.0,3.0,2.0,1.0,2.0,2.0
0.0,0.0,0.0,3.0,2.0,0.0,0.0,1.7137301178852478
2.0,0.0,0.0,3.0,0.0,0.8215512364522388,0.0,2.0
0.0,1.4978308749570293,0.0,3.0,0.0,0.0,1.5245228332728018,2.0
2.0,0.0,0.0,0.0,1.5307651955563988,0.0,0.0,0.9917049628850445
2.0,4.0,3.0,3.0,0.0,1.0,2.0,0.0
2.0,4.0,3.0,3.0,2.0,1.0,2.0,1.07368181565338
2.0,0.0,0.0,0.0,0.0,1.0,0.0,0.0
2.0,0.0,0.0,3.0,1.2125479621200836,0.0,2.0,0.015006945728761933
2.0,4.0,3.0,3.0,2.0,1.0,2.0,1.166671000213154
0.0,0.0,3.0,2.128893971227443,2.0,0.0,0.0,2.0
2.0,4.0,3.0,3.0,2.0,1.0,2.0,2.0
0.0,0.0,0.0,0.0,2.0,0.0,2.0,0.0
0.0,0.0,0.0,0.0,0.0,0.0,2.0,0.9651571969030902
0.0,0.0,1.04320325452896,3.0,2.0,0.0,2.0,2.0
0.0,4.0,0.0,3.0,0.0,0.0,0.0,0.11360303951649142
0.0,4.0,0.0,0.0,0.0,1.0,2.0,0.005307866929850968
2.0,4.0,0.0,0.0,0.0,0.0,2.0,1.021719577893466
0.0,0.0,2.2085667877139583,0.0,2.0,0.0,0.0,1.0615325952345216
2.0,4.0,2.8146412405114263,3.0,2.0,1.0,2.0,1.077366961073393
0.0,4.0,0.0,3.0,2.0,1.0,0.0,0.0
0.0,0.0,0.0,0.0,2.0,0.0,0.0,2.0
0.0,0.0,0.0,0.0,0.0,0.0,0.0,2.0
2.0,4.0,0.0,0.0,2.0,1.0,2.0,0.9030414756800622
2.0,3.5070456167249753,3.0,3.0,0.0,1.0,0.0,1.9902159036000509
0.0,0.0,0.0,0.0,0.0,0.0,2.0,0.0
0.0,4.0,0.0,0.0,0.0,0.0,0.0,0.0
0.0,4.0,1.2152058803312389,0.0,2.0,0.0,2.0,2.0
0.0,0.0,3.0,0.0,0.0,0.0,0.0,0.9590602690832313
0.0,4.0,0.0,0.0,0.7220233807999932,0.0,0.0,0.05038929455079544
0.4294825187643402,4.0,0.0,3.0,2.0,0.0,0.0,0.0
0.0,0.0,0.0,3.0,2.0,0.0,2.0,1.8550109046829888
2.0,4.0,3.0,3.0,2.0,1.0,2.0,1.029804654003373
2.0,0.0,0.0,0.0,0.0,0.6465361734085924,0.0,0.04850586111846411
2.0,0.0,0.0,3.0,2.0,1.0,0.6105912662515105,1.8926186192531396
2.0,4.0,0.0,0.0,0.0,0.0,0.0,0.9681924425528438
0.0,4.0,0.0,0.0,0.0,0.0,0.0,0.0
0.0,0.31115987791900346,0.0,3.0,2.0,0.0,0.0,0.0
0.0,0.0,3.0,0.0,0.0,1.0,0.0,2.0
0.0,0.0,0.0,0.0,0.0,1.0,0.0,0.0
0.0,4.0,3.0,0.0,0.0,1.0,0.0,0.056705934340532616
0.0,0.0,3.0,3.0,2.0,0.0,0.0,0.016047639999556385
2.0,4.0,3.0,3.0,2.0,0.3269336686108323,2.0,1.0578236837443002
2.0,4.0,3.0,3.0,0.0,0.0,0.0,0.18897411825608168
0.0,4.0,0.0,2.8917026566448696,1.9059761468951235,1.0,0.0,0.07562949305777855
0.0,0.0,0.0,0.0,0.0,0.0,0.0,0.09450758481234411
2.0,4.0,3.0,3.0,2.0,1.0,0.0,1.055723915161076
0.0,0.0,2.4809291266529514,0.0,2.0,1.0,0.0,0.0
0.0,4.0,0.0,0.0,0.0,0.0,0.0,0.9334908575718056
0.0,0.0,0.0,0.0,2.0,0.0,2.0,2.0
2.0,0.0,3.0,3.0,0.0,1.0,2.0,0.0
0.0,4.0,0.0,0.0,2.0,0.0,0.0,2.0
0.0,0.0,3.0,3.0,2.0,0.0,0.10977507364351136,1.914431555101598
0.0,4.0,3.0,0.0,0.0,0.0,0.0,0.0
2.0,4.0,0.0,3.0,2.0,1.0,2.0,1.0292965535192704
0.0,1.4820493442825913,0.0,3.0,0.0,1.0,0.8431822062932868,0.005683408462441086
0.0,0.0,0.0,0.0,0.0,0.0,0.0,0.0
0.0,0.0,3.0,0.0,2.0,1.0,2.0,0.0
2.0,4.0,3.0,3.0,0.0,0.0,2.0,0.0
0.0,0.0,0.0,3.0,2.0,0.0,0.0,0.10414866377774656
0.0,0.0,0.0,0.0,0.0,0.0,0.0,0.0
2.0,4.0,3.0,3.0,2.0,1.0,2.0,1.009426236886911
2.0,0.0,3.0,3.0,2.0,1.0,2.0,1.084669515082301
2.0,4.0,3.0,3.0,2.0,1.0,2.0,2.0
2.0,4.0,3.0,3.0,0.0,0.0,0.0,0.0
2.0,4.0,0.0,3.0,2.0,0.5236211268384103,2.0,0.0
0.0,4.0,3.0,3.0,2.0,1.0,2.0,2.0
0.0,0.0,0.0,0.0,2.0,0.0,0.0,1.3824765215485701
0.0,0.0,0.0,0.0,0.0,0.0,0.0,0.10156748436411833
2.0,4.0,3.0,3.0,2.0,1.0,2.0,0.0
2.0,4.0,3.0,0.0,0.0,0.0,2.0,2.0
2.0,4.0,3.0,1.2211781909788348,2.0,1.0,2.0,0.022965566751048327
0.0,0.0,0.0,0.0,0.0,0.0,0.0,0.10643689555373914
2.0,0.0,0.0,0.0,2.0,0.0,2.0,0.07505765804750941
2.0,0.0,0.0,3.0,2.0,1.0,0.0,1.982988078462768
0.0,4.0,2.5541786678692664,3.0,0.0,0.0,2.0,0.9498536002088246
2.0,4.0,3.0,3.0,2.0,1.0,2.0,1.9706878861528005
2.0,3.863635812837376,0.0,3.0,2.0,0.6717804243500184,0.0,2.0
2.0,4.0,3.0,3.0,2.0,1.0,2.0,2.0
2.0,0.0,3.0,3.0,2.0,0.0,2.0,0.002785097197794628
2.0,0.0,3.0,3.0,2.0,0.957534240991889,2.0,0.8902862022619841
0.0,0.0,3.0,0.0,2.0,0.4808620878966089,0.0,1.0829631943523024
2.0,0.0,3.0,3.0,0.0,0.0,1.0128295373364844,0.949813710872778
0.9460957912647222,4.0,3.0,3.0,2.0,1.0,2.0,1.0398805106700553
0.0,0.0,2.726752673719259,3.0,0.0,1.0,2.0,0.9626324737231011
0.0,0.0,1.3479197564656724,0.0,0.0,0.0,0.0,2.0
2.0,4.0,3.0,3.0,2.0,1.0,2.0,2.0
2.0,0.7245149465877958,3.0,3.0,2.0,1.0,0.0,2.0
2.0,4.0,3.0,3.0,2.0,0.0,0.0,2.0
2.0,4.0,3.0,3.0,2.0,0.0,2.0,0.971346229610134
2.0,4.0,3.0,3.0,0.0,1.0,2.0,2.0
0.0,0.0,0.0,0.0,1.5654059538668852,0.0,0.0,1.9227482506158828
2.0,0.030824505312982087,3.0,0.0,0.7209482017518324,1.0,2.0,2.0
0.0,4.0,0.0,3.0,1.1343218072580494,1.0,1.7277513578963162,1.100395285669435
0.0,0.0,0.0,0.0,0.0,0.0,0.0,0.8966477268158808
0.0,4.0,0.0,0.0,2.0,1.0,0.0,1.0233494078962662
2.0,4.0,0.0,3.0,0.0,0.0,0.10535675165726088,2.0
0.0,0.09746327622334117,0.0,0.0,0.0,0.0,0.0,0.05066298167471528
2.0,0.0,3.0,0.06337079061248367,2.0,1.0,0.0,2.0
2.0,4.0,0.0,3.0,2.0,0.0,2.0,1.6989043236651324
2.0,4.0,3.0,3.0,2.0,1.0,2.0,2.0
0.0,0.0,0.0,0.0,2.0,0.0,2.0,0.0
2.0,0.0,0.0,0.0,2.0,0.0,0.0,0.0
0.0,2.957822794265783,0.0,0.0,0.0,0.0,2.0,1.8821247913252093
2.0,0.0,3.0,0.0,0.0,0.0,0.0,1.885757334142526
0.0,0.0,3.0,0.0,0.0,0.0,0.0,2.0
2.0,4.0,3.0,3.0,2.0,1.0,2.0,0.9793183586865843
0.0,0.0,3.0,0.0,0.0,0.0,2.0,0.0
0.0,0.0,0.0,0.0,2.0,0.0,0.0,0.0
2.0,4.0,3.0,3.0,2.0,1.0,2.0,0.0
0.0,0.0,3.0,0.0,1.5458681090208508,1.0,0.0,1.0031792460932443
0.0,4.0,0.0,3.0,2.0,1.0,2.0,1.4847104032507086
2.0,4.0,0.0,0.0,0.0,1.0,2.0,1.1214234707640567
0.0,4.0,3.0,3.0,0.0,0.0,0.0,0.13230363483420748
2.0,4.0,3.0,2.0102211072025216,2.0,1.0,2.0,2.0
0.0,1.9119891986559154,3.0,0.0,2.0,0.0,0.0,2.0
0.0,0.0,0.0,0.0,2.0,0.0,0.0,0.8772035232481178
0.0,0.0,0.0,0.0,0.0,0.0,0.0,1.9308579887464923
0.0,4.0,3.0,3.0,0.0,1.0,2.0,0.9936017568265865
0.0,0.0,3.0,1.831857196171149,2.0,0.0,2.0,1.9864589077052373
0.0,0.0,3.0,0.0,0.0,0.0,0.0,1.1546274452715455
2.0,4.0,3.0,3.0,2.0,1.0,2.0,2.0
1.1110092484902638,4.0,0.0,0.0,0.0,1.0,2.0,0.969952746033144
2.0,4.0,0.0,3.0,0.0,1.0,1.5570168532946944,1.022293521081948
0.0,0.0,0.0,0.0,0.0,1.0,0.0,2.0
0.0,0.0,3.0,3.0,1.8418218828816402,1.0,0.0,1.9857891369902398
2.0,4.0,3.0,3.0,2.0,1.0,2.0,0.0
0.0,4.0,0.0,0.0,2.0,0.0,0.0,0.09756787588757254
0.0,3.7928568559720217,0.0,0.0,0.0,0.0,0.0,0.06786601998854835
2.0,4.0,3.0,3.0,2.0,1.0,2.0,0.0007575219669233579
0.0,4.0,3.0,0.0,2.0,1.0,0.6082474154193774,1.9133621040291455
2.0,4.0,0.0,3.0,2.0,0.9044172982127819,0.0,0.9729131949946205
0.0,0.0,0.0,0.0,0.0,0.0,0.0,1.0193249903813209
0.0,0.0,0.0,0.0,0.0,1.0,0.0,0.12964869898678755
0.0,0.0,3.0,0.0,0.0,1.0,2.0,0.0
2.0,0.0,0.0,0.0,0.0,0.0,1.621571494736546,0.9833572549831474
2.0,4.0,2.0151690058051464,3.0,1.4657155711534875,0.0,2.0,1.0658651716886314
0.0,4.0,3.0,0.0,0.0,0.0,0.0,0.0
0.0,0.0,0.0,0.0,0.0,0.0,0.0,1.941337921549429
2.0,4.0,3.0,3.0,2.0,0.0,2.0,2.0
2.0,0.0,3.0,0.0,0.038843084631741354,1.0,2.0,0.0
2.0,4.0,3.0,3.0,2.0,1.0,2.0,1.0289204344889076
0.0,0.0,0.0,0.0,0.0,1.0,0.0,0.07431205623739112
0.0,0.0,0.0,0.0,0.0,0.0,0.0,2.0
2.0,2.3658429069758498,3.0,2.166814171976407,2.0,1.0,2.0,2.0
2.0,4.0,3.0,3.0,2.0,1.0,2.0,2.0
2.0,0.0,0.0,3.0,0.0,0.0,0.0,0.12338933585753975
1.5527570611960808,0.0,0.0,0.0,0.0,0.0,0.0,0.05343420204796778
0.0,0.1286315633798485,0.0,0.0,0.0,0.025844691084148774,0.0,1.0669332598571994
2.0,2.802161660576866,3.0,3.0,2.0,1.0,2.0,0.9960612784608398
2.0,3.0890750294094387,3.0,0.0,2.0,1.0,2.0,1.7299818308832084
0.0,0.0,0.0,0.0,2.0,0.10601073814466816,0.0,0.0
2.0,4.0,3.0,3.0,2.0,1.0,2.0,2.0
2.0,0.0,3.0,0.0,2.0,1.0,0.0,1.0135940134196115
0.0,0.0,0.0,0.0,0.0,0.0,2.0,2.0
2.0,4.0,3.0,3.0,2.0,1.0,2.0,0.015719452945045842
2.0,4.0,3.0,3.0,2.0,0.0,2.0,1.9480806264654533
2.0,4.0,3.0,3.0,2.0,0.0,0.0,1.0290532264631627
2.0,0.0,3.0,3.0,2.0,1.0,0.0,0.992106798450012
0.0,0.0,0.0,0.0,0.0,0.0,0.0,0.2427655038958333
2.0,4.0,3.0,0.0,2.0,1.0,2.0,0.023568138783359616
2.0,0.0,2.823876118611239,0.0,0.0,1.0,2.0,0.9546769216143236
0.0,4.0,0.0,0.0,2.0,1.0,2.0,0.02456582700907617
0.0,0.0,0.0,3.0,2.0,0.0,0.0,0.04971975434591036
2.0,4.0,3.0,0.0,2.0,0.0,2.0,0.9562064903613475
2.0,0.0,0.0,0.0,2.0,0.5025279462173465,0.0,0.11629920186651932
2.0,4.0,3.0,0.0,2.0,0.0,2.0,0.05139030583989512
2.0,4.0,3.0,3.0,2.0,1.0,2.0,2.0
2.0,0.0,0.0,0.0,2.0,1.0,0.0,0.02323318401198593
2.0,0.0,0.6648472991354792,0.0,0.0,0.0,2.0,1.9159535139403796
2.0,0.0,0.0,0.0,0.0,0.0,0.0,0.0
0.0,0.0,0.0,3.0,2.0,0.0,0.0,1.958620512861657
0.0,4.0,3.0,0.0,2.0,0.1727351108404166,0.0,0.00014009926278613083
0.0,0.0,3.0,0.0,0.0,1.0,2.0,2.0
0.0,0.0,0.0,0.0,0.0,0.0,0.0,0.07073597091814043
2.0,0.0,3.0,3.0,2.0,0.0,2.0,1.952782669766974
0.0,4.0,3.0,3.0,2.0,1.0,2.0,0.0
0.0,4.0,0.0,0.0,0.0,1.0,0.0,0.9803277140231269
2.0,3.99384450123069,0.0,3.0,0.0,0.0,0.0,1.8700970349936266
2.0,4.0,0.0,3.0,0.0,0.0,0.0,2.0
0.0,0.0,0.0,3.0,1.6027515987585188,0.0,0.0,2.0
0.0,1.3138571504079217,3.0,3.0,2.0,1.0,1.0775293436134021,2.0
2.0,4.0,3.0,3.0,2.0,1.0,2.0,2.0
2.0,4.0,3.0,3.0,2.0,1.0,2.0,2.0
0.0,1.1475635258185717,0.0,1.3478162839157597,0.0,0.0,2.0,1.8891952140885908
2.0,4.0,3.0,3.0,2.0,0.0,2.0,2.0
2.0,0.0,3.0,0.0,1.163374711602986,0.0,2.0,2.0
2.0,4.0,3.0,3.0,2.0,1.0,2.0,1.7660864939848953
2.0,0.0,0.0,0.0,2.0,1.0,0.0,0.010755464856597285
0.0,0.0,1.7730449365915195,0.0,0.0,0.0,0.0,0.0
0.0,4.0,3.0,0.0,2.0,1.0,2.0,0.8605797902783295
2.0,4.0,3.0,3.0,2.0,1.0,2.0,2.0
0.0,0.0461290906442422,0.0,0.0,0.0,0.0,0.0,1.6600484509273112
0.0,0.0,0.0,3.0,2.0,0.0,2.0,1.1023664709723489
2.0,4.0,3.0,0.8078743588768188,0.0,1.0,2.0,0.0
0.0,0.0,3.0,0.0,2.0,0.829563306674132,1.917045192162477,1.9476058049290494
0.0,0.0,0.0,0.0,0.0,0.0,0.0,0.0
0.0,0.0,0.0,0.0,0.0,0.0,0.0,1.135738752911459
0.0,0.0,0.0,3.0,0.0,1.0,0.0,0.0
2.0,4.0,3.0,1.28364131159254,2.0,0.0,2.0,0.0
2.0,4.0,3.0,0.0,1.1136588380591024,1.0,2.0,1.1026227986634967
2.0,4.0,3.0,3.0,2.0,1.0,2.0,1.8552200795743283
2.0,0.0,3.0,2.986953887908203,0.0,1.0,2.0,2.0
0.0,0.0,0.0,3.0,0.0,0.0,2.0,2.0
2.0,0.0,3.0,0.0,0.0,1.0,0.0,0.05100019686111834
2.0,4.0,3.0,3.0,2.0,1.0,2.0,0.0
2.0,4.0,0.0,0.0,2.0,0.0,0.0,1.3802813465282866
0.0,0.0,0.0,0.0,0.0,0.0,0.0,0.019122871179389933
2.0,4.0,3.0,3.0,2.0,1.0,2.0,1.1705801398105569
2.0,3.676342015506417,3.0,3.0,0.0,1.0,2.0,0.13436266252735896
2.0,4.0,3.0,3.0,2.0,0.5195161156224619,2.0,0.0
0.0,0.1817322317139467,0.0,3.0,0.0,0.0,0.0,0.0
0.0,4.0,0.0,0.0,0.0,0.0,0.0,2.0
2.0,4.0,3.0,3.0,2.0,1.0,2.0,0.8958554646449147
2.0,4.0,3.0,3.0,2.0,1.0,2.0,2.0
2.0,4.0,1.9957105799837636,3.0,2.0,1.0,2.0,1.9887225300010054
2.0,4.0,0.0,3.0,1.1772994474614975,0.0,0.0,2.0
2.0,0.0,0.0,3.0,0.0,0.6052640555630845,2.0,0.013044118914892322
2.0,4.0,3.0,3.0,2.0,1.0,0.0,2.0
0.0,0.0,0.0,0.0,0.0,1.0,0.0,1.9693599310423089
2.0,0.0,3.0,0.09588079393078884,2.0,1.0,2.0,0.0870946381835832
2.0,1.7631683217008483,3.0,0.6133208901350563,0.0,1.0,0.0,1.1954971357820063
0.0,0.0,3.0,0.0,1.939698027113127,0.0,0.0,0.915987325163822
0.0,0.0,0.0,0.0,0.0,0.7372474670097534,0.0,1.3959430784432936
2.0,4.0,0.0,3.0,2.0,0.0,0.0,0.8858009299610524
0.0,0.0,0.0,0.0,0.0,0.0,0.0,0.14430720796440766
0.0,0.0,0.0,3.0,0.0,0.0,0.0,0.08154034584712044
2.0,4.0,3.0,3.0,2.0,1.0,2.0,1.119349372624434
0.0,4.0,0.0,3.0,2.0,0.0,2.0,2.0
2.0,4.0,3.0,3.0,2.0,1.0,2.0,2.0
1.8997440344135723,0.0,0.0,0.0,0.0,0.0,0.0,0.9073889664668425
0.0,0.0,3.0,0.0,0.0,0.0,2.0,1.8247941919054353
0.0,4.0,3.0,3.0,2.0,1.0,2.0,1.9990348488125997
2.0,4.0,3.0,3.0,0.0,1.0,0.22481312138282916,0.8174189863119937
2.0,4.0,3.0,3.0,2.0,1.0,2.0,0.00032922437696869533
0.0,4.0,0.0,0.0,0.0,0.0,0.0,0.04522466214540444
0.0,4.0,0.0,3.0,0.0,1.0,2.0,0.0
2.0,0.0,2.5948127318106247,3.0,2.0,1.0,1.4041838020381807,0.021736188654685518
2.0,4.0,0.0,1.9357340270868626,0.9265148616136347,0.0,2.0,0.0
0.0,0.0,0.0,0.0,0.0,0.0,0.0,2.0
2.0,0.0,3.0,3.0,2.0,0.20909955815688502,2.0,1.9987823422965008
0.0,4.0,3.0,0.0,2.0,1.0,0.0,0.0
2.0,4.0,3.0,3.0,2.0,1.0,2.0,1.545987145772625
2.0,0.0,0.0,0.0,0.0,0.0,0.0,1.0099330864457439
2.0,4.0,3.0,3.0,2.0,1.0,2.0,0.9423323047251198
0.0,0.0,0.0,0.0,0.0,0.0,0.0,0.0020289506400646973
2.0,4.0,3.0,3.0,2.0,1.0,2.0,1.824536158593102
0.0,0.0,3.0,0.0,0.0,0.6497278369289093,2.0,1.98946505231193
0.0,0.0,0.0,0.0,0.0,0.0,0.0,0.05384605608697324
0.0,4.0,3.0,3.0,2.0,0.0,2.0,1.9024847676841765
2.0,0.0,3.0,3.0,0.0,0.0,0.0,1.603203503484539
1.4935706083459683,4.0,3.0,0.0,0.0,1.0,2.0,1.420948634368267
0.0,0.0,0.0,0.0,0.0,0.0,0.0,2.0
2.0,0.0,0.0,0.0,2.0,0.0,0.0,0.0
2.0,0.0,3.0,0.0,0.0,0.0,0.0,1.0675489051511255
2.0,0.7590260376926468,0.7678691849373716,0.0,0.0,0.10894049610908119,0.0,1.0259363385699627
0.0,4.0,0.0,3.0,2.0,0.7886705143784637,0.0,1.9937698165234914
2.0,4.0,3.0,3.0,0.0,1.0,2.0,1.8572364914193948
0.41688230153249106,4.0,3.0,3.0,2.0,0.0,0.0,0.973007374787529
0.0,0.0,3.0,0.0,0.0,0.0,2.0,1.924664610177636
0.0,4.0,0.0,0.0,0.0,0.0,0.0,0.09788645290311171
0.0,4.0,3.0,3.0,0.0,0.0,0.0,2.0
2.0,0.0,0.0,3.0,2.0,1.0,2.0,0.0
2.0,4.0,0.0,0.6617812762661722,0.0,0.0,0.0,0.028060607634500134
0.0,0.0,1.2178454616198051,0.0,2.0,1.0,0.0,0.0
2.0,4.0,3.0,3.0,0.0,1.0,2.0,0.9812232226953861
2.0,4.0,3.0,3.0,2.0,1.0,2.0,1.8641610133125726
2.0,4.0,3.0,0.0,0.0,0.0,2.0,0.0
0.0,0.0,0.0,0.0,0.0,0.0,0.0,1.8524864798895813
0.0,0.0,2.699762676226735,3.0,1.1323005608772878,0.0,0.0,1.1039525630394067
2.0,4.0,3.0,3.0,2.0,1.0,2.0,0.9939665539784969
0.0,0.0,0.0,0.0,0.0,1.0,0.0,0.8543455038077659
2.0,0.0,3.0,3.0,0.0,1.0,0.0,1.8136494497385307
0.0,0.0,0.0,3.0,0.0,0.0,0.0,0.9932948492948964
0.0,0.0,0.0,0.0,0.0,1.0,2.0,2.0
2.0,0.0,3.0,3.0,2.0,0.0,2.0,2.0
2.0,4.0,0.0,3.0,2.0,1.0,2.0,0.9759590567305249
0.0,2.2913128390457262,3.0,0.0,2.0,0.0,2.0,1.0329260806923577
2.0,4.0,3.0,3.0,1.0192371148720338,1.0,2.0,1.9024677763762547
2.0,4.0,0.0,3.0,2.0,1.0,0.0,0.9070677622640164
2.0,4.0,3.0,0.0,0.0,1.0,2.0,0.9349195023297923
0.0,0.0,0.0,1.8200023513157748,0.0,1.0,0.0,0.08595544653347909
0.0,4.0,3.0,3.0,2.0,0.0,2.0,0.920815462586525
2.0,0.0,0.0,0.0,0.0,1.0,2.0,0.9591859055809582
0.5738497581526765,0.0,0.0,0.0,0.0,1.0,1.2295424123107486,1.0343132483167856
0.0,4.0,0.0,0.0,0.0,1.0,0.0,0.0
2.0,4.0,3.0,3.0,2.0,1.0,2.0,1.081038071290352
2.0,4.0,3.0,3.0,2.0,1.0,2.0,0.0
2.0,0.0,3.0,1.9148891988346803,2.0,1.0,0.0,2.0
0.0,4.0,0.0,0.0,0.0,1.0,0.0,0.13700098790225634
2.0,2.299580043111883,3.0,3.0,2.0,0.22561854703685735,0.0,1.052053298825765
0.0,0.0,3.0,0.0,2.0,0.0,0.0,0.965493695537951
0.0,4.0,0.0,3.0,1.9361355055589065,0.453148629772395,2.0,1.9633418324360385
2.0,4.0,0.0,0.0,0.0,1.0,2.0,1.0847639478058286
2.0,0.0,0.0,0.0,0.0,0.0,0.0,0.0
0.0,1.2434623475558693,0.0,3.0,0.0,0.0,0.0,1.9965467885441783
2.0,4.0,3.0,3.0,2.0,1.0,2.0,0.97813080991712
0.0,4.0,0.0,0.0,2.0,0.0,0.0,2.0
0.3783472377903918,0.0,3.0,3.0,0.0,1.0,0.0,0.012362517262120232
0.0,0.0,0.0,0.0,0.0,0.0,0.0,0.0
0.0,4.0,0.0,3.0,2.0,0.302778071710594,2.0,0.1484014909145731
0.0,0.0,0.0,0.0,0.0,0.0,0.0,0.8786732382767112
2.0,4.0,3.0,0.0,0.0,1.0,2.0,1.923306760122763
0.0,0.0,0.0,3.0,2.0,0.0,0.0,1.961274768132446
0.0,0.0,2.223885622531885,3.0,0.0,0.0,2.0,0.9586336447258623
2.0,4.0,3.0,3.0,2.0,0.8002874375040623,2.0,0.9269137324363476
0.0,4.0,0.0,0.0,2.0,0.0,2.0,0.9968136839249765
0.0,0.0,0.0,0.0,0.0,0.0,0.0,1.1752098906564248
0.0,4.0,0.0,3.0,2.0,0.0,2.0,0.0459836911536573
2.0,3.4496792043808275,2.830876799772495,0.0,2.0,1.0,2.0,0.9638755355530869
2.0,4.0,0.0,0.0,2.0,0.0,0.0,1.5728914566684629
0.0,0.0,0.0,3.0,2.0,1.0,2.0,2.0
2.0,4.0,3.0,3.0,2.0,1.0,2.0,2.0
0.0,0.0,0.0,0.0,0.0,0.0,0.0,0.04137384094754781
0.0,4.0,0.0,3.0,0.0,1.0,2.0,0.9394339193614859
1.5832202952382914,0.0,3.0,3.0,2.0,1.0,0.0,0.0
2.0,4.0,3.0,3.0,2.0,1.0,2.0,0.9064556537546014
2.0,4.0,0.0,3.0,2.0,1.0,2.0,0.9387834824542329
0.0,0.0,0.0,0.0,0.0,0.0,0.0,1.0179744435483327
2.0,4.0,3.0,3.0,2.0,1.0,2.0,2.0
2.0,4.0,3.0,3.0,2.0,1.0,0.0,1.0328357124803003
2.0,4.0,0.0,3.0,0.0,0.0,2.0,0.0
1.4329947930959235,4.0,0.0,0.25699139354636885,2.0,1.0,2.0,1.9719157977786856
0.0,0.0,0.0,0.0,0.0,0.0,0.0,0.0676043317845233
0.0,0.0,3.0,3.0,2.0,0.0,2.0,1.8738425698765644
0.0,0.0,0.0,3.0,0.0,0.0,2.0,0.029700311484036956
2.0,0.0,3.0,3.0,0.0,1.0,2.0,0.0
2.0,4.0,3.0,3.0,2.0,1.0,0.0,2.0
2.0,4.0,0.0,3.0,0.0,0.0,0.6884038596621744,1.921717445282788
2.0,4.0,3.0,0.0,0.0,1.0,0.0,1.8010848088932434
0.0,2.895979558922227,0.0,0.0,2.0,0.3397748030221943,2.0,0.9517451537341015
2.0,0.0,0.0,0.0,0.0,0.0,2.0,1.353823763271472
2.0,4.0,3.0,3.0,0.18003643349565113,1.0,2.0,1.0190689786992944
2.0,4.0,3.0,1.9827928945712612,2.0,1.0,2.0,1.0036252379993311
2.0,0.0,0.0,0.0,2.0,0.0,0.0,1.0067840776430994
2.0,4.0,3.0,3.0,2.0,1.0,2.0,0.87701358923657
0.0,4.0,0.0,3.0,0.0,1.0,0.0,0.07422864885471459
0.0,0.0,0.0,0.0,0.0,0.0,0.0,0.09933514838590318
0.0,0.0,1.9487410867642658,0.0,2.0,0.0,0.0,2.0
0.0,4.0,3.0,0.0,0.42755065390946223,1.0,0.28670303060892965,1.947637697063652
0.0,0.0,0.0,0.0,0.0,0.0,0.0,1.8947518984991807
0.0,0.0,0.0,3.0,0.0,0.0,0.0,0.0
2.0,4.0,3.0,3.0,2.0,1.0,2.0,1.9198810444269063
1.585092861647282,0.0,0.0,3.0,0.0,0.0,0.0,0.0
0.0,0.0,3.0,0.0,2.0,1.0,2.0,1.9820159200375065
2.0,0.0,3.0,3.0,0.0,0.0,0.0,1.7948106628162093
0.0,0.0,0.0,3.0,0.0,1.0,0.0,1.9766514703379507
0.0,0.0,3.0,1.269393258818477,2.0,0.7944974556667669,2.0,0.1302293882737916
2.0,4.0,3.0,3.0,2.0,0.0,2.0,0.1031245750513412
2.0,4.0,3.0,3.0,0.0,1.0,2.0,2.0
2.0,4.0,3.0,0.0,0.0,0.0,2.0,1.9459316435043816
0.0,0.0,2.240375570780776,0.0,0.0,0.0,0.0,0.0
0.0,0.0,0.0,0.0,0.0,0.0,2.0,1.9080481545263022
2.0,4.0,3.0,0.0,0.0,0.0,0.0,1.0914650043745502
0.0,0.0,0.0,0.0,0.0,1.0,2.0,1.3905687722409361
2.0,4.0,3.0,3.0,2.0,1.0,2.0,1.9677069015993636
0.0,0.0,0.0,0.0,0.0,0.0,0.0,2.0
2.0,4.0,3.0,3.0,0.0,1.0,1.938232153820382,0.1371473663147228
2.0,0.0,0.0,3.0,2.0,1.0,0.0,1.252508748059887
0.0,0.0,3.0,3.0,2.0,1.0,2.0,2.0
0.0,0.0,0.0,0.0,0.0,0.0,0.0,0.13277523166370964
0.0,0.0,0.0,0.0,0.0,0.0,0.0,0.0
0.0,0.0,0.0,0.0,2.0,0.0,0.0,1.078029996012646
2.0,0.0,0.0,3.0,0.0,0.0,2.0,1.6568595853871964
2.0,4.0,3.0,3.0,0.0,1.0,2.0,1.0640358895347852
0.0,4.0,3.0,3.0,2.0,1.0,0.9293597227626649,1.9803005760673429
2.0,0.0,3.0,0.37353368644093704,0.0,1.0,0.0,0.8734659467653583
0.0,4.0,3.0,0.0,0.0,1.0,2.0,2.0
0.0,0.0,0.0,0.0,0.0,0.0,0.0,0.0
0.0,0.0,0.0,0.0,0.0,0.0,0.0,1.6375997716590942
2.0,0.0,3.0,3.0,2.0,1.0,2.0,2.0
2.0,4.0,3.0,0.0,0.0,1.0,0.0,2.0
2.0,4.0,3.0,0.0,2.0,0.0,2.0,0.0
0.0,4.0,3.0,0.0,0.0,1.0,2.0,1.9546386446822075
2.0,4.0,0.0,0.0,0.0,0.0,0.0,1.9306506607651448
2.0,0.0,3.0,0.0,2.0,1.0,2.0,1.9617857640284337
2.0,0.0,3.0,3.0,0.0,0.0,0.0,1.9529411878576526
0.0,0.0,0.0,0.0,0.0,0.0,0.0,0.046383079273330075
0.0,0.0,0.0,0.0,0.0,0.0,0.0,0.06619403371946908
0.0,1.440795752965594,0.0,0.0,2.0,1.0,2.0,0.0
2.0,4.0,3.0,3.0,2.0,1.0,2.0,2.0
0.0,0.0,0.0,0.0,0.0,0.0,0.0,1.0038157321340004
2.0,4.0,0.0,0.0,2.0,0.04053322399492715,0.0,0.021675921328194736
2.0,0.0,3.0,0.0,0.0,0.0,0.0,0.9790078089278379
2.0,4.0,3.0,3.0,2.0,1.0,2.0,0.0
2.0,4.0,3.0,3.0,2.0,1.0,0.0,2.0
0.19286751333602703,2.3501866645444407,3.0,3.0,0.0,1.0,2.0,0.12032803268823145
2.0,4.0,3.0,3.0,2.0,1.0,2.0,2.0
0.0,0.0,0.0,3.0,0.0,1.0,2.0,1.9454663269548673
2.0,4.0,3.0,0.0,2.0,1.0,2.0,0.0
0.0,0.0,1.942210020122319,0.0,0.0,0.0,2.0,0.0
0.0,0.0,0.0,3.0,0.0,1.0,2.0,2.0
0.0,0.991832343124547,0.0,0.0,0.0,0.0,2.0,0.08002321070272189
2.0,4.0,3.0,3.0,2.0,1.0,2.0,0.0
2.0,0.0,0.0,0.0,2.0,0.035123618705287296,0.0,2.0
0.0,0.0,0.0,3.0,0.0,0.0,2.0,2.0
2.0,4.0,0.0,3.0,2.0,1.0,0.0,1.9866101433551222
0.0,3.3134459509155296,0.0,3.0,0.0,1.0,0.0,1.392923355673836
2.0,4.0,3.0,3.0,2.0,0.9844430177506525,2.0,0.0
2.0,4.0,3.0,3.0,2.0,0.0,2.0,1.3865979502346224
2.0,0.0,0.0,3.0,1.8004004943340788,1.0,0.0,1.6730319859460803
2.0,0.0,0.0,0.0,2.0,0.0,0.0,0.0
2.0,4.0,0.0,3.0,2.0,1.0,2.0,0.0
0.3588415353800498,4.0,3.0,3.0,2.0,1.0,2.0,0.8895659882547126
2.0,4.0,3.0,3.0,2.0,1.0,0.0,2.0
2.0,4.0,3.0,3.0,2.0,1.0,2.0,0.9990498533389273
2.0,0.0,3.0,3.0,2.0,0.0,2.0,0.9837504697438566
2.0,0.0,0.0,0.0,0.0,0.0,1.6331147289657677,2.0
2.0,4.0,3.0,3.0,2.0,1.0,2.0,0.15519223395430282
2.0,4.0,3.0,3.0,2.0,1.0,2.0,2.0
2.0,2.182305583062894,3.0,3.0,0.0,1.0,2.0,0.1177971965899216
2.0,4.0,3.0,3.0,2.0,1.0,2.0,0.053410673796551955
2.0,4.0,3.0,3.0,2.0,1.0,2.0,1.9022385023296389
2.0,0.0,3.0,3.0,2.0,1.0,2.0,0.0
2.0,3.160465782172971,3.0,3.0,2.0,1.0,0.4995278840600935,1.0853457059938962
0.0,4.0,3.0,3.0,2.0,1.0,2.0,2.0
2.0,4.0,1.3763742369803977,3.0,0.6779998415342281,1.0,2.0,2.0
0.13556866779112742,0.0,0.0,3.0,2.0,0.0,0.0,0.0
0.0,0.0,0.0,0.0,0.0,0.0,0.0,0.9880253229406935
0.0,0.0,0.0,3.0,2.0,0.0,0.0,1.9352807741113547
0.0,0.3714461318411304,3.0,0.0,0.0,0.0,0.6912815857934516,2.0
2.0,4.0,3.0,1.2897728150733931,0.0,0.0,0.0,0.0
2.0,0.0,3.0,0.0,0.0,0.0,0.0,1.0888063929413883
0.9114696046424092,0.0,0.0,3.0,0.0,0.0,2.0,0.11685142488999545
2.0,4.0,3.0,3.0,2.0,0.9021990243854152,0.0,0.916235896173706
0.0,4.0,0.0,0.0,2.0,0.0,0.0,2.0
2.0,4.0,3.0,3.0,2.0,1.0,2.0,2.0
2.0,4.0,3.0,3.0,0.0,1.0,2.0,0.03787770999059681
0.0,0.0,0.0,0.0,0.0,0.0,0.0,1.934738831997029
2.0,4.0,3.0,3.0,2.0,1.0,2.0,2.0
0.0,0.0,0.0,0.0,0.0,0.0,0.0,1.9925242366404605
0.804462925082595,4.0,0.0,0.0,0.0,1.0,2.0,1.914204851214377
2.0,4.0,3.0,3.0,2.0,1.0,2.0,2.0
0.0,0.0,3.0,0.0,0.0,0.0,2.0,2.0
2.0,4.0,0.0,3.0,2.0,0.0,0.0,1.9241876778906755
0.0,4.0,0.0,3.0,2.0,1.0,2.0,0.0
2.0,4.0,3.0,3.0,2.0,1.0,0.0,1.0746266247835548
0.0,0.0,0.0,0.0,0.0,0.0,2.0,0.9918687478472134
0.0,4.0,0.0,3.0,2.0,0.0,2.0,1.1273061341341164
2.0,0.0,0.0,0.0,2.0,0.0,2.0,0.0
2.0,4.0,3.0,3.0,2.0,1.0,2.0,0.0
2.0,4.0,3.0,3.0,2.0,1.0,2.0,0.07621833109311582
0.0,0.0,0.0,0.0,0.0,0.0,0.0,1.9590086555060715
0.0,4.0,0.0,0.8513901204079852,2.0,1.0,1.9012181123219405,0.9834702526875725
2.0,0.0,3.0,3.0,2.0,1.0,2.0,0.05815983440877881
2.0,4.0,3.0,3.0,2.0,1.0,2.0,0.0
0.0,4.0,0.0,0.0,0.0,0.0,0.0,0.09770666865252775
2.0,4.0,2.132366375173879,0.0,2.0,1.0,2.0,2.0
2.0,0.0,0.0,0.0,1.7419142251138828,0.0,0.0,2.0
2.0,4.0,0.0,3.0,0.0,1.0,2.0,1.1231335139389365
0.0,0.0,0.0,0.0,0.0,0.0,0.0,1.0232543794874889
2.0,4.0,0.0,1.822258649938038,2.0,1.0,0.0,2.0
2.0,0.0,3.0,0.0,2.0,0.09842948595494433,0.0,1.0661401171739364
2.0,0.0,0.0,3.0,2.0,0.46140425601231283,0.0,1.1354971382999535
0.0,0.0,0.0,0.0,0.0,0.0,0.0,0.9274048521976624
0.0,4.0,3.0,3.0,2.0,1.0,2.0,0.049256225341697935
0.0,4.0,3.0,3.0,2.0,1.0,0.16882947260162462,1.1018763893507963
0.0,0.0,3.0,3.0,2.0,1.0,2.0,2.0
2.0,4.0,0.0,3.0,2.0,1.0,0.0,0.12288853472970851
0.0,4.0,3.0,0.0,0.0,0.0,0.0,1.0401676036093253
2.0,0.0,0.0,3.0,1.4839287823254999,1.0,2.0,2.0
0.0,0.0,3.0,0.79162952862875,2.0,0.0,0.0,0.0
0.0,4.0,0.0,3.0,0.0,0.4988848976624173,0.0,0.8689176430523686
2.0,0.0,0.0,0.0,2.0,0.0,0.0,0.9865221434473602
0.0,0.0,0.0,0.0,0.0,0.0,0.0,2.0
2.0,0.0,3.0,3.0,2.0,1.0,2.0,0.90320660402554
2.0,4.0,3.0,3.0,2.0,1.0,2.0,0.05756338783767001
0.0,0.0,0.0,0.0,0.0,0.0,0.0,2.0
0.0,0.0,3.0,0.0,0.0,0.0,0.0,0.12686113879972316
2.0,0.0,3.0,0.0,2.0,0.0,0.0,0.8100006794510248
0.0,4.0,0.0,0.0,0.0,1.0,1.1222268084099052,1.9872547851631306
2.0,4.0,0.0,0.0,2.0,1.0,0.0,0.952619480622939
2.0,0.0,0.0,0.0,0.0,0.0,0.0,0.9564064974020576
0.0,0.0,3.0,0.0,0.0,0.0,0.0,0.0
2.0,4.0,3.0,3.0,2.0,1.0,2.0,1.9348773722690107
0.0,0.0,0.0,0.0,0.0,0.0,0.0,2.0
0.0,4.0,0.0,0.0,0.0,0.0,0.0,1.9841047484804117
0.0,0.0,0.0,0.0,0.0,0.0,0.0,2.0
2.0,4.0,3.0,0.0,2.0,0.0,2.0,0.0
0.0,3.1936316739412915,3.0,0.0,0.0,1.0,2.0,1.7034145040610844
2.0,0.0,0.0,0.0,0.0,1.0,0.0,1.9893007391102528
2.0,4.0,3.0,3.0,2.0,0.0,2.0,1.0000959308656208
0.0,0.0,0.0,0.0,0.0,0.0,0.0,0.060026534440656865
2.0,0.0,0.0,0.0,0.0,0.0,0.0,0.8841689446736981
0.0,0.0,0.0,0.0,1.7143955668757074,1.0,2.0,1.9839802889829807
2.0,0.0,3.0,0.0,0.0,0.5231090991009425,0.0,0.046981575817493515
2.0,4.0,3.0,3.0,2.0,1.0,2.0,1.8940065635967909
2.0,4.0,0.0,3.0,0.0,1.0,0.0,0.0
0.0,0.0,0.5238990393355883,0.0,0.0,0.0,0.0,0.9619744739604065
2.0,4.0,0.0,3.0,2.0,1.0,0.0,1.9000651723601472
2.0,4.0,3.0,0.0,0.0,0.0,0.0,1.8133524112274437
0.0,0.0,3.0,0.0,2.0,0.0,2.0,1.8653778321905827
0.0,0.0,0.0,0.0,1.8641527740655603,0.0,2.0,0.03905155182508946
0.0,1.4583633929406776,0.0,3.0,2.0,1.0,0.0,1.0036447678946585
1.2228963355223612,4.0,3.0,3.0,2.0,0.0,2.0,2.0
0.0,0.0,3.0,0.0,0.0,0.0,0.0,1.2835063491048413
2.0,4.0,2.965755539450604,3.0,2.0,1.0,2.0,0.0
0.0,0.0,0.0,3.0,0.0,0.0,2.0,2.0
2.0,4.0,3.0,3.0,2.0,1.0,0.0,1.0312161837361782
2.0,4.0,3.0,3.0,2.0,1.0,2.0,0.0
0.0,4.0,0.0,3.0,0.0,0.0,2.0,0.003597683924824291
2.0,4.0,0.0,2.0196259797107867,2.0,0.0,2.0,0.05556106281723994
2.0,4.0,0.0,3.0,2.0,0.0,0.0,0.9439893686993571
0.0,4.0,0.0,0.0,2.0,0.0,0.0,1.6979210245272518
2.0,4.0,3.0,3.0,2.0,1.0,2.0,0.8484427966130721
2.0,4.0,3.0,3.0,2.0,0.0,2.0,0.06879357609798631
2.0,4.0,0.0,3.0,0.0,0.0,0.0,0.13268942211385948
2.0,4.0,1.690227356225689,0.0,0.0,1.0,0.0,1.5876696725769217
0.0,4.0,0.0,3.0,0.0,0.0,2.0,1.0264236028187428
0.0,0.0,3.0,3.0,0.0,1.0,0.0,0.0
0.0,4.0,3.0,3.0,0.0,1.0,2.0,2.0
0.0,0.0,0.0,0.0,0.0,0.0,0.0,1.9717566909118855
1.729673838220052,4.0,3.0,3.0,2.0,1.0,0.0,2.0
2.0,0.0,0.0,0.0,0.40272907731898244,0.0,0.0,0.0
0.0,0.0,0.0,3.0,0.0,0.0,0.0,0.9924101183636832
2.0,4.0,3.0,3.0,2.0,1.0,2.0,0.09885560749644673
0.0,0.0,0.0,0.0,0.0,0.0,0.0,2.0
2.0,0.0,0.0,3.0,2.0,0.0,0.0,0.9722675907075066
0.34361974547382457,0.8748188096969305,0.0,0.0,0.0,1.0,0.0,0.014029722431445846
1.8485778406265898,0.0,0.0,0.0,0.0,0.0,0.0,0.0
0.0,0.0,0.0,0.0,0.0,0.0,0.0,0.17547007380799384
2.0,4.0,3.0,3.0,2.0,1.0,0.0,1.963846679782276
0.0,0.0,0.0,0.0,1.5275959342801317,0.0,0.0,0.0
0.0,0.0,3.0,0.0,0.0,1.0,0.0,1.9067495800571972
2.0,4.0,3.0,3.0,2.0,1.0,2.0,0.0
2.0,4.0,3.0,3.0,2.0,1.0,2.0,0.9289690996184057
0.0,0.0,0.0,0.0,2.0,0.0,0.0,0.9611919484832332
2.0,0.0,3.0,3.0,2.0,0.0,0.0,0.9958586879913865
2.0,3.2767257427874767,1.9462018462284878,3.0,2.0,1.0,2.0,0.0
2.0,0.0,3.0,0.0,2.0,0.0,2.0,1.054424100583769
2.0,4.0,3.0,3.0,2.0,1.0,2.0,1.1185277510707095
0.0,0.0,0.6365788231500918,0.0,2.0,0.0,0.0,1.951488953557568
0.0,0.0,0.0,0.0,2.0,0.0,0.0,0.14976174051591074
0.0,0.0,0.0,0.0,0.0,0.0,2.0,1.1212955392534654
0.0,0.0,3.0,3.0,2.0,1.0,0.0,1.9846488162829918
0.0,0.0,0.0,0.0,0.0,0.0,0.0,1.1309793735014528
0.0,4.0,0.0,0.0,2.0,0.0,0.0,2.0
0.0,4.0,3.0,3.0,0.0,0.0,2.0,0.0
2.0,4.0,3.0,0.0,2.0,1.0,0.0,1.0226868959579547
2.0,2.476455691894671,3.0,0.0,2.0,0.7004684587204439,0.0,1.996235263168057
2.0,4.0,2.7362241693144536,0.0,0.0,1.0,0.0,0.0
0.0,0.0,3.0,0.19469026266968936,2.0,1.0,0.0,2.0
0.0,0.0,3.0,0.0,0.0,0.0,0.0,0.05724179203241453
0.0,4.0,3.0,3.0,0.0,1.0,2.0,1.8777957771688873
2.0,4.0,3.0,3.0,2.0,0.8735663120050845,2.0,0.8356844965373013
2.0,4.0,3.0,3.0,2.0,0.0,2.0,0.8985210078503435
0.0,0.0,0.0,3.0,0.0,1.0,0.0,0.1019332743032092
0.0,0.0,0.0,3.0,0.0,0.0,2.0,2.0
0.0,3.5751255632389887,0.0,3.0,0.0,0.0,2.0,1.945569797928143
2.0,4.0,3.0,3.0,2.0,1.0,2.0,1.9999406450101325
0.0,0.0,0.0,0.0,0.0,0.0,0.0,1.4150251429169751
0.0,4.0,3.0,3.0,1.9900410167494487,1.0,0.5662781287025309,0.0
0.35630057743984433,0.0,0.0,0.0,0.0,0.0,0.0,0.0
0.0,0.0,2.75680283414067,3.0,0.0,0.0,0.0,0.02118473598831938
2.0,4.0,3.0,0.0,0.9079711607213315,0.0,2.0,0.009317133213759488
2.0,0.0,0.0,3.0,2.0,1.0,2.0,1.9109011881764375
0.0,0.0,0.0,3.0,2.0,1.0,0.0,0.049016336909960434
2.0,4.0,0.0,0.0,0.0,1.0,2.0,1.1977358311000939
0.0,4.0,0.0,0.0,0.0,0.0,0.0,1.0407502748896171
0.0,0.0,0.0,0.0,0.0,0.0,0.0,0.13995149831065445
2.0,4.0,3.0,3.0,2.0,1.0,2.0,0.9423192601621945
0.0,0.0,0.0,0.0,0.0,0.0,0.0,1.9339209684775092
2.0,4.0,3.0,3.0,2.0,1.0,0.0,0.034861548252336894
0.0,4.0,3.0,0.0,0.0,1.0,2.0,0.9263609335651244
0.0,4.0,3.0,3.0,2.0,1.0,0.0,1.1391452211955828
2.0,4.0,3.0,3.0,2.0,1.0,2.0,0.9670703953682674
0.0,0.0,3.0,3.0,0.0,0.0,0.0,1.2357248556857927
2.0,4.0,3.0,0.0,0.0,1.0,2.0,1.0283424471927056
0.0,0.0,0.4706654594659091,0.0,0.0,0.0,0.0,0.9701175547667855
2.0,4.0,3.0,3.0,2.0,1.0,2.0,1.0515314811265544
0.0,0.0,3.0,3.0,0.0,0.0,0.0,0.8167295159890314
2.0,4.0,3.0,0.0,2.0,0.0,2.0,0.0
1.4396098299347408,4.0,3.0,3.0,2.0,1.0,2.0,1.4366761965038934
2.0,0.0,0.0,3.0,2.0,1.0,2.0,2.0
0.0,4.0,3.0,0.0,0.3211454338671349,0.0,2.0,2.0
2.0,4.0,3.0,3.0,0.0,0.0,2.0,0.0
2.0,4.0,3.0,2.0537900398405924,2.0,1.0,2.0,2.0
0.0,0.0,0.0,0.0,0.0,0.0,0.0,0.9866885075292801
0.3591421495613212,0.0,0.0,0.0,0.0,0.0,0.0,0.9497532200535698
2.0,0.0,3.0,3.0,2.0,1.0,2.0,0.020916291135712695
0.0,0.0,0.0,0.0,0.0,0.0,2.0,0.9945888383713052
0.0,0.0,0.0,0.0,0.0,0.0,0.0,0.03186676421192769
2.0,4.0,3.0,3.0,2.0,1.0,2.0,0.9496084197653155
0.0,4.0,0.0,0.0,0.0,1.0,2.0,0.9965677540171575
2.0,4.0,3.0,1.5515625768742067,2.0,0.0,2.0,1.6314857116100627
0.0,0.0,0.0,0.0,1.8805181376741278,0.0,0.0,2.0
0.0,0.0,2.708805742308226,0.0,0.0,0.0,0.0,1.0736296994865457
0.0,4.0,3.0,3.0,0.0,1.0,2.0,0.0
0.0,0.0,0.0,3.0,0.0,1.0,0.0,2.0
2.0,4.0,3.0,3.0,2.0,0.0,0.0,0.0
0.0,0.0,3.0,0.0,0.0,0.0,0.0,1.0831350736555616
0.0,0.0,0.0,0.0,2.0,0.0,0.0,0.9310606791984992
0.0,0.0,0.0,0.0,2.0,0.0,2.0,1.958687906389712
2.0,0.0,0.0,0.0,0.0,1.0,2.0,0.024998623600396286
0.0,0.0,0.0,0.0,0.0,0.0,0.0,0.03723938746247124
2.0,4.0,3.0,3.0,2.0,1.0,2.0,1.086518799876328
2.0,0.0,0.0,0.0,2.0,1.0,2.0,1.9176118098054058
0.0,0.0,3.0,3.0,2.0,0.0,0.0,1.131694533137949
0.0,0.0,0.0,0.0,2.0,0.0,0.0,0.9781093375235473
2.0,4.0,0.0,3.0,2.0,1.0,2.0,1.7565573625050153
2.0,4.0,3.0,3.0,2.0,0.0,2.0,0.06310332853308454
2.0,4.0,0.0,3.0,0.0,1.0,0.0,1.57500078916959
2.0,4.0,0.0,0.0,2.0,0.0,2.0,1.0860620559778917
0.0,0.0,3.0,0.0,2.0,1.0,0.0,1.919348633022833
2.0,0.0,3.0,3.0,2.0,0.0,0.0,0.8303665535839124
0.0,0.0,3.0,0.0,0.0,1.0,0.0,1.97025757126158
2.0,4.0,3.0,3.0,2.0,0.0,0.0,2.0
1.479467790806154,0.0,0.0,0.0,0.0,1.0,0.0,0.9180099204977307
0.0,0.0,0.0,0.0,0.0,0.0,0.0,0.9888690358674623
2.0,4.0,3.0,3.0,2.0,0.6570125828388886,2.0,0.9729180474686365
2.0,4.0,3.0,0.0,2.0,1.0,2.0,2.0
0.0,0.0,0.0,3.0,0.0,0.0,2.0,1.9897881955659118
0.0,4.0,0.0,0.0,2.0,0.0,2.0,2.0
0.0,4.0,3.0,3.0,2.0,1.0,2.0,0.9238775926079559
2.0,4.0,3.0,3.0,2.0,1.0,2.0,1.069571647341325
2.0,4.0,3.0,3.0,2.0,1.0,2.0,2.0
0.0,0.0,3.0,0.0,0.0,1.0,0.0,0.915247925277747
0.0,0.0,0.0,0.0,0.0,0.0,0.0,1.843594773109956
0.0,4.0,0.0,0.0,2.0,0.0,0.38923594292402997,2.0
0.0,4.0,3.0,0.0,2.0,1.0,2.0,0.16371871901857737
2.0,4.0,0.0,0.0,0.0,0.0,2.0,2.0
2.0,4.0,0.0,3.0,2.0,1.0,2.0,1.0155870849682096
0.0,4.0,3.0,3.0,2.0,0.0,2.0,2.0
0.0,4.0,0.0,0.0,0.0,1.0,0.0,1.0826745148204018
2.0,4.0,1.7473560132886696,0.0,2.0,1.0,2.0,1.9359106836780646
0.0,4.0,0.0,0.0,0.0,0.0,0.0,0.7505086346666898
0.0,0.0,3.0,3.0,0.0,1.0,0.0,0.0
0.0,4.0,0.0,3.0,2.0,1.0,2.0,2.0
0.0,2.08109540560982,3.0,3.0,0.0,0.6623151181669418,2.0,0.0
0.0,0.0,0.0,3.0,0.0,0.0,0.0,0.1206838153679416
0.0,1.0685111185934313,3.0,3.0,2.0,0.0,2.0,2.0
0.0,0.0,0.0,3.0,2.0,0.0,0.0,2.0
0.0,4.0,3.0,0.0,2.0,1.0,0.0,1.0862711642733753
2.0,4.0,3.0,3.0,2.0,1.0,2.0,2.0
2.0,4.0,3.0,3.0,2.0,1.0,2.0,1.1814139085965072
0.0,0.0,0.0,0.0,0.0,0.0,0.0,0.001360428980957784
2.0,0.0,3.0,3.0,0.0,1.0,0.13465036802914487,0.0
0.0,0.0,0.0,3.0,0.0,0.0,0.0,0.10656510165817379
2.0,4.0,0.0,0.0,0.0,0.7796138486308367,0.0,0.9361228435760369
0.0,3.6247035222958766,3.0,0.0,2.0,0.0,2.0,0.0
2.0,0.0,3.0,0.0,0.03342702221378635,1.0,2.0,0.0898373948224167
0.0,4.0,3.0,3.0,0.02468580085930594,0.0,0.0,1.9576515708383988
0.0,1.6856627700810671,1.8860373768783139,3.0,0.0,0.0,0.0,0.0
0.1552372412057469,0.0,0.0,0.02357396485688812,0.0,0.0,0.0,1.097978810559093
2.0,0.0,0.0,3.0,0.01914117235417856,1.0,2.0,1.969773691575754
2.0,4.0,3.0,3.0,2.0,1.0,2.0,0.9532305107594673
2.0,0.0,3.0,3.0,2.0,0.0,2.0,0.0
0.0,0.0,3.0,0.0,0.0,1.0,0.0,1.968241800413689
2.0,3.0504370281522313,3.0,3.0,2.0,1.0,0.0,0.0
2.0,4.0,0.0,3.0,2.0,1.0,0.0,0.0
2.0,4.0,0.0,3.0,2.0,0.0,2.0,2.0
2.0,4.0,3.0,3.0,2.0,1.0,2.0,1.000387379060651
1.973454778431857,4.0,0.0,3.0,0.0,1.0,2.0,1.9903535088217488
2.0,0.0,0.0,0.0,2.0,0.0,0.0,2.0
2.0,4.0,0.0,0.0,2.0,0.11447722312514769,0.0,1.9635741141699086
0.0,4.0,3.0,3.0,2.0,1.0,0.0,1.7439342563418812
2.0,4.0,3.0,3.0,2.0,1.0,2.0,0.9631119700131785
2.0,4.0,3.0,3.0,2.0,1.0,2.0,0.0
2.0,4.0,3.0,3.0,2.0,1.0,2.0,0.05570547842834794
2.0,0.0,0.0,3.0,2.0,0.0,0.0,0.011106418291897846
2.0,0.0,0.0,3.0,0.0,1.0,2.0,2.0
0.0,0.0,0.0,0.0,0.0,0.0,0.0,1.1286547739675086
2.0,4.0,3.0,1.5836117760971882,0.0,1.0,2.0,2.0
2.0,4.0,3.0,3.0,2.0,0.0,0.0,1.062891421566814
0.0,0.0,0.0,0.0,2.0,0.0,0.0,1.1450801840375424
0.0,4.0,3.0,0.0,0.0,1.0,2.0,0.007211157731185636
1.4796819160757906,0.0,0.0,0.0,2.0,0.0,0.0,2.0
2.0,4.0,3.0,3.0,0.0,1.0,0.0,0.0
2.0,0.0,3.0,3.0,2.0,1.0,2.0,1.974685246465224
0.0,0.0,0.0,0.0,0.0,0.0,1.2852296460375645,1.8667323248514498
0.0,4.0,3.0,3.0,0.0,0.0,0.0,0.9404591442829621
2.0,0.0,0.0,3.0,1.6377191563249904,0.0,2.0,2.0
0.0,0.0,0.0,3.0,0.0578828314951606,0.5169925364438579,0.0,0.0
2.0,0.0,3.0,3.0,2.0,0.0,2.0,0.14967462269112186
2.0,4.0,3.0,3.0,2.0,1.0,2.0,1.864937098296476
2.0,4.0,0.0,3.0,0.0,0.0,2.0,1.3170650716995793
2.0,4.0,1.8805737325611362,3.0,0.0,1.0,0.0,2.0
2.0,4.0,0.0,3.0,2.0,1.0,2.0,0.0
2.0,0.0,0.0,3.0,2.0,1.0,2.0,0.0
2.0,4.0,0.0,0.0,0.0,1.0,0.0,1.6205454721581258
0.0,0.0,3.0,1.2427349768049385,2.0,0.0,0.0,0.9966493081372217
2.0,4.0,3.0,3.0,2.0,0.0,2.0,0.0
2.0,0.0,3.0,3.0,2.0,1.0,2.0,2.0
1.1552219233279026,4.0,0.0,3.0,2.0,1.0,2.0,1.8846745294021297
2.0,4.0,3.0,3.0,2.0,1.0,2.0,2.0
0.0,0.0,0.0,3.0,0.0,0.0,0.0,1.0375008374889712
2.0,0.0,3.0,3.0,2.0,1.0,2.0,2.0
0.0,0.0,3.0,0.0,0.0,0.0,0.0,1.941382215086584
2.0,0.0,3.0,3.0,2.0,1.0,0.0,1.156907827090307
2.0,4.0,0.0,3.0,0.8488583563517305,1.0,2.0,2.0
0.0,0.0,0.0,0.0,0.0,0.0,0.0,0.0
1.6703906671586783,4.0,0.0,3.0,2.0,1.0,0.0,1.0306565289338387
2.0,4.0,3.0,3.0,0.0,0.0,2.0,1.9241938328983847
0.0,0.0,0.0,0.0,0.0,1.0,0.0,0.9425667430886285
0.0,4.0,0.7492266450268292,0.0,0.0,0.0,2.0,0.893546338826621
2.0,4.0,0.0,0.0,2.0,1.0,2.0,1.1047947746406697
0.0,0.0,0.0,0.0,0.0,0.0,0.0,1.9179144093073095
2.0,4.0,3.0,1.2415202488734944,2.0,0.0,0.0,1.8438250101840614
2.0,4.0,3.0,3.0,2.0,1.0,2.0,1.9421958271953539
0.0,0.0,0.0,3.0,2.0,1.0,0.0,0.05456620931631173
2.0,0.0,0.0,3.0,2.0,0.0,0.0,1.958236808740066
2.0,4.0,2.448907628448564,3.0,0.40546145952576207,0.0,0.0,1.0496823033301739
2.0,4.0,3.0,0.0,0.0,1.0,0.0,1.6521371205656759
2.0,4.0,3.0,3.0,2.0,1.0,2.0,1.0416748706211267
2.0,0.0,0.0,0.0,0.0,0.0,0.0,0.9419293369929772
2.0,4.0,3.0,0.0,2.0,0.5242061718994074,0.5442571112820724,0.0
2.0,4.0,3.0,3.0,2.0,0.940319004144339,2.0,0.0
0.0,0.0,0.0,0.0,0.0,0.0,0.0,0.05217297893050421
0.0,0.0,0.0,0.0,0.0,0.0,0.0,2.0
0.0,0.0,0.0,3.0,0.0,0.0,2.0,1.891474636004537
0.0,0.0,0.0,0.0,0.0,0.0,0.0,0.023124888764220697
2.0,4.0,3.0,3.0,2.0,1.0,2.0,2.0
0.0,0.0,0.0,0.0,0.0,1.0,0.0,2.0
2.0,4.0,3.0,0.0,0.0,0.035331439481743554,0.0,0.146842046593322
0.0,0.0,0.0,3.0,1.8483767350833236,0.0,0.0,0.0
0.0,0.098886864022383,0.0,3.0,0.0,0.0,0.0,1.1007672651870342
2.0,4.0,1.3587475192475398,0.0,0.0,0.0,1.4487106413627941,0.015139419703164014
2.0,4.0,3.0,0.0,2.0,1.0,0.0,2.0
2.0,4.0,3.0,3.0,2.0,1.0,2.0,0.0
2.0,4.0,0.0,3.0,2.0,1.0,2.0,0.0
0.0,0.0,0.0,0.0,0.0,0.0,0.0,0.02747811925178012
0.0,4.0,3.0,0.0,0.0,0.0,1.3654964792154518,0.026332444076011874
2.0,4.0,3.0,0.0,2.0,1.0,2.0,0.9144731899503183
0.0,4.0,3.0,0.0,0.0,1.0,2.0,2.0
0.0,4.0,0.0,0.0,2.0,0.0,2.0,0.8966992313271827
0.0,0.0,0.0,0.0,0.0,0.0,2.0,1.8642554191884693
0.0,0.0,0.0,0.0,0.0,0.0,0.0,0.0
0.0,0.0,1.4646103885897446,3.0,2.0,0.0,0.0,1.0956021756377818
2.0,0.0,0.0,3.0,0.0,1.0,0.0,0.9932123625520527
2.0,0.0,0.5584848448439376,3.0,2.0,1.0,2.0,1.9610944832132464
2.0,4.0,3.0,3.0,2.0,1.0,2.0,1.03958963219433
0.0,4.0,3.0,0.0,0.0,1.0,0.0,2.0
2.0,4.0,0.0,0.0,0.0,1.0,0.0,0.04374790654727634
0.0,4.0,3.0,0.0,2.0,1.0,2.0,1.1314653268958996
2.0,0.0,0.0,0.0,2.0,0.0,0.0,1.044077946950707
0.0,2.40855717336868,0.0,1.2972485011506174,2.0,0.0,2.0,1.97415056737037
1.1735398147736078,0.0,3.0,1.7997010943063316,2.0,1.0,1.8801007728362225,1.815301636754869
2.0,1.4151566042857886,0.0,0.8139752429135271,2.0,1.0,2.0,2.0
2.0,4.0,3.0,3.0,0.014725434429396334,0.661307229346163,2.0,0.0
0.0,0.0,3.0,3.0,0.0,0.0,0.0,0.0
0.0,0.0,0.5777215852635748,3.0,0.0,0.0,0.0,0.02149228490143218
0.0,0.0,0.0,0.0,0.926125307405751,0.0,0.0,0.0
0.0,0.0,3.0,0.0,0.0,0.0,2.0,0.08878975398575917
0.0,0.0,0.0,0.0,0.0,0.0,0.0,1.047571508304834
2.0,4.0,3.0,0.0,0.0,1.0,1.6555841983661788,1.3929596947033276
0.0,0.0,0.0,0.0,0.0,0.0,0.0,0.020028802531444234
2.0,4.0,3.0,3.0,2.0,1.0,2.0,1.0716180365248231
0.0,0.0,0.0,0.0,0.0,0.0,0.0,0.0231503062731524
2.0,4.0,3.0,3.0,2.0,1.0,2.0,2.0
0.0,0.0,0.0,0.0,0.0,0.0,0.0,1.6865625278937557
0.0,4.0,3.0,3.0,0.0,0.0,2.0,1.0310605011468057
2.0,4.0,3.0,3.0,2.0,1.0,2.0,0.14571743142304394
0.0,4.0,0.0,0.0,0.0,0.0,0.0,0.15681076621903844
0.0,0.0,0.0,0.0,0.0,0.0,0.0,0.16634714863117694
0.0,0.0,0.0,0.0,0.0,0.0,0.0,1.1086189779424822
0.0,3.4923306799017664,3.0,3.0,2.0,1.0,2.0,0.1130236865668166
0.0,4.0,3.0,3.0,2.0,1.0,2.0,0.0
0.0,0.0,0.0,0.7900572262708749,0.0,0.0,0.0,1.963106312377029
2.0,0.0,3.0,2.6925359945607292,0.0,1.0,0.0,0.9835703182499017
2.0,4.0,3.0,3.0,2.0,0.740559449352032,2.0,1.0486030360522767
2.0,4.0,0.0,0.0,0.0,1.0,0.0,0.0
0.0,4.0,3.0,3.0,0.0,1.0,2.0,1.1557183714906292
0.0,4.0,0.0,0.0,0.0,0.0,0.0,1.0627776912405345
2.0,4.0,0.0,0.0,0.7053271865330909,0.0,0.0,0.8498682116697901
2.0,0.0,0.0,3.0,2.0,1.0,2.0,1.0687180909290108
0.0,0.0,0.0,0.0,2.0,0.0,0.0,2.0
0.0,0.0,0.0,0.0,2.0,1.0,0.0,0.004248267328838651
0.0,0.0,0.0,0.0,0.0,0.0,0.0,0.0237014593522078
0.0,0.0,0.0,0.0,0.0,0.0,0.0,0.0
0.0,0.0,0.0,0.0,0.0,0.0,1.384601678422274,0.9739706572632907
0.0,4.0,3.0,0.0,0.0,0.0,0.0,0.0
2.0,0.0,3.0,3.0,2.0,1.0,0.0,1.0013964985046573
0.0,4.0,3.0,2.593480232172454,2.0,1.0,2.0,2.0
0.0,0.0,0.0,3.0,0.0,1.0,2.0,2.0
0.0,2.5895952943003744,3.0,3.0,2.0,1.0,2.0,1.9943015350725632
0.0,0.0,0.0,0.0,0.0,0.0,0.0,2.0
0.0,0.0,3.0,0.0,0.0,0.0,2.0,1.910846122415374
0.0,0.0,0.0,3.0,2.0,1.0,2.0,1.875741798173029
2.0,4.0,3.0,3.0,2.0,1.0,2.0,0.9675091500292317
2.0,4.0,3.0,3.0,2.0,0.0,0.0,0.9895240804302226
0.0,0.0,0.0,3.0,0.0,0.0,0.0,0.0
2.0,0.0,3.0,3.0,2.0,1.0,2.0,1.0000990859695826
2.0,4.0,3.0,3.0,2.0,1.0,2.0,1.950050001053423
2.0,4.0,3.0,3.0,0.0,1.0,2.0,1.0260702344859933
0.0,0.0,3.0,0.0,2.0,1.0,2.0,0.0
0.0,4.0,0.0,0.0,2.0,1.0,2.0,0.9512656042511919
2.0,0.0,0.0,3.0,0.0,0.0,2.0,1.9304201787846536
2.0,4.0,1.0458626557615358,0.0,0.0,1.0,0.0,2.0
0.7917813747582798,4.0,3.0,3.0,0.0,1.0,2.0,1.8608348931543859
0.0,0.0,3.0,0.0,0.0,0.0,0.0,1.9273264490928885
0.0,0.0,0.0,0.0,0.0,1.0,0.0,1.0334046503880965
2.0,4.0,3.0,3.0,2.0,1.0,2.0,1.132275389881853
0.0,4.0,0.0,3.0,2.0,1.0,2.0,1.1529639666828384
0.0,0.0,0.0,0.0,0.0,0.0,0.0,0.9684727616367537
2.0,4.0,3.0,1.086475058898069,2.0,1.0,2.0,1.844627492906322
2.0,0.0,3.0,0.0,0.0,0.0,0.39903472613409396,0.0
2.0,4.0,3.0,0.0,2.0,0.0,2.0,1.9869536087399369
2.0,4.0,0.0,0.0,2.0,0.06181555240530451,0.0,0.11993346224324553
2.0,2.430160182932678,3.0,3.0,2.0,0.0,2.0,1.4679423376482852
2.0,4.0,3.0,0.0,0.0,1.0,2.0,0.0
2.0,4.0,0.0,3.0,2.0,0.0,2.0,2.0
0.0,0.0,3.0,0.0,2.0,0.0,0.0,0.9798701754575928
2.0,0.0,2.745811099243076,0.0,2.0,0.6973736348734,0.0,0.0783206977712182
2.0,4.0,0.0,3.0,2.0,1.0,0.0,1.802917175271764
0.0,0.0,0.0,0.0,0.0,0.0,0.0,0.9604257978986376
0.0,2.2747255438319955,0.0,0.0,0.0,0.0,0.0,0.03175255316114567
0.0,4.0,0.0,3.0,2.0,0.6034811593277541,2.0,0.9232144574093908
2.0,4.0,3.0,3.0,2.0,1.0,2.0,0.9231681496508495
0.0,4.0,0.0,3.0,0.0,0.0,2.0,1.9596233813771589
0.0,0.0,0.0,0.0,0.0,0.0,0.0,2.0
2.0,0.0,3.0,3.0,2.0,1.0,1.2913503668922393,0.04993448272879841
1.6289187058286454,4.0,3.0,0.0,0.0,1.0,2.0,1.032053796752694
2.0,4.0,3.0,3.0,2.0,1.0,2.0,1.1960461157390225
2.0,4.0,0.0,3.0,2.0,1.0,2.0,1.5391551136507617
0.0,4.0,3.0,0.0,2.0,1.0,2.0,0.08575161817770605
2.0,3.5398223140625737,3.0,3.0,2.0,1.0,2.0,1.003066056459242
1.4085244302954345,4.0,3.0,3.0,0.0,0.26045079641247026,2.0,0.0
0.0,3.0574288442697575,3.0,0.0,2.0,0.0,0.28885484360714786,0.9794411432118059
2.0,4.0,0.0,3.0,2.0,1.0,1.1243465993598363,0.0
0.1659310305815629,4.0,3.0,3.0,2.0,0.0,2.0,2.0
0.0,0.0,0.0,0.0,0.0,0.0,0.0,0.9665688271702579
0.0,0.0,3.0,0.0,0.0,0.0,0.0,0.07397860206595375
0.8344992288132748,0.0,3.0,3.0,2.0,1.0,2.0,1.9729788564509547
2.0,4.0,0.0,3.0,2.0,1.0,2.0,2.0
2.0,4.0,3.0,1.3031686628747916,0.0,1.0,2.0,0.06107840278803034
2.0,4.0,3.0,3.0,2.0,1.0,2.0,2.0
2.0,0.2902618617789654,3.0,0.6706125843507428,0.0,0.0,0.0,2.0
0.6322467152770864,0.0,3.0,0.0,0.0,0.0,2.0,1.0905720680966888
2.0,4.0,3.0,3.0,0.0,0.0,0.0,2.0
0.0,0.0,0.0,0.0,2.0,0.0,0.0,1.908721191847301
2.0,4.0,3.0,3.0,2.0,1.0,2.0,1.1172713079955312
0.0,4.0,0.0,3.0,2.0,0.0,2.0,1.0028642871288223
2.0,0.0,0.0,3.0,2.0,1.0,2.0,2.0
2.0,4.0,0.0,3.0,2.0,0.0,0.0,0.9673922061258899
2.0,0.0,0.0,0.12241945479440934,2.0,1.0,2.0,1.8888363184633499
2.0,4.0,3.0,3.0,0.0,1.0,2.0,0.0
2.0,4.0,3.0,3.0,2.0,1.0,2.0,1.1252584280405595
0.0,0.0,0.0,0.0,1.6399026118527429,0.0,2.0,1.7146861886685867
2.0,4.0,3.0,3.0,2.0,1.0,2.0,1.0279624768464615
0.0,0.0,3.0,0.0,0.0,0.0,0.0,1.9544718953094797
0.0,4.0,0.0,0.0,0.0,0.0,0.0,0.024001425191133685
2.0,4.0,3.0,3.0,2.0,1.0,2.0,0.02751475015585836
2.0,4.0,3.0,3.0,2.0,1.0,2.0,2.0
2.0,0.0,3.0,0.0,2.0,0.0,0.0,1.354587222677031
0.0,3.522610086884616,0.0,2.8733996483679456,0.0,0.0,0.0,1.0458094482840494
2.0,4.0,3.0,3.0,2.0,1.0,2.0,0.0035664470971994433
0.0,0.0,0.0,0.0,0.0,0.0,0.0,0.9633386004745161
0.0,4.0,0.0,0.0,2.0,0.0,0.0,0.0
2.0,4.0,0.0,0.0,0.0,0.0,2.0,1.1432480405490804
2.0,4.0,2.4481786345041323,3.0,2.0,1.0,2.0,1.1127335514693903
0.0,0.0,0.0,0.0,0.0,0.0,0.0,0.12959656107469109
0.0,4.0,3.0,3.0,2.0,1.0,0.9081039450794127,0.9490846515128705
0.0,0.0,3.0,2.089668907342464,2.0,0.0,2.0,0.9913656220497441
2.0,3.872652412311157,3.0,3.0,2.0,1.0,2.0,1.517046482073476
2.0,4.0,3.0,3.0,2.0,1.0,2.0,0.9918508897671506
2.0,4.0,3.0,0.0,1.8542496596011016,1.0,2.0,1.1454328769488282
2.0,4.0,3.0,3.0,0.0,1.0,0.0,2.0
0.0,0.0,0.0,0.0,0.0,0.0,0.0,2.0
2.0,4.0,3.0,3.0,2.0,1.0,2.0,1.9823950347413284
2.0,0.0,0.0,0.0,0.0,0.0,0.0,0.8642304646138065
0.0,0.0,0.0,0.0,2.0,0.0,2.0,1.1834889263568822
2.0,4.0,3.0,2.2600971033594415,0.0,1.0,1.7425751828982545,0.9085192256437333
2.0,4.0,3.0,0.0,0.0,1.0,2.0,0.11178979098741793
0.0,4.0,3.0,1.802714417069172,2.0,1.0,2.0,0.0665719889301487
2.0,0.0,3.0,3.0,0.0,0.0,0.0,0.9807449746470617
0.6983110470445277,4.0,0.0,3.0,0.0,0.0,2.0,0.0
0.0,4.0,3.0,3.0,2.0,0.0,0.0,1.089926979714822
0.0,4.0,0.0,3.0,1.1456331589153759,0.0,2.0,1.960834331432609
1.2285134702163825,0.0,3.0,0.0,2.0,0.0,0.0,0.0
2.0,4.0,3.0,3.0,0.0,1.0,2.0,0.02436099998372865
0.0,0.0,1.8316041079310554,3.0,2.0,0.0,0.0,1.0306478655364901
0.0,0.0,0.0,0.0,0.0,0.0,0.5823606301162849,1.1202548580645115
0.0,0.0,0.0,0.0,2.0,0.0,0.0,0.0504544796269627
2.0,4.0,3.0,3.0,2.0,1.0,0.0,0.0
2.0,4.0,1.162838419863438,3.0,0.0,0.6464807471726791,0.0,1.0921849481417203
0.0,0.0,0.0,0.0,0.0,0.0,2.0,1.2650001329850482
2.0,3.724971873519492,3.0,3.0,2.0,1.0,2.0,1.8419815815232141
2.0,4.0,3.0,3.0,0.0,1.0,0.0,2.0
0.0,4.0,0.0,1.6057481107437963,0.0,0.0,0.0,0.041530896518235494
2.0,4.0,3.0,3.0,2.0,1.0,2.0,0.08184376151539341
2.0,3.8941676592950154,0.0,1.2903575224753019,2.0,0.0,2.0,0.9789671400010331
0.0,4.0,0.0,2.5801039935175263,0.0,1.0,0.0,0.9212855860025291
2.0,4.0,2.668042545848399,3.0,2.0,1.0,2.0,0.025791961319910572
0.0,0.0,3.0,0.0,0.0,0.0,2.0,1.9781347261396143
0.0,0.0,3.0,0.0,0.0,0.0,0.0,0.02724669665406476
2.0,0.0,0.0,3.0,0.0,0.0,0.0,1.0623556431222603
0.0,0.0,0.0,0.8866073325698827,0.0,0.0,0.0,0.7997695447388782
0.0,0.0,0.0,0.0,0.0,0.0,0.0,0.0
2.0,3.3902353181956255,3.0,3.0,2.0,0.0,2.0,0.0
2.0,4.0,3.0,3.0,2.0,1.0,2.0,0.9990253540296704
0.0,0.0,0.0,0.0,0.0,1.0,2.0,1.9159275965758975
2.0,0.0,0.0,0.0,0.0,1.0,0.0,0.0
0.0,4.0,0.0,0.0,0.0,0.0,0.0,1.015465076849136
0.0,0.0,3.0,0.0,2.0,0.0,0.0,1.0492602835013567
1.5273151337018778,0.0,0.0,0.0,0.0,0.0,0.0,0.0
2.0,4.0,3.0,3.0,2.0,1.0,2.0,1.3408653583583279
0.0,1.0263973507233999,3.0,0.0,2.0,1.0,2.0,0.943022809593802
2.0,0.0,0.0,2.8085845592981773,2.0,1.0,0.0,1.0117031988611083
2.0,4.0,3.0,3.0,2.0,1.0,2.0,1.0749627880441714
0.0,0.0,3.0,0.0,0.0,0.7321939464029947,0.0,1.9464493046728948
2.0,4.0,3.0,0.0,2.0,0.7796408540125765,2.0,0.002259963405305654
2.0,4.0,3.0,0.0,2.0,1.0,2.0,0.03113625913236151
0.0,0.0,0.0,0.0,0.0,0.4202070838190275,0.0,0.17063643139959417
2.0,4.0,3.0,0.0,0.0,1.0,2.0,1.495604165248904
2.0,0.0,3.0,3.0,0.0,1.0,2.0,1.0330947443778284
2.0,4.0,3.0,3.0,2.0,1.0,2.0,0.0
2.0,2.406750378942921,0.0,0.0,0.4220536190459194,1.0,2.0,1.0131456389974705
0.0,0.0,3.0,0.0,0.0,1.0,2.0,2.0
2.0,4.0,3.0,3.0,1.1908984579581343,1.0,0.0,2.0
0.9125234689090429,0.0,0.0,3.0,0.0,0.0,0.0,1.9927010659462105
1.6193045542592475,4.0,0.0,1.550538992083235,0.0,0.0,2.0,0.953094252654367
0.0,0.0,0.5178287984278687,3.0,1.5393996073805234,0.0,0.0,0.8193473729613878
2.0,4.0,3.0,3.0,2.0,1.0,2.0,1.9547350997636377
2.0,4.0,3.0,3.0,2.0,1.0,2.0,1.9834895542995126
2.0,4.0,3.0,3.0,2.0,1.0,2.0,2.0
0.0,1.0058365146161543,3.0,3.0,2.0,0.0,0.0,1.0357877042998358
0.0,4.0,0.0,3.0,2.0,0.0,0.0,0.0
0.0,0.0,0.0,0.0,0.0,1.0,0.0,1.8951408805466725
2.0,4.0,3.0,0.0,2.0,0.8273336230505721,2.0,1.7465009038856416
0.0,0.0,0.0,0.0,0.0,1.0,0.0,0.08216511080994326
0.0,0.0,0.0,3.0,0.0,0.07453607627771708,0.0,2.0
0.0,4.0,3.0,0.0,2.0,0.0,0.0,2.0
0.0,4.0,2.5860999515427734,0.0,0.0,0.9369906165326434,2.0,0.0
2.0,0.0,0.0,3.0,0.0,1.0,0.0,2.0
0.0,0.0,0.0,0.0,0.0,0.13165054515783187,0.0,2.0
0.0,0.0,0.0,2.1878528562291923,2.0,0.0,0.9014602968479821,0.9525747124890135
0.0,0.0,0.0,0.0,0.0,0.9838442370378686,0.0,0.01395813504518928
2.0,4.0,3.0,3.0,0.0,1.0,2.0,0.8898158133561953
0.0,4.0,3.0,3.0,2.0,0.0,1.0264982445699693,0.0
2.0,4.0,3.0,0.0,0.0,1.0,2.0,0.13191603968851096
2.0,0.0,3.0,3.0,2.0,1.0,2.0,0.19081900532772966
2.0,0.0,0.0,0.0,0.0,1.0,0.0,1.034803796165541
0.0,0.0,0.0,0.0,0.0,0.0,0.0,0.013668136496678085
0.0,0.0,0.0,0.0,0.0,0.0,0.0,0.9850978144736684
0.0,4.0,0.0,3.0,2.0,1.0,2.0,0.0
2.0,0.0,0.0,3.0,1.3776591646281402,0.0,0.0,1.9499045479330404
2.0,0.0,2.122294420681803,0.0,2.0,0.0,2.0,1.2649343512987952
2.0,2.031218545680101,0.0,3.0,2.0,1.0,2.0,1.9511651960597352
2.0,0.6034180000825384,3.0,3.0,2.0,1.0,2.0,2.0
0.0,4.0,3.0,0.0,0.0,0.0,2.0,2.0
2.0,3.511615055384916,3.0,0.0,2.0,1.0,2.0,1.9559433173752323
2.0,4.0,3.0,3.0,2.0,1.0,2.0,0.007372309465692339
2.0,4.0,3.0,0.35368553311539214,2.0,1.0,2.0,1.0466786102877095
2.0,4.0,3.0,0.0,2.0,1.0,0.0,1.055159379494196
2.0,4.0,3.0,3.0,2.0,1.0,2.0,1.9370973926994348
0.0,4.0,3.0,0.0,2.0,1.0,0.0,1.9168096810946729
2.0,0.0,3.0,3.0,2.0,0.0,0.0,1.869556754964563
2.0,0.0,3.0,1.404098119091625,0.0,0.8062294991429069,0.0,1.9824162681464936
0.0,0.0,3.0,0.0,1.4675071411719203,0.0,0.3805375787780263,1.6429937184018963
0.0,0.0,0.0,0.0,0.0,0.0,0.0,0.8991156349694494
2.0,0.0,3.0,0.0,2.0,0.0,2.0,0.9896962721207813
2.0,0.0,3.0,3.0,0.0,0.0,0.0,0.0
0.0,4.0,3.0,3.0,2.0,0.0,2.0,0.0
0.0,0.0,0.0,0.30349654396737497,0.0,0.0,2.0,2.0
0.0,0.0,0.0,2.693267859948885,0.0,0.0,2.0,2.0
0.0,4.0,0.0,0.0,0.0,1.0,0.10316099670142609,0.00818409853318236
0.0,0.0,3.0,3.0,0.0,0.0,2.0,0.0
0.0,4.0,3.0,0.0,0.0,0.0,2.0,2.0
0.1196174578379059,0.0,0.0,3.0,0.0,0.0,2.0,1.9824454120988158
2.0,4.0,0.0,0.0,0.0,1.0,2.0,0.92286854311933
0.0,0.0,0.0,3.0,1.272114313639836,0.0,0.0,2.0
0.0,4.0,3.0,3.0,2.0,1.0,2.0,2.0
0.0,0.0,0.0,0.0,0.0,0.0,2.0,0.0851490997221025
2.0,4.0,3.0,3.0,2.0,1.0,2.0,0.0
2.0,4.0,3.0,3.0,1.176366028163146,1.0,2.0,1.7860292119093137
2.0,4.0,0.0,3.0,2.0,1.0,2.0,0.9421493222690074
2.0,4.0,3.0,3.0,2.0,1.0,2.0,0.0
2.0,4.0,3.0,3.0,2.0,1.0,2.0,2.0
2.0,4.0,0.0,3.0,2.0,1.0,2.0,1.1255179965997448
0.0,4.0,0.0,3.0,0.0,0.0,2.0,1.006251175789013
2.0,0.0,3.0,3.0,2.0,1.0,2.0,1.0130130503346049
0.0,4.0,0.0,3.0,0.0,1.0,2.0,2.0
2.0,4.0,3.0,3.0,2.0,0.0,2.0,1.2234170763747452
2.0,4.0,3.0,3.0,2.0,0.0,2.0,0.0
2.0,4.0,0.0,3.0,2.0,0.0,2.0,1.0644029205938603
2.0,4.0,3.0,3.0,2.0,1.0,2.0,1.1194251105147535
2.0,1.9822650473048935,3.0,3.0,2.0,1.0,2.0,0.0
0.0,0.0,0.0,0.0,0.0,0.0,0.0,0.0
2.0,4.0,0.0,3.0,2.0,0.0,2.0,2.0
0.0,4.0,0.0,3.0,2.0,1.0,0.0,2.0
2.0,4.0,3.0,3.0,2.0,1.0,2.0,1.9406524166412713
0.0,0.0,0.0,0.0,0.0,0.0,0.0,1.9507384887485277
0.0,0.0,0.0,0.0,0.0,0.0,0.0,2.0
0.0,0.0,0.0,0.0,2.0,0.0,0.0,0.02054385710462292
0.0,0.0,0.0,0.0,0.0,0.0,0.0,1.0479854693376034
2.0,4.0,3.0,1.4486291322224105,2.0,1.0,1.7408376843390343,1.9629839208586912
0.0,0.0,0.0,0.0,0.0,0.0,0.0,0.029460931314925
2.0,0.29764989682592935,3.0,2.576131670900204,2.0,1.0,2.0,0.8341883348737463
0.0,4.0,0.0,0.0,2.0,1.0,0.0,2.0
0.0,4.0,0.0,0.0,0.0,0.0,2.0,1.11126062018996
0.0,0.0,0.0,3.0,0.0,1.0,2.0,0.0
0.0,2.5565874043588583,0.0,0.0,0.0,1.0,0.0,1.1647338041233304
0.37690700142063716,4.0,3.0,3.0,2.0,1.0,2.0,1.9882184054293308
0.0,4.0,0.0,0.0,2.0,1.0,0.0,0.0
2.0,1.306810572728247,0.0,3.0,2.0,1.0,2.0,0.1280748254891798
0.0,4.0,0.0,3.0,2.0,0.0,2.0,1.9445917265905028
0.0,4.0,0.0,3.0,2.0,1.0,2.0,0.9134015393650374
0.0,0.0,3.0,0.0,0.0,0.0,0.0,1.080755686662037
2.0,4.0,3.0,3.0,2.0,1.0,2.0,1.1073358376145381
2.0,4.0,1.4977382837312794,0.0,0.0,1.0,2.0,0.0
0.0,4.0,0.0,0.0,0.0,0.0,2.0,1.0464969247453726
0.0,0.0,1.8508593137222082,3.0,2.0,1.0,2.0,2.0
0.0,0.0,1.5750435633206297,0.0,0.0,1.0,0.0,1.0768907439938695
2.0,4.0,3.0,3.0,2.0,1.0,2.0,0.0
2.0,4.0,3.0,3.0,0.0,1.0,2.0,1.078114867564051
0.0,0.0,0.0,0.0,0.0,0.0,0.0,1.1444774410036456
0.0,0.0,0.0,0.0,0.0,0.0,0.0,1.9034564461136747
2.0,4.0,3.0,1.2876286737521183,2.0,1.0,0.0,0.06079269747844329
2.0,4.0,3.0,3.0,2.0,1.0,2.0,2.0
0.0,0.0,0.0,0.0,0.0,0.0,0.0,1.0876636074853883
0.0,0.0,0.0,0.0,0.0,0.0,0.0,0.0
2.0,0.0,3.0,3.0,2.0,0.0,2.0,1.0060540383396277
2.0,4.0,0.0,3.0,0.0,0.0,0.0,1.530191666749384
0.0,4.0,0.0,3.0,2.0,1.0,2.0,0.0
2.0,0.0,0.0,0.0,0.0,1.0,2.0,0.886072692750105
0.0,0.0,0.0,0.0,0.0,1.0,0.0,2.0
2.0,4.0,0.0,3.0,2.0,1.0,2.0,1.8635864890645757
2.0,4.0,3.0,3.0,2.0,1.0,2.0,0.8460009289711612
0.0,0.0,0.0,3.0,0.0,1.0,2.0,2.0
2.0,4.0,3.0,3.0,2.0,1.0,2.0,0.910047762339505
0.0,4.0,3.0,3.0,0.0,1.0,0.0,1.833318824635652
2.0,0.0,2.4089251030086922,0.0,0.0,0.19687705166137665,0.0,0.15201642666405613
2.0,0.0,3.0,1.1630886302752874,2.0,1.0,0.0,0.0
0.0,4.0,0.005461359614289057,3.0,2.0,0.0,2.0,1.0695145338363397
2.0,4.0,0.0,3.0,2.0,0.0,2.0,0.024083403786618884
0.0,4.0,0.0,0.0,0.0,0.0,0.0,0.05132648293959763
2.0,0.0,0.0,3.0,2.0,1.0,2.0,2.0
2.0,0.0,3.0,0.0,0.0,0.0,0.0,0.987429380115549
0.0,0.0,3.0,3.0,0.0,0.0,0.0,0.10109967620445925
2.0,0.0,3.0,3.0,2.0,0.503190240092381,2.0,2.0
0.0,0.0,0.0,0.0,0.0,0.0,0.0,1.0301445708294752
2.0,4.0,3.0,3.0,1.1155600499727014,1.0,2.0,0.0003207181263825687
2.0,0.0,3.0,0.0,0.0,1.0,2.0,0.11762153168001
0.0,0.0,2.2483033910462487,0.0,0.0,0.9143349658985274,2.0,1.9697010940396102
0.4655364259877466,0.0,0.0,0.0,0.0,0.0,0.0,0.12295235124341886
0.0,0.0,0.0,0.0,0.0,0.0,0.0,0.07102115510856721
2.0,0.5222436053549508,3.0,3.0,0.0,0.0,2.0,0.0
0.0,4.0,3.0,3.0,2.0,1.0,2.0,0.01663989104525454
1.0526190996412925,0.0,0.0,0.5959092407019418,0.0,1.0,0.0,0.05256381020070344
2.0,4.0,3.0,3.0,2.0,1.0,2.0,1.079509991934221
0.0,0.0,0.0,0.0,0.0,0.0,2.0,1.8574408914599476
2.0,0.0,3.0,3.0,2.0,1.0,2.0,0.0
2.0,4.0,3.0,3.0,2.0,1.0,2.0,0.0
2.0,0.0,3.0,0.0,0.0,0.8541209126024633,0.0,0.030947254493086995
2.0,4.0,3.0,3.0,0.0,1.0,2.0,2.0
2.0,0.0,0.0,0.0,0.0,1.0,0.7363406371564662,2.0
2.0,0.0,3.0,3.0,2.0,1.0,2.0,2.0
0.0,0.0,0.0,0.0,2.0,1.0,2.0,2.0
0.0,0.0,3.0,2.080071369384365,2.0,0.0,2.0,1.9115490968939495
2.0,0.0,3.0,3.0,2.0,1.0,2.0,0.9484116572226803
2.0,4.0,3.0,3.0,2.0,1.0,2.0,1.0809591234080231
0.0,0.0,0.0,0.0,0.0,0.0,0.0,1.0073322664093984
0.0,4.0,0.0,0.0,0.0,0.0,2.0,0.0
2.0,4.0,3.0,1.450120483743905,0.0,1.0,2.0,1.615255554295234
2.0,4.0,0.0,3.0,0.0,0.0,2.0,2.0
2.0,4.0,0.0,3.0,0.0,1.0,2.0,1.0103571115252468
0.0,0.0,0.2699269609908234,0.0,0.0,0.0,0.0,0.0
0.0,3.1982839802384646,0.0,0.0,0.0,0.0,0.0,0.03570136127282719
2.0,4.0,3.0,3.0,2.0,1.0,2.0,1.082627809095588
2.0,4.0,0.0,3.0,0.0,0.0,2.0,0.9453055589427377
0.0,0.0,0.0,0.0,2.0,0.0,0.0,0.9294353765260907
0.0,0.0,3.0,3.0,0.0,1.0,0.0,0.9762823753591031
2.0,4.0,3.0,3.0,2.0,1.0,2.0,0.0
0.0,4.0,3.0,0.0,0.0,0.0,2.0,0.08456073505279604
2.0,4.0,0.0,3.0,2.0,1.0,0.0,0.0
0.0,0.0,0.0,3.0,0.0,0.0,0.0,0.9752553325067693
2.0,4.0,3.0,3.0,2.0,1.0,2.0,0.9409894109399416
0.0,0.0,3.0,1.0448573667904912,0.0,0.0,0.0,0.1676976244099183
2.0,4.0,3.0,3.0,2.0,1.0,2.0,2.0
0.0,0.0,3.0,0.0,0.0,0.0,0.0,0.0
0.0,0.0,3.0,0.0,2.0,0.0,0.0,0.01193125595282063
0.0,0.0,0.0,0.0,0.0,0.0,0.0,1.0313252980355594
0.28659435447381576,4.0,0.0,3.0,2.0,1.0,2.0,0.15087108143325367
0.0,0.0,0.0,0.0,0.0,1.0,0.0,1.1193007502886618
0.0,0.0,0.0,0.0,0.0,0.0,0.0,0.20923085902196892
2.0,4.0,1.4565323069136948,0.0,0.0,1.0,0.0,1.3542716625813007
2.0,4.0,3.0,0.0,2.0,1.0,0.0,0.0
2.0,0.0,0.0,1.3815724325398346,0.0,1.0,2.0,1.976760106254574
0.0,2.3643786415112347,0.0,0.0,0.0,0.0,0.0,1.8048028185921967
2.0,4.0,3.0,3.0,2.0,1.0,2.0,1.9530713591756383
0.0,4.0,0.0,0.0,1.1842378408074528,1.0,0.0,1.8540186871097863
2.0,4.0,3.0,3.0,2.0,1.0,2.0,0.0
2.0,4.0,0.0,0.0,0.0,0.0,2.0,0.15989006131094496
0.0,2.005284952904873,0.44344585503325146,0.0,0.0,1.0,2.0,1.097333422830948
0.0,3.3075526004164395,3.0,3.0,0.0,0.0,1.4907221057697242,2.0
0.0,0.0,0.0,3.0,2.0,1.0,0.6006807438087456,2.0
2.0,4.0,3.0,3.0,2.0,1.0,2.0,0.9304756079680371
0.0,0.0,3.0,0.0,0.0,0.0,0.0,0.9499380804986995
2.0,4.0,0.0,3.0,2.0,1.0,0.0,1.0251472890813276
0.0,0.0,0.33203736799973765,3.0,1.6559842280342378,0.0,0.0,2.0
2.0,4.0,3.0,0.0,2.0,1.0,2.0,0.0
2.0,0.0,3.0,0.0,2.0,0.0,0.0,1.0161826369964848
0.0,0.0,3.0,3.0,2.0,1.0,2.0,0.08078057320976517
0.0,0.0,0.0,0.0,0.0,1.0,0.0,0.0
2.0,3.2745790251154783,3.0,3.0,2.0,0.0,0.0,0.00405340150907918
0.0,3.0241933410119417,0.0,0.42278972201835663,2.0,1.0,0.0,1.9329375543231566
0.0,0.0,3.0,0.0,0.0,0.8007162587941838,0.0,0.9457631603255698
2.0,0.0,3.0,3.0,2.0,0.0,2.0,2.0
0.0,0.0,0.0,0.0,0.0,0.0,0.0,0.0
0.0,0.0,0.0,0.0,0.0,0.0,0.0,0.7901919992529822
2.0,4.0,3.0,3.0,0.0,0.0,2.0,2.0
0.0,4.0,3.0,3.0,2.0,1.0,2.0,1.932880495708239
0.0,4.0,0.0,1.5456673134163226,0.0,0.0,0.0,0.0
0.0,0.0,0.0,0.0,0.0,0.5831586475407018,0.0,1.0205399653301699
0.0,0.0,0.0,3.0,0.0,0.0,0.0,0.008101097660291212
2.0,0.0,0.0,0.0,0.0,0.0,0.0,0.0048832532034951415
0.0,0.0,0.0,0.0,2.0,0.0,2.0,2.0
0.0,0.0,0.0,3.0,0.0,0.0,0.0,0.035092376719087603
2.0,3.476656377519876,3.0,3.0,2.0,1.0,2.0,0.918779782229101
2.0,4.0,0.0,3.0,0.0,1.0,2.0,1.9621272531941245
2.0,4.0,3.0,3.0,2.0,1.0,2.0,1.9749341773141764
0.0,0.0,0.0,0.0,0.0,0.0,0.0,0.9972477563887545
2.0,4.0,3.0,3.0,0.0,1.0,0.0,0.12513091964132483
0.0,0.0,0.0,3.0,0.0,0.0,0.0,0.0
2.0,4.0,3.0,3.0,0.0,0.0,2.0,0.0
0.0,4.0,3.0,3.0,2.0,1.0,2.0,0.03895208973160169
2.0,4.0,3.0,0.0,2.0,0.8518893390731623,2.0,0.0
2.0,4.0,3.0,2.0808003410724165,2.0,1.0,2.0,0.9632309726177034
2.0,4.0,0.0,0.0,0.9893153468524399,0.0,0.0,0.050446302131633036
2.0,0.0,3.0,0.0,0.0,0.0,2.0,2.0
2.0,2.7463868609610085,3.0,3.0,0.0,1.0,0.9908482537292532,1.9933606228936194
0.0,4.0,0.0,0.0,2.0,1.0,0.0,0.8962806877545207
2.0,0.0,0.0,3.0,1.7869041079285077,0.0,0.32765017445143074,2.0
2.0,0.0,3.0,0.0,2.0,0.0,2.0,1.6842586850347192
2.0,4.0,3.0,3.0,0.0,1.0,0.0,1.0196489833527465
2.0,4.0,0.0,0.0,0.0,0.0,0.0,0.13949201867820094
0.9469558930105868,0.0,3.0,0.0,2.0,0.0,0.0,1.5899711900321152
2.0,0.0,3.0,0.0,2.0,0.0,0.15875532346102728,0.025166679488977883
2.0,4.0,3.0,3.0,2.0,1.0,2.0,1.9124683103003899
1.352575523650197,0.0,0.0,0.0,0.0,0.1632043399560923,0.0,0.9381881095844332
2.0,4.0,3.0,3.0,0.0,0.0,1.6737692098080434,0.9614189890117992
2.0,0.4255790865229918,0.0,3.0,2.0,1.0,2.0,1.9847691628709563
0.0,0.0,3.0,0.0,0.0,0.0,0.0,1.7918552618358188
0.0,4.0,3.0,3.0,0.0,1.0,2.0,1.8461382787510083
0.0,0.0,0.0,0.0,0.0,0.0,0.0,1.841688364095413
2.0,0.0,0.0,0.0,2.0,0.08651126637827217,0.0,0.0
0.0,0.0,0.0,3.0,0.0,0.0,0.0,0.9657358215093746
0.0,1.0399362248637316,0.0,0.0,0.0,1.0,0.0,0.9571674705841983
2.0,4.0,3.0,3.0,2.0,1.0,2.0,0.0
0.0,4.0,0.0,3.0,2.0,0.0,2.0,2.0
2.0,4.0,3.0,0.0,0.0,1.0,0.0,1.068377237696402
0.0,4.0,0.0,3.0,2.0,0.0,2.0,0.9772980186076266
2.0,4.0,3.0,3.0,0.6363461649659119,1.0,2.0,0.85554028806757
0.0,4.0,0.0,0.0,2.0,0.0,0.0,0.0
2.0,0.0,0.0,0.0,0.0,0.0,0.0,2.0
0.0,4.0,0.0,0.0,0.0,0.10761219797319943,2.0,1.0474908546532031
0.6764950309627893,0.0,3.0,3.0,2.0,1.0,2.0,1.201890867662031
0.0,0.0,0.0,0.0,0.0,0.0,0.0,1.1004758835812904
1.472753149015913,0.0,3.0,0.0,0.0,1.0,0.0,1.2137312095246326
0.0,1.1126782263591328,0.0,3.0,2.0,0.26793615711910557,2.0,0.0
0.0,0.0,3.0,0.0,0.0,0.0,0.0,0.0896901983748688
0.0,0.0,3.0,0.0,0.0,0.0,0.0,1.970052681371779
0.0,4.0,2.7593646845590776,0.0,2.0,1.0,0.0,2.0
0.0,0.0,0.0,0.6076881076839463,0.0,1.0,2.0,0.016429172722970953
0.0,4.0,3.0,0.0,0.0,0.0,0.0,1.8027309587304263
0.3242567250349164,4.0,3.0,3.0,2.0,1.0,0.0,2.0
2.0,0.0,0.0,3.0,2.0,1.0,2.0,0.12098456519535139
2.0,0.0,0.0,0.0,0.0,0.0,0.0,1.6271645401849728
2.0,4.0,3.0,0.0,0.0,0.0,2.0,1.7780897411643832
2.0,0.0,0.0,3.0,2.0,1.0,2.0,2.0
0.0,4.0,0.0,0.0,1.0681680853622832,0.0,0.6719597685765909,1.0712356153594447
0.0,0.0,3.0,0.0,0.0,0.0,0.0,1.0354398014862236
2.0,4.0,0.0,3.0,2.0,1.0,2.0,2.0
0.0,0.0,3.0,3.0,2.0,0.0,0.0,2.0
0.04054851175590923,0.0,0.0,0.0,0.0,0.0,0.0,1.9415098945376323
2.0,4.0,3.0,3.0,0.0,1.0,2.0,1.0415374217538524
2.0,4.0,3.0,3.0,2.0,0.720739845578832,2.0,0.0
0.0,0.0,0.0,3.0,0.0,0.0,0.0,0.9708757358332399
2.0,4.0,3.0,3.0,2.0,1.0,2.0,0.9207010914653183
2.0,0.0,0.0,0.0,1.9709196067498027,0.0,1.6994964778343444,1.9937145394967095
2.0,4.0,3.0,0.7428889350305645,2.0,1.0,2.0,2.0
2.0,4.0,3.0,3.0,2.0,1.0,2.0,0.0
2.0,4.0,3.0,0.0,2.0,0.6294919133828201,2.0,0.9989643567982219
0.5680021885627125,4.0,0.0,3.0,2.0,1.0,2.0,1.9495318131797568
0.0,0.0,0.0,3.0,0.0,1.0,2.0,0.9674839741685087
0.0,0.0,3.0,0.0,0.0,1.0,0.0,0.0
0.0,0.0,0.0,0.0,2.0,0.0,0.0,0.9647541814526556
2.0,1.1204482059134961,0.0,1.672036013774109,0.0,0.0,0.0,1.607842871337521
2.0,0.0,3.0,3.0,2.0,0.0,0.0,0.05283938316988379
0.0,0.0,0.0,3.0,2.0,0.0,0.0,1.900297588836988
0.0,4.0,3.0,0.0,0.0,1.0,2.0,0.9874691547031182
0.0,0.0,0.0,0.0,0.0,0.0,0.6834288535928413,0.9070449768719583
2.0,4.0,0.0,0.0,0.0,1.0,2.0,0.09472070787720743
0.0,0.9503599054442156,0.0,3.0,0.0,0.0,0.0,1.8554914345168447
1.9036683393959732,1.7929071595246582,3.0,0.0,2.0,1.0,0.0,0.0
0.0,4.0,0.0,0.0,0.0,1.0,0.0,0.0
0.0,0.0,0.0,0.0,0.0,0.0,0.0,0.10350084948885385
0.0,0.0,0.0,0.0,0.0,0.0,1.0676717764137207,2.0
2.0,4.0,3.0,3.0,2.0,1.0,2.0,0.17919905947947157
0.0,0.0,0.0,0.0,0.0,0.0,0.0,0.0
2.0,4.0,3.0,3.0,2.0,0.0,2.0,0.0934321032602885
0.0,0.0,0.0,3.0,0.0,1.0,0.0,0.8495024885054412
0.0,0.0,0.0,3.0,0.0,0.04919195773514384,0.0,0.013259800167392366
0.0,0.39961885600192604,3.0,0.0,2.0,0.0,2.0,0.9554235155987345
2.0,0.0,0.0,0.0,2.0,0.0,0.0,2.0
2.0,0.0,3.0,3.0,0.0,1.0,2.0,0.0
0.0,0.0,3.0,0.0,2.0,0.0,0.46390409222793005,1.047103505584072
2.0,0.0,0.2837064856262747,3.0,0.0,1.0,0.0,2.0
0.0,4.0,0.0,3.0,0.0,0.0,2.0,0.0
0.0,4.0,3.0,0.0,0.0,0.0,0.0,0.9795654105208378
0.0,0.0,0.0,0.0,0.0,1.0,0.0,0.08566175475062132
0.0,4.0,3.0,0.0,0.0,0.0,0.0,2.0
2.0,4.0,0.0,0.0,2.0,0.0,2.0,1.0414314304934302
2.0,4.0,3.0,3.0,2.0,1.0,2.0,2.0
0.0,0.0,0.4077403334696752,0.0,0.0,0.0,0.0,0.0
2.0,4.0,0.0,0.0,0.8486560746382378,1.0,0.0,0.9341841037554022
0.0,0.0,3.0,0.0,0.0,0.0,2.0,1.1597268988307072
0.0,0.0,3.0,3.0,0.0,0.0,0.0,0.0
2.0,4.0,3.0,3.0,2.0,1.0,2.0,1.4434563825615967
2.0,4.0,3.0,3.0,0.0,1.0,0.0,1.1818397610689761
0.0,0.0,0.0,3.0,0.0,0.0,0.0,2.0
2.0,4.0,3.0,3.0,2.0,1.0,2.0,0.022984532616775355
2.0,0.0,3.0,0.0,2.0,1.0,0.0,1.6778788056795921
0.0,4.0,0.0,0.0,1.9927545855250703,0.0,1.6184232301670018,1.0405265821853624
0.0,0.0,0.0,3.0,0.0,0.0,2.0,1.970870422509815
1.2720568041017477,0.0,0.0,0.0,0.0,0.0,0.0,0.9835297638706868
2.0,4.0,3.0,3.0,0.0,0.0,2.0,0.10846227631433836
2.0,0.0,3.0,0.0,0.0,0.0,0.0,0.056767268890426936
0.0,0.0,0.0,0.0,0.0,0.0,0.0,1.9850773982415177
2.0,0.0,0.0,3.0,2.0,0.0,2.0,2.0
2.0,4.0,3.0,0.4766005467612081,2.0,1.0,0.0,0.9553717031246709
2.0,0.0,0.0,0.0,0.0,0.0,2.0,1.8906117907243618
2.0,4.0,3.0,3.0,2.0,1.0,2.0,1.7981569288587482
0.0,0.0,0.0,0.0,0.0,1.0,2.0,0.9318777429757773
0.5782630518369822,1.8325825780951457,3.0,3.0,0.0,1.0,2.0,1.6606866008717316
0.0,4.0,3.0,0.0,0.0,0.0,0.0,1.4546962856119923
2.0,0.0,0.0,3.0,2.0,1.0,2.0,0.08500070214015465
2.0,0.8316694498921371,3.0,0.0,2.0,1.0,0.3521983574095532,1.917030871341523
0.0,0.0,3.0,3.0,2.0,1.0,2.0,1.9070336330836875
0.07450546051917095,0.0,0.0,0.0,2.0,0.0,2.0,1.9460836117053795
2.0,4.0,3.0,3.0,0.0,1.0,2.0,0.9430397802834769
0.0,0.0,0.0,0.0,2.0,0.0,0.0,1.616936066169754
2.0,0.0,3.0,3.0,2.0,1.0,2.0,1.9960323454297524
0.0,4.0,3.0,3.0,2.0,0.0,2.0,1.0276914673714335
0.0,0.0,0.0,0.0,0.0,0.0,1.3435480850281496,1.793635589905619
2.0,4.0,3.0,0.9506830979653738,2.0,1.0,0.0,1.9657028035085145
2.0,4.0,0.0,3.0,2.0,1.0,2.0,0.01948234645819058
0.0,0.0,0.0,0.0,0.0,0.0,0.0,1.1975086596419517
0.0,0.0,3.0,0.0,0.0,0.0,0.0,2.0
0.0,0.0,0.0,0.0,0.0,0.0,0.0,0.06277078626308996
2.0,4.0,3.0,3.0,2.0,1.0,2.0,2.0
2.0,0.0,3.0,0.0,2.0,1.0,0.0,2.0
1.9310756423588709,0.0,0.0,0.0,2.0,1.0,2.0,0.9488637238339737
0.0,0.0,0.0,0.0,0.0,0.0,2.0,1.9892167633550888
2.0,4.0,3.0,1.5890681804568616,0.7220775403618034,1.0,2.0,1.0430205638581658
0.0,0.0,0.0,0.0,0.0,1.0,2.0,2.0
2.0,4.0,3.0,3.0,2.0,1.0,2.0,1.8623600303038836
0.0,4.0,0.0,0.0,0.0,0.0,0.0,0.054261065375866835
2.0,4.0,3.0,3.0,0.0,0.0,2.0,2.0
0.0,0.0,3.0,3.0,0.0,0.0,2.0,0.9978821731727162
0.0,0.0,0.0,0.29413631447003336,2.0,1.0,0.0,0.0
2.0,4.0,3.0,0.0,2.0,0.0,0.0,1.2169454888902842
2.0,4.0,3.0,3.0,2.0,1.0,0.0,1.9498958456820612
2.0,4.0,3.0,2.6150703958036265,2.0,1.0,2.0,0.01579383906896281
0.0,4.0,0.0,0.0,0.0,0.9308829708864821,0.0,0.07203659746809243
0.0,0.0,0.0,0.0,0.0,0.0,0.0,2.0
2.0,4.0,0.0,1.184791491833016,2.0,0.0,0.2297831930469565,0.0
0.0,0.0,0.0,0.0,0.0,0.0,0.0,1.996601142368912
0.0,0.0,0.0,0.0,0.0,0.0,2.0,0.9316514521481425
2.0,4.0,3.0,3.0,2.0,1.0,2.0,1.1676464274064589
0.0,0.0,0.0,0.0,0.0,0.0,0.0,1.016571495174461
2.0,4.0,3.0,3.0,2.0,1.0,2.0,2.0
2.0,3.2249959759543065,3.0,3.0,0.0,1.0,0.0,1.006861742512621
2.0,4.0,0.0,0.0,2.0,0.0,2.0,0.07491877785804968
0.0,4.0,0.0,2.2125838226443597,0.0,0.0,2.0,0.0
0.0,0.0,0.0,3.0,0.0,1.0,0.0,1.9515182384804874
0.0,4.0,1.4956364463181082,3.0,0.0,0.0,0.0,0.9892544071883655
0.0,0.0,0.0,0.0,0.0,0.0,0.0,2.0
0.0,0.0,3.0,0.0,0.0,1.0,2.0,1.934491521964592
2.0,4.0,3.0,0.0,2.0,1.0,0.0,1.9295959843079653
2.0,0.0,0.0,0.0,2.0,1.0,0.0,0.0
2.0,4.0,3.0,3.0,2.0,1.0,2.0,2.0
0.0,4.0,3.0,3.0,2.0,1.0,0.20488883829008386,0.148141632792276
2.0,4.0,3.0,3.0,2.0,1.0,2.0,1.7631783810090167
2.0,0.0,3.0,3.0,2.0,1.0,0.0,1.9629548240312813
0.0,0.0,0.0,0.0,2.0,0.0,2.0,1.0220864430884653
2.0,4.0,3.0,3.0,2.0,0.0,2.0,1.139462439178806
2.0,4.0,3.0,0.0,2.0,1.0,2.0,0.03510233172163035
2.0,4.0,0.0,3.0,0.0,1.0,2.0,1.026180607744062
2.0,4.0,3.0,3.0,2.0,1.0,2.0,1.0632459824608778
0.556299478112875,0.0,3.0,0.0,0.0,0.6229254520553107,0.0,2.0
1.2371773557678096,0.0,0.0,2.290481148555019,2.0,0.0,2.0,0.0
2.0,4.0,3.0,3.0,2.0,0.0,2.0,1.1555963820803254
0.0,2.53722728538178,0.0,0.0,0.0,0.0,0.0,1.975791983703758
1.4998088395033822,4.0,3.0,3.0,2.0,1.0,2.0,2.0
2.0,1.6858186203789125,3.0,0.0,0.0,0.0,0.0,1.975224926854135
0.0,0.0,3.0,0.0,0.0,0.0,0.0,1.041730444145733
0.0,0.0,3.0,3.0,0.0,0.0,1.6227758507306054,1.0525724772478253
2.0,2.0049279403515277,0.0,0.0,1.0701639450971745,1.0,2.0,2.0
1.3565034079482716,4.0,3.0,3.0,2.0,0.0,2.0,0.0
2.0,4.0,3.0,3.0,2.0,0.0,2.0,1.815353952186626
0.0,0.0,3.0,1.5823007520474974,2.0,0.0,0.0,1.0072827394592263
0.0,0.0,0.0,0.0,1.42668458965025,0.0,0.0,0.012631201994692254
0.0,0.0,3.0,3.0,2.0,0.0,0.0,2.0
2.0,4.0,3.0,0.0,2.0,0.25936500358182174,2.0,2.0
0.0,0.0,3.0,3.0,0.0,0.0,0.0,0.08915408690279736
0.0,0.0,0.0,0.0,0.0,0.0,0.0,0.9452291475780389
0.5777024914688149,0.0,0.0,3.0,0.0,0.0,0.0,1.4059258075699614
2.0,4.0,0.0,3.0,2.0,0.0,2.0,0.0
2.0,4.0,3.0,3.0,2.0,1.0,2.0,0.14601051493806205
0.0,0.0,1.1567903955327432,3.0,0.0,1.0,2.0,0.03792247488643363
0.0,0.0,0.0,0.0,0.0,0.0,0.0,0.0
0.0,4.0,0.0,0.0,1.6135474195537411,0.0,0.0,0.0
0.0,0.0,3.0,3.0,2.0,1.0,2.0,0.008108750839581846
2.0,2.9993800054906528,3.0,3.0,2.0,0.0,2.0,0.0
2.0,4.0,3.0,3.0,1.0753739110439817,1.0,0.0,1.0300357862555218
0.0,0.0,3.0,0.0,2.0,0.0,2.0,1.7940896219085694
0.0,0.0,3.0,2.0629693112734135,0.0,1.0,0.0,1.8962164849287195
0.0,0.0,0.0,0.0,0.0,0.0,2.0,1.0990547993787427
2.0,2.882785085539704,3.0,0.0,0.0,0.0,2.0,1.9693839931588872
2.0,4.0,3.0,3.0,2.0,1.0,2.0,0.09643355030989265
2.0,4.0,0.0,0.0,0.0,0.0,0.0,0.027372705460021796
2.0,0.0,0.0,0.993664018704413,2.0,0.0,0.0,0.0
0.7394284474840529,2.459791705048816,3.0,3.0,0.0,1.0,0.0,1.030422967076207
0.0,4.0,3.0,0.0,0.0,1.0,0.0,0.09272667762472897
0.0,0.0,3.0,0.0,0.0,0.0,0.0,1.9742413760205086
0.0,0.0,1.2881109479849562,3.0,0.0,0.0,2.0,1.8008446538063332
0.0,4.0,3.0,3.0,2.0,1.0,0.0,1.9994751915807405
0.0,0.0,0.0,0.0,0.0,0.0,0.0,1.9110894380186045
2.0,4.0,3.0,3.0,2.0,1.0,2.0,2.0
0.0,0.0,0.0,0.0,0.0,0.0,0.0,0.9134228207811025
0.0,0.0,3.0,0.0,0.0,1.0,2.0,1.867216354094056
2.0,4.0,3.0,2.2307675776743814,2.0,1.0,2.0,1.9223137337322296
0.0,4.0,0.0,0.0,0.0,0.0,0.0,1.040739198509095
2.0,4.0,0.7469949439923191,3.0,2.0,1.0,2.0,0.1435526880901341
0.0,0.0,0.0,0.0,0.0,0.0,0.0,1.1378995346271714
0.0,0.0,0.0,0.0,1.0579012905036673,0.0,2.0,2.0
0.0,0.0,0.0,0.0,0.7788486951252664,0.0,0.0,0.0
2.0,4.0,3.0,3.0,2.0,1.0,2.0,1.008296947697803
0.0,4.0,3.0,2.1304170485322684,2.0,0.862333908481275,2.0,1.944152450509812
2.0,4.0,0.0,0.0,0.0,1.0,2.0,1.9644290350005338
0.0,4.0,3.0,0.0,0.0,0.0,2.0,0.9276230138787864
0.0,0.0,0.0,0.0,0.0,0.9871366234625945,0.0,0.05264897635983645
2.0,4.0,3.0,3.0,2.0,0.0,2.0,2.0
0.0,4.0,0.0,0.0,2.0,0.0,2.0,1.0084970414832386
0.0,4.0,0.0,0.0,1.9019747894365318,1.0,2.0,1.0256279638692507
2.0,4.0,0.0,0.0,0.0,0.0,0.0,0.033784644263764596
2.0,0.0,3.0,2.91691880384552,2.0,1.0,2.0,0.05747438354546708
2.0,4.0,0.0,3.0,1.8356152492323896,1.0,2.0,1.0818526846706642
0.0,0.0,0.0,0.0,0.0,0.0,0.8329277348609843,2.0
2.0,4.0,3.0,0.0,2.0,1.0,0.0,0.058664040807783535
2.0,4.0,3.0,3.0,2.0,1.0,2.0,1.1043046355900246
2.0,4.0,3.0,0.0,2.0,1.0,2.0,1.0323341280439047
2.0,4.0,3.0,3.0,2.0,1.0,0.0,0.0
0.0,4.0,0.0,0.0,0.0,0.0,0.0,1.9947150936096518
2.0,4.0,3.0,3.0,0.9515145779468759,1.0,2.0,1.89925552305508
2.0,4.0,3.0,0.0,0.0,0.0,0.0,0.0
0.0,0.0,0.0,0.0,0.0,0.0,0.0,1.131556587074632
0.0,0.0,0.0,0.0,0.0,0.0,0.0,0.23663192074808148
0.0,3.617259694591916,0.0,3.0,2.0,0.0,2.0,1.8098952518489009
2.0,4.0,3.0,3.0,2.0,1.0,2.0,2.0
2.0,0.0,3.0,0.0,0.16511864991915504,1.0,0.0,0.0
2.0,0.0,3.0,0.0,0.0,0.0,0.0,1.9712051085799072
2.0,4.0,3.0,3.0,2.0,0.9803138853566009,2.0,0.06316427858370788
0.0,0.0,0.0,0.0,0.0,0.0,0.0,2.0
0.0,0.0,0.0,3.0,0.0,0.0,0.0,1.9564153014973074
0.0,0.0,3.0,0.0,0.0,1.0,2.0,1.9115285085630056
0.0,0.0,0.0,0.0,0.0,0.0,0.0,1.9815303272488975
0.0,0.0,0.0,0.0,0.0,0.0,0.0,1.7046843315551001
2.0,4.0,3.0,0.0,2.0,0.0,0.0,1.9373310717711965
0.0,0.0,0.0,0.0,1.6168395152678192,1.0,2.0,0.06140040862774088
0.0,0.7145376481948622,0.0,0.0,0.0,1.0,2.0,2.0
0.0,0.0,0.0,0.0,0.0,0.0,0.0,2.0
0.0,0.0,0.0,3.0,0.0,0.0,2.0,2.0
0.0,0.0,0.0,0.0,0.0,0.0,0.0,1.2914940863255366
0.0,0.0,0.0,3.0,0.0,1.0,2.0,1.9341726418614154
0.0,0.0,0.0,0.0,0.0,0.0,0.0,0.12246627373672359
2.0,4.0,0.0,3.0,0.0,1.0,2.0,1.858501903374931
2.0,0.0,0.0,3.0,1.3852782783817954,0.0,2.0,2.0
0.0,0.0,0.0,0.0,0.0,0.0,0.0,1.0206040155958351
2.0,4.0,3.0,3.0,2.0,1.0,0.0,1.9376718393966446
2.0,0.0,0.0,3.0,2.0,0.8873224605985233,0.0,0.12607117049313588
2.0,4.0,3.0,3.0,2.0,1.0,2.0,0.1267057894924003
0.0,0.0,3.0,0.0,0.0,1.0,0.0,1.0145456927730339
2.0,4.0,0.0,0.0,0.0,0.0,0.0,2.0
2.0,4.0,0.0,0.0,2.0,0.0,0.0,1.786789674793761
0.0,0.0,3.0,0.0,0.0,0.0,0.0,1.1800659612063764
2.0,4.0,3.0,3.0,2.0,0.0,2.0,1.580774344122494
0.0,0.0,0.0,0.0,0.0,0.0,0.0,1.9090389833027341
2.0,4.0,0.0,3.0,2.0,0.0,0.9658451469272139,1.6445482092420258
2.0,4.0,3.0,3.0,2.0,1.0,2.0,1.0380919172112208
0.0,4.0,0.0,0.0,0.0,0.0,0.6032095926512839,1.8098867347090903
0.0,0.0,0.0,0.0,0.0,0.0,0.0,1.6953295043237793
2.0,4.0,3.0,0.0,2.0,0.0,2.0,1.673459800792639
0.0,3.1429047753120045,3.0,3.0,2.0,1.0,2.0,0.0
0.0,0.0,0.0,3.0,2.0,1.0,0.0,1.9774127893152214
0.0,4.0,3.0,3.0,2.0,1.0,0.0,2.0
0.06132446122597213,0.0,0.0,3.0,0.0,1.0,0.0,0.9826443768350125
1.7756898034146822,0.8497230978918757,3.0,3.0,2.0,1.0,2.0,0.8891076381249005
2.0,4.0,0.0,0.0,2.0,1.0,2.0,1.1010737539681543
2.0,4.0,0.0,3.0,2.0,1.0,2.0,1.6957796904160443
1.4524941798168904,4.0,0.0,0.0,0.0,0.0,0.0,0.06679964547987849
2.0,4.0,3.0,3.0,2.0,1.0,2.0,1.9281565854074079
2.0,4.0,3.0,3.0,2.0,1.0,2.0,1.0023956484830994
0.0,0.0,0.0,0.0,0.0,1.0,0.0,0.9277082977103135
0.0,4.0,0.9374723263132929,2.2556654451880167,0.0,0.0,0.0,0.8640602130740247
2.0,4.0,0.0,3.0,2.0,1.0,0.0,0.9707731997239519
2.0,4.0,0.0,3.0,0.0,0.0,0.0,0.10760629516848386
0.0,0.0,0.0,0.0,0.0,0.0,0.0,1.0235008569039306
2.0,4.0,0.0,0.0,0.0,0.0,0.0,1.708966087476104
2.0,2.7882128792644076,0.0,0.0,0.0,0.0,2.0,2.0
0.0,0.0,0.0,0.0,2.0,0.0,0.0,2.0
0.0,4.0,0.0,3.0,0.0,0.0,0.0,1.9203661045955696
2.0,0.0,0.0,0.0,2.0,0.0,0.0,1.9269815762749491
0.0,0.0,0.0,0.0,0.0,0.0,0.0,0.09465854567142507
0.0,4.0,3.0,3.0,0.0,0.0,2.0,0.07966248202548265
1.0706032361531117,0.0,3.0,3.0,2.0,1.0,2.0,2.0
2.0,4.0,3.0,0.0,2.0,1.0,2.0,0.10477209462153947
2.0,0.0,0.0,3.0,2.0,0.0,0.0,1.1847818610583116
2.0,4.0,3.0,0.0,1.86003382312594,1.0,2.0,0.15237349572524383
2.0,0.0,3.0,3.0,0.0,0.7957782082701281,0.05548248370301645,1.097179546066776
2.0,4.0,3.0,3.0,2.0,1.0,2.0,0.0
2.0,0.0,3.0,3.0,1.2878133160494831,1.0,1.3688879242841296,0.0
0.0,0.0,0.0,0.0,0.0,0.0,0.0,0.0
0.0,0.0,0.0,0.0,2.0,0.0,2.0,1.9742185165462895
2.0,4.0,3.0,3.0,0.0,0.3071525368659467,2.0,1.083611826080779
2.0,4.0,0.0,3.0,0.0,0.0,0.0,1.7551604514593604
0.0,0.0,3.0,0.0,0.0,1.0,0.0,1.9255070067687445
2.0,4.0,3.0,3.0,2.0,1.0,2.0,1.029434774876624
2.0,4.0,3.0,3.0,2.0,1.0,2.0,1.9593067046849306
2.0,0.0,3.0,0.0,0.0,0.0,0.0,0.0
2.0,0.0,3.0,3.0,0.0,0.0,0.0,1.0578267008741622
2.0,4.0,0.0,3.0,2.0,1.0,2.0,1.0411714409501955
0.0,4.0,0.0,0.0,0.0,0.0,0.0,1.8449034428315214
2.0,0.0,3.0,0.0,2.0,0.0,0.0,1.0878619503736258
0.0,0.0,0.0,0.0,0.0,1.0,2.0,0.24826119409856373
0.0,0.0,0.0,0.0,0.0,0.0,0.0,0.0
2.0,0.0,3.0,3.0,0.0,1.0,2.0,1.8367814724293912
0.0,4.0,0.0,3.0,2.0,1.0,2.0,1.882679309068251
0.0,0.0,0.0,0.0,2.0,1.0,2.0,0.0
2.0,1.2811005790014707,0.0,3.0,0.0,1.0,2.0,0.09467593100816252
0.0,0.0,0.0,0.0,0.0,0.0,2.0,1.0825868891905572
2.0,4.0,0.0,0.0,2.0,1.0,2.0,1.6256132203763922
0.0,4.0,3.0,3.0,0.5067901925686173,1.0,2.0,1.0293227708989845
0.0,4.0,3.0,3.0,2.0,1.0,2.0,0.0
2.0,0.0,3.0,3.0,2.0,1.0,0.0,2.0
0.0,0.0,3.0,3.0,2.0,0.0,0.0,2.0
2.0,0.0,2.953495442280681,3.0,0.0,1.0,1.757884939830746,0.0
1.400220502232863,0.0,3.0,0.0,2.0,1.0,0.0,0.8769293112866876
2.0,0.0,0.0,0.0,2.0,1.0,2.0,1.5902881904491333
2.0,0.0,0.0,0.0,0.0,0.0,0.0,1.0039735412263022
2.0,0.0,3.0,0.0,0.0,0.0,2.0,0.0731549826095822
0.0,0.0,0.0,0.0,0.0,0.0,0.0,0.13232838638695332
0.0,0.0,0.0,3.0,0.0,0.0,0.0,2.0
0.0,0.0,0.0,0.0,0.0,0.0,0.0,0.0
2.0,1.799833423509087,3.0,3.0,2.0,1.0,0.0,0.0
2.0,4.0,0.0,0.0,2.0,1.0,0.0,1.1142412518856086
2.0,4.0,0.0,0.0,0.0,1.0,2.0,2.0
0.0,4.0,0.0,3.0,2.0,1.0,2.0,0.12206871440968114
2.0,4.0,1.0100064071945392,3.0,2.0,1.0,0.0,0.0
0.0,0.0,1.978633193704792,0.0,0.0,0.0,2.0,0.11570141679008261
0.0,0.0,0.0,0.0,0.0,0.0,0.0,0.9783501357359702
0.0,4.0,3.0,0.0,2.0,1.0,2.0,0.9237170553705567
2.0,4.0,3.0,0.0,2.0,1.0,2.0,1.211168863941368
0.0,0.0,0.0,0.0,0.0,0.0,0.0,2.0
2.0,0.0,3.0,0.0,2.0,1.0,0.0,0.02464858451701457
2.0,4.0,3.0,0.0,2.0,0.0,0.0,2.0
2.0,4.0,0.0,0.0,0.06540567926141116,0.0,2.0,0.0
2.0,4.0,0.0,2.5219547416080417,2.0,1.0,0.0,1.9877656646828101
2.0,0.0,0.0,3.0,0.0,0.8286453305156576,2.0,1.9898992444544898
0.0,4.0,0.0,0.0,0.0,0.20253048484797165,0.0,0.9778298337249962
2.0,4.0,3.0,3.0,2.0,1.0,2.0,1.041774198922094
0.0,4.0,0.0,0.0,0.0,0.0,0.0,1.931502188424679
2.0,4.0,3.0,3.0,2.0,1.0,2.0,0.0
0.0,0.0,0.0,0.0,0.0,0.0,2.0,1.0826938994818098
1.252787271872926,0.0,0.0,0.0,0.0,0.0,0.0,2.0
0.0,0.0,0.0,0.0,2.0,0.0,2.0,1.2140385827666655
0.0,0.0,0.0,3.0,2.0,0.0,0.0,1.7316098368138269
2.0,2.270317844732775,0.0,3.0,2.0,1.0,1.3477396192225322,1.9115206035385577
2.0,4.0,0.6268942680050988,3.0,2.0,0.0,2.0,1.044778342543769
2.0,4.0,3.0,3.0,2.0,1.0,2.0,0.9097355888039035
2.0,0.0,3.0,3.0,2.0,1.0,0.2260289499558965,2.0
0.0,0.0,3.0,3.0,0.9891748966056944,1.0,0.5623372805009548,1.995437797055999
2.0,4.0,3.0,3.0,2.0,1.0,2.0,0.9326762609241449
0.0,4.0,3.0,3.0,2.0,1.0,2.0,1.9615222404091173
2.0,4.0,3.0,0.0,0.0,1.0,2.0,0.0
2.0,4.0,3.0,0.0,2.0,1.0,0.0,1.4546815690271895
0.0,0.0,3.0,3.0,2.0,0.0,2.0,2.0
0.0,0.0,0.0,0.0,0.5762098519071313,0.0,0.0,0.9810219173096791
2.0,0.0,0.0,3.0,2.0,1.0,0.0,1.473275900374503
0.0,0.0,0.0,3.0,0.0,0.0,0.0,1.128421553344061
2.0,4.0,3.0,3.0,2.0,1.0,2.0,2.0
0.0,0.0,0.0,0.0,0.0,0.0,0.0,1.0295336693112
2.0,4.0,3.0,3.0,2.0,0.0,2.0,0.12424205151719481
0.0,0.327317510610436,0.0,0.0,0.0,0.0,2.0,1.9564237748596796
0.0,0.0,0.0,3.0,0.0,0.721687757625645,2.0,2.0
2.0,1.6132463482687447,3.0,3.0,0.0,0.0,2.0,2.0
2.0,4.0,3.0,3.0,2.0,1.0,2.0,1.9978598289627967
2.0,4.0,1.6565124206820458,3.0,0.0,1.0,2.0,0.0
0.0,0.0,0.0,0.0,0.0,0.0,1.142026232739095,0.004761798813771589
2.0,0.6465717224944421,0.0,0.0,2.0,0.0,0.0,1.012912382665817
2.0,0.0,0.0,0.0,0.0,1.0,0.0,1.1936496627040367
2.0,4.0,3.0,3.0,2.0,1.0,2.0,0.03194103864657771
0.0,0.0,0.0,0.0,2.0,1.0,0.0,0.0980717648012911
1.5841777001598107,0.0,3.0,3.0,0.0,1.0,0.0,0.009078355900120738
2.0,4.0,0.0,0.0,2.0,0.0,0.0,1.0343163790625356
0.0,0.0,0.0,0.0,2.0,0.0,0.0,2.0
0.0,0.0,0.0,0.0,0.0,0.0,0.0,1.3688168109296222
2.0,0.0,0.0,0.0,0.0,0.0,0.0,1.1580177693808678
2.0,4.0,3.0,2.3312336788058396,0.0,1.0,2.0,1.1350293243982517
0.0,4.0,3.0,1.885180335054993,2.0,1.0,0.6211309388051593,1.9177527999390969
2.0,0.0,3.0,0.0,0.0,0.0,0.0,1.0122622006065105
2.0,4.0,3.0,3.0,2.0,1.0,0.0,0.0
2.0,4.0,3.0,0.0,2.0,0.0019630969559483735,2.0,1.0177346503432052
0.0,4.0,0.0,0.0,0.0,0.0,0.0,0.054553731129666105
2.0,0.0,0.0,3.0,2.0,0.0,0.8629639716887152,0.0
2.0,0.0,3.0,0.0,2.0,1.0,0.0,1.1272360234740086
0.0,4.0,0.0,0.0,0.0,0.0,2.0,0.7683517411450249
2.0,4.0,3.0,3.0,0.0,1.0,2.0,1.9723233859946303
2.0,0.0,3.0,3.0,2.0,1.0,0.0,1.119900737008766
0.9537993141461589,4.0,3.0,0.0,2.0,0.39044769179937183,2.0,1.9779099614154207
2.0,0.0,3.0,0.0,0.0,0.0,0.0,1.7559800971085227
2.0,4.0,3.0,3.0,2.0,0.0,2.0,1.1200010667179847
0.0,0.0,0.0,0.8293560356322979,0.0,0.0,0.0,0.8597785854246862
0.0,0.0,0.0,0.0,0.0,0.0,0.0,2.0
0.0,4.0,3.0,3.0,2.0,1.0,2.0,2.0
2.0,0.9139079569891377,0.0,3.0,0.0,0.0,0.0,1.935139935090851
2.0,0.0,0.0,0.0,2.0,0.0,0.0,1.3767033868843983
2.0,0.0,0.0,3.0,2.0,0.0,0.0,1.0592832541722448
0.0,0.0,0.0,0.0,0.0,0.0,0.0,1.115169023877126
0.0,0.0,0.0,0.0,0.0,0.5625720123553857,0.0,1.0251276982955073
0.0,0.0,0.0,3.0,0.0,0.0,0.0,0.0
0.0,0.0,0.0,0.0,0.0,0.0,0.0,0.0
0.0,4.0,0.0,0.0,0.0,1.0,0.0,2.0
2.0,0.0,0.0,0.0,2.0,0.0,2.0,0.0
2.0,4.0,3.0,3.0,2.0,1.0,2.0,1.072022640991316
2.0,4.0,0.0,0.0,0.0,0.0,2.0,1.458610047840878
0.0,0.0,0.0,0.0,0.0,0.0,0.0,1.8049663346487854
1.3038532079100904,0.0,3.0,3.0,2.0,1.0,2.0,2.0
2.0,0.0,3.0,3.0,2.0,1.0,2.0,1.0791918392977924
2.0,0.0,3.0,3.0,2.0,0.0,2.0,0.0
2.0,4.0,3.0,3.0,2.0,1.0,2.0,0.9826306201713663
0.0,0.0,0.0,0.0,0.0,0.0,2.0,2.0
2.0,0.0,3.0,1.8717254935485552,2.0,1.0,2.0,2.0
0.0,4.0,3.0,0.0,0.841949417901394,1.0,0.0,2.0
2.0,0.0,0.0,0.8260225251421294,0.0,0.0,0.0,0.0
0.0,4.0,3.0,3.0,2.0,1.0,0.0,2.0
0.0,4.0,3.0,0.0,0.0,1.0,2.0,1.9848773704294793
2.0,4.0,3.0,3.0,2.0,1.0,0.0,0.9109419841828822
0.0,0.0,0.0,0.0,0.0,0.0,0.0,1.998280706356283
2.0,3.8435868880551087,3.0,3.0,2.0,1.0,2.0,0.9722165452576713
2.0,0.0,0.0,0.0,0.0,0.0,2.0,1.3070085265669888
2.0,4.0,0.0,2.3461657170296415,2.0,1.0,0.0,0.9151473143482645
0.0,0.0,3.0,3.0,0.0,0.0,2.0,1.0464494737980554
2.0,0.37566667983294644,3.0,3.0,2.0,1.0,2.0,2.0
0.0,4.0,0.0,0.0,2.0,1.0,0.0,0.0
2.0,2.8489803951046775,3.0,3.0,2.0,0.0,0.0,1.0993971846891186
2.0,4.0,0.0,0.0,2.0,0.0,0.0,0.9289190564914458
1.4535402915987774,0.0,1.7253729549460817,3.0,0.0,0.0,0.0,0.9910370354170016
2.0,4.0,0.0,3.0,0.9159363241898791,0.0,2.0,0.0
1.9199437633938206,3.309265295616836,1.6726851690426363,3.0,2.0,1.0,2.0,2.0
2.0,0.0,3.0,0.0,0.0,1.0,2.0,2.0
2.0,4.0,3.0,3.0,0.43093477316245277,1.0,2.0,2.0
2.0,4.0,3.0,3.0,0.0,1.0,2.0,0.3036995694417489
0.0,0.0,0.0,0.0,0.0,0.0,0.0,1.0540663332808369
2.0,4.0,3.0,3.0,2.0,1.0,2.0,0.0
2.0,4.0,3.0,3.0,0.0,1.0,2.0,1.9574409611475734
2.0,0.0,0.0,0.0,0.0,0.04349743326484956,0.0,2.0
2.0,4.0,3.0,3.0,2.0,1.0,2.0,0.0
2.0,4.0,3.0,3.0,2.0,1.0,2.0,0.0
0.0,4.0,3.0,3.0,2.0,0.0,0.0,1.9992824468245622
0.0,0.0,0.0,3.0,0.0,0.0,0.0,0.0
0.0,0.0,0.0,0.0,0.2578935150491889,0.0,0.0,2.0
0.0,4.0,0.0,0.0,2.0,0.3176732870100139,0.0,0.01634126497734778
2.0,0.0,3.0,3.0,2.0,0.0,2.0,0.9875479390661787
0.0,4.0,3.0,0.0,0.0,0.0,2.0,0.0
0.0,0.0,0.0,0.0,0.0,0.0,0.0,0.0
2.0,4.0,3.0,0.0,2.0,1.0,2.0,0.8056966612041859
0.0,0.0,0.0,0.0,0.0,0.0,2.0,0.97670944051066
0.0,4.0,3.0,3.0,1.6994712469577467,1.0,0.0,1.2547663255932342
2.0,0.0,3.0,3.0,0.0,0.0,2.0,1.605918332849922
0.0,4.0,3.0,3.0,2.0,1.0,2.0,0.05207090124841196
0.0,4.0,3.0,1.4932063955457426,2.0,1.0,2.0,1.9991915465578343
2.0,4.0,3.0,3.0,2.0,1.0,2.0,1.1443419329953552
0.0,0.0,0.0,0.0,2.0,0.0,2.0,1.2653861615093422
2.0,4.0,3.0,0.0,2.0,1.0,1.4206483934239118,1.0301323597935963
0.0,0.0,0.0,0.0,0.0,0.0,0.0,1.9453555023427507
2.0,4.0,3.0,3.0,1.5916896240582816,1.0,2.0,1.970679224569715
2.0,0.0,3.0,0.0,0.0,1.0,0.0,0.07308153509000193
2.0,0.0,3.0,3.0,2.0,1.0,1.5533897052557761,1.7957808087182465
2.0,4.0,3.0,3.0,2.0,1.0,2.0,0.07801942524871963
2.0,0.0,3.0,3.0,0.0,1.0,2.0,1.090576688549512
2.0,0.0,0.0,0.0,0.0,0.0,2.0,0.0
2.0,4.0,3.0,0.0,2.0,0.0,0.0,0.04623303944089485
2.0,4.0,3.0,3.0,1.4870390062669578,1.0,2.0,2.0
2.0,0.0,0.0,3.0,0.0,0.0,0.10266530320002798,2.0
2.0,4.0,3.0,3.0,0.0,0.7119347932061131,2.0,2.0
0.0,1.210515450080902,0.0,3.0,0.0,1.0,2.0,0.0
0.0,0.0,0.0,0.0,0.0,0.0,2.0,0.1389078507418906
0.0,0.0,3.0,0.0,2.0,0.0,0.0,1.9652064000431255
0.0,0.0,0.0,0.0,0.0,0.0,0.0,0.07709172273807885
2.0,0.0,3.0,3.0,2.0,1.0,0.0,1.934338618077823
2.0,4.0,3.0,3.0,2.0,1.0,2.0,1.7478558810448686
0.0,0.0,0.0,0.0,0.0,0.0,0.0,0.07191568028760909
2.0,0.0,0.0,0.0,0.0,0.0,0.0,2.0
0.15895231908501195,4.0,3.0,3.0,2.0,1.0,0.0,2.0
2.0,4.0,0.0,3.0,0.0,0.0,2.0,2.0
2.0,0.0,1.3079355638500614,0.0,1.7530895845503656,1.0,2.0,0.12170230086140443
2.0,2.062509440533292,0.47455548329723635,3.0,2.0,1.0,2.0,0.00035221758941561543
0.0,0.0,0.0,0.0,0.0,0.0,0.0,0.0
1.6777005695474765,0.0,0.0,0.0,2.0,0.0,2.0,1.0014428342112947
2.0,4.0,3.0,3.0,0.0,1.0,0.0,1.7886897088004745
2.0,4.0,3.0,2.1832674446987,2.0,0.0,2.0,1.986235121381971
2.0,4.0,3.0,0.0,2.0,0.0,2.0,1.0472322967675203
0.0,4.0,3.0,3.0,2.0,1.0,2.0,1.971695096497259
2.0,0.0,3.0,3.0,0.24516741773125317,1.0,2.0,0.004842332399550453
1.51327603083217,0.0,0.0,3.0,2.0,0.0,0.0,1.975866284478085
0.0,0.0,0.0,3.0,0.0,0.0,2.0,2.0
2.0,4.0,0.0,0.0,0.0,0.0,2.0,1.6272293547303165
2.0,2.400587337929264,0.0,0.0,2.0,1.0,0.0,1.1729915047254502
0.0,4.0,3.0,0.0,1.2981092475050118,1.0,2.0,1.9636958553121158
0.0,0.0,0.0,1.5993789209890676,0.0,0.0,2.0,2.0
2.0,4.0,3.0,0.0,0.0,0.0,2.0,1.9941791436775493
0.0,0.0,0.0,0.0,0.0,0.0,1.0778956531401434,1.1997137101173247
2.0,4.0,3.0,3.0,2.0,1.0,2.0,0.9427873252396017
2.0,4.0,3.0,3.0,2.0,1.0,2.0,2.0
0.0,0.0,0.0,3.0,0.0,0.0,2.0,0.04521159009324993
2.0,4.0,3.0,0.0,0.0,0.0,2.0,2.0
2.0,4.0,3.0,3.0,2.0,1.0,2.0,0.01634989313147417
0.0,0.0,3.0,3.0,0.0,0.0,2.0,1.0119668982042278
2.0,4.0,0.0,3.0,2.0,0.0,2.0,0.0
2.0,4.0,3.0,3.0,2.0,1.0,2.0,2.0
2.0,0.0,0.0,0.0,2.0,0.0,0.0,0.028179240942914796
0.0,0.0,0.0,0.0,0.0,0.0,0.0,0.16899226506059273
0.0,4.0,0.0,0.0,0.0,0.0,0.0,1.0486619114038367
2.0,4.0,3.0,3.0,2.0,1.0,2.0,1.1753201065708558
2.0,0.0,0.0,0.0,0.0,1.0,0.0,0.9860489376686362
2.0,4.0,0.0,3.0,2.0,0.0,2.0,0.05433489045866524
2.0,4.0,3.0,3.0,2.0,1.0,2.0,1.9317083691074353
0.0,0.0,2.9319011626182734,3.0,2.0,1.0,0.0,0.04498190828401283
0.0,0.0,0.0,0.0,0.0,1.0,0.0,1.9558775137735123
0.0,4.0,0.0,3.0,0.0,0.0,0.0,1.1287829277724215
2.0,2.565485524029142,3.0,3.0,0.0,0.0,0.0,0.9683611284094711
2.0,0.0,3.0,3.0,0.0,0.0,0.0,1.111838279643095
0.0,4.0,0.0,3.0,0.0,0.0,2.0,0.9774718297080658
0.0,0.0,3.0,0.0,0.0,0.0,0.0,1.0163482597665907
2.0,4.0,3.0,3.0,2.0,1.0,2.0,1.010820926684999
2.0,4.0,3.0,3.0,2.0,1.0,2.0,0.0
0.9265228803516188,1.1128275158209682,0.0,0.0,0.0,0.0,2.0,1.910266031720624
2.0,4.0,0.0,2.633801297083387,2.0,1.0,2.0,0.0
2.0,4.0,3.0,3.0,2.0,1.0,2.0,2.0
2.0,4.0,3.0,3.0,2.0,0.9915216832547283,2.0,1.9360525680198113
2.0,0.0,3.0,0.0,0.0,1.0,0.0,0.11272380681547722
0.0,0.0,3.0,0.0,2.0,1.0,2.0,1.9187336392817307
0.0,4.0,3.0,0.0,0.0,0.0,2.0,1.1359659238383517
1.2033816173479697,4.0,2.063759904704739,0.0,0.0,0.0,0.0,1.9879008752448972
2.0,4.0,1.374159430352566,3.0,0.0,1.0,0.0,0.0
0.0,0.0,0.0,0.0,0.0,0.842470404073711,0.0,0.0
0.0,0.0,0.0,0.0,0.0,1.0,0.0,1.9828806766480618
0.0,4.0,0.0,0.0,2.0,0.0,0.0,0.9187493683200553
2.0,4.0,3.0,3.0,2.0,1.0,2.0,0.9788963931195547
2.0,0.0,0.0,0.0,0.0,0.0,0.0,1.1983245795451274
2.0,4.0,3.0,3.0,2.0,1.0,2.0,0.026701139453039535
2.0,4.0,3.0,3.0,2.0,1.0,2.0,1.79276912888295
2.0,4.0,3.0,3.0,2.0,1.0,2.0,0.0
2.0,4.0,3.0,3.0,2.0,1.0,2.0,1.0769035543563077
0.0,4.0,3.0,3.0,0.0,1.0,2.0,1.9903407445049288
0.0,0.0,0.0,0.0,0.0,0.0,0.0,0.9644309173463101
2.0,0.0,3.0,0.0,2.0,1.0,0.0,1.7864843290677486
0.0,0.0,0.0,0.0,1.8935684443236078,0.0,0.0,2.0
0.0,0.0,0.0,3.0,0.0,0.0,2.0,0.03882261842247314
0.0,4.0,0.8331530332265723,3.0,0.0,0.0,0.0,1.935853732892226
2.0,0.0,3.0,0.0,2.0,0.0,0.0,1.1801159159546106
0.0,0.0,0.0,3.0,0.0,0.0,2.0,0.9262406887042766
0.0,4.0,3.0,0.0,0.0,1.0,2.0,0.11593136426996253
2.0,0.0,0.0,3.0,2.0,0.0,2.0,1.061811566544362
0.0,4.0,3.0,3.0,0.0,0.0,2.0,0.9993974613804957
1.050118011207198,0.0,0.0,0.0,2.0,0.0,2.0,1.886379121989417
2.0,4.0,3.0,3.0,0.0,1.0,2.0,0.0
2.0,0.0,0.0,0.0,0.0,1.0,2.0,2.0
0.0,0.0,2.117578017958936,0.10199105267838685,0.0,0.0,2.0,1.8262777391591596
2.0,0.0,3.0,0.23633021859256653,2.0,1.0,2.0,0.9894301161006688
2.0,4.0,0.0,3.0,1.9893731032842457,0.0,2.0,0.10068650812348146
2.0,4.0,0.0,3.0,2.0,1.0,2.0,1.1176838507870506
0.0,0.8830647498203001,0.0,3.0,0.0,0.0,2.0,0.9816596203471663
2.0,4.0,3.0,3.0,0.0,0.5657662022143912,2.0,1.002402932458137
2.0,0.0,0.0,3.0,0.0,0.0,2.0,0.9237052339031133
2.0,0.0,3.0,3.0,0.0,1.0,2.0,1.9455459182556953
0.0,0.0,3.0,0.0,0.0,1.0,2.0,1.1163004346292955
0.2838113999697851,4.0,3.0,3.0,1.3806611303083978,1.0,0.0,1.8980051653105194
0.0,0.0,0.0,0.0,0.0,0.0,0.0,1.9349222428089694
0.0,0.0,0.0,0.0,1.1091479441201915,0.0,0.0,1.6211686228844258
2.0,0.0,3.0,0.0,0.0,1.0,0.0,1.7494097794010504
0.0,4.0,0.0,3.0,0.0,0.8659641107706604,0.0,0.9908430461917029
0.0,0.0,0.0,0.0,0.0,0.0,2.0,1.8898316972631855
0.0,0.0,0.0,0.0,0.0,0.0,0.0,0.961360566879515
0.0,0.0,0.0,0.0,0.0,0.0,0.0,2.0
0.0,4.0,3.0,3.0,0.253884900046648,0.7346214140479899,0.0,1.0350088941879454
0.0,0.0,0.0,0.0,0.0,0.0,0.0,0.0
2.0,3.73464390325681,3.0,3.0,2.0,1.0,2.0,0.9960760063078322
0.0,0.0,0.0,0.0,0.0,1.0,2.0,0.9627799368436549
0.0,0.0,3.0,0.0,2.0,0.0,1.5945461517752233,0.9548695804850572
0.0,0.0,3.0,1.4568524328535197,0.0,0.0,0.0,0.9923634769601165
1.7565606820362898,0.0,0.0,0.0,0.0,0.0,0.0,0.0
0.0,4.0,3.0,0.0,2.0,1.0,2.0,0.026182199372555504
0.0,0.0,0.0,0.0,0.0,0.0,0.0,1.0258303221983083
0.0,0.0,0.0,0.0,0.7689775473622706,0.0,0.0,1.9963607394579044
0.0,0.0,2.101603765860962,0.0,0.0,0.0,0.0,1.1185840815076293
2.0,0.0,0.0,3.0,0.0,0.0,2.0,1.0359435107609711
2.0,0.0,3.0,0.0,0.0,0.0,1.5057935869418744,0.03463172420681215
0.0,0.0,0.0,0.0,0.0,1.0,0.0,0.9869694525166349
0.0,4.0,3.0,0.0,2.0,0.0,2.0,2.0
2.0,4.0,3.0,3.0,2.0,1.0,2.0,0.049658818587404396
2.0,4.0,0.0,0.0,2.0,1.0,2.0,0.9564161614357399
0.0,0.0,0.0,3.0,0.0,0.0,0.0,0.0
0.7548532559703824,0.0,3.0,0.0,0.0,0.0,2.0,2.0
2.0,4.0,3.0,1.9771140634775066,0.0,0.0,0.2792082426826229,2.0
0.0,4.0,3.0,0.0,2.0,0.0,2.0,1.7742904462149138
2.0,4.0,3.0,3.0,0.0,1.0,2.0,0.06376235224507587
2.0,4.0,3.0,3.0,2.0,1.0,2.0,1.9887370937329483
0.016180401557920998,4.0,0.0,3.0,2.0,1.0,0.0,1.150500110598424
2.0,0.0,0.0,0.0,0.0,1.0,2.0,1.9505524708055217
2.0,4.0,3.0,3.0,2.0,1.0,2.0,0.05836779483935661
0.0,0.0,0.0,3.0,0.0,1.0,2.0,1.9859654294563547
2.0,0.0,0.0,3.0,0.0,0.0,2.0,0.06343578568811703
2.0,4.0,0.0,0.0,2.0,1.0,2.0,0.9990576965590664
0.0,4.0,3.0,3.0,2.0,1.0,2.0,1.061395650145035
1.5099587687541451,0.0,0.0,0.0,0.7261600210883348,1.0,0.0,2.0
2.0,4.0,3.0,3.0,2.0,1.0,2.0,1.7623891067534285
2.0,4.0,3.0,3.0,2.0,1.0,2.0,0.0
0.0,0.0,3.0,0.0,0.0,1.0,0.0,0.03982976199942456
2.0,4.0,0.0,3.0,0.0,1.0,2.0,2.0
2.0,4.0,3.0,0.0,2.0,1.0,2.0,0.0
0.0,2.936497530714645,3.0,0.0,0.0,0.0,0.0,1.6174374245692844
0.0,0.0,0.0,0.0,2.0,1.0,2.0,2.0
2.0,4.0,3.0,3.0,0.376818554649877,1.0,0.0,0.07777494382494676
2.0,0.0,3.0,3.0,2.0,0.0,0.0,0.08208196203665097
0.0,4.0,3.0,0.0,0.0,0.0,0.0,0.0
2.0,4.0,3.0,3.0,2.0,1.0,2.0,2.0
2.0,4.0,0.7326541458954786,3.0,0.062020983615235004,0.5443670922420735,2.0,1.1846116186141495
0.0,0.0,3.0,0.0,2.0,0.0,0.0,2.0
0.0,0.0,1.581232442898651,3.0,0.0,1.0,0.0,2.0
0.0,0.0,0.0,0.0,0.0,0.0,0.0,0.0
0.0,0.0,0.0,3.0,0.0,0.0,0.0,0.0
2.0,4.0,0.0,0.0,0.0,0.0,0.0,1.913832645886067
2.0,4.0,3.0,0.0,0.0,0.0,2.0,1.9976166497784162
2.0,0.4162050602240823,0.0,0.0,2.0,1.0,2.0,1.9103710909923608
2.0,4.0,3.0,3.0,2.0,1.0,0.0,0.058538058597179976
0.0,0.0,3.0,3.0,0.0,1.0,0.0,0.08145263716821027
2.0,4.0,0.0,3.0,0.0,1.0,0.0,1.081548164278298
2.0,0.0,3.0,3.0,2.0,0.0,0.0,1.1560268328451766
0.0,0.0,3.0,0.0,0.0,0.0,0.0,1.7942540449785969
2.0,4.0,3.0,3.0,2.0,1.0,0.0,0.8782980494671492
0.0,4.0,0.6968813591945763,3.0,2.0,0.0,0.0,0.17974938338544943
0.0,4.0,0.0,3.0,0.0,0.0,0.0,2.0
0.0,0.0,0.0,0.0,0.0,0.0,0.0,1.0236867933381975
0.0,0.0,0.0,0.0,0.0,0.23689469700925314,0.0,0.9963521241215998
0.0,4.0,3.0,1.4608796378008744,2.0,1.0,2.0,1.0007594483762114
0.0,0.0,3.0,0.0,0.0,0.0,0.0,1.8019954471861956
0.0,0.0,0.0,0.0,0.0,1.0,0.0,0.9403163522906017
2.0,4.0,0.0,0.0,2.0,0.5134580151360097,2.0,1.21501084591354
2.0,0.0,3.0,3.0,0.6733844015315966,0.0,2.0,1.9687753962213175
0.0,0.0,0.0,3.0,0.0,0.0,0.0,0.047971466740361346
0.0,0.0,0.0,3.0,0.0,0.0,0.0,0.0
0.0,4.0,3.0,0.0,2.0,1.0,0.0,0.024343521943245405
2.0,4.0,3.0,3.0,2.0,1.0,0.0,0.9201077078576683
2.0,4.0,3.0,3.0,2.0,1.0,2.0,0.9964072055539878
0.0,4.0,0.0,0.0,0.0,0.0,0.0,1.7541175574688177
0.0,0.0,0.0,0.0,0.0,0.0,0.0,0.0
2.0,4.0,3.0,3.0,1.1271535936565702,0.01599731409056432,2.0,0.13803988988287863
1.8139555090890886,0.0,3.0,0.0,0.0,0.054356021645440955,2.0,2.0
2.0,4.0,3.0,0.0,0.0,1.0,0.9530567166424889,0.0
2.0,4.0,0.0,3.0,2.0,1.0,0.646250621142372,0.0
2.0,0.0,3.0,0.0,0.0,0.0,2.0,0.9476253222693216
2.0,0.0,0.0,3.0,0.0,0.0,2.0,1.0356415462269837
0.0,0.0,0.0,0.0,0.0,0.0,0.0,0.888975648247658
2.0,4.0,0.0,3.0,2.0,1.0,0.0,0.0612339185254237
2.0,0.0,3.0,3.0,2.0,0.0,2.0,0.0
0.0,0.0,2.132771736538507,0.0,0.0,0.0,2.0,0.0
2.0,4.0,3.0,0.0,0.0,1.0,2.0,0.9818988397352487
0.0,0.0,2.1972096138866153,3.0,1.6696713770009721,0.0,0.0,1.9927520229183444
0.0,4.0,0.0,3.0,0.0,1.0,2.0,2.0
2.0,4.0,3.0,3.0,0.0,1.0,2.0,2.0
2.0,4.0,3.0,3.0,2.0,1.0,2.0,0.0
2.0,0.0,0.0,1.489663726791236,0.058411143433519386,1.0,2.0,0.973545753889268
0.0,0.0,0.0,0.0,0.0,0.0,0.0,0.0
0.0,0.0,0.0,0.0,0.0,0.0,0.0,1.2253465273090771
2.0,0.0,3.0,3.0,2.0,0.0,2.0,1.4921904699435613
0.0,0.0,3.0,0.0,0.0,0.0,0.0,1.6353150343819527
0.0,2.559244677691544,0.0,0.0,0.0,0.0,0.0,0.01021561109254332
2.0,0.0,3.0,3.0,1.7850107115532357,0.0,0.0,1.0090691969933097
2.0,1.1888352042414594,3.0,2.020624548926344,0.0,1.0,2.0,2.0
0.0,0.0,3.0,0.0,0.0,0.0,0.0,1.0037172620228123
0.0,0.0,0.0,3.0,2.0,0.0,0.0,1.4892210829791477
0.0,4.0,0.0,3.0,0.0,1.0,2.0,0.0
2.0,4.0,3.0,3.0,2.0,0.0,2.0,0.0
2.0,4.0,3.0,3.0,2.0,1.0,2.0,0.06967432975951082
2.0,0.0,3.0,0.0,0.19676364347212338,1.0,2.0,0.9726931972264738
0.0,0.0,0.0,0.0,0.0,0.0,0.0,1.813778271838645
2.0,4.0,3.0,3.0,2.0,1.0,2.0,1.987862850137676
2.0,4.0,3.0,3.0,2.0,1.0,0.0,0.7935305690284711
2.0,4.0,3.0,3.0,0.0,0.9756628085980756,2.0,1.564854059511799
2.0,4.0,3.0,3.0,0.0,0.0,0.04335065962557216,0.0
2.0,4.0,3.0,3.0,2.0,1.0,2.0,2.0
2.0,0.0,3.0,3.0,0.0,1.0,0.0,0.04662071323540884
2.0,0.0,3.0,0.0,2.0,1.0,2.0,1.9992263660544891
0.0,0.0,0.0,0.0,0.0,0.0,0.0,0.05237198728589576
2.0,4.0,3.0,3.0,2.0,1.0,2.0,2.0
0.0,4.0,0.0,2.0123465757981487,0.0,1.0,1.7032887935943202,0.9778544131709205
2.0,4.0,3.0,3.0,0.5519847476485871,1.0,2.0,1.9402697681239878
0.0,4.0,3.0,0.0,2.0,1.0,2.0,0.17930944551273909
2.0,4.0,3.0,3.0,2.0,1.0,0.0,0.0
2.0,4.0,3.0,3.0,2.0,1.0,2.0,1.054184592689115
0.0,4.0,0.0,3.0,0.0,0.0,2.0,0.0
0.0,0.0,3.0,0.0,2.0,1.0,0.0,0.8775005973956529
2.0,4.0,3.0,3.0,2.0,0.0,0.7773876150951421,1.3984085666307524
0.0,4.0,3.0,3.0,0.0,1.0,0.0,2.0
2.0,0.0,0.0,3.0,0.0,1.0,0.0,0.983432687490885
2.0,4.0,3.0,3.0,2.0,1.0,2.0,0.0
2.0,4.0,3.0,3.0,2.0,0.0,2.0,1.612900726967701
2.0,4.0,3.0,3.0,0.0,1.0,2.0,0.0
0.0,4.0,3.0,3.0,2.0,1.0,2.0,1.9290323335074646
2.0,3.734920638192068,3.0,0.0,2.0,0.0,2.0,1.0188656306795985
2.0,4.0,3.0,3.0,0.0,0.0,0.0,2.0
2.0,0.0,3.0,3.0,2.0,0.7011259566348021,2.0,0.9337726979142202
2.0,4.0,0.0,3.0,0.0,0.0,0.0,0.0
0.0,4.0,0.0,3.0,0.0,0.0,1.9206233512944961,0.0
1.5055208560590692,4.0,0.0,0.0,2.0,1.0,0.0,1.051424162529823
0.0,0.0,3.0,0.0,0.0,0.0,0.0,2.0
2.0,4.0,3.0,0.0,2.0,1.0,2.0,0.9998255196797519
0.0,0.0,0.0,0.0,0.0,0.0,0.0,1.8479165152722823
2.0,4.0,3.0,3.0,2.0,1.0,2.0,1.0146847768208882
0.0,0.0,0.0,0.0,0.0,0.0,0.0,1.1517983913187009
0.0,0.0,0.0,0.0,0.0,0.0,0.0,0.09438874046226353
0.0,4.0,1.395517614174714,3.0,0.0,1.0,0.0,2.0
2.0,0.0,2.533056714109945,0.0,2.0,1.0,0.0,1.0420879049556862
1.5715757577849772,3.736516010897909,3.0,3.0,2.0,1.0,2.0,0.05571742290276105
2.0,4.0,3.0,3.0,2.0,1.0,2.0,0.0540305434254299
0.0,0.0,0.0,0.0,0.0,0.0,2.0,0.0
2.0,0.0,0.0,0.0,0.0,0.0,2.0,0.026243223565635465
2.0,4.0,3.0,3.0,2.0,1.0,2.0,1.1393311302925646
2.0,4.0,3.0,3.0,0.0,0.0,2.0,0.0
2.0,4.0,3.0,3.0,2.0,0.737978899834554,0.0,0.0
2.0,4.0,0.0,3.0,0.0,0.0,2.0,1.7260551425783102
2.0,4.0,3.0,3.0,1.0853243093568203,0.0,0.0,1.088084275300661
2.0,4.0,3.0,3.0,2.0,1.0,2.0,1.04109471825527
0.0,0.0,3.0,0.0,0.0,0.0,2.0,0.0
2.0,4.0,3.0,3.0,2.0,1.0,2.0,0.009151043836689854
0.0,4.0,3.0,3.0,1.9948369969119542,1.0,2.0,1.0695709558261788
2.0,4.0,3.0,3.0,2.0,1.0,0.0,2.0
2.0,2.673766464689255,0.0,1.1201550157120679,2.0,1.0,2.0,1.0425277859204984
0.0,0.0,0.0,0.0,0.0,1.0,0.0,1.7954188318393405
2.0,4.0,1.5978606201534449,0.0,0.0,0.41334444229822176,2.0,0.04811657471801101
0.1411299981570986,4.0,0.0,0.0,0.0,1.0,2.0,1.396680059701487
0.0,0.0,0.0,0.0,2.0,0.0,0.0,1.9611054934473078
0.0,0.0,0.0,3.0,0.0,1.0,0.0,0.020691605729614593
2.0,4.0,3.0,3.0,2.0,1.0,1.9668517350591552,0.10463651095229576
0.0,0.0,3.0,3.0,0.0,0.0,0.0,2.0
0.0,0.0,3.0,0.0,2.0,0.0,2.0,2.0
0.0,0.0,0.0,0.0,2.0,0.0,2.0,1.995934996686716
0.0,4.0,0.0,0.0,0.7561871564139502,1.0,2.0,0.05787274489826921
2.0,4.0,3.0,3.0,2.0,1.0,2.0,0.9202307889206716
0.0,4.0,0.0,0.0,0.0,1.0,0.0,1.9182842128709914
2.0,4.0,0.0,0.0,2.0,1.0,1.284542294761277,1.612920284999435
0.0,0.5895765577593923,3.0,3.0,0.722537672903612,1.0,2.0,0.22673391296683443
0.0,0.0,0.0,0.0,0.0,0.0,0.0,1.7287051702854417
2.0,4.0,0.0,3.0,2.0,1.0,1.4157590352596756,0.0
2.0,4.0,3.0,3.0,2.0,1.0,2.0,2.0
2.0,4.0,0.0,3.0,0.0,0.0,2.0,0.025346300663844246
0.0,0.0,0.0,0.0,0.0,0.0,0.0,1.9461836662494547
2.0,4.0,0.0,3.0,2.0,1.0,0.0,1.0119121074371327
2.0,0.0,0.0,0.0,2.0,1.0,0.0,1.3968889256995283
2.0,4.0,3.0,3.0,0.0,1.0,2.0,1.1332970440236967
2.0,4.0,0.0,0.0,2.0,1.0,2.0,1.0441787361655688
2.0,4.0,3.0,3.0,2.0,1.0,2.0,0.0
2.0,4.0,0.5783004670821239,0.0,2.0,1.0,2.0,1.9918949294923345
2.0,4.0,3.0,3.0,2.0,1.0,2.0,1.0227752929526115
2.0,4.0,3.0,3.0,2.0,1.0,2.0,0.9909298549315425
0.0,0.0,3.0,3.0,0.0,1.0,0.0,1.105942435978299
2.0,4.0,3.0,0.0,0.0,1.0,2.0,1.8514651593098046
0.0,0.0,0.0,0.0,1.2246606582580244,0.0,2.0,0.0
2.0,4.0,3.0,3.0,2.0,1.0,2.0,0.9919810290331593
0.0,4.0,3.0,3.0,2.0,1.0,0.0,1.9649781756322007
2.0,4.0,3.0,3.0,2.0,0.0,0.0,1.0804042022062441
1.5444209288162971,4.0,3.0,0.0,2.0,1.0,2.0,2.0
2.0,3.354961813529095,3.0,3.0,2.0,1.0,2.0,0.9941919441844516
0.0,4.0,0.0,3.0,0.0,1.0,2.0,1.9860581559588126
2.0,4.0,0.0,3.0,2.0,1.0,2.0,0.0
0.0,0.0,3.0,3.0,0.0,1.0,2.0,1.974465581446105
2.0,4.0,3.0,1.9983754310146173,0.0,1.0,2.0,1.8527544964901899
2.0,4.0,0.0,3.0,2.0,1.0,2.0,1.035984168200649
0.0,0.0,0.20182766687603046,0.0,0.0,0.0,0.0,0.06407336097851057
0.0,0.0,0.0,0.0,0.0,0.0,0.0,1.7442231888555684
2.0,0.0,3.0,0.0,2.0,0.0,2.0,1.7687726347187582
2.0,4.0,3.0,3.0,0.0,1.0,0.0,1.1030390171456794
0.0,0.0,0.0,0.0,0.0,0.0,0.0,1.1315944696526348
2.0,3.8516785023562248,3.0,3.0,2.0,0.0,0.0,0.040248288000847565
2.0,4.0,3.0,3.0,2.0,1.0,2.0,0.022190818988480188
0.0,0.0,0.0,0.0,0.0,1.0,0.0,0.0
2.0,4.0,3.0,3.0,2.0,1.0,2.0,1.0522298300671395
2.0,0.0,0.0,3.0,0.0,0.0,0.13416045427911338,2.0
0.0,0.0,0.0,0.0,0.0,0.0,0.0,0.9000912995733958
2.0,0.0,0.0,3.0,0.0,1.0,0.0,0.9542332145021062
0.0,0.0,0.0,0.0,0.0,0.0,0.0,0.0
2.0,4.0,3.0,3.0,2.0,1.0,2.0,1.0390759696362315
2.0,4.0,3.0,0.0,2.0,0.21242046594411912,0.0,0.08151045911449162
2.0,4.0,3.0,3.0,2.0,0.0,2.0,0.0
0.0,0.0,0.0,0.0,0.0,0.0,0.0,1.1009679112557378
2.0,4.0,3.0,0.0,2.0,1.0,0.0,0.0
2.0,0.0,3.0,3.0,2.0,1.0,0.0,1.9280723386898366
0.0,0.0,0.0,3.0,2.0,0.0,0.0,1.9599545292796439
0.0,0.0,0.0,0.0,0.0,1.0,0.0,1.914305322913163
0.0,0.0,0.0,0.0,0.0,0.0,0.0,1.9424926532855367
0.8406519779996957,3.3706981366596698,0.0,0.0,2.0,0.0,0.0,1.071516029785759
2.0,4.0,2.834980348930466,3.0,2.0,1.0,2.0,0.922786330207174
0.0,0.0,3.0,0.0,2.0,0.6279734565151212,0.0,0.0
2.0,4.0,3.0,3.0,2.0,1.0,2.0,0.9927299246448359
2.0,4.0,3.0,3.0,1.3643455171384038,1.0,2.0,2.0
2.0,4.0,3.0,0.0,2.0,0.0,2.0,0.0
2.0,4.0,3.0,2.4860938454123453,2.0,0.0,0.0,0.0
0.0,4.0,0.0,2.7147545323036315,2.0,0.0,0.0,0.0
0.0,0.0,0.0,3.0,0.0,0.0,0.0,1.9263718419505875
2.0,0.0,3.0,0.0,2.0,1.0,2.0,1.6620158080779504
2.0,4.0,3.0,0.0,2.0,1.0,2.0,1.6430842738340847
2.0,4.0,3.0,0.0,0.0,0.0,0.23190488015431365,1.0989407745397535
2.0,0.0,3.0,0.0,2.0,1.0,2.0,1.7895701690819212
2.0,4.0,3.0,3.0,2.0,0.0,2.0,0.0
2.0,4.0,0.0,3.0,2.0,0.20176920617235317,2.0,1.9805004301214517
0.0,0.0,3.0,2.6531302602490485,0.0,1.0,0.0,1.9521623455050698
2.0,0.0,0.0,3.0,2.0,1.0,2.0,0.9422111683464651
0.0,0.0,0.0,3.0,0.0,0.0,0.0,0.0
2.0,0.0,0.0,0.0,2.0,0.0,0.0,1.1065069620272674
2.0,4.0,3.0,3.0,2.0,1.0,2.0,0.9474623838621643
2.0,4.0,3.0,1.5316034991280465,2.0,1.0,2.0,1.8783305988304515
2.0,4.0,3.0,3.0,2.0,1.0,0.0,1.7590082912187932
1.1467488425768704,4.0,3.0,3.0,2.0,1.0,2.0,2.0
0.0,4.0,3.0,3.0,2.0,1.0,2.0,2.0
0.0,2.904147941355224,0.0,0.0,2.0,1.0,0.0,1.931244628977428
0.7400521981351906,3.1439308521807,3.0,0.0,0.0,0.0,0.0,1.0607293168312675
0.0,0.0,0.0,0.0,2.0,0.0,0.0,0.0
0.0,0.0,3.0,0.0,0.0,1.0,1.7533449396598777,1.9829642132182408
0.0,0.0,3.0,0.6972492574419134,0.0,1.0,0.0,0.0
0.0,4.0,0.0,3.0,2.0,0.0,0.0,1.8228909388996999
2.0,4.0,3.0,3.0,2.0,1.0,2.0,2.0
2.0,4.0,3.0,0.0,2.0,1.0,0.0,0.9547008980433153
2.0,1.963974082700331,3.0,0.0,1.240032019737673,1.0,2.0,0.13254882290234193
2.0,4.0,3.0,3.0,2.0,1.0,2.0,0.0
2.0,0.0,0.0,3.0,2.0,0.0,2.0,0.07135626209380619
2.0,4.0,3.0,3.0,2.0,1.0,2.0,1.1302514467149727
2.0,0.0,0.0,0.0,0.0,0.0,0.0,0.0
1.9436994704652193,4.0,0.0,3.0,2.0,0.0,0.0,2.0
2.0,0.0,0.0,0.0,0.0,0.0,0.0,0.13466174133260045
2.0,4.0,0.0,3.0,2.0,1.0,2.0,2.0
0.0,0.0,0.0,0.0,0.0,0.0,0.0,0.0
2.0,4.0,3.0,3.0,0.0,1.0,0.0,1.0827121581002155
0.0,1.436617393938132,3.0,2.8255088393381644,2.0,1.0,0.0,2.0
0.0,0.0,3.0,3.0,1.6793364603714869,1.0,0.0,2.0
0.0,0.0,0.0,0.0,1.2009254586876437,0.8807933611305431,0.0,1.0471090919151167
0.0,0.0,0.0,0.0,0.0,0.0,0.0,0.0
0.0,4.0,0.0,3.0,0.7549024368362107,0.0,0.0,1.9555337408254614
2.0,0.0,0.0,0.0,0.0,1.0,1.1197941724638514,0.0
2.0,4.0,3.0,3.0,2.0,1.0,2.0,0.12047887819200087
0.0,0.0,3.0,3.0,0.0,1.0,2.0,0.01970221123877547
0.0,0.0,0.0,0.0,0.0,0.0,0.0,0.010531192674334444
0.0,4.0,0.0,0.0,2.0,0.0,0.0,0.0
2.0,0.0,0.0,0.0,0.0,0.20740707766688132,0.0,0.6481996460200221
2.0,0.0,3.0,3.0,2.0,0.0,0.0,1.0577789202223156
0.0,4.0,0.0,1.3063075483300897,2.0,0.0,2.0,0.05208055676821033
0.0,4.0,0.0,0.0,0.0,0.0,0.0,1.0428627211899988
2.0,4.0,0.0,3.0,2.0,1.0,0.0,2.0
2.0,0.0,0.0,3.0,2.0,0.14781227634199795,0.0,0.13005738193712724
0.0,0.0,0.0,0.0,0.0,0.0,0.0,0.9056360682399675
0.0,4.0,3.0,3.0,2.0,1.0,2.0,0.9518324304449042
2.0,0.0,3.0,3.0,0.0,1.0,2.0,1.9518143928387857
0.0,4.0,3.0,3.0,2.0,1.0,2.0,0.0
2.0,4.0,3.0,0.0,0.36939671810819796,0.0,2.0,0.022081373151225825
2.0,4.0,3.0,0.0,2.0,1.0,0.0,0.09523133207772483
2.0,0.0,0.0,0.7470069168040232,0.0,0.0,0.0,0.9783606789800735
0.0,4.0,3.0,3.0,2.0,1.0,0.0,1.034749985766797
2.0,0.0,0.0,0.0,0.0,0.0,0.0,1.9907158380456786
2.0,4.0,3.0,0.0,2.0,0.0,0.0,1.9525015121191385
2.0,4.0,3.0,3.0,2.0,0.14666942524981308,2.0,1.9232220156639896
2.0,0.0,3.0,3.0,2.0,1.0,2.0,1.9962055620329753
2.0,0.0,0.0,0.0,2.0,1.0,2.0,0.9189654174017772
0.0,4.0,0.0,0.0,0.0,0.0,0.0,0.0
0.0,4.0,3.0,0.0,0.0,1.0,2.0,1.9013610869400486
0.0,0.0,3.0,0.0,0.0,1.0,0.0,0.0
0.0,0.3823373277202209,0.0,1.0934471392476042,0.0,0.0,2.0,1.0413118844199165
2.0,4.0,0.0,0.0,0.0,1.0,0.0,1.0041908048646524
2.0,4.0,0.0,3.0,2.0,1.0,0.23442043184743866,1.8343602457818386
0.32087856129844183,0.0,0.0,0.6525337265954351,0.0,0.0,2.0,1.870873825054765
0.0,0.0,1.7398525189814895,3.0,0.0,0.0,0.0,0.0
0.0,4.0,1.8118688550291318,3.0,2.0,1.0,2.0,1.9169021577140841
0.0,0.0,0.0,0.0,0.0,0.0,0.0,0.01049283213470964
0.0,0.0,3.0,0.0,0.0,1.0,0.0,1.9390027536787886
0.0,0.0,0.0,0.0,2.0,0.9442778465054916,0.0,0.9100405877627363
2.0,4.0,3.0,3.0,2.0,0.0,2.0,0.062275043742050396
2.0,0.0,0.0,0.0,0.0,0.0,0.0,1.032126851393827
2.0,4.0,3.0,3.0,2.0,1.0,2.0,0.0
0.0,0.0,0.0,3.0,0.0,0.0,1.0022997509915943,1.9790733043298676
0.0,4.0,3.0,0.0,2.0,0.0,0.0,0.0
0.0,4.0,3.0,3.0,0.0,1.0,2.0,1.0283436279761569
0.0,0.0,0.0,0.0,0.0,0.0,0.0,0.9701283774864544
2.0,4.0,3.0,3.0,2.0,1.0,2.0,0.13468413239373556
0.08463319157198002,4.0,3.0,0.0,0.0,0.0,0.0,0.0
2.0,0.0,3.0,3.0,2.0,1.0,2.0,2.0
2.0,4.0,3.0,3.0,2.0,1.0,2.0,1.0255406003621708
0.0,0.0,0.2802902909804244,0.0,0.0,0.0,0.0,0.0
0.0,0.0,0.0,2.9043603226997736,2.0,0.0,0.0,1.8299635241320964
0.0,0.0,0.0,0.0,0.0,0.0,0.0,0.0
0.0,0.0,3.0,0.0,0.0,1.0,0.2795282773913472,1.8344670241480037
0.0,0.0,0.0,0.0,2.0,0.0,0.0,2.0
2.0,4.0,0.3989399287844017,1.802367349042512,0.0,1.0,0.0,2.0
0.8486530629375255,0.0,0.0,0.0,0.0,0.0,0.0,0.1178821702592513
2.0,0.0,0.0,0.0,0.0,0.0,0.0,1.92634399995872
2.0,4.0,2.365187268205951,3.0,2.0,0.0,0.0,2.0
2.0,1.9154647389504111,0.0,3.0,2.0,1.0,2.0,1.0239112976264313
2.0,4.0,3.0,3.0,2.0,1.0,2.0,0.05193622805416531
2.0,0.0,0.0,3.0,2.0,0.0,0.0,1.0304897204960284
0.0,0.0,0.0,0.0,0.0,0.0,0.0,0.9728587307322084
0.0,4.0,0.0,0.0,0.0,0.0,0.7144857675255729,1.6184488011752953
2.0,4.0,3.0,3.0,2.0,0.0,0.0,0.0
2.0,0.0,0.0,0.0,0.0,0.0,2.0,2.0
0.0,0.0,0.0,0.0,0.0,0.0,0.0,0.05554366525436982
2.0,4.0,3.0,3.0,2.0,1.0,2.0,1.9907406518096753
2.0,4.0,3.0,3.0,1.7281388944521194,1.0,2.0,1.116254938540342
0.0,4.0,3.0,0.0,2.0,1.0,2.0,0.024284107596642457
2.0,4.0,0.0,3.0,2.0,0.9922868899496,2.0,1.0610305954563035
2.0,4.0,3.0,3.0,0.0,1.0,2.0,1.0136745833376692
2.0,0.0,3.0,2.256063075866987,0.0,0.8501569744683587,1.6562830722523891,1.3972888297216692
0.0,0.0,0.0,0.0,0.0,0.0,0.0,0.9482243600821365
2.0,4.0,3.0,3.0,0.0,1.0,0.0,0.8624021551849115
0.0,0.0,3.0,2.4832523707654857,2.0,1.0,0.0,0.0
2.0,0.0,0.0,3.0,0.5844663409297,0.5118812320007449,0.0,0.03832474234422856
0.0,4.0,3.0,0.33493220893923525,0.0,1.0,0.0,0.9909451884873257
2.0,4.0,3.0,3.0,2.0,1.0,0.0,0.8987003194417035
0.0,4.0,0.0,3.0,0.7220912275176856,1.0,0.0,1.0941652803656328
2.0,4.0,3.0,3.0,2.0,1.0,2.0,0.9531509325152527
2.0,4.0,3.0,3.0,2.0,1.0,2.0,0.0
0.0,0.0,0.0,0.0,0.0,0.0,0.0,0.839891353092975
0.0,0.0,0.0,0.0,0.0,0.0,2.0,0.0
2.0,4.0,3.0,3.0,2.0,1.0,0.0,0.04765637743694917
2.0,4.0,0.0,3.0,2.0,1.0,0.0,2.0
0.0,4.0,0.0,0.0,2.0,0.0,2.0,1.1377244112355425
0.0,0.0,3.0,3.0,2.0,1.0,0.0,1.073738791703021
2.0,4.0,3.0,3.0,0.0,0.0,0.0,2.0
0.0,1.0910063783571036,3.0,3.0,2.0,1.0,2.0,1.09046378912588
0.0,4.0,3.0,0.0,0.0,1.0,2.0,0.03332518404534468
2.0,4.0,3.0,3.0,0.0,0.0,2.0,2.0
2.0,4.0,3.0,3.0,2.0,1.0,2.0,0.9898337472019322
2.0,4.0,0.0,3.0,2.0,1.0,2.0,1.0737899749500337
0.0,4.0,0.0,0.0,0.0,1.0,0.0,1.9790144288167857
0.8869572691640047,0.0,3.0,0.0,2.0,1.0,0.0,1.95635251016245
0.0,3.707672641533294,0.0,3.0,0.7841300985766485,0.0,2.0,0.1793509297192285
2.0,4.0,3.0,3.0,2.0,1.0,2.0,1.936515868537449
0.0,0.0,3.0,0.0,0.0,1.0,0.0,2.0
2.0,4.0,3.0,3.0,2.0,1.0,2.0,0.06959776412146035
0.0,0.0,0.0,0.0,2.0,0.0,2.0,0.0
0.0,3.923196256199144,3.0,3.0,0.0,0.0,0.0,0.0
0.0,0.0,0.0,0.0,0.0,0.0,0.0,2.0
0.0,4.0,3.0,3.0,2.0,1.0,0.0,1.9044707052543206
2.0,4.0,3.0,3.0,0.0,1.0,2.0,0.0
0.0,0.14775585386633505,1.877549473315307,0.0,0.0,0.0,0.0,1.0378549779659578
2.0,0.0,0.0,0.0,0.0,0.0,0.0,0.8465045556936277
0.0,0.0,0.0,0.0,2.0,1.0,0.0,2.0
0.0,4.0,0.0,0.0,2.0,0.0,2.0,1.07042308305327
0.0,4.0,3.0,3.0,0.0,0.004130169122906147,0.0,0.08627821366999788
2.0,4.0,3.0,1.9394036202242468,2.0,1.0,2.0,1.638250985092566
0.0,0.0,0.0,3.0,0.0,1.0,0.0,1.046976550239832
0.6805992533335079,4.0,0.0,3.0,2.0,0.1566816909585222,2.0,2.0
0.0,4.0,3.0,3.0,0.0,1.0,0.0,2.0
0.0,4.0,0.0,3.0,0.0,0.0,1.915065227505417,0.0
2.0,4.0,3.0,3.0,2.0,1.0,2.0,0.0
2.0,4.0,3.0,3.0,2.0,1.0,1.9949635697822399,0.0
0.0,0.0,0.0,0.0,0.0,0.0,0.0,0.03751059329021367
0.0,4.0,0.0,3.0,0.0,1.0,2.0,2.0
0.0,0.0,0.0,0.0,0.0,1.0,0.0,0.014547252471304062
2.0,4.0,3.0,3.0,2.0,1.0,2.0,1.4256007694246406
2.0,0.0,3.0,3.0,2.0,1.0,0.0,1.0195703330261794
0.0,0.0,0.0,0.0,0.0,0.0,0.0,0.09450904192317278
2.0,0.0,3.0,3.0,2.0,1.0,2.0,1.2212216643050169
2.0,4.0,3.0,3.0,2.0,1.0,2.0,0.9185091279781974
0.0,0.0,0.0,0.0,0.0,0.0,0.0,0.046769282860032346
2.0,0.0,0.0,0.0,0.0,1.0,0.0,2.0
2.0,4.0,3.0,3.0,2.0,1.0,2.0,2.0
2.0,0.0,0.0,3.0,2.0,1.0,0.0,1.024815491469967
0.0,0.0,0.0,0.0,0.0,1.0,2.0,1.850465362416117
2.0,4.0,0.0,0.0,2.0,1.0,2.0,0.9496152196069796
0.0,0.0,3.0,0.0,0.0,0.0,0.0,1.0734930752891256
0.0,4.0,0.0,3.0,2.0,0.0,2.0,0.0
2.0,4.0,3.0,3.0,2.0,1.0,2.0,2.0
2.0,4.0,3.0,3.0,2.0,1.0,2.0,0.06356328871133876
2.0,4.0,0.0,2.1224067462418987,0.0,0.0,0.0,0.0
1.3862523090566148,0.0,0.0,3.0,2.0,0.0,0.8179366876137061,0.017912114608288676
2.0,0.0,3.0,3.0,2.0,1.0,2.0,0.1511398238860473
2.0,0.0,0.0,3.0,0.0,0.0,0.0,1.0532528882634673
0.0,0.0,0.0,0.0,0.0,0.0,2.0,2.0
2.0,4.0,3.0,3.0,2.0,1.0,2.0,1.9561814196747631
0.0,0.0,3.0,0.8108527302477395,2.0,0.0,2.0,0.004619740356763713
1.5846295246576119,4.0,3.0,0.0,0.0,0.0,2.0,0.08868672944923739
2.0,0.0,3.0,0.0,2.0,0.0,2.0,0.9996741571871254
2.0,4.0,3.0,1.5842349115335135,1.7402033149229656,1.0,2.0,1.8377910041207413
2.0,0.0,0.0,3.0,2.0,0.0,0.0,2.0
0.0,0.0,3.0,0.0,2.0,1.0,2.0,0.024017935725211492
2.0,4.0,3.0,3.0,0.0,0.0,2.0,0.0
0.0,0.0,3.0,0.0,1.4855343745284009,0.0,0.0,0.08586198435711034
0.0,0.0,0.0,0.0,0.0,0.0,0.0,0.050411120474034066
0.0,0.0,3.0,1.480500819686959,2.0,0.0,0.0,2.0
0.0,0.0,0.0,0.0,0.0,0.0,0.0,0.8841188795583006
2.0,4.0,3.0,0.0,0.0,0.0,2.0,0.0691610067873345
2.0,0.0,3.0,3.0,2.0,1.0,2.0,1.9843756625391908
2.0,4.0,3.0,0.0,2.0,1.0,2.0,0.975326035290099
0.0,4.0,3.0,3.0,0.0,1.0,0.2765791232753009,0.0
0.0,0.0,0.0,0.0,0.0,0.0,0.0,1.7394679943528208
0.0,0.0,0.0,0.0,0.0,0.0,0.0,0.060465751305057935
0.0,0.0,0.0,0.0,0.0,0.0,0.0,2.0
0.0,0.0,3.0,0.0,0.0,0.0,0.0,0.0
0.0,4.0,0.0,0.0,0.6758218738166821,1.0,2.0,1.1228481519917741
2.0,0.0,3.0,3.0,0.0,1.0,2.0,1.998978384424773
0.0,4.0,0.0,0.2550596825778514,0.0,1.0,2.0,0.0
0.0,0.0,3.0,3.0,2.0,1.0,2.0,2.0
0.0,4.0,0.0,3.0,2.0,0.0,0.0,1.8966535050714701
0.28435618869220747,4.0,0.0,0.0,2.0,0.0,2.0,2.0
2.0,0.0,3.0,2.5006166026311547,2.0,1.0,0.0,1.5800453430717336
2.0,0.0,0.0,3.0,2.0,1.0,0.0,0.0
0.0,0.0,3.0,3.0,2.0,1.0,2.0,1.9948428720868074
2.0,4.0,0.0,0.0,2.0,1.0,2.0,0.045183595074100746
2.0,4.0,3.0,3.0,2.0,1.0,2.0,0.9088102148242225
0.0,0.0,0.0,0.0,0.0,0.0,0.0,1.9364932225939537
2.0,0.0,0.0,0.0,0.0,0.0,2.0,2.0
2.0,4.0,3.0,3.0,2.0,1.0,2.0,1.8972129657002792
0.0,0.0,3.0,0.0,0.0,0.0,0.0,0.0697589527651401
0.0,4.0,3.0,0.0,0.0,1.0,0.0,1.9404025401144973
2.0,4.0,3.0,3.0,2.0,1.0,2.0,0.9797395722644469
2.0,0.0,0.0,3.0,2.0,1.0,2.0,2.0
0.0,0.0,0.0,0.0,0.6567598890675432,0.0,2.0,0.00792409862227128
0.0,4.0,3.0,3.0,2.0,0.8871680156915025,2.0,0.9732588746962784
2.0,4.0,3.0,3.0,2.0,1.0,2.0,1.931547534253496
2.0,0.0,3.0,2.031234554935964,0.0,1.0,2.0,0.17835293047378198
0.0,0.0,3.0,0.0,0.0,0.0,2.0,1.9931305132835966
0.0,4.0,3.0,3.0,0.0,1.0,2.0,0.0
2.0,4.0,0.0,3.0,2.0,1.0,2.0,1.0663894382437356
0.0,0.0,0.0,0.0,0.0,0.0,0.0,1.9727477592842648
2.0,4.0,3.0,3.0,2.0,1.0,2.0,0.01564109763335486
0.0,4.0,3.0,3.0,0.0,0.0,0.0,1.8768448746454016
0.0,0.0,0.0,0.0,2.0,0.0,0.0,1.0788054912962084
2.0,0.0,2.5490619492077693,0.0,2.0,1.0,2.0,0.0
2.0,4.0,3.0,3.0,2.0,1.0,2.0,2.0
2.0,0.0,0.0,0.0,2.0,1.0,0.0,0.21713559728490928
0.25020619548408596,0.0,0.0,3.0,0.0,1.0,0.16017150206772013,1.9162182965925312
0.0,3.2867255085509206,0.0,3.0,0.0,0.0,0.0,1.9607718131390648
0.0,0.0,0.0,0.0,0.0,0.0,0.0,1.0037548565003334
1.3739874977511433,4.0,3.0,3.0,2.0,0.14927118097025138,2.0,0.0
0.0,0.0,0.0,0.0,0.0,0.0,0.0,1.3385849290077074
2.0,4.0,3.0,3.0,2.0,1.0,2.0,1.0734718816929394
2.0,0.0,3.0,0.0,0.0,1.0,0.0,1.8675026431631347
0.0,4.0,0.0,0.0,2.0,0.0,0.0,0.04252507146386064
2.0,4.0,3.0,0.0,2.0,1.0,2.0,1.987280167611633
0.0,0.0,0.0,0.0,0.0,0.0,0.0,0.0
0.0,4.0,3.0,3.0,0.0,0.0,2.0,0.08427494866177576
0.0,4.0,0.0,2.128220489990105,0.0,1.0,0.0,0.8935465221769594
2.0,0.0,3.0,3.0,0.0,1.0,0.0,1.0920061428721735
0.0,4.0,3.0,3.0,2.0,0.0,0.0,1.08356452409134
1.0966852019112778,4.0,0.0,3.0,2.0,1.0,2.0,1.0582147499775925
1.5444852951249968,0.0,3.0,3.0,0.0,0.0,2.0,1.9811491260933016
0.0,0.0,0.9443388474855015,0.0,2.0,1.0,2.0,0.01321788948967706
2.0,3.3068259316869755,3.0,3.0,2.0,1.0,2.0,0.1763538807435413
2.0,4.0,2.9870694810463,0.0818005882395195,2.0,1.0,2.0,1.9350694039619138
2.0,4.0,3.0,1.3728627037692849,2.0,1.0,2.0,0.8637071271714661
0.0,0.0,0.0,0.0,0.0,0.0,0.0,2.0
0.0,0.0,0.0,3.0,0.0,0.0,0.0,0.9677515548696488
0.0,0.0,0.0,0.0,0.0,0.0,0.0,0.0
2.0,0.0,3.0,3.0,1.1029098650147147,1.0,2.0,0.0
2.0,4.0,3.0,3.0,2.0,1.0,2.0,1.987670847022457
0.0,0.0,3.0,0.0,0.0,0.0,0.0,0.004587915577514257
2.0,4.0,3.0,3.0,2.0,1.0,0.0,2.0
0.0,0.0,0.0,0.0,0.0,0.0,0.0,0.9438744920029893
2.0,4.0,0.0,3.0,2.0,1.0,0.0,0.07190704955927119
2.0,4.0,0.0,3.0,0.0,0.0,2.0,0.0
0.0,0.0,0.0,0.0,0.0,0.18955549741167704,0.0,0.0
2.0,4.0,3.0,3.0,2.0,1.0,0.0,0.05317912542753678
2.0,4.0,3.0,0.0,2.0,0.0,0.0,0.14838865509585453
2.0,4.0,3.0,3.0,2.0,1.0,2.0,2.0
0.0,4.0,0.0,3.0,2.0,1.0,0.0,0.10907283045600635
2.0,4.0,3.0,3.0,0.0,1.0,0.0,0.023946567182561385
0.0,0.0,0.0,3.0,2.0,0.0,2.0,1.8266976587943538
2.0,4.0,3.0,3.0,2.0,0.0,0.0,2.0
2.0,0.0,0.0,3.0,0.0,1.0,2.0,0.0
0.0,4.0,3.0,0.0,0.0,0.0,0.0,0.0
2.0,4.0,0.0,0.0,2.0,1.0,0.0,1.0505229587595257
2.0,4.0,3.0,0.0,1.356545101637428,0.0,0.24594347642052128,2.0
2.0,0.0,0.0,3.0,0.0,0.0,1.6304027000105625,2.0
2.0,0.0,3.0,3.0,0.0,1.0,0.658491946090245,0.9280916774263838
0.0,0.0,0.0,0.0,0.0,0.0,0.0,2.0
0.0,0.0,0.0,0.0,0.0,1.0,2.0,2.0
0.0,0.0,0.0,3.0,0.0,0.0,0.0,1.9355031612935725
2.0,4.0,3.0,3.0,0.0,1.0,2.0,1.3804015395766025
0.0,4.0,0.0,0.0,1.3767808924793565,0.0,2.0,1.0813209904068297
2.0,4.0,3.0,0.0,2.0,1.0,0.0,0.9937757404321593
0.0,0.0,0.0,0.0,0.0,0.0,0.0,1.9746528818572133
2.0,4.0,3.0,3.0,2.0,1.0,2.0,1.8411703800169286
0.0,4.0,3.0,3.0,2.0,1.0,0.0,2.0
2.0,4.0,3.0,3.0,2.0,1.0,2.0,0.054029103613615126
0.0,0.0,0.0,0.0,0.0,0.0,0.0,0.919575909154592
2.0,4.0,3.0,3.0,2.0,1.0,2.0,1.0431957926599276
0.0,0.0,0.0,0.0,0.0,0.0,1.0270748671156447,1.953505476199443
2.0,4.0,0.0,3.0,2.0,0.4545401945571182,2.0,0.0
2.0,4.0,3.0,3.0,2.0,1.0,2.0,1.0385966166950675
0.0,4.0,0.0,0.0,2.0,1.0,0.0,0.0850279070210731
2.0,4.0,0.0,2.600636700182085,2.0,0.0,0.0,0.030473852498392073
0.0,0.0,0.0,0.0,0.0,1.0,0.0,2.0
0.0,0.0,0.0,0.0,0.0,0.0,0.0,0.06737502505416237
0.0,0.0,0.0,0.0,0.0,0.0,0.0,1.080283897721581
0.0,0.0,0.0,0.0,0.0,0.0,0.0,1.977873842189281
2.0,0.0,0.0,0.0,0.0,0.0,0.0,0.8475735325818561
2.0,4.0,3.0,3.0,2.0,1.0,2.0,0.0
0.3896213130869931,0.0,0.0,0.0,1.0689968831708851,0.0,0.0,1.9757653059646723
2.0,4.0,3.0,3.0,2.0,1.0,2.0,1.0232506014257479
0.0,0.0,3.0,3.0,0.0,0.0,2.0,1.9628525949957076
0.0,4.0,3.0,3.0,2.0,1.0,0.0,0.0
0.0,0.0,0.0,0.0,0.0,0.0,0.0,2.0
2.0,0.0,0.0,3.0,0.0,1.0,2.0,2.0
1.1533308246103446,4.0,0.0,3.0,0.9824380411676078,0.0,2.0,1.9879146616962402
2.0,3.9197279690117433,0.0,0.0,2.0,0.0,2.0,0.9066944672860643
2.0,4.0,3.0,3.0,2.0,1.0,2.0,1.9291574760389425
0.0,0.0,0.0,0.0,2.0,1.0,0.0,1.1645034195266106
0.0,0.0,0.0,0.0,0.0,0.0,0.0,1.9884120812236086
2.0,4.0,2.3419863321469454,3.0,2.0,0.0,2.0,1.9487403522376265
0.0,4.0,0.0,3.0,2.0,0.0,0.0,0.009054173761312234
0.0,0.0,3.0,0.0,0.0,0.0,0.0,0.0
0.0,0.0,0.0,2.435077260309337,0.0,0.0,0.0,2.0
0.0,4.0,3.0,0.0,2.0,0.0,0.0,0.12211676215472933
2.0,4.0,3.0,0.2683388653759834,0.0,1.0,2.0,1.9500036854959895
1.9984306012340425,4.0,0.0,0.0,2.0,1.0,0.0,0.9317357443176395
2.0,4.0,1.4532579409532482,0.0,0.0,0.3803509350063834,2.0,1.8274681537855177
2.0,4.0,3.0,3.0,2.0,0.0,0.0,0.0
2.0,4.0,3.0,3.0,2.0,1.0,2.0,1.0019762041650835
1.581470512371078,4.0,0.0,3.0,2.0,1.0,0.0,2.0
0.0,0.0,0.0,0.0,0.0,0.0,0.0,0.02868034816250331
2.0,1.3941040387889854,0.0,3.0,0.0,1.0,2.0,2.0
2.0,0.0,3.0,3.0,2.0,1.0,1.0169069603337098,0.0
0.0,0.0,0.0,3.0,0.0,0.0,0.0,0.14714764460631136
2.0,0.0,3.0,3.0,2.0,1.0,2.0,1.9082457315288064
2.0,4.0,0.0,0.0,2.0,0.0,0.0,0.09968868688892563
2.0,4.0,3.0,3.0,2.0,1.0,2.0,2.0
0.0,0.0,3.0,0.0,1.6669582239800729,1.0,0.0,0.0682474965264156
2.0,0.5406882607172505,3.0,3.0,2.0,0.0,2.0,9.908454127360855e-05
2.0,4.0,3.0,0.0,2.0,1.0,2.0,1.9439597619881541
0.0,0.0,0.0,0.0,0.0,0.0,0.0,1.97601455636743
2.0,4.0,2.8959806314542487,0.0,2.0,1.0,2.0,1.635191367527694
1.6544451675920606,4.0,3.0,3.0,0.0,0.0,2.0,2.0
2.0,4.0,3.0,3.0,2.0,1.0,2.0,2.0
2.0,4.0,3.0,3.0,2.0,1.0,2.0,0.04128640101974346
0.0,0.0,0.0,0.0,0.0,0.6338842314090506,0.0,1.9943831941835368
2.0,4.0,3.0,3.0,2.0,1.0,2.0,0.9343548035756152
0.0,0.0,1.234625796209781,0.5262976621859254,0.0,0.0,0.0,0.026421377380047573
0.0,0.0,3.0,3.0,0.0,0.0,0.0,2.0
0.0,0.0,0.0,0.0,0.0,0.0,0.0,0.0005339370446620917
0.0,4.0,3.0,0.0,2.0,0.24802102267056525,0.0,0.0
0.0,0.0,3.0,0.0,2.0,0.0,2.0,1.8856503969233798
0.0,2.677242373504674,3.0,3.0,0.0,1.0,2.0,0.0
2.0,4.0,0.0,3.0,2.0,1.0,2.0,1.9900123202771436
0.0,0.0,3.0,3.0,2.0,0.0,2.0,2.0
0.0,0.0,0.0,3.0,2.0,0.0,0.0,1.9606772253626725
2.0,0.0,0.5142846415314966,3.0,2.0,1.0,2.0,1.8856731151651576
1.985256270005531,0.0,0.0,0.0,2.0,1.0,0.0,0.8746803206256434
2.0,4.0,3.0,3.0,2.0,1.0,2.0,0.0
2.0,0.0,3.0,0.0,2.0,1.0,1.4689056433584096,1.9778762468063333
2.0,0.0,2.3730044742339635,0.0,0.0,0.0,0.0,1.0028297048806594
0.0,4.0,0.0,3.0,0.0,1.0,0.0,1.1130877150090108
2.0,4.0,0.0,0.0,1.063948607281446,1.0,0.0,1.9976305562871213
2.0,4.0,3.0,3.0,2.0,1.0,2.0,1.1330608268758848
2.0,4.0,3.0,3.0,2.0,1.0,2.0,0.012919414322236422
2.0,4.0,3.0,0.0,2.0,1.0,0.0,1.9367025204492982
1.2062798482958983,4.0,0.0,3.0,2.0,1.0,0.0,2.0
0.0,0.0,0.0,0.0,0.0,1.0,0.0,1.9227113452419136
2.0,4.0,3.0,3.0,2.0,1.0,2.0,1.5249526239462967
2.0,0.0,3.0,3.0,0.0,1.0,0.0,0.0
2.0,4.0,3.0,0.0,2.0,0.0,2.0,0.10698992444527633
0.0,4.0,3.0,3.0,2.0,0.0,2.0,0.7726613530229022
2.0,4.0,0.0,3.0,1.2370757415456026,1.0,2.0,0.8959815874546048
0.0,1.4861644522449793,0.0,0.0,0.0,0.0,0.0,0.0
2.0,4.0,3.0,3.0,2.0,1.0,2.0,1.0444326348117354
2.0,4.0,3.0,3.0,2.0,1.0,0.0,1.0191696009358153
0.0,0.0,0.0,0.0,0.0,0.0,0.0,0.872930520988016
2.0,4.0,3.0,3.0,0.0,0.2196868659276323,2.0,1.9829440086196373
0.0,0.0,0.0,3.0,0.0,1.0,2.0,2.0
2.0,4.0,3.0,3.0,2.0,1.0,2.0,1.491089354534135
0.0,4.0,3.0,3.0,0.0,1.0,0.0,1.042236867484042
0.0,0.0,0.0,0.0,0.0,0.0,0.0,1.1953127324265929
2.0,0.0,3.0,3.0,2.0,0.0,2.0,0.0
2.0,4.0,3.0,0.0,2.0,1.0,0.0,1.4026347490510234
2.0,4.0,0.0,2.798852514135458,2.0,1.0,2.0,1.1135057445271492
0.0,0.0,3.0,3.0,2.0,0.0,2.0,1.0268209883701125
2.0,4.0,0.0,3.0,0.0,1.0,0.0,1.1475092684503339
2.0,0.0,0.0,3.0,2.0,0.0,0.0,0.06859667983540929
2.0,4.0,0.0,0.0,0.0,0.0,0.20142465809180077,0.0022139504132723253
0.0,0.0,0.0,0.0,0.0,0.0,2.0,0.0
2.0,0.0,3.0,3.0,2.0,1.0,2.0,1.9572757096990872
0.626783897556725,0.0,0.0,0.0,0.0,0.0,0.0,1.959949440380567
0.0,4.0,3.0,3.0,1.0546089068987845,1.0,0.0,0.8967065634486413
0.0,0.0,3.0,3.0,0.0,0.0,0.0,1.0978398841648738
0.0,4.0,3.0,0.0,0.0,0.0,0.0,1.722532767024885
0.0,0.0,0.0,0.0,0.0,0.0,0.0,0.11101788291368431
0.0,4.0,3.0,3.0,0.0,0.0,0.0,2.0
2.0,4.0,3.0,1.4195033194539644,2.0,0.0,0.0,1.0925179385339123
0.0,4.0,0.0,3.0,0.0,0.0,2.0,1.8812237760048407
2.0,0.0,0.0,0.0,0.0,1.0,2.0,0.0
2.0,4.0,0.0,3.0,0.0,0.7494737477064415,2.0,0.8915279909601208
2.0,3.5016483829836456,3.0,0.0,2.0,0.0,2.0,0.9998086301175577
2.0,4.0,3.0,3.0,2.0,1.0,2.0,0.8350217312155861
0.4951400372006278,4.0,3.0,3.0,2.0,1.0,2.0,0.0
2.0,4.0,3.0,1.6800588745787626,2.0,1.0,2.0,0.9747885471251839
2.0,0.0,3.0,0.0,0.0,0.0,2.0,2.0
0.0,4.0,0.0,0.0,0.0,0.0,0.0,1.0848581386178433
2.0,4.0,3.0,3.0,2.0,1.0,2.0,2.0
1.5449497688453535,4.0,3.0,3.0,2.0,0.2520609510213818,0.0,2.0
2.0,4.0,0.0,3.0,2.0,1.0,2.0,0.9566340757016975
0.0,0.0,3.0,0.0,0.0,0.0,0.0,0.9537549412150098
2.0,4.0,3.0,3.0,2.0,1.0,2.0,1.934368782558971
2.0,3.256449886594735,0.0,0.0,0.0,0.0,0.15317350319391054,1.4018051035765953
1.5168652632954778,0.0,0.0,3.0,0.0,0.0,0.0,0.0
0.0,0.0,0.0,0.0,2.0,0.0,2.0,1.0744946031982683
1.8930809255565209,0.0,0.0,0.0,2.0,1.0,0.0,0.046825616924386804
2.0,4.0,0.0,0.0,2.0,0.0,0.0,1.9205934867731531
2.0,0.0,0.0,0.0,0.0,0.0,2.0,0.0
2.0,0.0,2.1801232016962646,0.0,2.0,0.5932547528254671,0.0,1.771735528407711
2.0,0.0,0.0,0.0,2.0,1.0,2.0,1.9982292274092481
0.0,4.0,3.0,3.0,2.0,1.0,2.0,1.982882024063376
2.0,0.0,3.0,3.0,0.0,0.0,0.0,1.894870102638314
0.0,4.0,3.0,3.0,2.0,0.0,0.7341092141073321,0.8350314912650325
2.0,4.0,0.0,3.0,2.0,1.0,0.0,0.0
2.0,4.0,1.968153477413297,3.0,2.0,1.0,2.0,1.884540277602067
0.0,4.0,3.0,3.0,2.0,1.0,2.0,1.1018190959747485
2.0,0.0,2.5287361328242515,3.0,1.8549733272192768,1.0,2.0,1.062207478955894
2.0,0.0,3.0,3.0,1.4895209240303264,1.0,2.0,0.13995002075972263
2.0,4.0,3.0,3.0,2.0,1.0,2.0,1.0832389018614035
0.0,0.0,3.0,3.0,2.0,0.0,0.0,1.964164733637809
0.0,0.0,0.0,0.0,2.0,0.0,0.0,0.0
2.0,0.0,0.0,3.0,2.0,0.0,0.0,1.0188882976253077
2.0,4.0,3.0,3.0,2.0,0.9142710214895762,2.0,2.0
0.0,3.1537781230501776,3.0,0.0,0.0,0.0,2.0,1.0264095402732176
0.0,0.0,3.0,0.0,0.0,1.0,2.0,1.0894726895648639
2.0,0.0,3.0,3.0,2.0,1.0,2.0,1.9880970508724496
0.0,0.0,0.0,0.0,0.0,0.0,0.0,1.0178212374354183
0.0,0.0,0.0,2.2190976264634594,0.0,1.0,0.0,0.0
0.0,0.0,0.0,0.0,0.0,1.0,2.0,1.861524725606916
0.0,4.0,0.0,3.0,2.0,1.0,2.0,1.971025965960436
0.512629496625629,0.0,0.0,0.0,0.0,0.0,0.8352879795105882,1.9747886397211045
0.0,4.0,0.0,3.0,0.0,1.0,2.0,2.0
2.0,4.0,0.0,0.0,0.8336279556102044,1.0,2.0,1.4783351015418849
0.0,0.0,0.0,0.0,0.0,0.0,0.0,0.6775425558096333
1.6587144474027606,0.0,0.0,0.0,0.0,0.0,0.0,0.10592105316889622
0.0,0.0,3.0,3.0,0.0,0.0,2.0,0.0
2.0,0.0,3.0,0.0,0.0,0.0,2.0,0.15753204756520633
0.0,0.0,0.0,0.0,0.0,1.0,0.0,0.0
0.0,0.0,0.0,0.0,0.0,0.0,0.0,1.0695493493165498
2.0,4.0,3.0,3.0,2.0,1.0,2.0,1.9449724079112047
0.0,0.0,2.855663349759314,0.6577614787556593,2.0,0.0,2.0,2.0
0.0,0.0,0.0,0.0,0.0,1.0,0.0,1.866527315559285
2.0,4.0,3.0,0.0,0.0,0.0,0.0,2.0
2.0,0.0,3.0,3.0,2.0,1.0,2.0,1.6425333184020778
2.0,0.0,3.0,3.0,0.0,1.0,2.0,0.9802288545931916
1.9381468682767284,0.0,3.0,0.0,2.0,0.0,0.0,0.035643774998023514
2.0,4.0,3.0,0.0,1.4386914126608095,0.0,0.0,0.0
0.0,4.0,3.0,0.0,0.0,0.0,0.7176032345340795,0.0
0.0,0.0,0.0,0.0,0.0,0.0,0.0,0.0
2.0,4.0,0.0,3.0,2.0,0.0,2.0,1.8422240105847034
0.0,0.0,0.0,0.0,0.0,0.0,0.0,0.07107601496901894
2.0,4.0,0.0,0.0,0.0,1.0,2.0,1.719851306185161
2.0,4.0,1.379248590844121,3.0,0.0,1.0,2.0,1.9591119042258405
2.0,0.0,3.0,0.0,2.0,1.0,2.0,1.9335081395221176
2.0,4.0,0.0,3.0,0.0,1.0,2.0,0.08212771748666847
2.0,0.0,0.0,0.0,2.0,0.0,0.0,0.8860886468758391
2.0,4.0,0.0,3.0,2.0,1.0,1.3488146078688357,1.9648345088593149
2.0,0.0,3.0,0.0,0.0,1.0,0.0,1.7237830637908524
0.0,0.0,2.6909348950050767,0.0,0.0,0.0,0.0,1.018510276139535
2.0,4.0,1.9124606795486028,3.0,2.0,1.0,2.0,0.0012072817104787914
2.0,4.0,0.0,3.0,2.0,0.0,0.0,0.0
0.0,3.2554375242817297,0.0,0.0,0.0,0.0,0.0,1.8926732661908927
2.0,4.0,3.0,3.0,2.0,1.0,0.0,1.9370061734288644
2.0,4.0,2.250547598750497,3.0,2.0,1.0,2.0,1.8758326208758032
2.0,4.0,3.0,3.0,2.0,1.0,2.0,0.06669550411784164
1.0504832516168487,4.0,0.0,0.6017595601683808,0.0,1.0,2.0,1.075086777535456
0.0,0.0,0.0,0.0,2.0,0.0,0.0,1.8763270802623526
2.0,4.0,0.0,0.0,2.0,1.0,2.0,0.9690344373258446
2.0,4.0,3.0,3.0,2.0,1.0,2.0,1.0739464677638464
2.0,4.0,3.0,3.0,2.0,1.0,0.0,1.0044947164338085
2.0,4.0,0.0,0.0,0.0,1.0,0.0,1.4532155283405193
0.3209745383906075,0.0,3.0,0.0,2.0,0.0,2.0,0.11024805876134736
2.0,0.0,0.0,0.0,0.0,0.0,0.0,0.0
2.0,4.0,3.0,0.0,2.0,1.0,1.09186414291908,0.0
0.0,0.0,0.0,0.0,0.0,0.0,0.0,1.1661970780787971
2.0,0.0,3.0,0.0,0.0,0.0,2.0,1.9807184503391158
0.0,4.0,0.0,0.0,2.0,1.0,0.1825322314182125,1.0673439991161522
2.0,4.0,0.0,0.0,0.0,0.0,2.0,1.1228230875276015
2.0,0.0,0.0,3.0,0.0,0.0,0.0,0.03708796203910758
0.0,4.0,3.0,3.0,0.0,0.0,0.0,0.0
0.0,0.0,0.0,0.0,2.0,0.0,0.0,1.9817625033265327
0.0,0.0,0.0,0.0,0.0,1.0,0.0,0.05257477793174847
2.0,3.726569170568883,0.0,3.0,0.0,0.0,2.0,0.0
0.0,4.0,3.0,3.0,2.0,1.0,2.0,1.9993714474588826
0.0,0.0,0.0,0.0,0.0,0.0,0.0,0.038930533297663716
0.0,4.0,3.0,3.0,0.0,1.0,0.0,0.04575026883564648
0.0,4.0,3.0,3.0,2.0,1.0,2.0,2.0
2.0,0.0,3.0,0.0,0.0,1.0,2.0,0.0
0.0,0.0,0.5698597700864079,0.0,0.0,1.0,0.0,1.9518252784887227
0.0,4.0,0.0,0.0,0.0,0.0,0.0,0.9939513690376494
2.0,0.0,0.0,0.0,0.0,1.0,2.0,0.013680117767732702
0.0,0.0,0.0,1.6831420169456082,0.0,0.0,2.0,0.08131288584697272
0.0,1.491568488440516,0.0,3.0,0.0,1.0,0.0,0.03915869389314797
0.0,0.0,0.0,3.0,0.0,0.0,0.0,2.0
0.0,4.0,0.0,0.0,0.0,0.0,0.0,0.8777971658350003
2.0,4.0,0.0,3.0,2.0,1.0,2.0,0.9469891235634099
0.0,0.0,0.0,0.0,2.0,0.14567185331967952,0.0,1.1465465301822646
2.0,4.0,3.0,3.0,2.0,0.0,0.0,1.9689149716235588
2.0,0.0,3.0,0.0,2.0,1.0,2.0,1.078356708121582
0.0,0.0,0.0,3.0,2.0,0.0,0.0,2.0
0.0,0.0,0.0,0.8105217406098426,0.0,0.8691089637927039,0.0,0.0
2.0,0.0,3.0,3.0,2.0,1.0,2.0,0.0
0.0,0.0,3.0,3.0,2.0,0.0,0.0,1.9934428420657957
2.0,4.0,3.0,3.0,2.0,1.0,2.0,1.2263633411235606
2.0,4.0,3.0,3.0,2.0,0.0,0.0,1.0600519195300775
0.0,4.0,3.0,0.0,0.0,1.0,0.0,0.0
2.0,4.0,3.0,3.0,2.0,1.0,2.0,1.0830029620971622
0.0,0.0,0.0,0.0,2.0,0.2834483900583174,0.0,0.0
2.0,0.0,0.0,0.0,1.6223496333002076,0.0,0.0,0.0
0.0,4.0,3.0,3.0,1.6407137475847011,1.0,0.048913871279967935,1.9254114194340342
0.0,0.0,0.0,3.0,2.0,0.0,2.0,2.0
0.0,0.0,0.0,0.0,0.0,0.0,0.0,1.4143175156454761
2.0,4.0,3.0,3.0,1.4711130386514675,0.0,2.0,1.0481578207455655
2.0,4.0,3.0,3.0,2.0,1.0,2.0,2.0
2.0,4.0,3.0,3.0,2.0,0.0,2.0,0.02017457811995338
0.0,0.0,3.0,0.0,2.0,0.0,2.0,2.0
0.0,0.0,0.0,0.0,0.0,0.0,0.0,1.960187493949305
0.0,0.0,0.0,0.0,0.0,0.0,0.0,0.0
0.24814689895883468,4.0,3.0,3.0,2.0,1.0,2.0,0.9752514281595224
0.0,0.0,0.0,3.0,2.0,1.0,2.0,1.0461097030882005
0.0,0.2571775759955157,0.0,3.0,0.0,1.0,0.0,1.6814919529909602
0.0,4.0,0.0,3.0,2.0,1.0,0.0,1.053134336362141
2.0,4.0,3.0,0.0,2.0,1.0,0.0,1.138178584839325
2.0,0.0,0.0,2.5840810111996944,0.0,1.0,0.0,0.9773110468636732
2.0,4.0,3.0,0.0,0.0,0.0,0.0,0.9272083724572375
2.0,4.0,3.0,3.0,0.0,0.0,2.0,0.0
0.0,4.0,0.0,3.0,2.0,1.0,0.0,2.0
1.6108172764955944,3.2778216718952553,3.0,3.0,2.0,1.0,0.0,0.0
0.0,0.0,0.0,0.0,0.0,0.0,0.0,0.018073106637550684
2.0,0.0,2.0514217338764538,3.0,0.0,1.0,0.0,2.0
2.0,4.0,3.0,0.3208366999108916,0.0,1.0,2.0,0.0
2.0,0.0,0.0,0.0,0.0,0.0,2.0,0.0
0.0,4.0,3.0,3.0,0.0,1.0,2.0,2.0
0.30818966350986876,4.0,3.0,3.0,0.6243393210365531,1.0,2.0,1.8872843303765903
2.0,4.0,3.0,3.0,2.0,1.0,2.0,1.8679129441588205
0.0,0.0,0.0,0.0,0.0,0.0,0.0,1.9639981219237785
0.0,0.0,3.0,1.8131105186446428,1.3934050217204186,1.0,0.0,2.0
2.0,0.0,0.0,0.0,2.0,1.0,2.0,0.0
0.04950212420662159,0.0,0.0,3.0,2.0,1.0,2.0,0.0
2.0,3.1600688700864787,0.0,3.0,2.0,0.0,2.0,0.0
0.0,4.0,3.0,0.0,0.0,1.0,0.7052784035755593,2.0
2.0,4.0,3.0,3.0,2.0,1.0,2.0,2.0
2.0,4.0,3.0,3.0,0.0,1.0,2.0,0.005413185393408515
0.0,0.0,0.0,0.0,0.0,0.0,0.0,0.02642563165889722
0.0,0.0,3.0,3.0,2.0,0.5685518296110604,2.0,1.8388716699894572
2.0,4.0,2.7194655766303297,2.2831715181338557,0.0,0.0,2.0,1.9875189699907485
0.0,0.0,3.0,3.0,0.0,0.0,0.0,1.1295316972022793
0.11215682316840514,4.0,0.0,0.0,2.0,0.0,2.0,2.0
0.0,4.0,0.0,0.0,2.0,1.0,0.0,0.08752125803444544
2.0,4.0,3.0,3.0,2.0,1.0,0.0,1.0917281953381965
2.0,4.0,0.0,3.0,0.0,1.0,0.0,0.977474650366823
0.0,0.0,0.0,0.0,0.0,0.0,2.0,1.9496620615868707
0.15944513946735195,4.0,0.0,3.0,2.0,1.0,2.0,1.095936851508513
0.0,0.0,0.0,0.0,0.0,0.0,0.0,1.4473795571999941
0.0,0.0,0.0,0.04184492385174985,0.0,0.0,2.0,1.017666757057852
2.0,4.0,0.0,3.0,2.0,1.0,2.0,1.9688811241533064
0.0,0.0,3.0,3.0,1.0072898444073883,1.0,2.0,2.0
2.0,4.0,3.0,3.0,2.0,1.0,2.0,1.0341170160330087
0.0,4.0,0.0,0.0,0.0,0.0,2.0,0.9892007836770882
2.0,4.0,3.0,3.0,2.0,1.0,2.0,2.0
0.0,0.0,0.0,0.0,0.0,0.0,0.06316768337460854,0.0
0.0,0.0,3.0,0.0,2.0,1.0,2.0,1.9938321653500544
2.0,4.0,0.0,0.0,0.0,0.0,0.0,1.0902902910702923
0.0,0.0,3.0,0.0,0.0,1.0,2.0,0.03282552313839382
0.0,4.0,3.0,3.0,0.0,0.0,2.0,2.0
0.0,4.0,3.0,3.0,2.0,1.0,2.0,2.0
0.0,0.0,3.0,3.0,0.0,1.0,1.2481752164233466,1.1355270431318352
2.0,0.0,3.0,0.0,0.0,0.0,2.0,0.0
2.0,0.0,0.0,0.0,0.0,0.0,2.0,0.0
2.0,4.0,3.0,3.0,2.0,1.0,2.0,0.0007950608401585679
2.0,0.0,3.0,0.0,2.0,0.0,2.0,2.0
2.0,0.0,3.0,3.0,2.0,0.0,2.0,0.0
2.0,4.0,0.0,3.0,0.0,1.0,2.0,0.05815686488986371
2.0,4.0,3.0,3.0,0.0,1.0,0.0,1.0279025493560325
0.0,0.0,1.9740381161629068,0.0,0.0,0.0,0.0,0.0
2.0,4.0,3.0,0.0,0.0,1.0,2.0,0.0
0.0,4.0,0.0,0.0,2.0,0.0,0.0,1.9372498846093062
0.0,0.8209845730214738,0.0,0.0,0.0,1.0,0.0,1.9266379739430848
2.0,0.0,3.0,2.6221906690766272,0.0,0.0,2.0,1.93245272323486
2.0,4.0,3.0,3.0,0.0,0.0,2.0,1.9928611655362394
0.0,0.0,0.0,3.0,0.0,0.0,0.0,1.9234955675817251
2.0,4.0,2.783973634105265,3.0,2.0,1.0,2.0,0.987071916460643
0.0,0.0,0.0,0.0,0.0,1.0,1.0691911094818685,0.9289686846532681
1.548017424312927,4.0,0.0,3.0,0.0,0.0,2.0,1.9918331079573812
0.0,4.0,2.208467602119123,0.0,2.0,1.0,0.0,1.1663214244166547
0.0,0.0,0.0,0.0,0.0,0.0,0.0,0.0
0.0,0.0,0.0,0.0,0.0,0.0,0.0,0.10954446230353432
2.0,4.0,3.0,0.0,2.0,0.0,2.0,0.9408885939331219
2.0,0.0,0.0,0.0,2.0,1.0,2.0,0.037304171199140534
0.0,4.0,3.0,3.0,2.0,1.0,2.0,2.0
2.0,2.876604031720704,0.0,2.1506833816529967,0.0,1.0,0.7036192694628474,1.0290744131209522
0.8675393417861496,1.8102575456180352,3.0,3.0,0.0,0.0,2.0,1.1618033462504385
2.0,4.0,3.0,3.0,2.0,1.0,0.0,0.8889259756448181
0.0,0.0,0.0,0.0,0.0,0.0,0.0,1.1250353790394934
1.5615887992504867,2.1746790301620846,0.0,3.0,2.0,0.0,2.0,0.0
2.0,4.0,3.0,3.0,2.0,1.0,2.0,1.6732145401169474
0.0,0.0,3.0,3.0,2.0,1.0,0.43140801371688575,2.0
0.0,0.0,0.0,0.0,0.0,1.0,0.0,2.0
2.0,0.0,0.0,3.0,0.0,0.0,0.0,0.0
0.0,0.0,3.0,3.0,0.0,0.0,0.0,0.0
2.0,4.0,0.0,0.0,0.0,0.0,2.0,2.0
0.0,0.0,0.37649143120284567,3.0,2.0,0.0,0.0,1.9824563221185323
0.0,4.0,3.0,0.0,0.0,1.0,0.0,1.0520458614229797
2.0,4.0,3.0,3.0,2.0,1.0,2.0,0.0
2.0,4.0,0.0,0.0,0.0,1.0,2.0,2.0
2.0,4.0,0.0,3.0,2.0,1.0,2.0,1.0656580727354408
2.0,4.0,3.0,3.0,2.0,1.0,0.0,1.841678761210689
2.0,4.0,3.0,3.0,2.0,1.0,2.0,1.9183286043938041
2.0,4.0,3.0,0.0,2.0,1.0,2.0,2.0
0.0,0.0,0.0,0.0,0.0,0.0,0.0,0.0
0.0,0.0,3.0,0.6992632674877304,2.0,0.0,0.0,1.8406909135541554
0.0,0.0,0.0,0.0,0.0,0.0,0.0,1.855681135767396
0.0,0.0,0.0,0.0,0.0,0.0,0.0,1.0454164287760732
1.9030228212331455,4.0,3.0,3.0,2.0,1.0,2.0,0.9504171635315259
1.193349445316235,4.0,3.0,3.0,2.0,0.0,2.0,2.0
0.0,4.0,3.0,3.0,2.0,1.0,2.0,0.016646808233557575
2.0,4.0,0.0,0.0,2.0,1.0,2.0,1.93101483346656
0.0,4.0,3.0,3.0,2.0,1.0,2.0,0.0
2.0,0.0,3.0,3.0,2.0,0.0,2.0,2.0
0.0,4.0,0.0,0.0,2.0,0.0,1.3140699877441822,1.0750765340434216
2.0,4.0,3.0,3.0,0.0,1.0,2.0,1.0047658604045042
2.0,4.0,3.0,3.0,2.0,1.0,2.0,0.9392497909432054
0.0,0.0,3.0,0.0,0.0,0.0,2.0,0.0
0.0,0.0,0.0,0.0,0.0,0.0,0.0,0.0
0.0,0.0,0.0,0.0,0.0,0.0,1.1010135494643067,0.0
0.0,0.0,3.0,0.0,0.0,1.0,2.0,0.8993349257320893
0.0,4.0,3.0,3.0,0.05636143685759798,1.0,2.0,1.0179803995340617
1.2381784392476278,4.0,3.0,3.0,2.0,0.0,0.0,1.227241323538024
0.0,0.0,0.0,0.0,0.0,0.0,0.0,2.0
1.767644249516064,4.0,3.0,3.0,2.0,1.0,0.0,2.0
0.0,0.0,0.0,0.0,0.0,0.0,0.0,0.10899495939735848
2.0,4.0,3.0,3.0,2.0,0.0,0.0,0.9514640034343649
2.0,4.0,3.0,3.0,2.0,1.0,2.0,0.0
2.0,0.0,0.0,0.0,1.3214129678199744,0.0,0.0,1.1583045591772523
2.0,4.0,3.0,1.5119793788451923,2.0,1.0,2.0,1.1907968168799186
0.0,0.0,0.0,0.0,0.0,0.0,0.0,0.046071357104321975
2.0,4.0,3.0,3.0,2.0,1.0,2.0,1.1327024084233137
0.0,4.0,2.465016970767976,0.0,0.0,1.0,2.0,2.0
0.0,0.0,0.0,0.0,0.0,0.0,0.0,1.0068342382850208
2.0,0.0,3.0,1.2532542880621402,2.0,1.0,2.0,2.0
2.0,4.0,2.1083082220710825,0.0,2.0,0.0,2.0,1.7633198746909011
0.0,0.0,0.0,0.0,0.0,0.0,0.0,1.5757163356300785
0.0,3.7649595278878616,3.0,3.0,2.0,0.0,2.0,0.9504311260302278
0.0,0.0,0.0,0.0,1.256792616150154,0.0,0.0,2.0
2.0,4.0,3.0,3.0,2.0,1.0,2.0,1.2715608959781668
0.0,0.0,0.0,0.8704113663536958,0.0,0.6521448889763727,2.0,1.7246023131266126
0.0,0.0,0.0,3.0,0.0,1.0,2.0,0.13205804553515355
0.0,0.0,0.0,0.0,0.0,0.0,0.0,1.8654622875494264
2.0,4.0,3.0,3.0,2.0,1.0,2.0,0.9725688773376943
2.0,0.0,3.0,0.0,2.0,0.0,0.0,0.05052059997501945
2.0,0.0,0.0,3.0,2.0,0.0,0.0,0.03047596327714608
2.0,4.0,3.0,3.0,2.0,1.0,2.0,1.9531727431493997
0.0,0.0,0.0,0.0,0.0,0.0,2.0,0.0
2.0,0.0,3.0,3.0,2.0,1.0,2.0,0.0391017462230846
2.0,4.0,0.0,3.0,2.0,0.09505182376583682,2.0,2.0
0.0015308713728279244,4.0,0.0,0.0,1.235532434482256,0.0,0.0,0.03241644401000354
2.0,4.0,0.0,0.0,0.0022747680049249874,1.0,2.0,2.0
2.0,4.0,3.0,3.0,2.0,1.0,2.0,1.8660512583980815
0.0,0.0,0.0,0.0,0.0,0.0,0.0,1.8876058314614617
2.0,4.0,3.0,3.0,0.0,1.0,2.0,1.0619690339336119
0.0,0.0,0.0,0.0,2.0,0.0,0.0,1.9495961006577713
0.0,4.0,0.0,0.0,2.0,0.0,0.0,1.8691510237498796
1.662291648960064,4.0,0.0,3.0,2.0,0.0,2.0,0.0
2.0,4.0,3.0,3.0,0.0838411722765553,0.0,2.0,0.017632337467050507
2.0,0.0,3.0,0.0,2.0,1.0,0.0,1.0084455167166861
2.0,4.0,3.0,0.0,2.0,0.0,2.0,1.0556638268653566
2.0,4.0,3.0,3.0,2.0,1.0,2.0,1.046836443213534
0.0,0.0,3.0,0.9269378510901051,2.0,0.0,1.4312931417005936,2.0
0.4661605476217955,0.0,3.0,1.1316115733038672,2.0,0.0,0.0,0.0
0.0,0.0,3.0,3.0,2.0,0.0,2.0,1.6969094576590318
2.0,0.0,3.0,3.0,0.0,0.0,2.0,0.08393070581875006
0.0,0.0,0.0,3.0,0.0,1.0,2.0,0.949355351234618
2.0,0.0,3.0,3.0,2.0,1.0,2.0,2.0
0.0,0.0,0.0,0.2039711990043808,0.0,0.0,0.0,0.9668108764560533
0.0,0.0,1.243511666350144,0.0,0.0,0.0,2.0,1.9579303981615555
1.5363332842723318,0.0,3.0,1.6970928928280877,2.0,0.0,2.0,2.0
0.0,4.0,0.0,0.0,0.0,1.0,2.0,1.20342959943699
0.0,0.0,0.0,3.0,0.0,0.0,0.0,1.802082243625693
0.0,0.0,0.0,3.0,2.0,1.0,0.0,1.9904796855079832
2.0,4.0,3.0,3.0,2.0,1.0,2.0,1.8389979831793752
2.0,4.0,1.990649980019154,3.0,2.0,1.0,1.9089305413086146,1.9346124709299406
2.0,4.0,3.0,3.0,2.0,0.9617365907895818,0.0,1.0031280034905206
0.0,0.0,0.0,3.0,0.0,0.0,0.0,0.020999452946240393
2.0,0.0,0.0,0.0,2.0,0.0,1.2747415682078955,0.9944119651379429
2.0,4.0,3.0,3.0,2.0,1.0,2.0,0.9470174172371013
2.0,4.0,3.0,3.0,0.0,0.0,0.0,1.1000623990321206
2.0,4.0,3.0,3.0,2.0,1.0,2.0,1.1257409381452579
0.0,0.0,3.0,0.0,2.0,1.0,2.0,2.0
0.0,0.0,0.0,0.0,0.36170681212797307,0.0,0.0,1.006808030417902
2.0,0.0,0.0,3.0,0.0,0.0,0.0,0.0
0.0,0.0,3.0,0.0,0.0,0.0,0.0,0.0
1.0140808517702142,4.0,3.0,3.0,2.0,1.0,2.0,2.0
2.0,4.0,0.7714394140215947,0.38414298246544065,2.0,0.0,0.0,0.0
0.0,4.0,3.0,3.0,2.0,0.0,1.9945090691502503,0.9718203087524038
0.0,0.0,0.0,0.0,0.0,0.0,0.0,1.2189766665579207
2.0,4.0,3.0,3.0,2.0,1.0,0.0,0.17543556207416422
0.0,0.0,0.0,0.0,0.0,1.0,2.0,1.497144450656165
2.0,4.0,3.0,3.0,2.0,1.0,2.0,0.05566265970755657
0.0,4.0,0.0,3.0,2.0,1.0,2.0,0.9299118268943378
2.0,4.0,3.0,3.0,2.0,1.0,2.0,2.0
2.0,0.0,0.0,0.0,0.0,0.0,0.0,0.10723480544643105
2.0,4.0,0.0,0.0,0.0,0.0,0.0,1.6069192168990902
0.07382200669141414,4.0,0.0,3.0,0.0,0.833962643268743,0.0,0.0
0.0,0.0,0.0,0.0,0.0,0.0,0.0,0.9645178767217534
0.0,0.0,3.0,0.0,2.0,0.0,2.0,0.02365477384859138
0.0,4.0,3.0,3.0,2.0,0.0,2.0,1.9820803816964876
2.0,4.0,3.0,0.0,2.0,1.0,2.0,0.9214775542635112
2.0,0.0,3.0,0.0,0.0,0.0,0.9474091256586742,1.5085916258468461
2.0,4.0,3.0,0.0,2.0,1.0,0.0,1.9304265747726468
0.0,0.0,0.0,0.0,0.0,0.0,0.0,2.0
2.0,0.0,3.0,3.0,2.0,1.0,2.0,1.0309339695686086
2.0,4.0,3.0,3.0,2.0,1.0,2.0,0.9785858064075895
2.0,0.0,0.0,0.0,2.0,0.0,0.0,2.0
0.0,4.0,3.0,3.0,2.0,0.7510472964278688,2.0,2.0
2.0,4.0,3.0,2.431506857863244,2.0,1.0,2.0,0.0
2.0,0.0,0.0,0.0,1.740120760452129,0.0,0.0,1.4613354103878051
2.0,4.0,3.0,3.0,2.0,1.0,2.0,1.081092274274339
2.0,4.0,0.0,0.0,0.0,0.0,0.0,0.0
1.0849500363777305,0.0,3.0,3.0,0.0,1.0,2.0,1.0687258321067927
0.0,4.0,0.0,3.0,0.0,0.0,2.0,1.0362182010724719
0.0,0.0,0.0,3.0,2.0,1.0,2.0,0.06575146532031018
0.0,0.0,3.0,3.0,0.0,0.0,0.0,0.0
2.0,4.0,3.0,3.0,2.0,0.4868437831526859,2.0,0.1449398717539575
0.0,0.0,0.0,0.0,2.0,0.0,2.0,0.0
0.0,4.0,0.0,3.0,0.0,1.0,0.0,0.9684276619531416
0.0,0.0,0.0,0.0,0.0,0.0,2.0,1.9762351136689102
2.0,4.0,2.2449350625282283,3.0,2.0,0.0,2.0,1.1215664356680706
0.0,0.0,0.0,0.0,0.0,1.0,2.0,1.8623149065912143
2.0,0.0,3.0,1.1822029171749284,2.0,0.0,0.0,2.0
0.0,4.0,3.0,3.0,2.0,0.0,2.0,0.0427014188381325
2.0,4.0,0.0,0.0,2.0,1.0,0.0,1.7033042618897742
2.0,0.0,0.0,3.0,2.0,0.0,2.0,2.0
2.0,2.638732750758019,1.266155079372971,0.0,0.0,0.0,2.0,1.1310235205361572
2.0,0.0,3.0,3.0,0.0,0.0,2.0,2.0
0.0,0.0,0.0,0.0,0.0,0.0,0.0,0.0
0.0,4.0,0.0,3.0,0.1328542991880155,0.0,0.5947799599851922,2.0
2.0,4.0,3.0,3.0,2.0,1.0,2.0,0.2046415360453323
2.0,4.0,3.0,3.0,0.0,1.0,1.0958650094822002,2.0
0.0,0.0,0.0,3.0,0.0,0.0,2.0,1.0505952237698335
1.3950747811310404,0.0,0.0,0.0,0.0,0.0,0.0,1.0104148907853185
0.0,1.887093233486411,3.0,0.0,0.0,0.0,2.0,1.8623490700579954
0.0,0.0,0.0,0.0,2.0,0.0,2.0,1.8455823352786758
0.0,4.0,3.0,0.0,2.0,1.0,2.0,0.8972830001217209
2.0,4.0,0.0,0.0,0.0,0.19321505745892775,0.0,0.8745430921994425
2.0,4.0,3.0,3.0,0.0,1.0,0.0,1.0734353507768972
0.0,0.0,0.0,0.0,0.0,1.0,0.0,1.003627618327597
0.0,0.0,3.0,0.0,0.0,1.0,0.0,0.07001833307864691
2.0,4.0,0.0,3.0,0.0,1.0,2.0,1.0467276743203353
2.0,4.0,3.0,0.0,0.0,0.0,0.0,0.08053085160922258
0.0,4.0,0.0,3.0,0.0,1.0,0.0,1.9801165972435468
0.0,4.0,3.0,0.0,0.0,0.0,0.0,1.0009340970878555
2.0,0.0,3.0,3.0,0.0,0.696779181307316,0.0,2.0
2.0,4.0,3.0,0.0,2.0,1.0,1.6948950127777573,1.94062907252891
1.8155677151113534,0.0,0.0,3.0,2.0,1.0,0.0,2.0
2.0,4.0,3.0,3.0,1.6764085146581866,0.0,2.0,1.9712880099707997
0.0,4.0,0.0,3.0,0.0,1.0,2.0,0.1624652343829055
0.0,0.0,0.0,0.0,0.0,0.0,0.0,0.0
2.0,4.0,3.0,3.0,2.0,1.0,2.0,0.0
2.0,0.0,2.8316712772475743,0.0,0.0,0.0,0.0,0.16201759347271893
1.23299048496186,0.0,3.0,0.0,0.0,0.0,2.0,0.9335040948240261
0.5985126854593492,0.0,0.0,0.0,2.0,0.0,1.407339573995269,1.9841920964585977
2.0,0.0,3.0,0.0,0.0,0.0,0.0,2.0
2.0,0.0,0.0,0.0,2.0,0.0,0.0,2.0
2.0,4.0,0.0,0.0,2.0,1.0,2.0,1.1022308352283092
2.0,0.0,3.0,0.0,0.0,0.0,2.0,1.9521321086951402
2.0,4.0,3.0,3.0,2.0,1.0,2.0,0.8916809028975714
0.0,4.0,0.0,3.0,2.0,0.0,0.0,1.9227272042362866
2.0,4.0,3.0,3.0,2.0,1.0,2.0,0.0
0.22652565180330697,4.0,0.0,3.0,2.0,1.0,2.0,1.8590268160255843
2.0,4.0,3.0,3.0,2.0,0.0,2.0,1.0605127993621066
0.0,0.0,0.0,0.0,0.0,0.0,0.0,1.056324654880218
2.0,4.0,3.0,3.0,2.0,0.0,0.0,0.14052122303930525
0.12030096847464111,0.0,2.833682003440904,0.0,2.0,0.0,2.0,1.7954557854844908
2.0,4.0,1.601605907874553,3.0,2.0,1.0,2.0,2.0
0.0,2.677884877385453,0.0,0.0,0.0,1.0,2.0,0.9374805833430442
0.0,4.0,0.0,3.0,2.0,1.0,2.0,0.0
2.0,4.0,3.0,3.0,2.0,1.0,2.0,2.0
0.0,4.0,0.0,0.0,0.0,0.0,0.0,0.0
2.0,4.0,3.0,3.0,2.0,1.0,2.0,0.05722874452991389
0.0,0.0,0.0,0.0,0.0,0.0,0.0,1.0266581006060413
2.0,4.0,3.0,0.0,0.0,0.0,0.0,0.0
2.0,4.0,0.6189910600938691,3.0,2.0,1.0,2.0,1.4370475652238779
0.0,0.0,0.0,3.0,0.0,0.0,0.0,2.0
0.0,0.0,3.0,3.0,2.0,0.0,2.0,1.9273534065942175
2.0,4.0,3.0,0.0,2.0,1.0,2.0,0.05466168328149901
2.0,4.0,3.0,3.0,2.0,1.0,2.0,0.0
2.0,0.0,0.0,1.7098366474751332,2.0,1.0,0.0,1.0231058778172675
2.0,4.0,3.0,0.3165237454324022,2.0,1.0,2.0,1.0522693145414999
2.0,4.0,3.0,3.0,0.0,1.0,2.0,2.0
2.0,4.0,3.0,3.0,2.0,1.0,2.0,0.8280529836503112
1.9314131094139062,4.0,0.0,0.0,0.0,0.0,0.0,1.9364966437780229
0.0,0.0,0.0,0.0,2.0,0.13526373410772263,0.0,1.0287593175549954
0.0,3.7683495986462487,3.0,0.0,2.0,0.0,2.0,1.068498215888003
2.0,4.0,0.0,3.0,2.0,1.0,2.0,1.9035040305589312
2.0,0.0,3.0,3.0,0.0,0.0,2.0,1.9685797828147318
2.0,0.0,2.8063513277832697,0.0,1.7465088855087025,0.0,2.0,0.015560597898624073
0.0,0.0,0.0,0.0,0.0,0.0,0.0,0.05553084830480681
0.0,0.0,0.0,3.0,0.0,0.0,0.0,1.9088752417562942
2.0,4.0,0.0,0.0,0.0,0.0,0.0,0.014725338027074208
0.0,0.0,0.0,0.0,2.0,0.0,0.0,0.0
0.0,0.0,0.0,2.6065260179540313,0.0,0.0,0.0,1.872632128757626
2.0,0.0,0.0,3.0,2.0,1.0,2.0,1.878531470436204
0.0,0.0,0.0,2.8270344759417827,0.0,0.07728681828197054,1.4392815890179764,0.9925093439526287
2.0,4.0,3.0,3.0,2.0,1.0,2.0,0.8577481319230751
0.0,0.0,0.0,1.3001764353539629,2.0,1.0,2.0,2.0
0.0,0.0,0.0,0.0,0.0,0.0,0.0,2.0
0.0,4.0,0.0,0.0,2.0,0.6176992423298271,2.0,1.0643038565148424
0.0,4.0,0.0,0.0,0.0,0.0,0.0,1.989434350381201
0.0,0.0,0.0,0.0,0.0,0.0,1.7807147767649183,0.9751719032846003
0.0,0.0,0.8618411913104028,0.0,0.0,0.0,0.0,1.2075527013506495
0.0,4.0,0.0,0.0,0.0,1.0,0.0,0.9662211892935337
2.0,4.0,2.4176548003563294,3.0,2.0,1.0,2.0,0.0
2.0,4.0,0.0,3.0,2.0,1.0,1.5629731264891555,0.0
0.0,0.0,0.0,0.0,0.0,0.0,0.0,1.9713553175687046
0.0,0.0,0.0,3.0,2.0,1.0,2.0,2.0
2.0,0.0,3.0,0.0,0.0,1.0,0.0,0.0381187458635156
0.0,0.0,0.0,3.0,0.0,0.0,0.0,1.9171058193797492
2.0,0.0,0.0,3.0,0.0,0.0,0.0,0.9210532825809996
2.0,4.0,0.0,0.0,2.0,1.0,2.0,1.0999935199465463
0.0,1.9569053057823387,0.0,3.0,2.0,1.0,0.0,1.6896047178501903
2.0,4.0,3.0,3.0,2.0,1.0,2.0,0.03446099153036619
0.0,1.1659128162080288,0.0,0.0,0.0,0.0,0.0,1.9189730530173859
0.0,0.0,0.0,0.0,0.0,0.0,0.0,1.0909145664529052
0.0,0.0,0.0,0.0,0.0,0.0,0.0,1.1971384023896392
2.0,4.0,3.0,0.0,2.0,1.0,2.0,0.0
2.0,4.0,3.0,3.0,0.0,1.0,0.7218425324402131,0.10656240146258267
2.0,4.0,3.0,3.0,2.0,1.0,2.0,0.8332514936578629
0.0,0.0,0.0,0.0,0.0,0.0,0.0,0.0
2.0,0.0,0.0,0.0,2.0,0.0,0.0,2.0
2.0,2.045045518906401,3.0,3.0,0.0,1.0,2.0,0.004499040159530843
2.0,4.0,0.0,0.0,2.0,0.0,0.0,1.9541891000734801
0.0,0.0,3.0,3.0,0.0,0.0,0.0,0.0
0.0,0.0,0.0,0.0,0.0,0.0,0.0,1.0713815733884922
0.0,4.0,3.0,0.0,0.0,0.788391712479512,2.0,1.0390836984122713
0.0,0.0,0.0,0.0,0.0,0.0,0.0,0.0
0.0,0.0,0.0,0.0,0.0,1.0,2.0,1.8968521433362895
0.0,0.0,3.0,0.0,2.0,1.0,2.0,0.9518139245744852
2.0,4.0,0.0,0.0,2.0,0.0,2.0,1.0859065826954388
2.0,4.0,3.0,3.0,2.0,1.0,2.0,2.0
0.0,3.408054440486316,0.0,0.0,0.0,0.0,0.0,2.0
0.0,0.0,0.0,0.0,2.0,0.0,0.0,0.0070762885208899284
2.0,4.0,0.0,3.0,0.0,0.0,0.0,0.0
0.0,0.0,3.0,0.0,2.0,0.0,0.0,1.0036781879459409
2.0,0.0,0.0,0.0,0.0,1.0,2.0,0.0
0.0,4.0,0.0,0.0,2.0,1.0,2.0,1.9616559471503487
0.0,0.0,3.0,0.0,2.0,1.0,2.0,0.9243833824137297
2.0,4.0,3.0,1.685830134205898,2.0,1.0,2.0,0.0
2.0,4.0,0.0,0.0,0.0,1.0,0.0,1.6595201663619097
2.0,4.0,0.0,3.0,2.0,1.0,2.0,0.02346371086834409
2.0,4.0,3.0,3.0,2.0,1.0,2.0,2.0
0.0,2.7876448005317727,0.0,1.1108391426951068,0.9946916360741288,0.0,0.0,0.0
0.0,0.0,0.0,3.0,0.0,0.0,0.0,0.015008040467595074
0.0,4.0,2.6225408773860974,0.0,0.0,0.0,0.0,0.027292945029748883
0.0,0.0,3.0,0.0,2.0,0.0,2.0,1.1285726037091406
0.0,0.0,0.0,0.0,0.0,0.0,0.0,0.9146771431336834
2.0,0.0,0.0,3.0,0.0,0.0,0.0,2.0
2.0,4.0,3.0,3.0,2.0,1.0,2.0,2.0
2.0,4.0,3.0,3.0,1.814745240156075,1.0,2.0,2.0
2.0,4.0,3.0,3.0,0.0,1.0,0.6276170858824102,0.991276451636086
2.0,4.0,3.0,3.0,2.0,1.0,2.0,0.975470786080802
0.0,0.0,0.0,0.0,0.0,0.0,2.0,1.0153604451787008
2.0,0.0,0.8902825437155071,3.0,2.0,1.0,2.0,0.9848538554583288
2.0,0.0,0.0,0.0,1.1119715970749664,0.0,2.0,1.6480921439927247
0.0,0.0,3.0,3.0,2.0,0.0,2.0,1.1562045045487959
2.0,4.0,0.0,0.46191059104335325,0.0,0.5620336626846412,0.0,0.03769941868930082
2.0,4.0,3.0,3.0,0.0,1.0,2.0,1.9270582336152684
2.0,4.0,0.0,3.0,2.0,1.0,2.0,0.05599030666601168
2.0,4.0,3.0,0.0,2.0,1.0,2.0,0.0678832099788853
2.0,0.0,0.0,0.0,0.0,0.0,0.0,1.0370226015177537
2.0,4.0,3.0,3.0,2.0,1.0,0.43221349646411256,2.0
2.0,4.0,0.0,3.0,2.0,0.2623547961253374,0.0,0.0
2.0,4.0,3.0,3.0,2.0,1.0,0.0,0.0
2.0,4.0,0.0,0.0,0.0,0.0,2.0,0.0
0.0,4.0,0.0,3.0,2.0,0.0,2.0,0.0
2.0,4.0,3.0,3.0,2.0,1.0,0.0,2.0
2.0,4.0,0.0,0.0,0.0,0.0,0.674325759898785,0.9816716121223067
0.0,4.0,0.0,0.0,0.0,1.0,2.0,0.0
0.0,0.0,3.0,3.0,0.0,0.0,0.0,1.2790254867992616
0.0,0.0,0.0,0.0,0.0,0.0,0.0,0.07282183024105726
2.0,4.0,3.0,3.0,2.0,1.0,2.0,0.0
0.0,4.0,3.0,0.0,2.0,1.0,0.0,2.0
0.0,4.0,0.0,2.044492675871618,0.0,0.0,0.0,1.0797019232522278
2.0,4.0,3.0,3.0,2.0,1.0,2.0,1.015521559289699
2.0,4.0,3.0,3.0,2.0,1.0,0.09135101552741953,2.0
0.0,0.0,0.0,0.0,0.0,0.0,0.0,1.4379957744953684
0.0,1.619150985157491,0.0,3.0,0.0,1.0,2.0,1.3076036156656576
2.0,4.0,3.0,3.0,2.0,1.0,2.0,1.0293625029081384
0.0,0.0,0.0,0.0,0.0,0.0,0.23516470364976716,0.8350353628116877
2.0,4.0,3.0,3.0,2.0,1.0,0.0,2.0
2.0,1.8074984273726982,0.0,3.0,0.0,1.0,0.0,2.0
2.0,4.0,3.0,0.0,2.0,1.0,2.0,1.0329820636615243
0.0,2.1895283228350313,0.0,0.0,0.21547374594425472,0.0,0.0,0.0
2.0,4.0,3.0,3.0,2.0,1.0,0.0,0.058852093144128426
2.0,4.0,0.0,3.0,0.0,0.0,0.0,0.9968727156822167
2.0,4.0,3.0,0.0,2.0,0.0,2.0,1.9393071841712575
0.0,0.0,3.0,3.0,0.0,1.0,0.0,0.0
2.0,4.0,3.0,3.0,0.0,1.0,2.0,0.9164224001161383
0.0,0.0,0.0,3.0,2.0,0.0,0.0,0.022090085262804315
0.0,0.6050251526153534,0.0,3.0,2.0,1.0,2.0,1.9939671809847577
0.0,0.0,0.0,0.0,0.0,0.0,2.0,1.4202300324696153
0.0,4.0,3.0,3.0,2.0,1.0,2.0,1.0816209663074408
2.0,0.0,3.0,3.0,0.0,0.0,0.0,1.948270596513133
0.0,4.0,3.0,0.0,0.0,0.0,2.0,1.9514079009913585
0.0,0.0,0.0,3.0,0.0,0.0,0.0,2.0
0.0,0.0,0.0,0.0,0.0,0.0,2.0,2.0
0.0,0.0,3.0,0.0,0.0,0.0,0.0,2.0
0.0,4.0,0.0,3.0,2.0,0.0,2.0,1.8361149652931137
0.0,0.4448625938966466,0.8604005576978745,0.0,0.0,1.0,2.0,2.0
0.0,0.0,3.0,0.0,2.0,0.02300850186813619,0.0,2.0
2.0,4.0,3.0,3.0,2.0,1.0,2.0,1.6847098139931627
0.0,4.0,3.0,0.0,2.0,0.0,2.0,1.0817450123194192
2.0,4.0,0.0,0.0,0.0,0.0,0.0,1.6462356173052144
2.0,0.0,2.117446395138112,3.0,0.0,0.0,0.17982594798966833,0.0
0.0,0.0,0.0,0.0,0.0,0.0,0.0,0.16325075355486607
2.0,4.0,3.0,0.0,0.0,1.0,2.0,0.021346738080768035
0.0,0.0,0.0,3.0,2.0,0.0,2.0,1.0039423067998268
0.0,0.0,0.0,0.0,0.0,0.3916524548612321,0.0,0.1085526361592154
2.0,4.0,3.0,3.0,2.0,1.0,2.0,0.032678807921879716
2.0,4.0,3.0,0.0,2.0,1.0,2.0,2.0
2.0,0.0,0.0,0.0,0.0,0.0,2.0,1.0968299746102006
2.0,0.0,3.0,0.0,0.0,0.0,0.0,0.029534623379692815
2.0,0.0,3.0,3.0,2.0,0.0,2.0,0.933800505373535
0.0,0.0,0.0,0.0,0.0,0.0,0.0,1.0554799901520655
0.0,0.0,0.0,3.0,0.0,0.0,0.0,0.018429157032600063
0.8376793571959569,0.0,0.0,0.0,0.0,0.0,0.0,0.932553935071015
2.0,0.0,0.0,3.0,1.710883403548064,0.0,0.0,0.025990123587596226
0.0,0.0,0.0,0.0,2.0,0.0,0.0,0.053672179280865095
0.0,0.0,0.0,3.0,0.0,0.0,0.0,1.182038604654014
2.0,4.0,3.0,3.0,2.0,1.0,2.0,1.1314830624968375
0.0,4.0,0.5581577758566083,3.0,2.0,1.0,0.43771508310441776,0.0
0.0,2.701381571122998,0.0,3.0,0.0,1.0,2.0,1.8858345657203044
2.0,4.0,3.0,3.0,0.5667752606700203,0.14052813470598102,2.0,1.4290771719569055
0.0,0.0,0.0,0.0,0.0,1.0,2.0,0.0379715399640419
2.0,4.0,3.0,3.0,2.0,0.0,2.0,1.978504969181146
2.0,4.0,3.0,0.0,0.0,1.0,0.0,1.9764792543877392
2.0,4.0,3.0,3.0,2.0,1.0,2.0,2.0
0.0,0.0,0.0,3.0,0.0,0.049205040170904046,0.0,1.8698224886914803
0.0,2.519185701588732,3.0,3.0,0.0,0.6528523848288804,0.0,2.0
0.0,4.0,3.0,3.0,2.0,1.0,2.0,0.0
2.0,4.0,3.0,0.0,2.0,0.0,2.0,1.0083994767675895
2.0,4.0,0.1765343517371414,3.0,2.0,1.0,2.0,0.8897516329954809
2.0,0.0,3.0,3.0,2.0,1.0,1.2893803939175466,0.04894030174784869
0.0,0.0,3.0,0.0,2.0,1.0,0.0,0.1205445691179966
0.0,0.0,0.0,0.0,0.0,1.0,2.0,1.8546175626027437
0.0,4.0,0.0,0.0,0.0,0.0,0.0,0.1492029169126502
0.0,0.0,0.0,0.0,0.0,0.0,0.0,0.0
0.0,0.0,0.0,0.0,0.0,0.0,0.0,0.01953713344870167
0.0,4.0,3.0,3.0,2.0,1.0,0.0,0.09489343626738012
0.0,4.0,0.0,3.0,0.0,0.0,2.0,1.0756558986767242
0.8293294028816677,0.0,3.0,3.0,2.0,1.0,2.0,2.0
0.0,0.0,0.0,0.0,0.0,0.0,0.0,1.0329527459818306
0.0,4.0,2.3907479548679706,3.0,2.0,1.0,2.0,1.9670098854880889
2.0,4.0,3.0,0.0,2.0,0.0,1.2787808344215397,0.0
0.0,0.0,0.0,0.0,0.0,0.0,2.0,2.0
2.0,0.2629120827935274,3.0,3.0,2.0,1.0,2.0,1.963115990688101
0.0,0.0,0.0,3.0,0.0,0.0,0.0,2.0
0.0,0.0,3.0,0.0,2.0,1.0,2.0,0.07186952938626812
0.0,0.0,0.0,0.0,0.0,0.0,0.0,0.9759228741671936
2.0,0.0,3.0,3.0,2.0,1.0,2.0,0.10947594814317185
2.0,4.0,3.0,1.8226864796090425,0.0,0.7158228320357714,0.0,1.1041482811975702
0.0,4.0,3.0,0.0,1.2996707010463222,0.0,0.0,1.9782868426486755
2.0,4.0,0.0,3.0,2.0,1.0,1.0115514992638128,1.9583378269749467
1.0461460391286395,4.0,2.8566835134415953,3.0,2.0,0.0,0.24658116149459097,0.04613672414062697
2.0,0.0,3.0,3.0,0.0,1.0,2.0,1.0714113011881257
0.0,0.0,0.0,3.0,0.0,1.0,2.0,1.0890007136439153
2.0,4.0,3.0,3.0,2.0,1.0,2.0,2.0
0.0,0.0,0.0,0.0,0.0,0.0,0.0,0.9955592575131726
0.0,0.0,0.0,3.0,2.0,0.0,0.0,1.9665018945976065
2.0,4.0,1.2764314265624068,3.0,2.0,0.0,0.0,0.8786615685812306
0.0,4.0,3.0,3.0,2.0,0.0,2.0,1.9682978218193474
0.0,4.0,0.0,3.0,2.0,1.0,2.0,2.0
0.0,0.0,0.0,0.0,0.0,0.0,0.0,1.3244441072467599
0.0,0.0,3.0,0.0,2.0,0.4645255203342666,2.0,1.8978162698313463
2.0,4.0,3.0,3.0,2.0,1.0,2.0,1.9061980826507887
2.0,3.1219430903580974,3.0,3.0,0.0,0.0,0.3030220426940827,2.0
2.0,4.0,3.0,3.0,2.0,1.0,2.0,1.9699943872968402
0.0,0.0,3.0,3.0,0.4903321902039999,0.0,0.8488734344539247,2.0
0.0,4.0,0.0,0.0,0.0,0.0,0.0,1.9948064702457664
0.0,0.0,0.0,0.0,0.0,0.0,0.0,1.066096713967369
2.0,0.0,0.0,3.0,2.0,0.0,1.3862764743893823,2.0
0.0,0.0,0.0,3.0,2.0,0.0,0.0,1.9162431309438803
0.0,0.0,1.9777353395429855,1.2523641424966205,0.0,1.0,0.0,0.0
2.0,0.0,3.0,0.0,2.0,1.0,2.0,1.3938877052208096
2.0,4.0,3.0,3.0,0.0,0.0,0.0,1.965288209699875
2.0,4.0,3.0,0.0,2.0,1.0,2.0,1.8369660188893637
0.0,0.0,3.0,3.0,2.0,0.0,1.4147552908589476,0.9610003659935695
0.0,0.0,0.0,0.0,2.0,0.0,0.0,2.0
2.0,4.0,3.0,3.0,2.0,1.0,2.0,2.0
2.0,4.0,0.0,3.0,2.0,0.0,2.0,0.0
2.0,4.0,3.0,3.0,2.0,1.0,2.0,0.0
2.0,0.0002526199834385068,3.0,0.0,0.0,0.0,0.0,1.2505476497083172
0.0,0.0,3.0,3.0,1.134686399261982,0.0,0.04112506079886169,0.06668784414619189
0.8597250892635874,0.0,3.0,0.0,0.0,1.0,2.0,0.19698056557907673
1.5276764729137695,0.0,0.0,0.0,0.0,1.0,0.0,1.9941397377017562
2.0,0.0,0.0,0.0,2.0,0.0,2.0,2.0
0.0,4.0,0.0,3.0,2.0,1.0,2.0,0.0
2.0,0.0,0.0,1.2969773149509103,2.0,0.0,0.0,2.0
0.0,0.0,0.0,0.0,0.0,0.0,0.0,2.0
0.0,4.0,0.0,0.0,0.0,0.0,0.0,0.0
0.0,3.3254245333538743,0.0,1.0224145524397354,0.0,1.0,0.0,2.0
2.0,4.0,3.0,3.0,2.0,1.0,2.0,1.4116541308059054
0.0,4.0,3.0,3.0,0.0,1.0,2.0,1.9808428264221063
0.8045915261553422,4.0,0.0,3.0,2.0,1.0,2.0,0.0587771452517466
0.0,0.0,0.0,0.0,2.0,0.0,0.0,1.0433136582502829
0.0,0.0,0.0,3.0,2.0,1.0,0.8058241881065404,1.1660939359330975
0.0,0.0,0.0,0.0,0.0,0.0,0.0,1.0601476061492934
2.0,0.0,2.476678152017595,3.0,2.0,1.0,0.0,0.1665181359863458
0.0,0.0,0.0,3.0,0.0,0.0,0.0,0.0
0.0,0.0,3.0,0.0,0.0,0.0,0.0,1.059383070923962
2.0,4.0,3.0,3.0,2.0,1.0,2.0,1.1461045659030238
0.0,4.0,0.0,3.0,0.0,0.23688362645662187,0.0,0.0
0.0,0.0,0.0,0.0,0.0,0.0,0.0,1.1704487122034937
2.0,1.2981904088524603,3.0,0.0,0.7243380124854031,1.0,2.0,0.06954809156193398
2.0,4.0,0.8685417336255887,3.0,2.0,1.0,2.0,1.0809158090780409
2.0,0.0,0.0,3.0,2.0,1.0,0.0,0.0
0.0,0.0,3.0,0.0,0.0,0.0,2.0,2.0
2.0,4.0,3.0,3.0,2.0,1.0,2.0,0.9858460357522872
0.0,4.0,3.0,3.0,2.0,0.0,0.0,0.0
0.0,0.0,0.0,0.0,0.0,0.0,0.0,2.0
0.0,4.0,0.0,3.0,0.0,0.24067758667813527,0.0,1.0859216928970947
2.0,4.0,3.0,0.0,2.0,1.0,0.0,0.0
0.0,0.0,0.0,0.0,0.25919780979184914,1.0,0.0,0.09379739888606764
0.0,0.0,0.0,2.4369645128636654,0.0,0.0,0.0,0.0
0.0,0.0,3.0,3.0,0.0,1.0,0.0,2.0
2.0,4.0,3.0,0.0,0.0,0.0,0.0,0.12606836818823142
0.004713184287391758,4.0,3.0,0.0,2.0,1.0,2.0,0.0
1.18097755000497,0.0,0.0,0.0,2.0,0.0,0.0,1.3138115273198334
2.0,0.0,0.0,0.0,2.0,0.0,2.0,2.0
2.0,3.975385807342947,3.0,0.0,2.0,0.0,0.9922263193796107,1.6022642418239368
2.0,4.0,3.0,0.0,0.0,0.0,0.0,0.9896497415565747
0.0,0.0,3.0,0.0,0.0,0.0,0.0,0.0
2.0,4.0,3.0,3.0,2.0,1.0,2.0,1.0227667591007874
0.0,0.0,3.0,0.0,0.0,0.0,0.0,0.0
2.0,0.0,3.0,3.0,2.0,0.0,2.0,0.08145625150623415
2.0,4.0,0.0,0.6055868822963486,2.0,1.0,2.0,0.0
0.0,4.0,3.0,0.0,2.0,1.0,0.0,0.9420954822837267
0.0,4.0,3.0,1.2532431029838025,2.0,0.0,2.0,2.0
2.0,4.0,3.0,0.0,2.0,1.0,2.0,0.980240995459875
2.0,4.0,0.0,3.0,2.0,1.0,0.0,0.9708124122990417
2.0,4.0,3.0,0.0,0.0,0.10436209239278582,2.0,1.1651419566081345
0.0,0.0,0.0,3.0,0.0,1.0,0.0,2.0
2.0,4.0,3.0,3.0,2.0,1.0,2.0,0.0
2.0,3.257248741097799,3.0,3.0,0.0,0.0,0.0,1.0971626590042223
0.0,0.0,0.0,0.0,0.0,1.0,0.0,1.0138127454641468
0.0,0.0,0.0,0.0,2.0,1.0,0.0,1.9133397135201577
2.0,0.0,0.0,0.0,2.0,1.0,2.0,2.0
0.0,4.0,0.0,0.0,2.0,1.0,0.0,1.9818806419072366
2.0,4.0,3.0,3.0,2.0,1.0,2.0,2.0
0.0,0.0,0.0,0.0,0.0,0.0,0.0,0.08886150726223019
2.0,4.0,3.0,3.0,0.0,0.0,1.7166285365426546,0.0
2.0,0.0,3.0,0.0,2.0,0.0,2.0,1.0560573647404032
2.0,0.0,3.0,3.0,0.0,1.0,0.0,2.0
2.0,4.0,3.0,3.0,2.0,0.0,2.0,0.0
0.0,0.0,0.0,0.0,0.0,0.0,0.0,1.9121457376211919
2.0,0.0,0.0,3.0,2.0,0.0,2.0,0.9644987296643996
0.3390619020626513,4.0,0.0,0.0,0.0,0.0,0.0,1.9362926501447109
0.0,4.0,3.0,3.0,2.0,1.0,2.0,0.015772013037682497
2.0,4.0,3.0,3.0,2.0,1.0,2.0,1.018346650573545
2.0,4.0,3.0,0.0,0.0,0.0,0.0,0.016721070945710292
2.0,4.0,3.0,3.0,2.0,1.0,0.0,0.24194182547895393
2.0,0.0,0.0,0.0,0.0,0.0,0.0,1.2615866367382296
2.0,0.0,3.0,0.0,0.0,1.0,2.0,1.1307568481727412
0.0,0.0,0.0,0.0,0.0,0.0,2.0,0.8076628686388916
1.0767421850895178,4.0,3.0,0.0,0.0,0.0,2.0,0.0
0.0,0.0,0.0,3.0,0.0,1.0,2.0,0.0
0.0,0.0,0.0,0.0,2.0,1.0,0.0,0.08345940947589037
2.0,4.0,3.0,3.0,0.0,1.0,2.0,1.0097229170340298
2.0,4.0,3.0,0.0,0.0,0.0,0.0,1.1976364476839547
2.0,4.0,3.0,0.0,2.0,1.0,2.0,1.5424230062504498
0.0,4.0,3.0,3.0,2.0,1.0,2.0,1.9956135977146225
0.0,4.0,0.0,0.0,0.9470816287318904,0.0,2.0,1.076204588726969
0.0,0.0,0.0,0.0,2.0,0.0,2.0,1.054802473868017
0.0,4.0,0.0,0.0,0.0,0.0,0.0,1.1956377775210334
0.0,0.0,0.0,1.9536102341990733,1.493372473309558,0.0,2.0,0.0
0.0,4.0,0.0,0.15806141079807978,0.0,1.0,2.0,2.0
2.0,4.0,3.0,3.0,2.0,1.0,2.0,0.9822739925631657
2.0,4.0,3.0,3.0,2.0,0.0,2.0,1.730106023967552
2.0,4.0,3.0,0.0,2.0,1.0,0.0,0.0
2.0,0.0,0.750404635391567,0.0,2.0,0.0,0.0,0.0
2.0,0.0,3.0,0.0,0.0,1.0,0.0,1.1402176885639097
2.0,4.0,3.0,3.0,2.0,1.0,2.0,0.031114914244346425
2.0,0.0,3.0,3.0,2.0,1.0,2.0,1.992799588954722
0.7769915403422336,0.0,3.0,3.0,0.0,1.0,0.0,1.0046480728794092
2.0,4.0,3.0,3.0,2.0,1.0,2.0,1.9451386399263069
2.0,0.0,3.0,3.0,0.0,0.6908313042802481,2.0,0.15809703790332696
2.0,0.0,1.7593008959707561,0.0,0.0,1.0,0.0,2.0
0.0,4.0,1.715334079204855,0.36190932171219176,2.0,0.0,2.0,1.9959430331280008
2.0,4.0,3.0,3.0,2.0,1.0,2.0,0.043439472192340234
2.0,4.0,3.0,3.0,2.0,1.0,2.0,0.0
0.0,0.0,0.0,0.0,0.0,0.0,0.0,1.044726736678684
0.0,0.0,0.0,0.0,0.0,0.0,0.0,0.09080391503835983
0.0,0.0,0.0,0.0,0.0,0.0,0.0,2.0
2.0,0.0,0.0,2.5642367397755175,0.0,0.0,0.0,0.06679536526928598
0.0,0.0,0.0,0.0,0.0,0.0,0.0,0.0
2.0,0.0,3.0,3.0,2.0,0.5179445822613024,0.0,0.9260132011006698
2.0,4.0,3.0,3.0,2.0,1.0,2.0,0.0
1.9890826113949054,0.0,3.0,0.0,0.0,0.0,0.0,0.9869429045844186
0.0,0.7389493126424453,0.0,0.0,0.0,0.0,2.0,1.0678502764868762
2.0,4.0,0.0,0.0,0.0,0.19635759059839258,0.0,0.0
2.0,0.0,0.0,0.0,0.0,0.0,2.0,2.0
2.0,4.0,0.0,3.0,0.0,0.0,2.0,0.06038972078055227
0.0,4.0,3.0,3.0,2.0,1.0,2.0,0.0
2.0,4.0,3.0,3.0,2.0,1.0,0.0,1.0495398040948185
2.0,2.17381380616977,3.0,3.0,0.0,0.0,2.0,1.0708349848695693
2.0,4.0,3.0,0.0,2.0,0.0,2.0,0.012966070560441634
2.0,0.0,0.0,0.0,2.0,0.0,0.0,0.9154682771746627
2.0,4.0,3.0,3.0,2.0,0.0049600119807321486,2.0,1.9647621390239856
0.0,4.0,3.0,1.7868185308278297,2.0,1.0,2.0,0.0
0.0,4.0,0.0,0.0,0.0,0.0,0.0,0.13673676225999032
0.0,0.0,0.0,0.0,2.0,0.0,0.0,1.9877154918316133
0.0,0.0,0.0,0.0,0.0,0.0,0.0,1.268871511716498
0.0,0.0,0.0,0.0,0.0,0.0,0.0,0.04590416207730563
2.0,0.0,3.0,3.0,0.0,0.0,0.0,0.0
2.0,4.0,3.0,2.741800711180942,2.0,1.0,2.0,2.0
0.0,0.0,3.0,0.0,0.0,0.10616526650460895,0.0,0.9771354940226056
2.0,4.0,3.0,3.0,2.0,1.0,2.0,1.1991819390885536
0.0,4.0,3.0,0.0,0.0,1.0,0.0,1.9982592220788502
2.0,4.0,3.0,3.0,2.0,1.0,0.0,0.9420522500163061
1.9137784472410213,4.0,0.0,3.0,0.0,1.0,2.0,1.8466334002996643
0.0,0.0,3.0,3.0,0.0,0.0,0.0,0.0
0.0,0.0,0.0,3.0,0.0,0.0,0.0,1.9206427729158864
0.0,4.0,0.0,0.0,0.0,0.0,0.0,0.8625655025905763
2.0,1.3250473620280614,3.0,0.0,2.0,1.0,0.0,1.9254719856182514
2.0,4.0,3.0,3.0,0.0,0.0,0.0,0.0
2.0,0.0,3.0,3.0,2.0,1.0,2.0,2.0
2.0,4.0,3.0,3.0,2.0,0.0,0.0,0.0755902851612783
0.0,4.0,0.0,3.0,0.0,0.0,0.0,1.1830871066522841
0.0,0.0,0.0,3.0,0.0,0.0,0.0,0.0520907963351801
0.0,0.0,3.0,3.0,0.0,0.0,2.0,0.0
0.0,0.0,0.0,1.6592431925282765,2.0,0.0,0.0,1.8821304994719732
1.4497323813970888,4.0,0.0,0.0,1.759195583593399,1.0,0.0,1.1749475226262511
2.0,4.0,0.0,3.0,2.0,0.0,2.0,0.9795126043326152
2.0,4.0,3.0,3.0,0.0,0.0,2.0,1.0252454098472725
2.0,4.0,3.0,0.0,2.0,0.0,2.0,0.012668954775608032
0.0,0.0,0.0,0.0,0.0,0.0,0.0,0.06798071214518953
0.0,4.0,0.0,0.0,0.0,0.0,0.0,1.073235868347573
0.0,0.0,3.0,3.0,0.0,0.0,2.0,0.0247425111966465
2.0,1.4877988075728585,0.0,3.0,2.0,1.0,2.0,1.9768752735097341
0.0,4.0,0.0,0.0,0.0,0.9446248950325928,2.0,0.9715474885840364
2.0,4.0,3.0,3.0,2.0,1.0,2.0,0.0
2.0,0.0,0.0,0.0,2.0,0.0,0.0,1.0174722718284361
0.0,0.0,0.0,0.0,0.0,0.0,0.0,0.04439508425867
2.0,4.0,3.0,3.0,2.0,1.0,0.0,1.1959062241369187
2.0,4.0,1.324974465900979,3.0,2.0,1.0,2.0,2.0
2.0,4.0,0.0,3.0,2.0,0.0,0.0,1.919654299268184
2.0,4.0,0.0,3.0,1.6798660377110404,1.0,2.0,2.0
2.0,4.0,3.0,3.0,2.0,0.0,2.0,1.0757062454629642
2.0,4.0,3.0,3.0,2.0,1.0,2.0,1.0282560929575952
2.0,4.0,3.0,3.0,2.0,1.0,2.0,0.9647276674164301
0.0,0.0,3.0,0.0,0.0,1.0,1.1916662249185894,1.6389526119309363
0.0,0.0,0.0,3.0,2.0,0.0,2.0,0.03845703353326824
0.9545019631927595,1.7820234486519373,0.0,3.0,2.0,1.0,0.0,0.8991676017296111
2.0,4.0,3.0,3.0,0.0,1.0,2.0,0.0
0.6067652359650322,0.0,3.0,0.0,0.0,0.0,0.0,0.023851038836677274
0.0,4.0,0.0,3.0,0.0,0.0,0.0,1.995933485832172
0.0,0.0,0.0,3.0,0.0,1.0,0.0,2.0
0.0,4.0,1.9850261236437725,3.0,0.0,1.0,2.0,0.09158545019511666
0.0,4.0,0.0,0.0,0.0,0.0,2.0,1.1150009418456193
0.0,4.0,3.0,3.0,2.0,1.0,2.0,0.9828198600242489
0.0,4.0,0.0,0.0,2.0,0.0,0.0,1.9686951378070456
2.0,4.0,0.07092916475599202,3.0,2.0,1.0,2.0,0.052822513839032914
0.0,0.0,0.0,0.0,2.0,0.0,0.0,0.10820930031351295
0.646330244961831,0.0,3.0,3.0,0.0,0.0,2.0,1.863323130497418
2.0,4.0,0.0,0.0,0.0,0.0,0.0,1.132519198980481
0.0,4.0,0.0,3.0,1.6387135366528545,1.0,0.08110419999689267,1.1135931728199655
0.0,0.0,0.0,0.0,0.0,0.0,0.0,0.010149510393495542
2.0,4.0,1.7173423461372894,3.0,0.0,1.0,2.0,1.0563428313959276
0.0,0.0,3.0,0.0,0.0,0.0,0.0,0.9934156065550851
0.0,4.0,3.0,3.0,2.0,1.0,0.0,1.1643205627701405
0.0,2.581314861880722,0.0,0.0,0.0,0.0,2.0,1.3222100455663628
2.0,0.0,3.0,3.0,0.0,0.0,2.0,0.0
2.0,4.0,3.0,3.0,2.0,1.0,2.0,0.09768281608467999
2.0,4.0,3.0,0.0,2.0,0.0,1.5556429101618945,0.9813256711403904
2.0,4.0,0.0,3.0,0.0,1.0,0.0,0.0
2.0,4.0,3.0,3.0,0.0,1.0,2.0,2.0
0.0,0.0,0.0,3.0,0.0,0.0,1.9681805419470066,1.9880219166603261
0.0,4.0,0.0,3.0,2.0,0.0,2.0,0.0
2.0,0.0,3.0,3.0,2.0,1.0,2.0,0.08703459141673375
0.0,0.0,3.0,0.0,0.0,0.0,0.0,0.8874806512823114
0.0,0.0,3.0,3.0,1.7422004421781754,0.0,2.0,1.9654996925544566
2.0,1.4713188847823693,3.0,3.0,0.0,0.4166659132367435,2.0,0.9780835846814898
2.0,0.0,0.0,3.0,2.0,0.0,0.0,0.9781698729710542
2.0,4.0,3.0,3.0,2.0,1.0,0.0,1.029385879830392
0.0,0.0,0.0,0.0,0.0,0.0,0.0,0.0717863497810417
0.0,4.0,3.0,3.0,2.0,1.0,2.0,1.9716252918228303
0.0,0.0,3.0,0.0,2.0,1.0,2.0,0.017844569380482733
2.0,0.0,3.0,3.0,2.0,1.0,0.0,0.0
2.0,0.0,0.0,3.0,0.0,0.0,0.0,1.9302611366389435
2.0,4.0,0.0,3.0,2.0,1.0,2.0,0.0
0.0,0.0,3.0,0.0,1.0928197970504177,0.007827630762545112,0.0,0.0923130291920995
2.0,4.0,3.0,3.0,2.0,1.0,2.0,1.4363974964941129
0.0,0.0,3.0,2.869368268313059,2.0,1.0,2.0,0.013166648869933684
0.0,4.0,0.0,3.0,2.0,1.0,2.0,0.9604777996070919
0.0,4.0,0.0,0.0,0.0,0.0,0.0,0.0
0.02569186286302938,0.0,0.0,0.0,0.0,0.0,1.578134604181722,0.022681630538161524
2.0,4.0,3.0,3.0,2.0,0.0,2.0,0.9269096367012689
0.0,4.0,3.0,3.0,2.0,1.0,0.0,0.0
0.0,4.0,0.0,3.0,0.48106080495920145,0.0779709037024664,2.0,1.0292819169998184
2.0,4.0,3.0,3.0,2.0,1.0,2.0,1.0015707243880654
0.0,4.0,0.0,3.0,0.0,0.0,0.0,0.989724695320578
2.0,4.0,3.0,0.0,2.0,0.0,0.0,1.92401745345525
2.0,4.0,3.0,3.0,2.0,1.0,2.0,0.9039204566960161
2.0,4.0,3.0,3.0,2.0,0.0,2.0,1.6611101411722602
0.0,4.0,0.0,0.0,0.0,0.0,0.0,0.0
2.0,0.0,0.0,3.0,0.0,0.0,0.0,2.0
0.0,4.0,0.0,2.6264368172122365,1.4402554068045201,0.0,0.0,0.0
0.0,4.0,3.0,0.0,0.0,0.0,0.0,1.0211171304937723
0.9330884441028672,4.0,0.0,3.0,0.0,0.0,0.0,0.032436562395598556
2.0,4.0,3.0,0.0,2.0,1.0,2.0,0.13718707228639082
2.0,4.0,3.0,3.0,2.0,1.0,2.0,1.9887420055001637
1.6943381057712115,0.0,0.0,0.0,0.0,1.0,0.0,0.004154042073668207
2.0,0.0,0.0,0.0,0.0,1.0,0.0,1.8900559186110715
0.35150937914523384,0.0,3.0,0.0,0.8473473606579609,1.0,0.0,0.0
0.0,0.0,0.0,3.0,2.0,0.0,2.0,1.85186643501449
2.0,3.3973334602162844,3.0,3.0,2.0,1.0,2.0,0.04435920616001754
0.0,4.0,0.0,3.0,2.0,0.0,0.0,0.0
0.0,0.0,0.0,0.0,0.0,0.0,0.0,0.0
1.0440338610168034,4.0,3.0,3.0,2.0,0.0,2.0,0.0
2.0,4.0,0.569980965104036,0.0,2.0,1.0,0.0,0.06292847930102574
2.0,4.0,3.0,0.12205946103177033,2.0,1.0,2.0,1.006175165517811
0.0,0.0,0.0,3.0,0.0,1.0,0.0,0.0
0.0,4.0,0.4290554346769818,0.0,2.0,1.0,0.0,0.888983947991179
0.0,0.0,0.0,1.934895623495825,0.0,0.0,0.0,1.9530785490940084
2.0,4.0,3.0,3.0,2.0,1.0,2.0,1.34991857511527
0.0,0.0,0.0,0.0,0.0,0.0,0.0,0.13411358570828913
2.0,0.0,3.0,0.0,2.0,1.0,2.0,0.8975563790072267
0.0,0.0,0.0,0.0,0.0,0.0,0.0,1.9442342381752975
2.0,1.1312943574139847,3.0,0.0,2.0,1.0,0.0,2.0
2.0,4.0,3.0,3.0,2.0,1.0,2.0,1.1095938291227498
2.0,0.0,3.0,0.0,0.0,1.0,0.2841381712597367,0.0
0.0,0.0,1.0655758893351417,0.0,0.0,0.0,2.0,2.0
2.0,4.0,3.0,3.0,0.0,1.0,2.0,0.05104315367762402
0.0,0.0,0.0,3.0,0.0,0.0,0.0,0.9426057330770555
2.0,4.0,3.0,0.0,2.0,0.0,0.0,1.0459837966487404
0.0,0.0,0.0,0.0,0.0,1.0,2.0,1.4041254303563422
2.0,4.0,0.0,3.0,2.0,1.0,2.0,0.1271986336669052
2.0,4.0,3.0,3.0,2.0,0.0,2.0,1.0504872168414858
2.0,4.0,3.0,3.0,2.0,1.0,2.0,1.9373375320628177
2.0,4.0,3.0,3.0,2.0,1.0,2.0,1.0840173033544527
2.0,4.0,3.0,3.0,2.0,1.0,2.0,0.0
2.0,4.0,3.0,0.0,2.0,0.0,0.18095884355762104,1.0624127989299932
0.0,0.0,3.0,3.0,0.0,0.0,0.0,1.9444763425000684
1.8805475689747206,4.0,3.0,3.0,2.0,1.0,2.0,1.101060480961367
0.0,0.0,0.0,3.0,0.0,1.0,0.0,1.0173004048583885
0.0,4.0,3.0,3.0,2.0,1.0,2.0,1.0051195922550415
2.0,4.0,0.0,0.0,2.0,1.0,2.0,1.0318018950327998
0.0,0.0,0.0,0.0,0.0,0.0,0.0,1.0430212555142426
0.0,0.0,0.0,0.0,0.0,0.0,0.0,1.9151029527091246
2.0,4.0,3.0,0.0,2.0,0.0,0.0,0.0
0.0,0.0,0.0,3.0,0.0,0.7894642888181815,1.9283930070928597,2.0
2.0,4.0,3.0,0.0,2.0,1.0,2.0,0.09024220394674232
0.0,4.0,0.0,0.0,0.46418775001435375,0.0,2.0,0.0
0.0,4.0,3.0,2.9209573462406286,0.0,0.0,0.0,0.02991641981871751
0.0,0.0,0.0,0.0,0.0,0.0,0.0,2.0
2.0,4.0,3.0,3.0,2.0,1.0,2.0,1.0766380767767518
2.0,4.0,3.0,0.0,2.0,1.0,1.1629561904921268,1.07021644504771
0.0,0.0,3.0,0.0,0.016549975928899063,1.0,0.0,1.7978553987816728
0.0,0.0,0.358150612583114,0.0,0.0,0.0,0.0,1.0082746120949013
1.5485821846138563,0.6315598851223896,3.0,0.20465795839071532,2.0,1.0,0.0,1.9468231155455407
0.0,0.0,0.0,0.8142983256006339,2.0,1.0,2.0,2.0
1.7949075769128862,0.0,0.0,0.0,0.0,0.0,0.0,2.0
0.0,0.0,0.0,0.0,0.0,0.0,0.0,0.0
2.0,0.0,0.0,0.0,0.0,0.0,0.0,1.9047931493533716
0.0,0.0,0.0,0.0,0.0,0.0,0.0,1.9789904880957963
2.0,4.0,3.0,2.669407680925823,0.0,1.0,2.0,0.13428665503294024
0.0,0.0,0.2180736917543321,0.0,0.0,0.0,0.0,0.10476182871074602
0.0,0.0,3.0,0.0,2.0,0.0,2.0,0.0
2.0,4.0,3.0,3.0,2.0,1.0,2.0,1.9984602070202628
2.0,0.0,0.0,0.0,0.0,0.0,0.0,1.0595924657155753
2.0,4.0,3.0,3.0,2.0,0.0,0.0,0.0
2.0,4.0,3.0,3.0,2.0,0.0,2.0,0.09330451134216011
0.0,2.3476253177052078,3.0,3.0,2.0,1.0,2.0,0.0
0.0,0.0,0.0,0.0,0.0,0.0,0.0,1.0234341291026687
2.0,4.0,3.0,3.0,2.0,1.0,2.0,1.912533973992254
0.0,0.0,3.0,0.0,2.0,0.0,0.0,0.01708654652907371
2.0,4.0,3.0,0.0,2.0,0.0,2.0,2.0
0.0,0.0,0.0,3.0,0.0,0.0,1.2864296881828865,0.11267104637662984
2.0,0.0,3.0,0.0,2.0,0.0,0.0,1.5190229982565915
0.0,0.0,3.0,3.0,2.0,1.0,0.0,0.0
2.0,4.0,3.0,3.0,2.0,1.0,2.0,1.8863234678356604
0.0,0.0,0.0,0.0,0.0,0.0,0.0,0.937634679369246
0.8691346309264637,0.0,0.0,0.0,0.0,0.0,0.0,0.01925907168112262
2.0,4.0,3.0,3.0,2.0,1.0,2.0,2.0
2.0,4.0,3.0,3.0,2.0,1.0,2.0,0.04142203382476728
1.091146529309387,0.0,3.0,0.0,0.0,0.0,0.0,0.0
2.0,4.0,3.0,0.0,2.0,1.0,0.0,2.0
0.0,4.0,0.0,0.0,0.0,0.550119404758223,0.0,1.0808424343899563
2.0,0.9989969929669731,3.0,3.0,2.0,1.0,2.0,1.8855227206264593
2.0,4.0,3.0,3.0,2.0,0.0,1.8078041803811884,0.0
0.0,4.0,0.0,0.0,0.0,0.0,2.0,0.9362065517771438
2.0,0.0,3.0,3.0,2.0,1.0,2.0,1.6240685790765514
0.0,0.0,0.0,0.0,0.0,0.0,0.0,2.0
2.0,4.0,3.0,3.0,0.0,0.0,2.0,1.002024496587887
0.0,0.0,0.0,0.0,2.0,0.0,0.0,0.018135034180388532
2.0,4.0,0.0,0.0,2.0,0.0,2.0,2.0
0.0,4.0,0.0,0.0,0.0,0.0,0.0,1.38897559320107
0.0,0.0,3.0,3.0,0.0,0.0,0.0,0.9885080027019796
0.0,0.0,3.0,3.0,0.0,0.0,0.0,2.0
0.595222951184095,4.0,3.0,0.8068505737535376,0.0,0.0,0.0,0.08308411980960795
0.0,4.0,0.0,0.0,0.0,0.09688496459719842,0.0,0.03026124298235422
0.07234804099083791,0.0,0.0,3.0,0.0,1.0,0.13413559396530228,1.829977670381319
0.05911629699418941,4.0,3.0,3.0,2.0,1.0,2.0,2.0
2.0,4.0,3.0,0.0,1.6075596611768534,1.0,2.0,0.0
0.45634111524398624,4.0,3.0,0.0,0.0,0.0,2.0,1.9578527331173619
0.0,0.6611648830036578,0.0,2.904244477249435,0.0,1.0,2.0,0.9786034161404085
2.0,4.0,3.0,0.0,2.0,0.0,2.0,0.032750417414621036
2.0,0.0,2.6919676210056207,3.0,0.0,1.0,2.0,0.1109177253997653
2.0,0.0,0.0,0.0,0.0,0.0,0.0,0.0
2.0,4.0,3.0,3.0,2.0,1.0,2.0,1.0353824636111295
2.0,0.0,0.0,3.0,0.0,1.0,2.0,1.9267884910127278
2.0,0.0,0.0,0.0,0.0,0.0,0.0,1.0339308430059542
0.0,0.0,0.0,0.0,0.0,0.0,0.0,0.8855032524608812
0.0,4.0,0.376003759370112,3.0,0.0,1.0,2.0,0.03566181777466304
0.0,4.0,0.0,3.0,0.0,0.0,0.0,1.8115805227135295
0.0,0.0,0.0,0.0,0.0,0.0,0.0,0.18619894711397145
0.0,0.0,3.0,0.0,0.0,0.0,0.0,0.0
2.0,4.0,3.0,3.0,2.0,1.0,2.0,0.0
2.0,0.0,0.0,0.0,0.0,0.0,0.0,1.9192284191930677
2.0,2.6048472101330264,3.0,3.0,2.0,1.0,2.0,1.1084947920493855
0.0,4.0,3.0,3.0,2.0,0.0,2.0,1.1036807418438903
1.8425950495527603,4.0,3.0,3.0,2.0,1.0,2.0,0.0
2.0,2.441499818863572,0.0,3.0,2.0,0.0,2.0,0.9866727469550233
0.0,0.0,0.0,0.0,2.0,0.0,0.0,1.5342657085123623
0.0,4.0,0.0,0.0,2.0,1.0,0.0,0.0
0.0,4.0,0.0,3.0,2.0,0.6350017143488771,2.0,0.025756894168343036
2.0,4.0,3.0,3.0,0.0,1.0,2.0,2.0
0.0,4.0,3.0,0.0,0.0,0.0,0.5803750434993147,0.0
2.0,4.0,0.0,0.0,0.0,1.0,0.0,0.015535494325245813
0.0,4.0,3.0,3.0,2.0,0.0,2.0,0.9317800134066812
2.0,4.0,0.0,3.0,0.0,0.0,2.0,0.09668862994188432
2.0,4.0,3.0,3.0,2.0,1.0,2.0,2.0
2.0,0.0,0.06076842799017133,3.0,0.0,0.0,0.0,1.121009982839431
0.0,4.0,3.0,3.0,2.0,1.0,2.0,0.0106362557452232
2.0,0.0,0.0,3.0,0.0,0.0,0.0,0.08261337499992971
0.0,0.0,0.0,1.2548593770361638,0.0,0.0,0.0,0.9994095704925523
2.0,4.0,3.0,3.0,2.0,1.0,2.0,0.0
2.0,4.0,3.0,0.0,2.0,1.0,2.0,0.09595206569628878
2.0,4.0,0.0,3.0,0.0,1.0,2.0,1.961804451066856
0.0,0.0,0.0,0.0,0.0,0.0,0.0,1.0294936703165531
0.1923978452158035,0.0,0.0,0.0,2.0,0.0,0.0,0.09719772040901009
2.0,4.0,3.0,3.0,2.0,1.0,2.0,0.0
0.0,0.0,0.0,0.0,0.0,0.0,0.0,1.9209396935726915
2.0,4.0,3.0,3.0,2.0,1.0,2.0,1.932160194671002
0.0,0.0,0.0,0.0,0.0,0.0,0.0,0.9871640094594959
0.0,0.0,3.0,3.0,2.0,0.0,2.0,2.0
2.0,4.0,3.0,3.0,2.0,1.0,2.0,0.0
0.0,0.0,0.0,0.0,0.0,1.0,2.0,1.9765919480024179
2.0,4.0,0.0,3.0,0.1918097034374886,0.0,1.0555696005888833,0.014450711911074832
0.0,4.0,3.0,3.0,0.0,1.0,2.0,0.9494000138861035
0.0,4.0,3.0,0.0,2.0,0.0,2.0,1.8622548074156169
2.0,0.0,0.0,0.0,0.0,0.0,0.0,0.0
0.0,4.0,0.0,0.0,0.0,0.0,2.0,0.0
2.0,4.0,3.0,3.0,2.0,1.0,2.0,1.1286904514826444
0.0,0.0,0.0,0.522334114840037,0.0,0.0,0.0,1.0414260554166501
2.0,4.0,3.0,3.0,2.0,1.0,2.0,0.0
2.0,4.0,3.0,0.0,0.0,0.0,0.0,1.0936999666595462
0.0,0.0,0.0,0.0,0.0,0.0,0.0,0.9216620380588986
0.0,4.0,3.0,0.0,2.0,0.6674864094281178,2.0,2.0
0.0,0.0,0.0,0.0,2.0,0.0,0.0,0.0
2.0,4.0,3.0,3.0,2.0,0.44320592664919833,0.0,2.0
2.0,4.0,3.0,0.0,2.0,1.0,2.0,0.011410990043109859
2.0,4.0,3.0,0.0,2.0,1.0,2.0,0.9367505332277972
2.0,0.9908091878821699,1.606149980286989,3.0,2.0,0.0,0.0,0.09247440478120439
0.0,4.0,0.0,3.0,0.0,0.0,0.0,1.9710845903496796
2.0,3.8404328081909505,0.0,0.0,2.0,1.0,2.0,0.029020619742907372
2.0,4.0,3.0,0.0,2.0,1.0,2.0,1.4346726305041888
0.0,0.0,0.0,0.0,0.0,0.0,0.0,2.0
2.0,4.0,3.0,3.0,2.0,0.0,2.0,1.1295502596097915
0.1599771088719315,0.0,3.0,0.0,1.8069458163748338,0.0,0.0,0.991300200417436
2.0,4.0,3.0,3.0,2.0,1.0,1.4821590935858697,0.0
2.0,4.0,3.0,3.0,1.4386664941488712,1.0,2.0,1.1310183261414695
2.0,0.0,3.0,0.0,2.0,1.0,2.0,1.0669010683508993
0.40264287556359435,0.0,0.0,0.0,0.0,0.0,2.0,1.8708078804683042
0.0,0.0,0.0,0.0,0.0,0.0,0.0,0.03575345223586257
0.0,4.0,0.0,3.0,2.0,0.0,2.0,0.0
0.0,4.0,3.0,3.0,0.0,1.0,0.0,2.0
0.0,0.0,0.0,3.0,1.1040036707671492,1.0,0.0,0.0
2.0,0.18450480057450114,3.0,3.0,0.3145158575154968,1.0,0.0,0.04399663274085053
2.0,4.0,3.0,0.0,0.0,1.0,0.0,1.0409799927480563
0.0,3.0148657889376818,0.0,0.0,0.0,0.0,0.0,1.6461487001669113
0.0,0.0,0.0,0.0,0.0,1.0,0.0,0.039525928048036785
2.0,4.0,3.0,0.0,2.0,1.0,0.0,1.8941088667934127
0.0,0.0,0.0,0.0,0.0,0.0,0.0,2.0
0.0,0.0,3.0,0.0,2.0,1.0,0.0,2.0
0.0,0.0,3.0,3.0,2.0,0.0,0.0,0.05265755245477788
2.0,0.9022288784015484,3.0,3.0,1.1861648011523265,0.0,0.0,0.09056730814461189
2.0,4.0,0.0,3.0,2.0,0.0,2.0,0.006129166827614996
0.0,0.0,0.0,0.0,0.0,0.0,0.9566201419786495,1.9653595277748122
0.0,0.0,0.0,0.0,0.0,0.0,0.0,1.9476042046677513
0.0,0.0,0.0,0.0,0.0,0.0,0.0,0.09565696395226486
0.0,0.0,0.0,0.0,0.0,0.0,2.0,0.0
1.209429118779095,4.0,3.0,3.0,2.0,1.0,2.0,2.0
2.0,4.0,0.0,0.0,2.0,1.0,0.0,0.0
2.0,4.0,3.0,3.0,2.0,1.0,2.0,0.001382876461386906
0.0,4.0,0.0,3.0,0.0,0.0,0.0,1.19211909272655
0.0,0.0,0.0,0.0,0.0,0.0,0.0,0.0754655944005056
2.0,4.0,3.0,3.0,2.0,1.0,2.0,0.959333735791996
0.0,0.0,0.0,0.0,0.0,0.0,0.0,1.9428401887896087
0.0,0.0,0.0,3.0,0.0,1.0,0.0,1.0388079366822514
0.0,0.0,0.9197390274169338,1.6434785419550668,0.0,0.0,0.0,2.0
2.0,4.0,3.0,3.0,2.0,1.0,2.0,1.0095523684028693
2.0,4.0,3.0,0.0,0.0,0.0,0.0,0.0
0.0,4.0,3.0,0.0,2.0,1.0,2.0,0.0
0.0,3.669687334124101,0.0,3.0,2.0,1.0,0.0,1.851548103524348
2.0,4.0,3.0,2.664614702262184,2.0,1.0,0.0,0.9398026017352725
0.0,3.811890385314049,0.0,0.0,0.0,0.8901116588420459,0.0,0.0
0.0,0.0,0.0,0.0,2.0,0.0,0.0,0.11580165623268912
0.0,0.6112337577443796,3.0,0.0,0.0,0.0,0.0,0.03282555185384384
2.0,4.0,3.0,0.0,2.0,1.0,2.0,0.00530057936359174
2.0,4.0,3.0,3.0,2.0,1.0,2.0,1.1074682306189356
2.0,4.0,0.0,0.0,2.0,1.0,0.0,0.03917691795590317
0.0,4.0,0.0,0.0,0.0,0.7506546656120413,0.0,1.0464593570504255
1.3272504768706044,0.5302925114147059,0.0,0.0,0.0,0.0,2.0,0.9456172026133838
0.0,0.0,0.0,0.0,0.0,0.0,0.0,1.0359633495580016
0.0,0.0,0.0,0.0,0.0,0.0,0.0,1.052619225684458
0.0,0.0,0.0,1.2236695866711105,0.0,0.0,0.0,0.07204579171717018
0.0,4.0,3.0,3.0,2.0,1.0,2.0,0.9721867393076342
2.0,4.0,3.0,3.0,2.0,1.0,2.0,0.0
2.0,0.0,0.0,0.0,0.0,0.0,2.0,1.2963299856250328
0.0,4.0,0.0,3.0,2.0,1.0,2.0,0.10753285976644511
2.0,4.0,0.6635309345469496,3.0,2.0,1.0,2.0,0.0
0.0,4.0,3.0,0.0,0.451987059114242,0.760527247123244,2.0,0.0313193659220562
0.0,0.0,0.0,3.0,0.0,0.0,0.0,0.01857500595368422
2.0,4.0,3.0,3.0,2.0,1.0,2.0,1.4404768596536006
2.0,0.0,3.0,3.0,2.0,1.0,2.0,0.057651322956955076
0.0,0.0,0.0,0.0,0.0,0.0,0.0,0.0
2.0,0.0,3.0,3.0,0.0,0.14955171629900565,2.0,0.0009762671803954515
2.0,4.0,3.0,3.0,2.0,1.0,1.8915128581057212,0.0008646778012545431
2.0,4.0,3.0,3.0,0.6351407997592283,1.0,0.8656893831233073,1.6671854897874776
2.0,4.0,3.0,3.0,2.0,0.0,2.0,2.0
0.0,0.0,0.0,0.0,0.0,0.9375601906106749,0.0,0.9170816350620989
2.0,4.0,0.0,3.0,0.0,0.0,2.0,2.0
2.0,4.0,0.0,3.0,2.0,0.0,2.0,2.0
0.0,4.0,0.0,3.0,0.0,1.0,2.0,1.96247167297496
0.0,0.0,0.0,0.0,0.0,0.0,2.0,1.9750089670583502
0.0,0.0,0.0,0.0,0.0,0.226776417549173,0.0,0.017387667336064783
2.0,4.0,3.0,3.0,2.0,0.0,0.0,2.0
1.4868310548054073,4.0,3.0,3.0,2.0,1.0,2.0,1.9542650347294575
0.0,4.0,3.0,0.0,0.0,1.0,0.0,2.0
2.0,4.0,0.0,0.0,2.0,0.0,2.0,1.050757269314487
0.0,4.0,3.0,0.0,0.0,1.0,0.0,1.8449985532221598
0.0,0.0,3.0,0.0,2.0,0.0,2.0,2.0
0.0,0.0,0.0,0.02038800749829005,0.0,0.0,0.0,1.9221955240849269
0.0,0.0,3.0,0.0,2.0,0.0,2.0,2.0
0.0,0.0,0.0,0.0,0.0,0.0,0.0,1.0944715970688217
2.0,4.0,3.0,0.0,0.0,1.0,2.0,0.0
0.0,4.0,3.0,0.0,2.0,0.0,2.0,0.999910667754855
0.0,0.0,3.0,3.0,2.0,0.08672559190089307,2.0,0.0
2.0,0.0,3.0,3.0,0.0,0.0,0.0,1.11656380131931
0.0,0.0,0.0,3.0,0.0,0.0,2.0,1.8734955639131863
2.0,4.0,3.0,3.0,2.0,1.0,2.0,0.0
0.0,0.0,0.0,0.0,0.0,0.0,0.0,2.0
2.0,0.0,0.0,3.0,2.0,1.0,0.0,1.951693949162519
2.0,4.0,3.0,3.0,0.0,1.0,2.0,2.0
2.0,4.0,3.0,3.0,2.0,1.0,2.0,2.0
2.0,4.0,3.0,3.0,2.0,0.39486822720909465,2.0,0.0
0.0,0.0,3.0,3.0,2.0,0.0,0.0,2.0
0.0,4.0,1.1991007045168722,0.0,0.0,0.0,0.0,1.9676161570907247
0.398087222931756,4.0,0.0,0.0,1.6504607962466369,0.0,0.0,0.9864556063229949
2.0,4.0,3.0,3.0,2.0,1.0,2.0,0.9244060131836224
0.0,0.0,0.0,3.0,0.0,0.0,2.0,1.8325662365334896
2.0,4.0,3.0,3.0,2.0,1.0,2.0,0.0
0.0,0.0,0.0,0.0,0.0,0.0,0.0,0.07130468230387244
2.0,4.0,3.0,3.0,2.0,1.0,2.0,1.1645652094204437
0.0,0.0,3.0,0.0,2.0,0.0,0.0,0.0
2.0,4.0,3.0,3.0,2.0,1.0,2.0,1.081203577675715
2.0,4.0,0.0,3.0,2.0,1.0,2.0,1.5858296204920692
2.0,0.0,3.0,3.0,2.0,1.0,2.0,1.9987877765715547
0.0,0.0,0.0,0.0,0.0,1.0,0.0,1.4365700932933079
0.0,4.0,0.0,3.0,0.0,0.0,0.0,0.0
0.0,0.0,0.0,3.0,2.0,1.0,2.0,2.0
0.0,0.0,0.0,0.0,1.911931376160792,0.0,0.0,1.975238954986369
2.0,4.0,3.0,3.0,0.0,1.0,2.0,1.129429966004647
2.0,4.0,3.0,3.0,2.0,0.0,2.0,0.9442339707353787
0.0,0.0,0.0,0.0,2.0,1.0,2.0,0.0
0.0,0.0,0.0,0.0,0.0,0.0,0.0,0.9854228265458569
0.0,0.0,0.0,0.0,0.0,0.0,0.0,1.781462106968131
2.0,0.0,0.0,3.0,0.0,0.6115418182570973,2.0,0.16874983707822866
2.0,0.0,3.0,3.0,2.0,1.0,1.3472945699994403,0.09721112280095523
2.0,4.0,3.0,3.0,2.0,1.0,2.0,2.0
2.0,4.0,3.0,0.0,2.0,1.0,2.0,0.9820104682590172
0.0,0.0,3.0,0.0,2.0,0.0,2.0,0.9570911176971102
0.0,0.0,0.0,0.0,0.0,0.0,0.0,0.6477653943756974
0.9027064096795712,4.0,1.9384791260210772,3.0,2.0,1.0,2.0,1.0297184270612587
2.0,4.0,3.0,3.0,2.0,0.0,0.9204381821758385,2.0
0.0,0.0,0.0,0.0,0.0,0.0,0.0,2.0
0.0,4.0,0.0,0.0,1.3257651392200835,1.0,0.0,2.0
0.0,0.0,0.0,0.0,2.0,0.0,0.0,2.0
2.0,0.0,3.0,3.0,2.0,1.0,2.0,2.0
0.0,0.0,0.0,0.0,1.91334709000522,0.0,0.0,1.9508103832651698
2.0,0.0,0.0,0.0,0.0,0.0,0.0,0.9226377138790026
2.0,0.0,0.7674179394051733,0.0,2.0,1.0,1.613335649403751,0.0
0.0,4.0,0.0,0.0,2.0,0.0,0.0,0.0
1.61271199433351,4.0,0.0,3.0,2.0,0.0,2.0,0.0
2.0,4.0,3.0,3.0,2.0,1.0,2.0,0.07525531528112916
0.0,0.0,0.0,0.0,0.0,0.0,0.10584824214144795,0.07248040857499816
2.0,1.610935728513207,3.0,3.0,2.0,0.0,2.0,2.0
0.0,0.0,0.0,0.0,0.0,0.0,2.0,1.6998467159411614
0.0,4.0,1.0303846604855185,3.0,0.0,1.0,0.0,1.1364446204553107
0.0,4.0,0.0,3.0,2.0,1.0,2.0,1.0449934514722603
0.0,4.0,3.0,0.0,0.0,1.0,2.0,0.0
0.9550948734732163,4.0,3.0,3.0,2.0,1.0,0.0,0.0
2.0,4.0,3.0,3.0,2.0,1.0,2.0,0.0
2.0,4.0,3.0,3.0,2.0,1.0,2.0,0.08537810258012002
2.0,3.3500334657564617,3.0,3.0,2.0,1.0,2.0,2.0
2.0,4.0,3.0,3.0,2.0,1.0,2.0,1.0109601047501477
2.0,0.0,3.0,3.0,0.0,0.29817326182643256,0.0,0.272843355361141
0.0,0.0,0.0,0.0,1.0355462521207475,0.0,2.0,0.0
0.0,4.0,3.0,3.0,0.3676144872051319,1.0,2.0,1.1051989201464865
0.0,4.0,3.0,3.0,2.0,0.0,2.0,1.9031832076771558
2.0,0.0,0.0,0.0,2.0,1.0,0.0,0.9967840125058424
2.0,0.0,3.0,3.0,2.0,1.0,2.0,0.0
0.0,0.0,3.0,3.0,0.0,0.0,2.0,1.0973971012132568
0.0,0.0,0.0,1.7889886854254446,0.0,1.0,0.0,1.3570463785412459
2.0,4.0,3.0,3.0,1.2578561975880884,0.0,0.0,1.949714805036444
0.0,0.0,0.4562425101137909,0.0,0.0,0.0,0.0,1.8605125831246454
2.0,4.0,3.0,3.0,2.0,1.0,2.0,1.0985121530656303
2.0,3.524137258055955,3.0,3.0,2.0,1.0,2.0,0.9739137833517618
2.0,4.0,3.0,3.0,2.0,1.0,2.0,0.05162452166014464
2.0,4.0,3.0,3.0,2.0,1.0,2.0,0.9596321314667199
2.0,4.0,0.0,3.0,2.0,1.0,0.0,1.0445181390809366
2.0,0.0,3.0,3.0,0.0,0.0,2.0,1.0070235513208128
0.0,0.0,0.0,0.0,0.0,0.0,0.0,1.9306283384670384
0.0,4.0,3.0,3.0,2.0,0.0,2.0,1.034466062520731
0.0,0.0,0.0,3.0,0.0,0.0,2.0,2.0
2.0,0.0,0.0,3.0,0.0,0.0,2.0,1.0142874911059454
2.0,4.0,3.0,3.0,2.0,1.0,2.0,1.174629955913208
0.0,0.0,0.0,0.0,0.0,1.0,2.0,0.1032882143070154
2.0,1.4297313788016281,3.0,3.0,2.0,0.0,0.0,0.03882769372448802
0.0,0.0,0.0,0.0,0.0,0.20430640857806992,2.0,0.15159053856164473
2.0,4.0,3.0,3.0,2.0,1.0,2.0,0.0
0.0,4.0,0.0,3.0,2.0,1.0,2.0,2.0
0.0,4.0,0.0,3.0,1.6923785835485736,0.327749783000279,0.0,0.974468107004598
0.0,4.0,3.0,3.0,0.0,1.0,2.0,0.0
2.0,0.0,3.0,3.0,2.0,1.0,2.0,1.9342298200126755
2.0,4.0,0.0,0.0,2.0,0.0,2.0,1.0253206154451855
0.8413893294771406,4.0,0.0,3.0,2.0,1.0,2.0,2.0
2.0,0.0,1.5458906208102874,3.0,2.0,1.0,0.0,2.0
2.0,4.0,3.0,3.0,2.0,1.0,2.0,2.0
0.0,0.0,3.0,3.0,0.0,0.0,2.0,1.9206450005838622
0.0,0.0,0.0,0.0,2.0,1.0,0.0,1.9749909441326117
0.0,0.0,0.0,0.0,0.0,0.0,0.0,0.0
0.0,4.0,0.0,3.0,2.0,1.0,0.0,0.0
2.0,4.0,3.0,3.0,2.0,1.0,2.0,0.0
0.0,0.0,0.0,0.0,0.0,0.07133350135725658,2.0,0.0
0.0,4.0,0.0,3.0,2.0,0.6048702973723796,2.0,1.9083731486628421
2.0,4.0,3.0,3.0,2.0,1.0,2.0,1.0452781765547274
0.0,0.0,0.0,0.0,0.0,0.0,2.0,1.0464753748102325
0.0,4.0,0.0,0.0,0.0,0.0,0.0,1.2195214992494414
2.0,4.0,3.0,3.0,2.0,1.0,2.0,0.985937475137818
2.0,4.0,3.0,3.0,2.0,1.0,2.0,1.1059830990018145
0.0,0.0,3.0,3.0,0.0,1.0,0.0,0.8896767853737844
2.0,4.0,3.0,3.0,2.0,1.0,2.0,0.06458793564646759
2.0,4.0,3.0,3.0,0.7643129362356814,1.0,2.0,1.0672010388654063
2.0,0.0,0.0,0.0,0.0,0.0,0.0,0.8557026728790229
2.0,4.0,3.0,3.0,2.0,1.0,2.0,1.0203826866896468
0.0,0.0,0.0,0.0,0.0,0.0,0.0,0.0
2.0,4.0,3.0,3.0,0.0,1.0,2.0,2.0
2.0,4.0,3.0,0.0,0.0,0.0,1.701225677079746,1.0252831810108034
2.0,4.0,3.0,3.0,2.0,1.0,2.0,1.4260630163482135
2.0,4.0,0.0,0.09886950532094732,2.0,0.0,2.0,2.0
0.0,2.184332237452494,2.6833579965422008,0.3193320887641401,0.0,1.0,2.0,1.0062613073614437
2.0,4.0,3.0,3.0,2.0,1.0,2.0,1.0757220209040994
0.0,0.0,3.0,0.0,2.0,1.0,0.0,0.010800418062153594
2.0,0.0,3.0,0.0,2.0,1.0,0.0,0.9500408049210917
0.0,0.0,0.0,0.0,0.0,0.0,0.0,0.9561608450594647
0.0,0.0,0.0,0.0,0.0,0.0,0.0,0.021369867806112164
2.0,4.0,3.0,3.0,2.0,1.0,2.0,0.07204125920165316
2.0,4.0,3.0,3.0,2.0,1.0,2.0,2.0
0.0,0.0,3.0,3.0,0.0,0.0,0.0,1.921883828233345
2.0,4.0,3.0,3.0,2.0,1.0,2.0,2.0
0.0,4.0,0.0,0.0,0.0,0.0,0.0,0.08803774265253528
0.0,4.0,0.0,0.0,2.0,1.0,0.0,0.0
0.0,0.0,0.0,0.0,0.0,0.0,0.0,0.8675592898232807
0.0,0.0,0.0,0.0,0.0,0.0,0.0,1.4931850715956223
2.0,0.0,3.0,0.0,0.0,0.0,0.0,1.7664360033665534
0.0,0.0,0.0,3.0,2.0,0.0,0.0,0.05096122678066539
2.0,0.0,3.0,0.0,0.0,1.0,0.0,1.9401206221656566
0.0,4.0,3.0,3.0,2.0,0.0,0.0,2.0
0.0,0.0,0.0,0.0,0.0,0.0,0.0,1.9343585149522378
2.0,0.0,0.0,0.0,2.0,1.0,0.0,0.0
2.0,4.0,3.0,0.0,2.0,1.0,2.0,1.9801578319710713
0.0,0.0,0.0,0.0,2.0,0.0,0.0,0.058754405966320755
2.0,4.0,3.0,0.0,0.0,0.0,0.0,1.6797856012200825
2.0,4.0,3.0,3.0,2.0,1.0,2.0,2.0
0.0,0.0,0.0,0.0,0.0,0.0,0.0,1.0103589830322812
2.0,4.0,3.0,0.0,2.0,1.0,2.0,0.0728212318803434
0.0,0.0,0.0,3.0,0.0,1.0,2.0,0.0
2.0,4.0,0.0,3.0,0.0,1.0,0.0,1.1073220046888936
2.0,0.0,3.0,0.9797111659477209,1.1053626624113195,1.0,0.0,0.04731666915674948
2.0,4.0,3.0,3.0,2.0,1.0,2.0,1.397696112619475
0.0,0.0,0.0,0.0,0.0,0.0,0.5470024817935334,2.0
2.0,4.0,3.0,3.0,2.0,0.0,2.0,0.0
0.0,4.0,0.0,0.0,0.0,0.0,0.0,0.04015342363546126
2.0,4.0,0.0,3.0,0.0,1.0,0.0,1.994499849485939
2.0,0.0,0.0,0.0,0.0,1.0,0.0,0.9717279798907194
2.0,4.0,3.0,3.0,2.0,1.0,2.0,2.0
2.0,0.0,3.0,0.0,0.0,0.0,2.0,2.0
0.0,0.0,0.0,0.0,0.0,0.0,0.0,1.0368686546663755
2.0,4.0,3.0,3.0,2.0,1.0,2.0,1.2025507275494352
2.0,4.0,0.0,3.0,0.0,0.22229985782322487,0.0,0.054195430261084976
2.0,4.0,3.0,3.0,2.0,1.0,1.305604787905538,1.9125006941574259
0.0,4.0,0.0,0.0,0.0,0.77524497478617,0.0,1.7037261165392932
0.0,4.0,3.0,0.0,1.0319536602767725,0.0,0.0,1.0001898398087898
0.0,4.0,0.0,1.4831084074827936,2.0,0.0,2.0,2.0
0.0,0.0,2.716825843907646,3.0,0.0,0.0,0.0,1.8988460508462033
2.0,4.0,0.0,0.0,2.0,1.0,2.0,0.0
0.0,0.0,0.0,0.0,0.0,0.0,0.0,0.007838745390288504
0.0,4.0,0.0,1.3572102193257372,0.0,0.0,2.0,0.06448361674884429
2.0,4.0,3.0,3.0,0.0,1.0,2.0,1.9038621105643565
2.0,0.0,3.0,0.0,2.0,1.0,2.0,2.0
0.0,0.0,0.0,0.0,0.0,0.405923468090841,0.0,0.9606443707991896
2.0,4.0,3.0,0.0,2.0,0.08664825040232188,2.0,0.0
2.0,2.0714682211881006,3.0,0.0,2.0,0.0,0.0,1.704148806553846
0.0,0.0,0.0,0.0,0.0,1.0,2.0,1.5442593794219872
0.0,3.5275126660164213,3.0,3.0,2.0,1.0,2.0,0.03315041893074977
0.0,0.0,0.0,0.0,1.9712969484677383,0.0,0.0,1.0311945256496737
0.0,1.2824704974182017,0.0,0.0,0.0,0.0,0.7098368656229774,0.0
0.0,0.0,0.0,3.0,2.0,1.0,2.0,0.1218753159231446
0.0,0.0,3.0,3.0,2.0,1.0,2.0,0.013383472050351286
0.0,0.0,3.0,3.0,0.0,1.0,0.0,0.014095465304415633
2.0,4.0,3.0,3.0,2.0,1.0,2.0,1.9092731383964607
2.0,0.0,3.0,3.0,2.0,1.0,2.0,0.9107616815811532
0.0,0.0,0.0,0.0,0.0,0.0,0.0,2.0
0.0,0.0,3.0,0.0,0.0,0.0,0.8302166690773081,0.12777131722468094
0.0,0.0,0.0,0.0,0.0,0.0,0.0,1.0509411405962055
2.0,4.0,3.0,0.0,0.0,0.0,2.0,1.9621963059233198
0.0,4.0,3.0,3.0,2.0,0.0,0.0,1.131284358228392
2.0,0.0,3.0,0.0,0.0,1.0,0.0,0.0
0.0,0.0,0.0,0.0,0.0,0.0,0.0,0.08632556014244741
1.2221482754515183,3.6868766537374476,3.0,0.0,2.0,0.0,0.0,1.9082878780295518
2.0,0.0,2.0505737341319197,0.0,2.0,0.0,0.0,0.03375827497026884
0.0,0.0,0.0,0.0,0.0,0.0,0.0,0.046412554084459434
0.0,0.0,0.0,0.0,0.0,0.0,0.0,0.0
0.0,0.0,0.0,0.0,0.0,0.0,0.0,2.0
2.0,4.0,3.0,3.0,2.0,1.0,2.0,0.05807632950347208
0.0,0.0,0.0,0.0,2.0,0.0,0.0,1.0065550906371123
2.0,0.0,0.0,3.0,0.0,1.0,0.0,1.093372944015214
0.0,0.0,0.0,0.0,0.0,0.0,2.0,0.08020184535198416
0.0,0.0,0.0,0.0,0.0,0.0,0.0,0.9469126426971234
2.0,4.0,3.0,3.0,2.0,1.0,2.0,0.9906492688985843
0.0,0.0,0.0,0.0,0.0,0.0,0.0,0.0
0.14823842568588852,4.0,0.0,3.0,0.0,0.0,2.0,2.0
2.0,4.0,3.0,3.0,2.0,1.0,2.0,0.0
2.0,4.0,3.0,3.0,2.0,1.0,0.0,0.0
2.0,4.0,3.0,3.0,0.0,0.0,2.0,1.9536832689875019
0.0,0.0,0.0,2.376635940747154,0.0,0.0,0.9743225780198542,0.00575261019189055
2.0,4.0,3.0,3.0,2.0,1.0,2.0,0.9630219478078051
2.0,4.0,3.0,3.0,2.0,1.0,2.0,2.0
0.0,0.0,0.0,1.0992918987314408,0.0,0.0,0.0,2.0
0.0,0.0,0.0,0.0,0.0,0.0,2.0,1.9657122058003615
2.0,4.0,3.0,3.0,2.0,1.0,2.0,1.988106695179207
2.0,4.0,0.0,3.0,0.0,0.0,0.0,1.6895152753561764
2.0,0.0,0.0,0.0,0.0,0.0,2.0,1.167934734603615
2.0,4.0,3.0,0.0,2.0,1.0,2.0,0.0
0.0,3.300026431857887,3.0,3.0,2.0,1.0,2.0,0.9128772099266264
0.0,0.0,3.0,0.0,0.0,0.0,2.0,1.3693762017723439
0.0,4.0,3.0,3.0,0.0,1.0,0.0,2.0
2.0,4.0,3.0,2.537377485301801,2.0,1.0,2.0,0.0456679682862301
0.0,4.0,2.0459315439247985,3.0,2.0,0.0,2.0,1.0478146079259862
0.6714745347667694,4.0,0.0,3.0,2.0,1.0,2.0,2.0
0.0,0.0,0.0,0.0,0.0,0.0,0.0,1.0739574668405598
0.09459347733657952,4.0,0.0,0.0,0.0,1.0,2.0,2.0
2.0,4.0,3.0,3.0,0.0,1.0,0.0,0.1077029606077855
2.0,0.0,0.0,3.0,2.0,1.0,2.0,2.0
0.0,0.0,0.0,0.0,0.0,0.0,0.0,0.0
2.0,4.0,0.0,3.0,0.0,1.0,2.0,2.0
0.0,0.0,3.0,3.0,0.0,0.0,0.0,1.0641340268245856
0.0,0.6865124766328325,2.1945990864042475,0.0,0.0,0.0,2.0,0.0
0.0,0.0,0.0,0.0,0.0,0.0,0.0,0.9639980241538618
2.0,2.8744505253755728,0.0,0.0,2.0,0.28017943087242947,0.0,1.3664999306763634
2.0,4.0,0.0,0.0,0.0,0.0,2.0,0.06834638697591766
2.0,0.0,0.0,0.0,0.0,0.0,2.0,2.0
2.0,4.0,0.0,3.0,2.0,1.0,0.0,0.0
2.0,4.0,0.0,3.0,2.0,0.0,2.0,0.04649052274628995
0.0,0.0,0.0,3.0,0.0,1.0,0.0,0.050981885880185596
2.0,4.0,0.0,0.0,0.0,1.0,0.0,2.0
0.0,0.0,0.0,0.0,0.0,0.0,0.0,0.04613576492350413
0.0,0.0,0.0,0.0,0.0,0.0,0.0,0.01985018045065534
0.0,4.0,3.0,0.0,2.0,0.0,2.0,1.909619438357168
2.0,4.0,3.0,2.653723659039264,2.0,1.0,0.0,0.004767451919694632
0.0,0.0,0.0,0.0,0.0,0.0,0.0,0.9697599162788088
2.0,4.0,3.0,3.0,2.0,0.0,2.0,0.9090985791441342
2.0,4.0,3.0,3.0,2.0,1.0,2.0,2.0
0.0,0.0,0.0,0.0,0.0,0.0,0.0,2.0
2.0,4.0,0.0,3.0,2.0,1.0,2.0,0.8922064353391538
0.0,0.0,0.0,0.0,0.0,0.0,0.0,1.1923785439969619
2.0,4.0,3.0,3.0,0.0,1.0,2.0,1.948250861970577
0.0,0.0,0.0,0.0,0.0,0.0,2.0,0.06407675075919039
2.0,0.0,3.0,3.0,2.0,0.0,0.0,0.04324563592047381
0.0,4.0,0.0,0.0,1.4307958715548037,0.0,0.0,1.472392488797646
2.0,4.0,3.0,3.0,1.5856094805658252,0.3276278489491167,2.0,1.4602578011851426
2.0,3.0927826852506364,3.0,0.0,2.0,1.0,0.0,0.0
2.0,0.0,3.0,0.0,2.0,0.0,0.0,1.0296990920228326
0.0,0.0,0.0,3.0,0.0,0.0,2.0,1.0126158168158055
0.0,0.0,0.0,0.0,2.0,0.0,0.0,0.0
2.0,4.0,3.0,3.0,2.0,1.0,2.0,0.1740873308821469
2.0,4.0,3.0,3.0,2.0,1.0,2.0,1.0660367197871108
2.0,0.0,3.0,3.0,2.0,1.0,2.0,2.0
2.0,4.0,3.0,0.0,2.0,0.5137288215821182,2.0,0.0
1.0569354096440768,4.0,0.0,0.0,2.0,0.6941774027562883,0.0,2.0
0.0,0.0,0.0,0.0,0.0,0.0,0.0,1.040047961826814
2.0,0.0,0.0,3.0,2.0,1.0,0.0,1.520898509062539
2.0,4.0,3.0,0.0,0.0,1.0,2.0,0.0
2.0,4.0,3.0,0.0,2.0,0.0,0.0,0.028883887591798052
2.0,0.0,3.0,3.0,2.0,0.0,2.0,1.7704675954904716
0.0,4.0,3.0,0.0,0.0,0.0,2.0,1.9862638046014913
0.0,0.0,0.0,0.0,0.0,1.0,0.0,1.9982722141287546
0.0,0.0,0.0,0.0,0.0,1.0,0.0,2.0
0.0,4.0,0.0,0.0,0.0,0.0,0.0,1.0153109282741712
0.0,0.0,0.0,0.0,0.0,0.0,0.0,0.07941553668357659
2.0,4.0,3.0,3.0,0.0,1.0,2.0,0.9186303191950563
0.0,0.0,0.0,0.0,0.0,0.0,0.0,0.0601935443021846
0.0,0.0,0.0,0.0,2.0,0.0,0.0,0.06516710713479301
2.0,4.0,3.0,3.0,0.0,1.0,2.0,1.0415068562283571
2.0,0.0,0.0,3.0,0.3014619615401407,0.0,0.0,0.0
2.0,4.0,3.0,3.0,0.0,1.0,2.0,1.8984663683303142
0.0,0.0,0.0,0.0,0.0,0.0,0.0,1.9034164587907836
2.0,0.0,0.0,3.0,2.0,1.0,2.0,1.886200081045329
0.0,0.0,0.0,0.0,0.0,0.0,0.0,1.2984738386072978
0.0,0.9493714009507941,0.0,0.0,0.0,0.0,0.0,0.04129650917021066
0.0,2.8614134314721316,3.0,3.0,0.0,1.0,0.0,1.0350461968804172
0.0,2.314536395707911,3.0,3.0,2.0,0.9876430329741893,1.8920369009712648,0.0569515336195362
2.0,0.4102397958091022,0.0,3.0,2.0,1.0,0.0,0.0
2.0,0.0,0.0,0.0,0.0,0.6694131929671676,2.0,1.852363766336401
2.0,0.46456904883303385,0.0,0.0,0.0,0.0,0.0,1.0378626269085465
2.0,0.0,3.0,0.0,0.0,0.0,2.0,1.7965869787724458
0.0,4.0,3.0,3.0,2.0,0.0,2.0,0.0
0.0,4.0,3.0,3.0,0.0,1.0,2.0,1.164949892142656
0.0,1.4177375332049191,3.0,0.0,0.0,0.1900708556096371,0.0,1.8438400840463385
0.0,4.0,0.0,3.0,0.0,1.0,2.0,0.0
0.0,0.0,0.0,0.0,1.8778860497079648,1.0,2.0,1.9448568139182303
0.0,4.0,3.0,3.0,2.0,0.05408099938273753,2.0,1.1016980727067673
2.0,0.0,0.0,0.0,0.0,0.0,0.0,2.0
2.0,4.0,3.0,3.0,2.0,1.0,2.0,0.0
0.0,0.0,0.0,0.0,0.0,0.0,0.0,1.0278873470843481
0.0,0.0,0.0,3.0,0.0,1.0,0.0,2.0
0.0,0.8769834233610583,1.3456258780465173,3.0,2.0,0.0,0.0,1.9483140517229587
0.0,0.0,3.0,0.0,0.0,0.0,2.0,0.04480710619769246
2.0,3.5591811977435883,3.0,3.0,0.0,0.0,2.0,2.0
0.0,0.0,0.0,0.0,0.0,0.0,0.0,0.874328800329989
0.0,4.0,0.0,0.0,0.0,0.0,0.0,0.0
2.0,0.0,0.0,0.0,0.23053807618211153,0.0,0.0,0.025974548243620554
2.0,4.0,0.0,2.0958920075434575,2.0,0.0,2.0,0.0
0.0,0.0,3.0,0.0,0.0,0.0,0.0,0.3246360809628429
0.0,0.0,0.0,0.0,0.0,0.0,0.08018018997775711,0.0
2.0,4.0,3.0,3.0,2.0,1.0,2.0,0.9730194666464218
2.0,4.0,3.0,3.0,2.0,1.0,2.0,1.980440928166029
2.0,4.0,3.0,3.0,1.3655130471016608,1.0,2.0,0.0
0.0,0.0,3.0,3.0,0.0,0.0,2.0,1.0330502232843852
0.0,4.0,3.0,0.0,0.0,0.0,2.0,1.0442983948010727
2.0,4.0,3.0,3.0,2.0,0.0,0.0,0.9672181614116273
0.0,0.0,0.0,3.0,2.0,1.0,2.0,1.9459316257551786
0.0,4.0,3.0,0.0,2.0,1.0,2.0,1.0958790785166594
2.0,4.0,0.0,0.0,0.0,1.0,0.0,1.067184198828813
0.0,0.0,0.0,0.0,0.0,0.0,0.0,2.0
1.4901711853034623,4.0,3.0,3.0,2.0,1.0,2.0,1.0852940984137678
2.0,4.0,3.0,3.0,2.0,1.0,0.0,1.9424386204612634
0.0,0.0,3.0,0.0,0.0,1.0,2.0,0.0
0.0,0.0,3.0,3.0,0.0,0.0,0.0,0.0
1.5160205827713003,4.0,3.0,3.0,0.0,1.0,2.0,2.0
2.0,4.0,3.0,0.0,2.0,0.0,2.0,0.14674189508240554
2.0,4.0,3.0,3.0,0.0,1.0,2.0,0.922834274924561
2.0,4.0,3.0,3.0,2.0,1.0,2.0,2.0
0.0,4.0,3.0,0.0,0.0,0.0,2.0,1.9067508764606673
0.0,0.0,0.0,0.0,0.0,0.0,0.0,2.0
2.0,4.0,0.5534010858082447,2.2621096088241806,2.0,0.0,0.0,1.9413788349323038
0.0,0.0,0.0,0.0,0.0,0.0,0.0,0.0289830817707194
2.0,3.7700116150369816,3.0,3.0,0.0,0.7632038940368284,2.0,0.9780148714748296
0.0,4.0,0.0,0.0,2.0,0.0,2.0,1.9453448215224722
2.0,4.0,3.0,3.0,2.0,0.0,2.0,0.18833637077725496
2.0,4.0,3.0,3.0,2.0,1.0,2.0,1.9937914124175595
2.0,4.0,0.0,3.0,2.0,1.0,2.0,1.1373513916555813
0.0,4.0,3.0,0.0,2.0,0.0,0.0,0.990548839977464
0.0,0.0,0.0,0.0,0.0,0.0,0.0,1.4011674314543547
1.455617499636718,4.0,0.0,2.657769137395107,0.0,1.0,0.6862770018733302,0.9806664444392107
2.0,4.0,3.0,0.0,0.0,1.0,0.0,0.9398679764383008
2.0,4.0,3.0,0.0,2.0,1.0,2.0,0.08407158570072804
0.0,4.0,3.0,3.0,2.0,1.0,2.0,1.9089486323412497
0.3246076689945041,0.0,0.0,0.0,2.0,0.0,0.0,1.9683971011961696
2.0,4.0,3.0,3.0,2.0,1.0,2.0,1.8893930627187263
0.0,0.0,0.0,0.0,2.0,0.0,0.0,0.0917288429172769
0.0,4.0,3.0,3.0,0.0,1.0,2.0,0.08478199022213107
0.8748848980826318,4.0,3.0,3.0,2.0,0.0,0.0,2.0
0.05140575176681905,0.0,0.0,3.0,0.0,1.0,0.0,2.0
0.0,0.0,0.0,0.0,0.0,0.0,0.0,1.0943107332108273
0.0,0.0,3.0,0.0,0.0,0.0,0.0,2.0
0.0,0.0,0.0,3.0,0.3477923547850347,0.0,0.0,1.9898324774453604
1.724314038869107,4.0,3.0,3.0,0.0,1.0,2.0,2.0
2.0,4.0,3.0,3.0,2.0,1.0,2.0,1.479931852651767
2.0,0.0,3.0,3.0,2.0,0.0,1.1423117802211158,0.009312845586019969
2.0,4.0,3.0,3.0,2.0,1.0,2.0,1.0501327100925781
0.6203032121832486,0.0,0.0,0.0,0.0,0.0,0.0,1.8795610109826777
0.0,0.0,0.0,0.0,0.0,0.0,0.0,0.9109367576526486
2.0,0.0,3.0,3.0,2.0,0.0,0.0,1.1122845045444572
2.0,4.0,3.0,3.0,0.0,1.0,2.0,1.4087908648161487
2.0,0.0,1.5662221891701533,0.0,0.5030756836218337,1.0,0.0,0.03274059149888675
2.0,0.789303556318312,3.0,3.0,0.768631155776595,1.0,2.0,2.0
2.0,4.0,3.0,0.0,2.0,1.0,2.0,1.8024745908132327
2.0,4.0,3.0,3.0,2.0,1.0,2.0,1.0378613790422433
0.0,0.0,0.0,3.0,2.0,1.0,2.0,1.9404513103152825
2.0,4.0,3.0,3.0,2.0,1.0,2.0,1.0969114031785794
2.0,4.0,3.0,3.0,2.0,1.0,2.0,1.129999498072544
2.0,1.5869942190288915,3.0,0.0,2.0,1.0,0.7102468815537248,1.1009444688785592
0.0,0.0,0.0,3.0,0.0,0.0,2.0,0.0
0.0,0.0,0.0,0.0,0.0,0.0,0.0,0.12319874594454838
0.0,0.0,0.0,0.0,2.0,0.0,2.0,0.0
2.0,1.0756710730973496,3.0,3.0,2.0,0.0,2.0,1.9874974432559822
2.0,0.0,3.0,3.0,0.0,1.0,0.0,2.0
0.0,0.0,0.0,0.0,0.0,0.0,0.0,1.4497462212659202
0.0,0.0,0.0,0.0,0.0,0.0,0.0,0.06535462428694583
0.0,0.0,3.0,0.0,0.0,0.0,1.8640360734269321,1.9782190328884681
0.10727337225111033,0.0,0.0,0.0,2.0,1.0,0.0,0.0
2.0,4.0,3.0,0.0,0.0,1.0,0.0,0.07989121510374908
0.0,4.0,0.0,3.0,2.0,0.6161458282331888,0.0,0.03522668633228354
2.0,0.0,0.0,3.0,0.0,0.0,1.4308141260863867,1.9971542131219993
2.0,4.0,3.0,3.0,2.0,1.0,2.0,0.11539861961820352
2.0,4.0,3.0,0.0,2.0,0.0,2.0,1.9269809212499696
2.0,4.0,3.0,2.6456785559437663,2.0,1.0,2.0,2.0
2.0,0.0,0.0,0.0,0.0,0.6147983296035381,2.0,0.011544980983347108
0.0,0.0,0.0,3.0,0.0,0.0,0.0,0.02583604302854703
2.0,4.0,3.0,3.0,2.0,1.0,2.0,0.0
2.0,4.0,3.0,0.0,2.0,1.0,2.0,0.09690740485713534
2.0,4.0,3.0,0.0,2.0,1.0,0.0,1.6730457381125348
2.0,4.0,0.0,3.0,2.0,1.0,2.0,0.009179983414490112
1.6501692607393874,0.0,3.0,3.0,2.0,1.0,1.377009485089275,1.835380213581415
2.0,4.0,3.0,3.0,2.0,1.0,2.0,1.9226939066516495
2.0,4.0,0.0,3.0,2.0,1.0,2.0,2.0
0.0,0.0,0.0,3.0,0.0,0.0,0.0,2.0
0.0,4.0,3.0,3.0,2.0,0.0,2.0,1.041610019595998
0.0,0.0,0.37516001282606354,0.0,0.0,1.0,0.0,0.9559154025688644
0.0,0.0,1.9449998632349361,0.0,0.0,0.0,1.1954113970138083,1.672299617064863
0.0,0.0,0.0,0.0,0.0,0.2237281893796123,0.0,2.0
0.0,0.0,0.0,0.0,0.0,0.0,0.0,1.030383155781184
0.0,4.0,0.0,0.9196899848997989,2.0,0.0,0.0,1.5694334133571162
0.0,0.0,3.0,0.0,0.0,0.6822595539676533,0.0,0.0
2.0,4.0,3.0,1.27586703038593,2.0,0.0,2.0,1.9593627198352803
0.0,0.0,0.0,0.0,0.0,0.0,0.0,0.924002603585612
2.0,4.0,2.977670564066703,3.0,1.2944986273780428,1.0,2.0,2.0
2.0,4.0,3.0,3.0,2.0,1.0,2.0,2.0
2.0,4.0,3.0,0.0,0.0,1.0,0.0,0.0674931444622584
0.0,4.0,0.0,3.0,0.0,0.0,0.0,2.0
2.0,4.0,2.822279873253363,3.0,0.0,1.0,0.0,2.0
0.0,0.0,0.0,0.7870464677579139,0.0,0.0,0.0,1.9775835507994033
0.0,0.0,3.0,3.0,0.0,0.0,0.0,0.0
0.0,4.0,0.0,3.0,0.0,0.0,2.0,1.0192481447083603
2.0,4.0,0.0,0.0,2.0,0.0,0.0,1.0336762923839746
2.0,4.0,0.0,3.0,2.0,1.0,2.0,0.015497872442922
0.0,0.0,0.0,0.0,0.0,0.0,0.0,1.6551718973036995
2.0,4.0,3.0,3.0,2.0,1.0,2.0,2.0
0.0,0.0,0.0,0.0,0.0,1.0,2.0,0.10708152963338513
2.0,0.0,0.0,0.0,2.0,0.1406706398393338,2.0,0.0
2.0,4.0,3.0,0.0,0.0,0.0,2.0,2.0
2.0,4.0,3.0,3.0,2.0,1.0,0.0,0.9787005443440533
0.0,0.0,0.0,0.0,2.0,0.0,0.6992435070642189,2.0
2.0,4.0,3.0,3.0,0.8610782720768922,1.0,2.0,1.0361808451922152
0.0,0.0,3.0,2.817116963995311,0.0,0.0,0.0,0.9770646052900999
2.0,0.0,0.6836349137287672,3.0,2.0,1.0,2.0,2.0
0.0,0.0,3.0,3.0,0.0,0.0,2.0,1.9488338424164726
0.0,0.0,0.0,0.0,0.0,0.0,0.0,1.8915930648112538
2.0,4.0,0.0,3.0,0.0,0.0,0.0,0.9908652863580598
2.0,4.0,3.0,3.0,2.0,1.0,2.0,0.9773027624728131
0.0,0.0,0.0,0.0,0.0,0.0,0.0,0.0
0.0,0.0,3.0,0.0,0.0,0.0,0.0,1.91535095478533
2.0,0.0,0.0,0.0,0.0,0.0,0.0,1.1697881241538084
2.0,4.0,3.0,3.0,2.0,1.0,2.0,0.02777865609838248
0.47658061475533986,4.0,1.3605811370564036,3.0,0.0,0.0,0.22579489905400585,2.0
0.0,0.0,0.0,0.0,0.0,0.0,0.0,0.0
0.0,0.0,0.0,0.0,0.0,0.0,0.0,1.9411942924312866
2.0,4.0,3.0,3.0,2.0,1.0,2.0,0.023114462547493497
2.0,4.0,0.0,3.0,0.0,1.0,0.0,1.0970130890779721
2.0,4.0,3.0,3.0,2.0,1.0,2.0,1.9225475610144402
2.0,0.0,3.0,3.0,2.0,1.0,2.0,0.056884487619234925
0.0,4.0,0.0,3.0,0.0,1.0,2.0,0.0
0.0,4.0,3.0,3.0,2.0,1.0,0.0,0.06589891638039413
0.0,0.0,3.0,0.0,0.0,1.0,0.0,1.9209354478146163
0.0,0.0,0.0,0.0,0.0,0.0,2.0,1.017181204561352
2.0,0.0,0.0,2.3512931148760305,0.0,1.0,2.0,2.0
2.0,4.0,3.0,3.0,0.0,0.0,2.0,2.0
0.0,4.0,0.0,3.0,0.0,0.0,0.0,2.0
0.0,0.0,0.0,0.0,0.0,0.0,0.0,1.0016390458010704
0.0,0.0,0.0,3.0,0.0,0.0,0.0,1.5721662863861794
0.0,0.0,0.0,3.0,0.0,1.0,0.0,1.9739471535944721
0.0,4.0,0.0,0.0,1.4837005012402555,0.0,0.0,1.6729929823740752
2.0,4.0,3.0,3.0,2.0,1.0,2.0,0.08573139911347827
0.0,4.0,0.0,3.0,0.0,1.0,0.0,0.0006509401855698815
2.0,4.0,3.0,3.0,2.0,1.0,2.0,1.0242399916356602
2.0,3.512108817884263,0.0,0.0,0.0,0.0,2.0,0.0
2.0,0.0,0.0,0.0,2.0,1.0,2.0,1.0653771768990206
2.0,4.0,0.0,0.0,1.4548242495031907,0.0,0.0,1.1841903415253483
0.0,4.0,3.0,0.0,0.0,0.0,0.0,0.0
2.0,4.0,3.0,3.0,2.0,1.0,0.0,0.08089560463384349
0.0,1.127453701779335,0.0,0.0,0.0,1.0,0.0,1.138145005284021
2.0,0.0,0.0,0.0,0.0,1.0,2.0,0.06811728703312714
0.0,4.0,0.10012630874280544,0.0,0.0,1.0,2.0,0.998522086117053
2.0,0.0,3.0,3.0,2.0,1.0,0.0,2.0
0.0,0.0,0.0,0.0,0.0,0.0,0.0,1.0000555761424212
2.0,0.0,0.22571145289888642,0.0,0.0,0.0,0.0,2.0
2.0,4.0,3.0,3.0,2.0,1.0,2.0,2.0
2.0,4.0,0.0,3.0,2.0,1.0,2.0,1.001391233579771
0.0,1.5237050153178662,0.7519403910682824,3.0,2.0,0.0,0.0,0.0
2.0,4.0,3.0,0.0,0.0,1.0,0.0,0.9781447366215467
0.0,1.5534255871412221,0.0,0.0,0.0,1.0,0.0,0.0
0.0,0.0,0.0,3.0,2.0,0.0,0.0,1.0706261976560993
0.0,0.0,0.0,0.0,0.0,0.0,0.0,0.9563436766316088
0.0,0.0,0.0,0.0,0.0,0.0,0.0,1.5024981919672724
0.0,0.0,0.0,0.0,2.0,0.0,0.0,0.006243573302252559
0.0,4.0,3.0,3.0,2.0,0.0,2.0,2.0
2.0,4.0,3.0,0.3881450441873769,2.0,1.0,0.0,1.8332106032026507
2.0,4.0,3.0,0.0,0.0,1.0,0.0,2.0
2.0,4.0,0.0,0.8658927991534858,0.0,1.0,0.0,0.02049240623842119
2.0,4.0,3.0,3.0,2.0,1.0,2.0,1.8645485134791064
2.0,4.0,0.0,0.0,2.0,1.0,2.0,0.8728397456200929
2.0,0.0,3.0,3.0,0.0,0.0,2.0,0.131763412445838
0.0,0.0,0.0,0.0,2.0,1.0,0.0,0.0
2.0,0.0,1.2034101428699902,3.0,0.0,1.0,0.0,2.0
2.0,0.0,3.0,0.0,0.0,0.0,2.0,1.8922086228714212
2.0,0.0,3.0,0.0,0.0,0.0,0.0,2.0
2.0,4.0,3.0,3.0,2.0,1.0,2.0,1.1481781581391033
2.0,4.0,3.0,3.0,2.0,1.0,2.0,0.9823754176395931
0.0,0.0,0.0,0.0,0.0,0.0,0.0,0.9305205033535804
0.0,0.0,0.0,0.0,0.0,0.0,0.0,1.1053396191979936
2.0,4.0,3.0,0.0,0.0,0.0,0.379880297792878,1.9209168789661852
2.0,4.0,3.0,3.0,2.0,1.0,2.0,0.0
2.0,0.0,3.0,3.0,2.0,1.0,2.0,1.7812807318038504
2.0,0.0,3.0,0.0,0.0,0.0,0.0,2.0
0.5904719602004234,4.0,0.0,3.0,2.0,1.0,1.4737064961696715,0.9128986825857264
0.0,4.0,0.0,0.0,0.0,0.0,0.0,0.08216163661450637
0.0,4.0,0.0,0.0,2.0,0.0,0.0,1.9837209562084728
0.0,0.0,0.0,0.0,0.0,0.0,0.0,0.058485335673159056
2.0,4.0,3.0,3.0,2.0,1.0,2.0,1.9676529839436911
0.0,4.0,3.0,0.0,0.0,1.0,2.0,0.9167317712291508
0.0,0.0,0.0,0.0,0.0,0.0,2.0,0.011017801048609277
2.0,4.0,3.0,3.0,0.0,1.0,2.0,0.0
1.4615532891981429,4.0,3.0,0.0,2.0,1.0,2.0,2.0
0.1387704332642159,4.0,3.0,3.0,0.7092167782182677,0.0,0.0,1.8387784634170214
2.0,0.0,3.0,3.0,2.0,0.8736580071619443,2.0,1.9092871068326658
2.0,0.0,0.0,0.0,2.0,1.0,0.0,0.0
0.0,0.0,0.0,0.0,1.3107940103580296,0.0,2.0,0.8778519291172577
2.0,0.0,3.0,3.0,0.0,0.0,0.0,1.993220727050133
0.0,0.0,0.0,1.2791433297822874,0.0,0.0,0.3783073682485312,0.020573920930270218
0.0,1.4139796513471437,3.0,3.0,2.0,1.0,2.0,1.8654497156930412
0.0,0.0,0.0,3.0,0.0,0.0,0.0,0.08057031702900297
0.0,0.0,0.0,1.2894290073545172,0.0,0.0,2.0,2.0
2.0,4.0,3.0,3.0,2.0,1.0,2.0,1.0235475391745872
2.0,0.0,0.0,3.0,0.0,0.0,0.0,1.466323904651055
2.0,4.0,3.0,3.0,2.0,1.0,0.0,1.9724229126422097
2.0,4.0,3.0,3.0,2.0,0.7689781378020057,2.0,1.86549891019679
0.0,0.0,0.9356057841578698,0.0,0.0,0.46434639968163566,2.0,1.1066965799922708
0.0021099462267996083,0.0,3.0,0.0,0.0,1.0,2.0,2.0
0.0,2.4868514558817,3.0,0.0,2.0,0.0,0.863655148936062,1.0775588661616515
0.0,0.0,3.0,3.0,1.2157507229379267,0.0,0.0,0.8995190580199877
0.0,4.0,0.0,3.0,0.0,0.0,0.36140030942368484,1.8068770126014366
0.0,4.0,3.0,3.0,1.1465031098119307,1.0,2.0,1.8816049000343789
2.0,0.0,3.0,0.0,2.0,1.0,2.0,2.0
0.0,0.0,0.0,0.0,0.0,1.0,0.0,2.0
0.0,4.0,3.0,3.0,0.0,1.0,0.1353324842374246,0.05075628860221526
2.0,4.0,3.0,3.0,2.0,1.0,2.0,2.0
2.0,4.0,3.0,3.0,0.0,1.0,2.0,0.958624363457815
0.0,4.0,0.0,3.0,0.0,1.0,1.1033887970272491,0.025815713455281664
0.0,4.0,3.0,0.0,0.0,0.0,0.0,0.0
0.0,0.0,0.0,3.0,0.0,0.0,2.0,2.0
2.0,4.0,1.999324497669834,3.0,2.0,1.0,2.0,1.951006389201639
2.0,4.0,3.0,3.0,2.0,1.0,2.0,1.1183797491274576
0.0,4.0,3.0,3.0,2.0,0.2638217756357203,2.0,0.024158597501161005
0.0,4.0,3.0,0.0,0.0,0.0,2.0,1.0927277783531006
0.0,4.0,3.0,0.0,0.0,0.0,0.0,2.0
2.0,4.0,3.0,0.0,2.0,1.0,2.0,0.9288182227602639
2.0,4.0,3.0,3.0,2.0,1.0,2.0,0.0
0.0,0.0,0.0,0.0,0.0,0.0,0.0,1.1120230842424634
2.0,0.9910802269699299,3.0,1.3978797135133751,2.0,0.0,2.0,1.9074103053665206
0.0,0.0,0.0,3.0,0.0,1.0,2.0,0.0
2.0,0.0,1.0846112036561084,0.0,0.0,0.0,0.0,0.8520232837406178
2.0,0.0,3.0,3.0,0.0,1.0,0.0,0.9984644747360559
2.0,0.0,0.0,0.0,2.0,0.0,0.0,0.14456078829594454
2.0,4.0,3.0,3.0,2.0,1.0,0.0,1.9349050183404906
1.847848213253359,0.0,0.0,3.0,0.0,0.0,0.0,1.1143913169997726
2.0,4.0,3.0,3.0,2.0,1.0,2.0,0.03845319552177706
2.0,4.0,3.0,3.0,2.0,1.0,2.0,0.9612552101899252
2.0,3.7255417073099246,0.0,0.0,2.0,1.0,0.0,0.010053008616660142
1.420348777145517,0.0,3.0,3.0,2.0,1.0,2.0,0.030326559564450517
0.0,0.0,0.0,0.0,0.0,0.0,0.0,1.4423708082234457
2.0,2.9921901730799405,3.0,3.0,2.0,1.0,2.0,1.965215706606151
0.0,0.0,3.0,0.0,0.0,0.0,0.0,0.0
0.0,4.0,3.0,0.0,2.0,1.0,0.0,0.047559824219626456
2.0,4.0,3.0,0.0,0.0,0.0,2.0,1.3308497557475183
2.0,0.0,0.0,0.0,2.0,1.0,2.0,0.792760907007957
2.0,0.0,0.0,0.0,0.0,0.0,0.0,0.10794180713715607
0.0,4.0,3.0,3.0,2.0,0.0,0.0,1.9829888928645518
2.0,4.0,3.0,3.0,2.0,1.0,2.0,0.9638917213523938
0.0,0.0,0.0,0.0,2.0,0.940015507112176,2.0,1.050622076973787
0.0,4.0,3.0,0.0,2.0,0.0,0.219113945078372,1.9216197009404312
1.4258501709015,0.0,3.0,0.0,1.0094933914027582,1.0,2.0,0.0
0.0,4.0,3.0,3.0,2.0,1.0,2.0,1.088318583700045
1.9591608467489992,0.0,0.0,0.0,0.0,0.0,0.0,0.20250718478797658
2.0,3.7367817026035084,0.0,3.0,2.0,0.0,0.0,0.0
0.0,0.14114563440120143,0.12065384996877657,3.0,2.0,1.0,2.0,0.9152516398821272
0.0,0.0,3.0,0.0,0.0,0.0,2.0,0.00955104918052363
2.0,4.0,3.0,3.0,0.0,1.0,2.0,0.002949069952553396
2.0,4.0,3.0,3.0,2.0,1.0,0.0,1.110038402988149
2.0,0.0,0.0,0.0,0.0,0.0,0.0,0.0
0.0,0.0,0.0,0.0,0.0,0.0,0.0,1.9173429917115907
2.0,0.0,3.0,3.0,2.0,0.0,0.0,1.8405041897314023
0.0,4.0,0.4332598161376376,3.0,2.0,1.0,2.0,1.0888213087665315
0.0,0.0,0.0,0.0,2.0,0.0,0.843989804092192,1.9751056842083798
2.0,0.0,3.0,3.0,2.0,0.0,2.0,2.0
0.0,0.0,3.0,3.0,0.0,0.0,0.0,0.0
2.0,4.0,3.0,3.0,0.7966889613250383,0.0,2.0,0.0
2.0,4.0,3.0,0.9245537069852424,0.0,0.0,2.0,0.02483263428707294
0.0,0.0,0.0,0.0,0.0,0.0,2.0,1.1434129483593594
2.0,4.0,3.0,3.0,2.0,1.0,2.0,0.11425943778242331
2.0,4.0,3.0,3.0,2.0,1.0,2.0,1.1826593128601708
2.0,4.0,3.0,3.0,0.0,1.0,2.0,1.294499945182387
0.0,0.0,0.0,3.0,0.0,0.0,0.0,0.0
0.0,0.0,0.0,0.0,0.0,0.0,0.0,2.0
2.0,4.0,3.0,3.0,2.0,1.0,2.0,1.1363246600750725
0.0,0.0,0.0,3.0,2.0,0.0,2.0,2.0
0.0,0.0,0.0,0.0,0.0,0.0,0.0,0.12390398374856215
2.0,4.0,0.0,0.0,2.0,0.0,2.0,1.9156535356418027
2.0,0.0,1.9399469236419886,3.0,0.0,1.0,2.0,0.1173818202439254
2.0,4.0,0.0,3.0,2.0,1.0,2.0,0.0
0.0,4.0,3.0,3.0,0.0,1.0,1.9384359488941583,0.0
0.0,4.0,3.0,0.0,2.0,1.0,0.0,1.7950507569060696
2.0,4.0,3.0,3.0,2.0,1.0,2.0,0.9511866716363605
0.0,0.0,3.0,0.0,0.0,0.0,0.520468804322332,2.0
0.919407915698364,4.0,0.0,1.2097401315597136,2.0,0.0,0.6935332109666182,1.0392083447312714
2.0,2.169857277924433,3.0,3.0,0.0,0.0,2.0,1.6282356485979972
2.0,4.0,3.0,0.0,0.0,0.7182969899299889,0.0,1.187838532313575
0.0,3.8444179926797992,0.0,3.0,2.0,1.0,2.0,2.0
0.0,0.0,0.0,0.0,0.0,0.0,0.0,0.9414108461193267
0.0,0.0,0.0,0.0,0.0,1.0,0.0,1.0221046184049583
0.0,4.0,3.0,3.0,0.0,1.0,2.0,1.9906298652121557
1.3355443281448,4.0,3.0,0.0,2.0,0.7496217841493715,2.0,0.0
2.0,4.0,3.0,0.32230789461259074,1.3741165871623386,1.0,2.0,0.9718933998966398
0.0,0.0,0.0,3.0,1.571825566632926,0.18557496294856923,0.0,2.0
2.0,4.0,3.0,3.0,2.0,1.0,2.0,0.8340900514476877
1.2655646351228298,0.0,0.0,0.0,0.0,0.0,0.0,1.839150080639643
0.0,0.0,0.0,0.0,0.0,1.0,1.7807152789609528,0.00011455121022152515
2.0,2.863149435563543,3.0,0.0,0.0,1.0,0.0,1.0803467653273024
0.0,4.0,3.0,0.0,2.0,1.0,2.0,1.9753701884324752
2.0,4.0,3.0,3.0,0.0,1.0,0.0,1.9118435666064157
0.0,0.0,0.0,0.0,0.0,0.0,2.0,2.0
2.0,0.0,0.0,0.0,2.0,1.0,2.0,0.0
0.0,0.0,0.0,0.0,0.0,0.0,2.0,1.3136010115288952
0.0,0.0,1.9252361741375863,0.0,0.0,1.0,0.0,1.7140223408846476
2.0,4.0,3.0,3.0,0.0,0.04641136302444693,0.0,0.9271807719675014
2.0,0.0,3.0,0.0,0.0,1.0,0.0,2.0
0.0,4.0,3.0,0.0,0.0,0.0,0.0,1.06228291489372
0.0,0.0,3.0,0.0,0.0,0.0,0.0,1.9878869797354661
2.0,4.0,3.0,0.0,2.0,1.0,2.0,0.9360693441096344
2.0,4.0,3.0,3.0,2.0,1.0,2.0,0.0
2.0,0.0,3.0,3.0,2.0,1.0,2.0,1.0073199602047378
2.0,0.0,0.0,0.0,2.0,1.0,2.0,0.944468314541847
0.0,0.0,0.0,0.0,0.0,0.0,0.0,1.1810708173278084
0.0,0.0,0.0,0.0,0.0,0.0,0.0,0.03295560178966961
0.0,0.0,0.0,0.0,0.0,0.0,0.0,1.4446771775411322
0.0,0.0,0.0,0.0,1.68153316048992,0.0,0.0,0.0
0.0,0.0,0.0,0.0,0.0,0.0,0.0,0.9792948168197199
0.0,0.0,0.0,0.0,0.0,0.0,0.0,2.0
0.0,4.0,0.0,3.0,0.0,0.0,2.0,1.0400213983469524
0.0,0.0,0.0,0.0,0.0,0.0,2.0,0.04973931241314178
0.0,0.0,0.0,0.0,0.0,0.0,0.0,1.9561113374105532
0.0,0.0,0.0,0.0,2.0,0.0,0.0,0.08588349585570709
2.0,4.0,0.0,0.0,0.0,0.0,0.0,1.5067877206125622
0.0,4.0,3.0,0.0,0.0,0.0,2.0,1.9669572187551396
2.0,4.0,3.0,3.0,2.0,0.0,2.0,1.057424419121825
0.0,0.0,0.0,3.0,1.6900480017687984,0.0,0.0,2.0
0.0,0.0,0.0,0.0,0.0,0.0,0.0,1.4176200113333763
0.0,4.0,2.587593165325978,0.0,1.8474824132718755,1.0,2.0,0.8698539060091098
0.0,0.0,3.0,3.0,0.0,0.0,0.0,0.9751320117167569
2.0,0.0,3.0,0.0,2.0,1.0,0.0,0.0
0.0,4.0,3.0,0.0,2.0,0.0,2.0,0.8607354778365173
2.0,4.0,3.0,3.0,2.0,1.0,2.0,1.014079095575009
2.0,4.0,3.0,3.0,2.0,0.0,0.0,1.5016357100441138
0.0,0.0,0.0,1.3580753536356784,0.0,0.9671696999625637,0.0,2.0
2.0,0.0,0.0,0.0,2.0,0.0,0.0,2.0
2.0,4.0,1.236562666892909,0.0,0.0,1.0,0.0,0.0
0.0,0.0,0.0,0.0,0.0,0.0,0.0,0.0
0.0,0.0,0.0,0.0,0.0,0.0,0.0,0.94540898556592
2.0,4.0,3.0,3.0,2.0,1.0,2.0,1.5670356091100093
2.0,4.0,0.0,1.7437410356448793,0.0,1.0,2.0,2.0
0.0,0.0,0.0,0.0,2.0,0.0,0.0,1.0184864594565504
1.5642847895095349,0.0,0.0,0.0,0.0,0.0,0.0,0.9771014342057965
0.0,0.0,0.0,0.0,0.0,0.0,0.3416814309783821,0.0
1.579339074594456,4.0,0.0,3.0,0.0,1.0,2.0,2.0
2.0,4.0,3.0,3.0,2.0,1.0,2.0,1.0669509163378172
2.0,4.0,0.0,0.0,0.0,0.0,0.0,1.1400431779750495
0.0,4.0,3.0,0.0,0.0,0.2587108120190929,0.0,1.6696522990597733
2.0,0.0,0.0,0.0,0.0,0.0,2.0,1.9129911953369612
2.0,0.0,1.2554278600701603,3.0,0.0,0.0,0.0,1.0013685270408446
0.0,0.0,0.0,0.0,0.0,0.0,0.0,1.1157615722318694
2.0,4.0,3.0,3.0,2.0,1.0,2.0,1.0379083761071846
2.0,4.0,3.0,3.0,2.0,1.0,2.0,2.0
0.0,0.0,0.0,0.0,0.0,0.0,0.0,0.0
2.0,4.0,0.0,3.0,0.0,1.0,0.0,1.870106153911887
0.0,4.0,0.0,0.0,0.0,1.0,2.0,1.002804410751387
2.0,4.0,3.0,3.0,0.0,1.0,2.0,1.448123758015749
2.0,4.0,3.0,0.0,2.0,1.0,2.0,1.6997942468091
2.0,4.0,3.0,3.0,2.0,1.0,2.0,1.665762941119485
2.0,0.0,1.8424491269245502,3.0,2.0,0.0,2.0,1.8616363409329146
2.0,4.0,3.0,3.0,0.0,1.0,2.0,2.0
2.0,4.0,3.0,3.0,2.0,1.0,2.0,2.0
0.0,4.0,0.0,3.0,2.0,1.0,2.0,0.009394627289858737
2.0,0.0,3.0,3.0,2.0,1.0,2.0,0.0
0.0,0.0,0.0,3.0,0.0,1.0,2.0,1.9539085677716221
2.0,0.0,3.0,3.0,2.0,0.8957667130058153,0.0,0.9734585436116514
2.0,0.0,3.0,3.0,2.0,1.0,2.0,2.0
2.0,0.0,0.0,3.0,0.0,0.0,2.0,0.0
0.0,0.0,0.2958995905249706,3.0,0.0,0.0,0.0,0.022675429606783704
0.0,4.0,0.0,0.0,0.0,0.0,0.0,1.8848579786550306
0.0,0.0,0.0,0.0,0.0,0.0,0.0,0.0
2.0,4.0,3.0,3.0,0.0,1.0,2.0,1.9633700747759155
2.0,4.0,3.0,3.0,2.0,1.0,2.0,1.8071470083803702
2.0,0.0,0.0,3.0,0.0,1.0,0.0,1.5944606636258194
0.0,4.0,0.0,0.0,2.0,0.37020841167225577,0.0,1.9656119309921287
2.0,4.0,1.141360436060788,3.0,2.0,0.0,2.0,1.5017429336542678
2.0,0.0,0.0,3.0,2.0,0.0,2.0,0.0
0.0,4.0,3.0,0.0,0.0,1.0,2.0,1.0687903087294537
0.0,4.0,0.0,3.0,2.0,1.0,2.0,0.05026011118582052
0.0,4.0,0.0,0.0,0.27283732801258287,0.0,0.0,1.065716515131662
2.0,4.0,3.0,3.0,0.0,1.0,2.0,2.0
2.0,4.0,0.0,0.0,2.0,1.0,2.0,0.842936173189125
0.0,0.0,0.0,0.0,0.0,0.0,0.0,0.9815641538775509
0.0,0.0,3.0,0.0,0.0,0.0,2.0,0.9202791066063636
0.0,0.0,0.0,0.0,0.0,0.0,0.0,1.90211091755834
0.0,0.0,0.0,0.0,0.0,0.0,0.0,0.069731649117165
2.0,4.0,3.0,3.0,2.0,0.0,2.0,2.0
2.0,4.0,3.0,0.0,0.0,1.0,0.0,0.08901319624255355
0.0,0.0,3.0,0.0,2.0,1.0,2.0,2.0
2.0,4.0,3.0,3.0,0.0,1.0,2.0,1.4266917018452763
2.0,4.0,3.0,3.0,2.0,0.0,2.0,1.0819766020218105
2.0,4.0,3.0,3.0,0.0,1.0,2.0,1.9672007117521015
0.0,0.0,0.0,0.0,2.0,1.0,0.0,1.9917223929025465
0.0,4.0,3.0,3.0,2.0,0.0,0.0,1.879788469370943
0.0,0.0,0.0,0.0,0.0,0.0,0.0,1.042863719870614
2.0,0.0,0.0,3.0,2.0,0.0,0.0,1.1683318755818088
0.0,0.0,0.12207461548580183,0.0,0.0,0.4417418700068457,0.0,0.9380156832535917
0.0,0.0,0.0,0.0,1.9934408497636857,0.0,0.0,2.0
0.0,0.0,1.6521752777064513,0.0,0.0,1.0,0.0,1.7383349519353257
2.0,0.0,0.4653419716838875,0.0,2.0,0.0,0.0,1.1787644425403334
2.0,0.0,0.0,0.0,2.0,0.0,0.0,0.0
2.0,0.0,3.0,3.0,2.0,1.0,0.0,0.0
2.0,0.0,3.0,3.0,2.0,0.0,2.0,1.1125828197758167
0.0,0.0,0.0,0.0,0.0,0.0,0.0,1.971678367753206
2.0,1.2584973608867318,3.0,0.0,0.0,1.0,0.0,0.16823642813252826
1.9314044683057743,0.0,1.9331567749202194,3.0,2.0,1.0,0.0,0.0
0.0,4.0,0.9342293764914056,3.0,2.0,1.0,0.0,0.015468669208650088
0.0,0.0,3.0,0.0,0.0,0.0,2.0,2.0
2.0,4.0,3.0,3.0,0.0,0.0,2.0,1.1721016832631141
0.0,4.0,0.0,0.0,2.0,0.0,0.0,1.0400768813579289
0.0,3.318475803890796,3.0,3.0,2.0,1.0,2.0,1.810232696056003
0.0,4.0,0.0,3.0,2.0,0.0,2.0,1.0210313116961383
0.0,4.0,0.0,3.0,2.0,1.0,2.0,2.0
2.0,4.0,0.0,3.0,2.0,1.0,2.0,0.9391009606863946
2.0,4.0,3.0,3.0,2.0,1.0,2.0,1.938509141489704
2.0,0.0,0.0,0.0,2.0,1.0,2.0,0.09340844274380566
0.0,2.113441766274288,0.0,0.0,0.0,0.361838799562029,2.0,2.0
2.0,4.0,0.0,0.0,0.0,0.3179965074472667,2.0,0.03750051768111595
2.0,2.373084948723131,3.0,3.0,2.0,0.0,2.0,0.046526281928115254
0.0,0.0,0.0,0.0,0.0,0.0,0.0,1.1845484201542755
0.0,4.0,0.0,3.0,2.0,0.0,2.0,1.0614320424570964
2.0,4.0,3.0,3.0,2.0,0.0,2.0,0.0
2.0,4.0,3.0,3.0,2.0,1.0,2.0,2.0
2.0,4.0,3.0,3.0,2.0,1.0,2.0,0.229142873826096
2.0,0.44054454857791137,3.0,3.0,2.0,0.0,2.0,1.7450790418934177
0.0,0.0,0.0,0.0,0.0,0.0,0.0,1.0955217891977058
0.0,2.4183107664541006,0.0,3.0,0.0,0.7013830900800828,0.0,0.0
0.0,0.0,0.0,0.0,0.0,0.0,0.0,1.8665508199777427
2.0,4.0,3.0,3.0,0.0,0.0,2.0,0.9995532540660321
0.0,0.0,3.0,3.0,0.9643893769746028,0.0,0.0,0.0
0.0,0.0,0.0,0.0,0.0,0.0,0.0,1.3273596418116458
2.0,4.0,3.0,3.0,2.0,1.0,0.0,2.0
2.0,4.0,3.0,3.0,2.0,1.0,2.0,0.0
0.0,4.0,3.0,3.0,0.0,1.0,2.0,0.8211857101528433
2.0,4.0,3.0,3.0,0.5225231774140233,1.0,2.0,2.0
0.0,4.0,3.0,3.0,2.0,0.0,2.0,2.0
2.0,4.0,0.0,0.0,0.0,0.15815424455125637,0.0,0.018227425878730386
2.0,4.0,0.0,1.7586494053111066,2.0,1.0,0.0,2.0
0.0,0.8664165598932532,0.0,0.0,2.0,0.0,0.0,1.1913156746807725
2.0,0.0,0.0,0.0,2.0,0.0,0.0,0.014007770187795088
0.0,0.0,3.0,3.0,2.0,0.0,2.0,1.9065601706991506
2.0,0.0,0.0,0.0,0.0,0.0,2.0,1.9761949477905185
2.0,0.0,2.352205635544691,3.0,2.0,1.0,0.0,1.7746076409139149
2.0,4.0,0.0,0.0,2.0,1.0,0.0,1.0833772780199646
0.0,0.0,3.0,3.0,0.0,1.0,2.0,0.0
0.0,0.0,3.0,3.0,0.0,0.0,0.0,1.1239307572816055
2.0,4.0,3.0,3.0,0.0,1.0,2.0,0.9321872790016388
2.0,4.0,3.0,3.0,0.0,0.0,2.0,0.05944952465645181
2.0,4.0,3.0,3.0,2.0,1.0,2.0,0.9618243535438618
0.0,2.0393429479625906,0.0,0.0,0.0,0.0,0.4776907377762669,0.8700382720555663
0.0,0.0,0.0,0.0,0.0,0.0,0.0,0.18857272099408662
0.0,0.0,0.0,0.0,0.0,1.0,0.0,1.315908591390584
0.0,0.0,0.0,0.0,0.0,0.0,0.0,1.126449999079052
0.0,0.0,3.0,0.0,0.0,0.0,0.0,0.05275249451744124
0.0,4.0,0.0,0.0,0.0,0.0,0.0,1.0037502679060244
2.0,0.0,0.0,0.0,0.0,0.0,2.0,1.9286967426827015
2.0,4.0,3.0,3.0,2.0,0.0,0.0,0.07422271564224947
0.0,0.0,3.0,3.0,2.0,0.0,0.0,0.0
0.0,0.0,0.0,0.0,0.0,0.0,0.0,0.0
1.1727096685742693,4.0,3.0,3.0,0.0,1.0,0.0,0.0
2.0,0.0,0.0,0.0,0.0,1.0,2.0,1.8123818472471513
0.0,0.0,0.0,3.0,2.0,0.0,2.0,0.0
0.0,0.0,3.0,3.0,0.0,1.0,2.0,0.04406896472021482
2.0,4.0,3.0,0.0,0.0,0.0,2.0,0.0931708876243783
2.0,0.0,0.0,0.0,2.0,0.0961451254064904,0.0,1.0161485925654268
0.0,4.0,3.0,0.0,2.0,1.0,0.0,2.0
0.0,4.0,0.0,0.0,0.0,1.0,2.0,1.0864229374459273
0.0,0.0,0.0,0.0,1.1733784821768074,0.0,0.0,0.982908317003846
2.0,4.0,3.0,0.30403992114201356,2.0,0.0,2.0,1.9946700758919487
0.0,0.0,0.0,0.0,0.0,0.0,0.0,1.0507384000234916
2.0,4.0,3.0,3.0,2.0,1.0,0.0,1.0587223204572054
2.0,4.0,3.0,1.2335483578980668,2.0,1.0,2.0,0.0
2.0,0.0,3.0,0.0,0.0,0.5648314358111248,2.0,2.0
0.0,0.0,3.0,3.0,2.0,0.0,2.0,0.016113156507390647
0.0,4.0,0.0,0.0,2.0,1.0,0.0,1.0276428008190246
0.0,4.0,0.0,0.0,2.0,1.0,1.1996594596195582,1.084451721035712
1.4343693726857953,4.0,3.0,3.0,2.0,1.0,2.0,0.0
2.0,4.0,0.0,0.0,0.36732299016297276,0.0,2.0,0.0
2.0,4.0,3.0,0.0,2.0,1.0,0.0,2.0
2.0,4.0,3.0,3.0,0.0,1.0,1.6210100451058564,1.9667198480272583
0.0,4.0,3.0,0.0,2.0,0.0,0.0,1.931439646291712
0.0,0.0,0.0,0.0,0.0,1.0,0.0,0.10428903906481146
2.0,4.0,3.0,0.0,2.0,1.0,2.0,1.185742521628329
0.0,4.0,3.0,3.0,2.0,1.0,2.0,0.9854529797853228
2.0,4.0,2.628749993176204,0.0,0.0,1.0,0.0,0.0
2.0,0.0,0.0,0.0,0.0,1.0,0.0,0.8636523682288333
2.0,4.0,3.0,3.0,2.0,1.0,2.0,1.0088861510634184
0.0,0.0,0.0,0.0,2.0,0.0,0.0,0.0
2.0,0.0,3.0,3.0,0.0,0.0,0.0,1.1972647351594548
0.0,0.0,0.0,3.0,0.0,1.0,0.0,0.0
2.0,0.0,1.1682248390383263,3.0,0.0,1.0,2.0,2.0
2.0,4.0,0.0,3.0,2.0,0.0,2.0,0.9033386454094889
0.0,4.0,0.0,0.0,0.0,1.0,2.0,1.0778279572493255
0.0,0.0,0.0,0.0,0.0,0.0,0.0,1.8527629148032214
2.0,4.0,3.0,3.0,2.0,1.0,2.0,2.0
2.0,0.0,1.4086439258040946,2.272149307270249,2.0,1.0,2.0,1.9915870156172817
0.0,0.0,0.0,0.0,0.4342670422091133,0.0,0.0,0.13504784366887013
0.0,0.0,0.0,0.0,0.0,1.0,0.0,0.05907773252484083
2.0,4.0,0.0,3.0,0.0,0.8164888697890467,2.0,0.9352866217256123
2.0,0.0,3.0,3.0,2.0,1.0,2.0,1.8836250827686827
0.0,0.0,3.0,0.0,0.0,0.0,2.0,0.0395275743034178
0.0,0.0,3.0,0.0,2.0,1.0,0.0,1.8993493009574687
0.0,0.0,1.6621880385477088,0.5282300801534555,2.0,1.0,2.0,0.00876595875624464
0.0,0.0,0.0,0.0,0.0,0.0,2.0,0.0
2.0,4.0,3.0,3.0,2.0,1.0,0.0,1.0149329415941843
2.0,0.0,0.0,0.0,2.0,0.0,2.0,1.9196726683225813
2.0,4.0,3.0,3.0,2.0,1.0,2.0,0.0
0.0,0.0,0.0,0.0,2.0,0.0,0.0,0.9232667762944157
2.0,4.0,0.0,0.0,2.0,1.0,2.0,0.0
0.0,0.0,0.0,0.0,0.0,0.0,0.0,0.0
2.0,4.0,3.0,0.0,2.0,1.0,2.0,1.9480820132416268
0.0,0.0,1.7760969554605568,0.0,0.36281145265556103,0.0,0.0,0.20246016415214718
2.0,0.0,0.0,0.0,0.0,0.0,2.0,2.0
0.0,4.0,3.0,3.0,2.0,1.0,1.6950499847447413,1.982442264593256
0.0,0.0,0.0,0.0,0.0,1.0,0.0,1.9642428049850857
0.0,0.0,0.0,0.0,0.0,0.0,0.0,0.16077702325893206
2.0,4.0,1.2322629981954907,3.0,2.0,1.0,2.0,1.6227842521374045
2.0,4.0,3.0,0.0,2.0,1.0,2.0,1.8686160466019255
2.0,0.0,0.0,0.0,0.0,0.0,0.0,0.015868562587291968
0.0,4.0,3.0,3.0,0.0,0.0,2.0,0.9582474616026443
0.0,0.0,0.0,0.0,0.0,1.0,0.0,0.0
2.0,0.0,3.0,0.0,0.0,0.49724083855070816,2.0,1.0294915839641245
2.0,4.0,3.0,0.0,2.0,1.0,0.7395645789070047,0.0
2.0,0.0,3.0,0.0,2.0,0.0,0.0,0.0
0.0,4.0,3.0,3.0,0.0,0.0,2.0,0.0
0.0,0.0,0.0,3.0,0.5660688012018116,0.0,2.0,0.0
2.0,4.0,3.0,0.0,2.0,1.0,2.0,1.0418888286020698
0.7097519907217683,0.0,3.0,0.0,2.0,0.0,2.0,2.0
2.0,4.0,0.5862151871094308,3.0,2.0,1.0,2.0,0.9307141657521969
2.0,0.0,0.0,0.0,0.0,0.7606073012897436,0.0,1.9147618218988658
2.0,0.0,3.0,3.0,2.0,1.0,0.0,2.0
2.0,0.0,0.0,0.0,0.0,0.0,0.0,0.9278975357000488
2.0,4.0,3.0,3.0,0.0,1.0,2.0,0.0486144157748476
0.0,4.0,0.0,0.0,0.0,0.0,0.0,1.8982062439339566
0.0,0.0,0.0,3.0,2.0,1.0,2.0,0.021664984587080327
2.0,0.0,0.0,0.0,0.0,1.0,0.0,0.03753603348986345
0.0,4.0,3.0,0.0,0.0,1.0,2.0,1.9134151089292075
0.0,0.0,3.0,3.0,2.0,1.0,0.0,1.9118828404331567
2.0,0.25918525686690685,1.7093208159036533,3.0,2.0,1.0,2.0,2.0
1.6340943776697157,4.0,3.0,3.0,2.0,1.0,2.0,2.0
2.0,1.044539433398737,0.0,3.0,0.0,1.0,2.0,0.03546091920842098
0.0,4.0,0.0,0.0,2.0,0.0,2.0,2.0
0.0,0.0,3.0,0.0,2.0,0.0,2.0,1.9190754603530782
0.0,0.0,0.0,0.0,0.0,0.0,0.0,1.8599340962750839
0.597547844410114,0.0,3.0,0.0,2.0,0.0,2.0,1.9860385733920265
0.0,4.0,0.0,3.0,0.0,1.0,2.0,2.0
2.0,4.0,3.0,3.0,2.0,1.0,2.0,0.0005425668295143682
2.0,4.0,1.3349754773023499,3.0,2.0,0.0,2.0,0.9796708983799327
0.0,4.0,0.0,3.0,0.0,1.0,2.0,1.9708272316089972
0.0,0.0,0.0,0.0,0.0,0.0,0.0,0.0
2.0,0.0,0.0,3.0,0.0,0.0,0.0,1.6499279712909107
2.0,4.0,3.0,3.0,0.0,1.0,2.0,0.9736723769436813
2.0,0.0,0.0,0.0,2.0,1.0,2.0,0.8787653761878469
0.0,4.0,0.0,0.0,0.0,0.0,0.0,0.9926531522829163
2.0,4.0,3.0,1.2195073441715634,2.0,1.0,1.5328426739670198,1.803985605551154
0.0,0.0,1.434423123654706,3.0,0.0,0.0,2.0,1.9991390854239899
0.8303121086431201,0.0,3.0,0.0,2.0,1.0,2.0,2.0
0.0,4.0,0.0,0.0,0.0,0.0,0.0,2.0
0.0,4.0,0.0,0.0,2.0,0.0,0.0,1.0935347206153114
2.0,0.0,0.0,3.0,0.0,0.5146774091146588,0.0,1.6322621503713677
2.0,4.0,0.0,0.0,2.0,0.0,0.0,1.5030196494614985
2.0,0.0,3.0,3.0,1.346245117562276,1.0,2.0,2.0
0.0,0.0,0.0,0.0,0.0,0.0,0.0,1.0681826153824014
0.0,4.0,0.0,3.0,2.0,0.0,2.0,1.0572851068210911
2.0,4.0,3.0,3.0,2.0,1.0,2.0,0.0
0.0,0.0,0.0,0.0,0.0,1.0,0.0,0.0
0.0,0.0,0.0,0.0,0.6687501985265254,0.0,0.6699219676967634,1.939848939764989
0.0,0.0,0.6830177332083286,3.0,0.0,0.0,2.0,1.9848876952045733
0.0,0.0,0.0,0.0,0.0,0.0,0.0,0.0
2.0,4.0,3.0,3.0,2.0,1.0,2.0,0.0
0.0,4.0,0.0,3.0,2.0,0.0,0.0,2.0
0.0,0.0,2.3887982569829176,0.0,0.0,1.0,0.0,0.004894733202694512
0.0,4.0,3.0,3.0,2.0,1.0,2.0,0.13767499372427083
2.0,0.0,3.0,0.0,2.0,0.0,1.5220593211534936,0.0
2.0,4.0,3.0,3.0,2.0,1.0,2.0,0.866992202534443
2.0,4.0,3.0,3.0,2.0,1.0,2.0,1.0702655749839252
2.0,4.0,3.0,3.0,2.0,0.0,2.0,0.11210108872680569
2.0,4.0,3.0,3.0,2.0,1.0,2.0,1.1555405638194962
0.0,0.0,0.0,3.0,2.0,1.0,1.9501971144202708,2.0
2.0,4.0,3.0,2.1720477839223693,0.0,1.0,2.0,0.0
0.0,0.0,0.0,0.0,0.0,0.0,0.0,0.11266430058410337
2.0,4.0,3.0,3.0,2.0,1.0,2.0,1.9821116439143789
0.0,0.0,3.0,3.0,0.0,0.0,2.0,0.10378802276428734
0.0,0.0,0.0,3.0,2.0,0.0,0.9998649900425479,0.04319849402336762
0.0,1.5541611053725117,3.0,0.0,0.0,0.0,2.0,2.0
0.0,4.0,3.0,3.0,1.9367446314696624,0.0,2.0,0.9247023178258672
0.7947055785171775,0.0,0.0,0.0,0.0,0.0,0.0,0.052962446456134016
2.0,4.0,3.0,3.0,2.0,1.0,2.0,1.9503597774456072
0.0,4.0,0.0,2.891867987049651,0.0,0.0,0.0,0.9413051302063145
2.0,4.0,3.0,3.0,2.0,0.0,2.0,1.9494418516085865
0.0,0.0,0.0,0.0,0.0,0.0,0.0,0.025166638389425455
2.0,3.731714264162649,3.0,3.0,2.0,0.0,1.0766699344738757,0.14386824017948663
2.0,4.0,3.0,3.0,0.0,1.0,2.0,0.06899296139013511
2.0,0.0,3.0,3.0,0.0,1.0,1.619686800208422,1.7942762399377616
2.0,4.0,1.8269415412588201,3.0,2.0,1.0,2.0,1.9961571561835378
1.8215662950367246,0.0,1.409928237044879,3.0,2.0,1.0,2.0,1.9867973636370513
2.0,4.0,0.0,3.0,2.0,0.0,2.0,1.6706600671127916
1.7894949352277758,0.0,3.0,3.0,2.0,0.0,0.0,1.0029615774164256
2.0,4.0,3.0,3.0,2.0,1.0,2.0,1.9708431920344194
0.0,0.0,0.0,0.0,0.0,0.0,0.0,2.0
0.0,4.0,3.0,0.0,0.0,0.0,2.0,0.048808969743869834
0.0,0.0,0.0,0.0,0.0,0.0,1.786126167709954,0.0
2.0,4.0,3.0,0.008251757148212947,2.0,1.0,2.0,0.008268416701978087
0.0,0.0,3.0,0.0,0.0,0.299610894497932,2.0,0.003440159626719619
2.0,4.0,3.0,3.0,2.0,1.0,2.0,2.0
2.0,4.0,3.0,3.0,2.0,0.0,2.0,0.9433165318851882
2.0,4.0,3.0,3.0,2.0,0.0,2.0,1.15349077826263
0.0,0.0,3.0,0.0,2.0,0.0,0.0,0.0
2.0,4.0,3.0,3.0,2.0,1.0,2.0,1.5550866548235476
0.0,0.0,0.0,0.0,0.0,0.0,0.0,2.0
2.0,4.0,0.0,3.0,2.0,1.0,0.14593568079832697,0.8486421608283095
2.0,0.0,3.0,0.0,0.0,1.0,0.0,1.9866263958886499
0.0,0.0,0.0,0.0,2.0,1.0,0.9054782603278904,0.0
0.0,4.0,0.0,0.0,2.0,0.0,2.0,0.0
1.2589061985190602,1.7147858431493732,3.0,0.0,0.0,0.061757733118460945,2.0,1.7813210209768637
0.0,4.0,0.0,3.0,2.0,1.0,0.0,1.0625006696910781
0.0,0.0,0.0,0.0,0.0,1.0,0.0,1.939894907826103
0.7576145227392275,4.0,3.0,3.0,2.0,0.23835019070305485,2.0,2.0
0.0,0.0,3.0,0.0,0.0,1.0,2.0,2.0
2.0,4.0,3.0,3.0,2.0,0.0,0.0,0.0
2.0,4.0,0.7756647660058568,0.0,0.0,0.0,2.0,0.0
2.0,2.4860267030961625,0.0,3.0,0.0,1.0,0.0,2.0
0.0,4.0,3.0,0.0,2.0,0.0,0.0,0.9404790785290559
0.0,4.0,0.0,3.0,0.0,1.0,0.0,1.9796251244572045
0.0,4.0,3.0,0.0,0.0,1.0,2.0,0.9307944796813248
2.0,4.0,3.0,3.0,2.0,1.0,2.0,0.02197681989746303
0.0,0.0,0.0,0.0,0.0,0.0,0.0,0.8992238868812219
0.0,0.0,0.0,0.0,0.0,0.0,0.0,0.10120715879305775
2.0,0.0,0.0,0.0,2.0,1.0,0.0,2.0
2.0,0.0,3.0,3.0,0.0,1.0,2.0,1.0476080625458248
2.0,4.0,3.0,3.0,2.0,1.0,2.0,1.1473719914281173
2.0,0.0,3.0,0.0,2.0,0.0,0.0,1.4396743688286446
0.0,0.0,0.0,0.0,2.0,0.0,2.0,0.06256669016798655
2.0,4.0,0.0,0.0,2.0,0.0,0.0,1.9714762169369413
0.0,4.0,3.0,0.0,2.0,1.0,0.0,1.020245151478897
2.0,4.0,3.0,3.0,2.0,1.0,2.0,1.0391096617480287
0.0,0.0,3.0,3.0,2.0,0.0,2.0,0.10829977860524298
2.0,4.0,3.0,3.0,2.0,0.0,2.0,1.0654944539310676
2.0,0.0,0.5363617624535494,3.0,2.0,0.0,0.7351460886295509,0.9137136257684008
0.0,0.0,3.0,3.0,0.0,1.0,1.595980957337392,0.9935399716149138
2.0,4.0,3.0,3.0,2.0,1.0,2.0,0.05103998869143034
2.0,4.0,3.0,3.0,2.0,0.0,0.0,0.8881150527522705
2.0,0.0,3.0,3.0,0.0,1.0,2.0,1.0226091571028446
2.0,4.0,3.0,3.0,2.0,1.0,2.0,0.0
0.0,0.0,0.0,0.0,2.0,0.43066440726083033,2.0,1.7834314677459207
2.0,0.0,0.0,0.0,1.0667745367503714,0.0,0.0,1.9549928035327693
0.0,4.0,3.0,0.0,2.0,1.0,0.0,2.0
2.0,0.0,3.0,3.0,2.0,1.0,2.0,1.9999775222769691
2.0,4.0,0.0,0.0,0.0,0.0,0.0,0.0
2.0,4.0,3.0,3.0,2.0,1.0,2.0,1.0971748456987032
1.0072480131234123,0.0,0.0,2.6419779957050777,0.0,1.0,0.0,2.0
0.0,4.0,0.0,0.0,2.0,1.0,0.0,0.0
0.0,0.0,3.0,0.0,2.0,0.29197481628193434,0.0,0.020478725008309273
2.0,4.0,3.0,3.0,2.0,0.0,2.0,1.9585303545741295
2.0,0.0,3.0,3.0,2.0,1.0,2.0,0.0
2.0,4.0,3.0,3.0,2.0,1.0,2.0,0.0
0.0,0.0,0.0,0.0,0.0,0.0,0.0,2.0
2.0,0.0,3.0,0.0,2.0,1.0,0.0,1.0221239915953682
0.0,0.0,0.0,0.0,0.0,0.0,0.0,2.0
2.0,4.0,3.0,0.0,0.0,1.0,2.0,0.0
0.0,0.0,0.0,3.0,0.0,1.0,0.0,0.0
0.0,3.0205968661356692,2.8121601601707393,0.0,2.0,0.10265349172528604,2.0,2.0
0.0,0.0,0.0,0.0,0.0,0.0,0.0,2.0
0.8415615155385503,0.0,3.0,3.0,2.0,1.0,0.0,1.9009458571520557
2.0,4.0,0.0,3.0,2.0,1.0,0.0,1.4655484148418156
0.0,0.0,0.0,2.422305984621724,0.0,0.0,2.0,1.1322073196741989
2.0,4.0,3.0,3.0,0.6337574615537052,1.0,2.0,2.0
2.0,4.0,3.0,3.0,0.0,0.32963048228002845,0.0,0.9944791478201978
2.0,0.0,0.0,0.0,0.0,1.0,2.0,0.0
2.0,4.0,0.0,3.0,2.0,1.0,2.0,2.0
0.38243515161144037,0.0,0.0,0.0,2.0,0.12062727812276358,1.7251392941480999,1.1825268301189165
2.0,0.0,3.0,0.0,0.0,1.0,2.0,0.8246812706599946
0.0,0.0,0.25954786780087513,0.0,0.0,0.0,0.0,0.0
0.0,0.0,0.0,0.0,2.0,0.0,0.0,1.0463914623104211
2.0,4.0,3.0,3.0,2.0,1.0,2.0,0.9238153057837855
0.0,0.0,0.0,3.0,0.0,1.0,0.0,2.0
2.0,0.0,3.0,0.0,2.0,0.0,2.0,2.0
2.0,4.0,3.0,3.0,2.0,1.0,0.0,0.013461817722005942
2.0,4.0,3.0,3.0,2.0,0.8893856182415036,0.8741333881294554,1.056348247802836
2.0,4.0,3.0,0.0,2.0,1.0,2.0,0.0
2.0,4.0,3.0,3.0,2.0,1.0,2.0,0.0361482923596127
2.0,4.0,3.0,3.0,2.0,1.0,2.0,2.0
2.0,0.26922063124587803,3.0,3.0,2.0,1.0,2.0,1.0879142961886876
2.0,4.0,3.0,1.2083820621087278,2.0,1.0,2.0,1.9488688659398647
2.0,4.0,3.0,3.0,2.0,1.0,2.0,0.0
2.0,0.0,0.0,2.8850022429092625,0.0,0.0,0.0,2.0
2.0,0.0,3.0,3.0,2.0,1.0,2.0,0.09166294880314263
0.0,2.226952937739861,0.0,0.0,0.0,0.0,0.0,1.36999047068197
2.0,4.0,0.0,3.0,2.0,0.0,2.0,2.0
2.0,4.0,3.0,3.0,2.0,0.0,0.6031425514745699,0.0
2.0,4.0,3.0,1.0215331236944782,0.0,1.0,2.0,0.0
2.0,4.0,0.0,0.0,2.0,1.0,0.0,0.9815578398540996
2.0,4.0,3.0,3.0,0.0,1.0,0.0,0.0
2.0,4.0,0.0,3.0,2.0,1.0,2.0,0.9790996353196628
0.0,0.0,3.0,0.0,2.0,0.0,2.0,0.9904919207763656
0.0,0.0,0.0,0.0,0.0,1.0,0.0,2.0
2.0,4.0,3.0,3.0,2.0,1.0,2.0,1.9500639173212853
2.0,4.0,0.0,0.0,2.0,0.0,2.0,2.0
0.0,0.0,1.7146935554884326,3.0,0.0,1.0,0.0,0.0
0.0,0.0,2.49976410109477,3.0,2.0,1.0,0.22122348160544492,1.0252521238482757
2.0,4.0,3.0,1.6109343006883836,1.6773152336616342,1.0,0.0,1.9326213458396104
0.21119573160030303,0.0,0.0,0.0,0.0,0.0,2.0,2.0
0.0,0.0,3.0,0.0,0.0,0.0,0.0,0.0012828711506852608
0.0,4.0,0.0,0.0,0.0,1.0,0.0,0.0
2.0,4.0,3.0,0.0,0.0,0.0,0.0,0.9638603706340945
0.0,0.0,0.0,0.0,0.0,0.0,0.0,0.9337760576643793
0.0,0.0,0.0,3.0,0.0,0.0,2.0,0.0
0.9851112835974948,4.0,3.0,0.0,0.0,1.0,0.17484617301533223,0.8362862598551855
0.0,0.0,0.0,0.0,0.0,0.0,0.0,0.01075969234307339
2.0,0.0,0.0,0.0,1.783005727219496,0.0,2.0,1.5336235214681464
2.0,4.0,3.0,3.0,2.0,1.0,2.0,0.0
0.0,0.0,3.0,0.0,2.0,1.0,2.0,1.0029327904718777
2.0,4.0,3.0,0.0,2.0,0.0,0.0,2.0
0.0,0.0,3.0,3.0,2.0,1.0,2.0,1.9868973045442453
0.0,4.0,3.0,3.0,2.0,1.0,2.0,0.019137270198678502
2.0,4.0,3.0,3.0,2.0,1.0,2.0,0.9665543193166817
0.0,0.0,0.0,0.0,0.0,0.0,0.0,1.9740368692874832
2.0,4.0,0.9315665507911489,3.0,2.0,1.0,2.0,0.9169487245725251
0.0,4.0,0.0,0.0,2.0,0.0,0.0,0.05647950681927816
2.0,0.0,0.0,3.0,2.0,1.0,0.0,2.0
0.0,0.0,3.0,0.0,2.0,0.0,0.0,1.2926457524916966
0.0,0.0,3.0,0.0,0.0,0.0,0.0,0.08916089190226772
0.0,0.0,2.4124286835010778,3.0,2.0,1.0,0.0,1.6413709499112121
2.0,4.0,0.0,3.0,2.0,1.0,2.0,1.9947454030511313
1.2069459326667835,4.0,3.0,0.0,0.0,0.0,2.0,1.0727924835270826
0.0,0.0,0.0,0.0,0.0,1.0,0.0,1.089150073114151
0.0,0.927919765318735,3.0,3.0,2.0,0.0,2.0,1.1092497103724768
0.0,0.0,0.0,0.0,0.0,0.0,0.0,1.0182983706986906
2.0,4.0,0.0,3.0,2.0,1.0,0.5238538754849814,1.937115898411318
1.792732797651695,4.0,3.0,0.0,0.0,1.0,1.6960966172214509,1.027614527311432
0.6924157470016876,4.0,0.0,0.0,0.0,0.0,2.0,1.0058680184206013
1.752139955829257,4.0,0.0,3.0,2.0,1.0,0.0,1.0489168196820566
0.0,4.0,3.0,3.0,2.0,0.0,1.805246484560266,2.0
0.0,3.5644045149379027,1.6364786575274548,0.0,2.0,1.0,0.0,2.0
0.0,0.0,0.0,0.0,0.0,0.0,0.0,1.060268536403938
0.0,0.0,3.0,0.0,2.0,1.0,0.0,1.9484145862834628
0.0,0.0,0.0,0.0,0.0,0.0,0.0,0.0
0.0,0.0,3.0,0.0,2.0,1.0,0.0,0.023266358567260004
2.0,4.0,3.0,3.0,2.0,1.0,0.0,0.0032653942064534425
0.0,4.0,3.0,0.0,2.0,1.0,2.0,0.0
2.0,0.0,0.0,3.0,0.0,0.0,0.0,2.0
0.09166897322832168,0.0,3.0,0.0,0.0,1.0,0.0,0.0
2.0,3.7171955582653657,3.0,3.0,2.0,0.39783732514816084,2.0,0.08550778680857407
0.0,4.0,0.0,0.0,0.0,0.0,0.0,0.0
2.0,0.0,3.0,3.0,2.0,1.0,2.0,2.0
2.0,4.0,0.0,3.0,2.0,1.0,2.0,0.0
2.0,0.6504038037645261,3.0,3.0,0.0,1.0,0.0,0.004230770429073605
0.0,0.0,3.0,1.282734469053757,0.0,0.0,0.0,0.041262501892296854
2.0,4.0,0.0,0.0,0.0,0.0,2.0,1.7121412334956967
2.0,4.0,0.0,3.0,2.0,0.0,0.0,1.585184002538521
0.0,0.0,3.0,1.062724185177451,2.0,0.0,2.0,0.9913510329134423
0.0,1.0707949648450432,3.0,0.0,2.0,1.0,2.0,2.0
0.0,4.0,0.0,0.0,2.0,0.5885035147115142,0.0,0.0
2.0,4.0,3.0,3.0,2.0,1.0,2.0,1.9506505502649951
2.0,0.0,0.0,0.0,0.0,0.0,0.0,2.0
2.0,4.0,3.0,3.0,2.0,1.0,2.0,0.0
0.0,3.7138976754703603,0.0,3.0,2.0,1.0,0.0,1.9668475248812178
2.0,4.0,0.0,0.0,2.0,0.0,0.0,1.9866892502571
0.0,3.166556060757674,3.0,0.0,0.0,0.0,0.0,1.89552341032965
2.0,2.153732993964207,3.0,0.8113883822949428,2.0,1.0,1.7164327990863837,0.0
0.0,4.0,0.0,0.0,2.0,1.0,0.0,0.9323166575076975
0.0,0.0,0.0,3.0,0.0,0.0,2.0,2.0
0.0,0.0,0.0,0.0,0.0,0.0,0.0,0.0
2.0,4.0,3.0,3.0,2.0,1.0,2.0,0.9955590499637773
0.0,0.0,1.3715376476010577,0.0,2.0,0.0,0.0,0.014292187884371699
2.0,4.0,3.0,3.0,2.0,1.0,2.0,0.9900129145292067
0.0,0.0,0.0,0.0,0.0,0.0,0.9214059487219586,1.852822042496852
0.0,4.0,3.0,2.7437719669929286,0.0,0.0,2.0,1.932461177415204
0.0,0.0,0.0,0.0,2.0,1.0,0.0,0.0
2.0,0.0,3.0,3.0,2.0,1.0,2.0,0.0043391645473443985
0.0,0.0,3.0,0.0,0.0,0.0,0.0,2.0
2.0,4.0,3.0,3.0,2.0,1.0,2.0,1.9095057986298203
0.0,0.0,0.0,0.0,2.0,0.0,0.0,1.0114239545126555
1.1303236677652975,0.0,0.0,3.0,0.0,1.0,0.0,2.0
0.7503741645322082,4.0,3.0,3.0,0.0,0.0,0.0,2.0
0.0,4.0,3.0,3.0,2.0,1.0,2.0,0.0814382860078201
2.0,0.0,0.0,3.0,2.0,0.8218823384322596,0.0,0.08396985184241057
0.0,0.0,0.0,0.0,0.0,0.0,0.0,1.9981478725127426
0.0,0.0,3.0,0.0,0.0,0.0,0.0,1.9435389388957143
0.0,0.0,2.1988101281772474,3.0,0.0,0.0,0.0,2.0
0.0,4.0,0.0,3.0,2.0,0.17113936269805652,0.0,0.0
2.0,0.0,0.0,3.0,0.0,1.0,2.0,2.0
2.0,0.0,0.0,0.0,0.0,0.0,0.0,1.9771119876761332
0.0,0.0,0.0,0.0,0.0,0.0,0.0,0.05824619280389276
0.0,0.0,0.0,3.0,1.379534215837662,0.7761504167782157,0.0,2.0
2.0,4.0,3.0,3.0,2.0,1.0,2.0,0.9451410844105456
2.0,4.0,3.0,3.0,2.0,1.0,2.0,1.0763189542474267
0.0,0.0,0.0,3.0,2.0,0.0,2.0,0.07300640844666151
1.0986414574881451,0.0,0.0,0.0,0.0,0.0,0.0,0.9816478415282028
0.0,4.0,0.0,0.0,2.0,1.0,0.0,1.0269568399312867
0.0,4.0,3.0,3.0,0.0,1.0,0.0,0.052469504383330756
2.0,0.0,0.0,3.0,0.0,0.25375235344220215,0.0,1.9697062502019522
0.0,4.0,3.0,0.0,0.0,0.0,0.0,0.0
2.0,1.9557584326962068,3.0,3.0,2.0,1.0,2.0,1.4284913124274914
0.0,0.0,0.0,0.0,0.0,0.0,0.0,1.0594510546553593
1.4699227923932716,0.0,0.0,0.0,0.0,0.21890554084713865,1.90227612623409,1.0552143560219152
0.0,0.0,0.0,1.4594692260643167,0.0,0.0,0.0,1.9627713939957072
2.0,4.0,3.0,0.0,0.0,0.0,2.0,1.8460656211049196
2.0,4.0,3.0,3.0,2.0,1.0,2.0,1.0900331340011045
2.0,4.0,3.0,3.0,2.0,1.0,2.0,1.1398981807666013
0.0,4.0,3.0,3.0,2.0,1.0,2.0,0.03215065066837153
0.0,0.0,3.0,3.0,2.0,1.0,1.5085228720222845,1.8895644780113718
2.0,0.0,0.0,3.0,0.0,0.0,2.0,2.0
0.0,0.13082952198151343,0.0,0.0,0.0,1.0,0.0,0.018757083820462594
0.0,0.0,0.0,0.0,2.0,1.0,0.0,0.9209055492833292
0.0,0.0,3.0,0.0,0.0,1.0,0.0,0.0
0.0,4.0,0.0,3.0,0.0,0.0,0.0,2.0
2.0,4.0,3.0,3.0,2.0,1.0,0.0,2.0
2.0,4.0,3.0,3.0,2.0,1.0,0.3133143373573606,0.9784693464499408
2.0,4.0,3.0,3.0,0.0,1.0,0.0,0.9110587125896087
0.0,4.0,0.0,0.0,2.0,0.0,0.0,1.7631762687954784
2.0,0.0,3.0,3.0,2.0,0.8691093339987332,2.0,1.695951469877516
2.0,4.0,0.0,3.0,2.0,1.0,2.0,1.0860600985411555
0.0,0.0,0.0,0.0,0.0,0.0,0.0,1.0191720186283497
0.0,0.0,0.0,0.0,0.0,0.0,0.0,2.0
0.0,4.0,3.0,3.0,2.0,1.0,2.0,1.991997258247996
0.0,0.0,0.0,0.0,0.0,0.0,2.0,0.0
2.0,4.0,0.0,0.0,0.0,1.0,2.0,0.9595872291835449
0.0,4.0,3.0,3.0,2.0,0.0,2.0,0.0897316242478583
2.0,4.0,3.0,3.0,2.0,1.0,2.0,0.03801200978631891
2.0,4.0,3.0,3.0,2.0,1.0,0.0,1.0508467838778954
0.0,4.0,1.2522705003561108,3.0,0.0,0.0,2.0,2.0
2.0,4.0,0.0,3.0,2.0,0.0,2.0,1.981078037829127
0.0,0.0,3.0,3.0,2.0,0.0,0.0,1.988354689041998
0.0,4.0,3.0,0.0,0.0,0.14606722705002095,0.0,0.0350776259320178
0.0,0.0,1.3016065007936444,0.0,0.0,0.0,0.0,2.0
0.0,0.0,1.331921417630955,0.0,0.0,1.0,0.0,0.0
0.09481917873261225,0.0,3.0,0.0,2.0,1.0,2.0,0.10531038691914074
0.0,3.846066951940818,0.0,0.0,0.0,1.0,0.0,0.016361719442268607
2.0,4.0,3.0,3.0,2.0,1.0,2.0,1.9560446875434485
2.0,0.0,0.0,3.0,2.0,1.0,2.0,0.1021465243443005
2.0,0.0,3.0,0.0,0.0,1.0,1.2767944108946472,0.04304806366680625
2.0,4.0,3.0,3.0,2.0,1.0,2.0,1.9942816350307502
0.0,0.0,0.0,0.0,0.0,0.0,2.0,1.9833576425974806
0.00014663306140216825,4.0,3.0,3.0,2.0,0.0,2.0,2.0
0.0,0.0,0.0,0.0,2.0,0.0,0.0,0.8824111022413564
0.0,0.0,3.0,0.0,2.0,1.0,0.0,2.0
0.0,4.0,3.0,0.0,2.0,0.0,0.0,1.1276597245503535
2.0,4.0,0.0,3.0,0.0,1.0,0.0,1.1750029543900604
0.0,4.0,3.0,3.0,2.0,1.0,2.0,2.0
2.0,4.0,3.0,3.0,2.0,1.0,2.0,1.9968857269256062
2.0,4.0,3.0,0.5785457853620259,0.0,0.2737035499242504,0.0,1.0050657439333968
2.0,4.0,0.0,3.0,0.0,1.0,2.0,1.0183872758974912
2.0,4.0,3.0,3.0,0.0,1.0,2.0,2.0
2.0,4.0,3.0,3.0,2.0,0.0,0.0,0.0
1.5021279999535673,0.0,3.0,3.0,2.0,1.0,2.0,2.0
0.0,0.0,0.0,0.0,0.0,0.6439818762556822,2.0,0.037825453092323214
0.0,4.0,0.0,0.0,0.14363196453112015,1.0,0.0,0.05008872926838637
2.0,0.6745343241991033,3.0,0.0,0.56851963044522,1.0,0.0,0.0
2.0,0.0,3.0,3.0,2.0,1.0,2.0,2.0
2.0,4.0,3.0,3.0,2.0,1.0,2.0,1.9083920374977024
2.0,0.0,0.0,3.0,0.0,0.0,2.0,1.6799079426179186
2.0,4.0,0.0,0.0,0.0,0.0,2.0,1.8070339697879998
0.0,4.0,0.0,0.0,0.0,0.0,0.0,0.9567542202175437
2.0,0.0,3.0,0.0,0.0,0.0,0.0,1.006667178965022
2.0,4.0,0.0,3.0,2.0,1.0,2.0,1.8685250407191318
0.0,0.0,0.0,0.0,0.0,0.0,0.0,1.75852289743358
2.0,4.0,3.0,0.0,0.0,0.0,2.0,1.9474401792169855
2.0,4.0,3.0,3.0,2.0,1.0,2.0,1.9878630394847119
0.0,0.0,0.0,0.0,1.2446606422712354,0.0,0.0,0.0
0.0,0.0,0.0,0.5420091944558588,0.0,0.0,2.0,1.0084215250629436
2.0,4.0,3.0,3.0,2.0,1.0,2.0,0.18360299546650838
2.0,0.0,0.0,0.0,2.0,0.0,0.0,0.9929123050731019
0.0,0.0,3.0,0.0,0.6155521413729856,0.0,0.0,2.0
0.0,0.0,0.0,0.0,2.0,0.0,0.0,0.9597278973235711
0.0,4.0,3.0,3.0,2.0,0.0,2.0,2.0
2.0,4.0,3.0,3.0,2.0,1.0,2.0,1.8808294331790782
2.0,0.0,0.0,0.4186415832795758,0.0,0.0,1.1717137285657222,2.0
0.0,0.0,0.0,0.0,0.0,0.0,0.0,1.7614292039765236
0.0,4.0,0.0,0.0,2.0,1.0,0.0,1.0293539046549738
0.0,0.0,0.0,0.0,0.0,0.0,2.0,1.0499929409540383
2.0,4.0,0.0,3.0,2.0,1.0,2.0,2.0
2.0,4.0,3.0,0.0,2.0,1.0,2.0,1.9756023903953701
2.0,4.0,0.0,0.0,0.3582706477440495,0.0,0.0,0.04247257038343544
0.0,0.0,0.0,0.0,0.0,0.0,0.0,0.0
0.0,4.0,2.87504455520649,3.0,0.0,1.0,0.0,0.0
0.0,0.0,3.0,3.0,2.0,0.0,0.0,2.0
0.0,0.0,3.0,0.0,0.0,1.0,0.9779282018564724,1.0551938891150208
0.0,0.0,0.0,0.0,0.0,0.0,0.0,0.9466959913529022
2.0,4.0,3.0,3.0,2.0,1.0,2.0,1.9840037083452986
0.0,4.0,0.0,2.719460405184429,0.0,1.0,0.0,0.8880908863735723
0.0,4.0,3.0,0.0,2.0,0.0,0.0,0.0
2.0,0.0,0.0,3.0,0.0,0.0,2.0,0.1391303305995213
0.0,0.0,0.0,0.0,0.0,0.0,0.0,1.9180178975673585
0.0,0.0,0.0,0.0,0.0,0.0,0.0,0.014030001480053289
0.0,0.0,0.0,0.0,0.0,0.0,0.0,0.988676294968287
2.0,4.0,3.0,3.0,0.0,0.831656568855642,2.0,0.9682239115031459
0.0,4.0,0.0,0.0,2.0,1.0,0.0,0.0
0.0,3.049992023475352,0.0,0.0,2.0,1.0,2.0,1.905197212937147
0.0,4.0,0.0,0.0,0.0,0.0,0.0,0.0
0.0,0.0,0.0,0.0,0.0,0.0,2.0,1.8993956099778488
0.0,0.0,0.0,3.0,0.0,1.0,2.0,2.0
0.0,0.0,3.0,3.0,2.0,0.0,2.0,0.02127174281579869
0.0,0.0,0.1907781451665257,0.0,0.0,0.0,0.0,0.08064704181566673
2.0,4.0,3.0,3.0,0.0,1.0,2.0,2.0
0.611344849542065,0.0,3.0,0.0,2.0,0.0,0.0,0.0
2.0,4.0,3.0,3.0,1.2288703599895827,1.0,0.0,0.010780258631394646
0.27493002370220765,0.0,0.0,0.0,0.9024587776341392,0.0,2.0,1.9474281843378092
2.0,4.0,0.21584173452300354,2.7715304136264467,2.0,1.0,2.0,0.10288078610160001
2.0,4.0,3.0,3.0,2.0,1.0,2.0,1.968164984273844
0.0,4.0,3.0,3.0,2.0,1.0,0.0,0.0711169065623487
0.0,0.0,1.7813983955372137,0.0,0.0,0.0,2.0,0.0
0.0,4.0,3.0,0.0,2.0,1.0,2.0,0.8306325704334183
2.0,4.0,1.1259871198259417,3.0,2.0,0.0,2.0,2.0
1.6372725973168913,4.0,2.1100378685092744,0.16056114789244902,2.0,0.0,0.0,0.0
0.0,4.0,0.35169693356045834,2.303110693231767,0.10761358941717092,1.0,0.0,2.0
1.497346390173231,2.783686939517109,0.0,3.0,0.0,0.0,2.0,0.0
2.0,4.0,3.0,3.0,2.0,1.0,2.0,2.0
2.0,4.0,0.0,0.0,0.0,0.7629749905455021,1.384913804421513,0.0
2.0,4.0,3.0,3.0,2.0,1.0,2.0,1.066652703629905
0.0,0.0,0.0,0.0,0.7022369822492,0.0,0.0,1.0805609488814651
1.9705185746309974,0.0,0.0,3.0,2.0,1.0,2.0,2.0
0.0,0.0,0.0,0.0,0.0,0.0,0.0,1.7238285824101505
2.0,0.0,0.8326375293185773,3.0,2.0,1.0,2.0,0.0
1.829271772269157,4.0,3.0,3.0,2.0,1.0,1.6362492065702656,2.0
2.0,4.0,0.0,0.0,1.644117609284033,0.0,2.0,1.525381344944027
0.0,4.0,3.0,3.0,2.0,1.0,2.0,1.1819947521581537
0.0,0.0,0.0,0.0,0.0,0.0,2.0,0.9522883440560115
2.0,4.0,3.0,0.0,0.0,0.0,2.0,1.4018871281139296
2.0,4.0,0.0,3.0,0.0,0.13034992894258968,0.47308418519933304,0.13486385151142188
2.0,4.0,0.0,3.0,0.0,0.0,0.0,0.959189296784137
2.0,4.0,3.0,3.0,2.0,1.0,2.0,0.0
2.0,4.0,0.0,0.0,2.0,0.0,0.0,0.8806761431487299
0.0,0.0,0.0,0.0,0.0,0.0,0.0,0.8792335034608811
2.0,0.0,0.0,0.0,0.0,0.0,0.0,0.02727668904921532
0.0,4.0,0.0,0.0,0.0,0.0,0.0,1.0199524781428224
0.0,0.0,0.0,0.0,0.0,0.0,0.0,0.1431068137180863
0.0,0.0,3.0,0.0,0.0,0.0,0.0,0.0
0.0,0.0,0.0,0.0,0.0,0.0,0.0,0.835675337258801
2.0,4.0,0.0,0.0,0.0,1.0,0.0,0.9980543546306243
0.0,0.0,0.0,0.0,0.0,0.0,0.6735804139805422,0.0
0.8449123391195678,0.0,0.0,0.0,2.0,0.0,2.0,0.002049887255913929
2.0,0.0,0.0,0.0,0.0,0.0,0.0,2.0
0.0,0.0,0.0,0.42414972576263277,0.0,0.0,0.0,1.9584035144161818
2.0,1.9371949404950488,3.0,3.0,2.0,1.0,2.0,1.066705110107973
0.0,0.0,0.0,0.0,2.0,0.0,0.0,1.0472554957646045
0.0,0.0,0.0,0.0,0.0,0.0,0.0,0.9093720408562305
2.0,4.0,3.0,3.0,2.0,1.0,2.0,1.8764417493514343
0.0,0.0,0.0,1.5977135614018618,0.0,1.0,2.0,2.0
0.0,0.0,0.0,3.0,0.0,0.0,0.0,0.0
2.0,4.0,3.0,3.0,2.0,1.0,2.0,0.9687838637345082
2.0,4.0,3.0,3.0,2.0,1.0,2.0,1.012325132949663
2.0,4.0,3.0,3.0,2.0,1.0,2.0,1.0081658066763601
2.0,0.0,0.0,3.0,2.0,0.0,2.0,0.03658845343746908
0.0,0.0,3.0,0.0,2.0,1.0,0.0,1.8341621833175097
0.11745161921614022,0.0,0.0,0.0,2.0,0.0,0.0,2.0
0.0,4.0,3.0,3.0,2.0,1.0,2.0,2.0
0.0,0.0,3.0,2.9298446193881094,2.0,0.0,2.0,0.037586028938062066
2.0,4.0,3.0,0.0,0.0,0.0,2.0,0.06773588795458241
0.0,0.0,0.0,0.0,0.0,0.0,0.0,0.10677263489420041
1.4817511431773358,4.0,0.0,0.0,0.8825885627064953,1.0,0.0,2.0
2.0,0.0,0.0,1.6742716103978161,2.0,1.0,0.0,1.097219335267718
2.0,4.0,3.0,3.0,2.0,1.0,2.0,2.0
2.0,4.0,3.0,3.0,2.0,1.0,2.0,0.8991662239669248
0.0,0.0,0.0,0.0,0.0,0.0,0.0,1.908255731383006
0.0,4.0,3.0,3.0,0.0,1.0,2.0,0.891703236266173
0.0,0.0,0.0,0.5635558409913431,0.0,0.0,0.0,2.0
0.0,4.0,0.0,0.0,0.0,0.0,0.0,0.021681167158726478
0.0,0.0,0.0,0.0,0.0,1.0,2.0,1.1593861986575231
0.0,0.0,3.0,3.0,2.0,1.0,0.0,0.0
2.0,0.0,0.0,0.0,0.862361907190782,0.0,2.0,1.0081707004625196
0.0,0.0,0.0,3.0,0.0,0.0,0.0,1.982969198553219
2.0,0.0,0.0,3.0,0.0,0.0,0.0,1.9451196660158385
2.0,0.0,3.0,3.0,2.0,1.0,0.0,2.0
2.0,4.0,3.0,3.0,2.0,1.0,2.0,1.053880258516465
0.0,4.0,3.0,3.0,0.0,0.6734689795399509,0.0,0.0
1.459786161962667,0.0,0.0,0.0,0.0,0.0,0.0,1.9600170101059038
0.0,0.0,0.0,0.0,0.0,0.0,0.0,0.13008553673683954
2.0,0.0,1.6650617772982326,0.0,0.0,0.0,0.0,0.0
2.0,1.2737325374329924,3.0,0.0,2.0,1.0,0.0,0.04444286439701617
2.0,4.0,3.0,3.0,2.0,1.0,1.4102777530501878,0.05759519052875428
0.0,0.0,0.0,0.0,2.0,0.0,0.0,1.9868757910700792
0.0,0.0,0.0,0.0,0.0,0.0,0.0,0.08404066410868194
2.0,4.0,3.0,3.0,2.0,1.0,2.0,1.8379725199660242
1.7535975226650824,0.0,0.0,0.0,0.0,0.0,2.0,0.9384775003093555
0.0,0.0,0.0,0.0,2.0,0.0,2.0,2.0
0.0,0.0,0.0,0.0,0.0,0.0,1.3868771420262564,0.0
0.0,4.0,3.0,1.0513577504498053,0.0,1.0,2.0,0.0
2.0,4.0,0.0,0.0,2.0,1.0,0.0,1.020276929173946
2.0,1.2212842730420261,3.0,3.0,2.0,1.0,2.0,1.9805247374959323
1.5912190963906365,4.0,0.0,3.0,0.0,0.0,2.0,1.0737525929986584
2.0,4.0,3.0,3.0,2.0,0.9539243438652181,2.0,0.07534437466674593
2.0,4.0,3.0,3.0,2.0,1.0,2.0,1.9597399634529669
0.0,0.0,3.0,0.0,0.0,1.0,1.7752765879005077,0.0038523324514957435
2.0,0.0,3.0,3.0,2.0,1.0,2.0,0.0200594590849007
0.0,4.0,0.0,3.0,1.5601052900401753,0.0,0.0,1.0107631903493774
0.0,4.0,1.0584588594745516,0.0,0.0,0.0,0.0,1.9400019411456144
2.0,4.0,0.0,3.0,0.0,0.0,2.0,1.9031020421628124
2.0,4.0,3.0,3.0,0.0,1.0,2.0,1.1169341393414614
0.0,4.0,0.0,3.0,2.0,0.0,2.0,0.07392607503863402
0.0,0.0,0.0,0.0,0.0,0.0,0.0,0.01279289113059845
0.0,4.0,3.0,0.0,2.0,1.0,0.0,2.0
2.0,4.0,3.0,3.0,1.8008259873930013,1.0,2.0,1.0651047347807712
2.0,0.0,0.0,0.0,0.0,0.0,0.0,1.0809447765976594
2.0,4.0,0.0,3.0,2.0,1.0,2.0,1.8817494008976912
2.0,0.6130092280199908,3.0,0.0,2.0,1.0,0.0,1.0106552173853356
2.0,0.0,0.0,0.0,2.0,0.0,0.5989104517630857,1.0627190842606264
2.0,4.0,3.0,0.0,0.0,0.611949096792547,2.0,2.0
2.0,4.0,3.0,3.0,2.0,0.0,0.0,1.9578625998244945
2.0,0.0,3.0,0.0,0.0,0.31489468471826576,2.0,1.963689346262055
2.0,0.0,3.0,3.0,2.0,1.0,2.0,1.7113256383760465
2.0,4.0,3.0,3.0,2.0,1.0,0.0,0.9697733500498502
0.0,0.0,0.0,0.0,0.0,0.0,0.0,0.006934524014945098
2.0,4.0,0.0,3.0,2.0,0.284387084254326,2.0,1.0029735636223782
0.0,4.0,0.0,0.0,0.0,0.0,0.0,2.0
0.0,0.0,0.0,0.0,0.02043411474947121,0.0,0.0,0.11936886758707055
2.0,0.0,0.0,0.0,0.0,0.0,0.0,0.0
0.0,0.0,3.0,0.0,0.0,0.0,0.0,1.8685077195977304
0.0,0.0,0.0,3.0,2.0,0.5496845056933721,2.0,2.0
2.0,0.0,3.0,3.0,2.0,1.0,2.0,0.0
0.0,4.0,3.0,3.0,0.4636804390625795,1.0,2.0,0.07150254757714436
2.0,4.0,3.0,0.0,2.0,0.0,2.0,0.0
0.0,4.0,0.0,0.0,2.0,0.0,0.0,1.0636007573402027
0.0,0.0,0.0,0.0,0.0,0.0,0.0,2.0
0.0,0.0,0.0,3.0,2.0,1.0,2.0,1.9836928157993265
0.0,0.0,0.0,3.0,0.0,0.0,0.0,2.0
0.0,0.0,0.0,3.0,1.784640937655968,0.0,0.0,1.8858740532226523
0.0,0.0,3.0,0.0,0.0,0.0,0.0,0.08654238164269668
2.0,4.0,3.0,3.0,2.0,0.0,2.0,0.05901507991715904
2.0,0.0,3.0,0.0,2.0,0.2056740414952296,2.0,1.8818336031439424
2.0,4.0,3.0,3.0,2.0,1.0,2.0,1.9469184366473224
2.0,4.0,3.0,3.0,0.678846561614346,1.0,2.0,1.0577395996970653
2.0,0.0,3.0,3.0,0.0,0.0,2.0,2.0
0.0,0.0,0.0,2.0450512965899104,0.0,0.0,0.0,1.916221208750311
2.0,4.0,3.0,3.0,2.0,1.0,2.0,0.0
0.0,4.0,3.0,0.0,1.5857083175452151,1.0,1.2967247160381528,1.9869417562465985
2.0,3.198496761621854,3.0,0.0,0.38472499660511306,0.0,2.0,0.12214157955589722
2.0,3.3307749827935194,2.4755311197509724,0.0,2.0,1.0,0.0,0.016961686492348638
0.0,0.0,0.0,0.0,0.0,0.0,0.0,1.0697461059816449
2.0,4.0,3.0,0.0,2.0,0.0,2.0,1.1682796428076654
0.0,0.0,0.0,3.0,0.0,0.0,0.0,0.008844219539243414
2.0,0.0,0.0,0.0,2.0,0.0,2.0,0.8317120959325662
0.0,0.0,0.0,0.0,0.0,0.0,0.0,1.0932655909223898
2.0,4.0,0.0,3.0,2.0,1.0,2.0,0.9893079035979541
0.0,0.0,0.0,0.0,2.0,0.0,2.0,1.1483584859712896
2.0,4.0,3.0,3.0,2.0,1.0,2.0,2.0
0.0,0.0,1.1414880348661736,3.0,0.0,1.0,2.0,2.0
0.0,0.7932853870049841,0.0,0.0,0.0,0.0,0.0,0.09882851264781978
2.0,4.0,3.0,3.0,0.2821465035584021,1.0,0.0,0.0
2.0,0.0,3.0,0.0,2.0,0.0,0.0,0.8680568738684318
0.0,4.0,3.0,0.0,2.0,1.0,1.3470966921209973,1.863573024888464
2.0,4.0,0.0,3.0,2.0,0.0,2.0,1.0346247190295348
2.0,4.0,3.0,3.0,2.0,1.0,2.0,1.9516803099765005
0.0,0.0,2.3200541612228593,3.0,0.0,0.0,1.8678559669182961,1.9866530847740005
2.0,4.0,0.0,0.0,0.0,1.0,0.0,1.579378771085464
2.0,3.3536512416090565,0.0,3.0,0.0,0.0,0.0,2.0
0.0,0.0,0.0,1.8073516408783497,0.0,0.0,0.0,0.0
2.0,4.0,3.0,3.0,2.0,1.0,2.0,0.04646898502757857
0.0,0.0,0.0,0.0,0.0,0.0,0.0,0.05745458215007293
2.0,4.0,3.0,3.0,2.0,1.0,2.0,1.78633873328124
2.0,4.0,3.0,0.0,2.0,1.0,2.0,2.0
0.0,0.0,0.0,0.0,0.0,1.0,0.0,0.8893667628021276
0.0,0.0,3.0,0.3621213820295804,0.0,1.0,2.0,0.0
2.0,4.0,0.02716405009080978,3.0,0.0,1.0,0.0,0.9740708187946486
2.0,0.0,0.0,0.0,2.0,0.6152412273259488,2.0,0.0
0.0,0.0,0.0,0.0,0.0,0.0,0.0,2.0
2.0,4.0,3.0,0.0,2.0,1.0,2.0,0.13633485869513473
2.0,4.0,3.0,3.0,0.0,1.0,0.0,0.11822624911275259
0.0,0.0,0.0,0.0,0.0,0.0,0.0,0.17331610493673621
2.0,0.0,0.0,0.0,0.0,0.0,0.0,0.10228295676283639
0.0,4.0,0.0,3.0,0.0,1.0,0.0,0.10178241086042672
2.0,4.0,3.0,1.5709915844465558,0.0,0.0,2.0,0.0
2.0,0.0,0.0,3.0,2.0,0.0,0.0,1.561981677185107
2.0,0.0,3.0,3.0,1.169093346383315,1.0,2.0,0.0
0.0,4.0,0.0,1.5742897149598032,0.1918165024839824,1.0,2.0,0.9988221909099486
2.0,4.0,3.0,3.0,0.0,1.0,2.0,1.9760877096315559
2.0,4.0,3.0,3.0,2.0,0.0,0.0,0.0
2.0,4.0,0.0,3.0,0.0,1.0,2.0,2.0
0.0,0.0,0.0,0.0,0.0,0.0,2.0,0.10588132488565227
2.0,4.0,3.0,3.0,2.0,0.0,2.0,2.0
2.0,0.9464666439623586,0.0,3.0,0.0,1.0,2.0,0.9593786588788419
0.0,0.0,0.0,3.0,0.0,0.0,0.0,2.0
1.2266260252348937,4.0,3.0,3.0,2.0,1.0,0.0,1.2329274289649488
0.0,4.0,1.401214251353126,3.0,0.0,0.0,0.0,0.006084067311285857
0.0,4.0,3.0,0.3217572107924409,0.1641972132777999,1.0,0.5795542664396216,1.9562677253709047
2.0,4.0,0.0,1.1876156434629355,2.0,1.0,0.0,1.8155459769239273
0.06891273492702177,0.0,0.0,0.0,0.0,0.0,0.0,0.12431888982083372
2.0,4.0,0.0,3.0,2.0,1.0,2.0,0.9944014418467882
2.0,0.0,0.0,3.0,0.0,0.0,2.0,2.0
0.0,4.0,0.0,0.0,2.0,1.0,2.0,2.0
0.0,4.0,0.0,0.0,0.0,1.0,0.0,0.22940653273578926
2.0,0.0,3.0,3.0,0.0,1.0,2.0,2.0
0.0,0.0,0.0,0.0,0.0,0.0,0.0,1.9055102404930317
2.0,4.0,3.0,0.0,2.0,0.0,2.0,0.023624421303261367
2.0,0.0,0.0,0.0,2.0,0.0,0.0,0.9470826158310526
0.0,0.0,3.0,2.824896273510055,2.0,1.0,0.0,0.009049723281966848
2.0,0.0,3.0,3.0,2.0,1.0,2.0,2.0
2.0,4.0,3.0,2.3390407380312723,2.0,1.0,0.0,1.9878015300816196
2.0,4.0,0.0,0.0,0.0,1.0,0.0,0.0
0.0,0.0,0.0,0.0,0.0,0.0,0.0,1.0260059093359586
0.0,0.0,0.0,3.0,0.0,0.0,0.0,1.6342417701941092
2.0,4.0,3.0,0.0,2.0,1.0,2.0,0.02494803642048249
2.0,4.0,3.0,0.0,2.0,1.0,2.0,1.8919364117772186
2.0,4.0,3.0,3.0,2.0,1.0,2.0,1.0286852802079296
2.0,4.0,0.6661870149527934,3.0,1.5767124349333577,0.0,2.0,2.0
0.0,0.0,3.0,3.0,2.0,0.9800766368487328,0.0,1.1085360411276568
0.0,0.0,0.0,3.0,0.0,0.0,2.0,2.0
0.0,4.0,3.0,3.0,2.0,0.0,2.0,0.9264557940851287
0.0,0.0,0.0,0.0,0.0,0.0,0.0,2.0
2.0,4.0,2.2268928453963652,0.0,2.0,0.1794273554862169,0.0,1.9632806279320283
2.0,4.0,3.0,3.0,0.0,1.0,2.0,1.9478645249279918
2.0,4.0,3.0,3.0,0.0,1.0,0.0,1.03888148766599
0.0,4.0,0.0,3.0,1.0721159689710051,1.0,2.0,0.0
0.0,0.0,0.0,0.0,0.0,1.0,2.0,2.0
0.0,0.0,0.0,0.0,0.0,0.0,0.0,0.9664781511530774
0.0,0.0,0.0,3.0,0.0,0.0,2.0,2.0
0.0,0.0,0.0,3.0,0.0,0.0,2.0,2.0
2.0,0.17601290320570362,3.0,0.0,0.0,0.04056036787694506,2.0,2.0
2.0,0.0,3.0,3.0,2.0,0.6800438947958762,2.0,0.8536902292251122
2.0,0.0,0.15180205236540847,0.0,0.0,0.0,0.0,0.0
0.0,0.0,0.0,0.0,0.0,0.0,0.0,2.0
0.0,2.9995433603394033,0.0,0.0,0.0,0.0,0.0,1.136366640531801
0.0,0.0,0.0,0.0,0.0,0.0,0.0,0.10639688606848285
0.0,0.0,0.0,3.0,0.0,0.0,1.7821578709869446,0.10453610516363376
0.0,0.0,0.0,0.0,0.0,0.0,0.0,0.0303250869407653
0.0,0.0,0.0,0.0,1.0249335817200742,0.0,0.0,1.672088112241997
0.0,0.0,3.0,3.0,0.0,0.0,0.0,0.0
2.0,0.0,3.0,0.0,0.0,1.0,0.0,1.4251375975692195
2.0,4.0,0.0,0.0,2.0,0.7220346899957575,0.0,1.8907672261000805
0.0,0.0,0.0,0.0,0.0,0.0,0.0,2.0
2.0,1.6269797368342416,3.0,3.0,2.0,1.0,2.0,0.10070576036167667
0.0,0.0,3.0,0.0,2.0,0.0,0.0,2.0
2.0,0.0,0.0,0.0,2.0,1.0,0.0,1.020819099100516
2.0,4.0,0.0,3.0,1.5898258388154713,1.0,0.0,0.0
2.0,2.348301034650426,0.0,0.0,0.0,0.0,2.0,2.0
0.0,0.0,0.0,0.0,0.0,0.0,0.0,2.0
2.0,4.0,3.0,0.0,2.0,0.0,2.0,2.0
2.0,3.8312175606670946,3.0,3.0,0.0,1.0,0.0,1.8358024708645146
0.0,4.0,0.0,3.0,2.0,0.0,0.0,0.0
2.0,4.0,3.0,3.0,2.0,1.0,1.3104365778214522,1.9779985472149288
0.0,4.0,0.0,0.0,0.0,1.0,0.0,1.674887774714839
2.0,4.0,3.0,0.0,0.0,1.0,1.1189473648571941,1.032423356091787
2.0,4.0,0.0,3.0,2.0,0.8960002001599907,2.0,1.9289691443545374
0.0,4.0,3.0,3.0,0.0,0.0,2.0,2.0
2.0,0.0,3.0,3.0,0.0,1.0,2.0,1.8666165696018164
0.0,4.0,3.0,0.0,0.0,0.0,0.0,1.2244338448580654
0.0,0.0,3.0,0.0,0.0,0.0,0.0,1.0254277801448042
2.0,4.0,3.0,3.0,2.0,1.0,2.0,0.04540081318732525
2.0,4.0,3.0,3.0,2.0,1.0,0.3548465024592371,0.1386376009741852
2.0,4.0,0.0,3.0,2.0,0.3458796683575562,2.0,1.0092892058214613
2.0,0.24232292513359188,3.0,3.0,2.0,1.0,2.0,2.0
2.0,4.0,3.0,3.0,0.0,1.0,2.0,0.020816305333425378
0.0,0.0,3.0,3.0,0.0,0.0,2.0,2.0
0.0,4.0,3.0,3.0,0.0,1.0,2.0,0.9896941883786573
2.0,4.0,3.0,3.0,2.0,0.0,2.0,2.0
2.0,4.0,0.0,3.0,2.0,0.0,0.0,0.0
0.0,0.0,0.0,0.0,0.0,1.0,0.5360730692428917,1.4736535934073
0.0,0.0,0.0,0.0,0.0,0.0,0.0,0.0
2.0,4.0,3.0,0.0,2.0,0.0,2.0,1.8787531136949687
2.0,4.0,3.0,3.0,1.237812248212539,1.0,2.0,0.8802880859136751
2.0,0.0,0.0,3.0,2.0,0.0,2.0,2.0
2.0,4.0,0.0,0.0,2.0,1.0,2.0,1.9622039823175264
2.0,4.0,3.0,3.0,2.0,1.0,2.0,2.0
0.0,4.0,0.0,0.0,2.0,0.0,0.0,1.8970795339456037
0.0,0.0,0.0,0.0,0.0,0.0,0.0,0.0
0.0,0.0,0.0,0.0,0.0,1.0,0.0,1.97366402858639
2.0,4.0,3.0,3.0,2.0,1.0,2.0,0.0021630161813480653
0.0,0.0,0.0,3.0,2.0,1.0,0.0,1.983978036841837
2.0,4.0,3.0,0.0,0.0,1.0,2.0,0.9031638076510367
1.6407718114763368,4.0,3.0,3.0,2.0,0.0,2.0,1.388818426121634
0.0,0.0,3.0,3.0,0.0,0.0,2.0,2.0
2.0,4.0,3.0,3.0,2.0,1.0,2.0,0.9575589070407117
2.0,4.0,3.0,3.0,2.0,1.0,2.0,0.96809802449883
0.0,4.0,0.0,0.0,0.0,1.0,0.0,0.023609226169626685
0.0,0.0,0.0,3.0,0.0,1.0,0.0,0.04894503510699688
2.0,4.0,3.0,3.0,2.0,1.0,2.0,0.9435511777476583
2.0,4.0,3.0,3.0,2.0,0.0,2.0,1.535601500871361
2.0,2.480964877596651,3.0,0.0,2.0,1.0,2.0,0.0
2.0,0.0,3.0,0.0,0.0,1.0,0.6407562219357004,0.10864345815114451
0.0,0.0,3.0,3.0,2.0,1.0,0.09795071029901237,0.08351167271945781
0.0,0.0,0.0,0.0,0.0,0.0,0.0,1.1266135473801608
0.0,4.0,0.0,3.0,2.0,1.0,0.0,0.0
0.32355053297332204,4.0,3.0,3.0,0.0,1.0,0.0,0.0
2.0,4.0,3.0,3.0,2.0,1.0,0.0,0.02644769640447442
2.0,4.0,0.0,0.0,2.0,1.0,2.0,0.0
2.0,4.0,1.7431780182446326,3.0,0.0,1.0,0.0,0.9549417878480624
2.0,0.0,0.0,3.0,0.0,0.0,0.0,1.772139055444692
2.0,4.0,3.0,3.0,2.0,1.0,2.0,2.0
2.0,4.0,3.0,3.0,2.0,1.0,2.0,1.9363807350453954
0.0,0.0,3.0,3.0,0.0,0.0,2.0,2.0
0.0,0.0,3.0,3.0,2.0,0.8045734722837168,2.0,1.9647488531398303
0.0,0.0,0.0,0.0,0.0,0.0,2.0,1.6314817663405075
0.0,0.0,1.4325928587868924,0.0,0.0,0.0,0.0,1.9257004184097073
2.0,0.0,3.0,3.0,2.0,1.0,0.0,0.9563426045199528
0.0,0.0,0.0,0.7141766037965409,0.0,0.0,0.0,0.0
0.0,4.0,0.0,0.0,2.0,0.0,0.0,2.0
2.0,4.0,0.0,3.0,0.0,0.20494922642613578,0.0,1.0153285801113971
2.0,4.0,3.0,0.0,2.0,1.0,0.0,1.8651283793601454
2.0,0.0,3.0,3.0,0.0,0.0,0.0,0.0
0.0,0.0,0.0,3.0,2.0,0.5144129277526731,2.0,2.0
0.0,0.0,0.0,0.0,0.0,0.0,0.0,0.14243682932129054
0.0,0.0,0.0,0.0,0.31135224786098614,0.0,0.0,2.0
0.0,0.0,0.0,3.0,0.0,0.0,0.0,1.794204194404303
0.0,0.0,1.2690988900807223,0.0,0.0,0.2349739941841369,0.0,1.0222645550474208
0.0,0.0,3.0,3.0,2.0,1.0,2.0,0.0
2.0,4.0,0.0,0.0,0.0,0.0,2.0,0.0
2.0,0.0,0.0,0.0,0.0,0.0,2.0,1.0936061563820345
2.0,4.0,3.0,3.0,2.0,1.0,2.0,0.0
2.0,4.0,3.0,3.0,2.0,1.0,2.0,2.0
0.0,4.0,0.0,3.0,2.0,1.0,0.0,0.07590814783987843
0.0,0.0,3.0,3.0,2.0,0.0,2.0,2.0
2.0,0.0,3.0,0.0,0.0,1.0,0.0,0.10159879793098925
2.0,4.0,3.0,3.0,2.0,1.0,0.920635516667226,1.8613544097849504
1.3720732415229022,0.0,3.0,3.0,2.0,0.0,0.0,1.0719625404123554
0.0,0.0,0.0,0.0,0.0,0.0,0.0,1.0994594810135987
2.0,4.0,3.0,0.0,0.0,1.0,0.0,1.761987600867922
0.0,0.0,0.0,0.0,2.0,0.0,0.0,1.903191692209377
2.0,4.0,0.0,3.0,0.0,0.0,0.0,1.0700091761554578
2.0,0.0,3.0,3.0,0.0,1.0,2.0,0.9718319412013703
2.0,0.0,0.0,0.0,2.0,0.0,0.0,2.0
2.0,4.0,0.0,3.0,0.16017979812713512,1.0,0.0,0.9065364430621597
2.0,4.0,3.0,3.0,2.0,1.0,2.0,0.019272186139058234
1.694909062318561,0.0,3.0,3.0,0.0,0.0,0.0,0.0
1.0809163781492237,0.0,0.0,3.0,0.0,0.0,0.0,1.9240765859888405
2.0,4.0,3.0,0.0,2.0,0.0,0.0,1.980346373191328
2.0,0.0,3.0,3.0,2.0,1.0,0.0,1.8355496003559575
2.0,4.0,3.0,3.0,2.0,1.0,0.0,1.0711217974573748
0.0,0.0,0.0,3.0,0.0,0.5708943557776781,2.0,1.8557650918141784
2.0,0.0,0.0,3.0,0.7802036230542809,0.8265629709654291,2.0,0.0
2.0,0.0,0.0,0.0,0.0,0.0,0.0,0.0
0.0,0.0,0.0,0.0,0.0,0.0,0.0,0.8698507114269002
2.0,0.0,0.0,0.0,0.0,0.0,0.0,2.0
0.0,4.0,0.0,3.0,2.0,1.0,2.0,0.031287551653937706
0.0,0.0,0.0,0.0,0.0,0.0,0.0,0.0675045542659326
2.0,4.0,3.0,3.0,2.0,0.5922043690578346,2.0,2.0
0.0,0.0,0.0,0.0,0.0,0.0,0.0,0.9956569551008876
0.0,0.0,0.0,0.0,0.0,0.0,0.0,0.0
0.0,4.0,3.0,3.0,0.0,0.0,2.0,1.972410834575506
2.0,0.0,3.0,3.0,2.0,0.0,0.0,0.042703961002275914
2.0,4.0,3.0,0.0,2.0,1.0,2.0,0.1424275236458027
2.0,4.0,3.0,3.0,2.0,1.0,0.0,1.033682721400367
2.0,4.0,3.0,3.0,2.0,1.0,2.0,0.0
0.0,0.0,0.0,0.0,0.0,0.0,0.0,2.0
0.0,0.0,0.0,0.0,0.0,0.0,0.0,0.9107297272768855
2.0,0.0,0.0,3.0,2.0,1.0,2.0,2.0
2.0,0.0,3.0,3.0,2.0,0.0,1.5351452052558034,1.9207558998150018
0.0,1.4888370706810679,3.0,0.0,0.0,1.0,0.0,0.0
2.0,4.0,3.0,0.06923763343816877,2.0,1.0,2.0,0.026834346272558096
0.0,4.0,3.0,3.0,0.38408170360663685,1.0,2.0,2.0
2.0,4.0,3.0,3.0,2.0,1.0,2.0,1.0804987583187289
2.0,4.0,3.0,0.0,2.0,1.0,2.0,1.9713979755236466
2.0,4.0,3.0,3.0,2.0,1.0,2.0,0.0
0.0,4.0,0.0,3.0,2.0,1.0,0.0,1.9100434049374289
0.0,0.0,0.0,3.0,1.6114146255168331,1.0,2.0,2.0
0.0,4.0,0.0,0.0,2.0,1.0,0.2816744001742548,1.8940992936705188
2.0,4.0,3.0,0.0,2.0,1.0,0.0,1.9291563904997355
2.0,4.0,3.0,3.0,0.0,1.0,2.0,0.20522274992932021
2.0,4.0,3.0,0.4333073696484948,0.0,0.0,2.0,0.09288265838706133
1.8443953198504723,4.0,0.0,3.0,2.0,1.0,0.0,0.0
1.953874358090395,4.0,3.0,3.0,2.0,1.0,0.0,1.3631421024576098
0.0,0.0,0.0,0.0,0.0,0.0,0.0,2.0
0.0,0.0,0.0,0.0,0.0,0.0,0.0,0.04281501763067752
2.0,4.0,3.0,3.0,2.0,1.0,2.0,0.0
0.0,0.0,3.0,0.0,0.0,0.0,0.0,0.054419716706721855
0.0,4.0,0.0,3.0,0.0,0.6287517839957414,0.0,0.0
0.0,0.0,0.0,0.0,0.0,0.0,0.0,0.03797839540362924
2.0,4.0,3.0,3.0,2.0,1.0,2.0,1.9325552695637072
0.0,0.0,3.0,3.0,2.0,1.0,0.0,0.19747984073339808
0.0,0.0,3.0,3.0,2.0,1.0,2.0,2.0
1.5220634482480433,0.0,3.0,0.0,0.0,1.0,2.0,1.9652130456971
2.0,4.0,3.0,3.0,2.0,1.0,2.0,2.0
2.0,0.0,0.0,3.0,0.0,0.0,0.0,0.10574334822196274
2.0,4.0,0.0,0.0,0.0,1.0,0.0,0.0
2.0,0.0,3.0,0.0,0.0,0.0,0.0,1.9921775073572014
2.0,0.0,0.0,2.2620926548548734,0.0,1.0,2.0,0.0
0.0,4.0,0.0,3.0,2.0,0.0,0.0,2.0
0.0,4.0,0.0,0.0,2.0,0.0,0.0,1.7341697137034484
2.0,4.0,3.0,2.3910622248152027,2.0,0.0,2.0,2.0
0.0,0.0,0.0,0.0,0.0,1.0,0.0,1.1412554120515064
0.0,0.0,0.0,0.0,0.0,0.0,0.0,0.052528148875100156
2.0,4.0,3.0,3.0,2.0,1.0,2.0,1.0449179367664752
0.0,2.701737647626402,0.0,0.0,0.0,0.0,0.0,1.0311425499247169
2.0,4.0,3.0,3.0,2.0,0.0,1.3192263029122144,0.0
0.0,0.0,0.0,0.0,1.0020478162145405,0.0,0.0,0.9844351125508076
0.9676655103548424,0.0,0.0,0.0,0.0,0.0,0.0,0.0
2.0,4.0,3.0,3.0,2.0,1.0,2.0,1.080143217494521
0.0,0.0,3.0,3.0,0.0,0.0,0.0,2.0
2.0,0.0,0.0,3.0,2.0,0.0,0.0,1.4207452100312408
0.0,0.0,0.0,0.0,0.0,0.0,0.0,2.0
0.0,4.0,3.0,3.0,2.0,1.0,2.0,0.9899994927766362
2.0,0.0,3.0,3.0,2.0,0.0,2.0,0.0
0.0,0.0,0.0,0.0,0.0,1.0,2.0,0.0
2.0,4.0,3.0,3.0,2.0,1.0,2.0,2.0
0.0,0.0,3.0,3.0,2.0,1.0,2.0,0.05061410309462311
0.0,0.0,0.0,1.4849170304443702,0.0,0.0,0.0,1.103609416313542
2.0,4.0,3.0,3.0,2.0,1.0,2.0,0.0
2.0,4.0,3.0,3.0,2.0,1.0,2.0,1.1825045236194285
2.0,4.0,3.0,3.0,2.0,0.2727423203680482,2.0,2.0
0.0,4.0,0.0,0.0,2.0,0.0,0.0,2.0
0.0,0.0,0.0,0.0,2.0,0.856668772536775,0.0,1.0058246082112927
2.0,0.0,0.0,0.0,0.0,0.0,0.0,0.949252914556975
2.0,4.0,3.0,3.0,2.0,1.0,2.0,2.0
2.0,4.0,3.0,3.0,0.0,0.0,0.0,0.0
2.0,4.0,3.0,3.0,2.0,1.0,2.0,0.012882318537784543
2.0,0.0,0.0,0.0,2.0,0.7260155702776112,0.0,0.013519601201408382
2.0,4.0,0.0,3.0,2.0,1.0,2.0,1.9961807755344916
0.9569421100532005,0.0,0.0,3.0,0.0,0.0,2.0,0.8532337698306889
0.0,0.0,0.0,0.0,0.0,0.0,2.0,0.0
2.0,4.0,0.3562150739132271,0.0,0.0,1.0,0.0,1.0007990016378656
0.0,4.0,3.0,3.0,2.0,1.0,0.8798506256396577,0.0
0.0,0.0,0.0,0.0,0.0,0.0,2.0,2.0
0.0,4.0,0.0,0.0,2.0,0.40951955838992343,2.0,1.9778372922136107
2.0,0.0,0.0,0.0,0.20403898487160377,0.0,0.0,2.0
0.0,4.0,0.0,0.0,0.0,0.0,0.0,0.979657903548055
0.7418084971942736,4.0,3.0,3.0,2.0,0.0,2.0,2.0
0.626263682077018,0.0,0.0,0.0,0.0,0.0,2.0,1.0889811869943455
2.0,4.0,3.0,3.0,2.0,1.0,2.0,0.8855284559026902
0.0,0.0,3.0,0.0,0.0,0.8212740953325239,0.0,1.0319136624681438
2.0,0.0,0.0,3.0,2.0,1.0,0.0,1.6972781236113401
2.0,0.0,0.0,3.0,2.0,1.0,2.0,2.0
2.0,4.0,3.0,3.0,2.0,1.0,2.0,1.021998808687488
1.3373640627774073,4.0,3.0,3.0,2.0,1.0,2.0,2.0
2.0,4.0,0.0,3.0,2.0,1.0,2.0,1.635471229050156
0.0,0.0,0.0,0.0,0.0,0.0,2.0,0.9944988611714197
2.0,4.0,0.0,0.0,2.0,0.0,2.0,1.6786335505882084
0.0,4.0,3.0,3.0,2.0,1.0,2.0,1.0196769775568335
0.0,0.0,0.0,0.0,1.9008331004326005,0.0,0.0,2.0
0.0,4.0,0.0,3.0,0.0,0.0,0.0,0.0
2.0,4.0,0.0,0.0,2.0,0.0,0.0,0.1386109693136095
0.0,0.0,3.0,3.0,2.0,1.0,2.0,1.9810258849419546
0.0,0.0,3.0,0.0,0.0,0.0,2.0,1.9843929996218108
2.0,0.0,3.0,2.803092794427034,1.3929297348823129,1.0,0.0,0.0
2.0,0.0,2.0043192471194797,3.0,2.0,1.0,2.0,0.20291023554684795
0.0,0.0,0.0,1.7084194272247017,0.0,0.0,0.0,0.03631147848172411
0.0,4.0,3.0,0.0,2.0,0.0,0.0,0.0
0.0,0.0,0.0,0.0,2.0,0.0,0.0,0.1218720299046806
2.0,4.0,3.0,3.0,2.0,1.0,2.0,0.0
2.0,0.0,3.0,3.0,0.0,1.0,2.0,0.012428635737220417
0.0,4.0,0.0,0.0,0.0,0.0,0.0,2.0
2.0,0.0,3.0,0.0,2.0,1.0,0.0,1.961576725630389
2.0,0.0,3.0,3.0,2.0,1.0,2.0,1.054555619529978
0.0,0.0,0.0,0.0,0.0,0.0,2.0,1.5381798085722729
0.0,0.0,3.0,0.0,2.0,0.0,0.0,0.03816080070981287
2.0,4.0,0.0,3.0,2.0,1.0,2.0,0.0
2.0,4.0,3.0,3.0,2.0,1.0,2.0,0.9237637420235228
2.0,4.0,2.0894565491613375,3.0,2.0,1.0,2.0,1.0389636553748183
2.0,4.0,3.0,3.0,2.0,1.0,1.936529990497132,0.9422692764685169
2.0,4.0,3.0,0.0,2.0,0.0,2.0,0.0
2.0,0.0,3.0,3.0,2.0,1.0,2.0,1.1299144810707191
2.0,0.0,0.0,0.0,0.0,0.0,2.0,0.0040506795631397585
2.0,0.0,0.0,0.0,0.0,0.0,0.0,0.0549898477278028
0.0,0.0,0.0,0.0,0.0,0.0,2.0,0.0
0.0,0.0,0.0,0.0,0.0,0.0,0.0,0.0
2.0,4.0,3.0,3.0,2.0,1.0,2.0,2.0
0.0,0.0,0.0,0.0,0.0,0.0,0.0,0.012904194071452157
2.0,4.0,3.0,3.0,0.4663309037613703,1.0,2.0,0.836574136927229
0.0,0.0,0.0,0.0,0.0,0.0,0.0,0.0
0.0,4.0,0.0,0.0,0.0,0.0,2.0,0.0
2.0,0.0,0.0,3.0,0.0,0.0,0.0,0.0
2.0,4.0,3.0,3.0,2.0,1.0,0.0,0.0
1.784912794142402,0.0,0.0,0.0,0.0,0.0,0.0,2.0
2.0,4.0,3.0,0.0,2.0,0.0,2.0,1.9791154118410574
2.0,4.0,3.0,3.0,2.0,1.0,2.0,1.8660743756504015
0.0,0.0,0.0,0.0,0.0,0.0,0.0,1.8740919597218553
2.0,4.0,0.0,0.0,0.0,0.0,2.0,0.9539345767951549
2.0,4.0,3.0,3.0,2.0,1.0,2.0,1.7968400717365651
2.0,4.0,3.0,3.0,2.0,0.0,0.0,0.9631391552479377
0.0,0.0,0.0,3.0,0.0,0.0,0.0,1.0072978023851045
2.0,4.0,0.0,3.0,0.0,1.0,0.0,1.969678040562108
2.0,4.0,3.0,3.0,0.11540657263406162,1.0,2.0,1.9926113418295017
2.0,4.0,3.0,3.0,0.0,1.0,2.0,0.0
0.0,0.0,3.0,0.0,2.0,0.0,2.0,0.03609394488307238
2.0,0.0,0.0,0.0,2.0,0.0,2.0,1.38477712254998
0.0,4.0,0.0,0.0,0.0,0.0,0.0,1.183035607797073
0.0,4.0,0.0,3.0,2.0,0.0,2.0,2.0
2.0,4.0,2.0228359013113733,3.0,2.0,0.5211988657259826,2.0,0.0
0.0,4.0,3.0,0.0,2.0,0.0,2.0,2.0
0.0,4.0,0.0,0.0,0.0,0.0,2.0,1.956650375292999
2.0,4.0,3.0,3.0,2.0,1.0,2.0,1.998186042096762
2.0,0.0,3.0,3.0,0.0,0.0,0.0,1.9263679155267586
0.0,0.0,0.0,3.0,0.0,0.0,2.0,1.8865121312920428
2.0,0.0,3.0,0.0,2.0,1.0,2.0,0.8884376916751505
0.0,0.0,3.0,0.0,0.0,0.0,0.0,2.0
2.0,4.0,0.0,2.8749286311006994,0.0,0.0,0.0,1.0913555469421206
2.0,4.0,3.0,3.0,2.0,1.0,2.0,2.0
0.0,4.0,3.0,0.0,2.0,0.09356373797389755,2.0,0.0
0.0,4.0,3.0,3.0,0.0,0.0,0.0,2.0
2.0,4.0,3.0,3.0,2.0,1.0,2.0,1.0823604540330765
2.0,4.0,1.9952122391878813,3.0,2.0,1.0,0.0,2.0
0.0,0.0,0.0,0.0,0.0,0.0,0.0,0.024649905441971875
0.0,0.20579535817837424,0.0,0.0,0.0,1.0,0.0,1.250490997253355
2.0,4.0,3.0,3.0,0.2043912318347939,1.0,2.0,0.9669070017675307
1.2459529726825602,0.0,1.460250745812018,3.0,2.0,1.0,0.0,1.9130611032854392
0.0,0.0,0.0,0.0,0.0,0.0,0.0,0.09085508825728073
2.0,0.0,3.0,2.5965789309357548,0.0,1.0,0.0,0.8288236900942507
0.0,4.0,0.6756063682594201,0.0,2.0,0.0,2.0,1.010601653142337
2.0,0.0,3.0,3.0,2.0,1.0,0.7749675680340663,1.0737223135493026
1.655029215012834,4.0,3.0,0.0,2.0,1.0,2.0,2.0
2.0,0.0,0.0,0.0,0.0,0.0,0.8802286968647451,0.9358234831268393
2.0,0.0,3.0,0.0,2.0,1.0,2.0,1.9222358184227522
0.0,0.0,3.0,3.0,2.0,1.0,0.0,1.950769476317133
0.0,0.0,0.0,0.0,0.0,0.0,0.0,2.0
0.0,0.0,3.0,0.0,0.0,1.0,2.0,1.0316763388104946
0.0,4.0,2.246936228221068,3.0,2.0,1.0,1.4806833258397312,0.9605090179851504
0.3343817270487198,0.8284922564877069,3.0,0.0,0.0,1.0,2.0,0.9906731785707934
2.0,4.0,3.0,1.4015501852484578,2.0,0.0,0.0,1.9743524830225785
2.0,0.0,3.0,0.0,2.0,1.0,0.0,0.08392095954398393
2.0,4.0,3.0,3.0,2.0,1.0,2.0,1.1024747097316574
0.0,0.0,3.0,0.0,0.0,1.0,0.0,1.9587362050900876
2.0,4.0,3.0,3.0,2.0,1.0,1.2071747010504967,0.0
0.0,0.0,0.0,0.0,0.0,0.0,0.0,2.0
0.0,0.0,0.0,0.0,0.0,0.0,0.0,1.102327905763467
2.0,4.0,3.0,3.0,2.0,1.0,2.0,1.059211610621451
2.0,4.0,3.0,3.0,2.0,1.0,2.0,2.0
0.0,0.0,0.0,0.0,0.0,1.0,0.0,1.1195381591316325
2.0,4.0,3.0,0.0,2.0,1.0,2.0,1.9114596587175088
1.5932219636181566,0.0,3.0,3.0,0.0,0.0,0.8935972891471592,1.8662234721978797
2.0,0.0,3.0,3.0,2.0,0.0,0.0,1.0929605937212106
2.0,4.0,0.0,3.0,0.0,1.0,0.0,0.9693794901861547
2.0,4.0,0.0,0.0,0.42735933738840404,0.0,0.0,1.0583984011335013
2.0,3.8547547263248747,0.0,3.0,0.0,0.0,2.0,1.9953817258707889
2.0,0.0,0.0,0.0,2.0,1.0,2.0,1.607955760764116
0.0,0.0,3.0,0.0,0.0,0.0,0.0,1.9981657460511089
2.0,0.0,0.0,3.0,1.6902483506217143,1.0,2.0,2.0
2.0,4.0,3.0,3.0,2.0,1.0,0.0,0.12038367015597318
0.9437405731611445,0.0,3.0,0.0,0.0,1.0,2.0,1.9659060010685194
2.0,4.0,3.0,3.0,2.0,1.0,0.0,1.9751092571455535
0.0,0.0,0.0,0.0,0.0,0.0,0.0,1.7449547908383276
0.0,2.270265708411096,0.0,0.0,0.0,0.0,0.0,1.152132471251023
0.2398434282117563,0.0,0.0,0.0,0.0,0.0,0.0,0.11110499044119804
0.0,4.0,0.0,0.0,2.0,0.0,0.0,2.0
0.0,0.0,0.0,3.0,0.0,1.0,0.0,0.0
2.0,4.0,0.0,0.0,2.0,1.0,0.0,0.0
2.0,0.0,0.0,0.0,2.0,0.0,2.0,0.9523551777035154
2.0,4.0,3.0,3.0,2.0,1.0,2.0,1.9587098903468128
2.0,0.0,0.0,3.0,2.0,0.0,0.0,1.04127791115662
0.0,0.0,3.0,0.0,0.0,0.0,0.0,0.9914705964828636
2.0,4.0,3.0,3.0,2.0,1.0,2.0,2.0
0.0,0.0,0.0,3.0,0.0,1.0,0.0,1.1185007369049895
2.0,0.0,3.0,0.0,2.0,1.0,0.0,0.013745237214111805
0.0,0.0,2.495884112941035,0.0,0.0,0.0,0.0,1.9200706168114623
0.0,0.0,0.0,0.0,0.0,0.0,0.0,1.2092198087508341
0.0,0.0,0.0,0.0,0.0,0.0,0.9248497927604059,1.7688390930981688
2.0,0.0,0.0,3.0,0.0,0.0,2.0,2.0
2.0,4.0,0.0,3.0,2.0,1.0,2.0,0.06328478179114838
2.0,4.0,0.0,0.0,0.0,0.0,0.0,0.013845387374729956
2.0,4.0,3.0,3.0,2.0,1.0,0.0,0.07193238281967418
2.0,4.0,1.2341279040323647,3.0,0.0,0.0,0.0,1.4844276545080144
0.0,4.0,3.0,3.0,2.0,1.0,2.0,0.08644102778195428
2.0,4.0,3.0,3.0,2.0,1.0,2.0,0.8885190131118035
2.0,0.0,3.0,0.0,2.0,1.0,2.0,2.0
2.0,0.0,3.0,1.9412567806789411,0.0,1.0,0.0,0.0
0.0,0.0,3.0,0.0,0.0,0.0,0.6717628087445108,0.04934380961676155
0.0,0.0,0.0,3.0,0.0,0.0,0.0,0.08452539668718384
2.0,0.0,0.0,3.0,2.0,1.0,2.0,1.9459116291305572
2.0,0.0,0.0,0.0,0.0,0.0,0.0,0.0
2.0,0.0,0.0,0.0,2.0,1.0,2.0,2.0
0.0,0.0,1.2000138741631565,0.0,0.0,0.0,0.0,1.9196760350676807
0.0,0.0,0.0,0.0,0.0,0.0,0.0,0.10760091276930106
0.0,0.0,0.0,0.0,1.2107897650831931,0.0,0.0,0.0
2.0,4.0,3.0,1.7163954106643962,2.0,0.06772532243869311,2.0,0.0
2.0,4.0,3.0,3.0,0.0,1.0,2.0,0.9209324625135011
2.0,0.0,0.0,0.0,0.0,0.0,0.0,1.0031364311835227
2.0,4.0,3.0,3.0,2.0,1.0,0.0,1.734141690889432
0.0,4.0,3.0,0.0,0.0,1.0,2.0,0.0041765587151042505
0.0,0.0,0.0,0.0,0.0,0.0,0.0,1.367896611968946
0.0,0.0,0.0,0.0,0.0,0.0,0.0,1.9005236822148706
2.0,0.0,3.0,2.2702237793398155,2.0,0.0,2.0,2.0
0.14549628835185802,0.0,3.0,3.0,0.0,1.0,2.0,1.9890602640808521
2.0,4.0,0.0,0.8658968222911465,2.0,1.0,2.0,0.0
0.0,4.0,0.0,3.0,0.0,0.0,2.0,0.0
0.0,0.0,3.0,3.0,0.8688872207764694,0.0,2.0,1.9521568461215633
2.0,0.0,3.0,3.0,0.0,1.0,2.0,0.0
0.0,0.0,0.0,0.0,0.0,0.0,0.0,0.007227431746030244
0.0,0.0,0.0,0.0,2.0,0.0,0.0,0.031175423936560365
2.0,4.0,3.0,3.0,2.0,1.0,2.0,0.9734760749941981
0.0,4.0,3.0,3.0,1.8847394600102445,1.0,2.0,0.0819950323204478
0.0,0.0,0.0,0.0,0.0,0.0,0.0,1.9752103267999457
2.0,0.0,0.0,3.0,2.0,0.0,0.0,1.9856907339674765
2.0,4.0,0.0,3.0,2.0,0.0,2.0,0.0
0.0,0.0,3.0,0.0,0.0,0.0,0.0,0.0
0.0,0.24792368503681006,3.0,3.0,0.0,0.0,0.0,1.0057441837467278
0.0,0.0,0.0,0.0,0.0,0.0,0.0,0.0
2.0,4.0,3.0,3.0,1.1920978204255281,1.0,2.0,1.1860509861709343
2.0,0.0,0.0,0.0,2.0,0.0,0.0,1.0787900255649512
2.0,4.0,1.1243503384424245,0.0,0.0,0.0,0.0,0.002879059714756882
2.0,4.0,0.0,0.0,2.0,1.0,0.0,2.0
2.0,0.0,0.0,0.0,2.0,1.0,0.0,0.9248624637159015
2.0,4.0,3.0,3.0,2.0,1.0,2.0,1.013780750302839
2.0,0.0,3.0,3.0,2.0,1.0,2.0,2.0
0.0,0.0,0.0,0.0,0.0,0.0,0.0,0.018591970607785835
2.0,4.0,0.0,3.0,2.0,0.0,0.0,1.4557858999952582
0.0,0.0,0.0,0.0,0.0,0.0,0.0,0.0
0.0,0.0,0.0,2.008623622443151,0.0,0.0,0.0,0.8935677399901604
0.0,4.0,0.0,3.0,2.0,1.0,2.0,1.1590001215348362
2.0,0.0,3.0,3.0,2.0,1.0,2.0,1.9285635624071595
2.0,4.0,3.0,3.0,2.0,1.0,2.0,0.017620092609912597
0.0,0.0,3.0,0.0,0.0,1.0,0.0,1.905421517227676
0.0,4.0,0.0,2.632478262082989,0.0,0.0,0.0,0.06922869339164284
2.0,0.0,3.0,3.0,0.0,1.0,0.0,1.1274438874042774
0.2660401690836858,4.0,3.0,2.3529179607776802,2.0,0.0,2.0,1.0464122396468498
0.0,0.0,0.0,0.0,1.4684711877536558,1.0,2.0,1.9840427968533774
0.0,4.0,3.0,3.0,2.0,1.0,0.0,0.004667672700130798
0.0,0.0,0.0,0.0,0.0,1.0,2.0,1.3399107461697222
0.0,4.0,3.0,0.0,2.0,0.0,2.0,1.036281890557035
0.0,0.0,0.0,0.0,0.0,1.0,2.0,0.9840302565781015
2.0,0.0,3.0,3.0,2.0,1.0,0.0,0.0
2.0,4.0,3.0,3.0,2.0,0.0,2.0,0.0
0.0,0.0,0.0,0.0,2.0,1.0,2.0,0.9899364460599609
0.0,0.0,0.0,3.0,1.0237319256490132,0.0,0.0,2.0
0.0,0.0,0.0,0.0,0.0,0.0,0.0,0.0
2.0,4.0,0.0,3.0,2.0,1.0,2.0,2.0
2.0,4.0,0.0,3.0,2.0,1.0,2.0,1.1371846311650393
0.0,4.0,3.0,0.0,0.0,1.0,2.0,0.09631584946559957
0.0,0.0,0.0,0.0,0.0,0.0,0.0,1.1314841481052704
2.0,0.0,0.0,0.0,0.0,0.0,0.0,0.11969770469334196
2.0,0.0,3.0,3.0,2.0,0.0,2.0,1.8971541939665584
0.0,4.0,3.0,3.0,0.0,0.0,0.0,2.0
0.0,4.0,0.0,0.0,2.0,0.0,0.0,0.060233336335229426
2.0,4.0,0.0,0.0,0.0,0.0,2.0,0.0623022360224762
2.0,4.0,3.0,3.0,2.0,1.0,2.0,0.12029774547620098
2.0,4.0,3.0,3.0,2.0,1.0,2.0,1.9433662797287012
0.0,0.0,0.0,0.0,0.0,0.0,0.0,0.9585256919281046
0.0,4.0,3.0,0.0,2.0,1.0,2.0,0.0
0.0,0.0,0.0,0.0,0.0,0.0,0.0,0.0
0.0,0.0,0.0,0.0,0.0,1.0,2.0,1.030355733896748
2.0,4.0,0.0,3.0,2.0,1.0,2.0,1.9443419762949767
2.0,4.0,3.0,0.5823678909084407,0.0,1.0,0.0,1.7751941958120896
2.0,4.0,3.0,3.0,0.0,1.0,2.0,1.9952626779250622
2.0,4.0,3.0,3.0,2.0,1.0,2.0,0.06713952715815075
2.0,4.0,0.0,3.0,2.0,1.0,0.0,0.9781288839706943
2.0,4.0,0.0,3.0,0.0,0.0,2.0,1.8338552594757629
2.0,4.0,3.0,3.0,2.0,1.0,2.0,2.0
1.297604182411757,4.0,3.0,0.0,2.0,1.0,2.0,1.9450463937465172
2.0,4.0,3.0,3.0,2.0,1.0,2.0,0.0
0.0,4.0,0.0,3.0,0.0,0.0,0.0,1.0791305026400422
0.19685232584604018,4.0,3.0,0.0,0.0,1.0,0.0,1.903972084407663
0.0,0.0,3.0,3.0,0.0,1.0,2.0,1.9966595671539364
0.0,4.0,3.0,3.0,2.0,1.0,0.0,1.9984913060952572
2.0,1.2156717685361498,0.0,0.0,0.0,0.0,2.0,1.0547387605566798
2.0,0.0,0.0,0.0,0.0,0.0,0.0,0.0
2.0,4.0,0.0,0.0,2.0,1.0,0.0,1.0792070614093803
0.0,4.0,3.0,0.0,0.0,0.0,0.0,0.0
0.0,0.0,0.0,0.0,0.0,0.0,0.0,1.1268018353763825
0.0,0.0,0.0,0.0,0.0,0.0,0.0,0.9088700101841003
2.0,4.0,3.0,3.0,2.0,0.0,0.0,2.0
2.0,4.0,3.0,0.0,0.0,1.0,0.0,0.9822868980397775
2.0,4.0,0.0,0.0,2.0,0.0,0.0,0.0
2.0,0.0,3.0,0.0,2.0,1.0,0.0,2.0
2.0,4.0,3.0,3.0,2.0,1.0,2.0,0.1280525779436258
2.0,0.0,0.0,1.8901777668645612,0.0,0.0,0.0,0.9485240077940164
2.0,4.0,0.0,3.0,0.0,1.0,2.0,0.03314126490225178
0.0,2.491834080024849,0.0,3.0,0.0,0.0,2.0,2.0
2.0,0.0,0.0,0.0,2.0,1.0,2.0,1.0513612603488969
1.9062251122608698,0.0,1.3173863871201559,0.0,0.0,1.0,0.0,1.5078160083912757
2.0,4.0,0.0,0.0,0.0,1.0,2.0,0.0019268781962892279
0.0,0.0,0.0,0.0,0.0,0.0,0.0,1.0050803810442401
0.0,0.0,0.0,0.0,0.0,0.8440653895234468,0.0,1.0070115109768363
2.0,4.0,3.0,3.0,0.0,0.0,2.0,1.0743478417534913
2.0,4.0,3.0,3.0,0.0,1.0,2.0,1.0149086069817843
2.0,0.0,0.0,3.0,0.0,0.8611137679168578,2.0,1.1175190029466784
2.0,4.0,2.2005187078664736,3.0,1.0230555455234096,1.0,2.0,0.8613331024244504
0.0,3.8322872493284668,0.0,0.0,0.0,0.0,0.0,1.9208080343777225
2.0,4.0,3.0,3.0,2.0,1.0,2.0,2.0
2.0,2.4203945769652844,0.0,3.0,2.0,0.0,2.0,2.0
0.0,4.0,0.0,0.0,0.0,0.0,2.0,1.168029128256595
2.0,0.0,3.0,3.0,2.0,1.0,2.0,2.0
2.0,4.0,0.0,3.0,0.0,1.0,2.0,1.8357819018567154
2.0,4.0,3.0,3.0,0.0,1.0,2.0,0.9588367187408342
0.0,4.0,0.0,3.0,0.0,0.0,0.0,1.896017738023072
2.0,4.0,0.0,0.0,0.0,1.0,0.0,0.0
2.0,4.0,0.0,0.0,2.0,1.0,2.0,0.0
0.0,4.0,3.0,0.0,0.0,1.0,0.0,1.8161387996654281
0.0,4.0,0.0,3.0,2.0,0.0,2.0,2.0
0.0,4.0,0.0,3.0,0.0,1.0,2.0,0.9312800681714692
0.0,4.0,3.0,3.0,2.0,0.0,2.0,2.0
2.0,0.0,0.0,3.0,0.0,1.0,0.0,1.5716876950658727
0.0,0.0,0.0,1.6306852683350395,0.0,1.0,2.0,1.9962562560305726
0.0,0.0,0.0,0.0,0.0,0.0,0.0,1.937510646702945
2.0,0.0,3.0,3.0,0.0,1.0,2.0,2.0
2.0,4.0,0.0,0.0,2.0,1.0,2.0,0.019584429344888132
2.0,4.0,3.0,3.0,1.9884075114769337,1.0,2.0,1.0490585839708564
0.0,3.6370903771694203,0.0,3.0,2.0,1.0,2.0,2.0
2.0,0.0,0.0,0.0,0.0,0.0,2.0,0.9176011696544963
0.0,0.0,0.0,0.0,0.0,0.0,0.0,0.9973743823381981
2.0,4.0,3.0,0.0,2.0,1.0,0.0,0.0
2.0,0.0,3.0,3.0,2.0,1.0,2.0,0.0
0.0,0.0,0.0,0.0,0.965987370992494,0.0,1.392342936830881,1.75106147961699
2.0,4.0,3.0,3.0,1.5405808054525725,1.0,2.0,1.0376042821048088
2.0,4.0,3.0,3.0,2.0,1.0,2.0,2.0
2.0,4.0,3.0,3.0,2.0,1.0,2.0,2.0
2.0,4.0,3.0,3.0,2.0,1.0,2.0,1.9343199841490928
0.0,4.0,0.0,3.0,2.0,0.0,0.0,0.9541994985608179
2.0,0.6599117270397294,0.0,3.0,0.0,0.0,2.0,0.9851982225377557
2.0,4.0,0.0,3.0,2.0,0.0,2.0,0.0
0.0,0.0,0.0,0.0,2.0,0.0,0.0,1.1154728546819168
2.0,4.0,0.0,0.7591825937794718,0.0,0.4244743084448389,0.0,0.0
0.0,4.0,0.0,3.0,0.0,0.0,0.0,0.0
0.0,4.0,0.0,0.18508888066175938,2.0,1.0,0.0,0.0
0.0,0.0,3.0,0.0,2.0,0.8425017017774046,0.0,0.03503328401896999
0.0,0.0,0.0,0.0,0.0,0.0,0.0,0.10814771851830696
0.0,0.0,0.0,3.0,0.0,0.18772211666094385,2.0,0.007289369967130255
2.0,4.0,0.0,3.0,2.0,1.0,2.0,2.0
2.0,0.3252537208864459,3.0,3.0,0.0,1.0,0.0,1.8878245915683955
0.0,4.0,0.0,0.0,2.0,0.0,0.0,0.9528574112922035
0.0,3.906887023899378,3.0,3.0,0.0,1.0,0.0,0.0
2.0,4.0,3.0,0.0,0.0,1.0,2.0,0.0
2.0,0.0,3.0,3.0,0.0,0.0,0.0,1.931453937270889
0.30227581840003614,4.0,0.0,3.0,0.0,0.31421462812983325,2.0,0.962709804869021
0.0,3.5385829984471453,3.0,0.0,0.07040458215791512,1.0,0.0,0.8929506088789598
2.0,0.0,0.0,0.0,0.0,0.0,0.0,1.9060731546232927
0.0,4.0,3.0,0.0,0.0,0.0,0.5297852263074887,1.2663681806069875
0.0,0.0,0.0,0.0,0.0,0.0,0.0,1.8889687905134447
0.0,0.0,0.0,3.0,0.0,1.0,0.0,1.0385136159381894
0.0,0.0,3.0,0.0,0.0,0.0,0.0,1.0505417462530766
2.0,4.0,3.0,3.0,0.0,1.0,2.0,0.0
0.0,0.6848712565569164,0.0,0.0,2.0,1.0,1.6454545333350683,1.977229806642419
0.0,4.0,0.0,0.0,2.0,0.9933772506573398,2.0,0.07832063059089789
0.0,0.0,0.0,1.3331502547270113,0.0,0.0,0.0,0.9203018573683003
0.0,0.0,3.0,3.0,0.0,0.0,0.0,0.006816762854704783
0.0,0.0,0.8789346549026847,0.0,0.0,0.0,0.0,1.0133519877972235
0.9528701497981065,0.0,0.0,0.0,0.0,0.0,0.0,0.9980048454339994
2.0,4.0,0.0,0.0,0.0,1.0,0.0,1.1080647006800701
2.0,4.0,3.0,3.0,2.0,1.0,0.0,1.9605473617301459
2.0,4.0,3.0,0.010909100291989347,2.0,1.0,2.0,0.0
0.0,0.0,0.0,0.0,0.0,0.4154589582566448,0.0,1.4293170426206319
0.7458008120695305,4.0,3.0,3.0,2.0,1.0,2.0,2.0
2.0,0.0,0.0,0.0,0.0,0.0,0.0,1.734021811561845
0.0,0.0,0.0,0.0,0.0,0.0,0.0,1.1625038069405174
0.0,0.0,0.0,0.0,0.0,1.0,0.0,1.9018635072008299
2.0,4.0,3.0,3.0,2.0,1.0,2.0,1.0358789322587965
0.0,4.0,3.0,0.0,2.0,1.0,2.0,0.8692925886427618
0.0,4.0,3.0,3.0,2.0,1.0,0.0,1.0674139836722376
2.0,0.0,3.0,0.0,2.0,0.0,0.0,1.9843617995236111
0.7313439866799472,4.0,3.0,2.29727991181687,2.0,1.0,0.0,2.0
0.7249893039369886,0.0,0.0,0.0,0.0,0.0,0.0,0.0
0.0,0.0,0.0,0.0,0.0,0.0,0.0,0.9909021732083882
0.0,0.0,3.0,0.0,2.0,0.0,2.0,1.1215650087366889
0.0,4.0,0.0,0.0,0.0,1.0,0.0,1.9215123121937487
2.0,4.0,3.0,3.0,2.0,1.0,2.0,1.940938175478192
2.0,0.0,3.0,3.0,0.0,1.0,2.0,0.9525568543472369
2.0,4.0,0.0,3.0,0.0,1.0,0.0,0.9480966366230704
0.0,0.0,0.0,3.0,1.0400291121303886,1.0,0.0,2.0
1.4415978210595606,0.0,0.0,0.0,0.0,1.0,0.27116879468753896,1.847810234552045
0.0,0.0,0.0,3.0,0.0,0.0,0.0,0.0
0.3224374142493851,0.0,3.0,0.0,0.0,0.0,0.0,1.9619544242504277
2.0,4.0,0.0,3.0,1.7609357070301521,1.0,1.0023861399744598,0.15627614414706792
0.0,4.0,0.3851602251692282,3.0,2.0,0.0,2.0,2.0
0.0,0.0,3.0,0.0,2.0,1.0,0.0,1.1922701686599233
0.0,0.0,0.0,0.0,2.0,1.0,0.0,0.9862952134772399
2.0,1.8045967794071238,3.0,0.0,2.0,1.0,0.0,0.9301172690022794
0.0,0.0,0.0,0.0,0.0,0.0,2.0,0.883178028739987
0.0,4.0,0.0,0.0,0.0,0.0,0.0,1.149050130818571
0.0,2.192504628083412,3.0,0.0,2.0,0.0,1.2696421315053918,2.0
2.0,4.0,3.0,3.0,2.0,1.0,2.0,0.0
2.0,4.0,3.0,3.0,2.0,1.0,2.0,2.0
0.0,0.0,0.0,0.0,0.0,0.0,0.0,0.0
2.0,4.0,3.0,3.0,2.0,1.0,2.0,0.041539647916835176
0.0,4.0,3.0,3.0,0.0,1.0,2.0,1.9593919226908199
1.276270701065406,4.0,2.181543157283013,0.0,0.0,0.5454606624818594,2.0,1.5708559768860635
2.0,4.0,3.0,3.0,2.0,1.0,2.0,0.0
2.0,4.0,0.0,2.1358225780427613,0.0,0.0,2.0,0.0
2.0,0.0,0.0,3.0,2.0,1.0,0.0,1.9268758417025142
2.0,4.0,3.0,3.0,2.0,1.0,2.0,1.0509067254095292
0.0,4.0,1.5100234866864737,0.0,0.0,0.0,2.0,0.9741392723417042
0.0,0.0,0.0,3.0,2.0,0.0,0.0,2.0
0.0,4.0,0.0,0.0,1.0666229150261757,0.0,2.0,0.0
1.4733150964667519,0.0,0.2691951326543689,0.0,2.0,1.0,2.0,0.0
1.8802304132931136,4.0,0.0,3.0,0.0,0.0,0.0,2.0
2.0,0.025403776815947632,0.0,3.0,0.0,0.0,2.0,0.030645516870213885
2.0,4.0,3.0,0.0,2.0,0.0,2.0,1.6350385359445845
0.0,0.0,3.0,0.0,0.0,0.0,0.0,1.068108746678486
2.0,4.0,3.0,3.0,0.0,1.0,2.0,1.0936208564056722
2.0,4.0,3.0,3.0,2.0,1.0,2.0,0.0
0.0,0.0,0.0,0.0,2.0,1.0,0.0,0.0
2.0,0.0,0.0,3.0,2.0,1.0,1.8878149985674177,0.0
1.735360756816005,4.0,3.0,3.0,2.0,0.0,2.0,2.0
0.0,0.0,0.0,0.0,0.0,0.0,0.42522526114417736,0.0019218626233828973
2.0,4.0,3.0,2.1707494008657737,2.0,1.0,2.0,0.11864272213820004
2.0,0.0,0.0,1.5852791515639773,0.0,1.0,0.0,1.9908049293573056
0.0,4.0,3.0,0.0,0.0,0.0,2.0,0.9290090792128849
1.5421013125227443,4.0,0.0,0.0,0.0,0.0,0.0,1.9896537837369261
0.5448775911822803,4.0,3.0,3.0,0.9606237448295516,1.0,2.0,2.0
0.0,4.0,3.0,0.0,2.0,1.0,0.0,2.0
2.0,4.0,3.0,3.0,2.0,1.0,0.8212589633967269,0.9555269930536475
2.0,4.0,0.0,0.0,0.0,0.0,2.0,0.0
2.0,0.0,3.0,3.0,0.0,0.0,2.0,1.2161176886092722
0.0,0.0,1.0112414260848297,0.0,0.0,0.0,0.0,0.06014420298217793
0.0,4.0,3.0,3.0,2.0,1.0,2.0,2.0
2.0,4.0,0.8018264578883515,3.0,2.0,1.0,0.0,1.0433486227069422
2.0,4.0,0.0,3.0,2.0,0.0,0.0,0.8579212554280821
2.0,4.0,0.0,3.0,2.0,0.0,0.0,0.0
2.0,0.0,0.0,1.6273798586609467,0.42564430845981316,1.0,2.0,0.0
0.0,0.0,3.0,3.0,0.0,1.0,2.0,2.0
0.0,0.0,3.0,0.0,0.0,0.0,0.0,0.027671571677644002
0.0,0.0,0.0,0.0,0.0,1.0,0.0,1.6970792826347236
2.0,4.0,3.0,3.0,2.0,1.0,0.0,0.0
0.0,0.0,3.0,3.0,0.0,0.0,0.0,2.0
0.0,4.0,0.0,0.0,2.0,0.0,0.0,1.065024673854482
2.0,4.0,3.0,3.0,2.0,1.0,2.0,0.8263662119252846
2.0,4.0,3.0,3.0,2.0,1.0,2.0,1.6439932216952553
0.0,4.0,3.0,3.0,2.0,1.0,2.0,0.01592946489194369
0.0,4.0,0.0,3.0,2.0,1.0,2.0,0.9687897588975453
2.0,4.0,3.0,3.0,2.0,1.0,2.0,2.0
2.0,4.0,3.0,3.0,2.0,1.0,2.0,1.8583475227854938
2.0,4.0,3.0,3.0,2.0,1.0,2.0,2.0
2.0,0.0,0.0,0.0,0.0,0.6315704533459636,0.0,1.1625456584714868
0.0,0.0,0.0,0.0,0.0,0.0,0.0,0.10769210673867657
1.0956049197382676,0.0,0.0,0.0,0.0,0.0,0.0,1.0542807036841746
0.0,4.0,3.0,3.0,2.0,1.0,0.0,1.9220805388149125
2.0,4.0,3.0,0.0,2.0,0.0,0.0,1.0925757834233947
0.0,0.0,0.0,0.0,0.0,0.0,0.0,1.0349087243973338
0.0,0.0,0.0,0.0,2.0,0.0,0.0,0.0
2.0,4.0,3.0,0.0,0.0,1.0,2.0,1.9819369501430286
2.0,0.11117256177444523,0.0,3.0,0.0,0.0,0.0,0.9471024061679413
0.0,0.0,0.0,0.0,0.0,0.0,0.0,2.0
0.0,4.0,3.0,1.9710221921742026,0.0,1.0,1.851769353488712,0.0003197605805245196
0.1875100203736385,4.0,0.0,3.0,0.09119441547202511,1.0,2.0,1.024586223768334
0.0,0.0,0.0,0.0,0.0,0.0,0.0,1.912789599206826
2.0,4.0,0.0,3.0,2.0,1.0,2.0,1.0786004096791477
0.0,4.0,1.763100139710618,0.0,2.0,0.0,2.0,1.0117812692606214
0.0,4.0,0.0,0.0,0.0,1.0,0.0,0.016297319195041182
2.0,0.0,3.0,3.0,2.0,0.0,0.0,0.12509891952107044
2.0,0.0,0.0,0.0,2.0,0.0,1.5025200518356656,1.1022333787760719
0.0,0.0,1.9605380492158322,3.0,0.0,0.0,0.0,1.197858309080953
0.0,4.0,0.0,3.0,0.0,0.0,0.0,0.0
2.0,4.0,0.0,0.0,0.0,0.0,2.0,0.0
2.0,0.0,0.0,0.0,0.0,0.6666663447066705,2.0,1.8998630567319434
2.0,0.0,3.0,0.0,2.0,0.0,2.0,1.9808605357203581
0.0,0.0,0.0,0.0,0.0,0.0,2.0,0.0
0.0,0.0,0.0,0.0,2.0,0.0,0.0,1.4418874321305513
2.0,4.0,0.0,3.0,2.0,1.0,2.0,0.0
0.0,4.0,3.0,3.0,2.0,1.0,2.0,1.1326033475335242
0.0,0.0,0.0,0.0,0.0,0.0,0.0,2.0
0.0,0.0,0.0,3.0,2.0,1.0,0.7236165071264558,1.918860148787362
1.339596909928505,4.0,0.0,0.0,0.0,0.0,2.0,0.9410829595372122
2.0,4.0,3.0,3.0,2.0,1.0,2.0,1.9363722743299254
0.0,1.6539638264014247,0.0,3.0,2.0,1.0,0.0,1.0199480270907508
2.0,0.0,0.0,3.0,2.0,0.0,0.0,1.2095021242668726
2.0,4.0,0.0,3.0,2.0,0.0,2.0,1.8714338497686476
0.0,4.0,0.0,0.0,0.0,1.0,0.0,1.10758884744908
0.0,0.0,0.0,0.0,0.0,0.0,0.0,0.0
0.0,0.0,0.0,0.0,0.0,0.03534433236433154,0.0,0.9886394423343476
0.0,0.0,0.0,0.0,2.0,0.0,0.0,0.0
2.0,4.0,3.0,0.0,0.0,0.0,2.0,0.9452476913938657
0.0,4.0,0.0,0.0,2.0,1.0,2.0,1.039186810275102
0.0,0.0,0.0,0.0,0.0,0.0,0.0,0.027939841940274435
0.0,4.0,3.0,1.1987608685575502,2.0,1.0,2.0,0.04420891792554271
1.0405303231282501,4.0,0.0,3.0,2.0,1.0,2.0,1.3744930244280464
2.0,4.0,3.0,3.0,2.0,1.0,2.0,2.0
0.0,0.0,0.0,0.0,0.0,1.0,0.0,1.8907082126103856
0.0,0.0,0.0,0.0,0.0,0.0,0.0,2.0
2.0,4.0,3.0,3.0,2.0,1.0,2.0,1.8683779433374599
0.0,0.0,0.0,0.0,0.0,1.0,2.0,0.05100560915099828
2.0,4.0,3.0,3.0,2.0,1.0,2.0,0.06227342410100167
2.0,0.0,3.0,1.6320238976582928,2.0,1.0,0.0,1.0121928781343184
0.0,0.0,0.0,0.0,0.0,0.0,0.0,1.0720354746123162
0.0,0.0,0.0,0.0,0.0,0.0,0.0,0.028155347271606512
0.0,4.0,0.0,0.0,2.0,1.0,2.0,1.18400141979794
0.0,4.0,3.0,0.0,0.0,0.0,1.0873012413111192,0.9204987416166113
0.0,0.0,0.0,2.049026427187412,0.0,0.0,0.0,0.0
0.0,0.0,3.0,0.7756500056534875,0.0,0.0,0.0,1.8128222110929608
0.0,4.0,0.0,0.0,2.0,0.0,0.0,2.0
0.0,0.0,0.0,3.0,0.0,0.0,0.0,0.9533640404542572
2.0,0.0,3.0,0.0,0.0,1.0,0.0,2.0
2.0,4.0,3.0,3.0,2.0,1.0,2.0,2.0
2.0,4.0,0.0,3.0,1.880423584380118,0.0,2.0,1.0512897888965795
0.0,0.0,0.0,0.0,0.0,0.0,0.0,1.0244338545958775
2.0,0.0,0.0,0.0,0.0,0.4676607123131865,2.0,0.0
0.0,4.0,0.0,0.0,2.0,1.0,0.0,0.0
0.0,4.0,0.0,3.0,2.0,1.0,2.0,0.0
2.0,0.0,3.0,0.0,0.0,0.0,1.5952925763410284,0.0
0.0,0.0,0.0,0.0,0.0,0.0,0.0,1.039614037015389
0.0,0.0,3.0,0.0,0.0,1.0,0.0,1.8835148548693919
0.0,4.0,0.0,0.0,0.0,0.0,0.0,1.0410902638349966
0.0,4.0,0.0,0.0,0.0,1.0,0.9470095411769749,0.915817898911743
0.0,4.0,0.0,0.0,0.0,0.0,0.0,1.0892443849990694
0.0,0.0,0.0,0.0,0.0,0.0,0.0,1.544581431163866
2.0,0.0,1.659435795250314,0.0,0.0,0.0,2.0,0.0
2.0,4.0,3.0,1.207346528044916,0.0,1.0,2.0,1.0483371547568672
2.0,4.0,3.0,3.0,2.0,1.0,2.0,2.0
2.0,4.0,0.0,0.0,2.0,1.0,0.0,0.0
0.13424177034579687,4.0,3.0,0.0,2.0,0.0,0.0,0.11638552323982831
2.0,0.0,0.0,0.24456567840882376,0.31642188049870246,1.0,2.0,1.0413363313118813
0.0,0.0,3.0,3.0,0.0,0.0,0.0,2.0
2.0,4.0,3.0,3.0,2.0,0.0,1.800061733541523,1.9488080874092835
0.0,0.0,0.0,0.0,0.0,0.0,0.0,0.0
0.0,0.0,0.0,0.0,0.0,0.0,0.0,0.08464061035460269
2.0,4.0,0.0,3.0,2.0,0.4110621243551148,2.0,1.7796567599759578
0.0,0.0,3.0,0.0,2.0,0.0,0.0,1.0733949896528567
2.0,4.0,0.0,3.0,2.0,0.0,2.0,1.9293586392186715
2.0,0.0,3.0,0.0,0.0,0.0,0.0,0.19465636686085475
2.0,4.0,3.0,3.0,0.0,1.0,2.0,0.0
0.0,4.0,0.0,0.0,0.0,0.0,2.0,0.9577149450797255
2.0,0.0,0.0,0.0,0.0,0.0,0.0,1.9740483288949493
0.0,0.0,3.0,0.0,2.0,0.0,2.0,0.12107134229204519
0.0,0.0,0.0,0.0,0.0,0.0,0.0,1.232854513564496
0.0,0.0,0.0,0.0,0.0,0.0,0.0,0.0
0.0,0.0,0.0,0.0,0.0,0.0,0.0,0.008096166771414004
2.0,4.0,3.0,3.0,0.0,1.0,0.8022604707945441,0.977346428843522
2.0,4.0,3.0,3.0,0.0,1.0,0.0,0.0
0.0,0.0,0.0,0.0,2.0,1.0,2.0,1.4616063422946608
0.0,0.0,0.0,0.0,0.0,0.0,0.0,0.04316123670577554
2.0,4.0,3.0,3.0,2.0,1.0,2.0,2.0
0.0,0.0,0.0,0.0,0.0,1.0,0.0,0.8506708077147
0.0,0.0,0.0,0.0,0.0,1.0,2.0,0.13071107293569684
1.6313386366734424,0.0,0.0,0.0,2.0,0.9996723645776284,2.0,1.0360621026528394
2.0,4.0,3.0,3.0,2.0,1.0,2.0,0.0
2.0,4.0,3.0,3.0,2.0,1.0,2.0,0.013828765131461696
2.0,0.0,3.0,3.0,2.0,1.0,2.0,1.983316608155484
0.0,0.0,0.0,0.0,0.0,1.0,0.0,1.0273229322390875
0.0,0.0,0.0,3.0,2.0,1.0,2.0,1.9769293180663314
0.29715620704184087,4.0,3.0,3.0,2.0,1.0,2.0,2.0
0.0,0.0,3.0,0.0,1.907372574836904,0.0,0.0,1.943229230616983
2.0,4.0,0.0,3.0,0.0,1.0,2.0,1.9454489954374616
0.02143328498301611,4.0,3.0,3.0,2.0,0.0,2.0,1.0123775215672133
2.0,4.0,1.5421017725097537,3.0,0.0,1.0,0.0,1.9277255496012846
2.0,4.0,3.0,3.0,2.0,1.0,2.0,0.9021400023880415
2.0,4.0,3.0,0.6897907157994781,0.0,0.0,2.0,1.93198953642998
0.0,0.0,0.0,0.0,0.0,0.0,0.0,0.0
2.0,4.0,0.0,3.0,0.0,0.0,2.0,1.0967774561936536
2.0,4.0,3.0,2.4733384095459203,2.0,1.0,2.0,0.06985576951137129
2.0,0.0,0.0,3.0,2.0,0.0,0.0,1.0061890652918064
2.0,4.0,3.0,3.0,0.0,1.0,2.0,0.989660761323099
2.0,0.0,3.0,3.0,2.0,0.0,1.5502751659838707,2.0
1.3115864650283569,4.0,0.0,3.0,0.0,1.0,2.0,1.944771538107756
0.0,4.0,0.0,3.0,0.0,1.0,0.0,0.06437511882985458
2.0,4.0,3.0,3.0,2.0,1.0,2.0,0.0
2.0,4.0,3.0,3.0,2.0,0.05129085852960863,2.0,1.9863970671652558
0.0,0.0,0.0,0.0,0.0,0.0,0.0,1.0496161339718861
2.0,0.0,2.11162757292855,0.0,0.0,0.0,2.0,0.0
0.0,0.0,0.0,1.4102961979603732,1.4770732058246447,0.0,0.0,0.07849373083671296
0.0,4.0,3.0,3.0,0.0,1.0,2.0,0.08661602560279491
0.40487267344451106,0.0,3.0,0.0,0.0,0.0,0.0,2.0
2.0,4.0,0.0,3.0,2.0,1.0,0.0,0.0
0.0,0.0,0.0,3.0,0.0,0.0,0.0,0.9991334009512138
2.0,4.0,3.0,3.0,2.0,1.0,2.0,2.0
2.0,0.0,0.0,1.4645806130731291,0.0,1.0,0.0,0.06595101591258612
2.0,4.0,3.0,3.0,0.0,0.0,0.0,2.0
0.0,0.0,0.0,0.0,0.0,0.0,0.0,0.0
2.0,4.0,3.0,0.0,2.0,1.0,2.0,1.4798480041574442
2.0,4.0,3.0,3.0,2.0,1.0,2.0,1.0506048772734762
0.0,0.0,0.0,0.0,0.0,0.0,0.0,0.0
0.0,4.0,0.0,0.0,2.0,0.0,0.0,0.0
2.0,0.0,1.3747869441941751,3.0,2.0,1.0,2.0,2.0
0.0,2.054326034074532,0.0,3.0,0.0,0.0,0.0,0.0
2.0,4.0,3.0,3.0,2.0,0.0,0.0,1.9446462227748156
2.0,0.0,3.0,3.0,2.0,1.0,0.0,1.8858310331531123
2.0,4.0,3.0,3.0,2.0,1.0,2.0,1.0169520967671253
2.0,4.0,1.2471088645909685,3.0,2.0,0.0,2.0,1.4182717417637605
2.0,4.0,0.0,3.0,2.0,1.0,2.0,2.0
1.7655401014214256,4.0,3.0,3.0,2.0,1.0,0.0,0.19309648960558823
0.0,0.0,0.0,2.9054083407467513,0.0,0.0,2.0,2.0
2.0,0.0,3.0,3.0,2.0,1.0,2.0,0.022083745128925414
0.0,4.0,0.0,0.0,2.0,0.0,0.0,0.0
0.0,0.0,0.0,0.0,0.0,1.0,0.0,0.9516470775579164
0.0,4.0,0.0,0.0,2.0,0.0,0.0,2.0
2.0,4.0,3.0,3.0,2.0,1.0,2.0,0.0
0.0,0.0,0.0,0.0,0.0,0.0,0.0,0.0
0.3529113040456372,2.570118578787272,0.0,0.0,0.0,0.0,0.0,2.0
0.7512717280797127,4.0,0.0,0.0,0.0,0.0,1.7462392985001705,0.9292135405344425
1.4629990579420942,4.0,3.0,3.0,2.0,1.0,0.0,1.0398447041664545
0.0,4.0,0.0,0.0,0.0,0.0,0.0,0.0
2.0,0.0,3.0,2.2852020969116515,2.0,1.0,2.0,0.828282843601473
0.0,0.0,0.0,3.0,2.0,0.0,0.0,1.9279397638556044
2.0,0.0,3.0,0.0,0.0,1.0,2.0,2.0
2.0,4.0,3.0,0.0,0.0,1.0,0.8928902305016416,0.9602606503630662
0.0,4.0,0.0,1.6261355331566296,0.5502529341561642,0.0,0.0,1.0761660965663682
2.0,4.0,0.0,0.0,0.0,0.0,0.0,1.8865750073490029
2.0,0.0,0.0,3.0,2.0,1.0,0.0,1.0901592906794142
2.0,4.0,3.0,3.0,0.0,1.0,2.0,1.6596082212043943
2.0,4.0,0.0,3.0,1.6169142064625466,1.0,2.0,1.9711584118585153
2.0,0.0,3.0,0.0,0.0,0.0,0.0,1.0261179222608425
0.0,0.0,3.0,3.0,2.0,1.0,2.0,2.0
2.0,0.0,2.7886845617719693,0.0,2.0,0.6844136702011208,2.0,0.026127617026593497
2.0,4.0,3.0,3.0,0.0,1.0,2.0,0.10692292688927596
0.0,0.0,0.0,3.0,0.0,1.0,2.0,1.9043650442379576
0.0,4.0,0.0,0.0,2.0,0.0,0.0,1.8210660560290566
2.0,0.0,0.0,0.0,2.0,1.0,0.0,0.0
0.0,0.0,0.0,0.0,0.0,0.0,0.0,0.14432261882666342
0.0,0.0,0.0,0.0,0.0,0.0,0.0,2.0
0.0,0.0,0.0,0.0,0.0,1.0,0.0,0.0
0.0,0.0,0.0,0.0,0.051518493599673976,0.0,0.0,1.8934232402450475
2.0,4.0,3.0,3.0,2.0,1.0,2.0,0.903637917334096
0.0,0.0,3.0,0.0,0.0,1.0,0.0,1.0329353937019998
2.0,0.0,0.0,3.0,0.0,1.0,2.0,1.8668215913733501
1.8162504246472846,4.0,0.1136291561120867,3.0,0.0,1.0,1.0311285165598936,0.0
0.0,0.0,0.0,0.0,2.0,0.0,2.0,1.0426052371163257
2.0,4.0,3.0,3.0,2.0,1.0,2.0,2.0
2.0,4.0,3.0,3.0,2.0,0.0,2.0,0.17969943117732912
0.0,4.0,3.0,3.0,2.0,1.0,0.0,1.0458683585005426
2.0,4.0,0.0,0.0,0.0,1.0,0.0,1.6478827734746875
2.0,4.0,3.0,3.0,2.0,1.0,2.0,2.0
2.0,4.0,3.0,3.0,2.0,1.0,2.0,1.0974670680299639
2.0,4.0,3.0,0.0,2.0,1.0,2.0,0.0
0.0,0.0,0.0,0.0,0.0,0.0,0.0,0.0642780566863056
2.0,0.0,3.0,3.0,2.0,0.0,2.0,1.9125791280098192
0.0,0.0,3.0,2.240074405224434,2.0,0.0,0.0,2.0
2.0,4.0,0.0,0.0,2.0,0.6845341202607418,2.0,0.9649166935937338
2.0,4.0,0.0,3.0,2.0,1.0,2.0,0.009332197290545685
2.0,2.768263892286474,3.0,0.0,2.0,0.6397822484813569,2.0,1.8759508593003877
2.0,4.0,3.0,0.0,2.0,1.0,2.0,0.0
2.0,0.0,3.0,0.0,2.0,0.0,2.0,2.0
0.0,0.0,0.0,0.0,0.0,0.0,0.0,0.09488472839664563
2.0,0.0,0.0,0.0,0.0,1.0,0.0,0.0
0.0,3.0773750064072916,0.0,0.0,2.0,0.0,0.0,0.0
0.0,0.0,0.0,0.0,0.0,0.0,0.0,0.0
0.0,0.0,0.0,3.0,0.0,1.0,0.0,0.0
2.0,4.0,3.0,3.0,2.0,0.0,2.0,0.9297000945451411
2.0,4.0,3.0,3.0,2.0,1.0,2.0,0.0
0.0,0.0,0.0,0.0,0.0,0.0,0.0,0.887812777596098
2.0,4.0,3.0,3.0,2.0,1.0,1.4447775289974276,1.0562681195101036
2.0,4.0,0.0,3.0,2.0,1.0,2.0,1.0232085643516091
0.0,0.0,1.4523029286295541,1.8231165220378447,0.0,0.0,0.0,0.10328433175721063
2.0,0.0,3.0,3.0,2.0,1.0,0.0,2.0
2.0,0.0,0.0,3.0,0.0,0.0,0.0,0.0
0.0,4.0,0.0,0.0,0.0,0.0,0.0,0.1652735988475409
1.9008026983358588,4.0,3.0,0.0,2.0,1.0,2.0,1.0069980906017335
2.0,4.0,0.0,3.0,2.0,0.0,2.0,2.0
0.0,0.0,0.0,0.0,0.0,0.0,0.0,0.028323479548794994
0.0,3.284529641988893,3.0,3.0,2.0,1.0,2.0,0.0
0.0,0.0,3.0,0.0,0.0,0.0,2.0,1.6920422658344538
2.0,0.0,3.0,3.0,2.0,1.0,2.0,2.0
0.0,0.0,3.0,3.0,0.0,1.0,0.0,2.0
0.0,0.0,0.0,0.0,0.0,0.0,2.0,1.1174767557608485
0.0,0.0,3.0,3.0,0.0,1.0,0.0,1.7902109213783701
0.0,0.0,0.0,0.0,0.0,0.0,0.0,1.0098122335838466
0.0,0.0,0.0,3.0,0.0,1.0,0.0,0.0
0.0,0.0,0.0,0.0,2.0,1.0,0.0,1.7874481473126846
1.8792039988218976,0.0,0.0,3.0,0.0,0.0,0.0,0.0
2.0,0.0,0.0,3.0,0.0,1.0,2.0,2.0
0.0,0.0,3.0,0.0,0.0,0.0,2.0,1.9837260368904082
2.0,4.0,0.0,3.0,2.0,1.0,2.0,0.10911425320304224
2.0,0.0,3.0,3.0,2.0,0.0,2.0,2.0
0.0,4.0,0.0,3.0,0.0,0.0,0.0,1.0315182302717454
2.0,4.0,3.0,3.0,2.0,1.0,2.0,0.027974735902691616
0.0,0.0,0.0,0.0,0.8530542911907973,0.0,0.0,0.07558942109740119
2.0,4.0,3.0,3.0,0.0,1.0,2.0,2.0
2.0,4.0,3.0,3.0,2.0,0.7559997044916897,0.2048864870777648,2.0
0.0,0.0,0.0,0.0,0.0,0.0,0.0,2.0
0.0,4.0,0.0,0.0,2.0,1.0,0.0,1.0082329914240353
0.0,0.0,0.0,0.0,0.0,0.0,0.0,2.0
2.0,4.0,3.0,3.0,2.0,1.0,0.22693647099130176,2.0
0.0,0.0,0.0,0.0,0.0,1.0,0.0,0.0
2.0,4.0,1.96392102028011,0.0,2.0,1.0,2.0,0.0
1.6671274527083466,4.0,3.0,3.0,2.0,1.0,2.0,1.9387949969844371
2.0,4.0,3.0,3.0,2.0,1.0,2.0,0.11380584299892971
2.0,4.0,3.0,3.0,2.0,1.0,2.0,1.8908049066568569
0.0,4.0,0.0,3.0,2.0,1.0,0.0,2.0
0.0,4.0,0.0,0.0,2.0,1.0,2.0,2.0
0.0,0.0,0.0,3.0,2.0,1.0,0.0,1.985505608557447
2.0,4.0,1.1874806396093474,0.0,0.0,1.0,0.0,0.07892824515567409
2.0,4.0,3.0,3.0,2.0,1.0,2.0,1.9692792456920483
2.0,4.0,0.0,0.0,0.0,1.0,0.0,1.7873240692260137
2.0,0.0,2.3114895999472576,0.0,0.0,1.0,0.0,0.09610928050791079
2.0,0.0,3.0,0.0,0.0,1.0,2.0,0.012146423132808226
2.0,1.2110935200204853,3.0,3.0,0.0,1.0,1.252193657089997,0.8975666863464788
0.0,0.0,0.0,0.0,0.0,1.0,2.0,0.0
2.0,0.0,0.0,3.0,2.0,0.0,2.0,1.4221760002523027
2.0,4.0,3.0,3.0,2.0,0.0,2.0,1.080707497242174
2.0,4.0,3.0,2.201931300049476,0.0,0.0,0.0,0.0
0.0,4.0,3.0,3.0,2.0,0.0,2.0,0.10761175567809556
2.0,4.0,0.0,3.0,2.0,1.0,2.0,0.0
2.0,0.0,0.0,3.0,2.0,1.0,2.0,1.9442285402769963
0.0,4.0,3.0,0.0,0.0,1.0,2.0,0.036639586699362625
0.0,4.0,0.0,3.0,0.0,1.0,2.0,0.002553205459214447
2.0,4.0,3.0,3.0,2.0,1.0,2.0,0.0
2.0,4.0,3.0,3.0,2.0,1.0,2.0,0.9568043256574662
2.0,4.0,3.0,3.0,2.0,1.0,2.0,2.0
2.0,0.0,3.0,0.0,0.0,0.0,2.0,2.0
0.0,0.0,3.0,2.4905077717067847,2.0,0.0,0.0,0.23029432832015817
0.0,0.0,2.4320846719357845,0.0,0.0,0.0,1.5707675215069374,2.0
0.0,0.0,0.0,0.0,0.0,0.0,2.0,2.0
2.0,4.0,3.0,3.0,2.0,1.0,2.0,1.085840681521445
2.0,4.0,0.0,0.0,1.5757978449757877,0.0,2.0,0.9370906446587511
0.0,0.0,0.0,0.0,2.0,0.0,0.0,0.0
0.0,4.0,3.0,3.0,0.0,0.0,0.0,0.03546400326041299
0.0,4.0,0.0,3.0,2.0,1.0,2.0,0.0
0.0,4.0,3.0,3.0,0.0,1.0,2.0,1.1027559724185396
0.0,0.0,0.0,0.0,0.0,0.0,0.0,1.9721827981734616
0.0,0.0,0.0,0.0,0.0,0.0,0.0,0.0450621912115684
0.0,4.0,3.0,3.0,2.0,0.0,2.0,1.0221257036300293
2.0,4.0,3.0,3.0,0.0,0.0,2.0,0.0
0.0,1.2363439471567461,0.0,0.0,0.0,0.0,0.0,0.10147581053944421
2.0,4.0,0.0,0.0,0.0,0.0,0.0,0.0
0.0,0.0,3.0,0.0,0.0,0.0,2.0,1.025529855435678
2.0,4.0,2.660085447128369,3.0,0.0,1.0,2.0,0.055497358832109156
0.0,0.9028365442910584,3.0,3.0,2.0,0.0,2.0,0.0
0.6301156766540403,4.0,3.0,3.0,2.0,0.0,2.0,1.0915457710170848
0.0,4.0,0.0,0.0,0.0,0.0,0.5916450746073487,1.0759145042759992
0.6286742589330686,0.46370657511283975,3.0,3.0,0.0,0.3063067699366891,2.0,0.0
2.0,4.0,3.0,3.0,2.0,1.0,2.0,0.03636364401694547
2.0,0.0,3.0,0.0,2.0,0.9801654779531174,0.0,2.0
2.0,4.0,3.0,3.0,2.0,1.0,2.0,0.032890850851464815
0.0,0.0,0.0,0.0,0.0,0.0,0.0,0.0
0.16847924861859576,4.0,3.0,3.0,2.0,1.0,0.0,1.034010146591861
2.0,4.0,0.0,0.0,2.0,1.0,2.0,1.0603661260828772
0.0,0.0,0.0,0.0,2.0,0.0,0.0,0.0
0.0,4.0,0.0,3.0,0.0,1.0,2.0,1.987515538064597
0.0,0.0,0.0,3.0,2.0,0.0,0.0,0.10095161865668412
2.0,4.0,3.0,3.0,2.0,1.0,2.0,2.0
2.0,2.9466678557885504,3.0,3.0,2.0,1.0,2.0,1.903740251373356
2.0,4.0,0.0,3.0,2.0,1.0,2.0,1.8139026303994115
2.0,0.0,0.0,0.0,0.0,0.0,2.0,2.0
0.0,0.0,0.0,0.0,0.0,0.0,0.0,0.9644404345158363
0.0,4.0,0.0,3.0,2.0,1.0,2.0,0.0
0.16886526749800668,4.0,3.0,0.0,2.0,0.0,0.0,1.9144663614503066
0.0,4.0,0.0,0.0,2.0,0.0,0.0,2.0
0.0,0.0,0.0,0.0,0.0,0.0,0.0,1.8044046872263064
0.0,0.0,1.2604313551075503,3.0,0.336063459868858,0.0,2.0,1.9866024471229
2.0,4.0,3.0,3.0,2.0,1.0,2.0,2.0
0.0,4.0,3.0,0.0,2.0,1.0,1.3867523255235603,0.0
2.0,4.0,3.0,3.0,2.0,1.0,2.0,0.05901520946210681
0.0,0.0,0.0,3.0,2.0,1.0,2.0,1.07325446700901
0.0,0.0,3.0,0.0,0.7253031024310082,1.0,0.0,2.0
2.0,4.0,3.0,3.0,2.0,1.0,2.0,0.0
0.0,4.0,3.0,0.0,0.0,1.0,1.2111444058429042,1.013479734706681
2.0,0.0,0.0,0.0,2.0,0.0,0.0,2.0
0.0,4.0,3.0,3.0,2.0,1.0,2.0,2.0
2.0,4.0,3.0,3.0,2.0,1.0,2.0,1.8631870111645679
2.0,4.0,3.0,3.0,2.0,1.0,2.0,0.9421422737468098
2.0,4.0,0.0,0.0,0.0,1.0,0.0,2.0
0.0,0.0,3.0,3.0,2.0,0.0,0.28086893756736053,1.074035352469129
0.0,0.0,0.0,3.0,0.0,0.0,0.0,1.8891426651891843
2.0,4.0,0.0,3.0,2.0,1.0,0.0,0.06265005903178367
0.0,0.0,0.0,0.0,2.0,1.0,2.0,2.0
2.0,4.0,3.0,0.0,2.0,1.0,0.0,1.9353680221666396
0.0,0.0,0.0,0.0,0.0,0.0,1.4685733047454943,0.07202160189966367
2.0,3.595618912312828,0.0,0.0,2.0,0.0,2.0,0.9414272238297725
2.0,4.0,3.0,3.0,2.0,1.0,2.0,1.0561235408490441
2.0,4.0,3.0,3.0,2.0,1.0,2.0,2.0
0.0,0.0,0.0,3.0,2.0,0.8790033512602591,2.0,0.0
0.0,4.0,3.0,3.0,0.0,0.0,2.0,0.0
2.0,4.0,3.0,3.0,0.0,1.0,2.0,0.07721434600654087
0.0,4.0,0.0,3.0,0.0,0.0,0.0,0.0
2.0,4.0,3.0,3.0,0.0,1.0,2.0,0.024741463932718144
0.0,0.0,0.0,0.0,0.0,0.0,0.0,0.9466400380212098
2.0,4.0,3.0,3.0,2.0,1.0,2.0,1.9328919690518087
0.0,0.0,3.0,0.0,0.0,0.0,0.0,0.9995686162718783
2.0,4.0,3.0,3.0,0.0,0.0,2.0,0.9017100536593845
0.0,0.0,0.0,0.0,0.0,0.0,0.0,1.013809418675873
0.07213566748982592,0.0,3.0,0.0,0.0,0.0,0.0,2.0
2.0,4.0,3.0,3.0,2.0,1.0,2.0,0.9857963065232811
0.0,0.0,0.0,0.0,0.0,0.0,0.0,2.0
0.0,0.020064440240133097,0.0,0.0,2.0,1.0,0.0,0.9549147036755821
0.0,0.0,0.0,0.0,0.0,0.0,0.0,1.8905580581967536
2.0,4.0,3.0,3.0,2.0,1.0,2.0,2.0
2.0,4.0,0.0,3.0,2.0,1.0,1.2223801877593927,0.9481534633928504
0.4614851901212248,4.0,3.0,0.0,2.0,1.0,0.0,1.8743427897807696
2.0,4.0,3.0,0.0,0.0,0.0,0.9662258116306541,1.823120739562965
2.0,4.0,0.0,1.9653224552516653,2.0,1.0,2.0,0.9226123310812157
0.0,0.0,3.0,3.0,0.0,1.0,0.0,1.9018815367821515
2.0,0.0,3.0,3.0,0.0,1.0,2.0,0.018302387118096952
2.0,0.0,0.0,0.0,0.0,0.0,0.0,0.91162370755109
2.0,4.0,3.0,3.0,2.0,1.0,2.0,1.1194438664252386
0.0,0.0,3.0,0.0,0.0,0.0,0.0,1.0459903219046536
0.0,1.9278418878158288,0.0,0.0,2.0,0.0,0.0,1.0214480413390732
0.0,0.0,0.0,0.0,0.0,0.0,0.0,0.09027918663152878
0.0,4.0,0.0,3.0,2.0,1.0,0.0,1.9204971939675861
0.0,0.0,0.0,0.0,2.0,0.0,2.0,1.8820480872990166
0.0,0.0,0.0,0.0,0.0,0.0,0.0,2.0
0.0,0.0,3.0,0.0,0.0,1.0,0.0,0.16261370849996837
0.0,0.0,0.0,0.0,2.0,0.0,2.0,1.0437866722352147
0.0,4.0,3.0,3.0,0.0,1.0,2.0,0.13255678501004164
0.0,2.251895221030752,0.0,0.0,2.0,0.0,2.0,1.0771662294596118
2.0,4.0,3.0,0.0,2.0,0.0,2.0,1.1096646938003896
0.0,4.0,3.0,0.0,2.0,1.0,0.0,1.175462741114288
2.0,4.0,3.0,0.0,0.0,0.0,2.0,0.9894908389456405
2.0,4.0,3.0,2.7151778917331693,2.0,0.0,1.8930268895384794,0.007662359129676832
2.0,4.0,0.0,0.0,2.0,1.0,2.0,1.19526295077921
0.0,4.0,0.0,3.0,2.0,1.0,0.3416055988535286,1.859598568051065
2.0,4.0,3.0,3.0,2.0,1.0,2.0,2.0
0.0,0.0,0.0,3.0,0.0,0.0,0.0,1.724773774682037
2.0,0.0,3.0,3.0,2.0,1.0,2.0,0.9840010179102013
2.0,0.0,0.0,3.0,2.0,1.0,2.0,0.0
0.0,0.0,0.0,0.0,0.0,0.0,0.0,0.0
0.0,0.0,0.0,0.0,0.0,0.0,0.0,2.0
0.0,4.0,2.7098631464824994,3.0,0.0,0.0,0.0,1.0837667072200954
2.0,0.0,0.0,0.0,0.0,0.0,2.0,0.9072863948386007
2.0,4.0,0.0,0.2693954414742366,0.0,1.0,0.0,0.0
2.0,2.3912465709795963,3.0,3.0,2.0,0.0,2.0,1.0301601760329462
0.0,0.0,0.0,3.0,0.0,0.0,2.0,0.0
0.0,0.0,0.0,3.0,0.0,0.0,0.0,0.02652112825252817
2.0,0.0,3.0,3.0,0.0,1.0,0.0,1.00106836445832
2.0,4.0,3.0,3.0,2.0,1.0,2.0,1.136919288800273
2.0,2.0626906989685305,3.0,3.0,2.0,1.0,0.0,0.0
0.0,0.0,0.0,0.0,0.0,0.0,0.0,1.9346474864692038
0.0,4.0,0.0,0.0,2.0,1.0,0.0,1.9587101229208983
2.0,4.0,3.0,3.0,2.0,1.0,2.0,1.9763416028200873
0.0,0.19790814062384832,0.0,0.0,0.0,1.0,0.0,1.0157962548363724
2.0,0.0,3.0,3.0,2.0,0.0,0.0,2.0
2.0,0.0,3.0,3.0,2.0,1.0,2.0,2.0
0.0,0.0,0.0,0.0,0.0,0.0,0.0,0.0
2.0,0.0,3.0,3.0,2.0,0.0,2.0,1.9613188613064867
2.0,0.0,3.0,3.0,2.0,1.0,0.0,2.0
2.0,4.0,0.0,3.0,2.0,1.0,0.0,0.006583695498556419
0.0,4.0,0.0,0.0,0.0,0.0,2.0,0.0
2.0,0.0,0.0,0.0,2.0,0.0,2.0,0.9563805718515882
2.0,4.0,3.0,0.0,2.0,0.9623999587674258,2.0,0.04619532934035009
2.0,4.0,3.0,3.0,2.0,1.0,2.0,0.10889070006623947
2.0,0.0,3.0,3.0,2.0,0.0,0.0,1.6715210404607452
2.0,4.0,3.0,3.0,2.0,1.0,2.0,1.051653496977303
2.0,4.0,3.0,3.0,2.0,1.0,2.0,1.1390109072804036
2.0,4.0,3.0,3.0,2.0,0.0,2.0,0.9234814548342898
2.0,4.0,3.0,3.0,2.0,1.0,2.0,1.013217963755519
1.1324339885432368,0.0,3.0,3.0,2.0,1.0,2.0,2.0
0.0,0.0,0.0,3.0,0.0,1.0,0.0,1.0544374343943277
0.0,0.0,0.0,3.0,0.0,0.0,0.0,1.9008826259527396
0.0,4.0,3.0,0.0,0.0,1.0,0.0,0.9868850512419711
1.8840329103019342,4.0,2.4833552131447294,3.0,2.0,1.0,2.0,1.969911855182474
0.0,4.0,0.0,3.0,2.0,0.0,2.0,0.0173394746850295
0.0,0.0,0.0,0.0,0.0,0.0,0.0,2.0
2.0,4.0,0.0,0.0,0.0,1.0,2.0,1.0472861754251375
0.0,0.0,3.0,3.0,2.0,1.0,0.0,0.0
0.0,0.0,0.0,0.0,0.0,1.0,0.0,1.0030247502787717
0.0,0.0,0.0,0.0,2.0,0.0,2.0,0.0
2.0,4.0,3.0,3.0,0.0,1.0,2.0,1.1193597692347388
0.0,4.0,3.0,3.0,2.0,1.0,2.0,0.04998806181363913
0.0,0.0,0.0,0.0,0.0,0.0,0.0,0.06629407130342013
0.0,0.0,0.0,0.0,0.0,1.0,0.0,1.9134279170427742
0.0,0.0,0.0,0.0,0.0,0.0,0.0,0.0
2.0,0.0,0.0,3.0,2.0,1.0,2.0,2.0
0.0,0.0,0.0,3.0,0.0,0.0,0.0,0.9363797875671515
0.3012304503570177,0.0,0.0,0.0,2.0,1.0,2.0,0.010295962009772897
2.0,4.0,3.0,3.0,2.0,0.0,2.0,1.4501406012776703
0.0,0.0,0.0,0.0,0.0,0.0,0.0,0.0876702288032194
0.0,0.0,0.0,0.0,0.0,0.0,0.0,0.021142557449583266
2.0,0.0,0.0,0.0,0.0,1.0,0.0,1.6537023642107553
0.0,0.0,0.0,0.0,2.0,0.0,2.0,1.13329300098307
0.0,0.0,0.0,0.0,0.0,0.0,2.0,0.0
2.0,4.0,3.0,3.0,2.0,1.0,2.0,0.930797408849357
0.0,0.0,0.0,0.0,0.0,0.0,0.0,1.4332459176065167
0.0,0.0,0.0,0.0,0.0,0.32734035527396627,0.0,1.0723678427956411
0.0,0.29133295533314674,0.0,0.0,0.0,0.0,0.0,0.8864697164644343
0.0,0.0,3.0,0.0,2.0,0.0,0.0,0.0941682464408502
0.0,0.0,0.0,3.0,0.0,0.0,0.0,1.0975280426540006
0.0,0.0,0.0,0.0,0.0,0.0,0.0,1.0085853296279625
2.0,4.0,3.0,3.0,0.11810068367608373,1.0,2.0,0.9961283335046677
0.0,0.0,3.0,3.0,2.0,1.0,0.0,0.0
2.0,4.0,3.0,3.0,2.0,1.0,0.0,1.1206179858187872
2.0,4.0,3.0,3.0,2.0,1.0,2.0,1.9075038855904674
2.0,4.0,0.0,3.0,2.0,1.0,2.0,1.9491523333751668
0.0,0.0,3.0,3.0,0.0,0.0,0.0,0.0
0.0,0.0,3.0,0.0,0.0,0.0,0.0,0.9858637268402276
0.0,0.0,3.0,0.0,0.0,0.6086229166095047,0.0,1.964592717803661
0.0,0.0,3.0,0.0,0.0,1.0,2.0,1.9655310555779266
2.0,4.0,3.0,3.0,2.0,1.0,1.4567849705141704,0.007479819501642115
2.0,4.0,0.0,3.0,2.0,0.0,2.0,0.9809777224610244
2.0,4.0,3.0,3.0,2.0,1.0,2.0,2.0
2.0,4.0,3.0,0.0,2.0,1.0,2.0,2.0
0.0,4.0,3.0,0.0,2.0,1.0,2.0,1.1031205319130841
0.09109402984045589,0.0,3.0,3.0,2.0,0.0,1.8173306066517885,1.9205787112997506
0.0,4.0,3.0,0.0,2.0,0.0,0.0,1.9177598116937986
0.0,0.0,0.0,0.0,0.0,0.0,0.0,1.9269237543514195
0.0,4.0,0.0,3.0,2.0,0.0,2.0,1.9821155357880471
2.0,4.0,3.0,3.0,2.0,1.0,2.0,0.8673327540566405
2.0,4.0,3.0,0.0,0.0,0.0,2.0,2.0
2.0,4.0,3.0,3.0,2.0,1.0,2.0,0.0
2.0,4.0,3.0,3.0,2.0,1.0,2.0,0.9066079921987744
2.0,0.1469194866899588,0.03351334453547667,3.0,2.0,0.650164654535412,2.0,1.1335608891762017
2.0,4.0,3.0,3.0,2.0,1.0,1.7053931692996178,2.0
0.0,2.097217398386264,3.0,0.0,2.0,0.0,0.0,0.8689045321309992
0.0,4.0,0.0,0.0,0.0,0.0,1.4264717132484308,2.0
2.0,0.0,3.0,3.0,0.0,1.0,2.0,1.0990558183423644
0.0,0.0,0.0,0.0,2.0,0.0,2.0,0.04985735208858211
0.0,0.0,0.0,0.0,0.0,0.0,0.0,0.9894796870994649
0.0,4.0,3.0,3.0,2.0,1.0,2.0,0.054637922284781926
1.0396829565086165,4.0,0.0,3.0,2.0,0.0,0.0,0.9330790527377952
2.0,4.0,3.0,3.0,2.0,0.0,0.0,2.0
2.0,4.0,3.0,3.0,2.0,1.0,2.0,2.0
0.0,0.0,0.0,0.0,0.0,1.0,0.0,1.9000680925530018
2.0,4.0,3.0,3.0,2.0,1.0,2.0,1.0761232281918023
2.0,0.779073316846983,3.0,3.0,0.0,1.0,0.0,0.04140574311911294
0.0,4.0,3.0,1.4611542067264296,0.0,0.2763145319571557,1.9447939865265407,0.0
0.0,4.0,0.0,3.0,2.0,1.0,2.0,1.0534083635127922
2.0,4.0,3.0,3.0,0.0,1.0,2.0,0.9815256376846089
0.0,0.0,0.0,0.0,0.0,1.0,0.0,1.8091049080094344
0.0,0.0,0.0,0.0,0.0,0.0,0.0,1.0289872081722162
0.0,0.0,2.993282094610286,0.0,2.0,1.0,0.18361860291500665,0.05384488281911859
2.0,4.0,0.0,0.0,2.0,0.0,0.0,2.0
0.0,0.0,0.0,0.0,0.0,0.0,0.0,0.9767186552569723
0.0,0.0,0.0,0.0,2.0,1.0,0.19359786938401535,0.896335496063953
0.0,0.0,0.0,0.0,0.0,0.0,0.0,0.9611757405922209
2.0,0.0,3.0,0.0,2.0,1.0,2.0,1.398577345932628
2.0,1.2548429949738913,3.0,0.0,0.23056098386003665,0.6821448194444621,2.0,1.9491649345883257
0.0,0.0,3.0,0.0,2.0,0.0,0.0,2.0
2.0,0.0,3.0,2.448752421840756,0.0,0.0,2.0,1.9727521193372428
0.0,0.0,0.0,3.0,0.0,0.0,0.0,0.010122049010653611
1.297767638582723,0.0,0.0,0.0,0.0,0.0,0.0,2.0
1.3729649213236204,0.0,0.0,3.0,2.0,0.0,0.0,0.0
0.0,0.0,0.0,0.0,0.0,0.0,0.0,1.9626051194453866
2.0,0.0,3.0,0.0,2.0,0.0,0.0,1.032303465845217
1.1905165060909857,4.0,3.0,3.0,2.0,0.0,2.0,2.0
2.0,4.0,3.0,3.0,0.0,0.0,2.0,0.1556965976621686
2.0,4.0,0.0,3.0,2.0,1.0,2.0,0.013009258463248963
0.0,0.0,0.0,3.0,0.903303319655623,0.0,0.0,2.0
0.0,0.0,0.0,0.0,2.0,1.0,0.5497306545242494,1.104253695658102
0.0,0.0,0.0,0.0,0.0,0.0,0.0,0.009486204476047866
0.0,4.0,0.0,0.0,0.0,0.0,0.0,2.0
2.0,0.0,3.0,0.0,2.0,0.0,0.0,0.9967784183125526
2.0,4.0,3.0,3.0,0.0,0.0,2.0,0.04224927192135286
0.0,0.0,0.0,3.0,0.0,0.0,2.0,0.12829485420815012
0.0,0.0,0.0,0.0,0.0,1.0,0.0,0.0
2.0,4.0,3.0,3.0,2.0,1.0,2.0,0.0
0.0,0.0,3.0,3.0,2.0,0.0,0.0,0.10983336724443327
0.0,4.0,0.0,3.0,2.0,1.0,0.0,0.06534933506019791
2.0,4.0,3.0,3.0,2.0,1.0,2.0,0.9848142948350689
2.0,4.0,3.0,0.0,2.0,1.0,0.0,0.9375597112670127
2.0,0.0,0.0,3.0,2.0,1.0,2.0,1.9518239804178577
2.0,0.0,3.0,2.6736537678114654,2.0,0.0,2.0,0.0
0.0,4.0,3.0,3.0,0.0,0.0,0.0,2.0
0.0,0.0,0.0,0.0,0.0,0.12661302512972233,0.0,0.0
2.0,0.0,3.0,3.0,2.0,0.6301235199387073,2.0,0.9632714880548857
0.0,0.0,0.0,0.0,0.0,0.0,0.0,2.0
2.0,0.0,0.0,0.0,2.0,0.0,0.0,1.9189714250033534
2.0,4.0,3.0,3.0,2.0,1.0,2.0,0.9421067891921336
2.0,4.0,0.0,0.0,1.671772462192756,0.0,0.0,0.062372903941781854
0.0,0.0,0.0,1.6632305078244984,0.0,0.0,0.0,1.0283848572439327
2.0,4.0,3.0,3.0,2.0,1.0,2.0,0.027557319176453876
0.0,0.0,3.0,3.0,2.0,0.0,0.6695736573547727,0.030127940217208327
2.0,0.0,0.0,0.0,1.2211501278782024,0.0,0.0,1.1947234825778041
2.0,0.0,3.0,2.272857841618883,0.0,0.9418965561883976,0.0,0.10545557267791583
0.0,0.0,0.0,0.0,0.6026371543582929,0.0,2.0,2.0
1.8636233853434692,4.0,3.0,3.0,0.0,0.0,0.0,2.0
0.0,4.0,0.0,0.0,0.0,0.0,0.0,0.0
2.0,4.0,0.0,3.0,2.0,0.0,0.0,0.9993796305695257
0.0,0.0,0.0,0.0,0.0,0.0,0.0,0.08117195890400497
0.0,0.0,0.0,0.0,0.0,0.0,0.0,0.0
0.0,0.0,0.0,0.0,0.0,1.0,0.0,0.05847261516461366
0.0,0.0,0.0,0.0,0.0,0.0,0.0,0.035735086477586386
0.0,0.0,0.0,0.0,0.0,1.0,0.0,0.9767029777807712
2.0,4.0,3.0,3.0,2.0,1.0,2.0,0.05799597001449486
2.0,0.0,0.0,0.0,0.0,0.0,2.0,0.9151208864352977
2.0,4.0,3.0,3.0,2.0,1.0,2.0,0.011673320518760577
0.0,0.0,0.0,0.0,0.0,0.0,0.0,1.9327202191039643
0.0,4.0,3.0,0.0,0.0,0.0,0.0,0.0
2.0,4.0,3.0,3.0,2.0,1.0,2.0,2.0
0.0,0.0,0.0,3.0,0.0,0.0,0.0,2.0
0.0,0.0,0.0,0.0,0.0,0.0,0.0,2.0
1.8383141577972224,0.0,3.0,3.0,0.0,1.0,0.0,0.9128538086382844
2.0,4.0,3.0,0.0,2.0,1.0,2.0,0.9215543582461303
0.0,0.0,3.0,3.0,0.0,0.0,0.0,2.0
2.0,4.0,3.0,3.0,2.0,1.0,0.0,2.0
0.0,4.0,0.0,3.0,0.0,0.0,0.0,0.0
0.0,0.0,0.0,0.0,0.0,0.0,0.0,1.0267646499140284
2.0,4.0,3.0,3.0,0.0,1.0,2.0,0.8960580687785338
2.0,4.0,3.0,3.0,2.0,1.0,2.0,2.0
0.0,0.0,0.0,0.0,0.0,0.0,0.0,0.10751136106579329
0.0,4.0,0.0,0.0,0.0,0.0,0.0,1.0352594809589215
0.0,0.0,0.0,3.0,0.0,1.0,0.0,2.0
0.0,0.0,0.0,0.0,0.0,0.0,0.0,1.7793634103639397
2.0,4.0,3.0,0.0,2.0,1.0,0.6512435919109272,1.113776562158423
0.40414292687897957,4.0,1.7556712279020925,0.0,2.0,1.0,2.0,1.9879291736209739
2.0,0.0,3.0,3.0,2.0,1.0,2.0,2.0
0.0,4.0,0.0,3.0,1.451132925175117,0.0,0.0,0.9468918838986984
0.0,0.0,3.0,0.0,0.0,0.0,0.0,2.0
0.0,0.0,0.0,0.0,1.9569665607605207,0.0,0.0,0.0
0.0,0.0,0.0,0.0,0.0,0.7134615075910338,1.6845696521866604,0.9949223957021518
0.0,4.0,0.0,0.0,0.0,0.0,0.0,0.9840926176740052
0.0,0.0,0.0,0.0,0.0,0.0,0.0,1.0438620280033486
2.0,4.0,3.0,3.0,2.0,1.0,2.0,1.8116577526503792
0.0,0.0,3.0,0.7795110623817614,2.0,0.0,1.674357340573824,1.9187810604807551
2.0,4.0,3.0,3.0,0.4804752538882505,1.0,0.0,0.09977255430947063
2.0,4.0,3.0,3.0,2.0,0.0,2.0,0.06807234010742191
2.0,4.0,3.0,3.0,0.0,0.0,0.0,0.9728850074183351
2.0,4.0,3.0,3.0,2.0,0.0,2.0,1.3544773300035629
2.0,4.0,3.0,3.0,2.0,1.0,2.0,0.04207343028399524
2.0,4.0,0.0,3.0,2.0,1.0,2.0,0.8514618482033438
0.0,0.0,0.0,0.0,0.0,0.0,0.0,2.0
0.0,0.3749616747475981,3.0,3.0,2.0,1.0,2.0,0.10075621167824567
0.0,0.0,0.0,0.0,0.0,0.40466302577706315,0.0,0.10378449515169774
0.0,0.0,0.0,0.0,0.0,0.0,0.0,1.0638615696562552
0.0,0.0,0.0,0.0,0.0,1.0,0.0,0.8979628664693844
2.0,4.0,3.0,3.0,2.0,1.0,2.0,1.1252463423096755
0.0,0.0,0.0,0.0,2.0,0.0,2.0,0.0
2.0,4.0,3.0,2.221340674574335,2.0,1.0,2.0,0.9194183306564752
0.0,0.0,0.0,0.0,0.0,0.0,2.0,1.9679032564015757
2.0,2.6334428854837997,3.0,3.0,2.0,1.0,2.0,1.9703103472773944
2.0,4.0,3.0,3.0,2.0,1.0,2.0,2.0
2.0,4.0,3.0,0.0,2.0,1.0,2.0,1.1783730407040676
0.0,0.0,0.0,3.0,0.0,0.5464196352410385,0.0,2.0
0.0,0.0,0.0,3.0,2.0,1.0,2.0,0.07846203970657184
2.0,4.0,3.0,3.0,2.0,1.0,2.0,0.0
2.0,0.0,0.0,0.0,2.0,0.0,0.0,2.0
2.0,4.0,3.0,0.0,2.0,1.0,2.0,2.0
2.0,0.0,0.0,3.0,2.0,1.0,2.0,0.0037957546840644563
0.0,0.0,0.0,3.0,0.0,0.0,1.16846925702687,1.0379639702024963
0.0,4.0,1.0264858889897868,3.0,0.0,0.0,0.0,1.063701430276929
0.0,0.0,0.0,0.0,2.0,0.0,0.0,2.0
0.0,0.0,0.0,0.0,0.0,0.0,1.7461885377009652,0.0
2.0,4.0,0.0,3.0,2.0,0.0,2.0,1.9559267133343323
2.0,4.0,3.0,3.0,0.0,0.0,2.0,0.0
0.0,0.0,0.0,0.0,2.0,1.0,0.0,0.9113671701578816
0.0,0.0,0.0,0.0,2.0,1.0,2.0,0.9538451430793317
2.0,4.0,3.0,3.0,2.0,1.0,2.0,1.7365132373326893
0.0,0.0,0.0,3.0,0.0,0.0,0.0,1.9417736788529218
2.0,4.0,0.0,2.517767302771961,2.0,1.0,2.0,1.4931812151246318
2.0,4.0,3.0,3.0,2.0,1.0,2.0,0.0
0.0,0.0,0.0,3.0,0.0,1.0,2.0,0.0
0.0,0.0,0.0,0.0,0.0,0.0,0.0,0.07235962008606145
2.0,4.0,3.0,3.0,2.0,1.0,2.0,1.9630672993686518
0.0,0.0,0.0,0.0,0.0,0.0,2.0,1.964812340976382
2.0,4.0,3.0,3.0,2.0,1.0,2.0,0.0
2.0,4.0,3.0,3.0,0.0,1.0,2.0,1.139984285956591
2.0,4.0,1.911475609203937,0.0,2.0,0.40468016618712166,2.0,1.103305631893799
1.1639853054256095,0.0,0.0,3.0,0.0,0.0,0.0,0.06945812726390144
2.0,0.0,3.0,3.0,1.2411085162570028,1.0,0.0,2.0
2.0,0.0,3.0,0.0,2.0,1.0,2.0,0.1107140556513524
2.0,4.0,0.0,0.0,2.0,1.0,0.0,1.0272953225160775
2.0,4.0,3.0,3.0,2.0,0.8864339290933188,2.0,0.0
2.0,0.0,1.5495859000406778,0.0,0.0,0.0,0.0,0.002768654005496418
0.0,0.0,0.0,0.0,0.0,0.0,0.0,1.9070944385876514
0.0,0.0,0.0,0.0,2.0,1.0,2.0,1.9348446845127163
2.0,0.0,0.0,3.0,2.0,0.0,2.0,2.0
2.0,0.0,0.0,0.0,0.0,1.0,0.0,0.9335425620515527
0.0,0.0,0.0,3.0,0.0,0.0,0.0,0.1112525238978277
2.0,4.0,3.0,3.0,2.0,1.0,2.0,1.8857307506309442
0.0,4.0,3.0,0.0,2.0,0.0,2.0,0.0566852853815939
0.6520068972564269,0.0,0.0,0.0,0.0,0.0,0.0,0.0
0.0,0.0,2.3545824470505043,0.0,0.0,0.0,0.0,2.0
2.0,4.0,3.0,3.0,0.0,0.0,1.289771356833299,0.09390310573527372
2.0,2.5082711121903984,0.0,3.0,1.3558744193317982,0.0,0.0,0.0
0.0,4.0,0.0,0.0,2.0,0.0,0.0,1.928301957550067
0.0,0.0,0.0,0.0,0.0,0.0,0.0,1.9555053810469198
0.0,0.0,3.0,3.0,0.0,0.0,0.0,1.0397718284458966
0.0,4.0,3.0,0.0,2.0,1.0,0.0,1.017105120532797
0.0,4.0,3.0,3.0,2.0,1.0,2.0,0.0
2.0,4.0,0.0,3.0,2.0,0.0,2.0,0.7806791945304059
0.0,4.0,3.0,0.0,2.0,0.0,2.0,2.0
2.0,4.0,3.0,3.0,2.0,1.0,2.0,2.0
0.5042046628976022,4.0,3.0,3.0,2.0,1.0,2.0,1.952712591204744
2.0,4.0,3.0,3.0,2.0,1.0,0.0,0.00373553873480148
0.002700819780846464,4.0,3.0,3.0,2.0,1.0,2.0,2.0
2.0,4.0,0.0,3.0,2.0,1.0,2.0,1.9707010186062055
2.0,4.0,3.0,3.0,2.0,1.0,2.0,0.9544217564703558
2.0,0.0,3.0,3.0,2.0,1.0,2.0,2.0
0.0,4.0,3.0,3.0,1.9409618654438057,0.0,0.0,1.9544803591776292
2.0,0.0,1.156302859839449,0.48740940557986095,2.0,1.0,0.0,1.97077055836067
2.0,0.0823723636570397,0.0,0.0,0.0,1.0,2.0,0.055453421461846175
0.0,0.0,0.0,0.0,0.0,0.0,2.0,1.9006867620966756
0.0,0.0,0.0,0.0,2.0,1.0,0.0,1.9502967295899416
2.0,4.0,3.0,3.0,2.0,1.0,2.0,1.9038349549029419
1.817126404344557,0.0,3.0,0.0,2.0,0.0,2.0,1.9186347280937517
0.0,0.0,3.0,3.0,0.8138847499805801,0.0,2.0,0.0
0.0,0.0,0.0,0.0,0.0,0.0,0.0,0.08803049443746958
0.0,0.0,0.0,0.0,0.0,0.0,0.0,0.0
2.0,4.0,3.0,0.0,2.0,1.0,2.0,1.0168563995623077
2.0,4.0,3.0,3.0,2.0,1.0,2.0,1.1655849195640007
2.0,4.0,3.0,3.0,1.3043203979448503,1.0,1.7080007166207318,0.9673060601555917
2.0,4.0,0.0,0.0,2.0,1.0,0.0,1.042631549269016
2.0,4.0,3.0,3.0,0.0,0.9583565066762756,2.0,1.9530898593434638
0.0,0.0,0.0,2.4432366842978155,2.0,1.0,2.0,2.0
0.0,0.0,0.0,1.7448973868887763,0.0,1.0,2.0,2.0
0.0,4.0,3.0,3.0,2.0,1.0,2.0,1.0133287452696293
0.0,4.0,0.0,3.0,0.0,0.3225193471114144,0.0,0.9446998425884918
0.7675836404069312,0.0,0.0,0.0,0.0,1.0,0.005083510950895986,1.9140597487746063
2.0,4.0,3.0,3.0,2.0,1.0,2.0,2.0
2.0,4.0,3.0,3.0,2.0,1.0,2.0,1.0146316341685335
2.0,4.0,3.0,0.0,0.11500423135788429,0.0,2.0,1.4896885848805343
2.0,4.0,0.0,3.0,2.0,1.0,2.0,1.0818162538332439
0.0,0.0,0.0,0.0,0.0,0.0,2.0,1.0255950103453364
0.0,4.0,3.0,3.0,2.0,1.0,0.0,1.9959232798538333
0.0,0.0,3.0,0.0,0.0,0.0,0.0,0.0
2.0,4.0,3.0,0.4776383000972525,0.0,1.0,1.665496529336752,2.0
2.0,0.0,0.0,0.0,0.0,1.0,2.0,0.9794633704589877
0.0,4.0,3.0,3.0,2.0,1.0,0.0,0.03527653192485547
1.8936715041438346,4.0,0.0,3.0,0.725832618508255,0.0,0.0,2.0
0.0,0.0,0.0,0.0,0.0,0.0,2.0,0.0312174938815315
0.0,0.0,0.0,0.0,2.0,0.0,2.0,0.0
0.0,0.0,0.0,3.0,1.4619166721540482,1.0,0.0,0.0
2.0,4.0,3.0,3.0,2.0,1.0,2.0,1.9315640046193974
2.0,4.0,0.0,3.0,2.0,0.0,2.0,0.7532215038830747
2.0,0.0,0.0,0.0,0.0,0.0,0.0,0.00040326636999565846
1.87130516065865,0.0,0.0,3.0,2.0,0.0,2.0,1.9975210531804493
1.6081061751791337,0.0,1.2222317498055613,3.0,2.0,1.0,2.0,0.0
0.0,4.0,3.0,3.0,0.0,0.0,2.0,0.13100197421079973
2.0,0.0,3.0,0.0,2.0,0.0,0.0,2.0
2.0,4.0,0.0,3.0,2.0,0.0,1.3395791093371603,0.8665495488390084
2.0,4.0,3.0,3.0,2.0,0.0,2.0,1.8903049383938275
0.0,0.0,3.0,0.0,2.0,1.0,2.0,1.7924253891016297
2.0,4.0,3.0,3.0,2.0,1.0,2.0,0.876837272307998
2.0,0.0,3.0,3.0,2.0,0.0,0.0,0.09087471670576586
2.0,4.0,3.0,3.0,2.0,0.0,2.0,0.9902023329454225
2.0,4.0,3.0,3.0,2.0,1.0,2.0,1.1761661799537568
2.0,4.0,3.0,3.0,2.0,1.0,2.0,0.9813902463103086
0.0,0.0,0.0,0.0,0.0,0.0,2.0,0.07277689678023092
0.0,4.0,3.0,3.0,2.0,0.0,2.0,0.8572357354238638
0.1385031686209809,4.0,3.0,0.0,2.0,1.0,2.0,1.0911410629622609
2.0,4.0,3.0,0.0,0.0,0.0,0.0,1.6124540085209516
0.0,0.0,0.0,0.0,0.0,0.0,0.0,2.0
2.0,0.0,0.6378721250267365,3.0,2.0,1.0,0.0,0.11768257017732708
2.0,0.0,0.0,0.0,0.0,1.0,0.0,0.9009606989915603
2.0,4.0,3.0,3.0,2.0,1.0,2.0,0.0
0.0,0.0,0.0,3.0,2.0,1.0,0.0,1.9817819517587114
0.0,0.0,0.0,3.0,0.0,0.0,0.0,0.006933821071876234
0.0,0.0,0.0,0.0,0.0,1.0,0.0,1.9602633935374247
0.0,0.0,0.0,0.3525451831817124,0.0,0.0,0.0,1.0983916635492845
2.0,4.0,3.0,3.0,2.0,1.0,2.0,1.1555812082910646
0.0,4.0,0.0,0.0,0.0,0.0,0.0,1.3246999435302114
2.0,0.0,3.0,3.0,2.0,1.0,0.0,2.0
0.0,4.0,3.0,3.0,2.0,0.0,0.487877681655268,0.0
2.0,4.0,0.0,3.0,2.0,1.0,2.0,0.0
0.0,0.0,0.0,0.0,0.0,0.0,0.0,0.06186662573978319
2.0,0.0,0.0,0.0,0.0,0.0,0.0,0.0
2.0,4.0,3.0,3.0,2.0,0.0,2.0,1.8512782300369968
2.0,4.0,3.0,3.0,2.0,1.0,2.0,0.0
0.0,0.0,0.0,0.0,0.0,0.0,0.0,1.0089891229914152
0.8837291272325847,1.455132852134332,3.0,3.0,2.0,1.0,0.0,2.0
2.0,4.0,3.0,3.0,0.0,1.0,0.0,0.0
2.0,4.0,0.0,3.0,2.0,0.19531370225413813,2.0,0.9039192726069584
0.0,1.9561828876626666,3.0,0.0,0.17610191557984956,1.0,0.0,0.11486210782761197
0.0,4.0,3.0,3.0,2.0,0.2659206453120396,0.0,1.8681100180178052
2.0,0.0,0.6653793406856832,0.0,2.0,1.0,2.0,0.06993958164549674
2.0,0.0,0.0,0.0,2.0,0.0,0.0,0.943246171882464
2.0,0.0,3.0,0.0,0.0,0.0,2.0,0.0
0.0,0.0,0.0,3.0,0.0,0.0,0.0,0.0
0.0,0.0,0.0,0.0,0.0,0.0,0.0,0.9818536849512114
2.0,4.0,3.0,3.0,2.0,1.0,2.0,1.8695386846979007
0.0,0.0,0.0,0.0,0.0,1.0,2.0,1.9023337379448695
2.0,0.0,0.0,0.0,0.0,0.0,0.0,1.9509386084799512
2.0,4.0,1.7475779835637966,3.0,2.0,0.0,2.0,0.8607113028806677
2.0,4.0,0.0,0.0,0.0,1.0,2.0,1.469216362488655
2.0,4.0,3.0,0.0,2.0,1.0,2.0,0.0
2.0,4.0,3.0,3.0,2.0,1.0,2.0,1.9724366089680259
2.0,0.0,3.0,0.0,2.0,1.0,2.0,1.7737158853175732
0.0,0.0,0.0,0.0,0.0,0.0,0.0,0.9855455408585656
2.0,0.0,0.0,3.0,0.0,0.0,2.0,2.0
2.0,4.0,3.0,3.0,2.0,1.0,2.0,0.9141342626105717
2.0,4.0,3.0,3.0,2.0,1.0,2.0,0.9591485981809994
0.0,4.0,0.0,3.0,0.0,0.0,0.0,1.780583783011298
2.0,4.0,3.0,3.0,2.0,0.10184126278497091,2.0,1.1312274313071935
0.0,0.0,0.0,0.0,0.0,1.0,2.0,0.0
2.0,4.0,3.0,0.0,2.0,0.0,2.0,0.046680570414029954
2.0,4.0,3.0,3.0,2.0,1.0,2.0,0.0
0.04143915535441178,4.0,3.0,3.0,2.0,1.0,0.0,1.8952368504667503
2.0,4.0,3.0,3.0,2.0,1.0,0.0,1.1167946686836603
2.0,4.0,3.0,3.0,2.0,1.0,2.0,1.7893554147783486
0.0,0.0,3.0,3.0,0.0,0.0,0.0,1.966529501920239
2.0,4.0,3.0,3.0,0.0,0.0,0.0,1.1087248874338569
2.0,0.0,3.0,0.0,0.0,0.0,0.0,1.0230571936518529
2.0,4.0,3.0,3.0,2.0,1.0,2.0,0.0
0.0,0.0,3.0,0.0,0.0,0.0,0.0,2.0
0.0,4.0,0.0,3.0,0.0,0.0,2.0,1.9234158073389382
0.0,0.0,0.0,0.0,2.0,0.0,2.0,1.0753316481979232
0.0,0.0,0.0,0.0,0.0,0.0,2.0,2.0
0.0,0.0,0.0,0.0,0.0,0.0,0.0,1.0166562786563018
2.0,4.0,3.0,3.0,2.0,0.0,2.0,1.901802659792072
2.0,4.0,3.0,3.0,2.0,1.0,2.0,0.9922897345156594
0.0,0.0,3.0,3.0,2.0,1.0,1.072566165544524,2.0
0.0,0.0,3.0,0.0,2.0,0.0,2.0,1.9623736709460164
2.0,4.0,0.43821760985401437,0.0,2.0,1.0,0.0,1.5945685493793964
2.0,0.0,3.0,0.0,0.0,1.0,2.0,1.5649965406864625
0.0,0.0,3.0,3.0,0.0,0.0,2.0,1.8710538397940368
0.0,4.0,3.0,3.0,2.0,0.8677523004417036,2.0,1.093464450358512
0.0,0.0,3.0,2.508802932073885,0.0,1.0,0.0,0.12243114216563189
0.0,0.0,0.0,0.0,0.0,0.0,0.0,0.09664126143679364
2.0,0.0,0.0,1.503109956215192,0.0,1.0,0.0,1.1397549552945307
0.0,2.372353787352473,3.0,3.0,2.0,1.0,0.0,1.132462565147335
0.0,0.0,1.2161036046092746,0.0,2.0,0.0,0.0,0.08850658455615446
0.0,0.0,0.0,3.0,0.0,1.0,2.0,1.9988454142472476
2.0,0.0,3.0,0.0,2.0,0.0,2.0,1.1039395444115396
0.9444148847460766,4.0,3.0,3.0,2.0,1.0,2.0,0.0
0.0,0.0,0.0,0.0,0.0,0.0,0.0,0.9709712721229486
2.0,4.0,3.0,3.0,2.0,1.0,2.0,0.0
0.0,0.0,0.0,0.0,0.0,0.0,0.0,0.05007992899614011
0.0,0.0,0.0,0.0,0.0,0.0,0.0,0.15899429129968867
0.0,4.0,3.0,3.0,2.0,1.0,2.0,0.07420189137014976
2.0,4.0,0.0,0.0,2.0,1.0,2.0,0.0
0.0,0.0,0.0,0.0,0.0,0.0,0.0,2.0
0.0,4.0,3.0,3.0,2.0,0.0,1.9075467895324927,0.038833641899409854
0.0,4.0,3.0,3.0,2.0,1.0,2.0,2.0
2.0,4.0,3.0,3.0,2.0,0.9761796998524888,0.0,0.9741091322648378
2.0,0.0,3.0,3.0,0.0,0.0,0.0,0.02300046015413415
2.0,4.0,3.0,3.0,2.0,1.0,2.0,0.0
2.0,4.0,3.0,3.0,2.0,1.0,2.0,0.0
0.0,0.0,0.0,0.0,0.0,0.0,0.0,0.9700382052833109
0.0,4.0,3.0,3.0,0.0,1.0,2.0,2.0
2.0,4.0,3.0,3.0,2.0,1.0,2.0,1.4992454226753302
0.0,0.0,3.0,3.0,0.0,0.0,0.0,2.0
2.0,4.0,3.0,3.0,2.0,0.0,2.0,1.7823290429523342
0.0,0.0,0.0,0.0,0.0,1.0,0.0,1.0954090582153522
0.0,0.0,1.9999363769483562,0.0,0.0,0.0,0.0,2.0
2.0,0.0,0.0,0.0,1.787559917378855,1.0,2.0,0.0
0.0,0.0,0.0,0.0,0.0,0.0,0.0,0.10291281431348542
0.0,0.0,0.0,0.0,0.0,0.0,0.0,2.0
0.0,4.0,3.0,1.7573647778748849,1.5085071113966109,0.0,2.0,0.0
2.0,0.0,3.0,3.0,2.0,0.0,0.0,1.0910395148459073
0.0,0.0,0.0,3.0,2.0,1.0,1.099702223306269,2.0
0.0,0.0,3.0,0.0,2.0,0.0,2.0,0.0
0.0,0.0,2.31634151628442,0.0,0.0,0.0,2.0,2.0
2.0,0.0,0.0,0.0,2.0,0.0,0.0,0.9502011683255122
2.0,4.0,3.0,0.0,0.0,1.0,2.0,0.02269885663065152
2.0,4.0,3.0,3.0,2.0,1.0,2.0,1.0032572100081123
2.0,4.0,3.0,3.0,2.0,0.5610184690510475,2.0,2.0
0.0,4.0,3.0,0.0,1.5285709707065127,1.0,2.0,1.8785582431299002
0.0,0.0,3.0,3.0,2.0,1.0,2.0,0.0
0.0,0.0,0.0,0.0,0.0,0.0,0.0,1.6904097174587092
0.0,0.8736668027652774,3.0,0.0,0.0,0.0,0.0,0.9919459071398351
2.0,4.0,3.0,3.0,2.0,1.0,0.9452514065871127,0.8557981614353457
0.0,0.0,3.0,0.0,0.0,1.0,0.0,1.9362450935324085
2.0,4.0,3.0,3.0,2.0,0.0,2.0,0.04844403903601768
2.0,0.0,0.0,3.0,2.0,0.0,2.0,2.0
2.0,4.0,0.0,0.0,0.4595853756391425,0.0,0.4885516407300423,0.07951317511286049
2.0,4.0,3.0,3.0,2.0,0.0,2.0,2.0
2.0,0.0,3.0,3.0,2.0,1.0,2.0,2.0
0.0,0.9254832122434031,0.0,0.0,0.0,0.48642636280453694,0.0,0.785980813978604
2.0,4.0,3.0,3.0,2.0,1.0,2.0,1.063670132401043
2.0,4.0,0.0,3.0,2.0,0.0,2.0,0.0
0.0,0.0,0.0,0.0,2.0,1.0,0.0,0.0
2.0,0.0,3.0,0.0,0.0,0.0,0.0,1.530710076002759
0.0,4.0,3.0,3.0,2.0,1.0,2.0,1.03948739134274
2.0,4.0,3.0,0.7325818765114881,0.0,1.0,0.0,0.0
0.0,4.0,0.0,0.0,0.0,0.0,0.0,2.0
0.0,0.0,3.0,3.0,2.0,0.6887242207875187,2.0,1.924043125286675
2.0,4.0,3.0,3.0,2.0,1.0,2.0,0.05190576360563748
2.0,0.0,3.0,0.0,0.0,0.0,2.0,1.9580784110592773
0.0,0.0,3.0,0.0,0.0,0.0,0.0,1.9867241104832565
0.0,2.6364083234827853,0.0,3.0,2.0,1.0,2.0,1.049268771605338
0.0,4.0,0.0,3.0,0.0,0.0,0.0,0.01605997602393716
0.0,0.0,0.0,0.0,2.0,0.0,2.0,2.0
0.0,0.0,0.0,0.0,0.0,0.0,0.0,0.08608578368319741
2.0,4.0,3.0,3.0,2.0,1.0,2.0,1.0600109742517347
0.0,4.0,0.0,0.0,2.0,1.0,0.0,0.0
0.0,4.0,0.0,0.0,0.0,0.0,0.0,0.9865913395087564
2.0,0.0,0.0,0.0,0.0,0.16962503802187318,2.0,1.8115428496846122
0.0,0.0,0.0,0.0,0.0,0.0,0.0,0.9742864799040873
0.0,0.0,0.0,3.0,2.0,0.5978700350124582,0.0,0.0
0.0,0.0,3.0,0.0,0.0,0.0,2.0,0.07402835340725678
2.0,0.0,3.0,0.0,0.0,1.0,0.0,2.0
0.0,4.0,3.0,3.0,2.0,0.9625435091925802,2.0,1.9221929871669965
0.0,0.0,0.0,0.0,0.0,0.0,0.0,2.0
2.0,4.0,3.0,3.0,2.0,1.0,0.0,1.1987165378478324
0.0,0.0,0.0,0.0,0.0,0.0,0.0,0.0
0.0,0.0,0.0,0.0,0.0,0.0,0.0,1.1041201614829088
2.0,0.0,0.0,0.0,0.0,0.0,0.0,2.0
0.0,0.0,0.0,1.4373185099632626,0.21958442106748643,0.11081087973285891,0.0,1.935546618228499
1.758679917585655,4.0,3.0,3.0,2.0,0.0,2.0,2.0
2.0,2.81765449593117,0.0,3.0,2.0,1.0,0.0,1.0317311354683456
0.13663954322708494,4.0,3.0,3.0,2.0,1.0,2.0,1.9751047060331632
0.0,0.0,0.0,3.0,0.0,0.0,0.0,0.03149070339064697
0.0,0.0,0.0,0.0,0.0,0.0,2.0,1.8898091545759765
0.0,0.0,0.0,0.0,0.0,0.0,0.0,0.930283124189886
2.0,4.0,3.0,3.0,0.0,1.0,2.0,0.01968699841964061
0.0,0.0,0.0,3.0,0.0,0.0,0.0,0.11670852708997115
2.0,0.0,3.0,3.0,0.0,0.0,0.0,0.0
0.0,0.0,0.0,1.0100150582868626,0.6507438040844471,0.0,0.0,0.1454596239901712
0.0,0.0,3.0,0.0,0.0,0.0,2.0,1.0428012861481846
0.0,0.0,0.0,0.0,0.0,0.0,0.0,1.1099815933104027
0.0,0.0,0.0,3.0,0.0,0.19999715342667157,2.0,1.8467478725870028
0.0,0.0,0.0,0.0,0.0,0.0,0.0,0.0
2.0,0.0,3.0,0.0,2.0,1.0,2.0,1.1401444478352176
0.0,0.0,0.0,3.0,0.0,1.0,2.0,1.9099347043509078
2.0,4.0,0.0,3.0,2.0,1.0,1.3713562902364762,1.0195362903037544
2.0,4.0,0.0,0.0,2.0,1.0,2.0,2.0
0.0,0.0,0.0,0.0,2.0,1.0,2.0,1.9827242063836938
0.0,4.0,0.0,3.0,0.0,1.0,0.0,0.0
2.0,4.0,0.0,0.0,0.0,0.0,0.0,0.07571467698682599
2.0,4.0,0.0,0.0,0.4797072362963841,0.0,0.0,1.4367548671700832
2.0,4.0,3.0,3.0,2.0,1.0,2.0,1.1310685353835381
0.0,0.0,0.0,0.0,2.0,1.0,2.0,2.0
2.0,4.0,3.0,3.0,2.0,0.0,2.0,1.0331716533730955
2.0,4.0,3.0,3.0,2.0,1.0,2.0,1.4358041635817833
2.0,0.0,0.0,0.0,0.0,0.0,2.0,2.0
0.0,4.0,0.0,0.0,1.3268284514823507,1.0,0.0,0.006974696950240666
2.0,0.0,3.0,3.0,0.0,0.0,0.0,2.0
0.0,0.0,0.0,0.0,0.0,0.5702731162009,0.4105234290430586,0.9226472070543289
0.0,0.0,0.0,0.0,0.0,0.0,0.0,1.9823007306733298
0.0,0.0,1.239936990524549,0.0,0.0,0.0,0.0,2.0
2.0,0.0,3.0,3.0,2.0,1.0,2.0,0.045324392961862636
0.0,0.0,0.0,0.0,0.0,0.0,0.0,0.032260241849880744
0.0,0.0,3.0,0.0,0.0,0.0,2.0,0.029986135705535544
0.7538253284316645,4.0,0.0,3.0,2.0,1.0,0.82426196381073,1.0072194015574256
0.0,0.0,0.0,0.8252351918866658,1.0268822080512654,0.0,0.0,0.027615972646445552
2.0,0.0,3.0,3.0,0.0,1.0,0.0,1.0268868871677976
2.0,4.0,3.0,3.0,2.0,1.0,2.0,0.9889260488958772
0.0,4.0,0.0,0.0,2.0,0.0,2.0,0.9710325670690371
2.0,4.0,3.0,3.0,2.0,1.0,0.25680522912180304,0.22305967886119482
2.0,4.0,3.0,3.0,2.0,1.0,2.0,1.5060443581389564
0.0,0.0,0.0,0.0,0.0,0.0,0.0,0.0
2.0,0.2892764805691972,0.0,3.0,0.884478340266146,1.0,2.0,1.8850261398392976
0.0,3.66075494340617,0.0,3.0,0.0,0.0,0.0,2.0
2.0,0.0,3.0,3.0,0.3540646434004875,1.0,0.0,2.0
0.0,0.0,3.0,0.0,2.0,0.0,0.0,1.7192119776448531
2.0,0.0,3.0,3.0,2.0,1.0,2.0,0.0
2.0,0.0,3.0,3.0,2.0,0.0,2.0,0.930595872864317
0.0,0.0,0.0,0.0,0.0,0.0,0.0,1.1559502490227036
0.0,0.0,3.0,1.1182252466881164,0.0,1.0,2.0,1.8604608998467653
2.0,4.0,0.0,3.0,0.0,1.0,2.0,0.9956168745515158
2.0,4.0,0.0,0.0,0.0,1.0,2.0,1.9844030186600383
2.0,0.0,3.0,3.0,2.0,0.0,0.0,1.9353029954466257
0.0,0.0,3.0,0.0,2.0,1.0,0.0,0.08401311794869659
0.0,0.0,0.0,0.0,0.0,0.0,0.0,0.10528776525946304
0.0,4.0,0.0,3.0,2.0,1.0,2.0,0.0
2.0,4.0,0.0,3.0,2.0,1.0,0.0,1.9963466362798221
0.0,0.0,3.0,3.0,0.0,0.0,2.0,0.9836265917755945
2.0,2.5228255820969934,0.0,0.0,2.0,0.0,0.0,0.0
0.0,2.6124087746717697,0.0,0.0,0.0,1.0,2.0,2.0
0.0,4.0,0.0,0.10668475819385101,2.0,0.0,0.0,1.9620309412055859
0.0,4.0,3.0,2.801578917574973,2.0,1.0,0.0,1.889879501077066
2.0,4.0,3.0,3.0,2.0,0.0,2.0,1.8680671481135684
0.0,4.0,0.0,0.0,0.0,1.0,2.0,0.0
0.0,0.0,0.0,3.0,2.0,0.0,0.0,1.0259059461706517
0.0,4.0,0.0,0.0,0.0,1.0,0.0,0.0
0.0,0.0,1.6677022127431782,0.0,0.0,0.713566194571819,0.0,0.0
0.0,4.0,3.0,3.0,2.0,1.0,0.7938252925154843,0.9617257499480739
2.0,4.0,0.0,3.0,2.0,1.0,2.0,1.0807770666336325
2.0,4.0,3.0,3.0,2.0,0.0,2.0,0.011811211519387577
0.0,0.0,3.0,0.0,2.0,0.0,2.0,0.0
2.0,0.0,3.0,3.0,0.0,0.0,2.0,1.9815220930920239
2.0,0.0,0.0,0.0,2.0,0.0,2.0,0.0
0.0,0.0,0.0,0.0,0.0,0.0,0.0,2.0
0.0,0.0,0.0,0.0,0.0,0.0,0.0,1.927863930452812
2.0,4.0,3.0,3.0,2.0,1.0,2.0,0.0
0.0,0.0,0.0,1.2032840165579222,2.0,1.0,0.0,2.0
0.0,4.0,3.0,0.0,0.0,0.0,2.0,1.7290483252739175
2.0,0.0,0.0,0.0,0.0,0.0,0.0,0.13426647364828603
0.8243741311378259,0.0,0.0,0.0,2.0,0.0,0.0,1.6728101200877428
0.0,0.0,0.0,0.0,0.0,0.0,2.0,0.022858641416300562
0.0,0.0,1.599139808590806,0.0,0.0,0.0,2.0,1.028767217546934
2.0,4.0,3.0,3.0,2.0,1.0,2.0,2.0
2.0,4.0,0.0,3.0,2.0,0.0,0.0,1.8449787894350387
0.0,4.0,0.0,0.0,0.0,0.0,2.0,1.1624548220015725
0.0,4.0,0.0,0.0,0.0,0.0,2.0,0.9489523480957521
2.0,4.0,3.0,2.001317537287015,1.0778478042006931,0.0,2.0,0.0
2.0,4.0,3.0,0.0,2.0,0.0,2.0,1.9713625435879425
2.0,0.0,0.0,3.0,2.0,0.0,0.0,0.16230095748966544
2.0,4.0,3.0,3.0,2.0,1.0,2.0,1.0251469833544995
2.0,4.0,0.0,0.0,0.0,0.0,2.0,0.027487254652571513
0.0,0.0,0.0,3.0,2.0,0.0,0.0,1.7883543529467638
2.0,4.0,3.0,3.0,2.0,1.0,2.0,0.0
0.0,0.0,0.0,0.0,0.0,0.0,0.0,0.9914967060257632
2.0,4.0,3.0,0.0,0.0608280244587357,1.0,0.0,1.6035641867224515
2.0,0.0,3.0,3.0,2.0,1.0,0.0,2.0
2.0,4.0,3.0,3.0,2.0,1.0,0.0,0.991917584703468
0.0,0.0,0.0,0.0,0.0,1.0,0.0,0.889020181374566
2.0,3.9120569263608544,3.0,0.0,0.0,1.0,2.0,1.0116724903088667
0.0,0.0,0.0,0.0,0.0,0.0,1.9263026765405855,1.4356432292844772
2.0,4.0,3.0,3.0,1.9268114510444203,0.0,2.0,1.0596800364035546
2.0,4.0,3.0,3.0,2.0,1.0,2.0,0.0
2.0,0.0,0.0,0.0,0.6036534582102089,1.0,2.0,2.0
2.0,4.0,3.0,3.0,2.0,1.0,2.0,0.0
2.0,4.0,3.0,3.0,2.0,0.0,2.0,1.8059618474409938
2.0,4.0,3.0,3.0,2.0,0.0,2.0,1.891662138163662
2.0,4.0,3.0,3.0,2.0,0.0,2.0,0.0
0.0,0.0,0.5695825361616278,0.12072091202737016,0.0,0.0,0.0,0.0
2.0,4.0,0.0,3.0,2.0,0.0,0.0,0.09296434439043477
2.0,4.0,3.0,3.0,0.0,1.0,2.0,2.0
2.0,0.0,3.0,0.0,2.0,1.0,0.0,1.9180895143787424
0.0,4.0,1.854536920571111,0.0,0.0,0.8053470967120063,2.0,2.0
0.0,0.0,0.0,0.0,0.0,0.0,0.0,0.0
0.0,0.0,0.0,0.0,0.0,1.0,2.0,1.924994082524128
2.0,4.0,3.0,0.0,2.0,1.0,2.0,1.0795096944326321
2.0,4.0,0.0,3.0,0.0,0.0,2.0,2.0
2.0,4.0,3.0,3.0,2.0,1.0,2.0,1.0092452225337747
0.0,0.0,0.0,3.0,0.0,0.0,0.0,0.0
0.0,0.0,3.0,0.0,0.0,0.0,2.0,0.0
0.0,0.0,0.0,0.0,0.0,0.0,0.0,0.1623339627525664
0.0,4.0,3.0,0.0,2.0,1.0,0.0,0.0
2.0,0.0,0.0,3.0,0.0,0.0,0.0,1.8455874591401682
0.0,0.0,0.0,0.0,0.0,0.0,0.0,0.0
0.0,4.0,0.0,0.0,0.0,0.0,0.0,0.947972677790247
0.0,0.0,0.0,0.0,0.0,0.0,0.0,2.0
2.0,4.0,0.0,0.0,2.0,0.0,0.0,0.02211422249585615
2.0,4.0,0.0,3.0,2.0,1.0,2.0,0.9875923604119563
1.1562587189091227,0.0,0.0,0.0,0.5506003919065412,0.0,0.0,0.0
0.0,4.0,0.0,0.0,0.0,0.0,0.0,0.0
0.0,0.0,1.4473231699271434,0.0,0.0,0.0,0.5081477574156241,1.9187740958299107
0.0,0.0,0.0,0.0,0.0,0.0,0.0,1.9704664970807808
0.0,0.8624640607123466,0.0,3.0,2.0,0.0,0.0,0.9967259087450506
0.0,0.0,0.0,0.0,0.0,0.7689132651594792,0.0,2.0
0.0,0.0,1.0709895332032922,0.0,0.8746293850319603,0.0,1.140668232521046,1.0217392127792093
2.0,4.0,3.0,3.0,2.0,1.0,2.0,0.7821342391915813
2.0,4.0,3.0,3.0,0.9885182553540477,1.0,2.0,0.9819637030979061
2.0,0.0,0.0,3.0,2.0,0.0,2.0,0.0
2.0,0.0,3.0,3.0,2.0,1.0,0.0,1.0074461807018087
2.0,4.0,3.0,3.0,2.0,0.0,2.0,0.03574979316701232
2.0,4.0,3.0,0.47763997996690977,2.0,1.0,2.0,2.0
2.0,4.0,3.0,3.0,0.0,0.0,0.0,1.940855334607103
0.0,4.0,0.0,0.0,0.0,0.0,0.27426865777117504,1.0004231084333322
2.0,3.5527091979199428,0.0,0.0,0.0,0.0,0.0,0.13107359945567787
1.1356158865130486,3.091746257110149,3.0,0.07923092233061088,0.0,0.0,0.0,0.9847300182267448
0.0,0.0,0.0,1.138910006487218,2.0,1.0,2.0,2.0
2.0,0.0,3.0,3.0,2.0,1.0,2.0,0.9157076713243439
0.0,4.0,0.0,3.0,2.0,0.0,0.0,2.0
0.32980831198390714,4.0,0.0,3.0,0.0,0.0,2.0,1.9811759088991707
0.0,0.0,0.0,0.0,0.0,1.0,0.0,1.9639201258636172
2.0,0.0,0.0,0.0,2.0,1.0,2.0,0.0
2.0,4.0,0.0,1.8530991013627092,0.0,0.0,0.0,0.9685984868284299
2.0,0.0,0.0,3.0,0.0,0.0,0.0,2.0
0.0,4.0,3.0,0.0,2.0,0.0,1.612032416601569,0.7793665940997648
2.0,0.0,0.0,3.0,2.0,0.0,2.0,1.024927369566227
0.2726895718542194,2.0718129150347058,3.0,0.0,1.7189132564965837,0.0,2.0,2.0
2.0,4.0,3.0,3.0,2.0,1.0,2.0,0.0020467205549361545
0.0,0.0,0.0,0.0,0.0,0.0,0.0,0.021366187408213277
2.0,0.0,3.0,3.0,2.0,1.0,0.0,1.072845101449209
0.0,0.0,0.0,0.0,0.0,0.0,0.0,1.8366146989714072
2.0,0.0,3.0,0.0,2.0,0.0,0.0,0.8760503304416614
0.0,4.0,0.0,0.0,2.0,0.0,0.0,1.8906754367112018
2.0,4.0,3.0,3.0,2.0,1.0,2.0,1.0354860063601938
2.0,4.0,0.0,0.0,2.0,0.0,0.0,0.0
0.0,0.0,0.0,0.0,0.0,1.0,0.0,1.9811725519947931
0.0,0.0,0.0,0.44071633926713305,2.0,0.0,0.0,1.0726416342663292
0.0,4.0,0.0,3.0,2.0,0.0,2.0,0.8646850286767296
0.0,0.0,0.0,0.0,0.0,1.0,0.0,2.0
2.0,4.0,3.0,3.0,2.0,1.0,0.0,1.9127566036435364
2.0,0.0,1.4596380798956476,0.0,0.537845901031375,1.0,0.0,0.0
0.0,0.0,0.0,0.0,0.0,1.0,0.0,1.5241655909642546
2.0,4.0,3.0,1.2401797696815808,2.0,1.0,2.0,1.9871387141849972
0.0,0.0,0.0,0.0,0.0,0.0,0.0,0.0
2.0,0.0,0.0,3.0,0.0,1.0,2.0,1.057901636861161
0.0,0.0,0.0,0.0,0.0,0.0,0.0,0.0
1.2520985218796874,0.0,0.0,0.0,2.0,0.0,1.2854444485200114,0.0
0.0,4.0,3.0,3.0,2.0,1.0,0.0,0.04096373782970797
0.0,4.0,0.0,3.0,0.0,0.0,0.0,0.11495737671918593
0.0,0.0,3.0,3.0,2.0,0.0,0.0,0.07480817323905553
2.0,4.0,3.0,3.0,2.0,1.0,2.0,0.0
0.0,0.0,0.0,0.0,0.0,0.0,0.0,1.953371868753274
2.0,0.0,3.0,0.0,2.0,1.0,0.0,0.0705353572898495
2.0,0.0,3.0,0.0,0.0,0.0,2.0,1.5070906868570695
0.0,4.0,3.0,0.0,2.0,0.0,2.0,1.9636555289547326
0.0,4.0,3.0,0.0,2.0,1.0,2.0,1.9059923474309648
0.0,4.0,3.0,3.0,2.0,1.0,2.0,0.21845786627483932
2.0,0.0,1.0597617941493342,0.0,0.0,1.0,2.0,1.1401593664139549
2.0,4.0,3.0,3.0,2.0,1.0,2.0,2.0
0.0,4.0,3.0,0.0,2.0,0.0,2.0,1.9178124103876844
0.0,0.0,0.0,0.0,0.0,0.0,0.0,0.14541684006319489
0.0,0.0,3.0,0.0,2.0,0.0,0.0,1.8555022619944415
0.0,0.0,0.0,0.0,0.0,0.0,0.0,1.1860970255751075
0.0,0.0,0.0,0.0,0.0,0.0,0.0,0.9695964233853824
0.3507649420216522,4.0,0.0,0.0,0.9936605618036052,0.0,2.0,2.0
2.0,0.0,0.0,3.0,2.0,0.0,0.0,1.0377564416865321
2.0,0.0,0.0,0.0,0.0,1.0,2.0,1.083349379901846
2.0,0.0,0.0,0.0,0.0,0.0,2.0,1.0114497973092413
2.0,4.0,3.0,3.0,2.0,0.0,0.0,0.045612384129515404
2.0,4.0,3.0,0.0,0.0,1.0,2.0,0.0
2.0,4.0,3.0,3.0,0.0,1.0,2.0,1.3785953438492107
2.0,4.0,0.0,0.0,2.0,0.0,0.0,0.9232381415064622
2.0,0.0,0.0,0.2833904977092988,0.0,0.0,0.0,0.0
2.0,0.0,3.0,3.0,0.7957715511250616,1.0,2.0,2.0
0.0,0.0,0.0,0.0,0.0,0.0,0.0,0.0
2.0,4.0,0.0,1.6893572601288314,2.0,0.0,2.0,0.0005494460741332086
2.0,4.0,3.0,3.0,2.0,1.0,1.5309223785297763,1.1383111884945072
0.0,4.0,3.0,3.0,2.0,0.0,2.0,1.9991657479189073
0.0,0.0,0.0,0.0,0.0,0.0,0.0,0.06731125913300051
2.0,2.0846144297477447,0.0,0.0,0.0,0.0,0.0,1.1529950178899975
0.0,4.0,1.3025908727472684,3.0,2.0,1.0,2.0,0.10040955402131302
2.0,4.0,0.0,0.0,2.0,0.1482422187759267,0.0,2.0
0.0,0.0,3.0,0.0,2.0,1.0,0.0,0.923964718875975
0.0,0.0,0.0,0.0,0.0,0.0,0.0,1.0269045286949414
2.0,4.0,3.0,3.0,2.0,1.0,2.0,0.18190869073167693
2.0,4.0,0.0,3.0,0.0,1.0,2.0,2.0
1.1497541364683468,4.0,0.0,0.8629892457873135,0.0,1.0,0.0,1.9555431684412015
2.0,4.0,3.0,0.0,0.0,0.0,2.0,1.1227122981898867
0.0,0.0,0.0,0.0,2.0,0.0,0.0,1.1054277671082235
2.0,4.0,0.0,0.0,0.0,1.0,2.0,0.9620701591044569
2.0,0.0,0.0,0.0,0.0,0.0,0.0,0.9857616629844452
0.0,0.0,0.0,0.0,0.0,0.0,0.0,2.0
2.0,4.0,3.0,0.0,0.0,1.0,0.0,0.9418110531783546
0.0,0.0,3.0,0.0,0.0,0.0,0.0,1.1717365020648574
0.0,4.0,3.0,3.0,0.0,0.0,2.0,0.0052909491265156205
2.0,4.0,3.0,3.0,2.0,1.0,0.0,2.0
2.0,4.0,3.0,3.0,2.0,1.0,0.2843152531373121,0.0
2.0,0.0,3.0,3.0,0.0,0.0,0.0,0.0
0.0,4.0,3.0,3.0,2.0,0.0,0.0,0.0
0.0,0.0,0.0,0.0,0.0,0.0,0.0,1.8531423838860028
2.0,4.0,3.0,3.0,2.0,1.0,2.0,1.0042981995538807
0.0,1.8085079074574815,0.0,3.0,2.0,0.0,2.0,0.0
0.6673974251415793,4.0,3.0,3.0,2.0,1.0,2.0,2.0
0.0,0.0,0.0,0.0,0.0,0.0,2.0,0.0
2.0,4.0,3.0,3.0,2.0,1.0,2.0,1.5872246396612804
0.0,0.0,0.0,0.0,0.0,0.0,0.0,1.050357272988403
0.0,0.0,0.0,3.0,0.0,0.0,0.0,1.0439958730875374
0.3107491677793425,0.0,0.0,0.0,2.0,0.0,1.5288328248599363,1.3985386181965853
2.0,4.0,3.0,3.0,2.0,1.0,0.6409247489532516,0.0
2.0,4.0,0.0,0.0,0.0,0.0,2.0,1.9932653271157688
2.0,4.0,0.0,3.0,0.0,0.0,0.0,1.9147788310402842
2.0,4.0,3.0,2.147832533100631,2.0,1.0,0.0,0.9949358693505536
0.0,4.0,3.0,2.271347066875611,2.0,0.0,2.0,0.14738276610457923
2.0,0.0,3.0,3.0,2.0,1.0,0.0,1.1380913643189623
0.0,4.0,0.0,0.0,0.0,0.0,2.0,1.0742173401397643
0.0,0.0,0.0,0.0,0.0,0.0,0.0,1.410880569467601
2.0,0.0,3.0,0.0,2.0,1.0,2.0,1.1498428155558782
0.0,4.0,0.0,0.0,2.0,0.0,0.0,1.9846338134702206
2.0,4.0,3.0,3.0,2.0,1.0,2.0,0.9925793716575814
2.0,4.0,0.0,0.0,2.0,1.0,0.06844793115312198,0.9249931331133503
2.0,2.438138499725254,0.0,0.0,2.0,1.0,0.0,0.987397245191135
0.0,4.0,3.0,0.0,0.0,0.0,0.0,0.0
0.0,0.0,0.0,0.0,0.0,1.0,2.0,0.0
2.0,4.0,3.0,3.0,2.0,1.0,2.0,0.0
2.0,4.0,0.0,0.0,0.0,1.0,2.0,1.9972394284227106
0.0,3.1590892548226996,3.0,2.9499955277082233,0.0,0.0,0.0,1.0012362110914999
0.0,4.0,3.0,3.0,2.0,1.0,0.0,0.0
2.0,0.0,3.0,3.0,2.0,1.0,2.0,1.5619451123844046
0.0,0.0,0.0,0.0,0.0,0.0,0.0,2.0
0.0,0.0,0.0,0.0,0.0,0.0,2.0,0.0
0.0,0.0,3.0,0.0,0.0,1.0,0.0,1.004564300166477
2.0,0.0,3.0,1.168829426766046,0.0,1.0,0.0,2.0
2.0,4.0,3.0,0.0,2.0,1.0,0.0,0.8905959637560563
2.0,4.0,3.0,0.0,0.0,1.0,2.0,0.0
0.0,0.0,3.0,0.0,0.0,0.0,0.0,0.0
0.0,4.0,3.0,0.0,2.0,1.0,2.0,1.6357737051213386
0.0,0.0,3.0,0.0,0.0,0.0,0.0,0.0
2.0,4.0,3.0,0.0,0.0,0.0,0.0,0.08556545260386617
2.0,4.0,3.0,3.0,2.0,1.0,2.0,0.1186756518656712
2.0,0.0,0.0,0.0,0.0,0.0,0.0,1.1073928108755349
0.0,0.0,0.0,0.44632589996005195,0.0,0.0,0.0,1.5047889705946746
2.0,0.0,0.0,3.0,2.0,0.0,1.5403924023639908,0.9303472205399599
0.0,0.0,3.0,0.0,0.0,0.0,2.0,1.0627249264510052
0.0,0.0,0.0,0.0,0.0,0.0,0.0,1.006074084638174
2.0,0.0,0.0,0.0,2.0,0.0,0.0,0.010381643631386273
2.0,4.0,3.0,3.0,2.0,1.0,2.0,1.888362158245686
0.0,0.0,3.0,0.0,0.0,0.0,0.0,0.05846506647879368
0.0,0.0,2.280018595578879,3.0,0.0,1.0,2.0,0.01883848138345645
2.0,4.0,3.0,3.0,2.0,1.0,2.0,0.0031225448478156004
0.0,0.0,0.0,3.0,2.0,1.0,0.0,2.0
2.0,4.0,0.0,3.0,2.0,1.0,0.0,0.051211016858479064
0.0,0.0,0.0,0.0,0.0,0.0,2.0,1.783771160677801
2.0,4.0,3.0,3.0,0.0,1.0,0.0,0.13095853659491996
2.0,0.0,0.0,0.0,2.0,1.0,0.0,0.8492266568695147
0.0,0.0,0.0,0.0,0.0,1.0,0.0,2.0
2.0,0.0,0.0,2.7882672761074376,0.0,0.0,2.0,0.0
2.0,4.0,3.0,3.0,2.0,1.0,2.0,1.9629673495808724
0.0,0.0,0.0,0.0,0.0,0.0,0.0,0.9766403768151484
0.0,4.0,0.0,0.0,0.0,1.0,0.0,1.9276251644680262
0.0,0.36904847134319696,3.0,3.0,2.0,0.0,0.0,2.0
2.0,4.0,3.0,3.0,2.0,0.0,1.3496436853445086,0.0
1.0974278094221572,0.0,0.6558580638613667,0.12974022206496436,0.0,1.0,0.0,0.0
0.0,4.0,0.0,3.0,0.9018511460712569,1.0,0.0,1.9915949624178877
2.0,4.0,3.0,3.0,2.0,1.0,2.0,2.0
2.0,0.0,3.0,0.0,2.0,1.0,2.0,0.2834881052155783
0.0,4.0,3.0,3.0,0.0,0.5349154935347167,2.0,1.1159890516684163
2.0,0.0,0.0,0.722537413324562,0.0,0.0,0.0,0.9322535789221944
0.0,0.0,3.0,3.0,2.0,1.0,0.0,0.0
2.0,4.0,3.0,0.0,2.0,0.0,1.56679170924687,1.4164622027386544
0.0,0.0,3.0,3.0,1.488688909622683,0.0,0.0,2.0
0.0,4.0,3.0,0.0,2.0,0.0,0.0,0.7977175165602836
0.0,4.0,0.0,3.0,0.0,0.0,0.0,1.8484260603255733
2.0,4.0,3.0,3.0,2.0,1.0,2.0,0.9745691028735726
0.0,2.59333755835916,0.0,3.0,0.0,0.0,0.0,0.0
0.0,0.0,0.0,0.0,2.0,1.0,0.0,1.8473939602443452
2.0,4.0,3.0,3.0,2.0,1.0,2.0,1.0826226241097845
2.0,4.0,3.0,3.0,0.0,1.0,2.0,1.052331439751169
2.0,0.0,3.0,0.0,0.0,0.0,0.018910470485073883,0.9631424420423019
0.0,0.0,0.0,0.0,0.0,0.0,0.0,0.9873590596353792
0.0,0.0,0.0,0.6735601195650628,1.379025939807463,0.0,0.0,2.0
0.0,4.0,0.0,0.0,0.0,0.0,0.0,0.0
0.0,4.0,3.0,3.0,0.0,0.0,0.4134765730725567,0.0
0.0,4.0,3.0,0.0,2.0,0.0,0.0,0.0
0.0,0.0,0.0,0.0,0.0,0.0,0.0,0.09601797998422046
0.0,4.0,0.0,0.0,0.0,1.0,2.0,1.0059769793276343
2.0,4.0,3.0,0.0,0.0,1.0,1.9636349859176554,1.4041095334571512
0.0,0.0,0.0,0.0,0.0,1.0,0.0,2.0
0.0,2.4458240591614984,3.0,0.0,2.0,1.0,2.0,0.9239392140304524
0.0,4.0,0.0,3.0,0.0,0.5857998752511411,0.0,1.053714427913737
0.0,0.0,3.0,0.0,0.0,0.0,0.0,2.0
0.0,0.0,0.0,0.0,0.0,0.0,2.0,0.02332742107765018
2.0,4.0,0.0,3.0,2.0,1.0,0.0,0.08019283738197436
0.0,0.0,0.0,2.8556384896308455,0.0,1.0,0.0,0.0
2.0,0.0,0.0,0.0,0.0,0.0,2.0,1.3775053473277197
2.0,4.0,0.0,3.0,2.0,1.0,2.0,0.0553379814251197
0.0,0.0,0.0,0.0,0.0,0.0,0.0,0.2038032646418375
0.0,4.0,3.0,3.0,0.0,1.0,2.0,1.0913733270590182
2.0,0.0,0.0,3.0,2.0,1.0,2.0,1.841877349501846
2.0,4.0,3.0,0.0,0.0,1.0,2.0,0.09947188848312516
2.0,4.0,3.0,3.0,2.0,1.0,2.0,0.0
2.0,0.0,3.0,0.0,2.0,0.0,0.0,0.053784987375387505
2.0,4.0,3.0,3.0,2.0,1.0,0.7894831811681772,1.066093842500063
0.0,4.0,3.0,3.0,2.0,1.0,2.0,2.0
0.0,0.0,0.0,3.0,0.0,1.0,2.0,2.0
0.0,0.0,0.0,0.0,0.0,0.0,0.0,1.8410574217984246
0.0,2.713258960466062,0.0,3.0,0.0,1.0,2.0,1.9927997030117826
2.0,4.0,3.0,3.0,0.0,1.0,0.24106543372287692,0.0
0.0,0.0,0.0,0.0,0.0,0.0,0.0,2.0
0.0,0.0,3.0,3.0,0.0,0.0,2.0,0.08037916822779068
0.0,0.9231117535728262,3.0,0.0,0.20181939833745188,1.0,0.0,2.0
2.0,4.0,3.0,3.0,2.0,1.0,2.0,1.9521333779389372
2.0,4.0,3.0,3.0,0.0,0.0,2.0,1.0992552527089259
0.0,4.0,0.0,0.0,0.0,1.0,0.0,0.02189634550473951
2.0,4.0,3.0,3.0,1.9203849993501838,0.9589874918532327,2.0,0.9583872630262072
0.0,0.0,0.0,1.2804748936159844,0.0,0.0,0.0,0.07969184977151522
2.0,4.0,3.0,3.0,2.0,1.0,1.6547875731536341,0.0
2.0,4.0,3.0,0.0,0.0,1.0,0.0,0.064727264245797
1.6398191537540394,4.0,0.0,0.0,0.0,0.0,2.0,0.9677884248950083
2.0,0.5311766347310427,0.0,0.0,2.0,1.0,0.0,1.1568763747289306
0.0,4.0,3.0,3.0,2.0,1.0,2.0,2.0
0.0,0.0,0.0,0.0,0.0,0.0,0.0,1.0475658520248745
0.0,0.0,0.0,0.0,0.0,0.0,0.0,0.008450630812274595
0.0,0.0,0.0,0.0,0.0,0.0,0.0,0.0
0.0,4.0,3.0,3.0,0.0,0.0,2.0,0.0
2.0,4.0,3.0,3.0,2.0,1.0,0.0,0.0680774340093514
0.0,0.0,0.0,0.0,0.0,0.0,2.0,0.0
2.0,4.0,3.0,3.0,0.0,1.0,2.0,0.9510983647841712
2.0,0.0,0.0,0.0,0.0,0.7562417178398011,2.0,2.0
0.0,0.0,0.0,0.0,0.0,0.0,0.0,1.0930925380037522
0.0,0.0,0.0,3.0,0.0,0.0,2.0,0.0
0.0,0.0,0.0,0.0,0.0,0.0,0.0,0.023901186373027516
2.0,4.0,3.0,3.0,2.0,0.36033914132778955,2.0,2.0
0.0,4.0,0.0,1.988671624073918,0.0,0.0,0.0,1.9359136502437098
0.0,0.0,0.0,0.0,0.0,0.0,0.0,1.8412624233292256
2.0,4.0,3.0,3.0,2.0,1.0,2.0,0.8457584144628061
0.0,0.0,3.0,0.0,1.9060208444016964,0.0,2.0,1.014100277547757
2.0,4.0,3.0,3.0,0.0,1.0,2.0,0.9810051959847155
0.0,3.820712383861428,3.0,3.0,0.0,0.0,2.0,1.069897893451248
1.8390453734018941,0.0,0.0,0.0,2.0,0.0,2.0,0.0
2.0,4.0,0.0,3.0,0.0,1.0,0.0,1.0332886361205647
2.0,0.0,0.0,3.0,2.0,1.0,0.0,0.10115722867878862
0.0,0.0,0.0,0.0,0.0,1.0,1.4425558529239768,1.1189728995837036
2.0,4.0,3.0,0.0,2.0,1.0,2.0,0.06768089307873493
0.0,0.0,0.0,0.0,1.827718730441142,0.0,0.0,0.12470263021095629
2.0,4.0,3.0,0.0,2.0,1.0,2.0,1.0939027066878304
0.0,0.0,0.0,0.0,0.0,1.0,0.0,1.6986561911275753
1.149058106818952,0.0,0.0,3.0,2.0,1.0,2.0,2.0
2.0,4.0,0.0,3.0,0.0,0.0,2.0,0.0
0.0,0.0,0.0,0.0,0.0,1.0,2.0,0.0
1.1826130324024522,0.0,0.0,3.0,2.0,1.0,2.0,1.9263642940206704
2.0,0.0,3.0,3.0,2.0,1.0,2.0,2.0
2.0,4.0,3.0,0.0,2.0,1.0,2.0,1.9545061943487365
2.0,4.0,3.0,0.0,2.0,0.0,2.0,1.0812765994798537
2.0,4.0,3.0,3.0,2.0,1.0,0.0,0.0
2.0,0.0,3.0,3.0,0.04436708970942993,0.0,2.0,1.9663140991404473
2.0,4.0,3.0,3.0,0.0,1.0,2.0,1.129677641251181
2.0,0.0,3.0,3.0,2.0,1.0,2.0,1.9250632812387647
1.3623241520501912,4.0,3.0,0.0,2.0,1.0,2.0,2.0
2.0,4.0,3.0,3.0,0.0,1.0,2.0,0.0015249695690247034
2.0,0.0,3.0,0.0,2.0,1.0,2.0,1.8940153509794628
0.0,0.0,0.0,0.0,0.0,0.0,0.0,1.1332806544583975
2.0,4.0,3.0,3.0,2.0,0.03517854964453787,0.0,1.0346327579083803
0.0,0.0,3.0,0.0,0.0,0.0,0.0,1.1387145090654407
0.0,4.0,3.0,0.0,0.4372085570403119,1.0,1.7968871872201304,0.0
0.0,4.0,0.0,0.0,2.0,1.0,0.0,1.1356931337821252
2.0,4.0,3.0,3.0,0.0,0.0,2.0,0.05161292128536599
0.0,0.0,3.0,0.0,0.0,1.0,0.0,1.0253887308854213
0.0,0.0,0.0,0.0,0.0,0.0,0.0,1.0549343933931743
0.0,0.0,3.0,0.0,2.0,0.0,0.0,0.025963844240010636
2.0,0.0,0.0,0.0,2.0,1.0,2.0,1.0047549233045066
1.128843430419693,4.0,0.0,3.0,0.0,0.8135432944429286,2.0,2.0
2.0,4.0,3.0,3.0,2.0,1.0,2.0,2.0
2.0,0.0,0.0,3.0,0.0,1.0,0.0,2.0
0.0,4.0,0.0,3.0,0.0,1.0,0.0,1.9175712935377942
0.0,0.0,0.0,0.0,0.0,0.7861144958880096,0.0,2.0
2.0,4.0,3.0,3.0,0.0,1.0,1.4283435387455832,0.9645880222694996
2.0,4.0,3.0,3.0,2.0,0.0,2.0,1.5780816351478562
0.0,0.0,0.0,0.0,0.0,0.0,0.0,0.0
2.0,4.0,3.0,3.0,2.0,0.0,2.0,0.10011250660186832
2.0,0.0,0.0,3.0,2.0,1.0,2.0,2.0
0.0,0.0,0.0,3.0,2.0,0.0,2.0,0.0
0.0,0.0,0.0,0.0,0.0,0.0,0.0,1.4463678787381937
0.0,0.0,2.903416853487527,3.0,0.0,0.44652445305126093,0.0,1.8258349610167732
0.0,0.0,0.0,0.0,0.0,0.0,0.0,0.0035223132471774443
2.0,4.0,0.0,3.0,0.4405662158036754,0.19976661787416633,0.0,0.0
0.0,0.0,0.0,0.0,0.13523283847129508,0.0,0.0,0.002456749192700003
2.0,4.0,3.0,3.0,2.0,1.0,2.0,0.0
0.0,0.0,3.0,0.0,0.0,0.0,0.0,2.0
0.0,4.0,3.0,0.0,1.2241684477655776,0.0,2.0,1.0758285721896592
0.0,0.0,0.0,0.0,0.0,0.0,0.1524556248837028,0.9778491549969717
2.0,3.6874402591889712,0.0,3.0,2.0,1.0,2.0,1.0698051506563868
2.0,4.0,0.0,0.0,2.0,1.0,0.0,0.9153404461031608
2.0,4.0,3.0,0.0,2.0,1.0,0.0,2.0
2.0,1.2924643519523118,3.0,3.0,2.0,1.0,2.0,0.0
2.0,3.6633493665090757,3.0,0.0,0.0,0.0,0.0,1.4840044055083073
2.0,4.0,3.0,3.0,2.0,1.0,2.0,0.9147859895365118
0.0,4.0,0.0,3.0,0.0,1.0,0.0,2.0
0.0,3.0211326337309794,3.0,0.0,2.0,0.0,0.0,0.06226055707201106
2.0,0.0,0.7231964952089819,0.0,0.0,1.0,0.0,2.0
0.0,3.8812787290023945,0.0,0.3471763454628752,0.0,0.0,2.0,0.9098561908556595
2.0,4.0,0.9279063071450733,3.0,2.0,1.0,2.0,1.5586633603368896
2.0,4.0,3.0,3.0,2.0,1.0,2.0,0.9694493949406799
2.0,4.0,0.0,3.0,2.0,1.0,2.0,1.9324920225439342
2.0,4.0,0.0,3.0,0.0,1.0,2.0,0.8885000980375054
0.0,2.323374788212192,0.0,0.0,0.0,1.0,0.0,1.9620167933232087
0.0,1.2017570546654877,3.0,0.0,0.0,1.0,0.0,1.9911363278648175
0.0,0.0,0.0,0.0,0.0,0.0,0.0,1.1903187134944622
2.0,4.0,3.0,0.0,2.0,1.0,2.0,0.0
0.13207964421596563,0.0,3.0,0.0,0.0,0.0,0.0,2.0
0.0,4.0,0.0,0.0,2.0,1.0,2.0,0.8548227897517064
2.0,0.0,0.0,0.0,0.0,0.0,0.8593707120283229,1.0997986126786714
2.0,0.0,0.0,3.0,0.0,0.0,0.0,0.02517593609693114
2.0,4.0,3.0,3.0,1.519758653158398,1.0,2.0,1.864016292263385
2.0,0.0,3.0,3.0,2.0,1.0,2.0,0.05981492304721159
0.0,0.0,0.0,0.0,0.0,0.0,0.0,0.8730424227480263
2.0,4.0,3.0,3.0,2.0,1.0,2.0,0.9625258438221609
0.0,0.0,3.0,0.0,0.0,0.0,2.0,0.8139720978823803
0.0,4.0,0.0,3.0,0.0,0.0,2.0,1.9293211743091676
0.0,0.0,0.0,0.0,0.0,0.0,0.0,1.8877422933987082
0.0,4.0,3.0,0.0,0.0,0.0,1.3971721954298295,0.0
0.0,4.0,3.0,3.0,2.0,1.0,2.0,2.0
2.0,4.0,3.0,3.0,2.0,1.0,2.0,2.0
0.0,0.0,3.0,0.0,0.0,0.6962698963640297,0.0,1.9120443668613216
0.8717758653290608,0.6381631937486578,3.0,3.0,2.0,1.0,2.0,2.0
2.0,0.0,3.0,3.0,2.0,0.0,0.0,1.747370606597002
2.0,0.0,0.0,0.0,2.0,0.0,0.0,0.6713058289590288
2.0,4.0,3.0,3.0,2.0,1.0,2.0,1.0674126233333725
2.0,0.0,3.0,3.0,2.0,1.0,2.0,1.9837761663260587
0.0,0.0,0.0,0.0,0.0,0.4350837078574077,0.0,1.9855846570904272
0.0,0.0,0.0,0.0,0.0,0.0,0.0,0.9594991556583524
2.0,0.0,0.0,0.0,0.0,1.0,0.0,0.005032753573791737
2.0,4.0,1.1981598801407591,3.0,2.0,1.0,2.0,1.9009421024478195
0.0,0.0,0.0,0.0,0.0,0.0,0.0,0.0
0.0,0.0,2.4894207706442435,0.0,0.0,1.0,0.0,0.0
0.0,0.0,0.0,0.0,2.0,0.0,0.0,2.0
2.0,4.0,0.0,3.0,0.0,0.0,2.0,1.8917446757457623
0.0,3.974832522448917,3.0,0.0,0.0,0.0,2.0,0.9455193290567591
2.0,0.0,0.0,0.4358704885213314,2.0,0.7982611111788089,2.0,0.09085675718366604
0.0,0.0,3.0,0.0,0.0,0.0,0.0,1.5883456014747832
0.0,0.0,0.0,0.0,0.0,0.0,0.0,0.08501070056171256
0.0,0.0,0.0,0.0,0.0,1.0,0.0,0.0
0.0,0.0,0.0,0.0,0.0,0.0,0.0,0.014575372866360126
0.0,3.86498361194428,3.0,0.0,2.0,0.0,2.0,2.0
0.0,0.0,0.0,0.0,0.0,0.0,0.0,1.0263635062445942
0.0,0.0,3.0,3.0,2.0,0.0,0.0,0.03824628173486211
0.0,4.0,0.0,0.0,0.0,0.0,0.0,0.0
0.7080166574277993,4.0,3.0,3.0,0.0,1.0,2.0,0.0
2.0,4.0,3.0,3.0,0.0,1.0,2.0,1.8644555053602627
0.0,0.0,3.0,3.0,2.0,1.0,2.0,0.049043998695562974
2.0,4.0,3.0,0.0,2.0,1.0,2.0,2.0
0.0,4.0,0.0,0.0,0.0,0.0,0.0,1.9904362706512995
0.0,0.0,3.0,3.0,2.0,1.0,2.0,0.18535340145487933
0.0,0.0,3.0,3.0,2.0,0.0,0.0,0.012783009480243912
0.0,0.0,3.0,0.0,0.0,0.0,2.0,1.7975429382010994
2.0,0.0,3.0,3.0,0.0,1.0,0.0,1.8865853801302475
0.0,4.0,0.0,0.0,0.0,1.0,2.0,0.0
1.4668643764761164,0.0,0.0,0.0,0.0,1.0,0.0,2.0
0.0,4.0,3.0,3.0,2.0,1.0,0.0,1.1105469548771822
0.0,0.0,0.0,0.0,2.0,0.0,0.0,0.0
0.0,0.0,0.0,3.0,0.0,0.0,0.0,0.11493682477531597
0.0,4.0,3.0,3.0,0.0,1.0,0.0,1.0448636282452874
2.0,2.484458596911083,0.0,3.0,2.0,1.0,2.0,1.0088429305035822
0.0,0.0,3.0,3.0,0.0,1.0,0.0,0.0
0.0,0.0,0.0,0.0,0.0,0.0,0.0,0.0
2.0,4.0,3.0,0.0,2.0,1.0,2.0,2.0
2.0,0.0,0.0,2.153048874081364,2.0,0.0,0.93647260462838,1.5369527466385902
2.0,4.0,3.0,3.0,2.0,0.0,0.04235996976515388,2.0
2.0,4.0,3.0,0.0,2.0,1.0,0.0,0.0
2.0,4.0,0.0,3.0,2.0,1.0,0.025020750383386026,0.028811526724065506
0.0,0.0,0.0,3.0,0.0,1.0,0.0,0.10817667974431866
0.0,4.0,0.0,3.0,2.0,1.0,0.0,0.0
0.0,0.0,0.0,3.0,2.0,1.0,2.0,2.0
0.0,0.0,0.0,0.0,0.0,0.0,0.0,2.0
2.0,0.613595839826349,3.0,3.0,2.0,0.0,2.0,1.950728618892446
0.0,0.0,0.0,0.0,0.0,1.0,0.0,0.0
0.0,0.0,0.0,0.0,0.0,0.0,0.0,0.08745142071133138
2.0,4.0,0.0,0.0,0.0,1.0,0.0,0.0
0.0,0.0,3.0,2.7860223919690332,0.0,0.0,2.0,0.0
2.0,0.3515277962550336,3.0,3.0,2.0,1.0,2.0,1.157269841612361
0.0,0.0,0.0,0.8903676147217372,0.0,0.0,0.0,1.9669334027805805
0.0,0.0,3.0,2.295540320544779,0.0,1.0,0.0,1.9398298845079973
2.0,4.0,0.0,3.0,2.0,1.0,2.0,0.09326048130748943
0.0,0.0,0.0,3.0,2.0,0.0,2.0,1.9334418742912143
0.0,4.0,0.0,3.0,2.0,1.0,0.0,1.9248778805769813
0.03734532534491497,0.0,3.0,0.0,0.0,1.0,0.6633322853126946,1.9726559622566382
2.0,0.0,0.0,3.0,1.8192116567493715,0.0,0.864631945586282,1.1600021353104288
0.0,0.0,3.0,0.0,2.0,0.0,0.0,2.0
0.0,0.0,0.0,3.0,1.2609864954048522,0.0,2.0,2.0
0.0,4.0,0.0,3.0,0.0,1.0,0.0,1.8407766739158067
0.0,1.3920460612105665,0.0,0.0,0.14499005311287172,0.0,0.0,0.0
0.0,0.0,0.0,0.0,0.0,0.0,0.0,0.15925419555544196
0.5145739452752949,0.0,3.0,0.0,2.0,0.0,0.0,0.045879287214676934
0.0,0.0,0.0,0.0,0.0,0.0,0.0,0.0
0.0,0.0,0.0,0.0,2.0,0.0,0.0,2.0
2.0,4.0,3.0,3.0,2.0,1.0,2.0,0.0
2.0,4.0,1.69134411307662,0.0,2.0,0.0,2.0,1.5077788738936755
2.0,4.0,3.0,3.0,2.0,1.0,2.0,0.9708635757453841
2.0,4.0,3.0,3.0,0.0,1.0,2.0,2.0
0.0,0.0,0.0,3.0,0.0,0.0,0.0,0.0
2.0,4.0,3.0,3.0,0.44138613221263223,0.6388055627389957,2.0,0.9029488370824285
0.0,4.0,0.0,3.0,0.0,0.0,0.0,1.02784988997962
2.0,4.0,3.0,0.0,0.0,0.0,2.0,2.0
2.0,4.0,0.0,3.0,2.0,1.0,0.0,1.8930317767995313
2.0,4.0,3.0,0.0,2.0,1.0,0.02045597771879526,0.06090817180726238
2.0,4.0,3.0,3.0,2.0,1.0,2.0,0.0
0.0,0.5838317706693794,0.0,0.0,2.0,0.0,0.0,0.030660611187976916
0.0,4.0,1.8845962060720811,0.0,2.0,0.12669463189883845,2.0,2.0
2.0,0.0,0.0,0.0,2.0,1.0,2.0,2.0
0.0,0.0,0.0,3.0,2.0,1.0,0.0,0.0
2.0,4.0,3.0,3.0,2.0,1.0,2.0,1.866989386391043
2.0,4.0,0.0,3.0,2.0,1.0,0.0,1.4032958333653769
2.0,4.0,3.0,3.0,2.0,1.0,2.0,1.1207170590200386
0.0,0.0,0.0,0.0,0.0,0.0,0.0,0.13078910787613796
2.0,4.0,3.0,0.0,2.0,1.0,2.0,0.9598605426795412
2.0,4.0,3.0,0.0,0.0,0.0,2.0,2.0
2.0,4.0,0.0,3.0,2.0,1.0,2.0,0.8787464680669553
0.0,4.0,0.0,3.0,2.0,1.0,0.0,0.9439440995001956
0.0,0.011454612505504835,0.0,3.0,0.0,0.0,1.938132391252175,0.06020966844984543
0.0,0.0,0.0,0.0,0.0,0.0,0.0,0.0
0.0,0.0,0.0,3.0,0.0,1.0,0.0,0.0
0.0,0.0,3.0,3.0,2.0,0.0,0.0,1.9879790939418314
2.0,0.2943491206321993,3.0,0.0,0.0,1.0,2.0,1.9507974648494733
2.0,0.0,0.0,0.0,2.0,0.0,0.0,0.1023463552674252
2.0,0.0,3.0,3.0,0.18121127626624978,1.0,2.0,2.0
0.0,0.0,0.0,3.0,0.0,0.0,0.0,1.0802791780473477
2.0,4.0,0.0,0.0,0.0,1.0,2.0,0.0014649036491860556
2.0,4.0,0.0,0.0,0.0,0.0,0.0,2.0
2.0,0.0,0.0,0.0,0.0,1.0,0.0,1.458033031210365
0.0,4.0,3.0,0.0,2.0,0.09351057892605685,2.0,1.013969830128908
0.0,4.0,3.0,3.0,0.0,0.0,0.0,1.1985584730765184
0.0,4.0,0.0,0.0,0.0,0.0,0.0,0.9568653926870301
2.0,4.0,3.0,3.0,2.0,1.0,2.0,1.9575048563353605
0.0,0.0,0.0,3.0,0.0,1.0,0.0,2.0
2.0,4.0,3.0,3.0,2.0,1.0,2.0,1.1000927892697343
0.0,4.0,3.0,3.0,0.9920234783957765,1.0,2.0,0.10235277550746091
0.0,4.0,0.0,3.0,0.0,1.0,2.0,0.0
0.0,0.0,0.0,0.0,0.0,0.0,0.0,0.0577097588180171
0.0,0.0,0.0,3.0,0.0,0.0,2.0,0.0
2.0,0.0,0.0,3.0,2.0,1.0,0.0,0.9536040316605073
2.0,4.0,3.0,3.0,2.0,1.0,2.0,1.0270961917114558
2.0,4.0,3.0,3.0,2.0,1.0,2.0,1.4266959119184144
2.0,0.0,0.0,0.0,0.0,1.0,0.0,1.0281585942396045
0.0,0.0,0.0,0.0,0.0,0.5541306058835509,0.0,0.9862421165991441
2.0,0.0,0.0,0.0,0.0,0.0,0.0,0.0
2.0,0.0,0.0,0.0,0.0,0.0,0.0,2.0
0.0,4.0,2.3547334585565336,0.0,0.0,1.0,2.0,1.8924973109761696
0.0,0.0,0.0,0.0,0.0,0.0,0.0,1.0492530962215607
0.0,4.0,3.0,0.0,2.0,0.179254224184485,0.0,1.082898982286971
0.0,4.0,0.0,3.0,0.0,1.0,2.0,1.1101998306773768
2.0,0.0,3.0,0.0,2.0,1.0,2.0,0.0
2.0,4.0,3.0,3.0,2.0,1.0,2.0,1.056289669674579
0.0,0.0,0.0,3.0,0.0,0.0,2.0,0.0
2.0,4.0,3.0,3.0,2.0,0.0,2.0,1.9617853234957088
0.0,4.0,3.0,3.0,1.1230064026328088,1.0,2.0,1.0154256370576935
0.0,0.0,3.0,0.0,2.0,1.0,2.0,1.7219671978334392
2.0,4.0,3.0,3.0,2.0,1.0,2.0,1.1499596857711898
0.0,4.0,3.0,3.0,2.0,1.0,2.0,2.0
0.0,0.0,0.0,0.0,0.0,0.0,0.0,1.072626768518561
0.6895618724119417,0.0,3.0,3.0,0.0,1.0,1.2515586372557992,0.11329373683141519
0.0,4.0,3.0,0.0,2.0,0.0,1.7418892556561156,0.003627092991785652
2.0,4.0,3.0,0.0,2.0,1.0,2.0,1.8331676166387656
2.0,0.0,0.0,3.0,0.0,0.0,0.0,2.0
2.0,4.0,3.0,3.0,0.0,0.0,2.0,0.0
0.0,0.0,0.0,0.0,0.0,0.0,0.0,2.0
2.0,4.0,3.0,0.0,2.0,1.0,2.0,0.9683867504787376
2.0,4.0,3.0,3.0,2.0,1.0,2.0,2.0
2.0,4.0,0.0,3.0,0.0,1.0,0.0,0.0
2.0,0.0,3.0,3.0,2.0,1.0,2.0,1.028557090743154
2.0,0.0,0.0,3.0,0.0,0.0,2.0,0.9180264774194178
2.0,4.0,0.0,3.0,2.0,1.0,2.0,1.1124156080638603
0.0,4.0,0.0,0.0,0.0,1.0,0.0,1.9227281357439092
0.0,4.0,0.0,3.0,0.04671691433167624,1.0,2.0,2.0
2.0,0.0,0.0,3.0,0.0,1.0,0.0,0.8938361243307122
0.0,0.0,0.0,3.0,0.0,0.0,2.0,0.09464152957693339
0.0,4.0,3.0,3.0,2.0,1.0,2.0,1.8600324920564129
0.0,0.0,3.0,3.0,2.0,0.0,2.0,0.0
2.0,0.8906863273913821,3.0,3.0,2.0,1.0,2.0,1.8976907270446277
0.0,0.0,0.0,0.0,0.0,0.0,0.0,0.05474745260512093
2.0,4.0,3.0,0.0,2.0,1.0,1.772208547886454,0.004063264868747085
2.0,0.0,0.0,3.0,2.0,0.0,0.0,1.5904307475534487
0.0,0.0,0.0,0.0,0.0,0.0,0.0,0.15282352110615383
0.0,0.0,0.0,0.0,0.0,0.0,0.0,0.9409584826133938
2.0,0.0,0.0,0.0,0.0,0.0,0.0,0.9933334740129729
2.0,4.0,3.0,3.0,2.0,1.0,2.0,0.9885173771173674
2.0,4.0,0.0,3.0,0.0,0.73949544599978,2.0,0.0
1.176913517541826,4.0,3.0,3.0,0.0,1.0,2.0,2.0
0.0,0.0,0.0,3.0,2.0,0.0,0.0,1.943192446162941
2.0,0.0,0.0,0.0,2.0,0.0,0.0,1.9695838964623973
2.0,4.0,0.0,0.0,0.0,0.0,2.0,0.002894094216065235
2.0,4.0,3.0,0.0,0.0,1.0,2.0,2.0
1.1693910826365201,0.0,0.0,0.0,2.0,1.0,0.0,2.0
2.0,0.0,3.0,3.0,2.0,1.0,2.0,0.0
1.35455506449843,4.0,3.0,3.0,2.0,1.0,2.0,0.0
0.0,4.0,0.0,3.0,2.0,0.0,2.0,0.8860623882011608
0.0,4.0,0.0,3.0,2.0,1.0,2.0,1.6049187289919373
0.0,0.0,3.0,3.0,2.0,0.0,2.0,0.9222721606515789
2.0,4.0,3.0,3.0,0.0,1.0,2.0,1.0513420218983718
2.0,4.0,0.0,2.5321378852799366,2.0,1.0,2.0,1.895151401947678
0.0,0.0,0.0,3.0,2.0,1.0,2.0,1.9132226738211235
0.0,0.0,0.0,0.0,0.0,0.29124384808460835,0.0,2.0
0.0,0.0,3.0,3.0,0.0,1.0,2.0,1.0122521888321645
0.0,0.0,0.0,0.0,2.0,0.0,0.0,1.037166213592931
0.0,4.0,0.0,0.0,0.0,0.0,0.0,0.021432936646047063
0.0,0.0,3.0,0.0,2.0,0.0,2.0,1.907194547204118
2.0,4.0,3.0,3.0,2.0,1.0,2.0,1.078191827883676
2.0,4.0,3.0,3.0,2.0,0.0,2.0,0.9436414308717774
0.0,4.0,3.0,2.8487176447311118,0.360638423401179,1.0,0.0,1.065399055641393
0.0,1.5433966886779227,3.0,3.0,0.0,1.0,2.0,1.0149980133411034
0.0,0.0,2.346731828904872,0.0,0.0,0.0,0.0,0.07561534207435194
0.0,0.35475327907629883,3.0,0.0,0.0,0.0,2.0,1.0694130571291551
0.0,4.0,3.0,3.0,2.0,1.0,0.0,2.0
2.0,4.0,3.0,3.0,2.0,0.0,2.0,2.0
0.0,0.0,0.0,0.0,0.0,0.0,2.0,0.12426182896567384
2.0,4.0,3.0,0.0,2.0,1.0,0.0,1.1131960864669168
2.0,4.0,3.0,3.0,2.0,1.0,2.0,1.1121026046008193
0.0,0.0,0.0,0.0,0.0,0.20887629189275525,0.0,0.0
0.0,0.0,3.0,0.0,2.0,1.0,0.0,0.0
0.0,4.0,0.0,0.47521500979122544,2.0,1.0,0.0,1.7010416928629775
2.0,4.0,3.0,3.0,2.0,1.0,2.0,0.14016157636309634
2.0,0.0,0.0,0.0,1.414069966875981,1.0,0.0,0.0
2.0,4.0,3.0,3.0,2.0,1.0,2.0,0.9803076348419634
0.0,0.0,3.0,3.0,2.0,1.0,2.0,0.9366007690632596
2.0,4.0,3.0,3.0,0.0,1.0,2.0,2.0
2.0,4.0,3.0,3.0,0.0,1.0,2.0,0.8895097846262644
0.0,4.0,0.0,0.0,0.0,1.0,2.0,1.716803684495313
0.0,0.0,0.0,0.0,2.0,1.0,0.0,1.001224720518986
0.0,0.0,0.0,0.0,0.0,0.0,0.0,2.0
0.0,0.0,0.0,0.0,2.0,0.0,0.0,0.9589061799354893
0.3125810924044806,4.0,3.0,3.0,2.0,1.0,0.0,0.0
0.009548236895998596,4.0,3.0,3.0,0.0,1.0,0.0,1.0611926300308745
0.5982644203422647,4.0,0.0,0.48066104076134974,2.0,1.0,0.04395395584045858,1.3959423520140284
2.0,4.0,0.0,1.4504961895233912,0.0,1.0,2.0,1.9393286993474357
2.0,3.5688572743959135,3.0,3.0,1.3890471790840482,1.0,2.0,2.0
0.0,0.0,3.0,3.0,0.0,1.0,0.0,1.0220625368626386
2.0,4.0,3.0,0.0,2.0,1.0,2.0,2.0
2.0,0.0,0.0,3.0,0.0,1.0,0.0,0.09987574059036097
2.0,4.0,3.0,3.0,2.0,1.0,2.0,0.039747722221469606
0.0,0.0,0.0,0.0,0.0,0.0,0.0,2.0
0.0,0.0,0.0,0.0,0.0,0.0,0.0,0.9230631622876283
2.0,4.0,3.0,3.0,2.0,0.0,0.0,0.03285918992362857
2.0,4.0,0.0,3.0,0.0,0.0,0.0,0.0
0.0,0.0,0.0,0.0,0.0,0.0,0.0,0.0
0.0,0.0,0.0,0.0,0.0,1.0,0.03220006031152345,0.02555150022855235
2.0,4.0,3.0,3.0,2.0,1.0,2.0,0.9326656117387204
0.0,4.0,3.0,3.0,2.0,1.0,2.0,1.9892105052282893
0.0,0.0,0.0,0.0,0.0,0.0,0.0,1.0577872476677517
0.0,0.0,0.0,3.0,0.0,0.0,0.0,0.0
0.0,4.0,3.0,0.0,0.0,1.0,2.0,0.0
0.0,4.0,0.0,0.0,2.0,1.0,0.0,1.01986450940814
0.0,0.0,3.0,0.0,0.0,0.0,0.0,0.9042995991490994
0.0,0.0,0.0,0.0,0.0,0.0,0.0,1.8051117389682503
0.0,4.0,0.0,0.0,0.0,0.0,0.0,0.0389530509847551
1.6504662994041341,0.0,0.0,2.030747940671932,0.0,1.0,2.0,0.11152619414775267
2.0,4.0,3.0,3.0,2.0,1.0,2.0,1.638378885872831
0.0,0.0,3.0,0.0,0.0,0.0,0.0,1.9441672485853205
2.0,0.0,0.0,0.0,0.0,0.03930589102420251,1.4465809915290273,0.015862523914725868
2.0,0.0,0.0,3.0,2.0,0.0,2.0,0.020442975444705747
0.0,0.0,3.0,0.0,0.0,0.0,0.0,0.0
2.0,4.0,3.0,3.0,2.0,0.0,2.0,0.0
0.0,2.9353007082753377,3.0,3.0,2.0,1.0,2.0,0.8814984043281096
0.0,0.0,0.0,0.0,0.0,0.0,0.0,0.0
2.0,4.0,0.0,3.0,2.0,1.0,2.0,0.016291930825240608
2.0,4.0,3.0,3.0,2.0,1.0,2.0,0.10007943882488224
2.0,3.4110004367383957,3.0,3.0,2.0,1.0,2.0,1.9286010547550045
2.0,0.0,3.0,3.0,0.0,1.0,2.0,1.9561667788757502
2.0,0.0,3.0,0.9798823284926583,2.0,0.0,2.0,1.9913210222838793
0.0,4.0,0.0,0.0,2.0,1.0,2.0,1.9780917974435583
0.0,0.0,0.0,0.0,0.5286634911843131,0.0,0.0,1.471540603984886
0.31492506834011336,0.0,0.0,0.0,2.0,0.0,0.0,1.0220822911204954
0.0,0.0,0.0,0.0,0.0,0.0,0.0,1.9929847424123506
1.593632945410071,4.0,3.0,3.0,0.0,0.0,2.0,2.0
0.0,0.0,0.0,0.0,0.0,0.0,0.0,2.0
0.0,0.09729107306791196,0.0,3.0,2.0,1.0,0.0,0.9746692668209826
0.08825759022195734,0.0,0.0,0.0,2.0,0.0,0.0,2.0
2.0,0.0,0.0,0.0,0.0,0.0,0.0,0.0
2.0,0.0,3.0,3.0,0.0,0.4613289510446864,2.0,1.123969514405545
2.0,4.0,3.0,3.0,2.0,1.0,2.0,0.0
2.0,4.0,3.0,3.0,2.0,0.0,2.0,1.683495739913372
0.0,0.3640313199852583,3.0,3.0,0.0,0.0,0.0,1.9930294831968034
0.0,0.0,3.0,3.0,2.0,0.0,0.0,0.0
2.0,0.0,3.0,3.0,0.0,1.0,0.0,0.019342034590116408
2.0,2.3183340602274463,3.0,3.0,2.0,0.3313061303180198,2.0,2.0
2.0,0.0,0.0,0.0,0.0,1.0,0.0,2.0
0.0,0.0,1.0472474724510938,0.0,0.0,0.0,0.0,1.2377886436960202
0.0,0.0,3.0,3.0,2.0,1.0,2.0,2.0
0.0,0.0,3.0,3.0,2.0,0.5105174209716058,2.0,2.0
0.17201746716247224,4.0,3.0,0.0,0.0,0.0,0.0,1.1306806675021042
2.0,1.239121369698069,3.0,0.0,0.0,0.0,2.0,1.0433056260905214
2.0,0.0,0.0,3.0,2.0,1.0,2.0,1.9232385416937128
2.0,4.0,3.0,3.0,2.0,1.0,2.0,1.0369670519330996
2.0,4.0,3.0,0.0,0.0,0.7438759128676956,0.0,2.0
0.0,4.0,0.0,0.0,0.0,0.0,0.0,0.990643286147905
0.0,0.0,0.0,0.0,2.0,0.0,0.0,0.0
0.0,0.0,0.0,0.0,0.0,0.0,0.0,2.0
0.0,0.12022339216336331,0.0,3.0,2.0,0.0,0.0,0.07212154898984169
0.0,0.0,0.0,2.0041644638490785,0.0,0.0,0.0,0.0
2.0,4.0,0.0,3.0,2.0,1.0,2.0,0.0
2.0,4.0,3.0,3.0,0.0,1.0,0.0,1.9755720255349785
0.0,0.0,0.0,3.0,0.0,0.0,0.0,0.8780261081574547
0.0,0.0,3.0,0.0,0.0,1.0,0.0,1.9046978537025203
2.0,0.0,0.0,3.0,2.0,1.0,2.0,0.0023007918040419684
2.0,4.0,3.0,3.0,2.0,1.0,2.0,0.8756452992002938
2.0,0.0,0.0,0.0,0.0,0.0,2.0,1.0530409538995036
0.0,0.0,0.4230667967666752,3.0,0.0,0.0,0.0,1.0478512715877122
0.0,4.0,0.0,0.0,2.0,0.0,0.0,2.0
0.0,0.0,0.0,0.0,0.0,0.0,0.0,0.08183431994621793
2.0,1.1288549597034967,0.0,3.0,2.0,1.0,0.6937827637715772,2.0
0.0,4.0,3.0,0.0,2.0,0.0,0.0,1.9664810906401726
2.0,0.0,3.0,3.0,2.0,1.0,2.0,0.9870055615281592
2.0,0.0,0.0,3.0,0.444817499367017,1.0,0.0,0.0
0.0,0.0,0.0,0.0,0.0,1.0,0.0,1.8007278257522716
0.0,4.0,3.0,0.0,2.0,1.0,2.0,1.222776958391634
2.0,4.0,0.0,3.0,2.0,1.0,2.0,1.1192705918085522
0.0,0.0,3.0,0.0,1.0777319552724942,0.0,0.0,0.0
0.0,4.0,0.0,0.0,2.0,1.0,2.0,0.9664746502013823
0.0,4.0,0.0,3.0,0.0,0.0,0.0,2.0
2.0,4.0,3.0,3.0,2.0,1.0,2.0,0.8875307627430714
0.0,4.0,3.0,3.0,2.0,1.0,2.0,0.020901818127125327
0.6225782680421265,0.0,0.0,3.0,2.0,1.0,2.0,1.7347686379198124
0.0,4.0,0.0,0.0,0.0,0.0,0.0,0.05848718056729152
2.0,4.0,0.0,0.0,2.0,1.0,2.0,0.0
0.0,4.0,0.0,3.0,0.0,0.0,0.0,0.0
0.0,0.0,0.7508525350844251,0.0,0.0,0.0,2.0,0.9040759975660368
0.3274832078006015,4.0,3.0,0.0,2.0,1.0,0.0,1.044998734661644
2.0,4.0,0.0,3.0,2.0,0.0,2.0,2.0
2.0,4.0,3.0,3.0,2.0,1.0,2.0,0.8655360377712475
0.0,0.0,0.0,0.0,0.0,0.0,2.0,0.13059349519915386
2.0,4.0,0.0,3.0,2.0,1.0,2.0,1.9451413084601032
2.0,0.0,0.0,0.0,2.0,1.0,0.0,1.093593840352474
2.0,4.0,3.0,3.0,2.0,1.0,2.0,1.5124528884856643
0.0,3.960665338050328,3.0,3.0,1.750042624153164,0.0,2.0,0.0
0.0,0.0,0.0,3.0,0.0,0.0,0.0,1.1557537174780907
0.0,0.0,0.0,0.0,2.0,0.0,2.0,0.05975406890607571
0.6694856244098703,0.0,0.0,0.0,0.0,1.0,2.0,2.0
0.0,0.0,3.0,3.0,0.0,0.0,0.0,1.007442988996254
2.0,0.0,0.0,0.0,0.0,0.0,2.0,1.1818345129840393
2.0,4.0,3.0,3.0,2.0,1.0,2.0,1.9230568046592764
0.0,0.0,0.0,0.0,0.0,0.0,0.0,1.0426403652949547
2.0,4.0,0.0,3.0,0.0,0.0,0.0,0.9687024893279198
0.0,4.0,3.0,0.0,0.0,1.0,2.0,1.9015308058852372
0.0,0.0,3.0,3.0,0.0,1.0,0.0,1.9945050007220566
2.0,4.0,3.0,3.0,0.0,0.0,2.0,1.9738935066850627
0.0,0.0,0.0,3.0,2.0,0.6000346873538851,2.0,0.021397501888554382
2.0,4.0,0.0,0.0,2.0,0.0,2.0,2.0
2.0,4.0,3.0,0.0,0.0,0.0,2.0,0.9863350359151131
0.0,4.0,0.0,0.0,0.0,0.0,0.0,1.9962924217070719
2.0,4.0,3.0,0.0,2.0,1.0,2.0,1.9043066201732168
1.9246546546721586,4.0,3.0,3.0,0.0,0.9744748407976981,0.0,1.9663286638554487
0.0,4.0,0.0,0.0,2.0,0.0,0.0,0.0
0.0,0.3125766299214636,3.0,3.0,0.04379512508000094,1.0,2.0,1.019410164481512
2.0,4.0,3.0,3.0,2.0,0.0,0.0,2.0
2.0,4.0,3.0,3.0,2.0,0.3058465269643221,2.0,1.105382989207344
0.12638572404843007,0.0,3.0,0.0,0.0,1.0,0.0,1.7077055044532439
0.0,0.0,0.05684594870957813,0.0,1.9940435260198908,0.0,0.0,0.0
2.0,4.0,0.42082882721700976,3.0,2.0,1.0,2.0,0.8808654608763001
2.0,4.0,0.0,0.0,2.0,1.0,2.0,0.0
2.0,4.0,3.0,3.0,2.0,1.0,2.0,2.0
2.0,0.0,0.0,3.0,2.0,1.0,2.0,1.1299647101171097
2.0,0.19148356914645626,3.0,3.0,0.0,0.0,0.29474237987664065,1.9953420106922963
1.7762673421728734,0.0,0.0,0.0,1.2811244381465845,0.22545189958819772,1.2256187511400847,1.0537639249201234
0.0,0.0,0.0,0.0,0.0,0.0,0.0,0.9295482881809403
0.0,0.0,0.0,0.0,0.0,0.0,0.0,2.0
2.0,4.0,3.0,3.0,2.0,1.0,0.18147339877430702,0.0
2.0,4.0,3.0,3.0,2.0,1.0,2.0,1.0653437837248732
0.0,0.0,3.0,0.0,1.7017991446727108,0.0,0.0,1.6334100855961156
0.0,0.0,0.0,0.0,0.0,0.0,0.0,2.0
0.0,0.0,0.0,3.0,0.0,1.0,0.0,1.7496948570655106
0.0,0.0,0.0,3.0,0.0,0.0,0.0,1.0816127156996007
0.0,0.0,0.7136289865288588,3.0,1.4412273024869235,0.0,0.0,0.07227221737137812
2.0,0.0,0.0,3.0,0.0,0.0,2.0,2.0
2.0,4.0,0.0,0.0,2.0,0.0,2.0,1.581747232669358
0.0,0.0,3.0,3.0,2.0,0.0,2.0,0.0
0.0,0.0,2.6248026961955135,3.0,2.0,0.0,2.0,0.0
0.0,4.0,0.0,3.0,0.0,0.0,0.0,1.165524934858543
2.0,0.0,3.0,3.0,2.0,1.0,2.0,2.0
2.0,0.0,3.0,3.0,2.0,0.0,0.0,0.12057151010339628
0.0,0.0,3.0,0.0,0.0,0.0,2.0,0.9621759284533484
2.0,4.0,3.0,3.0,0.0,1.0,0.0,0.10086967522450396
0.0,4.0,3.0,0.0,0.0,0.5635504072340778,0.0,0.0
0.0,4.0,0.0,0.0,0.0,1.0,2.0,0.0
2.0,0.0,0.0,0.0,0.8457403586759312,0.0,0.0,1.9056765001876075
2.0,0.0,0.0,2.4675536374254454,0.0,0.0,0.0,0.948127669793527
0.0,4.0,3.0,0.0,2.0,1.0,0.0,0.9780060254535159
2.0,4.0,3.0,3.0,2.0,1.0,0.0,0.0
2.0,4.0,3.0,2.5945849720657006,2.0,1.0,0.0,0.953826902819874
2.0,0.0,0.0,0.0,2.0,0.0,2.0,1.9501018209416054
2.0,0.0,3.0,0.5588182220657724,2.0,1.0,0.9721365699793242,0.0
0.0,0.0,0.0,0.0,0.0,0.0,0.0,1.7046911241965725
2.0,4.0,3.0,3.0,2.0,1.0,2.0,0.059750278976253623
0.0,4.0,0.0,3.0,0.0,1.0,0.0,1.963488912643005
2.0,0.0,0.0,0.0,0.0,0.0,0.0,2.0
0.0,0.0,0.0,0.0,0.0,1.0,0.0,1.9085686284988292
0.0,0.0,3.0,3.0,2.0,0.0,2.0,1.0396015395535076
2.0,4.0,3.0,0.0,2.0,0.0,2.0,2.0
0.0,0.0,0.0,0.0,0.0,0.0,0.0,1.8774767129875554
0.0,4.0,3.0,0.0,2.0,0.6826769767947352,0.0,0.020496006555518753
1.0498612144942434,0.0,0.0,0.0,0.0,0.0,0.0,0.0
2.0,4.0,3.0,3.0,2.0,1.0,0.6716994562516421,0.007426418896592679
2.0,0.0,3.0,3.0,0.0,0.0,2.0,1.1084591720201984
2.0,0.0,0.0,3.0,2.0,1.0,0.0,0.16738913834403435
0.0,0.0,0.0,0.0,0.0,0.0,0.0,1.0497512738033927
2.0,4.0,3.0,3.0,2.0,1.0,2.0,1.4534212308069876
0.0,0.0,0.0,0.0,0.0,1.0,0.0,0.07257042296518434
2.0,0.0,0.0,0.0,0.0,0.0,0.0,1.553530734176315
2.0,4.0,3.0,3.0,2.0,1.0,2.0,0.9210000360141275
2.0,0.0,0.0,0.0,0.0,0.0,2.0,1.129328391974702
0.0,0.0,0.0,0.0,2.0,0.0,2.0,0.9907812717625234
2.0,0.0,3.0,3.0,0.0,0.0,2.0,2.0
2.0,4.0,0.0,0.0,0.0,1.0,0.0,0.05826369715302815
2.0,0.0,0.0,3.0,0.0,0.0,2.0,0.0
2.0,4.0,3.0,0.0,2.0,1.0,2.0,0.08555730123425276
2.0,4.0,2.0370013532488804,0.0,0.0,1.0,0.0,1.01033700190849
2.0,4.0,3.0,3.0,2.0,1.0,2.0,0.09304406044209401
2.0,0.0,0.0,0.0,2.0,1.0,0.0,0.03467030103141577
0.0,4.0,3.0,3.0,0.0,1.0,2.0,2.0
2.0,0.0,3.0,0.0,0.0,1.0,0.0,0.0
0.0,0.0,0.0,0.0,0.0,0.0,0.0,0.9422932387058531
2.0,0.0,0.0,0.0,2.0,0.0,0.0,0.0
0.0,0.0,3.0,3.0,2.0,1.0,2.0,1.9150753282125255
0.0,4.0,0.4057397611693723,0.0,1.1886182954140883,1.0,2.0,2.0
0.0,0.0,0.0,0.0,2.0,0.0,2.0,0.8713488178484402
2.0,4.0,3.0,3.0,2.0,1.0,2.0,0.8438907367291479
0.0,0.0,3.0,3.0,0.0,0.0,0.0,1.9141338332454008
0.14682908629499491,4.0,3.0,0.0,0.0,1.0,2.0,0.0
0.0,0.0,3.0,0.0,0.0,0.0,0.0,1.9328821711497344
2.0,0.0,0.0,0.0,0.0,0.0,0.0,1.0384447632229719
2.0,4.0,0.0,0.0,2.0,1.0,2.0,2.0
2.0,0.0,0.0,0.0,0.0,0.9872966601950254,2.0,0.9565744831932853
2.0,0.0,3.0,0.0,0.0,0.0,0.0,1.5409006644199992
0.0,4.0,3.0,0.24674252430530075,2.0,1.0,2.0,2.0
0.0,0.0,0.0,0.0,0.0,0.0,0.0,1.0510032914398753
2.0,4.0,3.0,0.0,2.0,1.0,0.0,2.0
2.0,4.0,3.0,3.0,2.0,1.0,2.0,0.05641162577843917
0.0,4.0,3.0,3.0,0.0,1.0,0.0,1.951136266985868
2.0,4.0,0.0,3.0,0.0,1.0,2.0,0.0
0.0,0.0,0.0,0.0,0.0,0.0,0.0,1.8760385074573092
0.0,0.0,0.0,0.0,2.0,1.0,0.0,1.1539650617745656
0.0,0.0,0.0,0.0,0.0,0.0,2.0,0.005195565691946236
0.0,0.0,0.0,0.0,0.0,0.0,0.0,0.22963713162061872
0.0,0.0,3.0,0.0,0.0,0.0,0.0,1.098866039292682
2.0,4.0,3.0,3.0,2.0,1.0,2.0,0.0
0.0,0.0,0.0,0.0,0.0,0.0,0.0,1.8951180327670745
0.0,3.0244197610585566,3.0,3.0,2.0,0.0,0.6988407181390891,1.833197067492432
0.0,0.0,3.0,3.0,2.0,0.0,1.461123579615395,2.0
0.0,4.0,0.0,0.0,0.0,1.0,1.2695638727268959,2.0
0.0,0.0,0.0,0.0,1.440021915045033,1.0,2.0,1.845395450093458
0.0,0.0,2.0669252908364966,0.0,0.0,0.5114009524864608,2.0,0.9513349923027435
0.0,0.0,3.0,0.0,0.0,1.0,2.0,1.9754708998978743
2.0,0.0,3.0,0.0,2.0,0.0,0.0492252964978126,1.0031034088750153
0.0,0.0,0.0,0.0,2.0,1.0,0.0,2.0
2.0,0.0,0.0,0.0,2.0,1.0,1.484862774230852,2.0
2.0,0.0,2.4234011452868827,0.0,0.0,1.0,0.0,2.0
2.0,4.0,3.0,3.0,2.0,1.0,2.0,0.9532652458997897
2.0,4.0,3.0,3.0,2.0,1.0,2.0,0.0
2.0,4.0,3.0,3.0,2.0,1.0,2.0,0.0
0.0,0.0,3.0,0.0,0.0,0.0,0.0,0.010635101135260339
2.0,0.0,3.0,3.0,0.0,0.0,2.0,1.7713096390448382
2.0,4.0,3.0,3.0,2.0,0.0,2.0,0.06835971052721002
0.0,0.0,0.0,0.0,0.0,0.0,2.0,1.0106875589133255
2.0,4.0,3.0,3.0,2.0,1.0,2.0,1.0028289592978747
2.0,0.0,3.0,2.0324311857351907,2.0,0.0,0.0,2.0
2.0,4.0,0.0,0.0,0.0,1.0,0.0,0.0
2.0,0.0,0.0,0.0,2.0,0.0,0.0,2.0
0.0,0.0,0.0,0.0,0.0,0.0,0.0,1.9142339958098158
2.0,4.0,3.0,0.0,0.0,0.0,2.0,1.5966656411560172
2.0,0.0,3.0,1.7194203795920986,2.0,1.0,0.0,1.7783543410736566
0.0,0.0,0.0,0.0,0.0,0.0,0.0,1.0301341914554674
0.0,0.0,0.0,3.0,0.0,1.0,0.0,2.0
2.0,4.0,0.0,0.0,2.0,1.0,2.0,1.0397781162659199
2.0,4.0,3.0,0.0,2.0,1.0,2.0,0.8949195579265509
0.35948948546108583,0.0,0.0,0.0,2.0,0.8021143827930307,0.0,2.0
0.0,0.0,0.0,0.0,2.0,0.0,0.0,1.3860278022289478
0.0,0.0,3.0,0.0,0.0,0.0,0.0,0.0
2.0,0.0,3.0,3.0,2.0,1.0,2.0,1.9482375017077462
2.0,4.0,0.0,3.0,0.0,1.0,2.0,2.0
0.0,0.0,3.0,0.0,1.8015335104958399,1.0,0.0,1.9342264543622276
0.0,2.185145413267296,0.0,1.9757230855673833,2.0,0.0,0.0,2.0
0.0,0.0,0.0,0.0,0.0,0.0,0.0,0.0
0.0,0.0,3.0,3.0,2.0,0.1235148808139861,0.6888053429514303,1.0940577016114243
0.0,0.0,3.0,0.0,0.0,0.0,0.0,0.12264551806877044
1.2105070520048224,0.0,0.0,2.8773571942321072,0.0,1.0,0.0,1.882094956722812
2.0,4.0,3.0,3.0,2.0,0.0,2.0,2.0
0.2972370187827491,1.6569088275820198,0.0,3.0,2.0,0.0,2.0,0.0
2.0,4.0,0.0,3.0,2.0,1.0,2.0,0.0
0.0,0.0,3.0,3.0,0.0,0.0,0.0,0.0
0.0,0.0,2.0092992955557416,0.0,0.0,0.0,2.0,0.0415912153322171
0.0,0.16074899992976843,3.0,3.0,0.0,0.0,0.0,1.9959680532440656
2.0,4.0,3.0,3.0,2.0,1.0,2.0,0.0
0.0,0.0,0.0,0.0,2.0,0.0,0.0,0.9291454248818415
0.0,0.0,3.0,0.0,2.0,0.0,0.0,0.94537427917436
2.0,0.0,3.0,3.0,2.0,0.0,2.0,1.9691614548174832
2.0,0.0,3.0,3.0,1.3416577059152275,1.0,2.0,0.0
2.0,4.0,3.0,3.0,2.0,1.0,0.9737338483086846,1.5473868122684615
2.0,0.0,3.0,2.633810102958598,0.0,0.0,2.0,0.0
2.0,4.0,3.0,3.0,2.0,1.0,2.0,2.0
0.0,0.0,0.0,0.0,2.0,0.0,0.0,0.9329031494395776
2.0,4.0,3.0,0.0,2.0,0.0,2.0,1.0971940901231425
2.0,4.0,3.0,3.0,2.0,0.5914460449926064,2.0,1.1076427220280172
0.0,0.0,3.0,3.0,0.0,0.0,2.0,1.0606010592889492
2.0,4.0,3.0,3.0,2.0,1.0,2.0,0.9683845096147905
0.0,0.0,0.0,3.0,0.0,0.0,0.0,1.0985717670406279
2.0,4.0,0.0,3.0,2.0,1.0,2.0,1.9483498009923526
2.0,4.0,3.0,3.0,2.0,1.0,2.0,2.0
0.0,4.0,0.0,0.0,0.0,0.0,0.0,0.0
2.0,4.0,3.0,0.0,0.0,0.0797003715807949,0.0,0.0317541254122331
0.0,0.0,0.0,0.0,0.0,0.0,0.0,1.9939452694353261
0.9878880398089495,4.0,3.0,3.0,2.0,1.0,2.0,0.952981890010217
2.0,4.0,3.0,3.0,2.0,0.0,0.0,0.0005466717558242351
2.0,0.0,3.0,3.0,0.0,0.0,2.0,0.0
2.0,0.0,3.0,2.490105945547274,2.0,0.0,0.0,0.15190422801387282
2.0,4.0,3.0,3.0,2.0,1.0,2.0,1.8663263903731844
0.0,0.0,0.0,0.0,0.0,0.0,2.0,1.9548770808379645
2.0,0.0,3.0,0.82702219852764,2.0,0.0,2.0,1.9870913941977282
0.0,0.0,0.0,0.0,0.0,0.2432847405838069,0.0,1.752913338679541
0.0,0.0,0.0,0.0,0.0,0.0,0.0,0.0
0.0,0.0,0.0,0.0,1.1744350705817483,1.0,2.0,1.1637246409631863
2.0,4.0,3.0,3.0,2.0,1.0,2.0,0.9976799192073966
0.9786454528804744,0.5352597316798984,0.0,0.0,0.0,0.0,1.5594681114087887,1.9585280780393153
2.0,0.0,3.0,3.0,2.0,1.0,2.0,0.0
0.0,1.8083123534459653,0.0,0.0,0.0,0.0,0.0,1.542246683967071
2.0,4.0,3.0,3.0,2.0,1.0,2.0,0.04846636387134229
2.0,0.0,0.6298610651667379,3.0,2.0,0.0,0.0,1.7248199443641745
0.0,0.0,0.0,0.0,0.0,0.0,0.0,0.09807339483582556
0.0,1.3582982520164917,0.0,0.0,2.0,1.0,2.0,1.6787283866404232
0.0,4.0,3.0,3.0,2.0,1.0,2.0,0.24675108008555946
0.0,0.0,0.0,3.0,2.0,1.0,0.0,1.922807545119512
2.0,0.0,0.0,3.0,0.0,1.0,2.0,1.9785675618444065
2.0,4.0,3.0,3.0,2.0,1.0,2.0,1.0180584404061754
2.0,4.0,0.0,3.0,2.0,0.0,2.0,1.0178932423079117
0.0,0.0,0.0,0.0,0.0,0.0,2.0,0.026093285782517794
0.5002434163313774,4.0,3.0,3.0,2.0,1.0,2.0,2.0
2.0,4.0,3.0,3.0,2.0,1.0,2.0,1.0394713770833033
2.0,4.0,3.0,3.0,2.0,1.0,0.0,1.0147619260992806
0.0,4.0,0.0,3.0,2.0,0.0,0.0,0.1461641457858559
2.0,4.0,3.0,1.7534326330826981,2.0,1.0,2.0,1.0058399196602659
2.0,4.0,3.0,3.0,0.0,1.0,2.0,1.9826977764783433
2.0,0.0,3.0,3.0,0.0,0.0,0.0,0.00938069307395506
2.0,4.0,0.0,3.0,2.0,1.0,0.0,0.0
0.0,4.0,3.0,3.0,1.4835393468784275,1.0,0.0,0.9794675093045211
2.0,4.0,0.0,3.0,2.0,1.0,2.0,0.9645887351517956
0.4994918169387502,0.0,0.0,0.0,1.5900388567295405,1.0,0.0,0.041931387237277296
0.0,4.0,3.0,0.0,2.0,1.0,2.0,1.6149977060245342
0.0,0.0,0.0,0.0,0.0,0.0,0.0,0.0
0.0,0.0,3.0,0.0,0.0,0.0,0.0,0.0
2.0,0.0,3.0,1.3051008902848766,2.0,1.0,2.0,2.0
2.0,0.0,0.0,0.0,2.0,0.0,0.0,1.030509817269856
2.0,0.0647040608027385,3.0,3.0,0.0,0.0,2.0,1.042619957792734
0.0,0.0,3.0,0.0,0.0,0.0,1.2810651907300326,1.805101166963441
0.0,0.0,0.0,0.0,0.0,0.0,0.0,1.0720771129397286
0.0,3.414117340579204,0.0,0.0,2.0,0.0,0.0,2.0
2.0,0.0,3.0,3.0,2.0,0.0,2.0,1.0472570770544172
2.0,0.0,0.0,3.0,0.0,1.0,0.0,1.1872217376203442
2.0,0.0,2.2772500841477945,0.0,2.0,0.0,0.0,0.0
0.0,4.0,0.0,0.0,0.0,0.0,0.0,1.038106857488497
0.0,0.0,0.0,0.0,0.0,1.0,0.0,1.4800648962530358
0.0,0.0,0.0,0.0,0.0,0.0,0.0,1.089434616775325
0.0,0.0,3.0,3.0,0.0,0.0,0.0,0.8869042045980826
2.0,0.0,0.0,3.0,0.0,1.0,0.0,0.0
1.8043870978220928,4.0,3.0,3.0,2.0,1.0,2.0,2.0
0.0,4.0,3.0,3.0,2.0,1.0,2.0,0.8839210145909204
0.0,0.0,3.0,3.0,0.0,1.0,0.0,0.007643450684641784
2.0,4.0,0.0,3.0,2.0,1.0,2.0,1.6694755363732958
2.0,0.0,3.0,3.0,2.0,0.0,1.750649386138401,1.907789555057282
2.0,0.0,0.0,0.0,0.0,0.0,0.0,0.9851447441987179
2.0,4.0,3.0,3.0,0.0,1.0,2.0,0.9255015563496829
0.0,4.0,0.0,3.0,2.0,1.0,2.0,0.9976745471838692
0.0,4.0,0.0,0.0,0.0,0.0,0.0,0.07795850776902624
2.0,0.0,0.0,1.1237716730518477,2.0,0.0,0.0,1.937651388877141
0.0,4.0,3.0,0.8637968228950822,2.0,1.0,0.0,0.0
2.0,4.0,0.0,0.0,0.5037665843866455,0.0,2.0,1.039634327245318
0.0,1.26392666717341,3.0,3.0,2.0,0.0,0.0,0.901488140699015
2.0,0.0,0.0,3.0,2.0,1.0,2.0,1.9695121187687812
2.0,4.0,3.0,3.0,2.0,1.0,2.0,0.0
0.0,0.0,0.0,0.0,0.0,0.0,0.0,1.096721946476527
2.0,4.0,3.0,3.0,2.0,1.0,2.0,2.0
0.0,0.0,3.0,3.0,0.0,1.0,2.0,1.9558758532954785
2.0,4.0,0.0,0.0,2.0,1.0,1.8303547795098525,0.0
2.0,4.0,3.0,3.0,2.0,1.0,0.0,1.0441333185046888
0.0,4.0,0.0,3.0,2.0,1.0,0.0,1.953106401436937
0.0,0.0,0.0,0.0,0.0,0.0,0.0,0.07954338908101444
0.0,0.0,0.0,0.0,0.0,0.0,0.0,0.0761386763476316
2.0,4.0,0.0,3.0,2.0,1.0,1.3930030084296523,0.0
0.0,0.0,0.0,0.0,0.0,0.0,0.0,1.0544523832319077
2.0,4.0,1.8255399558893435,3.0,2.0,1.0,0.562344992631205,2.0
2.0,4.0,3.0,3.0,2.0,0.0,2.0,1.531875249657097
2.0,1.5334063837364285,0.20843323375188913,3.0,0.0,0.43003945447663483,0.0,1.9688581468829387
0.0,0.0,0.0,0.0,0.0,0.0,0.0,0.04478337111859143
2.0,4.0,3.0,3.0,2.0,1.0,2.0,0.9912719765869974
2.0,4.0,3.0,3.0,2.0,1.0,2.0,1.9821611838722428
0.7314179128281049,0.0,0.0,3.0,0.0,0.0,2.0,1.4161030462043607
0.0,0.0,0.0,3.0,0.0,1.0,2.0,0.0
0.0,0.0,3.0,3.0,0.0,0.0,0.0,0.09173636140804708
0.0,0.0,0.0,0.0,0.0,1.0,0.0,1.9948896895242676
2.0,4.0,3.0,3.0,2.0,1.0,2.0,0.9753418071567013
0.0,4.0,3.0,0.0,2.0,1.0,2.0,0.8617751594224892
0.0,0.0,0.0,0.0,0.0,0.0,0.0,0.8888506507715398
2.0,4.0,3.0,3.0,2.0,1.0,2.0,0.9431399344603487
0.0,4.0,3.0,3.0,0.0,0.9214997050524474,2.0,0.0
0.0,4.0,0.0,3.0,0.0,0.0,0.0,1.179690474218736
2.0,1.734612073161426,3.0,3.0,2.0,1.0,2.0,0.05492459924457249
2.0,1.1291547483720712,0.0,3.0,2.0,1.0,1.9333388034254377,0.9981997988263316
0.0,4.0,2.8206565315145884,0.0,0.0,1.0,0.0,0.0
0.0,0.0,0.0,3.0,0.0,1.0,0.10647969464864315,0.0
2.0,0.0,0.0,3.0,2.0,1.0,2.0,2.0
0.0,0.0,0.0,3.0,0.0,1.0,0.0,0.0
2.0,0.0,0.0,2.4010946477345225,0.0,1.0,0.0,2.0
0.0,4.0,0.0,3.0,0.0,0.0,0.0,0.9662037729118766
0.0,0.0,3.0,3.0,0.0,0.0,0.0,0.0
2.0,0.0,0.0,3.0,2.0,1.0,2.0,0.9322811706225911
2.0,2.089453488373969,3.0,1.6291761265147517,2.0,0.7099574925783327,2.0,1.0628382831459426
0.0,4.0,3.0,3.0,2.0,0.0,0.0,0.05187201927766305
2.0,4.0,3.0,3.0,2.0,1.0,2.0,1.065967381541316
2.0,0.0,0.0,3.0,2.0,0.19350438633803407,2.0,1.8816979790481918
2.0,4.0,3.0,3.0,2.0,1.0,2.0,1.8658840609868284
2.0,4.0,0.0,0.0,2.0,1.0,0.0,0.0
2.0,4.0,0.0,3.0,2.0,1.0,2.0,0.0
2.0,2.9398125266552326,3.0,0.0,2.0,1.0,0.0,1.7341769504468436
0.0,0.0,0.0,0.0,0.0,0.0,0.0,2.0
0.0,0.0,3.0,3.0,2.0,1.0,2.0,0.11143634100677091
0.0,0.0,0.0,0.0,0.0,0.0,0.0,0.18589825015412553
0.0,0.0,3.0,3.0,2.0,1.0,2.0,2.0
0.0,0.0,0.0,0.0,0.0,0.0,0.0,0.09487400372546906
2.0,4.0,3.0,3.0,2.0,1.0,2.0,2.0
0.0,4.0,0.0,0.0,0.0,0.0,0.0,0.975272365226535
2.0,4.0,0.0,3.0,0.0,0.0,2.0,1.9365981650220119
0.0,4.0,3.0,0.0,0.0,0.0,0.0,1.172679631654231
2.0,4.0,3.0,3.0,2.0,1.0,2.0,0.8903862674197531
0.0,4.0,0.0,0.0,0.0,1.0,2.0,0.0
0.0,0.0,3.0,0.0,2.0,0.0,0.0,0.0
2.0,4.0,3.0,3.0,2.0,1.0,2.0,0.9670389986792762
0.0,0.0,3.0,0.0,2.0,0.0,0.0,0.0
2.0,4.0,3.0,2.9795119658857705,2.0,1.0,2.0,1.074840470661307
0.0,0.0,0.0,0.0,0.0,0.0,0.0,1.9310712653210802
2.0,4.0,3.0,3.0,2.0,1.0,2.0,0.9593173504573299
2.0,4.0,3.0,3.0,0.0,1.0,0.0,1.1125051071045895
2.0,0.0,0.0,1.3405016955941467,0.0,1.0,2.0,2.0
0.0,0.0,0.0,3.0,0.0,0.0,2.0,0.954219871523229
0.0,0.0,0.0,3.0,0.25414359840527356,0.0,2.0,1.0285951625826795
0.0,0.0,0.0,0.0,0.0,0.0,2.0,0.0
0.0,0.0,0.09603482102909194,0.0,0.0,0.0,2.0,1.988065831604908
2.0,4.0,3.0,3.0,2.0,1.0,2.0,1.9160901497144782
0.0,1.2498512806950082,0.0,0.0,0.2770951981593487,1.0,2.0,0.11282820449397135
0.0,0.0,0.0,3.0,2.0,0.8719774989607947,0.0,2.0
2.0,0.0,3.0,0.0,2.0,0.0,0.0,1.801606325309329
0.0,0.0,0.0,0.0,0.0,0.0,0.0,0.08626672063428531
2.0,4.0,3.0,2.142383766059123,2.0,0.0,2.0,2.0
0.0,0.0,0.0,0.0,0.0,0.0,2.0,1.7572124347565325
2.0,4.0,3.0,0.7833696443767464,2.0,1.0,2.0,2.0
0.0,4.0,0.0,3.0,2.0,1.0,0.0,1.8130751369042923
0.0,4.0,3.0,0.0,2.0,1.0,0.0,1.1119147949341746
0.0,4.0,0.0,3.0,2.0,1.0,0.0,0.8534540825194414
0.0,0.12922832437415166,3.0,3.0,2.0,1.0,2.0,2.0
0.0,0.0,3.0,0.0,0.0,0.0,2.0,0.01622833373930188
0.0,4.0,0.6649198159573236,3.0,2.0,1.0,0.0,2.0
0.0,4.0,2.0184310960761067,0.0,2.0,1.0,2.0,0.08664455313580999
0.0,0.0,0.0,0.0,0.0,0.0,0.0,1.0733186198912124
0.0,4.0,3.0,0.0,2.0,0.11627432399846838,2.0,1.037006243108896
0.0,0.0,0.0,3.0,1.8991212147658358,0.0,2.0,0.015334185577683401
0.0,4.0,0.0,0.0,2.0,0.0,0.0,2.0
0.0,2.962625858386432,3.0,3.0,2.0,1.0,2.0,2.0
2.0,4.0,3.0,3.0,2.0,1.0,2.0,2.0
0.0,0.0,0.0,0.0,0.0,0.0,0.0,0.0
0.0,4.0,1.236421785358994,3.0,0.0,1.0,0.0,0.0
2.0,4.0,3.0,3.0,2.0,1.0,2.0,0.0
0.0,4.0,3.0,0.0,2.0,1.0,0.0,1.1695710310298837
0.0,0.0,0.0,0.0,0.0,0.0,0.0,0.9506203132735782
0.8168258967396145,4.0,0.0,0.0,0.0,0.0,1.005614863631524,2.0
2.0,4.0,3.0,3.0,2.0,0.6546098261154047,2.0,0.0
2.0,4.0,3.0,3.0,2.0,1.0,2.0,1.1846807175423946
0.0,4.0,3.0,3.0,0.0,1.0,0.0,1.008540201126389
2.0,2.1003730681596813,3.0,3.0,0.0,1.0,2.0,1.0498418716028108
2.0,4.0,3.0,0.0,0.0,1.0,0.0,2.0
0.0,0.0,0.0,0.0,0.0,0.0,0.0,2.0
2.0,3.6496140162325075,0.0,0.0,0.0,0.0,1.1064129081708622,1.6701075203830649
2.0,4.0,3.0,3.0,2.0,1.0,2.0,0.1274202641417923
2.0,0.0,0.0,0.0,0.0,0.0,2.0,0.0
2.0,4.0,3.0,3.0,2.0,1.0,2.0,0.9954317912110265
0.0,0.0,0.0,3.0,0.0,0.0,0.0,0.0
2.0,4.0,0.0,3.0,0.0,0.0,0.0,0.0
2.0,0.0,0.0,0.0,2.0,0.0,2.0,1.0545042984386854
0.0,0.0,0.0,0.0,1.9619832019809036,0.0,2.0,0.9584918414562051
0.0,4.0,3.0,0.0,0.07382053620146212,0.0,0.0,2.0
2.0,4.0,3.0,3.0,2.0,1.0,2.0,2.0
0.0,0.0,0.0,0.0,0.0,0.0,0.0,0.06409488322693624
0.0,0.0,0.0,0.0,2.0,0.0,0.0,1.945572712758557
0.0,0.0,0.0,0.0,0.0,0.0,0.0,1.5387131543503858
2.0,4.0,3.0,3.0,0.0,1.0,2.0,1.060003399874716
2.0,0.0,0.0,3.0,0.0,0.0,0.0,0.0169841191338016
0.0,0.0,0.0,0.0,0.0,0.0,1.2557794339108321,1.0794154884658378
2.0,0.0,3.0,3.0,2.0,1.0,2.0,1.9344709341061366
0.0,0.0,3.0,3.0,2.0,0.05248821038863766,2.0,2.0
0.0,0.0,0.0,0.0,0.0,0.0,0.0,2.0
0.0,4.0,3.0,0.0,1.1522006911972076,1.0,2.0,1.7551558332281654
2.0,4.0,0.0,3.0,2.0,0.0,0.0,1.3007252925319452
2.0,0.0,3.0,1.459112375140421,2.0,1.0,0.0,1.0040226623174155
0.0,4.0,3.0,3.0,0.0,0.0,0.0,1.0112636283645624
2.0,0.0,3.0,0.0,0.0,0.5516540482882991,0.0,1.8702074346401325
2.0,4.0,3.0,3.0,2.0,1.0,2.0,2.0
1.6297205507288646,4.0,0.0,0.0,2.0,0.0,2.0,0.0
2.0,4.0,3.0,3.0,2.0,0.0,2.0,1.926275280670502
0.0,0.0,0.0,0.0,0.0,0.0,2.0,2.0
0.0,0.0,0.0,0.0,0.0,0.0,0.0,0.856078244336504
0.0,4.0,3.0,1.5432554599265824,0.0,1.0,2.0,2.0
2.0,4.0,3.0,3.0,2.0,1.0,2.0,2.0
0.0,0.0,0.0,0.0,0.0,0.0,0.8393176560076796,0.017007886971558306
0.0,4.0,3.0,2.975222588862809,2.0,1.0,2.0,1.1466705273532194
2.0,4.0,3.0,3.0,2.0,1.0,2.0,1.6232890854522406
2.0,4.0,0.0,0.0,2.0,0.0,0.0,0.794864538707841
2.0,4.0,3.0,3.0,2.0,1.0,2.0,0.0
2.0,4.0,3.0,3.0,2.0,1.0,2.0,0.09925242177740323
2.0,0.0,0.0,0.0,0.0,0.0,2.0,2.0
2.0,0.0,0.0,0.0,0.0,0.0,0.0,1.019132766735931
2.0,4.0,0.8131247994842328,3.0,2.0,1.0,2.0,1.9848898702232596
2.0,4.0,3.0,0.0,0.0,1.0,2.0,0.9989792129554226
0.0,0.0,0.0,0.0,0.0,0.0,0.0,0.9222028118627632
2.0,4.0,3.0,3.0,2.0,1.0,0.0,0.0
2.0,0.0,3.0,0.0,2.0,1.0,2.0,1.8512660241073156
2.0,4.0,3.0,3.0,2.0,1.0,2.0,1.0361904813315346
0.0,0.0,0.0,0.0,0.0,0.0,0.0,0.8539963417143984
0.0,4.0,0.0,0.0,0.0,0.0,0.0,2.0
2.0,4.0,3.0,3.0,2.0,1.0,2.0,1.0023136619654192
0.0,4.0,0.0,0.0,0.0,0.0,0.7183726537363855,2.0
2.0,4.0,3.0,3.0,0.0,1.0,2.0,0.10573015124561391
2.0,4.0,3.0,0.0,2.0,1.0,0.0,2.0
1.5368364559983014,2.9886031924565017,0.0,3.0,2.0,0.0,0.0,1.944391200680447
2.0,4.0,0.0,3.0,0.0,1.0,0.0,0.0
2.0,4.0,3.0,3.0,2.0,1.0,2.0,1.0690023606126386
0.0,0.0,0.0,0.0,0.0,0.0,0.0,1.921719849574925
0.0,4.0,0.0,0.0,0.0,1.0,2.0,0.1914881556701613
0.0,0.0,0.0,0.0,0.0,0.7603737669374186,0.0,1.0637990153656145
0.0,0.0,0.0,0.0,2.0,0.0,0.0,0.051074515005866905
2.0,4.0,3.0,3.0,2.0,1.0,0.0,2.0
0.0,4.0,3.0,3.0,0.0,1.0,1.7205348623358785,0.11072359606358861
2.0,0.0,0.0,0.0,0.0,0.0,0.41991577079540254,0.0
0.0,0.0,0.0,0.0,0.0,0.0,0.0,1.096147826170029
0.0,4.0,0.0,2.168882863122399,0.0,0.0,0.0,0.9830664324326917
2.0,4.0,0.0,3.0,2.0,1.0,2.0,1.0201456838351073
0.0,0.0,3.0,3.0,0.0,1.0,2.0,2.0
2.0,4.0,3.0,0.0,0.0,1.0,0.0,1.0904669648990917
0.9841393758218503,3.4448780359278794,3.0,3.0,0.6045337941464546,0.0,0.12945211416028513,1.87611923705735
0.0,0.0,0.0,0.0,0.0,1.0,0.0,0.993888023725396
2.0,4.0,3.0,3.0,2.0,1.0,2.0,0.9864653896704462
0.0,0.0,0.0,0.0,2.0,0.0,2.0,1.7471866070184836
0.0,0.0,0.0,0.0,0.5239263975194582,0.0,0.0,0.8917890272628836
0.0,4.0,3.0,3.0,2.0,1.0,1.5053261449204045,0.9141216842984463
2.0,4.0,0.0,3.0,0.0,1.0,0.0,1.0569857394052478
2.0,0.0,3.0,0.0,0.0,0.0,2.0,0.0
2.0,0.0,0.0,0.0,2.0,0.0,2.0,0.0
0.0,0.0,3.0,0.0,0.0,0.0,0.0,2.0
0.3474759969526007,0.0,0.0,0.0,0.0,0.0,0.0,0.07673434622787978
2.0,4.0,3.0,3.0,2.0,1.0,2.0,1.0918482970419043
0.0,4.0,3.0,3.0,2.0,1.0,0.0,2.0
0.0,0.0,3.0,0.0,0.0,1.0,0.0,1.0352079456343817
2.0,4.0,3.0,3.0,2.0,1.0,2.0,0.9265561432781705
0.0,0.0,3.0,0.0,0.0,1.0,1.8849761313990099,0.0
2.0,4.0,0.0,3.0,2.0,1.0,2.0,2.0
2.0,4.0,3.0,0.0,2.0,1.0,2.0,1.7154309002744843
0.0,4.0,3.0,3.0,2.0,1.0,2.0,0.013338055286244654
0.0,0.0,3.0,0.0,2.0,1.0,2.0,1.0958118913453172
0.0,0.0,3.0,3.0,2.0,1.0,2.0,1.8714631402967838
2.0,4.0,3.0,0.0,1.6524539750632528,1.0,2.0,0.9237345089910816
2.0,0.0,3.0,3.0,2.0,1.0,2.0,0.0
0.0,0.0,3.0,0.0,0.0,0.0,0.0,1.003034158224624
0.0,4.0,3.0,3.0,2.0,1.0,2.0,1.1507173519614942
2.0,4.0,3.0,3.0,2.0,1.0,2.0,0.8603119409739313
2.0,0.0,0.0,3.0,0.0,0.0,0.0,2.0
0.0,4.0,0.0,0.0,0.0,0.0,0.0,1.9578593778351259
0.0,0.0,3.0,0.0,0.0,0.0,0.0,1.1384571062476372
2.0,0.0,0.0,0.0,0.0,0.0,0.0,2.0
2.0,4.0,3.0,3.0,2.0,1.0,2.0,1.4292254093757846
2.0,4.0,0.0,0.0,2.0,1.0,0.0,1.9252311368794612
0.0,0.0,0.0,0.0,0.0,0.0,0.0,1.7224677041779035
0.0,0.0,0.0,0.0,0.0,0.0,0.0,1.4945420035922359
0.0,0.0,0.0,3.0,0.0,0.25368422834211957,0.0,1.0066826744390927
0.0,0.0,3.0,0.0,0.0,1.0,2.0,2.0
0.0,0.0,3.0,0.0,0.0,0.0,0.0,0.9228895997730393
0.0,0.0,0.0,0.0,2.0,0.0,0.0,0.9614782141259179
0.0,0.0,0.0,0.0,0.0,0.0,0.0,1.9035463452913
0.0,0.0,0.0,0.0,0.0,0.0,0.0,1.850523833889136
2.0,0.0,3.0,0.0,0.0,0.0,1.5673288078352243,0.0
0.0,4.0,3.0,0.0,0.0,0.0,0.0,1.142485670807272
2.0,4.0,3.0,3.0,2.0,1.0,2.0,1.0193776661754639
0.0,0.0,0.0,0.0,0.0,0.0,0.0,1.9353815702052781
0.0,4.0,3.0,3.0,0.0,0.0,2.0,1.0666951327005427
2.0,3.6062341322391642,3.0,3.0,2.0,0.0,2.0,1.012726607838068
0.0,0.0,3.0,0.0,2.0,0.0,2.0,0.0
2.0,4.0,1.3468089541323023,1.532943578139637,0.0,1.0,2.0,0.21115779703733017
2.0,0.06295575945567844,3.0,0.0,2.0,0.0,2.0,1.6806654629676232
2.0,0.0,3.0,3.0,2.0,1.0,2.0,1.9233290123163795
2.0,4.0,0.0,3.0,0.0,0.0,2.0,1.1311162720233043
2.0,4.0,3.0,3.0,2.0,1.0,2.0,0.09255280501645158
0.0,0.0,3.0,0.0,2.0,1.0,0.0,1.9618127017638463
0.0,0.0,0.0,3.0,2.0,0.0,0.0,2.0
0.0,4.0,0.0,0.0,2.0,0.0,0.0,1.4818839744493688
2.0,4.0,3.0,3.0,2.0,1.0,2.0,1.1949713860857756
0.0,4.0,3.0,3.0,2.0,1.0,0.0,2.0
0.1401731790184736,0.0,0.0,0.0,0.0,0.0,0.0,0.05864481853480641
0.0,0.0,0.0,0.0,0.0,0.0,0.0,1.8546181612653192
2.0,4.0,3.0,3.0,2.0,1.0,2.0,2.0
0.0,4.0,3.0,0.0,0.0,1.0,2.0,0.00035867675857459425
1.4922027040864037,0.0,0.0,3.0,2.0,0.0,2.0,1.1665445487054618
2.0,1.1241019921477435,1.8176225438479907,3.0,2.0,1.0,2.0,0.0020525774385197204
0.0,0.0,0.0,0.0,0.0,0.0,0.0,0.850685623525909
0.0,0.0,0.0,0.0,0.0,0.0,0.0,1.974585032590654
0.0,0.0,0.0,0.0,0.0,1.0,0.0,1.030753127587909
0.0,0.0,0.0,0.0,2.0,1.0,0.0,1.9407493603277346
0.0,4.0,0.0,3.0,2.0,0.11497176975427315,2.0,0.0
0.0,0.0,3.0,0.0,2.0,0.0,0.0,0.0
0.0,1.9362652415874535,0.0,0.0,0.0,0.0,0.0,1.124950868575717
2.0,4.0,3.0,3.0,2.0,1.0,2.0,1.925501806452906
2.0,4.0,3.0,3.0,0.0,1.0,2.0,1.9229795529570657
2.0,0.505339803098898,3.0,3.0,2.0,1.0,2.0,1.4634392722351506
0.0,0.0,0.0,0.0,0.0,0.0,0.0,1.054922957408002
0.0,0.0,0.0,0.0,0.0,1.0,0.0,0.9975265285236423
0.0,4.0,0.0,0.0,0.0,0.0,0.0,0.993698620470576
2.0,4.0,3.0,3.0,2.0,0.0,2.0,2.0
0.0,0.0,0.0,0.0,0.0,0.0,0.0,0.11597375027599066
2.0,4.0,3.0,0.0,2.0,1.0,2.0,0.0
2.0,0.0,3.0,0.0,2.0,1.0,2.0,2.0
0.0,0.0,3.0,3.0,0.0,0.0,0.0,1.8778787270240105
0.0,4.0,3.0,3.0,2.0,0.0,2.0,1.0620080910985774
0.0,0.0,3.0,0.0,0.0,0.0,0.0,0.014360413985325948
2.0,4.0,3.0,3.0,2.0,0.0,2.0,0.9860170984860228
1.7441498492286533,0.0,3.0,0.0,0.0,1.0,0.0,0.1775222309015161
0.0,0.0,3.0,0.0,0.0,0.0,0.45591054228500083,1.9843946179528191
0.0,0.0,0.0,0.0,0.0,0.0,0.0,1.0245951199172754
0.0,1.5969280163115456,0.0,0.0,2.0,0.0,2.0,2.0
2.0,0.0,0.0,0.0,0.0,1.0,0.0,1.9546593137247477
0.0,0.0,0.0,3.0,0.0,0.0,0.073746973255434,1.5295465225147251
2.0,0.0,3.0,1.6449705339702791,2.0,1.0,0.0,0.04424303678760033
0.0,0.0,0.0,3.0,0.0,0.0,0.0,0.0
0.0,0.0,0.0,0.0,0.0,0.0,2.0,0.0
0.46141929782378455,4.0,3.0,3.0,2.0,1.0,2.0,0.0860130436879103
2.0,0.0,1.1481054499571517,0.7942822344178823,0.0,0.0,0.0,2.0
0.0,0.0,0.0,3.0,0.0,0.0,0.0,0.11523916266153422
0.0,0.0,3.0,0.0,2.0,0.0,0.0,0.0
0.0,4.0,3.0,0.0,0.0,1.0,2.0,1.011607022630527
2.0,0.0,0.0,0.0,2.0,1.0,0.0,0.15501816106887656
2.0,4.0,3.0,3.0,2.0,1.0,2.0,0.030620326515907292
2.0,4.0,3.0,3.0,2.0,1.0,2.0,0.0
2.0,4.0,3.0,3.0,2.0,1.0,2.0,1.0690827999545118
2.0,4.0,3.0,3.0,2.0,1.0,2.0,1.1178193970863786
0.0,4.0,0.0,0.0,0.0,0.0,0.0,1.0113588133417422
2.0,4.0,3.0,3.0,2.0,1.0,2.0,2.0
0.0,0.0,3.0,0.0,0.0,0.0,0.0,1.7006234687379918
2.0,0.0,3.0,0.0,2.0,1.0,0.8484859303444963,0.10355200526223896
2.0,0.0,0.0,0.0,0.0,0.0,0.0,2.0
0.0,3.87810772263808,3.0,0.0,0.0,0.0,2.0,0.06780957500400842
2.0,0.0,0.0,3.0,2.0,1.0,0.0,1.772167744452759
2.0,4.0,3.0,3.0,0.0,0.5929998311247671,2.0,0.0
2.0,4.0,0.0,3.0,2.0,1.0,2.0,1.4929356907840343
2.0,4.0,0.0,0.0,2.0,0.0,0.0,0.0
0.0,0.0,0.0,0.0,2.0,1.0,2.0,1.9549656741982093
2.0,4.0,3.0,3.0,2.0,1.0,2.0,0.0
0.0,4.0,0.0,3.0,2.0,1.0,0.0,1.867986804533605
2.0,0.0,0.0,3.0,2.0,1.0,0.0,0.23617074712975683
2.0,4.0,3.0,3.0,1.9079657378891206,1.0,2.0,0.8963446707479343
0.0,0.0,3.0,0.0,0.0,0.0,2.0,2.0
2.0,4.0,3.0,3.0,2.0,1.0,2.0,0.08683897843733313
2.0,0.0,3.0,3.0,2.0,0.0,2.0,0.0
0.0,0.0,0.0,3.0,2.0,0.0,0.0,0.0
0.0,0.0,0.0,0.0,0.0,0.0,0.0,2.0
0.0,4.0,3.0,1.589069576574111,2.0,1.0,2.0,2.0
0.0,4.0,3.0,0.0,0.0,0.335922449071364,0.0,0.0
0.0,0.0,3.0,0.0,2.0,0.0,2.0,2.0
2.0,4.0,3.0,0.0,2.0,1.0,2.0,1.9849863276068536
0.0,0.0,0.0,0.0,0.0,0.0,0.0,0.0
2.0,4.0,3.0,0.0,0.7790603908991331,1.0,0.0,0.9472383590272055
0.0,4.0,0.0,0.0,0.0,1.0,0.0,2.0
2.0,0.0,3.0,0.18774822902172272,2.0,0.0,2.0,0.8724171112763638
2.0,1.8612599445958096,3.0,0.0,0.0,1.0,2.0,1.1009547664012536
0.0,0.0,0.0,0.0,2.0,0.0,2.0,0.0
0.0,0.0,0.0,3.0,0.0,0.0,0.0,1.3270621479271705
0.0,0.0,3.0,0.0,2.0,0.0,0.0,0.8183440133856107
0.0,4.0,0.35651778656769706,0.0,2.0,1.0,2.0,1.0580851052616382
0.0,0.0,0.0,0.0,0.0,0.0,0.0,1.85237819570995
2.0,4.0,0.0,0.0,2.0,1.0,0.0,1.3874813429674446
0.0,0.0,0.0,3.0,0.0,0.0,0.0,2.0
0.0,4.0,0.0,0.0,2.0,1.0,0.0,0.939184594638963
0.0,0.0,0.0,0.0,0.0,0.0,0.0,0.9307972822179934
2.0,4.0,3.0,3.0,0.0,0.0,0.0,1.1032421482724497
2.0,0.0,3.0,3.0,2.0,0.0,2.0,1.8654304484080817
0.5819848866632089,4.0,3.0,3.0,0.0,1.0,0.0,2.0
0.0,4.0,3.0,3.0,2.0,1.0,0.0,0.0
2.0,4.0,3.0,3.0,2.0,1.0,2.0,1.0541507870135667
0.0,0.0,0.0,0.0,0.0,0.0,0.0,0.0
2.0,4.0,3.0,3.0,2.0,0.0,2.0,0.9266645864766286
0.0,1.2174954262108448,3.0,3.0,2.0,0.0,0.0,1.8283909040829598
2.0,1.5462999889357585,0.0,0.0,2.0,0.0,0.0,0.012557250632469152
0.0,0.0,0.0,0.0,0.0,0.0,0.0,1.0709314187655776
1.2105060996131876,1.709623643732713,0.0,3.0,0.0,1.0,0.0,0.03404266588848692
2.0,4.0,3.0,3.0,2.0,1.0,2.0,2.0
2.0,4.0,3.0,3.0,2.0,1.0,2.0,0.949309891119909
1.2920961381209854,0.0,3.0,0.0,0.0,0.0,0.0,0.9274742763148953
2.0,4.0,3.0,3.0,2.0,0.0,0.0,0.0
0.0,0.0,3.0,1.8977295785957005,0.0,0.0,0.0,1.132443859095025
0.0,0.0,3.0,3.0,0.0,0.0,0.0,2.0
0.0,0.0,0.0,0.0,1.2365584100955143,0.0,0.0,0.0
0.0,0.0,3.0,0.7863053920668279,0.0,1.0,2.0,0.0
2.0,4.0,3.0,3.0,2.0,1.0,0.0,1.718239855514624
0.0,0.0,0.0,0.0,0.0,0.0,0.0,1.84833985947578
0.0,1.820986875719013,3.0,0.0,1.8866217267348955,1.0,2.0,1.1106000600893895
2.0,4.0,3.0,0.0,0.54906860728919,1.0,2.0,0.11552071701573918
2.0,4.0,0.0,0.6124309720899891,0.0,0.0,2.0,1.0821228447667923
2.0,4.0,3.0,3.0,0.0,0.9607116885774718,2.0,2.0
2.0,4.0,0.0,0.0,0.0,0.0,0.6785881933863974,1.823950218188513
2.0,4.0,3.0,3.0,2.0,1.0,2.0,1.8659816750308202
2.0,4.0,3.0,3.0,2.0,1.0,2.0,0.0
0.0,0.0,0.5979181475653876,3.0,2.0,1.0,0.0,1.9872244054025012
0.0,3.1312381285194446,3.0,0.0,0.0,0.0,0.0,1.9946941905353885
2.0,4.0,3.0,3.0,2.0,0.0,2.0,2.0
2.0,0.0,3.0,3.0,0.0,0.5667478386992959,2.0,0.15924853419257423
1.3662090029508651,0.0,0.4344719969208462,0.0,2.0,1.0,0.0,1.8266398330870826
2.0,4.0,3.0,0.0,2.0,1.0,2.0,0.09288641734118885
2.0,4.0,3.0,3.0,2.0,1.0,2.0,0.0
0.0,4.0,2.260741746162768,3.0,0.0,1.0,0.0,1.8355289872601128
0.0,0.0,0.0,0.0,0.0,0.0,0.0,0.05974311443400626
1.5104131152767555,0.0,0.0,0.0,0.0,0.0,0.0,1.0626519750624195
0.0,0.0,0.0,3.0,0.0,0.0,0.0,0.0
2.0,1.4426050259055778,0.0,3.0,2.0,1.0,2.0,0.0
0.0,0.0,0.0,3.0,2.0,0.0,0.0,0.999770649610959
0.0,4.0,0.0,0.0,2.0,0.0,0.0,0.9108542356327184
2.0,4.0,3.0,3.0,2.0,1.0,2.0,0.10965621914208012
2.0,4.0,3.0,3.0,0.0,1.0,2.0,0.09288756368904305
2.0,4.0,3.0,3.0,0.0,1.0,2.0,1.049111281423386
2.0,4.0,0.0,3.0,2.0,0.0,2.0,1.9378273200115053
2.0,4.0,3.0,0.0,0.0,1.0,0.0,0.0
0.0,0.0,0.0,0.0,2.0,0.0,0.0,0.06616372566925643
2.0,0.0,3.0,3.0,0.0,0.0,0.0,1.9833581711356394
0.0,0.0,0.0,0.0,0.0,0.0,0.0,1.9546978653755436
0.0,0.0,0.0,0.0,1.0502837305213406,0.0,0.0,0.05102316751883096
0.0,0.0,0.0,0.0,0.0,1.0,0.0,0.9998777069784808
2.0,4.0,3.0,3.0,0.0,1.0,2.0,1.8923077043662115
2.0,3.9606449029741193,0.0,2.7437910622938424,1.9489256185743153,1.0,0.0,1.9817467712996164
2.0,1.7025579642648865,0.0,0.0,2.0,0.0,0.0,1.8459035149546121
0.0,0.0,3.0,0.0,0.0,0.0,0.0,1.2052817377974563
0.0,0.0,0.3955874505542409,3.0,0.0,0.0,0.0,2.0
2.0,4.0,0.0,0.0,2.0,1.0,0.0,0.0
2.0,4.0,3.0,0.0,2.0,0.0,0.0,1.9870989530495373
2.0,3.392914551301173,0.0,3.0,1.3710592926762901,1.0,2.0,1.5087711522336016
2.0,0.0,0.0,3.0,0.6307510074721582,1.0,2.0,1.9509732511202569
0.0,0.0,0.0,0.0,0.0,0.0,1.8878847495076143,1.7720395779896827
2.0,0.0,3.0,0.0,2.0,0.0,2.0,2.0
0.30347355572681267,0.0,3.0,3.0,2.0,1.0,2.0,0.0
0.0,0.0,3.0,3.0,0.0,1.0,1.540084202209939,1.9975641919554112
2.0,4.0,3.0,3.0,2.0,1.0,2.0,0.8964723269727198
0.0,0.0,0.0,0.0,0.0,1.0,0.0,0.0
0.0,0.0,0.0,0.0,0.0,0.0,0.0,1.6683980043701259
0.0,0.0,3.0,0.0,0.0,0.0,0.0,0.0
2.0,4.0,3.0,3.0,2.0,1.0,2.0,2.0
2.0,4.0,3.0,3.0,2.0,1.0,0.0,1.1047125734325882
2.0,4.0,3.0,3.0,2.0,1.0,0.0,2.0
2.0,4.0,3.0,3.0,0.0,1.0,2.0,2.0
0.0,0.0,3.0,0.0,0.0,1.0,2.0,0.0777686254073584
2.0,4.0,3.0,3.0,2.0,1.0,2.0,0.9240606234813346
2.0,4.0,3.0,3.0,0.0,1.0,2.0,1.982266969344396
2.0,0.0,0.0,0.0,0.0,0.0,2.0,2.0
2.0,0.0,0.0,0.0,0.0,0.0,2.0,0.0
2.0,4.0,3.0,3.0,2.0,1.0,2.0,0.0
2.0,4.0,1.2478180560427936,0.0,0.0,0.0,2.0,2.0
2.0,4.0,0.0,0.0,2.0,1.0,0.0,0.10520756508547247
2.0,4.0,3.0,3.0,2.0,1.0,2.0,2.0
2.0,2.1101111983579672,3.0,3.0,0.0,0.0,2.0,0.050360581180664665
2.0,4.0,3.0,3.0,2.0,0.0,2.0,1.1390005608846712
0.7041199139300609,0.0,0.0,0.0,0.0,1.0,0.0,0.0
0.0,0.0,3.0,0.46565725399480057,0.0,0.0,2.0,0.0
2.0,4.0,3.0,3.0,2.0,1.0,2.0,2.0
0.0,4.0,3.0,0.0,0.0,0.0,0.0,2.0
2.0,0.0,0.0,3.0,2.0,0.20064298140367287,0.0,0.0
0.0,4.0,0.0,0.0,0.0,0.0,0.0,0.05423657643024382
0.0,4.0,3.0,0.0,0.0,1.0,2.0,0.9799623971348862
2.0,4.0,3.0,0.0,2.0,1.0,2.0,0.9322695058908174
0.0,4.0,3.0,0.0,0.0,0.0,2.0,1.0881445190187538
2.0,0.9682156739434375,0.0,0.0,2.0,1.0,2.0,1.0160160434033634
2.0,0.0,3.0,3.0,0.0,1.0,2.0,0.0
2.0,4.0,1.7102184670850546,3.0,2.0,1.0,2.0,0.147270823733342
0.0,0.0,3.0,0.8545923134246074,2.0,1.0,0.0,0.10597754960439165
2.0,4.0,0.0,0.0,2.0,1.0,2.0,0.9886541183542372
2.0,0.4777737454374491,0.6796029061148403,3.0,0.0,1.0,2.0,1.9979348797313894
0.0,0.0,0.0,0.0,0.0,0.0,0.0,1.0519359376944495
0.0,0.0,0.0,0.0,0.0,0.0,0.0,1.459161440211073
0.0,0.0,0.0,3.0,0.0,1.0,2.0,0.0
0.0,0.0,0.0,0.0,0.0,0.0,0.0,0.1269437987143366
0.0,0.0,3.0,0.0,2.0,0.09691091846573269,2.0,1.9753417402183997
0.0,2.246671379934715,0.0,0.0,0.0,0.0,2.0,0.11029130436300238
2.0,4.0,3.0,3.0,2.0,1.0,2.0,0.11881107034184502
2.0,4.0,0.0,3.0,2.0,1.0,2.0,0.0
0.0,0.02932720938395139,3.0,0.0,0.0,0.0,0.0,0.045666635291755076
1.9564334908289989,4.0,3.0,0.0,2.0,1.0,2.0,2.0
0.0,0.0,0.0,0.0,0.0,0.0,0.0,1.9568440765652269
0.0,0.0,0.0,0.0,0.0,1.0,0.0,0.0
2.0,4.0,3.0,3.0,2.0,1.0,2.0,0.0
2.0,0.07262360750742491,3.0,0.0,2.0,0.123512646114041,0.0,0.0
0.0,0.0,0.0,3.0,2.0,1.0,0.0,0.1692112753400522
0.0,4.0,0.0,0.0,2.0,0.0,0.0,0.004454019901075412
0.0,0.0,3.0,0.0,2.0,1.0,0.0,0.0
0.0,4.0,0.0,0.0,2.0,0.0,2.0,1.0277878273675403
2.0,0.0,3.0,3.0,2.0,1.0,0.0,0.9390881568297006
0.0,0.0,0.0,0.0,0.0,0.0,0.0,0.02875186963766907
0.0,4.0,3.0,0.0,0.0,0.0,0.0,0.9811254735243206
0.0,0.0,0.0,0.0,2.0,1.0,0.0,0.9395116033980986
2.0,4.0,3.0,3.0,2.0,1.0,2.0,1.051927429449121
2.0,0.0,0.0,0.0,0.0,1.0,2.0,1.958197691456215
2.0,4.0,0.0,3.0,2.0,1.0,2.0,1.824701954367233
0.0,4.0,3.0,3.0,1.3730777954726798,1.0,2.0,0.0
0.0,0.0,0.0,2.4244013467608,0.5423498362365007,1.0,2.0,0.0
0.0,0.0,0.0,0.0,0.0,0.0,0.0,0.004864481397782394
2.0,4.0,3.0,3.0,0.0,1.0,0.0,2.0
2.0,0.0,3.0,0.0,2.0,0.0,2.0,0.024271579976905322
0.0,0.0,0.0,0.0,0.0,0.0,0.0,0.07953232236757912
0.0,4.0,3.0,3.0,2.0,0.0,2.0,0.15471966876542664
1.620126624459655,0.0,3.0,3.0,2.0,0.0,0.0,1.0175004783226522
2.0,0.0,3.0,3.0,0.0,0.0,2.0,0.06324752950287305
0.0,0.0,3.0,0.0,2.0,0.8891221679744385,0.0,1.1512183499603745
2.0,4.0,3.0,0.0,0.0,1.0,2.0,0.9643842134247015
0.9986273912088113,0.0,3.0,3.0,2.0,1.0,2.0,0.9036478205162309
2.0,4.0,2.2692470415003054,3.0,0.0,1.0,2.0,1.8820364674811971
0.0,0.0,3.0,0.0033540903219947665,0.0,1.0,0.0,0.0
0.0,0.0,3.0,0.0,0.0,0.0,0.08295184434333758,1.0189601375013624
2.0,4.0,3.0,3.0,2.0,1.0,2.0,1.1053402488295063
2.0,4.0,3.0,3.0,2.0,1.0,2.0,0.9282523692716779
0.0,0.0,0.0,0.0,0.0,0.0,0.0,2.0
1.714899929400332,0.0,0.0,0.0,2.0,0.0,0.9307639339647831,1.932080332035785
0.0,4.0,1.96950792813932,0.0,2.0,1.0,2.0,0.09227497045237532
2.0,4.0,3.0,0.0,2.0,0.0,1.8231326793313496,1.9414340729816741
2.0,4.0,3.0,3.0,2.0,1.0,2.0,1.9169358683139355
0.0,0.0,0.0,0.0,0.0,0.0,2.0,1.8563936544264676
0.5889363533157175,4.0,0.0,3.0,0.0,1.0,2.0,1.9191391592117868
0.1756399720744367,0.0,0.0,3.0,0.0,1.0,2.0,2.0
0.0,0.0,0.0,0.0,0.0,0.0,0.0,1.9652277852065674
2.0,4.0,3.0,3.0,2.0,1.0,2.0,0.9431416784319928
2.0,0.0,1.8713660476861682,3.0,2.0,1.0,2.0,2.0
2.0,4.0,3.0,3.0,0.0,1.0,2.0,1.9582628491312617
0.0,4.0,0.0,3.0,2.0,1.0,0.0,0.9746639088370449
2.0,4.0,3.0,3.0,2.0,1.0,2.0,2.0
1.9602862946810564,0.0,0.0,3.0,0.0,0.0,2.0,0.0
2.0,4.0,3.0,0.0,0.0,0.7571323449102815,2.0,0.9800084566060251
0.0,0.0,3.0,3.0,0.0,1.0,2.0,1.9993252297071678
0.6473497640832788,4.0,3.0,3.0,0.0,1.0,2.0,1.9452133383949208
2.0,0.0,0.0,0.0,0.0,0.0,2.0,0.0
2.0,0.0,0.0,0.0,0.0,0.0,0.0,0.0
0.0,0.0,0.0,0.0,0.0,0.0,0.0,1.0121274392622726
0.0,0.0,3.0,0.0,0.0,0.0,0.0,1.9900334008928255
0.0,0.0,0.0,0.0,2.0,0.0,0.0,1.0944337231698735
2.0,3.688482879196962,3.0,3.0,2.0,0.0,2.0,1.049132594663148
2.0,0.0,3.0,0.0,0.0,0.0,2.0,2.0
0.0,4.0,3.0,3.0,0.0,0.0,2.0,0.1319524572819114
0.0,0.0,0.0,0.0,0.0,0.0,0.0,1.278722028283851
2.0,0.0,3.0,3.0,2.0,1.0,2.0,0.8921204838513526
0.0,0.0,0.3446677055847801,0.0,0.0,0.0,0.0,0.13122198745124913
0.0,0.0,1.7312364268030946,0.0,2.0,0.0,2.0,1.9366255676923774
2.0,0.0,3.0,0.0,2.0,0.01202087939881874,0.0,1.070979635136156
0.0,0.0,0.0,0.0,0.0,0.0,0.0,1.5249366344978834
0.0,0.0,0.0,0.0,2.0,1.0,0.0,1.8841537959973085
2.0,4.0,0.0,0.0,0.0,0.0,2.0,0.9904123920238929
0.0,0.0,0.0,1.0693463430561057,0.0,0.0,0.0,0.0
2.0,4.0,0.0,0.7707769177148631,0.0,0.0,2.0,2.0
2.0,4.0,3.0,3.0,2.0,1.0,2.0,2.0
0.0,0.0,3.0,0.0,2.0,0.0,0.0,0.9226950373659879
2.0,4.0,3.0,3.0,2.0,1.0,0.0,1.8519788057090638
0.0,4.0,0.0,0.0,1.2720883434418209,0.0,2.0,0.0
2.0,4.0,0.05349084422227971,3.0,0.0,1.0,2.0,0.9365366187611317
1.976257529653646,0.0,3.0,0.0,2.0,0.0,0.0,0.0
0.0,0.0,0.0,3.0,0.0,0.0,0.17397331103407354,0.0
1.2957300440372705,0.0,3.0,3.0,2.0,0.0,0.0,0.06872507568076147
0.0,0.0,3.0,1.6603460480421033,2.0,0.0,2.0,1.709185390610455
0.0,0.0,3.0,2.9635330268682054,0.0,0.0,2.0,2.0
0.0,0.0,0.0,3.0,0.0,0.0,1.607012039521563,1.657643274801737
2.0,4.0,3.0,3.0,2.0,0.0,2.0,0.10782353166486869
0.0,0.0,3.0,0.0,0.0,0.0,0.0,1.9769989617165113
2.0,4.0,3.0,3.0,2.0,1.0,2.0,1.994240210055172
2.0,0.0,0.0,3.0,2.0,1.0,0.0,2.0
2.0,4.0,3.0,3.0,2.0,1.0,2.0,1.1203404174986384
2.0,4.0,3.0,0.0,0.8796466550517089,1.0,2.0,0.0
2.0,0.0,2.3679458070096584,0.0,0.0,1.0,0.0,0.0
2.0,4.0,3.0,1.7741546237578143,2.0,1.0,2.0,0.0
2.0,4.0,0.0,0.0,0.0,0.0,0.0,2.0
0.0,0.0,3.0,3.0,2.0,1.0,2.0,0.0
2.0,0.0,0.0,3.0,2.0,1.0,0.0,1.9064392471761002
2.0,4.0,3.0,0.0,0.0,0.8687945513329813,0.0,1.9751769522250282
0.0,0.0,0.0,0.0,2.0,0.0,0.0,0.0
0.0,4.0,3.0,3.0,2.0,1.0,2.0,0.028398089969963625
2.0,4.0,3.0,3.0,2.0,1.0,2.0,0.0
0.0,0.0,0.0,3.0,0.0,0.0,0.0,0.0
0.0,0.0,0.0,0.0,2.0,1.0,2.0,0.0
2.0,0.0,3.0,0.0,2.0,1.0,0.0,0.0
0.0,0.0,0.0,0.0,2.0,0.0,0.0,0.0
0.0,0.0,0.0,0.0,0.0,0.0,0.0,2.0
0.0,0.0,0.0,0.0,0.0,0.0,0.0,1.023233370392835
0.0,0.0,0.0,0.0,0.0,1.0,0.0,0.9638393389810879
0.0,0.0,0.0,0.0,0.0,0.0,0.0,0.0
2.0,4.0,3.0,3.0,0.0,1.0,0.0,2.0
0.0,0.0,0.0,0.0,0.0,0.0,2.0,1.0539105063275154
0.0,4.0,3.0,0.0,2.0,1.0,2.0,1.9033203761878759
0.0,0.0,0.0,0.0,0.0,0.0,0.0,0.0
2.0,0.0,0.0,0.8220608004286837,0.0,0.0,0.0,0.9602155978043123
0.0,0.0,3.0,3.0,0.07312841975461504,0.0,0.0,1.9661310064094013
0.0,0.0,0.0,3.0,0.0,0.0,0.0,0.9974774563133193
0.0,0.0,3.0,3.0,0.0,1.0,2.0,2.0
2.0,4.0,3.0,3.0,2.0,0.0,2.0,2.0
0.0,0.0,0.0,0.0,0.0,0.0,0.0,1.072552314178942
0.0,0.0,0.2009631999913664,0.0,0.0,0.0,0.0,2.0
0.0,0.0,3.0,3.0,2.0,1.0,2.0,0.11282633042134982
2.0,4.0,3.0,3.0,2.0,1.0,2.0,1.9442468699132982
2.0,4.0,0.0,3.0,2.0,1.0,2.0,2.0
2.0,4.0,3.0,3.0,1.2907906451663642,0.0,2.0,0.03754834390752393
0.0,0.0,0.0,0.0,0.0,0.0,0.8613977515200734,0.0
2.0,4.0,3.0,3.0,2.0,1.0,2.0,1.974477041974799
0.0,0.0,0.0,3.0,0.0,1.0,1.200262239587257,0.0
2.0,4.0,0.0,0.0,2.0,1.0,2.0,1.1859511973042047
2.0,0.7318231686528001,3.0,0.0,0.0,0.0,0.0,1.138016046005036
0.0,0.0,0.0,0.0,0.8936094789123874,0.0,0.0,1.0008330004629835
0.0,0.0,0.0,0.0,2.0,1.0,0.0,0.0
2.0,4.0,3.0,3.0,2.0,1.0,2.0,1.0805468480621527
0.0,0.0,0.0,0.0,0.0,0.0,0.0,1.9240100537445692
1.6500385710249128,0.0,3.0,3.0,2.0,1.0,2.0,2.0
2.0,4.0,3.0,0.9426007083832909,2.0,1.0,2.0,1.9705757608419372
0.0,4.0,3.0,3.0,2.0,1.0,0.0,0.0836120049607576
2.0,4.0,3.0,3.0,2.0,1.0,2.0,2.0
0.0,0.0,0.0,0.0,0.0,0.0,0.0,1.0775690583567337
2.0,0.0,0.0,3.0,2.0,0.0,2.0,1.9142472494650562
2.0,4.0,3.0,0.0,0.0,1.0,2.0,1.0468134094431971
2.0,0.0,3.0,3.0,2.0,1.0,0.0,1.8580390754494513
0.0,4.0,0.0,0.0,0.0,0.0,2.0,1.9881513993139128
2.0,0.0,3.0,0.0,0.0,1.0,2.0,0.0
2.0,0.0,3.0,0.0,0.0,0.0,0.0,1.1941668242918375
2.0,4.0,3.0,3.0,2.0,1.0,2.0,1.0327188408224788
2.0,0.0,3.0,3.0,0.0,1.0,0.0,1.6136798486416932
0.0,0.0,0.0,0.0,0.0,0.0,0.0,0.0
2.0,4.0,0.0,0.0,2.0,1.0,0.0,0.9306804643619291
2.0,4.0,3.0,3.0,2.0,0.0,2.0,1.8937432322164716
2.0,0.0,3.0,0.0,2.0,0.0,2.0,1.9566069703594189
0.0,0.0,0.0,3.0,0.7782637782419688,1.0,2.0,0.9894396462193752
2.0,4.0,3.0,3.0,2.0,1.0,0.0,2.0
0.0,0.0,3.0,3.0,0.27348035761073286,0.0,2.0,1.9678414133799846
0.0,0.0,0.0,3.0,2.0,1.0,2.0,1.9438885798877579
2.0,4.0,3.0,3.0,2.0,1.0,2.0,2.0
0.0,0.0,0.0,0.0,0.0,0.0,0.0,0.0013126513811968499
0.0,0.0,0.0,0.0,0.0,1.0,2.0,0.0
0.0,0.0,0.0,0.0,0.0,0.0,0.0,0.0
2.0,0.0,0.0,0.0,2.0,1.0,2.0,1.8518805384632069
2.0,0.0,3.0,0.0,0.0,0.0,0.0,0.0
0.0,0.0,0.0,0.0,0.0,0.0,0.0,1.9647041167669848
2.0,0.0,3.0,0.0,2.0,1.0,0.0,0.004509313249199898
1.6719357914433222,0.0,0.0,0.0,0.0,1.0,0.0,0.7940472507407594
0.7493072485141596,4.0,3.0,3.0,2.0,1.0,2.0,1.083740481181372
0.0,0.0,0.0,0.0,0.0,0.0,0.0,0.0066051573603885805
2.0,4.0,3.0,3.0,2.0,1.0,2.0,2.0
0.0,0.0,0.0,0.6978628918744701,0.0,0.0,0.0,2.0
0.0,0.0,3.0,3.0,0.0,1.0,2.0,2.0
2.0,4.0,3.0,3.0,2.0,1.0,0.0,1.0191927502229323
2.0,0.0,3.0,0.0,0.29946259250587137,0.0,2.0,1.999505253898592
2.0,2.086459428172899,3.0,3.0,2.0,1.0,2.0,1.9612142531244614
0.0,0.0,3.0,3.0,0.0,0.0,0.0,0.0
0.0,4.0,3.0,3.0,2.0,1.0,2.0,1.064520491161375
2.0,0.29948719911283117,3.0,3.0,2.0,1.0,2.0,0.07228447725599829
2.0,4.0,3.0,3.0,2.0,0.0,2.0,1.1419289855718113
2.0,4.0,3.0,3.0,2.0,1.0,2.0,0.0
0.0,4.0,3.0,3.0,2.0,1.0,2.0,1.0006711338719378
2.0,0.0,3.0,0.960423506790852,2.0,0.4726726908152465,2.0,1.1985802020325873
0.0,0.6620721099430129,0.0,0.0,0.0,0.0,0.0,0.9913704915395797
2.0,4.0,3.0,3.0,2.0,1.0,2.0,0.07707389418102728
2.0,0.0,3.0,3.0,2.0,0.0,2.0,0.0
2.0,4.0,3.0,3.0,1.9165476625514108,1.0,0.0,0.017928543341063752
0.0,0.0,0.0,3.0,2.0,1.0,0.0,0.06848798656468613
2.0,0.0,3.0,3.0,0.0,1.0,2.0,1.0636774741457216
0.0,0.0,0.0,0.0,0.0,0.0,0.0,0.0
0.0,0.0,1.5595469450542916,3.0,2.0,1.0,2.0,2.0
0.0,0.0,3.0,0.0,0.0,0.0,0.0,0.0
0.0,4.0,3.0,0.0,0.0,1.0,2.0,0.0
2.0,4.0,0.0,0.0,0.7668129782505373,1.0,0.0,1.0922733749229112
2.0,4.0,0.0,3.0,0.0,1.0,2.0,0.07233634234402375
0.1342092720041741,0.0,3.0,3.0,2.0,1.0,0.0,1.9495286722050174
2.0,0.0,0.0,0.0,0.0,0.0,0.3638395053214184,0.0
2.0,4.0,0.0,0.0,2.0,1.0,0.0,0.0
2.0,4.0,3.0,3.0,2.0,1.0,2.0,0.08746668236622113
0.0,0.0,0.0,0.0,0.0,0.0,0.0,0.07840745896145196
0.0,0.0,3.0,0.0,2.0,1.0,2.0,1.989471895385114
2.0,0.0,3.0,3.0,0.0,1.0,2.0,0.059877446885014174
0.0,4.0,3.0,3.0,2.0,1.0,2.0,0.0
2.0,0.0,0.0,3.0,0.0,1.0,2.0,1.655369422522507
0.0,0.0,0.0,0.0,0.0,0.0,0.0,1.9366346173035218
0.0,0.0,3.0,0.0,2.0,0.0,0.0,2.0
0.0,0.0,0.0,0.0,0.0,0.0,0.0,1.1404618905344415
2.0,0.0,2.2642099662934476,3.0,2.0,0.0,2.0,1.1294575813872205
0.0,0.0,0.0,3.0,0.0,1.0,0.0,1.891751536088396
0.09672088726132733,4.0,3.0,3.0,2.0,0.3486207606581701,2.0,1.2747614136189098
0.0,4.0,0.0,0.0,0.0,0.0,0.0,0.046444794156462854
2.0,4.0,1.9836398469936904,3.0,0.0,0.0,0.0,0.0
0.0,4.0,3.0,3.0,2.0,1.0,0.0,1.9065239984616433
0.0,0.0,0.04412248631208507,3.0,0.0,0.0,0.0,1.802946074726993
0.0,0.0,0.0,0.0,1.838661234575373,0.0,0.0,0.9371954674828402
0.0,4.0,3.0,3.0,0.0,1.0,0.0,1.0571933483235483
2.0,4.0,0.0,3.0,2.0,1.0,0.0,0.9963816287944222
2.0,4.0,0.0,0.0,2.0,1.0,2.0,0.0
0.0,0.0,0.0,0.0,0.0,0.0,2.0,0.0
0.0,4.0,0.0,0.0,0.0,1.0,2.0,1.4396042176378856
2.0,4.0,3.0,3.0,2.0,1.0,2.0,1.076465139267284
2.0,0.0,3.0,0.0,2.0,1.0,0.0,0.9525288323160026
2.0,4.0,3.0,3.0,2.0,0.0,0.0,2.0
0.0,0.0,2.6769913008048185,0.0,0.0,0.0,0.0,0.9145071519453932
0.0,0.0,3.0,3.0,2.0,1.0,2.0,1.0310213628841391
2.0,0.0,3.0,3.0,0.0,1.0,1.611997047791254,2.0
0.0,0.0,0.0,1.354020399964279,0.0,1.0,0.0,0.023267427775385374
2.0,4.0,0.0,0.8348634512142209,0.0,0.0,0.0,0.0
0.0,0.0,0.0,3.0,0.0,0.0,0.0,0.9213390796598919
2.0,0.0,0.0,3.0,2.0,0.0,2.0,0.07914854397300386
0.0,0.0,3.0,3.0,2.0,1.0,2.0,0.0009833379931195596
0.0,0.0,0.0,0.0,0.0,0.0,0.0,0.15406172350755043
2.0,4.0,3.0,3.0,2.0,1.0,2.0,1.8903237719888315
2.0,0.0,3.0,0.0,0.0,1.0,2.0,0.0
0.0,0.0,3.0,3.0,2.0,0.0,0.0,2.0
2.0,4.0,0.0,2.62090688548395,2.0,0.0,2.0,1.0403544078336147
2.0,4.0,3.0,3.0,2.0,1.0,2.0,0.055067379596818844
2.0,0.0,0.0,0.0,2.0,0.0,2.0,1.5995389397728257
0.0,0.0,0.0,3.0,0.0,0.0,0.0,2.0
0.0,0.0,3.0,0.0,1.1039801614148939,1.0,2.0,0.0
0.0,0.0,0.0,0.0,2.0,1.0,0.0,1.039424051772382
2.0,2.6254217055337916,3.0,3.0,2.0,1.0,2.0,0.0
2.0,0.0,3.0,3.0,2.0,1.0,2.0,1.9780928193577618
2.0,4.0,3.0,3.0,2.0,1.0,2.0,1.5967543880987938
2.0,4.0,3.0,3.0,2.0,1.0,2.0,2.0
2.0,0.0,3.0,3.0,2.0,0.0,0.0,2.0
0.0,4.0,0.0,0.0,0.0,1.0,0.9059087371075488,2.0
0.0,0.0,0.0,3.0,0.0,1.0,0.1841593484622609,2.0
0.0,0.0,0.0,0.0,0.0,0.0,0.0,1.8502784690043605
2.0,4.0,0.0,0.0,2.0,1.0,1.8335114923166316,0.0
0.0,4.0,0.0,3.0,1.0303488733692305,0.0,2.0,2.0
2.0,0.0,3.0,0.0,2.0,1.0,0.0,1.9682801413395783
2.0,4.0,0.0,3.0,2.0,0.0,0.0,0.07596365882066047
0.0,4.0,1.4590806519597497,3.0,0.0,0.0,2.0,0.0
0.0,4.0,0.0,3.0,2.0,1.0,2.0,0.0
0.0,0.0,3.0,3.0,0.0,1.0,0.0,0.9312349957021836
2.0,4.0,3.0,3.0,0.0,1.0,0.0,0.0
2.0,4.0,3.0,3.0,2.0,1.0,2.0,1.8840849994240645
0.0,4.0,3.0,3.0,2.0,1.0,2.0,0.0
0.0,0.0,0.0,0.0,0.0,0.0,0.0,0.832182660329889
0.0,0.0,0.0,0.0,0.0,0.0,0.0,0.0
0.0,4.0,0.0,0.0,2.0,1.0,0.0,0.0052300814755112945
1.9228992422670839,0.0,0.0,0.0,2.0,1.0,2.0,0.0
2.0,4.0,3.0,3.0,2.0,1.0,2.0,0.8770203613852914
0.0,0.0,0.0,0.0,0.0,0.0,0.0,0.03921596092626134
0.0,0.0,0.0,0.0,0.0,0.0,0.0,0.03449704211240179
2.0,4.0,1.9514801195564748,2.815240058960018,2.0,0.29761540742387393,2.0,1.0705214903202522
0.0,0.0,0.0,0.0,0.0,0.0,0.0,0.9069780414141689
2.0,0.0,3.0,3.0,2.0,1.0,2.0,0.06535581855729422
0.0,4.0,3.0,3.0,2.0,1.0,0.04861202920456931,1.1358314145748702
0.0,0.0,0.0,0.0,2.0,0.0,0.0,2.0
2.0,0.0,3.0,3.0,2.0,1.0,2.0,0.03855025120336286
2.0,4.0,3.0,3.0,2.0,1.0,2.0,1.0605474695501538
2.0,0.0,0.0,3.0,2.0,1.0,2.0,2.0
0.0,0.0,0.0,0.0,0.0,0.0,0.0,0.11896813779834425
2.0,1.1915257856574488,0.0,0.7949189577291415,0.0,0.5542896380485688,2.0,0.07719968700420865
2.0,0.0,3.0,3.0,2.0,0.0,2.0,2.0
2.0,4.0,3.0,3.0,2.0,1.0,2.0,0.9244336631500802
0.0,0.0,0.0,0.0,0.0,0.0,0.0,1.05442168572232
0.0,4.0,0.0,0.0,0.0,0.0,0.0,2.0
0.0,0.0,0.0,0.0,2.0,0.0,2.0,2.0
2.0,4.0,0.0,3.0,2.0,1.0,2.0,0.0008736421320221233
2.0,4.0,3.0,3.0,1.4253608712874564,1.0,2.0,0.2727498189988842
2.0,0.0,2.5051744265925753,1.7399557967096115,0.0,0.0,0.0,0.8153545874175885
0.0,0.0,0.0,0.0,0.0,1.0,0.0,0.9764223969780973
0.0,0.0,0.0,0.0,0.0,0.25539891986296837,2.0,0.0
0.0,2.4728182390518976,3.0,3.0,2.0,1.0,0.0,0.09960581760721288
2.0,0.0,3.0,0.6962487827741164,0.0,1.0,0.0,2.0
0.0,0.0,0.0,0.0,0.0,0.0,0.0,0.8974304657759297
2.0,0.0,0.0,0.0,2.0,0.0,0.0,1.6073657314733738
0.0,4.0,3.0,0.0,2.0,0.0,2.0,1.9611496585927384
2.0,0.0,0.0,0.0,0.0,1.0,2.0,1.998500023842233
2.0,4.0,3.0,0.0,2.0,1.0,2.0,0.0
2.0,0.0,0.0,3.0,0.0,0.0,0.0,1.9931206120337674
2.0,0.0,3.0,0.0,2.0,1.0,0.0,1.125926184723326
0.0,0.0,0.0,0.0,0.0,0.0,0.0,1.0833485727322893
0.0,0.0,0.0,0.0,0.0,0.0,0.0,0.0
2.0,0.0,0.9282198966784045,0.0,0.0,0.0,0.0,1.142193962405325
0.0,0.0,0.0,0.0,0.0,0.0,0.0,0.07943087701293694
0.0,0.0,3.0,3.0,2.0,1.0,1.986443982653632,2.0
2.0,0.0,0.0,0.06497906676020178,2.0,0.0,2.0,0.9925807074991186
0.0,0.0,0.0,0.0,1.038996304132803,1.0,2.0,1.1029491073183677
0.0,4.0,3.0,1.9999947713264292,2.0,0.7763740038124588,0.0,0.9974959106303972
2.0,4.0,3.0,3.0,2.0,1.0,2.0,1.0199958458515166
0.0,0.0,0.14043406839406894,0.0,0.0,0.0,0.0,1.0089363657120998
0.0,0.0,0.0,3.0,0.0,0.0,0.0,1.9731161298835036
2.0,4.0,3.0,3.0,2.0,1.0,2.0,0.0
1.506722266169317,1.7700400446205815,0.0,1.8279407533951277,0.0,1.0,0.0,0.04154671439131963
0.0,4.0,3.0,1.3219737789701544,2.0,1.0,2.0,1.0577608855939793
0.0,0.0,0.0,0.0,0.0,0.0,0.0,0.04269065688054674
2.0,4.0,0.0,3.0,2.0,1.0,0.0,0.1345035504833525
2.0,4.0,0.0,0.0,2.0,0.0,2.0,0.030161878197218273
2.0,4.0,0.0,0.0,0.7583075280554292,0.0,1.5822170204648671,1.0345313299017438
0.0,0.0,3.0,3.0,2.0,1.0,2.0,1.9526440238563647
2.0,0.0,3.0,3.0,2.0,1.0,2.0,2.0
0.0,0.5101120749123957,3.0,3.0,2.0,0.8524420036293803,2.0,0.002609143719639384
2.0,4.0,3.0,3.0,2.0,1.0,2.0,1.8879241521352115
0.0,0.0,0.0,0.0,2.0,0.0,0.0,2.0
0.0,0.0,3.0,0.0,0.0,0.0,2.0,2.0
0.0,0.0,0.0,0.0,0.0,0.0,0.0,1.9214626977627334
0.0,0.0,3.0,3.0,0.0,0.9103349118924444,2.0,0.0
0.0,4.0,3.0,3.0,0.7305986374713451,0.0,0.4795020570086338,1.0959358009893883
2.0,4.0,3.0,3.0,2.0,0.0,0.0,0.0025928217135288145
0.0,0.0,0.0,3.0,2.0,0.0,0.0,1.9555836220808245
2.0,0.0,3.0,3.0,0.0,1.0,0.6795282404802168,0.026417351111516996
0.0,4.0,3.0,3.0,2.0,1.0,2.0,1.9695679413607552
1.9282921078299198,4.0,0.0,3.0,2.0,0.0,2.0,2.0
2.0,0.0,3.0,0.0,2.0,0.0,0.0,1.0827395169573966
2.0,0.0,0.0,0.0,2.0,0.0,2.0,0.0
2.0,4.0,3.0,3.0,0.0,0.0,0.0,0.0
0.0,0.0,3.0,3.0,0.0,1.0,1.9095556832229859,0.044713938332714864
2.0,4.0,3.0,0.0,2.0,1.0,2.0,0.09940755629689679
0.0,4.0,3.0,3.0,2.0,1.0,2.0,0.0
0.0,4.0,3.0,0.0,2.0,0.6019643492613096,0.0,0.0
0.0,0.0,0.0,3.0,0.0,0.0,0.0,0.9740186826720523
2.0,4.0,3.0,3.0,2.0,1.0,2.0,1.0171324347054114
2.0,4.0,3.0,2.192286364476672,0.0,1.0,2.0,0.1852059124777773
0.0,0.0,0.0,0.0,0.0,0.0,0.0,0.13120088349275683
0.0,0.0,3.0,3.0,0.0,0.0,2.0,1.0164042016797674
2.0,4.0,3.0,3.0,0.0,0.0,2.0,2.0
0.8168008082575772,0.0,3.0,0.0,0.0,0.0,0.7184714412001207,2.0
0.0,0.0,0.0,0.0,0.0,0.0,0.0,1.761521646757208
0.0,4.0,0.0,0.0,0.0,0.0,0.0,0.10053213776843173
0.0,0.0,0.0,0.0,0.0,0.0,0.0,0.05533881125158402
0.0,0.0,0.0,3.0,0.0,0.0,2.0,1.943642220219985
0.0,0.0,0.5244620109445242,0.0,0.0,1.0,0.0,1.9903059263139773
2.0,0.0,3.0,0.5676841818471174,2.0,0.0,2.0,2.0
2.0,0.0,0.0,3.0,2.0,0.0,2.0,0.0
0.0,4.0,0.0,3.0,1.1177382834193046,0.4798198448318906,2.0,1.9828754065912642
2.0,4.0,3.0,3.0,2.0,0.0,2.0,1.0521480952931608
0.0,0.0,0.0,0.0,0.0,0.0,0.0,0.12966846004949917
2.0,4.0,0.0,3.0,2.0,1.0,2.0,1.793207796698097
2.0,0.0,3.0,0.0,2.0,1.0,2.0,2.0
2.0,4.0,3.0,3.0,2.0,1.0,2.0,0.9807119750606038
2.0,4.0,3.0,0.0,2.0,1.0,2.0,0.0
0.0,0.0,0.0,0.0,2.0,0.48843767251334946,0.0,1.7887527366444544
2.0,4.0,3.0,3.0,2.0,0.0,2.0,1.36637613763296
0.0,4.0,3.0,3.0,2.0,1.0,0.0,1.0247700213323212
2.0,4.0,0.0,0.0,2.0,0.0,2.0,1.086530605941336
0.37483549027164054,0.0,0.0,0.0,0.0,1.0,2.0,1.9335910155464844
0.0,0.0,3.0,0.0,0.0,0.0,2.0,0.054831513999769155
0.0,4.0,0.0,0.0,2.0,0.0,0.0,1.765813006971324
2.0,4.0,3.0,0.0,0.0,0.5471240127730278,0.0,0.0
0.0,0.0,0.0,0.0,2.0,1.0,2.0,0.015874636198899172
2.0,2.540832277642704,0.0,0.0,2.0,0.0,0.0,0.06639798595555346
0.0,0.0,0.0,0.0,1.3753656957737448,0.0,0.21329820718906212,1.8956683729831816
0.0,0.44367350690369944,0.0,3.0,0.0,1.0,0.0,0.05504261463268689
0.0,4.0,3.0,3.0,2.0,0.0,2.0,0.0
0.0,4.0,3.0,3.0,2.0,1.0,0.0,1.9847932790108813
0.0,4.0,3.0,3.0,2.0,0.0,0.0,0.0
0.0,4.0,0.0,0.0,0.0,0.0,0.0,2.0
2.0,4.0,3.0,0.8280919777078971,0.0,1.0,0.0,0.14830111819494907
2.0,0.0,2.0740210445929783,3.0,0.0,0.0,0.0,1.0497960669716313
0.0,0.0,3.0,0.0,0.0,0.0,0.0,1.9334064463091525
2.0,4.0,0.0,0.3320025989571865,2.0,1.0,0.0,1.0592088744535708
2.0,4.0,0.2937039905433855,3.0,0.0,1.0,2.0,0.07699915221743414
0.0,0.0,0.0,0.0,0.0,0.0,0.0,2.0
2.0,0.0,0.0,3.0,0.0,0.0,0.0,1.1728542372265305
2.0,0.0,3.0,3.0,2.0,1.0,2.0,1.9559617164923313
2.0,0.0,0.0,0.0,0.0,0.0963124109184137,2.0,2.0
2.0,4.0,0.815166966156218,3.0,2.0,0.8409356642615686,2.0,2.0
2.0,3.196526477541708,3.0,3.0,2.0,1.0,0.0,0.9461484150576578
0.0,0.0,0.0,0.0,0.0,0.0,0.0,0.0
0.0,0.0,0.0,0.0,0.0,0.0,0.0,2.0
0.0,0.0,0.0,0.0,0.0,0.0,0.0,1.0635582488756803
2.0,0.0,0.0,3.0,2.0,1.0,0.0,1.782448344966743
0.0,0.0,0.0,3.0,0.0,0.0,0.0,2.0
0.0,2.1810917145833413,0.04290183845305306,3.0,2.0,1.0,2.0,0.06321415479004089
2.0,0.0,0.0,3.0,0.0,0.0,0.0,2.0
2.0,4.0,0.0,3.0,0.0,0.0,2.0,0.097891331287003
0.0,0.0,0.0,0.0,0.0,0.0,0.0,1.9830004507051004
0.0,0.0,0.0,0.0,0.0,0.0,0.0,0.8759154404627671
2.0,0.0,0.0,0.0,0.0,0.0,0.0,0.0028346574283099057
2.0,4.0,2.338784326959877,3.0,2.0,0.6131611686878933,0.0,2.0
2.0,4.0,3.0,3.0,2.0,0.6503630076678567,2.0,0.0
1.0393411138791986,4.0,3.0,3.0,0.0,0.5992843865443191,2.0,1.062017864741328
2.0,0.0,0.0,0.6215550272898978,2.0,1.0,2.0,0.12347087364632159
0.0,0.0,0.0,0.0,0.0,0.0,0.0,1.9584949279053392
0.0,0.0,0.0,3.0,2.0,0.9356985083824471,0.0,1.7306095357466176
2.0,4.0,0.0,0.0,2.0,0.20048084086689033,0.0,2.0
0.0,4.0,0.0,3.0,2.0,0.0,1.1646588244839475,2.0
2.0,0.0,0.0,0.0,2.0,0.0,0.0,0.7448393952474721
2.0,4.0,3.0,3.0,2.0,1.0,2.0,1.049892566389011
0.0,0.0,3.0,0.0,0.0,0.0,0.0,0.9153898195235843
1.4877018444583712,4.0,0.0,2.8510822591769323,0.0,0.0,2.0,0.0
2.0,4.0,3.0,3.0,2.0,1.0,2.0,0.0
0.0,4.0,3.0,3.0,0.0,0.0,2.0,0.07930620336161676
2.0,4.0,0.0,0.0,0.0,0.0,2.0,1.0994398754721844
2.0,4.0,3.0,3.0,2.0,1.0,2.0,0.9887244824981942
0.0,0.0,0.0,0.0,0.0,0.0,0.0,2.0
0.0,0.0,0.0,0.0,2.0,0.0,0.0,0.06738668676405934
2.0,0.0,0.0,3.0,0.0,1.0,2.0,2.0
2.0,4.0,3.0,3.0,2.0,1.0,2.0,0.06758563637304082
0.0,0.0,0.0,0.0,0.0,0.0,0.0,1.049190090906465
2.0,4.0,0.0,3.0,2.0,1.0,2.0,2.0
0.0,0.0,1.4595674262120824,3.0,0.0,0.0,1.5989878830170425,2.0
0.0,0.0,0.0,0.0,0.0,0.0,0.0,0.8543702607126193
2.0,4.0,3.0,3.0,2.0,1.0,2.0,0.0
2.0,4.0,0.0,3.0,2.0,0.0,0.5742764697309288,1.4545052994624126
0.0,4.0,3.0,3.0,2.0,1.0,2.0,0.0
2.0,0.0,0.0,0.0,2.0,0.8640210663587388,2.0,2.0
0.0,4.0,0.0,0.0,2.0,1.0,2.0,0.03389542873530804
0.0,0.0,0.0,1.465253023822018,0.0,0.0,2.0,0.9540449973733136
2.0,0.0,0.0,0.0,0.0,1.0,0.0,0.2001062903184232
0.0,0.0,0.0,0.0,0.0,1.0,0.0,1.0709063201200908
0.0,0.0,3.0,0.0,0.0,0.0,0.0,0.9014336932440954
2.0,4.0,0.0,3.0,2.0,1.0,2.0,1.9350054099025291
0.0,0.0,0.0,0.0,0.0,1.0,0.0,1.7785097371219898
0.0,0.0,0.0,0.0,0.0,0.0,2.0,2.0
2.0,4.0,3.0,3.0,2.0,0.1181192787427463,2.0,0.060949956724176024
2.0,0.0,3.0,3.0,0.0,0.0,0.0,0.07576803981913494
2.0,0.0,0.425834682813773,3.0,2.0,0.0,2.0,1.95856477250584
2.0,4.0,3.0,3.0,2.0,1.0,2.0,2.0
0.0,0.3639918127569781,0.0,0.0,1.4392938798662471,1.0,0.0,0.02431722853441598
0.0,4.0,0.0,0.0,0.0,0.0,0.0,0.9991159254489211
2.0,4.0,3.0,3.0,2.0,1.0,2.0,1.0568669002890343
0.0,4.0,3.0,1.6126866140962897,0.0,0.28693535207847654,2.0,1.01917038750868
1.675864700748841,0.0,3.0,3.0,1.029909843550895,0.4340215247179363,2.0,0.06688103392204747
2.0,2.228197059287237,3.0,3.0,0.0,1.0,2.0,2.0
0.0,0.0,3.0,2.33747595611437,0.0,0.0,0.0,1.9697303239092245
2.0,4.0,3.0,3.0,2.0,1.0,2.0,2.0
1.8357381323903317,0.0,0.0,0.0,0.0,0.0,0.0,0.9877718598094096
0.0,0.0,0.0,0.0,0.0,0.0,0.0,2.0
2.0,4.0,3.0,3.0,2.0,0.0,2.0,0.9498115371754918
0.0,0.0,0.0,0.0,0.0,0.0,0.0,0.9950677293160546
2.0,0.0,0.9089984933494007,3.0,0.0,0.0,2.0,1.001448130048644
0.0,0.0,0.0,0.0,0.0,0.0,0.0,2.0
0.0,1.7353314642432485,1.9417128754295125,3.0,0.0,0.0,2.0,0.0
2.0,0.0,3.0,3.0,2.0,1.0,2.0,0.0
0.0,0.0,0.0,0.0,0.0,0.0,0.0,2.0
0.0,0.0,3.0,0.0,0.0,0.0,0.0,1.5036356943106641
2.0,4.0,3.0,3.0,2.0,1.0,2.0,0.006497332742032791
2.0,0.0,0.0,0.0,2.0,0.0,0.0,0.013024320768619702
0.0,0.0,3.0,0.0,2.0,1.0,0.0,2.0
2.0,4.0,3.0,0.0,2.0,1.0,2.0,0.0
0.0,0.0,0.0,3.0,2.0,1.0,2.0,0.0
2.0,0.0,3.0,3.0,2.0,1.0,2.0,0.10161851061332183
2.0,4.0,3.0,0.0,2.0,1.0,2.0,0.091797975136233
0.0,4.0,0.0,0.0,0.0,0.0,0.0,0.057914977248966215
2.0,4.0,0.0,3.0,2.0,1.0,0.0,2.0
2.0,4.0,3.0,3.0,2.0,1.0,0.0,1.1903031110550806
0.0,0.0,0.0,3.0,0.0,0.0,2.0,0.9585496417999009
0.0,4.0,3.0,0.37232283423916934,0.0,0.0,0.0,2.0
1.1725361486500412,4.0,3.0,3.0,0.0,1.0,2.0,1.9877173195822517
0.0,4.0,0.0,0.0,0.0,1.0,0.0,0.9859592267246517
0.0,0.0,0.0,0.0,0.0,0.0,0.0,2.0
2.0,4.0,3.0,3.0,0.0,1.0,2.0,0.924815957455024
2.0,0.0,3.0,3.0,2.0,1.0,2.0,2.0
2.0,4.0,3.0,3.0,0.0,1.0,2.0,0.047913504670399676
2.0,4.0,3.0,3.0,2.0,1.0,2.0,0.009819684937263595
0.0,0.0,0.0,0.0,2.0,1.0,0.0,0.0
2.0,0.0,0.0,3.0,2.0,1.0,2.0,1.9569832445767035
0.0,0.0,0.0,3.0,0.0,0.0,0.0,1.1202749027522236
2.0,4.0,3.0,3.0,2.0,1.0,2.0,1.034836706351214
2.0,4.0,3.0,3.0,2.0,1.0,2.0,2.0
2.0,4.0,3.0,3.0,0.9933255087858427,1.0,0.0,1.0781349120288233
1.242442104091824,4.0,0.0,0.0,2.0,1.0,2.0,0.010374352755011862
2.0,0.0,3.0,3.0,2.0,1.0,2.0,1.069439800260855
0.0,0.0,0.0,0.0,0.0,1.0,2.0,2.0
2.0,4.0,3.0,3.0,2.0,1.0,0.0,0.0
2.0,4.0,3.0,1.920806786035272,2.0,1.0,0.0,0.0
0.0,0.0,0.0,0.0,0.0,0.0,0.0,2.0
2.0,4.0,0.0,0.0,0.0,0.0,0.0,1.968881734517336
0.0,4.0,0.0,0.0,2.0,0.0,0.0,0.05425787572745877
2.0,0.0,0.0,0.0,0.0,0.0,0.0,0.023023742980901374
2.0,4.0,3.0,3.0,0.0,1.0,2.0,2.0
2.0,4.0,3.0,3.0,2.0,1.0,2.0,0.11541804188538862
2.0,4.0,3.0,0.0,0.1605264760250701,1.0,2.0,1.0428376710505778
1.2712654756392512,4.0,3.0,3.0,2.0,1.0,2.0,2.0
0.0,0.0,0.0,0.0,0.0,0.0,0.0,1.2668617854918327
2.0,4.0,3.0,3.0,2.0,1.0,2.0,0.0
2.0,0.0,0.0,0.0,0.0,0.0,2.0,0.9419259442793578
0.0,4.0,3.0,3.0,0.0,0.0,0.0,2.0
2.0,4.0,3.0,3.0,2.0,1.0,2.0,1.0526376087044236
2.0,0.0,2.6050118703807184,0.0,0.14730719471774067,0.0,0.0,1.802866609982861
2.0,4.0,3.0,3.0,2.0,0.0,0.0,2.0
0.0,0.0,0.0,0.0,0.0,0.0,2.0,2.0
0.0,0.0,0.0,0.0,0.0,1.0,2.0,0.05139469799921381
2.0,0.0,0.0,0.0,2.0,0.0,0.0,0.08267295020109133
2.0,0.0,3.0,3.0,2.0,1.0,2.0,1.9424974938518116
0.0,0.0,0.0,3.0,0.0,0.0,0.0,0.9789836465267026
0.0,0.0,3.0,0.0,0.0,0.0,0.0,2.0
2.0,4.0,3.0,3.0,2.0,1.0,2.0,0.0
2.0,0.0,0.0,3.0,0.0,1.0,2.0,1.524078912978006
0.0,0.0,0.0,0.0,0.0,0.0,0.0,0.035733974882443675
0.0,0.0,2.345789429286953,0.0,2.0,0.0,0.0,0.0
0.0,0.0,3.0,3.0,0.0,1.0,2.0,2.0
0.0,0.0,0.0,0.0,0.0,1.0,0.0,0.06579355035077383
0.0,0.0,0.0,0.0,0.1552154386989293,0.0,0.0,1.9752315997269334
0.0,4.0,0.0,3.0,0.0,1.0,0.0,2.0
2.0,4.0,3.0,3.0,2.0,1.0,2.0,0.947778397555795
2.0,4.0,3.0,3.0,2.0,1.0,2.0,0.9547571788606062
0.0,4.0,3.0,3.0,0.0,0.0,2.0,0.0
2.0,4.0,0.08685045070133858,3.0,2.0,0.0,2.0,1.0781424085219036
2.0,0.0,0.0,0.0,0.0,0.0,0.0,1.0829161375227372
2.0,0.0,1.9775335800576828,3.0,2.0,0.0,2.0,0.07186154931463629
2.0,1.538706437640927,0.0,0.0,0.0,0.0,0.0,0.0
0.0,0.0,0.0,0.0,0.0,1.0,2.0,1.9948309467270346
0.0,0.0,0.0,0.0,0.0,0.0,0.0,0.0
0.0,4.0,0.4377538200953525,0.8543591666913656,0.0,1.0,2.0,2.0
0.0,0.0,0.0,0.0,2.0,0.0,0.0,0.0
2.0,4.0,3.0,3.0,2.0,1.0,2.0,0.9196825584536888
2.0,4.0,3.0,0.0,2.0,0.0,0.0,1.0740732464804674
2.0,0.0,3.0,0.0,1.4095141602250196,0.0,0.0,1.9852665615484075
2.0,4.0,3.0,3.0,2.0,1.0,2.0,0.8870273222610021
2.0,0.0,3.0,0.0,2.0,1.0,0.0,1.8928864946794663
2.0,4.0,3.0,0.0,2.0,0.0,0.0,1.6882710395743725
0.0,0.0,0.0,0.0,0.0,0.0,0.0,0.0
0.0,0.0,3.0,3.0,2.0,1.0,2.0,0.9776031593372402
2.0,3.2160441006391602,3.0,3.0,2.0,1.0,2.0,0.023046262998633216
0.0,0.0,0.0,0.0,0.0,0.0,0.0,1.4093415200053578
0.0,0.0,0.0,0.0,0.0,0.0,0.0,0.11109207641366425
0.0,4.0,3.0,0.0,0.0,1.0,2.0,1.955875354015346
0.0,0.0,0.0,0.0,1.6381902655267981,0.0,0.0,1.285663699948293
0.0,4.0,3.0,3.0,2.0,1.0,2.0,1.010733855308276
0.0,0.0,3.0,0.0,2.0,0.0,0.0,1.0382725728302251
2.0,0.04289689810758679,1.2219877109637733,3.0,0.0,1.0,2.0,0.005162878889274136
2.0,4.0,3.0,3.0,2.0,1.0,2.0,1.1161229108497817
0.0,0.0,0.0,0.0,0.0,0.0,0.0,1.0606932163986456
0.0,4.0,3.0,3.0,0.0,0.0,0.0,0.027009469301711553
2.0,4.0,3.0,0.0,2.0,1.0,2.0,2.0
2.0,4.0,2.9687692495417606,3.0,2.0,0.0,2.0,0.05551679261044484
0.0,0.0,0.0,0.0,0.0,0.0,0.0,0.15844841608166094
2.0,4.0,3.0,3.0,2.0,1.0,2.0,1.7588778150893818
2.0,4.0,0.0,3.0,0.0,1.0,2.0,2.0
2.0,4.0,3.0,3.0,2.0,1.0,2.0,1.984996214966047
0.0,4.0,3.0,3.0,2.0,0.0,2.0,0.0
2.0,4.0,3.0,3.0,2.0,0.0,2.0,1.3703691949950016
0.0,0.0,0.0,1.910768260305943,2.0,0.0,0.0,0.030807848808433014
1.5998945151268318,0.0,0.0,0.0,0.0,1.0,2.0,2.0
0.0,0.0,0.0,0.0,2.0,1.0,0.0,1.9817248198987267
2.0,0.0,3.0,3.0,2.0,0.0,0.0,1.8588996412002214
2.0,4.0,3.0,3.0,0.0,0.0,0.0,0.03506571118604285
0.0,0.0,3.0,3.0,0.0,1.0,0.0,0.0
2.0,4.0,0.0,0.0,0.0,0.36345468889208354,0.0,0.922169019121566
0.0,0.0,0.0,0.0,0.0,0.0,0.0,1.1238588560405334
2.0,4.0,3.0,3.0,2.0,0.0,1.5061389935195073,1.8483853404761912
0.0,4.0,0.0,0.0,0.0,0.0,0.0,1.0857898266152883
0.18251019289703196,0.0,0.0,0.0,0.0,0.0,0.0,1.9771520692320532
0.0,0.0,0.0,0.0,0.0,0.0,0.0,1.9711210538510464
2.0,4.0,3.0,3.0,2.0,1.0,0.0,0.08218570451889717
0.0,0.0,0.0,3.0,0.0,0.0,0.0,2.0
0.0,4.0,0.0,0.0,2.0,0.0,2.0,1.9585387590702412
0.0,4.0,0.0,0.572509580455738,2.0,1.0,2.0,1.9531462166335547
2.0,4.0,0.6956525243745826,3.0,2.0,1.0,2.0,1.5834126160271085
2.0,4.0,3.0,3.0,2.0,1.0,2.0,1.0308785025814284
1.311313025661631,0.0,0.0,3.0,2.0,0.0,0.0,1.9128838325305364
2.0,4.0,0.0,3.0,2.0,1.0,0.0,0.019065648177407746
2.0,4.0,3.0,3.0,2.0,1.0,2.0,0.07904020661672473
2.0,4.0,0.0,0.0,2.0,1.0,0.0,0.9929647297776731
2.0,0.0,3.0,3.0,2.0,0.0,2.0,1.624820288325321
0.0,3.1506395386606103,1.2389057273656836,0.0,1.4675033971717122,1.0,2.0,1.0727115051844267
2.0,4.0,3.0,3.0,2.0,1.0,2.0,0.0
2.0,4.0,3.0,3.0,2.0,1.0,2.0,2.0
0.0,4.0,0.0,0.0,2.0,0.11828992138877342,1.1785796302362326,0.005746448580135399
2.0,4.0,0.8548882495880481,3.0,2.0,1.0,0.8522092269896281,2.0
0.0,3.7868304114492948,0.0,3.0,0.0,0.0,2.0,2.0
1.1842408015053103,4.0,3.0,0.0,0.0,1.0,0.0,1.141374454561629
2.0,4.0,3.0,3.0,2.0,1.0,0.0,1.061112752490929
0.0,0.0,0.0,0.0,0.0,0.0,0.0,0.1253067188346424
2.0,4.0,0.0,0.0,2.0,1.0,2.0,0.057332449875960756
2.0,0.0,0.0,0.0,2.0,0.0,2.0,2.0
1.6424326401192673,4.0,0.0,1.9466904446386464,0.0,0.0,2.0,2.0
0.0,0.0,0.0,0.0,0.0,0.0,0.0,2.0
0.7377236097314099,0.0,0.0,0.0,0.0,0.0,0.0,1.170568365621336
2.0,0.0,3.0,0.0,2.0,0.0,0.0,0.8961234316909165
0.0,4.0,3.0,0.0,0.0,1.0,2.0,0.0
2.0,4.0,3.0,3.0,2.0,1.0,2.0,0.0991189294369097
0.0,0.0,0.0,0.0,0.0,0.0,0.0,1.9365733741793845
2.0,2.25544419849403,0.0,3.0,2.0,0.0,0.0,1.4773267678816102
0.0,4.0,3.0,3.0,2.0,0.8036478469926855,2.0,0.0
2.0,4.0,3.0,3.0,2.0,1.0,0.0,2.0
0.0,0.0,0.0,0.0,0.0,0.0,0.0,2.0
0.0,4.0,3.0,0.0,0.061859155312791625,1.0,0.0,2.0
0.0,0.0,0.0,0.0,0.9417040438249918,0.0,0.0,0.10833650974895326
0.0,0.0,0.0,0.0,0.0,0.0,0.0,1.0047488512265854
2.0,0.0,3.0,3.0,0.0,0.0,2.0,0.0
2.0,4.0,0.6296892005984549,3.0,1.102169008236734,0.0,2.0,0.0
0.36015272369713724,0.0,3.0,0.0,0.0,1.0,0.0,0.10750165385229671
2.0,4.0,3.0,3.0,0.0,1.0,2.0,0.0
0.0,4.0,0.0,0.0,2.0,0.23415027941231642,0.0,1.0696137265262131
0.0,4.0,0.0,0.0,0.0,0.0,0.0,1.393010347966539
1.0655156166307882,0.0,0.535163325346731,0.0,2.0,1.0,2.0,1.9128848897487591
2.0,4.0,0.0,3.0,0.0,1.0,2.0,0.95795207072311
0.0,4.0,3.0,3.0,2.0,1.0,2.0,0.15353045141193422
2.0,0.0,0.0,0.0,2.0,1.0,0.0,1.0340254014451047
0.0,0.0,0.0,0.0,0.0,0.0,0.0,0.17506359473880118
2.0,0.0,3.0,0.0,2.0,0.0,2.0,0.0
0.0,0.0,0.0,0.0,0.0,0.0,0.0,0.04837493587250519
2.0,4.0,2.639529417115708,3.0,0.0,0.0,0.0,1.875691935937908
2.0,2.562028653691721,3.0,3.0,2.0,0.0,2.0,1.8510106642857451
2.0,4.0,3.0,3.0,2.0,1.0,2.0,1.9656681358741652
0.0,0.0,0.0,0.0,0.0,0.0,0.0,0.8285630993045616
2.0,4.0,0.0,0.0,0.0,0.0,2.0,0.12211320987211982
2.0,0.0,3.0,3.0,2.0,1.0,2.0,2.0
2.0,4.0,3.0,0.0,0.0,1.0,2.0,0.159198062750305
0.0,0.0,0.0,3.0,0.0,0.0,0.0,2.0
0.0,0.0,0.0,0.0,0.0,1.0,0.0,1.0300092261666047
0.0,0.0,0.0,0.0,0.0,0.0,0.0,1.0618371661542128
0.0,0.0,0.0,0.0,0.0,0.0,0.0,1.6055595848772901
2.0,4.0,0.0,3.0,0.0,0.0,2.0,1.9565777989735742
0.0,0.0,0.0,0.0,0.0,1.0,0.0,2.0
0.0,0.0,0.0,0.0,0.0,0.0,2.0,1.1065926613341097
0.0,4.0,3.0,3.0,2.0,0.0,2.0,2.0
0.0,0.0,0.0,0.0,0.0,0.0,0.0,1.8198211166001075
1.3515272080330787,4.0,3.0,0.0,1.1724500525573829,1.0,1.1049371387990694,1.894424444703641
2.0,4.0,3.0,3.0,0.0,1.0,0.0,0.8821672166567902
2.0,4.0,3.0,0.0,2.0,0.0,0.0,0.009294162350293789
0.0,2.5336394879443347,0.0,0.0,0.0,1.0,0.0,2.0
1.6461424209926663,4.0,3.0,3.0,0.0,1.0,2.0,1.48769093402431
2.0,4.0,3.0,3.0,0.0,1.0,0.0,0.0
2.0,4.0,3.0,3.0,0.0,0.0,0.5621946590045841,0.0
0.9842014313749874,4.0,3.0,3.0,2.0,1.0,2.0,1.0216467622167626
0.0,4.0,0.0,0.0,0.0,0.0,0.0,1.115175652642723
2.0,0.0,3.0,0.0,0.0,1.0,0.0,2.0
2.0,4.0,3.0,3.0,2.0,0.0,2.0,1.7850841706999627
2.0,0.0,3.0,3.0,2.0,1.0,2.0,1.1067606326766126
2.0,0.0,0.0,0.0,0.0,1.0,2.0,0.0
0.0,0.0,3.0,0.0,0.0,0.0,2.0,1.7962092195223058
2.0,4.0,3.0,0.0,0.9768410373664277,0.0,2.0,0.0
0.0,0.0,0.0,0.0,0.0,0.0,0.0,2.0
0.0,0.0,0.0,0.0,0.0,0.0,0.0,2.0
2.0,4.0,3.0,3.0,2.0,0.0,2.0,0.9582886502737539
0.0,0.0,0.0,0.0,0.0,1.0,0.0,1.936317399964672
0.0,0.0,0.0,0.0,0.0,0.0,2.0,0.8538541979764717
0.0,0.0,3.0,3.0,0.0,1.0,0.0,0.0
2.0,4.0,3.0,3.0,2.0,1.0,2.0,0.0
2.0,4.0,3.0,3.0,2.0,1.0,2.0,1.1042272345605462
0.0,4.0,0.0,0.0,0.0,1.0,0.0,1.130618243661213
0.0,0.0,3.0,3.0,2.0,1.0,2.0,2.0
0.0,0.0,0.0,0.0,0.9858543843561982,1.0,0.0,0.007586493335757671
0.0,0.0,0.0,0.0,0.0,0.0,0.0,0.0
2.0,0.0,0.0,2.195676230191842,0.29318044841523094,1.0,0.0,2.0
0.0,0.0,0.0,0.0,0.0,0.0,0.0,1.6337724541649112
0.0,0.0,0.0,3.0,2.0,0.0,0.0,0.03447732417389038
0.0,0.0,0.0,0.0,2.0,0.0,2.0,1.9081663249900147
0.0,0.0,0.0,2.0437205144522945,2.0,0.8047127831197403,0.0,1.9849492915533355
0.0,4.0,3.0,0.0,0.0,1.0,0.0,0.0
2.0,4.0,0.0,3.0,2.0,1.0,2.0,1.9746218822070634
0.9092726909693455,0.0,0.0,0.0,0.0,0.0,0.0,0.0
1.1841202955429058,4.0,0.0,0.0,0.0,1.0,0.0,2.0
0.0,0.0,0.0,0.0,0.0,0.0,0.0,2.0
2.0,0.0,0.0,3.0,2.0,0.0,0.0,0.0
2.0,0.0,3.0,0.0,0.0,0.0,2.0,0.9778203469755827
2.0,4.0,3.0,3.0,2.0,1.0,2.0,0.0
2.0,4.0,0.0,1.3294959543224485,0.0,0.0,0.0,0.060283816866891105
2.0,0.0,0.0,3.0,0.0,0.0,0.0,0.11142664066177932
2.0,0.0,3.0,3.0,0.0,0.0,2.0,2.0
2.0,4.0,3.0,3.0,2.0,1.0,2.0,2.0
2.0,4.0,3.0,3.0,2.0,1.0,2.0,1.9094962132553692
0.0,0.0,0.0,3.0,2.0,0.0,2.0,0.0
2.0,0.0,0.0,0.0,0.0,0.0,0.0,1.0194924917194252
2.0,4.0,3.0,3.0,0.0,1.0,0.0,0.09295100705651604
0.0,0.0,3.0,3.0,0.0,0.623953075362826,2.0,0.9610356578435283
0.0,0.0,0.0,0.0,0.0,0.0,2.0,1.0089002747052962
0.0,4.0,3.0,0.6081561392461543,2.0,1.0,0.6812381302013816,1.933298859739009
2.0,4.0,0.0,3.0,0.0,0.0,0.0,2.0
0.0,4.0,0.6063778156592161,0.0,0.0,0.0,0.0,1.6206773447559177
2.0,4.0,2.6864980224489776,0.0,0.0,1.0,0.0,0.08193775174881313
0.0,1.7389185238316385,3.0,0.0,0.0,0.0,2.0,0.10402239919726519
0.0,0.0,0.0,0.0,0.0,0.0,0.0,0.0
2.0,4.0,3.0,3.0,2.0,1.0,2.0,1.0397065111013946
2.0,4.0,3.0,3.0,2.0,1.0,2.0,1.1200362430112438
2.0,0.0,0.0,3.0,0.11469252451441636,1.0,2.0,2.0
0.0,0.0,3.0,0.0,0.0,0.0,0.0,1.0132060246855428
0.0,4.0,3.0,3.0,2.0,1.0,2.0,0.0
0.0,0.0,0.0,3.0,2.0,1.0,2.0,1.9215162393302645
2.0,4.0,3.0,3.0,2.0,1.0,2.0,0.019601070742388815
2.0,0.0,0.0,3.0,0.0,1.0,2.0,1.09779084670689
0.0,0.0,0.0,0.0,2.0,0.0,0.0,0.0
1.7077909318703561,4.0,3.0,3.0,0.0,0.913119251416522,2.0,1.9908697853165964
2.0,4.0,3.0,3.0,2.0,1.0,2.0,0.03739328761590821
1.8029844651903986,1.4204132752706178,3.0,0.0,2.0,0.0,2.0,1.103706457342453
1.0315490512638115,2.185417828304255,3.0,0.0,0.0,0.0,0.0,1.0635921368381493
0.741911296093092,0.0,0.0,0.0,0.0,0.0,0.0,0.02287174102679934
1.2510140882870762,0.0,3.0,0.0,0.0,0.0,0.0,1.9410034242375143
2.0,4.0,3.0,3.0,0.5656519189333713,0.0,2.0,0.0679311973190917
2.0,4.0,3.0,3.0,2.0,1.0,1.2159473569707226,2.0
0.0,0.0,0.0,0.0,0.0,1.0,0.0,1.9988882144035451
2.0,4.0,2.173907090850104,0.0,0.0,0.9351369467644655,2.0,2.0
2.0,0.0,3.0,1.2964379836524949,0.0,0.0,2.0,0.0
0.0,4.0,3.0,3.0,2.0,0.0,2.0,0.0
2.0,0.0,3.0,0.0,0.0,0.0,2.0,0.04907474757311259
0.0,4.0,0.0,3.0,2.0,0.0,2.0,0.9773105843420625
0.0,0.0,0.0,0.0,0.0,0.0,0.0,0.06185853743305403
2.0,0.0,0.0,0.0,0.29057402054790293,0.0,2.0,0.9911812784659756
2.0,0.0,0.0,0.0,0.0,0.0,0.0,2.0
2.0,4.0,3.0,3.0,0.0,0.0,0.0,0.006525774485407476
1.56170160987682,0.0,0.0,0.0,0.0,0.0,0.0,0.0
2.0,0.0,3.0,0.0,0.0,0.0,2.0,1.058077844684049
0.0,0.0,0.0,0.0,0.0,1.0,0.0,1.0096304631456823
0.0,0.0,0.0,0.0,0.0,0.0,0.0,1.001183840366528
0.7109848582478648,4.0,3.0,3.0,0.4786285857978322,1.0,0.0,1.025684778620709
0.0,4.0,3.0,0.5956040779628222,2.0,0.0,0.0,1.00105623404605
0.0,4.0,0.0,0.0,2.0,0.0,2.0,2.0
0.0,4.0,3.0,3.0,2.0,1.0,2.0,1.0901211470736178
2.0,4.0,3.0,0.0,2.0,1.0,0.0,1.018949099265358
0.0,0.0,0.0,0.0,0.0,1.0,0.0,1.4994211320084574
2.0,4.0,3.0,3.0,2.0,1.0,0.0,1.9659609783943184
2.0,4.0,3.0,3.0,2.0,0.0,0.0,1.945658244495979
0.0,4.0,3.0,0.0,0.0,0.0,2.0,1.983164262973426
0.0,0.0,0.0,3.0,2.0,0.0,0.0,1.8923188989098692
0.0,4.0,3.0,3.0,0.0,1.0,2.0,2.0
2.0,4.0,0.0,3.0,2.0,1.0,2.0,0.0700808028469887
0.0,0.0,0.0,0.0,0.0,0.0,0.0,1.9774589043742012
0.0,0.0,0.0,0.0,0.0,0.0,0.0,0.05311048701123644
2.0,4.0,3.0,3.0,2.0,1.0,2.0,0.9701880547281092
0.0,0.0,0.0,0.0,0.0,0.0,0.0,0.9558424604180955
0.0,4.0,3.0,3.0,2.0,0.0,2.0,0.073908404988829
2.0,4.0,3.0,3.0,2.0,1.0,2.0,1.0696336922888512
2.0,0.0,0.0,0.0,0.0,0.0,2.0,0.8720266717305845
0.0,0.0,0.0,0.0,0.0,0.0,0.0,0.037120796530003664
2.0,4.0,3.0,3.0,2.0,1.0,0.0,0.12721530218729782
2.0,4.0,3.0,3.0,2.0,1.0,2.0,1.0287269672979378
0.0,4.0,3.0,3.0,0.0,1.0,2.0,1.075988891431913
0.0,0.0,0.0,0.0,0.0,0.0,0.0,2.0
0.0,0.0,0.0,0.0,0.0,0.0,2.0,1.0187559921104152
0.0,2.5567958425709025,0.0,0.0,0.0,1.0,2.0,1.9272098754045577
2.0,4.0,3.0,0.0,0.0,0.0,2.0,0.06716838736364705
2.0,4.0,3.0,2.9547795091636755,2.0,1.0,2.0,1.8151317223752734
2.0,4.0,0.0,3.0,0.0,1.0,1.0029204417789979,2.0
0.0,0.0,0.0,0.0,0.0,0.0,0.0,1.8131003238752967
2.0,4.0,3.0,3.0,2.0,1.0,2.0,1.0644858104753183
2.0,0.0,0.0,3.0,0.0,0.0,0.0,0.06178193278943078
2.0,4.0,3.0,3.0,2.0,1.0,2.0,2.0
2.0,1.16903081570059,3.0,0.0,2.0,1.0,0.0,0.02226885440950499
2.0,4.0,0.0,3.0,2.0,1.0,2.0,1.931169837062314
0.0,0.0,3.0,3.0,0.0,1.0,0.0,0.0
0.0,4.0,0.0,3.0,2.0,1.0,0.0,1.905308118468963
2.0,4.0,3.0,3.0,2.0,1.0,2.0,1.1099636801309392
0.0,0.0,0.0,0.0,0.0,0.0,0.0,0.0
2.0,0.0,0.0,3.0,2.0,1.0,2.0,2.0
2.0,0.0,1.7096292837780391,0.0,2.0,1.0,2.0,1.0987768957980752
0.0,0.0,0.0,0.0,0.0,0.0,0.0,0.07248961447338231
2.0,4.0,3.0,0.0,2.0,0.0,2.0,1.950894479646143
2.0,4.0,3.0,3.0,2.0,1.0,2.0,1.0132587336300287
0.0,0.0,0.0,0.0,0.0,0.0,2.0,1.2317193207721462
2.0,4.0,0.0,3.0,1.1517464924423637,0.0,0.0,1.5228281116298148
2.0,4.0,3.0,0.0,2.0,1.0,0.0,1.765830935168713
0.0,0.0,0.0,0.0,0.0,0.0,0.0,0.21570059327632107
2.0,4.0,0.5523727653532275,3.0,2.0,1.0,2.0,2.0
2.0,0.0,0.0,0.0,0.0,1.0,2.0,0.024354359835574435
2.0,4.0,3.0,3.0,0.0,1.0,2.0,0.9895132272769364
0.0,0.0,0.0,0.0,2.0,0.0,0.0,0.13908806411209884
0.0,4.0,0.0,3.0,0.0,0.0,2.0,2.0
2.0,4.0,3.0,0.0,2.0,1.0,0.0,0.08998100166631662
0.0,0.6761288757235486,0.0,3.0,0.0,0.8386790332218865,0.0,0.0
0.0,0.0,0.0,0.0,0.0,0.0,0.0,2.0
0.0,0.0,0.0,0.0,0.0,0.0,2.0,1.050530337688385
2.0,0.0,3.0,0.0,2.0,1.0,0.0,1.0182508516965294
0.0,0.0,0.0,0.0,2.0,1.0,2.0,1.9703039729101124
2.0,0.0,0.0,0.0,0.0,0.0,0.0,1.3399531065081967
2.0,4.0,3.0,3.0,2.0,1.0,2.0,1.082213995334302
0.0,0.0,0.0,0.0,0.0,0.0,0.0,0.0
2.0,0.0,1.4615013271613455,2.1700602756926646,2.0,0.0,2.0,0.9709850682608345
2.0,0.0,3.0,3.0,2.0,1.0,2.0,2.0
2.0,4.0,3.0,3.0,2.0,1.0,2.0,1.8113635796649068
0.0,0.0,0.0,0.0,0.0,0.0,0.0,0.18459074745427562
2.0,0.0,3.0,0.0,2.0,0.0,1.0395725191052771,1.2700970000637715
0.0,0.0,0.0,3.0,0.0,1.0,0.0,0.04764000970441529
2.0,0.0,3.0,3.0,2.0,0.0,0.0,2.0
0.0,0.0,0.0,0.0,0.0,0.0,0.0,1.0404268869475588
2.0,0.0,0.0,0.0,0.0,0.0,2.0,0.0
2.0,4.0,3.0,3.0,2.0,1.0,2.0,1.9348810680140152
0.0,0.0,3.0,0.0,2.0,1.0,2.0,0.007963176940591232
0.0,0.0,0.0,0.0,2.0,0.6294949594246341,0.0,0.04472519615463033
0.0,4.0,3.0,0.0,0.0,1.0,0.0,2.0
0.0,0.0,0.0,0.0,0.0,0.0,0.0,2.0
1.2403045118952807,4.0,3.0,3.0,2.0,1.0,2.0,2.0
2.0,4.0,3.0,3.0,2.0,0.0,1.901594898396258,0.0
0.0,0.0,0.0,0.0,0.0,0.0,0.0,1.0838964170517442
0.0,0.0,0.0,0.0,0.0,0.0,0.0,0.0
2.0,0.0,0.0,0.0,0.0,0.0,0.0,1.0855649931027962
0.0,0.0,0.0,0.0,0.0,0.0,2.0,1.9417491806729856
2.0,4.0,3.0,0.0,2.0,1.0,0.0,2.0
2.0,0.0,2.198775763114255,0.0,2.0,1.0,2.0,1.3443595316353163
0.0,0.0,0.3938098750563898,3.0,0.0,0.0,0.0,1.9520587355341215
0.0,0.0,0.7001249398810523,0.0,0.0,1.0,0.0,0.0
0.0,0.0,0.0,3.0,0.0,1.0,2.0,1.053275781343079
0.0,0.0,0.0,0.0,0.0,0.0,0.0,1.9555660267461377
2.0,4.0,3.0,3.0,0.6118357930161198,1.0,2.0,1.9228095730493189
2.0,0.0,3.0,0.0,1.7406898499039878,0.0,0.0,0.007835316346421872
1.342088038175167,4.0,0.0,0.4829829968678863,0.0,0.0,1.8764819432128965,1.971233628089489
2.0,4.0,3.0,3.0,2.0,1.0,2.0,1.0358006075598394
0.0,0.0,0.0,0.0,0.0,0.0,0.0,1.0652626959583564
1.712476113471581,4.0,3.0,0.0,0.0,1.0,0.0,0.0
2.0,4.0,3.0,3.0,2.0,1.0,2.0,1.4161922097387412
2.0,4.0,3.0,0.0,2.0,1.0,2.0,0.10444721584802552
2.0,4.0,0.0,3.0,2.0,1.0,2.0,1.0340030693451845
2.0,4.0,3.0,3.0,0.0,1.0,2.0,0.042611088060172775
2.0,4.0,2.143985606657134,0.0,0.0,1.0,2.0,1.1496601295270497
2.0,4.0,3.0,3.0,2.0,1.0,2.0,2.0
2.0,4.0,3.0,3.0,2.0,1.0,2.0,1.067153419534761
2.0,4.0,3.0,0.0,2.0,1.0,0.0,0.9770862195406651
2.0,4.0,3.0,3.0,2.0,1.0,2.0,0.9350470269501594
2.0,4.0,0.0,3.0,0.0,1.0,0.0,1.033922221824496
0.0,4.0,3.0,3.0,2.0,0.0,2.0,1.9404208985701317
0.0,0.0,0.16650041675507674,0.0,0.0,0.0,0.0,0.08046734209219653
2.0,0.0,3.0,0.0,2.0,0.0,0.46231785791645874,1.9113331224112708
2.0,4.0,3.0,3.0,2.0,1.0,2.0,1.8704768766037523
2.0,4.0,3.0,3.0,2.0,1.0,2.0,1.8396474890835792
0.0,4.0,0.0,0.0,0.0,0.0,2.0,1.1069243277963277
0.0,0.0,0.0,1.8287378927771623,0.0,0.0,2.0,1.9572627362756236
0.0,1.8036227448572102,0.0,0.0,0.0,0.0,0.0,0.9637315762403985
0.0,0.0,0.0,3.0,0.0,0.0,0.0,1.0832363967782124
0.0,0.0,0.0,0.0,0.0,0.0,0.0,1.1090886609380308
2.0,4.0,3.0,3.0,2.0,1.0,2.0,1.8232429431713995
2.0,0.0,0.0,0.0,2.0,1.0,2.0,2.0
0.0,0.0,0.0,0.0,0.0,0.0,0.0,1.9210223993054418
2.0,4.0,3.0,0.0,2.0,1.0,2.0,0.9486440788947028
2.0,0.0,0.0,0.0,0.0,0.0,0.0,0.0
0.0,4.0,0.0,3.0,2.0,0.0,2.0,2.0
0.0,0.0,0.0,0.0,0.0,0.0,0.0,1.1593320468230859
0.0,4.0,3.0,0.0,0.0,0.0,2.0,0.9544338143186637
1.0916604466458988,0.0,3.0,3.0,0.0,1.0,2.0,2.0
2.0,0.0,1.2197178264007047,3.0,0.0,1.0,2.0,2.0
2.0,4.0,0.0,3.0,0.0,0.0,2.0,0.0
2.0,0.0,0.0,0.0,0.0,0.0,2.0,1.1862644020981574
0.0,4.0,0.0,0.0,1.260116783958007,0.0,0.0,0.05098319373798499
0.0,0.0,0.0,0.0,2.0,0.0,0.0,1.746897488196928
0.0,4.0,0.0,3.0,2.0,0.0,2.0,2.0
0.0,4.0,3.0,3.0,0.0,1.0,0.9717721239426689,0.967388687644336
2.0,4.0,3.0,3.0,2.0,1.0,2.0,1.926059278687715
0.0,4.0,0.0,3.0,0.0,1.0,2.0,0.12530118828621917
2.0,0.0,0.0,0.0,0.0,0.0,0.0,1.9532428648435687
2.0,4.0,3.0,3.0,2.0,1.0,2.0,1.9317919449126264
2.0,4.0,0.0,0.0,0.0,1.0,0.0,0.8554894403942533
2.0,0.0,0.0,0.0,2.0,1.0,0.0,1.072021509441954
0.0,0.0,0.0,0.0,0.0,0.0,0.0,0.8699750092535186
2.0,4.0,3.0,3.0,1.960215407844268,1.0,2.0,2.0
2.0,0.0,3.0,2.277601749424372,2.0,0.15301069502768722,0.0,1.0212877392438529
2.0,4.0,0.0,0.0,2.0,0.0,2.0,0.9978729189256843
2.0,0.0,3.0,0.0,0.0,0.0,0.0,0.11666091206796647
0.5574613651218644,4.0,3.0,0.11565018130337539,2.0,1.0,0.0,0.010068145698792885
0.0,4.0,3.0,3.0,0.0,1.0,2.0,2.0
0.0,0.0,0.0,0.0,2.0,0.0,2.0,1.996077539749637
0.0,4.0,0.0,0.0,0.0,0.0,0.0,0.10414568297503501
2.0,4.0,3.0,3.0,2.0,1.0,2.0,2.0
1.5745308060819798,4.0,0.0,3.0,2.0,0.0,2.0,1.9114606338264921
2.0,4.0,3.0,3.0,2.0,0.0,2.0,0.9282539036698813
0.0,0.0,0.0,3.0,0.0,0.0,0.0,0.002118490578088106
0.0,0.0,0.0,0.0,0.0,0.0,0.0,1.9843952711282926
2.0,4.0,0.0,3.0,2.0,1.0,2.0,2.0
2.0,4.0,3.0,3.0,2.0,1.0,2.0,0.057184120175688524
0.0,0.0,0.0,0.0,0.0,0.0,0.0,1.9192672781073576
0.0,4.0,3.0,3.0,0.0,1.0,2.0,1.9354169562951622
0.0,0.0,0.0,0.0,0.0,0.0,0.0,0.9987570649711812
0.0,0.0,0.0,0.0,0.0,0.0,0.0,1.9280372337422733
2.0,4.0,0.0,0.0,2.0,0.0,2.0,2.0
2.0,4.0,3.0,3.0,2.0,1.0,2.0,1.054127679274882
0.0,4.0,3.0,0.0,0.0,1.0,2.0,1.0222868788979522
2.0,0.0,0.0,3.0,0.0,0.0,0.0,0.0
2.0,4.0,1.027037148204068,3.0,2.0,0.0,2.0,1.8673568436043806
2.0,4.0,3.0,3.0,0.0,1.0,2.0,0.0
2.0,4.0,3.0,3.0,2.0,1.0,2.0,1.9877384460749592
2.0,0.0,0.0,3.0,0.0,0.0,0.0,1.7831210293167545
0.0,0.41761351369137767,0.0,0.0,0.0,1.0,0.0,0.9528125434276871
0.0,0.0,3.0,3.0,2.0,0.0,0.0,1.9707447342546263
1.2463477247457104,0.0,3.0,3.0,0.013828411728249113,1.0,2.0,0.9522777261740849
0.0,0.0,0.0,0.0,0.0,0.0,0.0,0.1622355638044235
0.0,0.0,0.0,0.0,0.0,0.8969931711857573,0.0,1.2247704901595067
0.0,0.0,0.0,0.0,0.6383255923728308,0.0,2.0,0.11682148602791376
0.0,0.0,0.0,3.0,0.0,0.0,0.0,1.2431551170378432
2.0,4.0,3.0,3.0,2.0,1.0,2.0,0.0
2.0,4.0,0.0,3.0,2.0,1.0,0.0,0.05878621090472369
0.0,2.0157224733839842,0.0,0.0,0.0,0.0,0.0,1.5564009937208674
0.0,4.0,1.7249129716943326,3.0,2.0,0.0,0.0,0.04092066404471695
0.0,0.0,3.0,0.0,0.0,0.0,0.0,0.05954889454961354
2.0,4.0,3.0,0.0,0.0,1.0,2.0,1.0891716195732026
2.0,4.0,3.0,3.0,2.0,0.1879323724504195,2.0,1.013619267595981
0.0,0.0,0.0,0.0,0.0,0.0,0.0,1.1513412679528
2.0,0.0,3.0,0.0,2.0,1.0,2.0,1.0718711477924892
2.0,4.0,3.0,3.0,2.0,1.0,2.0,1.1171332153436504
2.0,0.0,3.0,3.0,0.0,1.0,0.0,2.0
0.0,0.0,0.0,0.0,0.0,1.0,0.0,1.004786047738923
0.0,0.0,0.0,0.0,0.0,0.0,0.0,2.0
0.0,4.0,0.0,0.0,2.0,1.0,2.0,2.0
0.0,0.0,3.0,0.0,0.0,0.0,0.0,2.0
2.0,4.0,2.8949847815348146,0.0,2.0,1.0,0.05740012410267337,1.0655515689895965
0.0,0.0,0.0,0.0,2.0,0.0,0.0,1.028307281943292
2.0,3.6540986576419594,3.0,3.0,2.0,1.0,2.0,0.9386946382178858
2.0,4.0,3.0,3.0,2.0,1.0,2.0,0.8650554193144464
0.0,0.0,0.0,0.0,2.0,1.0,0.0,1.9954140074379552
1.6596668904384566,0.0,2.878325952115114,3.0,0.0,0.0,2.0,2.0
2.0,0.0,3.0,0.0,0.0,1.0,2.0,1.8699972467819181
2.0,1.105760994584108,0.0,3.0,2.0,1.0,2.0,1.9063086319265063
0.0,0.0,0.0,2.1296420168501173,0.0,0.0,0.0,1.9912641631112482
2.0,4.0,3.0,0.0,2.0,1.0,2.0,1.716101464805799
0.0,2.991518540847372,3.0,0.0,0.0,0.0,2.0,1.8334957214837522
0.0,0.0,0.0,0.0,0.0,0.0,0.0,0.02876027371481693
2.0,4.0,3.0,3.0,0.0,0.0,2.0,1.1424280979336001
2.0,0.0,1.7557104561958232,0.0,0.0,0.0,0.0,2.0
0.0,0.0,3.0,0.0,0.0,0.0,0.0,0.8583584579788052
0.0,0.0,3.0,0.0,1.8623055320253608,0.0,0.0,1.7710751981794979
2.0,4.0,3.0,3.0,2.0,1.0,2.0,0.09614637791506653
2.0,0.0,0.0,3.0,0.0,1.0,2.0,1.9304486868629982
2.0,4.0,3.0,3.0,2.0,1.0,2.0,2.0
0.0,0.0,0.0,0.0,0.0,0.0,0.0,0.9911974587859157
2.0,4.0,3.0,0.0,2.0,1.0,2.0,1.8185497202440186
1.3850719687455957,0.0,0.0,3.0,0.0,0.0,2.0,2.0
0.0,4.0,0.0,0.0,0.0,0.5846030824237204,0.0,1.1513207125411213
0.4162939705950477,0.0,0.0,0.0,0.2661588154672365,1.0,0.0,0.06303089484028912
0.0,0.0,0.0,3.0,0.0,0.0,0.0,1.914510010196509
0.0,0.0,0.0,3.0,0.0,1.0,2.0,1.0624597457186231
2.0,0.0,2.6848369357698814,3.0,2.0,0.0,2.0,1.9988337369078617
2.0,4.0,0.0,0.0,0.0,1.0,0.0,1.1442329007366954
1.4982833076043538,4.0,0.0,3.0,2.0,1.0,2.0,0.19519162209193863
0.0,0.0,0.0,3.0,0.0,1.0,0.0,1.0083940904033315
0.0,0.0,0.0,3.0,0.0,0.0,0.0,1.09307566742546
0.0,3.907867297221465,3.0,0.0,2.0,0.2085708900092041,2.0,2.0
1.2714035537396977,0.0,1.785980350060251,0.0,2.0,0.0,2.0,0.026353666980424517
0.0,0.19888022248128667,3.0,0.0,0.0,0.0,0.0,0.0
1.746694995194402,0.0,0.0,0.0,0.0,1.0,1.4678254951638587,0.0038262798344487203
2.0,4.0,3.0,3.0,2.0,1.0,2.0,0.0
2.0,0.5256845861173454,3.0,3.0,2.0,1.0,2.0,0.0
0.0,4.0,0.0,2.055374841941144,2.0,1.0,0.0,2.0
0.0,4.0,3.0,0.0,0.0,0.0,0.0,1.0718391686193702
0.0,0.0,0.0,0.0,0.0,0.0,0.0,0.0
0.0,4.0,3.0,3.0,2.0,1.0,0.0,1.1046482662909938
0.0,0.0,0.0,0.0,0.0,0.0,2.0,2.0
2.0,4.0,3.0,0.8949221359937846,2.0,0.0,0.0,2.0
0.0,0.0,0.0,0.0,0.0,0.0,0.0,1.2636344683751712
0.0,4.0,0.0,0.0,0.0,1.0,0.0,1.8908626521747207
2.0,4.0,0.0,0.0,0.0,0.0,1.8765824453432347,0.8986011256125876
0.0,0.0,0.0,0.0,0.0,0.0,0.0,0.040363285692729955
2.0,4.0,3.0,3.0,2.0,0.0,2.0,2.0
0.0,0.0,0.0,0.0,2.0,1.0,0.0,0.8993229094510219
0.0,0.0,0.0,3.0,2.0,1.0,2.0,0.07348500114328615
0.0,0.0,0.0,3.0,0.0,0.0,0.0,0.9033218282663016
2.0,4.0,3.0,3.0,2.0,1.0,2.0,0.0
0.0,0.0,0.0,2.0646085272647507,0.0,0.0,0.0,1.114460625986727
2.0,0.0,0.0,0.0,0.0,0.19659211595341614,0.0,1.011195794011901
0.0,4.0,0.0,3.0,0.42720632274532233,1.0,2.0,1.995789954421109
0.0,3.0470026987668746,3.0,3.0,2.0,1.0,0.0,0.003407420571892361
0.0,0.0,0.0,0.0,0.0,0.0,2.0,0.06444026687412685
0.0,4.0,0.0,3.0,2.0,0.7429391970575587,0.0,2.0
2.0,0.0,3.0,3.0,2.0,1.0,2.0,1.963775711165673
2.0,0.9879809466720255,0.5631625522779168,0.0,2.0,0.5677271859985578,0.0,1.9260862107858534
0.0,0.0,0.0,0.0,0.0,0.0,0.0,1.042052211135681
2.0,0.0,3.0,0.0,0.0,1.0,0.0,1.1789388317261629
2.0,0.0,3.0,0.0,1.4771399667541538,1.0,2.0,1.918472218667299
2.0,4.0,3.0,3.0,2.0,1.0,2.0,1.0788682691007438
0.0,4.0,0.0,1.3804325404396054,0.0,0.0,0.0,1.152509825182489
0.0,2.1252173913169905,3.0,0.0,0.0,1.0,2.0,1.0384258530386736
0.0,0.0,0.0,3.0,0.25475840294561525,0.0,2.0,0.0
2.0,4.0,0.0,0.9063633655891483,2.0,1.0,2.0,1.0010619861856331
2.0,4.0,0.0,0.0,0.0,0.0,0.0,0.01860075795317262
2.0,4.0,0.0,3.0,2.0,1.0,2.0,0.04325815896683516
0.0,0.0,3.0,3.0,2.0,1.0,2.0,0.0
2.0,4.0,3.0,3.0,2.0,1.0,2.0,0.9780766786980237
0.0,0.0,0.0,0.0,2.0,0.0,0.0,1.982205200092955
0.0,0.0,0.0,0.0,0.0,0.0,0.0,2.0
0.0,0.0,0.0,0.0,0.0,0.0,0.0,0.026792948669888683
0.0,0.08369346578576864,0.0,3.0,1.324350304129595,1.0,0.7776203603022279,0.15551731145757097
2.0,0.0,0.0,0.0,2.0,0.0,0.0,0.05974747673259284
2.0,4.0,3.0,3.0,2.0,1.0,2.0,0.0
2.0,4.0,3.0,3.0,2.0,1.0,2.0,1.0354343346183288
0.0,0.0,0.0,0.0,0.0,0.0,0.0,0.945773956036642
2.0,4.0,3.0,3.0,2.0,1.0,0.15630475631171026,1.0716663349327036
2.0,0.0,0.0,0.0,2.0,0.0,0.0,2.0
0.0,4.0,3.0,3.0,0.0,1.0,2.0,0.0
0.0,4.0,0.0,3.0,0.0,1.0,0.0,0.0
0.0,4.0,3.0,3.0,0.0,1.0,2.0,0.005555989702433206
2.0,4.0,3.0,0.0,0.0,0.0,0.9591482403417606,2.0
2.0,4.0,3.0,0.0,0.0,0.0,0.0,1.601692649783497
0.0,4.0,3.0,3.0,2.0,1.0,2.0,1.0461043606769225
0.8652731697557043,4.0,0.0,0.0,2.0,1.0,0.0,1.8435866935466754
0.0,0.0,0.0,0.0,0.0,0.0,2.0,0.1634689251503183
0.0,4.0,3.0,0.0,1.747177790746846,0.0,0.0,1.9028732468829905
0.0,0.0,0.0,0.0,2.0,0.0,0.0,1.0072468367115262
0.0,0.0,0.0,3.0,0.4686793535494016,0.0,0.0,1.93332056371593
0.0,4.0,0.0,3.0,2.0,0.5115039067126999,2.0,2.0
2.0,4.0,0.0,0.0,2.0,0.0,2.0,2.0
2.0,0.0,3.0,3.0,2.0,1.0,1.5605701382639015,1.061115824905943
0.0,4.0,1.3432040803559366,0.0,0.0,0.0,2.0,0.0007653894065373645
2.0,4.0,3.0,3.0,2.0,0.0,2.0,0.0024135051115604655
0.0,0.0,3.0,0.0,2.0,0.0,0.0,0.0
0.0,1.7024025739701147,3.0,0.0,2.0,1.0,0.0,0.9937263225931777
2.0,0.0,0.0,3.0,0.0,0.0,0.0,0.01934075490942877
0.0,0.0,0.0,0.0,0.0,0.0,0.0,0.0
0.0,0.0,0.0,0.0,0.0,0.0,0.0,0.044130750572160315
2.0,4.0,3.0,3.0,0.0,0.0,0.0,0.14260775819216676
2.0,4.0,3.0,0.0,2.0,1.0,2.0,0.9950115890768237
0.0,0.0,0.0,0.0,0.0,0.0,2.0,2.0
0.0,0.0,0.0,0.0,0.0,0.0,0.0,1.3197493992259612
2.0,0.0,3.0,0.0,2.0,1.0,0.0,1.0433541442712786
2.0,4.0,3.0,3.0,2.0,1.0,2.0,0.9308319992018919
0.0,2.981702103438821,3.0,3.0,0.6387346376809552,0.06790740258335076,2.0,0.0
1.2996891759249007,4.0,3.0,2.83758505682508,2.0,1.0,2.0,1.9499759906392704
0.0,4.0,0.0,0.0,1.4105035482065453,0.0,0.0,0.0032257441822889366
2.0,0.0,0.0,0.0,2.0,0.0,0.0,0.19979399326207858
1.4832956947928324,0.0,3.0,1.5978185426198883,1.972344543860979,1.0,2.0,1.938270082958022
2.0,4.0,3.0,3.0,0.0,1.0,2.0,2.0
2.0,4.0,3.0,3.0,0.0,0.0,2.0,1.0334070709843504
0.0,0.0,0.0,0.0,0.0,0.0,0.0,0.017759959705237915
0.0,4.0,3.0,3.0,2.0,1.0,2.0,0.9979061515302037
0.0,0.0,0.0,0.0,0.0,0.0,0.0,1.1878285035134641
2.0,4.0,2.916034859417413,3.0,2.0,1.0,2.0,1.1227689186399403
2.0,4.0,0.0,3.0,0.0,1.0,1.6932474666400466,0.06669085192281765
2.0,4.0,3.0,3.0,0.0,0.0,0.0,1.9491135252746878
2.0,4.0,3.0,3.0,2.0,1.0,2.0,1.0368048701089398
2.0,3.411685483203634,3.0,0.0,0.0,0.0,0.0,1.9342779820849652
0.0,0.0,0.0,0.0,0.0,0.0,0.0,1.026314075399339
2.0,4.0,0.0,0.0,2.0,0.0,2.0,0.0
2.0,0.0,2.9372131367483405,3.0,2.0,0.0,2.0,1.8889394091747542
2.0,0.0,3.0,0.0,0.0,0.0,0.0,1.9058669613699017
1.5202559708722148,4.0,3.0,3.0,2.0,0.0,2.0,1.9893856882859582
2.0,4.0,3.0,3.0,2.0,1.0,2.0,0.0
2.0,4.0,3.0,3.0,2.0,0.0,2.0,2.0
2.0,4.0,3.0,3.0,2.0,1.0,2.0,2.0
0.0,1.424320916114283,0.0,0.0,0.0,0.0,0.0,1.2073142322212231
2.0,4.0,3.0,3.0,2.0,1.0,2.0,0.0
2.0,0.0,0.0,3.0,2.0,0.0,2.0,0.9807642248277517
0.0,0.0,3.0,0.0,0.8986875300838878,0.0,2.0,1.1370374300234662
0.0,4.0,0.0,3.0,2.0,0.0,0.0,1.1719379544445365
1.4714036736447476,4.0,3.0,0.0,0.0,0.7419184862833996,0.0,0.9522866556259542
2.0,4.0,3.0,3.0,2.0,1.0,0.0,1.847872646775067
2.0,4.0,0.0,0.0,0.0,0.0,0.0,1.9921893665059027
0.0,0.0,0.8575486980445254,0.0,2.0,0.0,0.0,0.18499039525685212
0.5967966666189892,0.0,1.4612854015488295,3.0,0.0,0.0,0.0,1.8281358184082743
0.0,4.0,0.0,3.0,0.0,0.0,0.0,2.0
0.0,0.0,0.0,0.0,0.0,1.0,1.6793653670206679,0.8662481921917822
2.0,0.0,3.0,0.0,0.0,0.0,2.0,1.074501687772163
2.0,4.0,3.0,0.0,2.0,1.0,0.0,0.04531498289331792
2.0,4.0,3.0,3.0,2.0,1.0,2.0,2.0
0.9607032185503704,1.854436044192213,0.0,0.0,0.622720495036435,0.0,0.0,0.0
0.0,4.0,3.0,3.0,1.176577456194041,1.0,2.0,2.0
2.0,4.0,1.0980750465357327,3.0,2.0,1.0,2.0,2.0
0.0,4.0,3.0,0.0,0.0,0.0,2.0,2.0
2.0,0.0,0.0,0.0,0.0,0.0,0.0,1.097810736380005
0.0,4.0,3.0,1.3888128324755438,0.0,0.0,0.0,0.0
0.0,0.0,0.0,0.0,0.0,0.0,0.0,0.06313376212673283
2.0,4.0,3.0,3.0,1.9493880201267721,1.0,0.0,1.0360943811617032
0.0,0.0,0.0,0.0,0.0,0.0,0.0,2.0
2.0,4.0,3.0,3.0,2.0,1.0,2.0,1.0491670913500768
2.0,4.0,0.0,0.0,2.0,0.0,2.0,0.9355961735434684
2.0,4.0,3.0,3.0,2.0,1.0,2.0,1.8391874539877215
0.0,0.0,0.0,3.0,0.0,0.0,0.0,0.11207426866208958
0.0,0.0,0.0,0.0,0.0,0.0,0.0,1.1603185081456808
2.0,4.0,3.0,3.0,2.0,1.0,2.0,2.0
2.0,0.0,0.0,0.0,0.0,0.0,0.0,1.081575276392948
2.0,0.0,3.0,3.0,0.0,0.0,2.0,1.595924818606096
0.0,0.0,3.0,0.0,0.0,0.0,0.0,0.16793364094479413
0.0,0.0,3.0,0.0,2.0,0.0,1.382029919763764,1.0318937335815699
0.0,4.0,0.0,0.0,2.0,0.0,0.5288094900408307,0.8669172702283217
0.0,4.0,0.0,0.0,0.0,1.0,0.0,2.0
2.0,4.0,3.0,3.0,2.0,1.0,2.0,1.0591345872434745
0.0,0.0,0.0,0.0,0.0,1.0,0.0,0.024542454298804417
0.0,0.0,0.0,3.0,1.1747493767891086,1.0,0.0,1.8997325797369515
2.0,4.0,0.0,0.0,0.23163425692787443,1.0,0.0,0.13717677253870086
0.0,0.9093293410496979,0.0,0.0,2.0,1.0,2.0,2.0
2.0,4.0,3.0,3.0,0.0,1.0,2.0,0.047732807934911636
0.3447908597987356,4.0,0.0,3.0,0.0,0.0,0.0,1.0185528412734626
0.0,4.0,0.0,3.0,0.0,1.0,2.0,2.0
0.0,4.0,3.0,0.0,2.0,0.0,2.0,0.0691342542202874
2.0,0.0,0.0,0.0,0.0,0.0,0.0,0.0
0.0,4.0,0.8472576871410934,0.0,0.0,0.0,0.0,1.085857962036371
0.0,4.0,3.0,3.0,2.0,1.0,2.0,0.9880217654952194
0.0,1.5378492811363096,3.0,3.0,0.0,0.0,2.0,0.0
0.0,0.0,1.6067437982958759,0.0,0.0,0.0,0.0,1.0348089085133352
2.0,1.7068907909259878,3.0,0.5612663147466337,2.0,0.0,2.0,2.0
0.0,0.0,0.0,0.0,0.0,0.0,0.0,2.0
0.0,0.0,0.0,0.0,0.0,0.0,0.0,0.9479376870031991
0.0,0.0,3.0,0.0,0.0,0.0,2.0,1.8785318520156007
2.0,4.0,2.6372336025234056,0.0,0.0,0.0,2.0,1.0616970145220097
0.0,4.0,0.0,3.0,2.0,0.0,2.0,0.981207174241388
0.0,0.0,0.0,0.0,2.0,0.0,0.0,0.0
0.0,0.0,3.0,3.0,0.0,1.0,0.0,1.938172944338934
2.0,0.0,0.0,3.0,0.0,1.0,2.0,0.0
0.0,0.0,3.0,1.5504366708667507,0.0,1.0,0.0,0.0691101058463015
2.0,4.0,0.6364718796638558,3.0,2.0,0.0,2.0,1.903854532207201
0.0,0.0,0.0,0.0,0.0,0.0,0.0,0.0
2.0,4.0,3.0,3.0,2.0,0.0,2.0,1.696267637926793
2.0,4.0,3.0,3.0,0.0,1.0,2.0,1.8717558117269246
0.0,0.0,0.0,0.0,0.0,0.0,0.0,1.8087270559691158
0.0,0.0,0.0,0.0,2.0,0.0,0.0,1.081589002230069
0.0,0.0,0.0,0.0,0.0,1.0,0.0,0.10454706131160918
0.0,0.0,0.0,0.0,0.0,0.0,0.0,0.0
2.0,4.0,0.0,0.0,2.0,1.0,0.0,1.1309531605727539
0.0,0.0,0.0,0.0,0.0,0.0,0.0,0.04943300045582144
0.0,0.0,0.0,0.0,0.0,0.0,0.0,0.0
2.0,4.0,2.819343727211642,3.0,0.0,1.0,0.0,0.0
0.6402700925878482,1.8492713117600235,0.0,0.0,0.0,1.0,2.0,0.19444627432152461
0.19689940393078054,4.0,0.0,0.0,0.0,0.0,0.0,0.0
0.0,4.0,0.0,0.0,2.0,0.0,0.0,1.9957345008802256
2.0,0.0,3.0,0.0,2.0,1.0,2.0,2.0
0.0,4.0,0.0,3.0,0.0,0.8289675655976616,0.0,2.0
0.0,0.0,0.0,3.0,0.0,0.0,2.0,1.0808062080046674
2.0,4.0,0.0,2.9637797677272255,0.0,0.0,2.0,1.8272795790975744
0.0,2.5700202311429865,0.0,3.0,1.1425647313938574,1.0,2.0,2.0
2.0,4.0,3.0,3.0,2.0,1.0,2.0,2.0
1.3424220691915028,4.0,0.0,0.0,2.0,1.0,2.0,1.968286962079239
2.0,4.0,3.0,3.0,0.0,1.0,2.0,1.9848111809557683
0.0,0.0,0.0,0.0,0.0,0.0,0.0,1.4995996232393103
0.0,4.0,3.0,0.0,0.0,0.11767389410825002,0.0,0.03433249535848615
0.14175576416645708,0.0,3.0,0.0,0.5403149343254077,0.0,2.0,0.8390357781948262
0.0,0.0,0.0,0.0,0.0,0.0,0.0,0.0
0.0,0.0,0.0,0.0,0.0,0.0,0.0,0.09896399841736969
0.0,0.0,0.0,3.0,2.0,0.0,2.0,1.9674117291759945
2.0,4.0,3.0,3.0,2.0,1.0,2.0,1.1472834811790242
0.0,0.0,0.0,0.0,0.0,0.0,0.0,1.3731334384486438
0.0,0.0,0.0,0.0,0.0,0.0,0.0,0.9829387940067119
0.0,0.0,0.0,0.0,0.0,0.0,0.0,2.0
2.0,4.0,3.0,3.0,2.0,1.0,2.0,2.0
2.0,0.0,3.0,3.0,2.0,1.0,2.0,2.0
2.0,0.0,3.0,3.0,2.0,1.0,0.0,0.00015744656100802334
2.0,4.0,0.0,3.0,2.0,1.0,2.0,1.031575695556479
2.0,4.0,3.0,3.0,2.0,1.0,2.0,1.9608111068290581
0.0,4.0,3.0,3.0,0.0,1.0,2.0,0.029199521598835543
0.0,0.0,0.9513102108082605,0.0,0.0,1.0,2.0,1.8230059332238173
2.0,0.0,0.0,0.0,0.0,0.0,0.0,2.0
0.0,0.0,3.0,0.0,0.0,0.0,0.0,0.997417598181771
0.0,0.0,3.0,0.0,0.0,0.0,0.0,0.013106630698166977
0.0,4.0,3.0,3.0,0.0,1.0,1.6152618935363767,0.01838902188037883
2.0,0.0,0.0,0.8445154917852086,0.0,0.0,0.0,0.030805203975968087
0.0,0.0,3.0,3.0,0.0,0.0,2.0,0.0497261484330519
0.0,0.0,0.0,3.0,2.0,0.0,0.0,1.0302215070681513
2.0,4.0,3.0,3.0,2.0,1.0,2.0,1.1174129492585416
0.0,4.0,3.0,3.0,2.0,0.0,0.0,0.9876194828573648
0.0,0.0,0.0,0.0,0.0,0.0,0.0,2.0
2.0,0.0,3.0,3.0,2.0,0.0,0.0,1.7870455305995727
0.0,0.0,3.0,0.0,0.0,0.0,0.0,0.9771380181190488
2.0,4.0,3.0,3.0,2.0,1.0,2.0,0.0
2.0,0.0,0.0,0.0,0.0,0.0,0.0,1.0473973538349592
2.0,0.0,3.0,3.0,2.0,1.0,2.0,0.0
2.0,0.0,3.0,3.0,2.0,1.0,2.0,1.014557704326808
0.0,0.0,0.0,0.0,0.0,0.0,0.0,1.0142335006754817
2.0,4.0,3.0,3.0,2.0,1.0,2.0,0.0
2.0,4.0,3.0,3.0,0.0,0.0,2.0,2.0
2.0,0.0,0.0,0.0,2.0,1.0,0.0,2.0
0.0,0.0,3.0,0.0,0.0,1.0,0.0,0.007432029324816236
2.0,4.0,3.0,3.0,2.0,1.0,2.0,2.0
2.0,4.0,2.597261481747925,3.0,2.0,0.0,2.0,2.0
0.0,0.0,0.0,0.0,0.0,0.0,2.0,0.1038271900572838
2.0,4.0,3.0,3.0,2.0,0.0,1.7139436843152813,0.057369435664287094
0.0,0.0,0.0,0.0,0.0,0.0,0.0,1.0809906536771354
0.0,4.0,3.0,3.0,0.4159980303821659,1.0,2.0,2.0
2.0,4.0,3.0,3.0,2.0,1.0,2.0,0.9689854247782527
0.0,4.0,1.0542978975610595,0.0,0.0,0.5723338284523917,2.0,1.808367605811712
0.0,4.0,3.0,0.0,2.0,1.0,0.6835627629290434,0.07317590578503153
2.0,0.0,0.0,2.1647946068412667,0.0,0.0,0.0,2.0
0.0,4.0,0.0,0.0,0.0,1.0,0.0,0.06308056363435455
0.0,0.0,0.0,3.0,0.0,1.0,2.0,1.9642474397619356
0.0,4.0,0.0,0.0,0.0,0.0,0.0,0.9748031049638656
0.0,0.0,0.5667017508624724,3.0,2.0,1.0,0.0,1.9787540177595693
2.0,4.0,3.0,3.0,2.0,1.0,2.0,1.7275015366404585
2.0,4.0,3.0,3.0,0.0,0.7286744985723326,2.0,1.0465524769653323
0.0,0.0,0.0,0.0,0.0,0.0,0.0,0.0
2.0,4.0,0.0,0.0,0.0,1.0,2.0,1.078264211531005
0.0,0.0,0.0,3.0,2.0,0.0,2.0,0.0
0.0,0.0,3.0,3.0,0.0,1.0,2.0,0.929319155656299
0.0,0.0,0.0,0.0,0.0,0.0,0.0,1.0468835193949793
2.0,0.0,3.0,3.0,2.0,1.0,2.0,1.9909250885604886
2.0,4.0,3.0,3.0,2.0,1.0,2.0,0.0
2.0,4.0,3.0,0.0,0.0,1.0,2.0,0.0
1.8736928979562042,0.0,0.0,0.0,0.0,0.0,0.0,0.0
2.0,4.0,2.492283862814203,3.0,2.0,1.0,0.9996440450457288,0.05571204612441527
0.0,0.0,0.0,0.0,0.0,0.0,0.0,0.9196251609159507
0.0,0.0,0.0,0.0,0.0,0.8358989726855215,0.0,0.0
2.0,0.0,0.0,3.0,2.0,1.0,2.0,1.9382901337250806
0.0,4.0,3.0,3.0,2.0,1.0,2.0,0.0
0.0,0.0,0.0,3.0,2.0,0.0,2.0,0.0
0.0,0.0,0.0,0.0,2.0,0.0,0.0,1.9582948038059893
2.0,4.0,3.0,3.0,2.0,1.0,2.0,1.0955754693237327
0.0,0.0,0.0,0.0,0.0,0.8540245668802663,2.0,0.0
2.0,0.0,3.0,3.0,0.0,0.9419566277605478,2.0,0.05381519574006555
2.0,0.0,0.0,3.0,2.0,1.0,2.0,2.0
2.0,0.0,3.0,0.21704779891577258,0.4048264693514467,0.0,2.0,2.0
2.0,4.0,0.0,3.0,2.0,1.0,2.0,2.0
0.0,4.0,0.0,0.0,0.0,1.0,0.0,1.8502814389844988
0.0,0.0,0.0,0.0,0.0,0.0,0.0,2.0
0.0,4.0,3.0,0.0,2.0,1.0,0.0,0.9336344959237206
2.0,4.0,3.0,3.0,1.2567167452225596,1.0,2.0,0.009666232892689197
0.0,0.0,0.0,0.0,2.0,0.0,0.0,1.0287459251661581
0.0,0.0,0.0,0.0,0.0,0.0,0.0,1.91905869077284
0.0,0.0,0.0,0.0,0.0,0.0,0.0,1.0926776162859932
2.0,4.0,3.0,3.0,2.0,1.0,2.0,2.0
2.0,4.0,0.0,3.0,0.0,0.0,0.0,0.0
2.0,0.0,3.0,0.0,0.0,0.0,0.25144129854337405,0.07136210071907856
0.0,4.0,3.0,3.0,0.0,1.0,2.0,0.0973437508889119
2.0,4.0,3.0,0.0,2.0,0.0,0.0,2.0
0.0,4.0,0.0,0.0,0.0,1.0,0.0,0.0
0.0,0.0,0.0,0.0,0.0,0.0,0.0,1.966333808441345
2.0,4.0,3.0,3.0,2.0,1.0,2.0,2.0
2.0,4.0,3.0,3.0,2.0,1.0,2.0,0.0
2.0,4.0,3.0,0.0,2.0,0.0,2.0,0.9372158489730485
2.0,4.0,3.0,3.0,2.0,0.0,0.0,1.0069015209917513
2.0,4.0,3.0,0.0,0.0,0.0,0.0,2.0
0.0,4.0,0.0,0.0,0.0,0.0,0.0,0.11214089844951236
0.6133326342379849,0.0,3.0,0.0,2.0,1.0,2.0,0.0
2.0,0.0,0.0,3.0,2.0,0.19772663899645387,0.0,0.0
0.0,4.0,0.0,0.0,0.0,0.0,0.0,1.9824522905156572
0.4876341241278316,4.0,0.0,0.0,0.0,0.0,2.0,1.0116291471584908
2.0,4.0,3.0,3.0,2.0,1.0,2.0,0.9267823496391422
0.0,4.0,0.0,3.0,2.0,0.0,0.0,0.05350291677094676
2.0,4.0,0.0,3.0,2.0,1.0,0.0,1.9643710936987107
1.2743952699423622,2.377433818805345,3.0,3.0,0.0,0.0,0.0,2.0
0.5021982388264858,0.0,3.0,3.0,2.0,1.0,2.0,2.0
0.0,0.0,0.0,3.0,0.0,0.0,0.0,1.9799443065476485
2.0,4.0,0.0,3.0,2.0,1.0,2.0,0.9367378916578644
2.0,4.0,3.0,3.0,2.0,1.0,2.0,2.0
0.0,0.0,3.0,0.0,2.0,0.2778472742570204,0.0,1.9969352804006106
0.6370789941156974,4.0,3.0,0.0,0.0,0.9431618064833016,2.0,0.0
2.0,0.0,3.0,3.0,2.0,1.0,2.0,0.991190443523802
2.0,4.0,0.0,0.0,2.0,1.0,0.0,0.09910335639851009
0.0,4.0,0.0,0.0,0.0,1.0,0.0,1.1364126727587818
2.0,4.0,3.0,0.0,0.0,1.0,0.0,0.0
2.0,4.0,0.0,0.0,2.0,1.0,2.0,0.9826177170627761
2.0,4.0,3.0,3.0,2.0,1.0,2.0,1.9449346426887084
0.0,0.0,0.0,0.0,0.0,0.0,0.0,0.03338296277959918
2.0,4.0,3.0,3.0,2.0,1.0,2.0,2.0
2.0,0.0,0.0,0.0,0.0,0.0,2.0,1.052012703184901
0.0,0.0,3.0,3.0,0.0,0.0,0.0,0.036349013807364994
0.0,4.0,3.0,3.0,0.0,0.0,0.0,1.1299725708904442
0.0,0.0,3.0,0.0,0.0,1.0,0.0,2.0
0.0,0.8045118041430708,0.0,0.0,0.0,0.0,2.0,0.9499625291609142
2.0,0.0,0.0,0.0,0.0,0.7118708332157647,0.0,0.0
2.0,4.0,3.0,3.0,2.0,1.0,2.0,0.8231466466478757
0.0,4.0,3.0,3.0,0.0,0.0,0.0,2.0
2.0,4.0,3.0,3.0,2.0,0.0,2.0,1.9543634539458479
1.0255464831821708,0.0,0.0,0.0,0.0,0.0,0.0,1.929190812343038
2.0,4.0,1.599469860004656,3.0,2.0,1.0,2.0,0.9484801215537125
2.0,4.0,3.0,3.0,2.0,1.0,2.0,1.0056771340887651
1.5290775699825474,0.0,3.0,0.0,0.0,0.0,0.0,0.0
2.0,4.0,3.0,3.0,2.0,1.0,0.0,1.9990510980366385
2.0,0.0,3.0,0.0,2.0,1.0,2.0,2.0
0.0,0.0,0.0,0.0,0.0,0.0,0.0,1.0884778321346065
0.0,0.0,0.0,3.0,0.0,0.0,2.0,1.7025938670641123
0.0,4.0,0.0,3.0,2.0,1.0,0.0,1.9842772270703433
0.0,0.0,0.0,0.0,0.0,0.0,0.0,0.0414570066076978
2.0,4.0,3.0,3.0,2.0,1.0,0.0,2.0
2.0,4.0,3.0,3.0,2.0,1.0,2.0,1.9464542285531898
2.0,4.0,3.0,3.0,0.0,1.0,2.0,0.9025652119829416
0.0,4.0,3.0,0.0,2.0,0.0,0.0,2.0
0.0,0.0,0.0,0.0,0.0,0.0,0.0,0.01893735505772065
0.0,0.0,0.0,0.0,0.0,0.0,0.0,1.9146280550548271
2.0,4.0,3.0,3.0,2.0,1.0,2.0,2.0
0.0,4.0,3.0,3.0,2.0,0.0,2.0,2.0
2.0,4.0,3.0,0.0,2.0,0.0,2.0,0.8671814023420317
2.0,4.0,3.0,3.0,2.0,1.0,2.0,1.8931713581747087
0.0,4.0,0.0,3.0,2.0,1.0,2.0,2.0
2.0,0.0,0.0,0.0,0.0,1.0,0.0,0.0
0.0,0.0,0.0,0.0,2.0,0.0,2.0,2.0
2.0,4.0,3.0,3.0,2.0,1.0,2.0,0.017486806712372682
0.0,0.0,3.0,0.0,0.0,0.0,0.0,1.9947704940252433
2.0,4.0,3.0,3.0,2.0,1.0,2.0,1.8074461671083402
2.0,2.583004477941358,0.0,3.0,2.0,1.0,0.0,2.0
0.0,4.0,0.0,0.0,2.0,0.0,2.0,0.0
2.0,4.0,3.0,1.6722882232467164,2.0,0.0,2.0,1.954282227496127
2.0,4.0,0.0,3.0,0.0,0.0,0.0,0.03763901586529006
2.0,4.0,0.0,3.0,0.0,1.0,0.0,1.100130929520538
0.0,0.0,0.0,0.0,0.0,0.0,0.0,0.0
2.0,4.0,3.0,3.0,0.0,1.0,0.0,1.2127569552812303
0.0,4.0,3.0,0.0,2.0,0.0,0.0,0.0
0.0,4.0,0.0,3.0,0.0,0.0,0.0,0.9325511537415504
2.0,4.0,3.0,3.0,2.0,1.0,2.0,0.020159627332364538
2.0,4.0,3.0,3.0,2.0,1.0,0.0,0.0
2.0,4.0,3.0,0.0,2.0,1.0,0.0,2.0
2.0,0.0,2.0266510344274966,0.0,0.0,1.0,0.0,0.0
2.0,0.0,3.0,0.0,0.0,1.0,1.9205610753707352,0.0
0.0,0.0,0.0,0.0,0.0,0.0,0.0,0.22404996620359618
2.0,0.0,3.0,0.0,0.0,1.0,0.0,1.194152762234851
2.0,4.0,0.0,3.0,2.0,1.0,0.0,0.0
0.0,4.0,0.0,3.0,2.0,1.0,0.0,1.9480911502291685
0.0,0.0,0.0,0.0,0.0,0.0,0.0,0.934912099843614
0.0,0.0,0.0,0.0,2.0,0.0,2.0,0.0
2.0,4.0,3.0,0.0,2.0,0.8090484740893327,2.0,2.0
2.0,4.0,3.0,3.0,2.0,0.20874477308776046,2.0,1.9135512566040294
2.0,0.0,3.0,3.0,2.0,1.0,2.0,1.9505488181739676
2.0,4.0,3.0,3.0,2.0,1.0,2.0,0.037780651820997324
2.0,0.0,3.0,1.473540272198697,2.0,0.7695494721752905,2.0,0.7152777346385673
0.0,0.0,0.0,3.0,0.0,1.0,1.3204670694850247,2.0
2.0,2.669856298693326,0.818123861560501,0.0,0.4722667953757276,0.0,0.0,0.06942514317551174
0.0,1.5280650674621654,3.0,0.0,0.5613954878747578,1.0,0.0,1.08001870741738
2.0,4.0,0.0,3.0,2.0,1.0,2.0,0.0
0.0,0.0,0.0,0.0,0.0,0.0,0.0,2.0
2.0,4.0,3.0,3.0,2.0,1.0,2.0,0.016451351006999904
0.0,0.0,0.0,3.0,0.0,1.0,2.0,0.8807500732133164
2.0,4.0,3.0,0.0,2.0,0.0,2.0,1.0273414515942187
2.0,4.0,3.0,0.0,0.0,0.0,0.0,0.0
2.0,4.0,3.0,3.0,2.0,1.0,2.0,2.0
0.0,0.0,0.0,1.2921852717375892,0.0,0.0,0.0,1.8240233264988674
2.0,4.0,3.0,0.0,2.0,0.0,0.0,1.4340636990158089
0.2595971147575058,0.0,0.0,3.0,0.0,1.0,2.0,1.9630078053194757
2.0,0.0,3.0,0.0,2.0,0.0,0.0,0.0
2.0,4.0,3.0,3.0,2.0,0.0,0.0,1.887740639941144
0.0,0.0,0.0,3.0,0.0,1.0,2.0,0.08407464369195539
2.0,4.0,0.0,0.0,2.0,1.0,2.0,1.241863816652686
0.0,0.0,3.0,3.0,2.0,0.0,0.0,1.7628751191048182
0.0,4.0,2.7008779060056023,3.0,2.0,0.0,2.0,1.1381475961939964
2.0,4.0,3.0,3.0,2.0,1.0,0.0,1.1772282359800974
0.0,0.0,0.0,0.0,0.0,0.0,0.0,0.9941218945576279
0.0,4.0,0.0,0.0,0.0,0.0,0.0,0.0
0.0,0.0,0.0,0.0,0.0,0.0,2.0,2.0
2.0,4.0,2.2590118661821723,1.478102072118259,2.0,0.15233341814554008,2.0,1.8554717377301249
0.0,4.0,0.2561347897455976,0.0,0.0,0.0,2.0,1.099490820168894
2.0,0.0,3.0,0.0,0.0,1.0,2.0,2.0
2.0,4.0,0.0,0.0,1.6587008875431277,0.0,0.0,2.0
0.0,0.0,3.0,3.0,0.0,1.0,2.0,0.10604341014005292
2.0,0.0,3.0,3.0,2.0,1.0,2.0,1.9604785146281654
0.0,0.0,3.0,0.0,2.0,1.0,2.0,1.656959502183121
2.0,0.0,3.0,0.0,0.0,0.0,0.0,0.9332697125606895
0.0,0.0,3.0,0.0,2.0,0.0,0.0,0.0
0.0,0.0,0.0,3.0,0.0,0.0,0.8485257953024411,2.0
0.0,0.0,0.0,0.0,2.0,0.0,0.0,1.8732907599009558
2.0,4.0,3.0,3.0,2.0,1.0,2.0,1.931237791531244
1.88743056853462,4.0,3.0,3.0,0.0,1.0,2.0,0.0
2.0,4.0,3.0,3.0,2.0,1.0,2.0,1.0078429746915454
0.0,0.0,0.0,0.0,0.0,0.0,0.0,1.0984174177899901
2.0,4.0,3.0,3.0,2.0,0.0,2.0,1.3651440699054507
0.0,4.0,0.0,3.0,2.0,1.0,2.0,1.9940470867122544
2.0,4.0,0.0,3.0,0.0,1.0,1.3050967441226484,1.8443955379038348
0.38629856228754056,4.0,0.0,3.0,2.0,0.0,0.0,2.0
2.0,0.0,3.0,3.0,0.0,1.0,2.0,2.0
0.0,3.4422503359994385,0.0,0.0,0.0,1.0,0.0,0.020590942047040706
0.0,4.0,3.0,0.0,0.0,0.0,0.0,1.044917968435284
2.0,4.0,3.0,0.0,2.0,0.0,0.0,0.18252031208304287
2.0,4.0,3.0,3.0,2.0,1.0,0.9742791781005523,1.580312215317499
2.0,4.0,3.0,3.0,2.0,1.0,2.0,2.0
0.0,0.0,0.42452359016556807,3.0,2.0,1.0,0.0,1.9363675111843084
1.4844066216875993,0.0,0.0,2.7706444173849287,0.0,0.0,2.0,1.958043897325381
2.0,0.0,3.0,0.0,2.0,0.11012464222336948,2.0,1.9845491696048272
0.0,4.0,3.0,0.0,1.8719418678457396,1.0,2.0,0.9981395810473502
0.0,0.0,0.0,0.0,0.0,0.0,0.0,0.03083124417255667
0.0,0.0,0.0,3.0,0.0,0.0,2.0,0.0
0.0,0.0,0.0,0.0,0.0,0.0,0.0,2.0
0.0,0.0,3.0,0.0,2.0,0.0,0.0,2.0
2.0,4.0,0.0,0.0,0.0,0.0,0.0,0.9363326592149641
2.0,4.0,3.0,3.0,2.0,0.0,2.0,0.9619603723040724
2.0,1.4906313359785175,0.0,0.0,2.0,0.018914487029863536,0.0,1.96489747502383
2.0,4.0,3.0,3.0,2.0,1.0,2.0,0.9526833822748874
2.0,4.0,3.0,3.0,2.0,1.0,2.0,0.035040894239957376
2.0,0.0,0.0,0.0,0.0,0.0,0.0,0.0
0.0,0.0,0.0,0.0,0.0,1.0,0.0,0.921863293177592
0.0,0.0,0.0,3.0,0.0,1.0,0.0,0.004205194897340392
0.0,0.0,0.0,0.0,0.0,0.0,2.0,0.9861572656363766
1.8616005593571425,0.0,0.0,0.0,0.0,0.0,0.0,1.012088712462591
0.0,0.0,0.0,3.0,0.0,1.0,2.0,1.004308091030002
0.0,0.0,3.0,0.0,0.0,0.0,0.0,0.08827716979759381
2.0,0.0,3.0,0.0,2.0,0.0,0.0,0.0
2.0,4.0,3.0,0.0,0.11956627972951606,0.0,2.0,1.9941657268087436
2.0,4.0,0.0,3.0,0.0,0.0,0.0,2.0
2.0,4.0,3.0,3.0,2.0,1.0,2.0,1.9818660638981598
0.0,0.0,3.0,0.0,2.0,0.03250118282412717,2.0,0.031128152470660475
0.0,0.0,0.0,3.0,0.0,1.0,0.0,2.0
0.0,4.0,0.0,3.0,2.0,0.0,2.0,1.913019634117945
0.0,4.0,0.0,0.0,2.0,0.0,0.0,2.0
0.0,0.0,0.0,3.0,0.0,1.0,0.0,0.0786129618061241
0.0,0.0,0.0,0.0,0.0,0.0,0.0,0.9225502542911665
0.0,0.0,3.0,3.0,2.0,1.0,0.08152585630011033,0.0
0.0,0.0,3.0,3.0,0.0,0.0,0.0,1.974134381829622
0.0,4.0,0.0,3.0,0.0,0.5205222774266213,2.0,0.9436253606754761
2.0,0.0,3.0,3.0,2.0,0.968398529976665,2.0,0.15334199130092774
2.0,0.0,3.0,0.0,1.4449368494718915,0.5887002489915385,2.0,1.1515112344733553
0.0,0.0,0.0,0.0,2.0,0.8593478870796571,0.0,2.0
0.0,4.0,3.0,0.0,0.0,0.0,0.0,0.0
1.1030181262012948,4.0,3.0,3.0,2.0,1.0,2.0,2.0
0.13136118729256452,0.0,3.0,0.0,2.0,1.0,0.0,1.5011311855777902
0.0,0.0,0.0,0.0,0.0,0.0,0.0,2.0
1.376015136731329,0.0,3.0,3.0,0.0,0.0,0.0,1.0004826810837892
0.9266711261521476,0.0,0.0,0.0,0.0,0.0,0.0,0.8419441499665344
0.0,0.0,0.0,3.0,0.0,0.0,0.0,1.0155215005210694
2.0,4.0,3.0,3.0,2.0,1.0,2.0,1.0384607925666385
0.0,0.0,0.0,0.0,0.0,0.0,0.0,1.0759659730675664
0.0,0.0,3.0,3.0,0.0,0.0,2.0,1.8675321271117058
2.0,0.0,3.0,0.0,0.0,0.0,2.0,0.008996093997629573
2.0,4.0,3.0,3.0,2.0,0.36111435663561064,0.21257151748588432,0.9876738050766557
2.0,4.0,1.9245144284614977,0.0,0.0,0.0,0.0,1.6329271564075667
0.0,4.0,0.3708733848352303,3.0,0.0,0.0,0.02404477926584292,0.9936372775797291
2.0,4.0,3.0,3.0,2.0,1.0,2.0,0.0
2.0,4.0,3.0,3.0,0.0,1.0,2.0,0.027313356891969565
0.0,4.0,2.247501517909214,3.0,2.0,0.0,0.0,1.935293440796115
0.0,4.0,3.0,0.0,0.0,1.0,0.0,1.0372277008357431
2.0,0.0,3.0,0.0,2.0,0.0,2.0,0.0
0.0,0.0,0.0,0.0,0.0,0.0,0.0,0.037156571347323974
0.0,0.0,0.0,0.0,0.0,0.0,2.0,0.0
2.0,4.0,3.0,3.0,2.0,0.0,2.0,0.0
0.0,0.0,0.0,0.0,0.0,0.0,2.0,1.94413061838336
2.0,4.0,0.0,0.0,2.0,1.0,2.0,0.01784522344586925
2.0,4.0,0.0,3.0,2.0,0.4379452959457936,2.0,0.06416627198304037
2.0,4.0,3.0,0.0,0.0,1.0,2.0,1.0179488325340311
0.0,4.0,3.0,0.0,0.0,1.0,0.0,1.0322437218890486
0.0,4.0,0.0,0.0,0.0,0.0,0.0,2.0
0.0,0.0,0.0,0.0,0.0,0.0,0.0,2.0
0.0,4.0,0.0,0.19246316231908153,0.0,0.0,0.0,2.0
2.0,0.0,3.0,3.0,2.0,1.0,2.0,2.0
0.0,0.0,0.0,0.0,0.0,1.0,2.0,0.0
0.0,4.0,0.0,0.0,0.0,0.0,0.0,1.0650832095223144
0.0,0.0,3.0,3.0,2.0,0.0,0.0,0.01393991411979445
2.0,0.0,3.0,2.7414754897137117,2.0,0.3456786716572078,0.0,0.001219914628458496
2.0,4.0,3.0,0.2561714441231998,0.0,1.0,0.0,0.993900146770646
0.0,0.0,3.0,3.0,0.0,0.0,0.0,0.15254906362948562
2.0,0.0,3.0,3.0,2.0,0.10459168070895086,0.0,0.9396608459559405
0.0,0.0,0.0,0.0,2.0,0.0,0.0,0.0
0.0,1.6296749631977328,3.0,0.0,2.0,1.0,0.0,0.06774063986120882
0.0,4.0,3.0,3.0,0.0,1.0,0.0,0.9876506476728782
0.0,4.0,0.0,3.0,2.0,0.0,0.0,0.005017621112776038
2.0,4.0,3.0,0.0,0.0,0.25682875788013876,0.0,0.9522478686195486
2.0,4.0,3.0,3.0,2.0,1.0,2.0,0.02761207359393869
0.0,0.0,3.0,3.0,0.0,1.0,0.0,1.8940416084607512
0.0,0.0,0.0,0.0,0.0,0.0,0.0,0.058114019417134566
0.0,4.0,0.0,3.0,2.0,1.0,2.0,2.0
0.0,0.0,0.0,0.0,0.0,0.0,0.0,0.0
0.0,0.0,3.0,3.0,0.0,0.0,0.3782670432566233,0.0
2.0,0.0,0.0,0.0,0.0,0.0,0.0,0.0
2.0,4.0,3.0,3.0,2.0,1.0,0.0,2.0
0.0,0.0,0.0,0.0,2.0,0.0,0.0,1.048182669857435
2.0,4.0,0.0,3.0,2.0,0.0,2.0,1.1647998799105788
0.0,0.0,3.0,1.8645269076907982,2.0,1.0,0.0,0.9279570252818707
0.0,4.0,1.2869427681065173,0.0,2.0,1.0,2.0,0.018203262497237915
2.0,4.0,0.7569387110644535,3.0,2.0,1.0,2.0,2.0
2.0,0.0,3.0,0.0,2.0,0.0,0.0,1.7059537505367248
0.0,4.0,0.0,3.0,1.971408022566383,0.0,1.0482119988796332,2.0
2.0,4.0,0.0,3.0,2.0,1.0,2.0,0.9586126535438521
0.0,0.0,0.0,0.0,0.0,0.0,0.0,0.03971224368509352
2.0,4.0,3.0,3.0,2.0,1.0,2.0,1.9440375659516564
0.0,0.0,3.0,0.0,0.0,0.0,0.0,1.6395394924837223
2.0,0.0,0.0,0.0,0.0,0.0,2.0,0.10268042414572753
2.0,4.0,0.0,0.0,2.0,1.0,2.0,1.4994097368004984
0.0,0.0,3.0,0.0,0.0,0.0,0.0,0.056431131575266025
2.0,0.0,0.0,3.0,2.0,1.0,2.0,2.0
0.0,0.0,0.0,0.0,0.0,0.0,0.0,0.07189831003523262
2.0,4.0,3.0,0.0,2.0,1.0,0.0,1.9612505620386185
2.0,4.0,0.0,3.0,0.0,1.0,0.0,0.030431492017027884
2.0,4.0,3.0,3.0,2.0,1.0,2.0,1.9674750607979645
0.0,4.0,3.0,0.0,2.0,1.0,2.0,1.0560210158921983
0.0,4.0,3.0,0.0,0.0,0.0,2.0,0.0
0.0,0.0,0.0,0.0,0.0,0.0,0.0,0.0
2.0,4.0,0.0,3.0,2.0,0.0,2.0,0.9211204689219986
2.0,4.0,3.0,3.0,2.0,1.0,2.0,1.018082035759106
2.0,0.0,0.0,0.0,0.0,0.0,0.0,0.008119825229751854
2.0,4.0,2.8795252649274325,1.2453964344185204,2.0,1.0,2.0,0.034768693474442225
2.0,4.0,1.0272476055732431,3.0,0.0,1.0,2.0,0.02246935851752796
2.0,0.0,0.0,0.0,2.0,1.0,2.0,0.0
0.0,0.0,0.0,1.770250634876666,2.0,0.0,2.0,2.0
2.0,4.0,3.0,0.0,2.0,1.0,2.0,2.0
0.0,4.0,0.0,0.0,2.0,0.08950657612136448,2.0,0.026078677169733555
2.0,2.52093455378455,3.0,3.0,2.0,0.0,2.0,2.0
0.0,4.0,0.0,3.0,2.0,0.0,2.0,1.9933261667176667
2.0,1.6347789804026975,3.0,3.0,0.0,0.0,1.501136708439866,0.9250737909733692
2.0,3.958990736701519,3.0,3.0,2.0,1.0,2.0,2.0
2.0,0.0,0.0,0.0,1.6934436513200715,1.0,2.0,0.0
0.0,0.0,0.0,0.0,0.0,0.0,0.0,0.01866627779484087
0.0,0.0,0.0,0.0,0.0,0.0,2.0,0.03434267708175165
2.0,0.0,3.0,0.0,2.0,1.0,2.0,2.0
0.0,0.0,0.0,3.0,0.0,0.0,0.0,1.3439692377955847
2.0,4.0,3.0,3.0,2.0,1.0,2.0,0.0
2.0,4.0,3.0,3.0,2.0,1.0,2.0,1.0210120406264616
0.0,0.0,0.0,0.0,0.0,0.0,0.0,0.0
0.0,0.0,0.0,0.0,2.0,1.0,0.0,0.10090502688848402
1.9743358609076218,4.0,3.0,3.0,2.0,1.0,2.0,2.0
2.0,4.0,3.0,3.0,2.0,1.0,2.0,2.0
1.2541690366076703,0.0,0.0,3.0,2.0,1.0,0.0,0.07737137349148471
2.0,0.0,0.0,0.0,0.0,0.0,0.0,0.7073166975696956
0.0,0.0,0.0,0.0,0.0,1.0,2.0,1.8766121736823769
2.0,4.0,0.0,0.0,0.0,0.0,0.0,1.471220011284994
2.0,0.0,3.0,0.0,2.0,1.0,0.0,1.118787099519784
2.0,4.0,3.0,3.0,2.0,1.0,2.0,2.0
0.0,0.0,0.0,3.0,0.0,0.0,2.0,0.0
2.0,4.0,3.0,3.0,2.0,0.0,2.0,1.93352103491653
0.0,0.0,0.047024570546554394,0.8552321589339107,0.0,0.0,0.0,0.0
2.0,4.0,3.0,3.0,2.0,1.0,2.0,1.8664799458686048
2.0,4.0,0.0,3.0,2.0,1.0,0.0,1.024154983688352
0.0,0.0,0.0,3.0,0.460944055656349,1.0,2.0,1.8022139228389602
0.0,0.0,0.0,0.0,0.0,1.0,0.0,2.0
0.0,0.0,0.0,0.0,0.0,1.0,0.0,1.194701195391784
2.0,4.0,3.0,3.0,0.0,0.0,0.0,2.0
0.0,4.0,1.498055140378033,0.0,2.0,0.0,2.0,0.034262767433262176
2.0,4.0,3.0,0.0,2.0,1.0,2.0,0.01359202787949676
2.0,3.9885456055870874,3.0,3.0,0.0,0.0,2.0,1.3326177059989197
2.0,4.0,0.0,0.0,0.0,0.0,2.0,1.0192698599297254
0.0,0.0,0.0,0.0,0.0,0.0,0.0,0.10779848772233558
0.0,4.0,0.0,0.0,0.0,0.0,2.0,1.0607116244789927
0.0,0.0,3.0,0.0,2.0,1.0,2.0,1.9665939505043306
0.0,4.0,1.3954878556520225,3.0,2.0,0.0,0.0,0.0
0.0,0.0,0.0,0.0,2.0,1.0,0.10821022061669627,0.0
0.0,0.0,0.0,0.0,0.0,0.0,0.0,0.0
0.0,0.0,0.0,2.7322577337668563,2.0,1.0,0.30229241482190605,2.0
0.0,4.0,3.0,3.0,0.0,1.0,2.0,2.0
0.0,0.0,0.0,0.0,0.0,0.0,0.0,0.028057242728099285
0.0,4.0,0.0,3.0,0.0,1.0,0.2632144491487052,1.933786497535714
0.0,0.0,0.0,0.0,0.0,0.0,0.0,1.2456054862095904
0.0,4.0,3.0,3.0,2.0,1.0,1.3248002386672468,2.0
2.0,0.0,0.0,3.0,2.0,0.0,0.0,1.1432022116177039
2.0,4.0,1.067657406488078,3.0,2.0,0.0,2.0,1.1378542809420829
2.0,0.0,3.0,3.0,0.0,0.0,0.0,0.9063227840320748
2.0,4.0,3.0,3.0,2.0,1.0,2.0,0.0
0.0,0.0,0.0,0.0,0.0,0.0,0.0,0.7861610962872507
0.0,4.0,3.0,3.0,2.0,1.0,1.419623469490212,2.0
2.0,4.0,3.0,3.0,2.0,1.0,2.0,2.0
1.2932777191184206,0.0,0.0,0.0,2.0,1.0,0.0,1.0243529752881217
2.0,0.0,3.0,0.0,0.0,0.8716209355982386,2.0,1.8076404336516574
2.0,4.0,0.6348662800887126,0.0,0.0,1.0,0.0,0.0
2.0,4.0,0.12234774348668272,0.0,0.0,0.0,0.0,0.040160435968518815
0.0,0.0,3.0,0.0,0.0,0.0,2.0,1.9848421390709725
2.0,4.0,3.0,3.0,2.0,1.0,2.0,0.04972761467992759
2.0,4.0,3.0,3.0,2.0,1.0,0.0,0.0
2.0,4.0,0.0,3.0,0.0,0.0,0.0,0.0
2.0,4.0,3.0,3.0,2.0,1.0,2.0,0.8334180302369137
2.0,4.0,3.0,3.0,0.0,1.0,0.0,1.0659608693512548
0.0,4.0,0.0,3.0,1.985614375338233,1.0,0.0,1.008017084356008
2.0,4.0,2.6258160144954226,3.0,0.0,0.8847670169026959,0.0,0.0
2.0,0.0,3.0,3.0,2.0,0.0,2.0,2.0
0.0,0.0,3.0,0.0,0.0,0.0,2.0,1.582448383974664
0.0,4.0,0.0,0.0,1.7731599766687536,0.0,0.0,0.0
0.3545644130742005,4.0,3.0,3.0,2.0,1.0,2.0,0.00015248475831985964
0.0,2.4845964233405047,0.0,0.0,2.0,0.0,0.0,0.9457369861246516
2.0,3.348383289533837,0.0,3.0,0.0,0.0,0.0,2.0
2.0,0.0,0.0,3.0,2.0,1.0,0.0,0.9597275094720843
0.0,0.0,3.0,2.853419663527974,0.0,0.0,0.0,0.05025390088704951
2.0,4.0,3.0,3.0,2.0,1.0,0.0,1.003089369388591
0.0,4.0,3.0,3.0,2.0,0.0,2.0,1.1577164090815506
0.0,0.0,0.0,0.0,2.0,0.0,0.0,1.1150574411909762
0.0,0.0,3.0,0.0,2.0,1.0,0.0,0.03131548338256762
2.0,4.0,3.0,3.0,2.0,1.0,2.0,0.1625248187582108
2.0,0.0,0.0,0.0,0.0,0.0,0.0,1.3192879335990926
2.0,4.0,0.9917279394698201,3.0,1.3439911712028092,0.0,2.0,1.009587038857598
2.0,4.0,0.0,0.0,2.0,1.0,0.0,0.03434488230101307
2.0,0.0,0.0,0.0,0.0,0.7421741516399287,0.0,0.8795098327000603
2.0,4.0,3.0,3.0,0.0,1.0,2.0,0.031943443131392524
2.0,4.0,3.0,3.0,2.0,1.0,2.0,1.9572312835459085
2.0,4.0,3.0,3.0,2.0,1.0,2.0,1.9373681779738816
0.0,0.0,0.7237443906633897,0.0,0.0,0.0,0.0,0.0
2.0,4.0,3.0,3.0,2.0,1.0,1.8443802414650219,1.9682748387405586
0.0,0.0,0.0,0.0,0.0,0.0,0.0,0.054536343247787
2.0,4.0,3.0,3.0,0.0,1.0,2.0,0.0
0.0,0.0,0.0,0.0,0.0,0.0,0.0,0.015479674546157507
2.0,1.7892827509667457,0.0,3.0,0.0,0.2681652286468634,2.0,0.08282621662271861
2.0,0.0,3.0,0.0,2.0,0.0,2.0,0.901485567183698
0.0,0.0,0.0,0.0,0.0,0.0,0.0,1.9342912913880212
2.0,4.0,0.0,2.6717719781158866,0.0,1.0,2.0,2.0
2.0,4.0,0.0,0.0,2.0,0.0,0.0,0.12380776856251174
2.0,0.0,3.0,3.0,2.0,1.0,0.0,0.0
0.0,0.16025539287842983,0.0,0.0,0.0,0.0,0.0,0.9012853872471621
2.0,4.0,3.0,3.0,2.0,1.0,2.0,1.016263817336851
2.0,0.0,3.0,3.0,2.0,0.0,2.0,2.0
2.0,0.0,0.0,3.0,0.0,0.0,0.0,1.1487688436398704
2.0,4.0,3.0,3.0,2.0,1.0,2.0,0.0
0.0,0.0,0.0,0.0,0.0,0.0,0.0,0.2369266065063126
0.0,0.0,3.0,3.0,0.0,1.0,2.0,1.8368784591502174
0.0,0.0,0.0,0.0,0.0,0.0,0.0,1.9462356544558763
2.0,4.0,3.0,3.0,2.0,1.0,2.0,2.0
2.0,0.0,0.0,2.7379899509744696,0.0,0.0,2.0,1.502127702399447
0.0,0.0,1.3732725782360158,0.0,0.0,0.0,2.0,2.0
0.0,4.0,3.0,0.0,2.0,0.0,0.0,0.9149019626680663
0.0,4.0,3.0,2.1045050336549678,2.0,1.0,0.0,2.0
2.0,4.0,3.0,2.584851768357049,2.0,0.0,2.0,0.08883413621837388
0.0,0.0,0.0,0.0,2.0,0.14938356918495782,0.0,0.9681710218185842
2.0,4.0,3.0,3.0,2.0,1.0,2.0,0.002600739381299566
0.0,4.0,3.0,0.0,0.0,1.0,0.0,1.0312502897025813
0.0,4.0,0.0,3.0,0.0,1.0,2.0,1.940921854831497
2.0,0.0,3.0,0.0,2.0,1.0,2.0,2.0
2.0,4.0,0.0,3.0,2.0,1.0,2.0,1.0699370375340407
2.0,0.0,2.3401677728772365,0.0,0.0,0.0,2.0,0.0
2.0,2.9554557015246012,0.0,3.0,1.1934012118678907,1.0,0.0,1.8470611572462858
0.0,0.0,0.13551186029825807,0.0,2.0,1.0,0.0,1.140240990113013
2.0,0.0,3.0,0.0,0.0,0.0,2.0,0.9253958367299782
0.0,0.0,3.0,0.0,2.0,1.0,2.0,1.8979016740989594
0.0,4.0,1.7790388562619261,0.0,2.0,0.49830665133840585,2.0,1.0193459938026406
2.0,4.0,3.0,3.0,2.0,0.0,2.0,1.9769103118563929
2.0,4.0,3.0,3.0,2.0,1.0,2.0,1.074195937623231
0.0,0.0,0.0,0.0,2.0,1.0,0.0,0.0
2.0,4.0,3.0,3.0,2.0,1.0,0.0,0.9948818519942505
2.0,1.8277441970081614,3.0,0.0,2.0,0.0,2.0,2.0
0.0,4.0,3.0,0.0,0.0,0.0,0.0,0.0
2.0,4.0,0.0,0.0,2.0,0.0,2.0,1.0943991322918727
0.0,0.0,0.0,0.0,0.0,0.0,0.0,0.0
2.0,0.0,3.0,0.0,2.0,0.0,0.0,0.9124778335350994
2.0,4.0,0.0,3.0,2.0,1.0,2.0,1.015704343903585
0.9937762645342241,4.0,3.0,3.0,2.0,1.0,2.0,1.2979260943356166
0.0,4.0,0.0,3.0,0.0,0.0,0.0,0.019287409489415097
2.0,4.0,3.0,3.0,2.0,1.0,2.0,1.135923173937863
0.0,4.0,0.0,0.0,2.0,1.0,2.0,1.8239981483352206
2.0,4.0,3.0,0.0,2.0,0.0,0.0,1.4563554379337083
0.0,0.0,0.0,1.6991518852794631,0.0,0.0,0.0,1.1230097820666722
2.0,4.0,3.0,3.0,2.0,1.0,2.0,0.9374412050773483
2.0,4.0,3.0,3.0,2.0,1.0,2.0,1.1554760954772731
2.0,4.0,3.0,3.0,2.0,1.0,2.0,1.8578819667319106
0.0,0.0,3.0,0.0,0.0,1.0,2.0,1.9877761829031766
0.0,4.0,3.0,0.0,0.0,0.0,0.0,0.0760291905901348
2.0,4.0,0.0,3.0,2.0,1.0,2.0,1.3973677170819345
0.0,4.0,0.0,0.0,2.0,1.0,0.0,1.0279286192322288
0.0,4.0,3.0,0.0,0.0,1.0,2.0,0.0
0.0,0.0,0.0,0.0,0.0,0.0,2.0,0.03620310074529698
2.0,4.0,3.0,3.0,2.0,1.0,2.0,0.0
2.0,4.0,3.0,1.4019276493326345,2.0,0.0,2.0,1.05579396677791
0.0,4.0,3.0,0.0,0.0,0.0,0.0,0.9946029292724747
0.0,0.0,0.0,0.0,0.0,0.0,0.0,0.0
2.0,4.0,0.0,3.0,2.0,1.0,2.0,1.0966180647488326
2.0,4.0,3.0,2.633052458582674,2.0,1.0,2.0,1.1386050575761448
0.0,0.0,3.0,0.0,0.0,0.0,0.0,1.9951583125699588
0.0,0.0,0.0,0.0,0.0,0.0,0.0,0.046305050473490095
0.0,1.0652152980830119,0.0,1.8700383976646855,0.0,0.0,0.0,0.055303131036892994
0.0,0.0,0.0,0.0,0.0,0.0,0.0,0.0
0.0,0.0,3.0,0.0,0.7230809788792253,1.0,2.0,1.1653170532096289
0.0,0.0,3.0,2.429857900183825,2.0,0.0,0.0,0.0006449025077371884
2.0,4.0,3.0,3.0,2.0,1.0,2.0,0.0
0.0,0.0,3.0,3.0,0.0,0.0,0.0,0.873144813740948
0.8415250453063342,0.0,3.0,0.0,0.0,0.0,0.0,0.05421603918275364
2.0,4.0,0.0,3.0,2.0,1.0,0.0,0.04880165598382724
2.0,4.0,3.0,3.0,2.0,1.0,2.0,1.9849206022058565
0.0,0.0,3.0,3.0,0.0,0.0,2.0,2.0
0.0,4.0,3.0,3.0,0.0,0.0,0.0,1.2602353818356378
2.0,0.0,0.0,3.0,0.0,0.0,2.0,0.988296573451404
0.0,0.0,0.0,3.0,1.3843452778986838,1.0,2.0,0.20970153245864542
2.0,4.0,3.0,0.0,2.0,1.0,2.0,2.0
0.0,0.0,3.0,3.0,0.0,0.0,2.0,1.1518453761829233
2.0,0.0,0.0,0.0,0.0,1.0,0.0,0.05477805527041568
0.0,0.0,0.0,0.0,0.0,0.0,0.0,0.0
0.0,4.0,1.2799130874344096,3.0,2.0,1.0,2.0,1.975427312130855
0.0,0.0,3.0,0.0,2.0,0.0,2.0,1.717856705719865
0.0,0.0,3.0,3.0,2.0,0.0,0.0,0.9087724738426846
2.0,4.0,3.0,3.0,2.0,0.6863751047662948,2.0,0.10570021257662643
2.0,4.0,2.1249673214326363,3.0,0.0,1.0,2.0,2.0
2.0,4.0,0.0,0.0,2.0,1.0,2.0,0.9520931106533314
2.0,4.0,0.0,0.0,0.0,0.0,2.0,0.0
0.0,4.0,3.0,3.0,2.0,1.0,2.0,1.9275415759604186
0.9577431104808198,0.0,0.0,0.0,0.0,0.0,2.0,0.0
0.0,0.0,0.0,0.0,0.0,1.0,0.0,0.08432761458851301
0.0,0.0,0.0,0.0,0.48534995682804516,0.0,0.0,1.9429382591243263
2.0,0.0,0.0,3.0,2.0,0.0,0.0,1.0493728903715396
0.0,0.0,0.0,0.0,0.0,1.0,2.0,1.1415209788368026
2.0,4.0,3.0,3.0,0.0,1.0,2.0,0.0
2.0,0.0,0.0,0.0,2.0,0.0,2.0,0.0
2.0,4.0,3.0,3.0,2.0,1.0,2.0,0.0060478472502403235
2.0,0.0,0.0,3.0,2.0,0.0,2.0,2.0
2.0,0.0,0.0,0.0,0.0,0.0,0.0,1.0780340042287477
0.0,4.0,0.0,0.0,0.0,1.0,2.0,0.10969303371719175
0.0,0.0,0.0,0.0,0.0,0.0,0.0,1.910457203092089
0.1763337938566889,0.0,3.0,0.0,2.0,0.0,0.0,2.0
2.0,4.0,0.0,3.0,2.0,1.0,2.0,0.05904330193615703
2.0,0.0,0.0,3.0,2.0,1.0,2.0,2.0
0.0,0.0,0.0,0.0,0.0,0.0,0.0,0.9024522983741925
2.0,3.9488512106606404,0.0,1.343480264756057,0.0,1.0,2.0,0.0
0.0,0.0,0.0,0.0,0.0,1.0,2.0,1.2910822585410737
2.0,0.0,0.0,0.0,0.0,0.0,2.0,0.01606494805995573
0.0,0.0,0.0,0.0,2.0,0.0,0.0,0.0
2.0,0.0,0.0,0.0,0.0,0.0,0.0,1.461512663025289
0.0,0.0,3.0,0.0,0.0,1.0,2.0,0.0
0.0,1.4314672562524526,0.0,3.0,0.0,1.0,1.8202746719942438,0.016329388062995775
2.0,0.0,3.0,3.0,2.0,1.0,2.0,2.0
2.0,4.0,0.0,3.0,2.0,1.0,0.2976574205618524,1.899455248211881
0.0,0.0,0.0,0.0,0.0,0.0,0.0,2.0
0.0,2.4999878294230293,0.0,0.0,0.0,0.0,2.0,0.7591271942200144
2.0,4.0,3.0,0.0,0.0,0.0,2.0,0.10403219637317551
0.0,4.0,3.0,3.0,2.0,0.0,2.0,1.9241385196199001
0.0,0.0,0.0,0.0,0.0,0.08769798364490355,0.0,1.1202696879204634
2.0,0.0,3.0,3.0,2.0,1.0,2.0,1.1193057477801474
0.0,0.0,0.0,0.0,0.0,0.0,0.0,2.0
2.0,4.0,3.0,1.2765368909111874,0.0,1.0,0.0,2.0
2.0,4.0,3.0,3.0,2.0,0.0,2.0,0.061509834371942906
0.0,0.0,3.0,0.0,0.39717626740860335,1.0,0.09210311844245134,1.8177935170450525
0.0,0.0,0.0,3.0,0.0,0.07576999129550094,0.0,1.1994227813170197
0.0,0.0,0.0,0.0,0.0,1.0,0.0,0.08930996545187109
2.0,3.0023214217610965,3.0,3.0,0.0,0.0,0.0,0.04881982742165247
2.0,4.0,3.0,3.0,2.0,1.0,2.0,1.0606315978625191
2.0,4.0,3.0,3.0,2.0,0.2140623251363854,2.0,0.0
0.0,0.0,0.0,0.0,2.0,0.0,0.0,0.09676229234347222
2.0,4.0,3.0,3.0,2.0,1.0,2.0,0.9632687507129539
0.0,4.0,3.0,3.0,2.0,1.0,2.0,0.03820401988914912
0.0,0.0,2.416400236215223,0.0,0.0,0.0,0.0,1.8747814542476662
0.0,4.0,3.0,0.0,2.0,1.0,0.0,0.03577798115149633
0.0,4.0,3.0,3.0,2.0,1.0,0.4049806091615894,1.0527214785081722
2.0,4.0,3.0,3.0,2.0,1.0,2.0,0.9516852282533019
0.548494752084107,4.0,0.0,0.0,0.8253726267903502,1.0,0.0,1.0169603888399688
0.0,4.0,0.0,3.0,0.0,0.0,2.0,1.9429566288711415
2.0,0.0,1.4849067804557239,0.0,0.0,0.0,0.0,1.9670960987932882
2.0,0.0,0.0,0.0,2.0,0.0,2.0,0.03306177126607934
0.0,2.3063883534214407,3.0,3.0,2.0,0.0,2.0,1.9766646592284076
2.0,0.0,3.0,0.0,0.0,0.0,0.0,1.719037958664933
2.0,0.0,3.0,3.0,0.8776415339726675,1.0,2.0,2.0
2.0,4.0,3.0,3.0,2.0,1.0,0.546537227303969,1.160671737017096
0.0,3.296222558903847,0.0,3.0,0.0,0.0,2.0,0.0
2.0,4.0,3.0,3.0,0.0,0.0,2.0,0.9253156356122999
0.0,0.7003762980651049,0.0,0.0,0.0,0.0,0.0,0.0687982244516343
2.0,4.0,0.0,2.57185362323991,0.0,1.0,0.0,1.872218054112904
0.0,0.0,0.27473523242607417,0.0,0.0,0.0,0.0,1.680294526316712
2.0,4.0,3.0,0.0,0.0,1.0,2.0,0.0
1.479809850452006,4.0,3.0,3.0,2.0,1.0,2.0,1.9379460336495065
0.0,4.0,3.0,3.0,2.0,0.0,2.0,2.0
2.0,4.0,3.0,3.0,2.0,1.0,2.0,2.0
2.0,4.0,3.0,3.0,2.0,1.0,2.0,1.0993421564300956
2.0,4.0,3.0,3.0,2.0,0.9870275800681576,0.0,0.0
2.0,4.0,3.0,3.0,2.0,1.0,2.0,1.9305884821060582
2.0,0.0,0.0,0.0,2.0,0.0,2.0,0.0
0.0,4.0,0.0,0.0,0.0,0.0,0.0,0.9983235587153079
0.0,0.0,3.0,0.0,0.0,0.0,0.0,1.8307891626120556
0.009749605649169157,4.0,0.0,0.0,0.0,1.0,2.0,0.0795204917663832
0.0,4.0,3.0,0.0,0.0,1.0,0.0,1.1015630414363342
2.0,0.0,0.0,0.0,0.0,1.0,0.0,0.09891894865913298
2.0,4.0,3.0,3.0,2.0,1.0,2.0,0.13577471990101386
2.0,2.358232597658809,3.0,3.0,0.0,0.0,2.0,2.0
0.6279280355774763,1.6132814186371718,0.0,3.0,0.0,0.0,2.0,1.9189391442496857
2.0,4.0,3.0,3.0,2.0,1.0,2.0,1.8167251806601783
0.0,0.0,0.0,3.0,0.0,1.0,0.0,1.900680202614374
2.0,4.0,3.0,3.0,0.0,0.0,2.0,0.13352003073771956
0.0,4.0,0.0,0.0,0.0,1.0,0.0,2.0
2.0,4.0,3.0,0.0,0.0,1.0,2.0,0.03078285174639972
0.0,0.0,0.0,0.0,0.0,0.0,0.0,1.7675890153604579
0.0,0.0,3.0,0.0,2.0,0.0,0.0,0.2203276224078219
0.0,0.0,0.0,0.0,0.0,0.0,0.0,0.011370217620292888
0.0,0.0,0.0,0.0,0.0,0.0,0.0,1.049691689742041
0.0,0.0,0.0,0.0,0.0,1.0,0.0,2.0
0.0,4.0,3.0,3.0,0.0,1.0,2.0,0.9864982176038772
0.0,4.0,0.0,0.0,0.0,0.0,0.0,0.0
2.0,4.0,0.0,0.0,0.0,0.0,0.0,0.9075133551927091
2.0,0.0,3.0,3.0,0.0,1.0,0.0,2.0
0.0,0.0,0.0,0.0,0.0,0.0,0.0,2.0
2.0,4.0,0.0,0.0,2.0,0.0,2.0,0.0
0.0,4.0,0.0,0.0,0.0,0.0,0.0,1.948842752650361
0.7598006486164541,4.0,3.0,3.0,2.0,1.0,2.0,1.1736402135251462
2.0,4.0,3.0,3.0,2.0,1.0,2.0,1.5395790942038352
0.0,0.0,0.0,0.0,0.0,0.0,0.0,0.027233808415196292
0.0,4.0,0.0,2.9491490906745232,0.0,0.0,0.0,0.958678649511103
2.0,0.0,0.0,0.0,0.0,0.0,0.0,1.0834346624616895
2.0,4.0,3.0,3.0,0.0,1.0,2.0,0.0
2.0,0.0,3.0,3.0,0.0,1.0,2.0,0.9581260823830962
0.0,0.0,0.0,0.0,2.0,0.0,0.0,0.03735048388262607
0.0,0.0,0.0,0.0,0.0,0.0,0.0,1.0362925951892354
2.0,4.0,3.0,1.415981349153833,2.0,1.0,0.0,0.09135580240926955
2.0,4.0,3.0,3.0,0.0,0.30871190375048585,2.0,2.0
2.0,0.0,0.8245553649853568,0.0,2.0,0.0,0.0,0.03245034823559145
2.0,0.0,3.0,0.0,2.0,1.0,2.0,2.0
2.0,4.0,3.0,0.0,0.0,0.0,2.0,1.1846390874125383
2.0,4.0,3.0,0.0,0.0,1.0,2.0,2.0
2.0,4.0,3.0,3.0,2.0,1.0,2.0,1.159339972848752
0.0,4.0,0.0,3.0,2.0,1.0,2.0,2.0
0.0,0.0,0.0,0.0,2.0,0.0,0.0,0.021276864908999715
2.0,4.0,0.0,0.0,0.0,1.0,2.0,1.0401642237394917
0.0,0.0,0.0,0.0,0.0,0.0,0.0,0.03496165998762857
0.0,4.0,0.0,3.0,2.0,0.0,2.0,1.8011871283997016
0.0,4.0,0.0,2.949461288236967,2.0,0.0,0.0,2.0
2.0,4.0,0.0,0.0,2.0,1.0,2.0,1.0629592491708124
2.0,0.0,0.0,0.0,2.0,0.0,0.0,0.9231297741762173
2.0,1.9771625862623834,0.0,3.0,2.0,0.0,2.0,1.1110330293257609
0.0,4.0,0.0,0.0,0.0,0.0,0.0,1.7405477826412397
2.0,0.0,3.0,3.0,2.0,1.0,2.0,2.0
2.0,4.0,3.0,3.0,2.0,1.0,2.0,0.06750874853105782
2.0,4.0,0.8998593183274777,3.0,0.0,1.0,2.0,0.928544362739865
0.0,0.0,0.0,3.0,0.0,0.0,1.3719624178445504,2.0
2.0,0.0,3.0,3.0,2.0,1.0,2.0,2.0
2.0,4.0,3.0,3.0,2.0,0.8897608778720703,2.0,1.028259908869942
0.0,0.0,0.0,0.0,0.0,0.0,0.0,1.8869354147791837
0.8426189353867343,4.0,0.0,0.0,2.0,0.0,0.0,1.0201463159818325
0.0,0.0,0.0,3.0,0.0,0.0,0.0,1.9888200122385322
2.0,0.0,3.0,0.0,1.9239420842628112,0.0,0.0,0.9045211910530676
0.0,0.0,0.0,0.0,0.0,0.0,0.0,1.7559711160201386
2.0,0.0,0.0,0.0,2.0,0.0,0.0,1.0386633793330116
2.0,4.0,3.0,3.0,2.0,1.0,0.0,1.9234149912658882
0.0,0.0,3.0,0.0,0.0,0.0,0.02640247736678447,0.0
0.0,4.0,0.0,3.0,0.0,0.0,2.0,0.0
0.0,0.0,3.0,1.0879758667817936,0.0,0.0,0.0,0.0
0.0,0.0,0.0,0.0,0.0,0.0,0.0,0.9711500173885563
2.0,4.0,3.0,3.0,2.0,1.0,2.0,1.0467604777931034
2.0,0.0,0.0,3.0,0.0,0.0,0.0,2.0
2.0,0.0,3.0,3.0,2.0,1.0,2.0,1.0490548904922357
0.7071989448529938,0.0,3.0,0.0,0.0,0.14073997147809475,2.0,1.5821637756485678
0.0,0.0,3.0,0.0,0.0,1.0,0.0,1.9646013780406506
2.0,4.0,3.0,3.0,2.0,1.0,2.0,0.016277479473601586
2.0,0.0,2.5477633034826623,0.0,2.0,0.0,2.0,0.0
2.0,0.0,3.0,3.0,2.0,1.0,2.0,0.11343657532444484
2.0,4.0,3.0,3.0,2.0,0.0,0.0,1.6881329902292372
0.0,0.0,0.0,0.0,0.0,1.0,0.9866304951728239,0.07734007611035809
0.0,0.0,3.0,0.0,0.0,1.0,0.0,0.0
2.0,0.0,3.0,0.0,2.0,1.0,2.0,2.0
0.0,4.0,3.0,3.0,2.0,1.0,2.0,1.1022694103996433
2.0,0.0,3.0,0.0,2.0,1.0,0.0,1.7213148296069956
2.0,3.695066171257162,0.0,0.0,0.0,0.0,2.0,2.0
2.0,4.0,2.9906263229467314,3.0,2.0,1.0,2.0,1.017083861158147
0.0,1.194095347141332,0.0,3.0,0.0,1.0,0.0,0.029004701298876
2.0,4.0,3.0,3.0,2.0,1.0,2.0,0.9990938226112217
1.8006755294108632,0.0,1.6128903859769725,0.0,0.0,0.0,0.0,1.5418183457069463
2.0,0.0,0.0,3.0,2.0,1.0,2.0,1.895962599392346
0.0,0.0,0.0,0.0,0.0,1.0,0.0,0.0
0.0,0.0,0.0,0.0,0.0,0.0,0.0,0.15929796970853682
0.0,0.0,0.0,0.0,0.0,0.0,1.348688580588307,0.08872936066166004
0.0,4.0,3.0,3.0,2.0,1.0,2.0,1.9777722131979383
2.0,4.0,0.0,0.0,2.0,0.0,2.0,1.8252750085758707
2.0,4.0,3.0,2.2492417572811783,2.0,1.0,2.0,1.0940771619551333
0.0,0.0,0.0,0.0,0.0,0.0,0.0,0.200940670925297
2.0,1.5699845622284085,3.0,0.0,2.0,0.0,0.0,1.3099258447156719
0.0,0.0,3.0,0.0,0.0,1.0,0.0,2.0
0.0,4.0,0.0,0.0,2.0,0.0,0.0,0.01646810327343118
0.0,4.0,0.0,0.0,0.0,0.0,0.0,1.0847947626677021
2.0,4.0,0.0,0.0,2.0,0.0,2.0,1.6275373908809316
2.0,0.0,3.0,0.595600382278426,0.0,1.0,0.0,0.05223448260335706
2.0,4.0,3.0,3.0,2.0,1.0,2.0,0.8905907022108623
2.0,4.0,0.0,0.0,0.1312520687853037,0.0,2.0,1.8375406120479507
0.565397433889735,1.1723964046676798,3.0,3.0,2.0,1.0,2.0,0.0
0.0,0.0,0.0,0.0,0.0,0.0,0.0,0.0
2.0,0.0,0.0,3.0,0.0,1.0,0.0,1.9241481090216837
2.0,4.0,3.0,3.0,0.0,1.0,0.0,1.0287996488936046
2.0,4.0,3.0,3.0,0.0,1.0,0.0,2.0
2.0,4.0,3.0,0.0,2.0,1.0,2.0,2.0
0.0,4.0,0.0,0.0,0.0,0.0,0.0,0.0
0.0,4.0,0.0,3.0,0.0,1.0,0.0,0.0
0.0,4.0,3.0,3.0,0.0,1.0,2.0,0.0
0.0,4.0,3.0,0.0,0.34191346597477557,0.0,2.0,1.054712652061251
0.0,0.0,3.0,0.0,0.0,0.0,0.0,0.0
0.6837532847636615,4.0,3.0,0.0,2.0,1.0,2.0,1.6707543140599317
2.0,4.0,0.0,0.0,2.0,0.0,2.0,1.091520698435401
0.0,0.0,0.0,0.0,0.0,0.0,0.0,1.0324531562162809
2.0,4.0,0.0,3.0,0.0,1.0,0.0,0.0
2.0,4.0,3.0,3.0,2.0,1.0,2.0,1.0134079891718584
2.0,4.0,0.0,3.0,2.0,1.0,2.0,0.8229975372946597
2.0,4.0,3.0,3.0,2.0,0.0,0.8791118103908444,1.8598104045384152
0.0,2.568343126190425,0.0,0.0,0.0,0.0,0.0,2.0
0.5067364777100604,0.0,0.0,0.0,0.6297610023716083,0.0,0.0,0.09139504296639378
0.0,4.0,3.0,3.0,2.0,0.04954798066018351,2.0,1.1263675043755441
2.0,0.0,3.0,0.0,2.0,1.0,0.0,0.0
1.5718143805041118,0.0,3.0,0.0,0.0,0.0,2.0,1.850360520171876
2.0,0.0,0.0,1.1070602564917125,2.0,0.0,0.0,0.0
2.0,0.0,3.0,0.0,0.0,0.0,0.0,0.0
2.0,4.0,0.0,3.0,2.0,0.0,1.09560785916914,0.0
2.0,0.0,0.0,0.0,0.0,0.0,2.0,1.9139641112014913
2.0,4.0,3.0,3.0,2.0,1.0,2.0,1.0074165816360137
2.0,4.0,0.0,3.0,0.0,0.0,2.0,0.0
2.0,0.0,0.8982324964679065,0.0,0.0,1.0,0.0,0.0
2.0,4.0,3.0,3.0,2.0,1.0,2.0,1.111245916049963
2.0,4.0,3.0,3.0,2.0,1.0,2.0,0.0
0.6581476909827625,0.0,0.0,0.0,0.0,0.6736856343188733,0.0,0.9472429144639938
0.0,4.0,0.0,3.0,2.0,1.0,0.8391956390276161,1.8403509382350927
2.0,4.0,1.8113181851603142,3.0,0.0,1.0,2.0,0.0
2.0,4.0,0.0,3.0,0.0,1.0,0.0,0.9976275293244136
2.0,0.0,0.0,0.0,2.0,0.0,0.4728348232426147,0.02549340314545645
2.0,4.0,3.0,3.0,2.0,1.0,2.0,1.8572941117891788
0.0,4.0,3.0,3.0,0.0,0.0,2.0,0.8606315450826485
2.0,0.0,3.0,0.0,0.0,0.0,0.0,1.8660525659347031
2.0,4.0,3.0,3.0,2.0,1.0,2.0,0.007355225263181442
0.0,0.0,0.0,0.0,0.0,0.0,0.0,0.02921117571180698
2.0,4.0,3.0,3.0,0.0,1.0,2.0,0.017114115245883577
0.0,0.0,3.0,0.0,0.0,1.0,0.0,1.7132921996066108
0.0,0.0,0.0,0.0,0.0,0.0,0.0,1.156575205406459
2.0,4.0,3.0,3.0,2.0,1.0,0.0,1.1450585260230017
0.0,0.0,0.0,0.0,0.0,0.0,0.0,1.931125438342717
0.0,4.0,3.0,3.0,0.0,0.0,0.0,2.0
0.0,0.0,0.0,0.0,0.0,0.0,0.0,0.0741602807377949
0.0,4.0,3.0,0.0,2.0,1.0,2.0,1.0144222838524997
2.0,0.0,3.0,0.0,0.0,1.0,2.0,0.8940195830898302
0.0,0.0,0.0,0.0,0.0,1.0,0.0,1.0042235329549185
2.0,4.0,3.0,3.0,0.0,0.8956484723209666,0.0,0.0
0.0,0.0,3.0,1.7100640934491143,0.0,1.0,0.0,1.1421116792682817
0.0,0.0,0.0,0.0,0.0,0.0,2.0,1.9893565678226426
2.0,4.0,3.0,0.0,0.0,1.0,2.0,0.0
0.0,4.0,3.0,3.0,0.0,1.0,2.0,1.005984275719758
0.0,4.0,0.0,0.0,0.0,1.0,0.0,0.059666020070900716
2.0,0.0,0.0,0.0,0.0,0.0,0.0,0.04351464374823677
2.0,4.0,3.0,3.0,2.0,1.0,2.0,0.05918895667284352
2.0,4.0,3.0,3.0,2.0,1.0,2.0,0.8882090155303884
2.0,0.0,3.0,3.0,0.0,1.0,2.0,0.9444393830124233
2.0,4.0,0.0,3.0,2.0,0.0,0.0,0.04290997912758765
2.0,4.0,3.0,3.0,2.0,0.0,2.0,1.900449995245037
0.0,0.0,0.0,0.0,0.0,0.0,0.0,0.06977095512176079
0.18598710817313546,4.0,3.0,3.0,2.0,1.0,2.0,0.0
2.0,0.0,0.0,3.0,0.0,1.0,0.0,1.9685244894037206
0.0,4.0,3.0,3.0,2.0,1.0,2.0,1.0612414156407977
2.0,0.0,0.0,0.0,0.0,1.0,2.0,0.0756873197237029
0.0,4.0,3.0,3.0,2.0,0.0,2.0,2.0
0.0,0.0,3.0,0.0,0.0,0.0,2.0,2.0
0.0,0.0,2.2530381883586377,3.0,2.0,1.0,0.0,0.13459392690618976
2.0,0.0,0.0,0.0,0.0,0.0,0.0,0.0
2.0,4.0,3.0,3.0,2.0,1.0,2.0,0.2624736156060157
0.0,4.0,0.0,0.0,0.0,0.0,0.0,0.9975350721448182
0.0,0.0,0.0,3.0,0.0,0.0,2.0,1.9451381844924578
2.0,4.0,3.0,3.0,2.0,1.0,2.0,0.9901969358482148
2.0,4.0,3.0,3.0,2.0,1.0,0.0,1.5071068635378913
0.0,0.0,0.0,0.0,0.0,0.0,0.0,0.15503381904529767
0.0,4.0,3.0,0.0,2.0,1.0,2.0,0.9618651214958084
2.0,4.0,3.0,3.0,2.0,1.0,2.0,1.8233881459362933
0.0,0.0,0.0,3.0,2.0,1.0,0.0,1.9746526485213223
0.0,0.0,0.0,0.0,2.0,0.0,0.0,0.047013821472988604
0.0,0.0,0.0,0.0,2.0,0.0,2.0,2.0
0.0,4.0,3.0,3.0,1.2616889235032978,1.0,0.0,0.0
2.0,4.0,0.0,3.0,2.0,1.0,2.0,0.9036192048308362
0.0,0.0,0.0,0.0,0.0,0.0,0.0,0.22011148750949827
0.0,0.0,3.0,0.0,0.0,0.0,0.0,0.21055185461600867
0.0,0.0,0.0,0.0,0.0,0.0,0.0,1.910651568051696
0.0,0.0,0.0,0.0,2.0,0.0,0.0,0.8920731713058023
0.0,0.0,0.0,0.0,0.447619555042596,1.0,2.0,0.0
2.0,0.0,3.0,0.0,2.0,1.0,0.028591061552286523,1.1478573042077957
0.0,2.5607637059967474,3.0,0.0,0.0,1.0,0.0,0.16847388988460887
0.0,0.0,0.0,0.0,0.0,0.0,0.0,2.0
0.0,0.0,0.0,0.0,0.0,1.0,0.0,2.0
0.0,0.0,0.0,2.903765247018508,2.0,0.0,0.0,0.0
0.0,4.0,0.0,3.0,2.0,0.0,0.0,2.0
2.0,4.0,0.0,3.0,0.0,1.0,2.0,1.0954208244343282
2.0,4.0,3.0,3.0,2.0,1.0,2.0,0.013472817973469997
2.0,4.0,3.0,3.0,2.0,1.0,2.0,0.0
0.0,0.0,0.0,0.0,0.0,0.0,0.0,1.5739202366735983
0.0,0.0,0.0,0.0,0.0,0.0,0.0,0.0
2.0,0.0,0.4205713766509161,3.0,0.0,0.0,0.0,1.3267818278846981
0.0,4.0,0.0,0.0,0.0,1.0,2.0,0.0
2.0,4.0,2.8257994621552234,3.0,2.0,1.0,2.0,0.0
1.0726266362101204,0.0,0.0,0.0,0.0,0.0,0.0,0.026470582026622336
2.0,4.0,3.0,3.0,2.0,0.0,2.0,0.047300381494465804
2.0,0.0,0.0,0.0,0.0,1.0,0.0,0.0
2.0,4.0,3.0,3.0,2.0,1.0,2.0,1.8422461477055259
2.0,4.0,3.0,3.0,2.0,1.0,2.0,1.1807877138154086
