0,1,2,3,4,5,6,7
0.63883686,0.14857131,0.15233895,0.5229,1.0698214,0.39712822,0.89058506,-0.41797394
-0.1240088,0.632174,-0.4676376,-0.055388693,-0.504467,-0.06679528,-1.4292629,0.702227
0.56139594,-1.0377854,0.37465128,0.7052481,-0.32069957,-0.12352358,0.6233511,0.3300267
1.5643246,-0.39770433,1.9474022,0.4765922,1.0253152,-0.27863684,0.03133621,0.036225755
1.527777,0.16811313,0.04993175,-1.1453646,1.0589789,-0.36444068,-0.18761437,0.8211964
0.7763311,0.3312179,1.3208969,0.34145054,0.31245726,0.2333798,-1.2418143,0.9181498
1.0112523,0.45629793,0.060967617,1.2539986,-0.19960795,-0.6875795,1.5267454,0.08565073
1.1751509,-0.49689168,0.95895135,0.29706144,1.0818509,0.3165318,-0.6683447,0.4426597
0.48369715,-0.64495313,1.342766,-0.85188216,0.7579154,-0.0077102166,-0.5337213,0.42153013
-1.6031944,0.9339661,1.1330862,-0.120370835,-0.19662553,-0.21894138,0.42459393,0.72064817
1.0745288,-0.2264465,0.15292758,0.70973706,-0.029825516,-1.1939933,0.6327349,-0.46004263
1.080153,-1.0744308,-0.51197004,1.6981903,-0.0396679,0.043615542,-1.495673,0.040090594
-0.7798785,-0.2438441,0.54386365,-0.5020351,0.57319796,0.1468847,1.4653038,0.11012892
0.083918676,0.31100115,-1.216545,0.5347356,1.0772725,1.0641657,0.03965209,-0.22742781
-0.47491246,1.0313871,0.7712149,-0.10973477,-0.70196736,0.22259001,-0.66582733,0.36101267
0.097387,-0.05155653,-1.1232857,1.0687062,1.2454857,-0.76927656,0.02108666,1.1882306
0.5049022,1.7249545,-0.031531118,-0.3605917,0.17563044,1.4857908,0.45488197,0.9360443
-0.017139837,1.4410875,-0.07122168,-0.9172221,0.8441559,-0.7734567,0.36716557,-1.04396
0.52946085,-0.6566858,0.6470003,1.243822,0.94251096,-0.33287016,-0.78385967,0.73594314
-0.3287602,-0.9307468,2.1076531,-0.87325794,0.26117122,0.37865776,1.2499999,-0.039243564
0.13288704,-0.5081273,0.8476131,0.18980499,0.44877952,1.2550831,-0.2215242,0.47042784
-1.0349033,-0.4427952,-0.23811787,0.7334391,0.70088905,1.3962883,-0.86412823,0.2735338
0.7208832,0.52760226,-0.8168812,-0.48435256,0.9430676,-0.61753553,-0.85523075,0.4622016
0.43065476,0.39986172,0.93227845,-1.6683593,0.97020936,1.3113651,0.72261626,-0.7535847
-0.637668,-0.37719625,0.43658566,-0.45773503,1.4314041,0.3989148,-0.99217457,1.377352
0.557741,-0.9824838,0.073573984,-0.3565406,0.35147873,0.28962013,-0.009523215,0.1754416
0.59967804,-0.4717063,0.48932627,-0.6640494,-0.407868,-0.2938803,0.38701457,0.48847538
0.7121157,0.54064995,-1.0457178,-0.38451785,0.9161493,0.3245452,0.26453215,-0.4435965
0.41324818,-0.507967,0.1087502,1.0204906,-0.6075987,0.04549739,0.22306244,-0.8921055
1.3243874,-1.4746647,1.2716252,0.17558923,-0.3240809,0.79379445,-0.12916875,1.5800179
0.09271392,0.27701983,0.43831277,0.7055592,-0.74404293,-0.12300986,1.2192442,-0.33834478
1.3643126,-0.054119203,-0.19177803,1.6417538,-0.90331924,-0.20407312,0.40220436,0.40512416
0.5396061,0.72047365,-0.11946537,1.202284,-1.4971756,-0.8682161,-0.5754053,1.5557015
0.1414412,0.16324167,0.745924,-0.14409913,1.0181743,-0.26198554,-0.7458471,-0.18741831
-0.595391,0.32502887,0.84972924,0.983764,0.4224421,-0.114274055,1.049309,0.20688096
0.7719198,0.1106561,-0.03031589,0.9846475,-0.08330875,0.03540592,1.8479452,0.396427
1.970494,-0.19085322,0.41440183,-0.95385194,0.067956224,-0.5730064,0.29112655,0.73386955
0.6147793,-1.0370855,-1.1443882,0.8520386,0.9362242,1.0211723,-0.9945216,0.12812473
0.638665,1.395163,-0.5837794,-0.12763175,0.020345237,0.27307653,0.4674015,1.0071461
1.7004485,0.39087898,-0.28519076,-0.3445211,0.73397696,-0.16697897,-0.73051053,-0.33376095
0.7107258,-0.16877669,0.5851282,0.98362345,-1.0890557,-1.3410674,-0.24230148,1.1497321
0.76451874,0.19831923,0.4203914,-0.32709184,-0.10536201,0.43898734,-0.75510716,0.92138195
-0.046214603,-0.6715682,-0.92949444,0.8922276,0.81058186,0.7034782,-0.14839241,-0.31892133
-0.3702654,0.9192748,-1.0801395,0.42115512,-0.1978948,1.0647248,-0.48382214,-0.264693
-0.10059396,0.15079507,-1.0838941,0.0121157095,2.0929928,1.4707063,-0.45818913,-0.16379985
-0.06725479,0.45652774,2.8675797,0.16423456,0.25981125,1.1262281,0.8840416,-0.44700453
-0.17084643,-0.91719055,2.1984239,0.46446052,0.20341615,0.079191245,1.5599104,1.5926069
1.033325,-0.809817,1.6242615,0.6178935,0.13864595,-0.4718225,-0.23589209,0.021110121
0.9375887,-0.5601798,0.44646984,-0.22046657,1.3405855,-0.77647007,-0.043338194,0.6149102
-0.21387562,-0.9594444,0.6665059,-0.51580596,1.9874791,1.044401,0.9113235,0.9517161
0.5243716,-1.2908509,0.2826357,0.38242906,0.5076743,-0.43274277,0.6607253,0.8569252
0.31514356,-0.20521207,0.43192616,-1.6228644,1.1542056,1.0313302,-1.3125613,1.688863
-0.32761756,-0.14310911,0.3336663,0.00882411,0.6627352,-0.64758754,-0.47574827,0.13618162
0.5235536,-0.32618374,-0.69126457,0.7844111,0.2525242,0.4439278,-0.20198427,-0.40101367
0.47888318,-0.26626685,1.2029682,0.1691882,1.4625493,-0.8729702,0.23442475,-0.21419486
0.3072124,1.1046317,0.78418386,-0.14909996,1.2299188,0.9208719,0.82358366,-0.5929822
0.8964017,0.49703577,1.9440452,0.06917828,-0.017093334,1.1223121,-0.63443434,-0.22400832
0.36470434,-0.11627607,0.9467917,0.9689311,0.45988008,0.41245493,0.88697034,0.03280512
0.8036502,-0.36907464,0.16201264,0.6118057,-0.17520384,0.28668815,-0.4666642,1.2437742
0.015379172,0.21513677,-0.3183276,-1.5632582,0.38095894,-0.06404035,-0.74224615,-0.5117775
-0.4958613,0.7181488,0.37408075,-0.30783278,-0.055709902,0.12819628,-0.11950767,-0.19903114
0.23526722,-0.40948948,-0.745847,-0.38210025,0.27859375,-0.5190077,0.19765045,0.049324036
0.52408504,0.0023883395,-1.0771952,-0.5987621,0.19806184,-0.041725554,0.03618129,-0.6268512
1.3283955,-0.2779166,0.55072445,-0.023481365,-0.9473866,1.5552046,1.1855013,0.4574501
-0.25212333,0.61937517,0.0822123,0.4289026,-0.836264,1.6418077,0.00998256,1.3201679
-0.16693455,0.69497234,0.28582475,-0.6796983,0.3168485,1.153778,-1.2650535,0.16423583
0.010263834,0.5038429,0.94692403,0.73073596,0.03812422,1.2328255,1.1903559,-0.36140034
0.12147781,-0.80902135,0.7241983,-1.1575022,0.5730251,1.0497524,1.2596252,-0.26576635
0.64497286,0.36333463,-0.65601015,0.20388809,-0.69094753,1.4715714,0.5879851,0.5045276
-0.54707444,0.17006078,1.8728726,-0.90318274,0.3893968,1.2137697,-0.6549528,0.9772695
-1.0451303,0.55335563,-1.0545048,0.092503265,-0.6416684,0.081473425,1.2689943,1.1696584
0.5941206,0.45947984,0.21806774,0.49074432,1.6962823,0.97962993,-0.14148149,1.1450583
0.92183536,-0.82214516,2.088401,-0.5169834,-0.29253662,2.0264955,1.7994733,0.02221676
1.3503177,-0.6117526,0.17780876,-0.75858617,0.047976784,1.1476376,-0.73234797,-0.17806873
0.48027283,0.7288334,-0.69904107,-0.7670051,-0.149809,-0.21293692,-0.3945255,0.23136199
1.7292047,0.5448233,-0.35042784,-0.37519342,0.2790121,1.3359516,-1.1074693,0.5717324
-0.9255423,0.05767554,0.30364928,0.690106,2.111729,-0.31549582,-1.0089793,0.050309382
-0.6792543,0.5227623,1.4282457,-0.02154969,-0.50264823,-0.5643062,0.5283952,0.46502888
-0.5261023,0.8187351,0.15648255,0.16121723,0.3456503,-0.43910962,0.8184623,0.8667434
-1.3375672,0.9054289,0.7588616,0.09209858,0.8957195,1.1473255,0.5063015,-0.41762486
-0.45705825,0.07712309,-0.018028542,0.03714224,0.08322973,0.061891362,-0.8923469,0.60913646
0.5274068,-0.6271985,-0.017324341,0.36506987,-0.46755385,-0.36772832,-0.06344555,0.42386913
-0.90343946,1.6271757,0.43210822,0.45540607,1.3188121,0.50426805,0.6198534,2.6101863
-0.75617373,1.1065142,-0.690119,1.3835669,-0.16911979,0.8250316,0.72948605,0.41866863
-1.2822942,-0.30947787,0.14123765,-0.013883587,-0.18613361,-0.33736575,0.022721488,0.41843766
-0.2499584,0.1859025,-0.2886573,-0.32872,1.8283983,-0.03986337,0.21490355,-0.6462354
0.6698426,0.61475444,-0.054332767,1.1250864,0.063958734,-0.69585377,0.22958972,0.6025447
0.1680088,-0.77679265,1.4770666,1.5584326,0.72484744,0.7369866,-0.08743334,-0.29494083
-0.18348512,0.473651,-0.3596765,0.1126671,0.7715818,-0.6700423,0.17322044,0.5242346
0.30805916,0.7786829,0.65697247,0.036573447,-1.1322393,0.54560876,0.5634406,-0.2085396
0.55511695,-1.2707862,0.21062016,-0.4312467,0.56049436,-0.1591854,-0.29059806,1.0763485
0.1017833,0.45908496,-0.78226167,-0.105121896,0.22578573,-0.44743943,0.51432616,0.6950391
0.8267852,-0.40818682,0.10248985,-0.1711155,0.39652854,-1.0374976,0.095463544,0.4565315
-0.35856968,-0.37824446,0.88031596,1.4647635,-0.0927287,1.3273866,-0.21748108,-0.43201086
-0.6186498,0.22931586,-0.7806601,-0.42816368,0.37523997,0.5740485,0.24164574,0.040439285
-0.19114429,0.08204697,-0.39244205,-0.8767066,0.8093529,-0.26533017,-0.79214585,0.6510712
-0.08115325,0.34540585,0.48504987,0.653156,0.277331,-0.45504558,-0.09708901,-0.5266441
0.9936686,0.025927663,1.525418,-0.079963356,0.2674676,1.2294958,0.15147859,-0.53442645
-0.29267746,-0.041452635,0.11625191,1.2288837,0.13089013,0.107757784,0.19327733,-0.18438548
1.6769191,-0.32955655,0.9899,0.8812518,0.18270071,-0.76517135,0.4357792,-0.29409748
0.99817026,0.39849737,-0.5986125,-0.7149552,0.17904046,0.27752838,-0.99779737,0.6762638
-0.51376504,0.60998386,0.44686365,0.10802798,-0.094656475,0.19999337,-0.93633246,1.3253521
0.53577244,-1.0125335,0.308088,-0.09801057,0.37704334,-0.8421147,1.5375929,0.58653885
-0.8109618,0.1330613,1.679154,0.9942979,-0.045792922,-0.20110774,-0.031035779,0.21799156
0.43184853,0.83259463,0.4594283,1.2156216,1.0125103,-0.33955348,-0.603955,0.9644344
0.7562602,-0.4152335,-0.7364326,1.4112675,0.1699048,1.318147,0.8910257,0.025610153
-0.13980573,1.2209036,-0.1643196,0.32989308,0.54693514,0.23716216,-0.14482705,-0.22241905
-0.25706655,0.6392888,-0.23768619,-0.035019044,-0.00017511845,-0.40765828,0.769166,-0.071421884
0.0110863075,0.9725701,-0.8299176,-0.7870623,0.6242817,-0.27307767,-0.05764617,-0.21729425
0.23106775,-0.16620691,1.1261775,-0.6172046,0.8370283,-0.3663987,-0.7766203,-0.16695139
0.9922027,1.7783127,0.757216,-0.16249779,-0.73560095,-0.35207465,-0.3981491,1.5767415
-0.34255484,-0.20480208,0.33522657,0.38653368,0.26181674,-0.5878086,-0.4166859,-0.28508624
0.85520226,0.18551885,-1.3832192,0.32718304,0.6075378,1.4474189,0.2876388,1.3365369
-0.24685076,0.75309837,0.6931608,0.24515551,-0.8249307,-0.021036567,-1.128423,0.42142156
0.052614756,0.007355009,1.0398253,-0.4091073,0.6539542,-0.69873863,1.1338879,1.0946013
-0.1271039,1.4984798,-0.3319408,-0.61734164,0.106433645,0.4285994,0.022971697,-0.024705626
0.6311671,1.3882269,1.8775291,-1.4507087,-0.20573112,-0.17205264,1.9663959,-0.6773788
0.31659955,-0.31647137,-0.65628767,-0.92300045,1.2547375,0.47191182,-0.3377722,-0.3086776
-1.1281277,0.12358318,-0.79448897,1.1938274,-0.5021074,0.3426267,2.230816,0.8622473
0.7027897,0.57084846,0.5645424,0.67688805,-0.5938732,0.3859713,0.35994923,0.6594317
0.46578225,-0.31383714,-0.02203823,-0.53147393,-0.45171925,-0.0002812408,-0.031028964,0.45122623
-0.08069942,-0.6976567,-0.09413205,0.8779771,-1.011261,0.1679503,-0.6411466,0.087102145
-0.26774174,-0.24231522,0.3850534,0.3731371,-0.14116591,0.15176103,1.4679275,-0.8655454
-1.0098683,0.40838167,1.2344966,-0.6511388,-0.34568727,0.75934696,-0.3703029,1.2194129
-0.071063526,1.0860574,0.30880553,0.27865762,1.4678292,-1.0685124,-0.3862109,0.21681994
0.41556907,-0.5918353,0.7544436,-0.36560673,-0.5231339,-0.12486935,0.347099,0.615968
0.52198696,-0.7111504,-0.42116293,0.5854653,1.289696,0.2938081,0.22454382,0.96957344
0.27542207,-0.14783448,-0.3037067,-0.6844221,0.3893893,0.5270914,0.7188572,-0.4350892
1.0131634,1.3804678,-0.5333347,0.014011979,-0.766311,0.22846627,-0.23070948,0.32535332
-1.3849093,-0.7671908,1.2852412,1.2659854,-0.48053494,0.5357507,0.32549185,1.2799089
-1.0631088,0.043979183,2.29927,0.13345331,0.7657134,0.25178602,-0.1434567,0.5396117
1.9119796,-0.68992865,-0.06843482,-1.2339754,1.7462442,-0.2682064,0.21112144,0.6917989
-0.59923273,-0.11396009,-0.39100543,-0.38203272,1.2123555,-0.4156644,-0.028458329,0.42319873
1.0788326,0.25699964,-0.8672645,0.9327741,-1.245746,-0.01783765,-0.7336893,0.35062256
0.014004063,-0.16909142,1.1346449,-0.73745626,-0.33334562,-0.83768064,-0.13970599,0.3098621
0.18964761,0.045246437,0.25578108,-1.2183082,0.365747,1.1006652,-0.41085964,1.0432621
0.039954945,-0.13307336,-1.2719806,-0.7089205,-0.45728624,1.2336004,0.35380727,-0.33788225
-0.5235309,0.7681008,0.15728924,-0.5778665,-0.42604327,0.7885123,0.26128766,0.08263376
0.21957463,-0.56605285,-0.41484523,0.10878079,0.59947574,-0.14643627,0.32233492,-0.14379296
0.80719286,-0.60027504,-0.9913785,1.4452852,0.7818609,0.27297533,-0.004528703,0.13912731
0.082694404,1.806051,0.69406426,0.6886618,0.43479058,0.5658952,-0.35062325,-0.680893
-0.64169395,-0.28739944,1.1628753,-1.1221297,0.35950187,0.3025528,-0.15603304,0.42295307
0.8175793,1.2249094,0.1395208,-0.45129094,0.39284003,-0.99565196,0.81456953,0.09081282
1.645897,1.1968945,-1.618608,1.2909508,1.200249,1.0428576,0.6587114,-0.05399158
0.7318228,-1.1973946,1.3274654,0.15395527,0.36963633,-0.27344102,-0.89424,1.7000345
-1.032324,1.9435148,0.8593482,-0.21697168,-1.0497396,-0.52647036,2.5835605,0.20548907
1.0101177,0.90425736,1.1839634,0.04166739,-0.059337508,-1.7945952,0.13710554,1.3552191
-0.0032904,1.3787866,-1.5139791,1.1745129,0.50365,2.1414719,-0.24234667,1.6731858
-0.09336463,1.271494,0.86784506,0.22762127,-0.305938,-0.016227262,-0.1756299,0.17888379
-0.916802,-0.40591025,-0.088214666,0.80253,0.33515885,0.5450333,1.9441139,0.7315254
0.92920893,1.9018011,-0.12978882,-0.15952064,2.273929,-0.6824014,1.2239908,1.5669324
-0.6288588,0.9841954,0.67900616,0.765063,0.026934016,-0.32293108,-0.6148926,-0.5244791
-0.8373034,0.2166309,-0.55827016,0.6704093,1.170446,0.6309582,-0.065980315,-0.53769386
-1.527625,-0.014135394,0.22576046,1.4537799,0.8623741,0.9437384,-0.6440428,0.7210149
-0.8125514,-0.20008418,-0.755343,-0.09415443,0.1723076,0.68360823,0.063577384,0.20440963
-0.8796639,-0.23736338,-0.74113196,-0.02877855,0.021579172,0.7825354,-0.15842958,0.5601508
-0.9213913,1.5773532,-0.48714855,2.4617507,0.47627696,0.74378896,1.3645234,-0.01576668
-0.15487471,0.45569006,0.25965673,1.2929866,-0.6188587,-0.43567178,-0.37209576,-0.8437887
0.48752517,0.11151397,0.18585292,0.33738473,1.31153,-1.1124152,-0.32567698,1.0967948
-0.21176046,1.0658877,-0.64096975,0.69791615,-0.5110696,1.1681882,0.08684729,0.6470443
0.25726208,-0.024741363,0.9149391,-0.7284395,0.35441652,-1.5168408,0.74540544,0.15842058
-0.1452488,0.32118824,0.42838368,0.30035546,0.3016477,-0.5170548,-0.6065097,0.9711823
1.0447552,0.94682604,-0.5218086,-0.65336365,0.17225605,0.5491282,1.3517139,-0.30402276
-1.130922,1.3678769,0.40038434,0.45769405,-0.61482084,1.0474032,1.3904475,0.9503272
-0.6550983,-0.25338385,1.3695389,0.40615055,1.1174586,-1.2794839,0.04751252,0.42167047
-0.7401163,0.35241002,-0.5560013,-0.84616184,0.78159356,-0.18081161,0.93120956,0.8884448
0.5918092,1.0807147,-0.33658588,-0.28207842,0.07635815,-0.63073385,-0.33252332,0.7102382
0.7006842,-0.5685353,0.9407897,-0.57920504,0.303592,-0.15872468,-1.3298011,1.1593246
-0.7063343,1.6925547,-0.663276,1.4433672,1.0533684,0.56612307,0.8908139,0.18921348
-0.83794475,0.526647,-0.5647466,-0.79719865,0.36600766,-0.54932165,0.45437,1.6382987
-0.4545176,0.2082091,-0.31263626,0.69021,0.28404406,-0.77487624,1.1162547,-0.30994606
-1.1814932,0.9782452,-1.0760406,-0.29117203,0.7951486,1.8695141,0.25597903,-0.1427859
0.6096643,0.58783793,0.241016,0.4170972,0.71372765,1.0444397,1.882636,-0.4419941
0.4842679,-0.7031806,0.001277877,-0.28912264,0.6685865,0.31223384,-0.66830045,1.4696707
-0.013440609,3.0,0.54009765,-0.5058015,0.60342914,-0.58650404,-0.30651054,0.5493349
-0.6156338,0.9423175,0.074170366,-0.65136606,0.42876616,0.25696114,-0.33038962,0.40336776
0.97556806,-0.13158903,-0.15017158,-0.12720679,-0.3863121,-1.1029893,-0.0524876,-0.0631414
0.7860546,1.0626854,0.25349656,-0.026287686,-0.96352184,-0.92792886,0.1729353,-0.38916504
0.26902243,0.32095736,0.71850866,0.82125473,-0.07308151,-1.3568158,0.34167254,-0.07160611
-0.4085407,0.03903067,0.5375434,-0.4345606,0.31411156,1.076229,1.5013523,-0.88738686
0.22375783,-0.79732853,-0.56083554,-0.98794127,0.57628846,-0.28075472,0.11592582,1.2176486
-0.14265245,1.0697429,0.22613016,0.036589466,-0.8306238,-0.38777715,0.068476304,0.44699585
-0.11208021,0.45724785,0.10830603,1.0664088,-0.063103124,-0.84239423,-0.08886196,-0.0973214
-0.25042665,0.41378367,-1.1438749,-0.5329123,0.23709951,-0.16568,1.1848162,-0.82243353
0.6197892,-0.48362088,-0.34913698,-0.66603535,0.15235828,0.8219042,-0.23738791,0.013112575
0.42097923,-0.31963295,0.09044485,0.8390627,-0.38334638,-0.53018844,0.34720263,-0.27490792
1.3897165,1.3667537,1.8853918,-0.011189658,1.0387756,0.236194,1.0206136,0.5988806
0.83851564,0.0075521637,-0.14770636,-0.10730533,-0.46965986,0.34703308,-0.3250149,0.56888735
-0.22533533,0.08949782,0.21468693,0.049138706,-0.44574633,0.2742954,0.828792,1.211858
1.1310693,1.05585,1.1094016,0.071041,-0.7356373,-0.56465656,-0.0857562,0.4288874
-1.7885677,0.693723,0.6345638,0.2424141,0.39534035,0.8614253,0.17111078,-0.18370241
0.017765112,0.1506607,0.8572038,0.19892338,0.07477524,0.19582501,0.04824013,1.7486373
0.094442055,0.3195635,-0.6501164,0.73317975,0.48166335,0.69008344,0.012626946,-0.78670794
-1.1141907,1.1990645,0.96127355,-0.14758958,0.92009395,1.0141078,0.9027606,0.6616124
-0.8989307,-0.6385014,1.0829363,-0.5660459,-0.6557446,1.0169806,0.8887528,1.2714262
1.2497286,-0.36224753,-0.2147387,1.2235906,0.00044130627,-0.118774116,-0.7691587,0.92692655
-1.1404357,-0.085836366,0.2571986,1.0649984,-0.4106361,0.32989138,-0.1374759,0.49333835
-0.2321716,-0.59504086,-0.022637883,-0.20262371,-0.11092654,0.071534894,0.7477712,0.4988037
-1.125157,-0.97195154,0.3733416,1.3769494,0.05349747,0.66328645,-1.6742561,0.33370325
-0.4278009,-1.048496,1.2371868,1.7192895,0.44217318,-0.23284769,-0.83320236,0.070838794
0.19963148,-0.22248308,-0.28787506,-0.73054796,0.8816793,0.8971488,0.19487457,0.28454533
0.4493506,-0.9979828,-0.033124298,-0.19556472,1.1795505,0.1227739,0.038181495,-0.7289759
-0.5635983,1.154757,-0.021587161,1.0111129,0.8285329,0.40251577,1.7046989,0.30368075
0.1736668,0.49428368,-0.051948655,-0.09195939,0.07406458,-0.92894936,0.12505557,-0.20105633
0.56588787,0.9198878,-0.26207158,-0.89944696,0.9215544,0.14373164,-1.3417157,0.15206546
0.2500599,0.6339239,0.4304812,-0.5638936,-0.27883676,0.4975533,-0.28275457,0.8142465
0.31233087,-0.81814057,-0.8487966,-0.10074453,0.660717,-0.76212764,0.84381247,-0.2383506
-1.0988858,-0.10746099,-0.6013892,0.28544703,0.88496315,1.099411,-1.0959182,0.62627596
-0.5697437,-0.13729528,0.47179723,0.24277826,-0.5378344,0.7103521,0.22001867,-0.010117471
0.37303388,0.06716189,0.9457656,0.33617443,-0.93969864,-0.80723214,-0.42684776,0.09373352
0.5618142,0.23815203,-0.08150479,-1.124882,0.07135524,-0.74983007,1.178071,0.1608963
-0.017521434,-1.2022072,0.32858926,-1.0567157,0.6442957,0.1040301,-0.5615896,0.11221005
0.35166645,0.020236103,-0.35501772,-0.17041312,-0.18362625,0.84670806,-0.49398968,0.6908497
-0.46049684,-0.10547644,0.1232794,-0.6254087,1.5058953,-0.6397976,-0.8121669,0.24709338
1.1315151,-0.015664127,-0.35929677,0.121809006,0.2814162,-0.17228895,-1.4181191,0.90573657
0.38467354,-0.14301676,1.9412818,-0.18405274,-0.6169871,1.6143275,1.7832723,-0.18570435
-0.19317546,-0.4284353,-0.03357988,-0.8315685,0.25860634,-0.9372076,-0.7160042,1.5153646
0.2512414,-0.2777604,-0.056476176,-0.35289666,0.94732195,1.1197795,0.2672661,0.18182063
1.6021576,-0.42035717,-0.005238073,-1.95533,0.43481284,1.3480043,-0.79627067,0.95735264
0.038945638,-0.8818022,-0.44228053,0.39256692,0.24457075,0.71615416,-0.53519994,1.1226561
0.8209859,-0.107444495,-0.896614,0.43727913,0.67416185,-0.29949892,0.9394185,0.08772403
-0.23701122,1.5558145,-0.41871604,1.2383795,0.8413629,0.33919796,-0.44833392,0.45157987
-0.52468157,0.0867077,-0.9910192,-0.8711778,1.7384039,0.0520275,0.9351222,-0.4165151
-0.5480365,-1.4126005,-0.45154938,0.1790671,0.44726667,0.592325,0.17301907,-0.06798152
0.5703398,-0.5498916,-0.0086767245,0.35175842,0.15851216,-0.8614754,0.04989678,0.48904258
0.5166046,-0.49018866,1.8652388,1.1253055,0.5193972,-1.1947265,-0.8902534,-0.40561354
1.2200153,0.50472826,-0.6930748,2.860522,-1.6072326,0.101589516,0.8595072,1.2636862
0.34479243,0.024135422,-0.99805975,-0.27783418,-0.18152706,0.70459735,0.10531592,-0.3669229
-0.07532554,-0.51682585,0.2519977,-0.066948086,-0.12615795,-0.28369087,-0.5696601,0.33680645
0.47521168,-0.81426495,0.12632361,0.18522714,-0.45436788,-0.7361309,0.26750913,1.1089021
1.2761998,0.5643175,-0.37263966,0.34059364,-0.8247705,0.73442835,0.561978,-0.0044643506
0.5835675,-0.23082893,-0.6796013,0.09150726,0.8466942,-0.3936801,-1.2715222,0.24217972
0.20481965,-0.08493766,-0.56387895,0.3519643,-0.39677292,-0.31621587,-0.39257675,-0.045375228
0.28817868,-0.10773912,1.2284659,-0.4529393,1.484925,-0.10735707,1.0320543,-0.29095778
0.76543343,1.2758397,0.34642297,-0.60651535,0.09488893,-1.3775072,0.50444674,-0.58798355
-0.39962342,0.26196223,0.41787928,-0.73205537,1.0555905,-0.066002026,-0.5730822,-0.17474699
-0.24902743,-1.2282294,0.3205946,0.3932244,0.82185376,-0.19828796,-0.21032774,0.5726892
1.072976,2.4798336,0.29690045,-0.078179315,0.44411144,-0.8556056,-0.13783564,1.1804729
-0.45837379,0.05601846,0.22877169,0.4651008,-0.26759893,0.2693241,-0.44600263,0.23310435
-0.028162815,0.24510859,0.70648754,-0.58574533,0.6838854,0.41480726,-1.0264144,0.3700019
-0.77952975,-0.7483284,0.44425327,0.24247265,-0.6481651,0.45551062,1.4196632,0.7165299
-0.8487195,-0.4185849,0.0041202977,-0.09555641,1.7214867,-0.83470273,1.8765609,0.9331518
0.011269908,0.69325507,2.1566775,-0.3921379,0.03539293,-0.5734033,0.94824666,-0.12853917
-0.8236767,0.8197028,0.92360604,-0.26840052,0.1954955,-0.3069822,-1.2453675,0.4483865
0.7390407,0.74535424,0.051411197,0.18947603,-0.3389624,0.3015269,-0.19778751,0.67103237
-0.5077717,-0.74705076,0.6386096,0.7322171,0.14177294,0.2059107,0.04584914,-0.15757897
-0.39693668,-0.48603648,-0.9262443,0.02221435,-0.8228582,0.18743646,0.74734724,0.92433727
0.8344473,0.2667016,-0.83624494,-0.2195523,-0.020928312,-0.3571451,0.8754601,2.026728
-1.6273366,0.5716607,-0.08109258,0.52896553,0.20366205,0.29181752,-1.120276,0.8778278
1.2708296,-0.7703589,0.9139505,-1.0787454,0.7294181,1.3698208,0.40265632,-0.5118248
-1.2246877,-0.459346,0.0111694075,1.0627433,0.80903023,-0.086171545,-1.4225584,0.08416896
-1.5478485,0.7760666,-0.22313362,0.4928237,-0.99734336,0.51378953,1.3448551,0.8183572
0.28756893,0.5430748,1.8956208,0.52241284,-0.01597887,-0.47814384,-0.50540954,-0.77765065
-0.021093369,-0.39559793,0.16694716,0.6279395,-0.32263225,0.50543076,1.2593021,-0.16982368
0.086555585,0.05775155,1.4427292,1.0403475,-0.24997547,-0.36676955,-0.58729905,0.866509
-0.45374745,0.0058170855,-0.7020196,-0.11815342,0.24784912,0.6371017,0.35054454,-0.26107642
0.11029715,0.24367934,0.16787621,0.12671973,0.8242154,1.3696678,0.040884215,-0.2721716
-0.2904816,-0.21808866,0.27756375,-0.62957907,-0.8769613,0.3826132,-0.66939145,0.2350865
0.047306955,-0.070802644,0.9836767,1.0785644,-0.008626655,1.2541907,0.2923553,-0.26852024
-0.30878577,-0.24870567,0.813209,0.21029425,0.3927241,-0.08374727,0.72873235,-0.43433037
-0.4261301,2.0512009,1.1561679,0.56119156,0.6642644,1.5578238,0.04779833,0.097956434
0.73032576,-0.3056563,-1.0716901,-1.6074938,0.41887146,0.46051604,0.002816135,0.77643174
0.7838215,0.44292,0.3287777,0.3486474,-0.64503914,-0.7578784,0.042492647,0.39575654
0.5425426,-0.3094741,-0.9416655,-0.28659192,1.1291732,0.30515146,0.45172614,0.29294813
0.9764873,0.01753712,-0.30188158,-0.088708684,0.48752123,-1.0486071,-0.13562728,-0.51626796
1.4334917,-0.523037,0.07429445,-0.2582789,0.5365801,-0.69973457,0.40458924,1.1389759
1.1314273,0.35536116,0.40356812,-0.6194005,0.50839,0.13712968,-0.9596731,0.91073275
0.17103675,-0.22463988,0.7049283,-0.75833976,-0.26831603,0.3234322,-0.2143083,0.26579103
-0.36703023,0.52112055,1.0045487,-1.4846112,0.2459809,1.3568035,-0.20654748,1.5495352
0.99437976,-1.1665014,-0.3464697,0.12463002,0.7465498,0.9507528,-0.19796188,-0.009870343
0.033647694,-0.91537285,-0.34580395,2.1222456,0.20299764,1.149797,-0.45982918,0.9822388
-0.43361235,-0.22652033,0.46151704,-0.07124753,-0.3040618,0.6236607,-0.17608759,0.89803547
0.12519702,0.7626131,-0.798761,-0.2396893,0.07073707,0.14609867,-0.2602465,0.13124573
-1.7048596,0.08517921,0.3361592,0.3737666,0.7751329,0.26117545,1.0433321,0.59954333
0.79469526,-0.6715032,-0.17553177,-0.5483484,1.0073107,-0.20945227,-0.37801844,1.4221115
-0.75676453,0.11539133,0.58211863,-0.04512028,-0.47104347,0.19669913,0.60366416,0.58815914
-0.6690638,-0.18647584,0.9793489,2.1393373,-0.03323007,-0.5666333,0.16285123,-0.32292476
0.77486426,-0.169597,-0.72261465,1.712756,-0.5353573,0.6127944,0.09123303,-0.72716486
0.31410897,1.2444876,-0.48044276,-0.38574505,0.11067497,-0.17370486,2.318207,1.5090215
1.1337035,0.84237546,-0.7899463,0.24596398,0.17575619,0.30572197,-1.49612,0.40758213
0.4670578,0.7192545,-0.05737871,0.14125806,-0.21227503,-0.64897203,-0.09440051,-0.25107932
0.62106836,-1.6884892,-0.7317925,0.28100145,-0.19832943,-0.0049086604,1.2808201,1.8164712
0.1078908,-0.084238276,-1.2363993,1.3456291,-0.6103793,0.2572446,-0.58792645,0.48968068
-0.9486002,0.91841155,-1.126705,-1.0937649,0.95644087,0.57617265,-0.12778409,0.35123327
0.92558503,0.4172677,-0.6585813,-0.13353007,-0.43987116,0.57359236,-0.08064701,0.19998047
-0.8896665,0.5699385,-0.047881853,1.3336222,1.0146452,-0.11106677,-0.71280825,0.32791588
0.26298916,-0.8522055,1.0029285,-0.7817574,0.8316787,-0.7391826,-0.34356102,0.2795494
-0.7291056,0.60926527,-0.22712985,0.44026834,0.15475734,-0.17185691,-1.2737528,0.95458883
1.4647061,-0.13046923,-1.1489075,-0.6871187,-0.54794115,1.5787652,1.1627734,0.6228277
0.39925075,0.1751203,-0.6610785,-0.32379735,0.644432,0.33775172,-0.3500445,0.77149326
0.39541394,-0.7675257,0.5629467,-0.08473791,-0.56219333,-0.6425879,-0.7562677,0.42896694
0.16567028,-0.9554782,0.23025301,-0.28627297,-0.3587602,0.51396364,0.60123956,0.55393964
1.2408513,-0.56068647,1.7298237,-0.8789979,-0.28789046,-0.38670748,-1.3129005,0.7582584
0.2692216,0.4112782,-0.7354506,-1.860731,0.07260566,1.0896398,-0.17104508,0.31567213
0.13745354,-0.70969033,0.62699646,0.75089175,0.18064053,-0.13974603,0.4653276,0.46370822
-0.054712743,1.005499,-0.22374573,-0.7477954,-0.09201964,0.2247234,0.773604,-0.047230013
0.76271915,0.11932248,0.4547579,-0.7236462,-0.65986526,1.3471926,-0.00080581754,0.593469
-0.115001224,0.51338136,0.5604644,-0.56643736,-0.74940723,-0.4727939,0.8160122,1.2491697
0.37681994,-0.4793797,0.2747861,-0.3045521,0.44700617,-0.12018356,-0.6414506,-0.2512927
0.24184209,0.5301115,-0.4679382,0.5789695,-0.12163386,0.99906725,0.14768013,-0.39099613
-0.5680323,1.4124197,0.39562908,0.68337595,-0.34732455,0.10494231,0.41431847,-0.73692197
-0.31678855,-0.94261515,0.28701794,1.1399652,0.94077647,0.9762279,-0.33975324,0.17202777
-0.21931487,-0.6296879,1.364029,-0.014521766,1.0966547,-0.9546316,0.64300126,-0.43050274
0.7581134,0.12348692,0.07277394,0.2665081,0.2421167,2.0950592,-0.0154333385,0.9852872
0.13984254,-0.21047987,0.9871683,-0.11875741,0.23422986,-0.2050415,0.4297099,-0.528398
1.4199688,-0.11484891,-0.4166988,-0.53383875,0.66354424,1.4223089,-0.59088826,0.51462793
1.4338406,-1.4358402,1.8293736,1.1207402,0.120779045,-1.0051738,-0.6324673,-0.15386814
1.209135,-0.47583416,0.41184115,-0.26403317,-0.61669105,0.9633791,-0.15034083,0.9186824
-0.93878555,-0.22997855,1.3533971,-0.36837122,1.1930523,0.45558453,-0.63095075,1.5374625
0.89506376,0.09798685,-0.44718513,-0.42748377,-0.7956745,0.41825423,-0.90894955,0.5959457
1.0826597,0.6704253,-0.35850596,-0.13478608,-0.5324111,0.84750795,1.0070009,0.4980758
-0.2984909,0.6801864,-0.6852926,0.6858603,1.2117118,-0.22330864,-0.80743206,-0.092084475
-0.3371427,0.92503726,-1.2252654,-1.1960704,0.46949744,0.21658473,0.016243562,-0.069169514
0.8870645,-0.7721267,0.017360836,-0.06933351,-0.48806554,-0.2847501,0.15905516,0.62136394
0.17968136,0.42343473,0.07920168,0.5044991,1.5408726,-0.6060877,-0.76762605,-0.67570424
1.2166454,1.0121858,-0.45985746,1.634525,0.55555636,-0.4869589,-0.19752033,1.5715859
-0.06349709,0.61408967,-0.26058134,-0.030302245,1.1166002,-1.0955809,-1.3982507,0.5292092
0.4348745,0.715858,-0.12890446,-0.57626945,-0.90178317,0.16167825,0.18709314,1.5260653
0.8337387,0.8654187,-0.77819073,-0.059512082,0.15596393,0.3265881,-0.8847536,-0.23384625
0.25590968,0.44703102,-0.16905919,1.200642,2.0558848,0.25150436,-0.19418043,-0.2513039
-1.8343072,-0.026380464,-0.276462,0.7111845,0.7264142,0.21468596,0.7599594,0.37498608
-0.9483986,0.54918283,-2.1656246,-0.63888705,0.7462155,0.6262931,1.1485125,0.014469236
0.12793475,1.0415745,0.0284337,0.34879684,1.6758987,-0.92992,1.4152315,-0.63603187
-0.9257501,0.97257,1.1189878,0.07156281,-0.21307029,0.3661427,0.031468183,-0.2135694
1.0522643,0.25131297,0.2614906,-1.3116816,0.00033303536,-0.11062901,-0.41191292,0.86069304
-0.95470643,0.4500972,-0.29708496,0.35388032,0.67061967,1.2185965,-0.87525,0.3028335
0.30144513,-1.1826422,-0.69833505,-0.1342025,0.13352525,0.0068008415,-0.36788282,0.19705796
-0.07958741,-1.0157695,0.69664085,0.15623358,-0.55124897,0.18638411,-0.030747205,-0.062420078
0.96568656,0.09282167,-1.5861036,0.6634033,0.6077381,1.9707121,0.26024374,-0.35144684
-0.05906856,2.03989,-0.7932497,-0.61242163,0.17379141,0.99299186,0.7892024,-0.6018416
-0.6571215,-0.9797923,-0.8349005,-0.33978605,0.08418706,1.1565998,0.68156713,0.34100553
-0.23337129,-0.3577058,0.7737962,-0.0869893,-0.4219113,1.0852705,-0.016823968,0.7438082
-0.4180224,0.68721735,-0.22288626,1.5977727,0.27778718,1.2023349,-0.8241778,-0.5463297
-0.42418864,0.077945516,0.45939544,-0.3013478,0.5938736,-0.21658173,0.34765005,-0.67861205
0.8751271,-0.6265386,0.4353351,0.6135331,0.9163989,1.6815331,0.85781264,-0.00882902
-0.35008687,1.6130308,-0.03279785,1.1973742,1.0258666,-0.13918865,-0.47962308,-0.93084127
1.4654558,-1.1354607,0.6310026,-1.1196381,-0.5488477,-0.11269905,1.1341609,0.65006894
-1.0413234,0.23691991,-0.4308055,0.6801629,-0.23455466,-0.52015615,0.8682013,0.67102736
0.0058033913,-1.5948386,-0.29958016,0.28131557,1.366885,1.2946577,0.037011046,0.037827548
0.46497652,0.1424661,0.7434999,0.5989911,0.13758726,-0.16916299,0.41457832,-0.37032047
0.021673892,0.7120312,-0.13056959,0.28868148,-0.44970968,-0.6089511,-0.4687584,0.3035231
0.31853274,0.54615116,-0.25086975,0.106032975,-1.0412616,-0.05186247,-0.20191841,0.56362486
0.04403189,-1.0417742,0.554807,1.2097262,-0.13202363,0.4475043,-0.90475285,0.86088264
-0.8158954,0.8501275,0.2331106,-0.44655317,-0.5200742,0.07949234,0.37160718,0.256345
0.10919186,0.108928084,1.2912011,-0.21664725,-0.62119925,0.33451995,1.022484,-0.57616335
0.5477232,0.555943,-0.061101906,0.48193523,0.74213797,1.9229131,-0.8767888,1.1589742
0.788736,-0.604575,-0.6933029,0.1930891,-0.8666047,0.2610834,-0.15517482,0.47990143
0.12275895,-0.94877595,0.33228177,1.3677094,-0.019619208,-0.110802844,0.3966295,1.2403191
1.2846819,0.26025966,-0.30824557,0.57539254,-0.07951264,-0.55578303,1.4593639,-0.32411826
0.19397968,0.3307564,1.6657653,0.28743637,-0.41256887,-1.0665867,-0.10680008,-0.8333294
-1.0707352,1.0691242,-0.74375665,0.1423181,1.6078326,0.3126545,-1.4432086,0.46039099
-0.19977963,1.7349782,0.017379798,-0.74895716,-0.47602347,-0.34174848,1.3580682,0.32385105
0.62963337,0.32109955,1.5698407,1.6370096,0.7115695,1.2453053,0.23705281,-0.05092284
-0.9440963,1.0443379,0.24804044,-1.0433649,0.0077609206,0.66455334,1.2868333,-0.45970973
-1.6094986,0.45934042,-0.245545,-0.5338172,1.3470843,1.2791457,-0.11616978,1.4137136
1.3683622,0.00064757466,-1.0664006,0.3957745,1.1004313,0.0767968,0.555873,-0.19544831
-0.7265739,0.76292366,-1.5722466,-0.5899418,0.59490556,0.36886442,1.4243304,-0.19804978
0.75395405,-0.669005,-0.3972631,-0.57033956,0.8399073,0.31059575,-0.13820395,0.250713
-0.599705,-0.22668986,2.4604545,-0.048280675,1.0667907,0.5763903,0.14895731,1.3386738
-0.75183094,0.84299576,-0.4469758,-0.006844189,-0.30588153,0.3469359,1.3980517,-0.54714125
0.53779763,0.2674672,2.082976,0.19994368,-0.98890996,0.049221102,-0.33814567,0.33111745
-0.11339275,-0.17129998,-0.76165295,-0.09636159,1.2969319,-0.51957244,-0.17029202,0.12392887
-0.7551444,0.5189061,0.09181949,-0.30180204,0.23502313,0.28149596,1.2410277,0.14408898
-0.9625145,0.79969984,0.52586687,0.16321467,1.4591093,0.41096708,2.8331587,1.4908657
0.037741937,0.55498534,-1.0739584,-0.34702638,-0.49207443,0.6998373,0.85139585,0.76517904
0.1140607,0.2167625,0.23436376,-0.24157448,-0.28577793,0.8010377,2.157595,0.70293677
0.10967618,-0.39106888,0.4435049,0.6154303,0.019634608,1.3132055,-0.54068065,0.7369807
-0.39216173,0.62540174,-0.30866075,-0.18478984,-0.31774136,-0.57934946,0.47085407,-0.2143847
0.8782559,1.2622268,0.43800467,-0.5128563,0.84689635,-0.6311001,-0.5341878,-0.15583774
-0.4707181,-1.0363301,-0.55690444,-0.32965186,0.18743539,-0.35179564,0.14455307,1.3342981
0.13089238,0.47775966,0.30668226,-0.8792376,0.30313766,0.350117,1.8949245,1.1827049
-0.7940736,0.25600207,-0.064992644,0.639943,0.11376154,0.7047319,0.5151961,0.5102964
-0.2497693,0.1019223,1.4869338,0.13532609,-1.0638217,-0.35804826,0.22824411,-0.4671863
-0.22730243,1.0088315,0.031613845,-0.11044164,-0.37409413,0.37881702,0.09550214,1.8961189
-0.69843745,0.52680194,-1.1285284,-0.06490727,0.56369233,-0.16206068,0.7370833,0.0047592223
-0.4556648,0.55733097,-0.15585431,0.9154525,1.1175716,-0.49772897,-0.84969044,-0.431186
-0.34615895,-0.023890935,0.18146282,0.58745915,-0.48446757,-0.5251769,0.19378889,-0.36928296
-0.96178114,-0.6849772,0.4502636,-0.6811727,0.62552154,-1.0805143,-0.14911823,1.0337971
-1.158693,-0.83840007,0.503498,-0.47426203,0.5896219,0.29484612,-0.39744177,0.1944144
-0.7320374,-0.8121922,-0.18844616,0.32426655,-0.020570263,-0.17347232,0.42094207,0.61189497
1.0129149,0.36757654,0.18279994,0.5525781,0.4011216,0.7977697,-0.26610237,1.4424522
0.108656235,-2.356077,-0.70814687,1.5537432,0.41636667,0.12845024,0.5190521,-0.81083167
-0.20662531,1.0343964,-0.1284913,1.1260686,0.0048136795,0.40101892,-0.019431341,1.0235598
0.061129875,0.50818527,-0.4380537,-0.2021284,-0.4515435,-0.652856,0.26319632,0.5412302
-0.5143352,1.2312007,0.5584435,0.6281891,0.3958419,-0.42356956,-0.2778458,-0.16921464
-0.19496354,0.7033475,-0.14318717,-1.2041253,-0.27610302,-0.011525465,-1.246425,0.59902114
0.34770888,0.18838713,0.63253826,0.22983694,-0.29649276,0.7754876,-1.1712179,-0.6861559
1.4115812,-1.5465177,-0.22969666,-0.6155681,0.8724253,1.1160985,0.9294006,0.71573335
0.087295465,1.4501235,0.8142917,-0.14812009,0.43663397,0.23642729,0.09071435,-0.14009362
0.8303733,-0.69063336,0.5569027,-0.25189206,-0.18333738,-0.23205212,0.19127883,-0.11734707
-1.329394,0.21832986,-0.075778365,-0.9110294,0.23910533,0.16687544,-0.29873052,1.6746078
-0.565953,0.16856007,0.39434528,-0.16911945,-0.56342345,1.7466533,1.0983939,1.6383114
0.9049033,-0.25194037,0.9749811,-0.49768016,1.4404172,-0.3275607,0.75534666,-0.7553638
-0.6366833,-0.14482597,-0.7572382,0.2439286,-0.46113613,0.18686529,-0.3671718,-0.19997561
0.66965467,-0.2750589,0.054420494,-0.20247115,0.53115296,-0.76266605,2.347534,-0.22008774
0.3088064,-0.0029352326,0.11690686,0.7322177,1.234385,-0.6119831,-0.09058067,-0.7947475
-0.38413757,0.44946352,0.7750172,0.32413077,0.55452096,-1.0862479,0.66075635,1.3602583
0.8332274,-1.1879337,0.3025903,0.8543031,0.81113124,0.87851554,0.42820942,-1.009905
0.31119084,1.174794,0.18503591,-0.78856105,-0.6336555,0.08473089,-0.44632798,0.5580554
1.0666595,-0.1032418,0.078938775,-0.026116084,-0.91208094,0.29020265,-1.2579255,0.46536806
-0.64595747,-0.35485983,-0.30079836,-0.1649185,0.06878196,0.6450525,-0.18222691,0.33844358
-1.230573,1.7837188,0.042289205,0.49170074,0.22071134,0.45459196,1.1007538,-0.13003021
-0.71522886,-0.4971487,-0.06991369,1.369019,0.33125725,0.29299438,-0.34328663,-0.09152702
-0.5827382,-0.80269253,1.762176,0.69997644,-0.1129931,0.21015592,0.13415341,0.23141652
0.14022882,-0.14752588,0.540007,1.1569968,-0.15154625,-0.6848688,0.16330557,-0.06451305
-0.580957,-0.48325956,-0.05648451,-0.33387268,1.6130068,0.27556255,0.07373713,-0.19119132
-0.50899154,0.3790425,0.27760166,0.74411917,0.3058851,-1.043915,-0.73810095,-0.06279268
-1.3504996,1.6831312,1.096344,0.6311286,1.5948629,-0.3799822,0.6100994,0.91032314
-0.8094243,0.6191397,-0.8617654,-0.5933098,-0.16017173,-0.053258263,0.861852,-0.58384496
0.62372094,-0.22243021,0.03432532,-0.45835605,0.5386788,-0.94262516,0.6727473,1.0104319
0.4262049,-0.48363394,0.44011086,0.66325086,-0.4617358,-0.84392756,-0.8322936,1.0142264
-0.644923,-0.63994366,1.1282123,1.3626348,0.59535587,-0.47268006,0.68839574,-0.40099955
0.059519358,-1.0630659,0.90688425,0.20922942,1.540569,-0.9544606,-0.6775237,0.21539715
-0.8206062,-0.80914474,0.77875215,0.8565458,-0.7691648,-1.4075875,0.69936705,-0.024867564
0.3394724,-0.066760585,0.00087721646,-0.41291034,0.93300223,-1.913693,-0.073300846,0.6710335
0.37489298,0.89067954,0.13496006,-0.34805802,-0.058274623,-0.15772706,-1.2344075,0.84049356
2.0018415,-0.6117146,-0.016885072,-0.69512725,-0.51326144,-0.7358869,0.34345996,-0.15324673
-0.65662426,0.25771573,-0.9003937,-0.5306748,1.2950948,0.44076315,-0.52861404,0.030161668
-0.31967202,0.58396834,-0.751723,-0.9978218,2.2169118,-0.848085,-0.7114324,0.15478
0.9220613,0.22704539,-0.74998146,0.30819213,-0.39445964,-0.31095067,-0.2760165,0.5059178
1.2210754,0.20710136,-0.4076145,-0.07945776,0.41935277,0.9112044,-1.5617446,0.59010917
1.2389253,0.6805307,-0.35192513,-0.26297495,0.36283636,0.082826175,1.0285645,0.7725682
0.70852935,-0.25907916,-0.921288,1.3936852,0.40986398,0.060766138,-0.6267981,0.9002346
0.12916547,0.5014527,0.56245595,0.9712966,1.955746,0.8633746,0.19481507,0.4231641
0.46854386,0.76365626,0.04691139,1.3396391,0.9497212,-0.9934634,0.6723793,0.14612131
0.86439383,0.687857,-0.24773878,0.13025624,-0.25814673,-0.28480157,-1.3043392,-0.80276805
1.421872,-0.48101676,1.41933,-0.25788915,-0.21616533,-0.32878065,-0.3386355,0.38321733
0.17837986,-0.05218639,0.8944711,-0.45345923,-0.44390842,1.1510645,0.55296206,0.86178994
0.98281574,0.3572417,-0.34888744,1.0500861,-0.6877551,-0.18634263,0.1303848,-0.20014852
-0.60116917,0.9686587,0.9342093,0.29382825,0.45166555,-0.25527108,-0.2893825,-0.15230301
-0.7408878,1.6247813,0.11683626,1.003099,-0.30727565,-0.41123164,-0.05305492,0.38093013
0.52562165,1.1369327,-0.52444744,0.8798586,0.2294337,0.36389747,0.38417485,1.4147769
0.021312483,0.25911352,0.1654509,-0.026201326,-0.2247251,-0.20916168,-0.06874637,1.1276969
0.09489581,-0.45712543,0.9787456,-0.88474345,0.8072909,-0.5900549,-0.60184044,0.9926724
1.006876,-0.27582407,-1.0463194,-0.17718785,0.58255064,-0.33706835,-0.24705255,0.981329
1.2093412,1.74092,0.016661126,-0.35467547,-0.66086835,0.12141629,-0.21103528,0.4136388
-0.81244105,0.08715592,0.06384464,-0.08959037,-0.402804,0.42780685,0.3544302,0.018318702
0.41138887,1.4531254,0.09120962,1.5163716,0.54503024,-0.8862217,-0.08490405,0.47991017
1.0357091,-1.174249,0.39633873,-0.45970294,1.4231653,-0.17674471,1.8568219,0.5716246
0.42295858,0.49549225,-1.2992111,-0.09465368,1.3671672,-1.7585433,0.90679026,0.7580144
0.13798623,0.030685216,2.2157843,1.505722,0.42856708,-0.8513982,-0.47966778,0.5425854
1.2650341,0.5438522,-0.4400589,-0.77576905,0.042130254,-0.06498742,-0.6357668,1.1764001
1.3020899,0.76029253,1.0478619,-0.37099117,0.3467888,0.23170833,-0.25313017,-0.10837633
0.24419034,0.27357137,0.92847174,0.37306738,0.013872386,-0.38153538,-1.0602874,0.1129151
0.18921599,-1.4987803,1.28229,0.39342347,1.4938157,0.39165258,0.8347109,0.4501481
0.8868394,1.1697657,1.3584887,0.06142891,0.8273725,1.5464317,-0.8893046,1.0186878
-0.2243523,-0.19728018,0.31849784,1.4423571,1.0825063,0.8973787,0.9599569,1.0059227
-0.11185575,-0.17274082,1.7939333,0.07575685,-0.8667331,-0.06824906,0.108452216,0.07822221
0.074260205,0.0017550383,-0.024204502,0.56618273,-0.73174894,-0.86052626,0.99999416,0.03454417
2.3090954,-0.31675935,1.1129313,0.6130879,1.1751901,-0.4311087,0.94724375,-1.1431806
0.18817884,-0.15853645,0.6955165,0.027442766,-0.7613707,-1.1489884,0.077526346,0.2618855
0.29943067,-0.19518319,-0.24134007,1.0187904,-0.31575358,-1.0633962,0.30714515,0.43922663
-0.5018974,0.06356631,-0.32640475,0.5408397,-0.37983817,-0.6256435,0.10348636,0.62981844
-0.62868434,-1.0141386,1.0711935,0.25779006,0.31512645,-0.094321005,1.1274585,-0.02970235
0.029593699,0.6210281,-0.16003814,0.11482355,-0.29282102,-0.5922594,0.42947513,-0.13451487
-0.25000095,0.07085487,0.9099998,0.52483535,0.60173523,0.5087899,1.4514856,-0.69489163
0.1798148,0.86188596,1.9648286,1.0458778,0.10963135,0.29466504,1.2583,-0.5685281
2.003347,-0.4806339,-0.56870955,0.1228365,0.37301126,-1.2518549,0.38027886,0.0777879
1.1138846,0.22730869,-0.3823752,0.619038,-1.5527328,-0.29488376,0.4991114,1.0870988
-0.63902617,-1.020497,0.3566925,-0.23097561,0.5602534,-0.9384105,0.35737333,0.08747022
-0.5856552,0.6632816,-0.4239593,-0.23944272,1.5210536,-0.98755383,-0.05968742,0.17354974
0.009919994,1.1035517,0.22659326,0.0014550276,0.48857275,-0.46892813,-0.7483417,1.1791111
-0.1616509,-0.08994503,0.82104284,-0.34412894,-0.03465123,0.43524924,-0.9818701,0.27937827
0.72235405,-0.94283104,1.7157452,-0.10509391,-1.1572809,-0.42131254,1.0526389,0.3237281
1.6336284,0.9860732,-0.76556146,-0.25210592,0.37546882,0.78470784,0.26546776,0.026035737
0.65935814,1.0251583,-0.76569945,0.8763402,-0.3998401,2.013788,-0.046198975,0.88574106
-0.5225197,-0.74528664,0.7427858,0.35167897,-0.33972788,0.6592039,0.4043454,-0.57554555
1.7017238,-0.83692044,-0.5852515,0.8084291,-1.1802055,-0.6667778,-0.27832398,0.086041085
0.42927724,0.9093882,0.59824216,0.5374381,-0.11575567,0.16248143,1.5525495,0.26398692
0.106457904,0.0679381,0.09490902,0.36615032,-0.037269775,-0.84059525,-0.46617156,0.14095134
-0.15740708,0.7261664,-0.37444037,0.020864159,0.48133203,0.70634574,-1.0103189,1.3064214
0.4100277,0.07799074,-0.045555793,0.09482031,-0.6379689,0.1693015,-0.22385365,1.1047034
0.93159235,0.7695531,1.6955563,-0.9770634,-0.16925766,0.7756837,-0.10161826,2.4422839
-0.6175497,0.9715845,0.75872386,-0.4808475,0.09535954,0.28170198,1.2896963,1.247054
-0.44850028,0.43686855,0.23251817,-0.8435532,0.12989132,0.88223666,-0.019738596,0.50811267
0.43607357,-0.497227,0.3709369,0.45882872,-0.2766201,-0.4734828,-0.17472456,0.4643178
0.908524,0.3829015,-0.9293863,0.15996143,1.6981046,0.7126431,0.83199847,1.2400435
-0.3171579,-0.021385945,1.1509662,-0.5550009,0.35381272,0.50661886,0.8427955,0.16763628
0.14343604,-0.29880664,-0.0107090445,-0.6094167,0.36773545,-0.5259706,0.18323104,1.4211326
-0.9378805,-0.20447703,1.4686241,0.30229855,-0.1267434,0.31396088,0.6253184,-0.14059177
-0.203156,-1.2741337,-0.31228653,0.9215693,-0.33512637,0.36212954,0.120214194,0.781812
-0.0077014565,-0.37112466,-0.67533433,-0.13738951,0.9119671,1.0759503,1.1068226,-0.15430295
-0.26417828,-0.4043193,-0.41025135,0.9171489,0.93951386,-0.1795721,1.1813016,-0.74898934
3.0,1.5559084,0.22811946,0.13126421,-0.5099524,-0.6122838,-1.3258712,1.5078287
-0.24926111,0.44646335,-0.05500409,-0.63358814,0.22004561,-0.27374646,0.38862053,-0.19489095
-0.49424464,0.06610854,-0.7000196,-0.3951919,-0.3595445,-0.33799848,-0.48592678,0.79899824
-0.57197577,2.4699497,0.7059898,0.42857224,0.5604981,0.77339107,1.529867,0.17744488
-0.710724,-0.66422695,-0.09850923,-1.0446311,0.78390324,0.28772697,-0.46632758,-0.14906523
0.027316414,0.27783915,0.3483017,0.6468838,-0.45572752,0.48032704,-0.98180103,-0.6754069
-0.0847661,0.17206706,1.233068,0.5812107,-0.2139116,-0.22225638,0.18825935,-0.38712722
0.85233,-0.23741181,0.6164604,-0.5366218,-0.38546747,0.5241688,0.23696975,-0.26418924
0.41975227,0.81672776,0.052827552,0.16843425,1.0659806,0.052494593,-0.6381003,0.58230954
1.2141318,0.5047436,0.0857858,-0.71614885,0.26080433,-0.39387292,0.6809921,0.86904293
0.35987377,1.2316164,-0.065917924,1.2562823,2.8573475,1.0729876,0.052364264,-0.443742
0.43613794,0.36420837,-0.2780597,-0.041308437,-0.2503747,-1.1501439,0.67971706,-0.05355493
0.3302315,-0.082198754,1.4079696,-0.5121156,-0.5130119,0.6327761,-0.02975313,-0.13892135
0.14563113,1.6498189,0.99419975,0.9400682,1.1936232,0.5662133,-0.68096495,1.2006148
-0.33201483,-0.0061719976,-0.45423976,-0.440179,-0.05056118,0.43163607,-0.24689585,-0.06384709
1.3869064,0.97302467,0.39743057,0.82316875,-0.7669179,0.35035333,0.5583572,-0.7291084
-0.9874431,0.3616843,-0.10977687,-0.19034699,1.1313204,-0.11221312,-0.11503644,1.149139
-0.71383554,-0.4060989,0.93220997,-0.07852903,1.1260133,1.455543,0.94436723,0.8738813
-0.3525807,0.2610201,0.8572074,0.46136597,-0.8222519,-0.45744395,-0.376099,0.37772653
0.29508266,1.4428463,-0.80964464,-0.37841177,0.6027765,0.21606188,1.1151925,0.6171991
-0.9644352,-0.1941888,0.16455394,1.6551068,0.7747968,0.95585,2.0344117,0.26074708
0.37375283,-1.2217342,-0.22793412,0.6289608,-0.5919341,-0.73674965,-0.10775998,0.98934835
0.67435974,-0.15623419,-0.06389941,-1.2953924,0.8207844,0.42917636,-0.47138804,1.398056
-0.4931184,0.020884398,0.009478606,-0.2089354,0.06328871,-0.089779854,-0.06506553,-0.38811123
0.63508624,0.06743869,-0.17571187,-0.7017814,0.17224492,-0.19723286,0.45505354,0.17270768
1.0418488,1.9119378,0.82613945,-1.9677798,0.025063548,0.28829896,-0.19127585,0.23472226
-1.4730157,0.5785111,-1.2404093,0.04101484,0.15095624,0.13199535,0.052668046,0.96419924
-1.4969513,-0.13523808,-0.66225535,1.3783549,0.23242989,-0.13195142,1.9942298,-0.27971077
0.7185944,0.2663642,1.3330375,0.123927146,0.9648399,0.07880717,-0.31422442,0.60885715
2.701871,-0.06946306,-0.21176782,-0.513427,0.03793459,-0.0514758,0.4798168,0.7396426
1.299953,-1.2794975,-0.2197499,-0.014004204,1.7823527,-0.09552477,0.18438524,0.18983784
0.9744476,-1.5720675,-0.035653904,-0.92575014,0.5761917,0.29407075,1.5770538,1.3551246
0.022765785,1.4771649,-0.2365661,1.1341492,0.40825194,0.6331288,0.30370122,1.3378953
0.6755764,-0.12828505,-0.19002831,-0.24821179,0.14346227,0.17363484,0.3441932,1.7417789
0.7037504,2.152792,1.097097,-0.08754377,-1.0348599,-0.30634257,0.35555863,0.5485045
0.7698616,0.18483078,0.51046646,-0.3762234,1.3394092,-1.4683683,0.85695046,0.36162108
-0.588208,0.7638603,1.2814698,0.9350153,0.14230329,0.16759975,-0.2638721,0.41031304
-0.51247716,-0.5395352,0.89873534,0.7304928,0.18054931,0.46967402,-0.47701535,0.47216186
-0.06988076,0.57511604,0.30809274,-1.109012,0.7047222,0.46298125,1.8308749,-0.81237173
0.35315087,0.15691237,-1.4777106,0.5834303,0.14085923,-0.41279292,0.5564925,0.28832257
0.0003020726,0.09979425,0.07587535,-0.86518514,-0.03913163,0.9542546,-0.42578742,0.5801577
-0.16301423,-0.4978795,0.51527065,1.2678709,0.57582617,0.8218883,-0.44477895,-0.20884967
1.8269708,0.82301134,-0.017058888,0.91779107,-0.07576437,-0.08892608,1.1100458,1.2866622
0.9889417,1.8133593,-0.119343884,1.2298098,0.3070677,-0.06697889,0.0006272625,-0.15267149
0.67926425,-0.3041503,1.0002337,0.48059055,-0.3515407,-0.8572156,-0.94293284,0.19308114
-0.30551368,0.91470766,0.902287,0.03666854,0.8494485,0.85820264,-0.5172283,-0.66710657
-0.63941354,0.4836306,0.45972845,-0.4807082,-0.70383686,-0.10153976,0.36457485,-0.1393908
-0.6434143,-0.22445205,0.91653365,0.024491955,0.61971873,0.581303,-0.38385427,0.41485646
-0.22013077,-0.4609339,2.2795074,-0.0044489056,1.0817535,0.82542294,0.37851977,1.9709531
0.454276,0.25231254,0.08561308,-0.5137975,0.28293023,0.6878764,0.0058893226,-0.64885545
0.23393664,1.3212974,-0.09602343,-0.5760122,-0.9403979,0.4818665,1.2450931,0.26342255
0.5545463,2.076351,-0.7955478,1.0141463,-0.0587236,1.1225375,-0.0037334803,0.6730863
-0.13419396,-0.22047071,-0.4628165,0.70834154,0.19486809,1.1886542,0.36391473,0.15483007
-0.5289144,-0.18013641,-0.5792357,0.102909,0.6138113,-0.93313223,-0.492728,0.13538225
0.3144165,1.1024492,0.2664694,1.2556129,-0.5530299,-0.76367116,-0.9239414,0.9801338
0.3990289,0.48762867,-0.15993541,-0.3899571,-0.19095558,0.89764327,0.3432328,2.2483838
0.15230653,-0.18610913,0.22099027,-0.4535807,0.43299204,-0.09579976,-0.8190295,0.36115557
1.1117994,0.34640062,-0.32142583,0.29646343,0.80211675,0.34814808,-1.1173723,1.2758728
0.9715031,0.89679307,0.30347762,-0.7334332,0.44927064,-0.8855734,-0.8167382,0.18173335
-0.19992787,-0.20219432,0.68591267,0.8466723,-0.34660667,0.77250254,-0.60229063,0.00959681
1.2468507,-0.39250708,0.052715153,-1.2857313,-0.19612858,0.10781587,-0.5010492,0.7070077
0.2016001,0.9645765,-0.80459136,-0.76654124,-0.46597904,0.9166319,0.26981395,0.12588605
-0.17465165,-0.22945152,0.15350178,-0.44826105,1.213364,-0.14137541,-1.9271522,1.2759659
-0.24310419,0.42475775,0.32833827,0.11039326,-0.044230998,1.1093354,-0.3306057,2.121278
-0.38425708,-0.98756164,0.5046735,-0.1567116,-1.0744286,0.60886246,0.47326422,-0.035825714
-0.33580548,-0.19744174,1.019369,-0.62636423,0.8384427,0.046346594,-0.23645514,-0.09838798
1.3521054,0.1515738,0.3206193,-0.1922233,-1.6124308,-0.01418641,0.14510171,0.483082
0.1728791,-1.0682087,-0.044453837,1.0800914,-0.18840648,0.332627,-0.2291505,0.35496557
1.4527549,0.36828297,0.173127,1.3726661,-1.8870379,-0.439269,0.12397838,-0.8606942
0.43827316,0.7335771,0.034649108,0.17501926,-0.7940321,0.099777244,-1.2263342,0.2185747
0.52310634,-1.5413165,0.6007819,0.40634197,0.13252166,0.03345956,1.2555209,-0.3421991
0.49810073,-0.0807703,-0.41339046,0.35482806,0.709779,-0.87847847,0.00579077,0.037696343
1.6929598,0.4089421,0.6455821,0.9790494,-0.27274027,0.4772785,-0.95045704,-1.369687
-0.19634211,0.2407143,-0.55870867,-0.1512197,1.065059,0.715034,-1.3428369,0.9479673
-0.17396972,-0.15837392,1.3497667,-0.95884407,-0.6254229,1.3923185,-0.2995718,0.70185006
0.99957335,-0.14797133,-0.57186395,-0.051602025,-0.673922,0.26826724,-0.28574023,0.1696025
0.9021822,-0.029246464,1.2701529,-0.057743873,-0.6544975,0.0035128389,-0.18412131,-0.3436423
1.0027643,-0.004291281,-0.19136035,0.23428228,0.6493799,-0.44515705,-0.18944602,-0.36761507
-0.7121702,-0.45415372,0.3311948,-0.7451735,0.15338384,0.60154414,0.49493682,2.099923
-0.115154944,-0.84318316,-0.18498951,1.2402595,1.0661621,0.6366115,-1.1452696,-0.49735263
1.1549455,0.68311596,-0.8810729,0.08823839,-1.0645989,0.44646925,0.5736885,0.4264873
1.0549461,-0.06753297,0.4242797,1.1151099,-0.28068793,0.68619406,0.0955755,0.24761406
0.19989002,1.5798802,-0.5309335,0.79334205,0.6497158,-0.52390826,1.7179686,0.6293398
-0.51765704,0.58917624,0.0032719485,0.07690494,1.3398265,-0.15358058,-1.9132439,1.0750183
1.4412079,1.2741004,-0.73537105,1.0726099,0.16643444,1.0961456,-0.641113,0.79335815
0.17689572,-0.78805816,-0.3007318,0.93113494,0.7763939,-0.41224074,-0.010677278,0.38118565
0.45950672,-0.24123572,1.947544,-0.29551715,-1.655017,0.1529546,-0.04734772,0.46186018
1.3979586,-0.19320783,0.39250693,2.2200859,-0.6553609,0.21809578,0.09129961,-0.19021434
-1.0848184,-0.8392263,-1.144923,1.6931399,-0.92855924,0.6584134,-0.112676516,-0.027632967
1.2766318,0.98921615,-0.42403334,-0.39759946,0.14215243,1.1177791,-0.2814768,1.118585
1.6612214,2.0989568,-0.46077,-0.7686376,1.0433452,-0.27321282,-0.2420205,0.06436047
-0.5808778,-0.049360517,-0.96398675,0.09987993,0.036655247,-0.92973614,1.4443763,0.93761784
-0.4174986,-0.43056297,-0.09628737,1.0249741,1.2871517,-0.59665895,-0.5515836,-0.43519786
0.09647618,-0.3566116,-0.5845737,0.43337408,-0.18676454,0.14465596,0.359232,-0.08960318
-0.29990706,0.6934345,-0.36237538,1.0650401,0.49371207,-0.0948098,0.49792302,0.22944942
-0.37726033,0.25800985,1.2889556,-0.056184176,-1.0256374,0.26036775,-0.0853915,1.6203307
-1.0558829,1.0583905,0.80458003,-0.085678786,-0.19964875,0.64998484,0.18486528,0.5964086
0.5924715,0.092872426,0.7842816,-1.2179654,-1.1925755,1.9112154,0.3371338,1.6450636
-0.16220424,-0.05462863,-0.22542202,-0.35106492,0.72620136,0.16860536,-0.34287575,0.045096654
-1.2449609,0.104246646,0.41922054,0.011398099,0.14243846,0.42824247,-0.80036,0.35037625
0.09524231,-1.8529508,0.47782585,-0.21313567,-0.36640996,0.49941635,0.41643015,1.3274093
-0.19274598,0.4333894,1.4627265,-0.8148687,-1.4961977,1.3311588,-0.4065132,1.3560026
0.21741974,0.2142557,-1.4619557,3.0,0.9220813,0.6406245,-0.18095578,0.07532404
0.2393722,0.0030974764,1.2920679,-0.45178124,0.69439065,1.3145647,-0.18587857,-0.16461256
1.7459159,1.2039777,1.5429051,-0.2341265,-0.706647,-0.1196814,-0.15547067,-0.19920465
-0.0027870387,0.9589634,-0.8261391,0.0026064552,-0.14728582,-0.9327722,1.5986918,-0.35381332
-0.09234797,0.59443766,-0.48039252,0.32093513,-0.736824,-0.5654923,-0.32818863,0.09719248
0.15833604,0.53309494,0.15782413,1.1833265,0.111237474,1.3686547,-0.82321364,-0.3113215
0.18499443,-0.24994723,-0.0313235,-0.8040269,0.33903313,-0.74034613,1.7152643,0.037354972
0.67591023,-0.2842816,0.013374101,-0.38813773,0.45560488,-0.0796256,0.49205035,0.84324074
-0.67687917,0.3058486,1.4833567,0.8820147,0.28726438,-0.60418314,0.016440924,-0.24128366
0.0287881,-0.82181925,0.9020833,-1.2271072,1.0830731,-0.705963,0.032745138,1.376933
-0.753069,-0.31009665,0.4339649,0.90100914,-0.08633398,0.5725604,2.0284083,-0.48927608
0.69383126,1.7343944,-0.41585264,0.19143592,-1.0980936,-0.061082497,0.74517184,0.9925863
1.0101109,-0.48514348,-0.12956324,0.3427355,-0.1656532,1.0036561,0.12462999,-0.012640029
0.097993724,1.64569,0.6221038,-0.5748599,-1.0092977,0.09300489,-0.14667876,0.5800375
1.0475518,0.94061947,1.0438205,-1.3348438,1.6637821,-0.33037925,0.09902783,0.042007267
0.033364404,0.75844437,-0.37613827,-0.75357497,-0.54286206,-0.10093814,0.07865062,0.14489463
0.86635023,0.77412033,-0.16606033,1.3897525,0.70453066,-0.4057491,-0.36531547,0.15071112
-0.6791937,1.0958244,1.1494744,0.05186912,0.8408015,-1.0158635,1.0030885,0.10635118
0.86422175,0.8149945,1.4422704,0.21694545,0.010199378,0.36955103,1.809,-0.07249967
-0.039150864,-0.0068207216,0.89401484,-0.7831838,-0.030887313,0.21418972,-0.9993358,0.52051497
-0.02504012,-0.025577154,-0.074498475,-0.0050381273,-0.154389,-0.40579993,-1.0335541,0.5740631
-1.0587734,0.96946865,0.9034763,0.6452804,-0.8694037,1.6594188,1.3307036,1.2464288
0.890667,0.41030186,0.41008464,-0.113290384,0.76047945,0.7311193,0.38893995,-0.554918
-0.26661545,1.1166562,0.81035846,-1.4930073,-1.5255867,-0.7304365,-1.1828586,0.686658
0.5756327,-0.9383534,-0.5615922,-0.056620758,0.085029,-0.6828908,1.4441593,0.41425797
0.9300418,-0.29541403,0.44525558,0.91953486,0.4138965,0.63763314,-1.3851982,1.0083616
-0.117206596,0.14476891,-0.27289915,-0.9351604,0.46740216,-0.010235025,-0.07345591,-0.24007273
-0.23876232,-0.18598226,0.30562106,-0.78772455,0.2317343,-0.38020548,-0.98253393,1.2854189
0.19356954,1.2174023,0.0038254652,1.2455269,-0.5441785,0.71272063,-0.53413665,0.62810457
0.8697264,-0.31236625,0.32411373,0.274608,0.22682354,0.53641963,-0.7065304,0.93508995
0.9869604,-0.9521447,0.39460483,0.64487785,-0.5531011,0.5823015,0.5321953,0.30474767
-0.7583629,0.45946094,0.49915656,-0.68180186,0.1900697,0.7297459,0.9849094,0.118134476
0.86557364,0.16979341,-0.81083316,1.4925703,-1.0841128,0.36214617,0.5997699,0.8239403
0.47292852,1.0894009,-0.8834421,-1.8925779,0.7425912,-0.040865712,0.8924242,0.61114776
-0.52043694,1.0397787,-1.464458,0.36341566,1.4911915,0.24287212,0.74313945,0.3024949
-0.32303724,-0.2915611,0.252423,-0.9399737,-0.78674924,0.6662533,0.35995033,-0.33401984
0.19073033,0.10835755,-0.78888583,-0.12710181,0.7374625,-0.3150174,0.9264085,-0.7118534
0.058611196,-0.13901362,0.3802241,0.3208904,-0.33735985,-0.026547955,-0.44213066,-0.07523141
-1.5466986,0.06258696,-0.03449724,0.12891974,1.309641,0.10634807,-0.19017003,-0.32685915
-0.45626038,-0.27836466,0.5179344,0.902896,2.3333561,1.7339673,-0.5543908,1.6322459
-0.25759873,-1.9328866,0.004409654,1.5220667,0.87604326,0.7357434,-0.5399852,0.07193335
-0.32742873,0.6073509,1.3913877,-0.77021796,0.4089933,-0.20489798,0.12382303,-1.2841727
0.9445628,-0.23705406,1.1780198,0.5899483,-0.46736205,-0.80006325,0.94567573,-0.52613217
-0.1822192,-0.15006346,0.43327788,0.6620045,0.34939525,-0.7765946,-0.012378188,-0.3830652
0.7512033,0.5538192,0.051605202,0.013223037,-0.5752199,0.84551275,1.3879588,-0.38136473
-0.011115983,1.0620202,1.1136231,-1.3060409,-0.19243234,0.21344964,1.8934511,0.27959836
-0.4130523,-0.2816118,-0.23237357,-1.0197037,0.5110259,0.056344032,-0.57134783,0.9656102
0.82371664,-0.8976301,-0.37372094,-1.3399117,0.672924,-0.6587625,0.7479712,0.9840243
0.17490366,0.511464,-0.98348075,0.9631421,0.11554257,-0.15588532,-1.081238,-0.74429846
0.7187318,-0.42334428,-0.0070866197,-0.5554477,0.58880424,0.19465648,-0.31017864,-0.25795266
0.95049584,-0.45985758,1.342108,0.026567332,-0.99651736,-0.40349048,-1.1990156,0.97962135
1.184854,-0.304514,0.41497266,-0.82183623,-0.3524195,-1.3059334,1.0015286,0.087111324
-0.4301789,0.9200612,0.20067391,1.7079302,-0.47306412,-0.19290185,-0.76611304,0.79488033
0.14816932,0.17583309,-0.53380877,-0.58389556,-0.6367235,0.79672325,0.43025222,0.6938675
1.0690039,1.4312416,0.3664576,0.58076817,-0.5308332,1.5551168,-0.1676384,-0.08974209
0.033010535,0.5715633,1.4673868,-0.7761255,-0.8409164,0.6739162,0.27548084,0.53094417
-0.70221746,-0.13339627,1.9779439,-0.24093832,-0.077277035,-0.54595345,0.041629326,0.55239916
0.41094992,1.0536698,-0.610826,-0.8114625,-0.7622299,1.2648908,-0.26517522,-0.21077928
0.21960798,-0.42285278,-0.35543853,0.04487442,0.59518796,0.9216936,0.19066298,1.1304594
0.6799251,0.011570929,-0.019631244,-0.9913143,0.36482078,-0.39087582,-0.7558283,0.60796225
-0.86884934,0.5091366,0.36539367,-0.5668635,0.42363653,-0.18834871,-0.08118859,-0.16630349
0.03920266,-0.25017786,1.4381297,-0.49909034,0.67318374,-1.0585314,0.38123858,-0.7292002
0.6136314,1.8351157,0.14358497,1.2299498,-0.50326174,0.20518906,0.42495462,-0.13126257
0.8149035,-0.6257297,1.6034906,1.0673358,-0.39382508,-0.51276225,0.51648223,-0.27059928
1.2145635,0.47087976,0.6479311,0.6477038,0.044070523,2.0458274,1.264922,-0.06965766
-0.7217659,1.5946403,0.29252142,0.27102095,-0.16431612,-0.36553457,-0.059185784,-0.85088825
-0.2561735,-0.5182539,0.07601161,1.2816745,0.5660141,1.0034031,-0.7339701,0.8590838
0.49447677,0.45612612,-0.2644005,1.4831659,0.6721508,-0.8535898,0.8825511,-0.22025135
0.37046298,0.8078537,0.6468917,-0.34542194,1.5341166,-0.59968156,-0.25478923,0.019556392
-0.27863753,-0.14581227,1.0027405,-0.2964344,0.16941088,-0.3236051,0.17895865,0.30918893
-0.17749453,1.1682692,1.544277,0.6833561,0.12977321,1.2971697,-0.6291334,0.34815004
-0.053172953,1.3517184,0.47180596,-0.045583155,0.8147625,0.056454077,-1.7722727,1.421352
-1.128116,-0.37572673,0.2981948,0.305226,0.062129512,-0.100059584,1.8710083,0.0036057904
1.5083554,1.6752275,1.6218455,-0.036142785,-0.27111864,1.3236396,-1.3560495,-0.34993747
-0.21162206,-0.56564033,0.5655106,-0.5903098,-0.4882376,-0.781672,-0.15906574,0.9259319
0.8217987,-0.016784813,2.0605884,1.0276053,0.62308455,-0.1356716,0.9051695,0.21383905
-0.5513734,-0.17839207,0.41343072,1.3220196,1.3198947,0.7643485,-0.3598863,1.4507114
0.26654145,-0.5946279,0.4231558,0.9437021,-0.45348567,-0.45911908,1.2614125,1.4099765
-0.18397313,0.18132494,0.5545144,-0.8801971,-0.004162774,0.6057186,1.5597799,0.5319215
-0.52120274,0.64337736,-0.4262356,0.6079151,0.08961871,-0.5446257,-0.23903462,0.77621216
0.54950744,2.1176202,2.160012,0.74209464,0.5781052,0.87773746,-0.6055416,-0.015495136
-0.90908545,-1.0189648,0.1781975,-0.45813552,1.6136063,0.011263212,0.35631144,0.48208737
-0.95551383,1.3880458,0.27816164,-0.01347271,0.51511586,1.1257493,-0.12060186,0.059272923
-0.84077704,0.17233858,0.66272396,1.3844337,0.24258251,-0.43594474,-0.52274346,0.16260612
-0.34216774,-0.27993733,-0.17040339,-1.1008029,0.4130593,0.46849287,0.14241886,-0.3513768
0.21134692,1.5775372,1.5969083,1.3931193,-0.59500325,-0.7744096,-0.085558355,0.092613265
-0.31923833,0.73068583,0.3603461,0.24008839,0.6236701,0.81947404,1.0159106,-0.8207466
-0.63059515,0.0077291,-0.7076264,-0.12433389,0.11658544,0.15085904,0.31258556,-0.1598759
1.0168116,-0.96383375,0.4632453,0.38776818,0.5607214,-0.15178604,0.012110535,1.0152028
1.0141973,-0.7536234,0.9216455,-0.9302611,0.80274445,-0.54004186,-0.1246707,0.6751611
2.0798032,0.343323,-0.48656893,-1.0138788,-0.37267053,-0.67127717,0.099209934,1.8413553
0.021092243,0.033196166,0.4049656,0.22061898,0.6435153,-0.08132091,-0.20793909,-0.51922864
-0.55672,-0.123765334,1.7870611,-0.2870551,-0.08673798,0.994349,-0.1024065,0.6329691
-0.56017244,0.581603,0.12931958,0.5129314,-0.4548526,1.1438192,-0.18615371,0.591592
-1.4987733,-1.0906897,-0.5893373,1.6392736,1.0109761,0.14876522,1.3466326,-0.41507787
-0.2436941,1.7074262,-0.4578611,-0.1679612,-0.8059681,0.0056780577,0.2529845,-0.029801674
1.2612178,0.8125403,0.1407457,0.8343447,-0.024525188,-0.071032055,0.1902483,0.72294307
-0.32514197,-0.1326346,-0.7831815,-0.42395362,0.18968198,0.74489355,-0.66220886,0.654524
-0.45081937,0.5176841,-1.3173027,0.5929621,0.19094944,0.71762776,0.6325468,-0.33107176
1.4623233,2.3629045,-0.41110373,0.26051813,0.048246313,-0.912153,1.5910597,0.85544217
-0.67267877,-0.15849367,-0.93872154,0.6271915,1.1845354,0.46751666,-0.8983202,0.83845174
1.1274846,-0.56455845,-0.61693823,-1.2378005,0.90801007,-0.52919346,-0.06615963,0.99352276
-0.7474047,0.1209124,-0.037776522,0.21526402,1.4520687,-0.3213514,0.29162094,-0.15177813
0.2583469,-0.51198703,0.96785134,-0.2532397,-0.48151565,0.47627535,-0.21436463,-0.051801786
-0.23812151,0.46297973,1.6956342,-0.60616773,0.43959302,-0.3648024,0.21993104,-0.49479863
-0.8617328,0.059662238,-0.2977243,-1.1490879,0.7190494,0.40231022,0.30417415,-0.40214676
-0.25573978,-1.5245951,-0.31013986,1.6674287,-0.5209703,-0.3523327,0.5808194,-0.18689814
-0.5592615,-0.09260747,-0.2978822,-1.2024666,-0.14893828,1.0773914,-0.85531884,1.1981738
1.466094,0.9230511,1.8535873,-0.88138014,-1.5441775,2.1215627,0.5650408,0.9165126
-0.4046303,0.4401604,-0.47882435,0.04530303,0.5137422,1.6690236,0.11555998,-0.82843477
0.5597192,-0.20389816,1.6452198,-0.6665412,-0.22276327,-0.7941958,0.49913347,-0.091931574
-0.1719952,0.6408389,-0.41970623,-0.68557185,-0.28384417,0.0018363763,-0.0128834965,0.4023896
1.2352914,-0.5673978,0.5755847,-0.18808776,1.3503906,1.1227236,1.5303957,-0.8371426
-0.109603114,-0.02114547,1.1332773,-0.01928911,0.047714062,0.76862955,1.3293182,0.3728363
0.7610268,-0.692262,1.8671299,-0.5619051,0.041086774,-0.059616312,0.19344714,0.19713634
0.7317728,0.5955166,-0.6578083,-0.05733635,0.75850725,0.37867653,-0.558508,-0.21579337
1.4534116,0.45643452,0.035083108,-0.520084,-1.0441862,-0.07804821,-1.3432927,1.8003365
0.55658466,-0.019770812,-0.65235,0.7014289,-0.9499448,0.26944464,0.47843415,0.52373475
0.27883658,-0.5974157,0.42648566,0.64335215,0.6912826,-0.64040947,-0.73354036,0.65247923
2.6375034,-0.8600314,1.5980698,-0.45411834,1.22345,-0.83507746,-0.20248084,0.9005892
0.07141207,0.040865883,1.3769609,0.93024313,-0.35029593,-1.2811148,0.1423972,-0.03775391
-1.7019922,0.663248,-0.30821967,-0.22563495,1.2069688,0.18708356,0.878918,0.616143
-0.7469383,0.7079426,1.0027337,0.5647641,-0.3023901,-0.5458002,1.1829752,-0.58859015
-0.3661235,0.54376996,0.2844084,0.94238585,0.6113428,-0.8164316,-0.7670343,-0.44274226
1.1628126,-0.5051063,0.20053545,1.3737742,2.3136342,0.19084719,-0.6090404,0.30969766
1.847939,-0.6434101,1.2655971,0.43126953,1.2197664,0.4491003,1.1183631,-0.29624525
-0.1347247,-1.2048191,0.3501367,0.5301654,0.33310735,-0.26810333,1.3053447,0.28736904
0.14859128,-0.5294901,-0.04736803,-0.10494198,-0.9041277,-0.52525634,-0.78258556,1.2171985
0.4817164,0.18063298,1.6097639,-0.15179415,0.5288995,-0.513156,0.0903604,0.37810436
0.08219083,1.8988276,-0.20777771,-0.5656284,0.10588709,-0.32347092,0.70473546,-0.6320107
0.90384036,-1.0516318,1.647485,0.27010652,0.78447956,0.21880332,0.61168075,0.27421013
0.28545046,-0.75449073,0.47495264,-0.73409086,0.25644916,-0.057373494,-0.8199572,0.44986758
0.40475985,-0.04412971,0.38434452,-0.37037233,1.1711736,-0.4337419,-0.46000263,-0.9111511
1.2437747,-1.0210791,-0.2244044,0.3623835,0.243392,-0.41940904,-1.303117,1.1476663
-0.5513379,-0.12769905,-1.0311694,0.98625976,0.82045543,0.72281647,0.95344615,-0.120787464
-0.3881377,-0.2884797,-0.3151122,0.18930824,-0.74994004,-0.47344902,0.23501106,0.17454131
0.31153554,0.6337068,-1.2976573,-0.538816,0.2088698,-0.033403575,1.4469434,-0.7178411
0.068566725,-0.6736233,-0.5673718,0.70376664,0.49928778,-0.5372284,-0.042032044,0.11351034
1.339627,0.64144516,0.07849693,-0.25406352,-0.396647,1.1275722,-0.3090756,1.1527468
-0.06488059,0.4405834,-0.08276622,0.6959861,0.1956424,-0.36467957,-0.06953056,0.31581417
-0.95369554,0.49548343,-0.8163415,0.23130834,0.10576028,0.6916512,-0.53956145,0.021612164
0.98722625,-0.8099928,0.29180974,-1.2272905,1.5261059,-0.59848213,1.0837733,0.47285956
-1.0106728,-1.3758582,0.5991204,0.21892971,1.402171,0.6012572,0.8941493,-0.40365487
1.9827539,-0.20116992,-1.1559359,0.8634795,1.4739989,0.07542145,0.06748058,0.41673952
2.8670702,0.7305959,-0.17905888,0.4743243,0.36501497,0.18818676,0.50984806,0.098307885
0.07982372,1.9845421,0.61693627,-0.5536939,-0.5863184,-0.19972903,1.906388,0.2228862
1.6429434,1.1042782,0.33037525,-0.19265807,1.1763481,2.179053,-1.0529803,0.21271122
-0.58253384,-0.0021163747,-0.54922926,0.22665046,0.33129078,-0.74475265,-0.8983032,0.0022775307
-0.25287655,-0.14655598,0.051209874,0.06966746,0.26188746,-0.07210262,-0.15603715,0.41463685
0.45160154,-0.17941038,0.5895609,1.2834454,1.9430436,0.63846934,-0.38791028,-0.8589306
0.11324664,-0.85165423,-0.52995133,-0.14347868,-0.038148843,0.9226071,1.6868207,-0.23191029
0.096888706,-0.24280445,-0.2980025,-0.6537742,0.6949983,1.1627659,0.59450465,0.46902993
0.4609815,-0.39057928,0.5814572,1.4488269,-0.6363598,-0.21374978,1.6441177,1.0414779
1.1228149,-0.05802631,-0.042058624,0.24793886,0.11629396,-1.0213925,-0.23366722,0.3369861
0.90556526,-0.76183397,-0.038809985,-0.45848164,0.93541074,-0.0857929,0.31819326,0.30559155
0.6572475,0.77468675,-1.1369022,0.5347207,-0.51859045,0.6212237,0.0042460673,0.60042316
-0.22338653,0.9868469,-0.30714676,-0.8307949,0.6800534,0.032013547,0.47004965,-0.6240731
-0.71278363,1.3188384,1.2151372,1.3927824,-0.9563008,0.66243476,-0.5458904,-0.00096827745
-0.017256685,0.5894584,-0.06968194,-0.4729682,0.09601652,0.16799158,0.9047009,0.048453666
-0.2091617,0.6430612,0.7415458,-0.25161368,-0.78090656,-0.006813189,-1.0464067,0.0004395023
0.14666282,0.32299936,-0.7440106,0.40774763,-0.44847938,0.10176329,0.7630838,0.56906056
-0.12151148,0.48800677,-0.020029915,-0.65301347,-0.046760567,0.5171807,-0.27881092,-0.5349881
1.0525991,0.50076896,-1.1151788,0.79520315,1.1107177,-0.55255836,1.3263506,0.71815616
0.8226445,0.6186559,0.12326575,0.6551613,-0.8959489,0.5545455,-1.1005926,0.3016628
-0.2909915,-0.26426446,0.89755315,-1.3400328,-0.098708816,-0.473091,0.5403753,1.0880657
0.52435035,0.855975,-0.250862,-0.17272052,-0.04716931,0.46320307,-0.83548564,0.008051924
-0.3795108,-0.50119925,0.098010965,-0.93552023,0.20052902,-0.5598355,0.1582743,0.15041763
-0.15200296,0.43072963,-0.38418046,0.3960447,0.5049534,-0.4710627,-0.23710601,-1.1795378
-0.63465756,-1.0117352,-0.0025854446,0.33466855,0.2653531,0.43953794,-0.40698883,0.61692315
-0.42962044,-0.6168338,-0.015245418,-0.03971712,0.3773489,-0.38929948,0.12385966,0.7300794
-0.7373888,2.0116906,-0.10354974,-0.103406966,0.13163808,0.64219713,-0.70925575,0.20725447
0.38945517,0.7068979,1.0560873,-0.10364853,0.040263347,-0.46239498,-1.0534176,1.7882698
-0.9168553,1.2016947,-0.011297646,0.31421474,-0.34307438,0.59471565,0.55296326,-0.3438815
-0.3227586,-0.97782815,-0.15576717,0.307665,-0.52031326,-0.029265074,-0.7780147,-0.44585952
1.1801815,-0.04299361,-0.5269093,-0.71393836,0.72148085,0.5289099,0.829606,1.1773492
0.34014666,1.0919158,-0.75172985,-0.26090497,1.2607837,-0.22309507,-1.6061862,1.1926937
-0.4413706,1.217492,0.63160205,-0.6026665,-0.4560091,0.98575205,0.16309619,-0.30515513
0.36820865,-1.1664556,0.5152206,0.18519354,-0.22334138,-0.19042571,-0.53583556,1.2165353
0.14135827,0.82378364,0.24148828,-0.024135899,0.3810305,0.7019305,-0.6292541,-0.41508102
-0.30175588,0.0017602015,0.6217138,0.1294843,0.40164757,0.22899769,-0.34956154,-0.3361251
0.19815192,-0.054102596,-0.6677808,0.07193648,0.27887547,-0.3147341,-0.93494,0.8430104
0.036508225,0.21357323,-0.11888298,0.67667633,-0.1155735,-0.086567424,-0.7425322,0.10228671
0.6522397,0.5638864,0.6846012,0.10587483,-0.11967744,0.042037126,0.66012406,1.2419282
1.7403013,1.3108803,1.8589572,1.1061065,-0.9585988,0.38347027,-0.7680331,-0.2651237
0.39441952,-0.7045817,1.3941094,-0.23379229,-0.7551746,0.3921916,0.22155197,0.6360809
1.2216638,0.25404808,1.0217382,-0.4972702,-0.47686538,-1.143075,-0.6216905,0.4235936
1.0754936,0.10793185,-0.40610182,0.2924928,-1.0519167,0.18703517,0.047797997,0.05839424
-0.6423865,0.9305845,-1.2770787,0.30201337,-0.2139326,-0.7120042,1.9592842,0.33172822
-0.70846593,0.3799251,0.57731366,-0.5914135,1.0601549,-0.11179182,0.54024744,-0.7373623
0.32162264,0.03444003,0.4819425,0.058893867,0.10201763,-1.1867241,-0.68954694,0.35965472
-0.012554593,0.1126879,1.077531,1.0873836,0.714938,-0.2903838,0.47761858,-0.3391783
0.6740128,0.23128487,-0.04887452,-0.12696826,0.052195832,1.4456168,0.35273284,-0.20627066
0.40227377,-0.62730455,0.090104304,-0.1282152,1.5429103,0.18718247,0.15307212,0.14517733
0.111814514,1.1208339,-0.7217388,0.13935313,0.7233985,0.69425255,0.6418599,-0.31842455
0.29177397,1.8787326,0.5547852,0.14551607,-0.19029465,0.7356114,-0.7758918,-0.19191983
0.67814165,0.670423,-0.4080921,-0.45969984,-0.8062071,-0.17287903,0.51840615,0.0016127452
0.7656511,-1.4117838,0.5726023,1.2696706,1.6870718,-0.6773962,0.7471843,1.5284024
1.5917704,0.87861025,-0.6415603,0.2800658,-0.7643953,1.1721346,0.4428964,0.69967324
-0.62635744,1.162975,-0.50697404,-0.21760045,0.19795789,-1.3292475,1.2433064,-0.47012165
0.33742833,-0.67182285,-1.049613,0.57061243,0.61520994,-0.16291168,-0.9304636,1.0850146
0.28667828,1.2447556,1.3321497,0.8273655,0.27742013,0.7662733,1.4031992,0.2658327
-1.4049617,-0.6686443,1.147177,0.37698588,0.10930961,0.58020896,2.0478177,0.6992846
-0.5399673,-0.050210614,1.4628003,0.1648519,-0.8861415,1.915465,0.43229058,-0.028754912
0.23710617,0.50590587,0.84682626,1.1508727,1.1323128,-1.0183831,0.77055204,-0.11253401
0.22321886,-0.78727925,0.022178032,0.47675797,-0.6503897,-0.5415955,-0.51131904,0.88797843
0.38586366,-1.172863,-0.6771813,-0.8225556,0.75217193,0.9945673,0.4737668,0.3086104
1.3778968,-1.0370117,0.5758196,-0.14946502,-0.068781026,1.9418974,0.071885124,1.0310616
-0.13365084,0.4404051,-1.460793,-0.36775336,1.7206477,0.5977388,1.3363596,-0.93311447
0.40359557,1.3685532,-0.053966753,1.578672,1.4556806,-0.7664573,0.1685263,-0.9488575
-0.7791131,1.7751424,0.23369351,-0.30415195,-0.0786298,0.47281772,0.54985,-1.1040398
1.0795748,-1.1268969,-0.30222607,0.43222848,-0.22913025,-0.118612885,-0.021885399,0.5802611
1.0430976,-0.32833487,-1.0373677,-1.6497922,0.3015047,0.55687934,2.6043348,-0.2826764
1.1236094,0.13141316,0.62976027,0.3990921,0.2517461,-0.08604443,-0.30064985,-0.34249464
0.6778664,-0.26798952,1.6146659,-1.3293315,0.6243265,-1.0186446,-0.8462548,0.17567876
0.55183595,1.3404301,0.61452305,0.67885214,0.17908503,-0.27559513,-1.315139,0.4931233
-0.190411,1.6345329,-0.24584436,1.4465566,1.468528,-0.6734167,0.50331664,-1.4688089
0.13452515,0.22157012,0.17524606,2.2504783,-0.50899714,-0.5028233,0.27480203,-0.25879386
-0.06775353,-0.5401751,-0.90307325,0.36472756,1.859212,-0.21547323,1.4126196,-0.17427006
-0.94362116,0.31000215,0.8256887,-0.792181,-0.3178673,0.21985136,0.4496792,-0.2233051
0.8727406,-1.337327,-0.15551803,1.2868325,-0.03557213,0.23020755,-0.014050045,-0.98799664
-0.04123856,-0.57893306,0.3704439,0.5043896,-0.13135885,1.2357382,-0.37306267,0.6757728
1.0818291,-0.261023,0.036081094,0.1496282,-0.7426507,-0.39359853,0.6341901,0.13746908
-0.82261026,1.451922,-0.008412743,0.035655756,-0.2752301,-0.02063437,-0.40077958,-0.61233366
0.07599084,0.104072854,-1.4640181,1.8946775,0.45663518,0.7352665,0.549612,0.72693753
0.23708206,1.2485781,0.42576936,0.2984474,1.3859249,0.37606195,0.26070377,0.70699626
0.7853375,1.6696658,0.19296792,-0.42974263,-0.3837045,1.0202061,-0.66273856,0.55361456
0.45337698,0.063760266,-0.45417824,0.98614615,0.23228972,0.54262894,0.0768244,-0.853336
1.0375524,0.1508514,0.14469227,-0.27928194,-0.5551084,0.3781979,-0.21502538,0.5650901
-0.38957796,-0.9125795,0.6719161,0.55467004,0.9977942,-1.2883828,-0.7635079,0.3351314
-1.2848918,-0.54554224,0.8697327,-0.12524113,-0.021996256,-0.6882534,1.2060372,0.66694546
-0.6592985,-0.40743917,-0.4809494,-0.088015005,0.63142836,-0.3778073,0.013504203,-0.39331055
0.7255603,1.3081356,0.4033993,-0.58068323,0.8607504,-1.2549584,-0.15021603,-0.08705669
0.8452023,0.9832351,1.3456048,-0.84462625,-0.05641903,0.07903838,0.50574464,-0.20291671
1.5443168,-0.5211283,-0.49646023,0.7726036,-0.65854824,-0.643442,0.8400805,-0.94649047
-1.3930986,0.45907182,-0.68866843,0.39561677,0.5374344,0.3676916,-0.70337784,-0.5343247
0.7066464,0.5277214,0.2262043,1.0625983,0.43112063,1.6429068,0.32852226,-0.5028098
-0.14565465,-0.069589496,-0.26290715,1.0874342,-1.1125455,-0.83177644,0.40677828,0.39017436
1.1985383,0.5140611,0.014063504,-1.1573869,-1.7454294,-0.15782264,1.2403501,0.18803403
0.9694281,0.39735416,-0.069395736,0.6804711,-0.9367315,0.21673667,-0.51503754,0.357699
-0.13383058,-0.24305494,0.23935959,-0.9573058,0.5746696,0.94963956,0.052367333,0.35942805
1.5429701,0.008613824,-0.23584887,1.578081,-0.64163154,-0.44311166,-0.6383891,0.745258
-0.56992185,-1.0863074,0.6842913,-0.93699265,0.21423608,0.08256491,0.4497605,0.9022821
0.9399147,-0.19802637,-0.71189624,0.62242264,0.05514057,0.21003598,0.27299976,0.7397878
-0.5034788,-0.28395486,0.58528215,-0.5353456,0.4507037,-0.37674972,0.20197508,-0.1326153
0.9279913,1.6199875,-0.79073983,1.192052,1.8923455,0.788811,0.099009365,1.8745304
0.009330332,0.5498559,-0.17544094,0.83028847,-1.0949091,-0.28635725,0.1716939,0.2587872
-0.18877625,-1.0100384,0.14396057,0.61599255,-0.20220853,0.46224365,0.6714925,0.53157425
1.244061,1.5035678,0.34042004,0.4708906,-0.7674025,1.1489304,0.720978,-0.15413377
-0.40294766,-0.28584805,-0.71997815,-0.37167883,0.75192744,-0.7355979,0.5221804,1.1686717
-0.0041092113,1.165368,-0.3660349,-0.7204551,0.025718957,0.46731165,-1.1531821,0.3881544
-0.7781181,-1.3585733,0.2130912,1.0738068,-0.010137092,0.75726265,0.266614,0.8067126
2.1648562,1.5735438,-0.59299654,-0.13195777,0.2268719,-0.81642824,0.40410239,1.2430358
-0.20267817,-0.5209063,-0.19213882,-0.60624677,0.30443698,-0.29270834,0.42328572,0.48581207
0.17865478,0.9630944,1.3729047,-0.33303288,0.6589011,0.69874036,-0.35477042,0.082893446
0.41581428,-0.02753101,0.893754,-1.8025985,-0.71251744,0.27573085,0.25940242,-0.4218612
-0.8949672,-0.41902006,1.6426884,-0.53274435,-0.3647562,0.044297226,0.8665927,1.215767
-0.040240817,1.9033424,-0.054737728,0.75794864,0.9536405,0.84408635,0.9180284,-0.033998854
0.1913636,0.20157786,-0.7239863,0.0079561025,0.018279042,1.7352102,-0.98618585,1.1932864
-0.7814761,0.10846308,0.04640267,-0.038214896,-0.12330496,-0.016972193,-1.7520032,1.3641589
0.58390176,-0.5639565,-0.43172923,-0.35784593,0.61877817,0.11697891,-0.2957609,0.99915093
0.90950584,0.34745973,1.0981119,-0.12786381,0.55974287,0.8094363,-1.0434703,-0.42026365
0.80761474,-0.5669434,-1.0387505,0.2592045,0.607125,0.7781412,-0.91258526,2.0591965
0.32098722,1.5169046,-0.73383355,-0.71141005,-0.52567923,1.5830479,0.97236574,0.124196514
-0.15248317,0.33129802,0.70006883,-0.5213801,1.7082039,0.32915014,1.389118,-0.46863714
0.31944725,-0.36146566,1.257687,0.5046371,-0.4273608,-0.3209916,0.1993646,0.5735566
-0.2586155,-0.67675894,1.1239201,1.0797437,-0.5182903,-0.5933586,-0.04312097,1.3804234
1.2556331,-0.2566101,-0.93090796,0.6307434,0.2762823,0.31959945,-0.40167361,0.41866577
-0.18981138,-0.3832109,0.5035894,-0.2610929,0.85478145,0.2951309,0.8267515,-0.3451319
-0.51511514,1.0488456,0.060447276,1.2215816,-0.6899654,-0.49244437,-0.5934947,1.4650358
-0.12654623,0.02609294,-0.6868705,0.021752955,0.28442568,0.20057973,0.00030006282,-0.17477602
1.3511853,0.6951262,0.22606257,-0.04751591,-0.72835594,0.1358327,0.015628316,-0.58773196
1.1953474,0.40842643,0.48620352,1.1763847,-0.27398172,-0.40734696,-0.6487815,-0.26157972
-0.48684663,0.60548973,-0.05636127,0.5168382,-0.21612585,0.63774246,1.0235994,0.06136056
1.0570159,1.3811561,0.73084587,-0.8363199,0.10288073,0.24492426,0.80160755,0.32830217
-0.010082133,-1.351529,0.29385963,-0.42227077,0.37546018,1.3113948,-0.093131304,0.15805298
-0.24198514,-0.01802088,-0.46899295,1.2442322,-0.17638014,0.22997431,0.6180901,0.19057386
-1.0919346,1.5622065,-0.16693416,-0.49382094,-0.28263715,0.7319591,0.71131927,0.10536678
0.81309485,1.4013426,0.29109797,0.47461754,0.68039006,0.6112167,-0.31039795,0.44541502
0.3873594,0.08567825,-0.025364147,-0.7470648,0.5973662,0.33541432,-0.8857548,-0.22148943
-0.41949633,0.5607778,-0.51339144,-0.42328036,0.29924887,0.24951911,-0.9702347,0.0017483309
-0.7844,-0.7835503,0.6752282,1.149286,0.5059058,1.601735,-0.5293716,-0.037824847
0.7344718,-0.47491288,-0.345432,-0.9993843,0.46935147,-0.3191807,0.7608057,0.46289524
0.346038,1.0588664,-0.123697,0.54443187,-0.5290833,0.06925929,-0.5247041,0.08004451
0.18689811,-0.82031256,0.98439014,-0.086422905,-0.14147627,-0.94454277,0.54866457,1.1571947
-0.45514214,0.1548067,0.016268034,-0.40008566,1.3175735,-0.42973992,-1.1383588,0.560368
0.27870125,0.9562161,0.6194801,0.30377683,-0.1287287,-1.5161172,0.41378233,0.42960832
0.25977737,-0.1569976,0.4353585,0.9535518,-0.50556153,0.34056377,-0.2549492,-0.66367865
0.74371547,-0.14127639,-1.1881713,-1.5980774,-0.5751307,-0.1648472,0.4352899,1.3912613
-0.95397997,1.5494037,0.3311985,0.3834022,0.26718253,0.29720822,-1.5194422,-0.28214946
1.0295643,-0.25909874,-1.2093875,1.2498759,-0.77554584,1.2314396,0.15717392,0.44741285
-0.25239748,-0.37644574,-0.23344982,1.4488387,0.37583396,0.5616556,-0.45215783,-0.23444268
0.5811144,-1.1227247,-1.7858082,-1.3331602,0.031127159,0.33882406,1.6092191,1.1274476
-0.67673904,0.41054785,0.41035965,0.8563691,-0.25971472,0.28440633,-0.3256745,0.5100231
2.4353554,0.08130132,-0.3028653,-1.0071863,-0.08319862,-0.051003926,-0.8659466,0.3570258
-0.10879926,0.44711056,1.2285705,-0.33557823,-0.5713909,0.47290975,-0.31798446,0.5893309
-1.7790599,-0.40272373,0.54997724,0.10172351,0.40692672,-0.4525916,0.916392,1.9609978
0.5178782,-0.8033857,1.3369249,-0.82183826,0.9695204,0.4271444,0.6655794,0.90803546
-0.59427893,1.5144862,0.3345413,0.4095399,0.19363207,0.1361203,-0.6223355,-0.20277852
1.6027379,1.1176445,-0.42821595,0.27189425,-0.63687986,-0.50380224,0.8219509,1.0540891
-0.24272177,-0.23626713,0.9842324,-0.46741435,-0.73634803,0.2888095,-0.5096623,0.58954734
-0.16374978,0.3558044,0.10717065,0.48269752,1.4298687,1.0483536,-0.5243686,0.173049
0.5365094,-0.09962523,-0.84303373,1.5581346,-0.5509056,-0.060762048,0.85965806,-0.39136374
1.2468765,-0.10004552,-0.45490786,0.48755428,1.1996709,-0.35522363,1.2255878,-0.18841094
1.4825056,0.15330261,1.2374452,-0.26777846,-0.306038,0.7730485,0.5204393,-0.4396849
0.91511506,-1.3228247,0.4770034,-0.7581598,-0.28252757,1.1037309,1.1038415,0.8277838
0.6335584,-0.21779333,0.4182513,-0.48669103,0.18773162,0.32687,-1.5951737,0.69701016
0.85501695,0.4647982,0.8121781,1.022312,-0.09701184,-1.4330266,-0.7878687,1.0667292
0.83866143,0.19483367,0.0326654,1.5432163,-0.4871557,-0.38143003,0.12804751,-1.3629942
1.819262,-0.050818603,0.65785366,0.5438596,-1.0388466,0.63066924,1.6654023,-0.039862327
0.9395977,-0.43387002,-0.03903369,0.3044735,-0.44829005,-0.6721914,-0.007898539,0.12855627
0.16827822,0.86715096,-0.84693724,1.7422864,-0.080901735,0.7211979,0.26764756,0.86664206
1.1040004,-0.6642141,-0.23470655,-0.80349165,-0.4593842,0.31657672,0.16361624,1.008885
0.42768478,1.2591158,0.015643284,-0.026221368,-0.07589989,0.6060182,0.61305386,0.07698577
0.46093452,1.1251328,-0.08567053,-0.014024142,0.37374848,0.09008915,-0.9093629,0.3439708
0.43332502,-0.49963248,-0.3498619,2.0865028,0.1663211,-0.18642567,-1.4696307,0.16559091
0.66282547,-0.6214346,0.8740177,1.2723956,-0.99674934,0.24393748,0.52954155,0.60577023
0.8029008,-0.7412528,-0.29953408,-0.02152932,-0.5326047,0.657697,0.48604584,0.33640343
-0.14830229,-0.52959484,-0.035714887,0.8127594,2.4866598,-1.6369693,-0.0056931246,0.8108573
-0.77724093,-1.4423819,0.12054015,1.340658,0.09713859,0.6435495,0.48190677,1.015411
-0.8540934,-0.3828259,-0.01292957,1.1683277,0.35128707,-0.631196,0.4010028,0.882795
-0.5146222,1.0498099,0.56444925,0.55961245,0.98599464,-0.5550102,-0.84922874,-0.062218644
-0.43203476,0.31052357,0.42539534,-0.67617095,0.3396381,0.78306144,-0.39038587,-0.19074935
0.106725216,0.6182382,-0.28229794,0.0022300594,0.13331985,0.12301322,2.4500375,-0.2203756
0.65398484,0.7403669,0.27059537,0.2496534,-0.3871493,0.06173317,1.7011544,-0.09094564
0.78923863,-0.5949389,0.048364274,0.7145081,1.0926847,0.16102777,0.4884665,-0.9672598
-0.6310107,-1.5089209,-0.3659565,-1.412728,0.2551635,0.012120709,0.82180125,1.1356528
-0.3035656,-0.36707467,1.9449925,-0.8642384,0.803673,0.25666407,-0.09252922,-0.21323991
0.11114778,0.74072814,-0.64948314,-0.57136816,-0.14770137,0.11364829,-1.0532881,1.0615274
0.5061397,0.55540997,1.8436068,-0.45469746,0.2581376,-1.0599692,0.5741898,-0.71632224
-0.17491394,0.5192396,0.39889872,1.1548216,0.52532846,-0.52052635,-0.7379354,0.19922262
0.54572004,-0.79280496,-0.50811154,0.22656499,-1.8325232,0.4461131,0.88690275,0.566272
0.751106,-0.7016238,1.4710089,1.6388,1.0408025,2.3788986,-0.3363357,-0.07783874
-0.3482345,-0.7991251,-0.8956344,0.38674057,0.19573301,0.04016608,-0.12557009,0.04157411
-1.3754846,-0.48369217,-0.61592746,-0.11887692,-0.120551184,0.12476965,0.5915721,0.5961246
-0.32771945,-0.75422275,1.1173607,-0.27481133,1.1303595,0.24609396,1.833133,1.4469926
-0.19246876,0.6211698,-0.6005255,0.23864263,-1.370962,0.025390772,1.1557245,-0.30110857
1.2130755,-0.63925636,-0.32232305,1.2477688,1.0072283,-0.08430027,0.3013095,-0.2169275
0.8041665,0.11751686,0.24987337,-0.54151255,-0.15175094,0.014000117,0.13546483,1.4522249
0.22098374,1.0774778,0.57234555,0.04630414,-1.472669,-1.2606124,-1.029142,2.0496836
0.17723933,-1.358686,-0.27579376,-0.5223384,0.31416276,-0.791998,1.3029596,0.017104618
-0.1709401,0.68694043,0.46807992,1.1353492,0.0948999,-1.2907465,0.7654079,0.3783829
0.78632015,0.2957408,0.6109047,-0.19233602,0.36712876,0.71723235,-0.7492184,0.8559286
0.47058436,1.3395852,-0.93407404,0.6406976,-0.6136677,1.0551132,-0.14047502,-0.4603919
-0.35247394,1.4343169,0.656286,1.2177068,0.033593312,1.1060395,-0.18388818,1.1558988
-0.20356238,-0.8256057,1.3872868,-1.1948801,0.17717667,-0.3214753,-0.52394325,0.6150054
0.52024555,0.8880049,1.3448726,0.20357345,0.67017114,0.33863723,-0.94119996,0.78883934
0.9744328,-0.39972803,-1.0454232,-0.3936293,0.5649659,-0.016884172,1.7349416,-0.27067575
0.65068716,0.5582793,-0.042244546,0.88268757,-0.067687914,0.15727091,-1.1159731,-0.17674857
0.6682992,0.9089664,-0.61157155,0.4226907,0.9389324,0.9859249,0.93051153,0.27875373
0.2697965,1.2074159,1.2404921,0.92242587,0.43904054,0.5082222,-0.9647103,-0.41629395
-0.2271936,-1.3523412,0.49730518,-0.41105935,0.24341862,-0.36682004,0.91789776,2.0177696
0.8033427,0.73067904,1.6176064,-0.6800862,-0.2493615,0.956728,0.43611878,-0.1913355
0.37321046,1.6122797,-0.48350906,0.42233405,0.40922335,-0.69376194,-0.18720812,-0.04816377
-0.26489708,-0.3075885,-0.003189953,-0.17744535,1.9850823,-0.19674237,-0.649982,0.9570336
0.57803255,-0.64510906,0.3553438,0.36158645,-0.55442214,-0.16438107,-0.993029,1.1448678
-2.1836812,0.6074858,-0.14682813,-0.48603585,1.0319431,0.70349425,0.0138042085,0.76439893
1.7698768,0.96921873,-0.8818349,-0.37665007,-0.08511037,0.6448193,0.075283766,-0.3389909
-0.24034426,0.3973061,-0.65281343,2.490849,1.2787206,-0.95076025,-0.21374862,0.38433272
-1.1974378,0.5004721,1.2065159,0.15195894,1.4706397,0.4262312,0.18289238,-0.3862393
-0.1428043,-0.028822865,1.2029257,-0.30458692,-0.8021625,1.2633646,0.37830082,-0.04011833
1.0227965,0.7328907,-0.25493473,0.38608527,-0.08552249,-0.5418202,-0.86326027,-0.7765319
1.4495263,-0.19352113,0.06291128,-0.71147394,0.6602805,-0.3579631,0.5417643,1.3141509
1.1672789,-0.8934609,0.2511351,-0.98906744,0.8954019,0.6712524,-0.24698843,0.31780812
-0.7464051,-0.5313619,0.97983086,1.3818072,0.5861367,-0.5955932,-0.14058681,-0.8471957
-0.18260318,1.1056602,0.72115684,-1.1990136,0.50593126,0.26244688,1.0532107,0.2542386
-0.88336813,0.2777397,0.16719979,0.33456957,0.87964696,1.2526339,1.4872656,-0.39538416
0.9909914,1.3495917,0.5521028,1.0078369,-1.0795939,-0.10902901,0.16739531,-0.79266125
0.39432964,-0.4111489,0.5932112,1.2091295,0.42877957,-0.6111338,-0.7533628,1.0057085
0.47467583,-0.12491408,-0.3333018,0.0013632961,-1.5818281,-0.08098037,0.9898119,0.47521618
-0.5717748,0.5147367,0.11857047,-0.24366929,0.4773808,0.121888444,-0.85121065,-0.2571179
0.53024614,0.6840444,-0.118707746,0.7694036,-1.0458798,-0.78869075,-0.121605024,-0.17438778
0.05709361,-0.53281647,1.3980861,-1.2429434,0.3144323,0.7729464,-0.549685,0.54671234
-0.049009122,0.41219532,0.14762545,0.14676154,0.5000363,-1.0620868,0.73835725,0.24594119
-1.81722,0.00892298,2.0232158,1.0587159,0.8176059,-0.8937273,1.1609224,0.31203407
1.2201797,1.2156407,0.71528065,-0.7279746,-1.5321972,-0.07845131,-0.61413723,-0.016278163
0.3550623,-0.16385168,-0.055045474,-0.4839677,-0.45170975,0.22187944,-0.15752734,0.009106196
1.1821395,-0.016503189,-0.07458954,0.67877984,-0.29666477,-0.5185896,0.23686643,0.14393607
0.7343155,-0.16977537,0.07040068,0.034977853,-0.22348581,0.03143801,0.1652189,0.00768137
-1.0738349,0.79877925,-0.22504038,-0.12836963,0.7542187,-0.1464639,1.9215964,2.3413026
0.99209595,-0.4915185,-0.78648615,-0.20726891,1.3184111,-0.073656276,1.364728,-0.5930607
-1.0728076,0.37267104,2.349781,0.51389986,-0.24133354,1.1103804,-0.4504424,0.7434162
-0.5825707,0.038809776,-0.35301155,0.28007206,0.5265136,-0.17568894,0.058236223,0.22544208
-0.41949275,0.43788925,-0.62521654,0.3739674,0.07702859,-0.6635449,0.22206034,1.1940786
0.4677829,1.1191782,-0.5838658,0.40670428,0.039443716,-0.095499,-0.13696405,-0.27234176
0.8309887,-0.2160698,1.0305651,-0.13467045,-0.13025825,0.04643427,-1.1121145,-0.0075571164
1.0759301,0.9583944,1.1221664,-0.7939286,-0.060595326,-0.7345043,-0.13755794,-0.16394556
-0.7725796,-0.47349843,0.9788108,0.46244362,-1.119565,1.0267336,0.025875017,0.7521556
1.1195005,-0.41960955,0.6754464,1.1331234,-0.8129172,-0.55312866,-0.11430816,-0.22608146
-0.30941206,0.035488907,0.3515389,1.1999665,0.6843146,-0.37447903,0.55414176,-0.4992021
0.15718679,-0.6325893,1.5113462,0.64285743,-1.2001562,-0.13762648,-0.2753376,-0.9495726
0.53658795,0.39046517,1.4027404,3.0,-0.28003916,-0.8196934,-0.21059953,0.6057113
1.4766264,-0.34479323,0.08830729,-0.72938895,0.93449557,0.6426356,-1.3540888,0.51183194
-0.4061969,2.1278157,1.3384616,2.001733,0.30096126,-0.5046754,0.65418184,-0.64475083
0.85664415,0.67856157,0.5010541,-1.1844293,-0.11525455,0.39111853,-0.9703009,0.5728092
-0.44981754,0.7638038,0.8833052,-0.46614042,0.68722683,-1.630358,-0.006791806,1.9980274
0.27139756,0.19533734,1.301692,0.66337496,0.7522182,-1.2439111,0.66664684,-0.4541529
0.45657942,0.35813895,0.30386707,0.018137794,-0.0013397979,-0.3704446,0.4257134,-0.9259975
-0.68398315,0.22394848,0.9146753,-0.7277219,0.09794696,-0.0823477,0.3020815,0.028097268
0.93445414,-0.47944254,0.35582224,-1.3521827,1.4124963,-0.31494775,0.26899713,-0.30593967
-0.20216697,0.67851406,-0.6726591,0.16880797,-0.24322668,0.8864503,-0.65085375,0.15220706
2.4029715,0.08992568,1.0433587,-0.638378,-1.0001215,0.81224346,0.55567336,-0.12697983
0.8433921,1.4991232,-0.778146,1.3178625,-0.28158414,0.5051669,1.5511901,1.733536
0.1301789,0.8220574,1.1742053,0.5222001,-0.1851903,-0.37655976,-0.44231868,0.40596965
-0.95339537,-0.069328174,1.0878463,0.41883257,0.28371656,0.24962687,-0.4736658,-0.5236902
0.5292906,0.2924417,-1.3237808,0.86451524,0.024272218,0.77986723,-0.18797645,-0.243171
-0.43993735,0.56596214,2.6462111,0.4096709,-0.18268332,-1.5772614,0.23679651,0.7318432
1.331312,1.54613,0.56221795,-0.53578734,0.073978774,0.52130663,-0.18488666,-0.1416268
-0.63337624,0.9570205,0.6337348,2.005699,-0.42001566,1.5569799,0.83194286,0.8252682
-0.028613836,1.369748,0.55540645,0.5365225,-0.05673033,0.96508986,-0.6694796,1.2712845
-0.041749336,-0.5749528,0.15727288,1.9719255,0.030660514,-0.4378347,-0.5182615,0.45239097
-0.21754053,0.33281508,1.4563341,1.7947037,1.6325356,1.2376181,1.2875186,-0.5370256
0.8492978,0.47362113,1.6506464,0.87338525,0.3500985,1.265423,-0.5525042,0.33539712
1.3151326,-0.54745966,-0.10935351,0.85266125,1.5918119,-0.7267476,1.6538663,-0.027789421
-0.5430214,0.90323025,1.7466526,-0.5358167,-0.7283862,-0.20863558,0.26696032,-0.16177031
2.7533317,1.1203588,-0.22059718,-0.13224298,-0.76662904,0.14883903,0.44087142,-0.19479007
0.668359,0.642736,-0.1390436,-0.53478104,0.8286783,0.9734901,-0.21359965,1.5683435
0.7435779,1.6546437,0.03246516,0.23164614,-0.40976542,-0.18228836,-1.5589608,0.647047
0.4648785,0.57321185,-0.4590629,1.0304048,-0.64989936,-0.8875549,-0.47379887,0.2257505
0.036798995,0.07864191,1.1689757,0.57873315,-0.38018486,0.84230566,0.417693,-0.09400209
-1.3524822,1.0861433,0.5273694,-0.55231184,0.0052179564,0.3334682,-0.9356375,1.4154171
-0.40875828,1.9030049,0.9216196,-0.16427147,-0.6236355,0.34797502,-0.10127291,1.5079529
0.8883966,0.8857364,0.1986857,0.088743754,-0.60940003,-0.33781037,0.8552067,1.0436269
0.1888608,0.6382754,-0.73587596,-0.19539122,-0.73902875,-0.5221797,0.4459275,0.9856249
0.034034647,1.0593396,-1.1476034,-0.01982772,-0.0728812,-0.31015527,0.63013303,-0.33271992
0.62073886,0.5976462,-0.14531147,0.26206604,-0.2370073,-0.29849714,-0.63189214,-0.8666907
0.63072103,0.36298698,-0.05729835,-0.88684285,-0.06075067,-0.6379554,0.15203221,0.99499977
2.1034179,0.055095036,-0.21564713,0.24475735,-0.17350864,0.26931986,-0.38925916,-0.5811012
0.19395825,0.45192164,0.7695752,0.0024826266,0.24858825,-0.4894397,0.64876455,-0.48589548
0.6128661,0.35603675,-0.6507586,0.23537378,0.049945857,-0.94591814,-0.18853101,-0.5447956
-0.6655034,1.1574804,1.4737681,1.2109038,1.1999835,-0.10471767,-1.07463,0.21378458
0.7084644,0.01880847,-0.5110532,-0.6596174,1.1742066,-0.62781495,-0.6911927,-0.28314564
0.075108565,0.26689357,0.62176806,0.19877778,-0.24083474,-0.6243494,0.00187709,-0.7206583
0.6439416,1.3072182,0.22593623,-0.647781,1.6663206,-1.330183,0.8179893,-1.0722493
1.1386576,1.1078379,-0.9352235,0.48753178,1.9288867,0.414775,-1.6378801,0.24291214
-0.7470817,0.56248564,0.3778893,0.45533872,0.31866822,-1.2442594,0.45208058,-0.31858733
-1.8043792,-0.28273293,1.7275689,-0.20467089,0.71710354,0.0032513048,0.37417692,1.853709
0.55198234,-0.67157376,-0.29133803,-0.24380384,0.6520041,-0.08594079,0.46349812,0.17372453
-0.27130038,-0.11188449,-0.32935932,-0.42226362,-0.06786316,-0.43772745,0.19369015,-0.08376359
-0.9462187,-0.18852758,0.087482795,-0.117994264,0.12809809,-0.5204525,-0.4725313,0.86914307
-0.037211575,1.0799508,-0.41097698,1.0216111,-1.0509142,0.798243,-1.3678765,-0.41504866
-1.2052628,-1.0364269,0.7791647,-0.6016221,0.49129206,0.29105788,0.5199381,0.48417252
0.98587966,-0.6564222,-0.41992253,1.268031,-0.7712774,-0.69549155,2.0565553,0.5731966
0.53599995,-0.3327114,-0.28783432,-0.8173134,0.50454926,0.55891794,-1.115017,1.8236154
-0.8292335,-0.42907152,0.29741773,1.6071397,-0.46252725,0.36305952,-0.28328535,0.2725041
-0.8993419,0.29990467,0.8175343,-0.15839764,0.5684071,-0.5511384,-1.1582023,0.1103497
0.15787396,-0.238171,0.17179137,-0.012098569,0.3451996,-1.1394604,0.26516753,0.6061984
0.744784,1.6435504,-0.38898113,-0.006205477,-0.47972628,0.8466598,-0.4269131,0.26957992
-1.16913,0.073595025,-0.76618856,1.6680427,-0.60602564,1.1455815,0.15827249,0.47441924
0.95057106,-0.69419134,0.17482579,1.0179012,0.32891527,-0.61926216,-0.2608498,0.4715151
-0.07064419,0.48774412,-0.4692802,1.4671892,-0.83788896,0.2632105,-1.0621125,0.044029
0.30043626,-0.32872045,0.63264585,0.124176145,1.3822412,0.37126186,-0.83665186,0.66409713
-0.8486154,0.33293307,0.8333273,-0.72589886,0.9360866,-0.51086694,-0.08003141,-0.5121453
0.6836807,-0.41420493,-0.32545742,0.84029907,-0.087824956,0.66305965,0.030836001,0.937448
0.8170463,-0.32635778,1.2406964,0.57896245,1.3759986,-0.585316,-0.5863222,0.98435974
0.50279427,0.8488596,-0.3452171,-1.1985545,0.92297417,-0.048478127,-0.29825225,0.58568525
0.22930545,1.2590187,0.39078695,0.13103253,-0.92975926,-0.39699855,0.97673655,1.2624443
-1.2675279,0.08544615,1.0303645,0.28128976,-0.012609401,0.6013145,1.1013966,0.15150723
-0.14215258,-0.25774166,-1.3516463,0.14351745,0.63488096,1.6022007,1.0985587,-0.35961407
0.8997895,0.62373865,-0.14485012,-0.9389095,1.0431318,0.46263808,-0.4223669,0.27860233
-0.010666005,1.1663036,-0.83891046,0.2112959,0.9567425,2.0649796,1.6559776,0.23668635
1.7459378,0.3955896,-0.9415155,1.188056,-0.9250851,1.0705068,0.34979415,0.9050501
1.1465192,-0.913975,-0.6708183,-1.008345,0.3318795,-0.03779923,0.044383716,0.3681696
-0.2945594,1.7573401,-0.7112256,-0.9865478,-0.10063719,-0.589239,-0.5625325,-0.31748214
-0.39031017,1.3691927,1.4125485,-0.9570675,-0.17379652,-1.0122743,1.6780672,0.16923237
-0.034681268,0.09962724,0.9639479,0.50713074,-0.80836743,-0.13729315,-0.046086356,0.3108688
-0.2102449,0.34431326,1.2526852,-0.5663869,1.5152541,0.84040415,0.5816309,0.028093044
-0.5964286,0.2731785,1.2708058,0.22286639,-0.8378697,-1.0357108,0.1376734,0.3603357
-0.6731705,0.5658556,1.3372779,1.0232469,1.0747864,-0.25780222,-1.1459464,0.20107245
1.0441624,-0.39696848,1.4111351,0.640496,-0.23326683,1.1166838,-0.052763626,0.919372
-0.018890701,-0.007597314,0.19855127,0.7161167,0.24826603,-0.078253604,-0.5865073,0.59665465
0.18038507,-0.09756783,0.29348192,-0.5200435,0.043265387,0.1554754,-0.13965711,0.66077316
1.2738922,0.20545274,-0.24432415,0.105540685,-0.5518109,-0.07364611,-0.33110464,0.524607
1.9166331,0.7590856,0.2837017,1.0600913,-0.59381676,-0.6240085,-1.1877028,-1.431033
1.1389632,0.80962133,1.5145285,0.7298324,-0.4492577,-0.2238669,-0.078518346,0.57274055
0.27663103,0.35816076,-0.009233057,-0.51731944,-0.14439937,1.1440814,-0.10872042,0.43767628
1.263229,0.9549263,-1.1676793,0.5364305,1.9419942,0.08039436,1.4516033,-0.413684
0.21566796,-1.2451147,-0.69736236,1.2154578,-1.3824134,-0.48630384,1.0245185,1.5050102
-0.5623309,0.8319603,1.399019,1.9480913,0.5666266,-0.020230463,-0.9462269,-0.10498325
-0.01821448,1.4650449,0.31668308,-0.30191508,-0.0907995,-0.28330705,-0.5575466,-0.88635325
0.1636167,0.69741154,-0.8104717,0.93710196,-0.33687475,-0.70579207,2.0612168,0.41159743
-0.7711086,0.48308644,-0.098083094,-0.714807,0.043986347,0.27731472,0.45284235,0.16370568
0.47906762,-0.32963094,-1.4493096,-0.820418,-0.11937218,0.14963196,1.1850144,-0.11429512
-0.444606,0.7568931,-0.33986175,0.61612177,0.35791448,-1.9824607,-0.13771953,1.5139575
0.017265115,-0.1037398,0.46915433,-0.033814784,-0.8376199,1.3529273,0.29815036,-0.09808319
1.6390295,-0.2767019,0.62814975,0.41469353,-0.35481998,-1.207938,0.76085925,1.0842041
0.067055166,0.30138105,-1.2732447,0.004891727,0.17117687,0.12640668,-1.4118617,1.1062653
-0.4556049,-0.1892973,0.29173076,-0.72110236,-0.44580862,0.092636466,0.29045466,0.32655358
-0.7373251,0.507977,-0.57700914,1.4411008,1.3142732,0.83149713,1.5996866,0.43283796
-0.31460488,1.8437679,2.1252465,0.029575601,-0.84294295,0.096278034,1.247306,0.6979993
0.39920893,0.48370054,0.27390328,-0.08608337,0.5955562,1.6079649,-0.45779988,0.4425189
-0.6571524,2.1454954,-0.038229756,-0.0773343,0.22813462,0.58399236,2.4124534,-0.71208805
0.043387093,-0.9734191,1.1209071,1.1299497,0.58055246,-0.28938064,0.8580659,1.2829256
0.56525314,0.010718216,0.86369437,0.0030136853,-0.8091135,0.8607396,0.1632206,0.5385953
0.7068825,0.50603294,-0.051033735,1.4067457,-1.1738728,1.060942,0.70955765,0.7795375
-0.74700207,0.2666546,0.28607044,0.5057135,-0.3064914,-0.6958121,0.21132955,0.6157144
0.053017754,0.114435524,0.8372493,1.7807775,-0.57918525,1.4506476,-0.06299086,0.17889377
0.6183198,-0.5014478,-0.3500832,-0.32517964,0.14373909,-0.48774484,-0.5428265,0.35309675
-0.061249785,-0.4527351,0.2137714,-0.78333825,1.5202134,-0.42454514,-0.86633515,0.42329526
-0.26236987,1.4302862,0.28297916,-0.016322356,0.8989279,0.00851295,1.2302785,-0.22041646
-0.44952935,0.26857945,-0.10475456,-0.8783537,0.9853471,0.11663045,0.19327746,-0.29562536
0.6095385,-0.17271517,-0.3346997,-0.3898576,0.20297007,-0.38741866,1.1451807,-0.23171332
-0.68667954,0.87084466,0.012669731,-0.08977251,-0.12174526,0.8251069,0.116004914,0.2671938
0.57779264,0.66256756,-0.16314724,0.55126005,-0.33205384,-0.557692,-0.33261546,-0.060790844
0.5111734,0.07956582,0.0274036,-0.6801258,-0.67792946,0.64842457,-0.13894877,0.65351295
0.043540835,1.3226697,0.03457127,0.8445746,-0.6869566,-1.0117794,0.95072967,-0.1632626
1.06908,0.66344726,-0.21664399,1.7322781,-0.55432457,0.3208294,-0.5542923,-0.6125718
0.15401347,-0.30569682,0.713888,1.7551907,-0.78628176,1.6022431,-0.10766961,0.30212787
-0.22463667,1.4414313,1.5169104,-0.55178064,0.54844344,-0.0061025154,-0.09015423,0.65003735
-0.6075215,0.64725244,0.2084013,-0.39035416,-1.09732,0.79956806,0.8768903,-0.47193912
0.40252987,1.1535804,0.6154014,0.25798878,-0.47880924,-0.21369156,-0.642966,1.289085
-0.8713288,-1.0317507,-0.3167709,0.9980978,-0.16558738,-0.33844522,-0.06910713,-0.06898842
2.4481807,-0.6633107,-0.12022653,-0.36140874,1.6722776,0.11527024,-0.25920945,-0.08747048
-0.60326093,-0.20993008,-0.39934668,-0.0044520423,1.2580426,0.7287358,-0.28587323,-0.8252211
0.3876889,-0.3272577,0.7084358,-0.9543443,-0.19578946,0.8616465,1.4712863,0.29303768
0.0017124005,0.5887709,0.55031997,0.19460997,0.62087554,-0.94968975,0.6721032,-0.05477806
-1.26459,0.34863058,-0.32170123,-0.10205017,0.99979836,0.17372124,-0.5775138,-0.44051692
0.5529517,1.7605557,0.11815085,0.1443909,-0.3841275,0.29499853,-0.6115745,-0.39663464
0.14669406,0.17380475,1.8591167,-0.51159024,0.1988716,0.44460285,-0.40755317,0.384612
1.3894249,-0.53190744,-0.26107347,0.07370997,1.4595344,0.41671604,1.5255256,-0.16005877
-0.026230678,0.73272085,0.5470211,1.2468373,-0.09388547,0.502133,-0.5287923,0.2540754
0.50384384,-0.055638988,0.17267105,-0.44625315,0.49390006,0.21485388,0.66758764,-0.51233786
-0.8398755,-0.2749843,0.7310604,0.9349987,1.5398494,-0.4194418,1.2671192,0.45378736
-0.75275695,1.5705804,1.0314231,0.21737206,-0.059101883,1.2938473,-0.21782544,0.22298276
0.04230704,-0.30675444,0.6887158,-0.27644768,-0.35504046,-0.507724,-0.038113035,1.1700855
-0.46111745,-0.28200614,-1.1589497,0.30383798,-0.20847954,0.19069897,0.16276756,0.18734811
-0.32439947,-0.63107115,-0.70812905,-0.7543457,1.1897444,-1.1495762,0.96061295,0.18649472
0.29597157,2.2374156,-0.75192434,0.29231992,-0.15686813,-0.64837265,-0.12904422,-0.41608155
1.8647029,-0.78211266,-0.20900828,1.3871903,0.19122636,0.8120265,1.4419347,0.030094787
0.09002133,-0.31737703,-0.16263127,1.8751926,0.5961723,-0.49622008,0.9963248,0.7886543
0.4931802,-0.14709805,0.4020422,-0.1827987,0.90924776,-0.6982554,-0.9681522,-0.14966077
-0.4305557,-0.46431473,0.088519275,-1.4697307,0.3495346,0.6297315,1.1918162,1.0310313
-0.29037735,2.0849328,-0.48432407,-0.451937,1.2120893,-0.0629938,-1.2515597,0.6930768
-1.0111972,-0.7033572,0.9140544,-0.7725718,0.7136698,-0.39875767,1.0385152,1.4040605
0.6793789,-0.20659818,-0.11258354,0.007880785,-0.19894172,-0.80315685,0.28814384,0.39074817
-0.6488157,-0.21171264,-0.22355163,0.19273481,0.20632564,1.0334376,0.89775985,-0.2369217
0.21231985,-0.9038313,-0.064673394,0.46840602,0.8868427,0.47020614,1.1121547,-0.37339255
-0.57294303,-1.7457268,0.20131019,0.93813473,0.72557956,1.2887647,0.6863928,0.7805242
-0.929291,1.2415901,-0.36921144,1.2893624,-0.06343266,0.22221299,0.5155259,1.4427533
0.3183751,0.34179994,0.17307898,0.20311554,0.27478513,-0.41587356,-0.6254404,0.03748502
-0.34335667,0.7450346,0.32857656,1.1845965,-0.14416242,-0.29336274,-0.2987799,-0.4198182
-1.5674571,1.261985,-1.7945789,0.57117206,1.3559688,1.5560127,0.1269417,0.2579305
-0.36731267,1.038906,0.4153523,-0.27868876,-0.6281574,0.7978255,0.2680835,0.36615655
-0.65397245,0.13159981,-1.1980417,0.3959673,1.3554561,-0.040638253,-0.05691204,1.0102062
0.739097,-1.2441179,0.67777723,0.60990757,1.1284214,0.2019906,-0.4537237,1.0618701
0.1470319,-0.37633508,1.8552604,0.43577814,0.1102468,1.8902521,-0.3513086,0.32404163
-0.032294974,1.1400297,-0.6320418,-0.627043,0.36484122,-0.4961408,0.713607,0.43424746
0.31146255,-0.5870732,0.8893322,0.33738258,0.98543525,-0.62924653,-0.44312516,0.13493901
1.2600237,-1.3593003,-0.075044185,0.3420289,0.27482024,0.3495119,-0.2624213,0.10217494
-0.64593047,-0.43159768,1.7573401,-0.63655263,0.3606056,0.78794414,0.86346596,0.15271643
-0.026676178,0.41914257,1.3437507,-0.16002303,0.9532202,0.03056134,-0.15635857,-0.42083183
0.8038533,0.25253266,-0.33039415,0.6643709,1.360675,-1.1319088,0.5832927,0.7106336
0.23138267,-0.21049947,-0.18141794,0.44924045,0.18081623,-0.5578234,0.33160847,-0.9677629
-0.55394447,-0.39451975,-0.7216377,-1.4905543,0.53518105,0.3368248,0.05282254,1.0175263
0.83307785,0.5850695,-0.44637716,0.17239878,0.52919465,-0.52281255,-1.0486234,-0.9077081
0.76297,1.4167043,0.36472034,0.16732743,0.41067117,0.27973363,0.48126167,0.044102766
-0.62666017,-0.44289798,-1.3148155,0.3963574,0.24817504,-0.52962995,1.4126148,0.9325013
0.5644916,-0.2341025,0.70063496,0.55997604,-0.08610659,-0.14300552,-0.60725707,0.24601513
0.2731104,-0.022422373,-1.0467068,0.8126767,0.38974577,0.50067407,-0.40029132,-0.41155574
-0.07425546,-0.22073673,0.20076379,-0.7703996,-0.12990217,-0.5836545,1.213601,0.16621438
0.5076201,0.66256166,0.20073768,-0.40247893,0.112684265,0.54599786,0.9217806,-0.6788561
0.7347452,0.815343,-0.33212242,-0.0011248924,0.31631765,1.4213016,-1.3244568,-0.20427379
1.1567503,0.4330446,-0.68400604,-0.093241185,0.079346575,-0.040342517,-0.07372339,-0.078246064
0.63599277,-1.7791677,-0.48543254,1.9201417,0.8455848,0.8090193,0.04265016,-0.40050793
0.38371232,-1.057536,0.8762676,1.262862,-0.6887868,0.38587555,0.3582521,0.28711125
0.96878606,0.7400719,-0.7177203,-0.07361926,0.43827176,-0.65648156,-0.24386197,-0.640367
0.97441024,-0.059090946,0.9393378,1.3336772,0.45330605,1.2369535,-0.56821644,0.18136746
-0.3806313,-0.40980637,-0.6558804,-0.18670534,0.2861126,-0.27907845,-0.31081712,1.5518256
1.9930158,0.5317482,0.17782351,-0.17902528,1.0174478,-1.0356956,0.74472994,-0.7483489
0.91448885,-0.8866704,1.1581959,0.8041985,0.787047,0.46696103,-0.56579936,-0.5521366
0.3125336,-0.49253762,-1.2793368,0.5280314,-0.12068337,0.06067168,-0.34457406,0.7955948
-0.08706834,-0.2140975,0.12647125,-0.29087237,0.12859848,-0.508968,1.2363507,0.44827986
0.34067807,2.2078614,-1.3537425,-0.021201786,-0.21363696,-0.94847983,-0.38310042,0.2042869
-0.09759674,0.5083601,-0.25548267,-0.10177006,0.4997803,-0.6442047,-1.351106,0.35553113
0.20859909,-0.0282439,0.39833888,-0.28045812,-0.68680924,-0.77564883,0.24353184,1.2609111
1.858582,-0.29789513,-0.28100532,-0.78285545,-0.27789527,0.5020363,0.8270853,0.31412074
-1.2835243,-1.0689435,1.1039459,1.0636823,0.5775263,0.7254962,-0.22181132,-0.074510954
0.34874848,-0.22521274,0.37990087,0.74257404,-0.2247583,-0.23056096,-0.6589734,1.6598102
0.05268704,0.65591806,0.44742265,1.1082467,-0.6411784,-0.9453781,-0.05081825,0.36613896
-0.00633014,-1.146026,0.25689512,0.94358253,0.94578475,-0.5693996,-0.16031204,0.73060536
-0.20716166,-0.8823946,-0.30469394,-0.3279912,0.10909663,0.77916515,0.4933762,0.5835899
-0.32375583,0.4296932,-0.7941752,-0.7222202,0.3186437,-0.21216974,-0.043063037,0.98494107
-0.253993,-0.68038696,-0.76720357,-0.3431528,1.5370388,-0.088547334,0.18347172,0.877365
-0.04268869,-0.09886637,0.38504627,-0.6927839,0.76352453,-0.19740003,0.024336565,0.15373746
-0.49655044,0.73105097,1.0082456,-0.3183677,1.529908,0.57967645,2.0907588,0.5608175
0.34230933,-0.11468449,-0.106520206,-0.23027958,-0.35954407,-0.8813546,-0.13793299,0.415252
-0.12941289,0.2526915,1.121753,-0.67546433,0.99693936,0.84158146,-0.70235515,1.238349
0.26038012,0.39019972,0.4791809,1.0664414,0.64857477,-0.9112438,-1.3164425,1.3619094
0.8281635,-0.14070657,-0.18578461,1.9805642,0.41393492,-0.6563931,0.11941385,-0.27524364
-1.2003704,-0.15461089,0.4251976,0.48457396,0.73632514,0.42015907,0.7644526,-0.015392296
0.23705965,-0.10898715,0.70269203,-0.008278411,1.7782382,0.8579005,-0.5765036,-0.50682503
0.101989195,-0.9190497,-0.99912506,1.1300594,2.1412377,0.41010252,-0.16908643,-0.19749972
-0.01558058,0.41110042,0.6976356,0.5269943,0.9583798,1.3158598,-0.16184062,-0.09765328
0.09891285,0.14450413,-0.68108875,-0.30178514,0.7351997,-0.15019894,0.008328535,0.016562864
0.45227045,-1.0539587,1.0730417,-0.046064038,-0.061594862,-0.008391237,0.043727886,0.2966598
0.43621683,0.7224044,-0.10665382,0.7719606,0.063779995,-0.70103407,0.18445705,0.30996454
0.34911156,0.036939666,1.4848756,-0.02376097,0.18627483,-0.2249074,0.97755694,0.6446256
-0.3636629,-1.4815435,-0.9975152,-1.3475372,1.4126076,0.2300385,1.0688201,0.9632238
-0.034849554,-0.16926113,0.14800537,0.8116596,-0.7842896,-0.011463547,0.06478281,-0.110421695
-1.1136487,0.2578944,0.50162387,0.4546984,0.64003575,0.7110197,-0.39188364,0.032152366
-0.3887802,-0.5778845,0.7431927,0.0050557107,-0.47186813,0.20364967,1.9259769,-0.6986729
-0.34594026,-0.016343337,-0.24851412,0.46875396,-0.37964132,0.5567469,1.4428871,-0.06571137
-0.37918714,0.11757688,0.094321765,-1.098981,-0.17937152,0.17568056,0.8320352,-0.6300249
-0.99913025,0.56044185,1.5233986,0.7888108,-0.17645802,-0.18768242,0.04599784,1.0601339
1.3279184,-0.40098417,0.19131231,0.29351762,-1.0431408,0.3885733,0.30945066,-0.21311375
-0.5689554,-0.8800848,-0.49929518,0.12463324,0.17226231,0.67333585,-0.7754495,1.196535
0.013649806,0.47782984,0.2812723,0.13354966,-1.1464065,-0.34605345,-0.7818405,0.23114803
0.14959605,0.22722457,1.5324214,0.59152037,0.9051881,1.4765949,1.2224648,1.1771767
1.4932607,0.5387169,1.0657897,0.05673212,-1.4412543,0.38810876,0.28519014,-0.20858184
0.75569874,0.2027271,0.16960648,1.0978858,-0.40503958,0.60336846,0.113095,-0.65560716
-0.12748316,0.23246855,0.15838248,-0.27013958,0.94364166,0.576567,-0.5941897,-0.58934206
0.3092101,0.42729595,-0.23615825,0.86511004,1.2750247,-0.20865935,0.12463735,0.46015006
1.8132557,1.1423806,0.07865799,0.8563264,0.5122917,-0.9469118,1.0668662,0.3389381
-0.702455,-0.30018875,0.089701444,-0.09648065,-0.23297109,-0.5595824,1.0446527,0.08164742
0.6977809,0.57876575,-0.17068249,-0.71385455,-0.9264979,1.0690659,0.58758205,0.49761662
0.6782959,-0.7466457,-0.011034122,0.21626489,1.0121094,0.71201867,0.28857666,-0.21049237
0.13120756,0.5758887,0.74568737,0.22114389,0.69242215,-0.83614635,-0.4925526,-0.2110253
0.9370935,1.7653388,-0.11238416,-0.6829265,1.339243,0.36987972,0.119761914,1.3678558
1.2896137,0.83324206,-0.23831299,0.74833477,0.29016042,0.8050265,-0.19126008,0.5774355
-0.4736721,0.14663523,-0.405643,1.3810769,0.2449512,-0.26835692,0.7146821,1.433628
1.1014123,0.21221209,0.68064827,1.038319,1.6902233,-0.64262307,-1.6029037,0.16480577
0.64582664,0.38085315,0.14530471,1.0552937,-0.16798511,-0.5033018,-0.3254011,-0.53581536
-0.41203305,-0.4358408,-0.14906612,0.09370585,-0.3684002,1.920365,2.2735186,-0.29890925
0.061700154,0.11698294,-0.40240344,1.2373071,0.33065227,1.1106759,0.47813976,0.07554329
-0.73080605,1.5318476,-0.17056665,-0.7207833,0.4720988,0.7105387,-0.19290291,0.11979219
0.5230059,-1.3447114,0.9933733,-0.25966486,0.64855105,1.0515414,1.0324448,-0.31175673
0.11682126,0.68625784,1.1477221,0.29811022,-0.43110356,-1.1368324,0.2928441,0.4276624
0.24019778,0.56880456,0.12562749,-0.15564357,-0.20941436,-0.009593518,-1.1205356,0.5575129
0.5690755,0.66701126,-0.20351744,0.17057155,-0.92138046,0.9807868,-1.2961103,0.37350148
-0.33409518,-0.21413757,-0.046995617,-0.30466354,-0.2539821,1.1791778,0.4374831,0.36943793
-0.4067273,0.1791955,0.80788594,1.0753613,0.62730086,0.81835335,-1.0399649,-0.3256847
0.34776828,0.252249,-0.7358546,0.25638762,-0.48324785,0.74560016,-0.5639303,0.5192536
0.6796204,0.7551962,-0.6584141,1.5208879,-1.2494117,0.5139495,0.19828822,-0.53595066
0.13770045,-0.17307028,-0.54959786,-0.20302139,0.10340319,0.43060982,-0.92166054,0.13991746
-0.47989452,0.23239346,0.12218585,0.44619408,0.60436016,0.48195714,-0.87135714,1.503345
-1.3250237,-0.4373985,-0.78821814,0.6292183,1.4051564,1.7684811,-0.045781225,0.96357554
-0.20217443,0.9526238,-1.9076867,0.16128524,-0.8102949,0.5507991,0.023504246,0.57723486
-1.7815212,-0.52438164,-0.28747132,0.99085826,0.6662609,1.3978293,1.1415206,0.34860563
-0.67457354,0.955295,1.9628187,-0.20476519,0.22311631,-1.4129224,1.8795065,-0.10068136
-0.184611,-0.41212887,0.08001379,-0.46118024,0.048036102,0.69541764,1.1049123,-0.90767914
0.15610656,0.9332776,-0.7501583,0.7144331,1.0967015,-0.6230143,0.7547214,0.1350989
0.6299254,0.03290256,-1.3166192,2.3348703,-0.04074131,-0.5538845,0.13052283,1.0557137
-0.85344005,-0.43835407,-1.6585479,-0.33027065,0.814347,1.8891537,-0.42213637,0.48208937
1.3731581,-0.3918776,0.07897752,0.024364367,-0.3535238,-0.24732918,-0.87825716,0.5730167
0.63553745,-0.55547625,0.32907847,-0.695856,-0.39758226,0.092360206,-0.03748804,0.0015964508
0.42437857,-1.2059138,-0.16247895,-1.2102698,-1.0613481,0.09745883,0.59414697,0.41678777
0.22321856,0.54184926,-0.63411546,0.3555136,0.99761885,0.96992904,-0.42693794,-0.26149
-0.60907406,0.32271254,0.12659729,0.6521301,-0.16478494,-0.27992743,-0.06105985,-0.36309448
-0.32346812,0.15613334,0.18736383,0.30331862,-0.5209847,0.10146448,-0.61555874,-0.68848634
0.9548971,0.6813081,-0.13894583,0.5815502,-0.41266713,0.19697402,-1.2837188,0.8656865
-0.27408338,0.024820877,0.7275369,-0.48900434,-0.8830363,-0.037662312,0.6853309,0.069295645
-0.20186621,-0.7880877,2.059896,1.7222426,0.062480792,-0.2866697,-0.8979525,0.47371995
0.10505074,0.16102523,-0.06529019,0.436326,0.96021074,-0.08407275,0.40288174,0.7203588
0.6516505,0.10393171,-0.60852236,-0.36957794,0.7449989,0.6040467,0.1104684,0.068293415
0.9474296,0.56093276,-0.27655533,-0.5612498,0.05641354,-0.38910034,-0.99270767,1.3170049
-0.5043517,0.76926744,0.17002237,0.34697205,-0.50795794,0.3315576,-0.40638328,2.3627756
0.3412309,0.11091179,0.13671294,0.44087023,1.2281932,2.0276444,-1.0199281,-0.24007621
-0.7509333,-0.7043196,0.19759569,0.60550904,1.8013716,0.6872819,-1.1188706,1.5253971
-0.5529633,0.87340164,0.63126725,0.021150324,0.34475833,0.06998956,-0.7035774,0.117408924
0.42284173,1.2913156,-0.620566,-1.0946621,-1.3886489,0.6290387,0.57817227,0.5837772
0.5113286,1.0514176,1.3227483,0.50216967,0.61576945,-0.089263506,-0.48460588,1.9692159
0.94531685,0.059918147,0.6552176,-0.06576657,0.49859285,-0.32007217,-0.4857633,-0.44825867
1.0708659,0.49799913,-0.11695076,-0.11749765,0.8654268,0.455132,0.2849868,1.775499
0.8617875,-0.3262255,0.9885825,0.39716953,0.41523007,-2.0345123,-0.08633542,0.029151496
-0.7134937,0.44351494,0.67890537,-0.9426889,-0.6917752,0.6188156,-0.017021812,0.18241
0.72733027,0.24438933,-1.2391964,-0.40192863,0.95352894,-0.50734353,1.2462392,1.2844207
-0.17170623,-0.2528499,-0.6396104,0.5912263,0.21989818,0.5065625,-0.61725277,0.187498
0.8887902,0.3716751,0.29260683,0.24521892,-0.5272771,-0.3304719,-0.6115938,-0.24842522
-0.5934211,0.69152004,0.48954347,0.35951397,-0.27296445,0.48444027,0.944421,2.189705
0.14614756,0.46121758,-0.5169341,0.44317776,0.6131209,0.3021155,-0.60168785,1.0983876
0.4488457,1.6548862,-0.27126586,-0.0027672313,-0.8991562,0.6750923,0.2957386,-0.56366646
0.23334095,0.38320762,-0.8511223,-0.29868674,0.22155935,0.12501054,0.24032743,0.7297565
0.5339346,-0.3701061,-0.2002753,0.7116055,-0.38095945,-0.13884626,-0.93178827,-0.03447149
-0.7935525,0.07040362,0.33893868,-0.98961306,-0.09148238,-0.16615164,-0.30704042,0.3594448
0.021740813,0.7709631,0.7921013,-0.49733374,-0.09459109,0.030215329,-1.7267537,0.45539433
-0.39488313,-0.95287806,-1.0678946,0.5948292,-0.25103208,0.47846636,0.9432196,0.7314651
0.1408715,-1.0686439,-0.46711397,1.2451826,-0.791163,0.31394023,-0.19774374,0.7765033
1.4663885,0.76011294,2.6642845,0.6898433,0.32672238,0.3361985,-0.6195058,-0.4983513
0.43169087,-0.028301865,-0.9481133,0.13803747,-0.23425905,0.25130975,-0.5042637,-0.92116535
1.244779,-0.7369523,-0.19532788,0.08991355,0.93252593,0.53130525,0.2049946,0.1334123
0.12093255,-0.2203865,-1.0236306,0.58244723,0.91756684,1.0582902,0.52483934,1.5609548
0.24708313,0.60898006,-0.8503611,0.71283686,0.3951256,0.122140355,-1.0382967,-0.3052183
-0.08414961,0.014329601,-0.14785415,0.51477927,1.4631146,0.26992753,0.048281465,0.05861287
-0.39076662,-0.51496166,-1.3517199,-0.71792006,0.014897528,0.14874876,0.30890128,0.7371661
0.09390303,0.53297424,-1.1088241,0.75705737,0.015248132,0.5973488,0.4787048,-0.37150577
0.24926797,1.0637575,1.1901364,0.0125611015,0.039036594,0.9385888,-0.7094401,-0.061473347
-0.12348407,0.22932631,0.110895045,-0.11390634,0.3552595,-0.3837156,-0.72945267,-0.5523782
-0.53390485,0.4237905,2.1219125,0.7330315,-0.5414792,1.278759,0.7631955,-0.2769658
-0.38754132,-0.31037328,-0.368604,-0.02663279,-1.502793,0.017043997,0.5816002,1.3535782
-0.6220436,-0.2997876,-0.11053284,0.042554934,0.5365867,0.52992886,0.12360616,1.3696798
0.6644639,0.90782034,0.3968834,0.7140176,0.15669176,-0.3966344,2.0428853,0.34778088
-0.64169896,-0.17345433,0.16521096,-1.4445736,0.77461034,0.54378486,0.11988741,0.5147706
-1.4874445,1.0376884,-0.40416807,-1.1701065,0.52991456,0.667096,-0.5721975,-0.2656974
0.24034274,-0.024963707,-0.44961968,0.20849591,-0.5405222,0.3225475,0.41001722,0.61155844
-0.54001784,0.8316329,0.16034275,-0.8096254,0.26487473,0.48724583,0.36174077,-0.57338387
0.22944018,-0.022766773,0.21556509,-0.34168994,-0.2067874,0.37358698,0.3897741,0.7315595
-0.22081247,-0.072556555,-0.53863007,0.39222622,0.5715732,0.4538177,-1.0357145,0.46214846
0.99878967,-0.13526213,0.42262402,2.5502622,0.84142834,-1.3225569,0.4537329,0.8389968
0.0997141,0.4803143,0.7599576,-0.3048064,0.65497965,-0.4632807,-0.347405,-0.52793163
-0.37033176,-0.75641936,0.89481735,0.18836595,-0.21139261,0.011981431,0.039054524,0.08944969
-0.54092646,0.7794296,-0.62024534,2.602057,1.8851047,1.1188258,-0.22862454,0.4949116
1.0599977,-0.39144534,-0.33669236,0.7837447,0.9547508,-0.10509175,-0.24702871,-0.38150635
-0.060070448,-0.18705045,1.1901208,2.123095,-1.0683467,0.11160708,0.9395159,0.5967228
0.22266701,1.9258001,0.3036415,-0.83831626,-0.21488594,0.08375913,0.44358596,1.1363231
-0.3507312,0.6337905,-0.64891535,-0.11126125,1.1752225,0.08020305,-1.9252745,1.4869978
-0.62396973,-0.055635538,0.77093995,-0.5196168,0.8887592,-0.112401426,-0.79293853,0.042695977
0.020145081,1.3215536,0.03805642,-0.5143179,-0.57102865,0.35620886,1.0059118,-0.10403729
0.8783717,0.6224271,-0.31743097,0.6148346,0.32762894,-0.13857205,-0.8055082,-0.10409764
-0.7061161,0.26447573,1.8870184,-1.5164318,0.13675022,-0.028979758,0.5839815,1.0946054
-0.46171498,0.1721244,0.34124476,-0.5470739,0.28125516,0.91603434,0.024345636,0.41244534
0.13870296,-0.18525729,1.4612674,-0.32959303,1.9699007,0.11953013,0.4056554,-0.52810436
-0.25740224,-0.035449173,0.2325136,-0.2921029,-0.029539157,-0.6317809,-0.21918443,0.6903931
-0.03461036,-0.2640651,0.28563234,0.43543258,-0.39793432,-0.116117,0.26296902,-1.2273828
0.16373849,0.4247337,-0.25179908,2.7916527,0.5778318,-0.7768849,-0.08462098,0.88281375
0.7546804,-0.6684167,-0.41863343,-0.33309987,0.14086837,1.3576658,1.87543,0.8939617
0.6845767,0.6310066,0.3206194,-0.21606009,0.7236113,-1.3950465,-0.4841141,1.0763731
-0.58693546,1.7877977,1.2490675,-0.8146168,-0.31785345,-0.64514595,0.08085124,0.04949668
1.6112491,-0.28202638,1.3638269,-0.77584696,0.8472673,0.24644516,-0.28326878,0.11285156
0.085934125,-0.84158796,1.0987046,0.9690697,-0.22606543,-0.8488727,0.48353076,0.8877838
0.9349726,0.23679635,-0.3274408,0.44195065,1.3584726,0.37008515,0.60312164,1.0671879
2.2491078,0.37029895,0.87211037,-0.0015447736,-0.2786207,1.6989989,-0.31170577,0.047803685
0.38878077,-0.107837096,0.31923664,1.8599336,-1.1313152,-0.7047664,1.22361,1.1744226
0.3848613,-1.30365,0.5421905,-0.072992384,-0.25461766,-0.61929244,-0.88635135,1.3021332
0.26599127,0.5745812,-0.43889624,-0.6519514,-0.69054997,0.9057488,0.5863655,-0.021842718
-0.83699393,0.41442072,0.14150122,0.94696057,0.61269623,-0.93690777,-0.15504824,1.0144925
-0.6703606,0.61742383,-0.11464195,-1.718001,-0.10905116,0.7777533,0.1779443,-0.09335443
-0.23400831,-0.02860479,-0.73834276,-0.066374674,1.3812349,-0.22028847,-0.30050597,-0.2587505
1.584034,0.5926047,1.2972757,0.7195705,-0.9086264,0.429343,0.10412271,-0.55642295
-0.1354219,-0.16766116,-1.0035613,0.86146355,-0.118496776,0.59678775,-0.40161395,0.3872085
1.6757679,-0.03174009,-0.92416507,0.19655168,-0.18671176,-0.9919164,-0.42364615,1.44433
-0.6910944,-0.28464216,1.9804401,1.9105514,2.0368245,-0.63109416,0.97634673,0.071818456
-0.46463037,0.13357861,0.28357926,-0.17865682,-0.013517549,-0.83451927,0.11148712,0.039318457
0.83312005,0.020111663,0.032865737,1.0918608,-0.05882939,0.9849972,0.8028451,-0.08785898
-0.023093693,-0.36141005,0.8201942,0.9971103,-0.066042826,-1.203404,0.38193756,-0.6915673
0.2461999,0.76295865,-0.36886925,0.28325287,-0.67538744,-0.7014961,-0.44119087,0.88581467
0.33269972,0.27956894,-0.55154663,1.4720253,-0.8056588,-1.5694823,1.1867163,1.357134
-1.10171,0.4360641,-1.0230602,0.835565,0.016970381,0.8432023,-0.20002735,1.3477033
-0.31505838,0.92924803,-0.28839046,0.26946023,-0.33550438,-0.20480642,-0.79442745,-0.00437624
0.8677507,-0.5873918,0.244647,-0.3332816,0.06681843,1.1147627,0.77782714,-0.73284817
1.2351673,0.5363188,-1.0296878,2.6234496,0.83355963,-1.1037656,1.0401956,-0.43473032
-0.15952715,0.5345979,-1.2003442,0.9214896,-0.4851194,1.4169385,-0.65692055,0.37359026
-0.43941092,0.4928499,-0.55006295,-0.42455745,1.7941267,-0.015725834,1.347279,1.8290985
-0.86931944,-0.8761464,0.10159098,0.82260686,-0.94797677,0.2055902,0.4655689,0.3291679
-0.910589,-0.36116472,-0.21192425,0.33497888,1.0192809,0.7745775,-0.98740244,0.5020978
0.05771289,2.2179825,0.20620659,-0.48033026,-0.5749705,-0.22650093,-1.1523414,0.082847334
0.14052483,0.659104,1.0986531,1.5801051,0.72892994,0.19198118,-0.7566096,0.102524824
0.051747613,-0.26823103,0.32132912,-1.2173535,-0.5527306,0.7954162,-0.15669641,0.49954274
-0.3212653,0.15576649,-1.0570726,0.13543193,-0.46286362,-0.3225527,0.16539374,0.93892854
-0.51585764,-0.29358304,-0.6865146,0.34512353,-0.18655667,0.23447844,0.51808256,0.30048773
-0.3348977,0.60009396,0.48080418,-0.09589234,-0.45057946,0.0037093237,-0.3874938,0.74063635
0.3511945,-0.0874982,-0.09446789,-0.16429465,-0.7491012,1.4181442,0.35839,-0.04970528
0.26796302,0.10722028,1.5558472,-0.72138983,-0.22692092,-0.45729476,0.65204483,0.34055147
1.7007294,1.5992584,-0.85799474,-0.23456837,-0.58776164,1.9438907,0.061970335,0.20225292
-0.3781273,-0.7926382,0.6521333,0.40243402,-0.22984402,-1.3477234,0.75222945,-0.3635996
1.5767573,0.2209935,1.0497191,0.5603054,-0.40091246,2.2729597,-0.18938012,0.12823576
0.12544474,0.15316494,0.5524593,1.1729383,-0.20346792,0.7796569,0.39543965,-1.0880703
-0.17279404,0.0027993023,0.561547,-0.56373507,-0.6572728,-0.5879381,0.5764602,-0.43730745
0.022191431,0.05876105,-0.9272923,-0.25562692,0.46506986,-0.44715428,0.5414408,-0.035888202
-0.009942651,-0.77359676,0.7271762,-0.16522889,2.7434404,0.057222262,2.5157847,2.0765083
-0.771033,1.7133632,0.17486835,-0.23746143,0.2701745,-0.30096936,-1.600772,0.56657594
0.26561603,-0.12534925,-0.61029595,0.020993095,-0.19896984,-0.67049843,0.13190234,0.6822858
0.78842294,-0.7755381,0.041453674,0.9585056,0.5792112,0.21755202,0.56605095,-0.5234838
0.7907743,-0.12416582,-0.08057228,0.090347946,-1.1893269,-0.79777205,0.99523413,1.2129163
-0.51044273,0.0013097562,0.28231242,0.5980244,-0.17644918,-1.0480982,0.056334462,0.2331942
-0.16810808,-0.7204265,0.16878802,-0.088182375,0.6910169,-0.115939125,0.10971959,0.8735506
0.45293373,-0.028794345,-0.8409523,0.051644444,-0.116398424,0.9347788,-0.08109757,-0.44234118
-0.13542667,-0.19970529,0.6619545,1.4774572,-0.28138125,0.61052424,-0.2006814,0.7538131
0.4833774,0.61999124,-0.18982235,-0.37410316,0.19382417,1.0269951,-1.161712,0.476573
0.70003754,0.23068511,-0.5530579,-0.11009188,-0.72083884,-0.77561766,-0.63899857,1.4734485
-0.47768837,0.6934065,-0.30549675,-0.9804596,0.37863442,-0.3453896,0.962478,-0.051966496
-0.688035,0.68886876,0.34093326,-1.487937,0.31710288,0.40831485,1.3620745,0.26248285
-0.24920753,1.5020123,2.1915622,0.8550125,1.6176126,-0.59451056,0.68443805,0.78262365
-1.0816736,0.2940952,-0.08811987,0.1321725,-0.075820036,0.5531215,-0.031822886,-0.29339936
0.119575,-0.04147708,-0.31193382,0.19602627,1.3890458,-0.7463982,0.71521515,0.3831689
-1.1255356,-0.7447963,-0.22112614,0.9896102,0.43288577,0.51529175,1.008004,-0.10960608
-0.62420934,-0.49136508,0.8595493,-1.86204,0.6909215,0.7771379,0.5248381,1.5729518
-0.5193323,-0.16847673,0.7709332,1.2347987,0.7400205,-0.80386364,0.054304022,0.10127281
-0.49573016,-1.5940783,0.7416194,0.80076116,0.97754544,0.7362311,0.53993475,-0.5394772
0.24815944,0.13452585,-0.4727431,0.85772353,-0.5023911,-0.12783968,-0.7625301,0.28051224
-0.80912995,-0.34145272,-0.69603395,0.17433031,-0.18346168,-0.2431761,0.13431184,0.6313283
0.29057738,0.10747808,0.27365345,0.2780024,0.66550714,-0.2959604,0.022798218,-0.14009982
1.4305006,0.7409114,1.1096492,1.317281,0.32987627,-0.2324219,0.14320438,-0.49340746
-1.0024903,0.15132952,0.6778984,0.53594226,-0.89978695,0.36059946,1.6638799,0.8276357
0.56014603,0.5755885,-0.18973681,0.690882,0.578451,0.14748259,0.4966671,0.77952087
-0.43937337,-0.87438583,-0.8775716,0.6689504,0.792746,0.84817314,0.70459616,-0.40467793
-0.098630495,-0.4582855,-0.49061066,0.7752991,0.7142941,-0.9038174,0.37756267,1.1552535
-0.7168245,0.37457687,0.8169674,-0.7333042,0.880444,-0.75971043,0.050023135,0.60527736
0.19689727,-0.89156073,1.3350677,-0.06480946,0.6681611,-0.14675947,0.90724856,-0.1756466
-0.16952449,-0.12383978,-0.41423157,0.085515454,0.5608283,0.71773875,0.30799675,0.08863332
0.14265071,0.262656,1.3737476,0.039860867,0.36856896,-1.4378127,0.6044484,0.9059918
-0.58293456,0.73159546,-0.7811293,0.5997948,1.485383,0.82554656,-0.4438091,0.13488236
-0.3631375,-0.05415016,-0.48822662,1.4796228,0.14021313,-0.1426993,1.7704775,0.49282345
-0.46833283,0.10106261,-0.4464113,1.5196923,-0.21784651,0.23113976,-0.36024326,1.2353122
0.87059397,-1.4410875,-0.5218778,-0.7416124,0.12990592,0.50381947,2.068057,0.15721455
0.48523593,-1.626964,0.41581017,1.3875741,1.1210281,-0.70526505,0.66360474,0.7702724
0.26339743,1.1396471,-0.1779724,-1.043344,0.04164151,-1.025887,-0.33040503,-0.10751478
0.34024534,-0.4789697,-0.35456756,0.91269135,-0.5147415,0.37562063,-0.50483316,-0.42699316
0.27629352,-0.6090362,-1.013289,1.742256,0.1337203,-0.7718081,-1.5020485,0.7436679
-0.99681413,1.0928082,-0.6291772,0.45892534,-0.067133226,0.7336781,-0.077307984,0.94008464
-0.31460604,-0.3483411,1.5156317,0.0240067,-0.5217335,0.085609466,0.4034748,0.38216543
0.64222145,-0.02294593,0.26175722,0.6515481,1.9871101,-0.7078122,0.023715366,-0.62510324
-0.10880322,0.525993,0.116209276,1.5766989,-0.42639416,0.4760679,0.7317211,-0.15448532
-0.49312526,-0.08869614,-0.56194615,-1.0383044,1.6543511,-0.7265965,-0.30354348,1.5992198
-0.31582522,0.43155566,0.45077255,0.07010406,0.54780936,0.8950679,-0.17737818,0.5251718
0.9104121,-0.048753362,0.96645993,-0.48720035,1.9373019,-0.06702502,0.4954251,-0.43046704
0.91260105,0.44127548,0.40497413,0.98872864,-0.93332267,-1.0820951,-0.013160418,0.45764214
-0.57520777,-0.31016213,-0.27630764,0.32153782,0.05030209,0.12774695,0.4223796,0.3571447
0.17730173,0.44901335,0.6102423,0.8797488,-0.53278166,-0.21350652,0.051153865,-0.2950694
0.22270885,1.2831192,0.15590739,0.89950174,-0.74340194,-0.22924966,0.37300915,0.04211953
-0.44156998,-0.685548,0.49771467,2.6930554,-0.32651648,-0.51581246,1.0253813,0.06952605
-0.58541745,0.6900478,0.1553157,0.08292095,0.3125797,0.8662718,0.515421,-0.75474054
0.85028195,-0.8099163,-1.3452848,-0.3817158,-0.7659125,0.83260983,0.73513716,0.1309781
0.14477187,0.47689584,0.74439126,0.055621255,0.67552227,-0.24308422,0.018224254,1.5346311
-0.88920677,1.4415452,0.24595007,0.18536983,0.90554816,0.8751537,1.4100186,0.9427411
0.10238589,-0.72356653,0.47297218,0.14639796,-0.40374845,0.41021055,-1.0325469,0.36024362
-0.3274188,2.190622,0.8699294,-0.13797443,-0.6177517,0.4238671,0.2312109,-0.013449661
-1.0079867,0.14508738,-0.17825434,0.99280643,0.12809919,0.23979926,-0.07891549,-0.6408842
-0.55258834,-0.43718767,-1.2289946,-0.39157748,0.8510052,0.75821555,1.3002993,-0.04018735
0.717627,-0.19808519,-0.17656633,1.0849141,1.6798329,-0.5123329,0.3018681,-0.65929264
1.1206188,1.3321493,-1.1183928,0.26087904,-0.29182962,-0.54638326,1.5035945,0.5727506
1.6428105,-0.23686944,1.7753066,-0.0015024617,-0.4944646,1.055224,0.8283185,1.0512621
0.30683315,1.4824826,0.2811137,0.5488501,0.1643435,-0.22378764,1.1851529,0.21910942
-0.69141823,1.1369712,1.6439645,0.09453076,0.35122892,0.7536445,0.6503941,2.5521545
-0.18455863,0.527872,-0.43762746,1.1731161,0.48732877,0.9191138,-0.36775726,0.8423048
-1.0162044,0.53712547,0.35604292,-0.24130918,0.08430336,-0.02473841,-0.020039018,0.018321741
0.38709557,-0.08802289,-0.3268478,1.7533233,0.49750972,0.2697094,-0.3738155,-1.0815194
0.1510901,-0.22728468,-0.5700195,0.7432191,-0.07317457,-0.61183625,0.47395068,0.7632966
-0.77305806,-0.39699113,-0.04939588,0.27444324,0.9203991,0.095827945,-0.58021426,-0.26967776
0.8437204,0.3841751,-0.7681194,0.8425142,0.34317353,1.3380977,-0.009956138,-0.28245437
0.92460984,-0.049888622,0.33247906,-0.39392757,-0.04090893,-0.4109167,0.38832167,-0.4675689
-0.12884888,0.2553624,-0.13559708,0.365726,-0.5726561,-0.13043855,-0.9140382,0.9750987
-0.92804974,-0.69112307,-0.28799793,-0.27909988,0.86857283,0.52725774,0.5589632,0.122854196
0.32988137,0.38175288,0.45143762,-0.1554043,0.7452603,0.38982937,-1.2872638,-0.24543941
-1.3891904,0.6502312,-0.3584301,0.67767984,1.131462,0.35052034,-1.7024432,0.7783848
-0.09761991,-0.0007234197,-0.31689113,0.77080035,0.45092312,0.33733746,-0.96765316,0.064105175
0.8073702,0.0078774635,1.6123817,2.3114028,0.50530976,1.0320059,-0.8124978,0.80151016
0.5763929,0.81874573,-0.39546034,-1.4066765,1.2934196,-1.0453502,1.3731185,-0.35735807
0.15157351,0.63861924,0.8834238,2.4931622,-0.06902328,-0.3049115,-0.30646524,2.2337105
0.11123392,0.72845876,-0.6762009,0.31665415,-0.41382957,0.3698773,-0.28304377,1.8627893
-0.877885,0.24577962,0.12153021,0.8186894,-0.37422812,0.3628122,0.34896782,-0.56052446
-0.6648511,1.0371809,1.3451457,1.2534792,0.118281074,-0.19911854,-0.009856107,0.42161798
-0.59468174,0.93060404,0.68945074,-0.3982057,1.311776,0.33097687,0.7250539,-0.1570648
0.16249454,-0.31324524,0.7238788,-1.5235977,-0.023063868,0.8178397,0.07976699,1.2118855
0.66631705,-0.80135566,0.12020785,-0.267377,-0.807876,0.24544372,1.1272925,0.15796107
0.09949732,0.56283855,-0.7350384,1.629769,-0.15738298,-1.2648087,1.7229394,-0.05949656
0.13764045,0.0050883386,1.0010524,-0.14772508,-0.8731951,0.21113111,0.5327922,0.77330714
-0.15741032,1.0490876,-0.49708268,-0.3726915,0.44986555,0.43769997,1.3680311,-0.04355476
-0.13224399,-0.6759777,1.0854613,0.28277105,1.2399268,0.08972878,-0.766795,-0.4265238
0.6691901,0.08043189,-0.074846365,0.2666365,0.009330885,0.6149312,-0.8960293,-1.170678
0.27890027,-0.017070469,-1.4259498,-1.6725183,0.98145926,1.9416546,0.85322315,-0.5417758
1.2717894,-0.63007534,0.35168782,-0.5867972,0.123450644,0.80877537,-0.19092272,0.019972615
0.20893624,0.040560454,0.2748846,0.8780318,0.43122223,-0.44719645,-0.92075264,-0.22963798
-0.3207902,-0.9980714,0.062962055,1.366213,0.42522222,1.6703545,0.08387233,-0.18334717
-0.70910984,0.7457856,-0.4581742,0.6040503,1.3354899,0.5466634,0.25126508,0.09293627
-0.2604435,-0.47975558,-0.9745768,0.74108493,0.0838518,-0.27124435,0.22379614,1.5769781
0.8252191,0.5376635,1.2025437,-1.4337916,0.48473576,-1.0828227,-0.22821532,1.7903711
-1.0258207,-1.2862792,0.118227445,1.5646284,0.57231355,1.0343513,0.31969264,1.2417134
0.39609915,0.9813108,1.3922023,-0.67922854,0.12386171,-1.28237,0.8202985,-0.12875769
1.006759,-0.0542597,-0.70945376,0.16258885,-0.29654098,2.0251832,-0.41319248,0.45236176
0.50577545,0.10840705,-0.8754646,0.4763633,0.55574226,-1.0378693,-0.6550294,0.92885447
0.9505138,0.6020534,0.54295754,-0.8230989,-1.1714643,0.00025581382,0.80912924,0.37149608
-0.61334467,0.16652891,0.12181441,0.1874479,-0.114883274,-0.89101595,-0.66531783,0.2577895
0.0679184,0.88525254,0.37935138,0.16105324,-0.6192233,1.1525518,0.1646779,-0.17502055
0.6135764,0.96451294,-0.08432942,0.120749936,0.39777854,-0.72582704,-0.7852559,1.0618788
-0.49577588,0.829398,0.7639184,1.5784374,-0.18164909,-0.14839774,-0.5541099,0.4897493
0.11901351,0.2003592,-0.3062694,-0.3980364,0.6693611,-0.116843134,1.5208954,0.69435084
-0.34244063,0.17160134,0.80713457,1.1083151,0.7900115,-0.3381521,-0.058146663,-0.3618984
-0.25940263,-0.38485166,0.06974005,0.6086415,-0.73844296,0.39301208,0.09003903,0.71710545
0.30631283,0.89014506,-0.85382235,-0.82358366,0.019038137,0.4465241,0.47315824,0.6060608
2.072553,1.2773672,1.7574056,0.6691401,0.64719355,0.3234605,0.8563998,0.10837732
1.4110128,-0.6344814,0.4120421,0.15366812,-0.10413471,0.40715775,-1.2613548,0.2993559
-0.3732969,-0.06468099,-0.54979604,0.2128323,1.3653053,-0.24716073,-0.12791918,-0.76349366
-0.07758897,0.058165513,-0.7212474,0.45178515,0.1066593,-0.9021838,0.7496649,0.6361039
-0.36713797,0.47352865,1.0639442,1.197128,-0.58774483,-0.6177378,0.26229355,0.48592317
2.877458,1.2255551,0.0458586,0.17764063,2.2853692,0.4936368,0.5848081,2.7349522
-0.77038074,1.7995473,0.1787731,-0.44252804,0.30378208,-0.0910606,0.71036303,0.44858307
0.45054057,-1.2741895,-0.9154853,-0.93666387,-0.5279379,-0.28677619,1.8496006,0.620453
0.025601394,-1.3557407,0.1740163,0.34263954,0.84274065,-0.03630189,1.1120666,-0.29735103
-0.6433188,-0.52483207,-0.09151365,-0.88078713,-0.25013435,0.9956447,-0.62229866,0.024907347
1.5878892,2.140633,0.18190002,-0.5450602,-0.035189275,-0.76668894,0.8828893,0.6855699
-0.5114237,0.17802146,0.9516716,1.4792653,-0.82472485,-0.21009205,1.2237076,0.26903513
1.4020829,-0.36728635,-0.31613207,0.45129225,0.07864089,0.4346109,-0.030398365,-1.039153
0.47043926,0.70977294,-0.24139181,-0.28245947,1.4616365,0.54373175,-1.1297877,0.21304947
0.08026567,0.014846653,0.022245906,-1.0014986,-0.19308694,0.28792056,0.24294637,0.1380595
0.015309114,-0.9332662,-0.503397,-0.1529755,0.965719,0.5566241,1.3055449,0.5436984
0.48787948,0.108570695,-0.6233658,0.5565781,-0.43355203,0.6602947,-0.0059226397,-0.51448214
0.31268764,-0.2607041,1.2949355,0.19677243,-0.57476515,-0.8478847,-0.41953218,0.97468215
-0.49576563,-0.35539863,0.9811337,0.26291385,0.775074,-0.33242357,0.7342293,-1.0503186
0.33105344,0.8379777,1.0015659,0.61047494,-0.85115653,1.1146991,-1.2279749,0.18707618
0.98079956,0.73728925,-1.2770073,2.0732985,-0.22170752,0.60721284,-0.6861506,0.28070617
1.1613947,0.007733267,-0.06941944,0.78362846,-1.4399935,0.6621964,-0.7718207,0.4371901
0.17191388,0.2966093,-0.48128086,0.4715049,0.20935921,1.5030068,1.5246634,-0.6356937
-0.07164059,-0.29905742,-0.34556067,-0.023972388,1.2823712,-0.20592967,-0.37292632,-0.17355964
0.41822204,0.65739256,-0.12969503,-0.23978128,-0.079089865,-0.40080547,0.8055717,-0.8349567
0.088516206,-1.1469467,-0.30351686,1.7319307,-0.7069997,0.7075311,1.6256362,1.4527212
-0.7400206,-0.24043061,0.020945933,-0.39309803,-0.05443109,0.80488145,1.0331613,0.7349701
0.47911486,-0.8077299,-1.0008703,-0.5759793,1.7177447,0.13920118,-0.20389126,-0.55819315
1.6307158,0.2019591,-0.3789959,-0.2923669,-0.07668904,1.3983963,0.5588295,-0.4720455
-0.96960104,0.40162826,1.0473341,-0.6012944,0.6400118,-0.58024704,-0.52000767,0.7915853
0.45237872,0.5300197,-0.4652555,-0.5220962,-1.0428194,0.2733594,-0.3288941,0.73512256
0.70138717,-0.2908641,0.6957513,0.7879582,-1.038851,-0.55242753,0.055657562,0.79506505
0.16086751,0.21731868,2.31469,0.09279965,-0.57451266,-1.7867609,-0.5690302,0.39361414
-0.12835842,0.14447495,-1.3676567,-0.7492431,0.534703,1.2489588,0.72240555,2.2499025
1.2621156,-0.33617222,-0.7381289,-1.5734524,0.54955786,0.23288624,-0.81351733,0.0795507
-0.31028852,0.1056937,0.20982188,0.871836,1.4153364,-1.0865259,0.49151522,-0.13088804
-0.50905126,-1.2152779,-0.7489797,-0.46242568,0.021226678,-0.9063298,0.5620819,1.6827775
1.1955667,1.026866,2.3430886,1.2026647,-0.096582375,-0.42286205,-0.41379926,1.6177838
-0.09476384,0.6830655,-0.26545742,0.5576987,0.703293,-0.87306476,-0.40831044,-0.29197448
-0.35500076,0.15012085,-0.3259482,-0.9179082,-1.4710062,0.52317935,1.8892792,0.17354001
1.489386,-0.34034094,0.45025462,0.3185136,1.6240809,-0.09279683,0.28516877,-0.43203053
1.1032699,2.4033122,0.2371197,0.49667543,2.0824683,-0.94855124,-0.5143593,0.62748957
0.42483357,-0.49706632,0.31218114,-0.34126258,-0.16725942,-0.40794683,-0.3805542,0.702685
0.3407299,-0.34138075,0.97094095,0.024493823,0.5126335,-0.71680516,-0.16059266,0.5682502
0.6284197,-0.20186171,1.5401937,1.1773875,-1.830321,1.2964394,0.42008704,-0.3248815
-0.5037269,1.1375387,0.117007904,-1.0459373,-0.39431348,0.28463548,0.77301955,-0.6254473
0.3048089,-1.4401238,1.2922398,0.13714552,0.30415365,-0.124494225,1.0979762,2.13946
-0.61370987,1.4777613,-0.24197918,-0.4237118,-0.35164255,-0.14922915,-0.88443786,0.5004446
1.8756232,-1.1966311,2.0842502,-0.09142861,-0.09476697,0.73100436,-0.114423215,-0.0033766031
-0.625884,1.0179281,-0.05152487,-0.37895942,0.7027564,-0.41512233,0.025119122,0.23500785
-0.92733073,0.028795775,0.47932842,0.3219892,0.8366744,-1.0140139,-1.0194019,0.13161384
-0.8794893,0.3261023,0.46947238,-0.2885991,-0.15108399,0.37951437,-0.35051757,0.6058562
-0.61924124,-0.17255084,-0.13277392,-0.29793596,0.7777382,-0.42502975,-0.051420994,-0.4885848
0.3072284,1.4744127,1.0402149,-0.040816333,1.0972221,-1.4406346,-0.33388266,0.4568773
1.0728114,-1.1726937,-0.2624029,-0.31513092,0.7199531,1.0285313,-0.06454989,0.4697924
0.6393721,0.47437006,-1.0181658,1.0292196,0.34586513,0.5386258,1.196985,0.6750052
1.4611592,0.87255627,-0.29180893,0.021564616,-0.90454566,0.09328821,-0.7510935,0.12777802
-0.36913624,0.59900403,0.61686033,-0.4409285,0.33229977,2.0692878,0.8805603,-0.14300802
-0.62693715,-1.3002034,0.7462189,1.239844,0.48686036,1.5833943,1.147652,0.18403612
-0.15205297,0.78433657,0.76209104,-0.12316276,-0.9123606,0.31885174,-0.38829193,0.81180817
0.22038454,-0.41488114,-0.89222145,-1.5773628,0.13455184,1.0657442,1.4686092,-0.27883103
0.7570339,-0.004050538,-0.72733754,1.9630052,-0.23035578,-0.12512046,0.46173373,0.8917025
0.10042313,1.3274305,0.22656834,1.1079677,0.6736349,-0.21032237,0.33365148,-0.3572635
0.296253,-0.33374232,0.4574457,-0.17348698,-0.49436483,-0.2651869,-0.14378801,0.62016845
-0.45633507,1.507454,0.22122064,1.680553,-0.24670574,-1.214027,-0.23329763,0.26817244
0.10944136,-0.007438451,0.062175967,-0.29763415,-0.66430867,0.62824994,-0.8632786,1.042324
0.89846474,0.9138131,0.5335347,0.5541522,0.6977577,-1.3232654,-0.8727153,0.14933345
0.7825073,0.52295864,0.08927063,1.0208002,-1.3340261,-0.90864253,0.2908828,1.6702845
-0.35897565,-0.19695175,0.9335134,1.2346687,0.07228473,0.71692324,0.27803674,-0.84517175
0.551027,0.8560192,-0.13856071,0.31278837,0.0118685,-1.0204186,0.06596124,-0.86823267
-0.37517813,0.64862144,1.1729454,0.092941076,-0.3525864,0.3415036,-0.13750331,0.4820474
-0.07560008,1.7413068,-0.6505043,-0.023709636,-0.046270575,0.24037209,0.050575335,0.85939515
0.41994825,0.11371343,1.7561692,-0.6257247,-0.74272543,-0.7400437,0.6304131,-0.051167384
-0.6893175,0.72091097,0.058328763,1.359282,0.5017968,0.6810318,0.7984636,1.8975298
-0.1864514,0.5387268,0.046386227,-0.62506574,0.5863885,-0.031820454,-0.9857524,0.03562664
0.015737154,-1.1148944,0.22456565,0.63813335,-0.61469394,0.107650734,0.23565017,0.2641306
-0.4581061,0.15449753,1.4424717,1.059559,-0.8983709,0.60532546,0.06288347,-0.08696211
0.4634766,-1.2035532,0.849026,-1.6113646,1.4987792,-0.62548107,0.24131511,1.5465946
-0.78306603,-0.12663372,0.22860992,-1.1633058,-0.3682431,0.34228677,0.07259992,0.54298276
0.9484971,1.0976729,-0.97408766,0.51351416,-0.20061639,-0.32450667,-1.0810273,-0.14457971
0.0070066266,0.246112,0.84028125,1.7223265,-1.184467,0.02146084,-0.2880441,0.4356919
2.1001718,-0.6639907,-0.86894345,1.3263854,-0.22593439,-0.57271427,-0.3573819,0.1932196
-0.054572903,2.098412,1.1179854,-0.17274801,-1.0841204,-0.006027935,0.61935246,-0.4322904
-0.24229935,-0.29040477,0.42873973,0.34991276,0.7033941,-0.7625707,-0.6508061,0.8666192
-0.31924886,-0.4101138,0.7796471,0.71834636,0.5836349,0.76505756,2.2251337,-0.59759134
0.1866715,0.8596305,-0.9193699,-0.5080669,-0.027749028,0.203706,0.9710564,1.18549
0.39925477,0.34548602,1.3636162,-0.032965098,-0.8713092,-0.22044742,1.1070937,0.54072934
0.15343428,0.8835217,-1.714425,1.1787928,-0.29968485,0.87744325,0.60969204,-0.4636598
-0.08869774,0.33305705,-1.1364062,0.8568463,1.1268253,0.17483287,1.087563,0.02351128
1.2706994,0.94710416,0.108475365,-0.28459165,0.79477,-0.36028722,0.5286362,0.5475658
0.4126635,-0.47948295,0.45863715,-0.19887309,0.75679743,0.5482258,-0.16640134,1.0774239
0.0691254,-0.26748854,-0.2705349,-0.93533593,0.7649768,0.23418896,0.123806134,0.46270573
0.8943135,-0.21082239,-0.70160013,0.8369079,0.3806838,0.22840983,0.5834643,-0.015322164
1.0804449,-0.10629101,-0.33160168,-0.7370822,0.286757,0.1209234,-0.91969025,0.969864
0.45961595,0.34026247,1.5826136,0.26122382,-1.230341,0.98737425,0.9278262,0.84340227
-0.5917726,1.6173453,1.1642607,-0.8925035,1.3548585,2.0199223,-0.11968085,-0.32488587
0.0144415945,0.9833006,0.1273484,-0.91267425,0.5141148,-0.04639381,1.0375191,0.3581073
0.54103196,-0.63987494,0.4218973,0.5970438,-0.28444767,0.33994466,-0.26216763,0.2231102
0.12680906,0.14235938,0.8656493,-0.0924945,-0.24373925,-0.06805517,-0.4721764,-0.024045892
-0.13916674,-0.5642368,1.282906,0.32388145,-0.2313347,-0.20133346,0.8537133,0.007213965
1.1238034,1.3057959,0.69911623,-0.00974163,0.92054194,-0.43405217,0.6246089,-0.33177128
-0.25774008,-0.081539124,0.77558947,0.70131993,0.13812645,-0.9904623,-0.71544325,-0.13702592
0.27099267,-0.12124488,0.7407909,0.545614,1.2503593,1.1093125,-0.6969595,0.3564469
0.7397611,-0.7511471,2.1126819,0.43825588,-0.5307958,-0.69087744,0.20544598,0.29738015
-1.29554,-0.35501018,-0.3747632,-0.09753764,1.4835563,1.1118672,0.5722279,1.6442739
0.47730288,-1.0054542,0.5131919,1.426437,-0.22366,-0.57709247,-0.1254035,0.5331946
-0.41478857,0.56962264,0.54481333,-1.11582,-0.02876496,-0.47629324,0.86205995,-0.94180495
0.584216,-0.3966979,1.0864488,-1.4507191,-0.6110376,0.35466754,0.38835263,0.29154682
-0.1135272,0.90862507,0.050831012,-0.15785122,0.33919835,-0.9982728,-0.1326669,-0.34102842
-0.5070124,0.54712385,0.8159724,-0.36317104,-0.68792164,1.6800499,0.03874628,-0.69676936
0.27039716,0.50582767,0.6129453,-0.19569622,-0.2925397,-1.1674027,-0.013978183,0.584535
0.6154957,1.1803528,0.66981965,-0.4456171,0.09044815,0.15248612,0.8699945,-0.679354
1.1631383,-0.39375436,0.71171427,0.37000576,-0.48382032,-0.47153264,0.07081881,-0.16304061
1.0548831,-0.8734924,-1.691128,0.7655136,-0.22241744,0.5892433,1.0435479,-0.68252295
-0.6010338,0.83238304,0.4338954,0.25625566,0.13206105,0.12757462,-0.07741225,-0.78541744
1.3323982,0.13940491,-1.4410115,-1.2636023,-0.48843053,0.6373289,1.292205,-0.29544818
-0.9728451,-0.092886195,-0.5159094,0.03183667,0.3669709,0.45470467,-1.2332145,-0.07271493
0.20993006,0.24292946,0.59468377,-0.8296157,0.71384156,-0.007135479,0.5271342,0.21382847
0.09322553,0.18414891,-0.48434332,1.4712381,0.11234054,-0.6286121,0.24648161,1.9754803
-0.9654081,-0.23608755,1.7927878,0.96440613,0.1015666,0.51693445,2.122225,0.90276843
0.7407896,-0.9311169,2.8689153,-0.7326336,1.2050735,-0.52915376,1.8502003,0.18194464
-0.3563066,-0.70190203,0.62452865,1.0557303,-0.82423705,-0.6920543,0.6517509,0.13836358
0.2546115,-0.45798153,-0.16557086,-0.6469727,-0.292404,-0.16459244,0.0029246751,0.86213344
-0.28548008,0.052891023,-0.22614571,0.010746542,-0.91373616,-0.445506,-0.55818707,0.6021373
0.08978032,-0.00046289153,-1.077603,0.029770756,0.58192533,0.66500765,-0.07500985,0.08851018
-1.0812751,1.0736495,1.2814665,0.565868,0.14337379,0.19153152,1.9078183,0.8339387
0.16287106,1.70174,-0.29626432,1.2499671,0.07699609,-1.1177504,-0.02554154,0.034600135
0.00043520704,-0.45894954,0.95554405,-0.8540895,-0.15408759,-0.07015335,0.1464051,0.1273337
0.82802737,-0.2684367,-1.0499437,-0.75786126,0.56570935,0.6965236,1.3134859,0.36961192
0.97280914,1.227768,-0.010815445,0.55710727,-0.7767528,-0.09114906,-1.7623423,0.6177115
-0.8615606,0.11681454,0.39266607,0.55935764,-0.64458936,0.34123737,-0.54587024,-0.6257639
0.8434828,0.6593192,1.2625417,0.41717052,1.6324196,0.25522283,-0.73424065,-0.19189101
0.25263727,1.5793586,-0.4609172,-1.3677583,0.48047712,-0.47224095,0.92783827,-0.41846454
0.7346406,0.021713652,0.699702,0.19954212,-0.36208922,1.4730273,2.151005,-0.105501436
0.21042857,0.28348505,1.8884368,0.1403653,0.21910335,0.23574777,-0.57239443,-0.06560207
0.35809943,0.80208737,0.60309297,-0.98384464,-0.6587906,1.1765356,0.20206216,0.81896436
0.48048547,-0.73849547,0.45873028,0.29647678,0.24006833,-0.34101862,0.6683856,0.42405355
-0.24806571,0.26831365,-0.36905375,-0.8088205,-0.012135515,-0.3979012,0.07255633,-0.40640154
0.13332525,0.18287776,0.07729846,0.11611645,0.17975228,-0.7888403,0.24274395,-0.66298145
-0.18753794,-0.060547914,0.07943211,0.9450744,1.3296868,-0.28327486,-0.04080079,-0.39859527
-0.46313,1.0120313,1.0830257,0.09422293,0.90418583,0.02824834,0.011179056,-0.75467837
1.1298391,-1.0669916,1.0457397,1.2399867,0.73742515,1.8244741,0.43899804,-0.467858
0.095249325,0.12696737,-0.0652184,0.06829168,0.53844297,-0.4301161,1.4660363,-0.2681514
0.108659595,-0.31991938,0.087816305,1.0794561,-1.1732208,-0.70165473,-0.29915643,1.0926768
-0.13486496,-0.8857639,1.3460476,-0.8368828,1.0718585,-0.31328097,-0.53571385,0.6671576
0.24537751,-0.4823355,0.351243,-0.4153653,0.32532507,-0.3003802,-0.59048486,0.076987065
0.5238692,-0.1761892,0.87353104,0.09957509,-0.72638243,-0.5716978,-0.24151932,-0.28950402
1.2943969,-0.74756724,-0.27588773,-0.61415076,1.1402764,0.313724,-0.7763087,1.6422156
-0.27285072,-0.5735376,-0.40369344,-0.4435276,0.2155565,-0.12975557,0.36943188,-0.4406266
-1.2863338,0.43495253,0.48684433,-0.14542025,0.60689247,0.47746682,0.0022667293,-0.39694613
0.6793988,-0.21447967,-0.15046176,-0.3058152,1.0955997,-0.34806445,0.19393678,0.14567426
0.8962982,1.8571101,0.46788332,-0.37535557,-0.48564434,-0.297799,0.25965592,-0.50168145
1.4520086,0.444015,-0.0032333452,1.5246861,0.13970257,-0.13012035,-0.7380732,-0.2942138
-0.47983986,0.5627273,-0.70942676,0.07393618,-0.44011542,-0.020718599,0.46312314,-0.67374283
-0.069099,-0.36927852,0.22249103,0.63603675,1.462467,-0.63744205,0.44139913,-0.5404744
-1.1736482,0.8234156,0.37085968,-0.7180036,1.1203914,0.2965536,0.30707812,0.472224
0.61286956,0.47746605,0.23106897,1.631799,-0.10166901,-0.05088757,-1.0499341,-0.0656564
2.1545262,-0.15084332,-0.29037666,1.1589967,0.9936642,0.43345878,1.6533712,1.0774231
0.87330407,-0.37105992,-1.2582862,-0.2803023,0.9862298,-0.10837443,0.20645626,0.8297438
0.39542052,0.67821926,0.76663315,0.081232265,-0.0639675,-1.2831488,-0.46939516,0.6933906
-1.5170449,0.5216467,-0.61315554,-1.0783789,0.63435805,1.2369138,-0.61262107,0.58311164
1.1500279,0.082882255,0.44159195,-1.0445594,1.7199954,-0.14617562,1.4992181,-1.1735806
-0.4504615,-0.27293566,0.8102594,1.0574263,0.16981949,-1.0592964,0.63867366,-0.012655802
0.112077564,-0.060266834,0.56941736,0.18932042,-0.09305144,-0.90612435,0.35970905,-0.6984205
-0.318987,0.49020424,0.33755383,-0.73945653,-0.7291837,0.44210225,-0.2218842,1.9638357
1.4614525,1.3136209,0.9844049,0.8221646,-0.8105606,0.28270915,-0.81158787,0.49140042
0.4413964,-0.27383375,0.4050738,1.2736677,-0.86033356,0.8889368,0.12168133,0.3671248
1.0355141,-0.32035956,0.35598013,-1.5045887,0.7127807,-0.4546825,-0.16558394,0.9794908
1.8667953,-0.6057276,0.12595826,0.9310037,0.08901375,-0.68447876,-0.022289474,0.79898643
-0.76350546,0.8550885,-0.3679091,-0.19058944,0.08873786,0.6739175,-1.1384825,0.9924716
0.52643275,-0.39799508,0.13626793,-0.73711634,0.031684708,0.16796306,-0.6152876,-0.53481317
-0.6266181,0.29336154,0.23584998,1.0079296,2.5241597,0.16071047,0.0032367688,-0.5741758
0.09037025,0.4725325,-0.026425675,0.99281394,0.045548987,-0.59545016,-0.9400509,0.23262617
-0.75128275,0.17080319,0.7673408,-0.33206505,0.97242737,-0.50871056,0.40913948,0.4744819
-0.1803093,0.53782314,-0.21173286,0.5603927,-1.1774529,-0.14491464,0.95585585,0.7931138
-0.5214065,-0.8199235,-0.7216219,-0.0036607385,0.032328963,0.25725886,0.072044015,1.0016961
1.321855,-0.19052571,0.8476376,1.1638483,1.8053342,1.2728969,-0.814617,-0.4652805
0.8521845,-0.98812836,-0.14029583,0.34031922,1.1383377,-0.3737724,-0.21040328,0.888821
-0.3813215,1.1810024,-0.38020557,0.09407705,-0.19433728,-0.37696025,-0.47690693,1.4371741
0.31259075,-0.34418717,0.66492224,0.15211752,1.1997584,-0.93488944,-0.47628856,-0.22709307
-1.0255278,0.20385961,2.2694845,-0.24285762,0.7345904,0.42197472,0.6593319,-0.26567864
-0.61002797,0.1658648,1.1563028,0.69588137,-0.25592092,1.7980216,-0.90469396,0.5992214
-0.86555034,0.6630281,0.23458648,-0.009050671,-0.991809,-0.11086203,-0.281035,0.42939663
1.3589183,2.303212,0.60091496,-0.16899812,0.035383154,0.31348872,0.5897824,-0.822693
0.2423394,0.35179713,-0.5207049,0.09035216,0.05817025,-0.7455422,1.0153184,-0.8757348
-0.87763524,1.1344167,1.0334946,-0.8121844,-0.076270364,-0.20939597,-0.17847073,0.65673846
0.28391474,0.41998586,0.16838196,1.4409162,-0.19735147,-1.064013,-0.7629103,-0.32430547
0.052067317,-0.4500265,-0.80316424,-0.1020361,-1.0303496,-0.11086488,0.73258924,0.14051157
-0.3427845,0.5852392,0.62683207,0.6624161,0.90741104,0.34218848,-0.96528983,0.6982552
-0.5091717,0.197677,-0.599181,0.038714305,0.8358369,-0.26029813,-0.4854076,0.28936443
2.49935,-0.070485145,-0.21411031,-0.48678014,0.18916544,-0.30001786,1.1047277,0.62220126
-0.031850703,0.055258714,0.20562476,-0.34637266,-0.66998774,0.17661114,-0.778941,0.781055
-0.0732735,-0.3990218,-0.3130138,0.7833657,-1.0894411,-0.1912226,-0.085697465,0.2188487
1.2629361,0.06915668,-0.47629365,0.13024205,-0.54925716,0.07368853,-1.0989593,0.8906005
-0.38093838,-0.62213784,-0.2968677,-0.010509644,0.386901,0.34291208,-0.1673467,-0.36636463
0.8348342,-0.040010773,1.267956,0.050067425,0.46463558,0.42687038,-1.8373007,0.38935184
0.26388595,1.350588,0.09782645,-0.26557606,0.59620166,0.48196927,-0.8489228,-0.77857435
-0.037645884,0.067487285,-0.24360287,0.5095866,-0.27916074,0.081316285,0.16003034,-0.364161
1.1556267,1.1576055,-0.7496988,1.3333161,0.7561189,-0.8263361,2.141256,0.60563403
-1.0104437,-0.06673694,0.49266127,0.9044075,0.36374912,0.88162524,-0.68225414,0.28918365
0.589561,0.52777857,0.5326477,0.3669388,-1.5117908,-0.27589726,-0.1151178,-0.43833765
0.11849503,0.8584867,0.07633267,-0.91935897,1.0003662,-0.23166093,-0.70361954,0.18235032
0.64342505,0.75170076,-0.16896099,0.18320578,0.19744854,-0.3591023,0.12923662,-0.0547648
-0.290057,1.0379449,0.33111283,-0.37843165,1.1087934,0.4397506,0.06589852,-0.7522797
-0.96866417,0.671972,2.3327758,-1.33524,-0.6760935,0.25086242,0.26575038,0.48424774
0.18409984,-0.07847373,-0.67364776,1.2136501,0.16827372,0.39213565,-0.8534356,0.0075754113
1.4544127,-0.3045139,0.517611,-1.6811585,0.23553354,1.8700203,0.025645953,-0.029996797
-1.6459749,-1.0805658,2.140029,1.0149143,1.2654455,0.63679016,0.73559946,-0.7489085
0.44697395,0.6468079,1.4094287,1.0758115,0.6710188,-0.81596255,1.1842928,0.41364813
-0.35245362,1.7131242,-0.34226903,1.4563578,-0.32230774,0.13030924,-0.18466412,1.9730927
0.15456298,0.37490746,1.0709126,1.1472206,-0.3949043,0.8042233,0.31843945,0.3988199
-0.46879774,0.71568716,0.4713931,-0.08813405,-0.8734189,-0.621905,0.2623052,0.14604533
0.6263534,0.32663712,0.115268655,1.3435731,-0.70933515,0.7391823,-0.1563247,-0.19953188
-0.27209625,0.027001087,0.4660182,0.633826,1.2174784,0.7648339,0.9733274,-0.16109341
0.48414803,0.12744805,0.6300343,-0.45635852,-1.3292209,-0.6710935,1.561344,0.57414997
0.22614032,-1.0759999,1.0744295,0.26770547,-0.5708511,0.39629087,-0.38493687,-0.25202197
-0.47976375,-1.0644407,-0.2161187,-0.09045744,0.3810295,-0.16853118,0.6303853,0.9381731
0.4964017,-1.2005842,0.2528271,0.6177976,0.4076741,0.061249614,0.60295355,0.3530998
0.29376343,0.11888832,-0.15666008,0.6518384,-0.09040804,0.94344234,-1.1642597,-0.10186828
-0.20677543,-0.18006304,2.1038716,-1.1209507,-0.78530455,0.92143536,0.31403124,0.51468027
1.4132903,-0.32053396,0.35491544,0.7178063,0.0150413355,0.24257313,0.6077099,-0.5189431
-0.6564048,-0.2670397,-0.08940007,-0.34515643,0.46311677,0.10428732,1.5856382,-0.9324481
0.50607604,1.08174,0.938725,-0.061385635,-0.41259438,0.089907244,2.053433,-0.4983131
-0.8056141,0.385302,0.57955354,0.65175414,-0.20948803,-0.61103666,-0.9584548,1.2382897
-0.35396308,-0.18622887,-0.5864384,0.5034782,-0.24167004,0.11294081,-0.16462606,0.4770833
-0.59192544,0.515725,-0.42228758,-0.5372103,0.7685311,-0.33343744,0.6012883,1.0865244
-0.9205893,-0.15208684,-0.10122967,-0.00062152743,0.7263821,0.9123769,0.15221824,-0.2767316
-0.032111064,0.97826564,0.28808415,-1.0285796,0.28564733,-0.8972031,1.2548077,1.3985183
-0.52370644,1.2659757,-0.5768916,-0.584103,0.3376041,0.077396385,-0.17242666,0.9968133
0.54364157,-1.1569412,0.13131586,-0.5627794,2.372674,1.2511111,0.11863899,0.5191253
-0.09162942,-0.17120115,0.6339713,-0.7449176,-0.52830243,0.025653264,1.2714463,0.14174289
-0.81044394,1.4048805,1.898145,0.7203391,-0.2262013,-0.4677388,0.3045265,-0.695819
-0.95116484,0.9892408,0.6143884,-1.1882815,-0.7865184,0.0785267,-0.089896455,0.51820767
-0.5040045,-0.31882715,-1.125498,0.53987616,-0.5447309,1.1740338,-0.15580519,0.38123107
-0.63459283,0.5582524,1.4808167,0.97643095,0.50604814,1.5377481,-0.3188749,-0.39931315
0.76731753,0.00087082013,0.2970236,0.3089685,-0.49712142,-0.7722502,-0.1595582,0.40750253
0.18669322,-0.037357744,0.2307365,1.394176,-1.1187848,0.76273304,0.05422086,0.62729156
0.5943034,0.48409924,0.26079923,-0.10383472,0.59827274,-0.12773016,0.9122177,-0.0076425746
0.08604425,0.66885203,-0.203419,1.0099504,1.8503987,-0.898043,1.7223761,0.5533086
0.3399535,-0.6298172,0.4065105,0.52467847,-0.85018045,0.32211056,-0.56912136,0.82170963
1.281017,0.52938694,-0.8497967,0.35020357,-0.66133636,0.46874252,-0.27440202,0.0055110455
-0.3597528,-0.7093214,-0.043855872,0.43213645,-0.56841177,0.7840439,-0.5523986,-0.020105153
-0.17107293,-0.9280241,-1.1654512,0.65759283,0.19251586,-0.455537,-0.08394538,0.6492339
-0.36785135,-0.8803921,0.74988323,0.9539314,0.58503324,-0.8693309,0.62663203,0.18947767
2.122544,1.3215716,0.79647774,0.83692384,0.18241933,0.5335271,0.6031107,-0.7638757
0.1879603,0.7378504,-0.15551975,0.6159313,-0.4180855,0.40815997,-0.97535765,-0.43410578
-1.0274575,0.3283785,-0.10976774,0.5848446,-0.17416309,0.36579746,-0.09225866,-0.121396504
-0.9206967,0.0076492857,0.7857316,-0.7762037,-0.14492807,-0.45729083,-0.5978107,0.24946594
0.028315991,-0.4395258,0.10095198,-1.3789332,0.6957484,1.6319742,-0.28519836,0.30701828
-0.6223333,0.49422628,0.13426185,0.07377343,0.037215102,-0.2358731,1.9658353,0.1704743
0.62782425,0.1937568,1.1239171,0.7603697,-0.054331794,0.9227967,0.11808631,-0.2340492
0.89668626,-1.7108486,0.87381446,-0.328367,-0.5968152,0.10139126,0.06724934,0.8902241
1.0520937,-0.67430216,0.7095853,-1.1594503,-0.099397905,-1.6640357,0.637192,1.0246556
0.45809835,0.35397983,1.3191136,0.11377275,-0.048483606,0.59385854,-1.4320282,2.0219693
1.7404504,-0.24758206,0.5856534,1.7805866,0.037685316,1.0518582,-0.17724137,-0.2108964
0.47636023,0.9087445,-0.54237074,0.3885543,1.3513917,-0.6567605,-0.93140066,0.06211958
-0.8000789,0.70121837,0.04561813,1.6309088,-0.33355406,-0.79904956,0.94852316,1.6994829
0.011170987,-0.14868961,-0.7105148,-1.0749745,-1.0082308,0.30981755,2.6424913,-0.07087471
1.3148896,0.8419021,1.5223396,0.5742891,-1.1372843,-0.02150196,-0.10749893,-0.6569149
0.4952441,-0.32870796,1.1672833,0.42690232,0.043317024,-0.6605345,-1.1783446,0.14354733
0.8112728,0.8538316,-0.21863785,0.7948811,-0.18201654,0.675496,0.78502274,-0.63266116
-0.2538578,1.2370267,0.8326958,-0.5646138,2.0466077,0.8252748,0.046544183,-0.27659532
-0.09867004,-0.13879909,0.049292833,1.8292567,-0.01661871,-0.014006874,-0.68510336,0.47709736
-1.1128129,1.3670005,-0.087492816,0.23495439,0.61370426,-0.43821844,-0.5928442,1.4754902
-0.35955226,0.13205338,0.24464673,0.30813232,0.24928986,0.4807952,-0.6813592,0.3778174
-0.6312579,1.2912352,-0.1598123,0.15230663,2.1995466,0.63564706,0.34006482,-0.19122899
-0.43494698,0.30107367,-0.381486,-1.351721,0.4377853,0.28795934,0.057731163,0.80864507
1.7209638,0.17800304,0.05315011,-0.3530788,0.0136463875,0.39568356,0.4760331,0.0033432245
0.55297804,1.4160998,0.10147945,-0.23529513,1.6556095,-0.54796684,-0.7373622,0.89693856
-0.32429165,0.13435659,-0.30094236,1.0728528,-0.1865523,0.47622094,-0.68255574,0.7551941
0.20550284,-0.1043988,1.0993965,1.5881425,-0.72003704,0.60446084,-1.2504051,-0.8204526
0.45209035,1.3943307,0.46552497,-0.65719473,1.7439339,-0.49578956,0.30542848,1.5256345
-0.69063824,-1.1875138,1.8978528,-0.14906557,0.51319635,0.8495466,0.3263844,0.17236874
0.6161569,-0.65766144,0.94176805,-0.92083204,0.18959002,0.18604407,-0.36942944,0.098343045
-0.60116774,0.73698276,-0.5554516,0.42882368,-0.35235506,-0.98586965,1.2491698,1.9046147
0.5310134,-0.31869593,1.8432248,0.3680463,-0.22490813,-0.5430328,0.305655,0.083685204
1.2723807,0.7209548,0.93364364,0.72172487,-0.7562873,0.05124889,-0.99722904,-0.22668603
0.9819579,1.1609837,-0.277804,1.1546732,0.0318009,-0.17212127,0.85744643,0.71205324
-0.39229226,0.34186348,0.055320613,-0.6893269,0.13068314,-0.021527002,-1.0521002,0.31464013
0.13660175,-0.5329152,0.27769798,0.15413839,-0.025227083,1.5296079,-0.076492175,0.3293754
0.070938885,-0.9654328,-0.08253181,0.034971613,-0.4615457,-0.8981649,0.5958915,0.5648165
1.3558947,1.1311799,-0.47899583,0.6224924,0.2904466,0.072270885,1.1079614,-0.1447151
0.5463352,-0.1613014,0.75889295,0.9606225,0.23340717,0.014382737,0.73481643,0.42125252
-0.2599697,1.1415582,0.42486164,-0.5527725,-0.13114461,1.3490025,-0.4163642,-0.18266463
0.20617667,-0.87613904,0.19620752,0.7236098,-0.45946336,-0.5545468,-0.114113584,0.320736
-0.58879215,-0.31072885,-0.32824704,-0.4257259,-0.3232776,-0.33105105,0.07280977,0.353543
0.6667516,-1.2075204,-0.862034,-0.6521391,0.14652266,0.55144864,0.75650346,-0.017406732
-0.15273863,0.5184112,-1.4970815,1.5015258,-0.5697582,0.2006261,0.35981572,0.59333086
0.2039645,-0.32524148,1.2761017,-0.43894905,0.9048949,-0.24091282,-1.1724502,0.26874834
-0.14502281,-0.7063258,-0.10526438,-1.1855205,0.5709232,0.30079412,0.22134726,0.6287862
-0.15860575,0.16219011,0.553373,0.20921426,0.12109166,-0.19598868,-0.40566587,-0.38719276
1.2579572,0.343584,1.9658607,-0.17021473,-0.29164836,0.6085713,-0.9721789,-0.08378654
0.8146331,0.33525518,0.31712878,1.5273492,0.16105436,-0.2057569,0.3788009,-0.111752816
0.35041064,0.25870425,0.93086576,-0.012325291,0.9560968,-1.0241585,1.191034,0.19579846
0.4259464,-0.8590007,-0.40301642,1.4102721,-0.6605358,-0.1734519,0.32646137,0.17250142
-0.4202095,0.6319033,-0.69050634,0.5922817,-0.08354206,0.17832154,0.28057927,0.4401863
0.6057941,1.618006,0.089841135,-0.20797636,-0.3759912,-0.7214916,-0.3255149,0.49487963
-0.4505543,1.2635295,-0.41646385,0.46678296,0.7189872,-1.4600202,0.23340793,-0.14925858
-0.34689808,-0.0092563275,0.37236926,0.5352409,1.8169311,-0.82974404,1.0520477,0.31973663
-0.13086578,-1.0650877,-0.6337959,0.433294,0.51363885,-0.65714544,-0.003106406,0.30659527
1.2045072,1.2384369,0.7685507,0.6969819,1.2563887,1.2045946,0.37196463,-0.6339241
1.0377256,0.1728152,-0.19981828,-0.6903554,0.54083186,0.3124143,-0.14070305,-0.31676546
0.4166312,0.122601986,1.4964733,1.2418536,0.26015973,0.64180344,2.5482938,0.503905
0.51999485,0.8376517,-0.7816653,0.09975986,-0.3668444,-0.43172333,0.56951517,0.4860535
-0.045840308,-0.027474683,0.387788,-0.06340207,-0.18523553,0.7800988,-0.34585527,0.69159
1.7204051,-0.06661534,0.7626877,0.503597,0.6518423,-0.31030267,-0.72797096,-0.5917169
0.21282747,-0.9080746,0.9225093,0.19433941,-0.6239113,1.7124293,0.5459234,0.9698144
1.5022817,-0.17503005,-0.89404494,0.41629964,0.4914196,0.702337,-0.43065244,-0.5250851
0.31663272,0.202185,-0.44010437,0.5018355,0.22855696,1.4266931,-0.73750186,0.37592107
-1.1683658,0.19005816,1.5363183,0.99251586,-0.17620763,0.9440239,-0.5850319,1.0710112
-0.25556898,-0.53173697,2.1882179,-0.47541526,-0.36614114,0.88222194,-0.32335657,-0.572309
-0.5237337,0.23235051,-0.7461148,-0.9499067,-0.22319141,-0.22345397,1.425568,0.12275415
-0.017733961,-0.3392873,-0.42884767,-0.25261348,-0.7217719,0.25657225,0.19083898,-0.02800002
-0.23074749,1.2418214,-0.66996586,-0.18184474,1.0571257,0.08052326,0.9869176,0.27126917
0.336598,-0.59212774,0.6673639,-0.47103217,0.10619537,-0.26860744,0.9527315,-0.14749476
0.78584784,0.30192703,0.4072184,-0.25122526,1.2597063,-1.641228,0.13405026,0.059524506
-0.18567187,0.26412368,-0.5053511,-0.40191182,-0.13730621,1.3318915,0.87950796,-0.024956904
0.5171515,0.81171286,0.46851215,0.24940264,1.1891537,-0.9894967,0.37339386,-0.18680045
0.16955091,-0.6909893,-1.0718454,0.12159558,-0.06870659,0.4596939,1.2271124,0.3844156
-0.5071233,-0.8351536,-0.26236492,1.0805495,0.49401844,-0.08914332,0.28154394,-0.04980319
0.39716074,-0.0839695,0.8571439,-1.1032437,1.2267374,-1.1190884,-0.19937769,1.2960428
-0.32150862,-0.12907325,1.3066127,0.01941213,-0.2517741,-1.1690822,1.3782678,0.8849773
0.5987255,-1.3203473,1.7130343,-1.2730783,0.47137302,0.04463079,1.1056073,0.6713196
0.32608575,0.18844268,1.0761871,0.56043166,-0.43466818,0.9972461,-0.3121497,0.36202443
-0.23019555,-0.64191335,1.052178,1.6898435,-0.251228,0.4536082,-0.03276071,-0.15253672
0.5252289,0.34394422,0.32416368,0.6878262,0.028858557,1.0945082,0.6461992,0.20286065
-0.79654175,0.16589828,0.7293959,-0.87742597,1.071021,0.30485067,-0.19314116,1.1158575
-0.26037487,0.13056523,0.08956873,-0.21735342,0.98880225,-0.75329953,-0.4298547,0.65901023
-0.21169418,0.7388902,-1.3373595,-0.12721294,-0.42083433,0.5600382,0.13620989,0.5446831
-0.065331854,1.0634291,1.5587271,1.4916008,-0.20578739,-0.2524737,0.08789988,0.1390988
0.7710563,0.475705,-0.5356475,1.4514391,0.91967225,0.30737016,0.0022039246,0.60892546
0.20689541,-0.61751264,-0.42604974,-0.48436746,-0.34948274,0.14851461,1.572578,0.002946645
-0.72108245,-0.10146472,0.33782324,0.23957987,0.8864979,-0.6204696,-0.355345,0.0049115494
-0.6343198,-0.6240193,-0.43025234,-0.10460889,0.6457896,0.5549666,0.73600376,1.303276
-0.41557896,0.45455155,0.009461388,-0.43905067,0.39092925,0.92963356,-0.025583658,1.0249027
0.038895383,0.40244287,-0.58571494,-0.942931,-0.24211802,-0.04563445,0.76735073,-0.5999183
0.62372315,0.82735264,-0.10216914,-0.23846559,0.1978644,0.5624238,1.591912,-0.19719014
-0.78797954,1.207929,0.90957904,0.67068785,1.9111693,0.123567306,0.048608292,-0.5296196
0.7329367,0.18206672,1.1981963,0.5910908,0.059957832,-0.8994394,-0.4879272,-0.39975813
0.32375172,0.5269193,0.885212,-0.16469702,0.04487901,0.5209277,0.8653863,0.13609613
-0.15543959,-0.16621952,1.0935299,-0.47003105,-0.089150034,-1.6135045,1.290914,1.1004099
0.6412292,2.0069752,-1.2375714,1.306932,-0.22732562,0.8233507,1.0823025,-1.1899002
-0.30926275,-0.21435998,0.45899397,1.3182638,0.77313805,-1.2304208,0.9132591,0.3436268
0.6934636,-0.9239881,0.2520952,2.726825,0.08399576,0.36052355,-0.050665937,0.3055928
-0.4689948,-0.9292252,-0.57772756,0.50393385,-0.6340731,-0.1832298,-0.05901574,0.5727598
0.47795576,0.25646862,-0.26273268,0.7768807,1.4314982,-0.07117745,0.41076994,-1.0735619
-0.0582441,-0.073574126,-0.49955958,-0.43250892,0.19207962,-0.095459566,-0.038798347,-0.08111388
0.016436782,0.1005761,-0.5891844,0.2925406,1.5273807,0.43565664,-0.97882897,0.041270487
0.8291663,-0.35580087,1.0217831,-0.14199069,-0.9432818,-0.24366075,0.004418988,-0.09472392
-0.95336545,0.83573264,1.1146824,0.31883076,-0.20186916,0.39161482,0.9490966,0.4172108
0.18101779,-1.0230058,1.1804595,1.130454,0.27899408,-0.2563676,0.34295103,-0.54506713
-0.7331006,0.7614606,0.2689501,1.0371917,0.056721322,0.46161336,-0.5472873,-0.29638085
0.30491444,-0.7122183,-1.1291853,-0.33532038,-0.15064658,1.5972856,0.6105822,0.96818334
1.7651311,-0.26543352,-1.2746407,0.63492954,0.6245595,-0.12600648,0.37590605,0.79670465
1.2737763,-0.17981859,-0.2722844,0.7527949,1.4882473,0.9283528,-0.71147084,0.76540077
1.253667,-0.06618889,-0.37816226,-0.26373848,-0.96680355,0.04841678,0.22139838,-0.27478528
0.2180239,-0.34292683,-0.3864335,0.8416882,-0.4531109,-0.012609223,-0.52786154,0.23861155
-0.15215808,0.32020894,-0.12121491,-0.52337164,-0.65679824,0.10611948,1.4497825,0.017859656
-0.3962925,0.19554217,-0.44374853,-0.6777048,-0.035212047,0.37701198,-0.13166817,0.88127935
1.4058067,1.1619183,-0.68864685,-1.2743357,1.4161679,0.44365224,0.54326004,-0.31225172
1.0303565,0.6279369,0.3564755,-0.8021032,-0.6574334,-0.74365056,0.68195194,0.37630835
0.7413699,-0.5267762,-0.69290876,0.6806694,1.8650279,-0.24314281,0.21760252,0.15666491
-0.088952966,0.14671656,1.4764978,0.14112522,-0.94127005,-0.1874053,-1.0410204,-0.28757417
-0.09789225,-0.6077421,-0.082744345,-0.2500788,-0.03360838,-0.8703612,0.072442606,1.3828388
-0.21975502,1.9533422,0.64086527,0.14091893,0.39629564,1.1540773,-0.9548294,0.11527164
-0.6357593,-0.26240712,2.4343545,-1.0800618,-0.029853579,-0.46343824,-0.03773551,0.7187735
-0.7415915,-0.6666199,1.1930176,0.81676894,-0.17024721,-0.16180857,0.8520734,0.0022679642
0.7214147,-0.7369443,-0.5536149,0.03267674,0.815756,0.8238799,0.6209031,-0.15586305
0.6813861,-0.2941771,-0.27128404,0.13650088,-0.10329211,-0.9062912,-0.0016188342,0.20086592
-0.199963,-0.7332466,-0.81619936,-0.53423625,-1.0340389,0.16041507,0.3943298,0.6814058
0.6579715,0.7789239,1.0856661,-0.04333141,-0.3115604,-0.77951664,-0.23058255,1.4002259
0.76043653,0.056519452,0.33410704,-0.031219605,-0.24562746,-0.13307664,-1.4723754,1.1236746
-0.6417816,0.58182377,1.0031351,-0.22759174,0.27815306,-0.4296216,0.038332824,-0.010408014
-1.5204738,0.84115326,-0.7391139,1.0672498,1.0531801,0.7378202,0.7044978,-0.2431849
-0.42671382,0.79044896,0.47497228,1.58999,-0.6932318,0.055556983,1.0168625,0.060178507
0.8964203,0.47786647,1.3356688,-1.4108307,0.29062992,-0.4744853,-0.7292211,1.2190177
1.4263332,-0.31631398,1.0521843,-0.896738,0.13098875,-0.1872539,0.08604647,-0.5582757
0.09561685,-0.98741525,0.6804493,-0.3586203,0.28754747,-0.5071523,1.1990339,0.21807581
1.093077,1.3971968,-1.050161,0.28025556,-0.4928907,0.7968766,0.34146693,0.6886493
-0.6192359,0.51880884,0.095990255,-0.87279046,0.5433283,0.94089514,-0.30777627,-0.25228435
-0.9963306,1.2812405,-0.028485952,0.11244184,-0.2631824,0.24306168,0.2428296,-0.69486856
-0.8255514,0.6036703,-0.5301799,-0.5235643,-0.07249797,-0.06303643,1.2706577,0.01120016
0.17317447,0.035387464,0.27188203,-1.0676397,-0.56335044,0.8620845,0.76544255,0.32161278
0.7492543,-0.28539163,0.40280414,-0.359532,-1.3896784,0.5732118,0.84086144,1.003695
0.40723726,0.38309354,-0.16943187,-1.194762,0.16569883,-0.8599621,0.26044866,-0.04405588
0.005532507,1.5814021,1.5479351,-0.20189475,0.1512594,1.2722697,-0.37824744,0.6723688
0.16238555,0.9360046,0.608638,1.061297,-0.47737005,0.34002984,-0.78889376,0.31068227
0.7432395,0.85153073,-0.25292632,0.9382601,-0.1030766,-0.46762136,-0.8049608,-0.3951203
-0.30686563,0.118763074,1.6106875,0.95617527,-1.0706586,-0.7485235,0.3094714,0.8400536
0.74834573,-1.2411045,0.8300951,1.954801,0.7662546,2.320959,0.07696374,-0.46160927
0.39195946,0.20425673,0.3268098,0.53016114,-0.28436026,-0.7943777,-0.092258364,1.1528182
-0.32353944,-0.088024884,0.70493007,-0.90734476,1.3033049,0.28859842,-0.03318628,-0.16931471
0.33272713,0.41771513,0.87549555,-0.54746264,0.49924368,1.4293463,1.4410049,-0.03411644
-0.8355752,-0.9881298,-0.12390724,1.0546932,0.6541785,0.18208529,-0.5376805,0.6786622
-0.44457233,-0.9724798,0.39585847,1.9088879,-0.4054868,1.1428316,0.9562771,-0.071980275
-0.6077106,0.34875143,0.43851697,-1.0314178,0.5391429,0.639998,-0.1304625,0.86268824
-0.2637882,-0.3686008,0.39138412,-0.27732825,-0.3783211,0.21304388,0.84426415,0.8028427
-0.19207856,-0.08221805,0.93425083,0.670199,0.4529794,0.49776873,-0.29945168,-0.4850882
-0.20156315,0.74752086,0.24326691,1.5245721,0.5306718,-1.5642557,-0.98649114,1.3386649
0.23988211,0.1391617,-0.22890553,-0.46535096,0.2586096,1.3791107,-0.9492198,-0.072804265
0.10435949,-0.4488539,0.43415958,1.2516217,2.7126095,0.38727698,-0.9544927,0.6771321
-0.39226848,-0.32614323,-1.0909928,1.0328482,0.57994866,0.08993643,0.9377289,-0.29840505
0.4210409,0.6984161,-0.18701252,0.2240984,1.0311481,-0.39678508,-1.2476283,0.40994868
-0.72156435,-0.22343178,-0.706679,-0.5294265,-0.03529474,0.18784556,0.16587971,-0.32727864
-0.6465814,-0.5825661,-0.20792139,1.0129205,0.016102873,-0.8176458,0.0970273,-0.0905722
-0.8775167,0.25864324,-0.36260787,-0.73701525,-0.12941727,-0.60331166,2.4933076,0.031688783
-0.78790647,0.52564615,-0.4957388,-0.36644927,-0.10388567,-0.7258691,0.25716874,2.3171546
0.59251374,-0.20319556,0.339576,-0.42797554,-0.10759383,-1.2596313,0.274466,0.4109556
-0.10012183,-0.0874809,1.5249416,-0.19779126,1.9000514,-0.2996476,0.20433265,0.2211527
-0.7292463,0.29652146,-0.322818,0.6100029,0.5000523,0.17272846,-0.15469818,-0.07521836
0.8548308,0.24537781,-0.50912356,-1.2966738,-0.30375904,0.22035079,-0.511768,0.72030914
0.3689293,0.030306503,-0.68835825,0.69235575,0.040440995,-0.70545334,-0.063363306,0.5196982
0.29451942,-0.48810875,1.577578,-0.19435836,-0.5817825,0.5952574,0.81614274,1.3161377
0.8462225,0.6049309,1.1238531,0.37033096,-0.06713809,-0.6674243,0.48339522,0.46728846
0.23375714,0.054395657,-0.5891981,0.41772768,-0.68005085,-0.4519473,0.1381407,0.71861917
-0.09000943,0.24062431,1.340398,1.6425568,0.92706907,0.36056325,-0.5350453,-1.3379487
-0.48459643,0.5341212,0.55025244,0.7406285,0.14055464,-0.37544885,-0.4815402,0.6101573
-0.41083515,1.0439137,0.30291194,-1.5931432,0.7335843,0.8599053,-0.2190076,0.038564704
0.47335404,-0.45055574,1.1073991,-1.4322225,0.30210307,2.0027032,0.69310343,0.3710073
-0.48037767,0.45598176,-0.19815946,-0.2754126,0.7847865,0.37941888,-0.9695832,-0.086178936
0.52215505,0.12323533,0.71815395,0.34337378,0.348617,-1.0739518,-0.931609,-0.038144335
0.34289923,1.7915702,-1.9101603,-0.045266565,0.11363631,0.29660237,0.24199112,0.7436235
-0.4517727,1.2239373,0.45658836,0.4725956,0.45111942,-0.7947907,-0.120103955,-0.19124925
-0.20564047,0.61940664,-0.9188731,0.15676126,0.016989574,0.2604497,0.8597505,-0.73476064
0.31484765,0.4099062,-0.18030784,-0.48057798,2.2590823,0.5861667,-0.57335186,0.04029811
0.38722607,-0.00644375,0.08228769,0.72619367,-0.6982508,-0.55487,-0.32464588,0.21061203
-0.20105794,2.6916614,-0.81936246,0.045544516,0.61993617,0.05717109,0.4182658,1.1563016
-0.32338536,1.7195132,0.73254865,0.3347985,0.6236665,-0.47763398,-0.29874533,0.014187906
-0.8971573,0.35481685,-0.45581046,0.9376107,0.8365025,-0.08364079,-0.77234066,0.08308032
0.007989898,0.76819164,-0.74311095,1.0187224,-0.7020505,0.7883738,-0.8711628,-0.45615128
0.20278144,0.24571504,-0.38462505,0.6674641,0.46544316,0.55735606,0.50584674,0.4996916
2.5348537,1.5950887,1.1915218,0.6079953,0.32958683,1.177696,0.61024946,-0.48762843
0.5786612,0.696211,-0.46409792,1.9206934,-0.2059481,0.17579202,-0.2725855,-1.2428489
0.10549066,0.39612135,1.0315651,0.4744464,0.059095047,-1.2901419,0.44325942,-0.31988993
0.28150848,0.19202419,0.76951724,-0.9434848,-0.99164104,0.05593569,1.2191188,1.7844888
-0.1569784,0.16903459,-1.3003461,-0.3303353,1.1160129,1.336067,0.14439067,-0.08601508
-0.56816185,1.1501338,-1.2055244,1.3802785,0.019639555,0.40127507,1.0436395,-0.40445882
0.28226328,0.33890945,1.0696452,-1.0012487,0.84309137,-0.5470913,-0.8682761,0.575524
1.97593,-0.50561345,-0.095960766,-0.37822366,0.9166323,0.27675962,-0.6919438,-0.44027033
0.29889068,-0.5026688,0.07304155,1.6822624,0.39316094,0.089267805,-0.5150731,-0.38821468
0.81682205,-0.29208362,1.3067632,1.8414742,-1.1277157,-0.088737346,1.4626974,0.22587463
0.24655059,0.31801274,1.1048807,-0.54480875,0.83223385,-0.71323735,0.5144574,-0.339004
-1.3878796,-0.63742083,0.46507585,0.37568387,1.4586167,0.43610623,-0.613537,0.22191349
-0.020433672,-0.8137275,-0.38025504,0.35755718,-0.81670076,0.5525108,0.3129812,0.8214195
0.6910374,0.97912866,0.5996441,-0.53574944,0.56011665,2.017503,-0.48276308,0.9473615
0.047750533,0.55081135,-0.08885459,-0.8310247,0.35225773,1.7544792,-1.1700867,0.7033077
1.8739407,-0.34536344,-0.51194763,0.7736939,-0.5511058,0.40946203,0.6436989,0.51806563
-0.15686193,-0.039757572,-0.21506143,0.6556897,0.2215936,1.0627915,0.715642,0.09223519
0.5186166,-0.40589523,1.1442977,1.8982247,0.49180675,0.7124857,0.0055583715,-0.29229492
0.08580446,-0.17817111,1.4996552,-0.31721944,1.385318,-0.13269167,-0.46824482,0.65984386
0.09528285,-0.29564145,-0.6904086,-0.042467717,-0.28288928,1.1844963,0.5543246,0.43682405
-0.2390674,1.0126078,1.416876,0.15042962,-1.0682173,-0.70421314,-0.7076185,0.37402153
0.07624503,-0.017806634,0.7587852,-0.4047828,-0.47542226,0.5013972,0.2839412,0.14376037
0.08965148,0.070513725,0.70122105,0.035443675,0.63060164,-1.217534,-0.3053134,0.036194105
0.50099844,0.2927976,0.06507622,0.5380401,-0.65223396,0.90320194,2.1280127,0.60175806
1.1755692,-0.28145137,-0.35448238,1.33669,1.3610604,0.02585979,0.25709054,0.7925815
0.54847044,0.56388587,0.02945618,-0.8575386,0.3863103,-0.7367915,0.8335131,-0.18786171
-0.8537635,0.60599226,-0.12605216,-0.91809916,0.9126834,-0.57104015,0.75720584,1.320658
0.29150495,0.042374685,0.3994556,0.7779284,1.0869604,-0.3088937,-1.5925905,-0.59008384
0.67171025,1.3822858,0.42656708,0.6122855,0.30724436,0.2936453,0.31538993,-0.67759997
-0.42347768,1.5046065,1.1814057,0.19464041,-0.25147524,-1.2597779,1.2916559,0.46187827
0.24218285,-0.9072331,-1.0827389,0.6790989,0.6260505,0.21288076,-0.28647283,0.72697943
0.57910794,-0.20580426,1.1398458,-0.1031277,0.99702865,0.1938216,-0.75476736,0.9372797
0.2725122,0.6327557,0.7175693,-0.15138024,-0.35433862,0.35785842,-1.4763685,-0.5413264
0.5554959,-0.057715673,-0.78067565,0.44789734,-0.87813675,0.61842626,0.07620549,-0.18416971
-0.1257244,0.40721402,-0.32509407,-1.1874387,-0.46694574,-0.05220072,0.062341396,-0.052260324
-1.4267365,1.0730754,0.9666153,-0.16879584,-0.14555606,0.10678225,0.28569174,0.34744945
1.6768066,0.8129238,0.45793632,-0.9246007,0.72419554,0.29201716,-0.8846279,0.011648774
0.56996125,0.04192602,-0.28864363,0.0086537525,-0.92559695,0.51375103,-0.56435424,0.7820071
0.4067611,0.6619977,0.6374713,0.49327898,0.17124511,-0.92729026,1.0292568,-0.4620987
0.19708788,1.3312197,0.955876,-0.72428614,-0.57362175,0.07304959,-0.72881645,0.11377864
-0.5677565,-0.33450225,0.16843891,-0.13777545,1.5489625,-0.15660098,0.32904664,1.6705303
0.106965415,0.3298349,0.61860156,0.09171109,-0.3349033,-1.0326564,0.9731909,0.9926623
1.2720302,0.8247023,-1.2089565,0.48912007,-1.3174621,0.45825994,-0.22689089,0.21307656
1.1760936,0.9938265,0.7870932,0.35885206,-0.08354007,0.5896178,-0.37291428,-0.13863039
0.020264283,0.51002437,0.6538997,1.025269,1.840004,0.09354388,0.15710104,-0.13153836
-0.9667866,0.14924046,-0.38787976,0.5208785,0.29255468,0.18989135,-0.32672423,-0.2964633
-0.20048937,0.15896426,-0.4340652,0.41314733,0.2776648,0.27884924,-1.1332924,-0.5987152
-0.17507079,0.3005619,-0.101062804,1.043988,-0.44908953,-0.43401182,0.27449107,-0.70594084
1.3238258,0.8841345,0.76973015,-1.2294677,0.5351505,0.38633353,-0.38801053,0.61100465
-0.40693492,0.48712915,0.73769784,1.0738181,0.14763647,-0.5585474,0.5833353,0.2110396
0.4467343,-0.3083973,0.84538734,-0.43037528,-0.27472955,1.3921808,0.5379376,0.10445744
-0.23417294,-0.8960031,0.15764552,0.019292329,-0.25019446,0.5362908,-0.71509725,0.5738151
-0.6767104,-0.06302716,-0.27991065,-0.644851,0.95812035,0.4827008,0.92547226,-0.56481487
-0.6448563,0.91023004,-0.11520043,-0.42012003,0.5159504,1.7672477,0.5881162,-0.42085537
0.37108567,-0.09082177,-0.018041892,0.09012019,-0.35299748,-0.18715043,0.79674244,-1.0150857
-0.8985242,0.36959052,-0.6604275,-0.5031984,0.5360986,0.55517405,1.4099846,-0.6736053
-0.36632732,-0.51498455,0.24499315,1.2587459,0.07543414,-0.5349999,-0.38994032,0.8002413
0.75765634,-0.52250373,-0.3617099,-0.8340406,0.056183852,0.25604185,0.045570288,0.5805813
0.49077162,1.9212046,-0.514482,0.23316605,-1.3386903,0.71269226,2.2771564,-0.0023820475
0.1043601,-0.912934,0.47083485,0.51607996,-0.3768759,0.6593916,-0.12434514,-0.26187232
-0.781422,0.016614983,-0.7172648,-1.4598138,2.1589658,0.368864,-0.032558445,1.0115098
0.7355662,-0.5246461,0.6998358,-0.6422735,-1.7340666,-0.49410823,0.6287039,0.8901476
-0.120349504,-0.11570902,0.06458908,0.58957285,0.8397596,-0.859119,0.80150414,-0.28583443
0.554398,-0.97307545,0.7807778,0.062149994,-0.45776212,-0.3832995,-0.40832618,0.5080586
0.37270334,0.0674365,0.5116355,1.0356215,-0.7624248,0.8982288,-0.69248503,0.36045536
-0.66267216,0.7208091,-0.7279634,-0.2153288,0.9272289,-0.440953,0.5074364,-0.1573787
-0.22936434,-0.8078258,0.56600994,-0.118956596,-0.41490436,-0.64153975,0.51748765,0.27402902
-0.6040998,0.2156794,-0.7089509,1.223179,-0.036739588,0.66331804,-1.3313615,-0.4643273
0.31640026,-1.3201789,0.15240863,0.7384208,-0.59594697,0.92438287,0.35972476,1.100693
-0.0835826,1.1927903,0.35208464,-0.6938026,-0.06169637,0.8129463,1.6224891,0.3995583
0.75091493,0.8592647,-0.7506042,0.03700637,-0.072349064,2.6421523,-0.55723846,1.6411992
0.2059674,0.8289624,-0.12906009,0.022600353,0.5665057,-1.3499745,0.41858652,0.32176742
-0.023349456,-0.67328733,0.9800657,0.6005894,-0.34376374,0.5521137,-0.9032155,-0.4442704
-0.5332198,-0.19263381,0.08214338,0.22963004,0.40102807,-0.3296708,0.3305883,-0.011886559
-0.06867335,-0.09715289,-0.6523973,0.08575317,0.9071092,-0.7037652,0.50953144,1.0531777
1.0275195,0.39252833,1.118725,0.40815637,-0.048756197,0.04764367,-1.3220081,0.28559422
1.5245342,-0.043178204,-1.6396147,-0.085023284,0.7144504,2.357095,1.0379424,0.037457883
0.09670723,0.48118725,-0.041050963,-0.802933,0.44729683,-1.4859399,0.34466228,0.548071
-0.05479186,0.30999053,-0.23755571,0.19234918,-0.16356882,-0.61426675,0.72991,0.7865663
-0.09043721,0.91151625,0.73626953,0.6489199,0.28373617,1.2419679,0.26931098,0.22715929
0.34911335,1.4385759,-0.21733075,0.060291685,-0.46836588,0.25772843,0.6983318,1.3175589
0.5918237,0.67591673,-0.40743554,1.2785773,2.1036022,-1.330018,0.17117178,1.0302643
0.5754994,-0.05418698,0.024590999,0.28034365,0.3373283,0.06358258,-0.46965888,1.3363631
-0.031854957,0.49268177,0.82055473,-0.6307653,-1.0325459,-0.25473613,0.33840278,-0.25215438
-0.25192165,1.3331934,1.4443384,-0.60885733,-0.21127185,-0.25438285,-1.7478354,-0.30903977
0.76642746,0.7943952,0.399376,0.6144199,-0.47760582,-1.321049,0.4270869,1.0032804
-0.290081,1.0517262,0.34094697,0.37788573,-0.041470528,-0.16844122,-1.9080523,0.1709578
0.07088879,-0.111384645,1.6161326,0.27578184,1.1286775,-1.3748815,1.0690378,0.021012254
-0.7490107,1.1285013,-0.4763494,0.86288637,0.46640134,0.50944597,-1.0700886,-0.111773916
0.8648087,0.598083,0.44163674,-1.0281135,-0.1996187,1.3372519,0.87823355,-0.73388004
-1.6906102,0.5408813,0.22823083,-0.36856303,0.6540544,-0.1985655,-0.40637103,0.6779734
-0.5071995,-0.7876198,1.4390074,0.9964881,-0.058444478,0.97965676,0.55800855,0.87286633
0.95618385,-0.22025058,0.7392397,0.6398429,0.196671,0.58035135,-0.028042028,-0.2043207
1.4490626,0.042030975,-0.39899984,-0.08311097,0.15729639,-0.18674536,-0.2525187,0.23327732
-0.58355284,0.6267172,0.46258655,0.05703727,-0.6103223,0.19997177,1.243048,0.6708665
1.4762533,0.5277737,-0.6667063,0.45067585,-0.54903126,0.92244756,0.781199,-0.5489726
0.49564433,0.3954939,-1.0141467,-0.32193974,0.40506628,0.48490962,0.414436,0.52689916
0.9471417,-0.77641124,-1.3492148,-0.5558865,0.38378042,0.38916865,0.9076949,-0.0298528
-0.562396,0.20142089,-0.44603708,0.34689525,0.121594466,0.13556546,2.2607887,0.28667915
0.051592324,-0.16373384,-0.20112911,1.6638439,1.1786338,1.1554132,0.8859967,-0.011187784
-0.067118175,-0.3935262,-0.308268,-0.6261937,1.0672953,-0.8131355,0.3404723,-0.118859224
1.6323426,-1.1952382,0.13197222,-0.76313037,0.6285026,0.96529675,-0.011688411,-0.28735685
-0.2923961,1.5577104,0.86088043,0.7028095,0.7368099,-0.15155679,0.06770393,-0.31245086
-0.047194444,0.65133846,1.5117515,1.046773,-0.2219741,-0.90196794,0.81764334,1.1418208
0.7022841,-0.3565388,0.0975421,2.1881702,1.141397,-0.9868581,0.38345742,0.55427146
-0.80516946,0.12452808,-0.7519023,1.0455335,-0.33207944,0.9730178,1.5079522,0.9640441
-0.52584696,-0.2300538,-0.85048556,0.11884074,-0.18160182,0.5101115,0.4508241,1.5605493
-0.35580233,0.079196945,-0.8013769,-0.44554004,-0.14089306,0.4729636,0.14797634,-0.30288827
0.90563595,-0.89125544,1.6399186,0.9947201,-0.16703214,1.5975381,0.17200759,1.0327313
1.4597616,0.14446695,1.8968308,1.202697,-0.27861863,-0.5828792,-0.52739793,-0.6462889
-0.2452681,0.3135652,0.5688773,0.33445734,1.0827826,1.607934,-0.30792275,-1.1169236
0.03567201,-0.07982513,-0.46875593,-0.063587755,0.5959962,-0.20166267,-0.31137022,-0.32091036
0.6558389,0.78956705,-0.58820385,0.29413295,0.6995987,0.38396966,-0.7352989,1.4027199
-0.20595118,-0.8657359,-0.7941925,-0.08089012,-0.34684148,0.120884545,0.8633378,1.5765805
0.29923013,1.0670267,-0.75366455,0.94170177,-0.13397388,0.43797788,-0.71922344,0.59725463
0.29834208,0.38135135,1.4231462,-0.0067383796,0.15123229,-0.3620623,-0.37690005,-0.40668687
0.3393101,0.93816346,-0.5439859,-0.8210963,0.2558844,-1.0361276,1.0781059,0.3852097
1.1793807,-1.0662884,-0.51303387,0.47864497,0.70023495,0.87982523,0.15117261,-0.063288085
-0.8249611,-0.09847242,-0.76727635,0.9547595,0.947051,1.5953146,0.8331444,0.76095676
-0.72537667,0.5188543,0.8701777,0.96482915,0.442922,-0.300785,0.681365,0.027794506
0.7888247,-1.214368,0.5577177,-0.95099366,0.3522143,0.282758,-0.06927663,0.33126277
-0.2525668,0.092373,-1.1316451,-0.13527338,-0.8888949,-0.6908819,0.2604173,0.96423185
1.8164202,0.03302233,0.06776604,0.25081584,0.8195893,-0.28595743,-0.18008767,0.66340333
-0.2705039,0.4576784,0.6816064,0.41837475,1.7016268,0.22299838,-0.33890817,0.35003954
-0.7285936,0.9643561,0.9369623,1.1035243,0.7380847,0.02688445,-0.8548613,0.60256803
0.07857388,0.18961598,-0.08197087,-0.14859709,-0.44198298,-0.8483079,0.10549939,0.323844
0.7661373,0.37376073,0.28976497,0.1478932,0.58310205,-0.35428295,0.49394453,-0.5446394
-0.5626752,-0.57102376,0.8953584,-0.11093211,0.5603281,-0.8042542,0.6645222,0.4770783
0.19491443,0.20605482,-0.920623,0.34392357,-0.10172728,-0.57189775,0.81908053,-0.5989844
-0.22546422,2.1576667,0.50402445,1.0707777,-0.2350845,1.5463036,0.18411548,0.2732181
-0.08062797,-0.85649854,-0.6303799,-1.4986231,1.2104876,0.53330374,0.37370804,0.6489894
0.47014776,0.2446324,0.6433912,0.63814074,1.5142487,-0.7221823,0.041514087,-0.92656696
-0.62202877,0.44641542,0.6211338,-0.3903842,0.52203363,0.5913652,-0.5872786,0.4377829
0.28726345,-1.2690507,0.74585193,0.84536284,-0.04840528,2.442236,1.3024917,-0.10162223
-0.095055394,0.7439301,1.2063347,-0.11395408,0.11581691,-0.1835356,-0.8732289,-0.50620043
0.5982106,1.1496277,0.99218094,0.30522102,-0.27291897,0.09845605,0.38785437,-0.22711375
0.26239532,0.49777308,-0.859555,0.55787504,0.26375303,0.37077305,0.5590724,0.7973884
-0.2120814,0.6622424,0.56573015,-0.79544276,0.13561624,0.61615115,0.10055293,1.0017669
0.5583046,0.90691745,-0.179685,-0.27236265,-0.72659695,0.6395755,0.008087203,0.26520523
-1.3752146,0.673713,2.0601976,0.17372467,0.11045341,0.034121443,1.2027843,0.3800443
0.4108024,0.7558532,-0.5163527,0.7577864,-0.11148616,1.5303146,-0.40786347,-0.54667956
-1.0034394,0.013218485,-0.422757,-0.21478154,0.86582124,0.3489738,-0.3788118,-0.08583584
-0.9132933,-0.14748503,1.3859408,0.97157,0.75379103,-0.79666936,-0.86687165,-0.7585881
-0.5101703,-0.38115588,-0.6980816,0.22763997,0.026302356,0.26059362,-0.0038110968,1.5611168
1.1480534,0.36798617,0.13187438,-0.22363053,-0.08147243,0.541021,-0.19707337,1.7072023
0.40085444,-1.1580516,1.306566,1.3172636,0.16148098,0.39042506,-1.0852176,0.72945076
0.95199186,-1.3933762,-0.2186681,-0.11199331,-0.7084373,0.74495393,-0.5948285,1.4763224
-0.4819858,1.7488261,0.09386812,-0.6069055,0.48897874,0.54424375,0.56747705,0.98658985
-0.3793707,0.43185943,-0.26897016,0.14876269,-0.30282828,-0.5672056,-0.313404,0.16943903
-0.4790523,0.904218,2.073148,0.00022380054,-1.13699,-1.3540126,0.39203346,0.7952076
-1.0992057,0.33694768,-0.08537275,-0.74908656,0.70987046,-0.66694224,1.6064558,0.9249474
-0.5997421,1.1190338,-0.49892676,0.7285357,0.37202406,-0.83619297,0.38695747,-0.38944423
-0.32296574,0.086692706,-0.70974636,-0.8854698,0.8500463,-0.24787745,0.36895445,-0.16734889
-0.16395456,0.22370262,-0.3986563,-0.8006702,0.70900106,-0.71760803,-0.25890848,0.842842
-0.16452962,0.91920215,-0.96348536,0.4365566,0.31138262,0.07468876,-0.7866014,0.38984284
0.61118805,0.14608504,-0.35391814,-0.79519075,0.75277835,0.2822465,-0.6188789,-0.047432333
-1.1139932,-0.27737182,1.0372881,-0.9743861,0.3271791,1.1614337,1.524528,0.42580232
1.400692,-0.17558244,0.8342126,2.224904,0.122695275,-0.8104677,0.03586423,0.43419343
0.4202411,0.60300666,0.21044657,-0.6936458,-0.68135244,-1.3129159,0.5607752,1.4662743
-0.20248401,0.6766334,1.014027,0.75076795,0.7996229,-0.60558563,-0.42798874,0.39969274
1.1675287,-1.4754732,0.65327984,-0.80995595,1.6919415,1.6636267,0.8666331,0.9826501
0.14361782,-0.6955348,-0.22564834,-0.049205754,1.0493797,-1.1238745,-0.2980418,0.6970231
1.7456117,0.085180536,-1.0869079,0.14019144,-0.80743206,0.10873716,-0.76272386,0.45519108
0.38690647,0.668301,-0.4347137,0.56343997,-0.16744226,-0.3356996,0.6322951,-0.055913217
-1.0359993,0.40847808,-0.15131482,1.0707376,0.050004166,0.8805106,0.34631902,0.42260003
1.9929068,-0.7312195,-1.3388515,1.3684843,-0.30995563,0.45193255,0.61234254,0.21224588
0.4758785,-0.86791795,-0.109846056,-0.9359952,0.21078187,-0.16007248,0.7002963,0.2993111
-0.29933697,0.46051124,-1.574467,0.4525672,0.49724174,0.9774112,-1.0281116,1.3121024
-0.27332187,1.2094921,-0.11306236,-0.6409022,-0.40199798,-0.9863001,0.53443635,0.87385607
-1.4497102,0.5112427,0.5897798,0.39331728,0.8000845,0.691657,-0.8853187,-0.6394126
0.3116004,0.23492241,-0.2650275,-1.0650536,0.62477386,1.1500949,-0.15092523,1.282048
0.19482094,0.26910472,-0.724898,0.64445144,-0.33830938,1.1764784,0.48539895,0.68415
-0.8285187,-1.2130659,-0.2965475,-0.6381137,0.8854319,0.40921605,0.93137604,-0.5901765
0.99936944,-0.016330976,-0.0928153,0.33322674,-0.44873175,1.0164411,0.98965025,0.86753017
-1.2611465,-0.9556403,0.17611822,0.33311445,0.3416045,-0.22121833,0.14188512,0.6866366
-0.28060514,0.45263198,0.41256785,-0.19068602,-0.32624876,1.0010616,-0.3947846,0.25878713
1.2112553,-0.1485149,-0.6969836,-0.22895922,-0.15899874,0.08742696,0.85413593,-0.21134838
-0.15611443,0.34356052,0.14505401,-1.0855255,0.84274924,0.05771192,1.9333416,-0.55821455
1.0026283,0.40638795,-0.70634013,-0.5879428,-1.2443095,0.2838491,1.0659875,-0.6992587
-0.21566054,-0.1582109,0.6730083,2.2597654,2.0245273,0.32473794,0.5454308,-0.32838547
-0.21266142,0.65198606,-0.38343602,-0.2617672,0.41375145,-0.53848463,-0.61398745,0.30983907
-0.26358238,0.33374736,-0.448297,0.39011303,0.08099317,-1.1306783,-0.043612726,-0.004903011
-0.1452955,1.2409627,0.001876872,0.9584729,-1.7527078,-0.3070993,0.20698498,1.159398
-0.3187559,0.040541515,1.7400217,0.6998438,-0.11666078,-0.20519903,0.24436043,0.2176188
1.2405355,-1.0347962,-1.1459999,1.2370336,0.11094056,0.17716797,1.1819069,0.14138776
0.4890991,-0.009865966,-1.0663607,0.95237654,1.3439186,0.09919413,0.31370628,-0.52661663
0.07624348,1.3595465,1.5997136,-0.01511744,0.27239814,-0.8549868,-0.32329053,0.06289723
0.30769482,0.1296622,-0.5597073,2.0605917,0.70627993,-1.1504412,-0.095321044,0.7519976
-0.47955847,1.2934957,1.6487064,-0.30365434,0.99221784,-1.2158158,0.4035776,-1.075024
0.1078563,2.3174562,0.15984946,0.31925854,0.412103,1.0152146,-0.67779255,2.213831
-0.43361783,-0.23206641,0.5030438,0.67095804,0.864579,0.5576436,-0.9910863,0.8471164
-0.2442503,-0.52860445,1.0173864,0.143765,-0.3362839,-1.2997441,1.3928285,-0.11509285
-1.2658452,1.9831183,-0.14669299,1.6616064,1.416452,0.45254016,0.47336882,-0.015680604
0.70449823,0.0034871232,0.6004347,0.5055874,0.9821145,0.60124826,-0.4215751,1.9219178
1.7656825,0.7888983,1.250816,-0.7695229,-0.26538244,-0.8319487,0.75503767,-0.20182309
0.59279495,-0.47478765,0.5678158,0.13573755,-0.23132026,-0.5030725,0.59997106,0.89576685
-0.10100479,0.8073564,-0.50460297,-1.5594978,0.4958921,-0.30862132,0.46161777,1.3584408
1.5765615,-1.1291767,0.30264786,-1.2108002,1.1533328,0.106239304,-0.2601641,0.040704206
-0.9358846,-0.8768397,1.040859,0.7224811,0.09366216,0.51934016,-0.3466916,0.33070505
-0.15277198,1.1596359,-0.18856603,-0.08008446,-0.49311432,-0.8917198,0.27013552,-0.4823012
0.25629476,0.058644883,0.8012648,-0.32422388,0.0014948286,0.10966889,-1.1162695,1.3174216
-0.016224213,0.5078739,0.45533684,-0.5030814,1.3215209,0.19888376,-0.4733016,-0.0013010502
0.5485987,0.27846876,0.7971124,-0.44945833,-0.6498018,0.7449329,-0.32749197,0.24992314
-0.4430561,1.8043698,-0.35033116,0.24691997,0.36112103,0.88476145,-0.9806545,0.25069356
-0.7138889,-1.0039891,0.22736332,-0.16468759,0.45894,1.3959258,-0.45167333,0.7214359
-0.16492853,-0.2892631,-1.0523696,-0.7473107,-0.08015948,0.76689035,0.7887815,-0.13317606
1.4571291,0.8804059,0.6848238,-1.2004089,-0.5994003,-0.39184788,-0.43593183,1.0571934
-0.1457724,-0.38531747,-0.6229118,-1.8696322,0.32928625,-0.7531408,1.6076046,1.5031302
0.47132513,1.2974771,-0.37003195,1.4688169,-1.4395499,-0.87596065,0.8207435,1.7128512
1.8513322,0.41199175,0.4095191,1.7373157,-0.4644658,1.1350428,-0.5656675,0.42106906
0.8107544,-0.62972176,0.5102619,1.6147301,-0.847647,0.35844693,0.9028685,-0.5210577
1.8553724,1.8634701,-1.558471,0.30649215,0.0063381316,0.6110953,-0.19216393,-0.11463823
-1.1212013,-0.4415564,0.85935134,0.7219089,0.09597583,1.142583,0.74918866,-0.7452836
0.5208828,-0.5605667,0.2584253,-0.42405754,0.108891755,-0.17692302,0.16012572,0.87723285
0.15858826,-0.57100034,1.6651928,0.17589994,0.19800586,0.79447114,0.11979331,0.091828786
0.9610899,1.1063354,-0.60755503,-0.00071029365,-0.014068752,0.7308132,-0.2279971,0.61072063
0.5442702,-0.03221395,0.012604751,-0.11141673,-0.67191255,-0.03951575,-0.12428497,-0.017895713
1.3938444,0.07413271,0.31849155,1.1190373,-0.5846349,-0.73459643,0.35462502,0.5802237
-0.22134867,0.6734931,0.70155734,-0.8789967,0.45760208,1.2778943,0.04535396,-0.7481193
0.32080787,-0.16804893,0.18146035,-0.3397071,0.261457,1.5518354,-0.22706291,0.91812825
-0.5136817,0.28367063,-0.067191795,-0.43973884,0.6471871,-0.22944728,1.5961066,-0.8710674
-0.6780998,0.31900305,1.3803959,0.6454162,-0.9940746,0.4959014,0.36493766,0.6863928
-0.113978334,0.33763292,-0.54312164,-0.56368876,-0.25946546,0.58210015,0.22610615,0.31871727
-0.86899257,0.27364585,0.4934381,0.41037714,0.23924153,0.28615043,-0.7773387,0.9674387
-0.7245371,-0.56282324,1.6527814,0.9183506,0.62589335,0.19131686,-0.6863106,0.59237075
-0.9605776,-1.118414,-0.10818586,0.55925727,-0.75884354,-0.1985485,1.4952604,0.71261734
-0.22892681,0.3151409,0.35558712,0.22243744,0.21423078,-0.04739876,0.26282665,0.14564541
0.15182835,0.4212957,2.0225697,-0.082633,-0.48778978,-0.54498047,-1.1883771,-0.2979821
0.19017118,0.068229586,0.42204922,1.0217649,-0.6736955,-0.618571,0.032194875,-0.16888547
-0.19701988,0.5249206,-0.28116605,0.8303886,-0.19074528,0.23085321,-0.5517447,1.651816
-0.18905696,-0.9091738,0.6108066,1.2402204,-0.84347713,0.860485,0.58394974,0.46937007
0.046005838,1.0021183,0.08054735,-0.60570604,-0.5368879,0.19613594,-0.7817213,-0.5834283
-0.38792402,-0.91960883,-0.7728432,0.009250235,-0.4262596,-0.22406244,0.09394914,0.5472105
1.3239537,-0.29830378,-0.5702313,0.16516306,0.35157922,-0.42271277,0.6396291,0.9874844
0.7854684,-0.6782413,-0.37445185,0.39525628,0.14589205,-0.06552255,0.4588303,-0.14041066
0.5336968,-1.2222537,-0.7638371,0.08421842,0.2073454,-0.70733976,1.5175527,0.8564287
0.26963648,-0.7047637,-0.6219272,1.0788151,-1.0227885,-0.03703562,0.26266733,0.8714385
-0.9191114,1.189316,-0.38948756,0.37494454,-0.14621249,0.19432792,1.0249611,-0.024199575
-0.51347446,-0.46275365,0.6046442,0.789714,-0.5516408,-0.3997998,0.024960972,0.27085707
-0.11355481,0.2306455,-0.51471096,0.64519364,-0.28686988,-0.66846085,-0.19273223,0.85461664
-0.12805897,1.1900777,2.0491114,-0.2604643,0.5168823,0.90942574,-0.11687325,0.038820606
-0.40023333,0.09619056,-0.36556178,-0.9516882,0.8206738,0.52010804,-0.38197768,0.0055588484
-0.5346479,0.29852077,-0.30738878,-0.39427972,1.0445596,-0.92581135,0.5649182,0.46862298
-0.0138964355,-0.2316175,1.5181882,0.2568688,-1.0670625,-0.050329216,0.30192697,0.57324386
0.17371927,0.11083493,-0.5573305,0.3049484,2.1142857,1.1600953,-1.233205,-0.21641505
0.7904976,-0.51146364,-0.041656695,-0.98399115,0.12626228,-0.5513905,-0.038421012,1.1076939
0.826406,0.27722958,-0.34737182,-0.2337734,-0.25933874,0.18787663,-0.8636075,0.23856413
0.0606269,1.1388125,0.3758078,-0.5974365,0.5740532,0.23979422,1.0065662,-0.57528543
0.22539511,0.4578432,-0.043978486,0.5203356,-0.24201255,-1.360663,-0.073857546,1.0029442
-0.06033186,0.67061555,0.23510092,-1.145306,-0.21050474,0.2697432,0.59074956,-0.0389494
-0.75315136,0.28738573,-0.6872008,-0.64822364,-0.5846341,-0.3183129,1.0412587,0.8830041
-0.025842197,-0.5823955,0.70463246,-0.4330148,0.13396256,-0.9166845,-0.08451422,-0.13656041
-0.21676955,-0.24513946,-1.3435084,-0.6069038,0.779055,0.37563327,1.5202739,0.40644476
0.044497985,1.3015969,-0.27396145,-0.5828844,0.12699717,0.80153024,1.7277393,-0.16197786
0.48443922,-1.3873663,0.32400998,-0.43256667,1.3935968,-0.015107909,0.18148646,0.35704437
0.6097077,-0.6209431,0.8824155,-0.062031653,-0.33775344,-1.0886616,-0.16469239,0.84568053
0.17058691,-0.04972328,1.6391102,-1.0580884,-0.34133935,0.2684002,0.40415868,0.19001946
-0.8389952,0.28656173,1.1822261,0.34101504,-0.06354819,-0.21283709,0.11938448,-0.42408746
-0.6957579,-0.6209725,-0.2611745,0.1621288,-0.8003483,0.0866714,1.6097022,0.2313694
-0.19448352,-0.4432765,0.39218983,-0.9681325,1.1873071,-0.2153458,-0.24265726,0.8790667
-0.13324362,-0.1706514,-0.81348777,0.67692006,0.873059,-1.5839272,0.09078972,0.3729295
0.27040175,0.62201107,-0.5006073,0.069224656,0.7191985,-0.6665061,1.1997486,-0.34945017
-0.240183,1.351537,-0.09184274,-0.8412804,0.36114004,0.15658332,0.88408834,0.3887229
0.5148546,0.032864317,-0.07855852,0.061770353,-0.8302196,-0.3404246,-1.3231102,0.21141332
1.289563,0.38479602,1.4478642,-0.36589098,0.8840719,-1.6005025,0.73525625,-0.5387524
1.4020922,-0.82756627,0.12529716,-0.41142434,-0.45194188,0.6049894,-0.43581465,0.97474945
-0.65360737,-0.054075297,-0.9850177,0.44762766,-0.5651363,0.96145403,1.3637189,0.45183298
0.13857418,0.08131695,0.035094615,-0.41367894,-0.05708762,-0.87851167,1.3100436,0.048492078
-0.8947094,0.6436451,0.6223904,-0.53514624,-0.17401159,0.47340292,0.37623674,-0.44084606
0.4488909,-1.0109488,0.07462182,-0.29527897,0.48524907,-0.8524775,-0.15238371,0.6836276
0.38038927,-0.09831706,-0.80525744,0.13479789,-0.22992659,1.7807144,0.68631023,-0.24354446
-0.5823535,-0.769249,0.020546313,-1.3708311,0.84601426,0.10299253,-0.36903298,0.6364975
0.47222993,1.2307332,-0.08726993,0.07330348,1.0707484,-0.509471,0.33510673,-0.20440069
0.09677775,-0.002174439,0.07205514,0.95527065,0.64107865,-0.7347767,0.70692074,-0.22669652
0.084841624,0.16296823,0.6575857,1.0909528,-0.45676008,-1.6942466,-0.7090366,0.9072076
0.86724174,-0.39882347,1.2882494,-0.8080166,-0.89490473,-0.058022685,0.030972429,0.08410339
1.9212956,-1.3948357,-0.24850819,0.2132195,1.1958642,1.1513815,0.8049281,0.57977784
-1.4867193,1.0063353,0.28547287,-0.1728181,0.84425044,0.6827137,-0.6100768,0.90201586
-0.8466912,0.90321994,0.67253476,-0.6377959,0.5987614,-0.7098849,-0.7970463,0.12739143
0.38026246,1.9500262,-0.5569152,-0.51331556,0.35679588,-0.45369756,1.5272741,-0.9809062
0.6381597,0.5659352,0.14930642,0.3544668,0.29775757,-1.1486439,-0.5007586,-0.65649647
0.19361055,-0.54895806,-0.42076302,1.4558097,-0.3398115,0.36140138,2.037313,0.65344495
-0.9985765,0.9657849,0.3116784,-0.41169533,0.0917725,0.5716688,-0.3124066,0.05680768
-0.4248263,-0.66531414,-0.5392609,1.055346,-1.0967665,-0.17046341,0.36817676,0.74360496
-1.4415779,-0.34290898,0.9153943,-0.121910065,0.40679348,-0.0058740657,0.19137767,0.34084588
0.38711506,1.8669525,1.2535253,-1.1528661,0.6417528,1.5233378,0.90242213,-0.6686323
1.2743719,0.9042886,1.2407846,-0.11748843,-0.018899433,1.615909,-0.91446,-0.3622661
0.6302183,-0.30582032,-0.19934326,-0.008953132,0.36961278,0.5199064,-1.0519209,0.4738913
0.6149115,0.2724383,0.5448763,-0.6947624,-0.58426064,0.107038595,1.2739085,-0.28379416
1.325819,-0.075829625,-1.2392718,0.7891512,0.06512241,-0.30832687,1.3258455,0.40724364
-0.8742307,-0.38628402,0.116124906,1.610987,0.718562,1.5245533,1.0487928,0.5902817
0.15546872,0.32616383,-0.12406507,-0.24433394,0.38807628,-0.6252905,-0.63882226,-0.33787042
0.24832973,0.28418204,1.9422855,-0.69944775,1.2166725,-0.31954715,1.3857166,-0.22369277
-1.118569,-1.1449922,-0.49172765,0.35416082,0.4910407,0.15900533,0.47388464,0.7045148
0.31814036,1.0685588,-0.5599468,0.70393777,-0.63876486,0.4678735,0.7265051,-0.85449535
-0.69236296,-0.25426927,0.4909117,0.04901779,0.6055376,-0.26232615,1.4519292,0.13153495
0.9075307,-0.15317193,-1.3502958,1.0501219,0.34820166,-0.2785251,0.97316587,0.0049184486
0.31687942,1.593955,0.63899,-1.3423935,-0.6951661,0.47416735,-0.9341601,1.0109959
0.47498664,0.6071271,-1.196476,-1.2242547,1.3376272,1.1169183,0.30484378,0.9123355
-0.53927964,1.0094334,1.5549209,0.9804085,0.32078156,-0.8961752,1.1787816,0.21642643
0.9866716,0.2889424,-0.44832042,-0.37426582,1.3364186,0.8295804,1.2126497,1.3263035
0.7052479,0.02278297,0.22757581,-0.22161879,0.59724146,0.6784352,1.4490367,-0.19036055
-0.23582676,-0.011267316,-0.6291427,0.30748072,0.65503925,-0.45473537,-0.08580174,-0.2750017
-0.5517648,-0.83662957,0.6088479,-0.9144219,0.24101205,-0.21764466,0.1171446,-0.07208497
0.050195783,0.22629097,0.27459368,0.1771662,0.11390283,-0.68554056,0.09671639,1.5665208
-0.8331032,-0.27067444,-0.19187549,0.97847104,0.53113645,0.7158698,-0.14260252,0.784896
-0.32480118,0.7683516,-1.2897323,1.4016638,0.78841573,-0.045192793,0.7106757,-0.18701816
0.62226534,-0.0986066,-0.6464212,0.042728297,-0.4469006,-0.59157825,-0.017039005,1.2007978
-0.20595452,-0.20770982,0.003003832,0.60441524,-0.12904148,0.1637872,0.4379287,1.552782
-0.41442236,0.7069956,1.5928702,0.9906313,0.20203878,0.06472273,1.255464,-0.42734113
-0.68126804,-1.0020614,-0.53184533,0.75978035,0.0276248,-0.44746932,0.70774853,0.32167104
-0.421756,-0.083912015,0.06946233,0.6568651,-0.12500529,0.6979599,-0.50956964,0.318855
0.50378084,-1.1421021,1.0393727,0.38894105,0.9082519,-0.9867457,-0.10671669,0.88461304
1.033919,0.7730155,0.9206035,0.16785221,0.7178681,0.3286731,-1.3934865,-0.3633442
-0.6259465,0.012579979,1.5071245,0.5127145,0.5202596,0.40009496,-0.46171743,0.98691714
1.1080635,-0.30372038,0.365157,1.2605385,-0.2399848,0.07518621,0.49898452,-0.1302214
-0.35711816,-0.32925025,0.6237723,-0.5743577,-0.64962465,-0.08976902,1.4174491,-0.26627442
-0.5773658,-0.903382,-0.23692039,0.19822921,1.9996138,0.26741472,0.44428685,0.69177616
-0.20108882,-0.48476523,-0.60303617,0.28851542,1.309082,0.037936427,0.046689022,-0.10381224
0.8237902,-0.24960198,0.6422401,0.19647162,-0.14732933,1.0485811,-0.31330064,-0.4415913
-0.028313749,0.325462,1.463679,0.5648485,0.55845183,-0.7862971,-2.1349639e-05,-0.3312914
1.5578128,-0.7366813,0.019713152,1.0280364,-0.67534894,-1.1557463,-0.4548981,0.6979053
-1.0383508,0.66372824,-0.3586852,1.3924952,0.63626087,0.86178297,-0.3490603,0.5307511
0.6760673,-1.339614,1.5910217,-1.4114444,0.87002456,-0.027331078,-0.08824542,0.043958038
-0.73267776,-0.343986,0.9745684,1.0465809,-0.7794369,0.7876595,0.4386068,-0.25967783
1.0453762,-0.15077564,-0.71604955,-0.33469346,-0.24708894,-0.9692729,-0.31136155,0.8144913
-0.8833148,-0.46965277,-0.98205984,0.61403066,1.4177992,-0.8025638,1.7659239,0.16327819
0.47410342,-0.0043663345,-0.6527661,0.3743281,-0.9353833,-0.3663712,0.9826534,0.442942
-0.92361736,0.6387953,-0.45007122,0.7397058,0.39601532,0.80716544,-0.18769586,0.43945244
-0.5840101,-0.59555715,0.64918447,-0.24951605,-0.8966828,-0.63424164,0.8816873,0.41122234
-1.2017503,0.028908493,1.6948628,0.36487845,-0.247688,-0.06568635,0.67013067,0.3823873
-0.7320612,-0.54421526,0.9144562,0.4744959,-0.06560739,0.16181833,-0.057199553,-0.43009403
0.05266414,-0.45228377,0.17244458,-0.33260936,0.3254655,0.23863351,-0.9033978,0.73065656
0.37754253,-0.505985,-0.007977025,-0.0933021,0.37308475,-0.80072695,-0.6690035,0.7773646
0.039079897,-0.9964705,-0.95382965,-1.0661741,0.26247385,1.345176,-0.42626572,0.96241194
0.7268673,-1.0196964,1.4150243,1.0598435,0.354077,0.06955597,-1.0237676,0.30620998
0.7930642,-0.009062177,0.61774343,-1.4167621,1.5693213,-0.9574078,-0.109120294,1.583947
0.7418187,-0.553691,-0.34672877,0.82765853,-0.65608835,-0.25698552,-1.4717287,0.97749615
1.2839044,0.53136057,1.209998,2.378585,0.18040854,0.8289153,-0.018932328,0.05678371
-0.18535054,0.99049014,0.54714245,1.1368737,1.9273058,0.23635569,-1.1220515,-0.7490432
0.03198296,0.23976971,0.66806054,0.59234977,0.5962678,-1.1884093,-0.4155543,-0.32524657
1.3915838,0.89772904,0.87725776,1.75027,-0.11976573,0.06786199,-0.85908645,-0.3310765
0.07099323,-0.30481395,-0.66965353,-0.5917258,-0.27153146,0.25752875,-0.09477252,0.05983346
-0.23678085,-0.23558398,-0.48568684,0.7141449,-0.34557572,-0.6464484,-0.39130855,-0.2575077
1.0423404,-0.49350923,-0.087796666,1.4588381,0.6446953,0.06270952,-1.1368037,0.13690457
1.775756,-0.52623004,0.5035529,-0.30552375,1.5118203,0.7190993,0.7333001,0.23409915
-0.8134113,-0.9623197,0.76219654,0.08616756,0.5790026,0.61266124,0.3245476,0.1030032
-0.9566492,0.94124335,-0.98204,-1.1895533,1.2601796,-0.5672105,0.08905353,1.3481959
0.77551544,0.12912321,1.0343661,0.02093416,-1.2110169,0.6429707,-0.1767736,0.20563895
0.99338514,0.22353463,0.948811,0.20618558,-0.55650616,1.076943,-0.9870681,0.39890522
1.4537855,0.12953736,-0.328445,-0.97264206,-0.7796877,1.0388018,1.4512845,0.72764295
-0.7737525,0.23155907,0.90335816,-0.42800805,0.5552994,0.6590959,0.18686026,0.66572845
-0.2785652,0.06033416,-0.699103,-0.19136742,-0.06154201,-0.69637555,0.8296477,0.08118213
0.4695678,1.0247089,0.33335692,-0.31669015,0.75699735,-1.8788632,0.87873185,-0.51050246
0.54312754,0.41522208,-0.41527078,0.5419166,0.45936576,-1.4843715,0.44423202,0.2646228
-0.17367226,0.71746475,-0.108478084,0.4553858,0.13495415,-0.14917086,-0.5715505,0.5099922
-0.0057616234,0.96687126,0.21974999,-0.9611939,-0.14083879,0.47180146,-0.17142443,-0.33882412
1.940744,-0.088825434,-1.1363431,-0.23699258,-0.03994713,0.37435204,-0.34760037,1.6848013
0.8888477,0.38966146,0.6116034,0.088652454,-0.16242829,-0.41607392,1.7765346,0.8287125
0.6651099,0.76767266,0.9460217,1.3642012,0.20029241,0.23826501,0.5797453,-0.6168538
0.032098435,-1.2147163,-0.02930898,-0.0011845119,0.91896665,-0.5756135,0.5574178,-0.6286079
0.6628917,-0.07557392,-0.770271,1.0563295,1.0277929,-0.69618005,-0.90404266,0.43749487
0.5670045,0.99965495,2.043319,1.5137932,-0.63565004,-0.09262529,-0.11787526,-0.32875645
0.5050595,-0.24153565,-0.35324997,-1.22117,1.2862222,0.082280554,0.18996903,1.3192089
-0.5189433,-0.099441394,0.4036845,-0.23057269,0.18944691,-1.1567402,0.26734728,1.317769
-0.11235865,-0.96687883,-1.2362016,0.5874002,1.4722966,0.78540576,-0.16713727,1.4499378
1.7127547,1.2524469,0.29365924,0.35642713,-0.3730227,-0.8724824,-0.24765334,0.4000479
-0.9782573,0.91332865,-1.0078305,-1.2059999,-0.12002718,0.30173978,1.9655617,0.08500879
0.43659958,-0.59598434,0.25812846,1.3751178,0.7965332,1.6781679,1.1960459,1.0838294
-0.042131275,-0.011221439,-0.24873623,0.7611869,-1.5935724,0.42097363,0.23864318,-0.12470084
0.23763475,-0.7185097,0.3737534,-1.7907504,0.97523457,0.3809142,0.7819985,-0.37075886
-0.24202576,0.51032877,1.6289371,-0.38122103,1.0124277,-0.8623539,0.56031984,-0.08869176
-0.7127533,-0.19940473,-0.78833354,-0.09823139,0.11346585,1.30894,0.685431,0.83513755
0.3617371,-0.5957376,0.33853835,-0.03056622,-1.1903586,-0.36298513,0.4528384,1.1390758
1.6428655,0.030011214,1.107598,-0.5031454,-1.9231569,0.6209644,0.8742392,0.015544988
-0.831479,0.36809567,1.7686182,1.0737313,0.96678,1.7672294,-0.6047618,0.86036193
0.4155724,1.1740657,0.6987281,0.82733065,1.4087205,-1.6551588,0.23976614,-0.7321411
-0.23053753,-0.31422514,0.8740947,-0.055525478,-0.29751506,-0.9755906,0.53779864,-0.91784203
0.16488914,-0.37515932,0.24172819,-1.1927085,1.8719796,-1.3242068,-0.47169286,0.19589582
-0.04441618,-0.3304579,0.74087685,-0.0061814934,0.34705484,-0.05658505,-1.4060189,0.2755198
0.17496154,0.25058228,0.11930931,-0.457656,0.9172971,-0.62149554,1.4542282,-0.028594762
1.023173,-0.9993016,0.32017133,1.0523489,1.3407754,0.020233301,-0.8486882,-0.7613319
0.74451476,-0.10475302,-0.40378055,-0.6506662,-0.3261736,0.15129663,-0.70602846,-0.08968284
0.011235401,0.88384277,-0.23601353,-0.26192263,0.68976504,0.4641709,-0.8944943,-0.37985787
1.444236,0.026689816,0.68094754,-0.34693682,-0.13404351,0.33057484,0.7435168,1.2599269
1.1905044,-0.12643082,-0.022614142,1.9080669,1.3570291,0.29184684,0.14882869,-0.61732537
1.1662122,-0.67836773,2.736283,-0.10864234,-0.28993455,0.10996938,-0.6893062,1.5512313
-0.0032037273,1.8279556,0.7711086,-0.6125398,0.8490074,0.2835695,-1.796296,1.0523182
-0.6604466,1.2948607,-0.67435724,0.9442113,-0.036479674,1.4682689,-0.99995816,0.8429434
0.71834254,-1.1163427,0.07800075,0.54953176,-0.36530653,0.061059184,0.21271038,-0.6554061
0.71045846,0.58877033,-0.25175545,0.4207203,0.025212627,0.034204077,1.1087912,1.4801624
0.21664724,-0.8296147,-0.0580243,1.4066398,0.9799373,-0.41753024,0.0233972,-0.77356565
0.3952564,-0.27641138,0.24642879,2.6478508,1.9463753,-0.07536678,0.06019308,-0.3721765
-0.48172492,0.12248778,0.8084351,0.19527775,-0.11208855,-0.47427157,1.374055,-0.3126862
0.55246025,-0.7880446,1.0662555,-0.32698765,-0.3183744,-0.555315,0.2980014,1.1073302
0.45216462,-0.64301276,-4.4649467e-05,0.36003378,0.34206018,-0.47425887,-0.18664601,0.80933666
0.6691761,0.9184275,1.6666476,-0.40948957,0.49160916,-0.02640752,-1.3861649,0.88929707
0.62801564,-0.83627146,0.20778617,0.38899323,0.39640805,0.98468435,-1.3488382,0.625652
0.59011906,1.6309174,-0.8139615,1.570061,0.05649499,-0.046242118,1.9753652,0.51936007
0.3577041,0.8069468,-0.19525746,0.24254882,0.43027535,-1.1360265,-0.84218115,-0.33283702
0.7397108,1.5524355,0.33437955,-0.21635316,0.22709563,-1.021951,0.3891932,-0.426387
-0.22255325,-0.62353885,-0.30120367,-1.5571551,0.4534722,1.6089609,-0.34505925,0.18270127
0.0068061203,0.13556927,0.25516832,1.1790144,0.030072879,1.0641389,-0.37906218,-0.45179394
1.2303743,-1.1244385,1.304949,0.24362248,0.09228775,-0.05391907,-0.42126888,-0.7922418
0.4226484,1.9733088,0.19559887,0.6440445,0.56468153,1.2166268,0.5262158,-0.52413607
-0.22082672,-0.73729515,-0.11127146,0.2114954,1.2630066,0.118608415,0.2564481,-0.29954064
-0.8850701,-0.39299414,-0.25172648,0.056232687,0.73942137,0.16612211,-0.28132364,0.8935261
0.08523883,-0.19992943,-0.5011112,0.5328897,-0.34967428,2.056847,0.49687147,-0.052930996
-0.11799208,-0.03414058,-0.358378,1.4082466,-0.14832719,-0.30822438,-0.36532742,0.83125794
1.2552215,-0.5721022,1.3832158,-0.93103945,0.06332591,-0.0007823892,0.07032707,1.0521046
-0.65120685,0.75490105,1.5484105,-0.66578054,0.7741727,-0.28425264,-0.44090587,-0.80244595
0.1845886,-0.09078276,-0.7789605,-0.00023363158,0.30496702,0.42552027,0.15205583,-0.41459456
-1.2136652,0.7908468,0.53705585,2.3467426,-0.08756585,0.54774994,1.2156805,1.0296488
0.85981554,-0.09352134,0.13966388,-0.39978606,0.8144431,-1.23232,0.6992954,-0.2666066
1.3211751,0.6356642,-0.5999267,0.25345156,-0.034145806,-0.79693305,0.54587203,0.16224566
-0.62595445,0.22952896,-0.9999315,1.7893666,0.586352,-0.49258348,0.8256305,-0.3573145
1.5958596,-0.10208991,-0.13963607,0.9797663,0.082846195,-0.60940355,-0.177456,-0.1646344
-0.051152214,-0.55345994,0.52055454,0.8358859,1.0774976,-0.43285233,-0.81724626,1.1983254
-0.5125994,0.058453392,0.9565676,0.8536955,0.13669325,0.96474534,1.0437682,-0.141889
-0.021165036,-0.3753819,-0.50469595,0.54898626,-0.7557935,0.42099488,0.020043042,0.3372376
-0.30736235,1.114382,-1.1165746,-0.64980465,-0.98120785,0.6060842,-0.011551639,0.8980048
1.583919,-0.4750487,1.5936404,1.17452,-0.25644726,1.0057583,0.8956634,-1.0998701
0.335608,-0.4163556,-0.12195742,0.2890811,-0.5606701,-0.3526898,-0.42520818,1.3532058
0.5165137,0.37387937,-0.28405473,-0.8148999,1.3631219,-0.071857244,3.0,0.9961692
-1.1033416,0.20283666,-0.5122903,-0.30387458,1.0946522,-0.13446115,-0.8737752,0.23607722
-0.32567307,0.47951418,-0.60991573,-1.1773183,0.32469645,0.10131081,-0.08374761,0.063865006
-0.048539132,-0.638782,1.644635,2.0976012,0.23134375,-0.50764084,-0.5969563,1.5026425
1.179157,1.934971,0.5041165,0.77983797,-0.65834373,-0.8387338,0.33936635,0.32912207
0.30115354,0.24751809,-0.86842906,-0.73139924,0.4033053,-1.272467,-0.55711615,0.07141264
-0.08540664,0.48834836,0.5055174,-0.38618737,0.6181055,0.99610114,-0.1299739,1.0289524
0.2668714,0.8617422,-0.32138053,-0.8020987,-0.65373033,0.57342315,-0.17993353,0.0027127787
0.863517,0.5032141,-0.4755806,-0.1483255,-0.48953128,-1.1034374,-0.7444061,1.0976616
-0.05920981,-0.44512278,0.10630571,0.40853798,-0.4588232,-0.21177427,-0.02569156,0.655021
-0.67804766,-0.2083409,-0.33180717,0.31979734,-0.5601171,0.36151,0.10891557,0.96820503
-1.0196269,-0.41432998,-0.74143684,0.10113278,1.4804827,-0.6622128,0.18209425,0.23058093
-0.94645476,-0.913947,1.383953,0.08181855,-0.16313766,-0.13270806,0.8639733,0.0476273
-0.40037072,-0.30395377,0.2792106,-0.20378517,-0.30230018,0.18618198,0.7583895,-0.5902862
-1.0678363,0.15197286,1.2148622,1.6236931,0.23178865,0.42286947,-0.11078255,1.5954081
1.3015302,-0.8165752,0.4121277,1.3016326,0.6105608,0.71385133,0.29283598,1.5488635
-0.33623448,1.3064781,0.8110151,-0.79175735,0.29480147,0.26950163,-1.0673428,1.0081742
-0.78177536,-0.07145582,-1.123633,0.4552319,1.2385722,-0.2764459,0.78548676,0.75601894
-0.9562931,1.2206823,-0.058607526,-0.37168646,1.2228808,0.06986101,-0.9757649,-0.2495381
0.9785524,0.39989513,0.2740679,0.63501954,0.80651414,0.10634061,0.2617155,-0.09785738
-0.7747425,0.019772006,0.44701022,-0.06663495,0.40136844,0.38543966,-0.07512559,0.22544995
-0.2264294,0.39336494,1.6745508,0.41920218,-0.10638553,-0.024299862,-0.50718683,-0.4503611
0.99178857,-0.009251539,-0.1776684,0.5099148,-1.0438619,1.5383062,0.6701879,1.1933705
-0.5235072,1.2899015,-0.17558447,-0.69210905,0.22876821,-0.0691778,-0.79888046,0.692739
-0.06704628,-0.3944354,-0.41897494,-0.23297293,0.23019484,0.632105,-0.31163067,-0.41623557
0.6502207,-0.36395806,2.1979887,-0.084349155,0.9848084,-1.0696259,-0.46967268,0.40467227
-0.30713105,1.7539302,0.87214345,0.65996045,-0.944269,1.089544,-0.13068426,-0.09880828
0.5428893,1.5118532,-0.20063046,-0.086065516,-0.9163233,0.6351742,1.8907143,2.216204
1.3541343,-1.3763227,1.7506624,1.3926933,1.3589648,1.4818077,-0.001271043,0.19338892
0.8184142,-0.29253674,0.04135239,-1.041266,1.9023632,-0.4138007,-0.81151724,1.2178886
0.8927897,-1.2519276,-0.6038973,-0.64822686,-0.29047596,0.71728784,1.4372226,-0.03507682
0.12611215,-0.005833596,-0.18309197,0.0737548,0.49100447,-0.5475389,-1.3762926,0.7314267
-0.042764097,0.53920805,-0.41239998,0.9219482,-0.032002896,-0.07191097,-0.67792374,0.37061766
0.9408932,1.3468622,-0.5179116,0.12686464,-0.55251336,0.51172805,1.465371,-0.2542441
-0.05811654,1.0472871,0.2462267,-0.47498176,-0.05546117,-0.46364188,-1.0922899,0.593828
-1.6956357,-0.6061154,0.28186217,2.460761,0.03521574,0.7815419,-0.04536309,0.33151233
0.35175538,1.1606365,1.203888,-0.6047988,0.42515153,-0.06853454,1.4011098,0.64923745
-0.77313703,0.5832974,-0.089102976,0.13970946,0.46807206,0.81157625,-0.7877374,0.42912763
-0.37976342,0.11694276,0.82659584,-0.45169702,0.35227075,-0.075647555,-0.41143408,0.19026786
-0.51274604,-1.6135262,0.037806623,0.9415944,-0.45257556,2.1265311,2.158719,1.1850494
1.3620329,-0.39269808,-0.38821763,0.6832272,-0.67147046,0.3928814,0.034417205,0.15527137
0.18717325,-0.26404488,0.41082102,-0.005569309,0.7045953,0.38952306,-0.5529299,-0.46244237
-0.18111247,-0.8627937,0.4029972,-0.4307473,-0.1762997,0.14409524,-0.28088483,1.1429507
-0.20081869,0.977464,0.96789664,0.47042266,-0.098487146,0.44404125,-0.8746137,0.42903107
-0.094033696,-0.440448,-1.2967709,1.0027804,0.1635239,-0.63269776,0.7489933,0.039751537
-0.5329941,0.3117151,0.49053046,-0.06463966,1.6676984,-0.11556621,-0.27935594,0.3558804
-0.47045332,1.6924226,-0.2733663,0.12938148,-0.5594535,-0.02902528,-0.4149697,-0.24071679
-1.1295488,-0.9877718,-0.78918463,0.5951491,1.564481,0.42141294,0.5229628,0.09075105
-0.74628633,-0.70137745,0.07822429,0.5960079,-0.047778845,-0.42817143,-0.18729718,0.26498184
0.27420115,-0.010012761,1.373661,-0.92579544,-1.1193182,-0.37042663,0.3064821,-0.19348577
-0.042556204,1.386388,-1.4041864,-0.9821968,-0.38974446,-0.14733142,0.29923016,0.8414862
-0.10003405,0.7403364,1.2351698,0.16360547,-0.66471714,-0.9847652,-0.4353972,0.098918594
0.586809,0.91149104,-0.11507774,-0.21892811,-0.4698194,-0.048278786,0.11110756,-0.7535338
-0.4389422,-0.6413651,0.58988106,1.4500874,2.0055368,-0.8599229,0.095499694,0.68540484
-0.7721458,2.4733706,-1.5751505,-0.23472555,-0.7737967,-0.040901795,-0.43476617,0.37987995
2.3815122,0.5862233,-0.049355246,1.3397313,-0.83268267,0.3798757,-0.6529558,0.62518406
0.3956265,-0.14594094,-0.87414294,0.124428615,-0.31074414,-0.72781456,0.5635161,1.0067651
0.8695376,0.5432438,-0.5511998,0.18966597,1.0674297,2.0175388,-1.1266967,0.27957678
0.91779375,0.98438674,-0.4189968,-0.46431938,0.26842678,1.356291,-0.93504196,0.061288755
0.80297124,-0.27798167,1.6847826,0.11288108,0.14209671,-0.4368823,1.1061046,0.4699257
0.040914945,-0.25510335,-0.3911711,-0.8946525,1.7389066,-0.38654315,0.045466397,1.9918658
0.30052257,-1.0003761,1.2284493,-0.45091483,-0.2614491,-0.4235366,0.12999602,0.032154888
0.37515545,-0.31447515,0.44257602,0.6963347,1.4928164,-0.084151484,1.8190858,-0.057229735
-0.21157157,0.3414493,-0.6738795,0.35507327,-0.43128645,1.7384866,-0.178672,-0.06035743
0.6403091,0.3687441,0.245888,-0.15904592,0.55403614,-1.1977106,0.14534214,0.70313966
-0.966022,2.2296233,-0.3088528,-1.1738155,-0.10927198,0.36681622,-0.685392,0.5650029
0.31636953,0.20193087,-0.98950833,0.9775936,-0.961772,0.17880653,-0.4621415,-0.03995031
-0.99214756,1.9797643,0.13001001,-1.4176183,0.7801647,1.0649629,-0.13866468,0.3973741
0.10543401,-0.4147525,1.6016078,0.5916267,-0.37928113,1.382278,0.5731725,0.08747065
0.5298994,-0.7335411,0.56393504,-0.01004833,0.09511984,0.8272382,0.29406172,-0.47227314
0.21667999,-0.14158317,-0.8179993,0.055279303,0.042388093,0.09004925,0.0007579718,1.8731359
0.4827103,0.17637601,0.98855007,1.4236253,-0.32136735,-0.50331867,-0.015598795,-0.09493279
-0.653478,-0.30574465,-0.559706,-0.190235,0.82413197,-0.51173544,-0.42326137,0.57342565
1.111319,0.75738454,0.022173319,0.9788175,1.0090919,-0.45910162,-0.5995247,0.722294
0.16776255,0.45689914,0.904602,-0.4034543,0.47166732,-1.5387094,-1.2003529,0.04057344
-0.2676422,0.13931535,0.5298825,-1.1742874,0.325582,0.63160044,-0.039162204,-0.7042971
0.1312769,-0.96555704,0.98305583,-0.23536728,1.2162269,0.38330656,0.7345535,1.4605888
-0.23206082,0.820344,1.0587568,0.5751838,1.3896332,0.055785164,0.68727124,-0.0017900765
-0.42069542,1.2896442,0.31775507,0.25661647,-1.1218659,0.601236,0.07976812,0.70339715
0.74446404,0.19432895,1.1043594,0.7043779,1.3060712,-0.0664076,-0.3095337,0.083311096
0.14935096,-0.42349726,1.2323891,1.5669113,0.8948583,-0.29834026,-1.1936473,0.51512164
-0.56113046,0.19603403,-0.22841373,0.61632407,-0.14616205,0.29216403,0.2828461,-0.24557263
-0.021415733,0.96936786,-0.5162059,1.0532329,-0.17074212,-0.7127896,0.68551874,-0.16436923
0.037349824,-0.38901258,0.33526325,1.1597725,0.41669217,-0.17137755,0.918671,-0.7543051
0.7816924,0.91765463,1.2712826,-0.6017539,1.9884311,0.30532885,1.109298,0.5380213
-0.52818924,0.018637888,0.10916632,0.43601444,0.30578235,-1.1621729,0.9728557,-0.8248393
0.36587155,1.3039372,1.4635041,2.3614347,-0.9224882,-0.9525067,-0.36984265,1.0475427
1.0437591,-0.3053635,-0.59781367,1.2041655,-1.3268398,0.2784617,0.31503144,0.43569055
-0.55709225,0.30491683,-0.34542766,-0.6757545,1.07639,1.5684383,-0.4583497,-0.18623829
-0.11720962,-1.043461,-0.16044173,-0.56338716,-0.36059105,-0.22642934,-0.08083639,0.3617853
1.0698625,0.5044323,1.249814,0.76590055,-0.03371008,-0.9674933,0.4212666,-0.61233616
0.91388994,1.8146273,-0.5576564,0.49251065,0.4607367,-0.5581771,0.67801416,0.6743787
0.7469225,0.3443133,-0.309443,1.730296,-0.3166694,-0.39258972,0.42735848,-0.20187536
0.95665,-0.3674698,-0.067606896,-0.43430662,0.4252012,0.14162697,-0.46232346,0.53502923
2.186951,-0.01364208,1.229417,-0.97946644,0.38168746,0.42243135,1.1753403,1.1924347
0.51501507,0.14472292,1.2627186,-1.1076757,0.7620201,-0.87200403,-0.5368311,-0.62246317
-0.0034523383,1.3239733,0.7351584,1.1039603,-1.5261319,0.19373861,-0.14148289,-0.022498704
0.3243597,0.6844924,0.3870712,-1.1927634,0.841989,-0.33315644,0.97277975,0.946216
1.7110094,0.3087417,-0.84228003,-0.04494546,-0.38737503,-0.7316514,0.5127123,0.6599567
-0.88098276,0.6181629,0.17967153,-1.0305469,1.6709055,1.7959169,-0.24245878,-0.7180736
-0.67145795,0.6993294,1.1220416,0.677724,0.086749725,-0.80308414,1.1767213,0.6981345
-1.2827094,0.3938019,-1.1398464,0.6280953,-0.59894776,1.4057219,-0.5747362,0.95136756
-1.164902,0.6897324,0.32777914,1.52673,1.1159518,0.6188686,-0.6776534,0.84083927
-0.3224802,0.025885412,1.666001,0.5557627,-0.4421716,0.81310105,-0.3551844,-0.0181541
-0.6941698,0.16248815,1.2160093,-0.47056422,1.2296863,0.6805576,0.2526305,-0.3052444
-0.71618605,-0.7625941,0.39438713,0.96269315,0.034016974,0.7318387,-0.459836,-0.03533756
-0.3608185,0.1128438,1.3196338,-0.32299906,-1.1412342,-0.013241431,2.4591818,0.45993072
0.28684074,0.48146617,1.8923649,1.3467289,-0.20404479,-0.7918954,-0.2972221,1.3481128
0.24568924,1.5827345,-0.58685553,0.06356774,-0.033881783,0.88999134,-0.060626812,-0.15328598
-0.80023783,0.2236469,1.0267142,-0.35169387,0.48843297,-0.47795293,-0.16449566,-0.63075525
0.94631565,0.39336988,-0.23349333,0.5420363,-0.24890435,0.45294428,-0.60620195,0.14261734
0.88306856,0.09531513,0.12400407,-1.2379044,-0.09742888,0.2742109,-0.21040241,1.1507573
-0.51480514,0.3432602,-0.13575959,1.8323605,-1.1285758,-0.059684463,0.72335047,-0.3282816
-0.09776264,-0.07149294,-0.981857,-0.7942126,0.6358788,1.1157672,-0.4405716,1.0271121
0.1513927,0.12705274,0.025938872,1.145758,0.6164469,-0.46230724,1.084521,0.11800606
0.5407358,1.6781818,0.58368295,0.38811433,0.6017059,0.20332815,1.0070045,0.7448514
-0.6006286,0.0076134484,1.0155814,0.36141124,0.79529965,-0.065151006,0.5183662,-0.42050475
0.041131116,-0.54624414,-0.16195953,0.31245062,1.0260859,-0.272835,0.12236655,-0.9915523
2.179245,0.64412063,0.5195959,2.1191514,0.01594754,-0.25702113,0.42663932,-0.23398766
0.2236849,-0.3693492,-0.38467968,1.1115242,0.85160685,1.010688,0.283315,-0.2216169
-0.3596504,-0.31931248,1.3466517,0.28648037,0.7289209,-0.593256,-0.34557256,2.3241148
-0.8238801,2.1944225,0.28901547,-0.06801963,0.23116943,-1.4017385,2.0464292,0.9356149
0.083510354,0.12947921,-0.358864,1.651925,-0.2464208,-0.85639834,0.1981489,0.7524032
-0.82105935,1.3245125,0.18415594,-0.9829006,0.5405995,-1.4606471,0.8024808,1.6627592
-0.5204377,0.20702988,0.3949459,1.4353966,0.21949956,-1.024624,-1.6487055,0.9395259
0.6929599,1.7631212,0.66215515,-1.2834299,0.91973495,-0.32051712,0.40034476,-1.131277
-0.56661546,0.4611367,0.55530024,-0.8692233,0.7712504,-0.24673846,-1.1250763,0.04998083
0.7652872,1.8501565,0.7145743,1.017341,-0.23429604,-0.9529612,0.370944,0.8347042
0.8926532,1.3827875,0.83832943,0.44035095,-0.100975044,0.70235974,-0.32347396,-0.4708173
0.84714854,-0.3134207,-0.04671529,0.89954126,-0.4406123,0.020541014,-0.09624779,-0.5468466
1.923576,-1.1179409,0.5685403,1.6878397,0.20271611,0.4508201,0.06908627,-0.06301468
-0.27549085,0.41899577,1.142426,0.10012612,-0.88521445,0.4325761,1.9909022,-0.9325877
-0.5596194,1.1361096,0.16972345,-0.36572206,0.04379617,-1.1578943,0.1602567,-0.60659754
-0.5026599,-1.084787,-0.09609656,-0.59191126,0.7361827,0.595413,0.4639444,-0.092413984
0.20818803,-0.05466466,0.07005664,0.13492723,0.020877942,0.23438619,0.0066243075,-0.4446408
-0.43982,0.6245387,-0.4519754,-0.7080773,-0.060252942,-0.4816139,-0.43101215,0.32406086
0.40854096,0.30736786,-0.8909307,1.3607959,-0.023117926,0.13004291,-0.4180562,-0.6031999
-0.42942137,0.4645281,-0.22747293,-0.8437452,0.09907648,-0.095113695,0.34098005,1.0207212
-0.5739147,0.40092865,0.05786191,-0.6131998,0.27213478,-0.500528,0.02554594,-0.35037452
-1.0557075,-0.020997886,0.09691321,-0.9814242,0.7840961,0.15875943,-0.18767314,0.31100857
0.01042892,0.5154356,0.19811165,-0.014011312,-0.45472875,-0.3943885,0.5837272,0.49279863
0.45794985,0.26716495,1.4038489,0.41861197,0.42330757,-0.9158873,-0.73244303,0.32798576
-0.643143,-0.21470226,0.04972692,0.32300925,0.17249529,0.31788418,-0.1779375,-0.096085064
-1.7347124,-0.44978613,1.6319038,0.38538796,0.55572534,0.46842104,-0.39045358,0.8493726
-0.76761687,-0.11964607,0.24231035,0.6580126,0.49543846,0.20541766,-0.27168417,-0.15929076
0.28441238,-0.9091816,0.9849669,0.05031541,-1.0227196,0.389535,1.8445933,-0.5909544
-0.028623983,1.1915218,0.28209049,-0.67120874,0.49381733,0.53042555,0.5777715,-0.29841903
0.2266432,0.72076917,-0.16167623,0.3673451,1.1643922,-1.1442467,-0.0698753,-0.2878105
0.041820742,0.42391533,-0.9030067,-1.5757365,0.79212284,0.5651249,0.52509403,0.013032548
0.70867294,-0.08515403,0.9333148,0.08157128,-1.0609456,-0.23275805,0.063489735,1.6260232
0.22202158,-0.27876857,-0.28619027,1.4296074,-1.3197428,-0.68769765,-0.48701462,0.8229544
1.4406763,-0.18482548,0.028374441,-0.13891451,-0.48355338,-0.2812817,0.48437172,1.4670432
0.6734894,-1.0839233,-0.40289414,2.4407625,0.5246936,-0.20498635,-0.5897703,0.9583615
0.9314851,-0.49674398,0.106863104,0.14133458,-0.821342,0.49270442,-0.13123785,0.5568311
0.18391997,0.5749091,0.45036936,-0.18688098,-0.88584185,-0.3594416,-0.5832742,1.08148
-0.24693125,-0.59926414,0.007969158,0.85166293,-0.6944342,-0.8072932,0.1685382,1.4104542
-0.23247573,-0.02685596,0.8512628,-0.3277924,1.910897,0.079789646,-0.06058632,-0.61271495
0.24951753,0.163046,-0.72590417,-2.0841832,0.6775837,-0.4817787,0.6451314,0.3722837
0.9173993,0.58095217,-0.44070765,-0.40627867,-1.313933,-0.22090526,-0.45715043,0.0025124252
0.53926015,-0.60138947,1.471323,-0.9395278,2.3017952,-0.06653489,0.22149321,0.25292233
-0.78281975,-0.77066153,-0.6796407,0.25514153,0.8814203,0.39284697,0.18118116,0.1234389
0.12156744,0.17039208,0.89447904,1.4086968,-0.31060493,0.02396338,-0.51014507,1.230233
0.050805792,0.6408456,-0.24624243,0.16981028,-0.13237171,-1.0017653,0.90646,-0.77703595
-1.2005029,0.9286929,0.02133993,-0.087238476,-0.507333,0.42364848,1.0016639,-0.11206528
-0.032932304,0.5489681,-0.7491954,1.0054476,-1.1392709,0.80734974,-0.37388185,-0.18330216
0.3288503,0.49806228,-0.23374334,0.38721177,0.41923696,-0.33550715,-1.5043676,0.08514073
-0.041844502,-0.68599576,-1.0010757,0.75974053,0.29168874,0.43756264,-0.8414986,1.875184
-0.74593616,1.7506622,-0.54476446,-0.6369617,1.0697571,0.7052416,-1.5135853,-0.062106572
-0.34618467,0.2278819,-0.49941793,-0.7314721,1.3398829,0.6047221,-0.70413005,0.2363962
-0.23903593,-0.9468746,-1.1794887,0.19099718,1.300376,-0.2013562,-1.6463027,0.47132042
-0.18312132,-0.0019553714,0.326587,-1.0669936,0.19625139,0.55634505,0.26201582,0.47844526
0.53484815,-0.16618966,-0.6630237,0.67905235,-0.7633309,-0.2881462,-0.44190192,0.3415769
0.5995113,-0.35821974,0.07813812,0.026532065,0.34693044,-0.22693181,-0.7474657,0.39125666
0.93722457,-0.7693922,0.31377977,-0.20341708,-0.44941482,1.116654,-0.69964325,1.3743737
-0.32871857,-0.20553197,0.28015885,-0.98292947,0.36225343,-0.20583189,0.07889938,0.04804804
-0.6159828,-0.49841768,-0.28429955,-0.326856,0.3863005,-1.0750141,0.28837925,0.91751796
0.62549376,-0.29974514,-0.1313155,-0.13274907,0.22226632,-0.28905815,0.26742882,0.008589368
1.2886727,-1.0706049,1.2924391,0.83879375,-0.236651,0.8240481,0.13189225,1.5144234
0.48636413,-0.8835659,1.6913853,-0.33234724,0.38879642,-0.15291455,0.8767328,-0.82080656
0.45352137,1.4841487,-0.45210028,-0.35214752,-1.2698274,0.62462497,-0.35549524,-0.57326066
0.8207482,-0.052292246,1.3228499,-0.19531843,-0.6667863,0.74724215,-0.7614137,-0.043854073
-0.7911845,0.39580178,0.6137047,-0.017512728,-0.70133114,-0.2569608,-0.3145003,1.0562161
0.8210333,0.64547825,0.23484173,-0.16313711,0.45390853,0.29809892,-1.006087,0.3602741
-0.34339148,-0.31861466,-0.5634821,0.25545466,0.8434545,0.61291987,-1.1415731,-0.29766342
-0.730878,1.400923,-0.40834594,-0.8438896,-0.75250727,-0.56055105,0.628383,0.32279587
2.122643,-0.5000368,-0.41282088,1.2130326,-0.8186179,0.64221495,-0.5058421,0.10990119
0.28437003,0.58576715,1.3056605,-0.27928105,-0.5769334,-0.6885435,-0.39273638,0.07674749
-0.8359676,-0.23283307,-1.1128818,-0.4579976,-0.3416822,-0.66334206,0.9500893,0.7885105
0.27786577,0.9022941,-0.43610194,0.24704947,0.5198007,0.82809067,0.3196869,-0.120082356
-0.25018546,-0.80887884,0.35670823,0.19347738,0.6352537,-0.6062844,0.044693653,0.0729718
-0.3541421,0.81896496,0.17370695,0.16887364,0.467847,-0.5610414,-0.7589197,-1.1087064
0.80180043,0.30491585,0.44617018,-0.4504079,0.023411125,0.5681231,-0.57957673,0.14871493
0.4615582,0.625741,-0.629808,-0.14788754,1.959096,1.7672987,0.093403935,-0.09763423
-0.05613485,0.11150266,-0.5266993,0.02028161,0.12163337,-0.8244229,0.025872257,0.73355144
0.8343114,0.05288271,-0.1053491,-0.32491475,-0.74479324,-0.2305074,0.42056128,0.29229566
-0.41201574,1.5682311,1.0643914,0.13641864,-0.57842803,0.6277997,0.19879836,1.3540856
1.1052407,0.42619643,0.37785068,-0.17647576,-0.52234596,-0.20604143,-0.42481592,-0.479853
-0.4218517,0.7339853,0.1612558,-0.47413042,-0.19614449,-0.07773185,0.86464393,0.10983209
0.5573326,-0.7340907,0.98162174,0.7136772,-0.3528198,0.30416694,0.27737096,-0.18540475
0.48318744,0.34097725,-0.15904123,0.20407273,-0.56846637,0.2743878,0.44921753,1.0310613
-0.34758043,-0.6232589,-0.3672821,-0.44102764,0.12008754,0.509755,0.34619296,0.5247188
-0.84918344,0.9032006,-0.3051254,-1.5606785,0.59847665,1.0969728,0.8988901,-0.32641944
0.031048298,0.6763719,0.433338,-0.13324368,0.8241638,-0.52249825,0.8747504,0.62132186
0.023866799,0.17686334,0.43926296,-0.38476872,-0.7342346,-0.22392567,-0.5391226,-0.40114832
-0.13512397,0.30206192,0.20743543,0.1411772,-0.27075574,0.6204944,-0.40466645,0.8931973
0.08290237,0.86924577,0.19180804,0.89993036,0.36830407,0.59488094,0.34179062,-0.40656433
-0.14696753,-0.4672024,-0.47110656,0.47637504,0.55698436,-0.6088585,0.22188261,0.657307
-1.2806253,0.16046204,-0.09373133,-0.30059624,1.2594563,0.73211336,1.6624757,0.58834916
1.2143593,2.001141,0.39086777,1.6494982,-0.86964864,0.2726361,-0.1749934,-0.33120424
0.2834364,-1.0304146,0.41647938,-1.7899238,0.47871274,0.00095559657,0.768265,0.95330644
-0.8438426,1.1647581,1.0106779,0.7209029,0.5912322,-1.3121755,-0.31617662,2.1593175
1.6203427,0.25419685,-0.21979713,0.060620375,1.6386774,-0.2493327,0.9724636,0.44444624
-0.6982785,0.055593047,-0.026756238,0.70032376,0.6668187,0.70546573,-0.3407393,1.1171254
-0.6892668,-0.3300867,-0.030967845,-0.8207076,1.237146,0.2880025,-0.28862575,0.4789263
-0.48930615,-0.60778034,0.28603184,-0.15174296,0.21646234,0.4623904,0.9949454,0.93191963
0.8643505,-1.5637969,0.48998097,0.87990505,0.21807538,1.0826236,0.1139593,0.33702692
-0.27219686,1.4345838,0.15354913,-1.0132601,1.0470734,0.64282453,0.89131737,-0.25346485
-0.2921914,-0.053802837,0.79222256,-0.05016252,0.64397246,0.47015896,-1.0380548,0.8222353
0.9893517,0.25774035,1.0136322,0.36926088,-0.627054,1.7296988,0.26319024,2.0945854
-0.80417717,0.36363992,1.0196024,1.2999358,1.5475848,0.6215412,-0.52893174,0.72542715
1.6192584,1.3755717,-1.2617768,-1.6803535,-0.06026419,-2.4335459e-05,-0.66673577,0.15848754
1.7304703,0.80448014,-0.120159306,-1.2654101,-0.41016856,0.38280204,0.9883729,0.4924881
-0.5821122,-0.6721613,0.7242916,-0.18920091,1.4974419,-0.42667124,-0.14075466,0.11120786
-0.98672414,0.02456574,0.11941291,0.43526012,0.8256383,1.178952,-1.146062,0.1701317
0.903792,0.374938,0.3917671,-0.74359345,-0.45080623,0.9940469,0.901589,-0.21653995
0.4753416,0.14466803,0.11903798,0.17833991,0.18388379,0.072801135,-0.67918926,-0.5699909
1.8025398,1.7617743,0.48001012,-0.15487526,-1.0167092,-0.6509416,-0.25368497,-0.2895661
0.4328204,0.1706112,-0.43465066,-0.2487668,0.13766819,-0.004990002,0.09061967,0.036592856
0.5120388,-0.459915,0.53075504,0.1824936,1.2120461,0.7888497,-1.2310071,-0.25763166
-0.5395817,0.7632062,1.1988196,-0.3486589,1.5108999,1.0660936,0.53630817,0.9448335
0.23256952,0.6567139,-1.3913058,0.6265252,-0.2864396,0.2897583,1.4635091,-0.32042173
-0.22780618,0.20598394,-0.4336509,1.3674982,-0.30038095,-0.25864294,1.2415202,-0.62868553
0.17799658,-0.05527724,-0.744491,-0.09490049,-0.42454782,0.3257564,0.33152246,-0.18685153
1.5290055,-0.9194495,-0.70099765,-0.89680094,0.0062833456,0.9956747,0.3726863,0.99714243
2.060952,1.066319,0.47193176,-1.013118,-0.108056545,2.5458634,0.5405749,0.47280595
-0.5994479,0.61938,0.19456649,1.4157963,0.11707068,0.34252185,-1.9303409,-0.19387564
0.20841146,0.42901742,-0.36298868,-0.13728455,-0.43235543,0.0931729,0.39292398,-0.36591613
-0.51152587,0.9092517,-0.14919105,-0.2744222,-0.4742501,0.24175343,0.29130882,-0.7930084
-0.19843072,-0.58526963,-0.17966431,1.136407,-0.92703474,0.53842026,-0.028091043,0.4748636
-0.55830896,0.6356445,0.016962428,-1.4538705,0.93899393,-0.96722263,-0.26703513,0.5766808
0.1276435,0.5257789,-0.88293064,1.2650422,-0.1442107,-0.6991902,-0.3490644,-0.9217115
-1.0530423,0.21335746,-0.30854812,0.6401874,1.9927464,-0.6456217,0.17298867,0.12831593
-0.8097058,-0.3652085,0.15448153,0.36698672,1.1444938,0.4120807,0.09696554,-0.5013426
1.1135432,0.072672285,-0.32763377,-0.09986858,0.03290544,0.624754,-0.3540366,-0.3061873
0.018291004,0.5699474,-0.3747276,0.6892724,0.5240703,-0.6653185,0.6747036,0.93771863
0.24419907,0.30889764,0.090801425,-0.37464052,0.037438978,0.56142443,-0.24687384,0.07911306
-0.26248375,-0.8334197,1.8351258,-0.2910984,0.15680788,0.86622024,1.2894627,1.7771946
-0.4446053,-0.055100325,-0.9788151,-0.128932,0.541432,0.42087153,0.65523255,-0.24532181
1.571408,-0.58630365,-0.6610834,0.23761107,-0.3261894,0.41350368,0.3337602,-0.26775974
-0.2921698,0.81766266,0.32960662,-0.8895404,0.11184216,-0.0971014,-0.61799103,0.40305516
0.49593014,-0.47471744,0.36558393,-0.5132843,0.81043476,0.093129575,-0.29657978,1.4171712
-0.78578085,0.22877254,-0.19205204,-0.4101309,0.7732995,-1.0623609,-0.53390205,-0.098802544
0.14384532,0.20060521,0.47194344,0.4390601,-0.4423361,-0.75907046,-0.5001585,-0.49374673
0.53992635,0.49624318,0.9752608,1.5528623,1.0502642,0.5478809,2.3924546,1.9414351
-0.22663328,0.18922342,-0.6168681,0.52533257,-0.21244131,-0.6156631,-0.8048671,0.4887898
0.04192824,0.8580872,-0.16132894,0.7963443,-1.0340629,-0.29276448,0.3725828,1.7552205
-0.5398753,-0.2217581,0.82790494,0.4087256,0.1219108,-0.18674222,-1.180957,-0.39835885
0.7078378,-0.709594,-0.7087972,0.6303859,0.24588253,-0.8840052,0.7295619,1.9581382
-0.2557443,0.40500972,-0.76929444,0.16840874,1.0912822,-0.38794357,-1.6207833,0.3001328
0.4001747,1.08994,-0.1390163,0.4636485,0.5597711,0.23013452,0.27991268,0.19702977
-0.054406546,0.37152705,-0.18042088,-0.7829344,0.19974805,-0.27116674,-1.1628238,0.39787865
0.45629847,2.175305,0.98930585,-0.059839744,0.6074607,0.682322,-0.50339735,-0.31282598
0.2378847,-0.40954033,-0.22453877,1.0916218,-0.92445415,-0.16831526,-1.1806352,0.4478441
0.40257043,-0.9343738,0.295157,-1.1957707,-0.5168148,-0.5771926,0.5966328,1.7887686
-0.35932413,0.937489,-0.32416886,0.005227674,1.6710283,-0.20773312,-0.05126405,-0.2218906
-0.09574994,1.285805,0.8365127,-0.3963453,3.0,1.487778,1.3350928,-0.31090826
-0.19392449,1.0533764,0.9996606,-1.1626174,-0.051658984,1.3583294,0.7875681,0.38993225
0.33434993,0.512985,1.4564214,-0.15087202,0.013959198,-0.7377413,-0.882514,0.5470344
1.3566818,1.0060071,-0.6504001,-1.2943201,-0.3492572,1.0986327,0.4396076,-0.3477925
-0.38908115,0.39372224,0.9113745,-0.17641608,-0.27044854,-0.04885917,-0.10154444,-0.12839618
-0.34029177,-0.68881404,-0.06934513,1.096135,0.50511044,0.30346996,-0.46730295,1.2153735
-0.33954206,0.43545905,1.748427,-0.4749792,0.9132773,0.9900751,0.62882656,-0.9387887
0.12250351,1.2347285,-1.0246735,-0.92450976,-0.5717223,-0.23886257,1.9001803,0.5802785
0.61317974,-1.096774,0.6035205,1.6025139,2.7123606,-0.75277275,-0.27462095,1.3326523
1.0442163,1.7263361,0.1525223,0.6822097,-0.2228563,0.80540526,0.08196524,0.8520744
0.6119458,0.124316946,0.020825293,-1.1719824,-0.31720665,0.008926105,-0.42868707,0.25041354
-0.69965595,-0.15330118,0.100097984,0.5433587,0.4106725,-0.2672092,-0.10338889,0.080067985
0.16344173,0.055778194,1.110632,-0.15123619,-0.33922973,0.24456234,-1.249217,0.46555096
1.0621469,0.08530575,1.7334945,2.1276248,0.043110423,0.64165443,0.20936587,-1.0185764
-1.4845264,0.42257312,0.18666139,0.2746217,0.43280593,-0.31288213,0.9407792,-0.8054098
1.0167729,-0.19734488,-0.047607966,0.00888161,-0.5005872,-0.32929945,-0.17606287,0.7247122
-0.7549077,-0.46269137,0.6751347,-1.0606698,1.3019847,-0.78804916,-1.0508363,0.6728814
-0.7634279,-0.26005143,-0.76845706,0.090552166,0.593209,0.96180815,-1.1171646,0.9922009
0.013273921,1.2693573,1.2771586,-0.56541044,0.25105962,1.1033814,-0.24879357,-0.068255745
0.58932114,-0.9105553,-0.43080342,-0.98089826,-0.013744095,0.70735365,0.348601,0.08305448
-0.036817618,-0.49857616,-0.023521613,-0.13823538,-0.047293138,0.66875225,0.07391265,-0.0065421835
1.2196031,0.5811434,0.5416543,0.57923865,0.9095895,-1.1218148,2.3415892,0.30008253
0.73655146,0.29389116,0.5804374,0.6686809,0.7367079,1.0413514,-1.417091,0.043582402
-0.58061874,-0.28878766,-0.2848416,2.149485,0.20543131,2.149554,-0.5952981,0.43540242
-0.28101066,0.2035331,0.13511509,1.3151754,1.174976,-0.091792,0.51455474,0.016701814
1.5489792,0.1470988,0.28187847,-0.32022834,-1.0731666,-0.30421168,-0.35519406,-0.04230646
-0.1418342,0.7715298,0.7969476,0.49907112,0.23583764,-0.5120598,0.63246125,0.39908728
-1.0165997,0.65018207,-0.6598631,0.67678833,0.6777633,0.32156223,0.30364287,1.0122631
1.9989567,2.0108738,0.962304,0.6991558,0.85450774,1.045415,-0.49217862,-0.046563387
0.0937542,-0.18228276,0.34184524,-1.3167635,1.3280635,-0.05153881,1.117096,0.114944175
0.8112554,-0.18907467,-0.6517971,-0.048431065,-1.4627274,0.4043244,0.7931469,0.5971292
1.5779371,0.6339966,-0.8040215,0.9442249,0.45015806,-0.6842202,0.8132378,-0.347288
-0.4551475,-0.4690011,0.33556762,0.80493367,2.595853,0.2332944,-0.89775103,0.565315
-0.5175342,0.6473484,0.42146766,0.18726979,0.4333391,-0.50774014,-0.19387774,0.86201495
0.4236389,0.8156526,0.15150616,-0.18880665,-0.0021417486,-1.1690114,-0.9225648,0.8860217
0.33798245,0.51663107,-0.3213851,-1.6038907,0.112451054,0.4883874,0.9295948,0.20238313
0.89529604,-0.1062835,-0.9202292,1.5901952,2.3993342,-0.6295547,-0.22096728,-0.1473862
0.3460902,-0.6206237,1.2746925,1.0211519,-0.39791325,-0.28030732,-0.583438,-0.7104005
0.19425467,-0.43253362,-0.8956577,0.9974082,-0.31321803,0.39237463,0.7265655,-0.28118905
-0.8622247,-1.024641,0.3428644,0.99161464,1.2739552,0.2633129,-0.5902702,0.5378314
-0.15925512,0.06629013,-0.09579719,0.5015887,0.10485421,-0.47685644,0.25775942,0.27267435
-0.94457674,-0.11375436,0.47373432,0.886424,-0.10016499,1.2192404,-1.0445815,1.09871
2.4698865,1.0939823,-0.7880258,-0.7716412,1.4014721,-0.561619,0.091312125,0.3646464
-0.6237344,-0.6050798,-0.22463119,0.62341547,0.39848977,-0.13979433,0.77401197,0.43088555
-0.5698729,-0.37595052,0.24069557,-0.5088687,1.9119257,0.3782479,0.3305813,0.29384887
0.42740634,-0.6845821,-0.14716142,-0.34141615,0.054301552,-0.20670573,-0.27794632,0.73783803
-0.5156187,0.030047616,0.57270217,0.4527745,-0.14999,-0.66817516,-0.15773116,0.24901938
-0.37028047,1.848686,-0.121051766,-0.266063,0.0810935,0.87678075,1.4260538,0.8799389
0.55904186,0.29274052,-0.8281421,0.65074116,0.21299824,0.084220015,-1.1024576,0.028375283
0.021857493,0.7541296,-0.48799628,-0.6920355,1.1882294,-0.68906516,-0.39450487,0.9378886
0.089776665,-0.07844482,-0.40579647,-0.62762874,-0.40621516,0.6486986,0.18125801,0.7331068
0.44143984,1.8876901,1.1060109,1.9665444,1.397775,-0.90333813,1.0818527,-0.93815845
1.9072167,0.74889195,-0.17828938,-0.45200196,0.012477559,0.08033498,-0.32851332,1.3645401
0.5296507,1.6700025,0.99284697,0.6683279,0.54168105,-0.79224545,-0.8337017,0.487797
-0.24791676,0.98530275,-0.42855176,-0.62127346,1.7663684,-0.1599908,0.096936405,0.6870478
1.265354,0.1456401,-0.42216003,1.263048,0.4216935,0.79209167,-0.11758976,0.20642224
0.11982064,1.228978,-0.12085579,0.49144524,0.41782257,1.0724508,0.29353547,0.83863235
-0.2302512,-1.1241653,0.15562037,0.2145252,0.24324422,-0.37793267,1.3664511,1.2398093
0.42425263,1.0259218,-0.15223652,0.046761025,-0.16310775,-0.54922116,-1.1506068,-0.0051570386
1.0557833,-0.11143766,-0.12794149,0.8195654,-0.46214956,0.11683487,0.23929648,-0.8774446
-0.39163485,0.10562776,0.40531957,0.5675816,0.30376118,-0.19421752,-1.1547825,0.28283185
-0.030139111,-0.36281756,0.23747256,-0.20690532,-0.49900317,0.74979174,-0.30215827,1.0459712
0.07960395,-0.87089616,0.6173841,0.67389387,0.40816763,1.2045727,0.23098437,2.2146432
0.7879821,-0.08987543,0.2673217,-0.21001859,0.43388477,-0.9405994,0.37887108,0.38981056
0.0714483,-0.9319394,0.021993991,-1.0552075,0.9522659,0.84874964,0.7124462,1.0919093
0.18972737,-0.18304178,0.8318404,-0.0832635,-0.015620066,0.47873658,0.82486486,-0.66494757
-0.3114317,-0.8844648,-1.0833375,0.9319802,0.6143058,0.38394007,0.2734429,-0.12950218
-0.6198584,-0.79262656,1.0947464,1.2494304,-1.761473,-0.756033,2.038466,-0.17285997
0.49112517,0.12372477,-0.63468784,-0.62700415,-0.35656053,-0.08976503,-0.018983288,0.1341399
-0.011897251,0.15702952,-0.26741505,-0.15107654,1.0709182,0.19878048,-1.3029608,-0.1922178
-0.17257681,0.40978396,0.59064335,-0.37465307,0.19609438,0.8281659,0.8992663,-0.26987162
1.236717,0.12852944,0.2926996,-0.46138892,-0.27787486,0.2213565,1.7564789,-0.37983078
0.31109804,-0.9566343,-0.101887524,1.1726434,-0.0388654,0.3038469,0.02460054,-0.38524684
0.17732051,-1.3920131,0.8615147,-1.0204194,1.508615,-0.8803274,-0.18890457,0.5451151
1.1386956,1.2691482,-0.7962349,0.3814615,-0.44469327,0.32574344,0.8998173,1.3943977
0.58560747,0.7320579,-0.32722375,0.017313223,-0.49937147,-0.7552372,1.9578294,0.40265903
-0.5640582,0.50687116,-0.12707444,1.4217067,-0.2647123,0.0010184664,-1.1452641,0.16938901
-1.3847611,0.18532294,-0.08970437,0.011257689,0.2658588,1.0495294,-0.51322657,-0.46212587
-0.1357294,0.7079467,0.19750977,0.3779115,0.64615667,-0.15171722,-0.7863896,2.156129
-0.56175077,-1.2373589,-0.19515741,-0.6612216,0.58776027,0.29399833,0.25009,0.14820634
-0.29573682,0.6963654,-0.2378667,-0.67594254,0.26758263,1.1327429,-0.45633546,-0.24212393
0.5866877,-1.0184188,0.52307934,-1.3072535,-0.4214046,-0.21673717,0.51004773,0.30494192
0.18780908,0.0910199,-1.3299086,0.4707564,0.5006067,0.12202308,3.0,-0.21907848
1.3782831,-0.6436499,0.8922883,1.0364882,-0.45840916,-0.8996144,0.017390393,1.5630342
1.3492458,0.56388694,2.1848338,-0.68121076,-1.0692447,0.16539674,-0.41672096,-0.6365053
1.4779153,-0.033238925,-0.17164591,0.85983396,-0.2908748,0.3645303,-0.31178644,0.07258223
0.22896242,-0.30054304,2.1532636,0.00754131,-0.22992858,0.8498414,1.6627849,0.1047716
0.70522386,0.325244,-0.0801083,-0.93182456,1.3389261,1.9273603,-0.7395114,0.30689847
0.3893471,0.21346593,-0.5264933,0.08328896,0.22976029,-0.067837276,0.6972089,0.8598938
0.51328325,-0.5775024,0.65673786,-0.6480742,0.5048924,-0.7027943,0.2985476,0.2590538
0.5366636,0.5135369,-0.28138664,-0.56447965,-0.62716347,0.52137023,-1.2881521,1.0706047
0.21958077,-0.06447303,0.14346069,-0.8027203,-0.13502795,0.23761766,0.062341075,-0.85843784
-0.13404667,-0.5246516,1.0944452,-0.7572614,-0.45732707,0.2389117,-1.286231,1.0791466
0.13134201,1.8404907,-0.44065422,0.4701344,-0.43155575,0.68837357,0.21507676,0.50834566
-0.49063736,0.2208429,-0.40945327,0.14984438,-0.53003204,-0.0035904646,-1.0602318,1.069392
-0.6191231,-0.5703817,0.104493566,-0.32595593,0.17141038,0.3942605,-0.7330098,1.0019248
0.22125769,0.79254216,0.10797065,-1.0197785,-0.5839073,1.2088819,-1.5898625,1.3541712
0.5125643,0.003735995,-0.74476546,-0.16013423,-0.46130583,0.31672433,-0.06994851,1.1721779
0.2900739,1.5795771,-1.1971045,0.44682586,0.90868694,-1.051793,2.0008242,0.07893005
0.5249147,-0.16187127,0.99184024,-0.356235,1.0147748,-0.31053934,-1.3051935,0.79931253
-0.2953555,1.5095247,0.64981383,1.5476102,2.275579,0.86329365,-1.3487229,-0.718876
0.5200865,1.1184034,-0.44953978,-0.008456267,0.9567555,0.26753873,0.10912834,-0.4845946
-0.1586183,-0.5106718,0.34555033,-0.8720496,-0.12922056,0.24889076,1.3794894,0.5879696
-1.3302954,0.5271775,1.0832108,-0.2602671,0.31357267,-0.4845632,1.9077914,0.977511
-0.11324943,0.0896315,0.9054864,0.33888835,-0.22365834,-0.8139754,0.45401487,-0.3850238
1.0519705,0.32023704,1.9534935,-1.929354,-0.033907767,-0.20636396,-1.0257344,0.41279843
-0.77218837,-0.34580776,-1.1404954,2.065467,0.47134417,0.73767346,-0.53765476,0.4344792
0.69319254,1.4544948,0.64237225,1.1625108,1.4543715,-0.2768214,-0.7861571,0.9545606
0.16087069,-0.12478602,0.29245776,0.3401725,1.1757809,-1.139136,-0.10693866,-0.23149696
-0.51450396,-0.0581193,-0.34111026,0.3411188,0.023900546,-0.09113134,-0.8354718,1.456534
0.33475575,-0.48967296,0.9527264,0.34278107,0.6493914,0.30177128,0.9650746,-0.881932
0.44581297,0.50969887,-0.06532232,-0.25280568,0.017881852,0.06250049,-1.2156817,0.25502306
-0.5652735,-0.8357181,-0.77277553,1.22194,0.65865046,-0.78045034,-0.82632804,1.6400555
-0.05052896,0.24544367,-0.77800804,1.2283813,0.21998273,0.06043665,-0.4413912,0.10528361
-0.13597107,-0.45953703,-0.25136903,0.49596846,-0.09761639,0.20751859,-0.18775561,0.1235404
0.77502316,0.23274949,1.3580182,-0.25083432,-0.48484132,-0.24292105,-0.7348736,-0.106603734
-0.5086463,-0.17784485,-0.018838342,1.6328475,-0.39920652,-0.4133836,0.72110134,0.9828956
0.06761491,-0.1444307,-0.6465499,-1.0613278,1.3808016,0.26138514,-0.4952177,0.9095428
0.3019375,-0.9378545,-1.0347949,1.0905807,0.47607955,-0.2673592,0.1536414,-0.30765814
0.5835361,0.9320945,1.4487824,-0.2982542,-0.6692126,0.46652874,-0.33879885,0.52411693
-0.5904515,-0.23644193,-0.07781744,0.089291275,1.1697338,-0.6072564,0.19544074,-0.30164427
0.24188301,0.111203074,0.81236964,-1.0115178,1.484645,-0.50932294,-0.0865702,-0.88316065
1.9666892,1.2482932,-0.1781644,0.74692595,-0.53461254,-0.07559635,0.92940384,-0.2826353
0.3527574,1.1716086,-0.17864943,-0.80353606,-0.84842086,-0.33596194,0.6019779,0.049201325
0.34240195,0.30194288,0.9373165,0.69181114,-0.48795438,-0.5370109,0.16664542,0.3640646
0.9591246,0.70775497,0.9911599,0.14964284,0.019721068,0.4977816,-1.3068324,0.5496216
-0.63926154,-0.48283243,-0.124407895,-0.524233,0.023185909,0.33236542,-0.11971158,0.768847
1.1369152,-1.4839752,-0.25141665,-0.016553301,-0.6034962,-0.060801245,0.48193586,0.66982996
0.38384017,1.3133188,-0.92776865,0.9727693,-1.0253687,2.094771,-0.6355334,0.14887398
-0.11935329,-0.5153181,0.8024397,0.2738419,0.6925859,1.1298368,0.3788212,0.1450499
0.06662262,0.14680153,-0.45993245,0.32806462,0.045413937,-0.6144429,-0.39618146,-0.06406977
0.9425663,1.4915484,0.29558393,-0.95684826,0.93531096,0.5366577,-0.36442956,0.13268042
-0.19011503,0.3834402,0.6824078,-0.35180432,-0.0675743,-0.4618149,0.2674324,-0.50052613
-0.042889044,-0.593382,-0.9305872,1.2037431,0.58150244,0.22166438,0.4535707,0.95313257
1.3985848,0.26907134,-1.0690806,0.10198718,0.2844667,0.06891777,-0.106762365,-0.38135567
1.3615379,0.8586217,0.3903663,0.8125637,0.19098009,-0.32490516,0.67533165,1.9128945
0.25789812,-0.058980394,-0.16859695,1.2094127,0.36550587,-0.65205663,0.33817217,-0.08698165
0.4899903,1.1032959,-0.11485544,0.98335385,1.5565046,0.029520094,1.6456906,1.6028135
0.9686104,0.586111,-1.2852706,0.7838854,0.19723877,0.58155835,1.6800438,-0.497421
-0.39576107,0.028545072,-0.70268506,-0.7367409,-0.7825478,0.1355882,0.743313,0.9538622
0.6578927,1.2983539,0.7015216,-1.0721701,-0.06739356,0.3230838,0.4185922,0.36897358
0.22993535,1.7015758,-1.3977711,0.6599559,0.060378566,0.40787637,-0.15274079,0.65988463
1.7140068,-0.63891506,-0.5718935,-0.35753125,0.18645427,0.16731697,0.3998738,0.5735019
-0.6025246,0.53042495,1.0007368,-0.2283331,1.3029714,-1.0054997,0.08993037,-0.22500965
-0.19209999,-0.0061703753,-1.0457654,1.7080394,-0.04167947,-0.5969685,0.3666083,0.73614347
0.769506,0.90955067,1.9717892,0.74821013,-1.2741604,-1.342016,0.0557968,1.2452581
0.2328665,1.1075472,1.174288,1.1071855,0.7539481,-0.118872285,-0.036911294,0.2776501
1.0646709,0.4953145,0.3751056,-0.12083925,-0.11389381,-0.45659396,0.36600897,-0.81669116
-0.64721864,0.87439346,-0.45798603,-0.2660475,0.30302456,0.057006046,-0.38766655,0.28691053
0.17063445,0.11653231,0.8734728,1.7159685,0.6259625,-0.080504216,-0.09849961,1.0221088
-0.6339163,0.79396373,0.948656,1.1686511,-0.0119729,-0.04972972,1.4793556,0.37426564
0.61298317,-0.48437464,-0.11450778,1.1003727,0.54181135,-0.91876465,0.79121155,0.050100066
-0.38506442,1.0181803,0.42709953,1.2741046,-0.10401802,-0.6428591,-0.30757102,-0.30301338
0.34216598,1.6233305,2.6218786,0.13257924,-0.077265106,0.12108565,0.55088145,2.9605556
1.0458373,0.51169175,0.7963716,0.1936047,0.48237368,0.41391104,0.36434916,-0.1737256
0.054534283,-0.90777546,0.22351953,-0.1068057,0.7136736,-0.0044175033,0.51552266,0.3812942
-0.7258165,0.25867513,0.30316246,0.4586067,0.3372585,0.47254026,1.1093327,2.188418
-0.4063921,-0.18176754,-1.1023571,0.3278164,0.36929,0.9391398,0.7845127,-0.21867952
-1.0584612,1.3796726,0.20718902,-0.41783914,0.33016223,-0.96155566,1.7660606,0.33923712
-0.5338936,0.59444547,0.108744554,-1.4640135,1.2567734,-0.051946558,-0.23558629,-0.42880288
-0.021985576,-0.4763719,0.35487676,2.158652,0.31547064,0.081865974,0.14356932,-0.4655684
0.041337423,-0.6299367,0.5556778,-0.41076928,0.4995411,1.489775,1.3535509,0.40768093
0.26050416,0.9929536,0.6828706,-0.89966476,2.197142,1.0141764,-0.47128573,0.26440278
-1.687864,-0.4603205,0.33955222,1.4569571,0.5860441,1.4697016,-0.7217726,1.2064036
0.594717,-0.06555791,0.08668469,-0.45645055,0.45401564,0.17159832,-1.2407172,0.765724
0.29239804,-0.26572478,0.22209817,-0.17916147,0.013124601,0.052332483,-1.4612991,0.6525167
0.6593678,-1.0088173,0.118491285,1.023142,0.63263255,1.1455237,-0.36660108,0.34380412
-0.34143454,-0.42317814,0.47297993,-0.33408326,-0.11184439,-0.27709517,0.86899495,0.62761205
0.5216055,0.61209846,-0.6003682,0.8425406,-0.3041067,-0.39728725,0.030194078,0.2308256
-0.013709269,-0.67884696,0.28475088,0.5449805,0.77127916,-0.32411525,0.9019254,-0.29142776
-0.039070606,1.0232607,-0.25787517,0.27757645,0.90076184,-0.30278397,-1.0914179,0.399163
-0.02754473,0.10886189,1.2676575,1.075339,-0.43769327,0.70599926,-0.5407885,-0.8871163
0.5580461,-0.34187746,-0.1332491,1.6216649,-0.5112695,0.68132627,-0.48871103,0.5074789
1.1144348,0.45633957,0.38883954,1.565449,-1.5218654,-0.59526694,-0.5057056,0.6407383
0.3041386,0.23767006,0.31378996,-1.157445,-0.98628324,0.24343279,0.19562294,0.6225593
-0.15368849,0.7231584,0.630377,1.1308597,-0.9678279,-1.1412798,0.4350401,0.043348446
0.119950525,1.4101659,-0.55183655,1.5158217,-0.6894426,-0.038526006,-1.4019277,0.051197097
1.2638507,0.06622252,-0.24009627,-0.2520456,-0.6239212,-0.18445228,-0.1736226,0.08066909
0.10986231,-0.6620071,0.86503536,-0.014595728,1.1752301,1.5870465,0.99430966,0.44176376
1.3936895,-0.022726499,-0.17544916,0.010835763,-0.16534372,-0.004725935,-0.8062015,-0.099845596
0.23530123,1.1649728,-0.96919906,-0.5251312,-0.5795416,-0.95260674,1.6021881,0.1883018
-0.30326638,0.5447616,0.3009439,-0.74342936,-0.45484197,0.12209607,-1.0233898,1.4937185
-0.025098227,1.0124539,0.08722708,0.30767393,-0.6901741,-0.08914753,0.1269447,-0.94628257
0.28202164,-0.32281345,-0.26617956,0.103713796,-0.018022127,0.9499842,0.18934575,-0.46694538
-0.47968143,-0.2045775,-0.36586863,0.48362753,0.78112006,-0.5488646,-0.22100364,0.58163273
0.20539844,0.28883046,0.81881547,0.6154382,0.20598476,-0.64011616,0.37172142,-0.70730895
0.4983559,2.2987192,0.7002915,1.3882904,-1.0759294,0.2299755,0.3901434,0.65461695
-0.33772066,-0.49905157,-1.1882013,0.19402008,-0.81601554,1.0068594,1.2374969,0.8212298
1.5553163,1.9296106,-0.370161,0.504957,0.007759356,0.57499987,-0.14222182,-0.2401405
0.37320733,0.59441596,0.9551458,0.6062559,-0.4358923,0.70660704,0.20421526,0.86502576
-0.0664031,0.57017154,0.10839235,0.3699798,0.22002839,0.23298034,1.2779819,1.5488307
0.22303674,0.6340465,-1.2007588,-1.0511903,0.41225496,0.487877,1.1985614,0.21051732
-0.06738395,0.0026713852,1.831168,0.52186906,0.96802336,-0.5438241,-0.9964056,0.9282368
1.0073533,-0.10328646,0.2760137,-0.46789905,0.31162137,-0.61987495,1.7068613,-0.42269105
-1.3787336,0.618469,0.34770802,-0.16578516,0.43518552,0.92654455,0.0022455417,-0.08246877
0.4098593,0.5518367,0.6616513,0.9674476,-0.17101817,0.37516695,0.07817739,1.219061
0.17052221,0.13353665,0.8274749,-0.9897269,-0.46638507,0.16257945,-0.18401049,-0.020704128
0.83107245,0.0030999854,2.2004592,-1.0886257,-0.21229845,-0.2611946,0.0789741,1.0874535
0.5526382,0.32215622,-0.13711801,0.8412498,-0.8704663,1.203973,-1.0045805,0.07951678
-0.36929044,-0.110329375,0.107038535,2.201271,-0.41282818,0.2730445,0.4856184,2.2142704
0.1913332,1.9422112,0.47028455,0.32482246,0.8348496,0.20669702,-0.7752326,-0.35493922
0.11754735,1.2296956,0.13397095,1.8271921,0.09973954,0.6182757,1.1586127,-0.27946103
2.1064837,-0.5496665,1.4304187,0.40955228,0.60910803,0.6109793,-0.03849322,-0.034182876
0.37590435,-0.12556536,-0.5313848,0.40086013,-0.78517103,0.14930426,0.31158784,1.1408392
0.70016664,-0.71728945,1.4327543,-0.049959984,1.4212106,0.93346053,0.11842817,0.33445776
-0.028560407,0.33051336,0.4597349,0.92272913,-1.1152778,-0.68873,0.34946617,-0.4003042
0.13403139,-0.6441585,2.0087016,0.42615736,0.62378055,0.73051125,0.8924504,1.3101687
-0.71801805,-0.93059987,-0.40310505,1.6258771,0.042544287,1.0158651,0.27448016,0.47861254
-0.055154346,0.74311167,-0.13717943,-0.051259805,0.9127275,0.74979204,-0.75465024,-0.5973067
-0.34722763,2.1863487,-0.39800116,0.6938616,1.0653052,-0.045900263,0.38231444,0.4112433
0.36008504,0.959584,0.5263801,-0.44920257,0.95175654,1.5027758,1.09275,-0.44576004
-0.34093824,0.19810158,-1.3070136,-0.13344188,-0.4400749,1.3711463,0.2360828,-0.37655953
-0.579819,-0.1320627,-0.80366814,1.064116,-0.17447117,0.39610574,1.765167,-0.6635642
0.5244768,0.12999463,0.779296,0.5320734,-1.0677626,-0.8900983,-0.4121649,1.8546665
0.22067657,0.87050724,0.27548385,0.72210085,-0.82793754,-0.48918763,-0.7885028,0.10366349
-0.42547503,-0.4980567,-0.40210438,0.476572,0.6748665,-0.96994245,-0.0067062844,0.20574662
-0.13968167,-0.047219444,0.087435625,0.11164517,-0.8534146,0.10375153,-0.71572626,0.22066274
-1.2402717,1.0701609,0.8153241,1.9174838,1.1231275,-0.31978017,0.49750584,1.3794707
-0.027181678,-0.6697731,0.06337425,1.6756505,0.5818321,0.25377226,0.9197382,-0.48798785
-0.55911094,-0.6524364,0.059039682,-0.0823949,-0.43264332,0.539896,0.73217463,2.0525203
-0.2922468,-1.2688859,-0.091107786,-0.26848945,-0.6214566,-0.07137161,0.6714253,0.3606535
-1.1287063,0.1929091,0.32715923,0.7059128,1.4673514,-0.6339052,0.5100833,-0.3402028
0.88670033,0.32544234,-1.0807855,1.8723361,0.30261695,1.1934718,0.6588745,0.4925754
-0.009635963,1.2420683,0.4140035,1.288257,-0.8099638,-0.7078957,-1.0591882,0.08608323
1.3321148,0.013891452,-0.41980264,-0.3669535,-0.34500417,-1.4433038,-0.28512332,0.95677185
0.26665825,0.1042884,-0.032615196,-1.5846363,1.533193,-0.40762296,-0.45421788,-0.14105123
0.3313179,1.5135919,-0.29121503,-0.2543094,-0.08019373,1.4300747,1.5086905,-0.039156064
1.745282,1.0543045,-0.5635012,-0.5059214,-0.8820446,0.26446238,-0.626525,0.56564236
0.7968414,-1.5058194,-0.436491,-1.0799699,0.1911798,0.7861158,0.6911394,-0.24238762
0.07844401,0.615041,-0.517254,0.75858104,0.83539534,-0.5520829,0.61982775,-0.04829725
1.0267922,-0.43317035,-0.15405264,-0.004356142,1.0335025,-0.34477374,0.6566923,-0.14411095
1.1586002,0.4608492,1.6077337,1.1475894,-0.51420397,0.048616096,-0.61627394,-0.2734817
1.3111051,-0.23705058,-0.62731946,-1.0794256,1.6562929,0.028427605,0.69779783,1.5355053
0.4676238,1.7081276,1.2841709,0.25875977,-1.2827631,0.92458856,0.5606065,-0.28290442
0.7001613,0.56294626,0.11238014,-0.25131267,-1.4488113,0.18330242,0.8441079,-0.20883998
0.53128314,0.59190017,0.8108735,0.02059834,-1.0828098,-0.16783392,0.03719319,-0.86178774
0.13244736,0.54653597,-0.9939328,1.0045482,-0.42539835,1.0544686,0.9965335,0.11843678
-0.7810822,1.3017597,0.32717222,-0.3220241,0.17109182,0.5869525,0.29489422,-0.17657053
0.96736866,-0.31575727,0.5140196,-0.3714255,0.25939646,1.1870495,-1.2364031,1.1306527
0.74854285,-0.23880346,-0.3914173,1.1383048,-0.27757263,1.0145568,0.78544235,0.22137222
-1.0676724,0.2558236,1.0336986,1.4978092,1.1625097,-0.7458858,0.8991932,1.8414193
0.81011456,-0.34682706,0.11021551,-0.26165402,-0.481965,1.003562,0.67787814,0.07811928
1.0186203,0.11945413,-1.2946442,-0.1412474,-0.10837692,1.7568341,0.13260093,0.82359695
-0.7709075,0.2225066,0.45709172,0.30037054,-1.3006704,0.7039146,0.77170616,1.6953311
0.50478286,0.17546967,1.2836888,0.3211028,-0.07014641,0.9182948,-1.0904231,-0.0753155
1.9738477,-0.4403882,-0.8144311,1.341602,-1.0093085,0.37560254,0.66700184,0.45954856
0.23375401,0.08034755,-0.87860495,0.12858155,0.20114337,-0.2589454,-0.50822073,0.24343526
-0.8304106,0.20343472,-0.11770416,0.5974245,0.6821372,-0.47933033,-1.3521137,0.0027365237
0.356398,2.2477527,0.21222892,1.1622374,1.6453277,1.3035167,-0.35965785,-0.37797964
-0.32830623,-0.26339775,0.9382846,-0.0019322708,-0.45211977,1.184583,0.57000285,1.3589761
0.08231062,-0.21306488,0.60828346,-1.1363024,0.094758034,0.10875375,1.8413528,-0.706087
1.1635035,0.03421906,-0.3745723,0.11202313,0.35611933,-0.40993583,1.5380465,0.7180332
-0.3811841,1.1856021,-1.1155037,-0.23914142,-0.036456335,1.1944728,-0.16118431,0.4544197
0.027229015,0.2049237,0.10167082,0.45280144,1.329909,-0.9336882,-0.5350143,0.27021152
0.14237429,0.38496032,0.69278175,0.6806897,0.8280447,-0.36009803,0.05600546,0.08515232
0.3422477,1.4960916,2.250881,1.0000339,1.2977345,-1.4569938,0.29777443,-0.14955392
1.0717702,0.3116242,0.087349415,1.5169053,0.044519775,-0.4049372,0.14691125,-0.85017043
0.91271544,0.2857329,0.23669466,0.47658092,-1.2053932,0.16495508,0.07423371,0.20451754
1.6493247,-0.35671923,-0.0038608983,0.91654545,-0.9395409,0.97671723,0.72851676,0.0022507831
-0.6991822,-0.7227846,-0.19974104,0.27906635,-0.48470774,-0.081847854,1.1148638,-0.07035694
0.94328046,0.37322548,-0.061223995,-0.48764423,1.5805986,-0.30627683,-0.92996913,0.3915663
0.57337636,0.2589449,-0.523997,-0.53294164,-0.42458728,0.32764107,-0.82774776,0.21778765
-0.17587277,-0.043749023,-0.239068,0.44075993,-0.6758831,-0.9213283,0.43374327,0.16621372
0.58020294,0.7263981,-1.0374869,-0.008314136,0.9832859,0.56498224,1.4094964,0.96138096
0.18530816,0.39628512,-0.4430834,-0.22026925,0.1150708,-0.53693837,-1.071343,0.48145682
0.1815571,-0.41945237,-0.3915933,-0.26731414,1.8045658,0.41521767,-0.063620135,1.7311298
-0.42092216,0.7179811,0.50399476,-0.60529286,0.111104764,0.2574855,0.6371365,1.1406423
0.69908,-0.6053532,-0.5574542,0.8915835,1.3913934,-1.06725,0.6839934,0.65832174
-0.53288805,-0.07327923,0.97457814,0.36815354,0.088412106,0.4422739,-0.60472006,-0.08614456
0.114894,-0.06418133,-0.55270445,0.5951544,1.8053324,-0.3010664,-1.3774785,-0.3902079
-0.55015266,0.68560976,0.11805365,0.20638216,0.021707166,0.27610502,-0.97404087,-0.07484909
0.19479147,-0.22635667,-0.48359373,0.5151881,0.4278149,-0.2221053,-1.0804778,0.7346471
0.26142448,-0.9958996,0.3492814,0.038956005,1.0411022,-0.6668032,1.7934161,0.03437382
0.016224898,-0.0483674,-1.2314094,0.67064595,0.1368627,-0.6726929,0.95980245,0.5086099
0.15254632,-0.33401155,1.1629723,-0.7057831,-0.51306045,-0.5218362,-0.2762384,0.5204894
-0.9401939,-0.2953433,0.103126384,1.3996583,0.75152886,0.025782337,-0.45435363,-0.299588
-0.05081527,1.3008116,-0.5596764,-0.7356023,-0.2756023,0.60419077,0.33172527,1.4537796
-0.96779776,1.378651,0.53762394,-0.4772611,1.7123588,-0.26918045,-0.745001,-0.02002079
0.10132878,0.07867715,-0.43373623,-1.04385,0.611908,-0.47525612,1.541434,-0.53067535
0.2877203,0.39799833,0.056997918,0.45792872,-0.5661146,-0.8456037,0.0060922764,-0.5402467
-0.5134255,0.39116448,0.41314897,-0.62766755,0.38858807,-0.5607602,0.3005839,0.09379248
-0.11002543,-1.1236588,0.19832182,1.5316777,0.14932579,0.99362224,-0.25454938,-0.5515242
1.4210216,-0.34962898,-0.4675841,-0.22421296,0.20874973,-0.7024221,0.26457343,0.3966329
0.07231431,0.72862226,1.4490253,-0.4721913,-0.49320188,1.9396143,0.7465368,1.3754196
-0.2929282,-0.9743747,0.8746042,1.0299374,-0.42452422,0.55164963,-0.04746638,0.5723795
-0.27121818,-0.71219075,-0.11186917,-0.19008797,-0.0063416506,-0.041160338,-0.0143142585,-0.22122529
0.46783668,0.6097557,-0.65358865,0.2846028,-0.27891064,0.7496302,1.8825209,0.37814403
0.5505617,-1.8001357,1.9887958,-0.46122774,0.103054516,-0.44786847,1.3953198,1.2757732
0.19422236,-1.1295869,0.3344528,0.6216479,0.22089985,1.346762,0.34145942,0.3995797
0.10706924,0.14311883,-1.0441833,0.76283413,-0.50083995,-1.0161339,0.9150866,1.2582726
0.76456904,0.6949291,0.44630784,1.1523287,0.24004222,-0.5873162,0.4558724,0.6533337
0.7895073,0.15508813,-0.6488235,-0.020456921,0.2792329,-0.7171119,0.04101968,-0.008928329
-0.6796962,-0.3885418,0.24993044,1.1448604,0.14586854,0.2127811,0.18540967,-0.3162015
-0.051861107,1.1814948,0.39419365,0.794249,0.19382994,0.9929572,-0.6230755,0.6755392
0.48323083,1.1100681,0.97048515,1.773944,-0.5896175,-0.6692208,2.2192822,1.310059
0.6122023,1.3898077,1.053832,-1.1701771,-0.6123157,0.19384992,-1.0619162,0.33768463
1.6584547,0.9320922,-0.4095457,1.3016788,0.18121989,-0.38621166,0.21431303,0.24342519
-0.12736672,0.32678622,0.6390555,-0.51456827,-0.59689796,1.2792418,0.33792698,0.65846425
0.26569578,0.7502456,0.1644705,-0.92638505,-0.5812169,1.0581346,0.7621246,-0.6611988
-0.35426974,-0.41728908,-0.64334583,1.343704,1.0871421,-0.14146796,-0.018767469,-0.44555154
-0.6431799,-0.29072127,-0.3845757,1.5852486,0.58560854,0.12578447,-0.5794787,-0.268912
0.11580644,-0.80126786,0.48998597,-0.41523805,2.362132,0.17975615,1.0852941,-0.5633677
-0.2279711,-0.2622153,-0.29869074,1.36235,0.34230122,-0.108474806,-0.39753044,-0.36124438
-0.13145033,0.75489753,-0.5895568,-0.021074604,-0.5667926,-0.7963644,-0.16672406,-0.41437784
-0.8844649,0.6965247,0.043049283,-1.005668,1.3525541,0.31985414,-0.9897238,0.34972283
0.34681764,0.29991832,1.2510701,0.0001949966,0.3517058,0.23031618,-0.592759,0.17539933
-0.18063655,-0.22134204,0.1966972,0.79857635,0.14844747,-1.291135,0.55890715,0.6236687
-0.019242175,1.5178668,-0.09019375,-0.57016826,0.35577694,0.3969557,-0.16823277,-0.27906647
-0.1903241,0.59785545,-0.99115497,0.59725916,-0.69144756,0.2786946,-0.50914836,0.716783
2.0732405,0.7711663,0.10547096,-0.22885038,-0.109209515,0.14579864,0.47996092,0.14553757
-0.042447858,0.2393462,-0.79842603,0.08334002,-0.11922178,-0.28515,0.06727575,0.13430956
0.497089,-0.23492102,1.1368146,0.76946276,0.85071677,-0.3129878,0.6495839,-0.15469962
-0.020949364,-0.76618606,-0.6910326,-0.8544249,0.88402015,-0.9902613,0.96598697,0.33894038
-0.21121451,1.2865974,0.26648498,-0.83726215,-0.80665433,-0.054472983,1.1971738,-0.5116464
0.040816225,0.06401814,0.72514176,0.35576636,-0.3996551,0.4837221,-0.5347741,0.16007276
0.6521106,0.19688194,-0.21275401,0.94329315,0.94577837,-0.5765342,0.019685414,0.042864606
0.7811899,-0.10269901,-0.069680326,-0.762279,0.034605965,1.0731094,0.81497663,0.18378454
0.71825475,0.1425639,1.0339924,-0.51578534,0.5106335,1.1423712,-0.6378899,1.2087653
-0.42873874,-0.850568,1.1802703,0.816883,-0.013934346,-0.93014205,0.6321601,0.5328293
0.8823198,1.186683,1.3310347,1.1748744,1.8569005,-0.6674814,0.4129133,0.005320251
-0.5677056,0.28192776,-0.17087412,0.6881853,0.10604785,0.2487841,-0.8339586,0.18534836
-0.48340714,0.6478365,-0.44890648,0.58002317,0.34669152,-0.12053858,-0.028827313,-0.7295772
-0.54388624,-0.0055540893,-1.0181179,1.4306909,1.1127027,0.059495293,0.78010744,1.7971684
0.04816502,-1.1496546,1.8180753,-0.5848585,-0.21154462,0.8574677,-0.1985451,1.1093627
-0.18660575,0.8220385,-0.2527932,0.08236979,0.44890997,0.41290635,-0.16596314,1.3258477
0.5957146,1.4284277,-0.92711216,-0.8523541,1.258003,-1.468206,0.7138476,1.6131421
-0.0858176,0.37112066,-0.060076024,0.8396511,-0.48085797,-0.053497598,-0.12690836,-1.0846947
2.7808063,0.53042585,1.1177912,-0.6398897,-0.51248175,-0.17234062,0.22121172,0.12106861
1.1721568,-0.2798993,0.4678157,-0.0559511,-0.13486703,-0.4175801,-0.4319923,0.87580216
0.80928254,-0.2006843,-0.113834225,0.16090618,-1.1900686,0.24488918,0.17898715,0.5778298
0.5840886,-0.55885834,1.0151885,0.6378465,-1.5274663,0.3300891,-0.1980072,0.081507206
0.8889302,-1.2211134,-0.7520223,1.1130838,-0.38322636,0.27737567,-0.14462887,0.043657824
-0.4381259,0.093363374,0.31651476,-0.12996818,-0.206729,0.32694012,-0.09593174,0.22448248
1.2640764,0.2875396,0.7483367,-1.0449297,-0.34606567,-0.6900684,1.0949469,0.3246946
1.0987047,-0.36993995,2.275562,-0.71831656,-0.187425,-0.033226125,0.39864838,-0.37017128
0.9340448,1.0521349,0.23848185,1.8615572,0.19100414,1.9363753,-0.3799972,1.1194512
0.43828797,-0.7014224,-0.06519677,-0.52769864,0.7852014,-1.1098803,0.9212169,0.88660884
1.8869247,0.9829908,0.1563392,-0.19499129,-0.3147784,0.063028306,-0.9155278,0.14993319
0.9830369,-1.1252217,0.27065006,0.9515613,2.3165388,2.1486793,0.0318898,0.098009475
0.0032525547,-1.0317538,1.4747399,0.43252432,0.61011535,-1.2018267,-0.14434265,0.67136526
-0.17821744,-0.064581156,-0.2150271,-0.5748009,-0.7120805,0.2148303,0.17391123,0.5254474
0.17076093,-0.79587436,-0.050886557,-1.3355188,0.19266912,0.31237352,0.62601244,-0.5726717
-0.35219938,0.4369199,-0.32757807,0.86350614,1.6987044,-0.74115753,0.7809427,-0.59689254
-0.040770404,0.9709599,1.1015298,0.59133476,0.7889961,-0.5273048,-0.032025374,-1.2841303
0.9370944,0.4283564,-1.7408708,0.108292505,2.0448298,-0.22243182,0.83379036,-0.58344865
-0.13497576,-0.22118255,-1.042233,1.4149268,0.8143127,0.0180799,1.0025429,-0.626083
0.05550632,1.4903263,1.9330233,-0.78554773,1.6989812,-1.076162,-0.5654726,2.6208308
-0.07794543,-1.1129819,0.16172063,-0.21593554,1.9922206,0.21855937,-0.1570173,0.43711847
-0.02661784,-0.7087963,0.023728915,-0.4437024,1.4279964,-0.42037454,-0.44164506,0.8236067
-0.21335271,1.251851,0.4489365,-0.6832207,-0.6026116,-0.56615907,0.5780833,-0.31735513
-0.05061344,-0.35592663,-0.40533513,0.16791789,0.060393862,1.0500691,0.22755285,0.020961355
0.2007505,-0.5156576,-0.7943532,0.61262697,-1.1432705,0.78339964,0.68990266,-0.027256005
0.040639237,0.8033075,1.3509386,-1.0179306,0.74715775,0.49792877,-0.82956654,0.09114394
-0.4417745,-1.4105623,0.017425708,0.26857916,0.8568411,-0.07422999,-0.48935512,0.50311357
-0.341974,0.23638459,-0.087975085,-0.93511355,-0.6516215,0.29760376,1.0257123,0.67926186
1.1748661,1.292674,0.05601582,0.60256726,-1.8870472,-0.7730357,0.37263635,0.7890171
-0.66691774,1.0934687,-2.0812042,1.1236349,0.7563399,0.83240926,0.39097512,1.230671
0.45449442,1.6240305,-0.57274264,-0.67977303,2.4139202,0.0011842512,-1.1095506,0.072929315
-0.14774263,-0.39768776,-0.5538272,0.37912253,0.8946944,1.1794465,-0.6217162,0.5981515
1.3605462,0.48520106,-0.6384491,0.28708893,-0.3174665,-0.43843365,0.58356243,0.41495383
-0.6454947,-0.10401842,0.23713896,0.07847059,0.039345313,-0.27014202,0.489635,-0.8371409
-0.23997769,-0.2976011,-0.28465587,0.9419235,-0.48810574,0.12052857,1.7070036,1.1971878
0.7598523,0.90503395,-0.9031819,-1.2967284,-0.43550462,0.673115,-0.29950926,1.6038918
0.81378806,-0.574787,0.5411017,-1.0924364,1.0234718,0.45841068,-0.04183335,-0.045081705
1.3727738,1.7359021,1.9359668,0.31738228,0.53517646,0.065327875,0.9023373,0.13993691
0.7010183,-0.83983475,-0.5049822,-0.8029161,1.534068,-0.3839485,1.0691947,0.09802016
0.4376545,0.8027313,1.4422606,0.99597824,-0.11841749,0.052499577,0.16851524,-0.3657632
-0.87605816,0.9875179,-0.35044906,0.37902108,-0.16008407,0.5218948,-0.94120693,0.23294044
0.56449246,0.6227556,0.121827774,0.7499656,0.42361265,-0.34094948,0.8055758,0.5400176
0.5999223,-0.2875292,-0.8775165,0.469306,-0.3124108,-0.6526905,0.04630662,-0.60634923
0.31572178,0.16290335,-0.5751224,1.325292,-0.9657344,-0.73486143,0.18543907,0.19597429
1.1520985,-0.59015864,0.89749175,-1.3416404,-0.06682962,1.2418761,-0.5194445,0.20965865
0.50800514,1.1822367,0.58938867,-0.149853,0.40870672,-0.27430612,-0.5628455,1.2496419
0.49927288,0.3556667,0.5738681,-0.6213166,0.14769751,-0.35857108,0.58861923,0.81762004
0.7843406,-2.007432,0.93345344,0.020178683,0.9174169,0.2929237,0.2676902,0.9237308
1.1250964,-0.798914,1.2402278,1.3355536,1.7862626,1.3924438,0.505539,0.08527762
0.7618093,1.41929,-0.40518078,0.056583975,-1.4736462,-0.3956706,0.55281126,0.6519701
0.52991426,0.3122258,0.654663,-0.16653244,0.43446672,-0.7418022,-0.55015427,-0.2656756
0.8053558,0.65648335,0.38838914,-0.18261635,-1.1479688,-0.28236952,0.026462298,1.300463
-0.27722368,0.22050652,0.0031410605,-1.3615817,0.01632116,0.77900475,-0.41793272,0.29458708
-0.27803832,-1.0045973,0.2372072,-0.41763207,0.4054301,-0.1559135,0.4319919,-0.410385
-0.12897131,0.24370362,-0.86574733,0.82442945,-0.3905637,0.071609244,0.60702693,-0.123443864
0.27953625,0.550263,-2.1715074,0.14224088,0.007298314,0.027723357,0.9645417,1.1293002
-0.16283667,0.69949055,1.4552336,0.0035351664,-0.9270466,-0.29107195,-0.68553925,0.016096953
-0.3365941,0.9915657,0.18703917,-0.8296654,0.6495387,0.43656585,0.37199506,-0.36924827
0.65160686,0.67177826,0.8490651,0.53772277,-0.6864067,-0.7848101,0.069181636,0.40273663
0.839568,0.4617921,0.59780544,0.6108541,-0.25483596,0.06881443,0.53307706,-0.054770157
0.6249853,0.5051817,0.5745941,-0.34397745,-1.0242636,-0.020864638,-0.32455376,-0.24745885
0.530053,-0.5401373,-0.34275582,-0.27095225,-0.44569552,-0.27201468,0.40939072,1.6144533
0.29933333,0.7868639,1.1678811,0.4212905,0.15766403,0.22346386,-0.052244812,0.24349326
0.37728104,-0.2640012,0.19542307,0.19359222,2.5760915,-0.7340082,1.9341985,0.2846984
0.4654243,0.57893866,-0.85696614,-1.0051575,0.66921234,-0.17729546,0.7618471,0.10178876
-0.3282998,-0.023424923,1.534748,0.8611321,-0.38756973,-1.5064877,0.9119093,-0.64737135
-1.0212666,0.26539972,0.52852273,-0.5482225,0.15879445,1.2314779,-0.32962346,-0.39900783
0.9337433,0.0710472,-0.32906222,-0.46736196,-0.68297404,-0.13520859,0.51285195,-0.38694432
0.16770865,-0.9629766,-0.1339606,-0.59512705,0.39136845,0.2187641,0.3375359,0.15395191
-0.68197453,0.7075139,-0.16103303,-0.86601925,0.704004,0.16421503,0.12077814,1.3743995
-0.34328383,-0.088762,0.37208164,0.2205067,-0.9908685,0.11907966,1.3960849,0.36386582
1.3859289,0.18507715,1.0007976,-0.47153547,0.5606265,-0.010572894,0.6321612,-0.8821451
0.53157973,-0.7576529,0.39560127,2.626292,0.07324648,0.9711985,0.47698283,0.6082526
0.13920277,0.7559504,0.554415,0.9738355,1.5948143,0.3337833,0.5161799,0.26826513
-1.0562179,0.4879568,1.4288019,0.4314251,-0.5692032,1.4525795,-0.40346697,-0.21831691
0.4572331,-0.7119968,-0.3225074,1.4813701,-0.85058033,0.012970582,-0.5229124,0.3256028
-1.4579589,1.3172123,-0.77056015,1.6011277,0.5707913,-0.4773822,-0.4519142,1.8837734
-0.42422447,0.8442241,0.5666566,-0.93430716,-0.97234136,1.3016258,0.8447864,0.8472504
-0.5415199,0.22738625,-0.28067476,1.308172,-0.7630713,1.0968639,0.7982252,-0.8722191
-0.1435855,0.47638586,-0.07483028,0.45361254,1.7452596,0.29694027,0.54520726,0.16407578
1.362925,0.15292227,0.97651035,0.18747018,1.1940948,-0.7735049,-1.186279,0.23150218
0.72638744,-0.09642361,1.5500641,0.75744945,0.022554208,0.58261395,-0.59018177,-0.43433383
0.19013706,0.37647837,1.0245106,0.19531995,-0.7853026,-0.11782411,-0.60150105,-0.5530451
1.4590164,-0.14424731,-0.08096613,0.43047985,-0.54916334,-0.20029175,-0.2543563,0.82638186
-0.23694229,-0.41624284,1.0904411,1.3946725,0.24504201,-0.28022584,0.36974835,2.1194422
-0.07276031,2.5458944,-0.8329902,0.23397961,1.1670606,1.3037742,-0.4649687,0.57347316
-0.5224344,0.11298591,0.9102311,-0.7618406,1.1129353,-0.3931903,0.8592921,0.7029132
1.5675671,-0.73933196,1.3026373,-0.5056172,0.91386944,-0.5630147,1.5540863,0.6555608
0.6094179,0.11973296,-0.66459036,1.167342,-0.031304743,0.73292863,0.6996513,-0.08976997
-0.088408984,0.8020752,-0.41521016,-0.32693812,0.9590307,1.6357213,-0.4058075,0.37567383
0.4012259,0.30669492,0.6244055,-0.19154276,-0.17310196,-0.8310203,-0.3996012,1.8927823
0.19299081,-0.5002256,1.5420218,-0.18093635,-1.0934342,0.5232304,-0.5823121,0.49941936
-0.36661738,0.43565106,-0.24025127,-0.09972288,0.4060036,1.0475446,-0.8805049,0.19866952
-0.18794218,1.6787691,-0.55080324,0.1355858,-0.28271374,0.38031992,-0.6726623,0.046876937
-0.09996378,0.47817415,0.95375836,-0.90161824,-1.1279578,0.8040305,-0.46515304,0.5302196
1.3294753,-0.12983729,-1.3089683,1.2647727,-0.03525962,0.4430039,0.8635811,2.0690923
-1.0005795,0.22662635,-0.9309028,0.29723427,-0.31126884,0.98439354,0.7213594,-0.97716767
1.0280241,0.06255496,-1.1977116,0.98231834,1.145728,-0.09345152,-0.68965805,1.0335659
-0.6344585,1.6081339,0.9153063,-0.06340939,1.4861417,-0.3935654,-0.27466315,-0.52257323
-0.166533,0.35863623,1.1495532,-0.14431383,-0.3452717,0.30104786,-0.37071836,-0.15084386
1.0914092,1.2272439,-0.11582313,-0.95135295,-0.8281015,-0.58859724,-0.9253564,0.5445122
0.16969228,1.1861868,0.14072141,0.9780167,0.1257442,-0.42453063,-0.64373994,0.331807
-0.18372214,0.13219458,-1.285183,1.7808867,-1.3158094,0.38452432,0.015765928,1.1270747
0.7748248,1.4739617,0.44024396,0.06647608,-0.51062936,-0.54583937,-0.39512548,-0.36798158
-0.80229896,1.887592,-0.48365423,-0.620198,0.8735351,0.4806396,0.32026002,-0.3314267
-0.2629531,1.1889888,-0.07137665,0.0025489554,-0.12819871,-0.2250318,-1.0380983,0.68866616
1.2400893,1.7015444,2.4255152,-0.10459697,1.7428421,0.61600524,0.27190286,0.5455947
0.085631534,0.42020372,0.084112085,0.30953905,-0.14831595,-0.6001472,0.3445813,-0.12206208
0.7365676,-0.6035877,0.39425048,-1.245362,-0.8804137,0.39990166,-0.27402517,0.0044350177
0.16974664,2.024312,0.61850727,-0.34493163,-1.2909629,0.069433555,1.0742846,1.6125116
-0.98996365,1.5009099,0.67589974,-0.68192035,0.65600103,-0.13081563,-0.67629325,1.2446114
0.22750255,0.90126145,0.35441,0.8743626,0.89344555,0.58464605,0.26341385,-0.51242685
0.18327793,-0.042960424,0.02945888,-0.69640267,-0.7540846,0.81404847,-0.2091676,1.1831058
-0.88444644,0.7768963,0.5003872,0.6424199,-0.04383851,0.18907893,0.25288782,0.6987643
1.7786025,0.9047832,1.2722051,-0.12432805,-0.96550435,0.9349464,-0.8895815,1.0088406
-0.48780853,0.2355504,0.06903262,0.6017545,0.8208319,0.35261714,-0.11102596,-0.10022796
0.02335624,-0.7482768,1.7707266,0.26585865,0.17354728,-0.6187629,0.22713663,1.504194
0.44871783,-1.5199941,-0.09930583,-1.3052741,1.3908368,0.48236004,0.13868782,1.2504189
0.2294288,0.2807217,-0.5442722,1.323368,0.47121,-0.7433498,0.10506752,0.94387245
0.49127027,-0.16082563,-0.71941066,-0.015195716,1.4908385,0.1481901,-0.25522634,-0.23546243
-0.36519745,0.08203457,1.4380156,0.2080152,1.6387243,-0.7631874,0.75568473,0.123952195
0.9068575,0.63701355,-0.34995058,-0.86366314,0.036667813,0.8471378,1.3306472,0.25032952
-0.2167646,0.19370201,-0.6039659,-0.3080838,0.66910404,0.20874538,-0.6566113,-0.29700258
0.73253226,-0.14043011,0.5533481,-0.058853243,-0.41307497,0.6841524,2.1928823,-0.5956746
0.6604044,0.50271386,-0.37010393,0.33498168,-0.39238957,-0.23559535,-0.17150731,-0.5033466
-0.29590786,0.4109954,-0.17597139,0.69055605,0.7294818,-0.7311367,-0.25714922,0.15224293
-0.7377648,0.61034757,0.67739284,0.5460962,0.08006402,-0.9414567,0.72668546,0.7687987
1.178025,-0.025151271,0.09927664,-0.41715336,-0.37633315,0.106920354,0.19896111,0.9811927
-0.7903955,1.0841798,-0.23134458,-0.6063084,-0.026825797,-0.14938201,0.9226171,-0.30581608
-0.25281975,0.41603515,-1.410012,-0.89619064,-0.2245689,0.3847239,0.06709701,1.0483798
0.3944601,-0.28107253,-0.3185837,0.11367053,-0.62187994,0.88893986,0.53805953,0.8897306
0.6811559,0.58164144,0.046048947,0.32845578,1.4671105,-0.87736833,-1.2717026,0.3358533
-0.53342366,-0.19430147,0.917382,0.25755116,-0.24622607,-0.49272838,1.3674312,0.86584026
0.19513598,0.19047433,-0.20540568,-0.83695734,0.46549854,-0.44442958,-0.5667885,0.23583597
-0.13939026,-0.3087928,-0.07474557,-0.008502532,0.42145222,-0.02621208,-0.30918238,0.25248316
1.136635,0.3032874,-0.66615695,-0.05740081,-0.41521764,0.2006739,-0.25902277,-0.73698467
0.81669617,-0.002270192,0.3309621,0.13854852,-0.11091251,0.15925938,-0.5392531,-0.36478105
0.08487815,-0.40616992,-0.4021128,0.5400003,-0.0284474,-0.9680635,0.0037367493,-0.11007308
-0.6978503,0.6193003,0.61222845,0.4255245,0.22304143,-0.5470903,-0.57631063,0.19008166
0.66539145,-0.022013292,0.51457167,1.1393226,0.35211703,-0.44588128,1.671505,0.13152355
0.6207173,0.91231775,1.0133842,1.9351566,-0.9666115,0.5926694,0.07723972,-0.530688
0.5085827,-0.715318,-0.643482,0.071362056,-1.1040977,0.07411743,-0.5506961,0.76857096
-0.70194256,-0.36414757,1.3986311,0.57522273,0.28653598,-0.26307073,1.0965625,-0.07651969
0.035172954,1.5316234,0.49082968,0.6519127,-0.34850663,-0.5968749,-0.46274957,-0.1883834
-0.38818654,0.91894627,-1.4481399,1.701069,-0.24538064,0.49336419,0.3699759,0.0059484765
1.139404,1.2483853,-0.5319266,-0.07101545,-0.6531829,0.2941133,1.4818007,0.73805
-0.9946377,0.3247747,0.18194574,0.8639125,0.5413388,-0.61756927,1.0876358,1.1395887
-0.44778287,0.8440418,0.36968917,0.90507936,-0.23115252,0.007601388,-0.23303722,-0.76240104
0.38408688,1.3062176,-0.23840594,-0.89886075,-0.090359166,0.05962283,0.20353052,-0.578456
0.4371666,0.44661865,0.10546141,-0.3698812,0.7019603,-1.6163799,0.48342443,-0.28785685
0.1297965,1.0156294,-0.8000793,0.74360466,-0.45179713,0.712338,-1.6555177,-0.5449133
-0.42618936,0.123355985,-0.62137336,0.3235295,1.9969785,-0.22213031,1.0067323,-0.25983986
0.5038949,-0.12078336,1.0776666,0.38881782,0.22294953,0.23651955,-0.64733326,-1.0030247
0.18354842,0.26079762,-0.5203965,-0.5315657,1.0902132,0.3051222,0.9028373,-0.45657358
1.2797811,1.5922371,-0.22959715,0.08595557,-0.8531531,0.096067116,1.1910328,1.0515118
1.2354354,-0.3608644,0.22336909,0.20629586,0.47525838,-0.179771,-0.10597603,0.3816875
-0.1391612,0.49971464,-0.7099149,-0.14012288,0.2383532,0.5241419,0.050502453,-0.9351943
-0.11896215,-1.0690103,1.2066456,-0.5026999,0.08517558,0.42201766,0.3068395,0.14732823
-1.5405372,-0.60696214,1.2737592,-0.07311027,0.88994485,-0.163648,-0.2703083,-0.46045485
-0.88155854,0.07412666,0.33104545,0.745999,0.18633032,0.530919,0.13325398,0.58416533
-0.6268357,0.50608104,0.9469584,-0.2994369,1.2077929,0.19259596,-1.4287857,-0.32573283
0.01890909,0.4274706,0.36887392,1.3855208,1.068685,0.49653795,0.5182903,-0.065439455
0.38623944,0.72568357,-0.5892238,0.62282217,-0.65723544,-0.03450332,-0.36981598,0.0032578409
0.63926655,0.60691583,-0.38116097,0.19675834,1.560022,0.006206479,-1.37083,1.465404
0.76126355,-1.0182493,-0.72957057,0.29837915,0.436059,0.77891856,0.9222605,-0.33976686
1.6487104,0.83165616,0.035263274,-0.18120328,1.1175421,0.77638596,0.10912296,-0.6067027
-0.16100895,1.7566957,1.5392827,0.45344698,-0.28654948,0.062614426,-1.1519457,-0.230748
0.42451647,-0.788957,-0.57919824,-1.0638307,-0.106820874,0.06812707,1.5841788,0.75556755
0.14136845,1.4878569,0.8532825,0.10226926,0.6101968,-0.68136686,0.045798566,-1.0584623
0.19210485,-0.15859896,0.7277478,-0.01562218,0.82621497,-0.9290081,0.49853826,-0.3336144
0.96174395,-1.0103565,0.24138251,1.3582162,-1.3914944,0.11092917,-0.42126217,1.5500053
-0.15244657,-0.014538534,0.07590177,-0.87754637,1.2605364,1.7417688,-0.17020848,0.562508
0.4190922,-0.12746152,1.1232605,-0.38899794,-0.06255034,0.77752525,-0.53992873,0.27685848
1.5548996,-0.59453595,-0.52228826,-0.4838728,1.3796041,-0.14440705,1.818514,0.067215815
0.8823456,0.6772847,1.6165705,0.89669394,-0.43411538,-0.86776584,-0.6989045,-0.23082885
-1.2027701,-0.1989088,-0.6851366,-0.54325384,1.0331414,0.5809099,-0.48756322,1.4139944
0.43076304,0.71982443,-0.92208624,0.2501611,1.0858468,0.98411846,-0.13854544,0.47336268
-1.74814,1.2639235,-0.35088915,0.013510011,-0.11048795,0.72286737,1.119863,-0.5060499
0.3776875,-0.256558,0.004249243,0.66759366,-0.9679957,-0.24561569,0.7936786,-0.21559572
-0.183274,-0.2173717,-0.77449244,0.840212,-0.7006527,0.6465261,-0.018024858,-0.37963292
-0.48728937,0.53920776,-0.38762605,-0.90403044,1.8010542,0.26045838,-0.7258966,0.021567348
1.36128,-0.059852485,1.6419986,-0.042730395,1.7444621,-0.5828108,0.5385584,1.0616679
-0.0012631118,-1.8723525,-0.41738755,-0.39182007,-0.65056187,0.5271386,0.99157107,0.27161762
0.0145462975,1.02395,-1.540812,0.08461869,-0.520366,0.08255193,0.137177,1.279854
0.5680902,1.188297,0.11999654,0.8151436,-0.5616956,-0.4884461,2.128118,-0.09574286
-0.17942047,0.93180674,-0.27999622,0.03829294,2.0188305,0.25666448,0.4131877,0.5942769
-0.5430284,0.12816584,1.9157375,0.98680645,1.5044155,-0.2958961,1.0198542,-0.04857485
0.539996,0.7237059,-0.15029776,1.0759745,0.5254793,0.08877675,-1.0460441,0.9921637
-0.26228252,-0.4260168,-0.19357163,0.690472,1.2934955,-0.37110996,0.87457293,-0.011475004
-1.2354411,-0.56485933,-0.09620438,2.1933675,1.8412385,1.3587227,0.24449717,-0.8878674
0.43127793,0.08116931,0.33354726,0.27615383,0.52873975,-0.60471314,0.15301993,-0.1660186
-0.33883464,-0.15188035,-0.1278346,-1.0702344,0.37248835,-0.28656584,-0.15099968,0.49879533
-0.8776547,0.9914394,-0.6115271,0.8067214,0.1207627,0.012050212,-0.04270988,-0.30861828
-0.866192,-0.5924325,1.4856976,0.87172186,-1.1100943,0.21129228,-0.33985484,0.287505
0.04944215,-0.3944151,0.16495329,-0.015895616,-0.3376191,-0.72840875,-0.03930979,0.54309124
0.099615514,0.61155784,0.7723889,0.08686458,-0.90308577,0.22998565,0.8108418,0.5545931
0.39824617,0.35472614,-0.04859287,0.91365635,1.3098134,0.21987587,0.085021734,0.5438122
0.5190568,-1.2152445,-0.28410292,1.0000485,-0.11338618,0.5181134,0.9297456,1.6827356
-0.36104026,-0.2663408,-0.030917682,1.035878,0.17136711,-0.13904601,-0.22373141,1.5198619
-0.5330093,0.817995,2.1612823,1.6172551,-1.060987,1.5228404,-0.44544855,-0.10249982
0.18511847,-0.08494474,0.20887727,-0.09127894,0.5029481,-0.18667077,-0.4284647,0.20252094
-0.5109195,1.2776531,-0.64597887,-0.0976156,0.16704695,-0.34441727,-1.1760181,0.4718565
0.22493955,0.85601425,0.09154343,-0.8086672,-0.0060940543,0.6563184,0.8156518,0.17811875
1.2132947,-0.6064031,0.1707075,-0.09046091,0.34006327,-0.17284772,1.0433607,-0.047649384
0.97011006,0.8730979,0.25723898,0.61521065,-0.47400573,1.6883848,0.67794967,-0.8871541
0.98568094,0.68493724,0.34106562,0.8847596,0.2629431,-0.38628468,-0.19946325,0.009686772
0.9872467,-0.080225736,1.0170041,0.33055383,-0.1920774,-0.22133195,-1.0369917,0.1663898
-0.64084655,0.17670278,1.6419072,0.31741327,0.3362446,0.49041218,0.25170636,-0.1741567
-0.86009663,0.5120904,0.11445906,0.2907415,1.2659957,0.17921764,2.1388822,0.66269433
-0.45371038,-1.2253133,0.12276652,-0.5147277,-0.41716295,0.05259587,0.79481333,0.23723766
-1.4593383,1.5866513,0.18945196,-0.56595546,1.2415746,0.15061653,0.05048487,-0.13587034
0.8068729,0.11605306,0.9114858,-0.74647766,-0.6060817,0.033722572,1.5296152,-0.3543389
1.3533989,-0.08018464,0.13749576,0.2803249,-1.1403229,-0.7951469,0.40218118,1.011257
-0.39552736,0.22871791,0.4415133,0.40252733,-0.24215898,-0.7734508,-0.3424363,0.33225527
0.051048394,0.5648508,-0.34003013,0.050461356,0.7211596,-0.38419655,1.0794814,0.4861955
0.6440807,-0.52210695,0.11959288,-0.3023078,0.5752387,1.0038359,0.82196474,-0.09130799
-0.35337076,0.49481517,0.030848421,1.6680192,1.3054566,-0.13848977,0.4352503,0.8491505
1.927193,0.24580711,1.7985481,-0.8154876,1.160329,0.92362577,0.164894,-0.386371
0.15067106,1.4525571,0.40990648,0.34529743,-0.052947912,-1.1529752,0.00024935603,0.18874198
0.093285695,-0.918291,0.92721015,0.87063974,0.41975853,0.46932507,0.7348772,-0.6970039
-0.26674354,-0.6545981,0.70281905,0.17707781,0.8184912,-0.9209649,0.59933054,1.0666498
-0.7240922,0.12450825,-0.52842396,-1.1182464,2.130727,0.71721697,0.03140464,0.32275602
0.48665252,-0.30353424,0.49618456,-0.23252718,0.105165884,0.32735142,2.0205688,0.69311017
-0.83685297,-0.5043027,0.54393905,-0.027044553,0.32367253,-0.14694513,-1.0947214,0.39717063
-0.28854692,-0.72958213,-0.5026367,-0.7993102,0.206588,0.93844134,1.2475299,0.31229612
0.705928,-0.17735063,1.6278872,0.07837683,1.2703403,1.2795967,-0.51072574,1.0674711
0.3448441,-0.55896455,0.94108915,-0.52797705,1.6383073,-1.653672,0.053447824,1.0880942
-0.45245218,1.4199834,-1.4256222,0.57511663,0.17515947,0.7140062,1.8300521,0.6998068
0.5019915,0.7556069,1.4083744,-0.035338227,-0.71747696,-0.0661117,-1.9709878,0.5408282
-0.5012915,-0.69921976,0.55288166,-0.033642408,0.67351544,0.6280481,0.46271172,0.12249494
0.10456236,0.7766758,-0.26454166,-0.1587236,0.017753456,-0.3993527,0.74357104,0.8621208
-0.9381925,1.2547153,-0.034411244,-0.11801085,0.21272546,0.22607724,0.9488976,-0.45878854
-0.69742316,0.67185533,1.2623229,-0.7577547,0.48614752,-0.12517217,-0.45764792,1.188479
-0.97867274,-0.41619733,0.85308576,-0.21781854,0.07795422,0.22336164,-0.9201946,0.53838
-0.18494624,1.0981839,0.7366999,-0.06817579,-0.62276655,-0.007600678,-1.4341037,0.41200417
0.9200378,0.077653095,0.37912974,-1.0353473,0.49207854,0.3760221,0.66917056,-0.40133283
0.26511034,-0.09665033,0.5914063,-0.6994564,1.4949635,-0.6421749,1.20373,-1.1010687
1.7048143,1.5271086,1.3964603,-0.7319461,0.56517416,-0.5944531,0.8523351,0.30688068
0.5191115,-0.09413697,1.5034167,-0.09274495,0.76753455,-0.58756536,0.79244286,-0.3154241
0.30047533,0.33798066,0.3670175,-0.2723992,-0.7754717,0.45100892,1.2441568,-0.0046010464
1.8164086,-0.39678517,-0.009027325,0.7712696,1.0803472,-0.18379036,-0.8486716,0.44078687
-0.9985148,0.5097225,-0.5082016,0.46824747,0.3739498,1.3541994,0.4611547,0.003196381
0.3581829,0.09262605,-0.6538416,2.2436051,-1.3811333,0.477518,0.29574502,0.680624
0.7605809,-0.061363664,0.19526684,0.2582612,-0.6120214,0.3481317,-0.06710173,0.8809948
0.0869183,-0.60214424,-1.0723513,-0.50196004,1.4956739,1.5044913,0.4575021,-0.04622943
0.8617295,0.41466725,-0.64003557,-1.5015603,0.8101613,0.2189656,1.8068359,-0.2436069
1.9259162,0.013221633,-1.0658678,0.93467647,0.16640764,0.1324701,-0.1298909,-0.26220044
0.4317481,1.3929223,-0.9100189,-0.9824953,-0.7249326,0.46265236,1.6112183,0.14258787
1.5983539,-0.9361402,0.30452824,-0.29385307,0.66056037,-0.55382663,-1.0598634,0.9045147
0.8266926,-0.8727579,0.1626285,-0.17358033,0.57810074,0.08758554,-0.5625141,0.39359733
-0.91657853,-0.52523553,0.88021696,0.25390434,2.2510462,0.47302145,-0.10500012,-0.17170498
-0.08141034,-1.156838,0.23428497,1.9394201,0.92589366,0.13974378,1.1948655,-0.23911193
0.19056767,2.0163176,0.8773228,-0.00011446327,1.0994867,-1.1298841,-0.4123573,-0.90802354
0.1568396,-0.21878022,0.9966892,1.127972,0.46559647,0.734982,2.0502758,0.17553625
0.30750883,-0.36936724,-0.38553905,0.08511729,-0.34472784,-0.08894861,-0.15885025,0.5571185
0.64209926,-0.55216336,1.2453192,0.70990473,-1.4322246,0.051307857,0.9450492,-0.08141028
-0.06765049,0.84357154,-0.3233418,-0.5461462,-0.3438485,0.36835158,0.44915614,1.9655399
-0.23278347,-0.2596931,0.4849731,-0.73581433,2.1677723,0.08696485,0.6334633,-0.44472328
1.9450399,-0.72788775,-0.452652,0.9686254,1.1092572,0.39407045,1.0974716,0.17390403
-0.2277284,-0.24427156,0.22088939,-0.2179736,-0.5704571,0.8346209,0.053805795,0.8103148
0.05293582,0.26906726,1.6876911,-0.7608951,1.197012,-0.17802227,-0.35412702,-0.39975503
-0.30156755,0.6742845,0.058214463,0.15757175,0.9636127,-0.28133002,-0.23039871,0.21147373
1.1662717,0.54149735,-0.22472584,0.96069753,1.1901926,0.2649297,-0.7137369,-0.28870308
-0.06871686,-0.019738924,-0.4658414,0.13729268,0.33557808,0.17237127,-0.0594535,0.22451401
0.16424695,-0.06883654,1.6805968,0.09865332,-0.07653691,-1.4766374,0.13703269,-0.012816966
0.40617076,0.9730121,0.26618087,0.8568911,0.10752035,-0.5910832,-1.139334,0.48915017
-0.051992983,0.34369346,0.24403283,0.905094,-0.90613335,0.9721398,-0.64860874,-0.11696207
1.5583413,0.54130036,-0.06189496,-0.22858365,-0.65227824,0.4476458,2.5789282,0.005346343
0.039346136,0.045257747,0.22515246,1.7078617,-1.1192237,0.306628,1.239784,0.59889185
-0.49590582,-0.5154452,0.7389709,0.5690263,0.19328365,0.71470493,-0.18941061,0.17950103
0.024228632,0.3713961,0.85229987,-1.3200902,0.07745511,0.2097943,-0.3108822,-1.070011
-0.418957,-0.7362133,0.4481386,1.1608865,-0.4853198,0.081838794,-0.09038815,1.0298907
-1.234062,0.13767827,-0.57722586,0.16246599,-0.30604666,0.12319244,0.9349874,-0.22977933
-0.080717854,-0.49051392,1.0494094,0.64878774,2.8601964,-0.6681834,-0.2650487,0.97095644
-0.46924323,0.07822363,0.6173282,-0.4391715,-0.47429413,0.8553961,0.3411048,0.057620768
0.19344226,0.92537236,0.9974847,0.13621034,-1.3943676,1.5995073,-0.13364275,0.03934688
1.5759127,-0.81664944,1.6538486,-1.7348449,0.48491758,0.22740617,-0.09344068,1.6521358
0.08093354,1.6780257,0.551155,-0.0509648,-0.4514778,1.0025761,0.20228906,0.1999892
-1.0741569,-0.46228948,0.26452574,0.40433764,1.060367,-0.7696033,0.589721,0.92339146
-0.25210652,0.0059863534,-0.13731745,0.2922297,0.2620191,-0.6653675,0.7128328,0.043631345
0.39990267,1.320401,0.73019767,0.025574535,-1.4465526,0.7906475,0.8706674,-0.55533093
0.72097445,-0.85150236,-0.221106,-1.4290243,0.13900964,0.022952104,0.52138627,1.4906361
-0.1318509,-1.4386541,0.09285817,-0.10703242,1.6273348,-0.6659198,0.2986356,0.24342182
-1.2538103,0.11286022,0.58658135,-0.13527131,1.4395815,-0.4436431,0.6311866,0.8057006
-0.055794038,0.8668353,-0.3326554,0.64251816,0.36203626,-0.78230476,-1.5444926,1.1678699
-0.27926558,0.012174689,-0.16648799,-0.32598835,-0.14541052,0.33908314,1.5132377,0.4948465
-0.5941284,0.04278306,0.8803431,-0.19136412,-0.5044392,0.20724824,0.7303524,-0.3319351
0.2398631,-1.0390294,0.5350665,-1.3018482,-0.34418166,0.2973608,0.8465957,-0.45627227
0.18818265,0.4897584,0.33533624,-0.30426228,0.46258706,-0.9889499,0.7795748,-0.45974794
-0.3755318,-1.1085345,0.3480252,0.10211544,-0.31565967,-0.503744,0.3788484,0.55217254
1.460288,1.7542706,1.247642,1.4847075,-1.1571491,0.61447054,0.8918784,-0.07736955
0.13083446,-0.50310475,0.8882869,1.8649203,0.7193203,-0.27644467,0.10697582,0.41739845
1.1210941,-0.29083836,0.4199449,0.066775866,1.5551354,-0.15162846,1.1231725,-0.23262623
-0.5164382,-0.01988782,0.2797065,-1.1979898,1.022833,0.37540793,0.18673852,-0.9789011
0.44975516,-1.0870737,0.32499492,1.0293876,0.40700278,-0.3836241,-0.23030931,0.29767373
1.4496987,-0.4025085,-0.5390528,-0.76226896,0.27921423,0.14061987,0.52777755,1.0113956
0.14969036,0.39702934,0.44966108,0.31174833,0.6454328,0.26449698,-0.032272294,0.22839004
0.934166,-0.24787883,-1.0561513,1.0984861,-0.15136464,0.32980964,-0.5477269,0.28247076
-0.02661179,-1.2831504,1.2351921,0.65647525,2.2839468,-0.38078657,-0.32622933,-0.13993642
0.8124177,1.12178,0.6433016,0.6354052,-0.6673351,0.7407564,0.49702787,0.64714384
-0.5077618,-0.37686983,-0.5305613,-0.35319403,0.8895971,0.7189172,1.335256,1.227974
-0.45536804,0.15278651,1.01272,0.16801682,-0.7275197,0.06128551,2.0640216,-0.113105424
0.48896688,-0.39699057,0.21188465,-0.4553074,0.03562284,-0.63040936,-0.7465064,-0.14714384
-0.10642666,-0.51220554,-0.68784404,-0.09921384,-0.38692307,0.5123057,0.5076938,0.022240609
0.89176255,0.03942433,0.5508282,-0.15254076,-0.123358674,0.44689217,-0.5060588,-0.3156043
-0.16857922,-0.24015035,-0.6409175,0.77666306,-0.013936011,0.5130405,-0.8184075,-0.08061231
-0.14222169,-0.12805228,-0.7392226,0.37902915,-0.05876754,0.114906855,0.22064358,0.4335204
-0.66612154,-0.11506964,-0.9588978,1.4926232,-0.2188755,-0.44838327,0.17261758,0.6481142
1.586369,0.89129066,2.1851225,-0.5613924,0.5107935,0.27911934,0.7591962,-0.106469415
-0.17334566,0.54683614,-0.0044162646,-0.7520353,-0.38966838,1.0641474,1.1291349,-0.2759349
-0.20808524,-0.4842357,0.78596455,-1.1420283,1.7436681,-1.4148357,-0.5358754,1.063269
1.3710874,-0.6893905,0.17768088,0.059149962,0.4627054,1.5780344,-0.6176199,1.0360186
0.2936993,0.43695635,0.80009335,-0.3762734,-1.3649669,0.41686645,-0.2448301,0.7402457
0.04611489,0.7516759,-0.02352706,-0.0755208,-0.6096215,-0.686367,0.003207663,0.88230234
-0.34625146,0.38943893,0.114074506,-0.4366667,-0.41911465,-0.14474964,0.6128699,-0.53188944
0.7517528,0.28542137,-1.2778106,0.6098077,-0.5174393,0.765166,0.395365,-0.49036494
-0.6342092,-1.2703599,0.37171093,0.57968706,0.6477963,0.9480444,0.13325708,0.34493676
-0.20040148,0.5997146,-0.61577034,-0.6215426,0.62755215,0.30198973,1.7717936,0.5238805
0.5531901,-0.930267,0.73242456,0.61556935,-0.59879756,-0.4408187,-1.4918058,1.584898
0.47839868,-0.7689773,-0.18253592,-0.46501252,0.77716005,-0.2167788,0.060683493,-0.31176054
-0.19290969,-1.0328474,-0.45497826,0.11019639,0.3758182,1.8611764,0.3631594,1.1697314
0.8298522,-0.21699125,-0.017816681,0.36495194,0.14627689,-1.0931506,0.70082384,-0.54769593
0.63061476,1.2258694,0.08798053,-0.5581505,0.39362976,1.1555988,0.52174014,-0.14397937
1.4040495,0.5413744,1.0103135,-0.47909865,0.15743108,0.59027654,-0.7247635,0.13894759
-1.5476598,0.71943706,-0.30822822,-0.658151,0.53195053,0.123650186,-0.9052203,0.62732077
0.40002224,0.644257,0.078884244,0.5465348,-0.9291616,-0.5603553,0.54866993,-0.0673335
-0.552498,-0.099311635,0.3013763,0.32091618,-0.1030617,0.24133098,0.15243465,0.38866168
-0.501053,-0.25504965,-0.24863905,1.0196401,-0.9056742,0.458862,1.1915063,0.32527056
0.24043745,1.65633,0.0814042,0.56024307,0.45347747,-0.8590038,0.7814537,0.59154123
-0.15700567,1.4479358,-0.0046056043,-0.7773307,0.20029923,-0.088951826,1.5427574,1.2257986
0.008721951,0.7206438,0.21707597,-0.40573198,1.5734175,-0.48964152,1.0286926,-0.06581857
0.7775307,-0.017030321,-0.29576746,0.6415339,0.29679707,-0.71560913,0.4358716,-0.06604288
1.2780318,0.5000298,2.3711612,-0.163926,-0.7194252,0.12835434,1.2123927,-0.18642521
0.38738796,1.3518603,-0.6003864,0.22373506,0.5867099,0.5608689,0.2703739,-0.7333457
1.2687677,0.32091072,0.5158684,-0.32928705,0.028078113,0.6691519,-0.4062205,0.3559564
-0.5870231,-1.1717439,-0.2724139,-1.8015252,0.3287475,0.6387854,1.5468642,1.0936882
-1.246075,-0.40276727,-0.8725996,-0.24593337,0.5430825,-0.07131464,1.2526913,0.023597736
-0.5875274,-0.81603456,-0.2935389,0.91367,1.3983183,0.29895923,0.031662393,-0.0847624
0.028651655,1.6871248,-0.7698364,-0.42170855,-0.19157304,-0.48481146,0.59886116,1.279319
1.221772,-1.1417239,0.25254315,-0.41026258,0.34594485,0.16170844,0.04169115,0.9279359
-0.2555216,0.77489984,-0.6498684,0.7575849,-0.33966836,0.41487893,-0.6237299,-0.40776846
-0.22610009,0.36613777,-1.2980139,-0.61620045,0.055903234,-0.44226626,-0.065506674,0.4197721
1.1688147,-0.78098404,-0.15265894,-0.15200205,-0.4495641,1.210803,2.136956,-0.31370106
0.7100746,0.33530945,-0.5793641,0.12863937,-1.0708936,-0.4902492,0.25851208,-0.2657139
1.8561459,-0.6194827,1.132885,0.20383249,0.8127445,0.09356207,0.92920953,-1.0146588
0.6350528,-0.4674596,-0.40253988,1.1131659,0.19076437,1.5771695,0.69967186,-0.5364972
-1.2588531,1.1918646,2.0091398,0.50926924,0.49929363,-0.38378406,1.2663382,1.2330298
1.8847512,1.062956,-0.971389,0.44174355,0.83500594,0.032330032,0.014739025,0.7743052
0.82334065,0.11981849,-0.086972155,-0.20392336,-0.11489559,1.4955344,-0.5075381,0.5590156
0.21916774,1.3144355,0.6668132,-0.6395683,0.4781046,-0.0056584254,0.5747438,0.49543202
-0.39133987,0.86486554,0.9279206,-0.06465864,0.64944905,0.18796696,0.27851826,0.16870332
-0.2995877,-0.78883255,-0.38323015,-0.90830934,0.31834832,-0.51524854,-0.16146088,0.8312276
-0.15449268,0.70209086,-0.5269917,-1.4755585,-0.545097,0.2519682,0.60257214,1.0571644
0.7097659,0.6757278,0.29394147,-0.9567487,-0.962268,1.313442,0.8180069,0.3961368
-0.6393625,0.85637975,0.2408064,-0.033539843,0.5725995,0.19437942,-1.3684804,0.12782955
-0.26583332,0.7099585,-0.1500288,0.24552566,-0.008083877,0.55234605,-0.4407193,0.24721426
0.11247024,0.12014632,-0.943414,0.7484316,0.71680087,-0.9860431,1.3312972,-0.07701079
-0.8662519,0.16449463,0.7282015,1.5916404,0.7188645,-0.5809773,-0.11109148,-0.07122556
0.54399675,1.0904995,-0.30211926,0.62597364,0.7067669,0.3907292,-0.9842257,0.30695233
1.2144358,0.33360422,0.16221055,-1.289963,-0.37154946,-0.059470326,1.7295324,0.8479974
0.05533181,-0.57098246,0.011273321,0.34421805,0.14350525,0.44677514,0.68624777,-0.6509765
-1.2846477,-0.7617652,0.5750597,0.38500255,0.19760294,1.3176874,1.3270262,0.30256063
-0.5040372,0.8482622,0.5200569,0.87622046,-0.2183485,-0.7087027,-0.98386794,0.6023695
0.99407417,0.11267726,0.12033362,1.0760753,0.32206687,-0.65081084,1.2879547,-0.3738747
0.8705822,-0.48305947,0.7315836,-0.7000456,0.64355546,-0.19364129,0.49042946,-0.8799864
0.1571894,0.50881416,0.24526814,-0.39505792,0.7254778,-0.4070635,0.59230906,-0.46238562
0.17031088,0.97958267,0.13534999,0.4209544,1.1612262,1.1100708,-0.6571811,0.28077176
0.69540036,0.99578154,-0.3734453,-1.0489646,-0.67270106,-0.3436131,0.32484818,-0.09720997
0.13246375,0.21352856,-0.71999085,0.0051961243,-0.17354985,-0.800783,-0.7063553,-0.021728516
-0.9196762,-0.22180527,0.038431656,1.3230085,0.98329383,-0.8744147,0.64230615,-0.062765904
0.7754686,0.49807367,-0.7292692,-0.66114175,1.2610458,-0.8020788,0.010170046,0.32499182
-0.34514654,0.5935042,0.6063223,1.8650875,-0.7202477,0.48256746,-0.5608781,-0.13815743
-0.93940115,0.8218375,-0.38423145,1.5494816,0.22084628,-0.65086967,1.4852403,1.8904314
0.679473,-0.094045565,0.4292449,-0.5834168,0.6313117,1.0211557,-1.0369372,0.20231128
-1.1228405,1.7273049,0.27946252,-0.5457665,-0.18984166,0.15207796,-0.5158245,0.47456065
0.7454715,0.285712,0.65847325,1.593903,-1.2263458,-0.2099097,0.17658289,0.77775574
-0.4140609,-0.25017205,-0.8480998,0.09785397,0.24955405,-0.36184445,-0.2967892,0.86743873
0.110727906,1.4044409,0.39000717,-0.226968,-0.353123,0.17183855,0.45809382,-0.17743737
0.51263636,-0.93593717,0.81788826,-0.71465504,1.3662866,0.84987384,0.61105335,1.3110487
-1.153419,-0.10886958,1.2092805,-0.025299955,0.53077453,0.8161178,-0.751035,0.4561442
0.25436378,0.5383287,0.10940481,0.28971708,0.67361,-0.49438676,-0.09595133,-0.4735895
0.65571845,0.2528435,-0.58362186,0.2087259,-0.6737911,-0.2773569,-0.29993367,-0.16769698
-0.4292169,0.30990964,0.46464214,0.9466836,0.6783733,-0.7862161,-1.0684416,0.5041533
0.06544068,0.99605393,-0.47908393,0.31440932,-0.3240915,-0.46405733,-0.71011746,-0.42616564
0.02416449,0.9456239,1.0936784,1.3606218,1.8255689,-0.6218029,0.6631093,-0.08563598
0.9635296,-0.22822572,1.154421,-0.16910557,-0.5290466,-0.25830713,-0.36209074,-0.4694374
-0.6152761,0.27883878,0.59185183,-0.5586723,0.51614875,-0.6737462,-0.21490951,-0.40201214
0.26824233,-1.0156108,1.6607777,-0.51906896,0.7333202,0.55075085,0.33166817,0.81402856
-0.10272274,0.6933317,-0.18995032,-0.24372037,-0.6723803,0.52643627,-0.03032943,0.73188716
0.22644043,0.98979723,0.70831454,1.6595501,-0.15824264,-1.4356637,-0.39402077,0.9336975
0.6328508,1.1194433,0.775365,-0.41686934,-0.6915236,-0.17454346,-0.3399358,-0.3463869
-1.1594706,0.07815863,1.4739685,-0.55409956,-0.25744718,1.4517862,1.7552302,0.8613147
-0.1593464,0.10039726,2.3406413,-1.1155446,-0.13052188,1.3618997,-1.2909954,0.93721026
0.9811033,-0.14954184,-1.5485222,0.22284928,-1.0537567,0.06422116,0.8434879,-0.41128227
1.6985776,0.41242796,-0.51328194,1.2410053,0.022521224,1.7744194,-0.13700625,0.36660472
-0.34520057,0.71485287,0.47650012,0.838583,1.0630417,-0.27170807,-0.4373569,-0.08355891
0.6351083,-0.08361778,-0.24848822,0.2952945,-0.70670706,0.33085415,1.1234055,0.2963108
-0.68909836,-1.0364602,-0.37968743,0.60872805,-0.82446617,-0.08366271,-0.08105254,1.0164014
1.6294229,-0.52933985,-0.12138071,0.9212217,0.07035833,-0.49913475,0.8336291,0.74921924
-0.007780619,-0.37470013,-0.2928242,1.242929,-0.4291968,0.8711021,1.4830747,0.9866232
-0.3822104,0.14052714,0.7829033,-0.089944124,1.9237912,1.7285467,0.857213,1.7689881
0.50865966,-0.69776577,-1.0590855,-0.80064726,-0.5051967,0.37957656,1.3805716,0.5697317
-1.0099456,0.18506806,-0.765838,0.28639382,0.25759745,1.1297506,0.080501884,-0.17110392
-0.49071223,0.7618609,-1.512226,-0.6792954,-0.021139622,0.37492865,0.4008571,-0.29018173
0.29802412,0.44816148,0.5070236,-0.48467055,-0.18372436,0.61204106,-0.27131724,0.26457825
-0.10646827,0.1406378,-0.14291336,-0.5942378,0.4283776,0.015165359,0.759345,-0.25590053
-0.021535516,0.21789384,0.07123932,-0.8479508,-0.30135396,-0.64424217,0.18858689,0.7752013
1.4571981,0.3406814,-0.047090106,1.3966522,-0.43909743,0.77968884,1.5065845,0.9845296
1.009486,-0.40058786,0.00569487,1.2515728,-0.35598153,-0.2826714,-0.76143646,-0.016236514
-0.032674722,-0.28086248,-0.31790352,-1.0720044,-0.74673337,0.6526799,-0.042610597,0.23434764
1.357791,0.8933558,1.5555763,-0.80060685,0.8204987,0.81387967,0.40581125,-0.5944908
-0.8624182,-0.5159875,0.06751154,0.88556546,0.17403859,0.17516237,-0.6591468,0.32589638
-1.1485447,0.6156141,-0.19199696,0.5682805,0.9286076,0.34493503,-0.77737355,0.0414831
-0.46598363,-0.1385401,0.67725295,0.6111659,1.573254,0.42652637,0.9406984,0.44704893
-0.24875289,0.28583917,0.5135477,2.0573673,-0.0787112,-0.020444384,-0.63156986,1.1846293
0.62020046,0.7281743,0.4899409,1.1367204,-0.460454,-0.3588098,-0.7698207,-1.2425387
0.4076543,-0.24504362,-1.3573084,-0.05329107,0.994878,-0.2942193,1.1124396,0.5030075
-0.6406227,-1.0624976,-0.22383797,0.069767945,-0.08336359,0.39188895,0.7516522,1.075419
-0.4958467,0.12666059,-0.3417756,-0.5887009,0.583455,1.1632015,0.6035192,-0.84985906
0.40095466,-0.11280686,1.0957507,0.019901648,1.1015302,-1.1933546,-0.6560457,1.0671703
-0.37393355,0.49861795,-0.41390947,-0.88406724,0.36521146,0.46475044,-0.5550504,0.4869376
0.16295218,-0.0054937545,0.044569477,-1.0053,-0.09828543,0.36369312,0.33761203,-0.7835938
-0.22817498,0.74375284,1.0010947,0.32520914,0.17873673,-0.3465141,-0.6141653,-0.63376576
-0.35950404,0.82980317,0.88727576,-0.24931584,-0.44452086,-1.174474,-0.9581556,0.57842624
0.43433696,0.49569097,0.5336582,1.3314147,0.50501716,-1.4467747,0.9680749,-0.08812558
-0.8074989,0.7926046,-0.2896807,-0.35711327,1.1916686,-0.11146824,-0.6862917,-0.282611
0.49181417,-0.20681792,-0.44197902,0.50676936,-0.4480372,-0.7373297,0.85458666,0.35236874
-0.31201375,1.0100551,-0.45636612,-0.72911906,2.0733345,-0.037646078,-0.5545063,0.08005645
0.2770006,1.1884176,0.21612233,1.5703325,-0.30942205,1.5371553,-0.3333494,-1.0238575
0.031627044,0.70622724,0.8730715,-0.7946799,0.034265358,-1.2970587,0.63215566,-0.27758306
0.16113044,-0.03244441,0.27792278,1.2203394,-1.7364464,-0.32973948,0.33896178,-0.64740455
1.7287488,0.51753795,0.4225374,0.81346154,-0.84893584,-0.71281517,-0.08473922,-0.16338956
-0.073384784,-1.4862944,0.7365425,1.9049425,-1.0230203,1.1267121,1.4132793,1.6898626
0.052276675,-0.3478612,0.6671627,-1.3285797,0.1887671,-0.34027725,0.69490117,-0.3258703
-0.30147305,-0.1821036,0.011666577,-0.1338763,-0.0033794953,0.4775467,-0.37942272,0.3026486
-1.0423455,0.0342862,1.032313,-0.04826336,1.1868683,-0.90900636,-0.43384036,0.30786988
-0.054252975,-0.23212315,0.07458297,-0.5449179,-0.34338906,0.34480995,0.5487339,0.33323926
0.18833977,0.22513352,-0.29528502,0.10907177,0.57538104,0.6785783,-1.4715712,0.60695755
-0.373149,-0.8757691,-0.26485825,0.030393923,0.6108007,0.30327985,-1.1432097,0.30143937
-0.26821825,0.47085658,0.43903863,-0.30122003,0.9257211,-0.23715603,0.26550505,-0.62849367
-0.57992405,-0.969846,-0.06020033,0.55039406,0.41003978,-0.5600389,-1.2892071,2.1120372
0.016214821,-1.2751021,0.1921596,0.7913905,0.005740543,-0.099270076,0.25063992,0.23303774
0.5429854,0.8871934,-0.80499053,2.4459581,0.21391766,-0.04797709,-0.734104,-0.56964004
-0.118774004,0.4619884,0.22498766,1.1890872,-0.8095454,0.797062,0.0010045115,0.50740725
0.029232636,1.6295279,-0.51595527,-1.0860153,1.9293166,0.02147232,1.2878381,-0.81777173
0.05650084,1.2055416,-0.95089006,0.68056846,0.5860944,1.7931682,-0.45783094,-0.5252638
0.43513495,-0.055400465,0.81524235,-0.428169,1.1678199,0.13069196,-0.30014214,1.1586193
0.6179965,0.21080135,0.45590395,0.13728036,0.24966775,-0.47202337,-0.5182704,-0.49966237
-0.13343719,0.74650407,1.2789237,1.1884416,-0.1901502,-0.5269704,0.6691135,1.7832803
-1.6563007,0.41647747,0.4543785,0.15733796,0.36893293,1.2696447,1.6342428,0.416724
-0.32442546,0.1362631,0.28070834,-0.36971045,-0.72392696,0.55474603,0.5759489,-0.9717309
0.32583815,-0.5017163,-0.8443997,0.013860602,1.4801166,0.48289788,0.12383549,0.80816215
-0.3999545,1.2867639,-0.062279683,0.40473273,0.093163855,0.4738675,0.29531655,0.036499016
1.518492,1.3666888,0.45427895,-0.02984063,-0.9795988,-0.41057888,-0.54749966,1.2367074
0.20729047,-0.97349274,0.44476953,0.42878413,0.28833434,-0.8714593,-0.6344516,1.7421285
0.34667045,0.73636055,0.1807538,0.320851,-0.088998765,-0.76771736,0.03512251,0.053000987
-0.6658727,1.0969428,-0.23930785,0.67740965,-0.51809454,-0.7877895,0.6763315,0.7811479
0.18343613,-0.5081155,-0.67157793,1.4560312,1.6750071,0.0169198,0.50452363,-0.3415787
-0.62264925,0.37072742,0.6339479,-0.33887786,1.1024991,0.036152065,0.07716295,-0.539005
-0.201554,-0.04295977,0.3565715,0.1640283,0.16346101,-0.66941327,-0.0764252,1.7650304
0.63307184,0.5066737,-0.70175654,-0.4058805,-1.231382,0.502732,0.010587592,0.89736193
-0.9143328,-0.08688408,2.321438,1.6216223,0.22917542,-0.014386861,0.4835621,1.2251828
-0.899423,0.09266636,0.32065398,0.3537545,0.7863787,-0.69001037,0.0177163,-0.03066808
0.007855583,-0.011234969,0.37818274,-0.34124926,0.22523671,-0.21548675,-0.47360358,0.06353739
-0.96862006,-0.6236911,-0.010575263,1.433541,0.085207276,-0.45791262,0.49769527,0.5875871
1.1998731,0.08326489,0.003716834,-0.6430793,0.57459855,0.6825402,-0.7334396,-0.26999283
0.40109563,-0.5717466,0.660563,1.1877519,0.1827477,-0.57515204,-1.0967977,0.5222802
0.92306477,0.97432476,0.9787713,0.16314664,0.86055475,0.35244176,1.7342424,-0.519861
0.309831,0.077860266,-0.38379842,-0.16039453,0.3114857,-0.07458643,0.456891,0.32219884
1.7121363,-0.6549158,0.22328666,-1.8569921,0.9099436,-0.048433855,0.2419238,1.3964707
0.5387196,0.5288844,-0.9012687,-1.4605786,2.2096043,0.33848003,0.48906416,0.51818997
-0.30061093,0.2822538,-0.18588465,-0.89145714,-0.43083313,0.48469028,0.13775189,0.38096234
1.1981182,0.9777014,-0.94040537,1.7585957,-0.3671058,0.4905933,0.6147677,0.8806104
-0.8485315,-0.49209243,1.0372318,-0.33615267,0.0062748147,-0.5269938,0.28872776,0.5016844
-1.2394128,-1.1389661,0.36870652,0.89515734,0.3996902,0.053524684,-0.3918766,0.2931163
1.1142155,0.052671894,2.0271606,0.38911012,0.43417957,-0.4472246,-0.2366807,1.0748694
0.6534001,-0.39536974,-0.8057758,0.23970166,-0.10250738,0.33353433,-0.07551923,0.4624225
-0.5081226,0.106073216,0.59498763,0.1257948,-0.59347016,-0.44170573,1.6716447,0.11381778
0.92443633,-0.6298608,-0.11411713,0.9005684,0.14099514,-0.13154364,-0.6542922,0.11704281
1.1416975,0.19190292,1.2387109,-0.44991282,0.48259383,-1.1721233,0.8265221,0.3634937
1.2569704,-0.06082378,0.635684,-0.19763435,1.0039061,0.7328654,0.40778136,0.32409936
0.64875084,-0.71585214,-0.3559646,0.2830304,0.10524168,-1.068399,-0.017984102,0.78063726
0.044888616,0.08905065,-0.6639127,0.8173527,-0.3933437,-0.0045565646,-1.0453216,-0.2897589
-0.08136634,0.9831279,1.4019716,0.4102648,2.0462985,-0.5826679,1.2164526,-0.21350062
-0.35379454,-0.65577173,1.6210382,0.87492913,0.7716773,0.3248278,-0.5527111,0.52155596
0.5182805,1.4962997,0.15173417,1.2251552,-0.90235686,-1.1548289,-0.24567325,-0.57399774
0.98959804,0.16484648,0.5402178,-0.4527193,0.52990276,1.2640457,0.28220427,-0.5894021
1.16357,-0.21068777,-0.18829477,0.09986235,-0.0202684,0.564626,0.62507117,-0.8508581
-0.67582643,0.78302985,0.07571563,0.6284019,-0.37592304,0.90594506,0.24611934,2.0572772
-0.46565533,0.018508958,-0.32994777,1.6074647,0.9717718,-0.18542744,-0.18173255,1.424927
0.15751147,0.38023978,-0.94779074,1.0498754,0.3160886,0.22883204,0.33229908,-0.5595638
-1.3687873,-0.010523699,0.5005594,-0.24695046,0.8862014,0.838998,0.5824808,-0.18220001
-0.8445035,-0.009628158,-0.01678784,-1.2540214,0.063159965,0.37132403,0.19023511,-0.015459664
0.47767258,0.43138212,0.20877036,-0.4342865,0.5266637,-0.14771022,-0.4518314,0.35304928
-0.112877734,0.30482322,0.31831816,-0.16079846,1.5664285,1.3048815,0.95223975,0.0016888678
0.36466902,0.4700303,0.59832144,-0.6101565,0.4885345,0.3610733,0.5336537,0.07034013
-0.13612345,0.84120184,-0.224296,0.43364167,-0.10229136,0.44314694,-0.7058591,-0.33451816
0.76926965,0.41949725,0.7837721,-0.009927396,-0.5650904,0.29445222,-0.7564,0.6860588
0.8504702,1.3865739,0.5556068,-0.19328275,-1.6756667,0.64762866,-0.26089558,-0.15989873
-0.5662019,0.25847927,-0.13456658,1.0311129,1.2325697,0.21400002,-0.3363388,0.38307938
1.7148839,0.07133873,0.92783916,-0.863298,-0.64286715,-0.5933517,0.015463244,0.43790707
0.37627327,-0.80987096,0.23798344,-1.2103877,0.21070069,0.14411168,1.1501882,-0.75512004
0.39583364,1.6127204,1.3996327,0.6735238,0.14456826,2.0623941,0.7296644,0.713776
-0.6032568,1.1298543,-0.6588805,-0.35713822,-0.0566429,0.809762,0.29096892,-0.8355646
1.0942341,0.003702093,0.0985859,0.04702144,-1.0272087,-0.75443023,-0.44914454,1.450425
0.85465664,0.19875611,-0.6310574,1.958441,-0.10531595,-0.94585747,0.6161252,0.2886699
-0.36768243,0.2506558,-1.0967187,1.3124069,-0.5489686,0.13367009,0.6456932,0.5198539
0.028172094,1.2825133,-1.1790143,-0.15005009,-0.1638144,-0.60710835,-0.120112,0.6527423
0.26976213,3.0,-0.5327329,-0.4991565,0.1961177,-0.26737297,-0.23287338,-0.8326168
0.23770103,0.48771626,1.3822172,0.07618122,1.7152029,1.6827248,-0.9974851,0.03151689
0.63908833,-1.6416945,0.3504014,0.4061156,-0.15980525,0.050494928,0.36896384,1.0597636
0.024166796,-0.15946658,-0.9893648,-0.6383957,0.35749778,-0.2742354,0.2579951,-0.10406097
0.64638,0.6944186,-0.73724097,0.64214784,-0.7103358,-0.17231637,-0.6438518,-0.21104819
-0.67070204,1.3484808,0.25519946,0.12833902,0.30624196,-0.3648536,1.5024804,-0.17397872
0.1715887,-0.32153907,-0.42785314,1.7871296,-0.5643555,0.25541136,-0.5410774,0.18640116
-0.3031879,-0.7653323,-0.6109732,-0.08737163,0.054418273,-0.6012253,0.81096345,0.84047323
0.7036444,0.47986242,2.1051545,-0.5035181,-1.0427709,-0.1907588,0.09839141,0.4332546
0.32448536,-0.2997634,-0.3216115,0.15679994,1.7779633,-0.356414,0.5669735,-0.52954465
0.05288428,1.219656,-0.33742046,0.7381963,-0.17260483,0.058573447,-0.25747582,-0.13837585
-0.5973207,0.04066232,-0.79899013,-0.64875025,-1.075318,0.2340545,0.6387792,2.2255352
0.44689345,-0.2892564,-0.56379426,-0.33083963,1.6309043,0.6564002,-0.7339058,0.14371398
0.04901358,-0.54137695,-0.23014364,-0.53412265,0.31577876,0.4579688,-0.17913535,0.2561849
1.1100199,-0.57350045,-0.7358876,0.13155997,0.6266718,0.44636258,0.62615305,-0.2861056
0.66955924,0.88701105,-0.8579676,0.06455507,-0.73916775,-0.5604335,0.36691368,0.7563384
-0.18647,-0.19376405,0.8203189,0.5073867,1.3401355,-0.7645307,1.4220906,0.48928073
0.8766861,0.19890071,-1.440262,0.3557489,-0.91027504,1.1810049,0.696642,0.36925542
-0.5293154,-0.15146357,0.36691356,-0.5952327,0.6601112,0.37848836,0.27014637,1.4042252
-0.33869824,0.08729541,-0.25228575,0.28600287,0.12800737,-0.27218753,0.35804,1.4071425
1.125325,-0.61298203,1.8812245,0.09146206,2.022005,-0.6555179,-1.6396817,0.08324106
-0.2953974,-0.070668325,0.6499565,0.50728476,0.5030721,1.2218255,0.16991444,0.21072018
-0.15655112,-0.03297912,0.2084837,0.28459153,-0.8534787,0.257825,0.5373387,0.4373806
-0.72703034,-0.16047128,0.0631733,0.7930924,0.9525188,1.8874418,0.14789373,1.081486
0.698505,-0.088374004,0.46501163,0.42072886,0.46126154,1.57158,-0.31106007,-0.3151788
-0.28618973,-0.6736327,-0.017043412,-0.17927279,-0.33638722,0.21223517,0.4264133,0.48075768
-0.46934074,0.06260614,-0.022715004,1.1684464,0.013583166,-0.5900069,1.6404696,-0.44057104
0.69664407,-0.43422803,0.9064495,-0.91706973,1.6430272,1.2110649,-0.86400187,0.47068942
-0.7073305,0.2616763,-0.18135795,0.09738489,-0.5046207,0.18511166,-0.19379058,1.0602396
0.68652093,0.08711848,-0.73956317,0.17419127,0.84736687,-0.87107897,0.4642336,-0.5280859
-0.30423254,-0.12755717,0.87794024,1.4893469,0.07167753,-0.09217049,0.28522694,-0.42460215
0.3418818,-0.10265306,0.0012974795,-0.8718144,0.0351637,0.08402327,-0.20156889,0.9498058
-1.0834607,0.078975365,0.9929085,0.44480708,-0.47458804,-0.8854342,2.050459,-0.106002115
0.9204284,1.0340962,-0.5849569,-0.7548859,0.42680684,1.0978087,-0.07589856,0.76981616
2.188289,0.69011676,0.2638219,0.8583286,0.06280687,-0.12145911,-0.63897604,0.1534574
-0.033321343,-0.83448756,0.8308322,-0.7614502,0.20223323,0.016170539,-0.135399,-0.15715706
-0.29187393,0.50938535,0.6370822,-1.0354542,0.4410321,-0.13988908,-0.6119663,-0.44273767
-0.097692184,0.6593213,-0.66673887,1.4129721,-0.17947073,-0.17761251,-0.5923287,-0.36868635
-0.11390314,-1.1114752,0.5536029,2.2125535,-1.3508431,-0.812479,-0.22500837,0.13510787
1.1504331,0.7861881,0.25977042,-0.25022325,1.2191694,-0.04537022,0.88869077,1.0400512
-0.09729437,0.8903598,0.38173917,-1.3673134,-0.83015984,-0.23677498,1.6510923,-0.2457611
-0.764262,0.072271004,-0.19977838,-0.5016912,0.16452467,-0.39104143,1.0855902,-0.27479964
-0.88898045,0.60727376,0.42713436,0.0029025488,0.6362888,1.255875,-0.10307081,1.8878219
0.8286323,0.96117926,-1.0175767,-0.5967491,-0.42997825,-0.2785165,3.0,0.5637822
-0.47790986,1.7137036,1.2460617,0.36009076,-0.41538212,-0.65419006,-0.5316252,-0.2959298
2.3353453,0.8567071,0.79846734,-0.2520215,0.822989,-0.15642528,-1.2237924,-0.092853524
0.16698715,-0.33393678,0.10048233,3.0,0.090072945,1.1076682,0.20389214,0.14078404
0.6425192,0.064113945,0.5636822,-0.03630167,0.29483122,-1.4259094,-0.18224551,0.6443486
-0.51442504,0.27495205,0.733485,-0.4904444,0.9292289,0.1633771,-1.0548853,0.05339676
0.005408328,0.064277045,-0.08737039,0.30020273,1.1148747,-1.1280621,-0.10079336,0.26891887
0.27131638,0.05532397,0.09908538,-0.15477349,1.610482,0.7632777,-1.3236035,0.859471
1.5413626,-0.6934145,0.19215354,-1.5523114,0.16053633,0.15290388,-0.93733686,0.9057811
-0.44111538,1.0925536,-0.08130661,0.45088127,-0.26931655,0.29286984,0.081661,0.6557981
-0.68330437,0.8144399,0.80784506,1.0451682,-1.0850855,-0.51449883,0.83094776,-0.17877007
0.80065006,1.0501723,-0.22568476,1.16786,-1.0990442,-1.0967777,0.9486734,0.51917124
0.24393123,0.23213859,-2.1056232,-0.31254563,1.3655118,0.24773957,1.9874234,0.99362504
1.2660491,1.0656489,0.16647977,0.23625526,0.6991845,-0.9704922,-0.54939574,0.68608004
1.6442744,0.7936448,-0.57072455,1.9746847,0.67150134,1.9080471,0.2508158,-0.6542354
0.025277793,0.41656256,0.60974437,0.09576077,-0.0581124,0.7873442,-0.9122541,-0.43795028
0.7277881,0.69154066,0.8171164,-0.6176117,-1.4587207,-0.09115512,-1.1504248,2.421553
0.48028305,-1.2880439,0.8938079,1.5492636,-0.3477469,-1.1820093,-0.1397417,1.1056291
0.6856007,-0.7186954,0.3828249,0.31994244,-0.07740794,1.3825419,-0.7160352,0.4605216
1.117262,-1.1760073,-0.7288813,-0.067757115,1.4471458,-0.99373925,0.43338618,0.62763697
0.0604246,-0.14305575,-0.4529501,-0.80585665,0.3256187,-0.5470369,0.043176,0.37475973
-0.619735,-0.19440712,1.013599,0.5031816,0.5089726,0.028799433,-0.2633973,-0.23478526
1.1627809,0.6724108,-0.86488926,-0.9277828,-0.6949632,0.38123,-0.49353972,0.40845263
-0.117347784,1.4961083,-0.3456997,1.7961422,1.6045735,-0.39361596,0.55682296,-0.28141162
0.0005209483,0.6377233,1.4269223,-0.1047547,0.02112962,-0.9803071,-0.243424,1.5874416
0.8314617,0.015477142,-0.08374414,0.5223806,1.5177191,0.2478001,-1.1058934,0.8954329
-0.1549237,-0.89876324,-0.52785784,1.5304341,-0.38214454,0.80307615,0.93487096,-0.17607689
-0.06133438,-0.99341446,1.8381178,-0.62391543,0.29080343,-0.16031542,-0.03075485,0.61848104
0.48814797,0.07551812,0.57922125,-0.14169288,1.1828018,0.2974717,-1.3626795,0.32406402
-0.62685955,-0.979595,0.17403117,-0.40517733,0.38889197,-0.13578483,0.58260804,-0.23298761
0.84130466,-1.7226802,0.12359842,-1.4955761,0.86922973,1.0308182,0.30632764,0.5280837
0.86521655,1.2430551,-0.43997198,1.4221333,0.6315384,-0.035048746,-1.446793,-0.587595
0.89927655,-0.5291996,0.5633933,1.046634,0.93531865,0.1592409,1.1346288,-0.1333192
1.5045677,0.24462557,0.2441515,-0.390808,-0.080068134,1.0816362,-0.24053246,2.0158265
0.090923525,-0.023878533,-0.7755368,-0.16288936,0.4760427,0.9539338,-0.0726842,0.15200898
0.05167207,-0.5154126,0.6254435,-0.7452909,0.021426145,2.2233753,1.1918652,0.24336231
1.4313891,-0.34877655,-0.38010764,0.56060034,0.2179057,0.54646236,0.36991644,1.5304968
-0.27332133,1.190516,0.8109318,-0.66981566,0.44516373,-0.33162767,0.5590594,-1.5394533
0.17336038,-0.010802135,-0.18122706,-0.045082707,-0.17667012,-0.28678155,-0.4511234,-0.39321527
-0.24626103,-0.67745864,0.61739206,0.56985146,-0.3272474,0.19886908,0.07150622,2.5627182
1.0176063,-0.666968,0.795556,0.24874514,0.5193111,1.7799653,0.72539085,-0.056251325
0.8588243,1.1050068,-0.33086133,0.10932213,0.7691597,0.054999065,-0.2652546,-0.17407528
0.42647237,-0.2623746,-0.15699822,0.15502037,0.108735435,-0.45260662,-1.0217322,0.354274
1.1238832,0.11272243,-0.042327285,-0.23750536,1.2145225,0.2490666,-0.19907306,0.031480074
0.962719,0.07326545,0.25576386,0.46311226,1.1344837,0.60141987,-0.5818421,-0.10802082
0.012888607,-0.49017215,0.07040031,0.5714373,0.63788617,-0.90874183,-0.00757158,1.0482397
1.6867808,0.9199228,0.45867842,0.31195635,2.4247506,0.77261907,0.31166476,1.277241
-0.4219593,0.24905892,-0.5810071,0.74249965,0.15878005,1.879988,0.032580655,0.21307796
0.18733156,-0.84288657,1.507267,1.2802267,1.2744664,-0.8566617,0.7758137,-0.5121921
1.1649588,-0.96268034,-0.8932635,0.35987964,0.63286626,0.27389637,1.1455758,0.25316328
0.08931569,0.91797,0.5454709,-0.66527414,-0.587042,0.052002504,-0.9602836,0.32634577
-0.50708896,-0.039199807,-0.08721893,-0.12948671,-0.016915055,1.893906,1.4315691,-0.85617965
-0.11028805,0.43960664,-0.11615006,0.057442494,0.65512484,-0.82167935,-0.17684382,-0.6954887
-0.03088075,-0.40383273,0.8768125,-0.5231841,0.9891845,-0.77859175,-0.52056664,0.18271324
1.4981102,-1.115212,1.1399457,1.3921328,-0.42827964,-0.41784188,0.48854047,0.5910971
-0.3515954,-0.090951815,-0.9591761,1.2856718,0.5259923,0.28540227,-0.027741715,1.2943039
0.82437056,-0.5924867,-0.4325608,-0.3806078,0.03432232,-0.2862368,0.48318607,0.29537773
0.33054793,0.35281363,-0.38202977,0.12784736,0.44136,-0.33325413,-0.7208686,0.10771549
-0.37433898,0.4634241,0.6424458,-1.1947647,0.82713985,0.76110286,0.2543388,0.5563686
0.6534198,-0.70887846,0.9230831,0.30717337,0.90667605,0.38531324,1.3722644,0.98136854
1.3066385,-0.08814356,0.13541359,-0.38484505,1.4929799,0.19409925,-0.9158678,0.20670757
-0.016875334,0.13050495,0.33331695,-0.40287358,0.8439165,0.29748023,-0.7693528,-0.7539095
1.2624698,-0.09367289,0.012617137,0.7161483,-0.27442268,1.1246262,-1.3448952,0.1479661
-0.32548466,0.4758592,-0.32967693,1.1042244,1.5412388,0.051452465,-0.8211787,-0.7035209
0.3567087,0.03592653,-0.34406254,0.535735,-0.92072463,-0.4149283,-0.37730458,0.5665781
0.403362,-1.0512564,0.6516117,-0.6879513,0.1194573,0.39823583,0.6268859,-0.11554874
1.500319,-0.9995809,-0.23230907,-0.42878434,2.4394362,0.24976815,0.12091763,0.26900867
-0.214849,-0.26500925,-0.2480551,-0.115291044,0.5749004,-0.17543201,-0.7502135,0.21231607
0.6237342,-0.6326072,-0.29870513,0.77912,0.86916286,-1.3971611,0.30310863,0.087585375
0.050448142,-0.4860121,-0.91393965,-0.74288434,0.24192737,0.4472707,-0.39015257,0.3865531
0.73543924,-0.78477293,0.04593712,-0.19707675,0.34860942,0.8034506,-0.61707956,-0.4468772
0.6027175,-0.48496276,0.050061382,0.97438174,0.4051599,1.8793417,-0.020085573,0.1754432
0.52128357,-0.3810694,-0.14146557,-0.24147473,-0.0363692,-1.2393934,-0.0597731,0.72555935
1.1657906,-0.88864243,0.17913866,1.2608283,-0.349514,-0.7632593,0.2659267,0.15400648
0.41787046,0.041781258,1.6851865,0.5389684,0.15882729,1.4344847,-1.5524033,1.7090048
1.0269098,0.84686184,0.8188232,-0.37630174,0.18576857,1.1258152,-0.7427334,1.0475501
-0.027071118,-0.451727,0.59440327,-0.9472651,-0.84686595,0.25947207,1.2739389,-0.054092057
0.22543806,0.9710379,-0.008477527,0.6111931,-0.21856122,1.5456096,-0.04719733,0.91009957
0.22209421,-0.26594183,0.6834662,0.21948259,-1.0298678,-1.0134599,0.49650824,0.9184017
-0.33624718,1.5741527,-0.5392608,-1.0097306,-0.352351,0.9084297,0.20329161,-0.44204375
1.675741,-0.0012698323,-0.3697927,0.6416609,0.92311174,-0.020336473,-0.9348584,0.7067084
1.4466213,1.1482953,-0.14555308,1.2800183,-0.5326993,-0.37052876,-0.8165611,1.2029308
-0.45469958,0.3794611,0.19660711,0.5571145,-0.5002364,-0.55037266,0.5004022,-0.11975814
-1.1470048,-0.042273987,0.72778493,0.009428747,0.9234099,-0.027771903,0.59172386,0.19617558
0.43435127,1.1173486,1.2241979,1.9268234,-0.25555795,0.17806351,0.3649465,-0.54359496
-0.6218177,-0.9456265,-0.06378938,0.8006166,2.2526317,-0.56782013,-0.12657528,2.3335578
-0.37155345,-1.0219556,0.42204276,-0.17810151,0.38653213,1.566256,-0.25439346,-0.37462017
0.29001555,0.062424656,0.34452248,0.6287319,0.8613396,-0.011567051,1.423735,-0.5987373
-0.9854628,0.34620643,0.054074287,1.8538748,0.80970055,-0.26255468,-0.44638532,-0.15611812
-0.3482774,1.3326663,0.029155727,-0.0030197613,0.408896,-0.48005942,0.25471935,0.33181
-0.053137705,0.09965521,-0.3001155,-0.5206376,0.33713466,-0.8651315,1.6039191,-0.40796548
-0.35392976,0.1008368,1.0514792,-0.24068253,0.60125923,0.21619985,-0.5528971,0.03401342
-0.8104857,-0.43280035,0.43861026,0.26305884,0.3623438,-0.085509904,-0.7599846,0.4295213
1.1255047,0.8489139,-0.030121796,-0.08455543,-0.051619977,-0.0012010448,-0.7754091,0.20786527
-0.5198394,-0.8048517,0.885141,0.49653402,0.41332313,1.0476786,0.28712976,-0.1713764
0.07611647,0.38642213,0.9461455,1.3465263,-0.19987096,-1.0426812,-0.2601773,1.2806848
-0.9072049,0.859444,-0.83170086,-0.14421494,0.9210816,1.6235983,-1.7229687,-0.26962382
-1.6452645,0.75717735,-0.7604169,-1.0171505,2.0133488,1.0501481,1.5103616,0.019152325
0.04936391,0.6737603,-0.64587003,0.89556247,-0.7857341,0.81100065,0.38688174,0.24247551
1.5305955,0.16195464,0.21631265,-0.98722386,-0.3894726,-0.34159315,0.34448987,0.666303
1.0170083,0.33863133,0.7130028,0.44105455,-1.5373396,0.45953396,0.69663763,0.7223448
-0.76615244,1.1460011,-0.3591342,1.1174467,0.4898947,-0.068443224,0.7864394,0.7300957
-0.3262315,0.24007316,0.66347253,-0.48600855,-0.15820652,0.84265345,-1.0408995,0.86630195
-0.4352235,-0.7784191,-1.4339564,-0.022525337,-0.7192399,1.1099321,1.8574885,-0.15586632
-1.0814126,-0.80962384,0.38310018,-0.73780847,-0.39735422,-0.6221282,1.8520033,0.8165207
-0.13449985,0.29488304,0.21909755,-0.22562425,-0.16145237,-0.3555624,1.3318229,-0.030429102
-0.020077676,-0.7451009,1.4250916,0.3425794,-0.51730376,0.81629777,0.388684,1.5819318
0.22756672,2.2878149,0.6299461,2.3713927,-0.56759566,1.0885991,1.4449319,-0.34533003
-0.8603058,0.16347416,-1.193579,0.27445138,0.20028825,-0.6809095,0.4058959,0.016774766
1.1304871,1.7038432,0.7160577,-0.17075361,0.5173945,-0.08068433,1.3832155,-0.5183204
1.494245,0.2504838,1.0907921,0.69014126,-0.97238326,0.02314888,-0.80151683,0.1518635
1.0457653,-0.92044437,0.39188054,-0.43753636,-0.82879126,1.0162109,1.791923,0.4542567
-0.34738016,0.58017766,0.6483343,0.58626056,0.36250877,-0.24003151,-0.88948256,0.79578745
0.22520152,-0.59150827,1.4741344,0.81080776,0.6231472,-0.6007889,-0.61517274,-0.31506637
-0.22954586,-0.27432242,1.8833816,1.2399079,0.91515404,0.79080534,-0.5273816,0.18457517
1.7405821,-0.24980168,0.16497701,1.7952305,0.80225194,0.120980546,0.90752345,0.74738157
1.0093344,-0.39312726,0.6630582,0.58270437,-0.9628499,0.10120133,0.2921342,0.85101897
0.19150504,-0.94188243,-0.029653499,0.08013126,-0.5904023,0.1858242,-0.8482947,1.6339182
-1.2197376,1.2981768,0.7396922,0.3351201,0.0709767,0.39022943,0.6366268,0.42696354
0.40895396,0.581669,-2.020252,-0.07244857,-0.78220594,-0.43200195,1.0884101,0.24394709
-0.020443268,0.8357885,0.43063572,-1.7848526,-0.27387065,-0.008905789,-0.48544076,0.014840864
-0.09592559,-0.36333248,1.0542775,0.5470499,0.96051466,-0.46394685,-0.07733351,0.2092165
0.4140823,-0.31521147,1.374577,2.4808106,0.84530956,0.29244766,-1.2750711,0.9227766
0.3841177,0.9291954,1.5151939,-1.1676098,-0.0758873,-1.2208992,0.7345244,1.8874182
0.3714219,1.7574624,0.30366883,1.0959457,-0.73259497,-0.34893155,0.2971819,-0.22865564
0.16573754,-0.46871877,-0.09935024,-0.8276784,0.3992755,-0.5666989,-0.12827668,0.0012910292
-0.16240075,0.31875366,0.1547437,-0.48735645,1.3089818,-0.27018145,-1.0632706,-0.0426633
1.2518673,0.48862362,0.40043113,0.5699551,0.06359119,-0.06258325,-0.6502323,-0.6249127
0.48244762,-0.8934139,0.023871873,-0.11888145,0.5136302,0.36351237,-0.16585568,0.2942085
-0.6016958,0.8649579,0.37667683,1.0783427,-0.37998757,-0.22041379,0.59558135,0.39266884
1.7192587,1.56944,0.42630413,1.1810071,-0.7286491,-0.09078656,1.1209204,-0.6861724
1.1560748,-0.42002606,0.11617071,-1.5613905,-0.10370046,-0.10392158,0.13492402,0.5465066
-0.7939094,-0.573893,-0.88794476,1.184174,1.0679814,0.56763005,0.6082018,0.19743899
0.8028358,-0.4759546,-0.014666133,1.3738564,-0.62776273,-0.43304724,1.0519673,0.5301098
-0.9638208,0.40383857,0.72759765,-0.36470482,0.0069844453,0.34521616,0.77802014,0.5473358
-0.93939734,-0.9212627,1.6009543,0.45044613,-0.5409276,0.6203865,-0.21344192,0.19850564
-0.017200053,0.055786517,-0.91353476,0.5880455,-0.088777766,0.10673026,0.19074377,1.0312705
0.015090041,-0.5338942,-0.56419396,-0.20703126,-0.5395364,-0.6344301,0.41049612,-0.017829664
1.831362,-0.67071456,-0.7536619,-0.109073535,0.95171833,0.031175714,-0.034144115,-0.18049425
1.389337,1.0463263,0.09676501,-0.0010501556,0.5213145,-0.06750361,1.4614722,-0.1495808
0.6214034,0.24771725,0.47726926,1.1657559,0.9680702,-0.5279556,0.32063705,-0.9311157
0.1500425,-0.303664,-0.49214444,-0.44665024,0.8986428,0.9216683,-0.053615823,-0.064038254
0.51676035,-0.40042368,0.48241344,1.4567777,0.9061038,-1.1764948,-0.3767812,0.52628374
0.75054604,0.19652312,-0.21974364,0.32521933,1.221176,-0.50677836,-0.8299366,0.4631999
-0.41373193,0.35639465,-0.3015333,-1.5772674,0.2798789,-0.2729979,1.046952,1.1730841
0.17960551,-1.1566095,0.6639772,0.68020713,-1.6699741,-0.62113047,0.62590337,1.2806342
0.18599209,0.49958587,0.56742793,1.1306214,-0.068480596,-0.7617564,0.21040736,-0.31327283
0.701166,-0.9558,-0.17263582,-1.1660773,-0.23527044,0.62605613,0.92122793,-0.3737992
0.43699926,0.1917236,0.5131765,1.1815263,1.050713,-0.52011764,0.05890209,0.44486982
2.3119307,-0.02206631,-0.8826387,1.010876,0.32946986,0.13169147,-0.87754977,1.0171984
0.19645491,-1.0170909,-0.98536855,0.24221806,1.7305442,0.7327567,0.7003244,0.09775779
-0.55182004,-0.2515643,-0.40660748,-0.321981,0.19931005,0.17352536,0.24883969,0.2209532
0.6052807,1.4392045,0.4058332,-0.55233335,0.6390041,-0.15693364,-0.4723399,0.37945503
-0.7998764,0.69764626,0.2013182,-0.16534685,0.4095091,0.61744076,-1.0311279,0.23741108
-0.5041277,-0.37094772,-0.10734815,1.1542974,-0.003563221,-0.40865996,-0.9959957,0.031595007
-0.45706123,-0.42534474,-0.21978444,0.2093672,0.12482134,-1.0047431,0.16236728,0.4542883
0.2901315,0.26512325,0.23628232,0.7159287,0.68255764,-0.34680083,1.0665784,-0.4701719
0.34591758,-0.16213055,-0.9457186,0.87229365,-1.3219129,-0.6349747,1.5892202,0.23074943
1.165047,-0.46996576,-0.05477852,-0.64328384,0.5934824,1.0208203,0.17838503,1.746278
-0.39549074,-0.98289996,0.7871819,0.3746411,1.7519523,-0.32823113,-0.5087157,0.04967757
0.52048415,-0.1719003,1.2561322,-0.31428853,0.2797845,0.04883469,0.3306993,-0.9798371
0.38996065,0.16457614,0.5302009,-0.28783002,0.47967637,1.0554792,-0.5636412,0.340755
-0.17432088,0.33195448,1.5808265,0.60881776,-0.18346724,-0.4724639,-0.54884183,-0.6715075
-1.0614504,-0.044033986,0.4361728,-0.25808778,0.67910814,-1.7619879,0.6946337,-0.44899067
-0.19798097,1.9107845,1.2529734,0.6782096,1.6584322,-0.5339069,1.6690197,-0.02550558
-0.23119429,0.49227887,0.5028101,0.4110968,0.3561858,-0.14611983,-1.2490935,-0.09828169
-1.308715,0.09723398,-0.09321046,1.5601282,0.6836531,0.687488,-1.1790433,0.005736217
-0.6257728,1.2534178,0.052835986,1.3201874,-0.36916158,0.1033238,0.25642052,-0.35096368
-0.26887584,-0.29715356,0.042243592,0.6158179,-0.2597096,-0.44700634,-0.35916567,0.4267326
0.941148,-0.33818504,0.5388912,0.2950622,-0.22025745,1.3164263,-0.6231879,-0.20853147
1.133762,0.5274223,0.93401027,0.0022993311,-1.5627452,-0.41681415,0.35359874,0.1416833
-0.59407085,0.46424627,0.24937785,1.5582424,1.3354789,1.8397512,-0.19121034,1.1807477
-1.0830076,1.0005417,1.101868,0.69320965,-0.21100253,-0.2279453,0.47959435,-1.1717559
-1.4257199,1.8869405,1.0851293,-0.4312044,0.75042385,-0.046193898,-1.0449277,0.60622066
0.90626967,0.77528983,0.38997784,-0.28726488,0.40794215,-0.48564318,-0.8558618,-0.67625237
0.5238643,0.7341383,0.7973928,-0.91889673,-0.3700814,1.0732127,-0.39749444,-0.05373487
0.10069306,-0.17721128,-0.8600314,-0.4246292,0.7310252,-0.21633929,0.8504411,-0.07682321
0.9100305,-0.18164675,0.27001765,1.4023231,-0.6747265,-1.1612945,0.6967237,2.2195127
0.41869175,-0.8060827,-0.50288194,-0.4630513,-0.08211063,0.13475284,-0.19607474,0.29984626
0.04025251,0.122595936,0.2590742,-0.5488851,0.0005923882,-0.091879375,0.13478486,-0.15405509
1.4191277,1.2574134,-0.8464929,0.91940653,-0.041277457,1.2409223,0.619505,-0.7613169
0.7907492,0.30365622,-0.5197383,0.2481648,-0.08676519,1.3934269,-0.24437703,0.40140387
0.36921623,2.3291254,-0.7064091,0.13888517,-0.9694023,-0.388946,0.29859143,-0.27430815
-0.8564004,-0.01902987,0.6623969,1.1384752,-0.76816016,0.054161854,0.7448086,0.029573984
0.40872616,0.45374534,-0.094552174,1.0576645,-0.48968354,-0.43048334,-0.530616,1.7794975
-0.25406274,0.94114566,0.6729493,0.36093563,1.1299605,-0.21536079,-0.78349406,-0.12686524
-0.026372895,0.45291817,0.628191,0.3345496,0.09848244,-0.14365293,-0.8368486,-0.65113586
0.48457363,-0.75094706,-0.9039195,-0.19875987,0.9002576,-0.30191028,1.4204371,0.40983444
0.21318471,0.113787025,0.6715156,-0.4182868,-0.45422378,-0.22572288,1.9137434,1.5398879
1.0025511,-0.37794775,-1.0010159,0.05685523,-0.18650056,-0.33771685,-0.016685124,0.61564875
-0.48868066,0.49121287,3.0,0.86325866,-0.1108953,-0.18406647,1.0184364,0.36287877
0.75566924,-0.25506657,0.6174753,1.3103775,0.29709727,0.94764864,1.2213483,-0.41976437
0.73485017,-0.48610276,1.6400994,-0.712632,-1.0267187,-1.5210232,0.13480109,0.7577749
-0.45347828,0.55570656,-0.16511369,-0.46184668,0.37574074,0.10711627,0.008678656,0.3073061
1.4802371,1.4095592,-0.6999691,-1.0307151,-0.42462093,-0.1744306,-1.0676657,1.8929198
0.5794153,-0.14818355,0.29753786,1.5904757,0.34784186,-0.62874264,-0.31755766,1.8264785
-0.8602701,1.1354026,-1.0559077,0.36960962,-0.20282893,0.7849393,0.0024277084,1.7023506
0.9727805,-0.38635787,-0.38647482,0.26521635,-0.14555375,-0.99280167,0.35523894,0.6199176
-0.29128125,-0.51388717,-0.77096516,0.5184295,0.39336902,-0.4209723,1.8560544,0.049337633
0.15675311,0.61224246,0.9710427,-0.12567455,0.5132895,-0.42511797,1.1393204,0.8194438
0.9778847,1.2259064,0.82842624,1.0995842,1.7478431,0.69077575,0.45071334,0.12668021
-0.14551803,0.5656237,1.4723603,0.4373894,0.4359259,1.9037185,0.7462743,0.6315842
0.7430054,0.061142173,-0.2595436,-1.1180565,0.76992446,0.17652652,0.17072374,0.10223687
1.0504458,0.95271814,-1.5732297,1.2127875,-0.5298539,1.2303213,0.39741063,0.58464164
0.35291544,-0.80512035,0.25522932,0.35804802,0.38204062,1.4694307,0.548568,1.7925885
-0.5912951,1.8430703,1.8064346,0.1651621,0.21266298,-0.23501071,-0.16323993,-0.21801415
0.06961181,0.9386619,0.17435962,-0.2092969,0.9826415,-0.5218328,-0.24704617,0.00329113
-0.090536945,-0.601531,0.24234655,-0.30544755,0.47602746,0.19758148,0.03790057,0.8425526
0.18273075,0.33888468,-0.77887696,-0.100650504,-1.0235646,0.91707367,1.1976955,0.5629652
0.37972635,0.58226746,0.6924631,0.40808892,-1.0254152,0.9404053,0.17206302,0.41728178
-0.8710717,-0.04997318,0.6413641,-0.71743226,0.97728235,0.15633442,-0.3000992,-0.38517103
0.06471112,1.7523187,1.9828875,-0.5621167,0.47411856,1.1755164,1.1606406,-0.19743511
0.76651424,-0.121641904,-0.35371125,2.7543085,0.8082068,0.007832957,0.6400887,0.01418056
-0.56695575,0.20751837,-1.4029703,1.6730673,-0.41173875,0.124817066,2.6082973,-0.015215084
0.09872148,0.49654534,-0.554046,-0.5798043,0.22618134,0.6665753,0.02646488,1.5252328
0.22101232,-0.08662325,-0.10429756,-0.15468916,0.58274317,-0.5937414,-0.020098686,0.5100161
-0.37544903,0.05916345,1.1225094,0.240166,0.5513885,-0.5327,0.4004293,-0.04902526
1.1467515,1.0108755,0.010930683,0.87029254,-0.21418487,1.1888125,-0.11813757,0.033123586
0.032281827,0.17004512,0.29541564,0.25134072,-0.75588346,0.62940526,-0.8911822,-0.3915776
-0.544691,-0.25819105,0.91644555,-0.01296882,0.9799368,-0.96725225,0.033736225,0.026010402
-0.11958142,1.3896387,0.51067036,0.1989501,0.79433703,-0.26505077,0.5860373,-0.7974158
-0.5412761,0.014898898,1.1883587,0.7332782,0.47748175,0.9807006,-0.4720121,-0.0113563165
1.0915093,-0.42492482,0.62805885,1.1187812,-0.028471712,1.4572744,0.73267627,-0.01627478
-0.28115577,0.30356115,0.17968589,2.1395824,0.30402544,-1.7082622,0.6118651,-0.59758735
-0.47521877,-0.2663425,-0.03389002,0.16391878,1.2096354,0.40555793,0.7611782,-0.07532834
0.18576527,0.6798705,-0.22453374,-0.4437263,-0.55646825,-0.043355152,0.6375781,0.76690316
-0.7831079,0.3913479,0.6251782,-0.8739652,-0.40634313,0.47475746,0.5278132,0.55583555
1.7219805,0.7700124,1.8889552,-1.7473767,-0.3547264,0.36291757,-0.19176735,0.09636632
-0.2346667,0.89997107,-0.11114084,0.12865475,-0.31589016,0.3637603,-1.6946565,1.327135
1.0082339,0.23553365,0.7156804,-1.2708226,1.5218496,1.7769552,-0.5320067,0.76389873
-0.79973537,0.10210568,0.44625047,0.9753164,0.35972038,-0.2369214,-0.60983765,0.55598617
0.31903,0.7418123,-0.012955538,-0.112706885,0.887475,0.35710293,0.74626964,1.1503673
-0.33287662,-0.3222669,1.3096211,-0.56930214,-1.0892143,0.63380164,0.4470342,1.7354895
0.23378938,-0.37590885,-0.36758858,-0.9413401,0.7010016,-0.32095483,0.3926688,0.37060118
1.9596666,0.8298039,-0.057485726,-0.43688613,-0.2075558,-0.097434066,0.34190822,1.1529061
-0.15500358,-1.8440888,0.73983043,-0.8084311,0.5868984,0.22425239,0.7706963,2.1985435
-0.48707944,-0.37677613,-0.63966924,0.3155799,-0.109206945,-0.64682823,0.33823708,0.2349262
0.43910706,0.010293636,-1.4549162,2.1581354,-0.30051753,0.39245054,0.314064,-0.2235251
-0.5830581,-0.616138,-0.27368554,1.023402,-0.053289328,0.26313433,0.018615257,0.2623921
0.6179581,0.36743212,0.24034423,0.54275376,0.086649105,1.7921662,-0.02022654,0.2972217
1.9360015,0.13146526,-0.23988745,-0.058284197,-0.49237195,-0.75204086,0.5880708,0.35625994
1.7936862,-0.08448829,-0.77766085,-0.23101304,-0.16398926,-0.15857343,0.7824914,-0.16705364
-0.327378,-0.18612285,0.78117806,0.5725129,0.6644266,0.8407906,-1.2555963,0.31573015
-0.7173411,0.76868784,0.22720161,0.6885994,1.3315043,-0.46822187,-0.16233645,-0.04432883
0.8967765,0.3355504,1.1859267,1.7819564,1.637239,0.14920533,-1.3107377,1.4028366
1.864159,-0.3781885,-0.32767633,-0.8440558,0.18531218,0.665019,0.036842894,0.12129247
0.5225781,-1.0056007,0.5290807,0.74845815,-0.54932886,-0.68009394,0.2571213,0.42892855
0.09212529,0.77400607,0.0315117,1.954447,-1.2723694,0.40915015,0.24179162,-0.42029536
-0.12233927,0.37939307,-1.106402,0.049462702,0.14457224,0.26772234,0.08631769,0.67774683
-0.7389738,0.33381385,1.1385792,0.07426223,-0.29034343,-0.4314,0.35787165,-0.16593435
-0.20512185,-1.0668827,-0.8905848,1.0677327,-0.41174138,-0.39418724,0.78566015,0.9787827
-0.765331,0.3966335,0.42600045,-0.76656187,1.1553414,-0.1801243,0.47848254,-0.7098457
1.5060012,1.1641489,-0.6225677,0.56823415,0.4889778,2.156038,-0.7469289,0.07731902
0.7170049,0.8117417,-0.664778,0.45353097,-0.8278578,0.42175934,0.36271662,0.69313395
-0.122838,0.28206176,1.4936756,-0.9056084,-1.0454985,0.9341582,-1.3034297,0.9417975
1.2285095,0.8657582,0.048736066,-0.088252455,0.7520595,0.21697824,-0.6946853,-0.58435905
0.36860937,-0.39521557,0.08051015,0.81740564,1.5674832,-0.12153761,0.32205915,-0.9958803
1.0778013,-0.595678,0.8216621,0.043750986,-0.7854108,0.17851532,0.008296028,2.0085342
0.20888966,0.8407849,0.85251707,-0.6326673,0.5607666,-0.5352171,0.26005536,-0.5546295
-0.5216371,1.4518117,-0.37061816,0.98782986,0.1082856,0.22904274,1.2805377,0.25572976
-0.9616476,0.08703926,1.6493775,0.74108565,-0.2706656,1.16905,-0.052878715,0.08970961
0.89323366,-0.65132785,1.4485035,0.24844284,-1.0669383,-0.44308817,-0.42502046,0.10670753
-1.4872646,-0.73152673,1.0235059,-0.30523783,0.76918215,0.4313095,-0.19994564,0.20966971
0.041697584,2.09292,0.28281903,-0.024988476,-0.024810426,0.2681135,-0.45620272,0.37757236
-0.65133715,-0.7300541,0.57525074,-1.092255,0.67236227,0.7304548,0.9001276,-0.012074992
-0.49957627,1.4269551,0.8674437,0.529018,0.45912227,-0.31688622,-0.95716923,0.5409301
1.5628726,1.9305978,-0.733384,0.7254628,-0.317695,1.651381,0.06457947,-0.38668337
0.54594743,0.80999154,-0.6248672,-0.09085782,-0.7339184,0.79867035,-0.7342253,0.50490385
-0.2931248,-0.36875167,0.17079723,1.1816263,1.2033386,-0.80081433,0.7492154,-0.2432304
0.75869066,0.26903257,-1.9768678,0.5388746,-0.6766009,-0.08064515,1.4336756,1.9623628
0.09497659,0.16379641,0.26032162,-0.21434008,0.1845256,-1.1390675,2.3125882,0.57646704
-0.7296136,-1.1679935,0.7836255,1.7766132,0.39104638,-0.26013002,-0.8483906,0.40230864
0.5193913,0.73517054,-0.06730573,-0.41385245,-0.18601243,0.24168533,1.2701218,0.27038875
-0.40276718,-1.5469056,0.6077811,0.36338204,-0.18641593,0.35322684,-0.47191525,1.2036792
1.4115028,-0.4455641,0.5754349,-0.56157964,0.91772616,1.0885818,0.022974439,-0.9436423
0.91650945,0.49083066,-0.515493,-0.16088155,1.6881478,-0.77902585,0.107471496,-0.07727403
-0.8545841,-0.9066552,0.9155299,-1.3217304,1.2532225,0.20549507,0.15060037,-0.4547952
-0.99872065,-0.5713337,2.5084546,-0.025934193,0.6928813,1.6872518,0.30091962,1.2984337
-0.45759743,-0.21160597,-0.075710684,-0.26020497,-0.16617142,1.6010474,-0.22555068,1.600007
-0.9548404,0.69311506,0.05661445,-0.76883554,-0.26308,0.8616282,1.5328892,0.8033876
1.1000795,0.780331,-0.07469723,-1.0339514,-0.2763159,0.30861762,-0.13294278,-0.03625685
1.7823024,0.08872174,1.5456815,-0.6835392,-0.13490565,-0.22321802,1.3436538,-1.1122909
0.18150242,0.5662102,0.29257053,0.48624232,-0.42525208,-0.6199436,0.2789131,0.8152344
-0.25325572,0.7221857,0.72223526,0.38227475,0.38338238,-0.9542527,0.712365,0.40390703
0.22882897,-0.57159185,-0.47626695,1.2913804,-1.0474159,-0.4655483,-0.05042922,0.6670848
1.0847889,0.06709738,-0.027900856,0.052481186,0.15816075,1.3898427,0.64239067,-0.4671636
0.4183831,0.20629376,0.056273453,-0.016496856,-0.39956078,-0.08124467,-0.14621323,-0.22744301
-0.95785344,0.045129523,0.124138735,0.34309596,0.30685076,-0.15412162,-0.06628919,-0.029431604
0.7166144,1.032899,-0.5191783,-0.20028548,-0.7617768,0.33633032,-1.0562965,0.6342918
0.21667916,0.15699321,0.008468982,-0.43633494,-0.29659584,0.082141526,-0.7300699,0.512194
-0.7129539,0.22150667,0.50798655,-0.2204039,0.33486193,0.040050097,-0.25157893,0.73408526
0.17227244,1.7791992,0.40103328,1.7299256,0.5979534,-0.5002749,0.22271766,-0.10193474
0.8097281,0.616186,-0.149602,1.2997851,0.13931759,-1.4814466,0.13308112,-0.25987676
0.18100455,-0.043806057,-0.7594217,1.7730278,-0.5492451,0.0948695,-0.46440086,-0.25708786
-0.27176774,1.7519996,-0.07924271,-0.72536045,-1.1155568,0.80870515,1.1470609,-0.04677061
-0.056308955,-0.00095575675,1.3345597,0.8814459,-0.3677711,0.8219472,-0.30930585,0.6688202
1.6680208,-0.40394148,0.32187137,-0.26649365,-0.9638529,1.1023667,1.5463867,-0.22521925
0.20493692,0.40701988,-0.30265114,-0.103444874,-0.13601895,-1.1769782,1.981848,0.41038105
0.4838186,-0.26001486,0.6244739,0.06588794,0.64268917,-0.51806897,-0.9877928,-0.4039108
1.2195503,-0.29486272,-0.43117303,0.14617893,0.6740963,0.37412977,0.06161889,1.0664544
1.2111261,0.19076952,0.34630048,1.0663502,0.9653233,-0.38604188,0.041020017,-1.1978018
-0.005896196,1.2533275,-1.1146388,-0.16870542,-0.79311335,0.4324344,1.1727048,0.2550878
-0.8187234,-1.001299,0.57484126,-1.0157554,0.29723382,0.8829587,-0.0012082066,0.38431817
0.89010453,-0.49035442,1.1736574,1.9277984,-0.8480069,0.36549705,-0.25396836,-0.3992627
0.6536586,-0.57656676,0.65479434,1.2214597,0.33887574,-0.26462346,0.5397404,-0.34187898
-1.0830258,1.585746,0.35210854,0.038256835,0.18722191,-0.0761531,-0.37674335,0.25326484
-0.7555959,-0.018778283,1.2579832,0.9755227,0.3657115,-1.2539996,-0.5816521,0.54842156
0.018577375,-0.031505786,-0.5267873,0.31336802,-0.4011634,1.1830276,0.6723364,1.0660069
0.2276814,0.34181693,-1.0991693,1.1832415,-0.4449444,0.6012641,0.4527221,0.74990076
-0.014939569,-0.05953039,1.5008969,1.440696,0.02952968,-0.7148028,0.084352806,0.6342738
-0.15002877,-0.5514447,-0.2338889,-0.6316604,-0.1772138,0.05068939,-0.16824369,0.5769857
-0.25806805,-0.5245483,1.4325185,0.59305423,1.4403639,-0.3285971,0.377653,-0.43994418
0.8024116,0.9407909,1.1005306,0.69928265,0.9094282,-0.60992163,-0.2283161,-1.0330609
-0.47045338,0.06490813,-0.33810493,-0.20820497,-0.57901055,-0.3833898,0.0688694,0.49572772
-0.044945754,-0.83615726,0.19679874,-1.5307934,0.24001403,1.6839272,0.74374515,0.0458577
0.26283097,0.0589678,0.9797226,-0.95713544,-0.3430654,0.8303653,-0.9831036,0.04827132
1.2962579,1.3557761,-0.12516275,0.22691882,-1.6004473,0.27928704,0.38314614,-0.4619514
0.033643488,0.2269184,-0.6964237,-1.0322325,0.697909,0.028674727,-1.2551816,0.77640885
0.024134431,0.5183666,1.0039386,0.79958844,-0.20382528,0.09095019,-0.42679036,-0.101962306
0.12911338,0.119167075,-0.6629172,-0.172185,0.15841442,-0.64161706,-1.1597185,0.07375429
-0.005049333,1.4992442,1.7910947,-0.1644142,1.492097,0.109825194,0.70073324,0.6052038
-0.38820067,0.2802732,0.0031789,-0.21886046,0.38879317,0.14544554,0.33535898,-0.36375138
-0.57794017,0.813292,0.58834535,0.6474018,0.06720963,-0.5080943,1.4915962,1.7941644
-0.15411177,0.22893697,-0.33679673,1.0837489,-0.7743099,0.2192617,0.91804725,-1.1857253
-1.2075342,-0.513923,-1.1023467,-2.0936098,1.7897269,0.9645645,0.4912331,0.743163
-0.22442302,-0.2537323,0.16444594,1.1319803,1.644086,-0.1387525,0.95259225,-0.5577327
-0.35929886,0.12080979,-0.16153991,-0.62453675,0.47183484,0.5232641,0.124024466,0.15055335
0.47277784,-0.5469555,-0.66112345,-0.7030331,1.6297988,0.9915904,1.1259912,0.7259736
-0.0019132495,-0.19480807,0.2742861,0.6510061,-0.72437966,0.44557244,-1.6854697,0.6461754
0.12529323,0.9648884,1.1965809,-1.0568373,0.39779782,1.0905734,-0.52608395,-0.32490915
-0.48528475,-0.20089127,0.13341218,-0.04340175,0.8770778,-0.46688315,-0.76702124,0.12822403
0.52687657,1.4658402,-0.19611639,-0.45303032,-1.1876937,-0.6180839,-0.55431205,0.41849768
-0.82742155,-0.1397859,0.15018716,0.16970561,1.6032484,0.7936596,-0.48046586,-0.15266791
0.4883779,0.06396846,1.2474264,0.6253209,-0.23920654,-1.2910501,1.2243531,-0.19213143
-0.67343605,-0.279093,-0.35096037,-0.66344565,1.3873012,-0.15867938,1.2270865,1.200422
-0.24459785,-0.42238244,-0.3890963,0.49318182,1.1126608,1.2623858,-0.39301392,0.42052972
0.9686852,0.02015729,0.6651219,-0.8098623,0.92725515,-1.2873615,0.060529258,1.2394588
1.3965414,-0.4467439,0.63989216,0.25236416,1.3712783,-0.15355836,0.6122813,0.19675228
0.31356195,-0.25046918,1.2296169,-0.4040377,1.2398185,1.5867761,0.7736993,1.256806
0.6972695,-0.08031124,-0.9205843,1.2112832,-0.97761154,-0.01165046,0.29876572,-0.16596091
-0.13235363,0.09468737,0.017686147,1.0409099,-0.4563815,-0.372834,-0.741008,-0.37365583
-0.15465978,0.07416558,-0.4282975,1.0547289,-0.9996626,0.18758978,-0.15200208,1.6811265
1.0209285,-0.9645689,-0.40317637,-0.90312004,1.0843011,-0.22199742,-0.34111515,0.113758825
0.9658473,1.31694,-0.27060172,-0.10813862,0.2972372,0.16867447,-1.1583958,0.40612143
0.9934988,-0.7625316,1.6872377,1.141363,-0.2759185,0.55860937,-0.45477694,0.6575631
1.2416111,-0.40526637,0.14923528,-0.30065575,-0.6826342,-0.4942942,0.22001696,0.30733234
-0.20466423,-1.1550719,-0.77480525,-0.38960025,0.84431183,0.5001672,1.5925705,0.5504231
1.0618964,-0.7428828,0.7588271,-1.0987303,0.28972548,0.7871557,0.73421156,0.21796423
-0.23880047,1.6188029,0.9006878,-1.0105358,-0.13219795,0.5354312,0.12977195,-0.23328069
-0.2648688,-0.6071712,-1.3465874,-0.39966485,-0.1114755,0.80604887,-0.23366621,0.29313973
0.20581776,-1.6873868,2.169597,-0.6714569,0.18834507,0.18965386,0.9282099,1.670205
-0.7049282,-0.96163374,1.2473387,0.22638108,-0.040651552,-0.23326096,-0.0849856,0.11004629
0.9294708,1.1617064,-1.4597969,0.488316,0.8109497,0.39235154,2.0700283,0.8264238
0.29369366,0.10863702,0.22826776,0.3656094,1.2855921,1.3080779,0.65191936,0.37106413
0.9712354,0.60852736,-0.45406148,0.9661598,-0.37016022,0.026580505,0.013080627,-0.3134763
-0.21559694,0.3636569,1.5066557,-0.554447,-0.34530368,-0.12441683,0.29834178,-0.23503795
0.053005014,0.43228915,-1.0660899,-0.17393072,0.5543758,-0.10922623,-0.37668025,1.1018916
-1.781809,0.8031196,2.6749203,-0.062242325,-0.10405867,0.41427997,-0.2445984,0.262273
1.1048067,0.3176203,-0.469534,-0.90724874,2.4815433,2.411504,-0.5246212,1.8714206
-0.034567863,-0.30598977,-0.0036792737,0.65970564,0.5822559,-0.013512535,-1.0302801,0.30698273
0.2144483,-0.66616297,0.31029657,0.7716612,0.60788196,1.0411698,0.64271814,-0.50651324
-0.17024952,1.0640861,-0.5451333,-0.74821186,0.07189889,0.55725896,0.7033464,0.3683141
-1.4188871,0.3996171,-0.12299423,-0.2727722,0.83484167,0.50243425,0.941852,-0.74945134
0.38096404,-0.17580184,-0.2164976,-0.84974277,0.8809868,-0.5490279,-0.4201697,0.15414463
1.5806789,2.4130418,0.32922482,-0.20750563,-0.54059845,0.32235432,-1.2392099,0.56602937
0.87065166,1.3551491,-0.38785264,0.9958575,1.3008322,0.99850726,-1.6712781,1.1258334
0.026268888,-0.36165953,1.6978532,0.88318986,0.10121103,0.35682756,2.0889912,0.068291664
-0.23053825,-0.6672546,0.36094305,-0.37117696,0.40274447,-0.8603572,0.51678544,0.5496591
-0.6010188,0.97585416,0.02129655,1.2921181,-0.7751652,1.2923795,-0.08343507,-0.23998937
0.8449193,-0.0010373574,0.9599886,0.43117005,-0.24328315,0.33295482,-0.73424494,-0.07020467
-0.13503397,1.6017102,0.3331372,-0.21418886,1.3742284,-0.3588478,-0.052526277,-0.42903644
0.050397728,0.02937929,1.5719438,1.0654225,0.77433443,-1.3962946,0.30051762,0.11077346
-0.7175354,0.4078449,0.9502209,-0.24209033,0.12962215,0.8283075,-0.7451474,0.09711121
-0.26608124,1.2850757,-0.22788885,-0.26673937,-0.3141315,0.7115612,-0.39664552,0.23302996
1.2152681,1.2330722,0.2751974,2.3951027,0.6211391,-1.1568696,0.6488426,0.3530863
0.47198853,-0.020248268,0.2658587,-0.83438855,-0.42060572,0.09669791,0.111389235,0.088282965
-0.18985814,0.36128893,-0.5983143,0.3314875,1.0244774,0.034384847,-0.9890964,1.8086071
-0.30302617,-0.515862,1.0883329,-0.40748718,-0.26097107,0.7230985,0.09015711,0.0266692
0.07337667,1.0286932,-0.28193986,-0.37664616,0.993159,-0.12434183,0.29342315,1.9042213
0.77608085,-0.4015233,1.7082641,-1.5556113,-0.55579716,0.2966614,-0.08903098,0.11323389
-0.25012967,-0.39890903,-0.02861741,-0.4584804,1.0586605,0.68773186,0.68087685,0.5778318
-0.0017269626,0.6236054,-0.15972716,-0.4031561,-0.5099542,-0.07205872,0.71707034,-0.16387531
1.4504411,1.0327588,0.45168555,-0.36298677,0.80647826,-0.5908713,-0.6988396,0.019983761
-0.8258604,-0.43465737,0.0029475167,0.34795785,-1.1546543,0.18491925,0.8366122,0.47612202
1.2163984,1.5499573,0.002873268,-0.23397191,-1.8300918,-0.3344221,0.04342636,0.43204254
-0.8319192,1.2320325,-0.76822925,1.0770756,2.2620862,-0.6735582,0.37184462,1.9691741
-1.069824,0.8794393,1.1539127,-0.2956195,1.4930878,-0.71492445,0.14567912,0.74463624
1.0029211,0.09656119,-1.0855508,1.1957747,0.67797226,0.94246775,-0.7227711,0.86915064
0.722927,-0.11819966,-0.5071734,0.95367765,1.1451956,0.33256614,-0.23636256,1.0465169
-0.42038822,-0.21435224,-1.2626904,-0.06309992,1.8291005,1.0877312,1.4080901,1.0279862
0.2559456,-0.99256724,1.4283956,-0.021240484,0.86284935,0.43808514,1.6336632,0.9012532
-0.07538708,1.5714474,0.6747188,1.1635095,0.3202781,1.6861999,-1.0564299,0.8320503
-0.08360464,0.4725045,-0.94560957,1.3930547,-0.5587073,-0.5628699,1.0432273,-0.9688148
-0.1572347,-0.840039,0.07200792,1.3161241,-0.0086580375,-0.44346505,-0.18481284,1.8661498
0.19545025,0.57561165,0.38197768,0.1694211,-1.1856709,-1.0208669,-0.17704539,0.9347246
-0.54369694,0.012492207,0.08276847,-0.6001106,0.1634187,-0.1368152,-0.096678466,1.0372341
0.105974145,-0.70577055,1.1093633,0.8457866,-0.45018342,0.28957838,-0.9626719,0.36158553
1.3290584,-0.28864372,-0.25894472,1.2449017,-0.44230285,-0.202851,-0.005984146,1.0175766
1.2393874,0.5470384,0.994686,0.36549833,-0.29092786,0.059601195,0.8329954,1.3530637
0.1176817,-0.015090939,-0.090207435,1.4608736,-0.43329376,0.011088895,0.08867866,-0.4339418
0.37090108,-0.6447873,-0.914333,-0.07136506,-0.07090747,0.52273375,-1.4289443,0.83589005
-1.4130578,1.1248443,0.9291831,-0.71343505,-0.30029345,0.39639655,1.3620976,0.51531667
0.61850625,0.6379708,0.96117294,0.9513614,-0.4938391,-0.43362823,-1.2749077,0.022292439
2.094839,0.09006253,0.8765409,1.5200794,-0.96882075,-0.36613238,-0.71583635,1.2489539
-0.11782307,-0.5626743,1.8311014,-0.92316216,-0.27241933,1.159709,0.20334855,0.7656721
0.95477635,0.84105927,0.02772097,0.8512488,1.0250733,-0.64485055,0.2748302,-0.78749955
-0.09303712,0.7685063,0.33325967,-0.6248594,-0.21016993,-0.35427302,-0.4825612,1.4223677
-1.2302438,1.2463603,-0.9973252,-0.3423156,1.1969312,0.11201795,0.21217307,-0.06816714
1.7225025,0.6037526,-0.13958566,0.6289357,0.26102236,0.83855134,1.3552651,-0.36860764
0.9440623,-0.07504225,-0.69713724,0.73084193,1.2259601,-0.14517276,0.124391586,-0.68996763
2.4198332,0.082607105,-0.8095235,1.0019029,0.28744447,0.66021746,1.0380973,0.026543565
0.91594964,0.66535616,-0.4332839,-0.8493979,-0.3547767,-0.8195944,0.74067616,0.38524964
0.37342086,0.40614614,-0.80131817,-0.50531805,1.3633816,0.17842324,2.214591,0.6065237
0.70817214,0.9148931,-0.30765572,1.789446,-0.77626324,-0.4851605,0.34959295,0.96437806
0.21848261,0.14111248,-0.58583194,0.825096,0.6649126,0.7823061,0.029262498,0.07529256
-0.62514406,-0.40854585,-0.084737256,-0.22915299,0.12867737,0.0663583,-0.061490845,-0.1954461
-0.5310713,0.047162198,0.6315691,0.5543974,0.16833812,-0.61454016,-0.80255425,-0.055731423
-0.3784351,-0.4546203,-1.1824111,-0.47302166,0.071829006,0.2391956,0.38147435,-0.32542238
0.51439595,0.49002603,0.22341299,1.1302965,-0.9219033,0.84874415,0.68521535,-0.07717251
0.2237759,-0.8555947,0.10233038,0.78887546,0.20620558,-1.4759245,0.35908023,0.945008
1.1494887,-0.6724319,1.0276284,-1.0588474,-0.37579617,-0.098744474,0.075357854,-0.1825541
2.273873,0.86619186,-0.103373,1.9429688,1.0457076,-0.83050925,2.048705,0.29972586
-0.5169475,0.8662183,0.047816865,1.3096813,0.40449488,-1.2988657,0.09418291,0.29615608
-0.1877963,-0.31287298,0.15343148,0.7391136,0.5644362,-0.37629023,-0.681374,-0.5258923
-0.3490475,0.985166,0.9213297,-0.86745936,0.15164354,0.61070013,-0.56279814,0.5954609
0.45110467,1.062578,0.01061061,0.82488984,1.0974478,-0.058965787,1.8888265,0.4223955
-1.6284593,0.0019341931,1.6760659,2.5522509,0.40983886,1.6565369,1.0180117,0.4303545
1.2114688,1.643541,0.43305233,-0.43695912,-0.8369988,-0.23709202,-0.31795797,-0.26804245
1.3412598,-1.0233552,0.30485344,0.8308577,-0.32650894,0.59193826,0.08108798,-0.4481043
0.47914466,0.21291392,-0.10459857,-1.0020748,-0.8584849,0.019719172,0.14054474,1.2077782
-0.88595396,1.066073,0.31677058,0.20264834,0.67218333,-0.7175766,-0.27531603,0.1305401
0.30860743,0.06962901,0.25118685,0.4916991,-0.45129403,-0.81053555,0.067453414,0.4879766
0.8834851,1.2905346,0.36389822,-0.08662626,-1.0395756,-0.57960945,-1.0752816,0.078029804
-0.43636456,-0.43141901,0.975396,-1.3092017,1.0518821,0.1426211,-0.07120484,0.42377025
0.29076412,-0.8786585,0.2685371,-0.7585868,1.1834823,-0.08171678,-1.1703968,0.25782776
0.098687455,0.66444945,0.91816413,0.20986779,-0.87677264,0.6428179,0.6212978,0.29054746
0.62123615,0.05294854,0.5802608,0.1643817,-0.6273229,0.69365835,-0.035815425,1.1325852
0.09183887,-0.17601532,-1.2360507,-0.27537176,-0.07350104,-0.944628,1.6100558,-0.26142266
-0.44643497,-0.30082646,-0.025894508,0.50156736,1.1622499,0.10952336,0.6129792,-0.3302739
-0.51103544,-1.3231751,1.7809021,0.2425321,0.19724105,-0.33118787,0.6708056,-0.06266364
0.5780497,-0.34220755,0.8319933,0.14372721,1.7662172,-0.45528615,-0.6264671,-0.6066481
0.11155283,-0.12930611,1.1180778,-0.8468029,-0.16770193,1.138962,1.1281172,0.16100204
-0.22571188,0.41707915,0.03905624,-0.5596275,1.0039814,-0.62116224,0.68299025,-0.28427815
0.24496078,0.020846134,0.34482208,-0.6115405,0.8246469,1.0931114,-1.1422775,0.6099818
2.3137517,0.3501786,-0.02426098,-0.52422297,1.6071857,-0.057813987,1.6975696,0.31898397
-0.17450517,-0.08961348,-1.3375958,-0.2813625,0.06387427,0.16393873,1.1669437,0.3106228
-0.19094348,0.27314013,1.0047116,0.51292783,0.8973706,-0.17019698,0.15855362,-0.44273868
-0.52111197,-0.33363926,0.24929592,2.0191798,-1.5821526,-0.059133008,1.025914,1.6736933
0.7345623,-0.5395304,0.76175666,-0.7403734,0.8708483,0.15669557,1.0015907,0.0121181235
-0.03442978,0.29708347,0.73585916,1.5221311,-0.58331436,-1.0129603,0.43475553,-0.67146146
-0.0783756,-0.46398556,-0.35718432,0.38580146,0.6862635,-0.66261846,1.2368202,0.11044929
-0.8274335,1.149694,0.26617458,-0.9275858,-0.022592016,0.03625597,0.27508295,0.044153295
0.39263597,1.1882427,0.40739533,0.13450065,-0.6522864,1.1350809,-0.7727286,0.35425663
1.2871705,-0.28332216,1.0068911,2.2553935,-0.09630617,-0.085765,-0.32153258,-0.36509132
0.6400153,0.7414198,0.26930532,0.41060942,-0.6070295,-0.5110518,0.29975757,-0.40414393
-0.23346344,-0.22820775,0.32949162,-0.18964118,0.11381684,-0.71799177,0.5377887,-0.9092171
-0.92748904,1.1929542,1.6352409,-1.3073488,1.035729,0.28378624,0.059263695,-0.40650123
0.035856295,0.92341727,-0.63098794,0.8341233,0.08980357,0.90981513,-0.680079,-0.32430694
1.0854168,1.2185304,-0.7328665,0.85290897,-0.2783964,0.142964,-0.75641584,0.87482655
-0.5308188,0.9546309,1.1485279,0.6000605,0.26186,-1.0152164,-0.16965188,-0.5256254
-0.8606685,0.58448935,-0.09860697,-0.6867666,-0.20373015,-1.0668534,1.3885075,0.102706596
1.0104713,0.44722563,-0.4911508,-0.6327954,0.49246752,-0.976241,-0.5648726,1.0489541
-1.1815319,0.8078385,0.28266242,0.45515117,0.23699608,-0.051803596,-0.7954848,-0.45084557
-0.07484452,0.14476955,1.048257,0.8019837,0.36943313,-0.83972275,0.90481496,0.41315678
0.13478436,0.78785247,0.2786427,1.1682628,-0.13292088,-1.1208475,1.876353,-0.18516338
0.3403943,0.60748667,-0.2179397,-0.3976272,0.4092176,0.19789806,-1.9521351,0.51878434
0.27571988,0.53458947,1.1850998,0.11912283,0.2254335,-0.78270066,-0.31923336,0.960546
0.57820505,0.5482903,-0.66130257,-0.4531742,0.62095314,-0.8498835,0.95987064,0.16252922
-1.2491543,0.32516876,0.9802524,-0.22168575,0.8514844,-0.3057967,-0.046474237,0.03513477
-0.028610632,-0.19682719,2.043683,1.6750902,-0.58935136,-0.45889607,-0.28081954,0.56319046
-0.7717438,0.3863828,0.8366272,0.3306318,0.96467257,-0.8554223,0.66050196,0.16559172
0.935939,-0.81736916,0.37016588,-1.1262301,0.06908327,0.26887912,0.6275304,0.7444934
0.45484835,0.05702135,-0.29216054,-0.08725664,-0.009355364,0.19478698,-1.2409645,1.5885259
0.48927924,0.6288534,0.34186444,0.33894253,1.0288373,0.18729769,0.47689307,1.5438136
-0.40151516,-0.17792796,-0.39480585,1.2321904,0.89692414,-0.30697632,0.76935947,-0.43165556
-1.0776911,1.4630216,0.1710479,0.9450842,0.6063492,1.1600567,-0.024479644,0.40074617
1.0301713,-0.41448987,0.014068693,-0.35806414,-0.30482668,0.8119461,0.5600102,-0.9360017
-0.39531082,-0.017863598,0.7834335,0.38306,-0.3367384,-0.47811016,-0.3687082,-0.10083867
0.010938048,-0.7086738,0.71416396,0.12691954,1.3751028,-0.038091615,-0.74185574,0.7956187
-0.056929015,0.46708044,-0.05859398,-0.054878686,-0.17393123,-0.7514346,0.11648975,-0.6314932
-0.17745969,-0.3238883,1.0792128,-0.85780615,-0.6263845,0.74765086,0.7692152,-0.073240586
-0.7174697,-0.63800615,-0.7525236,-0.09842004,-0.42455804,-0.3652449,0.37223396,1.178118
-1.2816519,0.26339355,0.60153455,0.4278368,0.19386567,-0.6721154,1.4467765,0.9802899
0.04065555,-0.38403967,0.75599766,0.24503487,1.2208912,-0.25571778,-0.45107368,0.94586384
0.013196781,-0.19730386,0.38485414,-0.46072057,0.2525601,0.29706928,-0.32721204,0.27155256
-0.3433624,0.06582679,0.15551582,0.47161895,-0.012215069,-0.37946033,-1.6840756,0.3623796
1.4983345,0.10352661,0.59057146,0.5151249,-0.35959247,-1.2351012,1.6064496,0.8043583
0.92327505,-0.53742546,0.95219487,-0.51366526,0.60929734,0.32533973,1.1008494,0.18397534
-1.0041293,-0.108191416,0.51443577,0.8758227,0.13073859,-0.99070334,0.43822017,1.3260579
-0.8117672,0.16137877,-0.061606023,-0.23848324,0.015567874,0.04963207,0.018050902,0.14700064
-0.59963197,0.15381281,-1.2915239,-0.18771623,-0.1907562,0.60348094,1.139089,-0.051847443
-0.19749898,-0.70661676,0.25245923,0.9253244,-0.39002946,0.866464,-0.6211651,0.09775781
0.5942513,-0.9977247,0.07603115,-0.053957935,-0.5676102,0.29601562,-0.16147166,0.4596424
-0.7448594,0.26474303,-0.4290572,0.19987808,-0.9273561,0.67480737,1.4023935,-0.3155705
0.48510796,0.056160394,1.1019585,-0.73606616,0.28058535,0.6990183,-0.27003267,0.28336537
1.082243,0.67182493,-0.31230822,-0.9555589,-1.0575627,-0.26326543,-0.51195484,1.3624011
-0.19278413,-0.3355245,0.59590304,0.43164024,0.7673563,-0.4804887,0.55604565,-0.55754346
-0.946177,0.18278697,-0.5819251,0.2172841,-0.36760333,0.92567056,1.1657798,-0.02019567
0.83263326,-0.35727555,1.8294015,1.1050423,0.012520245,0.041858576,0.8871699,1.0793288
0.26081625,-0.97357166,-0.95658064,-0.3307851,-0.56068856,0.8386534,1.0141952,0.6452845
-0.14938101,-0.028663568,-0.33099392,-0.043455023,-0.01770235,1.6371228,-0.072313055,1.0846038
-0.4929806,0.24372768,-0.24883375,0.8131436,0.81179875,-0.25635502,-0.5092208,-0.09738005
0.4761449,0.5304357,-0.08945368,0.73235035,-0.41712812,-0.9397844,0.09342533,-0.23839903
0.14848198,1.6142237,1.1818408,-0.24246429,-0.37714365,1.1230669,0.18427515,-0.75150406
1.8524777,-1.4189416,-0.51148593,-0.96826684,0.7421637,0.046952046,0.939702,0.030171666
0.7414924,-0.075533226,1.9849608,-0.49942276,-1.256687,-0.0121355485,1.0893972,0.60319614
-0.51901734,-0.39756468,0.39656582,0.7324474,-0.66105646,0.16289389,0.62120205,-0.011402227
0.55622905,0.6165091,0.4294024,1.0464226,-0.5962383,-0.58367,0.3780253,-0.19482815
0.54355776,-0.61425275,0.5608923,1.2147855,2.005459,0.7449,1.5346198,1.0687826
0.3586602,-1.9028255,0.7777107,0.66330343,0.6545541,0.87076366,0.20525979,-0.27441093
0.86222005,1.0642301,0.7058173,-0.33453834,0.32481158,0.4011725,-0.81106734,-0.58944863
0.57475644,0.08263951,-0.14219745,0.7586634,0.046317346,-0.57642984,0.170595,-0.5587224
0.32943362,-0.18510267,-0.8121334,-0.8892689,0.48647013,-0.31383625,-0.18091545,0.2774922
2.4181938,1.1636181,-0.515829,-0.109357014,0.054642282,-0.90261394,-0.2541336,0.1983779
-0.6180549,-0.10303497,0.7005947,-0.6962109,0.6801823,-0.1670905,0.23638643,-0.5673873
0.7663921,1.4713976,1.0473635,-0.67143965,0.88543427,-0.45790407,-0.07332885,0.6050733
0.49855107,1.697764,-0.5196662,0.7987789,0.5309399,-0.501588,0.29121166,0.5151835
0.25898737,0.5010393,-0.4291882,0.08258811,-0.73266965,0.1722028,-0.3369321,0.47535616
-0.86576915,0.4575667,-0.0057696365,0.90517765,1.1269212,-0.622983,-0.3412838,-0.95432574
-0.19274554,0.6375129,-0.41548812,-0.8918435,-0.36569417,1.3524647,0.5090727,-0.2003048
0.26747808,-1.1131479,-1.1534945,0.5541292,-1.4725648,0.5444889,1.0834652,0.8755855
1.3578304,-0.7249964,0.5756375,-0.120959684,0.24384542,-0.9138243,0.82381135,-0.227669
-0.93120575,0.8587078,1.8660735,-0.2603309,0.68143237,-0.21917734,-0.11804573,-0.2516991
0.3070755,-0.3013576,1.927879,-0.32276326,-0.9357319,0.3561946,-0.3706321,-0.090506755
-0.90741676,0.37989563,0.13281217,1.0073395,0.73287445,0.1408692,-0.84593445,-0.22616294
0.118487984,-0.240703,-0.36704442,-0.899684,0.35404453,-0.45841417,1.9417075,0.6887952
0.020476911,0.2523071,0.49158576,-0.062169116,1.0165668,0.9451732,1.1550198,-0.7604592
0.40734717,0.38628954,0.20681274,-0.9618552,1.0774869,0.53619665,-1.0843377,0.70985246
0.7676673,-0.6289658,-0.17866188,0.5585904,-0.29767844,0.23337607,-0.9890167,0.56373274
0.25041673,0.27196923,-0.055913337,0.120456606,1.0394815,-0.14930175,0.4248936,-0.11082659
-0.33294132,1.1480701,2.0917451,-0.5301603,1.5312473,-0.61125314,0.09610914,1.7934797
-1.0737252,-0.010874286,1.1651016,0.6907674,0.4302961,0.056710973,0.24473093,-0.3950609
0.046254568,0.5009304,0.34149316,-1.7128938,-0.05872289,-0.17274813,-0.49448025,0.15250711
-1.0954496,2.6828866,1.3035601,0.16259564,-0.36551133,-0.37367857,2.2156823,0.04295203
2.4618828,0.24964282,-0.20315331,0.18853472,-1.2934626,0.50465995,0.004224945,0.48570007
1.525895,0.45492133,0.97060686,0.9744874,0.33804494,1.2028393,0.30806106,-1.2556868
-0.88478744,0.845364,0.4133824,-0.33830467,0.16115245,1.5820774,1.0809803,-0.5175251
0.8115987,0.5446447,1.7592576,0.03368917,-0.16645257,0.77529585,1.3359655,-0.8397441
1.0897939,-1.0484223,-0.22982398,-1.3082561,0.114905246,0.045704864,0.33452117,-0.15791067
0.45118284,0.39372674,-0.6762815,-0.030076038,0.8645237,0.8710011,0.036210265,-0.1738118
0.11688378,0.29102188,-0.015251788,-1.5910373,0.64947605,-0.64473623,1.8151703,-0.98052746
-0.4973728,0.44507986,1.7365887,1.8179324,-0.18244106,-1.0814922,0.31100762,0.6842553
0.081594944,-0.21108146,0.15122461,-0.18433112,0.12146256,-1.0730854,0.9760475,0.44564337
1.1233732,0.058244392,-0.6935886,0.21566689,0.78621215,1.6847706,-0.30606565,0.049280614
0.22230369,-0.009292757,0.17700294,-1.6755801,-0.88343096,1.7530551,1.3027698,1.1701951
-0.0810569,-0.58469063,-0.3148052,0.42819646,0.14558692,-0.4054131,-1.0591044,0.7523618
0.9431553,-0.39733273,0.6109295,1.3645502,0.649379,-0.50729096,-0.17029373,-0.5062829
-0.21768534,-0.52808785,-0.08640158,-0.35744917,-0.36234358,0.15338945,0.8291938,0.19349816
0.8796525,-0.12627865,-0.070882246,0.6935232,0.96247005,0.14890791,-0.7489526,0.2223441
1.204998,-0.8664066,-0.69815576,-0.79224247,-0.28512138,0.07962901,0.67394966,0.2595129
0.87289804,0.50455195,0.031140786,-0.0030101798,-0.3654246,-0.21930128,1.4407383,0.08867613
0.9278229,0.3426068,-0.038229547,-0.8859116,-0.7551079,-0.61715853,0.18593387,0.5921061
0.76018435,0.24445339,1.3354843,0.31642538,-0.4088853,-0.34701186,-0.3851583,-0.47496602
0.54941165,-0.14541683,-0.38475186,0.98025745,-0.19842117,-0.3327251,0.33503553,-0.32349548
-0.021366186,0.7778567,0.18027872,-0.6562194,0.4696589,0.7165196,-0.6438942,0.8562042
-1.4494699,-0.27365673,-0.7388671,-1.0355521,0.9972516,0.31617212,0.15299919,0.29497597
1.8661158,-0.90726185,0.8026262,0.23243597,-0.03165057,0.12809584,-0.78671056,0.2930242
1.1120385,-0.23620583,-0.18616867,0.7062351,0.98726714,-0.9275363,-0.47770664,0.21092987
-0.06295922,-0.5737402,1.8636256,0.29694018,0.021293048,-0.2508522,0.9489827,-0.49110082
-0.96242356,0.03844142,0.95752156,0.1906292,0.19781172,-0.4178719,0.5846547,-0.21972492
-0.75519526,0.6851587,1.3926346,-0.71159756,-0.022863917,0.63381356,0.76885545,0.40542808
0.2026824,-0.9365022,-0.85624474,0.304823,0.2931589,0.08894762,1.8618374,1.0839691
-0.15960172,-0.16892128,-0.05170745,-1.217671,0.106707215,1.4377748,0.44967568,-0.2887446
-0.017724343,1.2158263,-0.12880933,0.25756696,0.51862663,0.6428673,-1.849986,-0.18032074
0.6288697,-0.18096192,0.7278446,1.0839343,-0.42448592,-0.38293573,0.56784517,-0.84156287
0.61685306,0.89836174,1.212671,-0.34676734,-0.60821825,-0.34472597,-0.02246318,-0.32865936
0.4021013,0.48900637,-0.21007425,-0.3529209,1.1013019,-0.3019356,0.088230565,0.9704829
-0.38498998,-0.29746795,0.5217745,0.5607328,0.12071211,-0.70678395,-0.25777665,0.13769296
-0.33235157,-0.857079,-0.1497308,0.10850102,-0.11085776,-0.10335785,-0.34929016,1.1054189
0.31404847,-1.062814,-0.78712195,-0.5393489,0.42372647,0.03377881,0.09800899,0.94622344
0.11009821,-1.0051352,-0.8614741,0.25668153,0.08169093,-0.5594522,-0.07678678,1.1896706
1.7033305,-0.39307296,-0.0866059,-0.15191269,0.8357061,0.6231344,0.93847513,-0.14580706
-1.2293377,0.106003284,0.37651014,-0.14792544,0.76464736,-0.27508432,0.042066444,1.0057377
1.4547727,-0.7086554,0.65077466,1.4432561,0.3960326,0.064502954,-0.74488205,-0.008260258
-0.001182884,-0.33730823,1.4606946,0.5158897,-0.113880925,0.677338,1.3823324,0.85402226
1.0245992,-0.3960527,0.689521,-0.4220132,0.60531896,-0.36531147,0.7071861,0.30830216
0.7190444,-0.57243305,-0.08077222,0.19111784,0.016800597,-0.47844377,0.027473118,0.5081462
0.6382676,0.45823383,-0.40225163,0.636445,-0.056639787,-0.9444707,0.9733261,0.16171098
-0.4058419,0.22339593,0.22754359,1.0795497,-0.3033113,-0.7961977,-0.212094,0.19847155
-0.7542013,0.004661875,0.50654864,-0.5749435,0.8710405,0.2082754,0.98360753,-0.5503599
0.16596305,-0.41556343,0.3667349,0.763943,-0.71168333,0.12884931,0.73190874,-0.10667818
0.6520082,1.8033787,0.068859525,0.20026045,-0.04608144,-0.8812565,0.08844091,0.855201
0.40315285,0.8845373,-0.4309698,-1.0428798,-0.1101294,-0.5764874,-0.07760379,0.49640775
1.4514103,0.5747289,1.6592455,0.36975121,0.7646029,1.2008703,0.493699,0.453602
0.602148,-0.090265036,-0.49461186,-0.08541833,-0.29485887,-0.033834986,-0.11020832,0.6748281
0.8141292,0.79292005,0.88819236,0.20609492,-1.1917081,1.166551,-0.22622392,0.43142697
0.005142819,-0.51933134,1.0677639,1.1440097,1.879356,0.42938122,-1.3571298,-0.81969184
-0.50797474,-0.61183065,0.42097682,-0.16830698,-0.9163867,1.1376785,1.2939376,0.7381334
-0.2535394,-0.011175819,1.7733864,0.7081378,-1.026763,0.95972687,-0.5469626,0.39958242
0.10146515,-0.45229232,0.90664566,-0.2054718,-0.6310843,0.6428863,1.1446288,-0.05355818
0.856731,-0.09597139,1.6585367,-0.5679137,-0.9949097,0.599314,0.57006794,-0.24286482
-0.21546894,-0.5357327,-0.28717664,1.0026308,0.88133603,0.7080673,-0.5263433,0.87646616
-1.4825517,0.5966626,-0.76025987,0.027528195,-1.1954536,-0.5633734,2.1718955,1.1764686
0.5501251,-0.6402768,1.4197278,-0.04460818,0.17689732,0.021730712,1.1988142,0.07826836
0.3164513,0.17719138,-1.1520593,0.57793385,-0.5481192,0.43129897,0.25901243,-0.06725996
0.5986202,0.10049459,-0.40283495,1.4535857,-0.39180693,0.5766445,0.5934416,-0.0070793554
0.7501785,-0.8048707,1.7205253,0.94592816,-0.09146318,1.3397491,1.2086583,-0.4465386
0.042222444,-0.20232056,-0.9599761,-2.0059516,0.6103818,0.96748054,0.22524424,0.99547845
0.30353165,1.3977749,0.35837746,1.0064714,-0.005734757,-0.17913559,-0.8424251,-0.26930565
0.40850946,-0.26378128,1.8907956,1.0618492,-0.003650533,-0.58232737,-1.2591908,0.7637923
-1.2458819,0.08131343,1.0635034,0.4526444,1.793479,0.76042753,-0.1391142,0.70663244
-0.21115965,0.67988586,-0.44609082,-0.012446668,1.0597873,0.32332805,0.83502126,-0.30117056
-0.48510498,-0.86417407,1.2569519,-0.8268171,0.8636764,0.46405837,1.6931009,0.40445372
1.717661,0.658346,1.1173984,0.8269717,1.7727362,-0.36634392,0.46216872,-0.82520443
0.9574573,-0.2300231,0.22561777,-0.7820667,-0.3465587,0.62348074,0.22787847,0.3633964
-0.16837582,0.03613074,-0.7318723,-0.13013487,0.3352628,0.8012397,1.0823761,0.1819182
0.18500715,-1.4950181,-0.9647573,-0.2048636,-0.5394592,0.444969,-0.03828398,1.5767777
0.4570798,1.3835893,-0.84365994,-0.021955129,-0.38875678,-0.093555264,0.1598865,0.29985395
0.3333123,-0.36963722,1.1802238,-0.5098047,1.3415278,0.046250746,-0.52979517,1.2354819
-0.21777242,-0.10955626,-0.9036345,1.2899753,0.6853241,0.68604195,0.67055464,-0.52084196
-0.13079467,-0.32006645,-0.3405949,0.43544823,1.8164424,0.22498755,0.79455304,-0.28216857
-0.46296346,0.2461862,0.821845,1.3386241,0.29953846,0.55865747,0.319588,-0.85907716
0.23146346,0.2958736,0.6826094,-0.61150616,-0.91832423,1.3818523,0.29618382,0.588478
-0.1364496,0.40573812,0.8229546,-0.70707595,-0.26371542,0.6650695,-0.34441197,-0.04979766
0.6588163,-0.2262956,-0.91675854,-0.023036573,-0.27878866,-0.87738186,-0.19273147,0.78906226
0.3819869,0.25559938,-0.5861763,-0.3719768,-0.5286268,0.2378725,0.579259,0.63180727
0.056806423,0.10560806,0.2709123,-1.1384331,0.53880996,0.8065851,-1.110618,1.2308207
-0.71288043,0.38890252,-1.6211147,1.2508124,0.87602925,0.4193661,0.4304193,0.24095061
0.9545729,1.1045278,0.48888174,0.18002273,-0.6841845,0.4448406,-1.1005052,0.130863
-0.70009995,1.3128834,0.21699485,1.5586988,0.41399655,0.636188,-1.0392231,0.5083645
-0.40561792,-0.5869889,1.4556519,0.5051158,1.4429002,0.0029173624,0.9955933,-0.8093639
1.1477201,-0.39775553,-0.46336845,0.36669776,0.1595302,-0.30866233,-1.2349768,0.29336166
0.89142686,1.8193631,0.33682945,0.040615372,1.6450152,-0.64991254,0.74486893,-0.23694447
0.573175,0.2560827,-1.0834585,0.24334939,-0.5780026,0.7893463,0.50868005,0.33304533
0.0065458305,0.99503005,-0.5111315,-0.5007262,-0.6496312,0.57674056,-1.6378525,0.9030543
-0.70007014,0.7937811,0.67570555,1.3548802,-1.2757893,-0.172798,-1.3658357,0.40517884
0.9783957,0.28670898,1.4292064,-1.0110042,0.8235167,0.15320839,-1.0677712,0.30285755
0.11197573,-0.46656096,-0.7201361,1.942075,0.4330945,0.043853678,1.277067,-0.4220263
-0.012793981,1.5574186,1.2739973,-0.0598513,1.317408,1.3009372,-1.2842686,1.1389506
-0.4108175,0.9099881,0.044859357,2.0331173,0.40368435,2.1380086,-0.24727271,0.34072265
-0.51607025,-0.8011483,0.29502714,-0.2122915,0.2822579,0.005265869,-0.69318354,0.75266147
1.0632582,-1.0451971,1.6996564,0.4849445,0.03965314,-0.18158543,1.2296647,-0.6341567
0.94529337,-0.54911685,-0.68682104,0.8776893,-0.44244295,-0.8250299,0.22078724,1.091475
-0.009793974,-0.80774665,-0.66451085,-0.18884428,0.67084235,-0.30971256,-0.2828208,-0.06538906
-0.7189642,-0.4102655,0.48078796,-1.1966852,-0.9557459,0.16702126,1.1219329,1.2197653
-0.25498074,-0.7254666,0.30579233,-0.9107537,-0.2808294,1.2297446,0.45992535,-0.17759538
0.341437,-0.24331187,0.039739903,0.38320684,1.3699931,-0.22388591,0.38773927,1.5919329
0.0716209,0.736815,-0.38812274,-0.9249551,-0.35555106,0.18224172,-0.2688738,-0.51631594
1.1431618,0.9731324,0.25589293,-1.0478598,-0.28779688,0.9896066,-0.7513359,0.43727073
1.4152446,-0.5595173,0.3890539,-0.89905983,-0.31215382,0.32364824,-0.21274728,0.23526287
0.81004286,-0.8882402,0.96307844,-0.4317318,0.5854348,-0.20046806,-0.5580927,0.6735288
1.1045272,-0.9260453,-0.56087667,-0.5216119,0.34186673,-0.59136534,0.31958362,0.3012072
0.9009542,-0.25464526,1.5572155,1.9005338,0.58897036,-1.2411491,-1.2506726,-0.5121723
-1.1562266,0.6889981,-0.20597637,0.08405046,-0.03599415,0.5583394,-0.8132814,0.37089428
0.68638086,-0.75161254,0.37746945,-1.2007688,0.4914096,-0.31280473,-0.8078011,0.46748483
0.8148093,2.148024,-0.40110743,1.2634816,-0.11656417,-0.4572497,-0.10906047,1.0805938
0.66155154,0.3283536,0.7974815,0.49307802,0.8136144,-1.0642359,1.7137616,-0.76319534
-0.47005135,-0.5464636,0.26735884,0.3132444,0.47902513,-0.24279553,-0.51894444,0.5665236
1.0507594,-0.06328222,0.28545204,0.080590196,-0.7646704,-0.1251348,-1.0237114,1.2362303
-0.72185075,0.32693827,-0.17101282,-0.09685984,-0.13508011,-0.14998285,-0.40540951,0.6212097
1.3475721,-0.059625905,0.39628288,0.33139908,-0.5299094,0.99352086,0.2849917,0.6672827
0.09154666,0.4956859,0.8842569,0.79330426,0.53766996,-0.34666485,-0.4738528,-0.079431675
0.36532885,0.5370926,0.9303785,0.11693974,-0.57807964,-0.444642,1.242569,0.106254034
0.5700369,0.2831955,0.72172207,1.4859143,-0.74132687,-1.1814288,-0.83003885,0.53971595
1.4582115,-0.8627902,0.403318,-0.73329467,0.24684395,0.9340528,1.4494368,0.9531672
-0.16889274,-0.41644895,-0.10917549,-1.2659805,-0.502191,0.4154371,0.040623304,0.58121055
-0.53865993,-0.8015955,1.5284451,-0.7820735,-0.57672155,-0.50422144,-0.28072962,0.5604398
-0.14985645,-0.53678876,-0.4375195,0.12139444,-0.8620357,-0.5899682,0.08707102,0.56512386
1.5740765,0.19419637,0.1184872,-0.30023733,0.3511138,-0.19252013,-0.6694267,0.062255286
-0.32427996,0.06387019,-0.27687737,0.09405517,0.9624457,-1.064315,-0.9291914,-0.051209502
1.5171134,-0.9703737,0.71515685,-1.1193116,0.92767024,0.7132647,0.48774397,-0.100134455
-0.17152575,-0.6750182,-0.6260861,0.9779943,0.056804165,-0.14495431,-0.39458552,0.27460825
0.1527873,-0.6294014,1.0826498,0.27324462,-0.72545743,-0.95893764,0.11777523,1.1621633
0.5190092,-0.2723491,0.034542277,0.3687887,1.0731903,-1.2802166,0.296738,-1.4118091
0.7947804,1.1974754,0.20245975,-0.56929934,0.7293277,0.20000605,0.6150177,0.50207764
-0.2738934,0.39609957,0.54301614,0.8297253,0.12658085,-0.5272295,-0.43140212,0.6881294
-0.8045272,1.1031513,-0.77738315,0.059715748,-0.7815945,0.9127194,1.8382977,-0.51903445
0.042603068,1.087408,-0.13335332,-0.014729481,-0.27221802,0.6067853,0.6320408,-0.6190409
0.2579165,1.4282607,0.49877182,0.14386654,-1.2510148,0.19095603,0.17860802,2.1263673
0.116841316,2.9125028,2.3279164,0.82950443,0.1670333,-0.41959503,-0.7613108,0.17642187
-0.46579695,1.0627816,-0.07090679,-0.12769864,0.7866676,1.0522892,-0.011422759,0.682777
0.29777935,0.99825335,0.4225689,0.991138,-0.23042546,0.07200592,0.41775006,-0.5310913
0.684733,1.7257831,-0.66001594,-0.7379315,1.0659652,-0.5271308,-0.17103666,-0.10478387
0.17441359,0.4442991,-0.16308397,1.3930235,-0.30242297,-0.24986276,-0.05871202,-0.8895704
1.0073292,-0.26001373,0.19420528,1.3651745,-0.94757503,0.098859474,0.07413913,1.0514423
1.6478361,0.24511535,0.96989244,-0.19942914,-1.0678108,-0.5578213,-0.4384288,1.2437363
-0.39284843,0.10158135,0.22925887,0.02631215,-0.6474818,-0.20581828,0.77951473,0.2935291
-0.054649927,-2.2792296,0.30020744,0.3850285,0.23240887,-0.4099185,0.10634066,1.3026652
0.7468251,0.30555168,0.22792178,0.86932653,0.15380071,0.25194007,1.3737825,-0.38380915
0.9827365,0.8413372,-0.13616806,-0.4422755,-0.7390807,0.1251996,-0.4339307,0.21430719
-0.886358,0.8498568,0.84000385,-1.731787,1.0063212,0.585688,0.5455534,0.1451577
-0.008960858,-0.38092712,-0.3963551,0.38055384,0.13325258,0.59915787,-0.18677127,0.8451722
1.0571167,-0.4779498,0.4361409,-1.97426,1.0227056,0.74759763,0.20359667,0.4144053
-0.5470716,-0.97570276,0.8277096,0.6578996,-0.07636496,1.7534294,0.4681457,1.2481047
0.97569686,-1.2064137,0.42242864,0.89371425,1.4062102,1.0606492,-0.41225863,0.54623264
0.962138,-0.065666065,0.20173728,-0.34184125,-0.5318187,-0.31360734,1.5020307,0.26691177
-0.2838967,0.1298352,1.5493566,0.3878421,-0.20329681,-1.1309822,-0.9660067,0.10249329
0.23466247,-0.88550115,-0.29085302,0.36355072,-0.3687377,1.1542543,1.4675525,-0.23950446
0.13034573,0.42661375,0.028731044,0.13932106,-0.15310223,1.3878767,-0.9233812,0.9488309
-0.9561459,0.026940743,0.043755695,0.7273615,1.5420221,0.53292704,0.91288745,-0.1487416
0.8347336,0.4140141,-0.5293643,0.6051244,0.6892703,0.88834506,-0.53344244,0.9255101
0.26917565,-0.3870174,-0.72408164,1.2948378,-0.32944533,0.16614279,-1.4905012,0.80142933
-0.9747337,-0.006455345,-1.0562589,-0.59198946,-0.17997184,1.4667224,0.91914374,-0.19719309
0.08065553,-0.09346816,-0.64904183,2.0972362,0.079912975,0.16611473,0.3877443,-0.17885858
-0.17973831,0.08362399,-0.98438644,-0.80702317,0.6483751,-0.12939568,0.009463754,-0.41567186
-0.069513015,0.0043503344,1.1879565,-1.1180526,-0.093933575,0.7927921,-0.098609984,-0.13687119
-0.7848078,0.65849596,0.30416512,0.11760889,-0.19844756,0.45704243,-0.0873041,0.53897846
0.36046913,-1.3104517,0.81308115,1.468118,1.4505377,-0.4574434,-0.40548337,0.5265659
0.650183,1.0081604,1.5146786,-0.24654476,0.76327085,1.6044085,-0.39710513,-0.08960555
-0.10010379,0.3047503,0.76464045,1.9373368,0.37159657,1.9497981,-0.42903617,-0.11954483
0.13965617,0.27872282,-0.5169977,1.1190921,0.4362889,-0.1919676,-0.13265978,0.23022193
2.37387,-0.96355075,-0.68462247,1.0286973,-0.284535,0.2605077,1.3675845,-0.47294542
0.58067054,0.21053942,0.3643078,-0.5314316,0.17641743,1.3580205,0.21534577,0.29493925
0.5629799,-0.24240829,1.37244,-0.7958078,0.244655,-0.8393889,-0.5826595,-0.28581694
0.18633625,0.7479816,-0.85380924,0.33597457,-0.7655464,0.65214145,-1.2220569,0.67680275
-1.2707647,0.5711039,0.037303515,0.042509403,-0.3327878,-0.75276,1.0458381,0.2711676
0.4086674,0.028155709,-1.0092037,-0.4673734,-0.108106144,-0.17579292,0.30733526,-0.16822004
-0.05929006,1.4651499,0.7718116,0.5165501,0.08072925,-0.9075958,-0.0467106,-0.90263
-0.74116695,-0.7351723,-0.46642375,-0.0034872852,1.2746671,0.3650925,1.2784941,0.80974525
-0.64872456,0.58375305,0.012563821,-0.007102877,0.0944551,0.273402,0.4398856,-0.15561828
0.18357772,-0.7679017,0.48761448,-0.29377937,1.4648736,-0.027928391,-0.3589609,-0.44545558
0.225773,-0.6489139,-0.2781671,0.9119627,0.4152855,1.2464323,-0.36993185,-0.29498386
-0.5301944,1.2184373,0.14449197,0.6265857,-0.20352323,-0.17257223,0.8299563,0.23303416
3.0,1.0129297,-0.5209334,0.44653288,0.24281235,1.1233717,-0.12775841,-0.41568917
-0.14945689,0.44653755,0.1614027,0.52369946,-0.5612308,-0.76523906,1.5995218,1.931879
0.004871983,-0.34073314,0.51365376,0.69884694,-0.8793803,-0.20531349,-0.46276948,-0.14454284
0.19051462,0.6691982,0.7435031,-1.0446131,-0.6859056,0.78587145,0.039248396,0.4336246
0.39602813,-0.65070415,0.64674604,-1.3769579,0.79686326,0.68686277,0.85001945,0.75992304
0.13022304,1.0822505,-0.5283681,0.5320093,-0.009397038,-0.14005649,-0.46581596,-0.7761848
0.021749407,0.17757642,-0.7489118,0.53813565,-0.4998883,1.460958,1.4997475,-0.055009894
-0.0497991,-0.5814451,-0.3368516,-1.0162952,-0.38179946,-0.5125976,1.0112145,0.9894445
1.0254437,0.032679074,-1.116778,1.3353852,0.5097384,-0.373165,0.39908054,0.053948168
-0.4123065,0.090716615,0.33041704,0.31204405,0.29272655,1.2512765,-0.088309586,-0.23707765
0.5554433,0.40648645,-0.9144522,-0.25314638,0.86569554,0.37768996,-0.5660235,-0.08983963
0.31769857,-0.45803148,-0.16112939,-0.46463445,-0.24175124,0.6021606,-0.5049045,0.1618163
0.71941364,0.5078464,1.199324,-0.88141537,-0.13849758,0.5932522,-0.06651965,-0.12637186
-0.2932708,-1.3413924,1.5929574,0.61510897,1.2179289,0.5932527,0.087007776,-0.2829233
-0.35280675,0.4324845,-0.14053379,0.095698625,0.20983016,-0.0071092006,-0.6488681,0.35590342
-0.13801426,0.9075629,-0.0875989,-0.5058572,-1.134208,0.2657727,-0.08788136,0.5194561
1.3588568,-0.48379254,-1.4463344,2.366588,-0.8237314,-0.92512745,0.3517172,0.41593072
0.47823527,-0.10731895,0.85293925,-0.1449065,-0.06710861,0.7673916,2.2251472,0.25994125
0.864528,-0.49092412,-0.53282803,0.5941551,2.5364301,0.1070443,0.0023329984,0.6000049
0.79011405,-0.32475498,-0.032986496,1.8875909,0.62545955,-0.33022338,1.0644073,0.84650207
-1.2078161,0.94936615,0.24958032,-0.2669654,0.76773036,0.24963178,-0.23688309,-0.68055123
-0.41665825,0.62031,0.5920814,0.5102105,0.60616523,0.47445458,0.81555283,-0.29249454
0.07425433,-0.08390984,0.041489057,-1.499676,-0.30460358,0.62549436,-0.56185937,0.15012613
1.0375423,-0.8712764,-0.40781155,-0.015320126,-0.7476412,-0.690171,1.4838436,0.14178857
0.7204323,-0.2699385,-0.30472532,0.6462191,0.30289316,-1.076289,0.2587702,0.24536794
0.22064087,1.5109376,1.4013942,0.3794513,0.40724397,0.32556376,0.9652097,0.030275423
0.23383,1.7715516,0.30863348,-0.7653721,0.3747437,1.155056,1.229116,0.21532577
-0.11883765,-0.1654754,0.56091905,-0.73463726,0.7350416,0.26306444,-0.18282707,-0.17642564
-0.13885698,-0.11557497,-0.18522829,-0.8178573,0.05044335,0.37765622,0.90507096,-0.3085705
2.0645735,0.71864027,0.20998046,0.16735926,-0.35894212,0.4260006,0.3360474,-1.2098495
0.51991343,-0.51843387,0.8868925,0.17762879,1.919666,0.5953695,-0.09871505,-1.1955824
0.32700333,0.337647,0.11764612,0.55889374,0.32273886,-0.8619607,-0.2089183,0.011893876
-0.12849256,0.22484648,-0.20657721,-0.78104466,-0.40194306,0.22982512,-0.10544132,0.45780468
0.52643526,0.3906426,0.21121955,0.3299459,-0.9706696,0.7729897,0.7221936,-0.017681442
0.24345484,1.3255683,-0.13717538,1.0609736,-0.43962684,0.21876754,0.7893328,-0.6996634
0.54154813,-0.51644075,0.4183601,-1.0722277,1.1137818,0.973795,0.12210256,0.35839
-0.7714262,-0.5156198,-1.1866996,-0.16413441,0.14981966,0.96504825,1.6854962,0.7056818
0.4376669,0.09326489,-0.4985797,0.5786951,0.0009706067,-0.21386446,0.47577846,0.34295958
-0.38477316,0.13721329,-0.21949321,0.11438407,1.3460095,-0.80527246,0.6869431,-0.5751225
-0.7178327,-0.65259135,1.0144283,0.35305142,-0.62152547,1.0452086,-0.20739932,0.085593514
0.23702869,0.5833787,-1.0688751,0.13133126,-0.46503192,-0.85469633,0.17534149,0.20799813
-0.33870432,0.3553486,-0.23274529,0.43576416,1.4768066,-0.48849544,-0.5694306,0.38832068
1.30965,0.6452961,0.92849964,1.8199427,0.5455208,-0.7965893,0.13549785,0.6258639
0.29464,0.561898,0.69962925,-0.88525665,0.2375202,1.1233913,-0.60591835,-0.42910308
-0.31480968,0.08575325,-0.7062639,0.18015315,-0.6806886,0.38460797,0.2281328,0.3254788
-0.05287674,-0.36708716,1.4486234,0.78126925,-0.5299118,0.85984534,-0.2879648,-0.17283005
-0.5613622,0.1044936,-0.17289329,0.6811579,0.36019632,0.5757548,-0.24023049,0.15453072
0.048566505,0.799739,-0.50455487,-0.5458137,-0.14201269,-0.72571385,0.41846094,0.6361393
0.346589,0.38596267,1.0166038,0.3304796,-0.8446875,0.07798322,0.2438554,1.309798
0.14211866,1.5406772,-0.39977393,0.07673641,-0.19657941,0.47687536,0.97637975,0.28158444
0.25152096,0.15044571,0.5030641,0.30644798,2.278443,-1.2970417,1.11319,0.21157905
0.37102658,-0.032899983,-0.39384755,0.97337955,0.8844177,0.29208922,-0.95940435,0.079126365
0.43248782,1.5428605,-0.2339851,2.476061,-0.9843266,-0.8143685,0.43026882,-0.05246952
-0.073492564,0.8500556,-0.9412244,1.7877376,0.06489216,-0.44570923,-0.41257364,1.9596348
1.1217369,-0.20481355,0.83041024,-0.64992535,-0.3095922,1.6761955,-0.806441,1.0214332
-1.0082618,-0.09802224,-1.0475043,0.24588932,0.047195863,-0.65426475,0.6978942,-0.23631617
1.1482997,-0.37724718,-0.3426069,-1.1043092,0.8107495,0.7140811,0.63344,-0.3523808
0.26604396,1.6907148,-1.4417026,0.027729077,-0.8294635,0.3043562,0.82526624,0.71490014
0.064734004,0.27519894,0.3688532,-0.5373111,-0.15733136,0.4610911,0.95285535,-0.5610308
0.24955568,0.16941892,-0.15879905,0.48848274,0.91937554,0.27802536,-0.1516248,-1.2132529
0.19980896,0.7562193,-0.60634685,-0.23497124,0.27014303,-0.95309675,0.73720616,0.32110813
0.17434818,-0.2914295,-0.93127906,-0.074199215,0.73865,-0.1935289,0.97710824,-0.04941962
-0.26631737,1.0107187,0.21820349,0.3480872,0.6767119,0.6583693,-1.157414,-0.26139185
1.1171069,-0.794987,-0.020863727,-0.42509964,0.24635775,0.09836288,0.47312546,-0.7442221
-0.36628982,-0.1284252,0.32453582,-0.026564937,0.07438967,-0.67025065,0.62888944,0.05076961
-0.80466473,0.27037165,-0.007103894,0.051432647,0.12210653,0.5014797,-0.3433235,-0.34087396
0.50725347,0.22020507,0.9532452,0.09294772,-0.20277633,0.86186725,1.8829542,-0.058136173
0.5509767,1.0853473,-0.18950066,0.6558542,-1.0555222,0.20703043,-0.743142,0.67377824
1.4752699,-1.0494393,0.991958,0.4689373,0.19705938,0.10088683,-0.8371315,0.34795564
1.082137,-0.4870172,0.70322037,0.77293634,-1.0962474,0.38125324,0.20294827,-0.421464
-0.20557979,-0.38200313,1.8014356,-0.2878138,0.11559022,-0.5979532,-0.79043144,0.44691586
-0.4991392,0.12670828,0.29839718,0.2918786,0.48374298,-0.06543755,-0.036584366,-0.57038784
-0.52516747,1.2085145,2.1729956,1.432679,0.46201795,-0.58033115,-0.209568,0.4773119
0.10118702,0.4778966,-1.1240593,0.41148177,-0.76726466,0.6062675,-0.1798268,0.37423193
-0.6342603,0.5735945,-0.34670645,-0.77994764,-0.7067898,1.8616747,0.83461326,0.40517944
-1.1171693,-0.12014295,-0.9400492,-0.048250902,-0.31826583,0.9745706,0.833584,-0.18612987
0.6059916,0.2072588,0.1733723,0.05778108,-0.13307525,0.75448316,-0.9583705,0.27572617
-0.66226226,0.2803849,0.44795305,-0.6096473,1.6682922,-0.3776106,-0.55061966,-0.5218177
-0.2224133,0.8156204,-0.5056579,0.6013759,1.8027438,-0.2918798,1.3404056,0.019149803
-0.6336679,-1.1350217,0.2887742,1.0352578,0.008151858,0.5198444,1.2129325,-0.62599695
-0.5642679,0.062201727,0.13146228,2.1532452,1.2824664,-0.052898176,0.51205426,-0.87194204
-0.88017404,0.66346747,-0.96944404,-0.7145707,0.83675784,0.7493348,0.26832446,1.0088749
0.59085685,-0.39720473,1.7120674,-0.4448785,-0.34167045,1.6493353,-0.32750198,-0.013332881
0.8391886,1.607893,0.64540416,0.918769,-0.060306314,-0.2478433,0.092650965,-0.911411
0.19651625,-0.08336145,-0.07894622,-0.23921092,-0.5078215,0.35833386,-0.84476596,-0.38758755
0.79126906,0.98733604,0.50509375,0.3517013,0.4016087,-0.36749783,-0.43578726,-0.70516354
0.22066712,0.8343503,1.811507,0.9822096,-0.4580278,0.7227201,-0.68906295,0.43629247
-0.41244358,1.496631,0.87313217,0.69898206,0.3217994,-0.8995021,0.8113342,0.08929002
-1.1665636,-0.4133713,1.3702599,0.45884332,1.6257606,1.5984277,0.71633774,0.7821475
1.8497903,-0.9066272,0.3456641,-0.15966204,-0.6997932,-0.5849934,1.8786263,1.1114674
0.111979395,1.4289081,-0.36211076,1.0951546,-0.063569635,-0.29723924,-1.1239182,0.5659335
-0.468468,-0.48982477,1.2201681,0.26554126,-0.017057434,1.0474434,0.6474019,0.54713845
-0.35866046,-0.4746112,-0.06438648,0.57210565,0.82611895,0.053986773,0.1985968,-0.2312667
1.121701,0.25857323,1.0179245,0.3867283,0.6144863,-0.28162536,-1.0224884,-0.08509564
-0.78116125,0.49759585,-0.013178444,1.4848087,0.28076836,0.5888231,-0.054637,-0.28749156
-0.73440385,0.9997486,1.064843,1.2003924,-0.2224993,-0.1845204,0.1607234,0.44479176
0.4674635,1.0087327,-1.1462065,-0.64263535,0.4312365,0.024083797,0.7017726,0.3269643
-0.003174536,-0.39694655,1.4743161,0.6618216,-0.8529751,1.0072429,1.0261189,-0.015411258
-0.44517702,-0.31929654,-0.91638076,-0.6441466,0.28993767,0.47520864,0.6417211,0.36488637
-0.42926106,-0.5896203,0.5571236,-0.21732505,-0.122484766,-0.74327075,-0.26365763,0.5708585
1.0775713,0.2675796,0.18116245,-0.33788824,-0.70427203,0.0008010492,-0.13973463,-0.010499559
0.5168404,1.2940334,1.4995192,-0.033741493,-0.046600994,-0.41040146,-0.63037956,-0.49293402
0.85204494,1.055623,0.43967313,0.22601287,0.31333652,-0.9293858,-0.15127106,1.0505385
-0.9746549,0.066833906,0.8227185,0.6588276,-0.005668748,0.72060525,0.5192448,-0.05945567
0.0163689,-0.35391447,0.6987459,1.9584087,-0.41672304,0.008041006,0.31304422,-0.5510853
-0.7883942,-0.12242368,1.3934581,0.6251745,0.014431867,0.6884126,-0.81513494,0.3519853
0.70940256,-0.97969466,-0.28712443,0.098003745,0.5231548,-0.3618257,1.3748344,0.33375844
-0.049023062,1.7321451,0.080445625,1.2904038,0.31459785,-0.9286585,0.524088,1.8595675
1.1824509,-0.50990677,-1.0472819,0.3261783,-0.14878668,0.49639246,-0.47883862,0.09237734
-0.15599835,0.005323466,0.79845184,0.67469555,0.969853,-1.256593,-0.16502109,1.986258
-0.36777097,-1.9689605,1.452522,-0.0010083057,0.007175061,0.6388194,0.5966533,0.080811396
-0.84011173,1.2871248,-0.28295928,-0.5062004,0.24756716,0.44935217,-0.17009604,0.03526686
0.46977052,-0.48880917,0.27537283,0.19531876,-0.23173237,-0.88480854,-0.35785788,0.052704632
-0.4367551,-0.72044194,1.7397084,0.18942869,0.8154243,0.08492992,-0.47753367,-0.3398038
1.4959339,0.73655015,-0.79951566,0.06329516,-1.3193672,0.42864165,0.42143756,0.57637525
-0.27332297,-1.1786244,0.089249715,0.060639586,0.40659755,-0.47442225,-0.26534885,0.5953837
-0.89127165,0.71907926,-1.0824157,0.96261305,-0.01332605,0.44932863,0.28877798,0.925854
-0.8274825,0.51117265,0.09469114,0.358718,0.82848275,-1.110861,-0.46955386,-0.09563052
-0.9693017,-0.025726698,0.8009088,0.6617387,0.54074913,0.6161744,0.02164862,1.4267814
-1.4943229,-0.09527679,-0.4567336,0.0432975,0.3480723,0.40209717,0.44523224,-0.50665015
0.8144237,-0.08459267,0.605915,-0.16987698,-0.7400608,1.6379476,0.73761123,-0.11354696
0.46874556,0.9858446,1.1269996,1.6062832,-1.0714754,-0.55170685,-0.009839041,-0.97217804
1.5357684,-0.81039804,1.3881581,0.10553812,-0.56558853,-1.1787521,-0.8184362,0.8099523
-0.07117202,-0.49538404,0.16374418,-0.23133041,-0.530605,-0.8713895,-0.55703557,1.8347479
0.50368583,-0.39527422,-0.22498578,-0.85942024,-0.06186041,0.54030675,1.1988065,-0.6673044
0.17689972,0.18689401,0.533072,0.3565007,-0.50223696,-0.28124472,-0.7742366,0.5501304
-0.7730186,0.6860396,-0.11901626,-0.66228616,-0.20968354,1.2711923,-1.14972,0.2188265
0.509602,0.1768077,0.053851396,0.084385686,0.16883527,-0.72192657,-0.21392386,0.9000062
0.3684362,-0.35773236,0.17914388,-0.5512766,0.32619652,1.3374966,0.4835084,0.6531565
1.4583917,-0.7176436,0.8677503,-0.97297406,-0.73469007,1.0802512,-0.37416676,0.35989535
-0.8424717,0.69431144,-0.12730464,1.792497,-0.36479062,0.3917697,1.1208696,0.06990454
1.9919288,-0.73923653,0.19496533,-0.5690545,-0.27402115,0.753309,-0.054190338,-0.19033837
-0.7839684,-0.14219344,1.155397,-0.42722803,0.24048673,-0.3010603,-0.13404553,0.9193342
0.20257321,-0.7402854,0.7216517,0.41748312,-0.38420194,0.24187526,-0.53469384,0.09084703
0.6013991,-0.70696056,0.36190364,0.28718314,-0.40382868,-0.73205566,-0.56047475,0.84893125
-0.4548207,0.4607116,0.5798085,1.1592901,1.0644829,-0.6944422,-0.3657695,0.9937306
0.06297147,-0.29020286,0.42390096,-0.7773098,0.09652677,0.97669566,0.7662156,-0.4854857
-0.16776451,0.6932986,0.49219373,0.39935333,-0.27334142,-0.5558965,0.18904488,0.19855863
-0.7001049,0.7814217,0.92051756,-0.0070722997,0.115374185,0.068891,0.50597066,1.3433895
1.409495,1.0048767,-0.6281367,0.05677753,-0.7493453,-0.06766945,0.8577861,-0.38659436
0.897615,1.2723705,0.68116534,-0.2606207,1.88418,0.6352725,0.4396433,0.79151464
-0.3408961,0.5516155,0.7508649,-0.52876693,-0.082227625,-0.44005334,0.119001046,-0.6749829
-0.13761604,-0.44933796,-0.81462693,0.7962724,0.2468457,0.6032165,-0.6872883,-0.22281432
0.26998696,-0.52384186,-0.29063275,-0.11161102,0.35450006,0.48934394,1.1820992,0.106433034
-0.9889809,1.6559576,0.82189393,0.5493541,0.23659742,-0.13537975,-0.13305214,0.9838399
0.4085704,0.35692713,-0.29198062,-0.58638155,0.37559766,0.80125463,0.92494184,0.22198656
-0.035643764,0.9880131,-0.9610019,-0.32933772,0.10015665,0.74343115,1.8080782,0.5234778
-0.75759983,-0.36411983,-0.53211415,0.26610795,-0.5137164,-0.023986878,0.20684814,0.08495314
0.44204223,-0.09832877,0.42837486,1.0768182,0.93428123,0.84690577,0.9199997,-0.53868675
-0.68265605,0.19698766,0.31124166,1.6558323,-0.08500521,0.6072203,-1.0786848,0.7729166
-0.21423301,0.8761072,0.058913983,0.3402735,0.28762066,-0.4894416,0.8260711,0.6689552
-0.5950224,2.1467125,1.1569328,1.1700163,-0.2932647,0.63266486,-0.5513039,0.000787206
-0.3194946,0.66120267,0.5014553,-1.0759931,0.87862986,-0.25706118,-0.38514936,-0.24820185
0.51663494,0.8258926,-0.22018108,-0.6893592,0.016997889,0.66228914,-0.8645931,0.1770686
0.91255605,-0.47321233,-0.6309517,1.1536134,-0.26858443,0.19938584,-0.157561,-0.12719977
-0.21647379,0.21815155,-0.015977103,1.4406985,0.29558894,1.405461,0.157604,0.01436986
-0.6253787,-0.13767977,-0.50613546,-0.2032931,0.14774016,-0.67456746,0.44737747,-0.2755311
0.45159322,1.5220479,0.15596703,-0.02105229,-0.5842291,0.3863149,0.4433351,0.66307026
0.35966313,0.55640334,-1.236202,0.1362389,0.014956697,-0.18893546,0.048926692,0.101030976
-0.27117857,0.3487232,-1.0133479,0.684767,2.9366088,-0.4078797,-0.302215,0.4659094
-1.179412,-0.8032025,-0.32749182,0.02623912,-0.08722979,0.7389529,0.3657452,-0.14103383
1.0083623,0.06613366,-0.95413345,-0.19121873,0.8600391,-0.18293205,-0.63531315,0.6366908
1.0207129,2.0341048,-0.5006629,-1.055693,-0.034046464,-0.09703373,-0.89334947,-0.17894188
0.28670537,0.41156146,0.8549256,1.0989289,-0.41212437,0.7753793,-0.51683706,0.33123675
0.32882205,1.0638235,-0.09100871,-0.18907289,0.31799757,0.46201134,-0.3848037,0.1453054
-0.23767576,1.3548633,0.6635889,-1.1340262,0.02461274,0.6952765,0.0013111662,0.46183783
0.09430277,-0.68765855,1.50363,0.2974298,-0.2708644,-0.34163007,-0.17281872,0.39364886
-0.31505916,-0.9348886,0.9836391,-0.016510595,0.2452497,-0.75806373,1.2348973,1.9154572
0.8690484,-1.5535868,0.46949634,-0.023805331,1.8513956,-0.6258582,0.996812,0.15260825
1.1633703,-0.17738074,-0.6190234,-0.24464156,1.2319099,0.7433342,1.6891459,-0.35630345
-0.023913346,0.41636097,0.16583034,0.5335588,1.2501339,-1.6113567,-0.047433138,-0.82295835
-0.08457016,1.02832,0.65780944,0.7819981,1.3650889,-1.0000854,0.0001738891,1.0231155
-0.5944315,0.74203813,0.86061805,1.1395468,1.2638544,-0.0016883928,-1.1484414,-0.2127766
-0.029107124,-0.22551277,0.24453524,-0.31711584,-0.03224723,-0.4649564,-0.08467754,0.961048
0.9334555,0.66194755,1.5442293,0.31305385,-0.16540135,1.0929273,0.32117006,0.04457444
-0.70548505,1.1132944,0.01337526,0.8396247,-0.34976384,-0.36039555,-0.26047724,0.013955697
0.7990172,1.0449415,0.004717082,0.9809873,-1.073794,0.1815339,-0.33025292,1.1887205
-0.5413624,-0.41961968,0.17390472,-0.22638978,0.19981694,0.05661788,-0.1946744,0.43834218
0.063638695,1.3026682,-1.2696986,1.2681731,0.344426,-1.4379635,1.4320889,0.8421374
-0.25081968,1.1184435,0.57687056,-0.52637273,1.8088803,-1.1293353,0.10850249,0.043008506
0.11191134,-0.57237023,0.4197355,1.0568148,-0.749579,1.0739557,0.056708846,-0.0874097
-0.9128927,0.072429225,-2.2223759,1.5129708,-0.7576414,0.037501603,0.34641764,1.2485032
-0.21840048,-0.3270065,1.3279226,-0.9728466,0.60003716,1.1313844,-0.503693,0.20526114
1.224456,0.566119,-0.4581311,-0.17853013,-0.403232,-0.039574057,-1.3006876,-0.032358192
1.3461261,-1.215386,0.11811141,-0.30943507,-0.111077644,0.09730548,0.42538333,0.25140902
0.30920783,-0.5296981,0.3148709,0.5456984,-0.17176987,-1.4814831,-0.090745166,1.9301045
-0.80798167,0.009166001,0.2676564,0.82956845,-0.22128317,0.31563607,0.34688732,0.1260528
0.17988575,0.5728306,-0.9626503,-0.30109614,-0.116842166,-1.0131655,-0.010226432,-0.4552109
2.0396757,0.5543541,-0.20737821,1.3824434,-1.3603872,-0.35042924,-0.6747031,-0.08936524
0.5314767,-0.4766816,0.7651309,0.67969954,0.77553034,0.1239782,0.0027471613,-0.29191697
0.41081205,-0.11920822,-0.48592526,-0.92040116,-0.040074073,-0.2818313,0.7773339,-0.49156526
0.5544707,-0.7138644,1.2736995,-0.56970066,-0.67826134,-0.079757996,0.24197598,0.19932264
1.233075,0.8818896,0.13878706,-0.84001553,-0.44264117,0.02970649,-0.012756127,-0.21246892
0.14886366,-1.1461627,0.9073976,0.9139689,0.064504914,-0.5020631,-1.0678619,0.80658585
0.17985903,-0.13854128,0.36412418,-0.9693241,0.70346314,-0.67046845,-0.43858925,0.29947942
1.7498957,-0.018070832,-0.18840921,-1.3634642,0.18625323,-0.40777546,0.6456288,1.3655481
0.5797657,0.66181445,-0.3220248,0.3059809,1.1372823,-0.10170232,-1.2687063,-0.92531204
0.407376,0.49484846,0.18630302,0.10987848,0.78788394,0.2240811,0.4967481,-0.9290005
-0.14324343,-0.9110318,0.16120133,-0.56980497,1.4357898,0.2913209,-0.21148676,0.18987119
0.031906243,0.7579871,-1.0912373,-0.36257163,-0.21403179,0.39179695,0.4285406,0.6739366
1.0941302,-0.40247667,0.80438536,-0.42206433,-0.23920803,0.26562595,-0.39464152,0.66674423
0.020348445,-0.37965328,-0.76084507,0.2931901,-1.0046642,0.25873527,0.71323866,-0.050275043
-0.106820844,-0.67321914,0.42066428,0.6401946,-0.7115686,-0.5881259,0.5939089,1.1136456
0.099113405,-0.135313,0.09712848,1.1736591,-0.09872593,0.15709911,0.22540422,0.07464141
0.5185884,0.6701769,0.18274266,0.4544318,1.0805178,1.3255308,-0.20020804,-0.7264852
0.45518747,-0.19275321,-0.59283596,0.30586684,0.25674376,0.5934044,-0.64604497,0.13757512
0.21763262,1.2443501,1.2763008,0.17703581,1.2371212,-0.3020978,0.26475757,0.74349064
0.23303336,0.30836764,1.6318291,-0.2943492,-0.12461851,-0.026778517,0.06295678,-0.10690131
0.6472599,1.1059698,-0.7133796,0.15876229,-0.51607054,0.27266765,1.0091398,2.139072
1.025814,-0.10341567,0.76889455,0.08105932,-1.2336389,1.3361571,0.4126991,0.5361183
0.5115555,-0.5458881,0.14136246,-1.2957478,-0.75829965,1.3343501,0.887553,1.1165092
1.2488973,0.19862738,0.3658926,-0.8148625,-0.13284168,0.11688731,-0.8932233,0.9029518
0.49987423,-0.62588143,1.1056708,-0.12992759,-0.16025934,0.06977378,0.11147758,0.115325585
0.88561445,1.2913139,-0.6973901,-0.508845,0.45565453,-0.57951325,1.5829803,0.2080977
0.056925397,0.33355555,0.37008023,1.1207573,-0.19528058,1.7784283,0.5184579,0.25030544
-0.19083059,1.3100393,0.27976325,0.8515444,-0.21562378,0.122648746,0.26873708,0.4018993
0.31141827,1.0999862,0.93831813,1.1046656,-0.37805942,-0.12950368,-0.15463443,0.42966133
-0.3668806,-0.47775537,-0.45856348,1.1784534,1.4637924,1.9213356,-0.5809358,0.46456587
0.60941464,1.0719037,0.68177086,-0.07649931,-0.6186654,0.28077963,0.11341825,1.271376
-0.052170105,-1.0234782,-0.26331684,-0.043066736,1.378141,-0.11192015,0.62519646,-0.3120055
0.04137542,-0.21027644,-0.59545064,0.83052903,-0.10424815,0.5236638,0.47830278,-0.49889907
1.3753353,-0.38065693,0.9713566,0.003552653,-0.8350448,0.22773504,0.37893963,0.106902316
-0.23115009,-1.5173395,0.44901812,-0.7714346,1.0782624,0.029383443,2.1426542,-0.382308
0.005140569,0.12839288,-0.0913777,0.6808305,0.37957996,-0.39793527,-0.3739486,-0.67708886
0.43329465,0.15236631,1.5657297,0.4193489,0.12642077,-0.39599174,-0.6255,-0.82344055
-0.094775654,0.33774292,0.19763544,1.1147951,1.3434772,-1.0712777,0.624064,-0.7611984
0.7787827,0.91981095,-0.5508693,0.08894381,-0.08414536,2.3255274,-0.5210055,-0.1551657
0.84939694,-0.54927236,0.025159683,0.8888635,0.071190506,0.67021793,-0.48115486,0.17747512
-0.115277804,1.993062,0.32564995,-0.21918572,-0.71140754,-0.37113208,0.58418,0.5476068
-0.016343497,2.1852238,0.28625673,-1.1489031,0.5149874,-0.30930468,1.2462356,-0.033782586
0.9332942,0.42126286,-0.350623,-0.84470433,0.89556175,-0.017645994,0.1939681,0.82408273
-0.6128644,0.39214098,-0.8364366,1.1548686,0.6633461,1.058923,-0.35546592,0.3515843
0.123631224,-0.049201477,-0.81939614,-0.3290386,1.3987535,-0.41884187,-0.5348664,0.55617845
0.79027474,0.82592344,-0.43144137,-1.2507756,0.54079604,1.6624672,-0.20476663,0.48449472
0.38755357,-0.7766731,1.3567876,0.1774528,-0.7344396,-1.1005218,0.5770945,0.5454339
-0.63691056,-0.20832886,-0.6010644,1.3562294,0.33379805,0.2880748,-0.6836891,-0.020984694
-0.38373372,-0.5189319,-0.114675954,-0.77594334,0.38902992,-0.096788175,1.8265748,0.4410105
0.42883694,0.86261135,-0.5156877,0.431953,0.86156225,0.3893157,-1.3275688,0.66155994
-0.076662,0.18140416,0.5287495,0.7933741,-1.096364,1.8131169,2.1009097,0.18263131
0.6287194,-0.64831054,0.75567913,0.67848504,-0.9942298,0.35426807,0.07475397,2.0272448
-0.3523957,-0.13219687,2.4480839,0.454779,-0.57352114,0.41251573,-0.7677411,0.37747216
-0.10973891,0.2857082,-0.5027444,-0.741965,-0.24140194,0.11494627,-0.9293679,0.23335397
0.4347242,0.1261545,-0.0658291,0.22494306,-0.5946951,-0.15728922,1.2686682,0.26649573
0.50618964,0.47887328,0.19732386,0.6696477,-0.4955006,0.51717854,0.3558052,-0.60818106
-0.082643636,0.008170392,1.1198928,0.7822204,0.5128668,0.6421746,-0.31879342,-0.39546567
0.21840286,1.1612518,-0.2171441,0.692787,-0.7525967,0.7802487,-0.030592898,0.12819193
0.76238203,-0.26669514,1.9707359,0.55637556,-0.41424373,0.28127918,0.26623145,-0.8485154
0.073435105,-0.059025902,-0.79895854,0.14359044,0.613118,1.5441428,-0.61039114,0.37962523
0.44734946,-0.82329065,1.2216051,-0.1168129,0.79181904,0.44587785,0.6719081,-0.24779624
0.18509054,-0.62061185,-0.09726438,0.660847,-0.2717588,-0.5808498,-0.066590264,0.91489017
-0.45880193,-0.96588105,0.53260684,-0.3753478,-0.4561443,-0.5540462,0.4972046,0.83869237
-1.3647639,-0.19610965,1.5938358,0.868869,0.51006895,-0.59158844,1.6100553,2.1563838
-0.07014189,-0.470362,-0.08017592,-0.7159992,1.3247894,-0.9000634,0.819152,0.49931946
-0.9129134,2.0854194,-0.8117429,0.24298756,-0.2627787,1.2776631,0.18494223,0.84108347
1.070784,0.90984094,0.0051832628,-1.1174115,0.90629,-0.0803999,-0.75066817,0.15249357
0.31005695,-0.8170359,-0.14300151,0.05708253,-0.42428058,-0.7269592,-0.13274036,0.50354767
0.33019984,0.93550014,-0.6064351,0.7967068,0.5503942,1.2265453,1.0370926,-0.15766093
0.7464231,0.4174965,-0.41523728,0.46640876,0.86629015,-0.9742318,1.4039515,-0.46173593
-0.76067495,-0.11493668,0.47842738,0.27235326,1.0937717,0.2020856,0.30656308,-0.64564073
0.24888417,0.28361714,1.1937814,-0.649779,0.79553753,0.09551762,0.43040234,-1.1765326
-0.04754649,0.6581163,-0.064443156,-0.0046470575,0.005458095,2.7365403,-0.3302176,-0.10294644
0.74496216,0.12492728,-0.9843656,-0.007012084,0.74730784,0.49227357,0.1035524,-0.70156413
-0.2677752,0.32969835,0.28987792,0.5798663,1.7442061,0.08827375,0.04076242,0.67860013
0.92953455,-0.20834167,-0.48353136,-0.36573192,0.116644256,-1.4008683,0.48180944,1.2544488
-0.9099296,0.43610084,0.56275666,1.9317971,-0.422558,-1.0268288,-0.6302164,0.82176614
0.12433843,-0.6519034,1.113512,1.0247719,-0.67721105,-0.7781522,0.6829029,0.17584297
-0.29071248,-0.49517477,0.34048584,-0.31873274,0.025815006,1.301301,0.44369656,-0.4333788
-0.81701475,0.5029426,-0.82227284,-0.4125053,0.29072997,0.9001822,-0.20453374,1.4422448
-0.12263984,1.1293626,0.04021872,-0.42096198,-0.14085937,-0.19084935,1.6835091,1.195473
-0.6270742,0.08535543,-1.0589074,0.3246433,0.88965887,0.62724876,0.34713528,-0.37215877
1.0558494,0.5211616,1.476327,1.5313158,0.7797196,-0.3907579,0.693836,-0.84783655
-0.15768626,0.87379336,-0.19817686,-0.122580245,-0.7618988,-0.38584876,-0.20082805,-0.063559435
-0.9026095,0.33106276,0.067085996,-0.16888204,-0.26174748,0.41550326,0.4929996,-0.2351861
-0.8307038,0.0041526463,1.3017365,0.16781053,0.5973092,-0.3106573,-0.25205126,-0.4446188
-0.2137681,-1.0604563,0.43662402,-0.072863266,-0.32136175,0.7844268,-0.13382685,0.5228307
0.5043539,0.08376627,-0.6817892,0.124954045,-0.2245013,-0.01660326,0.5690646,-0.33834347
1.7129737,0.112290934,0.59600484,0.9296766,-0.32725665,-0.87739885,0.009104431,0.29301685
-0.66765004,-0.84469867,-0.599603,1.3469489,0.47741956,-0.012397027,2.5791886,-0.097080566
0.0824203,0.7543005,-0.6435202,-0.13316716,0.6001294,0.93509257,1.1132723,-0.20309797
0.07624757,0.038850315,0.64732885,1.0369188,1.0252749,-0.8665892,0.020138368,1.3783747
-0.29411086,0.114655465,-0.29257724,0.25596893,-0.9778409,-0.050384447,-0.52045244,-0.07602092
1.3700296,0.53372854,0.28260905,-0.08108835,1.1600817,1.6921045,0.057183076,-0.58082515
0.16743894,0.68866426,-0.12594974,0.1781035,0.8358384,-0.7723323,0.29324904,0.1925022
-0.0119340345,-1.0623072,0.31460705,1.2521611,-0.8750015,-0.0405711,-0.114999056,0.283022
-0.9567096,0.87232536,1.5231733,1.6627513,0.32850003,0.2897899,-0.72599375,-0.1171831
0.140028,0.06761052,0.6633243,0.29047522,-0.07558389,-0.6897748,-0.8306495,0.4257883
0.050523628,-0.84870595,1.5746114,0.8776982,-0.14070457,0.08961991,0.006065391,-0.4194325
0.6813634,0.78842694,0.3387069,1.8504026,-0.18361898,-0.46876147,-0.49835315,0.122946784
1.2299507,0.15333408,-1.2220558,0.059007034,0.80695957,0.34003168,-0.12968558,0.8033404
0.038003452,1.1249077,-0.094635114,-0.51925176,-0.51550144,0.09820734,0.4670779,1.2003951
0.7153794,-0.115474895,-0.94837767,0.5344975,1.1353636,0.28502,-0.7844778,0.64566445
0.95937204,-0.503857,0.021932017,-0.1595509,0.11474217,-0.27467352,-0.6544667,0.1389947
0.7500932,0.29597238,-0.67956823,0.4072041,0.044153165,0.62160873,-0.31121144,0.18374088
-0.8952709,0.07965723,0.9636918,-0.10287283,0.7871576,0.09114856,-0.13546571,-0.29970175
0.24881735,-0.59888625,0.1423021,0.06476489,-0.62510616,-0.42291468,-0.26705268,1.2420478
1.0296323,-0.24648108,0.051222287,0.23170958,-0.8393826,-0.045975283,-1.4703628,1.507461
-0.38841313,0.21114232,1.045818,1.1730607,-0.08394158,0.28700155,0.3921635,0.10991248
-0.026158616,-0.56086737,0.08481974,-0.1573826,-0.09044426,-0.0045984946,-0.6665823,0.11039665
-0.1947344,0.13039131,-0.94576263,-0.5441788,-0.48817468,0.38709044,0.9639418,1.2235789
-0.42537364,0.35370466,0.7368114,-1.4559603,-0.16862881,0.0871063,0.22208224,1.306583
0.17842723,-1.0536581,-0.22596204,0.97727466,-0.36962244,-0.3304886,0.3010101,0.082609646
0.109425485,1.2906172,1.114486,1.2050327,0.06927146,1.3455344,1.1063745,0.3630315
-1.0324003,0.25378096,0.4276594,0.1336592,0.76606387,0.8839663,0.9632258,0.43257675
-0.046151824,0.8617252,0.18261129,-0.2383944,-1.1813527,-0.37862507,0.4988402,1.253647
0.38749954,-0.24840091,0.8539576,0.2028367,0.12636831,-0.04633013,1.3067011,-0.5124946
0.88287884,0.43846726,-1.1979032,0.0005758405,0.317276,0.5319085,1.6017344,0.13791464
0.09042251,0.48086327,-0.96024454,-0.8822508,-0.49415082,-0.16475013,-0.11416516,0.52116567
0.003615424,2.1254392,1.3263612,1.0357964,0.30257154,0.87357044,1.7079954,-0.31635925
1.2201306,0.31030872,0.27916935,-0.008755267,0.14604816,-1.0603206,0.19785996,-0.0876523
0.9821495,1.1032114,1.4870546,-0.39181143,-0.9636116,0.59371436,0.25712255,0.46396452
0.32635355,0.8601044,0.07366859,0.28305936,-0.9688665,0.8913905,0.31023535,-0.72789216
-1.1666759,0.49883503,-0.88394314,1.3167522,3.0,0.84778816,-0.34379673,0.08476862
-0.47243428,1.0248749,0.75912464,-0.42667532,0.082655296,-0.44434613,-0.9965914,0.062062085
0.49729988,-0.47461167,1.0819234,-0.85607314,-0.123202875,0.5452554,-0.5573514,0.7656872
1.866671,-1.069481,-0.21384555,1.9191945,-0.8908937,0.6257407,0.31622317,0.08551657
0.8742133,1.2371678,-0.5286635,0.5437174,0.28314927,0.31293416,-1.4279126,0.49269003
0.6924812,-0.41323018,1.1462467,0.06457084,-0.6602895,1.3723139,0.022906736,0.61101925
1.1292644,0.6319051,-0.05277803,0.61404276,-0.53042346,-0.013432177,-0.37729266,-1.4011648
0.75578976,0.3889579,-1.0176569,0.5743532,-0.3726442,-0.46788716,-0.02393702,1.3053161
1.8072418,0.803806,0.80387247,-1.4872361,0.3237507,-0.5538982,0.013736453,-0.7978338
-0.8442958,-0.40802747,0.10829186,1.3359424,0.66736305,-0.17545651,0.050310474,-0.18647027
-0.905729,-0.58664036,1.0094582,0.75414646,0.5957562,-0.6983352,-0.4939794,0.36581126
0.5989863,-0.22882448,-0.27947667,-0.4626045,-0.3367634,0.29790103,-0.12745507,0.6197519
-0.0090471655,0.045746237,-0.60969436,-0.42088696,-0.2396147,0.35591087,-0.49167398,0.09927928
1.4908862,0.63288367,-0.34077808,0.7748733,0.13486652,-0.08305112,-0.91983,-0.8122966
0.50202864,-1.0452083,0.23335707,1.9349152,2.0694072,0.9678999,0.3787633,-0.7549243
-0.36843902,-1.57272,0.28579897,-1.1518227,2.1980588,-0.6155545,0.5182821,0.57866734
0.76216793,0.31316254,0.3873916,0.64574856,0.4768559,-0.67370826,0.30869055,-0.08592772
-0.21123609,0.89422035,0.2669974,-0.090639815,-0.36422282,-0.12528592,0.5755494,-0.84754014
-0.62320715,-0.90454996,1.4373752,0.37018982,1.2860698,0.09755591,-0.19208512,0.30883396
-1.8484027,-0.012493379,0.97052276,1.1608989,1.3886652,-0.061378963,0.59613055,0.21649918
-0.81779826,0.5896607,-0.340469,0.20894435,-0.28609034,0.43684924,1.1297065,0.21458626
-1.2556229,0.73210967,0.010591891,-0.2330148,0.9559755,-0.78863,-0.76558137,0.269268
0.0023779757,-0.10997325,-0.45600075,-0.0006984733,0.13034506,0.45498744,0.03665333,1.3534544
0.59833556,-0.6711988,-0.8186071,-0.10198061,0.083585314,-0.6964147,-0.16220528,0.2914992
-0.588428,0.08457258,-0.24933901,0.99131477,0.0428518,-0.17505716,0.75234145,0.6043396
-0.044259474,0.052035116,0.092301935,-0.97833896,1.2201355,-0.5015571,-0.9461304,0.84440535
-0.11910475,0.49104616,1.0423384,0.088408455,-0.26097426,-0.6576817,0.02786516,-0.8755964
-0.9963709,0.25008437,0.03709255,0.010645889,-0.73073876,-0.3459849,0.7040274,0.38300535
0.7464999,0.92687285,0.43854642,-1.0621482,-0.22170137,1.5470303,-1.0364395,1.1672782
-0.47074807,0.67089933,0.29536864,-1.0864587,-0.73294896,1.2940625,1.0404541,0.22493732
-0.3268955,0.09486763,-0.19442981,-0.25628418,0.21600504,-0.33612773,-1.0465909,1.7401785
-0.74663687,-0.646636,-0.5577189,1.8637136,0.5619059,0.57258725,1.712303,-0.62737316
-0.4692785,-0.64880186,0.64072806,0.2914318,0.685694,-0.4608155,0.35217667,-0.21173507
0.37426507,0.9700407,-0.141429,0.48290926,1.1605245,0.34677848,1.5317671,-0.47510192
-0.7571276,1.3923631,-0.29930192,-0.0037213787,0.15886492,0.53236187,0.6734951,0.90968436
0.3187932,0.77130497,-0.18830025,-0.61540705,1.2562548,-0.7283825,-0.10058741,0.85076416
-0.52859086,0.028944124,-0.45369837,0.6170436,0.23219414,-0.26414454,-1.3229154,-0.04192719
-0.6262055,-0.02649714,-0.82886565,0.7488114,0.78265566,0.22929126,-0.18564036,-0.0155606195
0.17257807,-0.5628421,1.213498,0.08482817,-0.704388,0.5030726,0.5954772,0.04672107
0.3598725,-0.99475104,-0.054275054,0.94378287,0.32851666,0.18246214,0.7778505,0.18699926
-0.42799455,-0.110174894,0.053947248,1.0166348,1.4149463,1.7944152,1.4828002,-0.33860794
0.7273028,0.9716483,-0.38110423,-0.8185253,0.4568775,-0.77752167,-0.3869814,0.19213746
0.06678578,0.43960276,1.1684984,1.558824,-1.1922383,-0.76971,0.7482097,-0.74366456
-1.407114,0.34633934,-0.24887818,-0.58378196,0.42124525,-0.1488249,-0.9958961,0.5229026
0.964394,-0.82175875,-0.27066368,0.9366299,0.040299382,0.049094446,0.36759645,-0.17684153
1.281818,0.19932476,-0.73345876,1.005935,1.6102703,0.80026555,-1.49136,0.17296878
-0.9376595,0.97243255,-0.6285232,-0.19387819,0.3690601,0.07517281,-0.7987367,-0.6235118
0.615571,1.0372945,-0.23532516,-1.1107186,0.41515446,0.6165915,1.1710732,-0.24067879
-0.1626282,1.5133004,-0.2703382,0.021794742,-0.38565686,-0.18471912,-0.34561768,0.2836693
0.09648913,1.5121161,1.1064179,0.42972302,-0.89751184,1.0725354,2.619473,-0.20974234
-0.079250686,0.63773614,-0.94427633,0.30404422,0.32820073,-0.23108664,0.78411627,0.34711075
0.5384216,0.21298139,-0.2229447,0.181792,0.48553002,1.5386884,1.1219761,1.111031
1.4693359,0.5487226,-0.57830155,0.3883891,0.59161305,0.9009901,-0.38123894,-0.027054697
0.15369737,0.59263897,0.16474819,0.9273472,2.2862797,2.2845535,0.1034832,-1.2039939
0.7548761,-0.07647145,-0.76634,-0.020867143,1.0915941,1.7122965,-0.8125415,0.18949832
-0.04640437,0.26598898,1.3931413,0.29835886,-0.3554717,0.59119666,-0.5747077,0.20398349
-0.010684587,-0.58990484,-0.02301504,-0.23439758,2.2323773,-0.21110937,0.5753082,0.082646765
-0.031223051,2.2251985,-0.86374086,-0.823997,0.45048738,-0.6328886,0.57443464,0.7500068
0.01680914,0.9543434,0.1221961,0.6228578,-0.37740982,0.954417,-0.575466,-1.1399374
-0.9761236,1.580203,0.664216,-0.1257996,-1.2960246,0.6237702,-0.60696584,2.1072006
0.59962237,0.961689,0.30395725,1.3507488,-1.2148186,-0.41712046,-1.0984793,0.4232846
-0.030545205,1.579251,0.7922061,0.6567858,0.6143473,1.0817456,-0.73165774,-0.032362677
-0.290179,-0.4634723,1.0787944,0.6192313,1.2170616,-0.17947915,-0.6698541,-0.8012415
-0.35208604,0.33927238,-0.85093886,1.4078276,-1.7444816,0.8736326,-0.27719602,0.44529462
0.6466608,-0.5164509,0.24231139,-1.0507834,1.3712295,-0.10257432,0.03605968,-0.5855573
0.8589147,-0.86051804,0.9996958,-0.28006554,1.9848202,0.7631376,0.4439692,-0.47253433
-0.027588084,-0.118918,0.7599893,-0.66080844,1.0890502,-0.5517586,0.60530466,1.0064481
1.5581557,-0.3134539,0.29176763,-1.1690913,0.90177286,2.447227,1.1757611,1.1274136
0.30567488,0.8005355,-0.47738245,-0.45833912,-0.71689785,-0.07745267,0.7878733,2.5612068
-0.32379267,-0.004092345,0.66278917,1.0638819,-0.53044003,-1.2869143,-0.006836999,0.3942529
-0.65231556,-0.2627012,-0.23874429,0.84238017,-0.42847773,0.52620417,-0.42779937,0.584833
1.1365075,-0.3055577,0.290335,0.13869807,-0.5899615,0.666994,0.5832452,-0.50941867
0.050852027,-0.5407169,-0.17494735,0.39279297,-0.2822134,0.2490018,-0.126998,-0.84501
-0.09903542,0.23980263,-0.5996273,-0.2468841,-0.05035722,-0.38400853,0.28491923,0.6548215
0.9317363,-0.13607778,1.6953056,-0.6953353,0.2520267,-0.00458608,-0.07357939,1.627691
-0.28197405,0.494799,1.0139425,0.50325096,0.5023176,0.25738537,1.071547,1.2778488
-0.039716356,1.2974808,0.2860389,-0.14702612,0.62424505,0.4830972,-0.7576481,0.30706528
-0.46602172,0.16075504,0.39756972,-1.0971944,0.655935,-0.8516758,0.182673,0.35698858
1.0222725,-0.25563198,-0.48982087,-0.903406,-0.36250404,0.52548987,1.3729436,0.27997568
0.71266234,0.24769765,-0.47241706,1.0611084,-0.6069306,-0.4234826,1.344419,0.2441164
0.32816502,1.0864416,0.27914903,0.58829033,0.044990197,-0.60614234,0.8250784,0.870554
0.9443142,0.40135258,-0.13179977,0.9540018,1.6165379,-0.3219655,0.082100734,-0.31571937
0.13250685,-0.3814061,1.1680492,0.4994421,0.013939156,-0.1702402,-0.06185868,0.30424142
1.1925588,0.901619,-0.030637179,0.060847394,-0.5419968,1.5088629,-1.2944201,0.6242704
-1.3918123,0.31777492,0.18463072,0.40169838,2.1663496,-0.34083635,-0.24441232,0.3083872
0.9608857,1.4164575,2.333703,-0.2010801,-0.4740204,0.90586716,-0.22681166,-0.80043674
0.12774558,1.0769856,1.1860727,-0.501347,1.1286123,-0.061103173,-0.7125188,-0.53602004
-0.97186494,0.31225285,0.033754867,0.6384571,0.3631984,-0.3550631,0.37127948,0.2770993
0.56281507,-0.043937277,-0.17972389,0.7326086,-0.4091051,-0.14252502,-0.20760335,-0.64301807
-0.083543785,-0.20303325,-0.24738872,0.14185445,0.6045326,-0.05506336,-0.45937482,0.6896743
-1.1151053,0.4578104,-0.46335325,1.4671518,0.09425721,-0.2950514,1.2326335,-0.20606035
0.26791254,-1.0899987,1.4208671,-0.25467902,-1.1772214,0.35642263,0.17272115,0.29723224
-0.80862916,1.1189324,-0.5556545,-0.10043517,0.034048475,0.37987927,0.027375132,1.3492409
1.7725886,1.4188696,1.4043504,-0.7696896,-0.2241378,-0.06399799,0.27198517,1.1467494
-0.020770736,1.2027005,0.40792432,-0.44657442,0.65314794,0.5713985,0.19725502,0.099426255
-0.9458908,0.5127099,-1.4603477,1.0480753,1.701987,0.5835484,0.6893313,0.7220869
-0.48447675,-0.58294517,-1.284831,-0.34253734,0.11239172,0.1925128,0.5207369,1.1780632
-0.84496623,1.6081754,0.28856808,0.42079487,0.601131,0.1311827,1.2147018,0.42164245
0.6320412,-0.5356501,-0.48346883,-0.49864522,0.37282357,0.3379838,-0.25762674,1.8787755
0.63243264,-0.5250199,-0.56228936,-0.6961159,2.3612895,-0.128366,1.5380869,0.2368694
-0.94658697,0.29678503,0.0007079616,-0.21738715,-0.5389558,-0.3117156,0.45722675,0.051882222
-0.4421777,-1.0184432,0.29532465,-1.045904,2.3410888,-0.62828517,0.064311564,0.4789837
0.9443579,1.2909664,1.6009392,-0.93643636,-0.19541821,-0.12729716,-1.4022834,1.1397432
-0.7478208,0.07486698,0.20229512,1.0102606,-0.5166784,0.5123522,0.08748554,0.10931782
-0.13684106,-0.42814124,0.062366806,0.41191298,-0.99190766,0.111549355,0.6174631,-0.002602823
0.78754073,-1.1598101,-0.42261463,0.6887319,-0.39420524,0.04863798,0.61294204,-1.4638382
1.3738812,0.8652431,-0.82671237,0.08938554,0.26987615,-0.26519945,0.3458355,-0.9303791
-0.7906614,-0.038307253,0.93676394,0.7813752,0.57474303,-0.91873705,0.14787796,0.0588405
-0.071172394,0.67738116,-0.9606517,0.30698168,0.10947172,-0.8774086,1.4665221,0.4393545
0.57112116,0.12298441,-0.5979222,0.36545226,0.58420974,-0.4706823,-0.04991232,0.87563556
1.2974985,-0.7648995,0.012919091,0.41914317,-0.48625672,1.1615577,-0.6143949,0.22160468
-0.47083998,0.3268074,-0.2962364,1.5749679,2.3696847,0.43974003,0.54948705,0.7996904
-0.2379263,0.1960035,-0.46124193,1.113216,1.1578258,-0.3455757,0.16609623,0.31276724
-0.68168485,0.76497215,0.62392277,-0.028948504,0.55753386,0.96640235,1.1760118,-0.2033307
1.3756107,0.69563514,1.3474796,1.171133,-0.3323532,0.8152949,-1.1466591,-0.32286102
-0.44869828,-0.5415051,0.56509787,0.7798725,1.6398147,-0.82672447,0.21538445,-0.27274427
-0.587314,0.45937082,0.55005354,-0.8233466,0.29136193,-0.6239206,1.8556038,-0.7886551
0.09167681,-0.31200883,0.1918846,0.66294605,-0.17724316,0.24794346,0.10696381,0.06672029
-0.029149882,-0.19293034,-0.3733159,0.0033557042,-0.03521102,-0.3025324,-1.4700632,1.3515406
0.49695903,1.3478503,1.5756265,-0.16521868,-0.5326966,0.69557875,0.5053205,-0.5625138
1.202656,1.5555887,0.31299114,0.08912364,-0.4148619,0.23057954,0.21026367,0.05746994
-0.13769543,-0.42361677,-0.1842238,0.81554836,1.9409685,-0.8632221,-0.5478983,0.16374543
1.0893785,0.49519703,0.46834174,0.70195997,-0.60645735,-0.41550922,-1.0146728,0.26587957
1.830602,-0.28107578,-1.935201,-0.53898513,-0.45417014,0.4337392,0.71333003,-0.31622407
0.30485734,-0.25439093,0.56184125,0.7842701,-0.8218944,1.4822347,0.001994107,1.6385548
0.2977172,0.39392462,0.86982185,-0.5987214,-0.13241215,0.026331643,0.35707524,-0.67827517
-0.4745559,1.550611,1.372902,-0.47861716,0.3713069,0.21767315,1.1301079,-0.3836601
0.54373616,-1.1419456,1.7694023,-1.0069015,1.9649578,1.1590931,-0.0905682,1.1131861
-0.07111698,1.0067929,-0.64883775,0.03609552,-0.48429486,1.0087117,-0.46812746,-0.035859548
-0.26968342,-0.7234827,0.45845634,1.5750874,0.23221855,-0.05329662,-0.24928321,0.32235342
0.2816401,0.28348854,0.2720776,-0.43127593,-0.97850245,0.7195569,0.69243807,0.06669266
0.75988173,-0.3354772,-1.044173,0.7642189,-0.84890926,-0.39352658,-0.09835304,0.03744505
-0.85399574,0.635289,0.7296754,0.34405044,-0.13202646,0.22473274,-1.178154,1.1904421
-0.04696034,-0.5118372,-0.5763024,1.4434508,0.44493952,1.1765336,1.4306437,0.97746956
-0.17872444,-0.84399813,0.5941467,0.621534,0.35533294,0.23566908,-0.04314805,0.052837007
-0.42989662,0.3064831,0.14235613,-0.10137665,0.520087,-0.40135235,0.8615546,-0.23203838
-0.5598993,0.7686353,-0.64245635,0.53833324,1.5354683,-0.1244306,-0.7503163,-0.46370295
0.53353596,-0.14539489,-0.07721409,0.24116683,1.2777792,0.70253366,-1.1925937,-0.18578374
-0.39282146,0.9387948,-0.01049544,0.8805314,0.0010993471,-0.045614243,0.90663546,-0.63169485
-0.5257197,-0.6022694,-0.88982314,1.9214636,-0.70809966,-0.21730731,0.3705671,-0.7347087
0.064847745,1.1053047,0.92995,0.6077627,0.73435557,-1.1891198,0.7535947,-0.6635031
-0.20666856,0.29904613,-1.1785654,0.74479854,-0.864282,0.36423737,0.6457024,0.58256036
0.8758863,1.4500824,1.7289171,-0.5402372,0.09829544,0.3822097,0.27899706,-0.19220415
-0.43484244,-0.090074,-0.64741254,-0.88341314,-0.05428847,0.3134312,0.7179205,0.70287114
-0.45684093,-0.3786653,1.3230559,-0.5224775,0.78626,-1.6949344,0.2771798,0.976217
0.81304896,-0.3560062,0.08507052,0.41114217,2.3254225,0.31993678,-0.031567592,0.51178163
0.90783936,-1.3779806,0.7229515,-0.6749677,-0.45159414,0.39327684,0.41296676,0.6608253
-0.7954731,-0.44832176,-0.05454702,0.73227996,0.5099981,0.10173593,-0.04080136,-0.77555716
0.5511741,0.69322234,1.2699641,0.41951257,-1.209179,0.3105752,-0.6254091,0.8361224
0.11433765,-1.1875148,-0.25953963,0.01930502,-0.46734682,-0.04296635,-0.106606275,1.5389894
0.6774984,-0.22693674,-0.7563763,0.7374923,1.0185626,-1.282472,0.060141128,0.057666857
-0.06023808,0.88261914,0.3588467,-0.53548366,-0.3664284,-0.41374284,0.7711406,-0.31295586
0.40000907,1.1651285,-0.3437046,1.4943047,0.12684731,-0.38083854,2.0944808,-1.1359448
0.9240584,1.5287561,0.5986235,0.18820626,0.11593536,-0.21008132,0.6750351,1.841549
-0.022222698,-0.62603384,-0.087569796,-0.5236146,0.068505466,-0.51047736,-0.100852,0.78415924
-0.057482444,0.5476859,-0.52069956,-0.17608954,-0.880575,-0.01694282,1.0158224,-0.9416291
0.057960123,0.986336,-0.1890021,-0.32686576,-0.54288256,-0.19228882,-0.0048903376,0.7337093
0.39766514,-0.60303646,-0.412291,0.38400963,-1.2056403,0.33489493,0.6990299,-0.7491111
0.5856954,-0.24113415,0.8130664,-0.58781743,-0.8190243,-0.4109972,1.3112903,0.1157382
0.3868904,0.26373023,-0.11353512,0.7226843,0.23172027,0.7153469,-0.4726591,0.4366682
0.43142834,0.03747473,0.4839935,-0.24410872,-0.02970662,-0.23159477,-1.0740622,0.66608953
1.0731028,-0.13382278,0.6600062,1.6870924,-0.34708768,-0.84156334,0.9444157,0.35695344
0.68345267,-0.3791712,-0.5224143,0.23784888,1.1520352,1.6730714,0.40722352,0.55401015
0.03966011,-0.73653513,0.62230885,-1.0549042,0.20916024,-0.17393927,0.6480459,0.27050376
0.9369604,0.1735801,-0.16546106,1.8568007,1.4525771,1.5469147,1.5325481,-0.33453035
-0.4332148,-0.028839663,0.23962212,-0.7171057,-0.5103124,-0.005193338,-0.05922421,-0.54205334
0.12395845,2.3384936,0.29995966,1.9947937,1.1082604,1.454479,-0.12884705,-0.16795096
0.11364206,-0.45414716,1.6548116,1.6652083,0.09148844,0.3491455,-1.3727151,0.55210394
-0.3599161,-0.70736814,0.48761806,-0.5743651,0.21031427,1.4662689,0.32001546,0.11658625
-0.56576496,-0.21282186,0.26452115,0.989157,1.9814099,-0.32583934,0.97505164,0.95875347
0.43669507,-0.12639035,-0.37257436,0.5866542,-0.48603404,0.26332483,-0.28957596,0.61074597
-0.6457702,0.8215741,0.19834846,0.13500571,0.48704436,-0.09697368,-0.2869881,1.7179447
-0.24874294,-1.0619987,0.012109056,0.65605164,0.7660142,0.52629006,0.5327795,-0.57884836
0.984002,-0.42755947,0.3619461,0.089280345,0.15462135,0.37878016,-0.18985157,-0.48023126
0.2565922,0.19342515,-1.741049,1.2312608,1.2246658,-0.020787483,0.6925508,0.100151286
0.8420099,1.6998196,0.944553,0.94239205,-0.32107008,-0.5608298,-0.06366423,-0.929326
0.08120212,-0.5419654,0.24158147,-0.26926473,0.8184318,-0.22124338,-0.016407926,0.20229515
1.1823763,-0.044225153,0.9685103,1.438887,-0.24081291,-0.022185171,-0.6127437,0.15133965
1.2889016,0.13091847,1.0176831,-0.6711186,0.7018374,-0.983616,0.4202419,0.37983572
-0.8483208,0.501762,-0.09589744,0.37853035,1.3137851,-0.4353288,0.20157862,0.9595527
1.048718,1.3306028,-0.8327929,-0.047022257,1.0532788,0.9740315,-0.31805655,0.2777146
-0.45017338,0.49571928,-0.8802145,1.7291443,-1.4732348,-0.60337543,1.7039447,-0.92313373
1.4744071,-0.83688635,1.5294185,1.0288248,-1.1267213,-0.5623991,1.8501133,-0.928238
-0.47239554,-0.30635613,0.24374443,0.9522564,-0.056229234,-1.009826,-0.010291794,0.008466501
1.6994073,-0.18672518,-0.5587768,-0.14861919,-0.5047823,1.4358869,0.09771232,0.5005833
-0.41922703,0.5394352,1.7673665,0.23478276,-0.16292205,0.029174699,0.11712901,-0.47560593
0.31790456,-0.24249558,0.45908767,0.62360746,-0.02606617,0.45950678,0.17003123,0.05390817
0.07446611,-1.5070809,3.0,-1.2561326,0.53315127,-0.025723612,0.24259056,0.8881663
0.9151353,-0.25484383,0.3509834,1.6585437,0.23964678,-0.8547612,0.07876301,0.8233074
1.4003708,-0.6019707,-0.25040174,0.5530564,-0.3238773,-0.32122737,-0.2518741,0.26287696
-0.03376984,0.831077,1.9370514,-0.97431684,-0.44578582,-0.51829696,-1.1540214,1.3155144
0.48429695,-0.9474877,0.3969367,-0.853715,0.3282981,0.44485962,1.723545,-0.38113713
-0.045862086,1.3475697,-0.51826507,-0.02057558,0.09935644,-0.06138041,-0.50170285,0.57943
0.4282014,0.2853119,-0.6458566,1.5127537,1.1155889,0.6018606,0.7783819,0.81766295
0.7726305,-0.7775568,0.0692842,0.14266004,0.45612156,0.059463777,-0.023444593,0.43772787
0.9081268,-0.67527807,1.2074262,-0.17908615,-0.4234485,-0.9759244,0.5589738,0.32752723
0.3545938,-0.60191536,0.48372266,1.4501866,-1.1924704,-0.18822062,0.79546005,0.6241381
-0.04963942,-0.92954415,0.07638878,1.0776579,0.9452842,-0.011949113,1.5972655,-0.36263317
0.12010808,-0.54462326,0.55433613,-0.78145766,0.084217116,-0.64253724,-0.41013736,0.4178031
0.5243725,-0.53204995,-1.1087406,0.04702659,1.0302151,-0.15914692,1.3707525,-0.6299048
-0.9489944,-0.113964275,0.08407774,0.8377094,0.8118644,-0.06108854,-0.06549387,-0.27237418
-0.29328987,0.03376617,-0.2367476,1.0793048,0.26523867,-0.99356997,-0.021814626,0.35542285
0.36023462,0.32223973,0.3118277,0.11884944,-0.45850316,0.95294553,-0.5076117,-0.7620902
0.12966743,0.8173018,1.2622838,0.15872559,-0.7420072,1.1025809,0.15870826,-0.038887165
0.069865115,-0.084258586,-0.3454951,0.9153174,-0.6622366,0.18713143,0.75730735,-0.019593343
0.98261106,0.22252703,1.1008103,-1.0459466,-0.2524966,0.54675317,-0.07979265,2.0467281
0.658786,0.46097094,-0.004652925,0.6682351,-0.18807195,-0.9756695,1.410278,0.08208274
-0.1878354,0.73805344,0.32596603,-0.24283318,0.21170121,-0.910092,-0.22136754,0.08458937
-0.20415291,0.43799087,0.96919954,0.38702065,-0.42885786,-0.6553713,-0.06729306,-0.41499054
0.09328355,0.6087245,1.1602931,-0.07642886,-0.62846524,0.063077465,0.34386438,-0.29466373
-0.6422728,-0.17674796,-0.13210678,-0.44427812,0.35972434,-0.22769272,-0.0400389,1.482794
-0.60374373,-0.23402818,-0.5841598,-0.6454111,1.1711334,0.2326772,0.81533897,-0.42762202
0.22686857,0.9919253,-0.90956503,1.3016709,0.7823787,-0.5405672,1.5896991,0.094370775
-0.5110618,0.29924223,0.38756222,1.1214366,-0.8166023,-0.57513607,-0.14594685,0.9514681
0.7865399,0.50489163,0.8487299,1.4646233,-0.04699163,-0.99828804,-0.2592614,0.7907206
0.15919366,-0.5012875,0.88650537,0.94730884,-0.68797755,-1.3145756,-1.0871247,2.1797314
0.0036289245,-0.91442126,0.5071938,-1.9397846,0.074715585,0.16616651,0.84155005,0.114127174
-0.13239998,0.7113856,-0.38426238,1.4469141,-0.4594918,-0.4988663,1.2960663,-0.31243065
0.066991635,-0.14077035,1.9058157,1.24889,-1.0245417,-0.23188624,0.94151926,1.2182115
-0.26743808,-0.4678702,0.30645195,-0.54432493,1.2391344,0.74617314,0.33414188,-0.1970233
-0.33705497,0.17049775,1.063442,-0.4327558,0.96805185,-0.16885291,-0.64281434,0.21584189
0.27882913,1.0170131,-0.2913832,0.205417,1.5550876,-1.0407975,2.31981,-0.53744745
-0.6760488,1.1269112,1.6814495,-0.025618423,-0.30830327,0.06785521,0.9240329,-0.09931379
-0.7537575,0.31510982,-0.69019115,0.31050056,0.46070448,-0.36343682,-0.7960835,-0.14348772
-0.21156642,-0.051719997,-0.70598394,-0.08118659,-0.2707728,0.1345497,0.5114649,0.6831219
1.649242,0.16776446,-0.19733465,-0.6898276,0.04351339,0.5408299,-0.20531255,-0.6313297
-0.6280706,0.27920812,-0.25090322,0.44995567,-0.87941635,0.568597,-0.75580555,-0.323579
-0.14057547,0.18359272,0.32822222,-0.3199595,0.7205508,0.15694211,-0.98582596,0.802933
-0.047929652,0.6005195,-0.72380126,1.1905547,-0.2268202,0.13769408,-0.5578441,-0.37684768
0.7205163,-1.1370692,-0.5219532,0.5087422,-0.3460817,0.07147652,0.3904012,-0.2735445
0.49438328,0.79178023,-2.0399969,0.33616012,-0.16109234,0.68822384,1.1851375,0.099707074
-0.62568593,-0.051710334,-0.8523043,0.81074953,0.96397024,0.21298727,0.34598058,0.260079
-0.6710561,-0.66218424,-0.25224036,2.405397,-0.13136658,-0.50657046,0.8307474,0.33614504
1.4870744,0.7626004,-0.13255247,0.09659488,0.8553432,-0.2328237,-0.31085217,0.27980396
0.038643464,0.6275199,0.71238625,0.70840186,-1.3375171,-0.35170245,-0.36556616,1.5336598
-1.1642942,-0.7331629,2.1736805,-0.7343558,1.8615757,-0.1477012,0.57125276,0.7263718
0.027955469,0.15588322,1.2172563,-1.2902753,-1.3623458,0.7940929,-1.248592,1.9329486
0.18793043,-0.5511411,-0.14490095,1.3546431,-0.23047444,-0.3683535,1.3600268,0.98649657
-1.0748799,0.17078003,-0.33341536,0.12937613,1.2463468,-0.19429037,-0.14543413,-0.92729104
-0.06803202,-0.40182436,0.9944402,1.3167207,-0.723454,0.04273648,-0.16538112,0.43397373
0.06155615,2.1383667,-0.018375069,0.30314752,-0.48142573,-0.17446375,-0.024876134,1.1807342
0.10064249,2.3096406,0.47355708,0.8178568,-1.3120983,0.3538473,-1.0993444,0.8582031
1.8271434,-0.554528,1.0442822,-0.13913584,-0.8676529,0.31739256,0.10496464,1.0379944
-1.0308347,-0.7258575,0.21815997,0.71641827,1.2324718,0.4769831,2.074537,0.8373819
1.2539608,-0.46147287,-0.12665583,-0.28736955,0.42810616,1.1147025,0.38557723,-0.11700196
0.17426428,-0.43830234,0.010443356,0.5329308,-0.6031237,0.38773337,-0.75832504,-0.10821662
-0.049262315,-0.9072702,0.19230908,0.3591902,0.99727005,-0.905132,-0.2545876,1.0691475
0.7372778,-0.31420782,1.6381199,0.04231599,-1.4364423,-1.4216294,0.5744559,0.24587756
0.934603,-0.27160716,1.1029443,-0.7053209,0.50109214,0.13473417,-0.86443675,0.025235113
-0.9486027,-0.0023979098,1.0281044,-0.6428345,0.4472676,0.32522622,0.8975799,0.7833062
-0.07326489,1.107117,-1.0627205,0.8705641,2.7249706,-0.21628934,0.5393931,-1.0365405
1.3641635,0.10077943,-0.31876034,0.5144195,0.57730454,-0.74691004,-0.11291863,-0.4151689
1.1272044,-0.41069648,0.95572245,-0.029869374,0.47489917,-0.4538529,-0.2592033,0.21828967
-0.7089948,-0.30840114,0.095719874,0.42079747,-0.1577991,-0.5793116,-0.2531466,-0.07823876
-0.51643,-0.6573412,1.0345515,-0.14396845,0.9560647,-0.25059396,-0.19060503,-0.32749778
0.3793797,0.6569199,-0.3770172,-0.7318861,-0.12326434,-0.25893527,-0.58410174,0.8825064
-1.0421951,-0.31825957,0.40688255,2.2869022,0.0038665226,0.5428988,0.0668772,-0.2623779
-0.845161,0.66806406,-0.8367455,-0.122444764,0.7387841,-0.17059043,0.4232596,0.31243882
-0.3283235,1.145761,0.4712347,0.93099713,0.09649252,-0.24301225,-0.0926833,-0.3559659
0.056280743,1.0956606,1.775983,-0.24384467,1.0457547,0.13571033,-1.0908555,-0.26565585
0.74983966,0.48781145,0.31273448,1.9147642,1.2656109,-1.2770083,-0.34593108,-0.33690202
-0.35625353,0.44203296,0.98179483,0.48372155,0.7134605,-0.78576463,-0.7609135,-0.44492367
0.34624407,0.504926,0.1823478,0.81155837,-0.7440636,-1.2850431,0.24365743,-0.32507733
-0.13478076,0.91633725,0.86703,-0.5977016,0.10441073,-0.4708656,-0.10979238,0.35377523
0.81234,0.5824015,-0.57960343,2.12681,0.7753354,0.5098097,-0.80356324,0.5087001
0.23836634,-0.25950614,0.4444374,-1.5648693,1.8492892,0.47283712,0.3709504,-0.585638
0.122330785,1.9651356,0.09478105,-0.33992293,0.62290734,-0.7805302,1.4507349,-0.024124734
0.44914642,0.85486245,-0.6844733,0.14322707,0.13410373,-0.090490095,1.2537094,0.3596277
0.0042997226,0.7550898,-0.96512574,-0.6209929,-0.6744543,0.3054404,0.5801756,-0.18787694
-0.0649532,0.35644767,0.7302133,-0.22739248,0.95748085,0.12488034,-0.17900729,-0.8459196
0.6150714,-0.02905722,0.24101806,-0.19711043,-0.055147078,-1.2524346,-0.13340123,0.72028476
0.22567654,-0.026574407,1.7746954,0.49306196,1.147051,0.6820158,-0.5494704,0.06892299
0.06205429,-0.3934229,-0.059711106,-0.79448485,0.61131656,0.40460563,-0.06365867,-0.63278705
-0.6513181,-0.403828,0.032065757,-0.8638081,-0.73907113,1.6133866,1.6341879,0.8792633
-0.66102344,-0.2829749,0.297879,1.0083827,-0.71191317,0.9441059,-0.3753047,0.9587372
0.9631645,0.43627828,0.83577716,-0.55982184,-0.54532367,0.5292685,-0.8929434,-0.85975945
0.3617182,-0.46175814,-0.27343476,0.2948962,-0.23146889,-0.8529504,1.1845394,0.09572549
-0.71926075,0.27882302,-0.29501438,0.27662116,0.17016543,-0.16074298,-0.52733696,0.39801207
0.5660588,-1.448248,0.17469823,0.9973539,0.84565073,0.3336931,-0.30002037,0.050359726
-0.5538154,0.71064734,0.6411763,0.4657826,0.43531004,-1.0466133,0.6609212,-0.028014846
1.1723489,0.77385765,0.09234982,0.37172365,-0.47540197,1.2603152,-0.9320657,0.8055044
0.3137672,-0.9127656,0.9364191,1.4081768,0.29306027,-0.022063943,0.41023743,0.52563477
-1.0429631,0.7784782,0.15238258,0.3052954,0.3348186,-0.10187483,-0.77156633,-0.12703663
-0.4066624,-0.21155608,-1.5985698,0.22717226,-0.1082328,1.3219975,1.2366658,0.7755301
-0.36864415,0.5605145,0.5531507,2.5013847,-0.8307672,-0.22987714,-0.9766667,-0.021394134
0.76214594,-0.03275171,0.76993,0.06395671,1.4832706,0.6163477,0.7088184,1.2719814
-0.24527353,-0.3587132,1.0373788,0.98922026,-0.518662,-0.31645772,-0.13196072,0.2436927
2.3799407,-2.0018177,-0.12754646,0.014179595,2.0588634,0.11545753,0.1565915,0.37971324
0.35352066,0.10700543,-0.52936774,0.05012115,-0.062159717,0.11697486,0.28502086,0.030982062
0.2618176,0.04087854,0.13819867,0.8263444,0.9058902,-0.64613163,-0.78911173,0.62327516
-0.9475508,-0.95021546,-0.093079366,1.7780123,1.1315265,-0.45450202,0.09668006,0.8952811
-1.2675135,0.03601367,-0.69134265,-0.1823753,0.5819461,0.64342463,0.22639965,-0.15742633
0.19697055,-0.7950713,-0.12491855,0.3645899,-0.81572366,-0.018924372,1.0262009,0.56764454
1.3008345,0.24725865,1.0210073,-0.58801407,-0.89291924,0.6293917,0.2593586,0.2630233
-0.07038932,-1.01093,-1.0963402,1.1183188,1.528056,0.03820844,-0.94725496,0.41535953
0.69711083,-0.42959318,0.68544674,-0.109424874,-0.71125454,-0.38414618,0.044680763,0.44017485
-0.20391172,0.17604889,-1.2116562,0.44534177,0.42530695,0.26928633,-0.32293716,0.78827626
-0.40138882,-0.4631706,0.633182,-0.18660496,0.77919424,0.9654016,-0.5973477,0.12652971
-0.6304895,-0.2668348,0.5430767,0.92118514,0.29664636,0.039554104,0.015038051,-0.18168059
0.5746449,0.4516149,0.44645265,1.3204508,0.46646556,0.6673717,-1.1933613,0.109978065
-0.10469822,0.2573201,-0.31341338,0.5604284,0.48973787,-0.77698076,-0.71924496,0.1823706
-0.17119527,1.5342169,-0.67244273,-0.4796175,0.30158034,1.3684593,0.18042907,-0.31282967
1.0615232,1.6823516,-0.32650816,-0.54038966,0.52642244,-1.1186651,0.6731173,0.47423634
1.0814766,-0.035772152,0.53510547,-0.9710535,2.1668,-0.80775523,-0.99003536,0.8908996
0.015505649,0.254495,0.97113353,0.49542573,0.5729983,-0.7080998,-0.28545898,-0.6193664
-0.31952795,1.9819108,-0.92276555,-0.7715061,-0.44794637,0.5201606,-0.46808204,-0.062355928
1.4360228,-0.73501956,0.70334065,-0.75990504,1.2395601,0.23095761,-0.5741643,-0.5502568
1.1228006,0.21392885,0.41005358,0.40155858,0.24290194,0.28602746,-2.2480242,0.73986435
-0.073105074,-0.8418972,-0.056934744,0.28843468,-0.56710505,0.25103605,0.78128576,0.42196706
-0.08250751,0.7377956,1.1727803,2.4767492,-1.2418574,0.7708275,0.8947082,-0.18392959
-0.020958029,0.6367263,-0.032352082,0.4683108,-0.23594682,-0.06995191,0.1674169,-0.074014656
-0.60949045,0.6396623,-0.8737428,0.1127194,-0.062305804,-0.54167354,0.9155637,-0.10115578
0.8391201,0.18460782,-0.33085087,-0.8032971,0.14069593,0.75465524,0.1354783,-0.15324947
-0.29901436,1.0148932,0.09354642,0.29110217,0.58375484,-0.33252066,1.6589012,0.1845368
-0.5076229,1.4437473,-0.003910484,-0.16701773,-0.54106355,-0.6451787,0.51702005,0.45943338
1.3360795,0.12221998,0.09703641,-0.41582775,-0.7031593,0.06404014,1.0835872,-0.096202366
0.4447255,1.9294224,-0.1870082,0.52752817,0.92379355,1.3202087,0.27194142,0.046550192
-0.60747766,0.47776765,-0.65383875,-1.0025651,0.1665759,0.39023954,-0.28045273,-0.31759623
0.2728702,-0.63692933,0.001489332,-0.87243843,-0.013876088,0.5861556,0.59559935,-0.02452217
1.0086643,1.1184528,0.51524687,-0.41943455,-1.4780301,-0.56774205,-0.06978807,0.7685975
1.5848039,1.0038012,-0.98036444,1.5572606,-0.3451134,-0.7565403,-1.1428895,0.9405174
-0.379355,0.67706037,-0.16129968,-0.8718242,-0.4473645,1.2378386,-0.6396055,1.1677597
-1.2414486,-0.13286395,-0.68704045,-0.23613696,0.8678543,-0.104671106,-0.8555071,0.06839423
-0.6206015,0.5357,-0.70653474,0.7006062,0.60933393,0.54546696,0.052791055,0.08662011
-0.06499276,-0.3135784,0.6979056,0.6359183,-1.3502847,-0.31013715,0.29945162,0.87916243
0.012234073,-0.28053224,0.56424665,0.12657198,-0.79755837,-0.30986875,0.18238921,0.7409213
-0.54711664,0.25047922,-0.33291572,0.53600085,-0.56948566,-0.6696673,0.9019915,0.15724856
-0.23175094,-0.22881119,0.89586174,-0.0020411909,-0.07930783,-0.07101481,-0.2756023,0.39644915
0.30983573,0.5051333,-0.57103103,0.31245434,0.7029353,-0.6626179,0.37781692,0.024720233
-0.11119159,-0.93377036,1.4925618,1.3309857,1.5745565,-0.21467008,1.4298052,-0.13738215
-0.02835615,1.4260483,-1.047571,-1.3153784,0.24467506,0.7890072,0.19857368,-0.06338792
-0.5271275,0.55318743,0.2517045,0.9830527,-0.15888384,-0.46295938,1.3118352,0.0252513
-0.22118121,0.74201363,-1.2845865,0.19448923,-0.8267864,-0.47235903,0.80520254,0.0101621
0.5542665,0.4575606,-0.42003638,-0.07836267,0.93739367,0.89656,-0.0342509,-0.39152917
0.39726928,0.20441085,0.25930017,-0.84267586,0.4393394,1.6572213,-0.15152556,0.09747833
-0.48667675,0.40072873,0.07891628,-0.49587372,1.2576903,0.58666325,1.0072943,-0.59028774
0.97330016,-0.14331657,0.19797865,0.17272012,1.2548724,1.693927,-0.5289526,0.048531353
-0.5611266,1.8359313,0.71525776,-0.2009186,-0.38500074,0.31092268,-0.4496942,0.37052292
0.121386684,0.3117582,-0.91126716,-0.4370906,-0.7605137,0.57919645,-0.1472943,0.87915444
-0.108645625,0.69929343,-0.49642324,1.0511199,0.123719834,1.8768542,0.5236503,0.26533023
-0.5587555,0.8748327,-0.20350116,0.1762586,0.5388236,0.510977,-0.98416203,-0.010445513
-0.25657058,0.50964135,0.9629578,-0.9746721,-0.184681,0.4648856,0.40065753,1.8396504
0.6933732,-0.7279532,0.07789686,-0.45345804,-0.23544277,-0.1629907,0.65099716,-0.17958182
1.0855604,0.3337972,-0.83035225,-0.4308762,-0.6772188,0.21445931,0.23815103,0.41854456
-0.6801505,0.3309649,-0.7727409,-0.15039265,0.90884763,-0.33747092,0.84570783,0.76741606
-0.45611,0.51538354,0.9641162,1.0060062,-1.0023043,0.631092,0.7122122,1.3106396
0.29319274,-0.584978,0.6499111,0.44346347,0.6969728,-1.1628202,0.5327305,-0.0043382794
3.0,0.20403385,-1.158387,1.7016466,-0.152002,0.032035854,-0.27386427,-0.17409521
-1.1491487,1.2341982,2.288999,0.6753397,1.5026743,-0.5224757,-0.42740536,0.6911243
-0.3673454,2.069179,0.17552418,0.91886604,-0.09572544,-0.31574702,0.2223558,2.217072
-0.28925285,1.0803928,-0.2867223,0.13426238,0.25969636,0.0788427,0.21030569,-0.17245835
-0.6942491,0.0060594548,-0.46600947,2.031346,0.19393548,-0.101993755,-0.34473312,1.9005101
0.1743916,-1.0482504,2.3191113,-0.028716441,1.9561955,-0.34140873,-0.00327738,-0.17648858
0.8308956,1.085532,-0.9931723,1.4348147,0.32145324,-0.064838715,0.24764599,0.13109998
-1.1557479,2.786398,0.3134354,0.28726846,0.19874029,0.6579377,-0.5779187,-0.0381051
0.09071526,-0.5849861,0.16446844,1.2181797,0.6957903,-0.53135365,-0.2610614,-0.15461856
1.1493108,0.2305568,0.38956106,1.0216272,-0.7422219,-1.6560726,0.29643968,0.74630743
0.09379649,0.27088514,-0.5900117,0.4741641,-0.068371594,-0.3226477,-0.05600687,-0.26725712
0.1675295,-0.17911218,-0.26227424,-0.28980944,0.84794116,-0.5987914,0.396601,0.41732225
-0.34237158,-0.607356,0.93453276,-0.5956705,1.1295804,-1.0183764,0.47500205,-0.43375835
-0.86864746,-1.1840413,0.74262345,-0.18995443,0.16429858,0.528321,-0.7555813,0.7562928
0.30374938,-0.13246168,0.7017935,0.840659,-1.0450139,-0.3985502,-1.019443,0.99794215
2.590859,-0.7821406,0.8214531,0.73368484,0.1531194,0.8495783,0.18514192,-0.96188027
-0.43187997,0.6254088,0.8138142,1.3386617,-0.23284738,-0.77753496,0.09393445,0.14921057
0.31077465,-0.8373527,0.2731134,1.1023782,-0.13736585,0.31307098,1.115812,0.669271
0.29026514,0.30473083,-0.31666043,-1.1587979,1.1278574,0.754127,-0.75991005,-0.20893219
-0.66410494,-1.2258023,0.47438973,0.76512694,0.5750804,0.45875862,-0.49950573,0.41555545
1.2939082,-0.7041218,1.677203,0.14351669,0.043398794,0.5219747,1.5303857,-0.5017119
0.5855523,2.2923152,-1.5059175,-1.4527537,0.5080777,0.23653932,0.52106446,1.0051217
0.2577087,-0.008878164,-0.8243335,1.2027749,-1.4682771,0.38268283,-0.070380986,1.6229515
1.5755641,-0.2823159,0.90650576,0.6518116,2.2546897,1.9289995,-0.531062,0.58860165
0.89885235,-1.2205086,0.16127703,-0.723741,2.5576134,0.6002255,1.3443722,0.9914545
0.25278336,-0.45769632,0.9326533,0.4138368,-0.40582663,0.02207751,0.599523,-0.75754136
0.8148727,1.5219603,-1.231443,-0.8257049,0.071222655,0.24286297,-0.622353,-0.74240565
-0.40699115,0.84709424,0.75215423,-0.18801825,1.2207373,0.22052453,-0.13083518,0.24676567
-0.44422603,1.196468,0.7412742,0.38623476,-0.035563212,0.6821229,-0.59311825,-0.25191596
-0.37937528,0.34698778,-0.28469035,-0.56945026,0.59413254,0.21603142,0.40516543,-0.33923456
0.39500722,0.27038848,0.9281077,-0.11598699,0.17275873,-0.020980002,-1.2124687,0.6076474
-1.4162362,-1.0579727,1.425969,0.7244729,0.35718563,-0.26938224,0.1186825,0.04744049
0.5353437,0.02240383,-0.75391406,0.11172653,0.20362277,0.5105261,1.0527835,-0.5290725
0.508645,0.20852187,-0.43108058,0.959917,-0.3085833,0.16179258,-0.25915623,0.06767012
0.35732126,0.9479158,0.8855532,0.6114632,-0.015464499,-0.976426,-0.32766023,-0.5358908
0.43237296,-0.14968204,1.1809525,0.0033929944,-0.25440085,0.66174054,-0.4309601,-0.411102
-0.58901656,0.44746324,-0.953998,-0.5414361,-0.53364295,0.18082383,1.3211064,0.32544604
0.54568243,0.254151,0.032269247,-0.2305906,1.6247474,0.7467111,0.23805909,-1.0644294
-0.2663402,0.5496507,-0.6969601,0.21646555,0.5694051,-0.75853574,0.27086797,0.48484224
-0.07907393,-0.07160963,0.58524036,0.11801082,0.75958496,0.08156042,0.16990885,-0.37961185
0.76432455,-0.79419136,0.4513834,0.92560977,-0.27241933,-0.8625626,-0.727617,1.2987914
1.3227766,0.1192099,1.4598647,0.73679864,-0.43450087,-0.006648535,0.1274056,-0.38445574
1.581993,1.2117424,0.42328316,0.3300189,1.5384609,0.38110837,-2.020342,0.53471893
-1.5024552,2.4511533,0.6411451,0.5911314,0.3906874,0.48933846,-0.13576756,1.0640966
1.6642513,0.024598345,-0.66219527,0.19889519,0.81684715,-1.0157484,1.0861979,-0.24968052
0.039021384,1.4808787,0.5213172,-0.60478324,0.2546515,-0.6063276,-0.24191079,-0.09074239
0.21720463,-0.54669034,-0.91780055,0.17847712,0.2283183,-0.52376926,-0.039129883,0.113339365
0.23928335,-1.0688851,1.0640416,-1.4434001,1.6381787,-0.07985331,-0.58527225,0.8437011
1.3004149,-0.7187278,0.7896437,0.79654115,0.2925038,1.0886128,-0.52396435,-0.42109627
0.93059456,0.12505999,0.6211042,1.0601048,0.38919693,0.44846502,0.5977372,1.1097572
-1.0155405,0.00082688965,-0.7113494,0.9884572,1.1296982,-0.2562703,0.45904905,-0.32553953
0.07882744,-0.4518369,0.52306455,-1.5809183,-0.49413365,-0.19793713,0.48325992,1.2905451
-0.7122526,-0.3120128,-0.40533987,0.16232008,0.43474004,0.0022588428,0.47543418,0.08388082
-0.6814215,0.30564848,0.049980603,1.0374616,1.4306489,1.2770735,0.17506166,-1.2911458
-0.41986558,-0.06939308,0.8880486,-0.63737917,-0.4814979,0.27910388,-0.33700806,0.34753373
0.84789884,0.40155292,-0.4571748,-0.42203057,0.08697632,1.0045878,-1.1411059,-0.3660453
-0.22019622,0.93638843,-0.038301844,0.42233852,-0.30353558,-0.28949267,-1.1735018,-0.44972137
-0.45194507,-0.4967568,-0.45556563,-0.11863358,0.1271864,0.96313214,-0.55470157,-0.33049092
1.3659794,0.64589196,0.051686317,-0.30755204,-0.44008386,-0.32424346,-0.6132045,-0.2351701
-0.51393634,1.6505078,-0.113374785,0.11983079,1.6883008,1.129776,0.12014794,0.9689536
-0.28009242,0.34982136,2.4597669,-0.54353255,-0.671992,0.8149387,-1.2472991,0.94770336
0.98379856,-0.6263077,0.81353307,-0.3192248,0.09675509,-0.10041538,-1.2061924,1.3773594
-1.0483031,-0.77083015,0.7052682,-0.060168374,2.1493587,0.45941907,-0.54752475,-0.10502965
-0.5859659,-0.4474197,0.7713884,-0.3646294,0.7043837,0.66850615,-0.4758129,1.2561688
0.0406891,-0.75970215,0.69889706,1.5031201,-1.4999465,0.035817973,-0.6865696,0.32296407
-0.34617805,-0.89117175,-0.3809389,1.487037,0.27712768,-0.27353585,0.089003414,0.29772007
0.038590528,0.68092704,0.5404694,-0.5371895,-0.4196645,-1.588759,0.48566818,-0.39226672
-0.5872494,0.037780177,1.2098354,0.29686108,-0.39072007,0.115740694,1.6583953,-0.19487607
0.55764985,0.986073,0.61578244,0.64965147,-0.17708828,-0.15346788,-0.847457,0.14902799
1.5439177,0.5134027,0.08843296,0.9572143,-1.4469509,0.31095356,0.16316602,0.7731614
-0.3533665,0.08820155,-0.3200006,-0.55097073,1.3013238,-1.0636103,0.08704649,0.72077185
-0.029059991,-0.10497263,-0.9389448,0.32245567,0.7411464,0.5237751,0.53198344,-0.25258827
-0.59453875,-0.6713227,1.4406215,1.1763123,-0.7622197,-0.111680225,-0.6086013,0.40610147
1.152102,0.6668638,0.844766,0.9382795,-0.5264182,0.3118186,-0.4860135,-0.11595013
-0.08111478,1.0073931,1.2204543,0.46192974,0.16755895,-0.6543292,-0.78485876,-0.85184264
1.4185172,0.116315156,-0.48207575,1.209299,-0.6263414,-0.788392,1.1839366,0.5157747
-0.80059934,0.6111621,-0.28605294,0.39891386,-0.28078574,0.17630228,-0.38004154,-0.79113156
0.9850427,-0.4170345,1.4069028,-1.3739412,-0.38159883,0.13282779,1.6445526,-0.0038963258
0.044189103,0.587432,-0.3153341,-0.43897086,0.34978566,-0.036749102,-0.44752318,0.5116834
1.3661287,0.09067242,-0.2770651,0.29058504,3.0,-0.59537524,-0.60952026,0.34754643
0.027414236,-1.5818111,1.2774956,-0.41742048,0.9136755,-0.4585024,0.67035276,-0.164657
0.37409103,1.9579394,-0.5777366,-0.4352408,0.008619326,0.21403307,1.0899196,0.13744351
-0.4783119,-0.050677773,0.58162886,0.52955633,0.5634012,-0.32996264,-0.15847746,0.9141134
0.68368584,1.0789657,0.8519068,0.63146836,-0.388426,0.007195646,-0.16683875,-1.4570062
-0.2621549,0.12050617,1.1574123,0.5549947,-0.413113,-0.9802965,0.020068865,0.5188511
-0.17226696,-0.13467944,1.2597234,0.035676293,-0.09118692,-0.29250628,-0.47255772,-0.7455193
0.77372134,-0.16396813,0.43433553,0.3548668,1.6223793,-0.40062118,-0.34586963,-0.080432616
0.6691902,0.78583634,0.7496262,0.14043221,0.027505923,1.5528927,0.75369394,-0.035371706
-0.5291402,-0.17967394,0.57899094,-0.36919746,0.11918757,0.12665959,-0.6501067,0.5668459
0.16112068,1.1941614,-0.41836247,-0.23420249,-0.26815242,-0.4641268,-0.7662672,-0.83498937
-0.92290485,-0.41490838,-0.60437804,0.33560073,0.6030807,-0.123203665,1.1123545,0.29630956
1.037421,0.6317237,0.47885594,-0.19845934,-0.26109743,0.15257837,0.67198765,0.8657022
0.65113056,0.45950088,0.06969735,0.56676203,1.8123171,-0.5034094,-0.0059599727,0.32720906
-0.05607049,-0.95621765,-0.22676352,0.47347218,-0.44344288,0.25419202,0.34810284,0.0616335
2.27316,-0.7336479,0.08752646,0.5917486,1.1173462,0.08258798,0.85494167,1.0624201
0.84705746,-0.42139536,1.1816862,1.7784548,2.0922143,-0.6296058,0.09763354,0.5260009
-0.5528532,1.6737607,-0.56527376,-0.3289263,0.10104341,0.272443,-0.23771112,0.09548923
1.0756899,0.5435425,-0.5144064,-0.15033616,1.5231884,-0.7773438,0.41688666,-0.626256
0.6609269,-0.0028460193,1.7933899,0.59497076,-0.11821186,-0.22548428,0.24791016,-0.80736977
-0.0034385324,0.87701654,-0.6212333,-0.37258407,-0.3549962,-0.61358815,0.004469488,1.1307046
-0.2243064,-0.61377984,1.4651319,-1.3429434,1.1902812,0.043140844,-1.0432463,0.41357946
-0.6185148,0.37249964,-1.2970576,0.193207,-0.3813323,0.17378493,-0.37744403,0.51057816
0.61145335,-0.41361833,-0.22533393,-0.12175456,0.30062774,0.54146093,-0.36477023,0.43883538
-0.45418483,0.15224464,0.71107817,-0.22990392,0.032267638,0.7737436,1.8028336,-0.34089488
0.38268977,1.3646907,-0.09492657,0.71637475,0.20390703,0.341383,0.076568246,-1.0408072
0.06513462,-0.46201652,-0.54894,-0.26774487,0.43901622,-0.35702857,-0.3137641,-0.34027243
-0.2591451,-0.37056294,-0.111043446,0.84969413,0.43204266,1.8197275,1.5570021,0.7067149
-0.3985366,-0.21320695,0.8031069,0.6242234,-0.7719056,-1.1652582,0.4359568,0.56157094
0.18017787,-0.1748014,-0.31382442,-0.4564207,0.39118207,-0.7523665,0.21198069,0.9584393
0.047925178,-0.24463744,0.86047626,0.61274433,0.03172243,-0.65097886,1.4686188,1.8386333
-0.28395766,-0.9072227,1.0645417,-0.012934152,0.045230374,-0.79493415,-0.83715683,0.42487022
1.1307112,0.38904822,0.71715206,0.09287903,1.1191213,0.94008064,0.5680367,-0.7533202
-1.0829467,-0.58840907,1.6507438,1.4404874,0.7841189,0.11030256,0.97598624,-0.62214863
0.19790295,0.345312,-0.4860441,-0.97348094,0.52579474,0.4393644,-0.49503857,1.3081405
0.947936,-0.1742287,0.4336644,0.84613305,-0.14735924,0.94714475,0.5585821,-0.6476
0.48535156,-0.5888873,1.5779853,2.961779,-0.4043763,-0.6517445,-0.009952407,0.94167054
-0.030872717,-0.4267841,1.5229213,-0.07786764,1.4730202,-1.2546695,1.6199392,0.6875399
0.023623917,1.7345418,-0.3601521,0.70948684,1.2365738,-0.23134282,0.6526599,0.29938307
-0.077150814,0.0069213035,-0.93625623,0.35658962,0.9902995,-1.3119612,-0.20132275,1.0458403
0.38175908,0.48968992,-0.16340274,0.31663692,-0.07075126,1.6675867,0.8498533,0.0923414
0.78856605,0.20664935,0.570625,-0.5084302,-0.087191395,0.63166296,-0.97995645,-0.25869855
0.73350126,1.5072418,0.8354792,0.03117436,-0.4098801,0.5486256,0.73434633,-0.535769
0.18494517,-0.8744205,0.11475814,-0.1188432,-0.262954,-0.48334953,1.6106632,0.50904334
-0.09305144,0.8348968,-0.22613204,-0.2579016,0.62910324,0.4248272,-0.75251585,1.558787
-1.4623752,2.0819852,-0.58621913,0.6444459,-0.062249437,1.1639348,0.81164306,-0.5210551
0.19132265,0.22791374,-0.6181114,2.167369,-0.584444,0.5557189,0.13588408,0.42151225
0.5277971,0.11264588,1.2489392,-0.38900563,-0.25701421,-0.49753073,-0.00134301,0.39247894
0.29685384,-0.6777685,-0.1818361,-1.1270975,0.7930353,1.267488,0.39865696,1.1231169
0.6270308,0.7472953,0.08465649,0.5425407,-0.3330976,0.8055967,-0.3380496,0.2570711
-0.5358499,-0.17066509,1.1007885,0.36260253,0.5363092,1.6270529,0.44532076,0.26993427
-0.5791708,0.5003098,-0.39270508,-0.039525453,0.95925903,-1.4268215,0.74558216,-0.5371855
-0.4745494,1.2472728,0.6596794,0.65550196,1.1345872,-0.022175616,-0.7487186,0.9849164
-0.9332593,0.71090716,-0.7511681,0.5444004,0.26340735,-0.56786406,0.8032035,0.4733057
-0.40981296,-0.5268874,0.14618,-1.5107125,1.5965405,-0.16948332,1.0159351,-0.03080947
1.1107042,-0.57841974,-0.0403614,-0.22648318,0.83433634,-0.5945577,1.398109,1.1219612
0.9561219,1.5821788,-0.8331973,1.7520902,-0.053442284,-0.46073073,-0.025793962,-0.031348407
-1.0585923,0.48703712,0.25506294,-1.196041,0.341105,0.25454727,0.9045867,-0.92927575
0.6120372,-1.0121343,-0.33739403,-1.1240188,0.77702504,0.8661699,0.46641868,0.1475075
0.9941,1.3712304,-0.3874886,0.7230321,0.51660043,1.0108637,-0.60546476,-0.14027125
-0.48577964,0.022426566,0.41186365,1.0907472,0.61955714,-0.86133933,1.7885735,1.3190172
1.3571668,1.0983505,1.2192298,-0.5177769,0.9598821,-0.8346885,0.6448531,-0.78372645
1.6454694,-0.11628184,0.27675125,1.217851,-0.19303116,-0.10203242,0.39706588,-0.08190309
-0.17641675,-0.4014251,1.3488746,0.17413966,-1.1580652,-0.074295074,1.9398416,-0.38015315
0.3163412,0.67813736,1.1115149,1.4968753,-0.08928482,-1.2625215,-0.82855594,0.23782235
-1.3547776,0.12555403,0.09388235,-0.34196824,-0.07344955,-0.16212489,-0.7687358,1.7274356
-0.45393735,-0.18897647,0.60644525,-0.45225313,0.6173995,-0.506259,-0.6585882,-0.21405083
0.437883,-0.49851382,0.8539002,0.17460614,-0.46703184,0.15409665,-0.62877566,0.10505636
1.3051895,-0.6990818,0.16233972,-0.18195343,0.97050005,-1.6012833,0.61235106,1.8792307
0.44603956,-0.79452246,-1.3221908,0.28451473,0.3857586,-0.060641535,0.71346223,0.5550564
-0.6104595,0.08732019,-0.84925926,1.214123,1.2866832,-0.8464632,2.1714876,0.017150834
1.0272297,0.4168352,1.6117712,0.99664265,-0.92262286,-0.58630276,0.41593304,0.36462602
-0.29388615,-0.32907254,0.5838419,-0.9532834,-0.11272973,0.7212208,-0.14580216,-0.43151805
0.62061685,1.3277293,0.1947681,-0.18223017,-0.76731163,0.6531924,-0.087109365,1.138456
1.0369676,1.4644245,-0.4086471,0.62065524,-0.7544215,0.3543245,1.165517,0.13066779
0.28377903,-0.17346337,0.6259197,-0.518691,1.9849728,2.0621724,0.40585664,0.19051977
0.086830385,-0.6093668,-0.9441035,-1.1152517,-0.09488523,-0.1902543,0.7077112,1.6344507
-0.09463402,-0.1289966,0.2692599,0.74087363,0.8331814,2.2234476,0.40344787,0.33635065
0.82041484,-0.31372175,0.2632298,1.0246911,0.29288107,-0.27209467,-1.5618039,-0.22759855
0.28519532,-1.0695574,1.2091861,-1.2055933,1.902775,-0.15744749,1.2935933,0.12393192
0.72139,-0.8131598,-0.76347166,-0.8340719,0.7523749,0.1627787,0.3639583,1.1420597
-0.24499744,0.6227773,0.5825853,-0.64308906,-0.111341484,-0.21237841,0.15993008,-0.6361123
-0.8216597,-0.03781216,0.38791496,0.038727142,0.9819942,-0.4288393,-0.9030075,0.30870432
0.036695518,-0.6854766,-0.19070515,0.056215502,-0.3184521,2.2839441,1.3932874,0.6660283
0.5753468,0.6178276,-1.2424194,0.8500854,-0.15370813,0.23292136,0.7138267,-0.44982854
-0.13642114,0.2165727,0.7394542,0.6662187,-0.9832304,0.3366914,0.62900853,0.5096111
0.12438537,0.07070431,1.4212704,0.49632356,-0.01668989,-0.7451581,0.4935766,-0.27738371
-0.14476511,-0.72070825,0.7752121,0.26421893,0.8459592,0.12947907,0.5329553,-0.53622216
-0.16920885,0.38787803,-0.17367077,1.64175,-1.0075147,-0.29909304,0.18412505,0.5838909
-0.38346002,0.09136151,1.0083538,0.07493959,0.0056296913,-0.13403784,-0.2647535,-0.4435968
-0.34914055,-0.5132614,1.1885723,0.44910538,-0.96675617,-1.0483444,0.0949917,1.4363323
-0.70195425,-0.40720433,0.8914683,1.2256448,1.6147977,-0.37771106,0.5497492,-0.58018404
-0.30278102,0.43336105,0.1904442,0.46052766,1.2486178,0.4680429,0.8243471,-1.3275833
0.6771189,-0.46124786,0.39671865,-0.35479742,0.87824917,-0.6195592,0.58749104,0.69247174
-0.10171304,0.30822188,-0.012876999,-0.4102809,-0.18220045,0.6657616,0.28808862,-0.5943241
0.1100692,-0.5749014,0.41868234,0.1807454,0.7652523,-0.31202656,-0.7412591,0.730781
-1.267715,0.16369988,0.22169045,1.0093341,-1.2732695,0.25822312,1.6845609,0.7224667
0.28968355,0.04142852,1.0870377,-0.08531454,0.06782908,-0.51237196,-1.4022682,0.3052501
0.060709957,0.8730127,0.6430546,-0.13630117,0.004888624,1.2200035,-0.37635282,-0.08663616
0.39452565,-0.23123313,-0.38559806,0.8631675,0.85576147,1.1807418,-0.6324319,-0.27945453
1.1897852,0.4894055,-0.8381265,-0.9809108,-0.0958149,1.3471329,0.1250583,0.94000757
-1.187647,0.7341815,0.04064911,-0.6882844,-0.17356493,0.31426615,1.6316141,-0.15602058
-0.636131,-0.24044786,0.87514687,-0.4419516,0.19273527,-0.5898913,0.600015,0.9893781
0.24925908,1.3637806,0.31073257,0.071301505,-0.12455362,-0.056696147,-0.83546185,-0.5309476
-0.83093125,0.77638,-0.120368585,0.29131836,1.2815766,-0.3067061,-1.427322,-0.08808962
0.111747645,0.458344,0.68822247,2.0936718,0.38116732,0.534982,-0.32355943,-0.19763798
0.41903734,0.27240565,0.95074844,0.7941611,0.12130996,-0.060347177,0.59854335,0.054458242
-0.3650673,0.55577147,0.8332049,-0.6942147,-0.026953276,-0.14732519,0.42739272,0.09256623
0.6640649,1.1536087,-0.87912905,1.8283571,-0.42170858,0.7404085,1.6192242,0.1865664
1.6051756,0.36739236,-0.18404055,0.165501,-0.47262388,0.8257119,-0.4736664,0.36339748
0.4226647,0.76160544,0.7463877,0.594952,-0.29268757,1.5072458,0.8508719,0.042115323
-0.35461956,0.36663046,-0.28790823,0.94459623,-0.3945698,-0.26802236,-0.3344858,-0.93691105
-0.08373689,-0.50212544,0.41662294,1.710809,-0.307869,0.8867626,0.31879032,0.17523201
0.39888307,1.5528567,-0.67576855,0.15265155,0.14361279,0.18955265,1.817105,-0.4414976
1.6043468,-0.55597246,-0.029927032,-0.27338332,0.74810815,-0.49151215,1.3258301,0.20872656
0.24871165,1.1982558,0.7868548,-1.2240381,1.1282549,0.40115333,-0.21718334,0.003162153
1.6063697,1.8392919,1.030632,-0.34329975,0.29705977,0.44973156,-0.51293766,1.1094811
-0.4949366,-0.5016872,-0.9724613,-0.07645336,-0.46600473,-0.2114768,1.093331,-0.25797376
-1.0999748,1.8181604,0.50535226,1.7439579,-0.61056197,-1.0522436,0.14741331,0.11863697
-0.45703673,0.9854652,1.0855849,-0.79262435,-0.01993177,-1.1762195,-0.38761258,0.09046985
0.6140342,0.75956017,0.44344664,-0.2898759,-0.9787977,0.5039527,0.38027185,1.4918455
3.0,-1.2639118,-0.91553605,-0.58045685,1.0267011,0.45151535,0.4399478,0.92907864
-0.04571878,-0.27399984,0.62862015,0.36694902,0.16018796,1.3637679,-0.30564317,1.0060112
0.25105998,1.272534,1.0677247,0.71628195,-0.067579314,0.79752535,-0.5549366,0.32641476
0.06751094,0.16007696,1.0689589,-0.63114905,-0.57282037,0.9126752,-0.10751553,-0.24676561
0.058775153,0.22046852,-0.39695162,-0.9311402,1.3724593,-0.11922318,-1.1904572,1.0171926
0.04714665,0.59907377,1.3316008,1.0305566,0.04422227,1.4610072,-0.053592734,-0.27135834
-0.9904572,-0.21939653,0.55338657,0.46175152,-0.111042745,-0.16896924,-1.2157164,1.3805192
1.87278,0.4793026,-0.6858722,0.33063933,1.6068646,-0.4769853,0.74817026,-0.4010021
-0.17153215,-0.40430516,1.8301307,0.25851217,-0.26100183,0.3863719,-0.15295927,-0.37728712
-0.52563846,-0.16592349,0.50110006,-0.070841864,-0.3929304,-0.24072805,-0.16991651,0.12087066
-0.58905727,0.89343596,-0.8378101,0.59220743,0.99647826,1.0262552,0.1583241,-0.14726257
0.26615947,-1.2771587,1.363843,-0.3319522,-0.5359001,0.1785768,0.2908786,-0.07368671
-0.64277416,1.1248195,-0.16477787,-0.06267765,0.058857515,0.4493255,-1.2006087,-0.35700077
0.21701214,1.6292216,0.020784445,-0.08245148,1.5013728,-1.6799442,0.47081834,-0.5375016
0.6946114,1.6254755,0.49773517,0.6298176,0.46582955,0.11189662,-0.5544511,-0.6598488
-0.15660045,1.261163,-0.14112645,-1.0519958,-0.08015687,1.9678975,-0.34903815,0.2945757
0.634499,0.28161582,-0.48354247,-1.2689531,-1.0704653,0.40864646,1.396638,0.94126105
-0.64968306,-0.17044269,-0.49992952,0.050026864,0.73472244,0.29638815,0.24814664,-0.25254032
-1.126554,0.39348492,-0.8920574,1.4636393,0.2891349,0.2752948,1.5631095,0.4808182
0.4009025,-0.3521953,1.0566999,1.2062874,0.349515,0.32639992,0.78492916,-0.55371463
0.47680938,0.6473714,0.8888641,-1.3535016,0.65982974,1.0078479,0.4043136,0.17837301
-0.13254404,-0.51334006,1.023501,0.3302583,0.13916676,-0.97053957,0.32303736,-0.21649268
0.50394917,0.36143595,1.1773926,-0.7217475,-0.07230971,0.92452294,-0.23108748,0.33954537
0.40845388,0.92941993,-0.27293754,0.77662176,-0.006109039,-0.24008238,0.29069728,-0.38584957
0.5561156,1.0544547,-0.24023548,1.4112803,0.21288362,-0.8080209,0.91800785,0.010788951
-0.38396838,0.12731172,-0.7034353,-0.13100877,-0.1845128,-0.21577746,0.6871059,0.2625379
1.6172025,1.3432882,-1.3749741,-0.4131797,-0.013997284,-0.0342753,-0.5068885,0.4048286
1.2960806,0.78131205,0.572376,-0.18132311,-0.4205406,0.45730385,-1.2678643,0.285764
1.3137051,-0.31395558,0.6157049,0.27293086,-0.44523397,-0.62430155,0.72439706,0.9666439
0.08310009,0.36925128,-0.03587358,-1.3685573,0.33791998,0.70488733,0.96049,0.6552439
-0.41976768,1.1533542,0.003484426,0.70995605,0.18507065,-0.7299504,-0.46824372,1.2195839
1.4386319,2.5720654,0.76298386,1.2006238,0.10143085,0.630891,-0.3100919,0.049175207
-0.37205026,1.893416,-0.048683234,0.096903086,0.17870486,0.5509116,-0.8203967,-0.95184416
1.2084998,-0.09016882,-0.5439548,0.6906602,0.36043423,0.2287729,0.5351881,-0.94818145
-0.39302522,-0.41786346,-0.37090346,0.29215178,-0.9538208,-0.03207075,1.6202558,0.027288511
0.8058635,0.040558897,0.4437818,0.08774159,0.05306364,-0.9920552,-0.7626285,-0.083767064
-1.274545,0.26402432,-0.72095644,0.035261147,1.198287,0.02483043,0.8844073,0.18932708
-0.018201686,2.1823356,-0.9598859,1.2352052,0.4783891,0.07891687,0.6215677,-0.47516719
0.4694972,-0.16109122,-0.96245414,0.45176739,-0.5352604,1.4696048,-0.4123916,0.33229595
1.3042601,0.9520782,-0.9503217,0.35205343,-0.14365977,1.1901892,-0.9088644,-0.0328335
-1.2973857,-2.1575313,0.22623223,0.6731937,0.9937975,0.31068426,0.7838926,0.48723537
0.5211548,0.4894771,-0.42424756,2.898389,0.0747379,-0.78420097,0.79479814,0.2163097
0.5183082,-0.3748135,0.01569238,-0.6793335,-0.3000522,0.26618397,-0.5740238,0.84221125
-0.009238884,-0.4466813,-0.82137996,0.36137554,1.3821464,-0.8189585,-0.5637113,2.0139563
0.776915,-0.8005415,0.07021191,0.70005476,-0.48889866,-0.034363665,-1.3238709,0.9066144
-0.35217813,1.167691,0.70145625,-0.22611634,-0.5948342,-0.26958618,0.7185744,-0.5555594
-0.150592,0.6807147,-0.7384153,1.3702987,-0.95088816,0.97440326,-0.595099,0.59152365
0.8878642,-0.15667188,0.73501855,-0.67134815,0.7210112,0.7196849,-0.28843865,0.39743167
0.017825436,-0.33451515,-0.19386235,-0.3330528,0.05987387,0.05113358,-1.0989181,0.47433037
0.3020202,-0.62542814,-0.2233023,-0.09010656,1.0953733,0.5417386,-0.531025,0.6890987
0.8712626,0.343903,0.70721227,-1.3121519,0.69139624,-0.44158232,-0.936609,0.659499
-0.19085431,0.4521292,0.5197117,-1.0697736,0.9154931,-0.014397433,-1.1123313,0.44736254
-0.00839258,1.0500393,-0.40881872,1.3900039,0.33203757,0.32879984,1.1056612,0.96970433
0.20957616,-0.36626545,0.2549433,-0.455233,0.49679983,0.81163543,-0.1517675,-0.7823155
-0.32780498,-0.0047810264,-0.5940723,1.740348,0.15391931,-0.0099371355,-0.7816241,-0.34265924
0.39688155,0.93223214,1.5297692,0.64127856,0.80659354,0.2796091,-1.8152722,0.5229478
0.72283804,-0.48018277,1.167116,1.1415774,-1.6985352,-0.23402986,0.089497074,1.0832868
-0.40111682,0.79088426,0.34051654,0.3301385,1.0765386,1.387883,-1.5054117,0.86210996
-0.14624596,-0.26265994,-0.48572624,1.0345356,0.26194683,-0.61147755,1.0308917,-0.8338963
-0.7088842,0.6537036,-0.21188551,1.243237,0.6357505,-0.8281158,-0.4069545,0.3370097
0.4718698,-0.3002112,1.0322393,-0.028647821,0.7748645,1.2670649,-0.31271264,-0.92727375
1.0762535,-0.28088704,0.2769407,-0.07791214,0.10467712,0.41984633,0.017560467,-0.9308124
0.12836193,0.9904526,-0.32452554,0.109091714,0.63005346,-0.6361645,1.4159129,-0.21682781
-0.4316132,1.2882992,0.55569255,1.3165565,0.874127,-0.933839,-1.5836872,1.6361107
-0.41378903,-0.99692255,0.31390822,-0.12659799,0.7195991,-0.31886664,0.8006994,1.0641075
0.7340921,-0.753341,-0.973106,-0.2001503,0.098853275,0.5421553,0.08107266,0.21214089
0.01216254,0.102773026,-0.95929444,-0.20798276,0.7505966,0.54088616,1.3312914,-0.43371698
1.185682,0.43378204,-0.06291823,-0.87754554,-0.07892562,0.3732423,0.6476132,0.59707445
0.66737515,0.0329949,0.5305698,1.232609,-0.3487578,-1.2366871,0.030632831,-0.0805145
0.4233106,-1.2842429,0.44598773,-1.101565,-0.28077152,0.11119022,2.0154533,-0.16785645
0.6378331,0.19485281,0.16254711,-0.76334333,-0.2841327,1.1105438,0.05622636,0.8139786
-0.087376796,1.9298065,0.7605279,0.558029,0.9223234,0.618907,-0.30457827,-0.13677025
0.77457553,-0.3160005,2.1620479,0.048900414,1.3185511,-0.5191863,1.1588353,0.7109896
-0.56902933,0.94716936,0.5676125,0.0893241,0.3450743,0.46368763,1.1876085,0.74676996
1.0641946,-0.7066087,0.44636288,-0.003531605,0.389794,0.7486219,0.1111359,-0.12547737
1.050838,0.26310375,-0.34551194,-1.2049415,2.1951077,0.11071568,-0.0015242081,1.5235206
0.028581325,0.35998386,0.8172821,-1.2373642,0.1849599,0.55073225,0.91372865,-0.86997193
-0.53465176,1.591111,-0.15526277,0.09300168,1.1165321,-0.3096505,0.17820954,0.68177754
-0.9478239,0.2913656,-0.64325553,-0.2014028,0.114982925,0.15284744,0.5410605,0.87011933
-0.4112111,1.5316436,0.309865,-0.9717214,-0.5345674,-0.12789507,0.29481283,-0.51446146
-0.85168844,0.5243692,-1.1358296,1.4977311,0.6015673,0.39727998,-0.2896509,-0.035228707
-1.2605482,1.23684,0.08841187,1.767808,0.70523155,-0.5983579,0.84084576,0.45365396
-0.5210389,-0.8012884,0.08647649,-0.35798416,0.22029677,0.51678026,0.34951454,0.65792775
-0.1725072,1.2232335,-0.24716952,1.3317125,0.059744373,-0.08490162,0.496772,-0.46033862
1.1557904,0.541565,0.19990739,0.4036144,0.99661475,0.13184823,0.3210354,0.61558956
-0.37189153,1.1017616,1.1737025,-0.79020417,0.18474568,-0.5634218,-0.8391128,0.6168098
-1.5989627,-0.48629373,0.13518614,0.228179,1.0780821,0.43426466,-0.9214656,0.17516229
-0.9133675,0.010102295,0.90721786,0.611065,0.39894673,0.17551166,1.7571478,0.13405013
-0.16493043,0.8133903,0.37472758,-0.47453734,1.4368308,-0.3371413,-0.28303134,-0.5529199
0.63527894,1.4805428,0.17964748,-0.37722436,-0.33030087,0.5220222,0.435301,-0.4938319
-0.30699116,0.53252023,0.81669235,1.2338866,0.34796548,-0.45123348,0.31718633,-0.6667599
-0.028402694,-0.17300494,-0.8978838,1.1647134,-0.6986894,-0.5296319,-0.07183596,0.65554005
-0.2714676,0.9737925,0.41456032,0.26665214,0.23102088,0.84139746,0.46737581,1.0889577
0.9550464,0.48308432,0.71722674,0.05876231,-0.75078404,-0.57610196,-1.429504,0.73452663
-1.3210073,-1.1242157,0.6311835,0.39048055,2.2648292,1.1285219,0.22483231,-0.23729002
0.195752,1.1403192,-0.80784786,0.64328134,-0.28227612,-0.8270494,1.0386035,0.4304334
-0.172427,-0.024332087,-0.054181974,1.016477,-0.040331,-0.99463403,1.2413568,-0.9390387
-0.3335545,-0.44831553,-0.84157836,-0.59689283,0.35932875,0.056432232,-0.16516657,-0.12150537
1.0571959,0.377753,0.5455191,-0.74366903,0.1682017,-0.2967675,0.537209,-0.6476149
1.156511,0.094525516,0.343653,1.2906278,0.40357372,-0.76714885,-2.138944,0.13586049
0.8516216,0.6888924,-0.41101822,0.51546943,0.75261647,1.8280021,-1.2429634,1.496168
-0.08049629,0.31901714,-0.44281068,-0.7609382,0.14435785,-0.12320538,0.5071084,-0.273254
1.6708871,-1.6467065,-0.4344567,-0.21548878,-0.94026256,0.3868478,0.475478,0.22177601
0.5967346,0.13443679,0.62028533,2.438532,-0.18058248,-0.77226436,0.5852897,1.7499014
0.04754252,0.5882028,0.021353144,1.4874583,1.1373209,0.28135535,-1.4452853,-0.18592328
-0.5845334,-0.5546028,-0.7158148,-0.614197,1.9172949,-0.9856055,0.13007453,0.52917784
-0.56664836,0.08356978,-0.11241606,-0.26820606,-0.4887117,-0.7709117,0.7966336,0.19067332
0.31213242,0.34470296,-0.4364921,-0.64892083,1.2546678,0.7432435,-0.74042326,0.49267128
-0.7871408,1.2714208,0.13686663,0.18473092,0.3000719,-1.1822543,1.1760116,-0.138908
-1.2996248,-0.1103549,0.26395562,0.44534475,1.6493821,0.6803926,0.07188591,-0.68618435
-0.17010888,-0.4139446,0.3934986,-1.0663298,1.7730994,0.58158886,-0.37737408,0.2872726
1.032224,1.0149432,-0.017837396,0.61857057,0.02918088,1.3929406,-0.114873126,-0.15041241
0.9204219,0.35051402,-0.23401591,-0.19152899,0.7346863,-0.10847542,-0.5763171,0.29228485
0.522525,0.7042957,-1.5804076,-0.92676306,-0.48627776,0.40178135,0.9253074,-0.110753335
1.8214908,0.6197923,0.38629797,0.3773236,0.668609,-0.11692761,-1.5020484,0.68953574
-0.43163472,-0.15803573,-1.1509793,0.04728651,-0.5608978,-0.080095656,0.7287567,0.3962135
-0.2929239,-0.26731074,-0.025450906,1.0488921,1.1050417,-0.13029514,-1.0001296,-0.2425592
-0.057848692,-0.043903556,-0.6333874,0.5780329,1.3561494,-0.59562004,1.815697,0.45552564
-0.6022448,-0.30921334,-0.939965,0.7305237,-0.5256999,-0.34995788,0.6711945,0.22709414
0.6971637,-0.05474599,1.0045811,2.039791,0.9891264,-0.38343704,0.30253565,0.10352279
0.28943825,-0.7657865,0.6475849,2.373225,0.42501032,1.5563797,0.5122354,-0.09507506
1.1725863,-0.075290814,0.3659204,0.084292345,0.72322196,1.045403,0.4278107,0.19186042
-0.28401783,0.71292996,-0.8038692,-0.5003535,0.63861173,0.11076254,0.1151306,-0.3282332
-0.22327045,1.199991,0.4762943,0.19065838,0.68866783,0.22048718,-1.1013087,-0.15723148
-0.097115986,2.0052028,-0.2108404,0.6416511,1.7775106,-0.7772166,-0.43973088,-0.31819272
0.1384455,1.2335914,0.96064603,1.3229394,0.7808646,0.61874306,-0.118667886,-0.06464832
0.3557881,0.043970026,-0.008623756,0.9914947,-1.0628266,0.7219501,-0.07871929,0.10370521
-0.584198,-0.16089731,-1.6140969,-1.5163912,1.3892429,1.5066742,0.75016516,0.14758223
0.33700523,-0.109301955,1.0638996,0.9117174,-0.009055407,0.536448,0.060747925,-0.6531808
-0.46648157,-0.4341004,0.8420055,-0.5594032,1.4214226,0.12706527,0.19132647,0.68398523
-0.12786064,-0.50504714,0.8239101,0.81924284,-0.6520841,0.46437567,-0.083578765,-0.25528422
0.03708135,1.2252849,1.0879337,-0.8312867,0.07016393,0.59480387,-0.45679376,-0.53513676
-1.018332,-0.102997616,0.1341168,0.58860546,-0.19289213,1.0226091,-1.3704696,0.6935765
-0.00081730634,0.10874407,1.3071078,-0.6076855,-0.18840092,1.0882138,2.0332434,-0.86166376
0.19767573,-0.13722968,0.76496255,0.83890706,-1.009518,0.65155816,0.5019602,1.5886817
-0.7326959,0.357756,-0.03980771,-0.10954587,-0.24411346,-0.2022498,-0.2513996,0.048844676
-0.657454,-0.20488632,-0.57137436,0.5370991,-0.5538674,1.1157372,0.6354144,0.321938
-0.009436019,0.31245583,0.5065563,0.1402307,1.027472,-0.740015,0.11487751,0.40494373
-0.3175495,-0.082021,-0.42663473,-0.14630195,-0.12638213,0.51230115,1.2623016,1.053226
-0.5541027,0.5897396,-0.06693885,-0.05206288,0.24817313,-0.589836,-0.8285603,0.65573174
1.586856,1.0178982,-0.35407698,1.035416,0.37204906,2.1966443,-0.5265567,0.37586334
-0.5622372,1.028732,1.1911337,-0.41996065,1.1640832,0.66088986,-0.07688435,0.6216468
0.006862689,0.5621652,0.22182623,1.4879445,0.96373373,-0.5393284,1.6876059,-0.9653054
0.68182236,0.0057960786,0.26999822,-0.5745693,1.9523146,0.43099388,1.1306736,0.048796594
-0.5447031,-1.491422,1.5560898,-0.8589541,1.5642582,0.7790193,1.0262325,1.1969266
1.0217209,-0.23214702,1.0747527,-0.48534706,-0.57718384,-0.20343904,0.7074908,1.276398
-0.15533629,-0.2802606,0.18900189,-0.39617974,-0.7373258,-0.26674858,0.3676784,0.50811535
0.008493397,1.074684,-1.2659119,0.5317709,-0.15106349,0.8102461,-0.72236496,1.2554114
0.8356653,-0.6546741,0.53264034,-0.51634616,-0.6094698,-0.3567697,-0.6710093,0.5621294
-0.03675051,-0.033511966,0.32242516,-0.038354684,-0.6836463,-0.80206996,0.14859854,-0.10482577
-1.3263648,0.47029543,0.6482641,1.0974939,0.5357649,-0.24044833,0.7263761,-0.82595474
0.40375134,0.5950936,0.89762515,0.6623385,0.56136495,0.7280867,-0.06199911,-0.26484612
-0.29009813,-0.16273376,2.1329026,-0.27843913,-0.20110242,0.34069335,0.45926118,0.40582898
-0.41334003,2.1555543,0.753315,-0.61317176,-0.7569913,-0.86161435,-0.16671205,1.7978718
-0.33555955,1.3616933,-0.03696432,1.1712947,-0.3227737,-0.7448003,1.652552,-0.19129917
-1.615264,-0.25668076,0.47870287,0.15313193,0.46954697,2.2829628,-0.42460656,-0.1443839
0.093587875,0.9766482,-0.41986448,0.72729796,0.2839562,-1.0231906,0.8849693,-0.3349433
-0.022413552,1.1143903,-0.1824466,-0.49647298,-0.06045456,1.914857,0.24375163,-0.36183596
0.9527993,-0.4540446,-0.7878995,0.8194853,-0.9347047,0.15071067,0.16772394,0.28082
-0.11669313,-1.0408518,-0.52829987,-0.95811296,-0.09359376,0.905943,1.1808692,1.5391947
-1.2629877,0.044521794,1.2493528,2.3265204,0.18569618,-0.3081264,-0.535882,1.0184458
-0.39434493,0.94813496,-0.46566752,-1.5745269,1.7374203,0.30866623,0.24739058,-0.263657
0.38357595,0.8331788,-1.0032735,0.10428714,0.53816557,-0.3044779,-0.55738896,0.58918744
0.5724666,0.9032117,-0.59284955,0.49956915,0.5685859,0.9734621,0.19505383,-0.8867861
-0.20903358,-0.89005244,-0.498581,0.8553421,-0.6299862,-0.2727024,-0.23193622,-0.037894227
-1.207168,2.0296698,1.1315156,-0.33297423,1.3465186,0.29981402,0.57849383,-0.5298851
0.5518209,-0.08333668,-0.23856524,-0.32848555,0.31518164,-0.8213065,0.95787185,-0.4881998
0.5094433,0.47280973,0.5490715,0.8482599,-0.110203184,1.4134161,-0.9247135,0.44423214
-0.92544997,0.08293678,-0.0806749,0.23846976,0.78765863,0.12809451,-0.91563624,0.31162316
0.63853574,1.4400784,1.3044074,-0.04846118,0.15439822,1.1205194,0.47432566,-0.4886283
0.10374619,-0.64112383,0.7479786,-0.03265279,-0.16207303,-1.0706711,1.4805055,0.09255093
1.592995,-0.24788119,0.22914818,-0.45290968,0.007967132,1.0817639,0.010737028,-0.18587863
0.6704558,0.35149887,-0.12101988,0.43604955,-0.33621827,-0.41691902,-1.4034404,-0.23780131
-0.20038861,0.30820048,0.6273353,-0.53932434,0.5831649,-0.7298728,0.8577521,-0.6493936
-0.79590076,0.5807657,0.14005497,0.7045669,-0.38856062,0.031740237,-0.53739184,1.4386345
-1.2741438,0.61359036,-0.41508588,0.3083129,1.3819852,-0.586048,0.025801286,-0.22781977
0.26446426,0.098578274,-0.6766832,0.99994814,-0.32339218,0.4129377,-0.2248456,-0.03359375
0.12499201,0.65081954,0.648061,-0.49634013,-0.63060135,-0.3136493,1.1615274,0.3980922
0.9878646,2.3537102,0.08837857,0.1714073,-0.27614352,-0.0066268537,0.077652276,-0.9068669
0.41498837,-0.691014,-0.3992389,1.0413498,0.41673186,-0.59072244,0.65058297,0.57136184
0.024478357,-0.0067915227,1.4307266,0.09225872,0.7794119,-0.30796638,1.2474749,-0.9303946
-0.2072753,0.00012073107,0.77949435,0.08446509,-0.17463696,-0.65441036,0.601031,0.46570876
-0.34690902,-0.32814676,1.9512808,1.3050234,0.2998529,0.8427799,-0.99542236,0.80722594
0.23040429,0.03847535,-0.7884635,0.3090273,0.27028796,-1.1428504,-0.050576717,-0.0996147
-1.2954413,0.047006488,-0.17602995,0.69996005,0.39731425,-0.24940711,0.28230262,1.3212754
1.0017745,0.4990959,0.44733396,0.3071708,2.0262885,-0.503274,0.67210776,-1.096496
0.51831526,-0.58632076,-0.4372155,-1.7916164,0.46268758,0.49792868,0.9249097,0.7553617
0.25185823,0.19210096,0.57926023,0.85453236,-0.39973223,-0.622328,0.8431374,0.435317
1.1812708,1.577291,-0.9046439,1.8289636,0.07638743,-0.25958797,-0.19896702,0.4038734
-0.41655305,0.59543717,0.16284436,-0.62599254,-0.09654724,-0.43191797,0.00894957,-0.15270108
0.46068412,0.4721239,-0.48329753,0.5573103,0.7673957,-0.9446324,-0.5386847,0.29984576
-0.26784703,1.8657905,-1.2253138,1.4279921,0.7543236,-0.21362358,1.1708553,0.030261498
-0.23035431,-0.03240834,1.4340676,1.223558,0.3461597,-0.95738715,-0.24763438,-0.30191016
-0.7788664,0.50730664,0.43450305,-0.3985812,0.27649948,-1.1047671,-0.512266,1.3070793
-1.946622,0.032885127,1.4637966,-0.23687463,0.40864503,0.46445575,-0.15895788,0.24940607
-0.50568366,-0.78888905,0.5553537,-1.3415953,0.3008912,-0.5039647,0.062854946,1.0837312
0.1363641,1.8228567,1.5733439,-0.9608774,1.1381961,0.96695584,-1.1788266,0.22630543
-0.21002698,1.3071413,-0.6148024,-1.4098588,0.46913803,-0.6001533,0.0028071832,-0.3596458
0.67432797,-0.7554547,-0.69525903,-1.4478848,-0.20150268,0.53599876,1.5337354,-0.053221367
1.2881426,-0.36143658,0.7053404,0.13500026,1.1818866,1.5832199,1.6211492,-0.45732364
0.8763454,-0.26513028,-0.3750959,-0.9017258,0.09484901,-0.054084346,1.3792064,0.35918283
-2.0361032,-0.8498144,0.32077202,0.18168448,1.3870597,-0.24903056,-0.89697665,0.9201496
-0.43547517,-0.7970595,1.0476339,0.5768204,-1.2874804,1.7153435,0.3865681,0.123531684
1.0299628,0.91862315,0.31600395,-0.8553222,0.7646488,-0.26728538,0.6301455,0.081620075
-0.3342747,0.5412583,0.536139,0.5906842,0.20212233,-1.1859541,0.3909835,0.15071759
-0.15501595,0.36080536,-0.7790358,0.54055804,0.61889714,-0.6709088,-1.473207,0.45465434
0.84685063,0.40426254,0.8688046,-0.73561305,0.9973163,0.23435028,0.6541976,-0.40294808
-0.2677482,-0.29528958,0.1775029,0.51313955,0.28395438,0.3324697,-0.7094608,-0.020490058
0.21466553,0.9614956,-1.1107485,-0.63470536,-0.44783336,0.56585723,0.558962,0.9467744
0.4423517,2.4808156,-0.057557713,1.7029301,2.0303733,-0.6383533,-0.24478205,1.2598251
0.31427467,0.21899797,1.0674863,0.16610704,-0.42657176,0.123077564,-1.153676,0.52480704
0.2867367,-0.6156229,0.3524704,0.36469615,0.7172658,-0.058824375,-0.86244005,0.8011394
0.44763207,-0.47807628,-0.5606866,-0.33673117,0.3210387,0.6040728,0.20067257,-0.2981604
0.85747546,-0.6959656,-0.55786705,-0.25627223,0.5405088,-0.9277887,0.4230013,2.0878217
0.39576083,0.27073255,0.9745646,0.095146045,0.48733452,0.058357865,-0.22175695,0.54988074
-0.33689427,0.7384285,-1.197991,0.13187659,0.5323794,0.39228278,0.14494874,-0.6929537
0.6037011,0.327866,0.13262981,-0.8631811,-0.8831805,-0.35229743,0.06556529,0.12223899
0.513274,-0.048515346,0.8358892,-0.7570794,0.68320364,-1.3166889,0.66183555,-0.27781057
0.27468443,0.35242164,-0.5771432,-0.24019803,-0.15834123,0.7195019,-0.10456614,0.5610007
1.3921862,-0.29304218,-0.5717914,-0.89052725,0.7597867,0.75720567,-0.08474615,0.14413944
0.32397014,0.05805651,0.656431,1.0956941,0.03402287,-0.8260935,-1.1877813,0.6493224
-1.3472842,-0.56932276,1.0303137,0.66652167,0.44332033,0.95477426,0.16711795,-0.19114473
1.49034,0.9486561,-0.801299,-0.31804082,1.099254,0.38962573,0.8543165,1.4655045
0.38115767,0.5081428,-0.082419425,-0.34306872,-0.27656236,0.7419498,-0.12097897,-0.23567146
-0.39526588,0.62336653,-0.29030642,-0.242817,0.43136454,-1.0857624,0.40025806,0.4435319
-0.57088304,-0.46785435,0.66791195,1.2065028,-0.19173576,1.0840737,-0.1821076,-0.5446772
-0.22336504,-0.7030965,-0.14264593,-0.0885995,-0.3281375,-0.48211405,-0.6145347,1.1507621
0.50398827,-0.25143388,0.27771762,1.5046852,-0.24546106,-0.29204687,-0.52796406,-0.92892134
-0.8330896,0.48627755,0.87652373,0.3394087,0.4494393,1.280734,0.071639955,-0.419687
0.14763942,0.94527775,-0.11132753,-0.6202641,-1.2194853,0.9135607,0.08978096,1.5661333
1.040263,-0.22463258,0.043574482,-0.54798806,-0.123936005,0.62502503,-0.6828134,1.5233202
-0.3397887,-0.030843168,1.0308375,-0.33248687,1.3458859,-0.84609264,0.6712549,0.0075138584
-0.21030733,-0.95516557,0.068446815,-0.82924926,0.52426755,-0.033216663,0.29980606,-0.01105576
1.0450525,-1.2555591,1.2876668,0.14946888,0.4727733,1.4896402,-0.11948629,1.0157365
0.50300884,-0.11017345,1.6169914,-0.03786772,1.4879259,-1.1913102,-1.1695671,1.5792965
-1.239814,-0.311469,1.5707284,0.45096898,-0.62109524,0.54862946,0.90815735,0.6695328
-0.92079926,-0.47332078,0.7464096,1.0705488,0.39942122,-0.5954334,0.9534501,1.90465
-0.088089116,-0.6644972,0.4364477,0.7026607,0.86021096,-0.018874647,1.3047539,-0.42941394
0.07817435,0.5306684,-0.5321279,0.24322654,0.3924146,0.8945471,0.00079866126,-0.10465845
0.19621694,0.42454508,-0.5449021,0.8228069,-0.93672425,-0.5632138,1.2613815,-0.50537026
0.063135654,-0.63086784,-0.34653097,-0.98299825,-0.6131159,0.020233521,0.88314986,0.67608774
-0.016451694,-0.06271219,-0.16821235,2.105483,-0.07670463,-1.0019889,-0.1393249,1.355922
0.24712133,1.3835366,1.3540888,0.6635686,-0.35804963,-0.50303704,-1.2910607,-0.06975181
-1.1520513,-0.16847609,1.0881914,2.236477,1.3604807,1.2137026,0.013863321,1.6155292
0.9073963,-0.36209756,0.72608477,0.1393573,-0.5243125,-0.27066055,-0.61385614,0.5586543
0.016957615,0.12630393,0.15147102,-1.2185777,-0.45519403,1.3039263,0.3671472,0.6125168
0.95853716,-0.6668184,0.83217776,0.50658923,-0.073846795,0.79218936,-0.991275,-0.15899068
-0.07645636,0.8366637,0.8358019,-0.10497777,0.90510565,-0.18449354,0.5277598,-0.09568595
1.2926251,0.46393916,-0.9304282,-0.35201612,0.09879324,-0.3557698,1.6655494,0.9128453
0.40122703,-0.09666875,0.100290895,1.1220936,0.051914193,-0.40792552,0.45443058,0.34705192
-0.2635544,-0.1314135,0.26978204,-0.3383828,-0.5911561,1.5814236,1.76752,-0.30539477
-0.5746575,0.21268626,-0.93660456,0.38623172,-0.5966467,-0.050073862,0.41557646,0.91507876
0.85872924,-0.94278663,-0.6607942,0.06783418,-0.6932703,0.97591245,1.3141468,-0.12907436
1.3000664,0.105237395,0.7664562,-0.2285809,-0.417732,0.8073074,-1.0799812,0.58966804
1.3663696,1.3301333,0.8761153,-0.78830624,-0.931184,-0.7229614,-0.2537173,0.044477426
0.18800342,1.3180798,-0.8035463,-0.0241719,0.050729923,-0.12548584,0.59358954,0.29168633
0.28867605,-0.51457673,-0.46705452,-0.77205217,-0.16340694,-0.32297418,0.42900485,0.75100833
0.7246043,1.0369884,-0.93509895,-0.05770756,0.08597171,1.9353563,0.29473972,-0.26482722
0.7484389,-0.07874939,-0.45395827,-0.5789644,0.074529715,-0.93508375,0.113681376,0.61061335
1.0705876,-0.7699739,0.8900687,1.1056355,-1.0683458,-0.18983567,0.13488665,0.35077056
-0.047280848,1.0386437,0.66781676,0.4508947,0.7464855,-0.59230363,2.682106,0.2734899
-0.24976993,-0.31891763,1.8737553,-0.67574704,1.1127644,-0.62054646,-0.57957697,0.7807513
0.5554515,-0.8942072,0.4370947,-0.08219761,0.61246705,-0.40758428,0.6964105,0.37704888
1.0002321,0.40949896,0.1179631,-0.5199239,0.43702865,-1.1223284,-0.35197937,-0.40975538
-0.20033824,-0.37578562,1.0607091,0.8609953,0.4961598,-0.43173638,-0.16795447,0.92306554
0.16770399,-0.24991055,-0.01111936,-1.3300449,0.45008227,-0.1974509,0.06862822,0.49747014
0.26009473,-1.7743856,-0.82507247,0.36720493,0.742308,-0.57461375,0.84217834,-0.118001275
-0.33569854,0.07257375,0.5286065,-0.018335748,0.087290436,0.8580379,1.6654497,0.17640185
1.8733923,1.8838687,1.4783155,-0.3393727,-0.8468646,-1.0906693,-0.8536625,0.5949758
1.3900212,-0.013086993,-0.084360555,0.66686994,-0.36424023,0.27151036,-0.116824985,0.38550162
-1.178265,0.3377339,0.45814916,0.79434115,0.16495483,-0.22418086,-0.4668881,1.3862517
0.88871104,1.525534,-0.05102932,-0.65393865,0.48179266,-0.39983582,0.8876421,0.55103534
0.16520233,-0.20025986,0.30643177,-0.45697203,0.99538094,0.48623538,-0.3077446,0.3891165
-0.9834715,-0.6051284,1.4510307,-0.15790795,0.35395584,-0.06826569,-0.29711628,1.4368092
0.26894337,0.21390702,0.62412065,-0.45964643,0.5187838,0.0999718,-0.85949236,-0.20664224
0.6526639,0.5308954,0.54566276,0.050335497,0.23941113,1.5153594,-1.5820127,0.3702517
-0.18330914,0.9795413,0.6747781,0.999916,0.68659246,-0.50973254,1.1096905,-0.2694247
-0.28884053,-0.7138753,0.8036106,-0.20685779,1.395648,0.9149254,-0.37381646,1.6624075
-0.9548665,1.0159948,0.378329,0.01739141,0.14581744,0.6707474,-0.21440876,1.0484872
-0.47606838,0.36379093,-0.14272654,2.0251,1.1741639,-0.88171655,0.54197866,0.06832988
-0.06975419,-0.016492557,-0.6270732,0.4118143,-0.8600442,-0.79437864,1.5446638,-0.17595223
0.5149982,-0.40971464,1.0184093,-0.46963617,0.25917685,-0.49539146,0.9225842,-0.3039918
0.53204596,-0.37645203,-0.033079218,0.82947886,0.24507718,-0.14246255,-0.9800744,1.0232853
-0.14532551,1.1782113,-0.057387207,-0.14431211,0.09822845,-0.5971267,-0.20865697,-0.5577815
-0.7541668,1.5452182,-0.015367463,-0.7166296,-0.34852836,-0.43796337,-0.41835463,0.7356711
-0.36471385,0.9485249,-0.09729067,-0.49880323,0.9225489,0.4176401,-0.59436035,1.353775
-0.73323107,-0.38973618,2.100525,0.6196336,-0.14041579,-0.55735433,-1.717423,1.1693555
0.016880289,0.3423723,-0.62848413,0.36888552,-0.5580979,-0.09580598,0.36180663,0.5487403
-0.9709662,1.7178437,-0.038549453,0.57878083,0.2514603,0.40092626,1.1586387,-0.15800205
-0.534141,0.9389895,0.30567533,1.2314794,-0.37340015,-0.62096506,0.15565446,-0.72156954
0.6331833,-0.33926538,-0.4173753,0.95820355,-0.3003051,-1.0206951,0.04000074,0.007032044
0.51790065,-0.79640144,0.83118284,-0.30285674,0.011413441,-0.154411,0.46284956,0.25946894
-0.07785662,0.19942896,-0.4566229,1.4379683,0.37045,0.64292926,0.6499338,0.42178074
0.7340683,-0.42466494,0.18658337,0.16887866,1.6142529,-0.27663344,0.60041285,-0.81705177
1.0398514,-0.0674476,-1.0653256,-0.22452514,-1.0191094,0.21494633,0.4975186,1.1411463
0.53230464,-0.52014524,0.36211807,-0.11219773,-0.23937905,-0.35481104,-0.17133895,0.76826155
-1.2296613,0.8464607,2.0496523,1.4678662,-0.45032376,0.71656024,-0.23084268,0.22339088
-0.24072003,0.35980797,-1.4708762,0.121254265,-0.5687383,0.912932,-0.2897943,1.0806774
1.8953906,0.7271061,2.0090103,-0.2335927,-0.21909733,-1.7526978,-0.082987115,0.38242993
0.8172008,-0.41746292,-0.68103236,-0.75120777,0.679588,-0.11993851,0.31318945,-1.0198505
0.11408301,-0.314199,-0.17635307,0.087370515,1.3523822,0.29382017,-0.7004127,0.11219354
1.0960262,1.6451933,0.33706096,-0.85971,0.4016706,0.32728663,-0.82029736,-0.031236514
-0.25825125,-0.99768525,0.24064952,1.11886,-0.5035323,-0.10718328,1.8399501,-0.009301037
0.013752818,0.13851954,0.23880333,0.28522694,-0.3387978,-1.010113,0.5523849,-0.6773486
0.70920527,0.07246896,1.1243391,0.18676335,-0.21064194,0.9422376,-0.4980587,-0.5294312
1.5844418,0.31398377,-0.14178148,-0.2147715,1.4894938,0.22007662,-0.47520572,0.2889366
-1.0473943,0.7769952,0.6962698,-0.78337467,0.6405072,0.39225984,0.3496011,0.38501984
0.7591158,-0.11576928,0.33744523,-0.29578507,0.27796078,-1.6678222,0.068644434,0.95855474
1.4310246,-0.61957335,-0.37221864,-0.1777877,0.22157049,-0.14163956,0.23100768,0.060790546
0.74645966,-0.4032044,0.22484204,-0.75152206,0.8698556,-0.9539948,-0.6285607,0.3958141
0.76239985,-0.050981473,0.5775847,0.7512226,-1.0589925,0.16669132,0.5959299,-1.1013314
-0.81027853,0.2635026,0.2501297,-0.4417756,-0.02375615,0.27005884,0.03761142,0.75608253
1.7966037,-0.48288542,-0.5880372,0.4694674,-0.5853977,0.6410636,0.012378573,1.3987818
-0.8624571,-0.75775194,0.0056247134,-0.75715077,0.7321701,0.3376613,0.99126947,-0.03616523
-0.7345314,-0.35974917,-0.3464256,0.24151687,0.31565747,-0.11747238,-0.8387459,0.852356
-0.5350004,0.069114864,0.7716193,0.88252896,0.12028945,-1.1237371,1.9969897,-0.58501256
1.0013992,0.7217399,-0.6735249,1.4193014,0.30582058,1.0289912,0.21875907,-0.026874274
1.7489035,0.7660002,0.8893194,-0.05137958,-0.2689375,0.23941588,-0.29800022,-0.5542549
0.13834706,-1.2485555,0.67589194,0.33519366,-0.424877,1.0691048,0.8919651,0.3404136
-1.2394624,0.86753744,0.9406512,0.2892858,0.7314344,-0.42693734,0.33089298,0.47848976
-0.059943758,0.2513897,0.057043523,0.09658028,1.403862,0.56514806,-0.25596994,-0.49175194
-1.0410657,0.13939871,1.1914785,-0.0029116608,1.6095974,-1.0872481,1.0562787,0.0379868
0.60886484,-0.26233235,-0.6085575,-0.052402046,0.24415164,-0.75245994,0.6757668,-0.57808346
0.7700179,-0.6943586,1.3286475,0.6420414,0.33549657,-0.4215122,0.10822022,-0.34953308
0.13079591,0.41666526,1.6337065,-1.0799786,-0.17559077,-0.027386313,-0.15707043,0.39260918
-0.3451661,0.27369004,0.35566172,0.8194188,-0.07939002,-0.8888904,-0.2652221,0.46977696
-0.042316124,-0.68594813,-0.9236321,0.13110907,-0.28595078,0.6660035,0.6633038,-0.7293047
0.6657696,1.2228626,-0.09945245,-0.7453289,0.6341742,0.5139829,-1.2717566,-0.115402125
0.9307402,0.39410615,-0.54657733,-0.63049304,-0.407688,-1.5439297,1.225817,0.30983222
0.09678671,1.0147759,0.23034677,-0.06861973,1.335077,1.4294617,0.72281647,-0.37637022
0.33340803,-0.52237177,-0.7375154,0.22713464,-0.11850062,-0.67843175,1.5293648,1.2859173
-0.58900654,0.2306458,0.97633815,0.24256831,-0.23432063,-0.51063734,-0.39183274,0.37720695
0.49315974,-0.3766258,1.3376142,0.13813993,0.53994304,-1.1886714,1.6189753,2.2542276
0.6128693,-0.68044424,-1.3898077,0.18140157,0.08520867,-0.19753216,0.5593727,0.6111076
-1.1556159,0.6983943,0.33090362,-0.05154341,0.11245978,-0.09102425,-0.52070004,0.57059515
1.1566521,-1.1090206,0.024791442,0.7605521,0.72172785,-0.14273028,0.9895382,-0.037844308
0.15190381,0.10184488,1.3330696,0.8650939,0.858441,-0.794348,0.079940304,0.48864004
-0.45144975,1.0514159,-0.052532256,-0.062523186,1.6766273,0.9664618,0.401499,0.35541105
-0.65477,0.30437082,-0.82762283,0.1253915,1.1823289,1.4293256,-0.32512075,-0.24054685
1.0846636,-0.35696843,-0.39744696,0.2490878,-0.24470973,-0.461733,0.04361509,-0.10387095
1.3930581,0.48316848,-0.29208833,-1.0451651,0.69971824,1.5511484,-0.6403443,-0.2773145
-0.2381379,0.40442133,0.24933213,0.38252762,-1.3010647,-0.012212286,0.50097454,-0.30594155
-0.29198074,0.92092425,-0.9114935,0.13269185,-0.06123646,-0.2259503,0.5161544,0.61121744
0.6641715,-0.31849474,0.63947654,-0.55711305,2.0178225,-0.4322214,-0.32772824,-0.104235254
1.6751186,1.0057131,-0.71883374,0.056753863,-0.6266767,-0.3497496,1.9543626,1.6233822
0.66953725,0.665233,1.5341294,0.7281501,-0.4422218,-0.73090416,-0.032077707,-0.90898275
-0.23288429,-0.09051521,2.09776,-0.9568714,-0.5391146,-0.83946604,0.13796726,1.6199739
-0.6526023,1.7099972,-0.8376642,-0.75447947,1.0015659,-0.0076566543,0.6322263,0.26039648
-0.43122724,-0.8744306,0.57685226,-0.95679,0.6159994,0.5128054,-0.5258135,0.65982383
1.0452425,-0.4219701,0.44026363,0.010473978,-0.33372706,-0.15907131,0.831399,-0.24085373
-0.7727867,0.14537083,0.29326287,0.50318676,0.44910884,-0.5755679,-0.112280235,0.45277143
-0.36168998,0.728893,-0.7078959,-0.6968385,0.35243207,-0.8616218,0.96302176,0.37043607
-0.68947566,0.96568894,-0.74926436,-0.2516679,1.2534821,1.0069364,-0.12939857,-0.55957353
-0.53242373,-0.7902882,0.67257774,-1.2406267,0.1960872,1.3758676,0.80247235,0.35427293
-1.1041071,0.6616271,-0.6874622,-0.6259281,-0.20898876,-0.05359625,0.425652,-0.55962104
1.2967498,1.1112006,0.21626875,0.94666445,-1.008765,-0.806571,-0.5904391,1.3319238
0.34698567,1.0318115,-0.65509355,-0.37748104,-0.22113371,1.2328998,0.8209424,-0.2878269
-0.79746294,0.6543265,0.75922465,-0.19186556,0.06717586,-0.23994106,0.682507,-0.49198517
1.1647853,-0.35108954,-0.9657127,1.2596074,0.09038045,0.5958465,-0.63828015,-0.3250971
1.2456264,-0.34148607,0.35795075,0.21139944,-0.19474109,1.4302512,-0.011465533,0.4482326
0.7776967,0.2952176,-0.58209056,-0.21042715,-1.0954593,-0.9142114,-0.038117692,0.1779711
-0.10236814,-0.35454756,0.16715175,-0.3642236,1.3945961,-0.5908615,-0.8455042,0.75678664
0.32862207,-0.1152706,0.469676,0.9903924,-0.20855622,2.0422895,0.74077857,0.51195
1.6083117,0.30362642,0.26684046,-0.26590207,0.67656505,-0.8709425,-1.0631119,0.086201854
0.4484198,0.60857993,-0.02309901,0.74948376,1.5283251,-0.9088491,1.6428221,0.5083736
1.492189,0.70638114,1.1544588,-0.48761174,1.2145823,0.29362968,1.3951416,0.18988475
1.0702146,-0.45213842,-0.47319278,1.6862675,0.6382851,0.2640885,0.069440484,1.3268135
-0.31291988,0.24491757,0.6272673,-0.9494164,0.21365298,-0.3081901,0.08083424,-0.18310007
-0.44963765,0.9259553,-0.44939935,0.46403956,-0.5481155,0.5914416,0.92482156,1.269285
0.94166094,-0.37167388,0.33121225,1.0829351,-0.681979,0.040970057,-1.4651564,0.47520164
-0.4619671,0.2065735,0.36387202,0.47500286,-0.21289428,-1.0461367,0.35081488,0.54563475
-0.9143001,-0.76176697,-0.45194831,0.35813138,-0.40914524,0.13408718,0.08254385,-0.2377316
-0.6115629,-0.12335932,-0.27706492,0.31386596,0.1118022,0.70147127,0.49059385,-0.098875426
0.38382816,-0.1690005,0.6486669,0.40435025,0.35156995,-1.1923497,0.7553647,0.92225444
0.45360073,-1.3648556,0.024598207,0.45136413,0.8015341,1.5605462,0.4131886,1.2324185
-0.77742344,1.51958,-2.2706933,-0.8176118,-0.70328635,0.61735165,0.97182006,-0.053718314
0.1577217,-0.61418694,0.57974416,0.16508536,-1.5248445,0.5117048,0.60923755,0.6149341
-0.5330061,-0.27986526,0.5664306,0.014523096,-0.48375094,0.4341869,-0.37346506,-0.14700487
0.42778414,0.5766842,0.09893763,-0.06744927,0.08685819,-1.0468526,2.0538452,2.0187697
0.54880464,-0.17151478,-0.7787367,-0.3001296,0.52843225,0.301355,-0.38364032,-0.66186976
0.9019448,-1.1898108,0.9972135,0.26461604,0.31827143,1.1536338,0.32212484,0.55240124
0.046705514,0.2166871,0.33965844,0.22735175,-0.34637287,0.041236743,-0.30354437,-0.45758602
1.4646525,1.561131,1.2368051,1.2735822,0.23204784,-1.0989747,0.5671538,-0.28422555
0.58249533,-0.9709128,0.9632072,1.4868174,0.34689263,0.4320475,-1.0499715,-1.2547637
0.79979235,-0.9239474,1.3193928,1.2122662,-0.58252776,-0.5417905,0.5319044,1.2235008
1.1952399,-1.1961968,0.49792197,0.50382984,1.1538802,0.6603785,0.13220267,-0.78939384
-0.9428929,-0.5546255,0.25088385,1.2192028,0.54216784,0.008918386,0.5151183,0.27507058
0.5088376,-0.60905284,-0.7713685,-0.41730514,0.3740909,-0.18631168,-0.020551967,0.27222627
-0.09869058,-0.075459644,-0.11843948,0.38164324,1.648603,-0.33191067,-0.70668036,0.70062846
-0.24741963,0.06363825,1.8623106,0.35882977,1.914946,-0.95841306,0.63803107,0.10009309
-0.4251398,-0.35814857,0.41819298,2.2052643,0.60467595,1.1551521,1.2177912,0.3050512
-0.35588214,-0.57813483,0.35095054,0.34820333,0.7036458,-0.17989275,-0.56507057,0.69663435
-0.28383186,-0.013435297,0.90714264,1.121621,0.70200384,-0.37852192,0.094818145,-0.65460396
-0.9997605,1.0026745,0.37371698,0.37461248,1.0498315,-0.8307952,-1.6477019,0.14563712
-0.65438503,0.97298586,-0.62255186,1.014557,0.7429857,0.34433362,-0.5648761,-0.036741823
0.3179244,0.0064007593,0.26334023,-0.056406464,1.3512211,-1.1132025,-0.0069590714,0.21264529
-1.0407534,-0.85619736,0.41101608,1.5057622,0.9837944,0.41722456,0.5332145,0.77526665
1.0885851,0.5051001,-0.3644317,-0.017402742,-0.1800661,1.3299127,-0.60432154,1.2312175
-0.10260067,-0.32311606,-1.359413,0.5344364,-0.18551981,-0.1902245,-0.1261324,1.9049515
-0.18415043,0.608874,-0.51895386,-0.55035156,0.15542087,-0.16753055,1.6737761,-0.7164548
0.26535505,0.22549249,-1.2960784,0.8056689,-0.20235682,-0.7034504,-0.33278432,-0.09711804
0.6843342,-0.4119271,-0.48083097,-0.21216469,1.7093209,-0.37302962,1.6673701,0.2861422
0.025239661,0.41406038,1.5946314,-0.14386988,0.11600468,0.37973234,0.38219944,-0.8586113
2.1327214,0.44203973,-0.45003825,1.156092,-0.57668066,-0.041844696,-0.73094803,0.9294309
-1.2412934,0.32575843,2.343607,-0.5608697,0.1751581,0.79315746,0.19384147,-0.1205704
0.7415206,-0.13343573,-0.22709092,0.32907787,0.7667629,1.5250926,0.9254958,0.07686031
-0.30719694,2.0880768,0.9338549,-0.026444446,0.45932004,-0.8438471,-0.51390344,0.01205688
-0.66710377,0.38956347,-0.1800695,-1.4126576,-0.045650657,0.042209245,-0.17043456,0.5116261
0.5166912,1.6527352,-0.06412047,0.31720936,0.73888344,-1.0983294,-0.35019228,-0.19186264
1.3062068,-1.0502932,1.0344397,1.0768002,0.64387125,-0.6480089,-1.150327,0.5058561
-0.87493306,2.2053423,1.0337,0.65313435,-0.49127132,0.34203452,0.7707676,-0.61238664
0.639818,-0.08022325,0.29606497,-0.24497749,-0.42245042,-0.69077224,-0.01751284,0.8679404
1.782999,0.1395802,0.4574933,-0.22304384,-0.75426817,-0.058225505,-0.6372537,-0.05312246
0.7428446,0.0931644,0.5667374,0.13706867,-0.3131064,-0.45685232,0.90800136,-0.18116102
-0.036012024,-0.3870519,0.2507833,0.45997483,-0.5245742,-0.5928048,0.9833609,0.6121761
0.97954655,1.3524014,0.46385244,0.30188057,-0.6182049,0.1170589,0.7936149,-0.37586787
0.32281443,1.111598,-0.07855512,-0.32860973,1.7724606,0.932196,0.8574515,0.517767
-0.2267113,0.16234003,-0.7734757,0.13226932,-0.16866013,-0.61230403,-0.07909939,0.82229173
0.94111407,0.28203183,-0.13275084,-0.8815816,-0.21838112,-0.4354062,-0.19218451,0.12748007
-1.4139348,1.7754248,0.9632572,-0.5521371,0.9629115,0.6084602,0.2689725,0.61558324
1.1199069,0.58953494,-0.26523197,0.021358103,-0.7643022,1.4478338,-0.34247923,0.51768607
1.1845711,0.37585402,0.32545426,-1.0165151,0.4012916,0.45592657,-0.16974112,-0.06505462
-0.42618954,-0.027266238,-0.5779635,-0.4209303,0.87913835,0.59954464,-1.4795951,0.54202694
2.0558746,0.019317755,-1.3303045,0.36757636,2.38032,-0.11342211,1.4852558,-0.4907032
0.1253595,0.1299321,0.72081614,0.5690309,1.5042431,1.3022801,0.82771754,0.18477884
0.73595345,-1.269485,1.4466683,1.3071454,-1.2620325,0.7022649,-0.03167427,0.4432895
-0.8580351,-1.4918166,0.3671206,0.8512733,1.0750235,0.22677256,1.3899422,-0.08319632
1.1538652,0.0026141275,-0.61625415,0.1242498,2.0907657,-0.7175594,-0.44695452,0.38391763
-0.34380233,0.58024627,-0.47382888,0.013444278,0.4270256,-0.5009593,1.2236062,-0.6724093
0.30021405,-0.39995995,0.23158929,0.66066074,-0.86254704,-0.4708303,-0.48533273,0.5093054
0.39736924,1.3572433,0.28964782,-0.068874255,1.1619576,0.3998307,0.3944605,-0.30443808
0.5227386,-0.4115635,-0.29717636,-0.21634682,-0.36522642,-0.40327457,0.020830322,0.13270724
1.1121491,0.9350298,1.2913456,0.9817099,0.7617082,-0.53194606,-0.69836545,0.56037426
-0.74033165,0.5875924,-0.48602822,-0.4399936,1.8825674,0.6215824,-0.2924847,0.14690106
-0.45165408,-0.82378906,-0.07174386,0.09851809,0.48924538,0.3041547,1.1032935,0.37241986
0.29011735,0.07584162,-0.6718965,-0.087703824,0.91967726,-0.40765265,0.34529236,0.6521591
0.20171082,-0.37842122,-0.65571123,0.3540622,1.0512502,0.16066106,1.7410922,1.0592014
0.11467474,-0.32179552,-0.1624456,0.14677371,1.6684887,-0.020921564,-0.4284921,-0.29032403
1.215485,-1.1928432,-0.0007807538,1.2112505,2.3775601,0.30758595,-0.9996724,1.3924242
0.57379293,-0.08945523,0.04512816,-0.09108211,-1.1022507,0.52421343,-0.07145181,0.75729525
0.12270181,-0.4989342,-0.355463,1.44989,2.0356543,0.8777656,0.9602747,0.8718523
-0.10473185,-0.83760786,-0.6061446,-0.40329236,-0.7818579,0.70747167,0.858353,0.2817976
1.9895803,0.9851527,-0.48748517,-0.9414807,1.7138959,-1.1827804,-1.0032637,1.3343707
1.0769179,-0.95306003,0.5546245,0.7284999,0.007898512,-0.030511318,1.4318534,-0.21234435
0.9208179,-0.035772096,-0.06527563,-0.7612541,-0.26376584,0.019752625,-0.41092247,0.77019316
1.3400358,0.83351606,-0.013372266,-0.6955849,-0.4473128,-0.24660364,1.3818638,0.7629838
-0.22476882,0.010967552,-0.23641106,0.5446444,1.5543586,-1.4615076,0.52559584,-0.20658451
-0.37407485,-0.57539785,0.4483419,-0.847434,0.59192014,-0.19720824,-0.11349563,0.31177112
1.2675401,0.5565921,0.15737963,-0.038810287,-0.85674983,-0.3601999,-0.5390453,0.400502
-0.2783042,-1.4645025,-0.565162,-0.4881145,0.6210763,1.1014994,0.8452155,1.249736
-0.6564546,-0.17659302,-0.12691432,-0.2181487,1.5838792,0.49226436,-0.15586628,0.31027496
0.48906827,-1.0391581,1.1008476,0.7131718,-0.26190674,0.22472872,-0.15472053,1.7427444
1.2051849,2.0262814,-0.22623682,0.40712243,2.0016031,0.19618332,1.223154,-0.02243039
-0.1542862,0.8015837,0.02880222,1.3821183,1.0821927,0.26386395,-1.5351964,1.4107027
-0.40356946,-0.39770055,0.43577626,-0.14164455,0.07775957,-1.0676389,-0.3061645,0.78524727
-0.2736411,-0.008698234,0.8538026,0.24231793,-0.66989,0.87832934,-0.08375266,0.30994484
0.30767184,-0.7154128,0.8501116,-0.7892704,1.0134497,-0.8051729,0.9260833,-0.10924902
1.0432374,-0.07179019,0.17428705,-0.66426116,-0.027305514,1.141093,-0.17964113,0.100580886
0.19390675,1.073277,1.4548781,0.21508628,1.011988,-0.5828427,-0.2883028,0.9359888
-0.2164363,0.08985035,1.4097142,0.8283476,-0.80739766,0.033005595,-0.4486306,0.68571436
-0.50651264,-0.33274746,0.121945016,-0.6015734,0.9309843,0.014903298,0.8365512,-0.3250264
1.1520456,0.9789333,-0.49892527,-0.6874808,-0.6656769,0.16327782,0.95749825,-0.121551
-0.868403,0.04013851,0.18465689,-0.20007996,0.09301288,0.9701749,-0.13517536,-0.6250317
0.6665931,0.9285665,2.8964312,-0.10710278,0.72615767,-0.23698002,0.19024625,0.59503573
0.7492849,-0.49630058,0.6943651,0.19989434,1.3723626,1.1637791,-0.110342935,0.32576752
-1.5701399,1.2162659,0.34178573,0.17618975,1.6693997,0.7778039,-0.55321586,0.20689562
-0.6075467,0.123959154,-0.281809,0.98965734,0.40722397,-0.55865574,1.515194,-0.15817395
1.4363304,-0.7218908,3.0,-1.1552658,1.077605,0.9945688,0.19746123,-0.47610506
1.092049,0.48019564,-0.14099354,-0.60918504,-0.8063235,-0.22885391,1.2763525,-0.15453708
0.19887581,0.79124665,1.3998272,0.015290167,-0.202464,-1.2719154,-0.14228377,0.107440576
1.0532075,0.19711368,-0.9622978,0.52730525,0.8448516,1.242298,1.3561878,0.2216365
0.6524198,0.34433025,-0.6747664,-0.47927973,0.680918,-1.0787954,1.5876299,0.32444483
-0.072893046,-0.68029326,-0.38608262,0.39466292,-0.38545555,0.9289606,0.8777886,0.68458253
0.87811214,1.2161981,-0.71574897,0.061424296,-0.29476047,-1.0621035,0.4456119,0.62481767
0.33798268,-1.7550875,0.82904506,1.4872055,0.6384388,0.21273921,-0.31514075,-0.027185895
-0.29067868,0.7439771,-0.23541504,0.5484148,0.19151998,0.41480446,-0.30250663,-0.7338028
0.12382547,1.1324872,0.18954873,0.18914124,-0.08056184,-0.674912,1.3931437,-0.1582123
0.5906933,0.10267362,-1.0670698,-0.8990205,1.3633044,-0.12460315,-0.7204844,0.04191931
0.047919594,1.0749943,-0.4168977,-0.5085324,0.27883512,-0.21685259,-0.2149359,0.4205815
0.02092592,-0.68832505,0.9773666,-0.12735946,1.0903538,-0.10361537,0.008554675,-0.22548503
0.44546983,0.9031664,0.7123187,-1.2001768,0.8434906,0.62174827,0.44716328,0.2789123
0.85678464,-0.14589842,0.484625,0.025102278,1.3320451,-0.82569593,-1.0268857,-0.084188096
0.61537397,0.610096,0.55709136,0.008385904,-0.6670556,-0.23218635,-0.68088996,2.3620923
-0.17751625,0.49051088,1.1564376,0.64775574,-0.3546241,-0.60483444,-1.0389664,-0.288979
-1.0731624,-0.7480881,0.07338219,0.9003299,0.054941595,1.0487568,-0.89583135,0.73655975
0.071087964,0.21170121,0.3616987,-1.67533,0.2762934,-0.2532645,-0.41398135,1.1990578
-1.2212033,1.2900645,1.3236861,0.34107587,0.56017053,0.03507761,1.5332711,0.9337574
0.4142403,0.108818814,1.4683086,0.611879,-0.8913582,0.47373518,0.21851654,-0.41128528
0.7127472,0.040632132,-0.89283735,-1.21962,-0.0037472467,0.44752643,-0.12626907,0.3259538
-0.296948,0.2694451,-0.88947356,-1.3717915,0.2154523,0.4245476,0.6323012,-0.19059384
-0.19224381,0.9903098,0.98539126,-0.45035622,0.7114242,-0.48628375,1.2726983,-0.1909529
-0.4309552,1.0250775,1.6203802,0.6287722,0.5881009,-1.0195433,0.8719955,-0.15735963
-0.29849106,-0.01792657,0.89489317,-0.41134402,0.2169639,-0.27582893,1.7138296,0.07876937
0.10187962,-0.4129668,0.77266073,-1.2325071,0.21025829,1.2313197,1.4140812,-0.32544985
-0.563292,0.71515983,0.5277463,0.06807719,-0.06706749,-0.6301737,1.775261,-0.87801665
-1.0998358,-0.21480353,0.21273533,-0.6738752,0.8291001,0.21660131,-0.37839627,0.25887066
-0.60353714,-0.6435599,-0.121631004,-0.032398377,1.7059078,0.018189806,-0.46622333,0.051480465
-0.34872884,-0.60078835,-0.15966749,-0.1345241,-0.09731593,0.110179335,0.6335501,-0.7109957
-0.062140383,0.2869428,-1.1371279,-1.315139,-0.39002973,0.7669092,0.08792773,0.17387131
-0.92879677,0.28086653,0.5198968,1.1688291,0.42956144,-0.16358876,0.19774598,0.706285
-1.0719597,0.30572313,1.1968793,0.19132704,-0.16565879,-0.10498665,-0.09005393,0.8122706
1.2379159,-1.400371,1.207584,0.26298556,0.34978586,0.8281983,-0.25656968,0.22122768
1.20206,0.17199162,0.20612842,-0.546982,0.025866702,-0.95635676,0.5780682,0.27578348
-0.33002725,-0.41940802,0.72152656,1.2586423,-0.550965,-0.48427865,1.0661616,1.9837569
-0.6683391,-0.6185649,0.35083443,1.0102884,0.10666559,0.28981674,-1.1267834,0.20042628
0.118516624,-0.28145733,-0.1655654,-0.8549676,0.7576432,-0.16745663,0.32727572,0.5162007
-0.2914323,-0.066887975,-0.22882947,-1.0256306,0.17903432,0.32166916,-0.1679676,0.7088782
1.014958,1.6991124,-0.50863385,-0.46961233,1.4347234,0.33107212,2.1957955,-0.40496147
-0.15829909,-0.7196589,0.6548698,1.6750401,-0.7740926,0.0014342833,-0.19428208,0.8809362
-1.4362601,0.2069476,0.44777513,0.6526208,0.8741423,0.5359374,0.28986612,0.13932851
0.2124109,-0.625425,1.1266754,-0.49053523,-0.23836294,-0.71871686,0.64769614,-0.36236587
1.5838122,-1.0177662,-0.19917637,-1.0495992,-0.39147213,-1.0116029,0.63728416,1.3429387
0.14124386,-0.412249,2.267321,2.1447387,-1.1139182,0.5857334,0.43321154,1.324286
2.2808897,2.5495498,-0.9709108,-0.20882629,-0.24316737,-0.17752935,0.9472175,0.22730964
0.3318708,-0.1538203,0.83878535,-0.054145355,-0.2224715,0.6968785,-0.46529758,-0.31752858
0.46740437,0.31662124,-0.29655126,-0.5368314,1.2476276,1.3236636,-0.07094425,0.30074325
0.76898634,1.4690857,-0.21986929,-0.45558748,-0.37088272,-0.8251796,-0.53384084,1.4773402
0.702668,-0.78158504,0.5441663,0.6191035,0.44161347,0.97905254,-0.026830416,-0.1991038
-0.8885026,-0.27890497,0.22266057,0.32886392,-0.24849151,-0.53333443,1.6829265,-0.30904457
-1.2115964,0.51351464,-0.4408896,0.5011399,0.65378904,-0.40537047,-0.30130166,-0.12920383
-0.8620115,-0.9095583,0.873124,1.0339745,0.5427653,0.467926,0.8718703,-0.33607337
-0.10364436,1.5872207,0.13606438,0.6514949,-0.07254117,0.7325304,-0.91552776,0.3029449
-0.46992415,-0.42076045,-0.15246958,0.16791399,0.75094175,0.9284659,-1.0854257,0.2960954
-0.88066673,-0.4597447,0.18259484,0.5293466,1.4577832,-0.9905025,0.17903036,-0.99453956
-0.21672288,0.7619351,-0.07853964,0.5195492,-0.15850565,-0.30425525,0.37257645,-0.49946746
-1.0340106,-0.044824097,0.04714156,-0.09944919,0.8800852,-0.6791195,-0.45969385,0.7806242
-0.89496034,2.035164,1.7322414,-0.81770444,1.2847935,-0.1688076,-0.51596373,-0.74252003
0.14205593,-0.1975491,-0.20909545,-0.6301317,0.14799485,0.30872357,1.2365316,-0.37199646
2.012764,-0.2268104,0.1524316,0.16238134,-0.4961895,0.524451,0.092093244,0.87439936
0.42337912,-1.0474973,0.7347955,1.0999047,-0.5763107,-0.68051004,0.108407885,0.2933538
-0.4256695,1.0419761,-0.5082327,-0.5292967,0.8993086,1.0462214,0.2717088,-0.3238125
-0.9742367,0.9545062,-0.28434038,0.18675424,-0.2044351,0.5595195,0.31221104,0.38006133
0.053604256,0.21023878,0.13925338,0.08236399,0.45027402,1.2999251,-0.4751197,0.42858502
-0.3442941,1.203871,2.1251862,0.85914356,0.9373723,0.05617193,0.7428048,0.29113004
-1.6291248,0.66542315,0.1893968,-0.9690385,-0.22192039,0.028279625,0.609439,0.9153473
0.5865496,1.4661156,1.228121,0.4593694,0.8144947,-0.53911495,0.22287689,-0.79371864
0.014979407,0.28968486,0.61780846,-0.23588483,0.35824478,0.44688,-0.23796186,-0.35933447
-0.37972552,-0.30986053,-0.3791942,-0.08088006,0.19028127,-0.19639511,0.04854883,0.3732535
0.7418284,-0.021701489,0.6033209,1.3586972,-0.2634159,0.4208947,0.5994814,1.1644526
1.181193,0.6884562,0.70123523,-0.7483714,-1.1737217,0.6735235,0.6865761,-0.28492212
-1.0962837,-1.028625,0.85727763,-0.9963838,1.5863447,0.88693744,-0.92521465,0.49847388
0.42526975,0.0026994366,-1.3628088,0.2035447,-0.45669952,-0.36743712,0.9861169,-0.42882597
-0.5132289,0.20073181,0.57450616,0.48741326,-0.34248054,0.7439602,-0.30609635,0.06848084
-1.3961529,-0.2962711,-0.594001,-0.055914987,0.51504076,-0.81981254,0.6118299,0.44018385
-1.3650295,1.1873407,-0.31094265,-0.50021315,0.34476608,1.019629,-0.7759995,-0.80688524
1.2342887,1.3532659,0.6209207,0.76463586,-0.5913788,-0.68855566,-0.77716535,0.54813343
-0.083912484,0.8622705,0.33217672,-0.54529554,0.9707741,0.034700513,0.2973253,-0.13579553
0.03998284,0.62048924,0.9805223,1.1128479,-0.6827859,0.370848,0.7373794,-0.5789329
0.8371041,1.340203,-0.16116789,0.3028059,0.4517249,-0.4122545,-0.71715564,0.17557906
0.2367971,0.085971385,0.26403737,0.50459003,0.5055541,-1.3071637,0.843961,-0.6051801
1.7269306,-0.17935622,-0.9941619,-0.1766444,1.1064068,-0.60248345,0.01763793,0.05600667
0.25280026,-0.35287687,0.09727601,0.7087185,-0.42927617,-0.4308972,0.90518314,1.326063
-0.7601738,0.9073625,0.5896166,0.016499076,0.9428409,-0.7836774,1.4141583,-0.48877105
-0.6015244,0.90346783,-0.21551967,0.74935675,1.9542552,1.094256,0.062368814,-0.2763323
0.05119952,0.78028226,1.1858796,0.12308097,-0.3877879,-0.23753303,-1.0611712,0.20144054
0.045525316,0.454721,-0.049130894,0.45824867,-0.08252107,-0.51769114,-0.6233197,0.42065927
-0.32555237,-0.69906837,1.3753921,-0.38164875,-0.43475714,0.47844478,-0.31451705,0.2960979
0.34277767,0.12651701,0.2757947,0.24577105,-0.42340884,-0.25679934,0.14477175,-0.7404524
-0.71606123,-0.15814377,0.54272205,-0.24285166,1.1480949,1.6341268,-0.34678164,0.27672586
0.6540911,-0.3307373,0.19911677,-0.73765296,-0.19916596,-0.78684586,0.3382253,0.87409025
-0.20791262,0.1430941,-0.14163214,-0.700142,-0.36723694,-0.073490456,-0.43070817,1.2074159
-0.17930928,-0.10302347,0.33325505,0.8471064,0.53029317,-0.038056828,1.4471366,-0.60886496
0.83197343,0.8639566,-0.47430152,1.1602702,0.15768534,1.0716045,-1.2460703,0.106897935
1.0877701,-0.44020808,-0.3217914,0.9190475,-0.9049093,1.0984367,0.20859767,0.6544788
-0.08107371,1.0137402,-0.21584103,2.21329,-0.48897973,0.36829022,-0.057053737,-0.06387287
0.66104287,0.023831286,0.069471076,-0.8477363,-0.23807192,0.3989793,1.2313575,0.023462757
-0.17874295,-1.2105325,3.0,-0.051381793,-0.16590513,1.2315872,0.19468991,0.51841706
1.3753618,0.44127724,1.1785626,-0.88380957,0.88367784,-0.18405813,-0.13518661,0.4518128
-0.2785184,0.16903913,0.7419252,-0.06267859,0.2805142,-0.4261132,0.20562243,-0.4915668
-0.80588764,0.55502933,0.40974936,-0.16295719,1.5855365,-1.0962883,-0.17186327,-0.033817
-0.5884816,1.1274672,1.4353776,0.14352891,-0.06685598,0.23970181,2.602114,-0.02484478
-0.60056174,0.94287384,1.0410221,1.0827286,-0.26191443,-1.8821598,0.3909058,-0.17524189
1.063529,-0.4738139,-0.47817925,-0.4237722,0.29088384,-0.9512332,0.37591916,0.63310695
1.1981653,-0.15514493,0.9874592,-0.2673633,1.1068805,1.1912311,-0.11854239,0.6192328
-0.10370725,-0.60555863,-0.09919835,0.64959985,0.33261418,-0.3816472,0.78139657,-0.00243181
-0.2605038,-0.5528203,-0.20076999,0.36191392,-0.33732623,-0.13784046,-0.059491858,-0.32358435
0.13023184,-0.39830828,0.064781494,0.84836996,1.1348537,-0.7371677,0.667483,-0.22876444
-0.5815129,-0.24774946,0.59327227,1.0990576,-0.7506324,0.3881172,0.3914708,-0.4560828
1.5365607,-0.72582287,0.49913195,-0.0558096,2.3865862,0.39000255,0.18645746,-0.7039509
-0.5202383,1.0401188,-0.41102773,0.040962834,-0.71147144,0.59947807,2.0743473,-0.24883488
-0.20419106,0.16243456,1.1976689,-0.21882592,0.025401965,0.5606223,1.3758658,-0.6449026
1.5305977,-0.085720435,-0.25731537,1.3174673,-0.7137725,-0.47264427,0.6667621,2.310829
0.41638833,1.9354738,-0.7308863,0.2927998,-0.2973206,-0.39607367,0.80779624,1.2678634
0.15119132,-0.2832899,-0.69268394,-0.25502464,0.57214737,-0.7959799,1.1632642,1.5570703
0.23672116,1.041899,-0.3815387,-0.08655423,-0.592346,-0.47644463,-0.018883348,1.303039
1.2019234,0.8910942,-0.221003,-0.13419144,1.1691545,-0.7281013,1.0305539,-0.15936372
0.07491554,0.81530106,-0.45255148,-0.0028293654,-0.48743865,1.790114,-0.93478554,-0.6824457
-0.38863698,1.6428319,0.6849084,1.1630678,0.09733061,-0.11818726,-0.41284373,-0.56132597
0.7685437,-0.94511354,0.7135821,-0.0644701,0.7336347,0.041807517,-0.84047025,-0.16969803
-0.4784509,0.62070847,-1.4475121,0.4173757,0.1626055,0.8286242,0.6896389,1.1762649
-0.5464232,-1.070959,0.89024395,1.6525903,0.19991972,-0.3227373,0.2906179,0.9739339
0.09704028,0.28492615,0.5115615,0.9327757,-1.8516824,-0.54883915,0.022029724,0.60385853
0.4194135,-1.0595185,2.363796,-1.4272597,2.0014462,0.12814216,-0.21667646,0.8255964
-0.2185536,-0.3376472,-0.12528105,-0.7960812,0.7225497,-0.89284945,0.36184415,-0.0023194551
-0.76055855,-0.394342,1.4820869,0.5208441,1.4368049,0.6017179,1.0227982,-0.56898016
-0.08642488,0.28692007,1.5809094,0.72104025,-0.7514614,-0.067497924,0.75142336,0.12827605
0.60496384,1.0513605,-0.96986336,-0.5691935,0.22255802,0.67867696,-0.8545994,0.031692002
1.631618,-1.1552405,0.07515117,1.0518802,0.1798634,0.50727636,-0.1456083,-0.3245073
-0.35607758,0.958453,0.3758182,-0.5794138,0.44036666,0.699609,1.4477344,0.0847107
-0.3835786,0.41699886,-0.10534487,0.7012366,-0.21766992,0.7158126,-0.60462934,1.9917254
0.411665,1.1776748,-1.1645403,1.9083487,1.3650305,-0.3069854,-0.3886621,0.85285413
0.9943116,-0.19480273,0.015405469,1.7392138,0.20365968,-0.9710128,0.1428355,-1.3207134
0.8898196,0.7166296,-1.1301626,-0.2556305,-0.8593214,0.4671372,0.4551128,0.23173618
-0.6665409,-0.72663945,1.9376711,0.7249398,0.18482992,-0.4293759,0.3566821,0.30079174
1.714037,-1.1337804,-0.34246355,-0.7010509,-0.3188711,0.010655391,0.2760893,1.2966001
0.6399533,-1.623824,1.853883,1.6865892,0.5024061,0.85155296,-0.9800423,0.015618455
1.1844462,-0.84061617,0.39228716,0.13599205,0.4728242,0.32657585,0.31001508,-0.77711385
0.6271008,0.53476185,1.7009718,0.63044685,-0.9581667,-0.63439703,-0.6657651,0.3887733
-0.9661366,2.1921659,-0.56763065,0.53986436,0.76404905,1.693528,-0.40754834,-0.34167552
0.21796161,0.6979248,0.35396275,0.25588638,-0.1767136,2.300315,0.24264847,-1.2841997
-0.08438558,0.3563528,-0.627478,0.5754613,1.0034631,-0.5210417,-0.8542224,0.30012566
-0.12963736,-0.7004889,1.0319754,1.0223591,-0.2602928,-0.77714235,-0.016158484,1.118465
-0.16045529,-0.21646026,0.42048544,-0.88866,-0.29314303,-0.037248738,-0.81595933,0.8629345
0.814407,0.40427735,-0.5708976,0.9957904,0.09123899,-0.7210104,-0.17094138,-0.6783666
-0.2124111,-0.5743113,0.057911143,2.2240474,0.4573904,0.05432515,-0.8738221,0.40391734
0.21778473,-0.7538305,-0.79897845,0.7154393,1.5703615,1.3337406,1.6325935,-0.017271526
0.14166561,0.37438133,0.9849291,-0.44000757,1.2076973,1.6031697,0.3231065,-0.25770834
0.20663568,-1.3239735,0.8325758,0.23578003,0.2547778,0.13479513,-0.4858947,-0.20064121
0.7815483,-0.12978108,0.47653875,0.4099257,-0.54818696,-0.5094892,-0.701673,0.09853435
-0.8176902,0.28421283,-1.0871996,-0.7653241,0.113236226,0.39912456,0.77182496,-0.19195566
0.23114055,1.8300161,-0.13715373,-0.2376358,-0.015526637,-0.1228396,1.1603615,0.020261653
1.5033858,-0.530952,-0.45109257,0.22884291,-0.016768847,-1.1869154,0.038204055,-0.016054198
1.3348359,0.8536447,-0.019038387,-0.50693727,1.4038668,0.03569246,-0.9839476,0.35017598
-0.64046496,0.1766044,1.1573673,-0.47937688,-0.6656028,0.4336864,0.5563927,0.6800804
-0.5441329,-0.19228129,-0.0075334767,0.23875806,-0.455274,1.0335268,-0.5368525,0.40914384
0.8783641,-0.38412255,1.0203,0.24163479,0.8275843,1.052555,0.6500301,0.15327182
0.0026814565,-0.39856195,0.1710101,0.030563582,0.22136386,-0.7111612,1.0426053,-0.44018427
0.5135663,-0.41414306,-0.99072564,-0.2789096,0.67305064,0.07872812,0.29591075,0.7840059
1.0816354,-0.16311775,0.7507635,0.6420767,-0.024980012,-1.0615768,-1.4776719,0.8027655
-0.5400881,-0.6031967,-0.28105584,-0.557989,-0.39122075,1.3719602,0.977798,-0.2616239
-1.3901781,0.786799,0.16142711,0.19128388,-0.028422125,-0.54361856,-0.41391152,1.372992
-0.049739234,0.071049586,-0.6632747,0.9682555,0.840634,-0.3077011,-1.6500365,1.1366615
0.21417823,-0.88063765,2.0462587,-1.0702282,0.54447997,1.3708131,1.7324847,-0.6871931
0.6730027,-0.8261855,0.032418266,0.029268932,2.030123,1.1529536,2.0461528,0.10157997
-0.018302068,-0.39912495,-0.19789857,0.22246374,0.34812373,-0.22794229,0.07905331,-0.13477731
-0.3576642,-0.47953826,1.2171538,2.031015,0.15807784,0.27824605,0.0051990077,-0.5072919
1.0687089,0.76472646,0.55684334,0.62635124,-0.22164835,-0.38905215,-0.41029105,-0.10757912
-0.58932537,1.7637355,-0.38805476,0.15563694,0.10856158,0.94218296,-0.019249998,-0.20163637
0.59231234,0.71276414,-0.245765,-0.50796485,-1.1360754,0.37028474,-1.4589788,1.299813
-0.6592169,-0.18622597,1.1702248,-0.38454607,1.0048038,-0.32318145,0.60111076,0.33968866
-0.8289372,0.10774693,0.5803514,0.17475238,1.0898218,-0.18341547,-0.014718836,0.58757967
-0.14351049,0.84901613,0.9186522,0.7615655,-0.06946383,-0.99191475,-0.62378114,-0.026035912
-0.6073769,2.6152945,-0.44651124,0.14244917,0.7987944,-0.27026406,0.546788,0.5294564
-0.40449587,0.37093648,0.20080617,-0.28489944,0.61720943,-0.2790326,1.0615128,-0.6801961
-0.0026562586,0.65787214,0.81248003,-0.7983766,1.0302387,-1.6050754,1.0184755,0.99343723
0.14240819,0.87994426,-0.07809974,0.11140071,-0.15390736,1.1968309,-0.49727684,-0.17604485
0.32207426,-1.1320833,-0.025339779,-0.068642855,0.5204335,-0.1498754,-0.3052716,0.29333866
1.0622803,0.53597814,-0.6099681,-0.1598433,-0.21593092,-0.50250506,-1.1485618,0.15581031
1.4823531,0.894017,0.32834387,0.21092501,-1.0746969,-0.39742383,-1.9573293,-0.11364441
0.6373745,0.79421663,0.7446744,0.9869516,-0.930572,0.7020188,0.09623745,0.47990814
0.34849018,0.6471967,-1.083102,1.5050911,-0.2559265,0.55730665,0.26452097,-0.37396285
-0.5200897,1.5337516,0.66093194,-0.031612713,1.62566,1.2654586,-0.2678424,0.92485994
-0.22462595,0.78003937,-0.0045113955,1.0959991,0.81342834,0.9116823,-0.69708514,-0.18141878
-0.8307796,-0.42633337,0.42852345,0.49274766,0.021743134,0.16796808,-0.15199254,0.667302
0.72465444,-0.03236043,1.3307184,0.14323683,-0.007920711,-0.51381713,-1.6950911,0.3602665
0.21396804,0.7765238,0.496581,0.34153607,0.3029466,-0.2934048,2.4018338,-0.8450337
0.3396093,-0.3865587,0.41847804,0.91570497,-0.9087075,1.6035361,0.60412025,-1.1330303
-0.10150475,1.2184922,-1.3443911,-0.5994423,0.018978443,-1.0058355,0.52721345,0.8231176
1.934283,1.6021637,-0.071349055,1.1806993,-0.62760663,0.5696469,-0.1335322,-0.13524193
0.8406261,1.7246087,-0.41098025,0.08744374,0.75471115,1.0105379,-0.7662078,-0.13909602
0.21546328,1.0607469,0.16675568,-0.8478119,-0.09330383,1.199615,0.26773348,0.43458056
-1.2132748,2.3728096,0.76408035,1.1057315,-0.41639084,-0.44738105,0.18874626,-0.13720024
-0.6252235,2.1901412,-1.2987722,0.27680182,-0.49787462,0.59054554,0.08733788,0.9401881
-0.4412362,1.1934578,0.8464955,-0.93427134,0.39374867,0.3782282,-0.29452124,-0.6708507
-0.91727465,-0.806017,-1.2727242,-0.6830095,0.33153448,1.1150486,0.5829268,0.9534344
0.60219246,-0.8833405,-0.51527584,-0.12034917,0.19030471,0.17645572,-0.6476343,1.7706162
-0.8545885,-0.20941319,0.9098765,-0.4977052,0.2039886,0.6871115,-0.21601072,-0.3709967
-0.6963429,-1.16723,-0.52289754,-0.18609019,1.4793091,0.7415055,-0.2632413,0.70042396
1.5488437,-0.17193122,-0.11212914,0.37302706,0.23202585,1.0854367,0.74204093,-0.108347796
-0.014501698,0.71459913,0.4974074,0.3951856,-0.9413095,0.08199017,-0.89905566,0.16355735
0.52087855,-0.91473806,0.07597373,-1.6318848,0.44966492,0.79952574,0.20698822,0.11336465
1.3123595,0.44298065,-0.36995858,-0.14717063,-1.1415595,1.3947057,0.86034566,-0.7302497
-0.26759008,0.25086054,0.31631717,-1.2519685,-0.26613468,0.6352321,-0.02796803,-0.43330607
0.68579054,0.18951322,1.3590477,-0.73784065,-0.9103336,-0.1883451,-0.66397053,0.23668766
0.38976982,-0.60872376,-0.44346574,0.7359184,0.88208985,0.8768935,-0.24562244,0.98487824
-0.33517992,0.069463566,-0.41433796,0.23132142,0.56661403,-0.4513397,-0.09963453,0.31510687
-0.29453275,-0.25978273,1.0420723,0.8471532,1.0177442,0.07563938,0.69707245,-0.62590057
-0.3111544,1.0578897,-0.26561537,-0.51069075,0.59507686,1.6821334,0.008320637,2.677204
-0.55286795,-0.36835146,-0.090360954,1.7422465,0.13248576,-0.29176438,-0.30406713,1.9790357
0.53944486,0.33343363,0.274442,0.00148651,-0.5931178,0.28189164,1.1584519,0.025067993
-0.53343403,0.6984764,0.56648606,0.40909955,0.031373776,0.024137722,-0.15364894,0.09748101
-0.5076982,-0.49467677,0.5244857,3.0,1.082485,-0.2880984,0.46392387,-0.588975
-0.060670808,1.0241382,0.005524244,-0.96576476,0.28267008,0.13151026,-0.61287767,-0.21687186
-0.6359403,-0.32056364,1.3054916,1.1708492,0.04311507,0.9834127,0.047566634,0.5831351
0.41263565,-0.14652094,-0.92847043,0.041567102,-0.64401644,0.7304502,-0.15179944,0.77853435
-0.49860257,-0.4625844,0.2638566,1.2301766,-1.0722452,-1.0366075,0.4256458,0.21332714
-0.8701331,0.15615383,0.38936198,-0.41154015,0.22841454,0.022735696,0.16148917,-0.11966085
-0.10908399,0.25260308,-1.4232471,-0.25642934,-0.7123411,-0.20717219,0.77891827,-0.6564156
-0.39300743,0.68435127,-0.007629254,-0.28023553,0.17429602,0.9921052,-1.034362,0.4524109
0.73187834,0.78619295,0.26670614,-0.40602148,-0.7952808,0.66927344,-0.4331299,-0.6851723
1.1673801,-0.063960105,-0.45398548,0.7699771,-0.03761127,-0.9819865,0.73528355,0.7137562
0.26576215,0.51765233,-0.017314691,-0.7767272,-0.6564058,0.1384561,0.5007387,-0.20696616
-1.0291218,0.037107285,-0.1153294,-0.6569032,0.11068976,0.36851698,0.6066865,0.24131498
0.38484573,0.44349948,-0.9317655,-0.23663567,-0.36310983,1.507219,0.8966527,0.9087678
0.8960017,0.79136145,-1.2830638,-0.3786267,-0.15694372,-0.22031482,0.63327175,0.12143041
-0.5333779,-0.81417316,1.8175318,1.008473,0.5757817,-0.2069232,-0.5586141,-0.32010823
-1.1943965,-0.24828614,1.7328645,1.6138164,0.033776157,-0.33914623,0.40622392,-0.1557652
0.14954877,1.519339,0.50470495,0.025301894,0.0589011,1.0058395,0.29860345,2.6565037
-0.20327729,-0.29949006,-0.23360592,0.9393832,-1.4159648,-0.14058568,0.7404969,0.8683419
0.71695054,-0.12900214,0.36155415,1.1899111,0.57746327,2.2532492,0.087986276,0.4933113
-0.40299192,-0.21191126,-0.29399586,0.96563864,-0.78010917,-0.4719718,-0.009076085,-0.27682632
-0.5317454,0.27634722,0.34023952,-0.12836681,0.001875692,-0.36362436,-0.52259845,0.7310445
1.3034997,0.19404444,-0.11866388,0.30170736,2.5891082,0.028493127,-0.039568562,0.5811058
-0.8373057,-0.4148749,-0.3637219,-1.0759238,-0.6599758,0.81452227,1.5528483,0.76467663
0.47788998,0.5308987,0.37325412,1.2900169,-0.46398833,1.1213281,0.33375204,-0.07652565
-0.38787505,0.3276068,-0.16499034,0.47607523,-0.43573812,0.64293367,-0.6430758,0.047905732
-0.43976015,1.0745294,0.9449451,-0.53336215,-0.19719292,1.0716212,-0.9778016,0.38067487
0.044103842,-0.026063934,0.4272536,-0.7470474,1.7349956,0.5968836,-0.10822372,-0.16135737
0.93221027,-0.36097154,-0.90176326,1.139593,-1.3906462,0.039884996,-0.09401202,0.4609196
-0.052053787,0.17784302,-0.3233812,-0.5542737,0.9101162,0.102981806,-1.2867907,0.10136924
1.3121579,0.8944901,0.8324101,0.02954997,-0.6532553,0.9167964,-0.29603738,-0.4320884
0.4854568,0.32995605,-0.31624487,-0.18094826,0.06167545,0.048488833,0.75808334,-0.031805456
-0.4550959,-0.5832992,1.0148278,-0.54131037,0.9568803,0.16193926,-0.81288147,0.23690465
-0.33441418,-0.9275207,-1.1878101,0.98414326,1.4148856,0.111857295,1.0722516,0.14700466
0.53736264,-0.75039476,0.7332677,0.7955361,-0.10262574,0.8284277,1.113631,-0.08440318
0.6666293,-0.7778916,0.21768251,-0.6320969,0.03021532,0.61563814,0.10536806,-0.27745917
0.31950518,-0.6048404,0.51619923,0.81287605,-0.10565313,-0.375378,-1.0218713,-0.394523
0.026079345,-0.44886383,-0.5764194,-0.7442732,0.1126687,0.6023833,0.049828764,0.035175916
-0.28115067,-0.20076995,0.51867104,-0.40853935,-0.4620601,-0.95902103,0.2676748,0.7261975
-0.93694216,0.66795427,0.9302299,0.045405198,0.22847013,-0.6909257,1.2642452,-0.22147217
-0.33279583,0.5409518,-0.6574503,0.53529006,-0.55537546,0.6169658,0.8382125,-0.38096344
0.41458222,0.21169503,-0.56377256,2.540854,1.7453326,0.12811211,-0.696112,0.09190859
2.297615,0.70047754,2.0738952,-0.30599794,-0.16631365,1.6889296,-0.9697278,1.1077935
-0.21431392,0.042793848,-1.2703863,0.7499783,-1.2576162,0.265405,0.30527526,0.2316666
-1.0339997,-1.7055941,0.8260365,-0.023425471,0.3881113,-0.054269955,0.38636175,0.67105395
-0.46686083,0.34340423,-0.41936046,-0.45845583,0.5362167,2.8892121,1.0780337,0.8408516
0.49806523,-0.19606277,2.1578274,0.5012354,-0.6738557,0.36354342,-0.84674084,0.26829782
1.1725496,-1.2891811,0.63962036,0.72891074,0.6806307,0.8181919,0.06972118,0.969492
-0.46007627,-0.23101382,0.62890506,-0.55365264,1.1340888,0.49541318,-0.78923607,-0.44210783
-0.29276988,-0.58926183,0.723436,0.07554072,-0.3892486,1.2517483,1.701758,-0.7563909
-0.11268788,0.7755528,1.7591555,0.49832076,-0.92511666,0.036750704,-0.58370495,0.17868888
-0.3867103,0.72832924,1.0725366,0.13917102,-0.35480043,1.1531867,-0.260148,-0.15038973
0.7931156,-0.7434987,-0.40124637,0.7925969,-0.022191478,0.1740687,0.20136902,-0.41535732
0.8213356,0.13634421,-0.00924096,0.24809045,-0.9063251,-0.12951645,0.18395649,1.3067493
0.7341551,1.0201075,-0.4498799,0.7631378,-0.85276914,1.7154692,0.16103682,0.67757285
0.27668485,-0.5310261,0.35855785,-0.8924759,-0.461164,-0.07936177,-0.2518595,-0.15787432
0.27306953,-0.22460966,-0.32058,-0.68257415,0.7423263,-0.11978699,-0.47234413,0.2494312
-0.54448533,0.38980994,-0.2728891,0.20697768,-0.15696234,-0.092073545,-0.0617759,-0.3951911
-0.28461102,0.45252958,1.0724748,-0.5026707,-0.13106301,1.0241766,1.7619597,-0.56630456
-0.081884645,-0.33432856,0.24565032,0.048455928,-0.07663976,-0.4441164,0.28919423,1.2097379
0.2158938,-0.14263827,-0.00068042986,0.80088335,0.2795956,-1.0101502,-0.020292193,0.68911856
0.5691784,-0.90345186,1.1337311,0.5821663,0.42625242,-1.168476,2.2980168,0.2472733
-0.48260736,-0.1600967,0.089469746,-0.482069,0.36145678,0.06733039,-0.023431351,0.273332
-0.210634,0.56362087,-0.53784066,-0.35736936,-0.884747,0.8662598,-0.6381896,0.6029679
-0.30215523,-0.24416454,-1.814937,1.3628455,1.0130287,0.4120929,-1.1766628,0.8488859
0.6251872,0.2835768,-0.65342444,-0.03816438,0.28431872,-0.026106743,-0.55066323,0.2952362
0.016356513,0.94510275,1.9590137,-0.3074795,1.6004757,0.4754631,0.022186153,0.0149135105
0.112968594,-0.5503823,0.5170727,0.8335984,0.112664,-0.48680118,-0.21158975,1.9611746
0.80284667,0.24339856,-0.9879195,1.5917068,-0.97533256,1.4234357,-0.7618967,2.2712822
0.1930395,1.0573437,-0.20485148,-0.55627996,0.6139562,0.40035555,0.39400056,0.64940816
-0.3752399,0.72563595,0.7789353,-0.49038604,0.17944004,-1.0010974,0.3767722,0.67571115
0.2854201,1.459602,0.61190796,1.3059474,0.21878935,1.032841,1.0553731,-0.0878882
-0.6841536,1.2007333,-0.37316158,0.880003,1.5223311,0.48578975,0.2862889,-0.16777146
-0.08331866,-0.2404022,1.3973267,0.84108365,-0.8768508,-0.4239051,0.2008545,-0.23042032
-0.24641407,-0.45551822,-0.6697822,-1.022456,0.93861204,0.061416656,0.1594175,-0.6176981
-0.44840068,-0.072368026,0.06675657,-0.11652078,-0.39756605,0.42960215,1.3317934,-0.23085174
1.2820549,0.23867424,-0.40986714,0.82029045,0.71411586,0.13518685,1.0843542,-0.9189224
-1.1325217,0.289857,1.8256091,-0.17518054,0.28691384,0.3307573,1.2395183,0.07865773
1.5672003,1.4806123,0.46811727,1.9345766,0.17625394,-1.2903906,-1.2315747,1.4360037
-0.5251865,1.7803737,-0.98300856,-0.7268663,-0.32277998,0.102402635,-0.02141905,0.11021057
0.88712335,-0.1388393,0.6053941,1.3423814,0.8533268,-0.6918685,0.94204926,0.71288484
-0.81232166,1.1036203,0.50754565,0.30092686,0.255109,-0.16118374,-1.5150648,0.7091563
0.18150833,-0.070559114,0.75366634,0.24359822,0.7904948,-1.004614,0.607649,0.32921436
-0.7479929,0.20838045,0.63881344,-0.40489036,-1.3321674,0.74584675,1.1126257,1.9003019
-0.32704145,0.85764,-0.28084838,-0.7722604,-0.3803024,-0.44402784,0.17736833,0.22254205
-0.17350388,0.8509864,-0.08997457,-0.8115364,-0.64862084,0.15994354,1.7423376,1.3161446
1.1878961,-0.9805419,1.538405,-1.4899361,0.08716077,0.32645172,0.39692032,2.093888
-0.5475592,-0.11806689,0.44493008,-0.08410852,0.35925156,-0.52105486,-0.59169734,0.52547586
-0.74587876,-0.3714736,0.08755196,0.47713628,-0.12456226,0.1545844,-1.0187287,1.6311325
-0.65902,0.09156513,-0.17097291,-0.18097204,0.19189027,-0.7907618,-0.91239583,0.38310826
0.47374174,-0.015937679,1.2907125,0.9958908,-0.10582269,1.6022975,0.38354224,0.48515892
0.89561933,-0.80030155,1.3177612,-0.45895472,-0.2893091,0.18462798,-0.3776802,0.74757284
0.4129071,-0.14361437,-0.18464237,0.06380346,0.0024033617,0.36258093,0.30831128,0.271112
-0.023587517,-0.6321197,-0.79367054,0.07597405,0.39532614,0.24192396,-0.26914892,-0.15245458
0.7268178,0.81863713,0.6159113,0.19327748,-0.58577037,1.4598755,-0.17198117,0.25097412
0.8750325,-0.837032,1.2001466,1.398389,0.2486837,1.0930182,-0.5523678,1.0508162
-0.32374862,0.03456508,-0.043910556,0.3717473,-0.71828294,0.041109286,1.0995116,-0.036924005
-0.36997983,0.51856107,0.81541014,2.5479994,0.52296066,0.06684048,0.059639927,-0.21455494
0.28039005,-0.26888612,0.101086505,-0.16102126,2.2723904,0.054765105,0.33850336,1.2038238
-1.2641904,-0.032836866,-0.23838308,0.5878841,-0.09450901,-0.42578754,0.6199474,0.10535449
0.024395116,0.12284845,-0.96659344,-0.07331684,0.66668916,-0.28747833,-0.48227248,0.5118591
0.81531453,-0.7850304,0.6827164,-0.18698075,0.3362724,-0.67708236,-0.9179673,1.7809767
-0.7449319,-1.0934095,0.64870036,-0.18093467,0.43157282,-1.1168164,-0.45167622,2.622102
1.497151,-0.4815097,1.52203,-1.0441619,-0.13321733,0.20227793,0.11488618,0.27011508
0.60361373,0.74816155,-0.28981277,-0.39197046,0.2805696,-0.32158485,-0.6387436,0.2691204
0.51342654,0.59518063,1.4871522,0.9869719,-0.6356262,-0.22960374,-0.2683022,-0.18792805
2.3045022,-0.80371267,0.34674224,0.35870072,0.63448435,0.5582113,0.95716065,0.20328459
-0.09047475,-0.5626142,0.24440464,0.6842866,0.26343507,-0.5366335,0.1517668,0.76998913
-0.17421022,0.22466454,0.1469557,0.15065408,0.27725446,0.86121047,-0.7994666,0.15215117
-0.57303363,0.8532347,0.5020494,0.9373734,-0.32587886,-0.1730039,-0.2385359,0.14453548
0.2599186,0.6471119,1.6708384,1.7064666,0.24173506,-1.192931,0.5451337,0.12669058
-0.21061298,-0.5003491,0.6567826,0.09714626,0.36756334,-0.7775447,-0.49193713,1.1837027
0.5170848,0.5769249,0.09807536,0.81074935,0.054562375,-0.36952233,0.4049295,0.20579803
0.169406,0.65614843,-1.201037,-0.45940426,-1.4690393,-0.35298654,1.5039072,1.4648919
0.047925256,0.53232765,1.6133834,0.19553156,-0.05852245,-1.4508524,-0.60292643,-0.27576318
0.72097605,0.98306715,0.849522,0.5300776,-0.80838996,0.9865113,1.2320634,-0.7311344
-0.3472359,-0.15268338,1.1191511,0.56643814,-0.21125123,-0.6506852,-0.9187741,0.009716429
-1.2214348,0.6652559,1.424893,0.40124023,0.13338783,0.9594008,-0.18142043,1.0350826
-0.320015,-1.1394161,0.96290755,-0.41313827,0.09654983,-0.024295935,0.9962019,1.0990541
-0.248451,-0.6233582,-0.42095292,-0.2787709,-0.17273164,0.095644526,0.42717287,0.47609323
-0.7190447,0.7140201,-0.29644662,0.134056,0.10883988,0.15519448,0.374848,-0.35703638
-0.55020565,0.18861958,0.21047863,0.2115052,1.7015965,-0.044421226,-0.09357862,0.55577135
0.8812919,-0.28329274,0.164365,-0.94643545,0.114979334,0.7912694,-0.057889495,-0.30103964
-0.9487442,-1.163821,0.8435792,-0.9239328,0.8436738,-0.96584237,0.14274983,0.31433582
0.3539084,-0.063183114,0.30130318,0.853264,-0.11147683,-0.05454959,-0.91769385,0.76936626
0.7688447,-0.43276334,1.1243495,-1.7034218,0.37458545,-0.5822629,1.673277,1.2818177
0.50089103,0.4834877,1.2236819,0.64229834,-0.37655735,0.59128726,-0.08243689,0.9836985
0.14331752,0.17669778,0.4902787,-1.2351354,-0.71369773,-0.26089585,-0.5765045,0.06356746
-1.4994973,0.5875241,0.26671752,1.2735026,1.1605424,-1.3868972,0.26357043,0.1353237
-0.6357705,1.3533891,-0.028598888,-0.6118381,-0.080517896,0.33987784,0.132841,0.02006878
0.28099996,-0.50357383,0.22466177,-0.01781844,0.1326026,-0.73123,-0.61409205,0.10627585
0.2525029,-0.1545632,0.3118411,-1.1957816,0.8453802,0.2975824,0.48060238,0.034339067
1.5901668,0.6322239,-1.163428,-0.15514067,1.9447283,1.0587736,0.9412525,-0.540855
-0.29734382,0.26487514,-0.2793582,1.2343277,-0.5589036,0.7570916,-0.39024916,0.31189147
-0.40668008,-0.09327766,1.1033714,-0.53799516,-0.28666264,0.9740821,-1.2874914,0.6081623
0.37567905,1.5484141,0.57464665,-1.4160699,-0.121475,-1.0704973,-0.010645155,1.0629863
-0.6546778,0.08501041,0.97171664,-0.8450559,0.5413702,0.2918203,0.21695,1.3758962
-0.95667124,-0.67060345,0.457414,-0.026210453,1.0772427,-0.8166547,0.8755005,0.1439713
-0.024424143,0.42678115,-0.9751107,0.027406143,-0.18024734,-0.44153214,1.1227854,0.4592484
-0.20703128,1.5099283,0.03622371,0.3786305,0.29632333,0.13081408,-0.9665092,-0.09899052
0.09281485,1.4295437,0.56574136,1.4477409,0.656681,-0.30338255,0.4757182,-0.96352535
0.15270092,1.0284863,0.21774846,0.104288995,0.21781111,0.7570189,-1.7943846,1.0022233
-0.20089126,0.4283009,-0.2001299,0.5889102,-0.8276673,0.101732925,0.018098913,-0.2096071
-0.33561155,0.26821044,0.26218152,-0.4352797,0.7047398,-1.002651,-0.15001138,-0.09366601
1.5279186,0.40325272,-0.19572207,1.7266955,0.9482618,1.1689048,1.0160033,0.6987834
0.21503156,-0.6166877,1.2991154,0.25819573,1.1591331,-0.5232395,0.43598872,-0.009261087
0.92738193,-1.0081816,-1.479244,-0.4076183,0.28929508,-0.14221959,1.1037076,0.851699
1.0241802,-0.5507587,1.281951,0.9862043,-1.0364953,0.050040286,1.4246074,-0.5593793
0.9884934,-0.832422,0.6561494,-0.043937374,0.7267946,0.21905543,-0.30823663,-0.5862054
0.7601586,-0.95192486,0.39228067,0.28836632,-0.58433795,-0.6542822,1.8063351,-0.6939781
-0.29237756,-1.12267,-0.7647542,0.08110763,-0.24918185,0.6249427,-0.21227859,0.48066485
1.2593588,-0.70427746,-0.8509885,-0.47456607,0.22739474,-0.24497291,0.4779638,0.76755553
-0.93017614,0.36249608,0.8210921,0.0038084537,1.0092449,0.24749096,0.5366749,0.17307371
0.120533645,0.3943674,-0.68542844,0.42885473,-0.6216628,-0.6305876,0.92680466,0.5108826
1.4308122,0.21693392,-1.8126663,0.55625266,0.82442385,1.8272544,0.95614636,0.5674179
-0.46655214,1.0861757,-0.11369668,1.0627569,-0.4609902,0.6292763,-0.53543353,0.89440525
-0.5217281,-0.8361312,0.12062899,0.6755329,0.46223897,-1.3311374,0.621216,0.7282633
0.16305238,-0.4933446,0.4722462,-0.022132497,0.44562572,-1.3775082,0.22184382,0.52776384
-0.56477666,-0.80109876,0.3344494,0.0449217,0.6654579,-0.46486074,0.9378082,-0.16316816
-0.35472548,-0.55360204,-0.17394468,0.46504351,-0.33709604,0.79227555,-0.28102413,-0.205004
1.1463001,-1.8516461,-0.34778452,2.9310575,0.9824829,-0.24753141,0.31621152,0.52415377
1.1372567,0.71181536,1.3232164,0.19886678,-0.87920594,1.9288983,0.1990922,1.654371
0.6859907,-1.0191256,1.0291109,-0.08208814,1.1689143,0.3354852,0.11928435,0.921062
0.09125893,-0.50084794,-0.3981614,0.9371966,2.3289661,0.13230817,0.2648659,-0.7584127
-0.2368508,2.039504,0.99889016,1.2456604,0.9360238,-1.4314518,1.1207358,0.4319782
-0.7072012,1.0601261,-0.8048278,0.3475225,0.23268387,-0.013007859,0.9810071,-0.13017026
0.9547592,0.52238894,-0.150644,0.83871025,-1.2421756,-1.2410789,1.1332071,1.2501237
1.5459465,-0.11680649,-0.03681254,0.40283,0.27313903,0.8966674,-0.07746275,-0.534109
0.74520326,-0.3414717,-0.5627222,-0.16993545,0.0607637,-0.06346719,-0.57005775,0.93624324
0.13873982,0.06891231,1.1793398,0.09263095,-0.11754433,-0.4787359,-1.221141,0.61663043
1.4925599,1.0095885,0.31315878,1.1982814,-0.15645823,0.47880298,-0.8787954,-0.7420255
0.567894,-0.47684437,0.0128792,1.2314216,1.2914073,-0.37054008,-0.6868705,0.550684
0.21421146,1.082574,0.04529824,0.67307454,-0.7017413,-0.5311017,-0.09874833,0.21678817
2.0457768,-0.57421064,-0.47625002,-0.22372328,-0.07559407,0.67078686,0.042326245,1.3942153
-0.16971236,1.2689075,0.66554546,0.6997592,-0.63228464,1.0018171,-0.03697652,1.5877596
1.0277597,-0.07354356,0.8396374,0.32954288,0.8840874,-1.5962061,0.9457333,-0.19579878
0.95157415,-0.36309364,-0.15915638,-0.041431833,0.5866403,-0.46096012,0.97169703,1.2241341
-0.24254993,-0.14645332,0.6179437,-0.40596002,1.215637,1.9880242,-0.30669814,0.07423961
-0.07081444,-0.24875192,-0.7830558,1.0373396,0.11049402,0.005852161,-0.9189568,0.92902184
-0.98304784,0.3816481,-0.56630397,0.18024172,0.6000234,0.6932298,0.28314248,-0.2683841
0.7817352,1.2031114,-0.20554218,0.1840136,-1.4893628,1.2896714,1.4117757,-0.4046171
0.20500419,1.212276,0.16007376,0.019501757,0.8788538,0.78682,0.4064921,-0.2024172
0.19172612,-0.38490927,0.05609317,0.61051637,-0.9484219,-0.97325784,0.30563307,0.45738083
-0.25593576,-0.032051124,1.8227272,1.1518495,1.9407992,-1.1659914,0.7987372,0.14138892
1.6949383,0.5222639,-0.088501245,0.61591166,-0.38699985,-0.2496733,1.9660302,1.4801283
1.2508267,-1.1005105,-0.66025656,-0.76778096,1.045901,-0.2061248,0.5757305,1.299228
-0.13849083,-0.15373777,0.0025965963,0.0057407543,0.43481857,-0.56821126,-0.57044244,0.12770206
0.28220674,-0.0020055398,2.1184516,1.0326896,0.9066855,-0.7641719,1.6978893,0.078199156
0.4157473,0.5906565,0.38347077,0.58781964,0.5461403,-0.03733632,-0.9444128,-0.09667411
-0.31864062,1.0598162,0.03746499,0.7079559,-0.335567,-0.75731945,-0.54783416,-0.053418815
-0.021497712,-0.5728517,1.1713408,0.4266804,-0.12949552,0.15418006,-1.3609215,0.24875996
-0.5154206,-0.038636286,0.25681636,0.8373218,-0.7909742,0.12965903,0.54254955,1.3195472
0.043291204,0.91578037,0.56983095,0.73074365,0.70143175,-1.030541,-0.11666934,-0.18919414
0.6409799,0.17937872,1.1929975,1.2815878,-0.27901432,0.5558488,1.825309,-1.1928893
0.24064061,-0.03852113,0.70733285,0.82909274,-0.12673044,-0.6876923,-0.08864248,-0.09442102
1.7250849,-1.4478778,0.73403263,0.43831784,-0.6640738,0.7149222,0.35212404,-0.016893186
-0.3010934,0.30023092,0.44936734,-0.7533426,0.19166651,0.63967425,0.7979356,-1.1705914
0.94626117,-0.24288054,0.7180901,1.9654641,-0.6723514,0.1397704,0.12866978,0.5523127
-0.6228192,-0.22290885,-0.023547156,0.56507254,0.5615396,0.8326983,0.50934035,0.50713634
1.8002167,-0.93067247,0.08659672,-0.2647434,0.63570595,0.17843334,0.62943625,0.8384664
-0.25005937,0.94053465,-0.7154144,0.29618812,0.04362655,0.78197026,-1.7236153,0.66725844
0.32462785,1.5699018,-0.1319062,-0.32223156,0.530822,0.7169895,-1.6259689,0.228262
0.17958207,0.032415923,-0.6333322,1.8831503,0.53798777,-0.32466373,0.36851993,1.6655307
0.1620536,-0.061521415,-0.48317483,-0.25428718,-0.48517108,0.53127044,-0.46204305,0.19101858
-1.0320541,0.77114195,0.35472652,0.06433646,0.54887706,0.08288911,-0.6711057,0.2210789
0.21790048,0.009817302,-0.20174131,1.0691772,0.44198075,-0.5598612,-0.23086753,0.29546702
0.5237356,0.038042694,-0.31096908,0.006298203,-0.41009194,-0.46907336,0.4157317,0.5920599
1.0488892,0.62389934,0.30170888,1.3608133,1.5841975,0.13587151,0.16974258,0.04108903
0.73124766,0.05875812,0.7741038,0.897902,0.57152027,-1.1558068,-0.22232103,-0.252812
-0.20297956,-0.14434117,1.0527765,-0.7171411,0.39006153,-0.6881985,-0.8261244,1.2361243
0.9786547,0.45285752,0.47635856,-1.1140072,0.9060818,-0.027528444,-0.032632805,0.93332195
0.43185177,-0.0640977,1.4954069,-1.3476256,-0.23827825,1.3040735,1.2342889,-0.3225884
0.8120242,-0.93317145,0.8540713,0.7196578,-0.01225378,0.15435809,-1.4028223,1.1802067
-0.43466687,1.119486,-0.30629364,0.29170683,1.5523405,0.48240662,-1.2407132,1.1730788
0.63648486,-0.55175424,-0.4081658,-0.35412914,-0.5606596,-0.11307947,0.65974826,-0.49990162
0.2599349,-0.30481926,-0.4148008,-0.33275095,-0.6192828,0.17920326,0.51948524,0.08252959
1.0936033,0.23664607,0.17447829,0.23906769,1.1437701,1.0411766,-0.7255888,0.49607894
0.37898427,0.17133977,-0.28917193,2.3087049,0.17032324,-0.18143852,-0.6105729,0.7963201
-0.36321494,-0.7892354,-1.2062638,-1.3566408,0.47976583,0.66360384,-0.9360689,1.8230633
1.488227,0.24174005,-0.74710876,-0.7184992,-0.121237315,1.0051936,0.18303101,-0.43860748
-1.1377282,0.53985244,0.031640053,-1.441691,1.312554,0.117690265,-1.145205,1.143161
1.3179626,-0.5700224,-0.5477248,0.3949922,0.591891,0.36491486,1.1791565,-0.033202007
-0.0035329387,2.139152,0.6841083,2.1686816,-1.6864787,0.1994596,-0.3375652,0.685743
0.20995998,1.1544048,0.35592514,-0.70906353,-0.6958307,-0.57617676,-1.0192156,0.84003145
0.82277167,0.32043725,0.699965,1.3264196,0.11058692,-0.39210972,-1.2667054,0.54155207
0.41866514,-0.20082147,1.118962,-0.20830245,0.026759885,-0.5573479,0.21873319,1.3924894
-0.81317836,0.7060838,0.087342486,-0.6738422,0.23463053,-0.01494251,0.38788727,-0.45095542
-0.8171797,0.58457553,0.37820455,-0.24106704,-0.4521263,0.8338935,0.6942476,0.538228
0.08595408,0.68645525,-0.2708416,0.44262317,-0.36005566,0.08819777,1.3482285,0.5527084
-0.2762196,-0.2155799,1.4330095,2.4220102,-0.36734176,1.7682185,-0.68269813,-0.014732845
-0.53309464,-0.683251,0.79523593,0.030330012,0.35182074,-0.717749,-0.20288928,0.6305828
-0.62547207,0.42065564,-0.5393018,0.23472345,0.5980933,0.030500429,-0.3584173,1.1252857
-0.8862279,-0.5010955,-0.4192428,-0.31575283,0.4798937,-0.033928633,0.73891956,-0.24124637
-0.76841784,-0.32992083,-0.75500154,0.67280227,-0.41744003,0.3670894,0.8690789,0.083084196
-0.6323442,0.07987493,-0.5737041,-0.06130671,-0.43184528,-0.4251269,0.33952153,0.20680428
1.5428451,-0.15082684,-0.84212804,-0.57801336,0.21585137,-0.110894784,-0.33919802,-0.14881775
-1.8097277,0.5921145,0.59223807,0.23898484,-0.21921586,-0.46707243,-0.17497386,0.92281264
0.19714478,-0.92072815,0.030489504,0.7960902,0.039021526,-0.42915672,-0.70806885,1.6969666
-0.3610008,0.1136902,-0.9024745,0.058949463,0.13933197,0.7453265,-0.38101965,-0.4596229
0.37472293,0.20229682,-0.22891241,0.2014966,0.74242806,0.027954787,0.7939252,-0.42098835
0.6817427,-0.5559411,-0.4925921,-0.12943064,0.45508072,-1.1794086,0.50863343,1.1430911
-0.23211762,-0.27023754,0.34215716,0.37369445,-0.38975784,-0.37903336,0.11116932,0.045754462
1.4307901,0.3489145,-0.38314858,1.1302698,-0.019232538,-0.19109039,-0.24461494,0.17103314
-0.0026814938,0.42211083,1.147289,1.1456518,-0.20228435,0.41949922,0.013850771,-0.5788416
-1.22884,-0.77888465,-0.7290686,0.21838008,0.377312,0.7689877,0.36305484,0.635967
0.40582463,-0.89506733,0.38483977,-0.1028963,1.9560757,-0.38016284,1.3793012,1.0444174
-0.20219359,0.9876615,-0.061881285,1.7214751,0.22449753,0.005957609,-1.5023248,1.232283
0.3047068,-1.0740356,0.8391841,1.9660442,-0.011370925,-0.0020266138,-0.23573653,1.5886742
-0.3432649,1.1171024,0.3597189,0.5579819,0.3294494,-1.131592,-0.7663951,-0.04156751
1.0790021,0.30414706,0.5658464,-0.34783614,-0.45011225,0.18422185,0.618612,0.6338572
0.55749446,-1.8648288,1.231692,1.2218106,0.36526397,0.7583353,0.5649267,0.67875326
-0.4263548,1.6178123,-1.1443679,-0.91616523,-0.24403153,0.7439236,-0.1678355,0.31972688
1.0822929,-0.29463074,-1.1900872,-1.1459457,0.23223275,1.1622658,0.15926261,1.0694311
0.2872603,1.0140721,0.9137863,-0.09183934,1.0025138,0.5141596,0.4170087,-1.0657693
-0.3560939,-0.12561212,-0.15086979,1.0750768,0.8889182,1.1637534,-0.7184203,-0.15128532
1.5319725,-0.46860823,-1.4871721,0.91898304,-0.017059697,1.0935135,0.2308021,0.8246175
0.3558773,0.32751143,-0.2603626,0.33776507,0.90711284,-1.4999701,-0.2339037,1.0482622
0.46036115,0.770355,-0.25005427,-0.4412492,0.36463234,0.23543082,1.3288904,-0.12521943
-0.26179162,0.698521,0.21146512,0.6012754,0.53415275,0.44512126,0.40479642,-0.91500026
0.6038506,-0.57815325,0.3098717,-0.82724565,-0.35898665,0.20254177,-0.18225342,0.7660625
0.24141103,0.19070297,0.06017199,0.0984067,0.21192975,-0.5742076,-0.19835806,-0.7698633
-0.82212144,-1.0804511,0.2629085,0.44043943,0.89035755,0.9392282,0.46828818,0.2955777
-1.8243216,1.4361432,0.8202476,-0.7471363,-0.05185418,0.8874225,0.9602517,1.6795323
0.10803365,0.4906422,0.57851756,-0.14727966,0.025588427,-0.8388149,-0.4867792,-0.2170679
-0.06715342,-0.24047033,0.1409497,0.4342008,-0.5665006,0.6576468,-0.5279373,-0.3888196
0.09946955,-0.054834846,-0.9409616,-1.8115364,0.6578997,0.4377523,1.330728,0.62925404
-0.11558274,-0.53210354,-0.16929507,0.5141947,-0.27060965,-0.533289,0.121136546,1.0367377
1.6609122,-0.45217302,-0.9916969,0.71263474,0.3705931,0.19332707,-0.47184417,0.030813605
0.2907672,-0.4677638,-0.066688925,-0.90244186,0.26242587,1.3281834,-0.8786194,0.44961858
0.22229013,-0.0015433338,0.28855696,0.61413825,0.90967613,-0.62746865,-1.2442915,0.20360705
-0.8242886,0.3563245,1.2240267,1.5490403,-0.3169149,0.31180814,0.22568588,0.06888673
0.054669574,-0.5193479,0.4015951,1.5911598,-0.07995606,-0.46592182,-0.47945333,0.08273575
0.14379513,0.97373474,-0.20363969,-0.36403373,-0.15358822,-0.03767477,-0.5180575,-0.51485455
1.298378,0.48222455,-0.41907895,0.9108756,0.19221902,1.7528409,1.2048709,0.027088903
1.0500991,-0.57848376,1.2239681,-0.7129724,0.4008534,0.7115262,-0.6265888,0.3872976
-1.2663697,0.21926853,1.4183127,-0.991042,0.86499876,0.7289391,1.1072572,-0.11877603
1.833209,1.0317279,0.04665216,0.020053446,0.08854472,-0.36459246,-0.37074235,-0.1310978
1.217369,-0.14853884,0.38612223,-1.4151347,0.2633089,-0.050700307,0.18665048,0.5569938
-0.8044679,0.8089336,-0.6115374,-1.1359401,0.8072072,0.7370875,-0.25167444,-0.13685629
0.29598078,0.7006824,-0.9867283,0.027565733,0.35332274,-0.20070739,0.42004,0.07935317
-0.8606839,0.14005479,0.110102706,1.1623129,-0.5106408,-0.5777754,0.0834285,0.11675552
-0.9451438,1.3292328,0.39745945,-0.50487804,0.1164192,0.789083,-0.26293775,0.3702935
-0.4947762,0.31401595,-0.019118022,-0.32258993,0.28301755,0.7516415,0.4762947,-0.2995512
0.27148712,-0.22441746,0.9361529,-0.97970474,-0.7705738,1.073169,-0.030628052,0.52216303
-1.5861522,1.0008402,0.3963803,0.4234841,1.013675,0.9843746,-0.87644595,0.16939984
-0.28732833,1.201103,-0.23637983,-0.09289451,-0.19126633,0.29434255,-1.2973231,0.8547763
0.68637866,-1.0239755,0.2988232,1.3880824,0.30464956,-0.1876489,-0.091762915,-1.1127954
0.55481493,0.28886333,0.32771263,0.043709576,1.0079514,-0.5908569,0.12450054,-0.48432013
-0.06800444,0.62475485,0.51956093,-0.5987714,1.5961078,-0.54462624,0.3458158,-0.7708067
0.32991725,0.41631335,0.3728117,0.944507,-0.1605128,-1.1739887,0.21042347,-0.4443387
-0.1498543,0.16628946,0.81069976,0.92951924,0.7986775,-0.1530449,-0.072345495,0.3243986
-0.91888875,0.72873205,0.8432111,0.6335582,-1.2605436,-0.41946518,1.0568492,0.3942186
1.0821302,0.45353127,-0.99368244,0.076320216,0.90425235,1.3601938,0.7492152,0.09278795
-0.3353681,1.3276736,1.5171638,-0.13489953,0.16945438,0.10568614,-0.30396944,0.67330915
1.140296,0.44512615,-1.2673835,-0.11904791,0.5711445,0.49819466,-0.119909525,0.3372585
-0.070174925,-1.1946666,0.1609371,-0.11630531,-0.8628373,0.48504707,0.123206586,1.4620755
0.91046643,0.19440193,1.3749008,1.4188772,-1.0695581,-1.2010579,-0.688706,0.77522326
0.30581355,-0.17168279,-0.36766735,0.030068895,0.21010761,-0.5263879,0.14175735,0.47834966
0.17295754,-0.988807,0.045484856,0.77419853,0.7381181,1.4481195,-1.2028421,1.0843433
-0.44895637,-0.6658108,0.4962463,-0.88297975,0.7682905,0.96664774,0.43729237,1.3698076
-1.3633229,-0.8811954,0.062762044,1.6157346,-0.17428367,0.13314417,0.064539805,0.19276789
1.2871053,-0.7071987,-1.4778242,-0.39354026,-0.262539,0.8293793,1.9448456,1.3076583
-0.063416176,-0.13804512,0.46764,0.5910948,1.3499205,-0.60871434,0.35190123,-0.8828694
-0.51268154,-0.3408201,-0.37145677,-1.5667468,0.4736748,-0.7593163,1.2682081,0.52872026
0.7407007,-1.1829742,0.50306666,0.024427926,1.0851355,0.6233999,-0.91717666,0.65186566
0.63688946,-0.9874992,1.1431702,-0.26387504,-0.14722793,-1.3023586,0.017382838,1.0557348
0.3661265,-0.8814415,-0.06016254,-1.3028162,1.0196683,-0.24584827,0.20053475,0.80086565
-0.27610976,-0.6580398,-0.9345202,-0.4882761,0.27075124,-0.16585504,1.1560987,-0.39039195
-0.19761899,0.085971504,0.4482322,0.78092086,1.0828617,-0.098800026,0.81194353,0.13192602
-0.26114324,0.21108639,0.58723515,0.03371252,1.0707197,1.2369452,-0.32721508,-0.0018903017
0.66350055,0.23562652,1.6719341,-0.33751032,-0.23534423,0.49739257,0.5307074,-0.8366696
0.42179406,0.60011435,-0.3770786,0.058341615,-0.386763,0.28370696,-1.0191654,-0.32847372
0.23559928,-0.39810663,0.9803419,-0.01567066,0.55855244,0.80893505,0.6420378,0.68064755
-0.20870626,0.44931516,0.26540792,0.92222136,0.38926327,-0.0119122695,0.46366447,-0.56455016
0.76004815,1.0651729,0.7858324,-0.5675678,0.0799245,0.07233444,0.5134032,0.41519108
0.37395936,0.21766211,-1.2132393,-0.025425788,-0.110791,0.7930394,2.214409,-0.27544087
0.010114536,-0.6602504,-0.3627366,1.7503875,2.403374,1.2841786,-0.16997299,0.58949196
0.5545765,-0.10564798,0.7349852,0.21198599,0.38358963,0.16703501,0.55846345,-0.29655215
0.3371335,0.34685782,0.5175334,0.06734086,0.80293244,0.95479876,0.50914484,0.38133657
-0.3929544,-0.744512,0.44308245,0.7400577,-0.16183329,-0.8114904,0.51177406,-0.38254488
0.3445624,0.40200987,1.8066136,1.4362378,-0.15828821,0.8839207,-0.09212728,-0.04482072
-0.17039427,-1.4894136,0.6071629,1.8829986,-0.62067467,-0.08670232,0.22456537,0.86014867
0.42757082,1.0799563,1.6240411,-0.5670452,-0.20327005,1.486987,0.36267444,-0.06422009
0.52103645,-1.0067697,-0.37504482,0.20474221,1.3534129,-0.6332949,0.27620056,1.9667989
1.0185952,2.4881477,-0.6330501,-0.18942666,0.7747396,-0.7894354,1.3359531,-0.11289164
-0.59497166,0.18389478,-0.023603253,-0.035393912,-0.3711004,-1.1391547,0.054691013,1.0285763
1.3246833,0.3483869,0.5998071,0.51685417,-0.9119441,-0.08212456,-1.237607,-0.32704073
-0.17449597,-0.66659224,-0.19348636,1.0547072,1.1856952,-0.3737631,0.8587836,0.4730915
1.2299657,0.29406026,0.35571942,-0.14880122,0.2744896,0.59558266,-0.3247919,0.071155176
-0.25497073,0.44594964,-0.14158575,1.1699475,-0.48564306,0.41263965,0.85033196,-0.28494877
-0.27229452,0.060716935,0.78535664,0.84631324,0.5921095,-0.40652376,0.20054375,-0.33990413
1.7561411,0.2320075,0.05790841,-0.75861585,1.3456006,0.19852547,-0.07600844,0.82777953
-0.1955094,0.39599565,-0.05388972,-0.7257038,0.30904675,1.003933,0.09503022,-0.34602687
0.25220466,1.9204999,1.2078443,0.21398969,0.13527296,0.26065236,2.1225207,0.49057367
-0.29444623,-0.99853843,2.0443964,0.57924056,0.82899314,-0.4146103,-0.05996975,-0.105604716
1.2065572,-0.6010156,-0.19733024,0.76211935,0.2756112,-1.0628109,-0.03901881,0.3127783
0.7209767,-1.0178621,0.14766234,-1.8814071,0.67203677,0.52599293,0.24957521,0.6019386
-0.62239784,-0.11871447,0.70663375,-0.29949817,0.85570145,-1.0321639,0.6207669,-1.0482028
0.82998747,0.8392372,-0.5309024,0.82811403,-0.8162032,0.25918135,-0.18705465,1.0183042
0.5313479,0.7145414,0.061541945,0.081220835,0.076916836,-0.27721545,-0.39798465,-0.15477511
0.8178823,-0.8514852,-1.4851519,0.3011419,2.0971956,-0.47268558,-0.5900996,0.82886136
0.83256334,0.91930974,-0.58718324,0.095710814,0.08625555,0.19697772,-1.2188746,-0.5290249
0.1564363,1.406871,-0.3356645,-0.43865782,-0.45662737,0.5878338,-0.8943027,1.0826708
0.7518382,-0.55526173,0.35306272,-0.30673042,-0.755684,-0.7324973,0.40002856,0.1398873
-0.2397756,0.5733659,1.1100677,-0.43237022,-0.8146065,0.2833927,1.596228,0.4970078
-0.50897866,-0.8879894,1.2053627,-0.36741287,0.6963206,-0.6627378,0.29270554,0.65289545
0.33490956,0.08787039,0.26220533,0.5428898,0.13987824,-0.64619374,-0.11237718,-0.67354035
0.691406,-0.3018152,-0.3806281,0.7127055,-0.9846859,-0.37757066,-0.05995572,0.29371965
0.38176093,-0.20419733,0.2144368,-0.74402577,-0.4568139,1.2165565,1.0558214,-0.53081346
-0.81037337,-0.324211,-0.2744048,-1.5099195,2.055701,0.56353074,-0.18847051,-0.060620107
0.06568887,-0.43433666,0.39753994,0.5549678,-0.58598286,-0.9789369,1.2215258,1.4913547
-0.29469302,-1.1375211,-0.53454965,-0.23333748,0.5420288,0.29523426,0.24237926,-0.5949076
0.19914347,0.97824657,-1.1026182,0.49457067,-1.4265951,0.21951567,0.33729634,0.18049638
0.36711758,-0.64592844,0.10995715,-0.8860195,0.6012879,1.1441813,0.27032125,0.10782281
2.1028285,2.2048194,0.9681858,-0.38640124,0.013327193,0.8702597,0.56380576,0.38372886
2.452653,0.022256415,-0.11542998,-0.2860424,0.3323649,0.6732729,0.5983351,0.22144356
-0.4959252,-0.17821582,-0.71844864,-0.44715583,0.18229929,0.28406116,-0.049985632,0.81113917
1.013046,0.57655185,1.4243141,0.9324551,-0.27379933,-0.5949581,-1.3752555,1.5294574
0.545864,0.5957866,0.26862305,0.2942036,0.68032634,1.1612822,0.7063028,-0.24890924
-1.2842284,-0.3546034,0.3886939,-0.22512715,0.30172253,0.88600415,-0.49897265,1.7649515
-0.36902446,0.57814807,2.519502,-0.45141134,1.1007175,-0.1937453,0.34123397,-0.49767748
-0.8865131,0.49604642,0.4964967,0.14705268,-0.54907095,-1.169157,1.38843,-0.045260414
0.22763297,0.09338276,-0.40102133,1.2439436,-0.9689434,-0.050017916,0.052175675,-0.2604539
-0.28554615,-0.07615724,2.2449803,2.0942378,-1.2117379,1.429572,-0.33137417,0.06647945
-0.16234994,-0.008885939,1.4548485,-0.5850512,0.05083498,-0.09543316,-0.82187706,1.9351639
0.3942397,1.1161416,0.025923792,-0.020038258,-0.4367623,0.41763726,-0.3788516,-0.022940107
-0.34067485,0.68586427,0.6642338,2.1366508,0.28420696,0.15416582,-0.59753454,0.26418743
1.7846285,0.025974646,0.6857721,1.1533679,1.3311269,-1.0095578,0.11092353,0.29888213
-0.28275305,0.004870143,1.7534149,-0.9385064,-0.028587203,-0.40311566,-0.29790366,2.201384
-1.1776923,-0.075192526,0.08154467,-0.46600756,0.8782296,-0.13166994,0.21570566,-0.490764
0.0058549903,0.048989724,0.5856797,0.015222352,2.4428117,2.2414997,0.7254995,0.11279534
0.5731972,0.6837094,-0.27206868,0.5587929,-1.0756539,-0.82829183,0.7057836,1.016464
-0.76033473,-0.057600167,0.70418876,-0.5792813,0.6705877,0.92387116,0.39815405,-0.76015204
-0.0760105,0.6683762,1.0156949,-0.6128809,-0.45288032,0.9834467,0.12489474,0.3482037
-0.96186304,-0.19641979,1.6045536,0.15321513,0.42243814,0.9458358,0.49082994,0.51877886
-0.43430004,-0.2858201,-0.24037108,1.4148165,-0.8956755,-0.38295197,0.10156247,0.13980162
0.10578108,0.9097559,-0.28482097,0.6447051,-0.17967531,-0.6152088,0.15907422,0.5157614
0.28310612,-0.92899716,1.1130168,2.1387932,-0.28650227,1.385076,-0.32221088,1.4859321
1.1687526,-0.081115395,-0.30424762,0.9023537,0.52137315,1.5412939,0.27518,0.14738137
-0.32378083,-1.2120619,1.109575,0.6150369,0.053257562,-0.8544803,0.10167326,-0.24690261
-0.52722204,-1.09663,0.8076682,0.22091998,-0.55053,-0.01720448,0.00022573769,1.8614582
0.2546033,-0.40811402,-0.7047413,1.0349034,-0.4971206,-0.4495426,-0.31390145,-0.086988814
0.7001077,-0.100849316,1.2149091,-0.047443416,-0.43994427,0.6008136,0.037341405,1.287454
-0.44283462,0.30112967,1.5899552,1.3608378,-0.59903026,-0.5468538,0.61456853,-0.6668079
0.1091869,0.3445397,-1.3106438,-0.98379874,0.8760644,-0.08758804,0.6474182,-0.159841
-0.1386812,0.82012016,0.2508355,-0.93502295,-0.55455595,1.094254,-0.060726196,-0.124470405
1.4621552,-0.55960244,0.17504367,1.0706025,-0.5193696,0.62406695,-0.6585027,-0.40737167
0.2556552,-1.306256,0.1693066,0.92441195,-0.72491634,0.03771537,-0.78000796,1.822822
-0.26759002,0.9320727,-0.22466356,-0.088672504,-0.5406842,-0.814223,0.24273007,-0.68162364
1.7325895,-0.49422914,0.13888884,-0.7178435,-0.18183225,1.3511127,1.58713,-0.5794659
-0.62535626,-0.96331066,0.26210865,-0.22345476,-0.8180011,0.87908477,0.21557756,0.32185957
-0.6824411,-0.037778143,1.5847837,0.12671429,0.951683,0.4058739,0.46236947,0.021061264
0.8411942,0.7467549,-0.20927298,-1.0618871,-0.032695044,-1.5802138,1.1800709,0.11304523
1.0811452,0.6914886,0.12505978,-0.111852035,-0.67084855,1.5030788,0.18844949,-0.087937586
-0.76966476,0.22820693,-0.3085056,0.7800949,-0.81295455,-0.87164843,0.43884334,0.106453136
-0.6809991,-0.2952977,0.6147111,-0.48990527,-0.8181741,0.29449734,0.5268345,0.32124943
0.52567416,0.5289725,-0.5569275,-0.12082799,0.18215355,1.1282277,-0.5456717,0.2218146
-0.37601963,0.1991313,-0.031472106,-0.5783403,1.6090348,1.0559253,1.6545513,0.48436055
0.32947293,0.00065802224,0.75143594,-0.40039,1.4161924,-0.63691133,0.8684961,-0.67102647
0.45316812,0.7898623,-0.5638015,1.8502426,0.19746849,-1.0225196,0.13817568,0.4161868
-0.03625349,0.30003014,0.13105428,0.43123585,0.238051,-1.2717212,0.7537998,-0.071661346
-0.2843112,0.87031114,0.8997674,-0.32083756,-0.7841809,-0.54916596,0.28941053,0.580781
1.2420714,-0.091114745,-0.89515054,-1.961883,0.78009397,0.52788043,-0.43830594,1.938999
0.8909091,-0.35418713,0.6045769,0.67818934,-0.68609995,-0.03319542,-0.04307943,0.28468886
-0.7167889,0.069781624,-0.5444266,1.1528275,-0.45315278,1.3358607,0.5242257,0.6144895
1.0989454,-1.1079099,0.8569624,0.61428094,-0.034144565,-0.37633368,0.35493606,1.0188618
0.10811196,-0.0039602313,0.317632,-0.60070664,-1.2651799,1.0272832,0.9865637,1.4094983
-0.60211253,-0.16289495,0.049989216,0.012693234,1.5409529,0.3351299,0.65883726,-0.918785
-0.1906153,0.45858586,-0.31985825,0.35533,0.4977764,-0.7412314,1.2946154,0.6549859
-0.22910789,0.33655012,0.58963245,1.4917942,0.7195245,-0.5821638,-0.8161619,0.1790297
0.66369516,0.83751357,1.1182774,0.17633574,0.109471805,-0.1385322,-0.6387188,-0.3187535
1.3778579,0.601486,0.47465217,-0.40389872,0.3257593,-1.0417542,-0.32441282,1.523997
-0.8307072,0.83107007,0.77556014,-0.28773963,0.24101497,0.4917603,1.4134604,-0.7499361
2.305869,0.34418216,1.6051637,1.003959,0.32786587,-0.34553063,0.5377391,-0.61296254
-0.03771007,0.13087489,0.108660676,-1.2428892,0.17396152,-0.4336118,0.76837605,-0.26931626
0.10080439,-0.8035342,0.90558296,1.4946659,-0.9022121,-0.897656,-0.3372914,1.1772214
0.8983835,-0.29034358,-0.69679207,-0.37907273,0.3875308,-0.1735224,-0.800434,1.45187
0.5197344,-0.15910022,-1.164881,0.21547581,-0.8271378,-0.7714185,0.8177621,0.95924383
0.8654141,0.43699676,-0.8332583,0.86840916,1.5672529,1.8747097,-1.3330512,0.9039196
0.16200283,-0.9551586,1.8144993,-0.400916,-0.32265314,0.329641,0.53815734,0.19929388
0.75926846,0.14027515,-1.3316265,-0.41984814,0.16887152,0.19358627,0.51292115,0.8701505
0.97105354,-0.026017174,-1.1581018,-0.08604963,0.08537207,0.96845806,0.4198063,-0.28436175
-0.13822046,0.77038795,0.9037716,0.61411494,-0.52211356,-0.35202548,-1.0522408,0.05835411
-0.54340625,-0.19223934,-0.41195142,-0.617224,0.8554479,-0.46561885,0.9147488,-0.037051998
1.2993248,0.38584122,-0.14778411,0.35194486,-0.26400754,0.4314846,-0.6942326,0.011993911
0.31917644,-0.36349058,-0.34085232,0.5960723,-0.07045982,0.16186707,-0.21854226,0.4296491
-0.6982066,0.80656016,-0.7714518,0.0910289,-0.6036194,-0.089470975,1.0974048,1.8036666
-0.08971041,0.38660866,-0.5095949,-0.8376124,-0.28758934,-0.31241137,0.55490816,0.657731
0.79088455,2.6318343,-1.0849173,0.725561,0.70281833,0.36736187,1.4103119,-0.8129131
-0.12616923,-0.55211383,1.4675932,0.55362535,0.6678209,1.9856011,-0.22240049,0.21931225
-1.0122232,0.47888598,-0.37350518,-0.8782835,0.897989,-0.18018055,0.8805746,0.07514505
-0.92286015,0.73219633,-0.12571943,-0.16697688,0.6075514,0.24966472,-0.48713082,0.6470419
-0.0027009845,-0.2618202,2.2797608,0.9507978,1.0092095,0.6042518,-0.112327084,0.67061317
0.58321494,1.3922154,1.8375565,0.6262508,1.6452327,0.8312993,-0.95783794,0.21855292
0.14642686,0.7249494,0.28414828,-0.5355183,-0.673754,1.4087348,0.14524795,0.053881638
-0.04044853,0.7391251,-0.20080635,0.43307415,-0.7831034,-0.6774567,1.4094183,-0.39745936
-1.0663365,0.21395817,-0.21380726,0.29491052,-0.015521184,0.6984266,-0.21050045,0.6778209
-0.3159455,1.0249103,-0.32399985,1.5137522,-1.5043424,0.8614404,0.8911926,-0.05933299
-0.28605515,0.33203974,-1.4714705,0.2289582,0.99062496,1.5585921,0.70134705,-0.568713
-0.37453038,-1.1287519,-0.17643046,0.37982145,0.2276039,0.029037865,-0.5224995,0.21057948
0.40093017,-0.6818368,0.14639702,0.12675525,0.1527836,0.22095014,-0.2582597,1.5374768
-0.14655128,-0.104576826,0.26450753,0.58173054,-0.09268364,-1.0317798,0.97467184,0.05036416
-0.12154613,0.054807875,0.078431234,-1.1825277,-0.38309214,-0.037362732,1.0732844,0.12069199
-0.808729,0.33348957,-0.42284295,-0.3431442,0.16902153,-0.37217948,1.1611255,0.8986452
0.6992868,-0.49216366,0.06127336,-0.16602346,3.0,-0.07276861,-0.686828,-0.24700153
-0.7586012,0.46001905,-0.12549576,0.37945926,-0.9253406,0.57001406,-0.3826743,-0.54924583
-0.36812863,-0.032084893,-0.3125189,-0.24605672,-0.3996512,0.06547558,1.2308625,-0.4768214
0.23588529,-0.04966576,-0.6793647,-0.48937204,1.0972378,0.61320317,0.72829163,1.6587493
-0.6105049,-0.9045396,0.7428403,0.10617558,0.071852766,-0.5533349,0.13576753,0.46141183
-1.2297078,1.1962743,-0.82873684,0.14305668,1.8833476,-1.2450064,0.77475506,-0.2451627
-0.9242383,-0.22158101,0.50421804,2.050497,-0.7850321,0.34410578,0.105685964,0.41187122
1.1109434,1.7469026,0.1379796,-0.31203184,-0.35476333,0.31365094,1.9948621,0.43046215
0.4469831,0.10310052,-0.83332306,1.1778606,2.003056,-0.9695618,0.15981193,-0.10091827
-0.3827892,0.76210654,1.351535,-1.1074884,-0.08240379,-1.0044467,0.8377706,0.5145001
-0.36532703,-0.35813862,0.47807643,1.0892096,0.047344863,-0.1751002,0.84404945,-0.72903895
0.28681806,-0.019013632,-0.42036653,-0.8538701,-0.84248096,0.48250937,-0.21085988,-0.08064719
-0.26048866,0.4624023,0.6636094,-0.45263025,1.0260304,0.790178,-0.96772194,-0.039122574
0.3014594,-1.2530524,-0.21244428,2.3959415,-0.13818496,-0.042727664,0.9461515,0.2564244
0.60113937,0.38911614,1.292054,0.50764066,0.3801771,-1.5226301,-0.20793739,-0.24843025
1.5832142,-0.25133738,2.2445524,0.22860609,-1.00298,1.1596646,1.0724682,-0.7284399
-0.59096384,0.3584725,1.1020999,0.4425227,-0.32186672,0.7243151,0.56014884,-0.6677939
0.8242118,0.91549605,-1.052966,-0.3704851,1.8223964,0.89328647,1.0161091,-1.2609708
-0.8495374,0.9577211,0.14865783,-0.46849236,0.75837636,0.21503986,0.09045805,-0.52763844
-0.37817645,-0.3499368,-0.39740324,-0.37944368,0.716804,0.2088418,-0.48611248,1.3715404
0.9994382,0.20888978,-0.38095915,1.1542624,1.8616421,-0.54192775,0.09891851,0.201356
-0.22857526,-0.21120122,1.2929895,0.1704542,-0.8329989,0.42011872,0.7165881,0.28242704
0.77233833,-0.4457004,-0.6418364,0.2166109,-0.072340995,0.14767633,1.1972473,-0.017747328
1.4028635,0.58965474,0.9960879,-0.34988567,-0.37792176,0.91794366,1.2023449,-0.19823903
0.784311,0.3482309,0.7852217,0.7813879,0.09893476,-0.9372549,-0.060369,0.98122185
-0.50159216,1.5222613,0.07505055,-0.48774275,0.17610675,0.23085599,1.6748542,-0.2864591
-1.2738688,-0.729363,-0.12811488,0.4718605,0.5390897,0.2515499,-0.21515933,0.25677308
0.6208209,0.067068055,0.46961373,1.4569771,-1.0280117,-0.36504206,0.69476783,-1.4080342
0.4056308,0.887584,0.14465496,0.74227005,0.12709992,-0.2253221,-0.59097815,-0.35400498
0.42466477,0.32752198,0.52452326,0.8291134,-0.32700345,0.6810056,1.495588,0.09046249
0.55716187,0.33763105,0.03455302,2.3742087,-0.30087522,-0.87471545,0.10602787,1.5798206
-0.26316658,0.33313134,-0.8001367,-0.4254746,-0.12081419,-1.2029417,0.12744132,1.1509676
-0.22754255,-0.569858,-0.04364984,0.20906046,-0.64877856,-0.31272027,-0.15098427,1.6260035
0.92701226,1.4343326,-0.018886646,0.6910798,-0.548686,-0.935768,-0.977185,1.009374
-0.31717294,1.8162736,0.8857444,0.25189438,1.1718266,1.8986801,-0.60861385,-0.080795445
0.70417434,2.202083,-1.1008745,-0.52539337,0.34224114,0.3176285,-1.433976,1.241474
0.3464249,0.24793227,1.1791517,-0.10805775,-0.46554592,1.2561768,1.1266832,-0.31841567
-0.18878117,0.46052542,0.07621368,-0.59347713,0.9818993,0.67589504,-0.36180916,0.25558656
-0.33249587,-0.09475733,-0.9079924,0.9640154,-0.5599093,0.31296623,0.83681464,-0.23477605
1.8681018,-0.6199102,-0.44114175,-0.08308764,0.06749073,1.1422371,0.5963676,0.90622294
-0.15025145,0.03923776,1.1931143,-0.5375311,0.63107866,1.1356996,0.6330286,-0.655749
0.33078307,0.7517594,0.74925256,1.1795619,0.20181455,0.4717046,-0.17786676,-0.9471461
0.60621405,-0.3653284,0.745329,-0.89295536,-0.12919876,-0.5157546,-0.42106667,1.6505235
0.9341248,1.438963,-0.15020639,-0.2188945,0.9172165,-0.22242254,0.18412082,-1.3236718
0.17464565,-0.12293601,-1.7015699,-0.501457,1.2982497,0.9749768,0.114047915,0.82086843
-1.3103333,1.4833864,1.9908981,0.44749,0.25662413,0.19393894,0.14458193,-0.45259622
-0.7064227,-0.64389825,-0.6672699,-0.63091713,0.34549132,0.5489304,0.91964436,-0.93783957
0.03831805,1.0561371,0.16478208,0.37567437,0.03566344,0.16006915,-1.5058165,0.3073681
0.058330085,0.75629807,1.9606127,-0.73434407,-0.7739671,1.4045423,-0.23397876,0.55420023
0.618794,0.65587276,0.5612377,-0.2084563,-0.72711086,-0.45348155,-0.07175401,-0.79787314
0.24494979,-0.008678697,0.089890555,-0.2685681,-0.3073054,-0.013162604,-0.62868404,0.2963587
0.14442417,-0.74433833,-0.0060724095,-0.14273815,0.1083849,-0.36700585,0.030934598,0.60429543
0.027741257,-0.10793117,1.3514359,0.7998211,0.9312085,0.07982786,-0.04057268,0.061625257
0.6612617,-0.4681621,-1.4902245,0.14600082,0.6986184,0.9961048,0.5436491,0.11331925
-0.57039386,-0.011110526,0.91271824,1.0139674,1.3433043,-0.21691094,0.31009418,-0.65473574
1.6153342,-0.17614157,0.18043762,0.48609984,0.6126762,0.23546982,-0.49282324,0.14394093
0.46615064,-0.9060776,-0.953299,1.3140184,-0.64567477,0.0927349,0.035049964,0.22301784
2.3828008,-0.76813513,-0.45907703,1.4408396,1.0941775,-0.23719278,-0.42840567,-0.6363663
-0.31448534,1.5536542,-0.96806026,-0.80732816,0.21190219,1.4818202,0.40036377,-0.3650963
0.07129413,-1.068771,-0.5144782,-0.44513482,-0.07911328,0.25850478,-0.5893971,1.7652473
-0.2215808,-0.76338357,0.9709911,0.28612852,-0.40981242,-0.3691625,1.2851793,-0.1029739
0.87364256,-0.5973103,0.038762283,-1.3962362,-0.31527215,-0.2841165,-0.093679845,0.4881711
-0.41037375,0.78417134,1.0598702,-1.367591,-0.2884709,-0.1344486,0.49336314,-0.086346306
0.67415595,-0.13393395,1.6700976,0.115468204,0.6435118,1.2853191,0.2902614,0.62915564
-0.6016346,0.18615262,-1.4045557,1.3381073,0.54319775,1.3093436,-0.39618582,1.2906404
-0.68611157,0.2681045,-0.26473624,-0.0840442,0.50595033,0.7658675,-0.055376403,-0.1182543
0.029525317,-0.4054842,1.727218,-1.071148,-0.16770574,-0.7579118,0.4301546,0.14628044
-0.48379946,-0.5522872,0.4558197,-0.7131947,-0.17834732,-1.0971278,0.8258903,0.39439577
-0.68464375,-0.5537208,1.0635551,0.27665523,0.58970195,-0.1118563,-0.17192054,0.64015794
1.4543207,-1.294466,-0.018618343,-0.14229603,1.6216522,1.5866477,0.13329078,0.9691693
1.2542557,0.16241552,0.24024361,0.60257643,-0.26480666,0.70504534,-1.0768791,0.023847684
0.22680771,0.19134948,1.5247803,0.9009245,-1.6833222,-0.07868531,-0.09227057,1.0326127
-0.27335763,-0.4299991,0.8300267,-0.56614447,1.0721132,0.4525752,1.4550099,-0.7472655
0.3657516,-0.59045136,0.16468349,0.68639845,-0.3397188,-0.2522232,-0.4703298,-0.45512393
1.0684471,0.35722798,0.107064925,1.0314003,-0.7807755,-0.9996747,0.8073684,1.2659487
-0.6451677,0.63357687,0.3510059,-0.28512174,1.2102876,1.091811,2.4562724,0.016430907
-0.69026244,1.8914341,0.18045828,0.6638173,0.6045883,0.37738875,0.25541362,2.025484
-0.42372867,-1.1352757,0.9818026,0.102511354,0.19506957,-0.16479619,0.51932526,0.5898429
0.027878124,0.8941647,-0.8425637,0.0254422,-0.3313357,-0.06771419,0.13980556,-0.32380903
-0.5658919,-0.09233515,0.19181705,-0.26994392,0.35535946,-0.3636275,-0.20526354,-0.2083486
0.009977948,-0.45890102,0.22731274,-0.3657394,-0.8457867,-0.18807979,1.2432837,0.03786713
0.27397427,0.24005689,-0.105443545,-0.4857526,0.32043323,-0.56684244,0.29132256,0.77359986
0.46986324,0.9620075,0.3100757,0.03333262,1.1782084,0.8099461,-0.3051525,0.08157978
1.3238045,-0.37248012,0.44550252,0.85770947,0.9417132,0.07735429,0.95166534,-0.09368285
1.0406219,0.24896109,-0.015509213,-0.66471225,0.11518461,-0.16992697,-0.6540203,0.7740993
-0.075700946,0.15502098,-1.3355523,-0.13336854,-0.575906,-0.46791616,-0.0117991045,0.78960764
0.96690744,0.15067112,-0.015473403,1.0251058,-1.2498865,0.94300896,-0.08637631,1.8966796
0.70902336,-0.38176236,0.81589025,0.68837386,-1.0496702,-0.047409594,-0.15098913,0.85850716
0.6103053,-0.60995877,0.24920514,1.7279633,0.4466862,-0.9584633,1.6157964,-1.0427595
0.38311446,0.20457502,-0.805885,-1.7695966,-0.48805904,0.42774183,0.897123,0.4457667
0.24211487,0.6617313,0.62521553,-0.5288316,-1.239171,0.6777652,1.5806123,0.41434073
-0.5147685,1.0163745,-0.9300022,0.7415737,0.23690403,0.2374729,-0.13025384,-0.2516304
-0.89703196,-0.6260203,-0.73642683,0.96613467,0.44648197,1.6238787,-0.48388356,0.36104205
1.3308942,0.5743144,1.2101952,-0.21072496,-0.40549478,-0.23880887,-0.7032959,0.20055526
0.0269617,-0.6893421,1.6329007,-0.101145715,-0.65562445,-0.0103893485,1.2657014,-0.30757377
-0.97507906,0.07205266,0.2556778,1.0533205,0.17958224,0.02194082,0.36507833,0.20191768
-0.6344805,0.115934625,-0.042900614,0.062079597,-0.51633894,0.22714056,0.90440446,0.003149785
0.21681404,1.0564811,0.7126164,1.6325097,1.1405095,-1.1069056,1.7148194,0.76679176
1.2781012,1.0011895,0.5914732,-0.8443652,0.21565683,-0.41743854,-0.403569,0.048742805
1.2589766,0.050508045,1.3282975,0.9222773,-0.45268476,-0.9952625,0.13598014,-0.78725475
-0.3000476,0.5667585,1.1850452,-0.05574139,0.095904246,-0.41477498,-0.54394984,-0.8318071
1.0013877,-0.38442373,-0.29297307,-0.3229786,-0.1550701,0.36017838,-0.027282879,0.11669399
0.37073424,-0.13920632,-0.58701026,0.25137636,-0.5755885,-0.48197523,0.48826534,1.2141157
-0.2657322,0.56410736,1.091255,-0.19833101,-1.4628642,1.5185511,-0.05984491,-0.54564995
-1.4770188,-0.15706515,0.7009012,0.29728523,-0.34130558,-0.9309375,0.093889445,1.3378264
-0.3271568,0.308896,-0.0682676,2.0143542,-0.051065512,-0.6918004,1.0865275,0.014656886
-0.8532042,0.20524241,0.90375227,0.5532069,-0.32750028,-0.64588046,-0.62982076,-0.21464452
-0.77586544,0.49815837,1.2360471,0.9611321,-0.9790143,0.7809073,1.2164385,0.6496198
-0.94449127,1.9995552,0.3233109,-0.15503739,0.91540354,-0.44817594,0.7883607,-0.15073574
1.7583065,0.04863767,-0.504916,-0.43028095,0.7477745,0.022337962,-0.46101055,1.1530585
-0.55124795,-1.3411956,0.46092728,1.3930191,-0.6186423,-0.6296695,0.112324074,0.6206277
1.7705245,1.7299786,-1.3823513,0.32885832,-0.71597993,0.09079687,-0.71763676,0.7272001
1.6085979,-0.42035094,0.20434093,1.5801854,-0.3227709,0.83126944,1.8146644,-0.42972493
0.4192282,0.752798,-0.113764174,-1.2048833,0.9200671,0.4435002,-1.1210004,-0.15945938
0.7062207,0.74050564,0.32564834,1.1576015,-0.48471284,0.55755,-0.24743608,1.9019822
-1.4453813,0.73518884,0.55767936,-0.6729255,1.6106529,0.6613861,0.5555336,0.005976148
-0.34158945,-0.20914182,-0.23147789,-0.5426832,0.5110318,1.794107,0.45150027,-0.28707504
1.5553224,-0.68132776,0.36848757,-0.37548947,-0.6360573,-0.56113315,0.83467007,0.106400706
0.1586008,-0.8518658,-0.5243369,-0.6460756,-0.37458646,0.90505207,0.8993847,0.64176935
0.56438184,1.4388263,0.46479943,0.73016584,0.30609,2.1731658,-0.27290162,-1.0203006
0.89762604,-0.05240586,0.30280256,-0.82175493,0.2074038,-0.50296384,-1.3581399,0.35617942
0.0044052564,0.030911013,1.381381,-0.181104,0.012533226,1.4551992,-1.0467718,1.3903278
-0.34017986,1.9226701,0.71388686,1.2108891,0.4487034,0.18391031,0.32420945,-0.7175338
1.3314594,0.0066413684,-0.24001503,-0.5727049,-0.21446706,0.8387847,-0.24957174,-0.43462905
1.1446793,-0.18755192,0.66413236,1.2633277,-0.31390452,0.4257359,-0.4081482,1.2015238
0.40194094,0.46045902,0.04813704,-0.6703125,0.756081,0.77302015,-0.67329514,0.5852191
1.4863263,0.5970164,-0.890563,1.3149989,-0.2585518,-0.5465955,0.06921771,0.2385807
0.8461427,-0.7130877,-0.36496454,-0.16486734,0.15842004,-0.1050933,-1.0009227,1.7313939
0.7825046,0.11101021,0.19615355,-0.43801787,0.6571419,1.0404838,-0.87746626,-0.6419935
-0.14206228,0.70649624,0.31130287,-0.5336395,0.19978447,-0.6341716,1.0873846,-0.707138
0.004697159,-0.6264574,-0.65874285,0.14325047,-0.23380974,0.57068557,0.99305403,-0.11823542
-0.47187138,-0.44954157,0.3453779,0.9645676,-0.83620644,-0.48392054,-0.031682774,0.14715278
-1.2602174,-0.04148357,0.7611109,0.9781796,-0.72952527,-1.0441663,-0.17136875,1.8078644
0.5550353,0.9626734,-0.1973908,-0.26195607,0.20464543,-0.41644844,0.33121586,-0.020621799
0.8115698,0.36451873,0.38179648,-1.5338949,-0.1517357,0.5903043,1.088962,-0.24223271
1.0835904,1.3590431,-0.028523035,0.2167055,0.11499078,1.2476467,0.34634972,-0.6773206
-0.390834,1.9079808,0.7820581,-0.73661363,0.057985783,-0.18311682,-1.0535492,-0.17240289
-0.18426645,-0.46212652,0.6797453,0.114689074,-0.59682375,0.8839801,-1.1115527,1.4626731
0.400375,-0.56653804,-0.37931556,-0.2412024,1.289888,0.32430464,1.0151137,0.5328479
0.58624357,1.4664572,1.5595474,0.6816075,-0.07199272,0.2900444,-1.3905791,0.06520692
-0.7984634,0.22137932,-0.06011896,0.8293231,0.44047496,1.3899595,-0.50428045,0.5294754
0.077881694,1.1235532,0.38000473,0.42595914,-0.8734784,-0.6278919,-0.32176468,0.18087548
0.86867326,1.1710064,0.9491696,1.6604239,-0.52182084,-0.8175403,-0.18089432,0.36047354
-0.59857035,0.4509794,-0.30038926,0.19578654,0.25411043,-0.48182818,-0.8969895,0.49538338
0.18931815,-0.35062137,-0.4023462,-0.30338442,-0.50998586,0.6288594,0.4613959,0.2990579
-0.32020864,-0.3612467,0.024148282,-0.306613,-0.27213585,-0.04182522,0.87153864,0.5198084
-0.6092811,0.304873,0.6122332,1.058943,0.023616541,0.83529735,-1.0013444,-0.16910535
-0.12443826,0.5430665,-0.22213107,0.91227406,-0.47642988,0.21186282,-1.613092,0.12550491
0.43889478,0.82002985,0.10672175,0.7289822,1.4145553,0.3309186,0.45473436,-0.95358723
-1.4748914,0.30988201,0.052578337,-0.12211263,0.14161575,1.3482656,-0.11302698,-0.63399506
-0.2517392,0.3816897,-0.05745266,-0.2220449,0.43979758,1.3493993,-0.6523119,-0.2687379
-0.46150672,0.5744827,1.1935524,-0.27850533,1.2736596,0.74290943,0.59538555,0.53933096
-0.24370226,0.15525927,0.8893266,0.416878,-0.08017939,-1.0761195,0.9929949,0.48824647
0.17282788,0.3570957,-0.52151036,0.42817006,-0.77384514,-0.08523476,0.38578913,-0.053635277
0.55129266,-0.08709878,0.95619565,-0.46162042,0.6566265,0.4106352,0.07964893,-0.4833834
0.821348,0.19505349,-0.09507642,-0.1439365,-0.9796965,0.7907291,0.64378726,-0.1419619
-0.07468007,-0.006317083,-0.072462425,-0.72993237,0.56849164,0.19798413,0.24883763,0.066532776
1.387435,-0.8582725,1.1190543,1.8132975,1.4509892,-0.33060527,0.5708235,-0.92569494
-0.2526789,-0.9193997,-0.7610333,0.6748857,0.88289535,-0.13455081,-0.11825399,-0.10304763
-0.51929235,0.7076576,-1.5098263,-0.48572084,0.46245658,1.4148834,0.4845336,-0.05029849
-0.068593524,-0.6846094,2.1553402,0.060746655,-0.08468658,-0.47044167,-0.38101384,-0.2366271
1.5067894,-0.12567957,0.48668483,0.790679,1.3360571,-0.60877424,-0.7463074,-0.4863067
1.1903307,0.6046165,0.011714347,0.6685921,0.047655266,-0.41324824,-0.13178511,-1.0475104
-0.40889707,-0.88578,0.15905076,-0.47536913,-0.28744894,-0.1966699,0.010952748,0.5830601
0.49916533,-0.8514223,0.63102657,-1.0763706,0.09318834,0.42077777,0.3493725,-0.33749723
-0.399747,0.51678437,-0.44381973,-0.5361224,-0.98072153,-0.043790244,1.8044865,-0.2920687
0.74952984,-0.048826683,0.3042393,-0.9996923,1.0385503,-0.1668465,-0.46145824,0.23794398
-0.5704385,-0.25914592,0.6914289,-0.21645604,0.8850315,0.05677908,-0.4914358,-0.70888644
-0.66506255,2.3260026,0.5002028,1.372361,-0.9405931,0.4018952,1.2126644,-0.27348226
-0.7212742,0.8492736,-0.8200859,0.49915045,0.47332346,0.23381938,2.15565,-0.20789388
-0.07144099,-0.08608982,-0.14787719,-0.66697747,1.4833053,-0.63584363,1.6378478,-1.2472762
0.59169585,0.017732237,0.19394702,-0.15621008,-0.27405336,0.34598482,-0.36472058,1.5426617
0.42595658,-0.52663857,0.13200852,-1.3813683,0.7420733,1.1466373,0.3218361,1.0234444
-0.2817122,1.0504481,0.21363086,0.13167311,-0.24158631,-1.2234125,0.20237935,2.0222852
-0.23704687,-0.197169,-0.61756843,0.20663023,0.5180061,-0.39510944,0.042123582,-0.3663911
-0.09238025,-0.92740095,-0.36136794,0.66553545,-1.5097306,0.24430071,1.5128033,1.1197239
1.023498,0.117676675,0.021916877,1.6832284,-0.8148203,-0.082922585,0.65310544,-0.11039255
-1.1025046,-0.7688352,-0.6896451,1.2049388,0.24328713,0.39807352,1.115567,0.50327176
0.01835094,1.3225734,0.12055113,-0.50001955,0.9700666,1.36729,-1.0264379,1.2642919
-0.35039508,0.2730443,0.42220396,0.8162294,-0.9775311,-0.10695073,-0.8800304,0.24113455
0.14317876,-0.43238962,0.44386435,0.09673275,1.1909997,0.59254354,-0.6678448,-0.73802924
1.6969115,-0.5948014,0.8063066,0.20149928,0.4951476,-0.115256816,0.32662132,0.44237262
0.83558923,0.9912353,0.76022756,0.25150797,0.11223067,-0.11680421,-0.6438921,-0.3329198
-0.8618127,-1.1811321,-0.4824696,0.7654334,0.98321784,1.398746,0.14946586,0.3663788
-0.37040448,-0.60959244,0.08841337,0.32436544,-1.2550473,-0.59975797,0.88366866,1.7916781
0.910813,-0.64780766,0.17140865,0.6962716,1.2317623,-0.84346735,0.31974894,0.57291895
0.53706807,0.21010588,0.8030777,-0.39307418,-0.22183944,-0.7731022,-1.7252842,0.42770764
0.18654306,-1.0505964,0.07387873,0.20769854,-0.7877471,0.6224217,1.0539838,-0.29929897
1.5844523,-0.9808026,1.0454934,-0.138853,0.7762413,-1.6314265,-0.14389592,0.6447939
-0.09140647,0.04824838,-0.19467223,-0.22154094,-0.25823167,-0.17261742,-0.7023895,0.4829348
0.16683023,0.4312379,-0.8923697,-0.84723765,1.7122539,0.20139515,0.06906599,0.94634384
0.12546301,-0.102208674,0.9213056,1.0365827,0.16818652,-0.30774388,-0.54976207,-0.057886668
0.12841108,1.4594657,-0.7971602,0.888084,-0.09930936,0.68358564,0.38752294,-0.18499917
0.24214521,-1.6454225,0.85825694,-0.4069718,-0.351634,-0.12961753,0.36088294,0.1042557
0.6279206,0.80320233,-0.63182193,1.391781,-0.21340427,-0.07086483,0.52356917,0.77946615
0.26837406,0.04447617,1.0662552,0.21448949,-0.9827857,-0.53910613,-0.83773994,0.13142908
0.73077637,0.44311306,2.024108,0.43875578,0.94394934,0.65730476,1.7007675,0.09710486
0.24900612,0.8961275,-0.017602887,0.6397466,-0.02808635,1.5205508,0.42192125,-0.9796855
-0.1592674,1.2267264,1.4378104,1.1966784,0.09415336,0.80209553,0.7237025,0.5691163
-0.0463678,0.027787369,-0.4594312,-0.15753368,0.33098966,-0.19957072,-1.6458777,1.1035058
0.36839864,-0.07690273,0.09137048,0.012588933,-0.07875412,1.0094931,0.62772954,-0.66872704
0.27388048,-0.69658065,-0.503445,0.04651159,0.26349872,-0.035963632,0.16116183,-0.22265851
0.2992762,1.9209831,0.7033136,0.04556015,1.3637134,0.48228857,0.0049664974,0.31109488
0.49013653,1.5618228,-1.1991149,-0.25522703,-0.67546934,-0.032772355,0.5861714,-0.0049241483
0.25558162,-0.03225742,-1.1843655,-0.36506832,0.70481217,-0.31325752,0.12153752,1.434367
0.6787434,-0.26041526,0.22855529,1.2703204,1.726506,-0.14804895,-0.01383075,0.17856112
0.8180511,1.0922456,1.5822585,0.4175986,-0.04321944,-1.0683424,-0.6062888,0.037175924
-0.39907563,-0.028826829,0.7672565,-0.9444469,1.2927595,-1.3579845,-0.480812,1.3796846
0.94226456,0.31359226,1.191687,-0.19936381,0.045753542,0.8478092,-1.3744354,-0.6231553
-0.6324889,-1.053988,0.53197646,-0.29288277,0.3087294,-0.4261057,-0.118813634,1.3642654
-0.9583715,0.9156208,0.89869404,-0.37262237,2.0247705,-0.21466663,-0.39083838,0.538669
0.62624425,-0.09347063,1.3161442,0.86651695,1.0424957,0.7323582,0.747555,-0.53078085
-1.2731825,1.4657634,-0.04476721,-0.98871195,0.93017006,0.87381226,0.7430839,-0.79376644
-0.6384551,0.5044253,0.6142666,-0.22799398,0.43320304,0.15010142,0.17440447,0.1202002
-0.7757293,-0.81151813,-0.67651576,1.3098403,1.8706968,2.186484,-0.81154627,0.8083203
-0.026575081,-0.022574693,-0.2633528,0.7869745,-0.28110677,0.028093744,-0.82407844,-0.21682045
1.5179845,-0.2551952,-0.747405,-0.32551783,-0.82472265,0.71467054,1.140191,0.43016207
0.8177765,1.5068942,-0.5207002,1.0472577,-0.54037505,-0.03650614,-1.0261577,0.58409655
1.0381416,0.9608399,0.43491602,-0.7475869,-0.5774859,1.9163771,0.18200184,-0.76727647
1.3710868,-1.2067535,-0.32692546,0.26155865,-0.35875443,0.14756061,0.1534009,0.034452956
-0.85161644,1.9842093,0.13126233,-0.500878,-0.8824196,0.8847911,1.6644359,1.0166767
-0.26803985,1.0121607,-1.0561907,-0.17581283,-0.42863178,0.8487878,0.15223308,0.78588104
0.6145632,-0.010548256,1.7833431,0.6369872,0.5509699,-0.55563873,1.1158497,-0.14447603
0.846811,1.1037456,0.4613099,0.68982846,-0.899638,0.21321398,-1.0598447,0.4749764
-0.29141912,-0.13679671,-0.7073845,-0.5015392,0.058838055,-0.14468966,0.7420583,0.71453613
0.52518773,1.3874482,0.27859157,-0.6811664,-0.43926626,-0.33928865,-0.10082632,0.4812515
-0.8353581,0.91925037,0.9733381,0.7093193,-0.30863732,-0.8574069,0.9185397,-0.18596908
-0.48047417,-0.49218655,0.06806788,-0.45816877,0.2522221,0.14609338,-0.7292656,0.44169414
0.12385601,-0.43802842,-0.82455605,1.5167725,0.13893756,0.3767563,-0.35829112,-0.5682049
1.0631876,0.9572609,-1.0474739,-0.46595773,-0.5267403,0.5319571,0.97831297,-0.40561667
-0.20852134,-0.65706426,-0.4046877,0.25114805,-0.48876125,0.16174604,2.3281968,0.24490038
0.14382264,-0.51095223,0.07745482,-0.27917504,1.0218692,0.48689732,0.11917384,-0.404973
1.0049776,-0.6003216,0.94371206,0.6404459,1.4667718,-0.3060346,-1.5494505,-0.32130477
0.56873775,0.06767392,-0.025866032,-1.1635274,0.52785105,0.29547513,0.101572216,-0.44082782
-0.032542996,0.697876,-0.6039518,-0.27296853,1.1409886,-0.40207192,0.6626908,1.2790356
0.40947294,1.783293,-0.4632403,0.80082977,0.5674605,0.8876798,-0.6854591,0.15177965
-0.4845327,0.81539667,-0.49685597,-0.17274567,-0.22280456,0.85717446,-0.17153448,0.7220603
-0.7835842,2.118312,0.55843776,0.18010199,0.078959495,0.18968152,-0.10630444,0.95316994
-0.48972917,-0.17451467,0.88463396,-0.6525898,0.40076587,0.4387044,0.42874685,-0.66781926
-0.66766167,0.36057633,-0.39807573,-0.33399615,0.24052466,-0.4726843,0.17172761,0.19587919
-0.52178633,0.70983183,-0.054795414,1.0267475,0.0049584145,1.3115242,0.29601806,0.32553118
-0.6657029,0.7461709,0.2802115,-0.097984254,-0.3545765,-0.021743482,-0.52674305,0.49440667
0.54258186,1.0423658,-0.03451116,-1.1085546,0.70560074,-0.16372001,0.0700071,0.86023486
1.3651497,-0.71463436,-0.02815926,0.5627923,0.3684573,1.3113705,1.4221672,-0.44285056
1.6464415,0.026758991,-0.833813,0.2780809,0.3311499,0.4675259,0.33572838,-0.44637856
0.8142294,0.09793243,-0.13383415,-0.010067783,0.19984312,-1.0325544,-0.8425195,-0.27255446
0.25723654,-0.19054337,0.8466086,-0.5488453,-0.34049153,0.3960281,0.8097095,-0.31495073
0.31869006,-1.718012,-1.0706966,0.8404609,0.12106723,-0.07662544,1.5655644,2.2567298
-0.29659548,-0.19884358,-0.7049497,0.5074961,1.7071619,-0.83558893,-0.2513663,-0.66515064
-0.8321425,0.43833166,-0.49307108,-0.25013012,-0.19424105,-0.03458347,-0.08148078,1.1805825
-0.51861376,1.1534395,-0.7757759,-0.459784,-0.9423102,0.6138658,-0.1077763,0.20260462
-0.81592697,0.20559481,1.5628358,-0.83633643,0.01369336,-0.5430339,-0.9776832,0.4151962
0.19173616,-0.48002696,-1.1897964,-0.4067728,-0.010383142,-0.065079875,0.47510302,-0.3239498
0.5293744,0.7254374,-0.05250652,0.17387652,0.13644394,0.19085492,-1.0592909,0.28578568
0.82539093,-0.6831019,0.82541037,-1.5018582,1.0589219,-0.76229465,-0.67921805,-0.43360332
0.3185497,-0.7838619,-0.3051157,-1.4930768,1.5886217,0.49028757,-0.17016652,0.53610295
0.44305614,0.58254474,-0.041316725,0.09633588,-0.62892693,0.51546884,0.29330054,0.5426421
-0.5070314,-0.29724744,-0.11265885,-1.1973253,0.72183156,0.18237332,0.24327014,0.47826788
-0.8941927,-0.6140468,0.23340577,0.45882255,0.2278495,1.4641165,-0.42902192,1.7312884
-0.70613426,0.19162688,1.2156098,0.80425256,-0.028763171,0.26662847,0.28986257,0.6466479
2.728967,1.1918527,-0.07207461,0.98294616,-0.87770987,1.3419645,-0.9002941,0.05099556
0.3333046,-0.083319545,0.021233082,-0.9651027,0.8835425,-0.5747035,-0.36267132,0.9047772
0.07661457,0.17549719,-0.30405793,-0.06384753,0.2633026,-0.8971892,-0.6060612,0.8227982
-0.2591824,0.6098987,1.697391,-0.47474876,0.03319551,-0.48839828,0.0017323829,-0.6767888
-0.676833,-0.08230433,0.46409,0.007942606,-0.0031688395,0.528142,0.011286825,-0.07867328
0.6340587,0.23386912,2.1034658,0.9232528,-0.0140373,1.1562706,-0.51639783,-0.27290404
-0.97922575,-0.56069916,0.5174073,-0.8007264,1.0044676,0.5091293,0.6410741,0.6157569
0.058654875,0.8580351,0.3214122,0.20786695,1.3293725,-1.1212559,0.28877878,0.006472394
0.7170676,0.10928276,0.650815,-0.5211045,1.3240185,0.3599148,0.86691886,-0.7751803
0.2723167,-0.09931475,-0.28392744,1.2980839,-0.40609872,-0.30202037,0.5113028,0.08224909
-0.47628587,0.8734111,-0.06666877,-0.073464066,0.8099991,-0.12701607,0.9585346,-0.5873022
0.8376326,-0.76553476,1.5441818,-0.8784736,-0.105517484,-0.364103,1.0183696,0.56475174
-0.117450185,0.18010926,0.15556195,-0.637632,0.7878792,-0.39271906,1.2990891,-0.2914683
0.62804776,-0.18744944,0.8690751,0.35278347,-0.5721489,-0.87714064,0.43545502,0.470037
1.0939986,0.12846713,-0.595839,1.1825159,0.2943213,0.2638994,-0.59479254,-0.45234534
0.6393303,-0.11359164,-1.7741783,0.49910894,-0.41626617,0.26507974,1.0521618,0.8349504
1.8632343,-0.52380735,-0.24029112,1.1278886,0.10565103,1.0191312,-0.34436446,0.2778361
1.2138213,0.6065205,1.0769352,0.084710285,-1.1238645,-1.4840307,0.31608072,1.148996
-0.25679168,0.15424499,1.0359136,-0.13373616,0.21635988,-0.36522368,0.003270233,-0.13002613
0.04315926,-0.71988404,0.32291943,1.2164263,-0.6705912,-0.11386816,-0.17127134,0.50930643
1.0803436,0.9477119,0.9320018,0.53748655,-1.1383854,0.5188476,0.7333381,0.45786065
-0.23714548,-0.3189182,-0.45262593,-0.17393017,0.02065336,0.43024275,0.3119811,-0.07339213
-0.70424074,1.6965607,-1.1807296,-0.7432143,2.1507847,0.6895759,-0.58579963,0.53844386
1.2107154,-0.89842564,0.48893157,-0.016374309,-1.0198824,1.0721513,0.02076922,-0.04560832
0.5072579,1.5788915,0.15668896,-0.42029297,-0.95728546,0.12971419,0.8095033,-0.23344949
-1.396171,0.54788846,0.84211326,-0.27028444,1.0284467,0.3132038,1.0771433,-0.29392615
-0.10832364,0.045923427,1.2798496,-1.677786,-0.6828632,0.24351649,0.2524449,0.08026486
0.031369805,0.950509,0.029106602,0.25165948,-0.38586542,-0.9800546,0.3831964,-0.34582964
-0.22295743,1.9224465,0.624532,1.1025605,0.76004845,0.2049306,0.16834997,-1.1436132
0.6076644,-0.2872944,-0.35574332,0.30935624,-0.24928056,0.3545344,0.6585732,0.59129816
0.18678807,0.848412,-0.6824173,-1.1145351,-0.021978257,-0.17430589,-0.40141803,-0.35394096
0.56475365,-0.69635195,0.19646636,0.9079057,-0.011899773,-0.73900294,1.6882365,-0.48076847
-0.5910526,1.7844332,0.97483826,1.0887154,1.3722959,0.31040847,0.5326854,0.03998013
-0.5054186,0.57391906,0.13615564,2.0973065,-0.06008199,0.08641015,0.36022684,0.07853171
-0.3964335,1.0449082,1.2276572,0.23918414,-0.2724302,-0.43003413,-0.34836268,-0.22527778
0.17163932,0.21385236,-1.082776,-0.42777508,0.19546418,0.43797535,-0.5597411,0.4320289
-0.120298885,1.4889703,0.84822804,0.28959203,0.58248764,0.26180875,-0.7341163,1.5955611
0.72723734,1.241764,-0.056179956,1.4455633,1.1010132,-0.06759215,-0.561732,0.40531722
0.15012446,-0.45420066,-1.06244,-0.04519889,0.45720795,-0.43885013,0.19674955,0.48537773
0.82046115,0.3023136,0.3629531,0.5695864,-1.6309972,0.113468684,0.4165102,-0.5085113
0.55541176,-0.7962793,1.6174034,-0.7449214,-0.33886692,-0.14946547,0.93970096,1.0182189
-0.46035486,-0.5487636,-0.04656496,-0.69815916,1.2799315,-0.67940277,-0.40488413,0.4453762
0.5876668,-0.37695986,-0.48875856,0.22909945,-0.6609232,-0.35512143,0.5913039,1.0693737
-0.5067455,0.1333959,0.26590216,0.65926164,-0.117169,-0.88720655,0.40513027,-0.3698181
1.1498755,0.43572032,0.95761657,0.66006404,0.35529384,-0.87600124,-0.60655475,0.6088443
-0.27367148,0.2335728,1.0104896,1.4211572,-1.2625985,-0.9363993,0.73406696,-0.24854076
0.8892374,0.7268828,1.3233676,0.3786762,-0.5034388,-0.8376713,-0.29544187,0.59085613
0.45237345,-0.5831358,0.5309095,-0.20630448,-1.1849469,-0.6785892,0.7496241,1.387083
-0.4833284,-0.027756512,-0.08237527,0.08317685,0.05731456,0.51887536,-0.06484784,-0.32819262
-0.006956488,0.18374318,-0.1460974,0.38406864,0.009980862,-0.1847117,0.3950622,-0.6219341
0.48183584,-0.8645798,1.3299934,0.5888439,-0.22003111,0.09394859,-0.109623656,-0.790844
1.2856146,0.16167459,-0.30500716,0.7723741,-0.10649276,0.3930057,-0.35729036,-0.45401755
1.0685425,0.37947157,0.4281454,-0.8431014,0.81000537,-0.031802356,-0.19601607,0.25315306
-0.35734093,0.062039334,0.3949349,1.2165761,0.44764996,-0.98657024,1.5222014,-0.24220818
-1.1382545,0.02065152,0.49547628,-0.2714414,0.39309195,0.21236823,0.5204457,-0.15556288
1.0397886,0.34858018,-0.3873796,1.1935282,1.587458,-0.3300292,-0.34674612,0.2880043
0.9364669,-0.46120238,-0.5469557,-0.6768889,-0.6296762,1.3278539,0.42353922,0.78259057
0.011933718,-0.55649185,-0.33165383,-1.4458567,-0.24424873,0.6170656,0.5619095,0.1300862
0.6401426,-0.19141458,1.2256727,-1.0503516,0.14427592,-0.84398615,-0.10940628,-0.27567688
-1.5760784,0.97726303,2.0724456,0.46212634,1.1636866,0.718983,0.0020742342,-0.17485717
-0.15751621,0.705894,-0.03259515,-1.591259,0.08661713,0.394802,0.7393278,0.34385502
-0.935274,0.64977247,-0.44457358,0.63214093,-0.4242007,1.1268435,-0.68464535,0.31647202
-0.43720523,1.032467,0.17092454,-0.8741057,-0.09931608,0.29474,-0.15702319,1.3989825
1.1145382,-0.4365836,-0.53645486,0.15779355,1.0824445,-0.45691812,0.45719028,0.14502846
-0.2993352,0.696842,0.5588216,0.9409869,-0.48931062,1.2856983,0.9766693,-0.2086018
1.5091056,-0.45386726,1.1224315,0.8960991,1.1202143,-0.33448753,0.31739083,-0.6608296
1.0721093,-0.7306397,-0.07591677,-0.5362538,-0.39953527,-0.23589969,1.3574297,-0.2857223
-0.9335566,0.3216395,-0.18528536,0.33619863,0.7773262,1.7189736,-0.8301581,0.27315533
-1.243916,0.05918334,0.022326142,-0.9733139,-0.7377164,0.026327904,1.9177743,1.3310769
1.6337272,0.81582993,-0.45162892,0.23208274,0.39863083,0.4672772,-0.46988106,-0.23690704
0.9942252,0.20196865,-1.1546187,-0.54935724,0.35702622,0.8409888,0.32852617,2.1292088
-1.0673864,0.5632618,-0.9012258,-0.29506892,0.7776812,0.14465669,-0.8170681,0.4663592
-1.212605,0.3094472,0.64139414,-0.38231614,0.012373651,-1.0770597,0.64303327,0.12945288
0.15493211,0.6922792,0.6384164,-1.390454,0.07706522,-0.9194733,-0.7960701,1.3909146
-0.089725636,1.1684747,-0.59613967,-0.7802885,-0.5091979,-0.52824146,-0.3826636,0.58786064
0.5380698,0.8282069,0.10588359,-0.13809356,0.070987254,-0.48257855,-1.807227,0.39654335
0.9564608,-1.535769,0.8482384,0.7929005,-0.37331718,1.5641756,-0.5410438,-0.080596335
-0.33680105,1.4061054,-0.67997485,-0.1353856,-0.39861873,-0.15972164,-0.384505,0.5826784
-0.15376422,1.367572,0.57386833,0.15568864,-0.0652874,0.11421986,-1.1461388,1.6532182
-0.4564247,0.011846179,1.6136268,1.5044745,-0.003676434,-0.59298056,0.11993295,1.6486524
0.10837926,-1.5114205,0.098739855,-0.8235998,1.5455384,1.3448851,1.0485387,-0.18190417
-0.13904718,0.5657533,0.33904296,0.51224965,-0.19268143,-1.0133181,1.6608168,0.16800943
0.5860755,0.76516086,0.31224927,-0.70680517,-1.2308753,0.62669194,-0.13451362,0.7549006
0.62915957,1.1729773,-0.8065413,0.6204977,-0.012784712,0.7673719,-0.65354323,-1.5525755
0.9266291,1.1430453,0.14177841,0.9861511,-0.8384882,0.35299367,0.15767016,-0.033403546
0.009912547,0.6252525,-0.029473964,0.6905305,0.49683607,1.813568,0.72778606,-0.049187586
-0.34733412,0.3673755,0.45875946,0.25749204,-0.68588823,-0.027636984,0.20990929,-0.3427654
1.135577,0.2047484,-0.68741757,0.47138685,-1.5028591,0.7817985,1.6909621,0.026177946
0.2866839,0.07563758,0.31828204,0.3098357,2.2330537,-1.4280077,1.5366383,0.09085391
-0.4297777,0.8995297,1.0954231,0.2605145,-0.9020213,0.2415435,0.8013592,0.052321687
0.74586207,-0.63430005,-0.021989623,-0.22118573,0.8062537,-0.9469947,0.44647625,0.588984
1.1227506,-0.18249883,-0.018544208,1.2966262,0.11586905,0.5315241,-1.1189693,0.6696605
-0.4773391,-1.6122178,0.620716,0.59914094,0.14383037,0.06590534,1.2615241,0.19499561
1.0329541,-0.17545104,1.4879513,-1.1629728,0.20168157,0.31228912,0.6270313,0.93033886
-0.21636799,1.3124704,0.2751386,0.53691554,0.8184164,-1.4193945,-0.0034800526,0.22816509
-0.37661803,0.019740451,1.0181601,0.22822946,-0.047664165,-0.33141148,0.04444884,0.11323227
0.32337934,-1.0516447,-0.375413,0.26777142,0.028437536,-0.49951193,0.4117313,1.0098821
1.0750653,1.1346033,1.124438,0.6784996,-1.0388479,0.79557896,-0.88502336,-0.3688511
-1.1469464,-0.14239274,-0.06894196,0.58214796,0.8625871,1.0477453,0.32890055,0.53826594
0.17872983,0.090729,0.41142604,-0.6906467,1.1862518,0.9377975,-0.9600466,1.6728702
0.7917205,0.73383385,2.1363583,0.49196205,0.6795295,-0.18723384,0.061875295,1.8003408
0.4964758,-0.48255646,0.243952,-0.26455885,-0.13393727,0.17075834,0.41032436,-0.39618933
0.10372324,0.022667669,-0.79813445,-1.3476377,0.05977539,0.6218284,0.7857326,0.12653324
-0.5385031,-0.12702268,0.80598253,0.86094415,2.013918,-1.5497845,-0.3297204,-0.61991954
0.5833882,0.41798663,1.289599,2.1612566,0.8664927,-0.636628,1.1597377,-0.95111996
0.056730766,-0.5312809,-0.105000004,-0.8211649,0.5895439,0.05405662,0.9366913,0.9012861
1.3782156,0.34722832,1.375048,-0.22218223,0.28773504,-1.4829794,-0.6274174,1.5447342
-0.69709593,0.13730873,0.7048415,-1.5806942,0.8799303,-0.6050227,2.558275,0.9762929
0.76807606,0.792232,-0.5395914,2.7572012,-0.6168718,-1.1141952,0.8134287,-0.21749088
0.15618202,0.2466723,0.41924945,-0.59673446,0.275676,-0.29743972,1.1724042,-0.7576949
-0.68623066,-0.50793827,-0.37292308,2.4349034,-0.841117,-0.20387979,-0.6592258,-0.2821512
-0.5338372,1.5075357,-0.71373093,2.0947108,-0.49883094,0.41990882,0.7069511,0.96744585
0.37353918,1.6975949,-0.42350668,2.41615,0.96165526,0.50809044,0.41197637,-0.11594839
0.92447805,0.5142402,-0.41556406,0.43936446,1.0981367,0.30550152,-0.84178096,0.91684395
-0.2709381,0.4095542,-0.64139813,-0.5973746,-0.3260179,1.3825912,-0.014257339,1.3149706
-0.6906668,-0.42281482,0.002789406,0.473862,0.34189078,-1.0390117,-0.41662294,0.15781917
-0.3786663,1.0654935,-1.742962,-0.12770961,-0.08603859,0.20482607,0.14889972,0.008761495
-0.47892898,-0.58086705,0.15907657,-0.36230165,-0.09789634,-0.7674424,-0.3452882,0.5333672
-0.30253953,0.6349643,-0.11250044,0.1140369,0.57638204,-0.9122779,0.7491515,0.44123206
1.0462035,-0.3463582,0.90159464,-1.1623251,-0.31060302,-0.18817656,0.98710775,0.27037928
-0.94926023,0.2910491,-0.4474277,0.32374078,1.1582901,0.06304152,-0.1570313,-0.09162957
0.42628902,1.157467,-0.26444557,-0.20052423,-0.29724315,-0.58379245,-0.13123374,-0.7543715
0.52906406,-0.40182376,0.7669994,-0.39412466,-0.146224,0.82975733,1.2997856,-0.6481845
0.52916104,0.3454781,0.004647039,0.1865831,1.8529841,-0.35642675,0.07315549,-0.25486198
0.87147385,-0.8944464,-0.043039262,-0.30886444,2.1421278,-0.33486572,0.5963557,-0.8848905
1.2122413,0.5399419,1.4519037,-0.51875234,0.43469146,-1.2962868,1.3767483,1.0287095
0.13626164,0.45579848,-0.9504541,-0.6868668,1.1002359,1.0965023,1.2523808,-0.4104462
0.336792,-0.5184569,0.19176635,2.4473906,-0.695577,0.48973483,-0.64256036,-1.0325536
-0.7349143,0.61927646,0.50943506,-0.11723441,0.2264019,-0.98697436,0.038571622,-0.1681079
0.31037462,-0.48170745,0.5072497,-0.3803704,0.29740027,-0.3301215,-0.51022583,0.7523645
0.036695674,0.68678,0.013785832,-0.0737053,-0.5366486,1.2641132,1.3547561,1.821399
0.521939,0.29651693,-0.41034284,0.23827033,-0.056882698,-0.29189888,0.041638453,-1.0933243
0.56377465,-0.11758198,-0.30960622,1.2319955,-0.6959838,-0.58695275,0.588163,0.55190194
-0.3417784,-0.5094221,1.1390262,-0.7115156,0.026709128,-0.37707022,0.19757389,0.42159387
0.5588762,-0.35874537,0.5673958,-0.46423456,0.20433429,0.3178895,-0.25491858,-0.56143445
0.038447797,-0.60557,0.49580327,-1.2837423,0.26589328,0.1496462,-1.2281557,1.48211
2.1591759,-0.94529265,-0.007259597,-0.48090634,-0.9818764,0.22747819,0.2104352,0.12553482
-1.2886051,-0.07374415,-0.62661827,1.2309073,-0.047117114,0.20389953,1.5761043,0.34288397
-0.8564025,0.29371083,-0.5048654,0.62180656,0.31285205,-0.10819943,-0.62209994,-0.41647014
1.3603249,0.08495124,1.3242087,-0.020717833,0.19457793,0.06604835,-0.20408657,0.80945253
0.39356846,1.4093481,-0.26089442,-0.99173415,1.389369,0.2659459,-0.24253564,0.3616105
-0.30830988,1.6104362,-0.26695293,-0.37449676,0.06297178,1.1721857,-0.8742678,0.7478446
0.112999216,0.39137894,0.46698081,-1.1882995,-0.58271146,-0.5143179,1.0770255,0.9651211
0.2692349,0.49696606,0.19320482,-0.64259887,0.5187738,0.14438383,-0.41825005,0.38427374
-0.5192094,-0.11963342,-0.014589801,0.41932052,0.67568296,-0.59929246,0.95531434,-0.36908436
-0.4434597,1.4434453,-0.16484004,-0.64084196,-0.22399577,0.78650105,-1.142757,1.2763511
-0.84859717,-0.010739695,0.46426943,0.18727642,0.89923733,-0.5681646,-0.049275376,-0.065742396
1.1118975,0.701794,1.0357819,1.0276164,0.36115226,0.70650494,-0.18274999,-0.35155362
0.43886667,0.11158162,-0.50417113,-0.16141795,0.7194944,-0.4330515,-0.21789376,-0.036536373
-0.29462686,-0.26406074,0.9949604,-0.25716272,0.951774,-0.5060555,0.0076935105,0.287797
0.6729537,0.75214887,0.0016203877,-0.2755287,-0.13145752,-0.2564226,0.30403683,-0.6916536
-0.10503995,0.23429008,-0.7283583,-0.81984735,-0.28748077,1.2957089,0.6241541,0.08394526
-1.3737596,0.7539368,2.8323908,-0.27990687,1.6835914,-1.5467646,0.96952,1.1274359
0.2234076,0.69427836,-0.32447055,1.0756091,-0.4283851,-0.75146145,-0.64108145,-0.72721267
-0.9234944,-0.9190076,0.6393866,-0.48484418,0.77235186,-0.6587234,-0.32323033,0.809162
-0.85403615,0.44607943,1.4062167,-0.21948354,0.5943227,-0.8661081,-0.42361113,0.38300607
1.7727789,-0.20558038,0.6751548,0.106646806,-0.8051155,-0.12748024,0.74589044,0.80116254
-0.8812879,0.18353288,-1.1444341,0.54189044,-0.6122755,1.2956148,0.98921907,0.19501454
0.25859225,0.8447751,-0.1169917,0.3552026,-0.14318316,-0.86772794,0.10258284,0.7737631
-0.34348625,0.96023923,0.45756167,0.10007861,0.72198933,0.09223991,-0.005929541,-0.040713973
-0.015743062,0.27597606,1.5899602,0.48151952,-1.0765618,-0.42445844,-0.27445862,0.56274086
-0.65698946,0.18815276,0.0630285,1.3036634,-0.96924305,-0.5219933,-0.118764326,0.4912657
-0.00956624,-0.16396314,-0.6250546,0.46487254,-0.513355,-0.8595113,0.23902737,0.08132032
2.2985525,1.7369484,0.38124916,1.1743613,-0.18279424,-0.9916825,0.8824249,0.6379836
-1.2904742,1.1989669,2.683657,2.4656806,1.102329,0.8697438,0.7211377,-0.23520446
0.5919432,0.7493643,1.11606,0.043195806,0.3866951,0.5317423,0.06549831,-0.26290312
0.08912117,-1.3203737,0.7186877,0.6022788,-0.4598353,0.012499109,0.30532607,0.17793533
0.5167632,-0.71044886,0.4093687,2.3598752,1.0062935,0.14618446,-0.67727584,0.5728969
1.4958854,0.6157939,0.8770168,0.38774994,-0.15602455,1.354729,-0.64117956,1.7726583
0.9364672,0.859048,1.4671452,0.41734812,-0.7664094,0.0772752,0.69794846,-0.3992368
-0.38790447,-0.1730435,-0.21497884,-0.6835172,0.5473896,-0.6940669,1.5124769,0.2920535
0.77905154,0.98987615,-0.48822537,0.11479598,0.1441543,0.530461,-0.3663538,0.7398609
-0.06948856,-0.07094099,-1.9121008,-0.021585207,1.0910385,0.95824236,0.13471307,0.2963575
0.2661561,0.3728178,-0.8684102,0.67272073,-1.0082749,-0.39145485,-0.28779054,1.10816
0.5042178,-0.33375016,0.32001367,0.54873365,0.37521893,-0.90817505,-0.12905176,0.9430267
0.2779079,-0.9186993,-0.42564392,1.409302,-0.33724242,-0.784959,-0.73677415,0.47572622
-0.21725518,0.9376514,0.63876283,0.5667168,-0.81626517,-0.43236974,0.10810812,0.19770703
0.11117844,-1.0264179,-0.48832685,0.14047669,-0.06038152,-0.32493702,-0.116013095,0.7966549
0.56177706,0.23328276,-0.14312369,-0.27057564,1.2697439,-0.0009742696,-0.19459836,-0.6693889
-0.3395105,0.23468131,-0.15414017,1.0810146,1.5879219,1.0493181,-0.5792095,0.6962802
0.07504283,-0.11625452,-0.11862295,-0.12941815,-0.07777056,-0.18065803,0.20100325,0.91131383
0.769128,-0.68873084,0.9497762,1.419397,-0.12950921,0.97582084,0.86145896,1.4998626
1.6175501,0.27372655,1.0781085,0.055839006,1.9177017,-0.3564603,0.3876713,0.35172653
-1.1921347,-0.94058865,0.3977583,1.2401255,1.3947746,-0.30173895,-0.71006453,2.3284705
1.2916174,-0.42008078,1.0260298,1.4686499,-1.0909654,0.6075685,0.013816573,0.8815529
-0.62094045,1.4090735,-0.74502116,-0.68060213,-0.3439716,0.9337538,1.057645,0.6010567
0.0138337985,0.4628621,0.31425458,-1.1561509,1.4406615,0.4741496,1.6427851,0.021272097
0.30975464,-0.42967993,0.17132479,-0.40283498,0.09886539,-0.2324191,0.58251834,0.8653357
1.2777716,-0.15001296,0.28291732,-0.779126,0.12804312,0.46373516,-0.7578792,-0.1876764
-0.14248085,-0.6753056,1.9069178,-0.7369382,0.1276661,-0.41399148,0.95523226,0.13640969
0.36618268,0.2259738,2.5091777,1.4402457,0.11443431,-0.23387751,-0.34876093,-0.41477162
0.21948433,1.0461707,-0.3081311,0.6877887,2.905429,-0.46268898,-0.84630495,-0.30366352
-0.18438992,-0.43026185,-0.027466113,0.81989247,1.0969431,-0.5296132,0.9358091,-0.70346504
0.21917737,-0.5660102,-1.172826,-0.8829503,0.79716414,0.6125406,-0.042607307,-0.070964746
1.0265614,0.8677561,-1.69519,0.16723482,1.1929958,0.8951341,-0.20300302,2.131652
1.4586139,-0.40133467,0.15027466,0.25912833,-0.13803227,1.75427,0.3246012,-0.57577723
0.25351146,-1.4848474,-0.05486602,1.6946993,0.66584057,3.0,1.2876952,1.1825782
0.7511802,0.26833525,-0.18061349,1.0326527,0.18846272,0.8500986,-0.53461504,-0.12980309
0.92307967,-0.36407268,-1.1011113,0.10333294,-0.91741484,0.017989507,1.0813078,1.0685498
-0.77082497,0.22062384,0.8875692,-0.6421488,0.53457314,-0.4706241,-0.9020031,0.42278385
0.013038307,1.3187306,-0.58500725,-0.6536857,-0.26767918,0.75904626,1.2756724,-0.37198535
1.3073448,1.3924675,-0.9102938,-0.8967352,-0.67045516,0.03827341,-0.55558753,0.9898786
0.23563516,-0.12063436,0.22795764,1.5514408,0.27869982,0.1465841,-0.45674494,-0.48585847
0.39162174,-0.44218045,-0.984675,0.5730794,-1.4173871,-0.003042344,1.642951,0.19395632
0.6391594,-0.68617505,-0.5306608,0.768801,0.6874522,-0.5563849,1.3181981,0.80208546
-0.6800384,0.9083222,0.17792183,1.1459422,-0.08729254,-0.8244166,0.4953677,-0.23298338
-0.25600225,0.557441,-0.22899154,0.06973695,-0.024882108,0.46688414,0.11587335,-0.36773682
-1.444905,0.39680246,-0.27032918,-0.22411124,0.7086558,0.57778585,1.1727293,0.58234435
1.549971,-0.6623479,-0.90578943,0.21621537,-0.3762731,0.5547481,0.22674091,0.039788134
0.15577003,1.3451596,0.5483508,-0.40547612,-0.9293428,0.32991818,0.11495024,-1.1377822
0.5654911,-0.11298792,-0.40785974,-0.91173,0.57198644,2.066833,-0.91190684,1.0017577
-0.23369044,0.02275496,-0.6389739,2.1212518,2.5339627,0.6624068,-0.4974041,-0.41478747
-0.31290153,0.37080035,1.493031,1.6167543,-0.6968928,-0.57946324,-0.07180719,1.1466123
-0.42839783,-0.08631289,0.0046551134,0.28637964,1.1919061,-0.6942293,0.7370072,-1.0595993
0.42779556,-0.5393246,0.9881989,-1.1838863,0.448666,-0.0032107178,-0.2564228,0.075374305
0.5477115,0.33203012,-0.38260725,-0.5598719,0.14262575,-0.8840463,-0.6212234,0.59253
0.640101,0.7532176,-0.67899346,1.6225942,1.1208171,0.11800866,1.2496625,0.114304915
2.2968292,-0.11147627,0.9445442,-0.602133,-0.9058546,0.25959155,-0.46820387,0.6283438
-0.69667685,1.0709229,-0.15830365,-0.4179825,0.65349245,0.28946987,-0.23891751,0.71938646
-0.83758426,0.79542166,1.6010681,0.6696155,-1.0698014,-0.33517867,0.49830008,1.1896198
0.627893,-0.103544995,0.39231718,-0.80580914,1.1231081,-0.353293,-0.19820197,0.008262441
0.35036185,0.04223737,-0.57844985,-0.6074654,0.30040783,1.1842939,1.2336316,-0.09447434
-0.20178768,-0.56776834,0.8740031,-0.8570082,-0.5954637,0.59302497,1.527311,-0.11672
0.08284376,-0.96519184,0.39698577,0.011649251,-0.10840506,1.0336679,-1.5536566,1.5220715
0.3643666,-0.2648827,-0.52566445,0.53357756,-0.7064419,0.61893106,0.1359735,0.55789125
1.0823199,-0.40321335,0.9606158,-1.462779,0.71391046,1.7906789,0.15826626,0.35489795
0.52564836,-1.1454331,0.546127,0.47843444,-0.9038093,-0.34420192,-0.6899519,1.2209272
0.2035088,0.0038875192,-0.2817019,0.22951414,0.72131944,1.2445053,-0.33178017,-0.9040205
-0.9214336,0.2898288,-0.65728575,0.4203542,0.82462096,0.107809275,1.4882604,-0.54312986
-0.28585547,-0.56430125,-0.4759614,-0.6688204,-0.0367198,0.38410512,-0.2860657,1.1551975
0.87545574,1.6598899,-1.2988276,-0.55229676,0.54153275,0.3384394,-0.3937739,-0.12868235
-1.134981,-0.34002072,0.56811374,0.5733202,-0.7035777,0.10495842,0.74188095,-0.37229905
-0.20777223,-0.7131267,1.4651966,-0.55418414,0.12674841,-0.64948255,-0.26958713,0.729421
0.20471969,-0.7461096,0.54510593,0.083661936,-0.7273519,-0.6883645,-0.6977834,0.37790316
1.9517102,0.025068404,0.58414775,1.0102357,-0.2377851,-0.5323074,-0.36272827,-0.553477
-0.03336171,-0.40799192,1.2899815,1.0560257,0.12144146,-0.9397035,-0.46214485,-0.6576351
-0.58351594,-1.2136943,-0.07094896,-0.12022875,-0.071954966,0.33386412,1.8228341,2.3999076
0.24795118,-0.37688428,0.714741,0.7328461,-0.37259257,-0.32003176,-0.21295509,-0.057396524
-0.20125759,0.78796864,0.08769484,0.13507062,-0.44206,0.37337515,-0.42355636,-0.35545093
1.7269907,0.9353343,0.6158803,1.0867623,0.19402556,-0.9317449,0.5882438,0.896907
1.207279,-1.1255313,-0.3022479,-0.2640025,0.3564335,0.030074898,-0.21444291,1.4276971
0.09380311,0.22643353,1.751797,0.61452687,-1.049279,1.0020624,0.40982473,1.1164591
1.2348838,0.4992595,-0.93115187,-1.3823799,0.81763726,-1.063072,0.7590907,-0.03523907
0.057975553,-0.9835792,0.36654258,-0.06720333,-0.27825812,0.042837836,0.9026359,0.5337945
0.044881567,0.5613941,-0.43137857,-0.08878641,0.42175087,-0.026478874,-1.1263658,-0.14209661
-0.037210293,0.23729685,0.30750754,0.087510325,-0.017904572,-0.11052902,1.5600059,0.8942459
1.5667461,0.6613814,0.38536826,0.80495536,-1.4495655,-0.4027316,0.74170476,0.40840295
-1.0263368,0.52807015,0.68645847,-0.4480944,0.2743889,-1.3163326,0.7652778,0.72648287
0.5693069,0.16573149,-0.44836995,0.8977806,0.48434412,-0.2838776,-0.17910601,-0.08601154
-0.3959009,0.4691765,0.030160591,-0.35185996,0.049922172,-0.062696435,-0.53733444,0.5940725
0.06806915,-0.21360151,-0.7456805,0.3831492,1.3813448,1.1406798,0.045985695,0.95510405
-1.0714169,1.3301834,1.0834734,0.41813827,-0.27268726,0.16954371,-0.30265394,1.8957572
0.992916,1.3557063,1.7403882,-0.16120367,-1.5243298,-0.74230665,0.23058023,2.0664332
0.28821123,0.21172528,-0.4659333,-0.6706308,0.5285763,-0.07951796,-0.56298655,0.6887508
0.5964329,-0.09627223,-1.4902161,1.3809431,-0.13842712,1.4983459,0.130709,0.70305747
0.017714739,0.84815115,-0.9752674,0.13319391,0.38772205,0.7033952,1.7295017,0.9656886
0.4377473,2.3289537,0.9476749,-0.2053404,0.30313855,1.6494925,-0.4392197,-0.4073211
0.9750315,0.19681932,-0.48532665,-1.2667371,-0.7439789,0.27409866,-0.293983,1.6577482
0.5841931,0.1832179,0.4662116,0.79445344,-1.6213441,-1.2359589,1.5557771,1.803421
0.6453706,1.0241224,0.14009961,0.6202511,-0.53224564,-0.6662495,-0.31198612,0.014135923
1.1776959,-0.028030157,0.4893308,0.60779804,-0.15002249,0.42036146,-1.2297175,1.1628865
-0.50760484,-0.92580605,0.24088696,0.079781875,-0.009439537,0.06731458,-1.0500903,0.43838197
0.50258535,-0.48214817,2.6076627,0.50796956,0.91358,0.29777536,0.77393657,0.02150353
0.19959953,0.52995133,-0.47297975,-1.1555274,0.9422587,0.1650883,-1.1076959,0.1189848
-0.38022858,0.6687177,-0.21645683,0.8207272,0.1252,-0.0026508272,-0.7393471,-0.04240123
1.4987565,0.4450661,0.33341652,0.52715635,-1.0060513,0.7938054,-0.16132265,0.4113894
0.017942924,-0.37188554,0.0883542,0.11322862,0.48944187,-0.5186142,-1.0648035,-0.06657187
-0.9245561,-1.215513,0.12273716,0.68478316,0.12879047,0.65316135,0.4819067,0.4046314
0.541513,0.6799126,-0.4000629,0.44224533,-0.68431425,-0.3110548,-0.9219315,0.10508681
-0.14712301,0.94383556,-0.42094505,0.4087873,-0.0779411,-0.78192264,-0.39849013,0.7998234
-0.22456363,-1.1871578,0.2772071,0.5233033,3.0,0.66710424,0.05256671,0.041980185
0.3006842,-0.65124553,0.30637443,0.977581,0.23073968,0.26166692,0.053313177,1.0383167
-0.6921617,0.9117651,0.16687065,-0.4696997,2.6592088,0.17777213,-0.13284506,1.0606363
0.1430212,-0.4385767,-0.5352048,1.802335,-0.045129273,0.15892336,-0.36373124,-0.27420506
0.44512376,-0.72503257,-0.6341904,-0.14990191,0.06301006,-0.5253028,0.80599254,0.68012357
-0.56794846,-0.33015767,1.8217123,-0.21438058,0.35920462,1.6193094,-0.9924869,0.66343176
0.14208657,0.058897994,-0.039188106,-1.0360862,0.7797675,-0.29363495,0.25610793,0.35984388
-0.9312013,-0.23957743,-0.3207527,-0.8304308,0.35761076,0.3999051,0.9115306,-0.5255755
-0.13912767,-0.19343343,0.263047,-0.53549147,-0.117516786,0.024522047,0.52201027,-0.38601023
0.53553593,1.12888,1.110134,-0.3251168,-1.272623,0.58056766,0.60078335,2.903891
0.14763623,1.16495,0.17023373,1.1366665,-0.3070093,0.4340008,-0.38187203,-0.11684065
0.332686,0.046401594,-0.022280702,0.54966897,0.17176189,-0.33156985,0.93197376,-0.42728078
0.5394707,-0.340616,2.5251675,0.48037457,0.403431,0.21748176,0.16772693,-0.43910953
-0.051413454,-0.79379404,-0.19697577,-0.19939844,0.18854797,-0.25604954,-0.6464298,1.2104372
-0.24409688,-0.057069432,0.4519827,0.1003827,0.6856679,-1.580723,-0.013668096,0.6475369
-0.55085343,0.4983506,-0.6463948,-0.09033978,-0.15818803,-0.35350037,0.32817522,0.9015679
1.7198396,1.5214101,-0.72303605,-0.5608148,-0.5524764,1.3406234,0.22041932,0.22472394
0.87217623,-0.42171088,-1.1776338,0.6217691,1.13459,0.1055693,-0.95169365,1.4632803
1.9264194,-0.19455741,2.2251332,0.2667688,-0.55666596,-0.07810208,0.7804269,0.3099428
1.4579612,-0.14080234,0.09439156,-0.7467194,0.14659648,-0.52701986,-0.39937738,0.8132888
-0.42317867,0.09747265,-0.08365102,0.13933712,-0.32624963,-0.40586126,-0.025998097,-0.29705188
-0.618882,-0.6184923,0.33163884,-0.3212494,-0.15310618,1.6738946,-0.1824674,1.008227
0.83059496,-0.62865967,1.1681807,0.90526605,-0.44157237,-0.22895321,-0.78985405,-0.36796752
-0.29637122,-0.14551418,0.8603898,-0.5097985,0.3222924,-0.27415496,0.2114586,0.089097545
0.079311654,-0.0010359436,-0.059214428,-0.63642865,0.6480238,0.43444806,-0.39304328,0.2179313
-0.61271244,-1.3337264,0.040431455,0.903492,0.50822794,0.62048995,2.0923414,-0.5388651
0.29709616,-0.8432993,-0.57646364,0.042111397,0.5335924,-0.6194228,1.2672266,-0.5414466
1.057615,1.0714401,-0.5219898,-1.2561548,0.37941515,-0.54560745,-0.89867437,1.2543077
0.33918515,-0.22732255,0.24773163,-0.40289295,0.5886099,1.0233467,-0.22432996,0.6407238
-0.4727537,0.2656133,-0.4328945,1.9394428,0.5829128,-0.43194908,0.12323661,-0.7366579
0.1771366,-0.18618299,1.1170722,0.87731963,0.53860396,1.3539479,-0.4037459,0.019181158
-0.09664626,0.107396066,0.0999255,-0.86200243,0.20398277,0.41445726,-0.46178347,0.29810286
-0.011884786,-0.4512854,0.73459107,-0.30029163,0.8630723,-1.7789137,0.0403783,0.99956256
1.669626,-0.00828086,0.7472047,-0.8354395,0.20605893,0.42221788,-0.16970631,-0.27003342
-0.60938746,-0.48583782,0.21004647,1.0553914,-0.05650446,-0.85021675,0.21713555,-0.32788643
-0.8357187,1.3533967,-0.41730565,1.9347324,0.47993022,0.9888134,-1.3640739,0.25296918
0.7119817,-0.8099165,0.98291135,0.063563965,0.04032859,0.1973984,-0.7321001,0.57924414
-0.5185146,0.048503004,-0.24793425,0.69452447,1.3137411,-0.7967068,-0.2552837,0.58530635
1.3940629,-0.19705816,0.8894789,0.8689097,-0.6944236,-0.6082652,-0.30330503,-0.23332804
-0.40056032,0.64142007,-0.82069576,0.2494374,-0.84649223,0.08043207,0.50026864,0.4320624
0.1842424,-0.79324037,-0.2815738,-0.6311526,-0.16660377,-0.13897754,-0.12248279,0.56465805
0.2902173,-0.8943256,2.3554401,0.8706675,1.1692697,0.3346119,-0.19880903,0.0019996539
0.4030834,-0.37928885,-0.16195512,1.1620203,-1.2284235,-0.5658363,0.5944112,0.85738224
-1.5181103,1.2933922,1.3049126,0.31950283,1.1513243,1.5502925,1.0731069,0.3714395
0.20887092,1.5448277,0.10097498,-0.4670168,0.47036693,0.7061211,-0.42875582,-0.25546014
-0.2249932,0.5521386,1.5061233,0.1659048,-0.33270115,0.17671815,0.20132972,-0.4511086
-1.1680268,0.395864,0.28692752,-1.0042487,1.2588512,0.5358475,0.5170379,0.13202798
-1.2536881,0.83000803,2.0000613,-1.6214635,0.57485807,0.5299397,-0.92244357,1.0149236
-0.18124512,0.8098881,0.7516205,0.61992973,-1.3405373,-0.2719886,-0.778129,-0.34778497
-0.047729418,-0.7023117,0.3325987,-2.2412133,0.5634176,-0.7696432,0.6242602,0.73473847
0.8555351,0.12239489,-0.31755546,0.3266238,0.79723173,1.3434196,-0.4853295,0.33927467
-0.6331387,-0.2692996,1.610552,-0.47000828,0.8010222,1.2653296,0.14205919,-0.21598548
-0.72260714,1.2860209,0.12059892,-0.45966336,-0.45111558,0.71509546,-0.24700601,0.08767688
0.7771563,1.4205042,-0.2777006,-0.9854113,0.20578602,0.47378883,-1.7298728,-0.339959
-0.42363983,0.3272259,-0.947125,-0.21358041,0.6117183,0.2317687,0.20283125,0.1515522
0.24574581,1.3775038,0.06857333,1.2751058,0.11322714,0.3056975,0.68591774,-0.82792664
-0.44122612,0.518635,-1.3116509,-0.20818882,0.8066256,-0.80661523,0.05299842,0.38354725
0.08726566,0.3785977,0.6640382,-0.76060134,-0.83501214,-0.6463867,0.08110084,-0.11562244
-0.3512559,0.93194085,-0.152556,-0.72963476,-0.7573577,-0.4893507,0.002887506,0.27881154
0.0012115352,1.010606,0.39434525,0.5106046,1.3694122,1.6493466,-1.2200059,0.3237109
-0.23412296,-1.1208411,-0.05275184,-0.81209147,-0.18878734,-0.38801852,1.3398123,0.22761229
0.15573625,1.2886537,0.0048734806,-1.1029876,0.49981862,0.52405584,-0.9675519,-0.2560751
0.015675161,0.37265712,0.82840586,-0.8531412,0.09055966,0.16546749,-0.14279717,1.3496487
1.2147248,0.46062398,1.2399546,1.1807271,0.13938895,0.7403935,-0.08904216,0.55373424
-0.37742862,-0.09163609,0.08844601,-0.15896648,0.63750386,-0.011411296,-0.015648652,-0.19635558
1.557889,-0.8857954,1.2525188,0.4579647,0.3935057,0.23233917,0.25556245,-0.04601913
0.31931144,0.15079366,-0.3367174,0.23415193,0.4847949,-0.85135776,1.8456033,-0.5824665
-0.74624246,0.9964562,2.0225432,1.7952886,0.24344681,-0.8144912,0.11837053,1.0273331
0.27396184,0.8037938,0.35591662,0.8391656,0.10253034,-1.0417827,0.060462866,-1.1212449
0.6152217,-0.3330826,0.107934676,-0.011941407,-0.81536436,0.6359419,-0.78519464,1.7246135
1.6217259,1.498932,1.5216918,-0.3824911,0.74923956,-0.14018913,-1.1505489,1.5017438
-0.47145176,0.075586915,0.4745019,1.1694121,0.87490326,-1.3054178,-0.09630969,0.4689716
0.283411,-1.2124033,-0.5118789,-0.45966807,0.41394037,-0.083179384,0.5816587,1.0274932
0.41063,-1.121995,-1.2632006,-0.1309033,0.615592,0.5897938,1.4865072,0.146567
-0.23287839,-0.022281885,0.8665634,-0.9748771,0.260701,-0.84210145,0.7492647,-0.14260808
0.6325554,0.07550592,0.31846997,-0.063183054,0.58159906,-0.55958503,0.9048895,-0.5075573
-0.91930175,-0.4641653,-0.1098584,0.44879606,-0.28297612,0.8750186,0.5182489,-0.17099309
0.02196429,-0.45096242,-0.56547016,1.3808777,-1.1935357,1.1266117,0.5606012,0.913032
-0.73663086,-1.2169285,-0.9860898,-0.0039441325,0.6079812,0.46807107,0.22397049,0.06893733
-0.24025843,0.45699802,-0.058996573,0.435043,-1.1553386,-0.044998363,0.3977916,1.1130663
0.82842,0.7622,-0.19532445,-0.22221734,0.45519096,0.074277736,-0.9353304,0.45305377
0.59994733,-0.20445663,0.5444763,-0.89147496,0.6298828,-0.40427235,-0.04986443,1.26429
0.22540164,-0.18876272,0.22984675,0.59459955,1.1398939,-1.2944491,0.7816236,-0.017452374
-0.5153334,0.93826157,1.4571998,0.5771617,-0.84446466,1.5761557,0.17506021,0.5960586
0.15197873,-0.7383202,-0.0831606,0.45575488,0.049825158,0.9269342,-0.07921496,0.22653571
-0.6850726,0.17590693,1.4440027,-0.66476554,-0.41184726,-0.3893004,-0.31042477,0.781754
1.1207095,1.9819613,0.3060987,-0.41312757,-0.34334445,-0.69505674,-0.53267497,0.7310284
0.35395366,1.1945851,-0.114474855,1.0462644,0.1585183,-0.37093094,-1.1920714,0.10113934
0.36124712,2.827678,0.91807914,-0.9469903,-0.28081077,0.48444408,-1.1879672,0.4018071
-0.0004544258,-0.9772311,-0.66061443,-1.51745,0.47628692,1.285269,0.5215839,0.76210886
0.9129281,-0.006637236,0.6672182,0.68179595,-0.21790063,-0.3025469,-1.3162472,-0.16793683
0.4734084,-1.2190491,0.61317766,-1.3139862,0.9361771,-0.5090864,0.99800193,0.44749808
-0.012081511,-0.06737773,-0.009968897,-0.3565593,0.60287607,-0.57061094,-0.38812757,-0.08366864
1.0098231,-0.817915,-0.4717368,1.500256,-0.7008055,0.65595466,1.4193242,0.12601782
0.13048638,-0.63779664,-0.7253566,0.69223255,-0.5286831,-0.2786049,-0.5670236,0.7187704
0.58101195,-0.6771844,1.1901209,-0.905834,-0.3180644,-0.06952538,-1.2298394,0.8034738
-0.054966316,-0.39211825,-0.10831658,0.3018695,1.6254749,0.085203916,0.34900245,-0.005478941
1.0296689,0.6226051,0.22543609,0.37803167,-0.2962624,-0.25510362,0.4522721,-0.70769525
1.2348746,0.27354878,-0.53386563,0.31568795,0.62334263,-0.510384,-0.9088374,0.7365948
-0.0099657625,0.67595893,0.3664135,1.4858252,-0.3843635,-0.21049911,0.36257645,-0.6234046
1.0719316,0.3909086,-0.38867337,1.0782228,-1.069,-0.36258334,-0.35593587,-0.1429438
-0.8190712,0.74730587,0.07209778,-0.15582772,0.49630833,-0.44550353,0.03473482,-0.21137607
1.3936204,-0.4765201,-0.13526914,1.1914353,-0.005502902,-0.13286632,0.047860343,1.5406895
-0.48267728,0.1152305,-0.30303717,0.66899174,-0.21696109,-0.80274314,0.3119674,0.5990943
-0.67202604,-0.5481171,1.0368557,-1.3244979,0.23307359,0.7816996,-0.45352352,1.0174147
0.18332909,-1.0204759,0.17925942,-0.43125582,0.47080657,-0.8994724,0.6063355,1.7821676
-1.0369825,-0.54451776,-0.10501502,0.7053011,-1.0131276,0.5972098,0.5088593,-0.28645286
-1.4432777,-0.81374604,-0.26437926,1.3461063,-0.069867186,0.9800789,-0.71502143,0.25443637
-0.7671227,-1.0074018,0.5038349,0.22867253,0.32934883,0.008213293,0.059949327,1.3813335
0.6040287,-0.21750477,0.35271218,0.56613165,-0.06255118,0.76070195,-0.0051062834,0.68617725
-0.804093,1.1198248,-1.0179224,-0.8172585,-0.3492824,1.1186247,-0.60959893,-0.7645027
-0.53903604,0.73892564,0.15027213,-0.2335857,0.055671632,-0.28617,0.5665071,-0.4293537
0.37452862,0.12874079,0.17673844,0.43507162,1.6423894,0.11612186,0.36287183,-0.64669913
1.7635756,-1.851824,0.124537684,-0.3995818,0.9729892,0.19871771,-0.14840202,0.23223183
0.010125961,-0.34175804,0.7246408,-0.14051388,0.9595923,-0.6038698,0.7259271,-0.29326445
-0.520877,-0.21952626,-0.09536096,0.06416353,0.6133478,-1.0580724,0.46599254,-0.42658782
0.37068996,1.0604963,0.17791483,-0.8449506,-0.46930507,0.80753577,-0.38300082,0.60029364
0.5021705,0.36828837,-0.46522114,0.14359358,-0.49047622,0.55548656,1.2909846,-0.3574635
0.7546045,1.1157215,1.0957445,-0.051282983,1.1237265,0.7241747,0.8104586,-0.5607169
0.76462096,-0.27945316,-0.3571349,1.02475,-0.17942086,-0.31570658,-0.13717777,-0.0415698
0.11930373,1.7282827,-0.34334207,0.8551123,0.33254066,0.6722027,-0.38536528,-0.7845848
-0.39778376,0.53359073,-0.00013058074,-0.23077844,0.8323793,-0.7539055,-0.00886919,0.56084883
-0.5377337,0.8563122,-0.612931,-0.6657158,0.22183804,-0.5096676,0.5623801,-0.08683478
-0.054540068,-1.2923452,0.2902122,0.02354941,1.3617383,0.28757396,-0.81101215,0.059022658
0.11907809,0.23340487,-1.0770793,-0.33508128,0.018656846,0.8175582,-0.5591458,1.3382133
-0.11576582,0.4451729,0.084097706,-0.44250965,0.59979695,0.99442875,-0.7610817,0.07079818
-0.9883876,-0.39090514,1.367767,-0.3513537,1.3071945,-0.1444066,0.16860665,-0.6564514
0.13472392,0.3910986,-0.333615,1.0384568,-0.41685456,-0.4515667,-0.05444605,1.7967459
0.9193109,2.924046,0.19484934,0.5118688,0.70486873,-0.4560739,0.56886095,-0.60613084
-0.31432822,0.48340616,-0.3747239,0.007521771,-0.31924516,-0.77600104,0.07579045,-0.20133674
0.3734824,0.29180425,-0.57763535,-1.4572729,0.20254087,0.05147145,0.32584137,-0.07563139
0.9273206,0.31477728,-0.62511975,0.9657822,-0.5056666,0.37537572,-0.2759874,0.36774346
-0.17063275,1.1980816,0.29578924,0.11892569,-0.63579106,-0.086398765,2.197579,-0.12207546
1.8988872,-1.027924,1.3229845,-0.6530239,-1.0183698,-0.04435364,0.28372148,1.7031832
-0.3441486,-0.267647,0.073150665,-0.25568947,-0.38143432,-0.299215,0.19441324,0.43408597
-0.4890461,0.05881893,-0.687486,0.68920064,-0.5336712,-0.33709702,0.72880185,-0.13948613
2.9925413,-0.668185,-0.12738633,0.8634623,0.06622589,-0.18034089,-0.6454026,0.0136674605
-0.36868227,0.14483987,-0.058038082,0.871442,0.021528203,0.16086634,-0.5347131,-0.54300964
0.01841839,-0.42916355,-0.6917754,0.76604486,1.0772206,0.30321562,0.5307542,-0.5143287
0.09595692,-0.43376824,-0.35050678,0.6524413,-0.14207932,-0.36228237,-0.939302,0.5656907
0.25800428,-1.582647,0.5001752,0.8332137,0.7410423,0.15633059,-0.35843572,1.3478323
0.18357752,0.029843833,0.7212178,0.10130679,0.48969966,-0.5867362,0.0002308432,-0.5764944
0.22401309,-1.0071234,0.6500018,1.3209116,2.1606266,-0.59174776,-0.30621794,0.87028354
0.3331297,-0.22607896,0.5747395,-0.26517123,1.3656454,0.38753545,0.03646818,0.015469078
-0.40808746,0.026746474,-0.33036536,0.72488624,1.9499389,2.7384684,0.77249444,0.18271855
-0.6405787,-0.774179,0.21878591,0.17384312,-0.1138516,-0.43169928,0.79211247,0.8175873
-0.42593595,-0.56424594,0.73805016,1.3492548,-0.4257223,0.13258862,-0.10849893,-0.25319862
0.15912205,-0.18657145,-0.75039065,0.4087914,-0.07025646,0.9654622,1.0264716,0.9982459
-0.97107315,0.6528531,1.8307059,0.41994813,-0.31399512,-0.004193416,0.26888424,1.1397079
1.408168,-0.14921921,0.118072085,1.1162798,0.32995087,0.97425544,-0.91826946,0.9084178
-0.2478897,-0.19055387,1.2648495,-0.5477431,1.0901297,0.12589672,0.6336881,-0.48140815
-0.3275101,-0.5206073,-0.2861424,0.29773274,-0.48304573,1.4880667,-0.45538288,1.513674
0.038033154,0.3002148,0.5270221,1.2187873,0.15212066,0.12487519,0.64797956,0.34917328
-0.8748216,0.23291188,-0.748838,-0.32269517,1.1909811,0.21187843,0.96438146,-0.925919
0.7628683,1.64678,-0.4339544,-1.802616,-0.19406958,0.4162105,-0.17068829,0.5148967
-0.50000215,0.34397542,-0.0106574325,1.1625041,-0.7165748,-0.58220875,0.3879417,0.101985425
-0.7935563,1.148676,0.69765484,0.33672526,1.6533206,0.7960366,0.4919306,-0.20295325
0.80890745,0.32985938,0.6926348,-1.1564875,-0.89140207,1.2605228,-0.34178975,0.2070311
0.9705703,-0.63401675,0.67132187,0.35032773,1.4159857,-0.056059256,0.47909725,-1.0274981
0.5924977,0.37823784,-0.040035445,-1.0522345,0.31354663,-0.36392674,0.5254376,0.21639979
-0.944649,0.046909247,0.44416487,-0.14093855,0.5800398,-0.69983697,0.20341381,-0.35162368
-0.23602465,-1.1115717,-0.027880706,1.0864753,0.45678216,0.23536347,-0.34457475,1.6287194
0.7800702,0.9100275,0.7937484,0.21667743,-0.9378128,-0.32462633,1.063074,-0.060532443
0.6500928,-1.1878797,-0.5154604,1.4589655,-0.36373362,0.78748554,1.6928574,0.8986066
0.82086027,0.6538794,-0.20266715,-0.773635,1.994715,-0.18075016,1.2113373,-0.47830376
1.1342183,-0.18510698,-0.4466137,0.3464722,0.051739458,0.70276695,0.064667135,0.4034616
-0.2321234,-0.3316732,0.97003883,-0.039156225,-1.0623696,-0.040013023,0.517711,1.1063724
0.0883954,0.73560166,0.06879782,0.4844951,0.5521024,-0.46183586,-0.077058375,-0.557534
-0.5875231,0.64151746,-0.52722496,-0.12557964,-0.94724053,-0.3370878,0.36892536,0.17065415
-0.35726884,0.057656877,1.3458186,0.5295481,1.6262147,-1.9402423,0.28443182,-0.31654784
0.16267365,1.3221288,0.8004005,-0.2576015,-0.84452415,-0.35850188,-1.5180525,0.48245525
0.72323656,1.1903213,1.6586214,-1.5646758,0.087143116,1.7820036,0.0538336,-0.60560685
-0.005192615,1.1889364,0.13133952,-0.40222505,1.1499436,-1.0296285,1.0327435,1.4185491
-0.8881771,1.1420456,0.43568075,0.36504728,0.09234842,1.1027933,0.42524475,-0.045343094
0.039465673,-0.19819906,-0.6846359,1.0627046,0.582809,-0.9761696,-0.70397896,0.25920746
-0.11544969,-0.7734316,-0.46165836,-0.3256264,0.8110052,-0.22824916,0.57795995,0.5692772
-0.28497913,0.16502422,0.60551727,-0.5931328,0.16450909,1.2848535,-0.6082726,1.6522262
1.3572645,0.26961604,0.30051365,-1.1680952,0.028548788,1.1965996,0.5435435,0.15362212
-0.33797163,-0.62079823,0.0042259935,-0.8233006,0.7005606,0.6133004,0.5115861,0.14800353
-0.33722728,0.73609495,-0.90667754,-0.8777921,-0.003118128,0.1657042,-0.19053599,0.020005114
-0.013951935,-0.24902193,-0.51010823,0.39334208,0.9659319,-1.1816696,0.29457545,0.18824589
0.4718909,0.93610644,-0.2882267,-0.19140792,-0.15643668,0.77722424,1.1129099,0.018199235
-0.5579199,-0.12609988,-0.14001808,-1.2690907,0.9193357,1.5039454,-0.47367424,0.43410808
-0.62835276,0.8479513,0.08408275,-1.2059805,0.5144023,0.35063556,-0.28460675,-0.44839278
-0.07800663,0.0807953,1.6125493,0.09649426,-0.051368866,-0.03491559,-1.4638939,1.6498874
-0.36706966,-0.12878506,1.0823299,0.17053215,-0.19817124,-0.028541682,-0.24800694,1.1759189
0.05806784,-0.12605774,0.8302467,1.1911774,0.557224,0.19920011,-1.0814492,0.4456999
0.7820264,1.2834051,-0.049779013,-0.80337375,-0.09623141,-0.00041223876,0.48307198,-0.37875146
-0.75070286,0.3657611,2.0728302,0.9197915,1.650551,0.3250023,0.058756355,0.24987665
1.3127595,-1.5631497,-1.2627529,-1.1258897,0.9140964,0.8419828,1.1822916,0.6761271
-0.6687013,-0.09508811,-0.40260988,0.08538818,0.40440866,-0.79591286,-0.01990544,0.5384245
0.5483336,1.6081052,-0.6543484,-1.0840477,1.1508704,-0.3009897,0.93814975,-0.4056242
-0.066703565,0.040758766,0.7973054,0.6221361,-0.19619207,0.6516884,0.164264,0.47611916
1.3398778,1.2487029,0.42996612,-0.8193428,0.3316643,1.317056,-0.5884637,-0.18352729
-0.8562512,0.7601231,0.07523487,-0.3932364,1.0293741,0.9658868,0.31491467,1.7374712
-1.1705291,0.29552862,1.1021197,-0.008263122,0.524222,0.9583216,-0.26420796,0.11749226
0.29796192,1.0250593,-0.00035622343,1.0077177,1.7921252,-0.42739075,-0.6149371,0.827694
-1.026261,0.14181155,-0.5658154,-0.28112596,0.6271896,0.38391864,0.54297465,-0.2716691
-0.3367567,0.022331417,0.24123162,-0.6430194,-0.19212435,-0.14864045,0.39899307,-0.423465
0.6136394,0.69874287,1.0658863,0.68863934,1.3154877,-0.34290686,1.2120309,0.19400091
0.5799185,-0.4925213,-0.7511837,1.8403147,0.78684276,-0.5061685,0.8806851,-0.014297597
0.092167616,0.5520973,-0.36752766,-0.19246262,0.9990521,0.5639884,0.23667242,0.04529768
2.103161,-0.93109274,0.5088059,0.8981161,1.2375317,-0.45459467,0.2368166,0.3030856
0.32436827,0.47863787,-0.23040456,0.5954828,0.582685,-0.6117916,-1.0802412,0.59026784
-0.10537932,0.7630421,-0.5112303,0.7441797,0.07046248,-0.47017705,-0.009415835,0.7118826
-0.82900167,-0.098738536,-0.4401059,-0.328098,0.1153192,-0.5393744,-0.8008661,1.1733571
-0.57615167,-0.4882421,-0.82306224,1.2754904,-0.08064786,-0.20557031,0.4102039,0.74076134
0.80437946,1.1996903,-0.3454149,0.68391544,-0.4939556,-0.25423726,0.13476548,-0.39653236
-1.3198445,-0.06622867,-0.107086204,1.1425915,1.3117546,1.0609938,0.033229068,0.72096777
-0.7086303,-0.7139601,0.30119488,-1.1443783,0.02470211,-0.22854716,-0.748646,0.32801965
-0.15929621,0.19402857,0.18098333,0.18083549,-0.055264924,-0.99190295,0.02540603,-0.37535217
-0.08174392,0.6075687,-0.079024225,0.2589187,-0.26407734,-0.14225821,0.07732111,0.722845
0.559188,0.6852697,0.092896804,-0.5620482,0.43756872,-0.32945853,0.5269933,1.209575
-1.1978637,1.42115,0.39789802,0.79706913,0.8985073,1.3756685,-0.40539962,1.6620036
-0.5985825,0.96950185,1.1232635,0.33180353,-0.33501872,-0.027359458,0.33990315,-0.20661491
-0.6516534,1.2831023,-0.5441699,0.41680878,1.2980717,0.07304773,-1.1014295,-0.77028286
0.89094245,-0.44452608,0.081703335,-1.1842145,1.5800314,0.8937773,0.5884717,-0.4394696
-0.90139186,-0.29942504,0.3221211,-0.461616,0.41210702,0.62717736,0.32070816,0.0024057701
-0.037486307,-0.42481387,0.2539554,0.2379788,-0.25885096,-0.5738365,-1.047968,1.0800061
1.0786746,-0.4268025,-1.0036182,1.4648666,-1.2268993,0.3997759,-0.43476182,0.80053836
0.6498242,1.0141379,-0.15869904,1.2761136,0.60109913,1.1260326,-0.891754,0.03348429
-0.076456256,-0.850873,-0.45329586,-0.6427186,1.572148,-0.45245698,0.28910694,0.46137917
-0.13711911,0.8870771,-0.19870108,0.01982325,0.59933835,0.22031592,0.6531804,0.09334601
-1.1846614,-0.49370176,-0.37603807,0.39823824,0.46517712,0.42615774,-0.015781458,0.3918528
-1.07858,-0.71406174,1.7564042,0.9178206,-0.728508,0.02893591,1.3146205,-0.41130218
-0.28824246,-0.52248967,-0.25039333,0.17624821,0.7438215,0.0030507613,1.180253,0.55159354
-0.7661645,-0.23469795,1.0250546,-0.1449687,1.7716485,-0.33909822,0.6071062,0.5664257
0.71577066,1.5209996,-0.4611017,0.6026055,0.9596939,0.82513285,0.48046386,-1.509003
0.14165002,0.5326681,0.20522362,-2.3193784,0.5315128,-0.033983402,-1.1935481,0.3226349
0.102556445,0.52149326,0.60513955,1.4062818,-0.0026969262,1.8704097,0.6247129,0.92614335
-0.4286892,2.3384717,-0.05140855,1.0277746,-0.5215886,-0.12606493,0.8178146,1.8814101
0.15943934,-1.1104289,-0.42181048,-0.6454488,-0.33366507,0.094411515,0.045103427,-0.36921135
1.4329809,-0.23417483,0.16546518,0.0003312342,-0.14871591,0.38449362,0.21118845,0.113269314
-0.46620464,0.46353287,-0.053235747,-0.7353657,0.585405,0.1849462,-0.76928985,0.7425514
0.44138077,-0.009759575,1.631086,-0.3804033,-0.13075674,0.54982483,-0.10668118,-0.6039402
0.18793252,0.2230903,-0.057137355,-0.6619476,0.5876241,0.50270563,-0.54610825,0.027358014
0.42893967,0.58954585,0.43602198,0.039928563,-0.8574336,-0.8227346,1.8799891,-0.6519942
0.2825453,-0.10254879,0.18853295,-0.0278044,1.0926403,-1.0297611,-0.58869624,-0.2714204
-0.17497659,-0.115987286,1.8673015,0.21540211,1.6296467,-0.45124123,0.18615796,0.26074308
0.13528022,-0.108066544,-0.40989244,-0.050962497,0.6379804,-1.0548011,0.18281613,1.0424048
-0.2934795,0.4438461,-0.02198928,-0.29747516,-0.13415176,-0.9379861,1.3761867,-0.7554267
0.65722376,-0.50194913,1.0683789,-0.5122045,0.1769081,-0.80323684,0.15610443,0.8217098
0.21350875,0.037304047,0.5641346,0.07264007,1.6872349,-0.688563,-0.20424476,1.387608
0.6319144,0.3840098,-0.18784383,0.9430874,0.0703584,-1.5006331,0.15020972,-0.2444312
0.61678714,1.4329714,-0.111706644,-0.15278433,1.208889,0.6945305,0.370003,0.9597455
0.8447523,-0.9468862,0.6021154,1.1247681,-0.18541148,0.9810068,0.6736835,0.24215737
0.77017176,0.52864045,0.6982195,-0.7289905,-0.6924362,0.3867485,0.092577666,0.552953
0.02464775,0.100908265,-0.07807869,-1.389805,1.9019128,0.47744465,-0.5609805,0.31552118
-0.06558011,-0.06503004,-0.5512392,-0.59335655,1.0988262,0.57332325,-0.22440436,-0.55805665
-0.4986909,1.5449793,-0.3340624,-1.428336,1.3694775,1.1668746,1.0070786,-0.02907011
-0.3214299,0.5542882,-0.6488817,0.3849445,2.6158457,-0.20045987,-0.18708375,0.79242396
-0.2956403,-0.68009263,1.2277108,-0.26448783,1.5413324,1.0408993,0.087346554,-0.9072867
0.30697152,-0.14035353,-0.43191767,-0.2618345,0.35956877,-0.02143625,0.084218234,0.27725142
-0.4891777,0.6271718,-0.47584367,-0.3929832,-0.75239193,0.10044054,3.0,0.31005102
-0.032241963,-0.07204698,0.5322118,0.7653441,1.5793377,-0.72336507,0.9529962,-0.32238325
-0.4514197,1.7167534,0.18045348,1.1211548,1.6760614,1.1051252,0.93573105,-0.45888016
-0.6882945,0.7589974,-0.8096733,0.40964225,0.738929,1.1737641,-1.1321784,0.3141692
0.4051131,-0.79036856,0.22479117,0.80291647,-1.4135923,0.08482349,0.29102954,0.16511238
-0.6125662,0.8305303,0.44335157,0.55831426,1.2903107,-0.781533,0.94294757,-1.2118702
1.7550275,1.2554677,0.16222823,-0.32953024,-0.423272,0.866203,-0.4850762,0.935529
1.0791461,0.930685,-0.28826147,1.1305814,0.8427852,0.0026034415,0.7302889,-0.44075343
0.7609048,-1.0788077,-0.6426234,0.3942392,0.70257205,-0.3101084,0.98620856,1.3635094
-0.8856035,0.43762553,0.30191752,0.49805707,-0.14331032,0.94148445,0.007482156,0.36984086
0.72069985,-0.628541,-1.5663309,1.2401063,-0.6673531,0.46738863,0.8298913,0.37025014
0.14302231,0.3650996,0.28842443,0.6065267,0.47234434,-0.19188054,-0.20131402,0.12274809
-0.2841782,2.371947,0.3689628,-0.0576556,-0.6224758,-0.27973422,-0.30443698,-0.33828464
0.82591707,-0.7786519,0.5783026,0.78626394,-0.6334667,-0.21623535,0.29313317,-0.23351905
-0.7046176,0.20334804,0.5517963,0.03385454,-0.36936548,1.1061254,0.3348437,-0.3670204
0.76960045,-0.3816931,-0.15644535,-1.1167911,0.5502877,-0.79427737,-0.3860989,1.4741558
0.19819915,0.09823878,0.8202517,0.9430977,-0.70616424,1.4644643,0.17566255,0.5878146
-1.0616812,0.54798025,-0.11163336,0.070160635,2.1197817,1.3860962,-0.93979555,0.7721948
0.033598967,-0.28092614,0.2884415,0.98989457,1.0997269,-0.44856644,0.43015796,-0.9141608
0.025537182,-0.4292287,1.4069762,-0.04684821,-0.067961015,-0.5506729,-0.9739906,-0.36968222
1.0113198,0.73378074,0.29929155,1.0241972,-0.6787883,0.16757128,-1.6778827,0.45312673
-0.44074994,0.8027756,-0.18160078,0.31884396,-0.38892686,0.011813485,1.2872244,1.4881097
-0.2906246,0.1170913,0.31032076,0.30033302,-0.2344166,-0.31443524,-1.0283473,0.7765053
-0.038151145,-0.3536236,0.47904655,-0.004789766,-0.5463638,0.38223076,-0.6553777,-0.2307784
-0.5270845,-0.87202495,1.1517156,0.49300978,-0.30653298,0.4844736,0.16462101,1.0738515
0.87979037,0.2247282,-0.14356384,-1.2092612,-0.2502238,0.8696352,1.4796163,0.18865523
0.2838745,0.15215941,0.5431542,0.12814839,0.8447423,-1.0401046,-0.50379485,-0.010600224
-0.71203995,0.08579916,0.5023052,1.1679118,-0.20808063,-1.0574787,-0.4596259,0.43748176
0.053791814,-0.5777633,1.6194632,0.2876981,-0.38989505,-0.90162885,0.023132402,0.1063481
0.99712604,1.1393352,0.985708,0.6672883,0.26020867,-0.41049242,0.8177115,-0.6123796
0.1266923,0.6738256,0.18243924,0.66162556,0.48619524,-1.1198266,0.91458964,-0.12958595
-0.7263228,2.1603806,-0.18311822,-0.53042305,0.19588006,0.21187165,-0.61189294,0.38281718
1.1102937,-0.0077847615,-0.18252093,-1.3815548,-0.13335814,-0.50820935,0.20818909,-0.052227415
-1.5705143,1.4479095,1.85102,0.8645731,-0.13489741,1.3530265,0.5421049,-0.319325
1.1601901,0.20270103,1.2560211,-0.5837546,-0.5743617,1.1829239,0.40546617,0.915204
0.49884802,-0.036718782,-0.42020375,-0.6615362,0.30018282,0.5208814,0.05701525,-0.39799362
0.3084649,-0.11359845,-0.50901693,0.98590344,0.7277262,-0.62807626,1.255312,0.27245077
1.0088949,-0.31184492,-1.3030071,0.40607598,1.3182824,-0.004860701,-0.17350881,1.2760726
0.098792106,0.25969654,0.44049457,-0.4651108,-0.88600576,-0.38467467,0.14373451,0.35738263
-0.7219084,-0.2858515,-0.5857095,-0.6275958,-0.51442856,1.1910022,0.94275886,1.0363063
-0.37776858,1.3348576,-0.022942262,-0.16869096,0.9107086,-0.581635,0.802785,-0.15707982
-0.018235438,-0.16870598,0.3974636,0.92347986,-0.52024484,-0.55313516,0.4778499,1.264281
0.23734507,0.48416284,0.014020052,0.46934143,0.50080824,-0.41383097,-0.7475181,-0.40105236
-0.60253984,-0.54924667,-0.52332443,0.49231213,-0.27564928,0.33539075,-1.092944,0.5618441
-0.44705164,-0.21134509,1.4346865,-0.5642308,-0.60318506,-0.3839925,0.84700704,0.66739434
2.7606494,0.30736652,-0.487702,1.4467643,-0.1171464,-0.5639916,1.3698413,-0.4789804
-0.28808573,0.21164674,0.11940097,0.80602604,-0.6853812,-0.086234175,-0.8963218,0.50506777
-0.4383213,0.09839277,-0.21049064,-0.006759811,0.058053195,-0.47310096,-0.75733835,0.32554075
0.8353359,0.7205504,-0.09432057,-0.121025905,-0.044161934,-0.82887214,-0.3188493,-0.746032
-0.3685006,0.32849798,0.3203866,1.6014769,-0.7602203,-0.3317563,0.17208555,0.59028155
0.6052742,0.5272028,-0.45520937,0.35717496,0.33347723,-1.0176167,0.26035824,-0.6154087
0.15990162,-0.39848065,0.36745486,-1.5784152,-0.41312104,0.65305954,-0.8350883,1.224481
0.631882,0.7009128,0.01788656,-0.4758061,-0.06484357,1.0326177,0.79705834,-0.05939827
0.5995355,-0.4504472,-1.0177794,0.7926538,0.1369975,0.86496186,-0.8920475,1.0499675
1.5068034,-0.64737606,0.42657152,-0.10122381,0.05663357,0.80721915,-0.95878243,0.13602634
-0.3256475,0.8505038,-0.4870352,-0.09289913,-0.7639639,-0.9016788,0.3093469,1.1071268
0.45404148,-0.7183294,-0.294438,-0.5068605,1.4503971,0.22318248,-0.81566113,0.3988521
0.9056623,1.0064775,-0.521678,0.055839222,1.0231977,0.15612233,-0.4252958,2.5364149
-0.25656262,0.7753843,0.19008404,1.0345062,-0.2067403,-0.42295372,0.036474142,0.23032516
-0.45614433,-0.42691702,0.051667742,-0.78777444,-0.10010186,-0.6782081,-0.47039366,1.7861983
-0.38504425,-1.0514331,0.21066764,1.6070724,0.21869831,0.1604249,-0.7276282,-0.13258919
2.6532137,0.6257299,-0.25117245,1.0604584,-0.49502838,0.89963084,-0.33507547,0.077607535
0.08390977,-0.22767712,-1.115752,0.5579889,-0.1884371,-0.4508713,1.6155969,0.8179504
0.09871785,-0.42723298,1.5378737,1.5370039,0.5754768,0.2246925,-1.2043343,-0.6591253
0.23679617,-0.4700966,0.21968424,-0.84365475,-0.115034804,1.0405463,-1.2203125,0.76944494
-0.0023246333,0.027680557,0.15238556,-0.018994626,-0.013800235,-1.9309428,0.8110175,1.1164329
0.92696965,0.3372373,-0.6899982,-1.1561743,-0.89891064,-0.8069984,1.2330574,1.1616178
-0.2939112,1.2022654,-0.32188606,-0.45704135,-0.48846322,0.2402354,0.011373483,-0.19303966
-0.45752156,-0.69082886,0.06677013,1.4098562,0.25550047,0.12714297,0.5008716,-0.4347234
-0.30192772,0.7068023,0.7262152,-0.39052102,1.6607635,0.5492994,-0.5240878,-0.09392998
1.2970932,-0.5948052,0.7271846,0.2664054,-0.24973969,-0.18690056,-0.39648044,1.5825174
0.16508432,0.47085726,0.7705301,0.17512977,-0.20819284,-0.7824654,-0.82930225,0.18213266
1.5726172,0.09612006,0.82350045,-0.7312373,0.61520344,0.06446887,-0.067600794,-0.11631959
-0.005456984,-0.9754201,-0.5935234,0.18079215,0.12241826,0.26890832,0.69428116,0.23242784
0.16322935,0.15650228,0.016448408,-0.5054302,-0.048523698,-0.24714366,-0.8970107,2.0563695
1.6337332,-0.28077525,-1.0798348,0.041078374,-0.2744952,0.73328894,-0.7281,0.027504858
1.0474775,1.4249971,0.088039264,-0.44343343,-0.09459237,0.7429451,0.18675537,0.07092634
2.4178636,0.95310456,-0.82642955,1.3718871,-0.48089945,0.99547535,-1.2339073,1.3728645
0.36208,-0.29162005,0.30555037,-0.4502314,0.03298529,0.066769004,-0.33433333,-0.37467062
-0.5510175,0.1691472,-0.749031,-0.3380151,1.0666924,-0.43754995,-0.13259222,0.97300035
-0.86312264,-0.25966257,-0.099067435,-0.33522683,0.5122075,-0.04047408,0.5252666,0.021329504
-0.3821445,0.58263576,0.8823278,0.21474215,0.8939893,-0.117667705,-0.3869574,0.46020624
-0.18467617,0.74561745,0.27881503,-0.19996245,0.05471772,-0.8549703,0.8684554,-0.30435944
0.1354051,0.79263824,-0.054289814,-0.24534138,-0.28812996,0.13516887,-1.0455985,0.71876734
0.9852645,0.007918525,-0.44261578,0.9654512,0.04823569,-0.35564655,1.9627503,0.5332572
0.640184,-0.31701455,0.45151937,-0.27593645,-0.04859505,0.49003366,0.119098395,0.06610085
-0.98893416,2.1289506,0.38667825,0.16797651,-1.0109339,-0.25625706,0.92530185,0.0823892
-0.9859412,-0.27299377,-0.86277443,-0.53411114,1.325567,0.5992089,0.15238012,-0.06860749
1.1154727,0.8578321,-0.700329,0.37311321,0.08132542,1.3682926,-0.09176543,-0.17685115
0.6131517,0.05649232,-0.1474312,0.2314248,-1.1485312,0.15986913,0.19397867,0.27010876
-1.2666452,1.1905653,-0.81148773,1.3700526,1.2556255,-0.04098568,0.7950446,0.3454022
1.0292794,-1.1403457,0.47903714,-0.75764555,0.3717801,-0.14179203,0.6339172,1.3918983
0.973186,0.060034975,-0.6632874,1.7400264,-0.72392684,0.1040144,0.18115175,0.8626159
-0.10258379,0.17154124,0.8561305,-0.31113794,0.58132327,0.7471543,-0.77685285,0.253675
1.2108464,-0.20387274,1.2837538,-0.06649515,-1.1929553,-0.38929084,0.7861241,-0.468015
-0.2621947,-0.1359234,-0.4484934,0.17038193,-0.5160146,-0.28398547,0.11917922,0.34455597
0.26869944,0.33125296,0.5885445,-0.7668659,1.2294486,-0.31472543,-0.62439287,0.85023224
0.861554,-1.4103074,0.6987373,0.1641936,0.4613441,-0.7573896,0.92095965,0.05999263
0.18143442,-0.30537134,-0.7449635,0.29276994,0.56599015,0.2746201,-0.38112575,-0.17033234
0.5560234,-0.08766684,0.3411837,-0.8258994,0.31291187,-1.3448538,1.0539211,0.5291738
-0.26021177,0.06081473,0.19753361,0.13155062,0.58816963,0.4413805,-0.271386,0.75673586
-0.021386974,-0.3880878,-0.265474,-0.7797257,-1.1116854,0.49601224,0.7614598,0.54133564
1.2798275,0.14518005,-0.27196476,0.29891333,0.6270013,0.10916889,-1.2519141,0.031887587
-0.07111821,1.799395,0.2014074,-0.26013505,-0.22768028,-0.86676186,-1.0420157,-0.17686051
-0.51757854,0.87457305,0.43392277,0.45011428,-0.20155226,-0.8983184,-0.30099425,-0.038296953
-0.5111509,-0.016121317,-0.62322867,-0.6354443,-0.5560388,0.033569686,-0.34413874,0.6824729
-1.216833,-0.5284418,-0.9437858,-0.08934742,1.593528,0.7239247,-0.6203,-0.12743825
-0.8590726,1.1222124,1.0531924,-0.16077901,-0.5479159,-0.005508855,-0.44927952,0.022895955
0.48231706,0.3639557,0.8955872,-0.2297595,-0.3693377,-0.8487813,0.29280224,0.06690227
-0.35865238,0.15895878,-0.5330181,0.13002317,-0.043819007,-0.49390814,-0.9204224,0.23699132
0.4793129,-0.17065321,-1.3344918,-0.7116925,0.5047494,0.42656603,0.9857013,-0.12989387
-0.42379427,0.036115844,0.92245936,-0.7023014,-0.41318682,1.2286162,1.6438655,0.012525972
0.8580996,-0.46793652,-0.42666632,-0.6119129,0.020978473,0.07832677,0.11131883,0.76998127
-0.04090745,-0.28156304,0.38616168,-0.16091695,-0.63657475,0.259118,-0.79052323,-0.08603131
-0.89212716,0.9538471,-0.7320483,-0.3562999,0.8660294,0.92817366,0.17082494,0.85275984
0.8963372,0.05803824,1.4258568,-0.7096574,-0.93336505,1.4720643,-0.08518423,0.5458021
-0.942963,-0.504442,-0.36577263,-0.4756516,-0.003933716,0.2723979,1.2885883,0.22406271
-0.01608076,1.0047929,0.78649616,-0.63082826,-0.37022144,-0.009411389,-0.30263215,-0.45521423
1.4098575,-0.5264879,1.0455842,-0.17823432,0.102935515,-0.4602179,0.12909278,0.008469254
-0.8767336,0.67190075,-0.4179567,-1.0637742,0.6633252,-0.35714728,0.7407353,-0.7415737
-0.031640187,0.069549724,-0.6215299,0.84158224,0.44229558,-1.2608058,0.9006551,0.8002089
-0.8058055,-1.2806201,-0.6729468,-0.010040034,-0.8535366,-0.06455428,0.30968362,0.88184315
-0.115062974,0.40537435,0.61386263,-0.92027265,-0.3435103,-0.62394565,0.7526398,-0.28728846
2.3017159,-0.092642054,0.30688903,-0.8710391,1.0430564,1.0851446,-0.0114056505,-0.90356433
0.766538,0.6510898,-1.063467,0.054802556,-0.8018546,0.94298446,0.19803745,0.17220205
-0.21658808,0.33089393,0.86060876,-0.5973414,-0.044593237,1.169233,0.7539737,-0.002280198
0.12023666,-0.3460816,0.024969686,-1.0254849,0.54701555,-0.49840298,-0.18026626,0.46559855
0.6258212,0.8791024,1.2747141,0.58977354,1.1442087,-1.3453032,0.2660153,0.3903011
1.1095176,0.26065484,1.4828182,-0.31484765,0.4764211,0.8104133,1.5800576,-0.7845775
-0.11413195,1.6119969,0.8852654,1.1227542,1.1482735,-0.17330886,-0.8159042,0.31802928
0.06829444,0.69454646,-0.10227528,0.2777546,-0.18697803,-0.28802434,-0.44912115,-0.42638376
-1.0144187,1.4417421,2.339203,0.8961401,1.2045723,0.06075822,0.8323959,1.164024
-0.28522456,-1.0386186,0.024045601,-0.33856574,-0.31889972,0.14670107,0.23034225,0.5290408
0.86997384,-1.1504674,1.7659227,0.31460267,-0.80785286,-0.7239403,-0.6470181,1.0627491
0.6611036,0.9635674,0.23575714,-0.61387557,1.2659887,1.2209649,-1.844806,0.63254654
0.67317176,-0.5093786,0.7664753,0.44617093,-0.37582475,-1.2545017,0.73954475,0.8432016
-0.3389808,0.12013571,1.3600496,0.48225555,1.0007988,-0.0016906541,-0.10268229,0.024167895
0.11164327,0.5752327,0.5044518,-1.333557,-0.12222177,0.15360548,-0.03171349,0.71438956
0.59662384,1.8144928,0.29381856,0.033659123,0.7607023,1.3775548,-0.24468562,-0.050941013
0.06966822,-0.090024844,0.29912293,0.56724584,0.7101125,0.18386883,0.6550551,-0.2033942
0.91189414,-0.35735035,0.926811,-0.17714265,1.947104,-0.14547768,1.3042947,-0.018419296
0.4274188,0.43676075,-0.42659876,0.6800444,-0.29158336,0.6706376,-0.4712351,0.37810645
0.14324075,-1.0517284,-0.38658378,0.48639524,1.5588372,0.19311546,-0.4634796,0.35858658
1.124532,-0.38418818,-0.8343213,1.0850265,0.3960057,0.20670803,-1.1173792,0.041286457
-1.0118951,0.2931558,-0.09415903,0.3287813,0.030651614,1.2637622,1.6687647,0.7617216
1.7879364,0.77162087,-0.9977641,0.75616133,-0.114024326,-0.66807556,0.6607677,0.016843114
-1.6703045,-0.15187965,0.52054054,-0.26844737,0.31134528,-0.5539279,-0.2569003,0.29655728
0.4714166,1.070131,-0.16252282,-0.60236734,0.032368716,-0.31746468,-0.6533839,0.23038396
-1.5379319,0.14696288,-0.8462241,-0.2584068,1.3774176,-0.099335685,1.0402787,0.45890802
-0.57603663,-1.5139023,-0.63003534,0.7967935,0.91154045,0.93588567,0.29682934,0.43048662
-0.3781564,0.44442073,2.3498197,-0.5427449,-1.0538327,1.4873004,1.4001724,1.1623839
0.22211161,0.685399,0.3248651,0.8265252,0.96728826,-0.5455965,1.4132328,1.9708719
0.0938334,-0.53239894,0.13941646,-0.040086154,-0.015485527,0.23396575,-0.4656569,-0.11819347
0.64520955,1.0257175,-0.6111475,-1.1809897,0.855855,1.5126302,1.1960073,-0.9587415
1.6729418,-0.3106658,-0.21320072,0.22053687,0.11270608,-0.8522245,1.125988,0.3904466
0.9851639,-0.8859752,0.5020375,1.0026442,0.027342811,2.2458735,0.61401296,0.75699675
0.96634996,0.0855495,-0.29883346,-0.4653062,1.0579671,-0.34611675,-0.7743959,1.1558937
-0.7926493,-0.51954526,1.3976887,0.41620338,0.58943284,-0.46939301,0.6720597,0.73341256
0.9504038,0.46273127,0.004545238,-0.5571403,0.46611038,1.8660948,-0.06421469,-0.12241984
-0.04088919,-0.7565742,0.5294809,0.6368711,0.66091716,-0.50746727,1.1596417,-0.87454146
-0.22131255,0.20364611,1.0174227,0.0020959713,0.025661148,-0.97356266,1.2341461,0.2268847
-0.9419067,0.22960852,0.5606769,-0.8146548,0.765823,0.1661742,-0.2043618,0.26488516
0.31183645,-0.4933251,-0.8011138,0.49500507,0.37314603,0.104630746,0.513463,0.02151199
-0.63201624,0.6194047,-1.3820221,-0.027110498,0.27641892,0.2949535,0.47683275,-0.44197348
-0.11347436,-0.70179045,-1.1754956,-0.3710083,-0.013945337,-0.039391056,0.12915793,-0.10666034
0.08681287,0.3030764,0.90727025,-0.18428835,1.2393286,-0.75816274,0.54543793,1.0252419
-0.5283544,-0.928384,0.47654587,-1.0518574,-0.6034925,-0.20542961,0.81452596,0.17023642
0.43379262,-1.1220806,-0.3920265,0.28120583,0.26624036,-0.10559204,-0.80257964,0.69029063
1.1082441,0.59312564,0.42150292,1.994619,1.4287916,-0.27492148,1.2421696,-0.16472694
-0.9200407,0.092029035,-0.77070206,0.8962233,0.3557795,0.6625747,-0.37242067,-0.20228818
0.41410992,1.1223048,-0.32426932,0.040060535,-0.649667,-0.69984573,0.7127817,0.19628522
-0.036118224,0.348072,0.48160806,0.81787694,-0.9688804,-0.71084595,0.350312,1.2501911
0.28073758,1.0936383,0.012648508,-0.17020592,-0.49066284,-0.24557638,0.25238526,1.9195101
-0.47961295,-0.54085594,0.4317369,0.99136,-1.0297449,0.1898095,-0.17805143,0.028487261
-0.18685481,0.5100529,0.8463661,-0.11539465,-0.5500845,-0.02847108,-0.4794853,-0.38141716
0.088480696,-0.09935355,-0.13384105,1.2207984,0.5940768,1.1078271,1.2228237,0.707997
0.03424341,1.4918076,0.41541594,0.8772022,-0.53126574,1.1489369,0.39523363,-0.66246086
-0.24034229,-0.3307524,-0.1370644,1.472133,0.2603176,0.057609655,-0.88437754,-0.51935554
-0.09559869,-0.31851357,0.20855495,-0.23210491,1.254844,-0.6063312,-0.21645032,-0.7043295
1.8909367,1.6070799,0.8473821,-0.0010200106,-0.16547477,0.10074813,-0.6593887,1.1910254
-0.36888438,-0.03803522,0.14765549,0.76980764,0.17063728,-0.39675906,-0.07856402,-0.083581336
-0.79106206,0.36056536,0.35721937,1.0500722,0.30975792,1.5320888,0.100920126,0.6764053
0.46720293,-0.43126047,0.9884988,1.1891109,-1.1344706,-0.3253469,0.10692172,0.17765403
-0.76467156,-0.5943668,0.40997863,0.20271984,-0.02556056,0.69412,0.37229183,0.9431817
-0.9897686,-0.6298968,-0.5203172,0.31131858,-0.7035071,0.1500544,0.64477175,0.18104234
-0.46555316,-0.5014685,1.391606,0.035449162,1.2630162,0.10705275,1.6790203,0.27450302
0.16087426,1.1789148,-0.29660684,0.34339547,0.029944077,-0.36517084,0.038227003,-0.34123266
-0.82884425,0.9445131,-0.68351656,1.3228738,-0.4887563,-0.775647,0.54038393,0.8922598
-0.48440057,-0.7403661,-0.06340812,0.27487096,0.8705791,0.031978585,-0.32180896,0.8307642
0.64490384,0.49623612,-0.2871227,-0.58888125,-0.31132767,-0.21288861,0.3600487,0.0014506355
-1.3814443,0.9584757,0.67581505,1.3681703,0.63847,-0.06884396,-1.214968,0.08669307
0.88668597,-0.83339256,0.33199772,-1.1811664,1.7535795,0.7163368,-0.4187462,0.98999345
-1.2312334,-0.8667924,0.8611864,0.6110799,-0.09344559,0.7216051,0.7102408,0.087595694
1.1112174,-0.17943165,0.66752756,0.36817086,1.9499167,0.27523527,0.055636916,-1.1434213
0.1734345,0.022407034,-0.029375859,-0.665709,-0.3532836,-0.699797,0.59317094,1.3945454
0.5555104,1.1867204,0.01302788,0.07606545,1.0087408,-0.28774634,-0.64492404,0.29412913
1.6811019,0.4642401,0.18854186,1.630143,-0.2841372,0.28740022,0.14787993,-1.3525614
0.0681196,0.10299803,-0.0042332374,-0.41699523,0.5769738,0.23709191,0.30509716,3.0
0.22306001,0.9783014,1.7839488,0.5405922,-0.6484095,0.9575862,-0.82257485,-0.11860912
0.15307915,0.08077954,1.1517625,0.4825947,0.5586595,0.8543277,0.5628322,-0.44246963
0.16299218,0.5797256,-0.5453728,-0.85778594,-0.5855762,0.35625163,0.48907018,-0.17471552
0.33369413,-0.42673936,1.0458853,0.8186561,-0.76422614,-0.56167036,0.5151565,1.0175126
-0.4208868,1.6617736,1.255428,-0.2753314,0.5167344,-0.29603398,0.03256385,-0.07906983
-0.59914035,-0.7459665,-0.1649108,-0.43959412,1.2066923,-0.43018797,0.47328585,0.6228644
-0.3887155,-0.61837274,-0.23883161,-0.7384855,0.037230734,0.9353266,0.3823335,0.6549404
1.186752,0.4332593,0.15611658,-0.18040694,-1.016855,-0.91883665,0.24436162,1.5174581
1.826922,-0.052721974,0.012241416,-0.40758923,1.1718056,-0.77313733,1.288222,-0.36296016
-0.2303491,-0.03534012,0.7351042,-0.39780322,-0.5638344,0.54032177,0.34396812,0.38478893
-0.25291654,0.39767796,-0.20960978,1.0850389,-0.0125956535,0.438145,-0.5358245,0.53707725
-0.5794906,0.5563836,0.15622911,0.6539751,0.4156313,2.147581,0.17042907,0.32006246
0.06334083,1.4925267,0.68062246,0.02505708,0.10055854,-1.2322428,0.37513486,0.68673366
0.5897296,-0.7377477,0.2887354,0.32677174,-0.1916726,-0.63932246,1.7861029,0.0107611455
-0.2517222,0.16287802,0.15691257,-0.2190183,-0.46912402,0.53790635,1.1192107,-0.6722427
0.2635649,0.6251881,-0.6507587,0.7918762,0.2690146,0.055684052,-0.58978593,-0.4029565
-0.23804316,0.11697148,1.369727,0.1462808,0.19185324,1.594884,0.16924827,0.96797234
0.722565,0.73997444,-0.13105053,0.20433594,0.16923514,0.44967917,-0.09882845,-0.1560255
-0.36042643,0.12179385,-0.3560387,0.61439455,-0.1610791,0.7084679,-0.8604834,-0.76602376
-0.37980345,0.36571035,0.7719785,0.5771579,1.010116,-0.89904654,-0.59852254,1.5416346
1.1141026,-0.42440242,3.0,-1.0102084,0.5250299,1.031086,0.41947174,0.10318299
-0.17308223,-0.39713687,0.7752127,-0.5106099,0.43510973,1.100695,1.3417293,0.040551823
-0.47150028,-0.40758675,-0.3364392,0.41417965,-0.6049799,-0.5826119,0.55301815,-0.10483766
0.6764845,0.9510685,0.75107086,0.051794905,-0.5464143,0.1168201,-0.59069854,0.1767858
-1.2545896,-0.20462501,-0.8683641,0.48110545,0.8430775,-0.19927889,1.0918593,0.13913664
0.17889424,-0.59125245,-0.14025393,0.27020404,0.81533575,-0.19728097,-0.326811,-0.1062539
-0.47097546,0.5948268,0.77089405,0.7626343,-0.4295393,0.79647905,1.5410773,0.06099362
-0.5574342,-0.47245166,0.9532552,1.15748,0.3395307,0.27273345,0.29505518,-0.2603969
0.23339507,1.7943151,0.9677063,3.0,1.6320753,-0.082804255,0.7693766,-1.0327593
0.6744071,-0.34804803,-0.37414393,0.015710037,-0.37753597,0.23796332,-1.5059401,0.6802701
-0.51472723,-1.3685212,1.2872496,1.4935403,-0.38411888,0.63018113,0.38879842,-0.2563865
0.33963445,0.38604978,1.7715774,0.5629995,-1.043317,-1.7932017,0.43526703,1.2644305
0.18673672,1.4427748,0.2351802,0.5557501,0.10706589,-0.30671188,-0.5183786,-0.037158854
-0.02015122,-0.45679593,0.9698587,-0.082784265,0.7466241,-1.6296117,0.64554995,2.0905294
-0.40114385,-0.35644594,0.1569381,0.8891103,0.6111634,-0.766557,-0.07481129,-0.19508904
-0.37694374,0.48601517,-0.17567497,-1.2452097,0.12792626,0.61639893,-0.86156905,1.3751241
-0.19374976,-0.58960485,0.17493838,1.2052598,-0.4382873,0.15183225,1.4885993,0.068057455
0.7716782,1.6594924,-0.39836326,1.2139002,-0.5123727,0.06860352,1.3683298,-0.8369037
1.8051915,1.3777285,0.4004616,0.49632472,1.7081848,-0.61399734,0.16080861,-0.5970236
-0.5293826,1.0313623,1.705697,0.48344052,0.6024148,0.81469864,-1.1602674,0.690969
0.34891224,0.6420321,-0.9923203,2.0501826,-0.40131027,-0.89136773,1.2929041,0.78595966
-0.44472027,-0.3470842,0.24636573,-0.9020636,0.7586339,0.5452146,0.062402,-0.38022512
1.4864277,0.48912713,-0.5075622,-0.44112292,1.0602849,0.85773104,1.2952116,-0.3289308
-0.75106645,0.41758305,0.12688363,1.6760154,0.2616809,0.58245057,0.6948352,0.31627858
-0.5411298,-0.46686292,0.38193718,0.06467201,-0.28659558,0.07036415,-0.021076065,-0.14619851
0.35655567,1.0602983,-1.3379321,0.033918127,0.70417327,0.098888054,-0.34231147,0.4663951
0.90199375,1.7112768,0.58415776,-0.2020349,-1.4573368,0.56335557,0.2686101,0.5808457
0.59786594,0.58417195,0.18869081,0.05681581,-0.4055123,0.081320524,0.28602076,0.6756904
0.816213,-0.13095094,-1.1440076,-0.0073442087,0.11261847,0.31215298,-0.045865092,0.15109855
-0.5683858,0.15198131,-0.99026066,-0.3594567,-0.03084772,-0.23516005,1.8948747,-0.23006669
-0.54769385,1.3905423,0.30814314,-0.35735565,0.16494547,-0.31910104,0.28435263,0.073429935
-0.0052004308,0.0006392617,0.8716211,-0.8587265,-0.8805818,0.02672738,0.42021003,0.8464108
-0.11423195,-0.44788572,2.2978778,-0.072810695,1.1647803,0.44393575,-0.23863178,-0.34644684
-0.93460155,0.27526692,-0.0058438443,0.46528438,0.71179694,-0.66948575,0.028700285,0.9947907
-0.66924024,0.021647057,0.76504064,1.8362287,-1.3150846,-0.28284392,0.065079585,-0.10386553
0.52067316,0.48349565,-0.19994375,-0.6579168,0.80465525,0.87632334,-1.0719049,-0.30283213
-0.5396122,-0.121411696,-0.075441495,1.5143878,0.31524953,0.2242914,-0.51098514,-0.31438172
-0.43646324,0.9051125,-0.1705057,1.3981612,0.64496094,1.2914621,0.44372308,0.32363552
0.040084086,0.14096153,0.81585145,-0.18765467,-0.9861677,1.0912216,0.83881277,0.85291547
1.0213176,1.387644,0.4759671,0.32185778,-1.5692506,-0.21667112,1.5177482,0.6804398
0.3396979,0.944389,0.14605683,-1.03077,0.8931543,0.43221337,-1.5433795,0.62170166
-0.55994123,0.30602595,0.1808266,-0.33391154,-0.37067565,0.5570705,-0.2551012,-0.38515618
0.7963522,0.37922427,1.4447615,0.015291341,-1.6143981,0.0059976224,1.3452748,1.2777473
-0.0304633,-0.106686145,1.1730762,1.4557141,-0.71704525,-0.025951957,0.44576338,-0.6043816
0.7265013,0.52630156,-0.71973497,-0.3693367,1.3650758,1.5722923,-0.8658391,0.93245935
0.29499978,0.7805374,0.7212388,1.0502369,-0.57316905,-1.1310796,0.07946761,-0.65688956
-1.2474196,-1.3886483,0.9002767,0.5474121,1.621233,0.5533291,-0.21929497,0.030395124
2.1347609,0.6522107,1.2398428,0.9911218,0.1908521,-0.8986387,-0.14258997,-0.6899055
1.408057,0.6430611,0.5992058,-0.83123577,-0.13738945,0.020767828,-0.7730553,-0.26214725
0.39333925,-0.01992223,-0.91201186,-0.23905681,-0.49985313,0.41134304,0.900454,-0.6615937
-0.013623558,-0.32748812,0.06914986,-0.18588145,-0.14941125,-1.0350219,1.0184776,-0.025547445
-0.26934186,-0.17354,-0.766921,-0.27764225,1.380389,-0.27439505,-0.6425252,0.07961198
-0.31905952,-0.06772417,0.9348346,1.0281733,-0.31413913,0.29254857,0.3886758,-0.0959912
0.13220528,0.13158415,-1.0424556,-0.5818717,0.24925907,-0.024170404,0.042952236,0.11005068
0.71652174,-0.046869393,1.6628996,-0.104583755,-0.056352444,-1.4236463,-0.16223694,-0.4898856
0.008930419,1.6769049,-0.7259081,-0.39948583,-0.35018945,0.20965348,0.4364086,-0.1806834
-0.3861706,-0.30540788,-0.3755105,0.3717397,0.67906594,-0.8686515,1.4012531,-0.0004537925
-0.51692986,0.8244448,-0.040540673,-0.45208845,0.7636668,-0.7694675,-0.67496544,-0.07502342
0.15969533,0.029643439,-0.5129198,-0.22597687,-0.028319813,-0.20697108,0.49436045,-0.11564704
0.70307106,-1.3544166,0.96800727,-0.032799963,-0.64614457,0.40654728,0.11881645,-0.06634491
0.53560674,-0.13146627,-0.4441804,0.28232825,0.87331283,-0.86777997,-0.4610171,0.46430832
0.30423298,-0.08137865,1.9927924,-0.27716509,-0.8543991,-0.061783813,0.07627566,0.32952958
1.1183953,0.61519223,0.7368422,-0.40943158,-0.11920541,-0.22021888,0.1510683,1.7757624
1.6986258,-0.32686612,-0.43869647,0.5131267,0.21934545,-0.028115077,0.39744064,-0.27121055
1.7648193,0.33326143,0.35293686,0.8826887,-0.38424745,-0.58162165,0.083869845,-0.32039136
-0.3868974,0.46893325,2.0343425,-0.06214955,-1.3141385,0.16541792,-1.0524267,0.5554666
1.309858,-0.44398817,-1.2147576,-0.20040305,0.3800342,0.5518296,1.6267828,-0.15109128
1.0512396,0.2916943,0.23047829,-0.66199374,-0.5338855,0.6515206,0.28740132,-0.39497522
0.45863578,-0.27126518,-0.7358402,0.59464043,-1.0608764,0.7057488,0.51936984,-0.32862812
0.87775743,-0.63673985,-0.21324393,0.80645585,0.6792937,-0.45361713,0.58601475,1.4388846
-0.13801214,-0.37731552,0.65469354,0.38169983,0.31131476,-0.43458924,0.44480768,-0.550615
0.3931766,-1.5478435,0.92602557,2.0640023,-0.45599726,-0.27287552,0.36012438,0.33983248
0.7980399,1.1517643,1.4367434,-0.7119344,-1.1263604,-0.39903036,0.08488993,1.0475532
-0.05416704,0.16319105,0.039534666,-0.03598321,0.57115704,0.3055855,-0.91248566,-0.37618378
-0.074065186,0.9802628,0.9570562,0.10520183,-1.2818674,0.37973616,-1.0274487,-0.18079108
-0.33668813,-0.8989993,-0.24433139,-0.50073117,0.80016565,0.3718863,-0.044527613,-0.027962819
-1.4037482,0.25344318,0.9953463,-0.69483465,1.2399497,-1.4803135,1.0321995,-0.48161164
0.72333837,-1.0989838,0.38894674,-0.31783742,0.17478119,0.5876172,0.4707463,-0.10812066
1.2712344,0.15696628,-1.538049,1.1471412,0.89276433,1.2566257,0.7810335,0.17948529
0.42457545,1.6979536,-0.34807017,-0.87766737,0.027085703,1.6225029,-0.2007741,0.44996214
-0.4258081,-0.50538063,1.5237744,-0.51823366,-0.48311946,-0.30345374,1.3371308,0.3838622
1.5007428,0.6504999,0.9711647,0.6047136,0.2763528,-0.739075,0.11405723,0.716735
0.7024442,1.0037991,0.30607468,-0.33918127,0.22840582,-1.3036942,2.072423,-0.30023208
-0.5591517,0.21957935,-0.3004569,1.2832532,-0.6008179,0.11274151,1.9022908,0.16307719
0.078783676,-0.08498226,-0.6080408,-0.416371,-0.36900878,-0.65359277,0.4617374,0.3408041
0.17966649,1.0502899,-0.6737809,0.90284336,-0.5808246,0.2654826,0.730228,-0.37185544
-1.1184763,1.7916375,-0.10103492,-0.38609746,0.4600785,0.41129592,0.9813316,-0.53628385
1.4557892,-0.10751352,-1.3967906,0.39335775,0.8098789,-0.633556,1.4821365,0.60166496
-0.8319051,-0.18227053,-0.47486675,1.0072778,-0.038285784,-0.24672765,2.0001864,-0.5057757
0.3557064,1.2410935,0.5087812,0.98613197,0.07490694,1.6448706,-0.92684174,1.7644774
0.15761572,-0.014517151,0.24319497,0.58669204,-0.19204314,1.01108,0.95351297,-0.1894393
2.147285,-0.8647788,-0.42355943,1.1652552,-0.021156643,1.4335996,1.1714231,0.0035858825
-1.2240516,0.7578605,-0.05035077,-0.5857261,0.7738207,0.10989525,-0.3523753,0.50922704
0.79871494,0.23108602,0.14240521,-1.136137,0.60608345,0.9524948,0.100968644,1.1580735
0.45814425,-1.1425786,0.21515223,0.7596643,0.7748058,-0.6367764,0.016262047,0.93106735
1.0496045,2.267424,-0.32698718,1.0142231,0.473607,-0.44530696,-1.1061066,2.0118032
0.79425144,-0.3342398,-0.65881777,0.6595599,0.66070336,-0.31638354,0.7269489,-0.24904543
1.7797087,0.21512268,0.24011469,0.4139322,0.37806356,-0.27803555,-0.66084814,-0.06676226
-0.30412012,-1.2785974,0.431174,-1.3769186,0.52967274,1.1401688,0.6558998,0.3626136
0.7714779,1.6039152,0.015057549,0.31096298,-1.2237898,-0.45890826,0.3059184,1.3857241
-0.41916156,-0.17357464,1.2424984,0.85371244,-0.6001766,0.90393895,0.99573386,0.488195
0.26640785,0.8772599,1.2205096,-0.5588309,-0.5953963,0.039126735,0.083714575,1.0531174
-0.6507431,1.2822977,0.474346,0.04614317,-0.81890076,-0.57913035,-0.2920333,1.474532
0.59010315,-0.47749284,0.89929,-1.5019609,1.4902914,0.17466956,-0.16465263,-0.54944617
-0.17235893,-0.10104182,-0.19041854,-1.052781,-0.7875157,-0.31285357,0.23710679,0.44184574
-0.39948535,0.13322124,0.14271653,-0.074013546,-0.2723606,0.6788419,0.5768658,0.010601919
1.4418461,1.7037657,-0.9820644,-0.03162041,-0.40782022,0.09324425,0.11734782,-0.40601426
-0.121494435,0.23801851,-0.22030777,-0.2111815,0.62776905,-0.7263172,-0.78483605,0.21095091
-0.8682261,-0.8934423,0.30853248,0.20767725,1.3609428,-0.6099572,-0.4572221,0.22292659
0.15611191,1.1168182,-0.7525407,-1.1003344,2.2026682,0.45498058,-0.4544451,-0.43403903
0.4807186,-0.024691828,0.18634471,-0.58339655,0.8900779,-0.19580951,1.3891197,-0.38252094
0.19573966,-0.6138918,-0.8574839,-0.06544095,-0.7105275,-0.32877353,1.2643838,-0.61511445
-0.87121135,1.0708143,0.85002565,1.6179806,0.19974509,-0.13433261,2.3541625,-0.33863798
0.44942412,0.048828423,1.338734,0.33375952,0.20645937,-0.37213632,-0.06457137,-0.7397807
-0.8053656,0.34242877,0.43546873,0.29166424,0.07502672,-0.23304245,-0.9250606,0.13497269
0.8235049,0.47004315,0.316858,-0.88944787,-0.3702531,-1.2231234,-0.97637534,1.4623319
-0.8276205,1.0500461,-0.33565265,-0.9311247,-0.6148465,0.76396406,1.8993927,-1.0365953
0.13253608,1.1721885,-1.1645182,1.8729951,0.19007328,-0.54997116,-0.2115892,0.69292265
-0.23948342,-0.9577215,0.85038507,0.45450687,0.7975632,-0.46486413,-0.17252104,-0.101081096
0.28144446,-0.98528045,-0.7739261,1.2522522,-0.73129505,1.0196939,1.5126053,0.30305108
0.9073279,0.8139384,2.185882,0.83050466,-1.6086899,0.44767374,0.20574306,0.6111879
0.11775001,0.4629157,-1.0062957,0.669732,0.7743445,-0.8320191,-0.58164644,-0.79848814
-0.04294879,-0.13231172,1.0574454,0.77832127,0.3873206,0.13832317,0.0734162,-0.6495249
-0.06506092,0.8514116,-0.2757493,0.51324755,-0.51396394,0.2797482,-0.7039978,-0.28748322
-0.014926702,0.5519538,-0.15325162,0.4938742,0.27326554,-0.98333895,0.8240068,0.52925384
-0.5200577,1.5674094,0.1384854,0.8512994,1.4003781,0.051063105,-0.112669945,1.439594
2.0226867,2.197996,-0.59669495,-1.0422621,0.9909802,-0.5854856,0.4529875,1.2051024
-1.238712,1.963734,1.1404445,1.2848291,0.48825666,0.75138414,0.2147598,-0.017855972
-0.73027873,0.607107,1.1026653,-0.27901667,0.72445995,-0.7687024,1.2029428,1.1020272
-0.07953548,-0.7294629,-0.1820856,0.64566815,-0.08191278,-0.6844502,-0.7142844,0.48561624
1.3935248,0.28990033,-0.20320708,0.8357934,0.34662268,-0.18947367,-0.39675602,0.35098687
-1.162722,1.580329,0.110967256,0.6179148,1.0540351,0.05004613,1.1038382,0.20855603
1.4456775,0.35404164,0.32265592,0.84164727,0.28150314,1.0428935,-0.10787672,-0.70550126
-0.04915244,-0.5928607,0.72282237,0.63553363,-0.5446864,0.4479955,0.08369015,-0.25501922
1.7528356,1.0798671,1.1754289,1.1264911,-0.23644987,-0.60587466,0.32489923,2.308702
0.29927745,-0.66554594,1.6161348,0.9540667,-0.6685721,1.533842,1.1702158,-0.57631755
1.1864755,0.58375096,-0.6665952,0.48520997,1.0021342,0.34477025,-0.016889267,-0.00041054934
1.176431,1.5101273,0.33733425,0.16116959,-0.25792992,2.008504,-1.4702773,0.5968899
-0.39714086,-0.66563034,-0.56864256,-0.23488857,-0.16954032,0.14043821,-0.20720786,0.34402317
-1.2838242,-0.91800594,-0.50029874,0.33759528,0.9736777,0.25911126,-0.41669327,0.7837388
0.43666327,-0.36982042,0.88103986,0.20495239,-0.27964374,-0.7613683,1.3041128,0.4410937
-0.13226461,-0.15208557,1.074026,0.46830097,1.3931023,-0.7821264,-0.23151521,0.21915728
0.6553317,0.40918756,1.2189766,0.7710514,-0.23937817,1.0988802,-0.7226576,-0.47915855
0.955061,-0.0059957504,1.0506203,0.6452664,-0.116884395,0.40667042,-0.5268261,0.87266296
7.190183e-05,1.3800362,0.26296085,1.2251801,-0.9426864,-0.3541877,-0.14296333,-0.752526
0.036415745,0.2384338,0.67656565,0.18809648,-0.69179136,0.9428316,-0.012751236,1.8113815
-0.55576307,0.22501647,1.1924921,0.41530225,0.9441364,0.41418713,1.0609748,0.04327587
1.8408115,0.1645867,-0.25550398,0.23730926,-0.3403089,1.1020131,0.69906753,-0.35445064
-0.23347408,-1.8105263,0.13980758,-0.92698395,-0.016393347,2.1953068,1.1307538,1.7527574
-0.4942274,-0.25652194,-0.2654419,0.23854811,-0.43264893,0.15133496,1.1110519,0.14060733
1.1620198,0.035271168,1.0835036,-1.2489457,0.4248284,0.786811,0.69573593,-0.2290672
0.2659512,-0.8019897,0.82621217,1.315245,0.78682745,0.78816515,1.137006,0.062620915
-0.3048037,-0.14043845,1.5002973,1.659183,0.39568722,1.3312725,0.105808586,-0.12626177
-0.70803076,-0.025259137,0.26214263,1.1929691,0.6944166,-0.6916863,-0.42400193,0.1374104
-0.65876883,0.24617575,0.033661675,1.030444,0.9905459,0.007955816,-0.32050228,0.50037336
2.799194,-1.267944,-0.18680233,1.2481725,1.7852064,1.5339154,0.865897,-0.87105393
-1.4368439,0.5408779,1.678864,-0.09173788,-0.52576464,-0.32337797,-0.72497934,0.873348
0.211528,-0.3969079,1.6075252,0.21866727,0.5808277,-1.3778398,0.40499333,0.37169084
-1.2280746,-0.21422757,0.4352371,-0.07071568,0.92214537,0.46521798,-0.8304429,1.1873764
1.3781047,0.7544579,0.17436272,-2.2539268,-0.40118754,0.15144068,1.3999755,1.4958986
0.43886095,-0.4820701,-0.50150204,-0.12373763,0.07006743,0.093205765,0.07563123,0.3057157
-0.17385024,0.5046026,-0.20192605,0.62344843,0.8641452,1.2887673,0.23194622,0.09692522
0.1811074,-1.1248624,0.18032035,0.7885782,-0.28496253,0.188033,-0.19133021,1.8447593
-0.20160413,0.74220437,0.9475457,1.4493766,0.05097273,-0.7248543,1.6687882,1.3813319
-0.92703825,1.6543331,0.6915584,0.41267943,-0.2915399,0.72965014,-0.68797773,-0.4480249
-0.07608754,0.32069412,-0.5160036,-0.6221245,-0.64847726,0.4265402,0.5365959,0.12784779
0.46967256,1.3339483,-0.22750711,-1.2732036,0.12746058,1.2869395,-0.35481793,-0.10685962
0.80799395,0.007619621,0.43845367,-0.45726964,0.60588443,1.0280124,-1.3528354,0.79604924
1.2973126,0.9378985,-0.13108906,0.8354358,-0.36051598,1.2190326,-0.8440377,0.37723288
0.29030722,-0.2870779,-0.6529691,0.68721724,0.32859764,1.6227632,-0.47495148,-0.12731785
0.6335495,-0.38245982,0.16266447,-0.49977055,-0.9895759,0.67991,0.20201431,1.0269924
0.12558985,0.54446864,-0.7091552,-1.7639455,-1.006119,0.7557514,2.090904,0.12018767
0.5433569,0.50356466,0.2860078,1.8625361,-0.013056068,-1.570141,-1.2636039,1.9763979
0.5796372,-0.26522338,-0.7541081,0.27998704,-0.3161989,-0.03909631,1.2154624,-0.9762717
0.042837918,0.18383612,-0.4604985,1.2957975,-0.31084448,-0.7319235,-0.3095897,-1.0504061
0.01165295,0.24269052,0.73564255,0.53003263,0.9255266,-1.6776193,0.08156468,0.7185851
-0.45592684,-0.34932595,-0.897678,-0.17384216,0.8434349,0.80007756,0.37720203,-0.1086689
-1.3603126,1.5241382,-0.41077355,1.3909653,1.0334331,0.40278655,-0.44897816,0.13630056
-0.6071111,0.64255744,-0.21511585,0.039821208,0.9588443,0.67159253,-0.8010944,0.79470736
1.2876961,-0.7411911,-0.43571413,0.19889657,0.33751196,0.29550865,-1.5667793,0.6007639
1.4181795,-0.8614392,-0.41645253,0.44535607,-1.1498485,-0.34119794,-0.28944004,0.84267527
-0.66756636,0.57574296,1.5177714,-0.34509084,0.92623186,-0.3699434,-0.09980264,-1.0642812
-0.16006273,-0.36858305,0.4858633,-0.017464574,1.1788672,-1.1061494,0.011889797,0.4370474
-1.7700046,-0.016091038,-0.14450072,2.0322113,1.3680407,-0.14405051,0.07346,0.5556688
0.0527888,0.96682715,-0.110707626,-0.08789201,1.4261744,-0.26687342,-0.015083258,-0.7106151
0.7779532,-0.13396162,0.67710894,0.42767933,-0.64105827,0.99375534,0.18308586,1.8175532
-1.0487162,1.2709103,-0.1605989,-0.26220387,2.191548,-0.90122664,-0.1492903,0.07162107
-0.19917986,1.0779063,-0.9024728,0.55171233,-0.12785421,-0.42212227,0.787636,0.44625354
-0.19072267,1.6248052,0.085087635,0.8847563,1.4289912,-0.9539586,1.061249,1.3515027
0.63682544,0.5236717,-0.48594168,0.44363236,1.2968014,0.053614847,-0.98307955,0.07060253
0.6063925,1.0424013,0.11243636,-0.6474341,-1.1902456,-0.15788779,0.29583386,0.22895983
0.6329086,0.100751415,0.2960595,0.29093915,0.9430484,0.99650425,-0.5053151,1.1345099
2.1163285,0.3094725,1.2129743,1.7248703,-0.69539595,0.5925943,0.009811934,-1.411849
0.11704415,1.4435309,1.3560148,1.2882397,0.9620213,-0.3998327,0.5074407,-0.75747615
0.41711015,-0.4066569,-0.029291768,0.039572448,0.1724537,-1.0894294,0.8408445,-0.45222452
0.6969245,1.087827,2.0564666,1.0729332,0.60224223,0.9365309,-0.96798563,-0.29293904
-0.24082571,-0.3981448,0.9004499,-0.21633552,0.46748295,0.06644281,0.28126445,-0.32948938
-0.48477566,0.20165175,0.7373358,0.24158685,0.44057283,0.3833566,-0.56953424,0.4522982
-0.2996004,-0.25816968,-0.37442106,1.3266419,-0.04695134,-0.95693415,1.4522816,0.53920454
-0.5732527,-0.35788497,-0.6260242,0.2315753,0.25457063,0.2577558,0.34094733,-0.6578835
0.34420294,-0.5833788,0.9577605,0.94045836,0.5575133,0.9414476,-1.1953703,0.08614896
0.28257707,-0.38986135,-0.20636389,0.27152392,-0.9335934,0.11021319,0.7542588,-0.3807061
-0.29125658,0.46100533,0.18193361,-0.42494816,-0.5742563,-1.0054458,0.85517025,0.34944117
-1.5941299,1.6721371,0.43368265,1.3790166,0.31080317,2.2693903,-0.12354562,-0.31072527
-0.55387884,0.89449835,0.9762039,0.90129495,0.068503834,-0.36113122,-0.71155506,0.77206576
1.4331207,0.6185201,-1.0663713,0.010020368,1.9835691,0.3030739,-0.9820206,2.3128269
0.4360737,-0.055010516,0.50431055,1.6404057,-0.27405345,0.016368147,-0.9787225,0.587453
0.10763565,0.743364,-0.3564521,-0.56873834,0.115520544,-0.53417593,-1.1805439,0.6886737
-0.64327693,0.51110697,0.030254323,-0.38769954,-0.31552336,0.5415632,-0.12275612,1.0202947
1.3912531,-0.11128053,-0.109113395,-0.27296314,0.42281517,-0.70797676,-1.452319,0.31870437
-0.17577752,0.6118775,0.054459,0.45520225,1.4028832,0.96455604,-0.82878,0.12674192
-0.5557048,-0.5040494,-0.70262986,0.4918226,0.23950225,0.46991068,-1.1236333,0.7016611
0.37218413,0.5518747,-0.093154214,-0.024603177,-0.589623,-1.2004434,0.14979713,1.2543608
1.2607895,1.1889715,-1.1193352,0.10491678,0.7884549,-0.6039305,0.5240977,-0.20020097
1.8403863,0.535071,-0.78893054,0.41620126,-0.57193196,0.14363417,-0.100023344,0.3610673
-0.15906844,-0.5628897,0.19296685,-0.74992234,0.43628705,-0.4087835,-0.3345692,0.33898178
2.265618,0.5520606,-0.15561956,0.15276346,-0.8138752,0.1609702,-0.38464695,1.3281837
-0.1428158,0.17104854,0.9222365,0.96984446,1.2881935,-0.94956994,1.0940789,0.09551687
1.3710352,0.58412874,-0.12777789,-0.47470537,-1.1200179,0.062073983,0.10739246,1.272262
-0.5199552,-0.252832,2.1487894,2.214981,0.96642274,0.77515393,-1.1209643,0.38811827
-0.7230866,0.18277489,-0.88411534,-0.03248961,-0.05140257,-0.1080157,0.39894927,0.44925055
0.09775444,-0.4516155,-0.94650567,0.8128039,0.4717941,1.4582206,0.5989889,-0.21206468
-0.11897778,-0.33442473,0.46143457,-0.62709624,-0.061372828,-0.089236654,0.2626665,0.02154848
-0.010998383,-0.87367487,-0.2711149,-0.6143456,0.94184834,0.009229355,0.11011654,0.606174
-0.30861324,-0.39843014,-0.3071034,-0.11945292,0.25796682,0.27188754,0.059969883,-0.023669146
1.4541631,0.2846967,1.0887691,-0.9690342,1.8206978,-0.6547224,0.9266739,-0.33132038
-0.12306432,0.9723978,0.21860552,1.6006224,1.3350394,1.1236048,-0.20871557,0.28027314
0.45940223,-0.23748471,0.94165,1.6540604,0.38881534,-0.56145996,0.22081283,0.35803458
-0.15024596,-0.009649925,-0.22155043,2.1975234,0.3455695,-0.23353076,0.08555697,0.8015316
0.034414027,-0.47598222,-0.17157695,0.5832454,-0.5625471,0.37013325,0.276911,0.39586926
-0.24456775,0.9408434,-0.44706032,-0.16311306,-0.31232747,0.35084593,0.019991286,0.7003987
-0.57024294,0.89111733,1.9634262,1.038064,0.031744257,0.121284135,0.30282226,-0.19721952
0.61202425,0.2813368,0.29227665,0.43471286,-0.8285798,0.18462892,-0.28153366,-0.194922
-0.36326,0.26082653,0.8425845,-0.23215859,0.83546555,0.20195407,-1.0184282,-0.18700343
1.1320562,0.82148975,-0.10720293,-0.28421643,-0.79716897,-0.2266433,-1.1608448,0.36815464
-0.051910684,0.99653554,0.8230106,-0.6488883,0.095140904,0.5134451,0.059950862,-0.6155809
-1.2935984,0.62598515,2.3519852,-1.0101049,0.78913707,0.34971133,0.7301501,0.28496793
-0.39166287,1.7266291,-1.3418019,-0.84456927,-0.029093087,0.43340397,-0.06876254,-0.24598536
0.3386863,-0.10861111,-1.1241225,1.5806653,1.3779657,-0.6146511,1.4265119,0.068099976
-0.857445,0.3937597,1.0264921,0.020124398,-0.011853205,1.0820229,0.6137878,0.48997784
0.6508935,-0.95612603,0.47586673,0.4722078,-0.04338678,-0.55297446,1.1435494,0.5357696
0.21386236,-0.13102579,-0.53712046,0.41422373,0.6237164,0.5445031,-0.17117502,-0.48374966
-0.114588,-0.48727643,-0.35848835,-0.22299574,1.1038786,0.36425343,-0.35944244,0.095382065
0.88947695,-0.49106407,1.3024132,0.8341837,1.1642653,0.022842312,0.2868944,-0.4298125
-0.06345772,-0.5988084,-1.0845722,1.7611549,0.08481026,0.36259437,-1.1451056,0.029982619
1.2636846,-0.7354192,-0.41324124,-1.2565261,0.6637312,0.16409683,0.676663,0.003519006
1.3489522,0.19367695,0.07446448,1.5140011,-0.91918546,-0.40887567,1.3220681,-0.37197617
0.16627559,0.6104786,0.02589352,0.29897195,-0.3214334,-0.5815387,-1.2861576,0.5258894
0.052587748,0.082525656,0.5376283,0.7077452,-0.7676479,-0.7127678,-0.7038179,0.9519403
0.11276959,-0.3565298,0.3360589,-0.09474498,-0.26537013,0.70042056,-0.19590308,0.69923943
1.1675225,0.6570909,-0.83310145,0.9343744,0.8527896,0.29908484,-1.2089959,1.6488988
-0.43561748,0.34756526,-0.039612733,0.6385822,1.7144256,-1.1369381,1.5111992,-0.7202448
0.82684934,1.6334671,1.7466321,0.722289,-0.76727074,-1.1744956,-0.34139922,-0.20205417
-0.112186186,-0.8606789,-0.03571035,-1.2856028,1.1166408,-0.3367813,0.8137052,0.9143139
0.11624457,0.6404711,-0.094681196,-0.21271218,0.09991553,-0.45635065,0.14062072,-0.45152035
-0.7942271,-0.15371351,0.2484782,0.004244935,0.9601445,1.0325187,0.6396089,0.4857926
0.342578,-0.6345228,-0.6752794,0.20091912,-0.67473066,-0.041782886,0.0031354874,0.7316398
-0.4871171,-0.31683058,-0.25467533,1.3053674,-0.20084937,-0.85900676,0.5264742,0.5864342
1.0571423,-1.0305699,0.062377967,0.3135578,-0.82975644,-1.345555,1.7786227,0.41332424
-0.47787255,1.0000473,0.16213426,-0.5343531,1.4363056,-1.0672642,-0.73073864,0.26375088
0.6078556,-0.87697065,0.9712787,0.78352565,-0.37404263,-0.39169392,-0.1629337,0.43912837
-0.052633196,-0.6942688,0.82304156,-0.26228976,-0.07952186,-0.7818179,0.9420849,1.4488516
-0.13407564,1.4210835,2.1690023,0.6109067,-0.23168686,1.768754,0.8073817,1.8318257
0.39612195,-0.7222957,0.2784583,1.6771992,1.500422,-0.6663645,2.501808,-0.70884657
0.2746187,-0.36060926,-1.2708032,0.5134713,0.19946687,-0.42023882,0.5330277,-0.41186827
-0.26135135,0.5236165,0.94555837,-0.21045698,0.64492,-0.025918057,0.44456,-0.44746062
-0.38053802,0.47169206,1.4959551,-0.22260453,0.09446019,0.23885125,0.67478824,0.14356825
1.2451297,0.3123403,-0.027452396,-0.03144199,0.23272665,-1.2355065,0.19179048,0.3284707
0.18353917,-0.97518647,0.8830388,1.8127736,0.8885827,1.1815662,1.0349599,0.37917072
0.9380247,1.0294713,-0.74179846,-0.38646546,1.026336,-0.29141012,-0.3559157,-0.24576372
-0.26148435,0.8768283,-1.1068311,1.108444,-0.63779265,-0.04882671,0.17339665,-0.8571734
-0.031888217,-1.3049674,1.0990101,-0.5917589,0.39981928,-0.6504565,0.38602212,0.8322129
-0.8430662,0.8556088,-0.8627717,0.53017485,1.610134,-0.2572342,0.93108606,0.45161027
-0.90020674,-1.2460665,0.38049057,1.1049398,-0.018443625,-0.8443679,0.47379035,0.28992367
0.05657043,0.7285865,-0.40536532,-0.21358816,-0.7632205,-0.13436976,0.49608678,0.7276442
1.1605443,-0.9308173,-0.23781025,0.94037586,-0.2659711,0.6137065,-0.61647487,0.38946646
0.25935698,-0.5213186,-1.5630603,-0.49471506,0.44742313,0.09820395,0.9305701,0.9042055
-0.6525459,0.65361077,-0.36254087,0.67015207,-0.54583865,-0.12736768,2.0080261,0.9704224
-0.62331665,0.80638874,1.380662,0.53417975,0.68097174,-1.4331601,1.6736865,0.7024143
-1.0450474,-0.114881665,-0.91337496,1.0138265,0.069892794,1.5117784,1.5235907,0.08885077
0.34609556,-0.5219898,0.13305384,0.3039572,-0.4782314,0.12518415,0.85737014,0.53061604
0.73386705,2.620752,0.37228984,1.4322942,-1.5916237,0.7619038,-1.5222865,0.14843658
0.4440154,-0.15004301,-0.8790871,0.17020479,-0.4684349,0.21573739,1.1235161,-0.44497088
-0.86517924,0.89425445,1.1281421,-0.31915376,0.31018585,0.4075755,-0.10285352,1.1564336
-1.034674,-0.45400408,0.6774299,0.45454547,1.749881,-0.41032732,0.08030653,-0.5343007
1.3146204,-0.18011488,-0.58692455,-0.31821343,-0.94889724,0.037274674,-0.5456842,1.1374478
-0.6000842,-0.05245841,-0.19096473,1.9714352,-0.26731446,0.98335975,-1.0710455,0.6054297
0.2754157,0.09137775,0.09303483,1.217877,1.3033547,-0.6446395,-1.029452,0.43538886
-0.10953464,-0.6637181,1.3336351,0.06944112,-0.121388145,0.018005665,0.63478684,-0.21434182
-0.6645456,0.8901794,0.21929953,-0.17743798,0.4031416,-0.5498197,-0.89015216,0.41077328
0.6293237,-0.36328188,0.2645626,-1.2688742,0.8302324,0.2090911,0.50223935,0.0022433102
0.13871753,0.7139209,0.79733545,0.33201668,0.6683983,0.45577902,-0.38851652,0.039574765
-0.19375223,0.49920675,-0.881584,0.21352628,0.14490366,1.4182258,1.2840761,0.76644963
0.04742714,1.9810172,-0.08108738,0.7561551,0.84434545,-0.5086363,0.28067514,0.5131846
0.1426675,0.3814378,-0.98502356,0.5276327,-1.7138556,0.023847967,1.0096958,0.4178884
0.12481077,1.4805502,1.2385759,0.5299685,0.055533305,-0.19367668,0.65372384,0.35317647
0.77791893,-1.0679587,0.22942847,-0.26897466,0.17320631,0.31629956,0.3753565,0.2506892
-0.011781611,-0.11938673,-0.23815766,-0.9435339,0.9064136,-0.04468082,-0.11724529,-0.1463359
0.22787127,0.7334251,1.7113258,0.42934072,-0.5046561,0.30173737,-0.39259672,-0.8793385
0.20107073,-0.5782705,-0.00049672835,-1.5408583,-0.96202224,0.6682207,2.810498,1.3805269
-0.29052952,0.9956524,0.9068297,-0.6607071,-2.2990808,0.90052664,1.3544283,1.3311628
-0.021151409,0.22580463,-0.123184465,0.9001913,0.32584462,-1.3706386,-0.0030821525,0.6272083
-0.9593874,0.31207338,0.14148867,0.048251808,-0.6171633,0.49453157,1.1685706,1.335683
0.38418385,1.0487,-0.5289253,1.1332821,-1.6211537,-0.02081058,1.7806585,0.12397616
-0.42651054,0.5912478,-0.9033314,0.15669951,1.3506078,1.1884649,-1.3248616,0.7160153
1.5938642,-0.05531544,0.29589698,0.5450604,-1.2075919,0.13303745,-0.18843436,0.91570944
-0.6258639,-0.10740349,-0.12372137,0.17692234,-0.01501555,0.14471655,-0.16362034,-0.1759113
-0.17420873,1.422732,0.5252988,-0.5049425,-0.39961356,0.08730819,0.22609581,0.23194465
-0.1880703,-0.3911261,-0.41696674,-0.42261854,-0.21871619,-0.65481913,-0.18336166,0.94026476
0.29233953,-0.5765025,1.0105479,0.30263624,0.9017773,-1.4309944,0.028665364,0.6574171
0.63830143,0.13272862,1.473284,0.13213499,1.0494025,0.34601,-0.4445272,-0.78133327
-0.057132088,-0.33128855,-0.7169301,-0.8592968,-0.1056632,-0.029657843,-0.38059887,0.5842274
0.36257738,1.8494046,0.976613,-0.69782734,0.6526213,0.69273406,-0.55075395,-0.73554564
0.3471651,1.8637097,-0.6061586,1.1819576,0.5267026,-0.6766445,-0.68682975,1.3602957
-0.68138266,-0.11712617,-0.40966904,2.0264006,-0.57897997,0.3015214,1.4230391,-0.4939203
1.5871751,-0.34316567,0.6736167,0.17999806,-0.102290966,0.5014196,0.07175298,-0.34731767
1.3422561,-1.0693532,-0.40310842,0.03980025,-2.122516,-0.27782825,1.2147281,1.242647
0.8412743,0.8379009,-1.0090792,0.06826293,-0.12892026,0.12626544,-0.3358367,-0.5328976
-1.1088439,-0.12183528,0.48857632,-0.48779574,0.21097448,0.094749644,-0.18598223,0.99327457
0.39855894,-0.27796298,-0.45757812,0.10126453,-0.96745175,0.13767833,0.22583921,0.09920112
-0.47810024,-0.1330064,0.16356477,0.38382688,2.047208,-0.65103656,-0.045120433,0.2745257
-0.98618495,-0.032862656,-0.06407669,0.64657396,-0.5727608,-0.2556039,0.08815427,0.30450168
-0.27609864,0.015961627,-0.5337387,0.3551034,0.34102052,0.015122118,0.79576355,-0.42236328
1.0978063,0.7193725,-0.4325667,-0.9023202,0.5243813,0.83000195,-0.37471876,0.6217385
1.3235847,0.808027,-0.28554502,-0.11544618,0.94517154,-0.3040537,-1.8210386,-0.6625201
0.9773402,0.16315548,0.5464174,1.384468,-0.39686865,0.72666466,0.17733368,0.09371927
0.73198503,-0.37167898,1.5064381,-0.79216325,-0.13695166,-0.034799248,0.08176777,0.107608095
1.0794708,-0.8124869,0.22025141,1.0864383,0.7637629,-0.59240997,-0.22589439,1.2857147
0.52348447,0.6185663,0.38744593,-0.19291851,-1.0597007,0.6850834,0.17701276,0.0983362
1.7075238,0.7729107,0.64604723,-0.81397676,0.6273479,-1.2652695,-0.16712044,-0.63444203
-0.0338341,-0.52952325,1.3756148,-0.47396556,-1.2944343,0.4298283,-0.5555677,0.3299471
-0.38683608,2.0342124,0.8278146,0.5136995,-0.13514477,0.32548913,1.877335,0.1543496
-0.30840075,-0.34799132,1.8884498,0.27947128,-0.09837951,0.7023497,-0.5675976,-0.18684459
-0.34860605,-0.7586698,-0.063670725,-0.62448657,0.95236486,-0.13805841,-0.10432534,1.3358197
0.3239514,0.600402,0.063448064,-0.26096848,0.558663,-1.5170546,0.042130213,1.5624744
0.5167749,0.7261196,0.72568345,1.1836679,-0.030407175,1.0047827,1.2301812,1.2645097
1.3096211,2.551963,1.317424,1.1852587,-0.24083756,-0.13750117,1.0828307,-0.50765675
-0.18456441,0.7738318,-0.6789081,2.0292,-0.17926891,-0.27190638,-1.0530986,-0.06284594
-0.14352158,1.0711294,0.6992338,0.31374303,1.4026932,-0.87686634,0.47445828,-0.20945016
-0.6858887,0.086571634,-0.46352586,-0.89120704,1.0637953,0.51896393,0.9007854,0.4978057
-0.05606763,-1.0044996,0.124986075,0.94758856,1.1577039,-0.81857157,0.77033645,0.7947652
0.7376519,-0.72151864,-0.7072283,-0.31837612,0.29809365,-0.20170002,-0.6660689,0.37109774
0.6663737,1.9857602,0.45274168,2.5680676,1.433781,-0.71033305,0.67846197,0.5838507
0.4320409,0.76116425,0.16168499,-0.08060865,-0.706764,-0.14381102,0.46394145,0.6049029
0.84292406,0.29972404,0.16812047,0.18654083,0.60256565,-0.39138898,-0.54277146,-0.27566808
0.7994584,0.76280856,-1.8042245,-0.17951542,0.27633205,1.7185012,0.6146558,2.0919178
0.00708206,-0.29193997,-0.80013657,-0.09817462,0.26421025,-0.79123294,0.5755778,0.5374203
1.364247,0.36885524,-0.5150804,-1.0681516,0.43541262,-0.04774216,-0.47532287,0.5469105
-0.35962668,-0.21568823,0.86860245,0.33231643,-0.2273702,0.87258726,0.05337136,0.32691124
1.0055768,0.031794295,-0.69680566,-0.16441467,0.52218634,0.5028725,-0.82237554,-0.36136714
1.0908005,0.1559577,0.9007324,-0.20097457,0.4700055,1.1891975,-0.3797767,0.6528831
-0.46381623,0.123234525,2.7187803,-0.1383167,1.2146672,-1.029979,0.012300476,0.92864686
0.2306185,0.21003985,0.5524681,0.71489793,0.12273147,0.17627068,-0.77232265,-0.17688367
0.6399377,1.3051491,1.2835912,-0.63033324,1.0451214,0.28273317,-0.39190668,-0.22607973
0.048827413,-0.3625676,0.44716924,-0.8500914,1.9319863,0.48053363,-0.45561963,-0.9727425
0.22500098,-0.059210774,0.66790766,-0.27271095,1.0010501,0.6485715,-0.26015568,-0.14955899
-0.20658362,1.5539315,-0.15936732,-0.30193388,1.29042,-1.064084,-0.042866573,1.0155691
0.54451865,0.97064775,0.40437078,0.4907604,-1.101469,-0.075175025,0.4877653,-0.10936502
-0.031083189,1.673893,0.93116546,0.0058133304,0.15305817,1.482814,0.9165694,-0.8479825
0.99470526,0.9785589,-0.50472397,0.041063957,1.0930574,-0.4697306,0.8162043,0.43344697
-0.8830397,0.9042478,0.46430176,-1.0812758,-0.12273716,0.3496772,-0.10024734,0.5013659
-0.1832326,-0.70172316,0.08515282,0.21861178,0.36202547,0.24238323,-0.37029102,0.2819948
0.4000012,0.76155573,1.1206348,0.101432845,0.69768506,0.2025485,-0.6299111,1.895999
-0.4109353,0.26429316,1.4650819,0.63010526,-0.4359512,-1.1010426,-0.12646481,-0.20641905
0.4840699,-0.8809362,1.058882,0.8475607,0.079596005,0.3574211,-0.017371465,0.99603945
0.93723184,-0.08352524,-0.841429,0.7091066,0.5831001,-0.056558177,-0.7996309,0.65683746
1.5611596,-0.21359135,0.23285654,-0.62167,0.091133535,1.200585,0.031192552,0.7797043
0.21296594,-1.0546663,0.39285374,0.5887465,0.56625,1.0461495,1.2231199,0.5326508
-0.45652908,0.4083898,-0.18519676,0.63368595,-1.0766606,1.0402244,0.39998433,0.72270125
-0.1308727,-0.7372034,0.637146,-0.17318761,0.1317387,-0.24407864,1.2485963,0.4847418
0.61450636,0.1132123,-0.28846562,1.1909726,0.11060858,0.5859791,-0.85467255,0.20045277
0.20033696,1.0350838,-0.32384768,-0.74266213,0.7679665,-0.16247669,-0.4287312,0.09364923
-0.13736212,-0.94536376,0.058897533,-0.7742765,0.2676898,0.97972924,0.23873053,-0.48353347
-0.34427586,-1.2188369,-0.017569382,-0.14637099,0.29225,1.0514331,0.039923448,0.4037429
-0.067286976,-0.2312734,0.4745349,-0.57338387,1.0503293,0.17033601,1.1470875,-0.29417288
-0.13671455,-0.70167863,0.7743099,0.08154456,1.1388075,0.6106782,0.87340534,0.3504963
0.84202075,0.12243208,1.3549447,-0.27263162,0.5349133,1.6694832,-0.11717853,-0.077646725
0.14317119,-0.21197952,1.0048614,-0.21249212,-0.08496424,-0.35935587,1.7471448,-0.75373435
0.28420943,0.100505665,0.11516284,0.30866206,-0.12072825,-0.7260339,-0.43714795,-0.25131017
0.83433336,0.8283223,-0.7486123,0.81797624,-1.1712446,-0.2599306,0.25316003,-0.9075495
0.30398715,0.46429995,-0.76262623,0.57055277,-0.24754639,0.33071783,0.3430181,0.14797318
-0.47224224,0.41600603,1.3731198,0.07661216,0.7152128,-0.087633125,0.11991511,-1.0460545
-0.101121165,-0.15050325,0.8015381,-0.20201083,0.77139235,-0.47009802,0.44615266,1.2742816
0.24432921,1.2653129,-0.7121222,1.3698913,-0.52345455,0.5912506,0.6858924,-0.56134796
-0.15575153,1.5082268,-0.18534368,0.68549246,1.641991,0.61432695,-0.80843574,0.58148175
0.37167564,-0.042183597,0.37400144,-0.49694481,-1.2229785,0.14712042,-0.52368885,0.79548746
1.1696434,-0.42720488,-1.490667,0.6729755,0.015814029,1.7362539,0.020230606,0.7423071
-0.037151583,0.23425451,-0.29045272,-0.4888744,1.1768678,-0.45657608,-0.369018,0.46132764
-1.1230972,0.4405768,0.6601138,0.0078000836,-0.47445095,-0.06977358,0.64807034,0.009827036
0.43076745,-0.4303606,0.3639914,-0.092362,0.03489329,-0.595383,0.23299022,0.5003358
0.036432452,1.8155998,-0.019389156,0.65612763,-0.53726447,-0.08930053,0.41297853,2.048411
-0.5649535,2.1362786,1.4683415,0.28089094,1.0515131,-0.2980567,1.2874149,-0.858543
0.92364144,-0.6284858,-0.11306035,-0.82595414,-0.138129,-0.10495147,0.4435402,0.43256345
-1.6149714,0.6059967,-1.2073265,0.2786362,0.6768584,0.24572442,0.7453142,-0.26132625
1.0970887,-1.0523779,-1.1484509,0.30248573,1.2528393,1.1113464,0.3507028,0.63023436
1.0605787,-0.773007,0.77274925,0.20132135,-0.20304105,-0.14838314,0.26997998,-0.36212128
0.16903397,1.3229737,0.9503049,-0.4788027,-0.4780139,0.5131868,-0.29879236,-0.34323913
1.808168,0.81124234,-0.46863693,0.6420701,-1.0682815,-0.5656108,-0.62759095,0.096903004
0.18559764,0.12460922,1.0329416,-0.27521494,-0.65036494,-0.6124012,-0.45076698,0.61311036
-0.2599342,0.68603307,-0.52604663,-0.5090489,0.028263293,-0.17688598,0.41425154,0.22336158
0.8256634,0.4839698,-0.3295686,-0.9247096,0.6946786,0.58220464,-1.5764623,1.4369262
0.26021835,1.1134707,-0.022213008,-0.31585056,-0.39915833,0.48136738,-0.7388865,1.0596534
-0.40402576,0.74513155,0.76910436,1.1676792,-0.44042903,1.1257923,1.6430187,0.6778049
-0.2675754,0.12701033,1.5978864,-0.047707167,-0.5089566,-0.2267803,-0.72927254,1.0150028
0.38166103,-0.11398433,0.06791735,-1.133253,0.1209623,-0.2040544,1.6654587,-0.083751954
0.42552716,0.7902122,-0.45074823,0.57021487,-0.11818356,-0.20724608,-0.6156957,-0.21101168
1.3091024,-0.18650292,-0.016305516,0.5831932,0.84018457,1.1668184,-0.37846592,-0.40448987
-0.15013605,1.19371,1.5664887,0.5551045,0.47132924,0.8391268,-0.79768753,0.2134693
0.28405833,-0.70594376,-0.51999724,-0.6080439,-0.29330844,0.8084488,0.7554492,-0.21353394
-0.4133604,-0.50129664,0.31322697,-0.42965955,-0.22114287,-0.30976474,0.5152648,1.3534753
-0.41148952,-1.1407242,-0.7380412,-0.58933127,0.23341657,-0.07602325,0.15202226,0.60714465
0.24493012,-0.73592824,0.82281864,1.2582523,0.20692596,0.68759096,1.5468199,1.6212449
-0.23338759,1.4431125,-0.4722634,-0.7646143,0.9425653,-0.70292586,0.33532524,0.1147583
1.0977905,0.3422619,-0.6917406,1.2114353,0.3981026,-0.30032533,-1.4899735,1.0651387
-0.5193212,-0.22643392,-0.041966133,-0.10111232,1.6559135,0.10512872,-0.70516604,1.354451
0.14795516,0.017743934,-0.9762423,-0.4017884,0.3255111,-0.5904992,-0.24010709,0.1031009
0.89514285,0.17739387,-0.9957023,1.4312876,-0.75187445,0.27835327,-0.34092024,0.9324771
0.58565927,-0.5085748,0.40798607,0.7001378,-0.18708509,-0.54121315,-1.5171349,0.26905406
0.9410061,0.41004917,-1.1055205,0.51553786,-0.7601289,0.43268064,-0.02557143,1.8077099
-0.18193269,1.8991247,-1.628204,-0.13838144,-0.2917134,-0.6348334,0.8992511,0.86013
-0.46676075,0.8151118,-0.6550137,-0.29446214,0.2453296,1.0415038,-0.18706176,0.22397125
0.12707482,0.44937414,0.16179222,1.5340382,-0.9437859,-0.68722314,-0.054587252,0.33353204
0.30437484,-0.18474041,0.3528885,0.64001346,-0.5264785,-0.03430529,0.5774567,-1.0547293
-0.14119962,-0.320527,-1.1243612,0.08680605,-1.1088499,0.046474226,0.8991881,0.024471287
-0.5311674,-0.8192259,1.1049943,1.2779704,1.0054677,0.44302928,-1.5643088,0.45574614
0.029136788,-1.2193755,1.8089604,0.15105507,1.2532903,1.6643103,0.79448736,0.22984782
-1.2497422,0.31423706,1.8160793,2.1970665,-1.0003844,0.27632213,-0.7757367,-0.30325818
0.24990743,0.56524503,-0.695431,0.95915264,-0.46404573,-0.15645523,-1.9895571,0.24005458
-0.8006181,0.09084734,-0.507893,0.88891554,-0.5067098,1.3335032,0.16547671,0.89724326
-0.5267538,0.83922535,0.76645225,0.20529431,2.0876648,-0.63913697,-0.042296156,0.9741259
-0.60617435,0.49271798,0.72976863,0.19696791,0.35131767,-0.5021655,0.020280704,-0.370903
-0.37454164,-1.1196752,-0.1215985,-1.796143,2.5615745,0.9629672,-0.2743183,0.9964315
0.16079319,-0.2478915,-0.72855574,0.20881471,-0.673907,0.26798558,0.9054983,0.15116036
0.3113583,-0.058674794,0.2775987,0.70292395,0.022589166,-0.82758284,-0.31869742,0.0996852
1.7338789,1.1220485,-0.47076,0.17761514,-0.4575053,1.6861748,-0.18016966,0.45545158
-0.059420936,0.12900735,-1.0970763,1.3524219,0.2548407,-0.002050899,-0.43923527,-0.4903694
0.437138,0.26795262,-0.7003074,0.66442484,0.15715611,2.6315746,0.21235588,-0.24575105
-0.96053445,0.28764132,0.5961254,1.5029616,-0.43343863,0.5938457,-1.0005987,0.68012786
0.70305353,1.0074477,-0.40324688,0.6104995,0.54910356,1.605554,-0.8703437,-0.44181147
-0.7258823,0.24193628,0.2948082,0.4211107,-0.45781156,-0.23858958,1.2191978,0.6369211
0.1437095,0.15779746,1.0789735,0.81491774,1.2313269,-0.79236424,-0.39456233,-0.97027355
0.7929389,-0.87480474,0.21732768,0.052025978,1.1065396,0.2831428,0.6018571,-0.5286955
-0.18252656,-0.60245514,1.3488909,-0.6400132,-0.12293939,-0.034296587,-0.2993529,0.25940737
0.32184103,0.7554863,0.4575627,-0.8195081,-0.15741208,0.50549394,-0.53025776,0.70833623
1.1971682,1.3325444,0.9834144,-0.63623106,0.100957565,0.51001954,-0.58794403,0.54619616
1.4150088,0.1765648,-0.22580352,0.3133955,-0.33348098,-0.25665438,1.3614691,0.6495075
-0.84625983,-0.3649227,2.0272589,1.2703074,0.6025773,-0.49380222,-0.501413,0.8979992
-0.985013,-0.061570745,-0.7053367,0.65400356,0.49563837,0.28377482,0.731341,-0.27646515
-0.92647064,0.6328485,0.30893558,0.2427997,1.2632525,-0.33204994,0.24826948,-0.4261603
-0.41121545,-0.86410254,1.1446502,1.2706708,-0.93926424,0.053353805,1.4317665,0.6079581
0.87108874,0.40427947,0.15315717,0.35343966,0.3529277,1.2838608,-0.75038016,-0.008849725
0.7456367,1.8484145,-0.5650332,-0.9518087,0.87253344,-0.43471262,1.0280188,0.08789402
1.5390825,0.37158364,0.30273432,1.4191751,-0.2810336,0.9179111,1.0226783,0.13975742
-0.11286373,0.8429897,0.76913124,1.5290526,-0.06366438,-0.32339793,-1.3715488,-0.7700913
0.1880005,0.31725702,-0.37726894,0.8041054,-0.34486935,-0.34044102,0.5158411,0.10847923
0.139691,0.11548951,0.95969254,1.0375652,0.5145422,0.8550978,0.32997832,-0.5883407
-0.5553866,-0.147537,1.0568129,0.045474246,1.6865176,-0.16928488,-0.52179074,-0.15432727
0.36205107,1.407503,-0.16466776,-0.40985236,-0.18730196,0.65339994,0.87981075,0.061493155
-0.078829326,1.1792859,0.6077038,-0.44797876,-0.08245686,-0.4289558,-0.6977037,0.27860698
0.6783024,-0.6223262,0.7152057,1.8742621,1.73613,1.6751844,-1.7437879,0.6514998
0.225413,0.116917565,-0.8635379,0.2709759,0.23618841,-0.58929247,-0.92306316,0.8651634
-0.5734884,-0.109871775,0.44095707,1.1794752,1.2381699,1.2309278,-0.32064715,-0.51382095
1.567098,-0.3527879,-1.2481377,0.8618552,-0.09087434,-0.017851902,-0.5064025,0.061536487
0.37397754,0.15545389,-0.30611244,-0.66444093,0.9647048,0.35562208,-0.8560025,1.2224356
0.5923194,-0.5480562,-0.8690297,0.6786191,-0.4905343,0.64453506,0.3136392,-0.25045872
-0.088300236,-1.1719371,0.9451645,-0.07441917,0.77597743,-0.7481934,1.3120288,2.490932
1.3403019,1.3228981,0.42487165,0.044249345,0.004593052,0.44040722,0.20126684,-0.45759085
0.339111,-0.6325222,-1.3431423,0.71588343,-0.09706604,0.71851546,-0.11240451,0.1209003
-0.23499215,0.2979018,1.4103911,-0.35486114,-0.7017294,1.677423,-0.044521257,1.6061965
-0.69901836,-0.017339408,0.65571856,0.5292729,0.089624815,-0.56355876,0.31625405,-0.5584527
1.6933109,1.2520746,0.048484363,1.2482592,-0.8464805,1.3502783,-0.04320427,-0.3931097
-0.27526593,0.017336862,-0.6359676,1.3198723,0.5784548,0.16759844,-1.0409276,-0.3069744
0.12871379,-0.84903324,1.3353763,-0.0069793165,-1.3920829,1.0165979,0.14547388,0.5633461
-0.38497776,0.07954972,0.116578974,0.088838354,0.21683992,-0.20813769,-1.0711759,0.87440014
1.1464835,-1.3964944,1.3051497,0.7346513,-0.46320856,1.2454109,0.7939755,0.08121231
-0.017698206,1.4423382,-0.87353456,-0.24342383,1.3934475,-0.5494798,0.61912835,0.7228886
-0.74969953,-0.53163314,1.3418016,-0.11759482,0.58721095,0.13791613,-0.6645052,-0.024617463
0.46563327,1.71108,-0.2878455,0.5404778,0.43061116,0.91290396,-0.35317066,-0.5088836
0.36748394,1.7676365,1.6907688,-0.22369461,-0.14442098,-0.28874913,1.2636257,-0.3960682
1.0388427,-0.85054374,-1.1166495,-0.38912323,0.18081291,0.60642666,0.5810198,0.3231433
-0.30047628,-0.0772828,-0.6540578,0.9878828,0.23377083,0.80365056,-0.19251427,-0.28352544
1.6461916,1.3670466,0.20385051,-1.3507799,-0.18627189,-0.40146703,0.15221979,-0.06130456
-0.89537394,-0.93083537,0.15756586,-0.8116464,-0.05083256,0.11066688,0.42990956,0.951881
0.16848925,0.63254106,-0.8142482,1.3612921,0.8518311,1.4523289,1.5597485,-0.17184469
-0.24073172,-0.3522297,0.1523307,0.10180786,-0.040105682,-1.0277212,-0.2237568,0.7432154
0.39014927,-0.7480317,-0.71768266,-0.06762138,1.7227104,-0.70971495,0.5841926,-0.042382166
0.71521175,0.4408794,-0.5229659,0.49489805,-1.1698363,0.01895281,0.46369177,0.06266457
-0.65298074,-1.1522944,0.95046586,-0.44970343,-0.24159004,0.37704033,0.9700169,0.43329433
-0.24508342,1.4296387,-1.0249912,0.6018624,-0.37649587,1.1831768,-0.21779725,1.2361163
-0.56137276,-0.2505475,-0.64143914,0.8893389,0.06942126,0.13721883,0.47799736,0.61933464
0.90176404,0.4309609,0.5000388,0.07341699,-0.7416656,-0.12148866,1.7241286,-0.14445037
0.083513334,0.0031042453,-0.39801234,-0.7753243,0.029567987,0.75279284,0.9919684,0.64146405
0.70823914,1.7206169,-0.13290307,0.06936951,0.12908271,0.09737767,0.9754945,-0.30293462
1.4258567,1.0452018,-0.24607101,0.7611311,1.1684031,-0.47636697,-0.4911947,-1.1083388
0.4166715,0.85882103,0.099266514,-0.23347838,1.4329453,-0.928174,0.57073754,0.1444147
-0.22622138,1.5529892,-0.92110187,0.72458124,-0.21201843,-1.0897573,1.0846725,0.17458475
-0.61103207,-1.214482,0.11059604,0.7597172,-0.14188197,-0.6445589,-0.34659436,1.2687551
-0.025070518,-0.059430946,-0.33942017,-0.5750322,0.7828259,0.97538245,-0.5323191,1.2312189
-0.7108118,0.98156315,0.98373675,-0.27487442,1.68829,-0.5886745,-0.8439715,0.14766091
0.5339235,-0.2899628,0.65093726,1.484407,-0.23053186,0.86862373,-0.35133997,0.09518192
-0.043745354,-0.2851833,0.4040034,-0.49331436,0.28804052,-1.3060381,-0.020696804,1.2790581
1.248816,-0.76488876,1.3179599,-0.27787784,0.47630808,0.26687032,-0.34018523,-0.2417629
0.37267703,1.2922094,0.06094522,-1.5546411,0.16956699,-0.41506842,-0.5820229,0.10922462
1.6154526,0.17369615,-0.20671913,0.0490962,0.89757943,0.21536341,-1.09146,-0.14529517
1.0649832,-0.9522179,-0.72090876,1.4584552,0.7178017,-0.42522535,0.45103404,1.5117178
-0.77155894,0.6396935,0.69592565,-0.041725073,-0.10353817,-0.099450275,-0.3943369,0.5820437
0.8366911,0.56631154,0.9049237,-0.44557998,-1.1843364,-0.4595743,0.28918368,0.03895156
0.53004456,-0.7172162,-0.124990344,-1.1782174,0.24268429,0.977101,-0.31564155,0.5005797
1.615324,-0.44044006,0.053830527,-0.87608874,0.09493308,-1.6875123,0.3420497,0.5245519
1.3064398,-0.17923571,1.3865619,0.25536633,-0.98277384,-0.3968281,-0.5549002,1.1624538
-0.32477123,-0.879861,0.24882823,-0.28530326,-0.46355343,-0.25536013,0.81794584,-0.04636751
-0.11524028,1.2842381,0.5089556,-0.44502604,-0.021877347,-0.0038603246,-1.0570818,1.7504786
1.2841427,-0.78396875,0.01628938,2.0900166,0.2203744,0.2203331,-0.32850483,-0.6552134
-0.31112728,0.98900807,0.6264276,1.4857221,0.5084931,0.8448477,0.9985757,0.24413961
0.3707257,1.0293937,0.024408918,0.5065183,1.341264,1.6841727,0.40263575,-0.402509
0.61013633,-0.28019285,1.0403892,0.9558592,0.24677552,-0.9300716,1.0981529,-0.68429756
-0.052451126,0.383189,0.14345926,-0.23985855,1.058187,-0.48142204,0.5349341,1.030469
0.29326892,0.6246272,1.4764405,-0.29863325,0.22597341,0.65686643,1.8482704,-0.305937
0.88097596,-0.5192335,-0.4909943,-0.42665696,0.37838402,0.6867157,0.45804018,2.1534522
-0.6323604,-0.08661421,0.2360442,-0.28537753,0.48597533,-0.9598366,1.6305194,0.92743397
0.79550403,0.922521,0.7881344,-0.5642796,0.40031826,-0.9608402,-0.14795959,0.518883
-0.39194342,1.2472811,-0.15562883,-0.1958203,-0.6420653,0.7891428,1.9545423,0.04008481
1.8219317,0.007306787,0.98433757,1.8820459,-0.2806573,-0.4331495,1.1956636,0.361978
0.2657668,0.66952366,-0.5794118,1.1246706,-0.86801845,1.3596469,0.12485652,0.5590897
-0.24325666,1.0325118,1.0335319,0.5210654,1.1145805,-0.7880023,-0.7001212,-0.85097003
0.82525456,-1.5455774,1.5283504,0.34960604,-0.2230462,-0.7174662,-0.85760564,1.5920494
0.2389405,-0.17490552,-0.63185805,2.2604141,0.07183149,1.0476338,-0.411536,0.8626361
0.021634746,0.23061696,-0.25146106,-0.57158405,0.3284947,-1.0359734,-0.024382688,0.5774832
0.45683005,-0.7341771,-0.61520654,-0.26209894,-1.0701787,0.013379776,1.0688434,1.0010446
0.49167183,-0.89986765,0.8322192,-0.100228935,0.4724086,0.59922135,1.0172346,-0.924886
0.19643342,0.87504894,0.012262709,-0.5252671,-1.0250015,0.019859439,0.014762156,0.4231551
1.2952698,-0.27897292,-0.08205709,-0.07491836,0.31469917,-0.5243851,0.30080235,0.13536036
0.24820408,0.2412663,-0.24242875,0.28765172,-0.040403567,-0.12429644,1.1214291,0.2565549
0.55784833,0.7080815,-0.21566647,-1.0646333,0.02737239,-1.1406204,1.0602286,0.19350317
0.7686928,1.1739078,0.82034034,0.6691977,-0.26419723,0.9259262,1.3234491,0.53234047
-0.50311947,0.23877013,0.31100008,-0.4767135,0.71595365,1.2512176,0.15135258,0.71619725
0.41454858,0.58642226,-1.2596655,1.730009,0.2909877,-0.5063957,1.1197412,-0.36810753
-0.21823344,-0.13901396,0.12689665,-0.26978785,0.42559952,0.7928686,-0.45382395,1.1793774
-0.4780867,1.4764522,0.41206226,0.24298927,-0.19537511,-0.30287626,-0.6410836,-0.53655034
-0.51769495,1.1500188,-0.6447724,-1.2292484,0.075606816,0.24114285,0.06758608,0.46355906
-0.36327943,-0.57457113,-0.47649065,0.24348317,1.6732497,-0.88686657,-0.19886431,-0.29470056
0.14857545,0.081739694,-0.20335326,-0.77173406,0.87147313,0.4182596,-0.039704278,0.3432757
0.7867481,0.037265975,0.8189815,-0.063437015,-1.1386656,-0.09720399,-0.32037744,0.8478722
0.91426945,0.5428857,0.6571288,-1.1836126,0.57434535,-0.32308024,0.15472202,0.7060481
0.23163617,-0.35597014,0.31422782,0.9689142,0.5761193,1.0885363,0.965868,0.6179551
-0.7813145,0.17274675,-0.37609282,0.5876325,1.139114,0.031513367,0.006890774,-0.097014986
0.15261611,-1.3366599,0.20337042,-0.28072408,0.6685579,0.42331132,0.014772963,1.0638667
-0.047456525,-0.51145184,0.58079594,0.43853715,-0.3269648,-0.5435118,-0.7741259,1.1862441
-1.1655903,0.4911126,0.9539288,0.29784682,0.66323864,0.919234,0.25647256,1.4874474
0.2553821,0.19991386,1.1320271,0.78708565,0.20459431,-0.81154734,0.45472583,0.08004254
0.6926178,0.6867357,0.044423573,-0.92167205,1.1009015,1.3647537,0.18060462,0.69815433
-0.21180576,1.2897046,-0.2410382,-0.22426869,-0.37908885,0.29569378,0.28962228,0.79979277
0.05078359,0.24728584,0.43902966,0.47414714,1.8215098,1.1427561,0.9516058,0.39906448
1.0851923,0.6163055,-0.3117326,0.7307307,0.16490278,0.39680967,0.17720784,-0.07709134
0.53170043,-0.077145725,0.7954959,0.23538955,-0.6598952,-0.48075327,-0.36598465,1.0924857
1.2011349,0.7570161,1.2702291,0.43980253,-0.61642027,1.3329375,0.507562,-0.03943251
1.1226349,0.2019837,-1.2043779,0.10933606,-0.13799588,0.38159204,-0.4356947,1.291052
-0.93797576,-0.20779198,-0.40908712,1.0466685,0.49647474,-0.5789526,-0.36775202,0.7080542
0.6760234,0.017342133,-1.6156845,0.33563167,2.3867757,0.10975927,-0.096144676,-0.388634
1.5737609,-0.08156845,-1.1719254,1.4803087,0.24048878,-0.6576613,0.33965588,0.51608706
-0.13836399,-0.032829635,1.2354617,-0.9387397,1.1611164,-0.32351643,-0.44850242,0.29080072
0.75077105,-1.2183212,0.99109614,1.6454257,-0.6758815,0.6037669,-0.23516513,-1.0233113
-0.03894011,-0.55182874,1.498653,1.4894028,-0.037207734,-0.496532,-0.7389192,-0.05471278
-0.099062674,0.2136821,0.28589603,0.80790657,-0.62715155,0.64077973,0.7435613,-0.04412902
0.65724134,-0.427153,0.834654,-0.13282628,0.5268149,-0.6793056,0.00942792,-0.12929168
0.5895463,-0.09508318,0.45548844,0.77690357,-0.4852897,-0.45923993,-0.6248474,-0.040789597
0.972179,0.4404588,-0.79577154,-0.9853625,-0.07702689,0.67726713,-0.41682678,1.4292103
-0.11416436,0.43156487,-0.13712662,-0.40411863,1.1847347,0.37584603,-1.4245327,0.6944257
0.68085593,0.13459256,1.7066677,-0.530572,1.3312334,-0.49624375,1.5404894,1.5074856
-0.12631834,2.1914043,-0.34675276,0.37373498,-0.1284818,1.2126105,0.6005671,-0.34347293
-0.82687205,0.53864527,-0.30012625,0.25078705,0.7814722,0.4396727,-0.87715673,0.71342546
0.15203023,-0.28281957,2.0460198,0.018037114,-0.69398373,-0.59635,0.5153238,0.069373295
0.4902513,0.19380635,-0.17509902,-0.118581,-0.5271773,0.2727587,-0.85434157,0.11959784
0.26477987,-0.043871995,0.9998499,0.7231532,0.8164025,0.5597932,0.6524557,-0.95851356
1.247912,1.186331,-0.8911288,-0.12858303,0.65674406,-0.40806484,-1.3706107,0.3782262
-1.2022257,1.504692,0.6188369,1.5845816,-0.07451092,-1.7142441,0.6075085,0.86951184
-0.1400873,0.15798354,-0.5101572,-0.1594924,0.2521502,1.6994094,0.5500079,0.14848611
-0.34139973,0.27728492,-0.94200546,-0.67762065,-0.25620234,1.1625493,0.22903405,0.041615285
-0.6630931,-0.30630606,-0.082006,0.10952887,1.2664475,-0.89067817,0.3160335,0.057277627
0.8224639,-0.047092404,1.0487697,-0.46192864,1.5838715,-0.091354676,-1.0226179,0.27008465
-0.46323365,-1.7366129,-0.14284852,1.5264437,0.82013047,0.850437,0.26743475,1.3712319
0.72665274,-0.120942816,-0.28570005,0.22444135,1.0656029,-0.8898491,-0.5560278,0.67863595
-0.39492545,-1.6302156,-0.19764745,-0.24209179,-0.1881137,0.124912344,0.6105866,0.22520587
0.8799205,0.21407598,-0.85169464,0.11899535,-0.6266177,1.0656104,-0.44436786,1.0473297
0.5619757,-0.5965022,1.0637714,-1.2351567,1.5109147,0.6750572,0.32413784,0.64724463
0.29873967,0.6558172,-0.9205546,0.23753922,1.2298337,-0.10634653,1.3381099,-0.767909
0.2857073,1.8394208,-0.021338316,0.2162903,2.3049812,-1.1673915,-1.3003582,0.80335695
-0.4019734,0.6197446,2.1924396,0.61990947,-0.05836162,0.7230016,-0.282765,0.033495933
0.5639496,-0.041630056,1.4169263,-0.12804674,-0.65061146,0.8610922,-1.0045811,-0.01923699
0.21483168,-0.93471014,-0.43039492,-0.7016971,0.6865194,0.97527784,-0.5596267,2.362728
0.21154541,0.8424155,-1.1496437,0.19722958,0.57661706,-0.94173265,0.5803374,0.037345108
-1.1932749,0.024190988,0.3017013,-0.005236488,0.776027,0.15161169,-0.6800147,-0.7722567
-1.3080007,0.22017887,0.09895077,2.3152635,0.8323785,0.39501375,-0.08820257,0.46370137
-0.13310865,0.9921003,-1.0218269,-0.24123935,-0.29155105,-0.80972517,-0.5262689,0.23496625
0.0048227087,0.20160893,-0.43788072,1.3495464,-0.91189814,-0.3220185,-0.05355579,0.16633658
0.14289078,-0.2602047,2.351229,0.32439005,0.92403865,0.37086746,0.50652087,0.4936511
-0.051830284,1.3637612,-0.31610885,-0.63958937,-0.24407439,0.43994308,-0.72293746,0.29980054
0.40735865,-0.7602645,0.80000496,0.078979276,0.3492895,-1.2608445,-0.19661784,0.31772563
1.3247182,0.119669646,-1.9464384,-0.3500389,0.67466706,0.3569071,0.039650854,0.6064043
0.4163686,-0.9901357,-0.39266214,0.32319736,-0.27736118,0.08438214,0.27859348,0.50554043
2.0618794,-0.89256877,0.07589656,0.89423597,1.8165307,-0.89346087,1.1773391,2.2745543
1.3822832,-0.24747024,0.70717585,0.30922443,0.93483096,-0.9050245,0.18926206,-0.0077596903
-0.3346089,0.024212833,0.21511823,1.2220542,-0.7125994,-1.1202407,-0.8914642,1.0416485
0.69511503,-0.2702365,-1.0491625,0.2893971,-0.8578333,0.5306161,0.14180301,0.8997764
-0.1456283,0.11928971,-0.24109223,-0.40930483,-0.09438523,-0.25471395,-0.47317356,0.27524886
-0.7501698,0.5675238,0.9308079,0.3574025,-0.49148864,0.7058207,-0.4999968,0.55214745
-0.38379863,0.0014280695,0.37005463,-0.09670289,-0.062071964,-1.7060527,0.61907613,1.6525286
-0.9892807,2.09661,1.6861501,0.18997836,0.201064,-0.5641192,-0.6791418,1.4727204
1.5844862,1.0911628,-0.3314572,0.6287813,0.7887746,-0.5142642,0.6115582,0.09745774
-0.987427,-0.06628874,0.8325245,-0.21570228,-0.3654527,0.8664993,0.14330222,-0.52458465
-0.2839965,0.8851058,1.408407,-0.21016346,-0.0176328,-0.36268586,0.5167529,0.495597
1.2008848,1.3334934,-0.09460805,-1.1406399,-0.9877527,0.3689136,-0.12821622,1.1968657
1.7914168,1.0473257,0.119005196,-0.83893263,0.4246597,0.4104416,0.09043278,-0.22628152
-0.8327266,-1.0470198,0.82016706,1.0681744,-0.56920207,0.19854029,0.8385676,-0.46030495
1.0437475,-0.32211483,-0.9574653,-0.059191857,1.5106556,0.13560645,0.34900737,1.0039738
-1.2419015,-0.7376245,-0.19740361,0.37117139,0.90739995,-0.14061877,-0.27574718,-0.2903569
0.27043948,-1.0831738,-0.06005358,2.0705109,-0.8207432,-0.46538177,0.7477388,1.0541905
-0.08276961,-0.13550831,0.4434334,2.1454425,0.8181672,-0.6045405,-0.120456815,1.062821
0.12344268,0.701853,0.13651454,-0.19285445,0.63702846,-1.1508545,0.53764415,0.46659765
-1.5982053,0.47043908,-0.8890243,0.10868311,1.237431,1.0231023,1.528456,1.145167
-0.36429292,0.6845606,0.21024543,-0.58475715,1.4292451,-0.38576004,-0.32550624,1.1570194
-0.8293162,-0.27942696,0.96954703,-0.29557502,-0.95757174,-0.9487504,0.6844486,1.3104455
-0.8169264,-0.12272462,-0.9589982,-0.054154623,0.18330556,0.022756938,1.210468,0.37617117
0.8055529,0.9743168,0.28798285,0.31915244,-0.6957158,0.70026106,0.95166594,-0.5434113
0.7149907,0.637131,2.4685793,0.24897748,0.048717197,0.5468596,0.63726515,0.40316454
-1.1986634,0.8782374,0.533971,1.1328912,-0.45438766,1.11991,1.9587458,0.86791
1.1733981,0.85794914,-1.1629883,1.3657193,-0.65972006,0.3649471,-0.6413945,0.14992
-0.030864201,0.49284577,-0.5008022,-0.5604113,-0.41498375,0.23588222,-0.9368299,0.64345586
0.8763547,-0.078166455,0.5557137,0.36380506,-0.604624,0.7364021,-0.9251099,0.49821258
-0.3132712,0.9388768,-0.36892802,-0.4462217,-0.22655289,1.4242953,-1.371128,0.19999644
-0.5864113,-0.63965803,0.77299803,0.024938006,-0.5807815,-0.15846251,0.5848619,1.202968
0.52049404,-0.22117525,1.8195957,-0.76033163,-0.13102904,0.5216459,1.1235019,-0.68722886
1.4591776,0.7771838,0.8964063,-0.54314405,0.96989566,1.0957282,0.6502938,0.162258
0.101419546,-0.81264776,-0.03659972,-0.3478917,0.35107625,0.97628456,0.66050106,0.38884777
0.26155877,-0.9597386,0.3758209,-1.1866578,0.2584336,-0.17407598,0.32268655,-0.13432178
0.05398736,0.07694511,0.8654146,1.582356,0.823374,0.29647592,-0.7348571,-1.2443086
0.90085465,-0.36318824,-0.57374597,0.5105359,-0.30655512,0.23096456,1.3080544,0.54374826
-0.3616458,0.25669357,0.5001179,0.6454746,-0.13345997,-0.8160872,0.21395296,-0.13431224
-0.1567016,0.059908334,-0.47149423,0.59058917,0.57215685,1.0270766,-0.4054631,-0.20476079
-0.9978429,0.7950645,-0.48129258,-0.29318544,0.7716997,-0.24453288,0.57301104,-0.2466659
-0.61088836,0.8712091,0.28778073,-0.47843936,0.6606396,0.91809505,-0.10788551,2.007058
-0.79413915,-0.8811364,-0.51536,-0.08948363,0.75341076,-1.0113477,-0.6282975,0.9625818
-0.8014696,-0.548951,-0.22327918,0.8469286,0.22888821,1.3073711,-0.0051516704,0.005479723
-0.527616,0.6835389,-0.37096488,-0.15590772,0.9980226,0.07121105,0.3075489,-0.7748639
-0.8325973,-0.14617087,-1.0504098,-0.69446325,-0.21858391,0.40518138,-0.30992088,0.69545513
1.699401,0.50995445,1.6346099,0.48584685,-0.60923916,-0.0016499087,-1.0411826,0.41344824
-0.011382706,-0.0096480325,-0.31110713,0.69384927,0.12845281,-0.54786706,0.721728,0.24157172
-0.042869195,-0.29951537,-0.0829159,0.9217712,-0.8558518,0.069395915,0.6336255,1.3142339
-0.27564952,-0.6806765,0.6094452,-0.12788159,0.75447464,1.1416258,-0.5916838,1.5613862
0.48466176,-0.85915166,1.1013942,1.413614,0.6120551,0.6028671,-0.47449562,0.19668612
-0.63191897,-0.07213147,0.7562045,0.82361233,0.52395475,0.9191695,-0.28717238,0.021768667
-1.2805916,-0.09774546,-0.066329286,-0.11195986,1.5204084,-0.38346952,0.116131425,0.47968954
-0.37978044,0.22977185,-0.8659509,1.2267523,-0.49401513,0.34429172,0.4020395,-0.5936785
-1.0147307,-0.00084549934,0.15864956,0.3703769,0.62070966,1.5074148,0.5232939,-0.23514533
0.50080365,-0.892849,0.1545139,0.010724708,-0.13637216,-0.3714426,0.31789777,-0.7819874
-0.6681523,0.116087005,0.42070246,-0.8194284,-0.08032054,0.17906225,0.14249404,-0.1988678
-0.032713898,1.4525474,-0.89507335,0.6062612,-0.21712787,0.610973,-0.27138954,0.952715
0.59895587,0.099222034,-0.16098848,-0.25713083,-0.07444715,-1.0440093,0.6307786,0.49296665
0.34368694,-0.13964301,1.593735,-0.47253534,-0.2894681,0.3491039,0.9856975,0.84260863
-0.5028486,1.1876239,-1.1935585,-0.12282324,0.22665444,0.69986045,1.5370449,0.72769296
0.15082529,0.2887044,-0.46254972,0.868612,-0.06755459,0.30343506,-0.25336823,-0.45961657
1.3662409,-0.56961685,2.0974839,0.019000966,1.0354005,-0.54636663,-0.6381166,-0.029911526
1.1130731,-0.544427,1.5282809,-0.7231121,1.5958011,0.46750376,0.59015137,-1.040072
1.3349006,-0.13047329,1.2678783,-0.68137205,0.20056544,0.6194892,-0.38331857,0.31620315
0.1319995,-0.5626022,1.3700705,1.2833118,0.22942665,1.1605345,0.40468872,-0.5169892
0.8587448,0.84677464,-0.8188706,0.12467098,0.35151514,-0.10592067,2.0299935,-0.8381736
0.6170598,-0.5778816,0.051423237,-0.6794136,-1.0295596,0.18378551,-0.0557506,0.30068412
-0.1967988,0.14360893,1.0949069,0.1953821,-0.14874215,0.69492614,-0.7459102,0.352715
0.34797242,1.8121276,1.4150342,1.5016279,-0.67946863,0.043408252,0.37328732,-0.06914697
-0.84864485,0.7598325,0.40601295,-0.418418,0.14910275,0.09808472,0.2789127,-0.33648574
1.2829295,-0.9333709,0.3712226,1.5895829,1.4796846,1.0563312,-0.26883134,0.7855675
1.0215061,-0.4007195,-0.30318356,0.13327621,-0.1926357,0.7153367,0.8240429,0.41586557
0.7239505,0.6397263,0.9640553,0.07885941,-1.4692575,0.2749712,1.0136768,0.8136118
1.2001449,0.58931047,0.40059537,-1.1127994,1.5989368,0.28723025,-0.032610003,0.34734312
1.3384153,0.07188803,-0.68752897,0.058056984,-0.20297162,-0.21702671,-0.62252283,-0.4114353
-0.5195251,-0.7562653,0.6661164,0.7972007,-1.0109344,1.0666454,0.14664161,0.7579148
-0.756111,0.03892412,1.2496235,2.0164618,-0.005001409,1.2385561,0.37974614,-0.2222833
1.2575402,0.06605677,0.18906409,0.2002243,0.1428804,-0.061313532,-1.3714598,0.30266187
-1.1776507,-1.5133104,0.3669638,0.7540448,0.08688675,1.8364321,1.5645566,0.47891635
-1.0907801,1.4212561,1.6837424,0.35564175,0.77154857,0.05474148,0.4101073,0.33605042
1.0740782,0.9365299,1.6955096,1.3577104,0.8660576,-0.63676274,0.7109724,0.73343724
0.36363512,0.026201308,-0.022275478,-0.9992405,0.19292168,0.51588625,-0.62031436,0.4907662
-0.7214009,-0.02719029,1.4587495,1.2095077,0.22977345,-0.5711181,-0.29809847,1.8667465
0.20186284,-0.662471,-0.1702854,-0.19195454,0.63330525,0.43980232,0.8036027,0.24943459
-0.1511764,0.6090115,-0.10173821,-0.20453487,0.3594001,-0.78411996,-0.26766607,-0.44213697
-0.23905846,0.5116087,1.4259853,0.6216085,-0.008239201,0.16458866,-0.84656394,-0.18470019
-0.11428287,0.7706358,-0.30263442,-0.37307337,-0.5830158,1.3660443,-0.52548,0.120648816
1.2173954,-0.3941602,-0.15473923,0.06657401,1.5519117,-0.26816693,0.48723036,-0.6696731
-0.3312493,-1.0845,0.4822274,-0.056158673,-0.5622036,0.30108687,1.31148,0.0079383515
0.3592665,-0.42475793,-0.27619034,0.36723036,-0.5396675,-1.0368783,-0.33358628,1.056871
-0.06036839,0.15147267,-0.8533175,0.33420715,-0.17539787,-1.0051064,0.53749585,0.18810424
-0.716151,0.11894603,0.92730844,-0.2824451,0.14736457,0.2819291,-0.18175109,2.0156484
-0.2860438,1.4431616,0.6519208,-0.04736771,-0.5605744,1.2824117,0.32932046,-0.21577844
0.78820086,0.74343187,1.6927551,0.72660476,-1.4787027,-1.2402707,0.59385437,1.0294907
-0.23988569,0.7314114,0.09287216,-0.90239286,-0.025412451,0.9615394,0.25542152,0.021456797
-0.45409954,0.35408118,0.7839384,0.99310565,0.70735717,1.9409283,-0.2947682,0.21951684
-0.7153417,1.1792017,-0.67559457,-0.9404448,-0.76896083,0.51789075,-0.051821914,0.6073485
-0.102539636,-0.33928978,-0.3062033,-0.91023666,0.6579952,-0.48483554,0.008067533,-0.2022028
-0.5653149,-0.08739336,0.37822977,-0.6025964,0.0038543548,-0.40915415,0.58618313,0.59109604
-0.16147268,0.07685688,-0.41162094,-0.67731255,0.42481026,0.5194231,0.4651949,-0.49094662
0.63648504,-0.6945142,0.56531584,1.1668868,1.1042383,0.33337185,1.1723684,0.1658957
-0.062397584,1.9767092,0.49203286,0.63752306,-1.1093608,0.42197347,-1.506052,-0.36186138
-0.62927157,0.5191394,1.2885785,0.5001887,0.24215631,-0.6401079,0.89929944,-0.29155505
-0.0026737824,-0.84872466,0.05202488,-1.17565,0.37815395,1.5123094,0.33856142,0.3662281
0.7231297,-0.8510615,1.0151702,-0.0075852685,0.17348912,-0.57960165,0.5274254,-0.062733375
-0.23340496,0.91385806,0.1927096,-0.7145307,-0.40896034,1.1301538,0.68105733,-0.5550788
-0.021309942,0.8252896,-0.80253965,-0.59961605,0.08329527,-0.48077795,0.0718371,0.45156652
-0.33483765,0.6288833,-0.9955922,0.75111866,1.3427371,0.0727409,-0.5315754,-0.35882387
1.9173073,-0.5933179,-0.19527388,0.059286386,0.40988278,-1.3373033,0.8719265,0.2540599
0.73123616,-0.24861272,0.1397447,0.017790224,1.6141728,0.20298786,-0.35081512,-1.0838289
-0.20807007,0.58013254,-0.4434538,-0.7637574,-0.19589612,-0.1754994,0.49789137,-0.41553277
0.28983253,-1.1298562,0.7230365,-0.80093765,-0.44743764,-0.2549202,0.7685901,-0.14489013
-0.34169522,0.6303446,-1.1678087,-0.47983435,1.108253,-0.34812367,-0.28994417,-0.5412975
-0.9620954,-0.35653806,-0.3545686,0.13156763,0.9556238,-0.57546145,-0.5854938,0.62510175
1.522834,-1.3172296,0.6112502,0.9261466,-0.51954484,-0.31195563,0.08007425,0.22604752
0.5926943,0.54534394,0.6660013,-0.6536189,-0.042774986,0.03341958,-0.3775772,-0.65159374
0.18419535,0.032257922,-0.020228956,-1.1691843,0.18200742,1.5280895,-0.1334526,1.4258655
-1.139024,0.36252403,0.1131719,1.2061449,0.6149564,0.52728075,1.3210914,0.3317454
0.9963877,0.22693004,-0.13173357,1.1260247,0.18583395,-0.30604243,2.2420652,1.1851091
-0.154407,0.10844125,-0.76246434,-0.1469945,0.7435946,-0.21885265,-0.33686697,-0.032534562
0.78582025,-0.2443272,-1.3121843,1.0626576,1.0125115,0.358344,1.2929052,0.15473366
0.7227829,0.89574075,0.79465586,0.20573924,-1.1183065,1.1143074,-0.22557376,0.7918385
0.50071734,-0.55885464,0.27299005,-0.7237477,0.5420424,-1.0791712,-0.010624934,0.80911314
-0.2896939,-0.09929623,0.39427477,0.34630498,0.16546714,-0.20399107,0.34781477,-0.77220035
0.079008,0.98704344,0.78442645,-0.75242096,-0.22999498,0.90862286,0.37325734,-0.32567528
0.5354696,0.20844881,-0.58559173,-0.0029703006,-0.13533498,1.0556887,-0.57469946,0.6893366
-0.20309085,0.39300483,-0.34274945,0.4383092,-0.2571094,1.3133508,-0.85029846,0.13251565
-0.21241125,-0.8938349,-0.09975405,-0.33763465,0.20094822,1.467748,1.1293569,-0.38298917
-1.2380682,3.0,0.30555737,1.4938766,0.9337465,0.6807921,0.13335231,-0.1923056
0.041749816,0.081946075,-0.9799264,0.38670516,-1.2739172,0.0018229913,1.2054026,1.0707346
-0.35960323,-0.53077435,0.91646504,0.33164722,-0.52976936,-0.20146726,0.6839397,0.3137865
-0.37606278,0.15010521,0.1308417,-1.2009631,-0.4572961,0.5867613,0.40997082,0.41524485
1.4996417,0.54484797,0.50949526,-0.2592537,-0.38633087,0.59972245,0.9044311,0.0036368147
-0.51004803,0.11143783,-0.5482932,-1.1184584,0.7803425,0.96300775,0.5488246,-0.015482038
-0.13337058,0.3173089,0.58411455,0.926124,-0.28232518,-0.9424806,-0.5274111,1.6498325
1.4627318,0.31759205,-0.18913111,-0.008481648,0.67718244,-0.21454105,-0.5953613,0.26531976
1.0475563,1.0994037,-0.80327356,0.5752176,-1.0760128,0.3878457,1.2739177,-0.021201119
0.366875,0.055161636,0.2988152,-0.20407464,-0.5276724,0.51673925,-0.16871575,-0.38664284
0.35246944,-1.4252181,1.1117141,-1.4772346,0.4202259,0.17628436,1.6807191,0.8153687
0.1544343,-0.5225426,1.408657,-0.5926994,0.06806027,-1.047084,-0.1621128,0.809409
1.661805,-0.80895674,0.5352329,-0.40597835,0.14393902,0.3737841,-0.95998967,0.8660061
0.6069836,-0.18492234,0.4618335,1.4032075,-0.40337607,-1.0260553,0.48389125,-0.09966957
-0.07165017,0.10191877,1.5650524,1.7154012,0.37218586,-0.963299,-0.28875458,-0.5022331
0.48217285,-0.13762677,-0.58164275,-1.5620619,0.10422312,-0.14426619,-0.5713893,0.5237907
-0.0097665265,0.58198565,-0.53297883,0.24054149,1.2760671,-0.20365308,-0.28013504,-0.85273844
0.11732273,-0.63337463,0.01207003,-0.783026,-0.055240713,0.41269156,-0.21876912,-0.11918535
-0.3252912,1.4565616,0.60192555,1.5129367,-1.1224827,0.5455588,0.011343434,0.3754989
-0.0019471198,0.38865334,0.34885257,1.2464534,1.5154407,0.056701265,-0.5562006,-0.92939
0.087778546,-0.011855692,-0.7773443,-0.0292621,0.30629593,-0.7156186,0.24674805,0.9564456
-0.80022544,1.5970638,-0.41017297,-0.49035886,0.30384225,-0.79392976,2.3989518,-0.15592423
-0.3724293,-0.9265282,0.5799126,-0.60152763,0.12073024,-0.61630636,0.89486355,0.7367011
0.6616443,-0.9399018,0.5345757,-0.2422129,1.8542826,-0.019103685,0.50483656,-0.41603464
-0.15883502,-0.4989078,0.5761135,0.107217886,0.09912989,-0.87897843,0.5887248,3.0
-1.4651157,2.1667714,0.37123922,1.2582005,1.1236761,-1.1106492,0.45480192,0.1818496
0.18205076,0.7007244,-0.9553357,0.69965285,0.93242764,0.21150869,-0.7839591,0.12722415
-0.012008868,-0.023760352,-0.2229797,-0.80941117,0.4638552,-0.80648094,0.3069546,0.059301678
-0.1376569,-0.23615511,-1.2692518,-0.16531317,0.6165606,-0.78371066,0.12507227,1.5291064
-1.0079685,1.4521539,0.6691783,-0.45082054,1.2236712,0.46514162,0.78681827,0.11192049
-1.4357177,0.20077656,-0.21314952,-0.27871993,-0.015355608,0.43493113,0.15122367,-0.15953967
0.91981673,0.20372039,0.09132899,0.9256714,0.34861797,0.64689267,-0.122218624,0.6721078
0.23232946,-0.17920046,0.43390754,0.2353167,-1.1433902,-0.8392941,-0.9611459,1.5941924
0.38848427,-0.050007086,-0.8763062,-1.0248021,0.06939834,-0.2459358,0.70470744,-0.18668845
-0.4556998,0.47595865,-0.030925956,-0.28705266,-0.57264376,0.43612576,-0.22940867,0.058400914
-0.546717,-0.6532713,1.1331371,0.68581,0.29995015,0.474622,0.4423018,-0.23730156
0.7707263,0.080370575,0.6124626,-1.0142864,-0.9644947,0.39382154,0.9479136,-0.19173741
-1.3761709,0.14699243,0.98204017,1.6089685,-0.6124962,0.6502943,-0.26475114,1.3449184
0.33829924,0.5931201,0.078449994,-0.47293922,-0.6118773,-0.11613189,-0.91253793,0.42229623
0.64163244,-0.22681308,0.33751366,1.1278939,1.180076,-0.78131604,-0.41963616,1.3150098
0.2240004,0.6601383,-0.07813249,0.11955017,0.29301608,-0.4849768,-1.110737,0.76925075
0.55991113,-0.23583071,1.9212884,-0.2309192,1.4479213,-1.1694655,0.7194519,0.09250629
1.2456781,0.8402134,0.6566197,-0.013607729,0.7988217,1.6434427,1.3068732,0.22720999
1.0214969,-0.37046623,0.18431494,0.7237094,-0.258913,0.7218053,0.9167248,-0.3077398
0.92367524,2.1425254,-0.6935062,2.1657357,-0.578649,0.11275006,0.29309157,-0.26695746
-0.14674616,-0.13269405,1.3552604,0.059889093,1.3946022,-0.26989046,1.0715681,-0.18386647
0.39193624,0.6690896,0.24785379,1.5819124,-0.5229112,1.4165581,-0.42068177,-0.35338733
-0.7724601,0.50890875,0.319184,-1.1153456,0.24491198,-0.5434216,-0.45684367,0.2667656
0.14079913,0.295346,0.2965469,-0.7086912,0.5345392,0.14428057,1.5069665,-0.47446808
-0.6555919,-0.59900874,-0.24258322,0.52453554,0.20174786,-0.6700601,0.45325643,0.3346086
0.2857383,2.0414956,1.5871731,-0.7521304,-0.17741191,1.2729398,0.044034,-2.0434406
0.021253843,0.5588235,0.24499229,-0.97686946,-1.4249278,0.6577333,0.6088016,0.009151284
-0.42789492,0.28378123,-0.56653297,0.06624676,0.7987027,-0.5589212,-0.119381666,0.22245353
-0.5128205,1.5638369,1.1167411,-0.5917354,-0.83054143,0.12624604,0.3404333,0.06891558
0.6216886,0.1372824,1.0589625,-0.3263485,-0.41939446,-0.40523958,-0.468087,-0.2520105
-1.095516,1.348072,1.1277984,-0.52215904,0.19144979,0.5720353,-0.029900417,-1.2710142
0.37792543,-0.15079506,0.2155228,-0.14743608,-0.13100776,-0.8605221,0.8518266,0.66411614
-0.019380897,0.6483218,0.22849849,0.99907315,0.3501817,-0.5933535,0.12292944,1.3731434
0.7956257,0.38413572,1.7562636,1.6228462,0.5391706,1.2470951,-0.7705735,-0.83011293
0.34943083,1.3365974,0.081707634,0.90267384,0.24475853,1.598908,0.081045255,-0.19122186
-0.641476,-0.019731302,0.21898043,1.4826922,0.852126,-0.45453236,-1.419688,1.0708269
-0.10424564,-1.202014,-0.5961617,0.52091813,0.61800534,0.3126961,0.33440757,0.6797188
-0.8622963,1.0939233,0.057615653,0.39259085,-0.4247904,-0.7251438,0.14932503,-0.24103504
-0.14079902,-0.8089621,0.88585097,0.36914968,0.1366343,-0.7378651,0.5783048,1.6568077
-0.7184221,0.3422967,-0.4133354,-0.31493983,0.77919245,-0.49054238,0.6492189,0.31875393
0.018795557,0.24744277,1.5199894,0.23387216,0.6861963,0.160964,-0.73741883,0.16318876
-0.609497,0.12125395,-0.71337306,0.76783156,1.3690215,-0.0464034,-0.649324,0.2639509
-0.11820196,-0.79761827,1.6332116,0.98813444,-0.21654059,1.243807,0.024686169,1.094897
2.8649733,-0.034197424,-0.25619224,1.1581463,0.20563379,-0.14586066,-0.12985858,0.33180854
0.09334602,-0.1163279,-0.80302554,-0.20833965,-0.3241668,-0.654514,0.13396509,1.1425177
1.0524911,-0.16007313,0.08120237,1.5349478,-0.06797731,-0.6940322,0.15882653,1.863838
0.44812733,-0.943775,0.6344595,-1.1474601,0.72810996,-0.054515548,0.00971289,0.30285674
0.56990004,-1.4249364,1.3077865,-0.1583484,0.41272026,1.2769864,0.34338322,0.41736916
0.2188507,0.6422997,-0.55083364,-0.44421917,0.28579262,0.005466191,-0.10000518,0.46249935
-0.72015375,-0.62426245,0.98859227,-1.3217566,1.3397561,0.3453288,-0.27859542,-0.59584594
2.2140844,-1.1638614,-0.37989828,0.07939155,1.8051405,1.1299415,1.4553887,0.13403597
-0.56962544,1.302782,1.6362454,0.82537615,0.13466132,-0.29086533,0.46035668,0.12826839
-0.6505401,-0.0011080429,-0.24869221,1.5991825,-0.78260976,0.0032394715,1.1958127,0.5035393
-0.87383103,0.51813614,1.7014146,0.4973063,-0.966288,0.011076267,0.02883299,0.31468332
1.2417878,0.83117205,-0.40965047,0.40673745,0.0823394,-0.40183437,1.0150255,0.57156134
0.7037886,-0.50361216,-0.79699594,-0.027144495,0.7214997,0.9451133,0.85355747,0.8895233
-0.15697849,-1.0960679,1.7700394,-0.24196987,-0.19757748,0.63877964,0.52871925,-0.4513546
0.037714,1.3615808,-0.11697764,1.067516,0.43090847,-0.33211514,-0.31847256,-0.8263742
-0.27341065,1.2393571,0.9436528,-0.3762698,0.79386765,-0.20164691,0.67673945,-0.033783503
-0.11714973,-0.6295714,-1.1324902,0.39390117,-0.85915804,-0.32448575,2.0628707,-0.39996344
0.07630105,-0.6943438,0.090294346,0.31602713,-0.3851857,-0.5230535,-0.57192725,1.1119255
-0.3197634,0.24891436,0.59300387,-0.6018153,-0.7660463,0.90234023,-0.43562418,1.0517156
-0.05883129,-0.29044506,1.2510561,-0.7318099,0.9986592,1.1376972,0.9417232,0.0011928901
0.15523049,0.417882,-0.73147875,-0.8175257,-0.2278475,0.31301972,1.205228,0.38750464
0.944864,-0.7881195,0.68475825,-1.0997235,-0.13724923,-0.6690106,1.4066256,1.1161524
0.49689975,-0.66947466,0.40617803,1.467667,1.2064592,-0.452904,-1.3435025,0.4217022
-0.20401639,0.20596844,0.61458945,0.74667144,-0.11723407,1.2939787,-0.5124521,0.891348
1.0019436,-0.4578151,0.6951552,0.37217796,-1.4391282,0.43169135,1.5649747,0.08916165
-0.36121908,0.63508743,0.21201038,-0.7528246,-0.04090024,1.2125212,0.04634246,0.05849295
-0.42354807,0.42558897,-1.4267788,0.19798341,-0.18907711,0.587583,-0.3283549,-0.3198579
0.006772347,0.13111892,-0.49980202,-0.41263875,1.1203159,0.058008693,-0.32430485,1.3034079
0.6427359,-0.04226796,0.49754664,-0.29837653,0.6628477,0.46953493,-0.38307032,-0.43633595
-0.9165195,-0.3166059,0.267014,-0.03721397,0.3562547,-0.12475346,-0.3013969,-0.10651351
-0.5054949,0.97117984,-0.96087617,0.56874686,1.2508279,0.66902554,0.34805593,-0.104382195
0.35094815,-1.2528007,-0.4718623,-0.70936924,1.4045261,-0.549296,1.275737,0.4399205
-0.0024436936,-0.059868958,-0.4615065,-0.91208947,0.31872016,0.06633132,0.1619029,1.3016683
-1.1132549,0.088211164,0.5968287,1.1673017,1.4486152,1.1232513,-1.093485,-0.07647174
-0.43238652,0.28319374,-0.21304911,-0.80608225,0.7626836,-0.1707473,-0.2854004,1.33121
-0.26836842,2.2586281,0.08434951,0.37299237,-0.05904313,0.34109104,0.27997622,0.20606112
-1.6096888,0.50965023,0.7734122,0.5073718,0.07213105,0.7076613,-1.3122218,0.44370428
-0.80743587,0.7686893,-0.7060176,-0.4232923,0.6533831,0.049022224,0.047133308,0.38564554
0.73877525,-0.57032114,0.70757544,-0.8680696,0.06659103,0.5644737,0.11553337,-0.04639151
0.24879572,1.3813457,0.23172927,-0.17984036,-0.31552714,1.2337856,-0.2927878,0.08945291
1.0867941,1.1789868,0.021657024,-0.78516763,0.33197936,-0.63333184,-0.20438138,-0.0007561892
0.41542172,2.0690258,-0.01873042,0.40127343,-0.93406385,0.6792068,-0.47082394,-0.2749305
1.1951926,1.5284005,0.5583388,0.08789077,-1.126364,-0.17142048,-1.023938,0.034437604
0.87723565,0.9426818,0.43169934,-0.39386827,0.57405776,-0.03443201,0.7178065,-1.5339959
1.2208071,0.16431057,-0.03834393,0.0819985,0.39015704,0.59450257,-0.4294001,-0.12022648
0.5052131,0.48590982,-0.6547917,-0.90619457,0.77200615,0.24489886,-1.1164579,1.2363031
-0.39803424,0.14984114,-0.27524894,-0.18196337,0.7470175,-0.102211595,-1.1127007,0.49932924
1.1240202,0.0008132383,-0.6760112,0.3903718,0.23408404,-0.5396664,-0.6205664,0.35025975
0.046989266,0.80187756,-0.4541866,-0.23073469,-0.24793248,-0.11469826,-1.4599733,-0.092596136
0.7962585,-0.45090237,0.006997887,-0.5155984,-0.2353943,0.7335166,0.26267108,0.44056377
0.5562511,-0.12860955,0.21279138,-0.18207815,0.6791032,0.16833372,-0.013733133,-0.22040275
0.18779922,2.5441568,0.9688735,0.10677431,1.3627093,0.6844372,0.28364745,-0.8432915
0.25874498,1.1029668,0.5745792,-0.37503943,0.8963445,0.55795014,-0.58851963,-0.4292699
0.2708994,0.034077168,-0.030463334,-0.3602591,0.65366733,-0.40505266,-1.1925479,0.98017293
0.04917935,-0.27553686,0.2766601,-0.27189153,-0.30423462,0.0021208879,-0.95132476,1.0694613
0.8920005,0.9589973,-0.48915875,0.108074114,-0.05367831,0.3713254,-0.7348213,-0.17010272
1.2523853,1.1582339,-1.2387424,0.6741632,-0.059134543,1.2370135,-0.3463315,0.50359833
0.45145985,0.2679383,-0.40803298,1.7664491,-0.094210155,-0.78861356,-0.5454929,0.83504605
-0.39718553,1.5810237,-0.089768685,-0.31036863,-0.1984392,1.3711301,-0.94033176,-0.28110334
0.45145765,1.6982869,-1.2659343,0.41269082,-0.47995287,-0.8807855,1.5942377,0.3570612
1.2037239,-0.08446862,-0.40798134,0.82998407,-0.71694434,-0.6044913,-0.2685971,0.41236782
0.7261414,0.56056404,0.92299515,0.43465695,-0.43942344,-0.73695123,-0.009944271,0.75103885
-0.36431196,-0.5458059,0.8832483,1.0756155,0.19052233,-0.5640054,1.2793814,0.09628992
0.7853911,0.122869864,-0.22330949,1.6238343,0.3388161,-1.1354697,0.2547725,-1.0889398
0.14324945,-1.2565752,-1.152508,-1.0866902,1.2164557,-1.1170032,1.4460957,0.90945333
0.9661402,0.6520315,-1.0446798,-0.7816243,0.045345906,1.5348359,-0.7384448,1.0741732
-0.6407754,0.3458826,-0.29668644,-0.67194664,0.052719064,0.6168251,-0.40690565,0.80293363
-0.24734074,0.09326975,2.4819772,-0.0038568527,-0.300676,1.4611689,-0.10046302,1.3254089
0.13691515,-0.44375935,-0.40378594,0.05463245,-0.6334494,0.5700113,0.45483577,0.96290743
-0.15692735,0.029398413,-0.5741682,-0.34642643,-0.10570601,0.6723254,0.11581312,0.59775424
-1.6788713,0.8702587,0.6483278,-0.6193194,1.1411393,-0.10473521,-0.46397227,0.8360956
-0.09751218,1.0843012,-1.3137902,-0.102445796,0.007604356,0.39711654,-0.110793695,0.3449269
-0.20134357,0.23860748,2.0116599,1.4961646,0.98437226,-0.045219697,-0.7406398,-0.77002347
0.35857934,-0.9032351,-0.23339802,0.48363736,-0.5976404,0.21379527,-0.3832021,0.119644724
-0.65728664,0.90845084,-1.4122053,0.5009873,0.47289872,-1.1164565,-0.112165034,-0.038391285
0.3739693,-0.32709536,-0.63945335,-1.4950224,-0.06499249,0.44897026,0.9737177,0.9432479
0.5048601,-0.2946299,-1.3345988,-0.087508634,0.92280304,0.99137586,0.4122326,0.412607
0.51293695,-1.1339997,-0.33083123,-1.0443109,0.6189168,1.0446717,1.4160562,0.5524463
1.9868511,-0.8339399,0.15894648,-0.017740797,-0.05401729,-0.5228557,0.41418165,0.5646972
-0.5878747,0.41562673,-0.37747243,-0.4990566,0.07848803,-0.06700012,-0.48571166,0.1602968
-0.7305183,0.7647098,-1.3309734,-0.652618,1.1017272,-0.6182236,0.6489613,0.08173935
1.6235125,0.33852178,-0.69309586,0.17852396,1.5980549,-0.25496435,0.32065043,0.1880774
-0.25535956,1.5267426,0.2122607,-0.5658854,0.87307686,-0.8538829,-0.7571974,0.40294456
-0.6670915,1.3522892,1.2685348,0.41284665,-0.8276539,0.499043,0.3606087,0.7011382
0.34504336,-1.1236309,-1.0062602,0.1431992,0.381968,1.9542,0.60644436,0.11332649
-0.46268177,1.0149528,0.009075828,-0.31783473,-0.26583713,0.55062234,-0.6542898,0.19031781
-0.7104026,-0.23930527,-1.7895945,-0.5059513,-0.35708562,0.25770268,0.8375735,-0.35895288
-0.03359337,-1.5035436,1.2892323,-0.9412282,0.11542753,0.39168242,1.8148719,0.059186004
1.140609,1.9629731,0.9464468,-0.24637146,0.16661881,-0.20711622,-1.2328643,0.5835608
-0.6881629,-0.38172427,-1.0227498,0.2480485,1.2553432,-0.35740042,-0.86002517,0.21458381
-0.35701415,-0.5730187,-0.88227797,-0.2593891,0.53651524,-0.368272,-0.14485252,1.7974502
-1.5331501,0.7661639,0.50260186,0.31977537,0.8228173,-0.39146465,0.112176776,-0.3710475
0.39971626,0.408641,-0.076305754,0.93365765,1.3342277,0.085228175,-0.42002,-0.03223794
-0.20082691,0.39181763,-0.5486133,-0.8257788,1.3030388,-0.8266967,0.22675689,0.5498707
-0.34456992,1.3031528,-0.04884899,1.6683663,0.56520206,-0.44799143,0.06642011,0.41859782
-0.98014855,0.9376462,0.325136,0.23808625,1.5487539,-0.7448089,-1.0595258,-0.42513603
1.0395237,-0.14926215,-0.721933,-0.36093476,1.6286778,0.39151075,1.4928235,-0.5218709
0.1910547,1.3181782,-0.617262,0.3046594,-0.6411496,1.0711805,1.1062747,1.0874528
-0.68487346,-0.2445481,0.10364496,-0.91973656,-0.27800214,0.9628633,0.74899155,0.828751
-0.033850558,-0.6660561,0.73000115,0.22980501,-0.8563847,-0.40370712,0.09344524,-0.23191282
0.34290186,0.6835236,1.5066878,0.82001704,-0.16695294,-0.23408401,-0.707469,-0.5183164
-0.30490515,0.9842404,-0.13363855,0.22407027,0.049729798,0.14772263,0.8230295,0.11992194
1.6288007,-0.2390079,0.33043617,-0.37555778,-0.76690567,-0.3812721,0.9475007,-0.14079589
0.016610544,-0.943157,2.3917058,-0.1625136,1.1539025,0.5518007,0.15477094,-0.48216525
1.1685625,0.46992183,1.2837034,0.9863533,1.6317228,0.40702036,-0.98399407,-0.29866108
0.18924898,0.1781438,1.1133755,-0.23499455,-1.2707108,-0.96529543,0.29716176,0.45836797
-0.1284123,0.6214144,1.277191,0.73251516,-0.24675699,-0.94919777,0.9025397,-0.44831344
-0.50904745,-0.96494305,-0.39643264,0.6610776,1.9262815,0.58146477,-0.11355819,-0.26512656
0.7800205,1.1163455,1.8551961,1.1370599,0.23436846,0.030599408,-1.4181849,0.96104395
1.8951633,-1.3714104,1.2800465,-1.3121163,0.96444017,0.26441947,-0.025561562,1.0415568
0.29815447,-0.7056669,0.8626858,1.2851558,0.18661089,-0.46432355,-0.70247257,0.2173006
-0.40024328,-0.25709412,1.669544,-1.6213882,-0.052497026,0.4313897,1.5504482,-0.33774483
0.42241433,0.5998506,-0.84619653,0.22816418,-0.2946185,-0.39453235,-0.58001417,0.32153752
-1.2348189,0.028102754,-0.4345045,-0.795211,0.8901841,0.8543949,0.2636202,1.393772
-0.56231433,-0.14609365,-0.53414553,0.34027153,0.4499214,1.0481246,0.2311574,0.30908063
1.7875068,1.0893356,0.7155317,0.91061854,1.4911292,0.3941914,-0.6267478,-0.80889595
-0.35870758,-0.78380936,-0.47591826,-0.7887185,0.267511,2.1187754,1.2716447,0.20652613
-1.243657,0.48836818,0.35097292,0.016744044,-1.4458916,1.1996711,0.99337435,-0.010543838
0.19535881,1.13929,0.9976033,-0.25454134,-1.1794314,1.188974,0.62669736,0.04223707
0.034673393,-0.43154064,0.23252219,0.66463673,-0.7135019,-0.120054156,0.7363141,0.9482724
-1.1999166,0.2725003,0.8656936,-0.2273482,-0.03077323,1.4566697,0.39954218,0.077259146
0.7705473,0.9290483,-0.8793124,0.38213846,1.2602084,-1.2094274,1.4141867,0.83563066
-0.6349786,0.39589363,1.0510026,-0.28486145,0.0045229066,-0.0428691,-0.025444664,0.19187254
-0.079333626,-0.37579167,0.6764781,0.0018861555,-1.0524046,-0.5007587,0.84802175,-0.20904312
0.7343238,0.29023653,-0.84025204,0.6089485,0.65704876,0.30674306,-0.06673292,-0.5623724
-1.2629004,0.20809977,-0.31183824,-0.21327819,0.32324275,0.27558407,-0.93558496,-0.08325227
-0.42598054,0.08156772,1.8455651,0.950345,1.524786,-1.0616703,0.2146885,0.5772862
1.456504,-0.08572592,-0.3690575,0.765801,0.02909302,-0.6756849,1.471232,0.06735335
-0.61966217,0.69627714,0.2879277,-0.10308285,0.10257554,-0.41718552,-0.65234333,0.32244468
1.0091771,0.38446385,-1.4360622,1.8542529,0.048799045,-0.40143472,1.3314679,-0.3139375
-0.026481241,-0.530024,0.9180912,0.5994711,-0.5438471,0.6585798,1.6472566,1.205338
0.70119065,0.84376705,0.046945043,1.2658231,0.9976031,-0.39660147,0.08442865,-0.12424562
0.74105,-0.903104,0.30048302,0.31843075,1.137242,-0.35439834,1.0097183,0.6025275
0.5728838,-0.21520187,0.10346726,0.8732731,0.6996269,0.30607095,0.60753185,0.24741295
-1.3745338,-0.20486715,0.854434,-0.016721975,0.43690342,-0.7976913,0.6798058,-0.6017942
-0.31573313,-1.0094512,0.7985322,0.15840127,1.0817273,0.20660377,0.82667357,0.017130949
-0.09233021,0.3207517,-0.91540927,-0.0924149,0.045817178,-0.6604334,-0.8784468,1.2484673
1.1146253,2.2754154,0.41417247,-0.97375035,1.7503419,-0.9071753,0.36669347,0.31682846
-0.0076082423,0.12464075,1.007671,1.3001179,0.23446466,-0.2200596,0.80598485,-0.50024825
0.60870814,0.51208746,-0.9964078,-0.5711965,1.3662336,1.0089605,0.31913462,-0.07603919
-0.54289126,0.49399304,-0.13861313,-0.27259773,0.06369207,-0.4723489,-0.16177228,0.12231328
-0.20011061,-0.38191417,0.51513654,-0.89985865,1.2302952,-0.52693796,0.118708,1.3184712
0.49296907,1.2076765,-1.4659859,-0.8573302,-0.060877055,0.22354159,1.048299,-1.2856058
0.17406638,0.39333785,0.5815553,0.4425217,0.049980547,-0.9044662,0.96558464,0.35575664
1.1192832,-0.24762921,0.5792099,0.5630849,0.643796,-0.15195358,-0.9813509,0.26175892
-1.2783678,-0.4678846,0.8271247,0.08693131,1.1094148,0.9351092,-0.25809765,-0.71172017
-1.023123,0.4857785,-0.08196087,0.24249566,0.24030472,-0.31581616,0.2742539,0.36119935
-0.28248152,0.046285383,-0.40105972,0.23107597,0.4302315,-0.86964667,-0.26938495,0.56941444
0.43790248,-0.7614747,-0.47882688,0.8495157,-0.42294806,-0.83684975,-0.23718472,-0.106620975
-0.80577064,-0.441869,-0.066589236,-1.6776652,0.7127194,-0.4527351,0.18867673,0.956776
0.8449545,1.0593243,-0.9498514,-0.7870725,-0.23825747,-0.07563179,0.775226,0.49538457
0.048050754,0.81195354,-0.96398985,0.4582043,-0.008561713,-0.23145229,-0.3819594,-0.74076897
1.4252867,-0.85905576,1.6380093,-0.44761965,-0.9928274,0.056054946,0.96850336,-0.059904672
0.45905367,-0.34360406,-0.51917714,-0.42990598,0.540531,0.4823121,-0.9258551,0.15921226
0.20788744,-0.3235842,0.08501406,0.9451971,0.39062473,-0.61244994,-0.74158627,2.1997063
0.800887,0.104935825,-1.0119817,1.9497151,-0.8074954,-0.3447613,0.46010393,1.28083
1.2384187,-0.5821401,0.4538922,-0.6015648,-0.39247954,-0.80448663,0.35694748,0.38642085
0.63025457,1.0170159,0.44748095,-0.61942345,1.4158065,-0.61430717,0.9268199,0.055009488
0.09046633,0.50593317,-0.38576195,0.36399654,-1.0880911,-0.4252395,0.06578171,1.0262475
2.0580602,-0.4065968,-0.01893952,0.19611281,0.24541189,1.5473996,-0.7064276,-0.08586226
0.38740247,-1.2609557,0.92043287,-0.5014576,0.20618008,-0.80489105,-0.46215597,1.3707873
0.8893165,-1.1409249,1.734528,0.030010436,0.6122224,0.046662368,0.12621349,1.3536793
-0.017609581,1.6971314,-0.81197464,0.086442545,0.259743,-0.6376859,1.1355978,0.5377313
-0.0074632987,1.5663743,0.24657837,0.22687711,0.5311942,0.8785212,-0.5705295,1.0218964
-0.48441857,0.3441993,-0.21735355,0.3549671,0.37156114,0.16180955,-0.17634258,-0.2621818
0.132611,2.4953494,-0.39296612,-0.3051646,-0.16680174,0.21854189,-0.64165246,-0.23155752
0.39666918,-0.6934901,-0.52639,0.22716925,-0.15686129,0.29745018,0.012425732,0.8395317
0.7289855,-0.3997793,-0.76019335,-0.14768161,1.0674616,0.20922299,0.07723509,0.07440964
-0.054380894,0.18286018,-0.44334084,0.83083856,0.3776561,1.3602272,-0.18708186,-0.19062594
1.1963238,1.0468339,-0.8030712,1.287056,1.6888067,-0.4656138,-0.7912618,0.514044
-0.35126087,-0.027997103,0.47307345,1.7113378,-0.5894518,0.6724489,1.1378691,0.14603066
1.3451483,0.4420438,0.05469779,1.4697728,-0.088726155,0.28070837,-0.30439845,0.07801476
-0.57757616,-0.43107325,0.08166088,0.41918495,-0.026627213,-0.22286609,0.45361152,0.0477579
1.1055235,-0.5514296,-1.1036657,-0.05292782,2.3468666,-0.1326182,1.3661463,2.603868
-0.46403033,0.6709902,-0.44376323,-1.06292,0.6041477,-0.27350423,-0.17033593,-0.1576932
-0.37945673,1.7572805,0.32828924,0.6333986,-0.010301532,-0.4718396,1.1415404,0.12875979
0.5607625,-1.787412,1.109252,-0.49030802,-0.47005767,0.25159392,-0.13248147,1.4813572
-0.22349867,-0.14724232,3.0,-0.28958315,0.983936,-0.115687326,-0.17802157,-0.8060913
1.5434369,-1.1830887,-0.74837875,-0.6705479,0.03323374,0.8346781,2.198662,0.2922209
-0.29766172,0.061671957,0.024809744,-0.4153691,-0.5638224,-0.84012264,-0.40718102,0.5698602
1.755059,-0.4470574,-1.4116412,0.7412816,-0.074868955,0.8798006,0.365577,-0.15967655
-0.26618442,-0.6078249,-0.10245858,-0.32166004,-0.331772,0.8172883,-0.22954969,-0.22242764
-0.29506266,1.1086988,0.97128373,-0.46226576,-1.0696043,-0.4409878,1.1808449,-0.1494301
1.3307989,0.8752158,1.7184415,2.1000662,0.06890919,0.9752018,0.9802257,1.6870795
-1.0781848,0.8897982,1.8057312,0.46108386,1.6465849,0.8619527,0.34929085,0.12859152
0.8013223,0.85965085,0.8163995,0.7808784,0.38700464,0.9645281,-0.8166947,0.06272895
-0.5247916,-0.22654597,0.70523775,0.59121495,0.033334505,-1.2066643,0.10091601,-0.25992805
0.21835196,0.44227743,-0.18398893,-0.29840547,0.60277796,0.28181034,0.18204914,-0.648145
-1.2097758,-1.0186985,0.2201834,0.051330015,0.34805468,-0.3499987,0.96142256,0.8361582
0.40042725,-1.215195,0.05020713,0.9875124,0.21196054,-0.34175864,0.40378183,0.12700969
1.8777381,-1.0711538,1.129276,0.9865047,-0.29477268,0.1859375,1.0220664,-0.17958078
-0.69912326,-0.04382692,0.8725074,-0.96427476,0.9513723,-0.36004657,-0.8097842,0.55369234
0.7521825,-0.6489898,-1.2669879,-0.4425958,-0.25159037,0.24633402,-0.4060387,0.54783815
-0.15380275,-0.83625925,-0.3090862,-0.32732412,-0.42034358,0.15277521,0.027716272,0.8785662
0.06152388,1.7102118,0.6924667,-0.25840694,-0.35449964,0.59776914,0.22238086,-0.21623057
-1.3484861,-0.45675442,-0.59819627,1.2245581,0.5077441,0.28212282,0.6457339,1.4219396
0.83760464,0.81211853,-0.93514043,2.9267294,0.6045089,0.63399327,0.23641823,-0.46360245
-0.071209006,-0.97855467,-0.17107356,0.80723065,0.065435,0.06894915,0.35753372,-0.16377556
0.889325,-0.8795792,0.59153754,0.99454004,-0.3289395,-0.6865303,1.1560405,-0.27531293
0.15944687,0.22418748,0.06190616,0.17514884,-0.23636492,-0.64160275,0.9212889,0.2049484
0.7435612,-0.14304367,-0.3646596,0.68658495,1.3841436,-1.1063249,-0.6653276,1.2493792
0.734994,-1.4173516,0.7598232,-0.7961245,1.4080989,-0.3210698,-0.20643575,0.6334225
0.030265253,-0.11570956,-0.2043986,0.41273457,0.37908858,0.06958828,0.12034926,-0.76280105
0.027305532,1.757475,0.48521706,1.0162454,0.13962309,-1.3744111,1.888804,-0.31088203
1.9170179,1.3214916,-0.38015696,0.3921384,-0.3760781,0.6496145,1.0309554,-0.10261499
-0.12984371,-0.573766,1.0793945,-0.50238585,-0.064656995,-1.0943902,0.82384515,1.1664133
0.81811905,-0.26587176,-0.001140004,0.10661552,0.53979677,-0.12990458,-0.36811304,0.14260788
-0.8171078,0.84447664,-1.2088901,-0.2561665,0.62352103,0.49849832,1.1247659,0.49152416
-0.2734511,0.31046355,-0.62155837,0.3283895,0.35170612,-1.2785327,0.9973465,-0.7976084
-0.70183164,0.10568087,-0.14949307,0.19947758,-0.75820404,-1.0139642,0.573251,-0.13255998
-0.9273737,-0.31880313,0.94297105,0.63192326,0.77813065,-0.42575106,-0.36025017,-0.10826697
-0.8874432,0.20190024,-0.67154616,1.19695,-0.58427274,1.0063181,0.1561191,0.53797233
-1.9052535,0.11422005,-0.75473195,1.0438861,0.7687981,0.5233744,0.38195926,0.18802796
0.32962322,0.46720213,0.6329784,0.21020505,1.5488881,0.38222718,0.83344954,-0.35758087
0.4396678,0.45978045,-0.3553109,0.1427186,-0.2455059,1.9591224,1.1449884,-0.015019752
-0.42376065,-0.2889739,0.45519495,-1.1528509,0.35829931,1.4085238,-0.7528269,0.6523286
-1.1516148,0.30214086,1.1294435,2.96354,-0.26730698,1.1593055,-0.4028329,0.91509587
-0.052515775,-0.5087465,0.7929334,0.445632,-0.1728603,-0.8971928,1.6166375,-0.6068218
0.27060232,-0.384203,-0.054565508,1.4768853,1.3544801,1.8876063,-0.52850807,1.641306
0.012669146,1.1600013,-1.2136245,0.17187522,-0.17904373,-0.32348105,-0.06182578,0.81422067
-0.018848307,7.18236e-05,0.9269957,-0.5241951,-0.74512863,-1.1546413,0.3283627,0.4967293
0.33682013,-0.3543862,-0.29185548,1.229461,2.053013,0.8775595,1.5035903,0.3363975
0.29274857,-0.10151136,-0.39736032,-0.049906034,0.8765701,0.18525673,-0.017610282,-0.08118231
1.5561043,1.0834647,-0.0065237787,-0.20047136,1.0328865,1.1934218,-0.8959239,-0.20384079
0.84242946,-1.0892359,0.45792946,-0.7382576,0.50130296,0.6305204,-1.2615459,0.57173777
0.7221258,-0.9072245,0.17122486,-0.5432775,0.22474866,0.12332452,-0.66941416,0.78016573
0.25007316,0.12398496,-0.25224653,-0.016914953,0.781494,0.70333546,0.0824544,-0.68865687
-0.84101844,0.37498814,-0.8536029,0.41188547,-0.70819825,-0.8687704,1.7437725,0.33586237
-0.19035476,0.55973524,-0.7893439,0.36167106,1.1640623,-0.8773207,1.4846252,0.66514045
0.075852334,0.015983492,-0.1151708,0.9788012,-0.62233335,-0.21010697,0.2466289,-0.8775596
-0.6972831,0.67970586,-0.61236405,0.7360985,-0.05796235,1.3370451,-0.73124164,1.470332
0.019491129,-0.34892926,0.8081364,0.77820253,0.6495376,1.3342845,-0.7438763,0.51675063
0.9524399,1.6314187,0.0153368525,1.5681,-1.6794647,1.5580523,0.1209618,0.21481353
0.3456765,-0.6318222,0.21192992,0.35045332,-0.83629596,-0.5191893,0.044160526,-0.7123307
-0.17730665,1.5995959,0.85800445,-0.25535813,0.045151003,0.017305296,-0.33074045,0.11501478
1.7098688,0.262531,-0.5209887,-0.08858605,0.47882208,0.36372972,-0.8975793,-0.048357427
0.9443915,-0.20167258,-0.22344175,0.5374231,-0.33717167,-1.1443595,-0.24576092,-0.51264405
0.12346242,1.6890423,-0.55313736,0.7150547,0.2715518,-0.86458564,0.3306628,-1.2307245
-0.9664327,0.09752126,-0.73142374,0.879655,1.1560782,-0.13142462,0.50808966,0.25843486
-0.15118098,-0.5397119,1.123895,-0.65489346,1.5880204,0.5112667,0.64973736,-0.08369074
-0.41798982,-0.064869374,-0.59207416,0.71801686,1.0165354,-0.5325291,1.1477293,0.8615723
-0.32049343,1.1627048,-0.46405014,0.3145425,0.8395417,0.83127964,-0.45429906,-0.089434825
0.55142844,-0.2923837,-0.35338762,0.025882967,1.5046405,0.34202197,1.7194182,0.16595665
0.74731284,0.056216586,-0.5098499,1.0372835,-0.22506997,-1.1236156,0.31335723,-0.3072628
1.3704882,1.6177151,-1.3653462,0.43549827,0.074211404,-0.0974609,-0.29208872,-0.18736172
-0.22158656,1.618304,-0.7771034,-0.699894,-0.38729036,0.5943557,-0.14377226,-0.016211353
0.82417464,-0.8699285,0.5956845,1.1806781,1.2863176,-0.80995256,-0.15442897,0.65636986
0.013330702,0.38537294,-0.5280147,1.0100461,-0.42656144,-0.8745471,-0.25303498,-0.20803133
0.07868008,0.57762426,-1.2178258,-1.1088444,-0.6305271,0.19429332,0.82382256,0.6251178
-0.42374098,-1.2288697,1.3159158,-1.577486,0.10652173,0.91541976,0.951114,1.5626854
2.454012,-0.46878263,0.74033415,0.95008093,0.22963506,0.45416176,0.1857855,-0.34398842
0.19148323,-0.5076268,0.097425014,0.90101796,0.87178683,1.531809,0.5566627,-0.65329534
-0.23861772,0.007885001,-0.22412318,0.45966306,-0.85377574,0.12825863,0.3040708,0.44418633
-0.8414818,0.24242808,1.3603001,0.915355,0.5510644,-1.423883,-0.58599573,1.5953007
0.7711774,-0.6512502,0.92914474,1.2799028,0.74083084,-0.53037953,0.9064458,0.49715385
-0.3796519,1.5435398,0.1369839,-0.78639257,-0.53141034,0.29481286,0.66370535,1.7829509
2.050177,-1.1025842,1.6883292,-0.6367425,1.2864225,-0.478348,-0.15168718,0.8814536
-0.030815698,-0.14182605,-0.6716585,1.0862572,-0.45630443,-1.492521,0.43458775,1.5475125
0.85186535,1.4788659,1.343595,0.3013863,-2.3142638,-0.23016813,1.8247063,-0.39321268
0.18964678,-0.2908803,-0.7506366,-0.20334895,-1.179326,0.00462381,2.5258212,-0.6897418
-0.19034836,-0.566488,-0.26774433,1.0680597,-0.5021382,-0.28091836,0.24069194,0.5376248
0.38229758,1.0495472,-0.4224624,1.0487432,1.0645262,0.4388904,0.90692216,0.8784253
-0.6538834,0.4764138,-0.26707986,0.6113589,-0.75624514,0.17376165,1.034132,-0.059037574
1.2024293,0.8138012,0.73115003,-0.9470366,0.21063186,0.21109553,-0.45893067,-0.6743729
0.21506244,1.8975234,-0.41663298,-1.3923076,1.2978593,-0.84946007,0.3401862,1.8996017
0.1927388,-1.1600077,0.2727265,0.023711005,0.6802342,-0.52266896,-0.1296959,1.2652768
0.22863787,-0.26672906,0.14920434,0.5133954,-1.1339904,2.1093976,0.77082896,0.903229
1.2951914,-0.2805244,0.8551691,-1.3142531,0.43004277,-0.2410501,-0.6950291,0.50965536
0.3781512,-0.49881303,0.48675188,0.2191543,1.3491786,-0.48856452,-0.57472503,0.008422714
1.06042,0.94578195,1.7375149,0.5877764,-0.8110454,0.2121048,-0.072478026,-0.14392143
-1.2707235,-0.123453975,0.20551887,0.18502577,0.79765266,0.4646245,-0.20959768,2.0754724
1.3276178,0.9151043,-0.59065527,0.54701006,2.0985131,0.60917854,1.3441157,-0.537567
-0.7046411,-0.96657366,-1.3609194,0.33474764,0.12521333,-0.1696394,-0.43854922,1.8049518
-0.4028286,-0.6604734,-0.5523285,-0.6295459,0.51319593,-0.3358617,0.0010418687,0.4944144
-0.28987294,-0.1345278,-0.18552077,1.1063848,-0.3041003,1.6481069,0.39614874,0.43865296
0.8036389,1.0795664,-0.7877628,0.64210224,0.4272983,0.60948753,0.39779857,-0.53550076
-0.17708677,0.12114623,-0.028604418,0.6618455,0.25825575,-0.22696146,-0.33905303,-0.44313803
-1.1563873,0.0983638,0.47673237,-0.28099877,-0.0068422966,-0.37089947,0.7076044,0.5574062
2.0455534,0.45427918,0.9639542,0.29109207,0.23384583,0.75252026,-0.033770304,-0.80104756
0.29205704,0.6843118,-0.23539758,1.2875907,0.19158278,-0.19833295,0.74323887,-0.88571644
0.71924496,0.58245504,0.6571259,0.3140412,-0.1707147,0.15985574,0.21710394,-0.7376497
0.118086085,0.058765784,-0.76415664,-0.08275969,0.1531923,-0.19348653,-0.001309529,-0.008093752
-0.2630246,-0.12553406,0.859714,0.62692004,0.35351816,-1.1269411,1.256916,-0.21313342
1.3365542,1.3617586,0.29757118,-0.2362539,0.51565206,0.722317,0.37066597,0.9760174
1.0437291,0.7381597,-0.8407181,1.4631422,-0.6204877,0.37500277,-0.33645526,0.13275921
0.011109311,-0.0023226049,-0.12462883,-0.37245145,-0.86543334,-0.051748365,0.35319945,0.464803
-0.18497857,1.0998394,-0.31563303,-0.12059793,-0.7869632,1.4884671,0.16596319,-0.27060166
0.053047087,-0.3565233,-0.68716526,-0.0686585,-0.037887994,0.20104808,-0.45098048,1.0057373
0.23139536,0.10761616,-0.43323332,0.3844423,0.79133654,-1.042486,-0.1951307,0.9894667
1.7018998,0.49862662,2.458602,1.268845,0.17103434,-0.07505344,0.56782216,-0.6164986
-0.31775695,0.500859,0.9032869,-0.2048908,0.21911244,0.35510698,-0.3122908,0.98640287
1.082938,0.30070248,-0.072032206,1.2925367,1.1233661,-0.26612204,0.55096173,-0.7248197
-0.13884857,1.4863551,0.032570742,1.0059623,-0.1680315,-0.74866974,-0.16968335,-0.26436752
-0.5787467,1.4282879,0.32324016,1.5315613,0.14865889,-0.0058903806,-0.49326673,-0.5781378
-0.10061043,0.07306135,0.08983164,0.040486112,-0.39231867,0.6189743,0.50708646,0.79920655
-0.05478446,-1.2199314,0.9633395,-1.4319285,0.4912154,0.9199716,-0.042711347,0.7982802
-0.3769511,-0.30679178,1.5692248,0.5476941,-0.07515445,-0.12068561,-0.44621742,0.41545606
2.135569,1.4142315,0.53064734,0.3655411,-0.5001075,0.52559465,0.60572964,-1.2538431
-0.65853673,0.30692357,-0.20462996,0.39223045,-0.28074118,0.19743788,1.7678285,-0.64185673
0.37590873,-0.25266817,0.4841151,1.3242251,1.512204,-1.8457588,-0.1566618,-0.17053193
1.5067221,1.1657966,-0.5842443,0.21242686,0.3876947,0.41106477,-1.017874,0.36616215
-1.0308341,0.60872525,0.9811559,0.7750405,1.2979965,-0.6011471,0.55212456,0.084852755
-0.23615953,0.32959273,2.5198004,1.3940167,0.50774276,-0.07547257,0.91542983,0.7266605
0.03662789,-0.40657997,-1.7530202,0.43405792,-1.3094816,1.0222048,0.66909486,0.67461693
0.87598354,0.077301905,0.9683091,0.21546248,-0.038636398,0.2012094,0.4489558,-1.1332594
0.8319194,-0.07333009,0.41728082,0.418504,-1.3326993,-0.84266406,1.0370635,0.5496808
0.1923269,0.5083389,1.734423,-0.66888803,-0.4252256,1.6495289,-0.18002084,1.8645946
0.4762463,-0.873096,2.026932,0.2463525,0.021786995,0.34990135,0.43093604,-0.23514289
-0.4795429,-0.51096445,-0.32600024,0.5604989,0.12767923,0.6272236,-1.0453703,0.67612433
-0.7391635,-0.36813208,-0.13542166,0.487726,0.2466418,0.83883125,-1.0124203,-0.09934106
-0.11800826,-0.6734117,-0.11669883,0.779454,0.8480533,1.060809,-0.5164325,0.8587471
-0.128524,-0.46258485,0.8432158,0.06990222,-0.48296127,-0.07722595,-0.48156485,0.42818925
-1.6111753,0.28057614,0.70590675,-0.07495017,0.5400389,0.17087069,1.6112177,1.7507287
-0.2823063,0.38584065,0.71567047,1.1588517,0.5004542,-0.3780353,0.3000873,-0.079722755
1.8849001,0.0001196824,1.4380366,-0.4461601,-0.43318236,0.814843,0.07735002,-0.21726424
-0.93830717,0.07139955,-0.03564588,0.2609331,0.43630508,0.04873561,-0.4221825,1.5900143
-0.056475155,-0.1560201,0.06597556,1.5361943,-0.39204592,0.77453136,0.2551064,-0.10363192
-0.6921864,-1.1181008,0.77392614,1.5556884,0.026270658,0.3602968,-0.63702387,0.13592584
-0.2904916,1.1150529,-0.42214143,0.8298796,0.70212376,-0.2994196,-0.93370974,-0.18367714
0.11809994,-0.8087402,1.000429,-0.6267273,0.059976898,-0.50404656,0.19189209,0.8327824
-0.54958856,0.497743,-0.977646,-1.3826032,1.0353577,-0.44247797,-0.12258735,0.1538018
1.592008,-0.499399,1.0674088,1.8506895,0.49627954,-0.47059634,0.13354234,0.3840705
1.031187,0.45207047,-0.49521846,0.23788352,-0.88521373,0.675019,0.31084207,0.3618394
-0.038307607,1.2028533,-0.89991283,-0.04757903,-0.07329682,0.0014995504,0.44993317,-0.72885543
1.1367819,0.020510778,0.34542894,-0.5425602,1.8989851,-0.32982868,0.837738,-0.70124674
0.1130397,-0.17299214,-1.1245035,0.3906025,1.7762547,0.45244506,-0.1786951,-0.20073688
0.11584895,-0.33345887,0.90148944,0.014474198,0.71424055,-1.095577,1.7764615,0.9889467
-0.08088691,-0.8868016,-0.3554848,-0.4050498,0.18541804,-0.52833605,0.7965669,1.0329394
0.6494983,1.5021101,-1.7647139,-0.5567949,0.55429846,-0.4925417,2.1286135,0.30690965
0.5376388,0.5946884,0.16629785,0.3097003,0.16291416,-0.5368571,0.31458393,-0.17257288
0.032227498,-0.4403137,0.030048028,2.0598328,-0.44995803,-1.2990366,2.4113698,-0.41440734
-0.38404107,1.2126769,0.8061594,-0.8954249,-0.93114096,1.4769361,0.5854859,0.02214285
0.66178197,-0.52059805,-0.9036894,0.75153124,-0.5702912,-0.5101196,-0.67836565,0.72262007
-0.5383613,-0.2957117,0.37157393,0.8412164,0.07553277,0.47221944,-1.0913358,0.85707206
0.5475282,0.5768175,0.09157187,0.3413358,0.04361027,-0.80629665,-0.13098581,-0.06065703
-1.0809083,0.1575333,0.3698942,0.5201143,2.3130157,1.1346021,-0.41075933,1.4492915
-0.44480264,1.3242954,0.6211071,-0.9558376,-0.36350882,1.5473511,-0.65761364,0.4608422
-0.29998696,0.29357648,0.3987627,-1.1481222,-0.113784045,-0.31243166,1.8544049,0.19039112
0.19990799,-1.1308092,0.14843053,-0.15578736,0.21558502,0.5580496,1.2531936,0.40109202
0.8044051,-0.2982186,1.1994877,-0.75195646,0.75753206,1.0422771,-0.28903544,-0.021648861
-0.117331676,0.6370767,-0.9055382,-0.14998758,-0.2304553,0.26152164,-0.46860343,-0.0030241907
-0.9936907,-0.4987586,1.9186735,0.6668842,-0.6111211,0.6373545,2.2969782,-0.22267854
0.7487516,0.3672626,0.021286882,1.2911688,0.081708804,-0.5401987,-0.50865203,-0.18096927
-0.29841924,0.13749103,0.51008344,-0.07325782,-0.381116,-0.5486293,0.20566581,-0.15897661
-0.26480252,0.59709615,0.459123,-0.4712977,-0.6130124,0.16082178,-0.39715496,0.23380142
1.581958,0.20005737,0.4317965,0.7805856,1.142644,-0.32205692,0.4403235,-0.58281684
0.056996934,-0.38595656,0.48495778,0.10495893,0.05358523,-0.82249266,0.8643786,-0.6954732
1.378692,1.1741742,-0.4917522,1.2630951,-0.01948509,0.22499068,-1.128287,1.7395412
-0.0435331,1.2389927,0.89102167,-0.5521744,0.89887244,-0.47784737,-1.1362222,0.81834424
0.70135796,-0.24309875,0.2608819,-0.64342403,-0.21122675,-0.1831062,0.26702708,0.45478448
-0.43291014,0.15571077,0.62762713,0.41674414,0.5361682,-0.81015193,-0.19975808,0.8604316
-1.4734191,0.12746805,0.7619713,0.28728595,0.2349264,0.39181507,-0.29574847,0.5531402
0.85496134,1.8287842,1.3694046,-1.4144229,-1.2121457,-0.9097644,-0.21787356,0.36653486
-0.6294288,-0.073861375,0.4285903,0.2996542,0.0021834942,0.85789645,-0.6072625,0.44900042
-0.09569255,1.9724603,0.111038275,-0.0071711056,0.04724951,-1.7549139,0.1433882,1.6158782
-0.78704953,-0.24219401,-0.66212887,0.31116423,0.3284752,-0.4923958,0.22934468,-0.39761505
-0.15801734,0.7582311,0.6804848,0.22540899,0.049495813,-0.32298473,-0.37232226,-0.21719146
-0.2614916,0.98770183,-0.6599355,-0.47058633,1.30473,0.5325847,0.11119944,0.17634857
0.7006323,0.2374692,-1.2048632,0.39661357,0.8103808,-0.45770842,2.064129,1.4165475
-0.10943849,-0.43642431,-0.21665817,-0.6414689,0.72425455,0.41936955,0.05103976,0.14466813
0.5045034,-0.52941674,1.0594448,-0.6492097,-0.18156168,-0.2923055,1.7723423,-0.18801498
-0.046215303,-0.29315996,0.51947296,1.838676,-0.87030005,-0.30081055,-0.17645031,0.13920589
0.93873996,-0.5401555,-0.21298596,0.7745538,0.67605424,-0.94129086,0.1309169,-0.17876178
-0.38034177,-0.36288017,-0.5820169,-0.14000353,0.9579221,1.3239216,0.26755387,0.32643187
-0.7769509,-1.2060703,-0.6054288,0.23032391,0.32577166,0.054586895,1.1143631,0.5610832
-0.1578556,0.6717564,-0.6012716,-0.15674093,-0.48489353,0.15194589,-0.5968012,0.22780058
-0.26442796,-0.341122,-0.7043193,0.4132975,0.21174581,0.72675765,-0.65562737,-0.38314158
-1.0864073,0.13032547,0.99668825,1.6223953,-0.103064336,-0.6016007,0.24395992,0.46297568
1.603646,-0.41979802,-0.5456732,1.6894712,-0.14880309,1.6038096,1.4357178,0.12251759
0.446629,0.5545044,1.2145195,1.2401812,-0.70654637,-1.8548608,-0.21272731,-0.04431864
0.1317056,-0.10517055,-1.3420688,0.8978821,0.9090098,0.23003672,0.60704374,0.45262092
-0.64211476,-0.31252822,0.3196058,0.87922555,-0.18657276,1.5869445,-0.2987654,0.22635162
0.24137393,1.2745441,-0.34095845,0.44062376,0.6350704,1.1240344,-1.7826519,0.9446617
0.33373535,-0.12021406,-1.6376569,0.41596603,-0.16243528,0.78857034,0.38471705,0.24494758
0.3779586,0.79267216,-0.0019620005,-0.45703295,-0.5576344,0.9904448,-0.5963769,-0.12344887
0.9287885,0.04424812,-0.22156754,-0.703715,1.1712602,1.7378188,0.13679115,0.39551875
0.14247356,-0.7901742,0.1632703,-0.0798351,1.1214743,-0.23489976,-0.0039573293,0.3242164
-0.1387108,-0.85725623,0.74831575,-0.94808185,0.02029685,-0.205391,0.2610589,1.4757468
0.89002293,-0.64504147,0.8111043,-0.20564766,-1.1269122,-0.6213982,1.2962619,0.14037246
1.29971,0.1541715,0.5928038,-0.8304599,-0.64082545,-0.42013806,-0.6108342,1.0429024
0.33638057,-0.4781847,-0.22209084,-0.08815502,0.014555563,-0.33231512,-0.20863557,0.3624782
-0.099826984,0.6149281,-0.06253083,-0.34455073,0.3095426,-0.52359015,-0.74471253,0.33876964
0.43195936,-1.126389,0.81415,-1.747628,2.076177,-0.23231652,0.26780856,0.109707355
-0.6307924,0.07008567,0.24696434,0.31440845,1.2675886,0.23121186,-1.3983233,0.13172984
0.05128298,-0.5485369,-0.39449888,1.3005748,-0.90557474,-0.41082868,-0.593243,0.7669226
-0.16406384,0.49991858,0.39464134,0.48201787,0.6403267,0.45058423,-1.1044488,-0.2872052
0.7089594,0.5445485,0.7915744,-0.26417783,-0.13283357,-0.43713123,0.021416891,1.0054564
-0.12024679,0.15191714,-0.46353456,0.46476167,-0.29462254,0.8888984,0.072500676,0.48462856
1.269322,1.4517505,-0.09753938,1.0099995,-1.2759655,0.16196351,0.20606862,-0.058478035
-0.18273377,1.3077852,1.7261426,-0.35249797,-0.11339472,-1.6926124,0.105717614,-0.102267526
-0.54176533,0.97315997,0.58614886,0.56658095,-0.5206514,0.63357335,-0.2733362,0.026917435
0.9662218,0.28386933,0.97170156,-1.0548474,-0.8029871,-0.8810803,-0.004025072,1.1717545
1.8996733,-0.12759656,-0.5441938,-0.12740435,0.24838905,-1.2690698,-0.009108555,0.16403157
0.1409325,-0.9545002,0.7538106,1.8200758,-0.14885905,0.71396494,0.5183983,0.80135566
0.359575,0.84346336,0.08543495,0.9428986,1.3160478,0.14707544,0.7050939,-0.22905722
0.50716203,1.1060545,-0.19138429,-0.21303044,-0.70776004,0.05393189,0.019268572,-0.11789694
-0.0063233674,-0.39645132,0.23067594,0.6921362,0.332455,-0.2588242,0.9591495,-0.45295814
1.1652896,0.6616724,1.1004916,0.42970854,-0.039652664,-0.07619753,-0.31126466,0.57364255
-0.026869252,0.83301866,-0.041495398,-0.37679633,-1.1124426,0.01675295,0.21001613,1.4524039
-0.20747486,1.5226184,-0.41427535,0.9793873,-0.12977432,0.57303715,-0.0820537,-0.33815247
0.18944696,0.22746639,-0.44806734,0.664482,0.75054,-0.12605985,0.56266487,-0.8503459
-0.4765638,-0.8050065,-0.971937,1.2495162,1.3494194,-0.2924953,-0.21271808,0.702167
-0.20301503,-0.73864645,0.45764324,-0.022928488,1.6056522,0.32535273,-0.3356061,1.4221054
-0.4350727,-0.18372923,-0.30946827,1.7920122,0.26286882,-0.34716877,0.43704545,0.18436953
0.7513609,-0.13398848,0.5793418,-0.046041597,-0.35716486,0.03734699,-0.85240453,0.36582366
-0.5970876,-0.09856655,2.031785,-0.09010489,-0.58088195,0.6071946,1.3107281,0.11414845
-0.5813178,1.0998778,0.32873595,-0.80946106,-0.10767223,-0.2038694,0.16513453,0.6292344
-0.03573495,-0.2810534,0.8247169,-1.3309771,1.3633887,-0.35071594,0.18773238,-0.53604454
0.24808034,-0.2499622,-0.6045439,-0.59319496,0.11143786,-0.5225771,1.4139687,1.030244
0.5068285,1.2989182,0.24187636,0.03550482,0.9586205,0.6162262,2.7267728,0.84543705
0.3872625,1.0752118,-0.3557682,-0.18575993,-0.05617982,1.0941254,-1.3989912,0.8440116
-0.7467788,0.61662835,-1.312298,0.89325696,1.0905175,0.5681231,-1.9269707,-0.406153
-0.20636922,-1.0307423,-0.28176126,0.38350207,-0.30680323,0.1098346,0.39756304,-0.2863744
0.30617037,-1.3904201,1.8574307,-0.28701702,-0.6089005,0.25495228,0.50033337,0.8000437
-0.8640827,0.95746017,0.59820324,-0.6773443,0.30248472,-0.28634706,0.1449817,0.23588303
-0.48976576,0.3974476,0.9104428,1.2822872,-0.66854054,0.18428259,1.032011,-0.09543159
0.3702108,0.9936858,-1.0678021,-0.05927703,-0.38588428,-0.73169297,0.22576903,0.94330674
0.9891191,-0.5160316,1.3047839,1.10698,-1.4501677,-0.8017362,0.011330966,1.4389025
-0.04289642,0.12424682,0.035312813,0.047228158,-0.8381196,0.29196465,1.317638,0.72623813
0.7321249,2.0968819,0.30866227,-0.02648164,1.8225679,0.64410627,1.145397,0.8806416
-0.06080035,0.2826932,-0.019428018,0.8600797,0.26909903,-1.2100489,0.23430277,-0.25336877
0.18711774,-1.192643,0.6566797,-0.71736264,-0.3286982,0.67186755,0.23309143,0.5429889
0.63430464,0.56765795,-0.37282217,0.03432892,-0.11582891,0.960612,0.012377374,-0.5008528
0.13283151,0.7306504,0.0016625673,-0.10041632,-0.05582984,-0.68188226,0.61452466,-0.7567458
0.2046834,0.5300067,2.0834384,-1.0191493,-1.1639311,-0.7814818,0.217706,-0.05131138
0.9651064,0.5646792,0.021596223,-0.01279233,0.40208545,0.9138895,2.2661202,-0.4483339
-0.5517134,-0.046252307,1.5484601,0.35770118,-0.05536912,-0.18786085,1.2012619,0.71420956
0.63118625,-0.48597974,0.76607615,-0.37888077,0.4342223,0.74933165,-0.9081915,0.31610975
-0.07859016,-0.0085553285,-0.4935693,0.7385479,1.1890724,-0.683236,0.31621096,-1.196784
-0.06490832,-1.3732623,0.2905942,-0.80670875,-0.23268381,1.0242451,0.15301698,1.2077514
0.62934405,-0.16827878,1.0518098,-0.2639727,-0.1398939,0.2384912,0.26091444,-1.3588586
-0.28499338,0.16158083,0.9119138,-0.1679619,1.0615077,-0.86760515,-0.31511524,-0.323301
0.6030839,0.97098017,0.22716749,-0.037185896,-0.8411518,1.0176003,-0.027714083,2.6226954
0.057916656,-0.36158785,-0.55313104,0.2850618,0.09618573,0.9219469,-0.6030686,0.65573525
0.99547654,-0.77333987,0.78144044,1.1748364,-0.15643686,0.9002499,-0.78031635,0.47219837
1.1950849,-0.51659465,1.3930492,0.97123384,-0.6112407,-0.738965,-0.76231134,0.35603133
1.2594055,0.21601664,-0.79842454,1.074878,0.13147633,0.32860106,-0.074704014,-0.8255935
0.12881887,-0.7488352,-1.414451,-0.7195031,0.65172744,0.26414147,0.91870034,0.32161292
-0.512574,0.073421106,0.53849214,1.5160182,0.33748904,-0.94350576,0.31017673,-0.53319114
0.02840411,-0.01741058,-0.7841097,1.3509151,-0.76974463,1.1328479,0.67243356,1.0122699
-0.1600452,0.97408384,-0.28270003,-0.7666341,0.6668224,0.47888592,-1.0303712,0.3627068
-0.123180054,0.04150667,0.5371294,-0.022561725,2.1975973,0.5892721,-0.54656863,-0.36404708
0.65658873,-0.08800419,0.703322,0.9044376,-1.3086188,0.73073345,1.8876646,0.27120498
0.964682,0.5270482,0.37729502,-1.5541284,-0.9579354,0.20947832,0.94178045,1.1416856
0.94557005,-0.99819034,2.3994238,1.2718223,-0.9404461,1.0795034,0.550535,0.52725106
-0.7283641,-0.28292307,1.2890531,0.15229172,0.08415517,0.7919582,1.5726123,1.3298755
0.3603139,-0.23083274,-0.1577689,0.7774136,-0.7899513,-1.0840819,-0.89474964,0.67333263
0.49161774,1.8940905,0.19292244,0.09541541,-0.034986444,0.1314564,-0.5792268,-0.1356259
0.59376085,-0.6357212,0.1712701,-0.5411727,1.73612,-0.43682745,0.09207323,0.39790648
0.1060217,-1.3237739,-0.7555581,-1.3658698,0.5421472,0.8859031,0.5762033,0.90682256
0.78197443,-0.2946869,0.26362213,0.92402226,1.0605288,-0.23447311,-1.0472306,-1.0468099
0.8603351,-0.81942827,-0.009872446,-0.5489649,0.7956012,-0.8586243,-0.36003372,0.84459335
-0.12861755,-0.107800975,-0.37007165,0.76459986,-0.5546579,-0.25950545,-0.65708065,0.50206
-0.3199207,-0.8050192,0.31485283,0.08228615,0.31721452,-0.43260917,-0.012721024,0.6075207
0.5135862,1.3638238,0.33185598,-0.3587454,0.43856066,0.41269284,-0.46347958,-0.80661386
0.2439307,1.3307188,-0.5280927,1.2954834,2.1276429,-0.44634056,1.6746039,-0.69274503
-0.13861054,0.051639937,-0.60290444,-0.7875415,0.12756675,-0.6747112,0.97799456,-0.72672397
0.81448156,-0.21884854,-0.31935602,0.54614216,0.03491567,-0.24196076,0.175615,1.0712386
0.5358025,0.23996589,-1.2099829,0.9806999,1.1027904,0.57419175,1.129831,-0.002052389
0.6207671,-0.5445433,-0.6407501,1.30739,1.1661689,1.0215216,0.674552,-0.2461698
0.5895663,-0.7892176,-1.0446683,-0.39111587,0.31320962,0.06156262,0.55598176,-0.17650482
-1.7264124,1.9811836,0.8901608,1.2544988,-0.42686203,0.43898726,1.1474177,1.7693409
-0.30805087,0.15950648,-0.322122,0.30147025,-0.077159524,-0.36136204,-0.8192718,0.9570066
-1.7025297,1.9496593,-0.06772123,0.34948578,0.21791326,-0.15451533,-0.44231018,0.06639767
0.70606655,-0.53859127,0.19812486,-1.4233611,-0.10582175,0.25968078,0.38828337,-0.23372892
0.0937195,-0.6685837,0.07245576,0.51255524,0.52390254,-0.67142975,-0.89529574,0.8229295
-0.3984591,0.57520336,-0.26813108,-0.58615965,0.07409673,0.78444225,-0.034545653,1.1189393
1.0638419,-0.32770932,-0.47468534,-0.8058177,-0.19958316,-0.23019066,-0.18152913,1.0473812
0.6976152,0.23023382,0.11545304,0.2607306,0.0930612,1.6847079,1.6079992,0.90468496
-1.0298035,-0.024040297,-0.031676646,0.2669162,0.49074423,0.37512517,0.45168042,-0.6838649
-0.4736473,0.2113277,-0.13428175,0.943993,-1.2345471,-0.04562834,0.07999773,1.1770152
0.41100603,-0.18804699,1.2390289,-0.13065779,-0.40420145,0.6929047,1.7117107,0.5580895
0.31131527,0.65835327,0.5696483,0.8007681,0.79610276,2.3809338,-0.23712616,0.6932413
-0.1951924,-0.95501703,1.399363,1.5341522,0.7165518,3.0,0.7393295,0.71797144
-0.26905248,0.48409033,1.1594623,1.4977638,-1.1518539,-1.356945,-1.0687592,0.21351418
1.0995765,-1.1695638,0.19335318,0.4452543,-0.5268856,0.772909,0.0829971,1.2160528
-0.9744152,-0.014990773,1.251291,-1.1869774,1.2272642,-1.7065746,-0.19776416,0.7165954
0.8075633,-0.2220616,0.46396738,-1.2300454,1.1477114,0.62439513,-0.08444533,0.80495536
1.1433419,1.8827212,-0.58452684,0.22777209,0.92592967,-0.08428815,-0.010268757,-0.04751298
-1.0262845,-0.11761251,0.94567394,0.3376008,-0.05140778,-0.13491805,0.3117702,0.3844508
0.5579075,-0.95463794,0.14496917,-0.094404295,-0.17358582,-0.6385939,-0.38886517,1.0802901
-0.52817285,-0.32495302,0.37761945,1.1711808,0.054966502,-0.2841836,0.3822967,0.4425649
2.3340974,-0.33913532,1.1999097,-0.78316194,-0.054609466,1.093244,-0.27849585,0.12913921
-0.017069891,0.18967241,-0.6724532,0.1370979,0.14526199,-0.56737816,0.4422956,0.47971553
0.11827868,0.53052545,3.0,1.1973345,-0.55889654,0.9484123,-0.112920776,-0.5516375
-0.095438875,0.08283086,-0.6846636,0.75722,0.20122807,0.07779487,-0.27335888,0.21109393
-0.8418029,-1.6707283,1.5777934,0.6707618,-0.103923894,0.49817798,0.1320506,0.13259219
1.1821852,1.7548065,-0.23860326,0.19463539,-0.46786624,1.4675689,-0.3949216,-0.60004145
0.9176885,-0.67518103,1.946061,-0.6305277,0.43048295,-0.29304743,1.8118879,-0.7331417
-0.12546012,0.14872114,-0.6959339,0.16513348,-0.43348357,-0.35608926,0.48608482,0.19279447
0.5134645,-0.23543547,-0.5359594,0.033969436,0.28719282,-0.10604282,0.586235,-0.112171285
-0.20085508,0.4001265,-0.48502508,-0.13592935,-0.580684,-0.6233804,-0.74671304,1.6959912
0.44562402,-0.17882042,1.5918932,1.8550854,0.30114168,0.5968394,0.52827185,-0.06683826
2.0714128,-0.06184179,-0.5121068,0.82691795,1.4313265,1.370431,-0.84269667,-0.58219874
0.8931009,-0.33453062,0.38241342,-0.013161387,2.1723514,0.8507154,0.5732821,0.6918082
0.44659021,0.60045934,-0.6700723,1.0043666,-0.27937964,-0.18039638,-1.3298856,0.7172682
0.4512399,-0.24253263,1.3417076,-0.5124869,1.3727458,-0.82520735,-0.419474,0.4853052
-0.5930441,0.9835348,2.1970234,-0.54977244,1.3552543,0.4854907,0.51317394,0.92346424
-0.070872106,0.38617906,2.1172314,0.27608088,-0.445705,-1.590601,0.5250579,0.23518395
-0.5413058,-0.4032558,0.74205095,0.55685276,0.6136475,-0.8125715,1.1222273,-0.042276137
0.7769899,0.601131,-0.01897329,-0.5447823,0.8046874,-0.2912261,-0.76187724,-0.20151472
0.45103806,0.8038709,-0.030966382,0.16524087,0.38121873,0.2051829,1.3051828,-0.14802945
0.16003197,-1.5806383,-0.44625202,-0.27052805,0.7042424,1.5515405,0.024796322,0.70205575
0.14210533,0.031729244,0.52272886,0.60284454,-0.15040487,-0.48256072,1.0659373,-0.31828454
0.52286524,0.16109022,-0.85450196,-1.0314837,-0.10130567,0.15316366,-0.4034353,1.316359
0.43210304,1.0243655,-0.29268667,1.2257395,-0.7508801,-0.56706655,-0.4074632,0.39758983
0.3966513,-0.093784094,0.62069255,0.40216422,0.88816243,-0.96648675,1.2354034,-0.778569
-0.41279197,0.32009917,-0.41740417,-0.23848958,0.5833114,1.1269689,-0.064251736,0.07240987
-0.113186486,0.12746748,-0.16536868,0.5371746,0.44506723,0.7726247,1.0433455,-0.12815174
0.42359695,-0.31216303,-1.154411,-1.0408411,1.4578177,0.48592237,0.37698215,1.4210845
0.96690357,0.55441064,1.5382208,-2.4831486,0.5950772,0.49812245,-0.23704909,0.30701536
1.3184999,0.240663,1.1531762,-0.56606925,0.10345173,-0.25870985,0.74211425,1.671285
-0.7336491,-0.03529771,1.727043,0.20770073,1.7037151,-0.675535,0.4592217,0.013800878
1.2277519,-0.052704643,0.5461119,-0.3084908,-0.52906835,-0.5059144,-0.35960484,-0.5964602
1.2999306,-0.2897242,-0.022444036,0.4094054,1.0933446,0.2940174,-0.07352166,0.05522774
-0.59055835,0.8797161,0.15051228,0.12004329,0.13164872,0.72658867,1.1616749,-0.1650196
0.9039971,-0.3794514,0.7801294,0.08486226,0.13026872,0.762174,-0.29129454,-0.46771917
-0.40254664,0.8064347,0.07914294,0.28952834,-0.85941917,-0.62458,-0.2024296,0.8669906
-0.5273302,0.2096608,0.9935242,1.7924575,-0.79816663,-0.5481731,1.2348999,-0.5380326
-0.9316036,-0.3486226,0.8605127,0.9094666,-0.60023195,0.63867813,0.8710023,1.5613558
0.7402233,-1.1964618,0.537605,0.1899166,1.5643506,-0.5937644,0.1828693,0.23547369
0.33875412,0.74525946,0.44259033,0.80986106,-0.07302718,-0.3393189,-1.1141756,-0.19722247
0.65170604,-0.7643458,-0.04697545,0.27203336,-0.5495127,0.13529418,0.3125723,0.30581555
-0.3477879,-1.0836455,0.1591345,-0.54064196,-0.276231,-0.6550089,-0.11645025,0.52465624
0.51681,-1.3325528,-0.15546548,0.6738523,0.7877091,0.06158211,0.4990362,0.66975296
0.7311699,-0.2164751,1.8850925,0.35170928,-0.15703811,-0.072940685,1.3237712,-0.5693197
1.2089899,-1.2468426,0.9265417,2.8428478,1.8239161,-0.41406402,-0.62531924,0.7473104
-0.42118415,0.19959863,-0.6912311,-0.27444705,1.063614,-1.4108346,1.6004716,0.26379973
-1.1060866,-1.1409976,0.17651233,0.11897752,1.1621687,1.0011901,0.105742216,0.11937961
-1.0773154,-1.5425283,-1.2652367,-0.5315438,0.6928465,1.1560091,1.0916218,0.9643284
1.7352093,0.18564704,1.2325147,0.3906072,-1.173046,-0.7491599,-0.062268976,1.1580267
0.26653147,-0.27909186,-0.6348037,0.05121837,1.052487,-0.06584833,-1.5857112,0.021675475
0.5606661,1.2036235,-0.28114963,1.3180032,1.4251063,3.0,-0.22662981,-0.04289508
-1.4164413,-0.48154652,0.32056046,0.11547895,0.55422413,-0.50931615,-0.22234952,0.28205568
1.0358081,-0.20723708,1.2670339,-0.35447466,-0.7835625,-0.1635324,0.07681431,1.3242619
-0.2511073,-0.4567068,0.16667035,-1.4495916,1.1916018,0.65216374,-0.1669068,0.3051862
-0.37112167,-1.27894,-0.582706,-0.84171444,-0.07050571,0.45562804,0.28912735,1.0682025
-0.553551,0.659259,-0.5652109,-1.3402526,1.6496104,-0.24573213,0.4429628,0.036996797
0.8495818,2.2407815,-0.5438492,-0.41275555,-0.47232533,-0.22977889,-0.8322806,0.32084188
-0.015004918,0.24864091,-0.23740625,0.33808458,1.1565697,-0.94198084,-0.13755286,0.14760724
0.8166963,1.0276926,0.25448245,-0.5272709,0.309938,0.35578248,0.28395385,0.74764293
-0.6207,0.584431,-0.31012496,-0.15380824,0.99744207,0.7554522,-0.071219064,1.0431167
1.6025935,-0.074598014,-1.2535636,1.0172415,0.52382576,-0.03403443,0.66160595,0.34388125
0.4850296,0.9339011,0.6777202,-0.5179347,-0.8122992,0.5564516,0.023893952,-1.0378232
-0.21456882,0.0199848,-0.20337683,-0.1313908,0.7117498,-0.868671,-0.5865102,0.13110283
-0.5645375,1.2674378,-0.008234315,0.7992919,1.3598735,-0.5273993,1.0482998,1.3012754
1.0632457,-0.1580146,0.85920215,-1.0701356,0.27841815,1.4551027,0.068700895,0.9154721
0.0405994,0.11904691,0.507817,0.49892673,0.73161227,-1.2222573,-0.48192763,0.13481075
-0.49727964,1.2790241,-0.3585691,0.6514186,0.106380254,0.6999169,-0.6996326,-0.52469057
1.0948747,0.90423024,0.945009,0.7470775,-0.14903307,-0.897256,0.009936955,0.47869918
0.3493822,-0.23548378,-1.1560934,0.8419739,-1.2942312,0.17207676,-0.5220869,0.6587198
0.5831871,-1.2072138,1.0860332,0.4470761,0.80524683,0.4321373,-0.89507174,0.029496435
0.40350035,1.5806174,1.5409354,0.07626818,-0.06400387,-1.2316341,0.80917627,1.7517234
0.20082495,0.31113908,0.447242,-0.30696392,-0.23576754,-0.8569915,0.7703149,-0.083258696
-0.0669506,-0.85240155,0.35059392,-1.2658089,0.8686017,-0.16220436,0.21608298,-0.09436803
-0.26958472,0.3451168,0.8107523,0.18767242,0.786307,0.54191923,-0.14919409,0.734377
-0.63610417,1.1209735,1.5049782,1.0765592,0.3052159,0.63596314,-0.6005262,-0.3823221
-0.23915204,0.30851203,-0.9784211,1.184611,-0.66552734,1.0243847,0.5865069,0.4856763
-1.2867976,0.05488776,0.461729,0.30169362,0.31087306,-0.4328718,0.8123158,0.714317
-0.69945395,0.9554601,0.2970304,0.6819511,-0.38796633,0.079606235,-0.43777916,0.30777302
-1.3076665,-0.7195863,1.2233388,-0.27694124,1.1076696,-0.55559033,0.015243959,0.4944397
0.59510297,1.1405116,0.55428827,-0.8948531,1.359663,-1.3967196,1.4492826,0.49842992
-0.46710986,0.25046405,-0.54235834,-0.52544373,-0.16469876,1.1055862,-0.3436722,-0.20704532
0.20029,-0.51816773,-0.3334743,0.66956,0.6829182,-1.0483781,0.17604314,0.38031605
1.2665838,-0.056648646,0.5103413,0.66209507,-0.61760885,0.11647146,0.72680753,0.7954134
-0.059930168,-1.0433522,0.2878285,-0.57482415,1.5963057,0.14394113,1.3900895,-1.018167
-0.6953419,-0.43553334,-0.8073331,0.055952832,0.7597239,0.28724328,-1.17517,0.27379614
0.2842006,-0.5759417,0.072539054,1.3229948,-0.33611962,0.80269086,0.75302964,-0.22478211
1.5875686,0.051320493,1.4987861,0.30123007,-1.0034608,-0.6532639,1.117762,-0.22604197
-0.12804124,0.95046484,-0.37661532,0.6595365,0.12746324,-0.06672725,0.6073114,-0.5277033
-1.226318,-0.16101806,-0.035985585,-0.1430376,1.3580822,-0.65762347,1.250961,0.40794846
0.65349376,0.3183577,-0.32686237,-0.20080437,-0.030657869,-0.17372578,0.43059054,-0.33823448
1.4196484,-0.47419345,-0.76661736,0.9870252,-0.4028365,0.00024868548,-0.019075813,0.2973883
1.5541639,1.1536796,-0.3418708,1.0826471,0.50927305,-0.08703047,-1.2034172,0.7075155
-0.77439594,0.95634234,0.112652384,0.95141786,-0.39748833,-0.23763192,-0.81127346,-0.0826968
0.0008571297,-0.10439879,-0.12902349,1.276499,-0.40998656,-0.11785087,0.19273643,-0.32088882
0.15465212,-1.0102643,0.64656764,0.7297062,-0.0732893,0.49834052,-0.44996437,-0.5231312
0.007551335,0.17771555,0.88516843,-0.20998432,0.46280992,-0.55606335,2.5597117,1.3176602
0.2560568,0.23506027,-0.49450666,-0.28770587,0.19467416,0.4343533,-0.14124298,-0.124232955
0.1811449,0.5816345,-0.27531144,-0.1539863,-0.4209401,-1.1985921,0.51248276,0.11217111
0.22370955,-1.269469,2.439142,-0.93834233,-0.4290839,0.4764782,0.4748165,0.4159054
1.6564759,-0.22695473,0.9840102,1.5504773,1.4318322,-0.33615637,-0.53830886,-0.13465106
-1.0536878,-0.23415299,-0.40721667,-0.6039113,0.7756102,-0.07432342,1.700482,-0.453155
-0.870696,-0.35181075,0.51120436,0.15327251,0.5510112,-0.2732655,-0.34409195,0.12059347
-0.24230886,0.52540696,-1.0027126,0.19616008,0.5754209,0.006364325,-1.4455485,0.09695626
1.0375926,0.41726395,-0.91767824,-0.08713886,0.49532473,-0.5128757,0.019102082,-0.4205877
-0.044354632,0.6269099,-0.58017105,1.1384808,0.48136932,1.5735092,0.68404466,-0.008621201
0.8994085,-0.47729993,0.5146531,0.12923315,1.0278379,1.9299154,0.81216556,-0.14152128
-0.8929859,0.769591,0.20021597,0.64982045,0.77435225,0.2513286,-0.35867497,0.8585305
-0.31592664,-0.40207028,0.31312153,-0.6774356,1.349832,-0.36850443,-0.2776682,1.1519046
-0.40792242,0.6543037,-0.49624816,0.21132244,-0.0522419,1.6789234,0.5620669,-0.2643933
-1.0444748,0.83968335,0.42490223,0.6361303,0.55782425,0.75341225,0.12748113,0.37356764
1.6420016,2.1267076,0.24619076,-0.074489325,-0.31898227,-0.3229154,1.8015281,0.9961691
1.6201167,0.9141058,1.1768178,-0.8737532,0.7589785,0.51342803,-0.22898428,0.30840397
0.11913024,0.20196891,-0.7592953,0.64440703,0.24539359,0.38666952,-0.44350004,-0.4295792
-0.2000097,0.6635386,-0.85988677,-1.0363418,1.0781329,0.7713115,-0.12480819,-0.5884253
-0.1298742,-0.29873922,1.3021191,0.64833117,2.5128133,0.83857894,-0.695268,0.77910256
0.17672068,-1.0150778,1.6463408,1.2090387,-0.5643991,1.617833,1.6808735,1.138306
0.47791085,0.7856665,-0.19810665,0.23405488,0.6705323,-0.6976573,-0.21197623,-0.3067029
0.5221591,-0.16317022,0.56024,0.1555007,1.515937,-0.33376405,-0.0356815,-0.07226985
0.16208348,0.45976052,-0.47678035,-0.49950024,0.08174018,-0.39210364,0.26110342,0.012245424
0.45251253,1.106348,-0.58326036,-0.940587,-0.3663726,-0.40239844,1.296151,-0.5215541
0.33033526,-0.37269223,-0.2298221,0.5121042,0.55392396,-0.48980203,-0.43643394,-0.023037992
-0.18376195,-0.65272915,-1.0122834,-0.66486806,0.15373781,-0.50427765,1.1051949,-0.033436075
-0.31952775,0.07674409,0.49707243,1.0866992,-0.6461903,-0.10606587,-0.16020688,0.81734574
-0.14921409,-1.4843853,-0.4926181,0.14942794,0.3550472,0.9169471,-0.82830656,1.4485412
-0.29193527,-0.37489778,-0.27243185,-0.019391727,0.20440662,0.7432798,-0.37594786,0.43936473
1.875349,0.9726649,-0.40815905,-0.28021184,0.4384287,0.24117227,0.7759893,0.6850872
1.5359783,1.7531675,0.7065276,1.2296423,-0.9570842,-0.14672224,1.3164502,-0.14634535
0.056231808,0.56143165,-0.08521734,1.4408668,0.5006451,2.1544642,0.3091052,2.0228891
0.9804557,-0.8770033,1.3933994,0.1588077,-0.6197996,0.37733862,1.646288,-0.49165252
0.26405296,0.41231382,-0.7278541,0.24559009,1.3023033,-0.71318823,0.3970861,-0.475387
0.18285874,0.4753253,0.11207614,-0.3329614,-0.85200953,-0.0485027,0.26234627,0.73749685
0.36229977,-0.9022627,-0.1582962,-0.37005684,-1.1204675,-0.04871054,0.22074008,0.84359986
0.2562659,-0.99808985,0.44491613,-0.07936604,1.0528064,0.30588597,-0.22901215,1.066044
0.53441596,0.27090132,1.048589,1.0756203,0.11772094,-0.46347913,0.028117456,0.84913695
0.82329285,-0.9530554,0.42999142,-0.36191583,0.88181674,0.6418442,-0.055356793,0.76986754
-0.30151486,0.25616413,-0.2907469,0.6887522,1.0065422,-0.38045254,0.046963546,0.016101964
0.284271,0.5659833,0.22342315,-0.20571111,-0.4520063,0.10385582,-0.7494837,0.893585
0.3867992,0.98389673,-0.517569,-0.63563627,-0.3941994,-0.34359148,0.8543564,2.3198402
-0.4101765,0.5595406,-0.52773535,-1.3815081,0.5333644,0.7508729,-0.10472827,0.12543996
-0.46679884,0.91703635,-0.36589584,0.6084962,-1.2898123,0.26904646,0.78356135,-0.49773058
-0.24820825,-0.39116344,0.3409163,0.3582755,1.6231976,-1.687882,1.0944813,0.5398686
-0.022394672,-0.09811714,0.30319473,0.12465653,-0.17276007,-1.0355822,1.037041,-0.2686967
1.3719203,-0.35655507,0.59244204,0.68676764,0.56395805,0.91330147,0.008095,-0.26173183
-0.5428996,0.53543705,0.16060841,0.80784357,1.0645072,1.6121489,0.92119664,0.18724716
-0.6626297,-0.22428325,0.66783607,0.31116846,0.007665028,0.24549656,-0.1989577,0.37187985
-0.041632265,2.7591717,-0.482298,1.2878289,-0.13253722,0.8001781,-0.15248886,1.4826827
-0.52607894,0.49427384,-0.62294376,0.31818828,-0.6080138,-0.9823141,-0.21465129,-0.025208995
-1.2586366,-0.020822834,-0.5648941,1.22571,0.022568438,-0.3502122,-0.4445974,2.1201115
-0.5786974,0.05608943,1.9583262,0.65910226,0.99746996,-0.506327,0.30222848,0.27291995
-0.49037212,0.6193193,0.2680774,-0.4457418,-0.08327226,-0.9261585,0.7660405,0.31781754
0.054248642,0.00022684038,0.045349985,-0.14695083,0.21623263,-0.41947722,0.25080442,0.4729627
0.9769652,-0.55217254,-0.08465216,-0.5388002,0.2825384,-0.6289249,-0.89364487,0.9443737
1.3301541,-0.9358772,1.6790159,-0.97039783,1.7273544,1.105018,-0.36102447,0.44041967
0.37283283,-0.38877276,-0.4696016,0.26011908,0.63465446,-0.29089165,-0.39534536,-0.12644643
-0.93102753,1.122136,0.8146816,-1.0295423,0.1532173,0.8501749,1.1779287,-0.20013317
0.7722347,0.19359574,1.2175881,0.32596645,-1.1260896,-0.15345137,0.1877158,-0.41359365
-0.02894888,-0.45624664,-0.022771867,0.93489546,1.9167745,-0.55493504,0.29491517,1.4261259
0.14547345,0.06690848,-0.3903234,-0.49370697,0.39346263,0.12182323,-0.55275893,0.884118
-0.26043633,0.35515377,-0.006236123,-0.22071196,2.4430974,-0.51478,-0.69179165,-0.38011852
-0.5021927,-0.57215595,-1.4619747,-0.009884793,-0.248399,1.1239047,0.72398674,1.4101255
0.54047287,0.7375888,0.82716155,1.4717429,0.69259465,0.032335024,2.109002,2.0759776
1.6539948,-1.0671856,-0.11732824,0.963202,-0.7198303,0.32355022,0.09117779,1.2503822
1.8929726,0.7087015,0.5535829,0.034121,-0.32936385,-0.11493915,-1.1220165,0.9805278
0.005345028,0.8701186,0.2883893,-0.5461494,-0.17715766,0.6643214,1.002789,0.94875365
-0.1444866,-0.63655096,0.746973,0.04497331,-0.10110299,1.0102689,0.90314454,0.22216296
0.052964672,1.4350553,0.24713576,0.8041522,-1.0323508,-1.1023976,0.51704264,-0.8760482
0.7360607,-0.4692477,1.6342577,-0.4488993,-0.565042,-0.07661261,1.0134708,0.17991158
-0.19384432,1.8836774,0.87899935,-0.69530135,-0.68490463,0.6890106,-0.81374985,0.7103309
1.9387797,-0.8999011,-1.2656333,2.0530663,1.8252711,0.025374066,1.4197258,0.3662567
0.8368088,0.7497518,0.80877155,1.4227055,-0.5354131,-0.41778705,-0.42663875,0.27554613
0.5270996,-0.5955217,-0.8344532,0.105332546,0.6998576,-0.096107356,0.92524815,-0.51800364
1.2431504,-0.84276503,-0.38466403,0.24808519,0.22358567,0.13644317,0.9266421,-1.081459
0.58604616,-0.7545508,0.5536557,0.16308956,0.20330122,-0.42277652,-0.11932193,-0.24817738
-0.15480098,0.17746043,0.849162,0.013460897,-0.0073290775,-0.6642749,1.0532179,-0.38123474
-0.5506061,-0.6671658,-0.16419396,0.5316802,0.30266067,0.0867365,-0.43645504,-0.11635045
0.5135519,0.33596992,0.30219895,-1.0789739,-0.24778222,0.7736681,0.65697885,-0.14134508
-0.5005562,-0.6620219,0.64718133,-0.28635207,-0.5303162,1.2191346,0.22316937,0.75105554
-0.06001488,-0.6705132,-0.37951684,-0.25513554,-0.20096503,-0.3102271,1.0927136,1.1948991
-0.9582932,0.43363667,0.7715311,0.49596846,-0.5710883,0.16434579,-0.3630076,-0.4769006
-0.51964587,-0.7371469,1.8738546,-0.2547013,-0.05568957,-0.10131079,1.2085013,0.44732165
-0.88320386,-0.072733626,-0.35821685,0.5925211,0.5101563,1.3573376,0.052981634,0.47895992
-0.708871,0.55756485,0.61125886,0.0089757815,0.12556191,-0.22675753,-0.2502858,-0.3348974
0.57544005,-0.46896476,1.1871388,0.1613737,-0.09138682,-0.1121607,0.008838277,1.242424
-0.05087953,0.1336177,-0.0163132,0.5469835,1.3033869,-0.950794,1.1048152,-0.11917906
0.33736777,-0.37873754,-0.81521374,0.5523114,0.13573174,1.6093526,0.4318709,0.23670343
0.29873893,-1.1552323,0.66238874,0.8238776,0.056409724,-0.5197946,-0.9922074,0.26979905
0.5737283,1.2903478,0.7443813,0.27258104,1.1658107,-0.969554,0.90265644,0.7630789
-0.460684,0.5401073,1.9814649,1.5408545,-1.0137385,0.7045057,-1.0156913,-0.054495327
0.9803019,-0.1956755,-0.50558424,-1.1456046,-0.2277484,0.4267292,1.4938726,-0.30643466
0.1754255,-0.08015354,-0.79326725,1.2163502,1.0339588,0.99968666,0.90454483,0.038538642
-0.2672439,-0.080339864,0.0152505785,0.86887664,-1.0694067,0.30252472,1.023681,0.65016365
0.8551419,0.019631134,-0.5477873,-0.023354303,0.40928665,-0.27999768,0.7916558,0.52163345
0.1580637,0.45503873,-0.5755178,1.892687,-0.41041875,0.84002984,-0.18218967,0.23056352
1.1127632,0.09591983,0.29823145,0.45797503,-1.3822304,-0.22792166,-0.05907049,-0.5366365
1.2835937,-0.13810213,0.46472186,0.4040981,-0.22867192,0.6951923,0.5931908,-0.7594775
0.22074768,1.1683997,-0.31478667,0.9318445,-0.07414178,1.1905556,-1.1931175,0.3624379
-0.39835557,-0.133402,-0.4006238,0.37416726,0.4696428,-1.5806392,0.68863523,0.7706236
-0.9946549,0.014445959,0.29211324,-0.41541559,0.719607,1.2064991,0.62145805,0.15075868
0.3012683,0.510766,-0.70393306,0.34612447,0.32370687,-1.0735195,-0.32657456,0.24751207
0.47245967,0.1700551,1.9833257,0.36042255,0.3395839,-0.4031231,0.5633159,0.36032853
-0.11741231,-0.89212024,1.0575974,-1.0347117,1.7240913,0.8158709,1.4693633,2.5349813
0.026723363,0.079378456,0.5878609,0.17543462,-0.26621532,0.60282165,0.6409801,-0.69107217
1.5986762,-0.46603942,0.25262597,0.14631785,-0.28196314,-0.4282003,-0.20099877,0.12967503
1.2852131,0.34318912,-0.9568323,-0.22301225,-0.04705384,-0.27634662,0.54533094,0.78344893
0.955396,-0.7830217,0.15489018,1.3769443,0.50437635,1.2554541,0.34892222,-0.38240713
-0.121229164,0.77498454,-1.3916376,-0.26891172,0.93754846,-0.09263351,1.9509292,1.7595019
-0.16726372,-0.17172049,0.70649236,0.8556832,0.5277527,0.017402373,-0.6394769,0.17697138
0.50646365,1.317435,0.4377831,0.55259585,-0.51259506,-0.67904174,1.7698734,2.3249328
0.97927713,0.3381676,-0.21171719,-0.36174002,-0.20076987,-0.57884884,-0.28260636,-0.14156052
0.87295055,0.21995787,-0.099422,0.3380333,1.1851257,0.6155101,-0.05194342,-0.2655824
0.92639816,0.32176894,0.48984292,0.817901,-1.2444837,-0.5128255,-0.107943565,0.56808907
-1.5476454,-0.022128515,0.61683923,-0.61798084,1.249281,1.2743087,2.1234875,1.489939
-0.35622808,0.7243557,1.440665,-0.4226112,-0.17228195,0.18659624,-0.178165,-0.68605363
-0.19841352,0.12215686,0.37103778,-0.38498697,0.82403684,-0.7612058,0.702686,1.2847563
0.75737226,1.3209546,-0.43424413,0.20239578,0.37270927,0.15884595,-1.6303289,0.86693054
0.5970778,-1.5915079,-0.9630682,0.020905688,-0.8126277,-0.07984075,1.1078843,1.4517313
0.34148094,-0.62055755,1.419702,-0.2972424,0.56166685,-0.24726188,-0.9052825,-0.2640856
-0.32987896,-0.21801959,0.21170568,0.5754534,0.5219359,-1.2808831,1.0361667,1.0440011
0.4794012,-0.37070063,-0.012924056,-0.39797053,0.38251042,0.8700476,1.5063021,-0.003452912
-0.48133284,-0.4190877,-0.65236586,-0.9457446,0.24794297,0.019379133,-0.64830357,0.6094366
0.24506524,0.9164752,0.06146062,2.581917,0.11517986,-0.7943363,-0.52515495,-0.20110619
0.0806745,1.1532527,-0.11641602,-0.9926008,-0.865242,0.6901564,-0.48092163,0.3740449
1.454435,0.6238521,-0.07573345,-0.20057802,-0.7749554,0.3278021,0.4695841,-0.2781835
0.15569356,-1.330237,0.0075313654,-0.97843516,0.3577942,1.1244859,-0.29436165,0.53459686
1.199071,0.35846713,-0.42174816,1.4229497,0.36468935,1.0206183,0.1834762,-0.22580135
-0.9068761,0.31848314,1.2451434,2.7603765,-0.85636985,0.33748645,0.7897876,0.6008848
0.91814804,-0.23176934,-0.24112692,-1.1492636,0.23641315,0.36553308,0.06656465,0.14398676
-0.06777967,-0.51588255,-0.08173731,-1.2387482,0.012109335,-0.29432675,-0.45235136,0.66545343
-0.09116425,0.10428478,1.1519316,-0.27783918,0.7362077,-0.55263156,0.4795289,0.508304
0.4288593,0.55474365,-0.7736159,-0.09092003,0.26539144,-0.66423535,2.0150054,0.2035433
-0.49513394,-0.06282587,0.26025435,0.06604855,0.31824276,-0.6073342,1.2135824,1.0963482
-0.4981587,-0.2461824,-0.18823868,0.91944474,0.06235341,0.12729114,0.9814913,0.124339074
0.114423566,-0.18608002,-0.16883862,0.9630331,-0.43034187,0.3597389,0.33917835,0.20574054
0.7657746,0.5110609,-0.83840865,-0.39926767,0.42009917,-0.04292076,-0.8510147,0.4970295
-0.42876905,-0.7717673,-1.1074013,1.4659007,-0.065920405,0.73876965,0.13249166,1.12933
-0.6779457,0.45600617,0.20491877,-1.0180734,0.12649027,0.848451,-0.60385805,1.3317261
-0.6398613,-0.84947526,0.69825745,-0.39896876,0.83473593,-1.2724396,0.5996185,0.9615781
0.12968752,-0.22239229,-1.427512,1.5495309,0.9800785,-0.17736387,2.0697343,-0.24629837
-0.11460409,0.0371029,0.5410366,-0.8636558,1.2254598,-0.015200829,-0.4483095,1.3070472
-0.61397547,-0.19688278,0.7699578,-0.30311498,1.1526887,-0.42130294,-1.0814797,0.3291989
-1.392247,1.5139692,2.0896413,0.110781156,-0.4700617,0.72510374,1.2612528,0.067886025
1.5650551,-0.0845574,0.27015042,-1.5853143,0.51414675,-0.13274667,0.66112006,0.08799741
-0.52237713,1.8735291,0.32843983,1.3370905,0.9729713,0.19881728,0.7398406,0.5917119
-1.0309862,0.6103591,-0.9663937,0.10715729,0.7864861,-0.60135776,0.09463529,0.35435063
0.09404455,0.3831301,0.8370153,0.90305465,0.79194254,0.080393456,0.5276272,0.75504166
0.77327836,0.26344696,0.71441495,0.7000447,-0.028166473,-0.6086029,0.78521687,1.006483
-0.41212618,1.0039716,0.5279569,-0.70360863,0.20980422,-0.7897604,0.2051876,1.842485
-0.5743817,0.83708745,1.4503129,-0.4709464,0.6698896,-1.1692042,2.431608,0.4869471
0.9255108,1.7012713,1.2520834,-1.0112756,0.28015983,1.2323571,-0.5848619,0.19723949
0.5232521,-1.5358602,0.5968388,0.22193612,-0.5095662,1.1192652,-0.4822352,2.2749019
0.874149,0.7472947,-0.067016944,1.052006,-0.7756464,-0.3072092,-0.46903637,-0.13980886
-0.37414464,-0.55230045,-0.64786744,-0.74999106,-0.13423795,0.77175725,0.036595713,0.72588336
0.31622323,0.526067,-0.89700574,-0.1602543,0.5096971,-0.05797425,-0.38837785,-0.18731052
-0.5339714,-0.9469446,-0.34214735,-0.28867602,0.35283992,-0.4970505,0.7572554,0.59449244
-0.52931017,1.4306723,-0.5151576,-0.054369103,-0.95144403,-0.110980555,0.561179,0.0010270551
-0.24833727,0.41936925,0.6573022,-0.110587746,-0.3873801,-0.5023596,-0.7856702,0.7949382
0.46071154,-0.017879654,-0.55532223,-0.6287704,0.51388705,-0.59946704,0.92764246,-0.20901248
-0.19393343,-0.36779347,1.0531102,0.06651397,-0.7794205,0.4187956,0.057214018,0.6547698
0.17188072,0.65915984,-0.6946079,-0.224434,-1.0255045,0.3742151,-0.83807415,1.4815098
-1.2295066,0.6897288,1.0621979,0.23852612,1.341818,-0.10007864,1.2631056,0.3254381
-0.33222428,0.4560667,-0.016697187,0.7045644,0.84854394,0.2682472,-1.2879137,-0.22615418
-0.6779479,1.0909816,-0.28878814,0.9352664,0.40383714,-0.6026835,-0.2049113,-0.3196291
-0.4526677,2.2556937,0.3136472,-0.2963261,-0.55620974,0.23960637,1.4004529,0.9128839
0.6706933,-0.54960245,1.7427728,1.2470491,0.9400068,0.35580996,0.5868134,0.29388243
-0.23709124,-0.011320483,0.47270527,-0.4894348,-0.193976,-0.3352408,0.6281192,-0.24655062
0.69185686,0.47645345,0.27620345,0.70020956,-0.819222,0.43961707,1.5787573,0.77911556
-0.13334742,1.4290749,1.6773909,-0.20782803,1.415851,0.9422725,-0.16335654,0.7617722
-0.669229,-0.3438822,-0.2825859,-0.078823924,0.13213834,0.14688103,-0.17480081,0.18263027
2.387201,-0.023172393,-0.42956716,0.5958587,2.334877,0.74077016,-0.585991,0.29679826
-0.87217253,0.3847477,0.47564727,-1.0594872,0.20453618,-0.37107435,-0.44116598,0.724842
0.2928804,-1.0287471,0.040394824,1.8146058,-0.8853567,-0.24745375,-0.090743005,0.81721383
-0.7709678,-0.6731355,-0.22256994,0.031873025,1.2581409,-0.51091456,-0.7398854,-0.05590456
0.18604764,-0.64287335,-0.6024647,0.072579995,-0.3352978,-0.4826177,0.02479427,0.47561565
0.9680762,0.108137,0.54384804,1.5879211,0.89839935,-1.556863,0.8987947,-0.24744952
-0.24248952,0.04967217,-0.8217792,0.030498073,0.40373603,-0.25482094,0.63896114,1.1283028
0.4740881,0.20327963,-0.117270015,-0.2213416,-0.851282,-0.15600899,-0.8206366,0.49641868
-0.5770265,-0.9227622,-0.9109765,-0.8596249,0.15282229,0.7815972,0.13916232,0.15859662
0.330193,0.98649794,0.009597674,0.7772399,0.49730676,-0.7331857,0.57773757,-0.75712806
1.425955,-0.47194412,0.18971127,0.36054325,-0.15365718,-1.075655,-0.2852778,-0.044410408
-1.5149223,0.81560576,0.106101386,1.1124387,1.2631648,0.1302541,0.42040822,1.5923532
1.6554412,-0.14238702,0.41649053,1.1570557,1.3289086,-0.5602436,1.8088723,1.152168
-0.7866895,0.41926524,-0.3405921,2.3569827,-1.028836,0.389152,0.61986536,0.7170934
0.8380875,-0.5684093,-0.005971318,1.4452325,1.0169302,1.6441963,-0.72980165,0.4648248
-0.40490654,-0.19115004,-0.6627042,0.06570568,0.31918976,0.66951615,-0.1529885,-0.5543826
-1.0555912,0.20998305,-0.2041001,-0.657635,0.44852328,-0.40169922,1.647026,-1.292171
0.44995117,1.185254,-1.5256726,0.59758174,0.60429865,1.421403,1.1256844,0.17453796
0.20626935,1.3764042,-0.7572788,0.07987824,-0.12687616,0.31103918,-0.63665855,0.25623342
0.025661994,-0.17086957,-0.009859407,0.103835285,0.4841936,0.80999017,-0.69592917,-0.7433738
1.1719888,0.45181644,-0.4036398,0.27878046,0.31530637,-0.265501,2.043969,-0.29636475
1.327338,0.15325202,0.2910328,-0.55308455,1.1203872,-0.29251146,-0.4448257,-0.0010799766
-0.11120377,-0.1767744,-1.0047117,-0.08966865,0.29743263,-0.11517744,0.10568713,-0.26822934
0.74700403,0.0038690101,-0.6218736,0.901121,-0.27141204,-0.89710176,-0.9966028,0.15221465
0.63602316,0.24791476,-0.5614915,1.6229782,-0.37362242,-0.06895206,-0.3665033,-0.31352893
-0.65779877,0.42812896,-0.34846503,0.85973483,0.04998163,0.47146502,1.3714011,0.14283517
0.8730858,-1.1156746,0.86613655,-0.7182474,0.49520642,1.3284473,-0.1562186,0.2683513
0.48610768,1.3069783,-0.53989613,-0.52218294,0.8436264,0.1321094,-0.12187414,0.20342395
1.6449245,0.82521886,0.26169893,0.7736103,0.44289,-0.05590889,0.17386654,0.20660311
0.9075282,1.3161887,0.05332329,0.55552775,-0.045009334,0.6223809,-1.262455,0.64168906
0.23806041,0.36097714,-0.49047473,0.60730934,0.3063728,1.0036206,-0.84620017,0.7461612
0.5697319,1.0343649,0.23728049,0.22341692,-0.33849326,-0.34003592,-0.16761693,-0.23680389
-0.26352447,-0.53264666,0.75643986,-1.021185,0.44799966,-0.39609194,-0.2567983,0.72931963
-0.6802711,0.96254104,0.6868368,-0.5010027,-0.13125849,1.0271715,0.58558685,-0.45329067
-0.20160294,0.70282036,-0.3602161,-1.3487635,0.9306441,-0.3414679,-0.2713236,-0.43094996
-0.2890724,-0.48290533,1.665993,-0.68013996,0.6394671,1.3805869,1.2819997,0.83327883
-0.41925302,0.032690622,-1.4929609,0.10792337,-0.05477145,1.7587401,0.50994766,0.843163
-0.90360594,0.9989505,0.32041368,-0.32206288,-0.72999376,0.8238546,0.28169313,0.72927684
1.5921038,0.8242946,0.71231025,-0.7183724,1.6928139,0.1328857,0.914479,0.050755255
-0.454952,0.61647034,0.17250958,0.98452806,-0.272635,-0.86364836,0.45370868,-0.10460747
0.73482305,-0.019933395,0.15329334,-0.300651,0.18684566,-0.9909524,-0.711549,0.86714774
0.28261763,0.93166894,0.3824005,0.5748686,0.46096742,-0.42400378,1.1355932,-0.6949905
0.2516278,0.45799264,-0.04662924,0.64203894,0.34031603,0.86341393,-1.2307144,1.1628497
-0.45024014,-0.761485,0.5846878,0.93204117,1.4203433,-0.71109056,-0.26069772,0.2390157
-1.314611,-0.6262365,0.11346831,-0.25555846,-0.19333145,0.06983159,0.40785897,1.0656375
-0.33040643,-0.29993135,-0.34976968,-0.46494022,-0.5515529,-0.14434566,-0.1295794,0.8725998
0.7927657,0.23343384,0.14729246,1.2504166,0.31381455,2.028751,-0.76425225,0.4433904
-0.465778,-1.2706568,0.64346534,-0.22754864,0.032880988,-0.1487058,1.1307257,0.5552893
-0.52413243,-0.00851441,0.6915858,0.51175076,1.4552777,-0.21799609,0.10808191,0.6043279
-0.60243016,1.2012787,0.5476089,1.3896447,-0.71044004,0.34600642,0.44743088,0.36836195
-0.4018088,0.014746852,1.6051348,1.1318246,-0.75445867,0.55916494,-0.7753212,-0.4263221
0.011926137,0.20237799,-0.94533396,-0.780799,0.73312247,1.0615497,0.18434365,-0.1778974
-0.66675043,1.3124257,-0.07359254,-0.37081027,1.2620364,-0.08238422,-1.158063,1.2069639
0.28610715,-0.7787271,-0.71586484,-0.21389835,0.48797643,1.114859,0.09550892,-0.040495798
-0.6124273,0.7414736,-0.6973233,-0.056282442,0.26214397,-0.2821336,1.0638493,-0.07548738
-0.8589233,1.6076727,-1.5883069,0.09177256,-0.7545867,-0.06811732,1.0866734,1.0760688
2.050089,0.41693175,0.49572858,2.0733814,0.19826797,-0.25986972,-0.5042021,0.10514596
0.82711023,1.1902015,-0.7857555,0.7825583,-0.0085578775,-0.57976645,-0.06054065,-0.2562487
0.001422435,0.60924345,0.24066457,-0.4978659,1.2386615,-0.023219274,0.6001273,-0.6730025
0.77528816,-1.9886063,0.9279901,0.376258,-0.59626776,-0.27281776,0.6073226,1.1351994
0.002030287,-0.7297441,-0.15979788,0.7050453,0.58283824,1.3584762,0.022777312,0.20070073
0.01383486,1.3050061,0.3731857,-0.8562812,-0.4525172,-0.11581287,0.8269723,-0.18297064
-0.07710936,-0.3764777,0.51371914,1.4950666,-0.9328386,0.28984073,0.29789546,0.7334244
0.95701134,-0.17157944,0.25859025,2.2498991,-0.052090712,-0.5805694,-0.87956524,2.4614704
-0.123122714,1.7403052,0.92797023,0.6630926,1.3473188,1.2518353,-0.65742207,-0.687684
1.1312026,1.5112113,1.7499305,0.3356304,-0.12399506,-1.09275,0.2541451,-0.042010993
-0.123165466,1.2127081,0.02339309,0.46161792,0.61280924,-0.43068764,-0.57335544,0.23974442
0.8075528,0.01714684,0.032145213,0.18349664,-0.81293464,0.58729756,-0.9405701,0.21600637
0.28299594,-0.60476464,0.7920674,0.5911177,-0.07623836,-0.41484466,0.9357895,-0.8942338
-0.2559953,-0.3890544,-0.3437511,-0.04059842,0.5561331,1.3235048,0.78159285,1.3269002
0.6910512,0.036045212,-1.1510906,0.9121326,0.5255355,-0.78450704,0.8776163,0.5163385
0.32935673,0.39706817,-1.2768776,1.1451548,-0.21766376,1.1165403,-1.1628377,0.8129137
0.3640716,0.13614348,0.64434236,-0.5870158,0.9924944,1.0073243,0.9387669,-0.45849028
0.2748132,0.55878246,-0.9759191,-0.5722124,0.83856356,0.02671858,-0.559434,0.014980894
0.6372689,-0.3331728,0.4197618,0.14288534,0.033573113,0.051671725,0.1786676,-0.061862297
0.11898337,0.4878409,-0.81228447,0.39637,-0.34567586,0.22809662,-1.0517427,0.23513398
0.07666402,0.14313056,-0.76922727,1.0320568,-0.5208568,0.21146543,-0.95831656,1.360188
0.2749571,-1.1199925,-0.860274,0.42158765,0.33205795,-0.038262114,-0.19170174,-0.19840166
0.20582652,0.3723361,-0.8406076,0.88221353,-0.8731701,0.0369408,-0.6993915,-0.2629104
-0.8489113,0.36281207,-1.1176718,-0.48475286,0.9123272,0.9204001,0.4521198,0.4020097
-0.18570647,-0.26619896,-0.021746764,-0.05694035,0.77610964,1.1234319,-0.18997306,1.3363265
1.9605776,0.514746,0.7406987,0.5414179,-0.31484914,0.50869083,0.54460675,-0.20962086
0.19990084,0.4388972,-0.43467438,-0.33996823,0.18784097,1.5774944,-0.1120089,-0.27654943
1.1662447,-0.49345422,0.21246332,-1.1603528,2.7844641,1.6501338,-0.03433059,0.8834162
0.4716107,0.5160664,0.8453174,-0.79508114,0.33093834,-0.2238773,-1.4177666,-0.096534245
0.85817885,-0.93049693,-1.317794,0.81815195,1.3308201,0.64357865,0.4493717,0.9944499
0.66209817,0.77962756,-0.00010143034,0.0054418407,0.3117725,-0.19517097,0.6206482,1.4593474
0.023283001,1.3440235,1.294444,0.26032138,-0.7216477,-0.6816845,-1.0794657,0.6956037
-0.22514191,-0.8985656,1.5385331,1.1301377,2.1331146,-0.043789975,-0.763341,0.6383187
-0.006768599,-0.7129229,-0.19465208,-0.13904898,-0.97968376,-0.4203822,0.84503245,0.11353831
1.1916078,-0.35973638,-0.10462126,-0.020060603,-0.47665402,-0.2870489,0.5625938,-0.40025777
-0.053861894,-0.45267403,1.1817957,0.006073326,0.4678709,0.05739869,0.7680523,-1.8422625
0.38126472,0.7305217,-0.09018405,-0.4550222,1.5848373,-1.2461603,2.8412595,0.5869347
-0.2538744,-0.81390554,0.78966814,-0.4629031,-0.14537425,0.47499052,-0.68910843,1.0249296
-0.9215156,1.2550633,1.2635554,0.7212621,0.45080817,-0.6543434,-0.79978114,2.3043308
-1.1925249,1.3254005,0.08965291,1.4738264,0.7610305,0.30475146,-0.1802799,-0.48630992
-0.33425507,1.0806386,1.1575892,-0.09810355,-0.9358529,-0.7040561,1.8474933,-0.6100518
-1.4569287,-1.2544855,1.4468297,0.8950785,0.16253056,0.743897,1.1576512,0.885922
-0.16961515,0.22193962,1.7444024,-0.85756266,0.12649427,-0.245094,-0.13900052,0.22257024
0.39625847,0.3418514,1.2503933,0.75186384,0.26243976,-0.38019907,-0.59015155,-1.1210448
-0.53016454,0.50149274,1.2538108,0.31174672,-0.5593103,-1.1063105,0.49437362,0.8355524
-0.05253291,-0.045128237,0.16247815,-0.18772173,-0.18171757,-0.44191524,0.3619032,0.25373578
-0.38201508,0.1631563,0.99218535,-0.25598443,1.1117148,-1.1599768,-0.03856527,1.134146
-0.3829573,0.39712432,0.74926317,-0.05568168,0.014795448,-0.56862843,0.456485,0.12815513
0.09670942,0.09250073,-0.8903959,1.76767,0.12805831,-0.39433053,2.000784,0.23271921
0.1426826,0.14750227,1.4161376,1.1223552,1.0924422,0.04152945,0.7833472,-1.0189239
0.13711749,0.19244337,-0.05629339,-0.14791322,-0.1858262,1.3624551,-0.58766645,0.8663779
-0.759722,-0.020394169,-0.31624812,1.1372142,-0.17393108,0.23047934,2.7679446,0.86898226
-0.12274911,0.053910173,-0.5435978,-0.77050537,1.115527,-0.5355576,0.22876127,0.47020102
-0.9162476,1.2653937,-0.20451888,-0.40415838,0.7179103,0.5717088,0.68740314,0.03584166
-0.2994301,0.4214434,1.3458978,-0.46903512,0.845439,0.051895212,0.054397594,0.32178295
0.32476094,-0.10495809,0.77888894,0.9825724,-0.581559,0.25292626,-1.3770396,-0.06607983
0.1788933,-0.7309638,-0.019204013,-0.1678592,0.079128444,0.88453126,0.900415,0.21603465
-0.6520357,0.27818635,-0.14384511,-0.049029943,0.4422941,0.8307155,-0.1289192,0.23397061
-0.057896785,0.12673397,0.7744734,-0.6134674,-0.4881743,0.04761713,-0.1481895,0.04604233
-0.25590098,-0.22173464,-0.38948852,-0.17481731,0.05394627,-0.42471272,-0.6987869,0.66542834
0.7971544,-0.59127754,-0.90407854,0.04531159,-0.66064507,-0.1727028,0.08868721,0.43512398
0.48186782,0.5147529,-0.2761652,-0.16633077,-0.6680324,-0.26604158,0.5888145,-0.57058716
0.50851345,0.51430243,-0.40731815,-0.03570159,-1.0481279,0.97985667,0.45536926,0.4282268
-0.118650176,-1.270065,1.7072629,-0.47144708,0.83068585,0.56379724,-0.4132132,0.677384
-0.27133515,0.42215526,-0.21041778,-0.1835419,0.5054567,-0.40035748,-0.13349348,0.39519253
-0.31513205,0.011724796,0.33831367,0.16156632,0.6677406,-0.9460113,-0.15774867,-0.30488074
-0.4091919,-0.059037913,0.87572956,-0.1352079,-0.19385701,0.08044963,-1.3461998,1.1576123
-0.31114355,0.44117203,0.60591966,0.12374705,0.9498336,-0.4445943,1.1845648,-0.16976413
0.6286606,-0.36286783,-0.8298793,0.6461767,0.43901575,-0.55558676,-0.6830914,1.2691505
0.02662468,-0.31894246,0.18719378,0.028475028,0.33851787,0.90443265,1.7245331,0.43594345
1.2459306,0.383821,0.9978092,0.6360666,1.2057254,0.11980929,0.98477674,0.9358866
1.2540083,-1.0025524,-0.26120025,-0.21212815,0.47056502,0.025131851,-0.19038528,-0.38117942
-1.2246537,-0.32756788,1.3550068,2.0453856,0.6600488,-0.6510475,-0.55190086,-0.6459243
-0.3143614,1.9696838,0.3976266,-0.88594043,0.4035883,-0.60862154,-0.8841535,-0.265092
-0.8184567,0.594931,0.050485313,0.1033184,0.7869522,0.5581545,2.3533843,0.18527018
0.036949143,-0.73369086,1.0740904,-1.0302602,0.64560896,0.7020923,-0.070661664,-0.04310488
1.0554447,0.20904669,-0.44255006,-1.0369592,0.11164419,-0.9666642,1.008295,0.1350158
-0.30014914,0.33071807,0.4414163,1.7101179,-0.123490095,0.09324928,0.43072304,-0.18770146
-0.73803276,-0.5353913,0.2525928,0.27033043,0.16242729,0.008875355,0.64594567,-0.4787219
-0.936726,0.9612673,0.3894482,-0.90967697,-0.41799653,0.8484973,0.6869857,-0.657583
0.13595559,0.39950874,-0.25623977,-0.042614263,0.99331015,0.43301404,-1.3553399,0.24724108
-0.42862898,0.114416465,0.60353994,0.703273,1.869495,-0.18350323,0.40548682,-0.042999826
-1.2228276,-1.4714465,0.93241596,-0.79608756,1.5791624,-0.20723464,0.55678236,0.8268012
-0.083742835,0.6792138,-0.9514588,0.6838992,0.23444681,-0.4250967,0.78276813,0.4163331
-0.19792208,0.4255096,0.5798945,0.42311507,0.33425865,1.9046781,-1.3470871,0.83307594
-0.011066571,0.47792795,0.84409225,-0.048544135,-0.5485383,-0.1968604,1.4853745,0.4390301
1.9608517,-0.5303142,0.17951313,0.5694346,0.5578287,2.0531921,-0.8894772,0.56421804
0.8655169,-0.7186156,0.22942725,-0.37666067,0.38096783,-0.46353486,-0.98587,0.35550484
-0.47861284,-1.0724571,0.60321057,0.6105819,-0.5807875,0.5900142,-0.35102397,-0.08015991
0.108413786,-1.1459867,1.4432043,-0.12187034,0.86361235,-0.29057637,-0.25500056,1.0004351
0.40199167,0.022434011,-0.422571,1.0174335,-0.4286847,1.6453532,0.9679659,-0.05103749
-0.34437606,-0.011753198,-0.10931848,-0.15305573,1.008736,-0.75249213,-0.4502023,-0.6276856
0.80112475,0.02017653,-0.26088995,0.5461708,0.5287239,-0.10939941,-0.6565502,-1.080393
-0.36673668,-0.27407068,-0.29765826,0.45911294,-0.6537407,-0.33617657,0.507053,0.06854547
-0.56096536,0.06306872,0.25747785,0.6392548,1.2544671,-1.1614134,0.12144911,-0.048581764
-0.39384565,0.9731256,-0.33781523,0.25986645,-0.7323897,-0.7224212,-0.04720413,0.9714726
-0.87584853,-0.37182298,-0.79983985,0.10170171,0.2207483,1.1827494,0.78741616,0.42520446
0.19684044,1.3404028,-0.21195129,0.68201864,-0.3134131,1.0493692,0.732593,0.15332733
-0.5064011,1.2328403,0.28450993,-0.4347582,-0.21111776,-0.6834511,-0.13165416,-0.46549425
-0.58722013,0.93440354,-0.75722563,0.44867316,-0.9869261,0.32960966,0.73118645,-0.608904
-0.60548997,-0.47294837,0.5897384,0.6039868,-0.80990225,0.48008794,-0.11968717,0.82748365
1.7619767,-0.5789659,0.6666275,1.1435659,-0.8166736,0.3303392,0.65944797,1.3235699
2.052051,-0.9992508,0.8764548,-0.37154523,0.42850858,0.80007184,0.4377055,0.2993649
-0.9450233,1.4794803,0.89872026,-0.21876575,-0.11518268,2.0871506,0.75069654,0.51232535
-0.66095495,0.613497,0.21258026,-0.7246071,1.1634165,-0.05554177,-0.77511597,-0.012644239
-0.28938112,1.7447156,0.34350517,0.7619469,-0.59566134,1.221074,-0.14082317,1.3934374
-0.19703496,0.1762763,-0.24883804,0.33075672,1.2630479,0.11825364,-0.80674565,-0.5289738
0.3741977,-2.1891644,0.55698997,0.8189819,1.7096853,0.7523561,0.20368415,0.7678618
-0.02062177,-0.4060949,-0.20070052,1.3707174,0.31348136,-0.5657235,0.6273196,1.8324755
0.06679376,-0.04995015,0.5803534,0.4521391,-0.33300796,-0.23732024,-0.8055814,-0.5157929
0.007193733,0.0431926,1.147616,1.7160143,0.34768543,0.26559663,1.2048516,0.44681424
-0.30526838,0.75740564,0.66523707,-0.79361045,-1.1711724,-1.094959,-0.31937054,1.4201906
0.707755,0.19790232,0.7141801,1.1687378,-0.35783026,-0.56439096,0.21104069,-0.6067776
-0.89348996,-0.43891522,0.110755645,-0.35649687,0.8103651,0.9625026,0.44529417,1.416507
-0.16974378,1.476026,0.35997877,-0.35851622,0.15129174,1.4910188,-0.26426244,-0.35234144
-0.08216197,-0.1900801,0.4604352,0.47126168,-1.3678291,0.15762272,0.23899768,2.428988
0.4698346,0.4648023,-0.40913332,-0.1954237,0.67915493,0.7535163,-0.16561319,0.14635184
-0.040832236,-0.4350978,-0.6576996,0.041480243,-0.1624691,-0.56434864,0.67702305,-0.1965358
0.80056816,-1.3555255,-0.7527576,0.76292944,1.1366377,1.4163749,0.06639962,0.37350932
0.4298566,0.21760184,-0.82767195,0.05179027,-0.60286677,-1.4106445,0.98814726,0.58502984
-0.21094656,-0.5520477,0.15702704,-0.6308979,0.45866323,0.2797266,1.4140465,0.838936
-0.22517872,-0.6873289,-1.3675106,0.7991318,0.21853293,-0.22895688,0.011324078,0.97785467
-0.03929291,-0.26810643,-0.02093539,0.7823244,0.7669192,0.80381316,-0.2727684,1.5051079
-0.4554345,1.2153882,0.34932247,0.34261408,0.05967147,-0.079603,-0.62777245,0.3568825
-0.4084371,1.7917421,0.9083497,-1.0747931,0.7366542,0.24918999,-0.7897976,0.7852289
0.18369356,2.101957,0.23649663,-0.42887554,2.089009,-0.5298922,-1.1015,0.685709
0.57783234,0.2547143,0.05865772,-0.11886902,0.11297631,-0.26527002,0.22421487,-0.49935076
0.8026127,-0.5273252,-1.1531821,0.097189665,-0.67187935,0.62992126,-0.41771826,-0.09081445
0.22047415,0.95431185,0.33164808,0.80187064,-0.69774187,-1.050267,0.5421516,-0.4482909
-0.026453406,0.4732187,-0.05431801,-0.8073455,0.37596366,-1.0373372,0.9946543,-0.5296503
1.10658,-0.87492913,-0.5905038,2.045074,0.78998154,-0.92842716,0.14767468,-0.70046383
1.2284584,-1.1505601,1.2553474,0.57177347,-0.27599266,-0.40686676,0.061608966,0.2815237
-0.889214,1.1396538,-0.6902791,-1.1699486,-0.6210684,-0.3385495,1.4958436,0.98208606
-0.5971505,-0.91335076,0.2872639,0.43381798,-0.6703451,-0.16245684,-0.14978059,-0.4093096
2.0659943,0.28112856,0.554426,-1.3025825,-0.5422781,1.0598811,-0.36637378,0.7476828
-0.4552421,0.027170967,0.7672855,1.3089901,-0.78989655,-0.65816444,0.49030143,0.19307926
0.35305795,0.2253781,1.0487789,-0.6055067,-0.73791677,1.7951176,0.55064535,-1.0531747
0.13286701,-0.113896504,1.6651015,-0.17519072,0.6063676,-0.50897014,-0.35741174,-0.049862392
-0.76319534,-0.9986457,-0.39854628,0.27266854,0.1986859,-0.558729,1.0892161,-0.05586023
-0.018129036,-0.29769412,-0.45806575,-0.25836232,-0.019775633,-0.71905893,-0.5248582,0.24140626
0.14921105,0.12563021,1.268902,0.09108807,0.61435467,-1.2382904,-0.5106246,-0.2148709
0.83963186,1.113658,1.0344075,-0.72128004,-0.41626135,1.1765869,1.566543,0.22920924
2.225378,1.3972842,-0.35717294,0.5704744,0.02487905,1.9618964,0.49772686,-0.6572668
1.0405422,0.56009895,0.3726409,-0.36303496,0.9919279,-0.6296776,1.1720086,0.8155137
-0.5620279,0.17438066,0.084707834,-0.24316825,1.9537159,0.93481845,0.88640285,0.50815034
-0.7098409,-0.2525723,0.054833896,0.15279153,1.3902901,-1.1956515,0.70243603,0.86432153
0.11056867,-0.5713462,0.36307764,0.276908,0.708137,-0.9667554,0.19506943,-0.15438676
-0.23092186,2.4319944,-0.6283551,0.9136586,0.17288962,0.011072334,-0.23884025,-0.40033266
0.9531962,-0.108041644,1.0870404,-0.88800037,0.5186981,0.3877678,0.100495785,-0.3433731
0.8788795,-0.6945326,1.0844773,-0.863451,-0.6187607,-0.28462076,0.44735137,0.28170177
1.3472357,1.3061891,0.13268048,0.6208966,0.60522145,-0.8824558,0.09686451,0.17138246
0.2678304,0.039249107,-0.7199371,-0.010336626,-1.7896093,0.88869184,1.4616816,0.23522621
0.22177812,1.1933337,0.81156784,-0.5598615,1.078156,0.49368787,-1.2738993,0.60806525
-0.30140644,-0.26146322,-0.2982926,-0.22130798,-0.3009892,0.69067377,2.6317248,-0.6735991
-0.8458406,-0.43375638,-0.93725574,-0.7074294,0.85058105,0.16818717,0.8100494,0.3853869
-0.93357325,0.8004933,-0.22222635,1.9664202,0.16682631,0.5223345,-0.49340877,-0.5591447
0.1436505,0.3156838,-0.561637,-0.48501536,0.10839504,-0.72999275,-0.011472115,0.83062524
-0.33918908,-1.0405482,1.433301,1.4084655,0.02211092,0.4602857,0.97720253,-0.4358122
-0.7578674,-0.05576088,0.40093592,0.8343054,-0.38581663,0.13122913,0.2987722,0.4815762
-0.70809245,-0.06780596,-0.28686413,-0.25875908,0.17063917,-1.315172,1.0053173,1.4994125
0.3811967,0.14036597,-0.63520205,-0.51813835,-0.16110176,0.58130676,-0.15168954,0.76324046
-0.4312097,0.40364176,1.2429074,-0.08912212,0.49151045,-0.66033036,1.2927887,0.42426932
1.3086294,-0.5842479,-0.35745275,0.26761955,0.70164037,-0.6630519,0.9687767,-0.6890204
-1.2055612,0.94074875,-0.32400385,-0.2002692,0.5758272,1.2789377,0.67053807,0.76055384
0.9844326,0.038006354,-0.6294905,0.11197025,0.24132998,-0.38950884,0.018426172,-0.14239937
-0.034265526,0.388865,0.5788606,-0.54851365,-0.17117675,0.08979447,0.040772293,0.07097847
-0.61172813,1.1293595,1.0274106,0.69530416,-0.8522667,-0.45656437,0.029113345,1.1977623
-0.15438512,-0.35883316,-0.061938785,0.15215564,0.7194919,-0.80981827,0.0377394,0.43648854
-0.6029734,-0.8790744,-0.20063311,1.3242441,2.0583947,0.10041979,0.2137413,-0.5318856
0.9126483,0.10300271,0.36888966,0.8730878,0.55438477,-0.045178637,1.0774328,-0.048748977
2.0747166,-1.1333708,0.49367735,-0.5551893,-0.6789247,-0.36596456,0.28639576,0.0004331544
-1.4079077,-0.0543529,-0.53798586,-1.5626682,0.31050345,-0.45885813,0.96483874,1.1594135
-1.0227615,0.2864135,-0.61255795,0.7961636,0.55362123,-0.49095866,0.051237117,0.27559036
0.07028988,-0.7375591,0.45419472,0.88762134,0.28319865,0.31618044,-0.50396824,-0.074933074
0.3312395,0.44656262,-0.9590234,-1.2327952,1.5291787,-0.51975334,-0.14952093,0.24722147
0.548652,-1.3858539,0.20008504,1.306524,0.11120799,0.5891631,-0.5173872,0.14242172
1.5468155,1.26435,-0.6285664,1.5505601,-0.8461215,0.2343133,0.010197498,1.5821319
-0.72391605,1.2741023,0.4060208,0.08521719,0.26809958,0.61336595,-0.18061666,-0.29070312
0.26897523,-0.33353078,0.26382542,-0.36455575,-0.27333573,-0.24201187,0.17436528,-0.23235399
0.18626815,-0.1815596,0.8564784,0.28819358,-0.576889,0.5391215,-0.48678204,0.0965763
0.64911425,0.8350483,0.94187343,0.6983483,-0.53394306,-1.0292134,-0.98266107,0.08058566
1.5966349,0.41450334,-0.60046256,-0.26936385,-0.75378317,0.33058512,-0.71730953,0.8728502
-0.04931365,-0.078723475,-0.9690316,1.2522837,1.1362239,0.43306452,0.039444987,-0.13702488
-0.42581657,-0.46660236,-0.57225347,0.18398894,-0.48006633,0.4079034,1.3375355,1.4774786
-0.19546157,1.0597296,-0.5036212,0.62499094,0.47129014,-0.24584654,0.6580349,-0.29879656
1.0495446,0.38007113,-0.6185243,1.2379485,0.1400691,-0.22848189,-1.01913,-0.040500104
-0.72052914,-0.48023587,0.76083213,0.77363724,0.37995675,0.87041867,-0.554418,0.4247771
0.29719517,1.6299515,-0.6525122,0.48688567,0.24167936,0.36395708,0.60927457,-0.2843793
1.2278404,-0.4681624,0.18555203,-0.008689743,-0.3836411,0.7208675,1.2557067,0.96415377
-0.25784498,0.3511121,0.41677257,0.21917744,-0.9189905,-0.41605532,-0.19364886,0.0033722892
-0.33195403,-0.019423313,-0.27312195,0.5582245,0.11602632,-1.136738,-0.45169628,0.082440615
-0.33644116,0.98815495,0.69800764,0.2684662,-0.7926515,1.8224419,0.7903451,-0.24127504
0.071091115,0.46577266,0.47079024,-0.20822527,-0.20824097,0.39757973,-0.34952223,1.3437309
-0.70365065,-0.40805787,-0.549209,0.50093174,-0.13581656,0.32015193,0.25988114,0.38505635
-0.042853378,-0.28447142,-0.91923994,1.8191681,-0.36568204,0.7975771,0.10197744,0.7227678
0.21064398,-0.15535954,-1.1992998,0.33130082,0.79286885,-0.06058547,-0.77857345,0.4419132
-0.13648766,-0.40577254,0.7347573,0.36779228,0.14631194,-0.40084523,-0.18845816,-0.48614755
1.210794,-0.1581119,-0.14699726,0.36981964,-0.23126757,0.70371056,0.14229588,0.50551313
0.28337774,0.57853264,1.445779,-0.10194895,-0.19724837,-0.60368663,0.031521082,-0.6436226
0.8333045,0.93921095,0.3577192,-1.5782439,-0.51042575,0.74503106,-0.5238915,0.35074237
0.40730932,1.4866738,-0.904408,-0.14481603,-0.96610934,1.10914,-0.20334138,-0.41394758
0.18553975,0.6345742,-0.54425704,0.4085458,-1.6172278,0.095174894,-0.3196603,0.15975964
0.4861171,0.64770883,-0.9737449,-0.19991331,-1.0779119,-0.7484679,-0.22497816,0.33220124
-0.117742844,0.1787673,-0.737458,-0.07969442,-0.06375723,0.036629863,1.6470771,-0.32555395
0.333363,-0.41693228,0.5406767,-0.35750225,1.4307956,-0.03973137,1.5650592,-0.2830417
1.0556082,0.37184554,-1.163989,0.34287447,0.6376314,0.85798234,0.02599204,-0.38150543
0.10692446,-0.028847337,1.1498883,-0.11716016,0.38020402,0.34169415,0.7581251,0.2816449
-0.009790942,-0.25728944,0.1342822,0.27738094,1.0221015,0.21529797,0.32456768,-0.7197501
-0.14393634,1.388057,0.98571897,-0.2743041,0.20129402,-0.07624522,0.3233308,-0.15459505
-0.7072326,0.94942737,-0.44201145,-0.29218894,1.6304698,-0.2669505,-0.031448226,0.40835935
-0.5003421,-0.22143702,-0.55123687,1.1381396,0.6453612,0.41363707,0.15928511,-0.19915605
-0.068729796,-0.43412617,-0.37256557,-0.42917687,0.6689172,-0.057950452,0.38517362,-0.3876549
-0.47093016,-0.49324578,-0.61420226,-0.014162969,0.6870879,-0.33322087,0.6308684,0.21491125
-0.34829316,0.21199498,0.10483117,-0.6632915,0.33613214,0.5604376,-0.9134809,-0.049027525
1.1440142,0.70322144,0.99138105,-0.9496467,0.7471397,0.3805646,-0.61872756,-0.8453662
-0.14247414,0.6240216,-0.45762482,0.015920222,0.12967825,0.61831975,-0.70976347,-0.2621279
0.90553826,0.80832034,-0.9542342,1.033829,-1.0302205,-0.46145973,1.2930921,0.3092818
-0.6251886,0.046348553,-1.0536886,0.51877844,0.4271271,1.1697904,1.032166,-0.96250564
-0.5128293,0.23879382,-0.46675393,1.6926986,0.38806203,-0.6255619,0.1897998,0.7317337
0.09982474,0.49107656,0.18242022,1.009134,-0.51702386,0.11660397,-1.3487346,0.1346044
0.89253885,-0.6075757,1.527935,-0.66547996,-0.65364707,-0.7951269,0.86316544,-0.5776238
0.3374533,-0.05065142,0.0732957,0.15204492,-0.70414454,0.7697523,-0.02325762,-0.25733083
0.5565653,-0.6373641,1.2082545,-0.8162798,-0.07688734,-0.3425064,-0.32272878,0.8209957
1.0009499,0.64539486,0.63605255,-0.62765706,-0.9395955,1.9276893,2.072202,0.0046504363
-0.0097928345,0.53970385,-0.51741344,-0.352446,0.41135406,1.2114655,-1.3879313,0.49588844
0.4594095,-1.252368,1.2118157,-0.28412962,0.37369734,0.56061417,-0.124757335,-0.08972523
0.13927025,-1.2828785,2.7598152,0.041960295,1.9168493,-0.12607932,-0.7856149,-0.20445728
-0.44757468,-0.6056286,-0.37298962,0.57641584,0.2864733,0.7629266,1.8598835,0.4986343
0.3913355,-0.37697887,-0.4810773,0.5314361,0.025158204,-0.4670208,0.64468133,-0.3409702
-0.86756736,0.2560333,-0.19280696,-0.669443,-0.35546604,0.5565171,1.0385418,-0.122544445
-0.55016494,0.25986892,0.8553791,0.31853426,0.1514905,-0.70611507,0.20576543,0.4085687
0.88529176,0.51956356,1.3279734,-0.71775323,1.1973838,0.7100195,0.96540695,-0.26015452
-0.46472573,0.025076725,1.4975559,0.3625492,0.89211774,0.030071551,-0.6167306,-0.08583661
-0.2717774,0.3013091,0.62810755,-0.7026824,0.1768089,-0.13077268,-0.67035955,0.6949245
0.6233643,0.25262335,-0.5218248,0.6093246,-0.63656104,0.9801994,0.8886868,0.86119133
1.5971705,-0.40058756,0.29748964,-1.753477,0.12546453,-0.85311353,0.01698146,1.3264
-0.55568016,0.23541775,0.4055392,1.2252508,-0.06489926,-0.4747142,-0.61722237,0.7993247
-1.1460707,1.4680694,0.61174774,-0.92532235,-0.029874317,0.40220258,0.85761315,0.045483537
0.09393021,-0.42672372,1.2389755,-0.34719416,-0.49872184,-0.04816673,0.6925339,0.40999812
-0.2681351,-0.49822932,-0.41240603,-0.75389534,0.095674776,0.164272,0.6353812,0.4424934
1.4491955,0.6683861,-1.0361471,0.27632797,0.5616048,1.2853417,0.41169882,-0.19064665
-1.2664416,-0.30522084,0.38239184,0.7485663,-0.2559675,0.10312662,1.1144261,-0.14376056
-0.5880264,-0.0069033783,-1.01244,-0.07347329,0.9312285,0.62571996,-0.15652665,0.2877619
0.812926,-0.06704947,-0.22541615,0.61421704,-0.59732896,0.4894674,0.6862066,0.5882671
-0.52942634,-1.4737866,0.17647505,0.94563013,0.10688305,0.6208724,0.21342042,-0.37314078
-0.52621555,0.37213653,0.747643,0.43724945,0.3418015,0.7294412,-0.27774817,-0.12763977
-0.35320193,-1.1248891,1.3594451,1.3485807,-0.6167877,0.5220816,-0.10008992,1.1318479
1.1536885,-0.39811593,0.13816607,1.5710794,0.4050005,0.9446036,1.433446,-0.048550293
-0.27521428,0.0593179,-0.46788734,-0.7058804,0.15100554,0.2890803,0.3357207,0.23366293
-0.058155723,-0.6064008,0.42145836,0.19317982,-0.10265233,1.2716619,1.5970914,0.12839875
0.45520028,0.043476924,-0.66914093,-0.5401315,-0.30749667,0.7839152,-0.2876967,0.7548084
0.37714073,-0.60399765,-0.4856656,0.92020917,1.2821451,-0.3690532,0.19367886,-0.6857373
1.2627608,1.741527,0.2790395,0.18867494,-0.76075387,0.71505535,1.5919296,-0.82581013
2.0403008,1.6113092,-0.23084733,-0.06738311,1.1048427,0.8964352,0.80114996,-0.35711205
-0.26892918,-0.13474579,-1.1986531,0.50044125,-0.010935336,-0.10815106,0.7484163,0.049806155
0.51335067,-0.1976369,0.76658773,-0.657092,0.4856988,0.4660693,0.60193306,-0.06351801
1.2965066,-0.41422805,0.75173026,-0.6614244,1.4498172,1.4045506,2.030225,-0.405446
0.5229121,-0.66074556,0.34279025,0.6336434,-0.47839853,-0.021043988,-0.09976971,-0.72766984
0.07208929,0.5277328,0.612372,0.5945362,1.201114,-2.224153,1.1014979,0.4243183
-0.55719775,-1.4612622,0.6146446,-0.059859846,0.51854146,-0.31383294,0.2730227,1.2991184
0.58516496,0.33199948,0.19611683,-0.033027235,0.83930427,-1.0173407,-0.5759529,0.3999875
0.6592735,-0.7257201,1.5374767,-0.3204794,0.7476778,1.2981607,0.4106935,0.6426977
-1.1670643,0.12697454,-0.0076640863,1.5747043,0.5921015,1.9638991,0.55610067,0.38588813
-1.4737836,-0.11990453,1.2315234,2.2700016,1.675571,0.7827654,0.059574667,0.04508271
-0.49193215,0.7694812,0.07966414,0.4949977,0.2119789,-1.0381377,0.77385527,-0.085069545
-0.07758876,1.1202046,1.3705543,-0.3055114,1.0035688,-0.6643119,0.07004924,0.67323893
0.552543,0.72088784,-1.8142909,0.30552936,-0.3402579,1.1884638,-0.38312113,0.29020265
-0.5814842,2.1222343,-0.8359477,-0.044237014,0.053605482,-0.1384797,-0.5610671,0.08414598
0.104135476,-0.5287402,-0.47290206,-0.30600145,0.2617026,0.875483,1.8601612,0.70205986
-0.67096496,0.26197848,0.7147497,-0.3190992,-0.32577726,-0.3059719,-0.14572778,0.47513944
0.13737407,0.9775645,0.42496938,-1.1576406,1.1795192,-1.1487321,-0.38664737,0.5501568
0.28810066,1.340522,0.28474644,1.774038,0.8277758,0.13810308,1.6132548,-0.50603735
0.51955795,1.0817652,1.4115974,0.48655573,0.32924238,-1.8296969,1.1487038,-1.0652262
-0.5778773,0.09547104,-0.2361573,-0.58610815,-0.3888301,-0.24987656,-0.09550412,-0.039612122
-0.9772631,-0.114817604,1.4190574,-0.20431678,0.13848096,0.7567142,0.044526245,2.0068665
0.16340607,0.8623789,-0.61034524,-0.7032004,-0.5579254,0.19823422,-0.0070736613,0.5619029
-0.20623139,-0.47687206,1.0233692,-0.20100819,0.641895,-1.3089265,-0.20337468,0.59819895
-1.482513,1.4044735,-0.7412885,0.6431646,0.6913072,0.50931466,-0.7604078,-0.54548496
0.056885865,1.3606334,-0.2098329,0.9805038,-0.08818604,-0.12795861,-1.0757796,-0.54290044
-0.38699993,1.04306,1.07597,1.3802853,0.5200759,1.77609,-0.8237689,-0.61477476
-0.36755997,0.7041509,-0.10416023,0.9153875,-0.36486676,-0.13075413,0.21409085,-0.5706317
-0.22459438,-0.17150371,-0.20055163,0.30587384,2.405835,-0.16295098,1.4465666,0.9409022
0.17697808,-0.7150002,0.7922739,-0.67260015,0.26791167,-0.5546486,0.97827256,-0.59055424
0.67875284,0.42079407,0.60693526,-0.8609765,-0.41419002,1.7305999,-0.08367998,-0.051053256
0.22351646,-0.748726,-0.8000013,-0.84929776,0.8381747,0.5456004,0.28620768,0.812045
-0.42839783,-0.26827225,-0.004013976,2.0857477,-0.2546528,1.274806,0.49238557,0.6743906
-0.24401817,-0.43176237,1.041578,0.63225,0.3802608,-0.16315165,-1.1028062,0.7491392
0.5531964,0.3390138,-0.5592094,-0.4808719,0.5855647,1.3718221,-1.2002892,1.2687962
-0.3257572,-0.53699064,0.5184228,-0.4492719,0.3813693,0.22236311,0.31512243,-0.029636279
-0.6475006,0.30517066,0.99438846,1.1655539,0.3486834,-0.3833752,-0.6980834,-0.4290707
0.3873609,-0.34378514,-1.2511503,0.7446171,-0.6469394,-0.9244153,1.4243051,-0.3901882
0.52449965,-0.78076667,-0.09686196,-0.020126443,0.5607162,-1.3135934,0.012001671,0.79403734
0.5462288,0.7175999,-0.025938697,0.6975569,-0.76793987,-0.7311008,-0.7592286,0.42830604
0.8892024,-1.0862546,1.0291905,-0.29517114,1.267422,0.09851537,-1.1986959,-0.06950321
-0.28767705,-0.116411075,0.22521394,0.1640844,0.33007336,0.46865174,-1.4005955,-0.12443892
-0.68971646,0.49157047,0.06406757,-1.0775851,1.2223275,-1.0965447,0.5152744,-0.0011336952
0.6060848,0.82118046,0.4627707,-0.8730628,0.19196132,1.4366007,1.447248,-0.10335175
0.41279754,0.37161422,-0.9432938,-0.6214735,1.6042205,0.6157214,-0.46426815,0.69920164
1.4085809,0.6360065,0.059697673,0.8328415,0.23381114,0.14972246,-0.75605416,-0.8028893
0.32513508,0.09830971,0.6207045,-1.2919145,-0.5451289,-0.08458743,-0.4656958,0.42761004
0.13179493,0.6001695,-1.2263747,0.1762085,-0.18716659,-0.03453823,0.9145922,0.87555623
-0.036792696,1.027031,0.9670736,-1.3666711,0.21196711,0.0059476346,-0.46748504,1.2899389
-0.33583373,1.4434885,-0.22451079,-0.043174434,-0.7499402,0.42643368,0.13172014,0.6225477
-0.89872587,-1.7316074,-0.20815435,-0.19604191,-0.07315709,-0.025240516,0.27249703,1.5920748
-1.3106674,2.052977,-0.8472183,-0.34937114,0.47933713,0.60497063,1.3284022,0.93267506
-0.29519954,-0.8873224,1.176529,0.1344761,0.31514624,-0.048508912,0.48140025,-0.5909978
-0.594443,0.47612292,-0.0647479,-1.048186,0.62038666,-0.50014186,0.1775315,0.4550827
-0.21865371,-0.098735705,-0.70447403,-0.68383723,-0.4871191,-0.015968686,-0.2055001,1.0843986
1.291576,-0.7549237,0.8482573,0.9094927,-1.1268748,-0.17103352,0.90042293,-0.9137157
-1.4657058,2.3137834,1.0194131,-0.036850695,-0.7549023,0.38986522,0.08063775,1.0252628
-0.7338141,0.24370284,0.072466746,-1.063093,-0.6562846,-0.18004508,0.21030985,0.39534676
0.02209904,-0.16805436,-0.10094694,0.12162648,-0.26005673,0.19423668,1.4108545,-0.22378525
-1.0822554,0.34051397,0.049745426,1.2842988,1.1815094,0.12695521,-0.827712,-0.56018376
-1.032722,-0.36720064,-0.6809207,-0.5842845,0.6591293,-0.5230934,1.4864781,-0.91275775
-0.3750481,-0.04253805,0.16691166,-0.7299017,0.25033465,0.40804356,-1.142681,-0.18649083
0.87082326,0.50054336,1.0023252,-1.4523033,1.181957,0.49184665,-0.7712984,0.9258339
0.06770457,0.15221524,-0.44447845,0.3876597,-0.47467107,0.90981704,-0.83436656,-0.090805925
-0.44704068,-0.5515523,0.9874662,0.031451777,-0.855812,0.12152771,0.1244165,-0.068462394
0.014098264,-0.8897675,-0.71994686,-0.9142324,0.014088809,0.63322794,0.6493743,1.1657425
-0.39032236,0.46906787,0.24325812,-0.92071754,-0.30208117,0.44933033,-1.1238116,0.5236909
1.149925,0.6414898,-0.46741682,0.12474039,-0.07334935,-0.27039403,-0.15583049,-0.6734647
-0.1961396,-1.4516789,0.10824189,-0.8189657,0.15495887,0.21068314,0.4772086,0.5179894
-0.3140211,-1.8052791,0.46540457,-0.23402043,0.5387683,0.05900161,0.85819435,0.6780105
0.46380222,-0.33376673,-0.21979669,-0.35692924,-0.03229961,0.5426306,-0.16837192,0.10872821
-0.3846701,0.42753896,0.093466625,0.9174034,-0.9152434,-0.58594584,0.45649603,0.5258702
0.5758713,-0.37523013,0.33958843,0.14675269,0.36116794,0.73136884,0.6015796,-0.32293817
-0.5883417,0.41600344,-0.024815192,0.1438568,0.3841414,-0.92952734,-1.1013314,1.0204135
-0.005077392,-1.1603708,0.5052979,-1.2210176,1.1081071,0.7044761,-0.16003811,0.5589544
0.48960617,-1.0530596,0.57857674,0.76131576,-0.3602124,-0.3973306,0.43029127,0.8686868
-0.030387007,-0.21916337,-0.12921926,-0.22178362,-0.60545164,-0.90756845,0.4973653,0.6851938
-0.8089762,-0.39836147,-0.2955829,0.18581681,0.9646688,0.80670077,1.231644,0.26080498
1.1167796,1.0108083,-0.22123179,-1.3762323,0.067713305,2.3523715,-0.24285199,0.57489455
0.15937163,0.57372135,-0.26474386,0.55223745,0.49136877,0.5337996,-0.6403325,-0.6021801
0.14624314,-0.66098726,0.08281386,-0.58932036,0.6816637,1.5570781,-0.40710723,1.0597259
1.3170508,0.30209795,0.58331007,0.7507223,-0.34986103,0.15745835,-1.3431897,0.9460383
0.43795404,0.5854958,1.7942728,0.8513301,-0.43235233,0.77615803,0.12988101,-0.0918066
0.80413544,-0.2707164,-1.5031661,-0.5188055,1.3092717,0.8392714,-0.36648566,-0.05420456
-0.73030096,1.5400101,0.6470428,0.72330624,0.5672631,-0.11024508,-0.74027926,-0.2167413
1.9258517,0.117217466,0.77293193,2.7783046,1.1679577,0.19573386,-1.0560356,-0.33430004
-0.13325477,-0.9331323,-0.43593276,-0.093609184,0.745653,-0.234577,-0.16579987,0.18318778
0.5473733,-0.025590949,-0.042825606,-0.23713209,-0.89106226,0.81695557,-0.028204601,0.39474508
1.0470341,0.9441218,-1.3091863,-0.40880048,0.63402516,0.18059075,0.65255415,0.7283079
0.29588503,-1.1208192,-0.40137824,0.27246478,0.4898978,-0.68104446,-0.4899742,-0.15161303
0.09532103,-0.97491807,0.39510176,-0.2737185,-0.20184726,-0.6182744,1.0302646,1.4067303
-0.021940805,0.56027603,0.22983664,0.54174066,0.21426019,-0.79446447,-0.19881114,0.7486713
-0.020295262,-0.20796482,1.1195489,0.53543204,-0.12109914,0.027373469,-0.33344358,-0.094065614
-0.09198748,-0.28230935,-0.3977386,-0.8462036,-1.4090263,0.10077012,2.072997,0.80701977
-0.11958835,0.53250265,1.172413,0.43193784,0.42469868,-0.51749027,-0.8853805,1.1604776
0.40761474,0.58370316,-0.8378745,-0.20634468,0.5033342,1.052708,1.4792625,1.0582161
-0.38018477,0.2532722,-0.9106689,1.2091944,0.8951584,-0.48615077,-0.28984064,0.6772736
-0.22669855,0.64582443,1.1704265,0.9108509,-0.29697308,-0.096638985,-0.6309429,1.0193516
0.49632964,-0.099684805,-1.311602,-0.951321,0.6420383,-0.21460412,0.5366233,1.7148862
0.16432229,-0.46322244,-1.6700836,0.4978492,0.24389254,0.058097802,-0.7976667,0.6519182
-1.3303748,0.3731,-0.05250942,0.027993258,0.84765553,0.81002253,-0.8841865,1.1441536
-0.21607754,0.8389665,0.2002582,1.7867439,1.5347306,1.1519414,0.58538777,-0.3894813
0.2582035,0.46579102,0.38796964,-0.9354087,1.4187026,0.9934969,0.69946265,2.5091488
-0.34312996,-1.0114278,1.1412894,1.082444,-0.3537569,-0.16967139,0.7734478,0.34945163
-0.59754205,1.2941031,1.6081846,-0.6626871,-0.2669589,-0.9683505,-0.14980437,0.66322714
0.6101267,-0.34744063,-0.22948441,-1.137615,-0.21899526,0.45917052,-0.17312334,0.3141762
0.10485077,1.1112722,0.31121808,-0.26418933,0.26878938,-0.87437016,0.52983725,-0.97439677
0.35376263,1.5810492,-0.5886883,2.0512,-0.80266464,0.1370046,-0.118836105,0.91615623
-0.1568653,1.4801292,0.006674707,0.7726606,-0.3578482,0.29250982,-0.67142016,-0.4184519
-0.18388662,-0.3826743,0.87204814,0.04564329,0.60811704,-0.28734404,0.9640976,-0.39686593
-0.34389284,0.6523052,-0.635545,0.5782748,1.3098056,0.3687979,-0.8950908,0.35386473
-0.0071967095,0.3185904,-1.1039503,1.6894702,0.10656076,0.8554584,-0.28838643,-0.3320528
0.3468631,-0.1745602,1.4255329,-0.60679114,-0.10049978,0.63498455,0.27454498,-0.18805113
-0.5580485,0.82948285,0.016455308,0.6016054,0.34533083,0.55810404,-1.5938439,0.5664756
-0.5953654,0.7210722,-0.96337414,1.7187283,-0.43784377,0.61641926,1.055,-0.36431772
0.6709152,0.13344996,-0.40314364,1.1252869,0.9746852,-0.96886367,-0.37105912,1.2590951
0.84539634,-0.6317321,0.9304834,-0.4002337,0.73598725,-0.47043374,0.4746182,-0.43535855
-0.11265247,-0.07047744,0.72109115,-0.90990484,-0.6862904,-0.6100388,0.68606555,0.5413824
0.18404773,-0.8085452,0.7929533,-0.9090445,-0.48920956,-1.5094216,1.415051,0.78242373
0.7609835,-0.39283782,0.48654583,-0.74529666,-0.5967178,-0.63225573,0.6436494,1.0842975
-0.108871005,-0.27347854,0.32982522,0.05275788,-0.56041276,-0.40546906,1.4004513,1.1109476
-0.7387683,0.6967386,0.26983422,0.2769062,0.30317694,0.9226305,-1.3136579,0.77764964
0.7997467,1.3964429,-0.60591406,-1.3670229,-0.20819028,-1.3288625,0.51461345,1.2433006
0.042041235,0.61009103,0.5903767,0.7206407,-0.48262706,-0.9468281,1.5677222,-0.5676509
0.4575016,0.2410624,-0.15961516,0.017754957,0.68079376,-0.20504464,1.3029327,-0.99019665
1.2653337,0.5308914,-0.72201633,0.5794542,-0.4304989,-0.3467594,1.9826782,0.23874769
-1.0437499,0.5814225,-0.8457519,-0.28986803,0.92996347,-0.015920551,0.94918925,0.5286734
0.61638325,-0.9329633,1.553456,-1.7392932,0.056692235,0.7104867,-1.3653255,0.3780842
0.5694773,1.1084975,1.1553673,1.0409023,-0.881419,0.13609786,1.0146538,-0.15984416
0.36753732,-0.13402644,-0.23767078,0.20899732,-0.37173098,-0.23034248,0.12650648,1.0664396
0.4682233,1.7033695,-0.6158102,-0.047163058,-1.3764753,-0.918061,-0.6027208,0.599029
0.18230394,-0.50903076,0.8833195,0.7010583,-0.42426205,-1.1066517,1.4930441,0.53744626
0.1311751,0.5827726,0.06123814,0.24442655,-0.053706292,-0.37945056,1.0982982,-0.020453721
0.118071824,-1.462429,1.6702015,-0.87049776,1.2414539,0.32257098,1.5401542,1.4351406
0.050593097,1.0495399,-1.2609614,0.11673917,1.0354552,-0.6486574,-0.3937891,0.37695348
0.13141453,0.34651724,0.53310746,0.8148662,-0.17296787,0.49560878,-1.112086,-0.14184016
-0.8026334,-0.10202952,-0.49360937,-0.33684266,1.3887907,1.0404052,-1.2258456,0.19745839
-0.5456048,-0.20059781,0.08211019,0.8957017,1.1731672,-1.0183074,-0.13017887,0.07500193
1.3271428,0.53841317,0.15148756,0.940894,1.0444678,0.5465835,-0.7571001,-0.027784102
0.16513124,-0.008539394,0.47118276,-0.64509344,-1.1199801,0.4386478,1.0784305,0.504425
0.22619236,-0.6074865,-0.86884475,0.1983941,-0.73292416,0.37633288,1.627007,0.53214717
-0.47500527,1.4985285,0.33174974,0.165259,0.13047393,0.4892287,-0.1335692,-0.90697175
-0.28341338,0.094627514,0.8014022,0.3866456,0.8333602,-0.4803243,0.02427169,0.07108075
-0.7366699,0.5113637,0.5625286,-0.5218494,0.4259027,-0.97978616,0.8591523,0.42232457
0.69038236,0.047665738,-0.11549823,0.13500981,0.2295226,-0.5428173,-0.71934974,-0.09670537
0.45201644,-0.36520144,-0.17176613,-0.29094413,0.12223592,0.3985757,0.78080124,0.32049793
-0.14008313,-0.20530035,0.17444259,0.90727156,0.33248198,-0.6558405,-0.7351497,0.64312905
-0.2795441,-1.1894299,1.0766675,-1.3317126,0.2743638,-0.060273506,-0.6519149,0.7452517
0.939299,0.2992601,2.0777295,-0.8671326,-0.33069438,1.6918634,0.065498784,-0.11875894
-0.28952444,0.08691977,0.21848509,1.9721864,-0.44127604,-0.24534655,0.57247376,-0.80361307
-0.06900474,1.2648042,0.5315824,-0.33927777,0.15809871,-0.08422731,-0.4791411,-0.31836113
-0.0372272,-0.6869318,0.7244225,-0.81908286,0.41177386,-0.2828583,0.6080107,-0.15622097
-0.7123586,0.55286396,0.28361326,0.52182955,-0.02242063,-0.11265576,0.5051429,-0.25208914
0.7155124,-0.48674566,-0.57320106,0.8975241,1.2030197,1.4939958,-0.16216975,1.0693666
-0.34706855,0.31764996,0.7051597,1.1109277,0.21448998,1.0592078,-0.8265674,0.31198248
0.641925,-0.7251465,0.0799936,-1.0011777,-1.0833629,1.1223286,0.7561051,1.1886927
-0.46133077,-0.29435197,0.51493454,0.093566686,-0.49772814,-0.55594283,0.694443,-0.24696204
-0.18501803,1.1142398,0.4291223,1.5689269,-0.32881197,0.975299,-0.9556615,0.202703
-0.8604633,0.94332504,-0.89156467,-0.81072235,0.23241057,0.91692585,-0.8240891,-0.3539741
-0.003299892,-0.19964762,0.55211365,-0.27710325,0.2560696,1.4181625,0.9066518,-0.29193237
1.6152972,0.6092107,0.89481115,-0.9000392,0.54550534,0.5959776,0.41389975,1.8843472
0.16935468,-0.4025658,0.48666844,0.4509735,0.19256084,0.17245297,-0.31931695,-1.2500019
-0.15712517,0.6855695,-0.77066267,0.81389976,-0.4607109,0.5712793,-0.6056939,0.10736479
0.7059445,0.8205639,0.12291641,-0.35263065,-1.2083176,-0.38164625,-0.76616585,1.6941338
1.1538578,-1.0749644,0.23474815,-1.2435521,0.20616004,0.12779236,0.918979,1.0064241
0.7677276,-0.20472597,0.050131597,-0.117066145,-0.37542427,0.56399024,1.0273237,1.3842217
-0.17657763,0.32396868,0.4260303,-0.1532275,-0.58484536,0.11789605,0.62672836,1.0105628
1.608173,-0.11868204,-0.6342518,0.38209814,-0.30392346,0.0558471,0.42530283,0.4199657
-1.4558849,-0.3381529,2.17415,0.23804054,0.56832665,-0.11577529,-0.8398331,2.2310064
-0.32476214,0.19033435,-0.71190304,-0.9902091,0.32014105,0.04721298,-0.17259493,1.5074182
0.10208017,0.1413792,-0.541865,-1.0086912,0.9890448,-0.0693654,0.38978183,0.6665358
1.7032821,0.81317085,0.082466945,0.73607105,-0.021093875,0.0017155465,-1.362957,0.27344602
1.1701128,-0.49826652,-0.14909169,-0.75612915,-0.55710155,1.465985,0.34535012,0.3313733
1.3036587,-0.8399248,0.37110123,0.07217429,0.8043639,-0.61942565,0.80463266,1.1102308
0.6382908,0.389939,-1.1970778,0.23756379,0.30320197,-0.19965251,1.0007194,0.20491534
0.57948625,-0.32151714,0.05085951,-0.72700286,0.7338157,1.2386163,-0.16245277,-0.5891791
1.1885849,0.82417494,-0.6624509,0.024256323,0.23122507,1.3799105,-1.2192163,0.49002144
0.65510815,-0.20181465,0.19958848,1.4212128,-1.0127572,0.5646724,0.9879316,-0.93002784
1.4445091,-0.9419407,0.9593958,-0.7059877,-0.26522094,-0.008758975,0.030386481,0.36106881
1.3630623,0.4561942,0.6093888,1.3967577,-0.6726813,-0.06215363,-0.40255776,-0.61021584
0.42954636,0.1142655,0.017830081,-0.12964636,-0.6443735,1.060073,0.6155278,-0.048187613
0.0056258924,-0.24191488,0.27421033,-0.41626006,0.31539148,-0.31237134,0.19837427,-0.34750542
-0.6892688,0.23329867,-0.2767832,-0.8259245,-0.46076542,-0.13043825,1.6631615,0.9209348
-0.14629757,-0.25924578,-0.36239374,1.283993,-0.11345381,-0.9402756,0.98171926,-0.4068485
0.28578568,-0.07447104,-0.17452255,-0.49894044,-0.5342237,0.1635595,0.04393627,0.63147724
0.30229726,0.5975267,1.4282377,1.5212655,0.8548475,0.017861018,0.07480006,-0.39053607
-0.30338588,-0.29036197,0.18675956,-0.21412267,0.083820365,-0.58613014,0.37215436,0.19087231
-0.2374039,0.0355355,-0.4762286,1.6682104,-0.42960986,0.9671643,1.2311968,1.1362278
0.39411414,-0.79645866,1.144605,-0.9559183,2.144463,-0.41054514,0.25206742,0.36839217
2.0795138,-0.63987756,0.9360993,-0.13966587,-1.5683125,0.46702993,1.9566474,-0.16527784
-0.36650807,-0.39641234,0.023010422,-0.41633326,0.74162513,1.0343996,0.6621938,1.3373399
0.27724177,-0.38440394,0.11883182,2.3966868,-0.82270885,0.5658439,1.4878781,-0.34209323
2.5270748,2.0557153,-0.653334,-0.17220604,-0.64201355,0.038196377,1.0286263,0.60449475
-0.3403201,-0.40963182,-0.8628042,2.4560778,2.0060499,0.22856885,-0.5426058,0.02445278
-0.44758946,-0.1799222,0.42025834,1.6499257,0.384272,-0.5350636,1.0218275,0.43041477
1.8935096,0.3112246,1.2639788,0.53036034,1.5613071,1.8095963,0.5955583,-0.40572876
0.68974215,-0.21795233,0.65346694,1.6171196,-1.181917,0.459988,0.7536205,0.32631016
0.07158296,-0.3089697,0.12882814,0.45223534,1.0093464,-0.994141,1.0201997,0.13201022
0.060536418,-1.2847594,-0.15053478,-0.005574316,-0.92697847,0.59153914,1.1226424,0.71294427
0.27943197,1.0562814,1.093079,0.95380306,1.7400392,0.39532527,-0.3041881,-0.9913637
1.2201176,1.2453349,-0.52202314,-0.98037577,0.23719929,-0.1272558,1.5967579,1.0089617
1.9502786,0.4157799,0.04265196,0.15312104,0.3280755,0.8896655,0.23530082,-0.52406955
-0.42551735,-0.5062403,0.11026903,-1.0614116,1.4600805,-1.0634078,0.543581,0.68200135
-0.7093355,-0.1293421,0.24564692,-0.3522871,-0.9617526,0.9695974,1.0458373,0.9783728
-0.2718142,-0.6266206,0.29169726,1.3661778,-0.88165224,-0.67991954,0.5031174,0.42972973
-0.8398591,0.1477941,0.5689579,0.03343717,-0.59850377,0.03989389,0.11846508,0.14183968
0.11045627,0.7046272,1.2627327,-0.8035163,-1.2578363,0.19629274,-1.2767602,0.39178967
0.016342599,-0.9272543,1.7978437,-0.13745822,-0.360891,0.99234194,0.09646496,1.5471805
0.4548803,-0.22727063,-0.27282903,0.68372923,0.96306056,-1.1072627,0.8984488,1.1863853
0.1541752,0.14135018,0.29061797,-0.8723362,0.9536386,0.56742954,-0.16936249,-0.00680013
0.2459243,-0.87015116,-0.2926755,0.39696056,2.3294592,0.4119564,1.1916507,2.1026654
0.74722457,0.5810747,0.6452439,0.89069384,-1.4140439,-0.22766003,0.5762565,0.66333264
1.2518455,0.3690058,-0.5431984,1.0592731,-0.31928012,-0.25987452,0.06098016,0.54615504
-0.49775463,0.1714746,-1.1736213,1.4951129,0.28526026,-0.12230793,-0.03637454,0.86989605
-1.1653833,-0.68856734,1.2991273,-0.30795008,1.0405277,0.7111828,-0.4582665,-0.02755151
0.011200402,0.6073069,-1.0353342,1.2084883,0.07180278,-0.7047955,0.25143483,1.1836196
-1.0215777,-0.1988037,-0.50792974,-0.9842582,0.41276392,0.18996401,-0.12449637,0.11381135
0.13690618,-0.2513237,-0.55704486,-0.8894106,0.90112555,0.9246445,-1.0644765,-0.19301006
1.0079659,0.8778072,0.21535367,-0.18166338,-0.6822824,0.6249094,-0.7306109,0.077095166
0.036989972,-0.4347872,0.45716932,-0.5097229,0.4396095,-0.8665899,0.88414794,2.0292177
0.3259314,-0.6730083,-0.42673773,0.104916565,1.259921,-0.44505483,2.2520058,1.8684099
0.38160315,0.85247487,-0.17213187,-0.6522842,1.947575,-0.27416205,-0.088851176,-0.6171021
0.65092397,-1.5206256,-1.0028611,1.4234837,-0.75130796,0.5180436,-0.14367582,0.56440836
-0.39549738,0.017952781,-0.5264043,1.1878991,-0.25591922,-0.52480835,1.017597,0.37197587
2.0525942,0.6483051,0.6033843,1.1341144,0.24733324,0.42616087,0.059332255,-0.8301958
0.18111297,-1.138437,0.49812505,-0.9529486,0.3631428,1.2793305,1.6091577,-0.4384381
0.6429659,-0.39142364,0.4359393,0.31155312,-1.0575331,-0.54262537,-0.32421404,1.6855776
0.96935797,0.9609002,-0.21620971,0.92081904,0.9533282,1.4628743,0.19693959,-0.18168148
-0.22061464,-0.017187878,0.10582671,0.27560344,0.9221895,-0.97476983,-0.047533467,-0.1295948
0.6286418,-0.46658748,-0.51926506,-0.41677704,0.10312321,-0.45065966,-0.10621105,1.4667356
0.41506055,-0.5377809,-0.019599732,-0.2652825,0.71214485,-0.8134982,0.5007593,-0.24850634
-0.13794625,-0.7048572,-0.89048773,1.0817943,0.5126008,-0.38684136,1.8408173,1.8933603
-0.045351274,-0.70935786,-1.0902113,-0.0341083,0.09189846,0.28262767,0.28832453,0.039014652
1.5765378,0.38729802,-0.19875407,0.909753,-1.2936136,0.81246036,-0.2665395,0.20809153
0.438118,1.0169967,0.80783665,0.6662796,-0.63846874,0.21172138,0.47381735,-0.8502203
-0.8824322,-0.2642099,0.6021605,0.27765766,0.13000287,-0.54982895,-0.09522143,-0.49387208
0.40793175,0.4372736,1.3975778,-0.316193,-0.050324183,0.15791492,-0.025952335,0.019059658
-0.14489219,-0.16991295,-0.24191251,-0.7327845,1.5092553,-1.2959139,-0.8128247,0.9599063
0.7386581,0.06506129,0.27215558,1.0588864,0.47404075,0.7705324,-0.02161751,-0.022967875
-0.1794407,0.47802937,0.69749635,-0.0150082,0.04129811,-0.4355256,0.6851297,-0.3603478
-0.95647776,0.09882933,-0.28953955,0.09776735,0.63351035,1.7460238,1.0274303,-0.33408326
1.8855939,-0.24144919,0.07002972,-0.9683031,-1.4478985,-0.051425442,1.0526943,0.7798176
1.5051771,-0.80156773,0.031297356,0.024160348,0.43092868,0.60843337,0.5890785,0.77467805
-0.14678204,-0.27882192,0.21963188,-1.0465008,1.4926198,0.78135806,-0.9113872,0.7969987
0.054619193,-0.535435,0.964399,0.009764556,1.0113581,-0.8062339,0.35813722,0.05401926
-0.18597141,0.06931209,0.07621014,0.60414016,-0.1378566,-0.42244557,0.09907426,-0.010368347
1.0182841,1.2708392,1.0492826,0.13267867,-0.36517438,1.6621344,0.48566747,-0.15792122
0.5074012,-0.15644321,-1.1302072,-0.35615513,1.2332294,-0.007734673,-0.0983329,0.17464393
0.6746707,0.30147958,-0.4429431,0.0052463748,-0.7408914,1.6027704,0.5258291,0.03651604
-0.6675292,0.21194535,1.5377216,0.3534487,-1.462093,1.1155154,0.6874927,0.13232891
-0.55991954,0.38079008,0.532929,1.0487341,-0.7345603,-0.64757293,1.3869348,-0.2068694
-0.310015,0.3709312,0.6423926,-0.42443746,0.4718396,-0.040709436,-0.08778796,0.9247126
0.3925653,0.50065756,-1.1371883,1.1603523,-0.15025795,0.24144638,0.54730326,-0.1987885
0.71270835,-0.12400323,1.6745428,0.14680837,0.25387797,0.5107771,-1.0511432,-0.025728725
0.7149783,0.24907868,-0.6841187,-0.05073447,-0.74988484,0.35605717,-0.27133703,0.8750944
1.0768944,-0.80827755,1.3918985,0.3619766,-0.4165044,0.0842802,0.23238589,-0.69331133
-0.4935165,-0.7114112,-0.71782964,0.6568637,0.53751343,-0.04514263,0.4828226,1.8897113
1.3845437,0.8701488,-0.08828462,0.8119737,1.152657,1.7838714,-0.8134428,0.9285813
-0.9646324,0.74352264,-0.46440881,1.8198655,1.5259469,1.6380184,1.162649,0.9048807
-0.41966057,-0.6587617,2.5252519,0.4277809,0.5736122,0.31611627,-0.16715279,1.0618042
0.17845339,-0.16866733,-0.33897907,0.5688798,0.53644574,0.80082566,-0.16755572,0.32758716
0.7054393,-0.92806673,1.1701466,0.5586182,-0.27914965,0.5012583,0.2708722,0.93048865
0.16634172,-0.0075026173,-1.1860478,-0.6102497,-0.2370001,-0.47347987,1.0853883,0.39464286
1.3928456,1.2611324,-0.29201698,-0.42520356,0.05028673,-0.45843953,-0.2379263,1.5262929
1.6061505,-1.6903526,0.88468,-0.48132977,0.71723604,0.08748642,0.6341861,0.6932099
0.5618798,0.09611316,-0.3695482,-0.48754713,1.3597736,-0.42665613,-0.550732,0.36352566
-0.35206679,1.0687683,0.22472692,-0.42951488,-0.32892656,0.09747705,-0.68393886,0.89876777
-0.4318632,-1.1584007,0.40516442,-0.73613954,0.97331196,0.7159119,0.61172503,0.7393732
-1.3137605,0.5658858,-0.9402498,1.3373014,-0.65124327,1.9120529,-0.62469894,0.90152943
-0.4930874,1.8194225,0.11274441,-0.3557705,0.40932444,1.2924057,-0.2200794,-0.046150133
-1.136569,0.46350837,-0.14949837,0.44593614,0.52830535,0.37171513,0.18612802,-1.2687435
0.1468298,0.43723527,0.2669008,-0.55225056,0.15575998,-0.018582476,-0.61874497,0.27587816
0.50487936,1.6704324,1.8048728,-0.3521361,0.4862375,0.37361106,0.20824672,1.4029318
1.0613706,0.31036785,0.46704212,0.20417376,0.22211187,-0.0052609053,-1.5235796,0.7300493
1.3632901,-0.4016249,1.617955,0.2850498,0.31380272,0.25390837,1.8270905,0.113252014
0.47741365,1.4135488,-0.43943682,0.5835773,0.19215064,-0.35047752,0.679196,-0.35983977
-0.7100886,0.90422064,0.09174495,0.9890574,1.4477937,0.794916,-0.5946689,1.2075437
1.1295778,1.1615833,0.5662477,-1.2493448,0.6417968,-0.34234408,-1.2221131,0.2532992
0.30048382,-0.35168263,1.1646895,-0.16630782,-1.1238054,0.117509134,-0.68242836,0.40249875
0.3436741,-0.14101374,0.48754236,0.49349037,-0.8627223,-0.43034986,-0.0129504595,0.22495577
2.2200341,1.1539997,-0.094791844,1.1858306,-0.22619067,0.6754972,0.19640452,-0.05898284
0.16814046,-0.83637226,-0.93395644,-0.98648405,-0.12706932,0.77838343,0.5372992,0.89276433
-0.5335598,0.6857723,0.07931783,-0.4107604,0.08132577,0.5352261,-0.35097274,0.5434901
-0.6129889,-0.19647907,-0.59654236,1.4582053,-0.70933723,-0.09695225,-0.03590504,0.47187608
1.5312753,-0.45840013,1.5980017,-0.8767807,-0.44353303,0.54045546,1.309685,1.7795988
0.036845304,2.4149513,0.27093565,1.459536,-0.85995233,1.2740239,-0.5172318,-0.14671648
-0.30250323,-0.66788757,-1.1588006,0.4183115,0.14055985,0.4469336,0.30383497,0.7361178
-0.80959386,1.6280617,0.41182092,0.7408187,0.07367736,0.4586161,0.27731445,0.3780602
0.07504109,2.2697346,-0.76029223,-0.44151238,0.05189384,0.035624646,0.65736556,0.52010566
0.7776134,0.0035568085,-0.57735986,-0.34646654,-0.41134804,1.2172997,-0.55614483,0.6343136
-0.15140077,1.2019074,0.32129243,3.0,-0.5926225,0.5204124,-1.1632771,1.2444627
0.31694642,0.2866157,-0.21062306,-0.74569196,0.27772093,0.7248616,-0.4086273,0.19547471
-0.1710737,0.0039687213,1.3083314,1.1134921,-0.17094381,-0.55316424,-1.8432018,0.38025403
-0.077344455,-0.049348626,-0.22226173,-0.45177552,0.08704464,-0.28808957,0.3420631,-0.46487257
2.0830345,-0.31163624,-0.048352845,-1.0572932,0.73973995,-0.72627234,-0.22307806,0.7281135
0.8221872,-0.8122571,0.16754022,-0.0056525506,-0.3755355,-0.07895957,-0.8645326,1.0553117
0.6999008,-1.1539717,-0.057124175,1.2002448,1.2131433,-0.103474185,0.4953311,0.947711
0.74055654,0.3050095,0.13195825,-1.1010741,0.47921687,0.39743948,-0.1723936,-0.26469013
-0.43992484,-0.39409956,1.211303,0.04754408,-0.07003926,0.5774463,0.429521,0.73987895
-0.5305567,0.10894035,0.08018169,-0.06040593,0.32725978,-0.13779737,-1.4624666,0.7450076
0.414755,0.140614,-0.7954291,0.48391068,1.0014818,-0.064480476,-1.0300328,-0.45679978
-0.46138072,-0.32244608,0.32024518,0.68300456,1.6240709,-0.9877429,0.30025518,0.6513799
-0.32835746,-0.30050328,-0.7307375,0.3446828,0.4694733,-0.31931296,2.0673506,-0.031421453
0.44942263,0.069575615,-0.22498024,-0.38957646,0.18976839,0.8578049,0.7581719,-0.11656425
-0.35742354,0.008702638,-0.5928331,-0.2454973,0.059435777,-0.035663657,-0.58560574,0.89764214
0.59835887,-0.08495277,0.081916064,-0.13924061,1.0252154,-0.6698598,1.2798634,-0.03350196
-0.7312355,0.63383543,-1.0094067,0.037920907,0.3410625,0.681251,0.00593473,0.38147032
-0.1306893,-0.8797853,-0.38406828,0.3648286,-0.12368962,-0.116585776,0.59712064,0.27382985
-0.30915314,-0.31123722,-0.0997376,0.89189285,1.0661924,0.6142845,0.73758787,-0.337498
0.5814638,1.2191837,-0.61765504,0.7149159,-1.4247152,-0.3595205,0.48478538,0.7998213
0.11167013,-0.42544663,-0.18286395,0.2804509,0.23283523,-0.36219093,-0.23671618,-0.30528963
0.5106507,-0.14001143,1.3658623,-0.66635424,1.8524106,-0.7294131,-0.4333168,-0.165158
0.6785724,-0.77480346,-0.16562232,-1.2548052,0.6829725,0.5290999,-0.18702027,1.5986937
0.06741878,-2.0395794,1.0134618,0.43070126,-0.044444732,0.061956905,0.6868479,0.29392076
1.4541528,-0.6076183,-0.6242437,-0.0035580918,0.33539218,-0.47364894,1.4806883,-0.052034155
0.057004616,-0.025278285,0.87245315,0.71223354,1.3771722,0.43542144,0.34784964,-0.57942706
0.7369095,-1.3508942,0.39484262,-0.1841325,0.30316937,-0.61253995,-0.5828629,0.46901754
0.61271214,-0.325363,0.5560664,-0.41490793,-0.3020386,-0.42559698,-1.024851,1.2048674
0.68622446,-0.58818746,-0.0250019,1.362067,-0.019923706,0.7793338,-0.5459517,1.0647421
-0.63523,-0.75286037,-0.89116675,-0.5280667,-0.12815139,0.4943598,1.1939324,0.53387916
0.01606543,0.0025690012,-0.020223323,-1.3567693,0.5684309,1.2476478,-0.33926612,0.88241166
-1.2764874,0.08441137,0.4788849,0.60284543,-0.033303104,-0.72228754,1.1046077,0.6300606
-0.16448992,-1.0120322,1.2223057,-0.093635514,0.12594503,0.33401942,-0.5698539,0.33997843
0.5127855,0.74087906,0.59167284,0.65456265,0.53258204,1.0267011,-0.13118161,1.6907799
1.5169336,-0.41265085,0.0155885555,-0.33451012,1.327217,0.071801156,0.2161011,-0.28659168
0.13514256,0.0744449,0.080174804,1.3301201,0.12765962,-0.5647534,-0.08821222,-1.0876025
1.6188072,1.3795469,-0.19996065,-0.4649054,-0.6969572,0.63922065,0.52523,0.93646604
-0.70664686,1.055023,0.6113584,-0.5596381,0.13013726,0.4667813,-0.11670935,-0.6340627
0.44563305,0.23131374,0.2663652,0.39268377,-0.9926615,0.55259115,0.8813895,1.207638
-1.3666327,1.4104456,0.6087039,1.848797,0.26675916,2.1133258,1.0870243,1.0609562
0.06372875,-0.77842826,0.7749121,0.21833144,1.3539228,0.015692133,-1.2046725,-0.76912254
-1.4774405,0.614669,1.5085028,0.7516732,0.30788416,1.2500507,1.7436395,0.5201201
0.40865132,-0.36068928,-0.1539388,-0.287781,0.7414126,-0.51474345,-0.1717045,0.95043194
0.029468544,-0.026923478,1.0465206,0.43791646,0.6938731,-1.1796608,-0.8922646,-0.25912187
-0.33690318,-0.6476353,0.018469457,0.45611683,0.617408,-0.71408844,-0.40999308,0.457592
-0.11806468,0.26155373,0.347113,0.19813478,0.39806604,-0.31538406,0.35911915,-0.10859125
-0.5511681,0.6554448,0.8880743,0.8216244,0.0007590037,1.1904233,0.31748188,-0.00056894124
-0.563614,1.6292235,-0.29567617,0.18859488,0.0724547,0.49463204,0.1509417,-0.010921128
1.7194628,1.2973485,-1.0914042,-0.24426998,0.88524,0.7530078,0.20528574,-0.6454259
0.7452677,-0.66458297,0.68314934,-1.1865613,0.38092187,-0.63307464,-0.016296145,0.40632892
-0.30917367,1.3881346,0.4700201,-0.12940857,-0.4701194,0.41023484,-1.2470975,0.825637
1.297499,-0.112721846,0.75978255,1.1742859,-0.8972429,-0.23533323,0.74701333,0.63482815
-0.16453978,-1.3038323,-0.19438678,1.5742722,-1.014911,-0.4689368,0.44970834,0.31638485
-0.8498231,-0.23800509,0.6458187,-0.46199474,0.15264367,-0.21544968,-0.68662864,0.2487714
0.15161352,0.3730434,0.26135483,-1.1266998,0.4984588,0.32915086,-0.22303379,-0.9584972
-0.19949472,0.4840203,-0.7833326,0.6523739,1.3221556,-1.4283689,0.5139097,1.6125107
-0.9728881,0.046068907,0.33553752,-0.4690121,0.36690775,0.88999736,0.6032228,0.7975249
-0.32727805,0.181514,-0.59630054,0.13144316,0.69946307,-0.733298,0.36203778,1.0290761
1.7171215,-0.46160957,-0.6481338,1.0144763,0.8850317,1.227723,0.2753768,0.15992397
-0.30735305,1.4209986,-0.64210916,0.6655456,-0.3897217,0.066028096,1.5641456,0.19850412
0.36210868,-1.4263892,-0.7312726,0.8582363,0.037258904,1.7256491,0.39387378,-0.15692335
0.89488655,0.9866137,-0.82448626,-0.41613925,0.65088195,-0.9049504,-0.6075326,0.6773151
0.6367938,0.07968786,0.78680027,-0.33384243,-0.6830503,-0.088229954,0.3794326,0.2220403
0.71012783,-1.7779212,-0.42872107,0.07598023,-0.39198995,1.1953703,0.3935605,1.0714325
-0.674509,-0.14397658,0.75615704,1.8964566,-0.4836095,0.7342664,0.0116204135,1.4317876
1.1410301,0.75218904,-0.6659027,-0.08648686,-0.80739003,-0.19697526,0.113352835,0.4274951
-1.6221184,-0.5674152,1.2172464,0.086614415,-0.0011129379,0.26966846,0.99109685,0.47617915
1.0465302,-0.80412525,-0.52853626,1.0763164,0.6008884,-0.6957021,2.540407,-0.5082072
-0.6015826,0.1391956,1.1689087,-0.35565197,0.85865235,0.052982125,-0.73303425,-0.06770601
-0.47113955,-1.2034018,-1.4840833,0.65047455,2.6641748,0.2669715,0.046662863,0.9784002
1.8783169,0.07081224,1.1045413,-0.91564214,0.7486811,0.027659472,-0.765486,0.8326203
-0.35535228,-0.27525303,-0.46976867,0.548059,0.82201505,-0.72209245,-0.16015154,-0.49500456
0.18177488,-0.6448599,0.27111515,-0.11382255,0.11538812,0.43568847,0.37606835,0.521932
1.6525426,-0.4697383,-0.038660683,-0.34416962,0.050137058,0.7606233,0.40912095,-0.20638338
-1.0184346,-0.37518102,-0.2715521,0.70063287,0.25178578,-0.40523314,0.021250624,0.72929424
-1.8957076,1.6696665,1.4691067,-0.35561985,-0.86209536,2.0926967,1.019712,0.595311
0.60935634,0.44395307,-0.41080737,0.6947202,-0.33214962,-0.1992249,-0.8014818,0.116490304
-0.5722372,-0.23753093,0.058821596,-1.0729556,0.12156349,-0.19749647,-0.54454195,1.4768286
1.1869603,1.2319118,0.37943566,0.012177862,-0.37443024,-0.863523,-0.5428538,0.30704913
0.24866608,-0.46573547,0.6732809,-0.26974782,-0.08435684,-0.2578468,-0.40553468,0.48981416
0.49015653,0.0010368843,0.78328097,-1.0802342,0.15364121,1.0977328,0.03686611,0.27953833
-0.6177392,-0.054618735,-0.31332752,-0.48268518,-0.99455214,0.7645053,-0.026107956,0.1796161
-0.569317,0.3728476,-0.11777191,1.2434754,-0.13799359,0.995436,0.45721948,-1.2654375
0.4254834,-1.0442072,1.7162727,0.40887064,1.3051288,-0.31824467,0.7734167,-0.7652865
0.13142914,-0.030954152,-0.6508773,-0.49560216,-0.43230423,-0.041979328,0.5410794,0.51236093
0.74653304,-0.51323485,0.520749,-0.9683683,-1.0237352,1.8051124,-0.525814,0.020086773
0.2269626,1.2934898,1.7436178,-0.34015006,0.37295365,0.2788261,-0.9549143,0.28428814
-0.6910889,-1.1957484,0.7485244,-0.14547653,0.7458416,-0.07134845,-0.02237172,0.4444249
-0.8532158,0.45754626,0.43743736,0.8764917,-0.27415848,-0.91252136,-0.31264615,0.14916727
-0.67592126,-0.08249353,0.26243955,-1.0486643,0.66402066,-0.4458046,-0.22836581,-0.08001145
0.7062529,2.2206712,0.9201335,0.9584954,0.7130974,-0.6622346,-0.08565549,1.3443096
0.84300786,-0.39370522,-0.4334201,-0.37291923,0.02664015,0.51240724,-0.3278816,1.0667641
1.076997,0.5205889,-0.6611946,-0.5756946,-0.0867046,-0.14634703,-0.4116486,0.19950512
1.0130016,-0.86437,-0.6976159,0.37163,0.8246553,0.15459694,-0.59493566,0.30041954
0.4023614,0.26909178,0.793808,-0.5791437,0.37963352,0.7709067,-1.420214,-0.005896248
1.0756583,0.55135244,-0.7176105,-0.018873561,-0.23165318,0.2022508,-0.75135154,1.2918599
0.6983343,-0.12974125,-0.08439098,0.31785163,-0.3871074,-0.21771678,0.17505197,-0.55112624
-0.28720608,-0.8521624,1.6259218,0.15417075,0.056313246,0.36374128,-0.877012,1.0751275
0.75610274,-0.89089113,1.5859693,0.8222621,-0.89664763,-0.44173846,1.1884995,-0.5862719
-0.58153117,0.33892173,-0.48836547,-0.048028853,0.63464314,-0.4140068,-0.27535284,-0.57134044
0.6967738,-0.34114993,-0.017645823,0.9053392,0.70632046,-0.2161294,2.7719586,-0.7711447
-0.21895951,-0.5687608,1.6363679,1.0584246,0.68237656,-0.35276037,-0.07511419,1.4707811
0.1147527,-0.11670108,-0.5653529,0.16845563,-0.32460582,-0.7793855,-0.20200287,0.6554334
-0.30485237,-0.15528421,1.8587078,-0.25331476,0.6186217,-0.51711965,0.54275864,0.12032959
0.9565265,1.5093597,0.5286642,1.976022,0.43951163,1.5699552,-0.09636569,-0.1810846
-0.33213788,-0.2761113,-0.7740537,0.85207474,0.80098337,1.1431056,-0.6834243,1.1962739
-0.18006116,0.5938702,-0.21968448,0.42675373,1.0414411,-0.74902105,0.45737848,-1.3844694
-0.655371,-0.6310562,0.2274861,-0.7996484,1.5244548,0.10843141,0.21930264,0.56351906
-0.7184504,-0.3590671,-0.27319312,-0.09676483,-1.2364206,-0.36034164,1.4410673,0.87138206
0.991828,0.9498815,1.4746681,0.5923777,1.3980582,-0.82643145,0.87738985,-0.064795546
0.55268675,-1.0676892,-0.46872255,-0.7560671,1.6683246,-0.59288526,2.2853796,1.3439674
-0.5616381,-0.6885837,2.241472,0.72013354,-0.52248687,0.22145177,0.7977319,1.0349333
-0.6090202,1.0379071,-0.004808748,-0.4789565,-0.15203634,-0.2042868,-0.3522665,0.32326844
0.69998306,-1.1734459,0.9126366,-0.6353044,0.6873306,-1.2756274,0.21887423,0.045405883
0.72789115,-0.34957764,-0.6229019,-0.510354,-0.18567903,0.02858178,-0.040171612,0.031860273
-0.33871633,1.5320561,-1.0738735,0.9366744,-0.3855481,0.10876693,-0.15610269,0.27318615
1.1010567,0.8889189,-0.10273765,-1.7990266,0.83256173,-0.16501102,0.12986076,0.6522913
-0.0170011,0.34212956,0.70486397,-0.5430102,0.54446936,1.2412728,-0.4709677,-0.08198922
0.9193377,-0.6470968,-0.7164624,0.95528835,0.44222638,0.51085585,1.8712283,-0.196394
0.49880856,1.2279583,-1.3748217,-1.4294084,-0.32199216,0.35008788,0.92912674,0.036007814
1.3795701,0.095365316,1.1327294,-1.6894623,-0.6782921,0.40502787,-0.0155742755,0.7169106
0.14979343,1.0389338,-0.4681996,2.0383496,0.50182253,0.3359604,0.103979975,-0.23247766
1.0298373,-0.57254034,0.41096026,1.2707903,-0.41127768,0.108087145,-0.51711303,0.36090344
-0.17556807,0.7252299,-0.4618995,0.53161377,0.59855235,-1.0822669,-0.4574348,0.56529343
1.5391859,0.9384003,-0.48771173,0.7741286,0.3039775,0.259794,-0.8997208,0.76156646
0.41358182,0.062070794,0.2876897,0.32381135,1.0915134,-1.2998457,-0.18896618,0.2926584
-0.7942574,0.2844777,0.36817002,0.19850211,-0.06921867,-0.21309544,-0.40659416,-0.4228208
-1.3953712,1.3003417,0.6934413,-0.23162378,1.2066084,0.80322593,0.3399894,-0.8042296
-0.41198248,0.19752203,1.1020106,0.35080218,-0.6030814,-0.0402651,-0.11247717,0.42544094
-0.11500079,1.4550595,-0.73979807,-1.1421452,0.0033725565,-0.5086437,-0.44779336,0.9605502
0.16352102,0.12559637,0.147582,-0.74520427,0.67260104,-1.4026346,0.24927129,1.9784185
-0.47307026,-0.5790862,-1.6421382,1.4627326,1.6599255,1.7683649,-0.56404656,-0.78313893
-0.6819105,0.52778405,0.08681445,1.6322404,-0.24549739,1.0114172,1.1497177,0.59319997
1.2512851,0.83523744,0.5307142,0.008311074,0.67975336,-0.11361036,1.4864831,-0.20526755
0.584939,0.63923115,-0.33018568,-0.6136579,-1.3270493,0.10989482,1.0404643,1.2996022
0.08452111,0.59131163,1.1356596,-0.09699485,0.90740305,-0.573614,0.07773577,-0.48706886
-1.2225586,0.354609,0.907828,0.9852673,2.8421535,-0.12870464,-1.2076896,0.8021316
-0.9459958,-0.23228662,-0.41210738,0.08894263,0.49954104,-0.9559704,-0.2035115,0.16668706
0.8411381,0.6604964,-0.39032966,1.9086715,0.92254937,-0.45435923,-0.53480524,-0.58482146
0.021128856,-0.96357703,1.2113045,-0.1528619,0.37889463,2.0844862,0.20628855,1.70121
0.044362247,-0.386114,-0.58084893,1.3570561,-0.19836879,0.023390254,1.2010734,-0.6607576
0.26518404,0.56595325,-0.54163754,0.19990648,-0.7544093,-1.3779298,1.5007509,1.6303883
-0.46638948,0.06853609,-0.23795682,0.45665464,-0.57877797,1.0177144,-0.002176607,-0.23416033
-0.6341168,0.97794527,-0.6614697,-0.66808665,0.4781564,0.123105206,-0.5962371,-0.3169464
-0.9116044,0.52025443,-0.7095406,-0.40771377,0.62802166,-0.8646314,0.59285766,-1.0102719
-0.6944041,0.02785882,0.090423614,0.026882822,0.05599092,-0.061126605,-0.6222689,0.17818473
0.23657387,-1.2523308,1.3953167,-0.63053584,1.7287983,-0.17949869,0.8435576,2.5278811
0.0018309467,1.6004995,1.407044,0.4122297,0.9558671,-0.40780064,0.0014692135,-0.27353922
-0.20380008,0.5272148,0.9809737,-0.06499265,0.2830514,-0.5894142,-0.05371339,0.9154121
0.7719958,1.806123,1.3939639,0.9381393,-0.4987486,-0.807525,1.0264615,1.0527775
0.7082389,0.18890348,0.4741987,0.61937046,0.76376224,0.92544883,-0.19943686,0.51610154
-0.6059692,0.54854065,0.5826121,0.0376035,0.9198952,-0.097402416,-0.7978115,-0.33820358
0.29966968,-1.4001989,1.7813704,-0.50966597,0.5845878,0.69502705,0.5348657,0.8260309
1.2486986,0.12150709,-0.83209527,0.16943093,0.56080395,0.02485396,-1.1550158,0.91108465
0.4746789,-0.09923835,-0.42481062,-0.16470316,1.4347312,0.17761329,0.012831487,0.2203444
-0.43202233,-0.3402647,-0.6182694,-0.31521887,0.89455795,-0.23820955,-0.15929821,0.15781772
0.8519692,-0.08556703,0.93240595,1.1827734,1.658292,0.28269467,-0.33985773,-0.0053695887
0.19711182,0.50986105,0.40980977,-0.9763392,1.4231559,0.3841275,-1.190008,0.28450406
0.62226623,-0.31642315,0.34463757,1.3661175,-0.33213332,-0.9224362,1.2170587,1.3741199
0.23089534,-0.10321227,0.43043935,0.25408524,0.47760853,-1.3630757,0.8392884,-1.2158979
-0.364718,-0.14804876,1.3156084,0.4022759,0.71408105,0.49170488,1.4522325,1.2236465
-0.8033236,-0.077500746,0.62992364,1.1752555,0.15541753,1.410779,0.31111538,-0.31224245
1.255253,1.6564233,0.8334027,-0.2318063,-0.9377262,-0.42826322,0.50890505,-0.32975885
0.21583164,-0.48576415,1.7318043,0.3253987,0.5574999,0.11663595,-0.15422957,-0.35294002
1.2267842,0.6197252,1.7215073,-0.5737365,-0.8749323,-0.41321453,1.7304636,-0.32602623
-0.29046836,1.4248838,-1.1126577,1.502822,-0.26494417,-0.17155305,1.391349,-0.16397321
-1.1700363,0.72126955,1.9791853,-0.5510866,0.023399282,0.15771927,-1.1385375,1.2082239
0.22551501,0.7290944,0.8396909,-1.1242944,0.37976474,-0.44143963,0.49501437,-0.82999915
0.73563886,-0.52734005,0.4994537,0.2856533,-0.8430073,0.7938183,-0.7735147,1.4064146
0.85209316,0.22544408,0.092529416,-0.2994537,-0.2375145,0.67162913,-0.8015729,0.18185747
0.15966022,-0.69744116,0.08416291,-0.9917674,0.16228458,-0.22722873,0.626461,0.78514564
-0.5189305,-0.12452936,0.41871676,1.1066873,0.22323206,-0.010781022,-0.2495536,0.055216514
-0.27033082,-0.5264554,0.78844744,0.6245439,-0.34137464,0.25806653,0.6917517,-0.51091576
0.2708245,-0.29866573,-0.10703885,1.1959885,-0.5517803,-0.5187794,0.08129071,0.655456
2.6670988,-0.23185478,0.19343436,0.82224613,-0.54549515,-0.051440082,0.5888723,0.737905
-0.4218564,-0.50877106,1.9137089,0.8426728,0.21630567,-0.7619483,0.13364577,0.047890797
-0.3730734,-0.73780125,-0.8936118,0.6583205,0.25547066,0.6837345,-0.42107204,-0.34705243
-0.31496498,0.1639864,1.6245142,-0.36831534,-0.67182773,-0.39065358,-0.8106306,0.88793176
-0.6253147,-0.39342138,0.6249081,0.40155822,0.16816947,0.49185756,0.09372553,0.047941446
0.0262557,0.15846576,-0.008929909,-0.49643484,-0.247674,0.38326624,-0.091499686,0.47076052
-0.7791556,-1.4231212,1.0500926,0.56899244,1.0128334,2.3329368,0.8979396,0.83100337
0.60826707,-0.2710916,0.5501865,-0.5226899,-0.63523966,-0.45613393,0.029222522,0.9331303
0.5684089,-0.47704688,-0.34433648,0.35234863,-0.23287746,1.0577383,-0.044866804,0.87155503
0.77350634,-0.609669,-0.03656341,-0.14159444,0.66921484,-0.36147052,1.8883907,0.031120759
0.47540882,0.49856824,0.81812894,-0.060701016,-0.8455174,-0.024806345,1.7797998,0.9660594
0.15314206,0.41845292,1.7698178,0.16072583,-0.77867657,-0.85015005,0.32079217,-0.11595539
0.13428535,-1.3224307,0.15618208,1.4740297,-0.64421344,-0.6546423,-0.19040531,1.102628
-0.39751294,0.9601061,-0.29030865,0.51241875,-0.70856506,1.0529459,-0.4318335,0.21077964
-0.32396674,1.8011483,-0.028495155,-0.2356448,-0.9642417,0.2745975,-0.47013423,1.006841
1.4680212,-0.36301598,0.5361613,-0.886649,-0.43936825,0.27028346,-0.85746634,0.39678293
-0.36518204,0.5741504,1.1304989,-1.0789936,0.48813945,0.022304105,0.8758679,0.75932026
-0.6347816,-0.81592035,0.073573574,-0.41152793,1.0648466,-0.4577278,1.1870303,-0.0020496026
1.0346789,0.07205289,-1.5703851,0.16300881,-0.32655314,0.11258928,0.7355323,0.82130635
0.24415654,0.86361694,-0.9849937,-0.09974444,-0.7437021,-0.21978307,1.6736662,0.85547435
-0.72225654,0.44576007,0.4047024,-0.2672705,0.13903747,0.48106477,-0.5786824,-0.026117668
-0.24060303,0.49609774,0.92613125,0.5774087,-0.5000106,0.5341891,0.9711407,-0.19928285
-0.1728962,-0.06528041,1.164075,-0.06863898,-0.16109864,0.20279573,-0.20372014,-0.65595686
1.7518682,-0.58289003,0.20418417,-0.7334094,0.24604444,1.2797266,-0.24531952,1.0518737
-0.516932,-0.38276485,-0.16901886,-0.2572011,0.8671542,1.4397024,0.4550436,0.9050801
0.6308055,-0.88602376,1.3501278,0.8279055,0.7862223,0.18268056,0.7349124,-0.3659506
-0.6361809,2.1182408,-1.2088114,1.0187701,0.29318765,-0.22306153,1.1489085,1.1384187
1.138021,-0.5521409,-0.74968666,-0.31743458,1.9939883,-0.27091873,-0.085583374,-0.08348035
1.1396722,1.0321736,0.8154282,1.9360821,-0.74791116,0.036220003,-0.7089547,-0.010163382
0.86468524,-0.67670375,-0.3913207,1.1856629,-0.6274179,-0.5158492,-0.32019064,0.24749747
1.1729875,0.17999944,0.10046,0.4372542,-0.6135604,-0.73425645,0.15749772,0.29106137
1.2287235,-0.17819926,-0.71454406,0.5917467,-0.093086585,0.124194674,-0.25637475,0.08390033
1.19027,-0.4094917,0.8658252,-0.3146505,1.9061133,1.3482194,-0.6024422,0.28587338
-0.8441126,-0.41758895,2.414223,1.0877014,-0.70993763,-0.773706,1.2245221,1.2879177
-0.5319287,0.30954137,-0.2617289,1.8839854,0.014787209,-0.014441321,1.0368578,0.18501791
-0.1472207,0.49163073,-0.35001326,-0.3876504,0.5722951,0.73145777,0.0007359702,0.6913095
0.26609364,0.365505,-0.16595164,-0.5564424,1.0636005,1.0432695,-0.63364565,0.3745569
0.028452419,-0.7345932,2.1471572,-0.21408166,-1.4439261,-0.4018568,2.488235,0.6037207
0.67640024,-0.78672,-0.26465267,1.3556093,0.8170585,1.1159469,0.94046926,2.245582
-0.16095543,0.24980669,0.29603502,0.7621529,0.3690277,-0.60216135,-0.19453585,0.09979754
0.61988264,0.84782666,-0.27980024,0.3736112,-0.020519145,0.77733326,0.3956541,0.61615413
-0.90933055,0.876097,-0.62536126,1.2591937,-0.45645708,0.41887066,-0.9930014,-0.05330403
1.6278585,-1.2844654,0.48066893,-0.36962175,0.037579596,-0.867962,0.7800605,1.6053941
-0.18501422,-0.59567493,0.07537319,-0.33229074,1.4948651,0.35275334,0.16141589,0.3816107
0.79121286,-0.9291958,-0.8643877,0.9362168,0.22756398,-0.25077057,-0.4703284,0.25334367
0.053483084,-0.024228718,-0.0055552665,2.29448,0.20977022,-0.36236724,0.09390411,-0.36112955
0.29495913,0.7302319,0.7388271,0.0024184026,-0.38687637,0.86764413,0.20538971,0.19912913
1.1599303,-0.49154228,0.5165673,-0.3705824,0.4030501,0.06722709,0.30485877,0.15669945
0.42939535,-0.8251237,0.32086137,-0.46011207,0.37957767,-0.5884236,0.21387665,0.6283594
-0.73062277,-0.16395013,-0.039228164,1.2304555,0.10385885,-0.25613597,-1.0433984,-0.13131255
-0.8892865,0.7263982,0.61260617,-0.37339735,0.046477944,0.05750958,-0.3720034,0.20479363
0.38395092,0.47849277,0.025788836,-0.6636806,0.39170793,0.7304052,-0.66182417,0.2268928
0.014843501,-0.6171333,-0.5794004,-0.080191866,0.5334929,0.44598058,-0.591242,0.5593083
0.17598018,0.7308346,1.1340374,-0.32067332,-0.11649834,0.5954318,0.4040592,-0.11790467
1.0871513,0.38473016,-0.120516665,1.1401529,0.007391776,-1.0598062,0.5569685,1.3210624
0.17312977,-0.30517724,-0.4337241,0.7657487,-0.47128254,-1.1635274,0.5968581,0.7081734
0.09079909,0.49885333,1.270998,0.3677413,-0.8326381,-0.39599538,3.0,-0.20141149
-0.21028286,-1.0758344,0.7730797,-0.40084025,-0.2930559,1.3789456,1.331132,0.29263678
-0.77480817,0.8544506,-0.06707902,-0.38807678,-0.14993781,0.8197711,0.85718304,0.9549145
0.6648783,-0.5110457,0.06380396,0.16425198,0.43301645,-0.4085516,-0.5150559,0.2388696
-0.31375977,-0.8651483,0.020746008,-1.6538867,-0.81990236,1.4489862,2.4067485,0.21059921
-0.31143287,-0.30306917,0.18768796,-0.3911968,-0.30379206,-0.15084922,0.21921949,-0.055878885
-0.09581857,1.0429658,0.8081858,0.22629473,1.2439436,-1.7043242,-0.7995574,0.26853323
0.10606417,-0.6835903,0.19824257,0.52709424,0.6204859,-0.4659793,2.521665,0.8409408
-0.8413579,0.20026654,0.06741297,-0.062587276,0.43013123,-0.3111475,0.21484242,0.6449029
-0.56169754,0.29248622,1.5718728,0.9964816,-0.78174835,-1.676614,-0.37589335,0.8771777
0.094650514,-0.44478297,0.90720737,-0.5997724,-0.4210816,-0.44593632,1.234127,-0.18509328
-1.011527,-0.08158246,0.07883364,0.21285349,0.017309424,0.014922941,-1.4582382,0.07599659
0.18389446,-0.73338485,-1.2012677,1.2626384,-1.0526413,-0.0555232,-0.041743472,1.0703417
0.869132,-0.17232014,0.48311922,-0.92564327,0.2403409,-0.12386908,0.2816056,0.22628438
-0.20927021,0.82914305,1.2425301,0.79771566,0.0013002316,0.21421632,-1.0040313,0.0273499
0.30624726,0.7043993,-1.6942381,-0.09203261,-0.90918386,0.5479393,0.41737053,-0.37733504
-0.27512693,-0.31262732,0.84633493,-0.3322401,-0.8297968,0.10946014,-0.40455747,-0.02783607
-0.71236366,0.65285194,0.49844936,0.6034988,1.0917788,-0.7546811,0.45995253,0.0258107
-1.3216062,0.36308107,-0.38019562,-0.19151732,-0.54794765,0.44913712,-0.29398152,0.12584907
-0.06704194,-1.3805096,0.91665703,0.31894687,-1.3892921,0.028020138,0.011360373,1.0817847
0.044772685,-0.3906256,0.6373356,-0.098005295,1.1347275,-0.8015434,-1.0320331,-0.022149034
-0.21098945,0.73078907,-0.25533527,-0.7799532,0.4895575,0.28487095,0.38687357,-1.612458
-1.2176089,0.63640857,1.1718355,-0.11731604,0.67796814,1.0402241,0.8470365,-0.092299275
0.38484916,1.0278391,-0.67753315,1.6271048,-0.6364698,-0.21104743,0.14745441,0.33669403
-0.13569614,-1.335314,1.0392164,0.68720764,0.65072346,-0.9466019,0.21314359,-0.092938386
-1.2239743,1.3406385,2.1306386,0.6542937,0.41114348,1.1923076,0.5067257,0.15234374
-1.2646724,0.24038696,0.7373244,0.90081424,0.45816237,0.96577287,-0.8187514,0.78743666
-0.4765405,0.3296468,0.09967903,0.3090431,0.5884966,1.0485669,0.65031374,-0.2840127
0.39791104,0.4343041,-0.39255196,1.3892448,0.09396702,0.60869443,0.14720765,0.29529345
0.85914916,0.034317426,-0.57918835,1.059396,0.101065725,-0.20730828,0.37630317,-0.3902367
0.646632,0.6120019,-0.09939477,0.77878904,-0.5106955,0.43995595,0.61387265,0.027429156
-0.27939245,0.5036709,0.58481956,0.1519493,0.09890447,-0.12470703,-0.6967495,-0.5287719
1.2988179,1.0809804,0.81461895,1.0213481,-1.5733477,-0.7155996,-1.2073208,0.29875362
-0.7510299,0.07716663,0.1546053,-0.47930625,0.45661497,0.70115876,1.4339435,0.4183041
-0.27528155,-0.24045183,-1.588585,0.33905083,-0.65948564,-0.3855603,0.30229732,-0.40549475
-0.28270602,0.79710877,-0.6994903,-0.8897873,-0.25176996,0.17135984,0.51621926,-0.9812322
-0.31180334,0.7587643,-0.07284717,-0.5101742,-0.1045597,-0.024964364,0.48506796,1.0902628
-0.47014517,-0.50758964,-0.63159233,-0.5371181,-0.481641,0.761513,1.5074246,-0.024353214
-0.0332101,0.87507236,-0.03268501,-0.39699423,0.20847157,0.5283324,0.8296684,-0.21413746
-0.12622795,0.3698849,-0.26349112,-0.12932748,0.6216542,0.2996283,0.55835414,1.3048208
-0.30152005,-0.7387207,1.5566341,-0.12537177,0.08560569,-0.85545504,0.17255415,1.7589724
0.55390453,-0.031379737,-1.1145529,-0.4954377,0.76294976,0.43261203,0.61532414,0.08011475
1.0824467,0.64892495,0.9707039,0.32478857,1.161213,-1.1796559,0.8268131,-0.75963694
0.31964684,-0.20453724,1.1847125,0.5256481,0.07777649,0.022895392,0.68322504,-0.35336378
-0.71662146,-1.2470059,1.9612167,0.5758266,1.9490209,-0.40858853,0.7204347,-0.8296325
-0.2157858,-0.033915486,0.48742172,1.4585215,-0.45035708,1.3939358,0.3019857,0.102901086
-0.054566517,0.464957,-0.9013246,-0.075807154,-0.1287131,0.2956508,0.18700518,0.24548379
0.17687085,1.2140394,0.87683636,0.39284527,-1.147685,-0.008636227,0.69276124,2.199945
-0.0762149,-0.20172162,-0.40440333,2.2047408,0.15544511,0.62206626,-0.28178233,0.6279046
-0.77225006,0.36553758,1.0113403,2.1357214,0.84870726,0.75994176,-0.5061676,0.2830574
0.13153812,-0.44680566,0.37188336,-1.1143109,-0.5573505,0.3672432,0.24795438,1.0785619
0.59241384,0.17378877,1.6372682,1.037694,0.76306665,-0.6029099,0.687869,0.7394957
0.13590968,-0.43906245,0.5875696,0.49451143,0.5426583,0.408456,1.5276036,0.7168552
0.36141104,0.14965402,-0.81936514,1.0645813,0.014929625,-0.32248554,0.18970214,-0.19909608
0.08417441,-0.13425729,0.29555878,2.3277564,-1.4686645,-0.5238888,-0.088515185,0.51316696
0.106122226,1.9901518,-0.21912295,0.7334019,0.19320269,-1.3269794,-0.52443683,0.35853526
-0.13816258,-0.09616342,0.678804,0.4544653,0.19807059,1.2495848,2.5289087,0.85474336
-0.09219883,1.1663651,0.34488645,-0.19798835,-0.7639305,-0.35909462,-0.5800126,0.42975363
0.22272646,1.2083578,-0.98191977,-0.36620212,-0.43199614,-0.14389117,0.5348128,0.48024198
1.0582889,-1.1359808,-1.3427784,0.56918406,0.91815436,0.20989233,0.86301166,0.49810857
-0.036832333,0.3577278,-0.13192677,-1.4678274,0.94514257,-0.2877585,-0.6607924,0.47739935
0.9670187,1.9201438,0.5626215,-1.4692382,0.037749413,-0.08545916,-0.11099969,0.03851609
0.20006284,0.4942467,0.47215763,0.028535645,-0.5755218,0.18167235,0.20745976,-0.41819358
-0.6825173,-0.7424218,0.61963385,-0.2155058,1.5750237,-1.0738838,0.5127031,0.9325102
0.14912157,0.4243013,0.90975636,0.5949136,0.40693,-0.83602476,-0.866956,-0.06184586
-0.5556884,0.3838597,1.0901937,-0.8497604,-0.17706352,-0.021589993,2.1917129,0.06218278
0.6707472,0.9078403,0.45471442,1.0389863,0.32080495,-0.7736555,-0.16710353,0.3738602
-0.17690453,-0.13470973,-0.90739983,0.2406912,0.73468053,-0.5329637,-0.2909484,-0.63739467
0.3144428,-0.093823865,0.13516355,-0.054501627,0.40723464,-0.8943323,1.6384411,-0.33748126
1.9822578,1.2475597,-0.23567095,0.5378411,-0.80701315,-0.07051306,-0.19528651,0.13711113
0.740115,0.4985019,0.9053468,-0.35057563,-0.3772203,-0.29651582,-0.97880656,0.52984416
-0.1383827,0.6807193,-0.24809769,1.6325881,0.20347187,0.5862353,-0.09914875,0.15482283
-0.40288424,0.3454582,-0.3228838,-0.6424191,0.20438355,0.9627463,0.77245206,-0.18908796
0.71554554,0.5662705,0.48298195,0.65523696,1.4679928,0.6277045,-0.961379,-0.22966716
-0.061856046,-0.0963448,0.86228555,0.97571504,-0.14093381,-0.23148373,2.3070548,-0.4394041
-0.6913413,-0.014304247,-0.3521424,-0.9199818,0.74865997,1.2961482,0.70954126,-0.17335677
0.4450422,0.47527948,0.5519729,1.3431474,1.5507494,-0.680782,0.19484605,-0.19583783
-0.49612373,-0.55137265,0.70021755,-0.0332851,1.8592185,-0.39381152,0.60032415,1.963654
0.22170061,1.1394243,-1.657461,-0.45617685,-0.3641834,0.3624385,1.746362,-0.95279056
0.44117737,-0.69518536,0.18010351,-0.88716733,-0.19990872,-0.5507798,0.4139651,0.5646921
1.4100997,0.5895706,0.6266914,0.15057549,-0.3278947,-0.85042125,-0.70369536,1.0975864
0.90061647,1.1529022,-0.44579858,0.37159768,0.64282864,0.13739178,-0.17253327,-1.2047
-0.26317018,-0.78333986,-0.9826995,-0.13560732,-0.15255795,-0.0028414614,-0.036183298,0.19486606
-1.0096399,-0.5823808,2.1146374,0.47062427,-0.01570224,0.51800823,-0.9327018,1.0153337
1.2476312,0.8582421,-0.28286883,1.4133075,0.23224746,0.01937432,-0.2545742,1.4854871
0.5271325,-0.4979635,-0.28725374,0.5592337,-1.0310975,0.38289964,0.18904643,2.0183268
-0.06560009,0.03133988,-0.2787631,0.67430174,0.4376413,1.0346196,0.77268374,-0.010949157
0.45618275,-0.3664861,0.47899714,-0.45950088,0.24962924,0.37346327,-0.053204134,0.8440079
0.8531298,0.22678554,-0.65885913,-1.1914883,0.9197967,0.034588587,-0.29230753,1.0246363
-0.116708286,0.07817906,-0.23370713,0.39364433,0.077948324,-1.0844911,0.30399883,1.443205
0.9132836,0.08746788,0.89414436,0.5327165,-1.489441,1.1419722,-0.18132691,0.03525625
1.6986545,0.24905804,0.39381498,-0.29931408,1.4886519,-1.0691291,-0.16930555,-1.2942724
1.8881593,0.6749235,0.94993263,0.5036907,-0.36632094,1.2986728,-0.008763969,-0.087419264
1.0936474,1.6242062,0.16490516,-0.4992908,-1.0309647,2.4404414,0.296707,-0.108974315
0.4667968,-0.22766581,0.8033035,0.9330361,0.75380147,0.4907972,0.6880947,-0.00042410195
0.06871232,1.4207965,1.1996032,0.4770881,-1.0871452,-0.27143952,-0.12303235,0.16307294
0.23494059,-0.5803591,-1.0074828,-0.3568077,-0.0779321,-0.118749425,1.3570659,0.42281553
-0.4580847,-0.4208396,0.28204677,1.4001704,0.03043529,-0.113383695,-0.29722762,-0.27775672
0.31605682,-0.46881115,0.034980457,1.6355973,-0.7176444,1.3042339,-0.46051136,-0.49314365
-0.28309205,-0.33811325,1.6793735,0.26368275,-0.56406754,0.04567321,0.5410636,0.47016233
0.7907434,0.37548253,0.9409036,0.23097132,-0.84856755,-0.3890474,0.40633553,0.6315582
0.5555583,-1.1007385,0.7299183,0.11889222,-0.58340305,-0.38955417,1.2224104,0.09769877
0.272933,-0.6984923,0.1466113,-0.3029041,-0.35957852,0.2841355,0.29833752,0.6013126
-0.22680563,0.9699486,-0.20754382,-0.8982405,-0.019099794,1.0797968,0.7486664,-0.8160116
-1.0078361,-0.5498122,2.2483363,-0.11911544,0.072395414,0.6460583,0.5773449,0.5558692
-0.5166433,2.3368037,1.4091444,0.4926028,0.09661294,-0.4646419,0.33119646,0.4955732
0.19010371,-0.6379326,0.3248972,0.5198876,0.37416574,-0.84861577,0.27027515,-0.20948026
-0.20175785,0.6511609,0.405379,0.33742836,-0.32391804,-0.26400453,-1.0165726,0.046077237
-0.6673279,-0.13299915,0.16104987,0.0019158274,0.10497363,-0.434583,-0.53689146,0.038695894
-0.7445967,0.25767973,0.6833975,-1.3478059,0.04085054,0.20059218,-0.07212886,0.28551352
-0.39977622,0.81531864,-0.17789447,-0.26647645,-0.7701316,0.3972626,0.7583574,-0.6781881
-0.07570506,0.46729174,-0.1125728,-0.21593802,1.392408,-0.014337217,0.42600712,1.515154
-0.4046069,-0.14657716,0.44390777,-0.15798412,0.5812866,1.3948603,-0.574177,0.5737199
0.02862683,0.2808337,-0.5452318,0.88766927,0.33652973,-1.0936064,0.28440225,-0.5362227
0.32298908,0.25017783,-0.5198845,0.69675165,0.5572966,0.21920478,0.21529487,0.03498896
0.022049457,0.021979572,0.22779676,0.5907284,0.85888606,0.5807429,-1.4397604,0.026510041
0.59641576,0.7988968,-0.8311412,-1.1589096,0.22044402,0.3672321,-0.64670295,1.2379539
0.113844454,-0.15569897,1.3195244,0.1643759,-0.19537514,0.01510736,-0.739905,-0.1521649
0.20557141,-0.6766311,-0.40737537,0.4741545,0.4067311,-0.6226285,2.5098615,0.16225189
-0.1640164,-0.1386301,-0.3768584,0.6606481,0.4552611,-0.6092023,0.023335345,0.23362947
0.45346382,-0.5856214,-1.010919,0.1442416,1.6924988,0.13778341,0.04576673,-0.18760678
-0.37965202,-0.14944126,1.2931697,0.18121067,-0.24379818,0.8010907,0.10801636,-0.28435498
-0.4151617,0.7830566,-0.38561073,0.4703799,0.5078942,1.4317095,-0.8609805,0.4170373
-0.6200295,-0.039412938,-0.97263867,-0.4791645,0.40220386,-0.52967983,0.14483914,1.7116797
-0.8308792,-0.7144297,-0.54373646,-0.90862215,0.7366559,-0.4884232,-0.016634703,1.2235612
-0.5343036,-0.1532738,0.36401245,0.2411456,0.7970289,-0.03302195,0.8684444,-0.71062857
0.044322673,-1.5915966,2.0411608,0.02543422,-0.5300041,-0.36487085,1.2201296,0.6164899
0.27443573,0.40209222,0.5508754,0.474085,1.2614409,0.08241956,-0.5433233,-0.2200189
-0.78652894,0.42839897,-0.05487724,-1.5255616,-0.5078089,0.2935027,0.5501707,-0.061169825
0.29476523,0.09221746,1.7095599,0.7333708,0.03385868,0.31568938,0.3303751,-0.09585943
0.83453923,0.3331573,-0.17592755,0.74697036,0.68805027,1.0918157,-1.1261787,0.38838133
0.8382593,-0.4685787,0.25194654,-0.7493479,0.846648,-0.9703469,0.44225216,0.15188211
-0.075041465,-0.16802184,1.3520387,0.9188158,0.4908268,0.47391495,0.34371376,-0.779244
-0.6141046,0.8619173,-0.49161163,-0.4298981,-0.600886,0.30809715,0.83828026,-0.24176088
0.65237015,0.46319768,-0.15015069,-0.51606536,-0.5087026,-0.81133604,0.9247007,1.0314138
1.6764768,0.19842027,-0.045290433,-0.5904973,0.19768292,0.732213,0.091179594,-0.85694325
-0.095928214,-0.014810953,-1.1909907,-0.24019696,-0.6168218,0.284473,1.1531012,0.21097565
-0.68580586,-0.6368424,-0.17306986,1.7417567,0.89767355,-0.0086892415,-0.24706364,-0.3441204
-0.5008847,-0.24948443,-0.17277965,1.2709563,0.6994975,-0.86260706,-0.16782868,0.018518437
-0.066034295,-0.6481803,0.48280206,0.22305854,-0.5298434,0.23231634,0.61031765,0.14915627
-0.66323185,-0.5422033,1.9871395,-1.3173325,1.1796359,-0.13314505,0.94202024,0.42157477
0.53614825,-0.5442916,-1.185997,1.8168317,0.8617203,-0.24234644,-0.28921214,1.027639
-0.5238195,0.029627452,2.3138638,0.030038366,-0.23172054,0.14631866,0.4508502,-0.47326854
0.79043394,0.6447977,0.17130065,1.2733096,1.0640519,-0.6124758,0.9546803,-0.15231326
2.1732805,0.11100128,0.9345163,-1.1195723,-0.43529126,0.5984785,0.009705611,0.29543883
0.45709103,0.24380139,0.20141515,-1.3550639,0.14255755,0.429735,-0.2836179,0.22929719
0.10542141,-0.35553476,0.57117575,-0.5792715,0.115058936,-0.029167341,0.15223175,-0.21342134
0.003986746,-0.42851487,-0.31630766,-0.78980225,-1.0352492,0.02554618,0.5065089,0.1470587
-0.75662357,-1.1940079,1.2171619,-1.1213154,1.0521141,0.65650135,-0.031115886,1.646043
0.6543368,0.49649957,1.2948617,0.57005703,0.17519835,-1.3365752,-0.19587144,-0.25657526
-0.8132902,0.202866,-0.53679174,-0.420643,0.69436914,-0.6845163,-0.40866038,-0.29870328
-0.9051799,0.31964242,-0.54600626,0.5828163,1.0022187,1.8596503,0.68398654,0.20593306
-0.16330442,0.7454141,0.9682132,-0.5472612,0.13074926,1.2292879,-0.3058796,-0.101952694
0.67854834,-0.530921,1.2952285,-0.24024318,-0.660869,-0.73575705,0.23323227,0.21128976
-0.5902702,-0.122989535,1.6354014,0.27595955,0.88777626,-0.65679353,0.1786345,-0.31037244
-0.33573866,-0.19663283,1.154419,0.24561241,-0.28536206,-0.5126531,-0.44319248,1.5244995
-0.06854599,-0.38958433,0.86631495,1.2722038,-0.31588396,-0.26199734,1.3721482,1.0010096
-0.15399724,-0.23786803,-0.43608084,-0.86419654,1.8695586,-0.91449016,0.92121845,-0.3057893
-0.23301762,2.7312827,1.289784,0.049868595,0.5200031,1.0554223,0.095205605,-0.054910146
0.9589091,-0.8203193,0.74400777,0.83562154,-1.4849856,0.119378634,-0.38233182,0.974273
0.33292672,-0.87050796,-0.6421634,1.2815361,0.4201696,0.2722528,-0.017256416,-0.6192962
0.47595406,-2.0104735,0.19896936,0.7935074,0.72034657,-0.36362883,-0.571104,2.0603364
-1.4299783,-0.13308395,-0.21276155,0.7471176,-1.058367,1.2035437,1.6396179,0.69898444
-0.7641853,0.5870413,-0.5000583,0.872297,-0.2134672,-0.24353135,-0.6276288,0.6915152
0.8146094,0.65655786,0.6691168,-0.19015928,1.2735084,0.21880691,0.35617432,1.3342586
-0.9280994,-0.086778715,0.7819038,-0.20992269,0.42984122,0.20986378,0.7476924,0.5666815
0.3930838,-0.13141066,0.65780425,1.0580801,-0.6160162,-0.79066175,0.5977095,-0.3219284
0.8184991,1.0769489,-0.46655393,0.14800926,-0.7936633,0.55317557,-0.3148178,0.6515343
-0.9525424,0.9864339,-0.6879693,-0.13915879,0.65189606,-0.4178513,-0.5321872,1.2408566
0.4078372,0.5260329,-0.42380035,-0.7303085,0.81397367,-0.1655256,-0.9247689,0.76473343
-0.7490046,-0.021505322,-0.7863153,-0.7217527,0.966822,-0.13049115,0.1250521,-0.6503347
-0.01441469,0.21569893,1.1505765,0.36800742,0.6910678,0.97442913,-0.6422125,0.46295848
1.249598,0.27146837,-0.010097991,-0.91398805,-0.78795505,-0.6828156,0.09347725,-0.38850063
0.7826274,0.30025214,-0.13347267,-0.2279102,-0.17414376,0.55269444,-0.4331992,-0.049519338
-0.027736053,0.57474786,-0.026823325,-0.5865867,-1.1053734,-0.22989869,0.39508572,1.0585881
0.24609327,-1.0299082,-0.078664646,-0.06931761,-0.7417918,-1.1660187,0.97654724,0.4530571
1.9332967,-0.2451096,0.5767575,1.0648868,-1.3891442,2.0878649,-0.026499404,0.47291738
1.3495983,0.28080812,0.23814538,0.14249504,0.71716034,-0.6942092,-0.18527344,-0.5682595
-0.44772214,0.19135432,0.24809885,0.09766864,0.4410102,-0.89518034,0.1381197,-0.11211788
0.7830549,-0.16060732,0.09197175,-1.1304351,0.6677462,0.18980059,0.689415,1.7173859
0.84947544,2.742989,0.76610136,1.4007142,-0.58341956,1.0894867,0.5454515,0.110576525
-0.7675776,-0.9071677,0.17655972,-0.3977533,0.4533343,-0.47062686,-0.17168874,0.49296248
0.82927114,0.031402603,-0.47694373,1.9899853,-0.6680559,-0.45898616,-0.7712378,0.35970414
-0.06225568,1.4787747,-0.28591785,-0.22576217,-0.29718885,-0.24088821,0.13401297,0.3848713
0.8512767,0.26852843,0.69803935,0.44289902,-0.84699243,-0.8119322,-0.73251754,0.6200492
0.3216729,-0.30783978,0.46257332,1.1081283,-0.68274814,-0.6104595,-1.1127712,-0.0011631176
0.2012248,0.23927598,-0.46697092,-0.22598152,0.7043013,-0.93244606,-0.43486398,-0.43742892
0.4184926,-0.61339575,0.781235,-0.67118907,0.4122046,0.045436442,0.19101393,0.15683715
-0.19270238,0.5206841,-0.20937347,0.2722507,0.50852746,0.42339367,1.4121888,-0.63282824
0.11870603,1.536789,0.03530571,0.7401315,-0.46372047,-0.028748086,-0.57861435,-1.0080853
-0.06719441,0.33241963,-0.7406889,0.5419228,0.23282197,-0.3307968,-0.69875556,0.4716412
1.1249883,-0.7637039,0.3503503,0.9547179,0.9075217,0.07483517,-1.0227101,2.0160518
-0.2322281,0.7734214,1.0997674,0.37311095,-0.33404154,-1.4548203,0.52391374,1.0090693
2.339041,-0.12850657,0.33393082,-0.044332433,-0.8417853,-0.64760906,2.194749,0.6682207
-0.5446436,-0.39076257,0.57624036,-0.1432062,-0.59611773,1.156424,1.3768392,1.000012
-0.8178742,-0.0055346433,-0.62601215,-0.66342556,1.2304335,0.7270779,-0.13834472,-0.31906438
1.0895993,1.3823344,-0.32033077,-0.013476875,0.10170895,-0.1979407,-0.8796201,-0.26743734
-0.3486241,2.3870664,0.20447165,-0.8729427,0.75839365,-1.5036376,0.7996474,1.0569377
0.52854174,-0.61590755,0.29540256,0.9913101,-0.26529038,-0.3255813,-0.4020876,1.1433383
0.73440987,0.2012988,1.9040177,0.64967954,1.2668033,-0.40446767,0.6609333,0.1249804
0.780851,0.62244946,-0.7249965,0.048162878,-0.5343115,-1.1640532,0.087901875,1.0908027
-0.4721533,-0.4230149,-0.52848697,0.120645255,-0.1210159,0.8755673,0.15703015,0.51081365
-0.23750722,0.2939726,-1.0045942,-0.6029025,0.528238,-0.09212227,-0.5010066,1.0780007
0.3778778,0.06804964,1.1950359,-1.5061088,-0.23034519,0.61713725,-0.6937863,0.6681421
0.31864214,-0.515442,0.6838157,0.10622758,-0.15891136,-0.77898085,0.59561837,0.13995276
0.62382126,0.48266667,0.56840914,-1.0440617,1.0816735,1.1275557,-0.5361441,1.7164893
-0.5789889,1.2877083,-0.5802007,-0.15354736,1.2226081,0.2760552,-0.50621265,-0.34856308
-0.17143333,0.8115325,0.27006617,-0.18256502,-0.019011287,-0.43163112,-0.5761078,-0.34382617
-0.5038034,-0.9277976,0.24364781,1.3923275,0.7811286,-0.5235035,-0.41253474,-0.17139146
0.18006355,-0.7122822,0.040633164,-1.0173993,0.81198645,0.8666692,-0.595654,0.6506312
-1.4106616,0.8648757,0.95956254,0.57024485,0.6342333,-0.78274363,1.0813832,0.9667066
1.2062962,0.8223322,-1.0223358,2.1184313,-0.18876363,0.15864366,-0.51441467,0.68769526
0.19930929,0.77694374,0.04832866,-0.7001748,-0.81034046,-0.13689262,-0.6747916,0.4040823
-0.3631092,-0.022152483,-0.21050641,0.7787535,1.3036647,1.3317201,0.30858862,0.072103895
0.32551736,0.6824801,-0.05873916,-0.4797065,-0.39449057,1.7070712,-1.1732903,0.15169391
-0.5378729,-0.24359445,0.36258426,1.6719863,0.9706156,0.21209611,0.20040445,-0.0009825528
0.7119056,-0.5847481,1.6933223,-0.27147612,-0.9318994,-0.11118738,0.4087096,0.14684236
0.98714745,0.90083784,-0.8812624,0.48268318,-0.14193828,1.2439742,-0.5392819,1.022059
0.94655746,-0.9861639,-0.31289023,-0.24498086,1.2454374,0.10783723,-0.2465066,0.22089595
-1.1569394,-0.40159357,0.17034873,1.3353844,0.21173075,0.16585383,-0.20468861,1.1506906
1.8932344,-0.18476634,-0.23696506,0.68593246,0.4508718,0.5825541,-0.91801244,1.4571521
0.35389897,-0.29379877,0.5462302,-0.40888992,-0.9968785,0.7219667,-0.19527526,0.8362773
0.15630543,0.027319213,-0.92840207,-0.8567586,0.21002111,0.38424164,0.7342131,0.3409147
-1.0856522,0.7158794,-0.038307674,1.0735518,1.4114823,0.039611995,0.5665824,0.024346057
0.18396395,-0.2543053,-0.79299605,0.2904749,-0.48249966,1.0272256,-0.38656962,0.9900753
-0.69929504,-1.0885642,0.5049447,1.1105051,1.0115073,-0.13489296,0.9698998,-0.27706346
-0.5173403,1.2096193,-1.071221,-1.3200712,0.932703,-0.26665705,1.746181,0.38237265
-0.24989653,1.7910413,1.2803773,-0.2473387,0.7255427,0.087646395,-0.16308458,-0.0970578
-0.6702268,-0.6886816,-0.18398806,0.09199476,0.73578364,-0.19330928,0.13666698,-0.1341433
-0.25368544,0.89093095,1.6256152,0.041981354,-0.1182373,-0.39499912,-0.13991126,-0.33631456
-0.8545555,0.15008205,1.4537885,-0.56655973,1.2162286,1.808816,1.5042022,-0.3914226
0.3375078,-0.01568034,0.42416757,-0.73635954,0.019909367,0.96580166,-0.726538,0.46511963
-0.86650604,-0.5008644,-0.17155167,1.0159647,-0.2227309,0.53170353,0.31595597,-0.57558024
0.22452018,-0.48015445,0.31931958,-1.0313781,1.4852269,0.27631822,-0.40002105,-0.3553323
0.59651357,1.0432438,1.5723209,-0.20055364,-0.88914794,0.068211876,0.90455645,-0.18753776
0.2555556,1.4518589,2.1250284,-0.3945713,0.44823062,0.3787379,-0.17133202,-0.6646708
-0.5872318,0.15691894,0.5011709,-0.88804674,0.4152478,-0.45409268,0.31558475,0.25589845
-0.136904,-0.33777234,0.3446104,0.45505285,0.018949807,-0.27951226,0.97261107,0.55665064
0.086576834,0.3891839,0.70916384,-0.7292211,-0.08464694,-0.4917998,0.82737356,-0.3720118
-0.44675022,0.9584568,0.805487,0.36585832,-0.40688005,1.0059726,-0.15437418,-0.4116235
-0.4453004,0.40342662,-0.21979684,-0.5413462,-0.1323459,0.51438457,-0.057740014,-0.38159293
-0.8463723,0.36523265,0.2094982,1.2968696,0.14380008,0.5921724,-0.40598482,0.0898635
1.0576435,0.3094034,-0.88674295,0.9894055,-0.6538807,0.9805042,0.29553974,-0.29824242
-0.53949404,-0.3260011,-0.35925153,0.55366915,0.5275463,-0.32187375,-0.8690254,-0.16060483
-0.6747119,0.72040594,-0.0113091795,-1.0698416,1.1239258,-0.2193854,-1.4174563,0.96126837
0.8641328,0.81288797,-0.46083874,0.7624422,-1.5190809,0.19574812,0.85066575,0.33037308
-0.715331,0.7314806,0.601738,0.062018007,1.00041,0.049357697,-0.179896,0.12031156
0.7877293,-0.23207782,0.7368394,1.3516562,0.999983,-0.91664004,0.56497407,0.6699755
0.7534091,0.30403048,1.8860353,0.40318152,-0.7331096,0.14788127,-0.2168335,0.60027504
-0.22102994,-0.69078064,-0.368335,1.0287089,-0.0020066071,0.092881024,1.5270469,0.09607
-1.267496,0.4052198,0.090079516,-0.1398114,1.2368668,0.09999803,0.6857333,0.12974176
0.1972475,0.48584187,0.0015064478,0.8392838,0.3094811,-0.22352745,-0.3146544,0.18413298
-0.60987157,-0.7142266,0.8774383,0.52166724,1.5436016,-0.14879134,-0.17803721,-0.59657574
0.12451263,1.6605853,0.14764357,-0.11456701,0.086527154,-0.47264683,1.2045408,-0.30613187
0.41703415,-0.8086111,-0.17950311,-0.23102759,0.45130357,-0.7458299,-0.29790014,0.87243557
-0.43920177,-0.69283825,1.2182493,-0.8914875,0.70091635,0.54728097,1.5023803,0.07231396
-0.7647509,0.20420173,-0.12899187,-0.1432032,-0.56252426,0.3902646,0.30870643,0.83671695
-1.1975507,0.6560112,-0.07633382,0.80184704,1.5207256,-0.3612719,-0.009766944,0.15605296
-0.8534669,-0.69363123,0.45740968,0.3168868,1.0726782,-0.3716603,-0.49064857,0.55942786
-0.61264026,0.20167299,0.43895888,-1.113539,1.4186927,1.1222632,0.09661743,-0.07575188
-1.2528285,0.32967064,-0.13271149,0.75230926,1.6659453,0.374361,-0.5913108,0.78995323
1.6065484,0.22204806,-0.09451196,0.8002074,0.06298937,1.6201859,-1.0084697,-0.03073731
-0.30173683,-0.27429026,0.22904539,-0.6534545,-0.3918317,0.67003113,0.6086606,-0.094542526
0.24000028,-0.5985534,0.14680502,1.2023032,-0.07480205,0.61831117,0.9886128,-0.5620085
0.15932983,-0.2650225,0.6075474,0.120673686,-0.23711514,-0.12764601,1.5018053,-0.5924307
-0.505923,-0.81156933,0.7071168,0.1204519,-0.7965615,-0.5602533,0.4524258,1.5405757
-0.1284557,0.8738857,1.458781,1.1452634,0.3374536,-0.9622843,0.02191082,-0.002214536
-0.28722966,-0.3493871,1.3233398,0.29236254,0.9759997,0.23188572,0.5544355,-0.57020277
-0.2783056,0.4039529,0.9608108,0.62855136,0.79858255,0.17404546,1.4398094,0.019909125
-0.47745055,0.76096714,0.14527303,0.60685563,0.5675714,1.1934828,-0.07839955,-0.5364625
-0.25924194,0.19376686,-0.8073449,-0.34976357,-0.2413474,0.86563027,-0.019028272,-0.28230175
-0.050077215,0.8085456,1.6712786,-0.8763257,1.5648041,0.15525898,0.97942805,0.33613703
0.1818513,1.6995457,1.4146539,2.3524091,-0.6042539,2.1034496,-0.98259103,0.28519684
0.5817043,0.14645569,1.267078,-0.12356356,0.22829947,0.36360943,-0.19721405,0.84371257
-0.11384148,0.6008752,-0.06945522,-1.1137751,-0.37881237,0.3604431,0.25237104,1.2861828
0.6157293,-1.0626582,-0.33787686,-0.4327424,0.7229085,0.95300573,0.55692816,0.748359
-0.53306484,0.6053926,-0.5300576,0.087145336,0.56999844,-1.0648099,0.35193834,-0.39040232
-0.848807,-0.2788007,0.12368586,0.007861968,0.00581986,0.4500899,0.3512927,0.04673028
-0.21048903,-0.5108271,-0.5725161,-0.25204766,-0.17520255,1.0447237,-0.11658016,-0.124371
-0.12509233,0.3392734,-0.80019945,0.5611936,-0.6390729,0.51993805,1.1967428,0.8807611
0.9531692,-0.5125521,-0.6917275,-0.50364095,0.19951387,-0.6699463,1.2253196,1.1431085
0.30236292,0.53737426,-0.060040724,1.2287437,2.1542387,-0.60840654,1.1442895,0.3907064
-0.76881665,-0.0076349024,0.44340956,-0.79729396,0.782058,0.31267035,0.011632744,-0.69880915
0.1412639,0.06350508,1.0152895,1.0531641,0.055382915,-0.30718398,0.38119364,0.11749855
0.2931648,-0.98710877,1.3650273,1.8517383,0.046840098,-0.27138528,0.3401971,0.33375406
0.4006966,-1.493565,0.5714381,0.112414494,0.5313278,0.5975053,-0.1559148,0.15888028
-0.5432767,-0.23742266,0.8278608,-0.07669635,1.1066672,0.5833555,-0.084508896,0.014743388
-0.7826932,0.36428198,0.024882931,-0.5393876,1.1918706,0.26037097,0.22066516,-0.7089836
-0.045845382,0.6046329,0.53679484,-0.8954487,-0.454785,0.7388789,0.03917605,-0.031401284
-0.33842826,1.7701728,0.3663567,0.279276,1.0656712,1.1932427,0.8489951,0.22987443
0.9326479,-0.8953811,0.8090613,-0.2777164,0.8954275,-0.27515033,-1.038334,0.2640819
0.9244254,1.4130602,0.80941695,0.9733078,0.4262851,0.7887531,-0.7623062,-0.61064005
0.5165209,-0.4597431,0.9677223,0.6288973,1.2159805,2.4926748,-0.25679487,-0.010772936
0.5452525,0.46178368,1.5851527,-0.76750976,-0.8722601,0.7519711,0.6774978,-0.42779604
-0.0706108,0.06789537,-0.027995927,-0.20255421,-0.12789494,-0.51553893,-0.8087263,0.8686149
0.57243794,0.06001549,-0.9462064,-0.03540704,1.0088402,-0.32674173,0.8622368,-0.3710974
-0.7254868,0.6110421,0.9383524,0.39552206,0.09358035,-0.18998615,-0.083249554,-0.4979774
0.059362866,1.1233398,-0.26180714,-0.16036327,-0.5697363,-0.7996821,0.20351604,1.3136944
-0.27436328,0.7411358,0.3798904,-0.38419446,0.8393995,-0.4919655,0.70824605,-0.45069918
0.85657907,-0.9303637,0.939425,-0.7231456,-0.08647595,-0.8309403,0.23415075,0.50739545
1.6248045,1.071026,1.3677686,1.4747064,-0.70247287,0.56354874,-0.20786487,-0.8011393
0.66555226,0.09583755,0.018392436,-0.6403427,1.3023115,1.2985564,-0.3490092,-0.5585466
-0.1006661,1.420865,2.106018,-0.19353488,0.65155345,-0.6761462,0.41688448,0.18423286
0.39861688,-0.2857924,-0.04626125,-0.39582908,0.64795846,-0.35328135,0.12358849,0.3309698
0.33348697,0.24430887,0.31772768,2.142542,-0.78098077,0.540798,1.1701654,-0.718791
-0.1969775,1.034857,-1.1513301,-0.78537923,0.29561025,-0.18350938,1.0167766,-0.05678346
-0.072281204,1.1162618,0.7724979,0.8267019,-0.30539826,0.79536957,-0.6139276,0.1712175
-0.2998254,-0.69081855,0.31367877,1.2141396,-0.92965066,0.9341648,-1.2479733,1.1632397
-0.31789848,1.5268887,-0.6062261,-1.0421964,0.5970622,-0.56022286,0.4610273,0.87558407
1.2787675,0.75941914,0.19163382,0.5889441,-0.92915636,-1.1853365,1.3290113,0.42261308
-0.15398073,-0.47039902,0.24507624,1.4242328,0.74691856,0.1405604,0.6599544,-0.726726
-1.0122929,0.9986207,0.25460437,-0.18211803,-0.22648051,0.50559163,0.5010377,-0.3230245
-0.69936043,0.29151574,-0.4360101,-0.3747807,0.1342344,0.31497923,-0.15679713,-0.07253686
0.18793386,1.0950128,0.13372791,-1.3438326,-1.0345734,0.9603943,0.19610262,0.4189294
0.076255925,0.25523403,-0.20422158,0.9062654,0.41751558,-0.8956073,0.3286935,-0.32925823
-0.012734175,-0.5380183,0.42483947,-0.24551208,0.32027665,0.45727974,-0.27998382,-0.084832214
-0.8135492,-0.14386095,0.86338174,0.05150555,0.82277656,-0.48270103,-0.5947335,0.15118942
0.24592546,0.10731177,-0.19344726,0.5083842,-0.35818002,-0.39197153,0.39029506,-0.0937716
-0.46336597,1.009248,0.9946482,0.7157095,1.0478998,-0.46422687,-1.5951788,0.8786205
-0.63393617,-0.076746404,1.6269501,-0.18522924,1.0347883,-0.49525884,0.7046778,-1.0856371
0.98409957,-0.21865925,-1.1887321,1.5678431,0.5509075,-0.21276328,0.90181774,-0.13639003
0.44668508,-0.66581345,-0.13620096,-0.3553296,-1.456129,0.6498574,0.6712379,1.1895072
0.4342568,-0.29648146,0.3587439,0.9715357,0.38621888,-0.80388355,0.4758252,0.04025285
0.018068105,-0.9885079,-1.6525276,0.42906946,0.88148546,0.45892644,0.60273975,0.10508323
0.21458638,0.7428248,-0.6031175,-0.33222884,1.5451833,-1.0336294,1.2194577,-0.6106362
0.8950551,0.36898738,1.7313706,-0.6281062,0.49429822,0.51879156,-0.32451352,0.5819195
-0.22210893,0.95940286,-0.9861751,-0.17610969,0.81821907,-0.03331077,-1.1324748,0.6085649
-0.67608905,1.149056,1.2720423,0.5291788,-0.65416145,-0.33209845,-0.28520608,0.49711868
0.2658564,-0.032232884,0.72207505,1.9631362,0.15749541,-0.43101087,-0.1422614,-0.037314616
-0.29687864,-1.006315,-0.7518372,1.3520904,1.2394304,0.80078954,1.4204681,1.1374222
-0.34580052,0.022453576,0.5900801,-0.1306286,0.30509493,0.4678903,-1.1630589,0.42407763
0.15389296,0.7319805,-1.2148398,-0.7610988,0.7130544,0.461198,1.6900473,-0.15583521
-1.0858561,-0.31068116,-0.44805428,1.6733587,0.69765157,0.19877085,0.20812975,0.69103605
0.50522095,0.10946675,-0.01356869,-0.24818863,-0.1541953,-0.42224765,0.09583488,0.43935373
0.48601007,-1.0336443,1.3513372,-0.17232548,-0.13212395,-0.002644362,0.4074267,-0.25391293
0.25249577,0.5047536,-0.50198394,1.6638179,0.64100426,-0.84910685,-0.91102076,-0.3832454
0.60861146,-0.73700243,1.4999635,0.10562366,-0.6385238,-0.9917693,0.6801821,0.81869084
0.56166327,0.43237153,0.6779231,-0.92771,0.33986235,-0.42274296,-0.45516455,0.047784045
0.6259358,0.29432002,-0.53710294,0.5721271,-0.16736679,-0.8341538,-0.78333384,0.4872629
0.12494436,0.1548465,0.097173065,1.1186619,0.7061826,-1.0117304,0.36702642,0.21640849
0.042797804,-0.8892507,-0.10013357,0.071150064,-0.11536976,0.486985,-0.132721,-0.08346426
-0.3358845,0.23103139,0.17834097,0.35327816,0.98225623,-0.21166977,-1.042166,0.06368412
0.81930923,1.2238567,-0.7887873,-0.1494859,0.054577634,0.79092973,0.87370867,0.34552273
-0.75370383,-0.76141906,0.24813688,0.69224787,1.0258152,0.5705631,0.7122049,-0.5776456
-0.298797,0.11186731,0.0006236192,0.16857594,0.6199117,1.4363148,-0.5026381,-0.10048231
-0.17935759,0.369785,-0.15863326,-0.45274737,0.97748095,-1.0951248,-0.45700043,0.46220246
-0.25447887,-0.1452231,1.2039241,0.055674832,-0.48268616,0.94880724,0.20848234,-0.46262577
0.28924984,-0.30309543,-0.46795622,1.1773144,-0.60947937,0.33230153,-1.3942782,1.4369019
-0.74691767,-1.0962662,1.2360706,0.96584255,-0.3901801,-0.029905966,1.2037016,-0.19642076
0.14641178,-0.3589578,0.47122034,-0.092657715,-0.37420902,-0.8022529,1.0942059,0.13238147
0.68123275,-0.7356145,0.39712942,0.6363915,-1.3850795,-0.2650642,0.5885803,1.1437757
1.3920423,-0.33962438,0.4003185,1.0830073,-1.0646043,-0.44314507,0.38437384,0.07246832
1.065221,1.072296,0.7247939,1.9220793,-0.5484211,0.64261556,-1.0340489,-0.16747892
0.48978236,0.59878445,0.65437174,1.1223762,-0.07320057,-0.82405263,0.23394732,-0.3014306
0.1267951,0.5401919,-0.4312222,-0.31910866,-0.596316,1.0244961,-0.88362414,0.21972406
0.1984658,-0.9472178,-0.32402438,1.1376961,-0.89551824,0.31914487,1.615721,0.06812714
-0.8572005,-1.0257604,-0.76854014,1.5335412,1.3589592,1.042534,-0.56261474,1.0048224
-0.71908873,-0.76703763,0.2890243,-1.0221536,0.78095925,-0.03149683,0.29207408,0.15969332
0.8254697,0.3788082,1.4120954,0.48430383,-0.64326227,0.47483593,-0.4901122,1.2604883
0.11865891,-0.09595147,-1.1314268,0.75804716,0.058004543,-0.6392112,0.3279183,1.1552376
-0.53833735,1.2153963,0.5033425,1.0022565,0.11064024,-0.8066278,-0.51129925,1.0560758
-0.8938741,0.7742705,-0.28398892,0.9021169,0.17699537,-0.029471776,0.07541172,-0.13144282
0.19820502,1.1745089,-1.2315259,0.13265067,-0.2661732,-0.47500494,-0.29443944,0.64113957
0.95657146,0.31805995,-0.3760073,0.7041048,0.22881556,0.54557866,0.8081749,-0.33276337
0.46759614,0.61831105,-1.51064,0.15170982,-0.42141843,0.785713,0.48395032,-0.14676341
-0.43660012,-0.021524746,-0.42326635,2.5488632,0.7315497,-0.025321899,0.106395245,-0.5529379
-0.57300615,0.00984577,-0.26884398,0.18839668,0.4848263,-0.028803455,0.053937417,0.089209415
0.92914796,-0.25143272,-0.61185145,0.8476109,-0.5897187,0.3206444,0.14731926,0.15175283
-1.3871199,0.48356754,0.11022503,0.8595893,1.6272862,0.34457478,0.7395354,-0.52213216
0.22046736,0.7580848,-0.63426304,1.091327,-0.25451306,0.126549,0.29805434,-0.26634458
0.73885256,-0.9215161,-0.24316445,-0.899908,1.9959586,1.9255123,0.18492979,1.6411211
0.3424539,0.7524477,0.18107498,-0.3069589,-0.81890005,1.4103329,-0.19370055,1.0215746
-0.17275667,0.9519395,-0.74553293,1.2018286,0.674168,-0.4660613,0.14032666,-0.7720406
-0.62837446,0.72244984,0.68713635,0.32463962,0.53212976,-1.0085822,0.0068482086,0.8869356
0.9819765,1.0829569,0.7561138,-0.3739538,-0.19701535,1.0311106,1.840918,0.2511685
-1.1972126,0.5497667,-1.7902715,1.8618488,0.7625035,-0.06403949,0.10436696,1.2296187
-0.24087629,-1.1248671,1.292897,1.5082772,0.47642288,0.4248039,0.33751833,-0.28856653
-0.6750735,0.08382746,-0.4377677,0.9996544,0.74905455,-0.6962519,0.25648832,0.3498778
1.39886,-0.76601225,0.7379884,1.5459638,1.5407629,0.31899193,-0.37019154,0.34899005
0.4784302,0.27683043,-0.0305095,-1.0706761,-0.027236912,-0.6205879,0.4002281,-0.13581955
1.5189201,0.10177712,0.5278767,0.34322575,-0.77028275,0.1841283,-0.5178338,-0.39349136
0.26442337,0.9705749,-0.4751749,0.58756024,-0.3240996,0.24956478,0.057315934,-0.080695756
1.2310926,-0.37445635,-0.62069887,0.79757845,-0.079159535,1.7827733,-0.49578336,0.97043836
-0.2402552,0.68770117,0.13931486,2.0911818,-0.46919206,-0.93843436,0.06789665,-0.49861065
-0.037291512,-0.2664107,-0.1998635,-0.03561436,-0.7104387,0.45952,-0.41003796,-0.28488833
-0.5855591,0.74094266,1.2944877,-0.52828103,1.5645976,0.28417397,-0.83237916,0.06869004
0.89084744,-0.91387564,0.9048752,0.1933976,-0.5845963,-0.9999294,1.2125075,1.0022355
1.218544,1.0273843,-0.29665986,0.2262883,-0.48781237,1.5848054,-0.6056038,0.8107007
-0.49331802,-0.26809996,0.43366498,-0.9667958,-0.123396054,-0.2649634,-0.114956275,0.2630868
-0.24757326,-0.44809398,0.98917174,-0.43158224,-0.98995125,0.124098495,0.6390374,1.1681617
0.11866054,-0.48382968,0.6073155,0.22367835,1.0979481,-0.7242601,1.7152679,-0.04391914
-0.97993886,0.19381715,1.7614859,-0.15724163,-0.052411716,0.25546315,1.4963657,1.0328882
1.0034453,0.33948457,0.6632252,0.23091769,0.8957992,-0.2971742,0.9752706,2.1086361
0.6802607,-0.62731427,0.8564551,0.18768845,-0.15622388,-0.03231643,-1.4101325,0.49201488
0.9754249,0.84515786,-0.14231062,1.0632607,0.736524,0.119256146,-1.1630938,0.7543035
0.39118993,0.743897,0.10078061,1.0447184,1.0501277,0.20570238,0.013144165,0.12094478
-0.26797083,0.8317666,1.4428556,0.37856424,0.33293694,0.35958463,-1.5561782,0.39545652
-1.7033474,0.37350923,-0.38021326,0.049785443,1.98142,-0.23203331,0.30098668,1.0060977
-0.76488215,-0.33578107,-0.105005346,0.38115978,-0.79519975,0.028747628,0.48266995,0.33857447
0.13612549,-0.29395226,0.3716745,1.0644674,0.8529803,-0.7845821,-0.17441803,-0.62093073
-0.4709962,0.7182551,0.37780657,-0.40767375,0.21615443,-0.5056693,1.0914351,1.0863436
-0.23425776,0.63989735,1.1664336,-0.5233464,0.942705,-0.7724596,0.64526397,0.32958037
0.5899864,1.2327466,-0.50042564,-0.76509666,-0.36131525,1.3258888,-0.26995915,0.40787026
0.95701283,-0.61556196,0.2848774,0.18760234,0.56324077,-0.42576835,-0.6003471,1.2814131
0.055671956,-0.35615665,0.6774411,0.020626232,-1.5857219,1.6743401,1.7200245,0.067388676
0.54947585,0.26538673,-0.27704027,0.7164791,0.14061384,1.2332841,-0.16286528,0.32158384
-1.4001677,0.590204,-0.50664485,1.050466,1.2480314,1.2142646,1.4822253,1.5709721
-0.37848574,-0.73261267,1.1594061,0.36989605,-0.3338167,-0.17035519,1.6759702,0.2984526
0.15812224,2.3441677,2.0637348,-1.112884,-0.78303534,0.25123695,0.22102036,-0.566379
0.5693858,-0.23931451,0.4347208,1.2499925,0.47134557,0.41897914,-1.0570694,1.4824017
1.5952626,-0.46692368,1.4187641,0.9632017,0.66789925,0.51011914,-0.053283498,0.38132912
0.23405442,-0.46287963,-0.5548627,0.16994978,-0.68549055,0.07566587,1.154396,-0.2998862
0.23159647,0.17115395,0.10054839,0.45614362,1.1114578,-0.11115602,0.47557318,0.08560882
0.26644635,-0.732073,-0.2529739,0.63300896,-0.60732484,-0.7370747,0.30914035,0.64419746
-0.19790596,1.3320726,-0.63283306,0.46869746,-0.5944178,-0.92432916,0.5594879,0.42096797
0.16284636,-0.15691784,-0.18629563,0.24400394,2.2362409,-1.2649891,0.47441024,-0.2199044
0.1364201,0.36381114,0.9794867,1.4542328,-0.17664312,-0.5948571,0.23997279,-1.2451543
0.017920706,-0.54219323,-1.0360067,1.3045791,-0.38270968,-0.91855496,1.3136678,-0.54483515
0.1467287,0.18239875,-0.17108026,1.2033944,0.12312979,-0.17870778,-0.82640326,0.57625824
-0.82082635,0.32816276,-0.8348487,0.2900215,0.070266895,-0.23427466,1.4702483,-0.03911247
1.0190274,-0.72971946,0.19972396,0.19289555,0.5001731,0.011024519,-0.17314868,-1.250138
0.12848297,0.32334328,0.6648434,-0.67411107,1.0307094,-0.18843132,-0.18978268,-0.6868149
0.64967924,0.1380141,1.7979797,-0.9426894,0.4543803,0.5221399,0.73891836,-0.5466225
0.31447893,-0.47506642,-0.40662134,-0.47440675,0.35062644,0.53477246,-0.06359136,0.55207413
0.05598566,-0.54024476,0.61444795,0.7126035,0.17910376,0.65283346,-0.56462854,-0.7477162
-0.4763013,-0.47604233,-0.12044252,-0.44807622,0.70768577,0.8302598,-0.7539709,0.69736964
0.10436098,-0.08582874,0.8333467,0.8715108,0.990992,-0.6096323,1.1474065,-0.86493117
-1.6011434,0.9492893,-0.5519278,-0.43116063,1.3615329,1.24249,-1.085816,0.6328669
0.55372125,-0.8874832,-0.16566584,-0.2979659,1.5862522,-0.5463314,2.2976313,-0.583324
0.26886037,0.06557435,1.7592738,-0.34170863,0.41626996,-0.38419193,0.57358754,-0.011214964
-0.020491086,1.460304,-0.5102387,-0.59671664,-0.7989828,0.2688051,0.71134377,-0.08014255
0.07384675,-0.22278862,1.9061942,0.028343966,0.26072735,-0.8718771,0.02043325,0.16547385
-0.78257614,-0.53026587,-0.43581447,-0.8641963,0.029948238,0.17841172,0.1352954,0.82300675
1.4422039,-0.5277147,1.2419422,-0.0676361,-0.15640885,1.8588623,0.7054073,-0.39260256
-0.32211745,0.53227615,0.61535746,-0.48649547,-0.2819042,0.07825947,0.025573522,-0.33378172
0.6395365,1.3964397,1.5975417,0.49646163,-0.79674983,-0.36940134,-0.97573096,-0.735319
0.30975628,1.2785755,-1.1506636,-0.060103837,-0.035228353,0.42552075,-0.38002437,0.03362031
0.6275169,-0.5042134,-0.43681502,0.9194309,-0.038206648,0.024241604,-0.34136093,0.13042411
-0.57894295,0.5245272,-0.7736394,-0.28668696,0.7089932,1.4968292,0.4573496,0.20352834
0.9039105,0.2832199,-1.0306067,-0.38090637,-0.30509317,-0.3381047,-0.13491815,0.07752479
0.76811665,0.62037086,0.5658456,-0.2736178,0.009910111,1.9113557,0.48795366,0.5692081
-0.30573827,0.3573355,1.5678594,-0.1554272,0.37814566,-0.4966077,1.5048077,0.2745401
0.9032211,0.47415,0.44559854,-0.7292433,1.1682472,-1.3055924,1.3671417,0.32304135
0.18673745,0.095416546,0.5849438,-0.090236306,0.81106114,1.1336263,-0.51375526,0.6350455
-0.66338605,-0.52327776,1.2403113,1.1880506,-0.07615195,0.086759314,0.7984839,0.00038817525
0.45399278,1.0646126,-1.2780547,0.6574125,1.0307915,-0.41276205,-0.9437587,0.8678042
0.60722405,-0.04593238,1.147257,0.91058856,0.22951715,1.4318943,-0.04789254,0.68656
-1.0695801,0.37557068,-0.4896186,-0.41715917,0.35678482,0.5018856,-0.5822885,0.7673583
0.028311834,-0.61951226,0.48856315,0.30026767,1.2296472,-0.8553016,0.6144457,0.2872278
0.6097376,-0.61371917,-0.0368483,-1.270543,1.0467653,-0.6200281,0.8360779,1.2324945
1.3767546,0.7317342,0.95666856,0.5125651,-1.0780656,-0.72083706,-0.3738098,-0.46328214
1.6158261,0.14118938,0.055763602,0.38584286,-0.7180584,1.0890527,0.33496875,0.5183726
0.16164258,1.2489299,1.8845893,0.2909106,2.1254015,0.7018581,0.80511296,1.8601927
0.118334964,0.16085774,-0.70105636,-0.51891047,0.5838909,1.8335538,-0.3023155,0.32092404
2.007854,0.17234862,-0.29037234,0.35920802,-0.24432248,0.31933913,0.5403748,0.20731899
0.3349302,0.050361566,0.7838877,0.16114014,1.8759862,-0.34246475,0.27715927,0.23272416
-0.08626924,-0.15959314,-0.57907534,-0.16142736,1.0024524,-0.43092325,0.108000994,0.106543764
-0.18490106,0.87394917,-0.10114604,-0.33402604,-0.26180097,0.80499727,1.2557809,-0.122985564
0.042322643,-0.6149389,2.2938795,0.42090815,-0.8425424,-0.138504,0.06013437,1.2378169
-0.6123824,1.1547642,-0.539951,0.8638672,0.48432633,0.76695883,-0.3083171,-0.38791248
-0.3354077,0.8634447,0.86255294,1.0965248,-0.0021214932,0.3365078,-0.32425144,0.34229264
0.6006214,0.8148511,-0.42085332,-0.6633288,-0.42886215,1.1295042,0.017673858,0.33705884
0.25507915,-0.9825669,-0.6524799,1.6255416,0.5770567,0.2575022,0.033870764,-0.2269302
-0.655108,1.0373714,0.52405405,1.1152527,1.0262879,-0.9573574,-2.1924152,0.61854357
-0.12821838,0.4991858,0.030332934,-0.26361987,-0.23415786,0.043060288,-1.1004363,0.6992455
0.022030775,1.3365967,-0.7053899,0.58912003,1.8849329,-0.5405571,-0.43333685,-0.15868172
0.09703325,0.07251151,1.1781788,1.0411106,0.96364164,-1.4603251,0.20878014,1.0760413
0.16291131,-0.6004865,0.28413403,-1.6807766,0.061978057,0.23044308,-0.6822557,0.60121006
-0.20927885,-0.34563074,0.31723583,-0.60559785,0.91212356,0.19314173,1.3437774,-0.5667097
0.023414046,-0.024147637,0.94131887,1.0611987,-0.99912703,-0.30404663,0.16666864,0.30245528
-1.0671409,-1.0269828,0.64026517,0.22483246,1.3799322,1.282684,0.40109998,2.1773834
1.0182298,-0.073050916,0.07660379,-0.63262963,1.2759824,1.352768,0.108215734,-0.48287013
0.2663606,-0.048905108,-0.08806363,0.6723387,0.95024073,-0.8303439,0.5095514,0.22626492
-0.3060461,0.21223812,1.0977509,1.5669466,0.53494257,-0.17970523,0.6286662,-0.29109442
-0.58636636,1.1557484,0.7282176,0.26819685,0.09263107,-0.3289379,0.19521344,1.0394843
0.3147713,0.08909647,-0.13480094,0.7455583,1.0422369,0.6903928,0.46416175,-0.86718947
-0.41097206,1.4087108,-0.2663849,-0.91009325,-0.49200904,0.6001273,0.071603194,-1.0589235
0.6552067,0.4079591,2.0361807,1.7374569,-0.42214048,-1.6356575,0.43030167,0.44939545
0.90385866,-0.8619662,-1.3304238,-0.036048163,-0.43933466,0.35801348,0.49377948,0.12100862
-0.456066,-0.40562162,-0.12430989,0.57586056,0.5342373,-0.7169691,0.18118346,-0.44239488
-1.0796849,0.69741374,0.99016654,-0.23467304,-0.7149621,0.16704336,1.8554571,0.7455438
1.2782173,0.14372201,1.2895007,0.027632572,-0.6267822,1.2638731,0.19643247,0.7792578
0.828636,0.52026486,0.34384182,-0.18170828,-0.2929009,0.24013837,-0.8109289,0.35782057
-0.28337398,-0.3796618,0.2294279,0.85598224,0.33237842,-0.65853167,-0.681018,1.0793716
0.3122985,0.82849365,0.9161635,-0.46606788,-0.09907825,1.9355181,-0.44379196,-0.3892098
0.07294271,0.36685276,-1.0151361,0.9029218,0.6547551,-0.6255397,0.55690783,1.5290763
1.2204672,0.82058775,0.3867327,-0.92516965,-0.46616724,0.0852204,1.290929,-0.11309063
0.88685876,-0.15855221,0.060583025,0.036624327,0.89622504,-0.5293302,0.78233665,-0.8116128
0.104054525,0.0076887,-0.19248584,0.31204218,0.40831634,0.64636916,0.24614014,-0.3089883
-0.3700749,-0.3945338,2.174239,-1.0146643,-0.21652246,-0.8680675,1.367156,0.25063846
0.78471947,-0.47663116,0.24820751,0.015679944,0.59236413,-0.3544454,-0.44364813,0.54167676
-0.64117724,-0.1560104,0.72491896,-0.9162303,0.20562826,1.1416204,0.5907119,0.32409617
-0.20971486,-0.60179985,-0.55231553,0.08242142,0.45659396,-0.46468014,0.32238406,0.373835
1.1398853,0.6190428,0.5602247,0.15193835,0.012940691,-0.73288065,-0.8123913,0.05478796
0.3438672,0.76343,-0.40198302,0.2340593,1.203104,-0.9199428,0.41717818,-0.3078334
-0.09554025,0.28508314,0.821134,0.98932105,0.653187,0.9613105,0.102173746,-0.19188672
0.2363269,-0.22598848,-0.2868421,-0.33661216,0.23856045,0.2888033,1.664026,-0.5694728
-0.3817639,-0.7727278,1.060715,0.8572806,1.8127612,-0.40413117,0.11014821,1.175012
1.4689665,0.47823206,-0.6418227,0.4151118,-0.64335066,-0.6570872,-0.33096358,-0.13059554
0.13176128,0.9318892,-0.74624026,-0.3872665,0.9509717,0.55129045,-0.43118432,-0.5857
0.606353,-0.2509417,0.32529998,0.46758568,-0.70383465,0.47994187,-0.13484225,0.62215537
0.63877743,0.41047898,-0.08661837,-0.16615885,0.5065115,0.4454904,0.9950367,-0.94910353
0.36535016,0.48351827,-1.143568,-0.20140766,0.6834562,0.9717522,1.4742398,0.1269061
3.0,1.1159855,0.7148583,0.89558196,-0.58685946,0.94346553,0.9526522,-0.43648133
0.6318095,1.0367666,0.06468919,-0.5164792,-1.7244749,0.6576666,-0.19176257,1.440635
0.5232926,-0.17743918,-0.48117632,0.012108952,0.07910921,-0.503638,0.38328433,-0.1078115
-0.4543414,-0.17830269,0.07580719,-0.3072724,-0.55920625,-0.86845195,-0.2031779,0.59643215
0.6771627,-0.2978055,0.5545476,-0.79651093,-0.6539889,0.73995274,1.6778692,0.9159944
-0.22971717,0.07884212,0.49529126,0.7067429,-0.35472897,-0.54177976,-0.19735843,0.35041252
0.09361029,0.26270652,-0.62514114,0.7355929,1.5490136,1.2546883,-0.85769546,0.70747817
0.075488694,1.1552202,-0.295188,0.036504127,0.30779815,0.5308306,-0.89623433,-0.41004273
-0.6560257,1.5670397,-0.6774871,0.22292426,1.6572137,1.1617849,-0.5948991,1.2565622
1.6214669,-0.653133,0.6572615,0.44233817,0.14254987,0.003695337,-0.47157687,0.2574807
0.72028184,0.5602516,0.4090849,0.10207367,0.48188615,-0.20627128,-0.6733491,-0.1157059
-0.017119855,0.3968244,1.3859835,0.054693587,0.08930818,1.0518333,1.1063308,-1.1023498
2.093084,0.42452827,0.6145341,1.0747399,1.1137809,0.6512003,0.7177602,-0.09925959
0.48977628,-0.40574655,0.6651557,-0.5354624,-0.3310439,-0.1695415,1.3619714,-0.67721915
-0.38400203,0.42624652,0.56533414,0.1305589,-1.1246681,-0.07920161,-0.42455143,1.3075303
-1.0001398,0.15243405,-0.3932841,-0.20011581,-0.16943757,-0.073695056,0.9824226,0.56379807
0.90570015,0.3230994,0.791473,-1.2950433,0.0860429,-0.8594832,-0.2057489,0.9218129
0.93607944,0.031341143,1.7059262,-1.5423337,-0.13457905,-0.6246731,0.95707303,-0.9499095
-0.39606503,-1.2724309,1.3125386,-0.27833188,0.46429434,-1.1172317,0.7967293,0.21049121
-0.45356768,0.6704387,-0.59667426,0.3514843,-0.7478828,-0.095464975,1.1898729,-1.0340503
-0.6191764,-0.03704002,-0.6905383,-0.13864689,-0.26649803,0.41832852,0.87928665,0.569879
0.3887582,1.854249,0.5849344,-0.13345307,0.52411807,0.13365275,-1.0131708,-0.3771811
-0.62980556,-0.16820742,0.3352932,-0.46460506,0.4194381,0.86259526,0.11575827,-0.35384822
-0.4947464,0.2660055,0.2107445,-0.325206,0.45546073,-0.601474,0.35302255,0.16375405
0.20270142,0.4522526,1.0128365,0.59933865,0.77637476,0.19840302,-0.97842187,-0.5337111
-0.19312543,1.4026666,-0.9449033,0.74852526,-0.023904052,-0.2420789,-0.17366597,0.8940657
0.056105014,0.75738263,0.75635546,0.17859146,-0.83762115,-0.6601314,-0.10375121,-0.0840952
-0.0315217,-0.3891642,0.29043162,0.4621941,-1.2509875,-0.04106331,2.5306003,0.7149296
-0.41000244,0.3966877,-0.9615181,1.3385819,-0.27363977,0.14602534,0.87071896,-0.20622581
-1.103564,0.67753327,0.6409035,0.42723295,-0.2060307,-0.35344136,1.5467883,-0.33519864
-0.5103342,-0.57851064,-1.6774485,0.05173814,-0.39723572,0.29258177,0.8970196,0.66568875
-0.41007632,-0.15968071,-0.43624216,-0.12190752,-0.49204612,-0.43948144,0.17776988,0.99391353
1.2744012,-0.7462086,1.9710851,0.19357768,-0.59636176,0.282681,-0.30268663,-1.4088004
-0.6511232,-0.64295626,1.2872165,0.34163684,-0.6022223,0.07074316,-0.033312105,1.4955922
-0.5396868,1.4749236,-0.16001174,0.79151493,-0.37930983,-0.94253707,0.39693698,-0.027862608
-0.83717835,-0.19314975,0.28713655,1.1801602,-0.20149317,-0.906593,0.90881515,1.842869
-0.81542784,1.112151,-0.35718918,-0.26273233,2.0983903,0.07718316,-0.11137244,-0.00987076
0.93558246,-0.16025148,0.8781442,0.37778232,1.0804081,-0.7509131,-0.72863686,-0.3727941
1.2215883,-0.082087904,-0.9464412,0.22226606,-1.2729198,0.4175737,0.15910612,0.92830765
1.1154556,-0.5102618,1.2801178,-0.38951203,0.7642154,-1.1809058,0.27851892,0.57095677
-0.120268665,0.033148527,0.6803419,-0.8295523,-0.33093116,0.47056225,0.64077246,-0.013003014
0.6306572,1.6878933,0.63447833,0.27360943,1.145057,-0.6377244,0.43288782,-0.65521437
-0.33099642,-0.24968357,-0.20560488,1.7405915,-1.7334256,-0.7958984,1.0489905,1.3883955
1.3498799,-0.12215346,0.85065323,-0.4193568,-0.07962747,-0.092612505,0.46643555,-0.59828645
0.23229498,0.34193718,-0.11637641,0.44630548,1.0166644,-1.6666741,-0.5478567,0.6852295
-0.3331531,0.7559811,-1.2961324,0.86639524,0.46744916,0.57337254,0.057611223,0.35784557
0.9623017,0.43352607,0.16512132,-0.23695,0.40533254,0.389109,-0.88241786,0.30549234
1.101473,-0.7217125,0.7047372,1.1054302,1.1764677,-0.31063962,1.3527478,1.9333516
-0.39801225,0.7915263,-1.0888683,0.81511897,0.50307685,-0.4091587,1.198513,-0.48889384
-1.1284637,0.980103,0.23612398,-0.16106892,0.12525807,-0.7937675,-0.031180063,-0.8637934
0.12729242,0.69745255,-0.745047,-0.44440967,-0.3106782,1.4673003,-0.34099853,0.7326089
-0.8247809,-0.8694227,-0.78697443,-0.14751467,0.44469258,-0.6032892,2.053357,0.41902575
1.4295896,0.025648674,1.6974229,-0.16845775,-1.2804564,1.8010199,1.4790791,-0.15756536
-0.046341725,0.603411,0.38942307,-0.19466662,-0.19823462,0.51165366,-0.23322198,-0.15222919
0.28728813,1.4785761,-0.8508441,-0.887749,0.8057789,0.1796145,0.8015599,0.16991492
0.3765649,-0.27737752,-0.95035124,-0.00964231,-0.15803051,-0.42320505,0.41415563,0.65686923
-0.12826797,0.24633907,0.0807443,0.00908377,0.33052406,-0.35545933,0.60383123,0.029871128
-0.29641908,-0.32425666,1.037266,-0.44355676,0.94429314,-1.1529711,-0.28033835,1.2418237
-0.61467123,-0.6583628,-1.026345,0.12901102,-0.3491335,0.71942115,-0.07722225,0.6433564
-0.47312206,0.6300876,-0.44170648,-0.6770016,-0.36037946,0.35561737,-0.8584647,0.05878926
0.15517819,0.0681677,1.4699802,-0.29070756,1.0344882,-0.12823872,-1.3281775,1.444991
-0.33165824,0.1902004,0.08640061,-0.8885525,-0.086572595,1.1791743,-0.32429445,0.64388525
1.247245,-0.2813513,-0.17606774,0.044205982,-0.59471667,0.20082341,0.10608314,0.20026141
-0.4631601,-0.4559936,-0.41335902,1.7222131,-0.3083208,0.6044274,0.36848155,-0.49280348
-0.3921036,0.15180433,0.13091692,0.85142004,-0.02715781,-0.58419645,0.18504517,-0.5846416
0.122830495,0.7562305,-0.68777907,-0.7722441,0.2327878,-0.46532553,-0.5436923,0.80276686
-0.95055234,-0.1867516,0.8866986,0.78078127,-0.44765913,1.1575656,1.5921496,0.36758357
-0.54051244,0.75971454,0.3067845,-0.38446248,0.15484484,0.43067372,-0.14790227,-0.05711002
2.2606099,-0.13333479,0.4318731,0.22714722,-0.5702309,-1.1090469,0.9805852,0.42273197
-0.39854774,-0.18899992,0.42360714,0.17229939,0.49169844,0.15349814,0.9096857,0.83175564
0.75033903,0.92982984,0.21231064,0.898076,-0.0024009068,-1.1792859,-0.4133691,0.3860781
0.81188506,0.67639464,2.0054867,-0.7229984,1.5682793,-0.43244144,0.76937264,1.7053936
0.5552482,0.19965725,1.3391345,-0.0052904375,1.0475417,1.0097593,-1.3769957,0.20456511
0.21572593,1.1749005,1.9961681,0.38089064,0.5085038,-0.08484722,-0.6134969,-0.51127076
-0.59469503,1.3125931,-0.084020965,-0.09798923,0.61920804,-0.37276244,1.2264235,0.3389746
-0.5691288,0.32253778,1.1677907,-1.3110559,-0.28873563,0.8036499,0.57280475,-0.075269185
-0.56747556,0.5665965,0.19560704,0.824292,1.5127892,-1.24131,0.23659484,1.6358169
1.1277282,0.76172614,1.2281715,0.4492838,0.7908832,-1.5460361,1.6302799,-0.4454778
0.16483986,-0.18535337,-0.19118044,-0.67312944,2.4633546,0.42139643,1.5567064,-0.05240017
0.29069018,-0.15448178,-1.5195603,-0.17884523,-0.86017185,-0.011529131,0.11618416,1.0397769
-0.3021709,-0.15371756,-0.5462682,0.22094221,1.0148926,-0.35283685,0.22664936,0.39595053
1.2472155,0.81387806,-0.54243785,0.11274572,0.7353987,-0.22338232,-0.4908476,0.9100934
-0.23957345,-0.61537385,1.1062922,1.1542984,-1.5905082,-0.11783859,-0.46537328,0.36885473
-0.4781624,-0.15601347,1.6182268,0.8622893,-1.4126287,-0.24989513,0.5340493,-0.37263703
0.14579105,-0.5708903,-0.6589019,0.353138,1.4147257,-0.5090312,0.5532472,0.8732483
0.29525268,-0.003935721,1.8076155,0.5366158,0.5077743,0.8788223,-1.0585552,1.4021153
-0.68181413,0.4097838,1.0567551,1.2320639,0.46340567,-0.35098413,1.3791436,-0.15518114
0.5745295,0.19954182,0.8824409,1.1690865,-0.36877427,-0.87602293,-0.6329868,0.68635744
0.36446473,-0.63907665,1.4171227,-0.9573386,0.022226881,0.6309453,0.30491543,1.2328517
0.3807086,0.1038865,-0.84926075,0.42589268,-1.0597582,-0.3396924,0.29239708,1.0161461
-0.2417522,1.7811102,-0.968843,0.5711241,0.2748178,0.23688532,1.1046124,0.4445018
1.2808025,-0.48176026,1.6810158,0.48574293,-1.1006893,-0.8151368,0.14116275,1.1910136
-0.18451074,-0.73245376,0.91261435,0.5312583,-1.432823,-1.0070711,1.0440259,1.6016011
0.1678561,1.2928478,0.42094284,-1.6781812,0.04296397,1.4893088,-1.0980341,0.56562394
-0.07551377,-0.10274744,0.05636441,1.2542738,-0.9477639,-0.25394547,-0.71989375,0.74457145
1.104491,0.34399945,0.30625793,0.1939913,-0.31593427,0.24653178,-1.0771502,0.3136567
0.6192302,0.70320934,-0.68067545,-0.5422594,-0.08357179,0.4582048,1.1942538,-0.7576843
-0.34037456,-0.45006463,-0.40367034,0.6235438,-0.0806957,0.7744294,0.6327612,0.12156821
0.22662929,-0.15424944,-0.1053509,0.3953787,0.4804201,-0.94770366,-0.061282214,0.5678661
-0.9177358,0.25566193,0.39682376,-0.083101064,0.8071158,-0.010806074,-0.56526655,1.9475416
0.64655334,0.47082606,0.008555813,0.4237268,0.4467836,0.66135633,0.12282938,-0.80489457
0.107736334,1.0241885,0.5844531,-0.8803985,1.437336,-0.5498446,1.1314427,0.20849603
0.73254275,-0.19784789,-0.48115692,-1.3190343,1.8477442,0.8404286,-0.39392492,1.1311592
-0.6069217,0.22128303,2.8412077,0.52957684,0.27355707,1.6949989,-0.12978111,0.0476641
1.7542653,1.5991881,-0.9077736,1.6640449,0.683137,1.6863554,1.7540878,0.23652399
0.7827224,-0.39165053,-0.06115164,-0.061032604,0.4064251,-0.8721915,-0.8523438,0.08881566
0.006353643,0.36393195,-0.16821799,-0.40047592,-0.103469655,-0.2619393,1.1569228,0.77441746
-1.7141628,0.042111106,-0.23059836,0.51706105,0.7588227,0.6823917,0.19741891,0.2559122
0.62363285,-0.6804666,0.7334034,0.8368855,-0.2869846,-0.23497203,-0.16344662,0.3848346
1.2935696,-0.6144938,0.9204355,-1.1054374,1.0313166,0.466289,0.20668724,-0.40378144
0.9578144,0.31250113,0.534604,-0.16128685,-0.003516906,-0.20361815,-1.4223096,1.1462095
1.1006912,-0.31219497,0.45710742,0.8649546,-0.8899557,-0.3959802,1.611832,-0.7443298
-0.07735992,-0.610748,1.0184684,-0.70663834,-0.018594032,-0.7353169,-0.24924374,1.3356591
1.4342277,0.09319107,0.20020661,0.8736637,0.4042692,-0.36000913,-0.0043677203,-0.1802991
-0.13873631,-0.9001707,-0.7129146,1.9105203,0.24103649,2.244955,1.2972975,0.45856494
0.30920953,-0.3471943,-0.6675546,-0.22215344,0.24122237,0.5604033,0.15206617,0.12803252
1.1832124,-0.7854808,0.08050036,0.65914786,-1.1185027,0.9604629,1.6942185,2.159884
0.30994225,-0.29251435,-0.77091634,1.5286603,-0.8857217,-1.3948153,1.2688183,0.68244636
-0.6253735,-0.15637687,-1.428663,0.40846032,-0.9342633,0.46237844,1.1755078,0.6185966
-1.0390624,0.11053088,1.1606323,-0.19032197,1.2876599,-0.48819473,0.15373689,1.7484528
-0.343892,-0.34336188,0.49801323,0.11560498,0.42823413,-0.5414266,-0.77957267,-0.34076586
0.3275474,0.68652445,-1.0075818,0.413543,-0.03735341,0.6365158,-0.1679484,-0.5058939
0.6572547,1.4398625,0.858582,0.57742476,-0.18373278,-0.3716103,0.37333575,-0.3428719
0.35626426,0.0387035,-0.010950356,-1.2065833,1.0797236,0.6474463,0.32393825,-0.12991697
-0.62848413,-1.3577679,1.0280055,-1.0363567,1.0711645,0.6600862,0.8592874,0.43573254
0.5866593,-0.8983156,-1.0586259,1.2707133,-0.9038453,0.88441676,0.9126677,0.33894557
-0.39195013,0.82673687,-0.49532047,0.9754661,0.61372054,-0.66630775,-0.6304544,0.4588512
-1.0768692,-0.26235944,0.49871174,-1.177404,0.39240414,1.2777653,0.7912539,-0.08330759
0.7483746,-0.573345,-0.2553089,0.14429595,-0.5107,0.8545697,-0.15727913,-0.0037888065
-0.44388974,1.423972,-0.4269386,-0.01755089,0.49499983,0.419701,0.396297,0.79569274
-0.69358826,-0.2645598,-0.20652342,0.32295203,-0.63708895,0.111876205,0.525189,-0.008657835
0.8863822,-0.054241944,-0.14308742,0.6404031,-0.9552837,0.70387566,-0.10393785,-0.5836634
-0.7245429,0.13425349,0.6009283,1.1542572,-0.26939294,-0.24461329,-1.3957715,0.3183259
-0.084664635,-0.6074976,-0.88354594,1.259866,-0.12447096,-0.52763814,-1.610534,1.191273
1.7798663,-1.1352731,0.30258903,0.038148817,-0.8415409,0.1032064,-0.18235117,0.42781925
0.7089914,0.24751623,1.0549128,-1.0597982,0.96920484,-0.7914535,0.49143505,-0.1867451
0.8202917,0.43366522,1.9844956,0.056180324,0.030834999,0.63729566,1.6174904,0.2950237
0.1990394,0.27937368,0.8589561,-0.41739747,-1.2922693,-0.08882555,-0.60116863,0.74234205
-0.022335418,-0.026070006,0.40497085,-0.123284355,0.22447726,0.3866273,-0.49395788,-0.896247
0.47802788,-0.123536855,0.072175145,0.16804647,-0.66271013,0.09140969,-1.3372269,1.7400256
0.15343255,-0.10136564,-0.79130286,0.9564213,1.0284516,-0.7205881,0.61949867,-0.24901891
-0.5075544,-0.74106437,-0.5330502,1.2992538,0.03641805,0.062536426,-0.9550695,0.57654387
0.34814104,-0.0044802297,-0.49199653,0.8726802,-0.9847036,0.6658955,0.25011495,-1.089006
-0.462076,-0.55428654,0.19659439,-0.8261943,-0.036577675,-0.46778485,-0.085187815,0.76196915
-0.41755486,0.11909032,0.32779184,-0.9096119,0.9872042,-0.106792584,-0.6507397,0.29384446
2.1149404,0.09993225,3.0,0.22307548,1.3676041,0.09052645,-0.39860582,-0.639968
0.6207421,0.19491652,0.11413803,0.30559146,0.15687191,-0.10722041,-0.3076884,-0.3632248
-0.7888361,0.14517088,0.24463719,1.7173692,0.51762885,-0.2489891,-1.0186095,0.6230658
0.51558006,-0.018151335,1.5037268,1.4302038,-0.86718905,0.6011943,-0.38880286,-0.49142477
-0.020511016,-0.36134493,0.24847478,1.157447,0.66088,-0.06262701,-0.2869696,-1.1904461
-0.9429656,0.4286636,0.49891952,-0.00969917,1.4142605,1.4353726,-0.7212981,-0.6106698
-1.0116087,0.075737,0.45528787,0.14000234,-0.0030821003,0.58259827,0.0235231,0.16529518
-0.77685803,0.26349083,0.024819043,1.8486989,-0.5835361,0.15679699,1.0207146,-0.053696305
0.14334297,0.80498934,-0.63892484,0.6064802,0.17317113,0.16481343,0.27480134,-0.54269147
-1.092893,0.98061895,1.7984632,0.08556874,0.4138434,0.65100694,-0.35403228,1.141024
1.1476389,0.8316545,0.7725296,-0.24605976,-0.89652884,0.3147007,-2.3164415,1.2770799
-0.05900448,0.42406708,-0.08829315,0.1405871,-0.5723755,0.8731503,0.5077109,1.8656915
0.7435689,-0.67751455,0.06782601,-0.5659281,0.23757374,-0.19029565,-0.15055451,0.5354553
0.112591416,-0.17661195,-1.1160338,0.7119761,-0.23896794,-0.5589472,0.21983832,-0.024378262
0.29562852,-0.5066388,1.0838176,0.05891568,0.9576774,1.0891465,0.44091696,0.04611535
1.1634984,0.78631335,0.95539594,1.352722,0.2053195,-0.3446812,-0.33979487,0.33772457
0.05426732,-0.1528114,-0.8403763,0.7124712,0.96903783,-0.016767887,-0.41323707,0.4670279
-1.1530201,1.5306827,0.2286981,0.5831828,1.6361878,-0.8620777,-0.58499384,0.53096765
0.23214513,0.46047324,-0.27320087,-0.30689642,0.03834677,0.43002516,-0.5306213,1.5456358
1.051899,-0.5022591,1.2315626,0.2261557,1.6473166,0.27762645,0.67674357,-0.42834142
0.2657486,0.5991487,0.48808762,1.5273528,-0.45099056,-0.89764893,0.17904185,0.56109375
0.5649028,-0.5462303,-0.3131468,0.05276037,-0.9047685,-1.0730213,0.233467,1.1894778
1.3688831,0.09897584,-1.6241277,-0.045935567,0.9232877,1.7482111,0.4573245,0.9665543
-0.41933346,2.6787882,0.78186446,-0.5924972,0.6518916,-0.2614262,-0.2877033,0.36042473
-0.69912183,-0.027502857,0.1360684,0.64534795,-0.35811615,-0.45413414,-0.65119946,0.07932185
0.5380281,0.78379035,-1.1922839,0.5699758,-0.15144622,0.2998502,-0.63126636,-0.4847807
0.54497343,0.13582155,-0.30408934,1.8151264,-0.05980865,0.43903756,-1.0426149,0.7352078
1.4323009,0.9468708,0.13344738,-0.39063084,0.405101,-0.974405,0.33292875,-0.8280918
0.67078006,0.55968505,-0.5120463,0.066371456,-1.3146871,0.09543853,0.10516146,2.1307497
-0.2640863,0.18151869,0.30779517,1.008443,0.18576804,-0.29512212,0.12791948,-0.45826575
0.05284098,-0.46000433,-0.0480274,1.5871989,-0.53978974,0.47260353,-0.7131285,-0.35792163
-0.2128244,0.36490768,0.3702087,0.32129446,-0.27629983,1.4441156,-0.3073618,-0.13449895
-0.1804497,-0.7645815,0.16567162,0.47046822,0.73785686,1.5776371,-1.6912986,0.4613216
0.038080484,1.4600648,1.8794117,0.59340864,-1.4953512,0.4392223,0.26103547,-0.5089666
-0.7199824,0.31481928,0.36764875,0.7321517,0.57411087,-0.1363341,-0.7199079,0.998095
0.6884406,2.53678,0.56090075,1.0476344,0.36803982,-1.7939638,2.1868389,0.81870633
0.7645486,0.27511194,-0.03733802,0.70645964,-0.22648959,-0.39893842,-0.7403623,0.88385755
-0.76308244,-0.36812806,-0.7685091,-0.8459885,0.84302825,-0.1367641,0.14890686,0.4450401
0.7538257,-0.33696038,0.3872083,1.6620295,0.87844527,0.56498706,2.0107195,-0.09313064
1.7271866,-0.7252079,-0.44056594,-0.025598,0.896928,0.37865192,0.10113531,-0.40210593
-0.5869718,0.99490947,-0.733563,-1.1679199,0.9859397,0.1292818,-1.2391266,0.5537631
-1.0115436,0.09336932,1.15078,-0.07853064,0.2972132,0.9383826,0.4807071,-0.010721676
0.5532586,0.23078415,-0.4514203,-0.23747475,-1.4146929,0.88114005,1.1750143,1.2370975
-0.29179713,0.101375446,0.90827197,-0.88796866,-0.4051956,1.3012426,-0.53337777,-0.14321643
0.05945612,1.0534352,-0.082518995,0.9069088,-0.5148145,0.24927446,0.29439563,-0.2595389
-0.5005186,0.4567385,1.2854842,1.1620196,0.8872251,0.4511222,0.7263876,0.31230164
-0.17228645,0.8740363,0.25725585,0.21030231,-0.99858826,0.49831626,0.15682207,2.7391284
0.6975523,-0.2532495,0.77586573,-0.23258342,-0.5840464,-0.77878225,0.2675615,-0.3486116
0.22417122,0.17659341,1.0616609,-0.37111855,0.31746292,-0.25581118,-0.1405385,-0.56520516
0.03355,0.039425865,1.1304764,-0.61446714,-0.7813597,-0.44215295,-0.9266515,0.2087448
0.7841766,-0.04383007,-0.28517914,0.8309478,0.6121255,-0.55640566,-0.5740529,0.8105798
-0.1922901,-0.1258572,-0.037445195,1.588255,0.42010865,0.86157674,0.56999516,-0.92936987
-0.26956028,1.1374784,-0.0049113017,0.13813534,0.38424876,-0.011096412,0.18304445,0.8180545
0.23414543,0.3521566,-1.919087,0.036226295,0.16344842,0.13307488,-0.13992086,0.4200842
-1.0487188,-0.21221796,-0.45201075,1.6370178,0.3651873,1.4288272,-1.0990974,-0.5802923
1.3254024,-0.73553133,0.4545689,0.19815221,-0.5316557,-0.77940977,0.48543185,-0.36577275
0.11565764,0.34055367,0.5490195,0.11146706,0.88550216,0.06290077,-1.5814055,0.53995997
-1.0506802,0.8544095,-0.7298693,-1.1198308,0.23449609,-0.12230189,0.9928876,0.02946195
-0.13762146,0.2862798,0.3081719,-0.50898886,-0.5691413,1.4469213,0.6590345,0.86541456
-0.810596,0.30175704,0.011220321,-0.03726546,0.79321176,0.07498556,-0.17699704,-0.21574914
1.1869115,1.3125468,-0.5124548,0.43967533,-0.4147752,0.94998956,-0.8302882,1.360855
-0.5498832,0.43796653,0.17828509,0.36973128,1.220414,-0.13603415,1.6299647,-0.3981623
-0.21896556,0.80540043,0.51189476,0.037003998,-0.81833386,-0.3182577,-0.34811318,-0.8334959
0.8690897,-0.84170264,-0.6585737,-0.23188789,1.1554221,0.46426457,0.4888224,0.4472998
0.7676856,-1.2435434,-0.09190272,-1.0160158,-0.4350375,0.66350156,1.0413815,0.67975223
0.84136623,-0.91930014,-0.6878538,-0.66599476,0.7364977,0.012821748,0.3851375,1.2046906
-1.2715894,0.14778006,-0.67377913,0.6546993,-0.3773391,1.4970521,0.94392705,0.72829014
1.1316401,-0.086156085,-0.25665963,-0.20475678,0.15045296,-0.8117053,0.2633759,0.17773618
-0.12905785,-1.1647336,1.7778383,0.7351228,-0.116315305,0.7273531,1.820239,0.53692085
-1.2881256,0.25245523,0.23342699,0.31336403,-0.268541,-0.18476243,-0.76209503,-0.07983925
1.3273124,-0.40419638,0.34912166,0.12580252,0.37114382,0.27020907,-0.7754468,0.95917183
1.1466721,-0.04344027,-0.52745783,0.5734373,-0.75658387,0.59555364,-0.28484988,-0.3804265
0.62820953,-0.51928425,0.83170223,-0.36447296,-0.47945258,-0.14929055,0.63807845,0.326652
-0.27639732,0.18259118,-0.44253635,-0.2038946,-0.11560365,0.1319408,-0.43576503,-0.81910366
1.5169201,-1.247112,0.3696272,-2.0421903,1.0357463,0.7556833,0.47765988,0.41696385
0.6043995,-0.8269152,-0.70560914,-0.3226532,1.4111327,0.017942138,0.21243869,0.64381516
0.96662194,-0.45927975,-0.57199883,1.4987212,0.5839767,0.30507302,-0.88727355,0.9433662
-0.3930546,-0.09507273,1.2556572,-0.7071767,2.086939,-0.051326036,0.35631424,0.30616352
1.550929,-0.82295424,0.1489462,-0.025188204,0.26892078,-0.8140512,-0.014236808,0.67835873
-0.2424511,0.2966641,-0.8489794,-0.30570158,0.1646508,-0.2736711,0.20807607,-0.3213002
0.7617586,-0.6029575,1.7738419,-0.85306907,-0.7903198,-0.30296668,0.41862833,-0.25771418
-0.30858657,-0.12024823,0.60368913,0.21023837,0.12234195,-0.7178929,1.3413306,-0.57700765
-0.6465568,0.3172293,-0.40376955,-0.6828993,-0.33222055,0.31726724,-0.18872824,-0.22938621
-0.7575049,0.51108915,2.4603558,0.9048057,0.9065036,1.3402976,-0.28159288,-0.16969827
0.66035366,-0.2987017,0.4650978,-0.46431598,-0.35632548,0.8201696,-0.9245031,-0.18134716
-0.20101511,0.39653063,-0.53461176,1.37665,0.3532692,-0.09020498,-0.38992098,-0.157352
-0.073709585,-0.40710378,1.6448903,0.23699346,0.08996539,1.4176841,0.6594698,-0.43480644
-0.17473292,-0.5399909,-1.4641474,0.3484145,0.51013345,0.8663901,0.8364412,0.74202365
-0.11574068,0.42000142,1.0298214,-0.4337133,0.43286678,-0.27638265,0.3148478,-0.21854162
0.03502515,0.7049657,-0.21837053,0.25433534,0.49681866,-0.4943454,0.19056854,-0.4728538
1.4870158,0.18088658,1.402931,-0.6002088,0.3109943,0.97229457,-0.40143964,0.32377037
1.0219116,0.41646302,-0.6349113,0.92234373,1.2137674,-0.8663079,0.107660785,0.6674517
-0.3998817,0.020610508,0.47021663,0.1279651,-0.022533659,-0.19651774,0.67941684,0.6935019
0.31786153,-0.35887617,0.23635617,-0.35727143,-1.3613487,0.33169016,0.7702822,0.69097024
1.2792953,0.6922239,-1.1597915,1.0370305,0.20454119,-1.0923105,1.1980816,-0.5780452
-0.95825136,-0.38395643,0.87044644,-0.7427529,0.053946145,1.6037526,-0.20205916,0.3608925
-0.19162598,-0.59245366,-0.56492436,0.064212,0.6959467,-0.13550986,-0.311246,0.47577304
1.7004128,-0.00719871,-0.79592717,-0.3715557,-0.96178883,0.030178396,0.31356728,0.7209435
-0.53810346,0.6441401,0.31824186,1.9747816,-0.34245786,0.37277365,0.054318164,0.24532962
0.5139474,1.0963112,0.35984004,-0.9988899,0.23525827,0.1894451,-0.1275939,-0.55514014
-0.46844196,-0.5466394,0.67256284,0.1992179,-0.9469216,0.18936077,-0.12855172,0.21354872
-0.7410643,-0.5922125,1.2220889,0.15694734,-0.68264025,-0.38629955,-0.29618895,-0.015318416
-0.71617645,-0.5517887,0.09055646,0.659897,-0.019297704,0.78186566,-0.8204942,-0.57125926
-1.288454,1.5938743,0.5129804,1.0171422,0.50364804,0.55119663,0.4677893,0.66322476
0.18974185,-0.12136623,0.07064288,0.50487727,-0.20682055,0.47793126,-0.100044295,-0.32831126
-0.550745,0.6705683,-0.56523985,-0.29289007,1.8453461,0.29721007,0.5527645,1.6467795
0.14556125,0.87545186,0.25077853,-0.27211744,-0.9772582,0.9005843,-0.88755274,0.27358466
0.49107414,-1.0288637,-0.2986071,0.7193153,-0.29596204,-0.060911752,0.80069524,-0.6796386
-0.27118677,-0.95748407,0.19149074,1.2825068,-0.1931189,-1.0509839,0.031176485,-0.28299907
-0.49083102,1.1948192,0.50440663,-0.23258097,-0.6539035,0.19632395,1.709432,0.33536127
0.06980812,0.14910698,0.4510665,0.38886523,-0.49259228,-0.4378573,-0.113934726,1.14721
0.2679656,-0.052747462,-0.7808129,0.6245603,-0.27075675,-0.6842641,0.6369748,0.12673019
0.23483509,0.9974707,0.43452308,0.5673821,-0.5118294,0.16419306,-0.9557873,1.313632
0.8010749,0.12100209,-0.38195667,0.34905306,-0.3506631,-0.7852143,-0.406514,-0.040185064
-1.2105749,-0.77638245,-0.3237607,0.2671808,0.47404018,-0.3780063,0.18935412,1.052488
0.8273432,0.76625043,-0.5624765,-0.020848658,-0.42277122,0.55844164,0.47400653,-0.26793027
-0.6257397,-0.41479394,1.2923882,0.05123358,1.1728203,-0.2857908,1.9667445,-0.68954843
-1.0530056,0.6122181,0.15663484,0.65867656,1.4387298,0.16169861,-0.728896,-0.66143775
-0.012603559,-1.084792,0.5642692,-0.058690768,0.556613,-0.49876907,-0.48196706,0.2947876
-0.4649316,-0.11999525,-0.12538198,-0.88311243,0.20570128,0.32815322,-0.23787327,0.59795934
0.28731397,-0.7392464,-0.18737447,-0.08701466,-0.069318764,0.2639546,0.077674925,-0.118992366
0.58162844,1.2291162,0.13107195,0.88644475,1.2992507,1.2437057,0.0065492466,-0.20841077
-0.97154343,0.7312822,0.033917706,0.878026,1.0566542,2.09995,0.47263902,0.9324616
0.7407876,0.6926296,1.5462078,0.036396567,1.1313472,1.3619093,1.0646152,0.875009
0.3529747,0.7636279,-0.6959109,0.73511946,1.0144938,1.3658901,-0.7710816,-0.12714529
-0.116195954,-0.35925266,-0.22078484,-0.12576267,0.72134626,-0.7088918,0.14098157,-0.65487576
-0.3627942,-0.12136151,0.5202884,0.8792026,1.3123242,-0.08059266,0.1554735,-0.12284345
-0.1789909,-0.5041703,-0.24155119,0.4571803,0.2517895,0.056019187,1.4410555,1.0357158
1.3231139,-1.0687796,0.15492177,-0.5999847,0.024634715,0.29766405,-0.3852191,0.25898698
-0.48298782,-1.2277191,1.5227605,0.91080886,-0.21095262,-0.2097499,0.5542002,-0.10113745
0.15717357,1.2789724,0.6457389,0.13465586,0.42279536,0.4071117,-0.27764356,-0.4241655
1.7915779,0.2573683,0.3914375,-0.04923595,-0.9295042,0.3089386,1.0236264,-0.6472269
-0.9496964,1.3092936,-0.26314342,-1.5391794,-0.26408017,0.34991083,2.3709517,0.8693496
0.7657878,0.5770308,1.166919,1.3783456,0.030340243,0.9312611,1.0437871,0.12223554
0.1442354,0.5295059,0.4820111,1.4028984,1.9550222,-0.5162436,1.2362113,-0.745549
1.4696683,1.316049,0.3581231,0.9497331,0.05207424,-0.48389962,-0.83845806,-0.5447148
-0.9914472,0.8636062,0.62794435,0.42294663,-0.18290739,0.8105543,-0.5473083,-0.3808188
0.08183797,-0.9703593,0.43679193,0.85563016,1.9838158,0.35728684,-0.124785036,-0.28296465
-0.8502722,2.536435,-0.296082,-0.509967,0.2695131,0.5382051,-0.093240604,-0.29599902
-1.2625974,1.175859,0.38975298,0.106434435,-0.6404614,0.21497142,1.2571553,-0.08926465
1.282226,-0.062100474,-0.5747525,0.6408333,-0.3272405,0.83450186,-0.72635114,0.9694478
-0.7242388,0.012924867,-0.07708478,0.980941,0.3012237,-0.33514452,0.7285118,-0.21314785
0.8833239,0.639886,-0.5157719,1.4107796,-0.7806044,0.023031855,0.33931428,-0.41515833
-0.8807526,1.3184401,0.7252776,0.68297637,0.38811016,0.29163074,0.3980722,0.017772
0.053173225,-0.7086719,0.7433282,0.39268753,-0.25346717,1.4448812,0.11404863,0.9440259
0.29065636,0.9009196,-0.064148776,0.07111859,0.10810162,-0.96109056,-0.21264759,-0.21539605
-1.6808258,0.997571,0.515721,1.2063965,0.693665,0.09945292,-0.39966208,-0.17617679
0.07955387,0.2709215,0.711446,0.7838547,-0.83394784,0.9209536,0.2823691,0.18964796
0.37318736,0.30585572,1.5966592,0.54102004,-0.6017496,-0.7055687,-1.490969,0.7366048
0.15350601,0.15045454,-0.17926866,-0.57405096,0.82019615,0.26371148,0.027392682,0.082981326
0.23570228,0.7513804,0.45498484,-0.2658776,-0.11231452,0.281618,-0.7479279,0.22644639
1.669023,-0.12075952,0.80411536,-0.21868823,1.2978686,0.08469948,-0.8091672,1.2987297
-0.71688837,-0.51704425,-0.5561934,0.06489887,1.1936269,0.45021334,-0.46595272,0.07484493
-0.42314756,1.255533,-0.11011036,-1.2546632,1.0156517,-0.5280084,-0.0853086,-0.16544747
1.2405329,1.2290773,0.21273023,-0.2753891,-0.45636037,0.5993434,0.7656698,0.0666401
0.83132,-0.73029494,0.24714345,-0.64335436,0.4020362,0.2439241,-0.24538194,0.088189214
-1.2688159,0.50316423,1.2940462,0.39832106,-0.19945192,-0.70850044,0.00072678365,0.78309083
-0.9936254,-0.73571676,1.1684445,0.24504045,1.2432613,-0.8405542,0.26992875,1.9104078
-0.3629373,0.45150235,0.13458338,0.060550626,-0.689719,0.5798627,0.19119352,-0.7706483
-0.0042922944,-1.2849306,-0.83319235,0.8198151,0.42670068,-0.4102157,0.36481673,0.26762968
-1.4408429,-0.23956762,0.27868164,1.2843235,0.84440476,1.5892292,1.0654477,-0.43118402
-0.29449847,-0.6708857,0.89713985,0.20214035,0.36904582,-0.18508844,-1.1431657,-0.4618092
0.72783214,-0.47077638,0.25706875,-0.49733058,1.5705993,0.6873949,0.9435452,0.09335915
-0.91499937,1.7769773,0.015526276,-0.16305774,-0.5084539,0.035797372,-0.25846592,0.26370037
0.33722085,-0.5400654,2.1175945,-0.215129,0.26321197,-0.88077265,0.09970391,0.4136764
-0.412479,0.2507351,0.09482927,0.10238659,0.18596977,-0.032086216,-0.7979359,0.06197526
0.3759233,0.21483833,-0.11076982,0.7446705,-1.4163479,0.47772315,0.6983912,0.8036713
-0.6208405,0.033108696,1.6162819,1.454045,0.73978525,-0.68502724,-0.38335586,-0.8981647
1.1499392,0.50197685,0.15148851,0.9526436,1.0512502,-0.43626952,0.77967465,0.42362142
0.21927333,0.81091845,-0.52451736,1.37322,-0.36433795,-0.010440452,-0.257358,0.6744119
0.11641773,0.10029292,-0.3706405,0.8053276,-0.40814817,-0.13360843,-0.39111313,-0.22109213
0.18324092,0.74869967,0.7267342,0.056695316,0.2468792,1.3331183,-0.17480963,0.078252934
0.17525783,-0.988506,0.20618281,-0.5045935,-0.2416174,-0.5317982,0.54135567,0.8741628
0.40083298,0.8804616,-0.116227835,0.9532324,-0.98078763,-0.5612019,-1.073481,-0.946045
-0.14417201,0.4581222,-0.5148574,-0.12503268,-0.24730459,-0.070443034,-0.058972135,0.18667425
0.0889372,0.63682216,-0.6510661,1.1873422,0.06147393,0.88691175,0.17155637,0.0401126
0.3745306,0.18446171,0.3901098,-1.2054536,-0.810742,1.2579606,-0.07713637,0.15736997
1.0212274,0.43565336,0.4160276,-0.6697811,0.4502228,-0.13826515,1.3660113,-1.0188814
-0.0134423,-1.2854549,-0.13959412,-0.677932,0.3563813,0.6577919,-0.36747438,1.0288409
0.56271887,-0.31729156,-0.5760635,0.9562521,-0.542837,0.4859371,0.27021027,0.6390319
-0.29843238,-0.52006745,1.2256002,-0.31527382,-0.071948715,0.47393116,1.2322272,0.10675033
0.27688494,-0.6489077,-0.45952204,0.18510531,1.5148252,-0.3466131,0.7731253,1.7742505
-0.3196018,-0.49381,-0.59536445,0.070806265,-0.12146205,-0.36379105,1.282105,-0.24300918
-0.55943877,-0.27178642,1.3582231,0.16996954,0.5513416,-0.20386958,0.36654115,-0.3156594
0.66369176,-0.08284873,1.0705681,-0.009027097,0.8032536,-0.12259166,-0.70181245,0.012467697
0.5301431,0.7957515,-0.3519748,0.47651944,-0.5004894,-0.43367746,0.43259147,-0.6300342
0.38086835,1.01733,-0.63294154,-0.09748815,-0.7982798,-0.19606388,-0.00956068,0.5946259
-0.8474161,0.15317833,-0.37744257,-0.44927832,1.3886032,0.09562542,0.4952696,-0.7577118
0.6929192,-0.7670691,-1.332828,0.87537175,0.20884214,0.3831247,0.6092225,0.6676595
-0.48650748,-0.6858852,-0.5887309,0.9796254,1.658725,1.5847925,1.9034611,-0.0970147
-1.0371149,-0.51167715,0.42635158,1.6401938,0.15013753,0.26963866,-0.91237384,0.16501363
0.5323961,0.22081177,-1.0745392,0.6224649,0.23272984,-1.4832425,2.7531464,0.42337897
0.13520543,-0.810146,0.5118958,0.0703779,0.58678436,0.9725403,-0.27797142,-0.25224498
0.23728436,0.67243683,0.3459138,-0.1861685,0.56293184,1.0077219,-1.1786655,-0.046094514
-0.8529533,0.089591876,0.2474826,0.45538515,-0.41639072,-0.3650552,1.5320295,-0.19647136
-0.25211576,0.5531442,0.9125958,-0.69392824,-0.2516185,0.4007635,-0.0890266,-0.16726509
-0.7638558,1.1523172,0.81832176,0.09639932,0.6378037,-0.19007511,0.2921341,0.23470104
0.67860824,0.634193,-1.3789965,0.7474159,-0.29329783,0.22188509,-0.66744155,1.1390859
0.055956364,0.5484997,0.72643954,-0.6909193,0.091524586,0.17577927,-0.39963788,1.1147908
